Num_Acc,senc,catv,occutc,obs,obsm,choc,manv,num_veh
201800000001,0.0,7,0,0.0,2.0,3.0,1.0,B01
201800000001,0.0,7,0,0.0,2.0,2.0,15.0,A01
201800000002,0.0,7,0,0.0,1.0,0.0,1.0,A01
201800000003,0.0,33,0,1.0,2.0,1.0,1.0,A01
201800000003,0.0,7,0,0.0,2.0,8.0,15.0,B01
201800000003,0.0,7,0,0.0,0.0,7.0,24.0,C01
201800000004,0.0,1,0,0.0,2.0,8.0,0.0,B01
201800000004,0.0,7,0,0.0,9.0,2.0,21.0,A01
201800000005,0.0,2,0,0.0,2.0,2.0,17.0,A01
201800000005,0.0,7,0,0.0,2.0,3.0,20.0,B01
201800000006,0.0,7,0,6.0,1.0,2.0,1.0,A01
201800000007,0.0,7,0,8.0,0.0,8.0,0.0,A01
201800000008,0.0,7,0,0.0,1.0,2.0,1.0,A01
201800000009,1.0,33,0,16.0,0.0,3.0,1.0,A01
201800000010,0.0,33,0,0.0,2.0,1.0,17.0,A01
201800000010,0.0,7,0,6.0,0.0,8.0,15.0,B01
201800000011,0.0,7,0,0.0,9.0,3.0,15.0,A01
201800000011,0.0,30,0,0.0,2.0,1.0,0.0,B01
201800000012,1.0,7,0,8.0,0.0,0.0,0.0,A01
201800000013,0.0,33,0,0.0,2.0,8.0,5.0,A01
201800000013,0.0,7,0,0.0,2.0,3.0,1.0,B01
201800000014,0.0,7,0,0.0,1.0,2.0,1.0,A01
201800000015,0.0,7,0,13.0,0.0,3.0,1.0,A01
201800000016,0.0,7,0,0.0,1.0,7.0,1.0,A01
201800000017,1.0,7,0,9.0,0.0,3.0,0.0,A01
201800000018,2.0,2,0,0.0,2.0,1.0,1.0,A01
201800000018,2.0,7,0,0.0,2.0,4.0,23.0,B01
201800000019,0.0,33,0,0.0,2.0,2.0,17.0,B01
201800000019,0.0,7,0,0.0,0.0,6.0,15.0,A01
201800000020,2.0,7,0,12.0,2.0,3.0,2.0,A01
201800000020,2.0,1,0,12.0,0.0,7.0,1.0,B01
201800000021,0.0,7,0,0.0,2.0,1.0,15.0,A01
201800000021,0.0,32,0,0.0,2.0,7.0,21.0,B01
201800000022,0.0,7,0,0.0,1.0,3.0,1.0,A01
201800000023,0.0,7,0,0.0,2.0,1.0,17.0,B01
201800000023,0.0,7,0,0.0,2.0,6.0,15.0,A01
201800000024,2.0,7,0,0.0,1.0,3.0,1.0,A01
201800000025,0.0,7,0,1.0,0.0,3.0,1.0,A01
201800000026,0.0,7,0,0.0,2.0,9.0,1.0,A01
201800000026,0.0,7,0,0.0,2.0,2.0,1.0,B01
201800000027,2.0,7,0,0.0,2.0,1.0,1.0,A01
201800000027,2.0,7,0,0.0,2.0,4.0,1.0,B01
201800000027,1.0,13,0,0.0,2.0,3.0,1.0,C01
201800000028,0.0,33,0,9.0,0.0,1.0,1.0,A01
201800000029,0.0,7,0,13.0,0.0,3.0,13.0,A01
201800000030,2.0,7,0,0.0,1.0,2.0,2.0,A01
201800000031,2.0,7,0,3.0,0.0,9.0,1.0,A01
201800000032,2.0,7,0,0.0,1.0,1.0,1.0,A01
201800000033,1.0,10,0,0.0,2.0,5.0,15.0,B01
201800000033,1.0,10,0,0.0,2.0,6.0,1.0,C01
201800000033,2.0,33,0,0.0,2.0,1.0,17.0,A01
201800000034,0.0,7,0,0.0,2.0,1.0,1.0,B01
201800000034,0.0,7,0,0.0,2.0,1.0,0.0,A01
201800000035,2.0,10,0,13.0,0.0,1.0,1.0,A01
201800000036,0.0,7,0,0.0,0.0,8.0,0.0,A01
201800000036,0.0,33,0,0.0,2.0,2.0,1.0,B01
201800000037,2.0,7,0,0.0,2.0,1.0,17.0,A01
201800000037,1.0,7,0,0.0,2.0,1.0,1.0,B01
201800000038,1.0,7,0,0.0,2.0,8.0,15.0,B01
201800000038,2.0,15,0,0.0,2.0,3.0,1.0,A01
201800000039,0.0,21,0,0.0,0.0,8.0,1.0,B01
201800000039,0.0,33,0,0.0,2.0,1.0,17.0,A01
201800000040,1.0,7,0,0.0,0.0,4.0,23.0,B01
201800000040,1.0,2,0,14.0,0.0,1.0,1.0,A01
201800000040,2.0,7,0,0.0,9.0,8.0,1.0,C01
201800000041,0.0,7,0,0.0,2.0,3.0,1.0,B01
201800000041,0.0,7,0,0.0,2.0,3.0,13.0,A01
201800000042,0.0,34,0,13.0,0.0,1.0,2.0,A01
201800000043,2.0,15,0,10.0,2.0,3.0,1.0,B01
201800000043,0.0,15,0,10.0,2.0,2.0,13.0,A01
201800000044,1.0,7,0,0.0,9.0,2.0,17.0,B01
201800000044,1.0,1,0,0.0,0.0,8.0,2.0,A01
201800000045,2.0,7,0,10.0,0.0,1.0,0.0,A01
201800000046,1.0,7,0,13.0,0.0,3.0,0.0,A01
201800000047,0.0,7,0,0.0,1.0,3.0,1.0,A01
201800000048,0.0,7,0,0.0,2.0,2.0,5.0,A01
201800000048,0.0,7,0,0.0,2.0,7.0,5.0,B01
201800000049,0.0,7,0,0.0,1.0,2.0,1.0,A01
201800000050,0.0,13,0,0.0,2.0,1.0,1.0,B01
201800000050,0.0,7,0,0.0,2.0,1.0,5.0,A01
201800000051,0.0,7,0,0.0,9.0,1.0,0.0,A01
201800000051,1.0,1,0,0.0,0.0,4.0,2.0,B01
201800000052,0.0,2,0,0.0,2.0,1.0,17.0,A01
201800000052,0.0,7,0,0.0,0.0,3.0,15.0,B01
201800000053,0.0,7,0,0.0,2.0,8.0,9.0,A01
201800000053,0.0,33,0,0.0,2.0,2.0,1.0,B01
201800000054,0.0,33,0,0.0,0.0,8.0,15.0,B01
201800000054,0.0,7,0,0.0,0.0,1.0,19.0,A01
201800000055,0.0,2,0,14.0,2.0,1.0,17.0,A01
201800000055,0.0,7,0,0.0,0.0,6.0,23.0,B01
201800000056,2.0,7,0,0.0,9.0,2.0,2.0,A01
201800000056,2.0,1,0,0.0,2.0,6.0,2.0,B01
201800000057,2.0,7,0,13.0,0.0,2.0,19.0,A01
201800000058,2.0,7,0,0.0,2.0,8.0,17.0,A01
201800000058,2.0,7,0,0.0,2.0,1.0,17.0,B01
201800000059,2.0,7,0,0.0,2.0,8.0,19.0,A01
201800000059,1.0,7,0,0.0,2.0,1.0,1.0,B01
201800000060,1.0,7,0,0.0,1.0,3.0,1.0,A01
201800000061,2.0,7,0,1.0,2.0,1.0,17.0,A01
201800000061,0.0,7,0,0.0,2.0,5.0,17.0,B01
201800000061,1.0,7,0,0.0,2.0,1.0,1.0,D01
201800000062,0.0,7,0,6.0,0.0,1.0,13.0,A01
201800000063,1.0,7,0,13.0,0.0,9.0,1.0,A01
201800000064,0.0,7,0,0.0,2.0,1.0,1.0,A01
201800000064,0.0,7,0,0.0,2.0,1.0,1.0,B01
201800000065,0.0,33,0,0.0,0.0,0.0,2.0,B01
201800000065,0.0,31,0,0.0,0.0,0.0,2.0,A01
201800000066,0.0,33,0,0.0,0.0,8.0,1.0,A01
201800000067,0.0,7,0,0.0,0.0,9.0,0.0,A01
201800000068,1.0,7,0,2.0,0.0,1.0,1.0,A01
201800000069,1.0,7,0,2.0,0.0,1.0,13.0,A01
201800000070,0.0,7,0,0.0,0.0,3.0,1.0,B01
201800000070,0.0,7,0,0.0,2.0,1.0,1.0,A01
201800000071,0.0,7,0,9.0,2.0,6.0,1.0,A01
201800000072,0.0,7,0,0.0,0.0,1.0,13.0,A01
201800000073,2.0,15,0,6.0,0.0,1.0,13.0,A01
201800000074,0.0,33,0,13.0,0.0,1.0,1.0,A01
201800000075,2.0,7,0,9.0,2.0,2.0,15.0,A01
201800000075,1.0,7,0,0.0,2.0,1.0,1.0,B01
201800000076,0.0,7,0,13.0,0.0,0.0,1.0,A01
201800000077,0.0,7,0,0.0,2.0,3.0,1.0,A01
201800000077,0.0,2,0,0.0,0.0,3.0,1.0,B01
201800000078,0.0,34,0,2.0,2.0,9.0,2.0,B01
201800000078,0.0,7,0,0.0,2.0,7.0,2.0,A01
201800000079,0.0,10,0,0.0,0.0,6.0,15.0,A01
201800000079,0.0,31,0,0.0,2.0,1.0,2.0,B01
201800000080,0.0,7,0,0.0,2.0,7.0,2.0,A01
201800000080,0.0,1,0,0.0,2.0,8.0,2.0,B01
201800000081,1.0,7,0,0.0,2.0,1.0,17.0,A01
201800000081,2.0,7,0,0.0,2.0,1.0,1.0,B01
201800000082,1.0,7,0,0.0,2.0,1.0,19.0,B01
201800000082,1.0,7,0,0.0,2.0,8.0,1.0,A01
201800000083,0.0,7,0,0.0,2.0,1.0,1.0,A01
201800000083,0.0,7,0,0.0,2.0,2.0,15.0,B01
201800000084,0.0,7,0,0.0,2.0,1.0,1.0,A01
201800000084,0.0,3,0,0.0,2.0,1.0,13.0,B01
201800000085,2.0,7,0,8.0,0.0,3.0,13.0,A01
201800000086,0.0,7,0,0.0,2.0,7.0,15.0,A01
201800000086,0.0,7,0,0.0,2.0,1.0,1.0,B01
201800000087,0.0,7,0,8.0,0.0,1.0,16.0,A01
201800000088,0.0,7,0,3.0,0.0,2.0,21.0,A01
201800000089,0.0,15,0,0.0,2.0,2.0,1.0,C01
201800000089,0.0,7,0,0.0,2.0,1.0,2.0,B01
201800000090,1.0,15,0,7.0,0.0,1.0,1.0,A01
201800000091,2.0,7,0,0.0,1.0,3.0,9.0,A01
201800000092,2.0,2,0,14.0,0.0,1.0,17.0,A01
201800000093,0.0,7,0,8.0,0.0,1.0,1.0,A01
201800000094,2.0,7,0,0.0,9.0,1.0,2.0,A01
201800000094,2.0,1,0,0.0,0.0,4.0,1.0,B01
201800000095,1.0,7,0,0.0,1.0,2.0,16.0,A01
201800000096,1.0,7,0,0.0,1.0,2.0,1.0,A01
201800000097,0.0,7,0,9.0,2.0,1.0,14.0,B01
201800000097,0.0,7,0,7.0,0.0,8.0,19.0,A01
201800000098,1.0,2,0,0.0,2.0,4.0,10.0,A01
201800000098,1.0,7,0,0.0,2.0,1.0,2.0,B01
201800000098,2.0,7,0,0.0,2.0,1.0,1.0,C01
201800000099,0.0,2,0,0.0,2.0,1.0,1.0,A01
201800000099,0.0,7,0,0.0,2.0,3.0,15.0,B01
201800000100,2.0,7,0,0.0,2.0,5.0,13.0,A01
201800000100,1.0,7,0,0.0,2.0,1.0,1.0,B01
201800000100,1.0,7,0,0.0,2.0,6.0,1.0,C01
201800000101,0.0,7,0,6.0,0.0,7.0,1.0,A01
201800000102,2.0,7,0,0.0,1.0,2.0,1.0,A01
201800000103,1.0,7,0,0.0,2.0,8.0,1.0,A01
201800000103,1.0,7,0,0.0,2.0,1.0,1.0,B01
201800000104,0.0,7,0,0.0,1.0,3.0,4.0,A01
201800000105,2.0,7,0,0.0,2.0,1.0,2.0,A01
201800000105,2.0,7,0,0.0,2.0,4.0,2.0,B01
201800000106,0.0,2,0,0.0,1.0,1.0,1.0,A01
201800000107,2.0,7,0,0.0,9.0,2.0,0.0,A01
201800000107,0.0,1,0,0.0,0.0,7.0,0.0,B01
201800000108,2.0,30,0,0.0,0.0,2.0,0.0,B01
201800000108,1.0,7,0,0.0,2.0,3.0,0.0,A01
201800000109,1.0,33,0,0.0,2.0,7.0,1.0,A01
201800000109,0.0,7,0,0.0,2.0,8.0,1.0,B01
201800000109,0.0,3,0,0.0,2.0,1.0,19.0,C01
201800000110,0.0,7,0,0.0,0.0,5.0,2.0,A01
201800000110,0.0,33,0,0.0,2.0,1.0,2.0,B01
201800000111,0.0,7,0,13.0,0.0,1.0,1.0,A01
201800000112,0.0,7,0,0.0,2.0,5.0,10.0,A01
201800000112,0.0,7,0,0.0,2.0,6.0,23.0,C01
201800000112,0.0,7,0,0.0,2.0,3.0,1.0,B01
201800000113,0.0,2,0,0.0,2.0,1.0,1.0,A01
201800000113,0.0,7,0,0.0,2.0,3.0,17.0,B01
201800000114,1.0,7,0,0.0,0.0,8.0,19.0,B01
201800000114,2.0,7,0,0.0,2.0,1.0,1.0,A01
201800000115,0.0,2,0,0.0,0.0,0.0,1.0,A01
201800000116,1.0,33,0,0.0,0.0,1.0,1.0,A01
201800000117,2.0,7,0,13.0,0.0,1.0,1.0,A01
201800000118,1.0,7,0,1.0,0.0,1.0,1.0,A01
201800000119,1.0,7,0,0.0,2.0,8.0,1.0,B01
201800000119,1.0,10,0,9.0,2.0,2.0,17.0,A01
201800000120,1.0,7,0,13.0,0.0,1.0,1.0,A01
201800000121,1.0,7,0,13.0,0.0,1.0,1.0,A01
201800000122,1.0,33,0,13.0,0.0,1.0,1.0,A01
201800000123,0.0,7,0,12.0,0.0,1.0,0.0,A01
201800000124,1.0,7,0,8.0,0.0,9.0,1.0,A01
201800000125,0.0,7,0,0.0,2.0,2.0,15.0,B01
201800000125,2.0,2,0,0.0,2.0,1.0,1.0,A01
201800000126,2.0,7,0,0.0,2.0,3.0,0.0,A01
201800000126,1.0,2,0,0.0,2.0,8.0,0.0,B01
201800000127,0.0,33,0,13.0,0.0,1.0,2.0,A01
201800000128,2.0,33,0,0.0,9.0,0.0,14.0,A01
201800000129,2.0,2,0,3.0,2.0,3.0,1.0,B01
201800000129,1.0,7,0,0.0,2.0,3.0,15.0,A01
201800000130,0.0,33,0,6.0,0.0,1.0,0.0,A01
201800000131,1.0,17,0,0.0,2.0,2.0,2.0,A01
201800000131,1.0,21,0,0.0,0.0,5.0,16.0,B01
201800000132,0.0,35,0,0.0,0.0,0.0,15.0,A01
201800000133,1.0,7,0,0.0,2.0,6.0,20.0,B01
201800000133,1.0,33,0,0.0,2.0,1.0,17.0,A01
201800000134,0.0,2,0,0.0,2.0,3.0,11.0,B01
201800000134,0.0,7,0,0.0,2.0,7.0,12.0,A01
201800000135,1.0,2,0,13.0,0.0,0.0,15.0,A01
201800000136,1.0,2,0,0.0,2.0,8.0,15.0,A01
201800000136,2.0,7,0,0.0,2.0,1.0,1.0,B01
201800000137,0.0,7,0,0.0,1.0,3.0,1.0,A01
201800000138,0.0,7,0,0.0,2.0,8.0,1.0,D01
201800000138,0.0,7,0,7.0,2.0,7.0,1.0,B01
201800000138,0.0,7,0,0.0,9.0,1.0,1.0,E01
201800000138,0.0,7,0,0.0,2.0,1.0,9.0,A01
201800000138,0.0,7,0,0.0,2.0,8.0,1.0,C01
201800000139,0.0,7,0,0.0,2.0,2.0,2.0,A01
201800000139,0.0,7,0,0.0,0.0,6.0,24.0,B01
201800000140,0.0,7,0,0.0,2.0,3.0,15.0,A01
201800000140,0.0,33,0,0.0,2.0,2.0,17.0,B01
201800000141,0.0,7,0,0.0,2.0,8.0,1.0,B01
201800000141,0.0,7,0,0.0,2.0,1.0,19.0,A01
201800000142,0.0,7,0,3.0,2.0,1.0,13.0,A01
201800000142,0.0,7,0,0.0,2.0,6.0,1.0,B01
201800000142,0.0,7,0,0.0,2.0,1.0,1.0,C01
201800000143,1.0,7,0,0.0,2.0,1.0,17.0,A01
201800000143,1.0,7,0,0.0,2.0,3.0,10.0,B01
201800000144,1.0,7,0,0.0,2.0,3.0,9.0,A01
201800000144,1.0,33,0,0.0,2.0,2.0,1.0,B01
201800000145,0.0,31,0,7.0,0.0,1.0,1.0,A01
201800000146,1.0,2,0,1.0,0.0,1.0,1.0,A01
201800000146,2.0,21,0,0.0,0.0,3.0,15.0,B01
201800000147,0.0,31,0,0.0,9.0,1.0,0.0,A01
201800000148,0.0,7,0,0.0,0.0,2.0,0.0,A01
201800000149,0.0,31,0,14.0,0.0,0.0,0.0,A01
201800000150,1.0,33,0,0.0,9.0,1.0,1.0,A01
201800000150,0.0,1,0,0.0,2.0,1.0,19.0,B01
201800000151,0.0,7,0,15.0,2.0,3.0,13.0,A01
201800000151,0.0,7,0,0.0,2.0,3.0,1.0,B01
201800000152,0.0,99,0,0.0,2.0,3.0,0.0,A01
201800000152,0.0,2,0,0.0,2.0,3.0,0.0,B01
201800000153,2.0,7,0,13.0,0.0,0.0,1.0,A01
201800000154,0.0,7,0,0.0,2.0,1.0,1.0,B01
201800000154,0.0,7,0,0.0,2.0,1.0,13.0,A01
201800000155,0.0,7,0,0.0,0.0,2.0,1.0,A01
201800000156,0.0,7,0,13.0,9.0,4.0,10.0,A01
201800000157,0.0,7,0,0.0,2.0,1.0,1.0,B01
201800000157,0.0,7,0,0.0,2.0,1.0,15.0,A01
201800000157,0.0,7,0,0.0,2.0,1.0,23.0,C01
201800000158,0.0,33,0,11.0,0.0,0.0,17.0,A01
201800000159,0.0,7,0,0.0,2.0,2.0,1.0,B01
201800000159,0.0,33,0,1.0,2.0,1.0,1.0,A01
201800000160,2.0,33,0,3.0,0.0,0.0,0.0,A01
201800000161,0.0,33,0,1.0,0.0,8.0,14.0,A01
201800000162,1.0,7,0,7.0,0.0,5.0,19.0,A01
201800000162,1.0,7,0,6.0,0.0,2.0,1.0,B01
201800000163,1.0,7,0,0.0,1.0,2.0,17.0,A01
201800000164,2.0,7,0,1.0,0.0,1.0,1.0,A01
201800000165,1.0,7,0,0.0,1.0,2.0,1.0,A01
201800000166,0.0,21,0,0.0,2.0,6.0,4.0,A01
201800000166,0.0,1,0,0.0,2.0,6.0,5.0,B01
201800000167,0.0,31,0,0.0,2.0,2.0,1.0,B01
201800000167,0.0,7,0,0.0,2.0,3.0,1.0,A01
201800000168,2.0,7,0,0.0,1.0,1.0,1.0,A01
201800000169,2.0,15,0,0.0,2.0,1.0,2.0,B01
201800000169,2.0,10,0,3.0,0.0,4.0,2.0,A01
201800000170,1.0,15,0,0.0,0.0,4.0,1.0,A01
201800000170,1.0,7,0,0.0,2.0,1.0,2.0,B01
201800000171,1.0,7,0,3.0,2.0,1.0,5.0,A01
201800000171,1.0,10,0,3.0,2.0,6.0,1.0,B01
201800000172,1.0,33,0,0.0,0.0,4.0,2.0,A01
201800000173,1.0,7,0,10.0,0.0,3.0,2.0,A01
201800000174,2.0,10,0,0.0,0.0,2.0,2.0,A01
201800000174,2.0,15,0,0.0,0.0,6.0,2.0,B01
201800000175,2.0,7,0,0.0,2.0,1.0,1.0,A01
201800000175,1.0,7,0,8.0,2.0,8.0,1.0,B01
201800000176,1.0,33,0,0.0,0.0,2.0,1.0,A01
201800000177,1.0,33,0,0.0,2.0,1.0,1.0,A01
201800000177,2.0,7,0,0.0,2.0,8.0,15.0,B01
201800000178,1.0,7,0,0.0,0.0,1.0,1.0,A01
201800000179,0.0,7,0,0.0,2.0,1.0,1.0,B01
201800000179,0.0,7,0,3.0,2.0,2.0,1.0,A01
201800000180,1.0,7,0,0.0,2.0,3.0,1.0,B01
201800000180,1.0,13,0,0.0,2.0,3.0,15.0,A01
201800000181,0.0,10,0,0.0,2.0,3.0,1.0,B01
201800000181,0.0,31,0,0.0,2.0,8.0,15.0,A01
201800000182,1.0,34,0,0.0,0.0,7.0,0.0,A01
201800000183,0.0,38,38,0.0,2.0,3.0,1.0,A01
201800000183,0.0,7,0,0.0,2.0,7.0,19.0,B01
201800000184,0.0,7,0,0.0,0.0,1.0,1.0,A01
201800000184,0.0,38,1,0.0,0.0,2.0,1.0,B01
201800000185,2.0,2,0,8.0,0.0,1.0,13.0,A01
201800000186,1.0,7,0,6.0,2.0,1.0,2.0,A01
201800000186,1.0,7,0,0.0,0.0,4.0,2.0,B01
201800000187,2.0,7,0,0.0,2.0,2.0,2.0,A01
201800000187,2.0,1,0,0.0,0.0,4.0,1.0,B01
201800000188,0.0,7,0,0.0,1.0,1.0,15.0,A01
201800000189,2.0,21,0,0.0,2.0,6.0,15.0,A01
201800000189,2.0,33,0,0.0,2.0,1.0,17.0,B01
201800000190,0.0,7,0,13.0,9.0,0.0,0.0,A01
201800000191,2.0,7,0,0.0,2.0,3.0,1.0,A01
201800000191,1.0,7,0,13.0,0.0,8.0,1.0,B01
201800000192,1.0,7,0,0.0,2.0,1.0,1.0,A01
201800000192,2.0,7,0,1.0,0.0,7.0,15.0,B01
201800000193,1.0,7,0,0.0,2.0,8.0,19.0,A01
201800000193,2.0,7,0,0.0,2.0,1.0,1.0,B01
201800000194,1.0,33,0,0.0,6.0,1.0,17.0,A01
201800000195,1.0,2,0,0.0,2.0,1.0,17.0,A01
201800000195,2.0,2,0,0.0,2.0,1.0,21.0,B01
201800000196,0.0,7,0,0.0,1.0,2.0,1.0,A01
201800000197,2.0,7,0,0.0,2.0,3.0,15.0,A01
201800000197,2.0,2,0,0.0,2.0,1.0,17.0,B01
201800000198,0.0,7,0,2.0,0.0,1.0,1.0,A01
201800000199,2.0,7,0,0.0,2.0,1.0,13.0,A01
201800000199,1.0,7,0,0.0,2.0,1.0,1.0,B01
201800000200,1.0,7,0,0.0,1.0,2.0,14.0,A01
201800000201,2.0,7,0,0.0,2.0,1.0,1.0,A01
201800000201,2.0,7,0,0.0,0.0,4.0,1.0,B01
201800000202,1.0,7,0,0.0,2.0,1.0,19.0,A01
201800000202,1.0,33,0,0.0,2.0,8.0,1.0,B01
201800000203,1.0,2,0,0.0,2.0,1.0,1.0,A01
201800000203,1.0,7,0,0.0,2.0,4.0,23.0,B01
201800000204,0.0,7,0,0.0,2.0,3.0,20.0,A01
201800000204,0.0,2,0,0.0,2.0,1.0,1.0,B01
201800000205,2.0,2,0,0.0,0.0,1.0,1.0,A01
201800000206,2.0,33,0,2.0,0.0,2.0,1.0,A01
201800000207,0.0,2,0,0.0,2.0,1.0,17.0,A01
201800000207,0.0,7,0,0.0,0.0,3.0,15.0,B01
201800000208,0.0,7,0,0.0,1.0,0.0,6.0,A01
201800000209,1.0,7,0,0.0,9.0,2.0,14.0,A01
201800000209,1.0,1,0,0.0,2.0,8.0,0.0,B01
201800000210,1.0,7,0,0.0,2.0,1.0,1.0,B01
201800000210,1.0,7,0,0.0,2.0,3.0,15.0,A01
201800000211,0.0,2,0,1.0,0.0,1.0,16.0,A01
201800000211,0.0,13,0,0.0,0.0,5.0,24.0,B01
201800000212,2.0,7,0,0.0,2.0,0.0,0.0,A01
201800000212,2.0,3,0,0.0,2.0,4.0,2.0,B01
201800000212,1.0,7,0,0.0,2.0,3.0,1.0,C01
201800000212,2.0,7,0,0.0,0.0,7.0,24.0,D01
201800000213,0.0,7,0,0.0,9.0,3.0,15.0,A01
201800000213,0.0,1,0,0.0,2.0,4.0,1.0,B01
201800000213,0.0,1,0,0.0,9.0,0.0,1.0,C01
201800000214,0.0,7,0,8.0,0.0,3.0,1.0,A01
201800000215,0.0,7,0,0.0,0.0,1.0,0.0,A01
201800000215,0.0,7,0,0.0,2.0,9.0,1.0,B01
201800000216,0.0,1,0,0.0,2.0,7.0,1.0,A01
201800000216,0.0,7,0,0.0,0.0,1.0,1.0,B01
201800000217,0.0,7,0,0.0,1.0,1.0,1.0,A01
201800000218,0.0,7,0,0.0,0.0,1.0,1.0,A01
201800000219,0.0,7,0,0.0,2.0,1.0,19.0,A01
201800000219,0.0,2,0,15.0,2.0,8.0,1.0,B01
201800000220,0.0,7,0,6.0,0.0,1.0,1.0,A01
201800000221,1.0,7,0,7.0,0.0,9.0,1.0,A01
201800000222,2.0,1,0,0.0,2.0,1.0,1.0,A01
201800000222,2.0,1,0,0.0,0.0,4.0,2.0,B01
201800000223,0.0,7,0,0.0,1.0,3.0,18.0,A01
201800000224,0.0,7,0,1.0,0.0,2.0,2.0,A01
201800000224,0.0,7,0,0.0,0.0,6.0,24.0,B01
201800000225,0.0,2,0,0.0,0.0,0.0,0.0,A01
201800000226,0.0,33,0,0.0,2.0,1.0,10.0,A01
201800000226,1.0,7,0,0.0,2.0,3.0,1.0,B01
201800000227,2.0,7,0,0.0,2.0,2.0,19.0,A01
201800000227,1.0,7,0,0.0,2.0,3.0,1.0,B01
201800000228,0.0,10,0,0.0,2.0,1.0,1.0,A01
201800000228,0.0,7,0,0.0,2.0,3.0,1.0,B01
201800000229,2.0,7,0,0.0,2.0,5.0,15.0,A01
201800000229,1.0,33,0,0.0,2.0,1.0,0.0,B01
201800000229,2.0,7,0,0.0,2.0,8.0,1.0,C01
201800000229,2.0,7,0,0.0,2.0,8.0,1.0,D01
201800000230,1.0,35,0,6.0,0.0,1.0,10.0,A01
201800000231,2.0,2,0,0.0,2.0,1.0,13.0,A01
201800000231,1.0,7,0,0.0,9.0,3.0,1.0,B01
201800000232,1.0,7,0,0.0,2.0,3.0,13.0,A01
201800000232,2.0,7,0,0.0,2.0,3.0,1.0,B01
201800000233,1.0,7,0,0.0,2.0,3.0,16.0,A01
201800000233,1.0,7,0,0.0,2.0,2.0,0.0,B01
201800000233,2.0,7,0,0.0,2.0,3.0,1.0,C01
201800000234,0.0,7,0,0.0,1.0,4.0,4.0,A01
201800000235,0.0,3,0,16.0,0.0,0.0,0.0,A01
201800000236,1.0,7,0,0.0,2.0,1.0,5.0,A01
201800000236,2.0,15,0,0.0,2.0,1.0,1.0,B01
201800000237,2.0,17,0,0.0,2.0,2.0,1.0,B01
201800000237,1.0,7,0,0.0,2.0,2.0,13.0,A01
201800000238,2.0,7,0,0.0,2.0,1.0,1.0,B01
201800000238,1.0,7,0,0.0,2.0,7.0,13.0,A01
201800000239,1.0,14,0,0.0,2.0,1.0,15.0,A01
201800000239,2.0,33,0,0.0,2.0,1.0,1.0,B01
201800000239,1.0,7,0,0.0,2.0,1.0,23.0,C01
201800000240,2.0,7,0,6.0,0.0,1.0,13.0,A01
201800000241,2.0,33,0,0.0,9.0,0.0,1.0,A01
201800000242,1.0,21,0,0.0,0.0,0.0,1.0,A01
201800000243,2.0,2,0,0.0,2.0,1.0,1.0,B01
201800000243,1.0,7,0,0.0,2.0,2.0,9.0,A01
201800000244,1.0,7,0,0.0,2.0,2.0,1.0,B01
201800000244,2.0,7,0,3.0,2.0,2.0,1.0,A01
201800000245,2.0,7,0,13.0,0.0,7.0,1.0,A01
201800000246,0.0,2,0,0.0,0.0,5.0,1.0,A01
201800000247,1.0,33,0,6.0,0.0,3.0,1.0,A01
201800000248,1.0,7,0,0.0,2.0,1.0,1.0,B01
201800000248,0.0,10,0,0.0,2.0,8.0,19.0,A01
201800000249,1.0,7,0,0.0,2.0,1.0,1.0,B01
201800000249,2.0,7,0,0.0,0.0,8.0,9.0,A01
201800000250,2.0,7,0,6.0,0.0,2.0,1.0,A01
201800000251,2.0,33,0,16.0,0.0,0.0,1.0,A01
201800000252,1.0,7,0,13.0,0.0,2.0,1.0,A01
201800000253,2.0,7,0,8.0,0.0,1.0,1.0,A01
201800000254,2.0,7,0,0.0,2.0,2.0,1.0,B01
201800000254,1.0,7,0,0.0,2.0,5.0,13.0,A01
201800000255,1.0,7,0,0.0,2.0,1.0,13.0,A01
201800000255,2.0,7,0,0.0,2.0,1.0,2.0,B01
201800000256,2.0,7,0,0.0,2.0,1.0,2.0,A01
201800000256,2.0,2,0,0.0,0.0,4.0,2.0,B01
201800000257,1.0,7,0,0.0,2.0,2.0,19.0,A01
201800000257,2.0,30,0,0.0,2.0,2.0,2.0,B01
201800000258,0.0,7,0,0.0,2.0,3.0,19.0,A01
201800000258,0.0,31,0,0.0,2.0,3.0,1.0,B01
201800000259,0.0,7,0,0.0,0.0,7.0,16.0,B01
201800000259,2.0,7,0,8.0,2.0,1.0,9.0,A01
201800000260,2.0,7,0,7.0,0.0,6.0,15.0,B01
201800000260,2.0,7,0,3.0,2.0,3.0,17.0,A01
201800000261,2.0,7,0,0.0,1.0,2.0,14.0,A01
201800000262,1.0,7,0,0.0,2.0,2.0,2.0,A01
201800000262,1.0,14,0,0.0,0.0,6.0,2.0,B01
201800000263,1.0,33,0,0.0,2.0,7.0,16.0,B01
201800000263,1.0,7,0,0.0,2.0,3.0,18.0,A01
201800000264,2.0,7,0,0.0,2.0,3.0,1.0,B01
201800000264,1.0,7,0,0.0,2.0,3.0,13.0,A01
201800000265,2.0,7,0,6.0,0.0,1.0,1.0,A01
201800000266,1.0,33,0,0.0,2.0,1.0,1.0,A01
201800000266,1.0,7,0,0.0,2.0,6.0,15.0,B01