Num_Acc,senc,catv,occutc,obs,obsm,choc,manv,num_veh
201800000267,0.0,7,0,0.0,2.0,3.0,0.0,B01
201800000267,0.0,7,0,0.0,2.0,2.0,0.0,A01
201800000268,0.0,7,0,0.0,2.0,3.0,9.0,A01
201800000268,0.0,7,0,0.0,2.0,1.0,1.0,B01
201800000269,0.0,7,0,2.0,0.0,8.0,17.0,A01
201800000270,0.0,10,0,0.0,2.0,1.0,17.0,A01
201800000270,0.0,7,0,0.0,2.0,1.0,1.0,B01
201800000271,0.0,7,0,0.0,2.0,1.0,1.0,B01
201800000271,0.0,7,0,0.0,2.0,2.0,9.0,A01
201800000272,0.0,7,0,2.0,0.0,2.0,14.0,A01
201800000273,0.0,7,0,16.0,0.0,9.0,13.0,A01
201800000274,2.0,7,0,11.0,0.0,1.0,13.0,A01
201800000275,2.0,7,0,0.0,2.0,1.0,17.0,A01
201800000275,1.0,7,0,0.0,2.0,3.0,21.0,B01
201800000276,0.0,7,0,0.0,2.0,3.0,0.0,B01
201800000276,0.0,33,0,0.0,2.0,2.0,17.0,A01
201800000277,2.0,7,0,0.0,0.0,1.0,21.0,B01
201800000277,2.0,7,0,0.0,0.0,8.0,15.0,A01
201800000278,1.0,30,0,11.0,0.0,1.0,1.0,A01
201800000279,1.0,2,0,0.0,2.0,1.0,1.0,A01
201800000279,2.0,7,0,0.0,2.0,1.0,5.0,B01
201800000280,1.0,7,0,2.0,9.0,0.0,0.0,A01
201800000281,1.0,7,0,0.0,1.0,7.0,1.0,A01
201800000282,2.0,7,0,0.0,1.0,1.0,1.0,A01
201800000283,1.0,7,0,1.0,0.0,1.0,1.0,A01
201800000284,2.0,7,0,0.0,2.0,2.0,1.0,A01
201800000284,1.0,1,0,0.0,2.0,0.0,1.0,B01
201800000285,0.0,7,0,0.0,9.0,3.0,1.0,A01
201800000285,0.0,1,0,0.0,2.0,1.0,1.0,B01
201800000286,1.0,7,0,6.0,0.0,1.0,6.0,A01
201800000287,1.0,2,0,0.0,0.0,8.0,1.0,A01
201800000288,0.0,7,0,0.0,2.0,3.0,15.0,B01
201800000288,0.0,33,0,0.0,2.0,7.0,0.0,A01
201800000289,2.0,10,0,0.0,2.0,2.0,15.0,A01
201800000289,1.0,7,0,0.0,2.0,1.0,1.0,B01
201800000290,0.0,7,0,0.0,1.0,2.0,1.0,A01
201800000291,2.0,7,0,0.0,1.0,3.0,13.0,A01
201800000292,1.0,7,0,0.0,2.0,1.0,1.0,A01
201800000292,2.0,7,0,0.0,2.0,3.0,1.0,B01
201800000292,2.0,7,0,0.0,2.0,1.0,1.0,C01
201800000292,2.0,7,0,0.0,2.0,2.0,1.0,D01
201800000293,2.0,7,0,0.0,1.0,2.0,2.0,A01
201800000294,2.0,33,0,0.0,2.0,7.0,0.0,B01
201800000294,1.0,7,0,1.0,2.0,3.0,17.0,A01
201800000295,2.0,13,0,0.0,0.0,5.0,1.0,C01
201800000295,2.0,7,0,0.0,2.0,1.0,2.0,B01
201800000295,2.0,7,0,0.0,2.0,1.0,17.0,A01
201800000296,2.0,10,0,0.0,1.0,1.0,1.0,A01
201800000297,2.0,33,0,13.0,0.0,7.0,17.0,A01
201800000298,1.0,7,0,0.0,1.0,2.0,0.0,A01
201800000299,1.0,31,0,0.0,0.0,0.0,2.0,A01
201800000300,1.0,33,0,0.0,0.0,2.0,23.0,A01
201800000301,0.0,7,0,1.0,0.0,1.0,1.0,A01
201800000301,0.0,7,0,0.0,0.0,4.0,23.0,B01
201800000302,1.0,33,0,9.0,0.0,1.0,1.0,A01
201800000303,1.0,7,0,0.0,1.0,2.0,1.0,A01
201800000304,0.0,7,0,0.0,1.0,1.0,1.0,A01
201800000305,2.0,13,0,0.0,0.0,8.0,21.0,B01
201800000305,1.0,13,0,0.0,2.0,8.0,13.0,A01
201800000306,1.0,7,0,6.0,0.0,1.0,1.0,A01
201800000307,1.0,13,0,0.0,2.0,3.0,18.0,A01
201800000307,1.0,7,0,0.0,2.0,7.0,18.0,B01
201800000308,2.0,7,0,0.0,2.0,1.0,0.0,A01
201800000308,2.0,7,0,0.0,2.0,4.0,1.0,B01
201800000309,0.0,7,0,7.0,2.0,7.0,2.0,A01
201800000309,0.0,7,0,0.0,2.0,8.0,15.0,B01
201800000310,0.0,36,0,12.0,0.0,7.0,1.0,A01
201800000311,0.0,7,0,0.0,0.0,2.0,1.0,A01
201800000311,0.0,1,0,0.0,2.0,8.0,16.0,B01
201800000312,0.0,7,0,0.0,0.0,6.0,0.0,A01
201800000312,0.0,33,0,0.0,2.0,1.0,1.0,B01
201800000313,2.0,10,0,0.0,2.0,8.0,11.0,A01
201800000313,2.0,33,0,0.0,2.0,1.0,2.0,B01
201800000314,2.0,33,0,0.0,2.0,1.0,1.0,A01
201800000314,1.0,7,0,0.0,2.0,1.0,11.0,B01
201800000315,0.0,2,0,0.0,1.0,1.0,1.0,A01
201800000316,2.0,33,0,14.0,0.0,0.0,1.0,A01
201800000317,0.0,1,0,3.0,0.0,1.0,15.0,A01
201800000318,0.0,7,0,0.0,1.0,1.0,16.0,A01
201800000319,2.0,33,0,0.0,2.0,1.0,2.0,A01
201800000319,2.0,7,0,0.0,0.0,4.0,2.0,B01
201800000319,1.0,7,0,0.0,2.0,8.0,5.0,C01
201800000320,2.0,31,0,0.0,2.0,4.0,1.0,A01
201800000320,2.0,7,0,0.0,2.0,1.0,0.0,B01
201800000321,0.0,33,0,0.0,0.0,7.0,0.0,A01
201800000322,0.0,7,0,0.0,2.0,1.0,1.0,B01
201800000322,0.0,7,0,0.0,2.0,1.0,5.0,A01
201800000323,1.0,7,0,0.0,2.0,2.0,15.0,A01
201800000323,2.0,2,0,0.0,2.0,1.0,1.0,B01
201800000324,0.0,7,0,2.0,0.0,2.0,1.0,B01
201800000324,0.0,15,0,0.0,0.0,6.0,23.0,A01
201800000325,0.0,2,0,0.0,2.0,7.0,1.0,A01
201800000325,0.0,7,0,0.0,2.0,3.0,9.0,B01
201800000326,0.0,1,0,0.0,2.0,6.0,1.0,A01
201800000326,0.0,7,0,0.0,9.0,5.0,12.0,B01
201800000327,0.0,7,0,15.0,0.0,3.0,1.0,A01
201800000328,0.0,7,0,0.0,2.0,7.0,19.0,A01
201800000328,0.0,31,0,0.0,2.0,1.0,1.0,B01
201800000329,0.0,7,0,0.0,2.0,1.0,1.0,B01
201800000329,0.0,7,0,0.0,2.0,1.0,15.0,A01
201800000329,0.0,7,0,0.0,2.0,3.0,23.0,C01
201800000330,0.0,7,0,9.0,0.0,9.0,1.0,A01
201800000331,0.0,7,0,0.0,2.0,3.0,1.0,B01
201800000331,0.0,7,0,0.0,2.0,1.0,1.0,A01
201800000332,0.0,31,0,0.0,0.0,0.0,23.0,A01
201800000333,0.0,7,0,15.0,0.0,1.0,1.0,A01
201800000334,0.0,2,0,0.0,2.0,7.0,15.0,A01
201800000334,0.0,21,0,0.0,2.0,1.0,1.0,B01
201800000335,1.0,7,0,0.0,2.0,1.0,5.0,A01
201800000335,2.0,15,0,0.0,2.0,2.0,1.0,B01
201800000336,0.0,7,0,0.0,2.0,3.0,1.0,B01
201800000336,0.0,7,0,0.0,2.0,3.0,13.0,A01
201800000337,2.0,7,0,0.0,2.0,1.0,15.0,A01
201800000337,1.0,7,0,0.0,2.0,1.0,1.0,B01
201800000338,0.0,15,0,0.0,2.0,3.0,1.0,B01
201800000338,0.0,33,0,0.0,2.0,3.0,13.0,A01
201800000339,2.0,33,0,0.0,2.0,3.0,1.0,B01
201800000339,0.0,7,0,0.0,2.0,1.0,19.0,A01
201800000340,1.0,17,0,0.0,2.0,3.0,1.0,B01
201800000340,2.0,17,0,0.0,2.0,3.0,13.0,A01
201800000341,2.0,7,0,0.0,2.0,1.0,2.0,B01
201800000341,2.0,33,0,0.0,2.0,1.0,2.0,D01
201800000341,2.0,7,0,0.0,2.0,1.0,2.0,C01
201800000341,2.0,7,0,0.0,0.0,4.0,2.0,A01
201800000342,0.0,7,0,0.0,2.0,2.0,1.0,A01
201800000342,2.0,7,0,0.0,2.0,1.0,1.0,B01
201800000343,0.0,7,0,0.0,2.0,3.0,13.0,B01
201800000343,0.0,7,0,0.0,2.0,3.0,1.0,A01
201800000344,0.0,7,0,2.0,0.0,7.0,1.0,A01
201800000345,0.0,2,0,0.0,0.0,0.0,1.0,A01
201800000346,2.0,7,0,0.0,2.0,7.0,13.0,A01
201800000346,1.0,7,0,0.0,2.0,1.0,1.0,B01
201800000347,1.0,7,0,2.0,0.0,3.0,0.0,A01
201800000348,1.0,31,0,0.0,2.0,4.0,2.0,B01
201800000348,1.0,7,0,0.0,2.0,1.0,2.0,A01
201800000349,1.0,7,0,0.0,2.0,3.0,15.0,A01
201800000349,2.0,33,0,0.0,2.0,1.0,17.0,B01
201800000350,1.0,7,0,9.0,0.0,3.0,1.0,A01
201800000351,1.0,7,0,0.0,2.0,3.0,13.0,A01
201800000351,2.0,7,0,0.0,2.0,3.0,1.0,B01
201800000352,2.0,7,0,0.0,2.0,3.0,11.0,A01
201800000352,1.0,33,0,0.0,2.0,1.0,3.0,B01
201800000353,2.0,7,0,7.0,0.0,0.0,0.0,A01
201800000354,2.0,7,0,6.0,0.0,2.0,0.0,A01
201800000355,1.0,7,0,0.0,2.0,3.0,1.0,B01
201800000355,2.0,7,0,0.0,2.0,8.0,1.0,A01
201800000356,1.0,1,0,0.0,2.0,8.0,13.0,B01
201800000356,2.0,7,0,0.0,9.0,3.0,1.0,A01
201800000357,1.0,2,0,0.0,2.0,1.0,1.0,A01
201800000357,0.0,3,0,0.0,2.0,3.0,19.0,B01
201800000358,0.0,2,0,0.0,0.0,0.0,0.0,A01
201800000359,2.0,7,0,0.0,2.0,8.0,1.0,A01
201800000359,0.0,15,0,0.0,2.0,3.0,1.0,B01
201800000360,1.0,7,0,0.0,1.0,2.0,1.0,A01
201800000361,2.0,7,0,0.0,2.0,2.0,16.0,A01
201800000361,2.0,1,0,0.0,0.0,4.0,16.0,B01
201800000362,1.0,7,0,0.0,2.0,1.0,1.0,B01
201800000362,2.0,3,0,0.0,2.0,6.0,1.0,A01
201800000362,2.0,7,0,0.0,2.0,1.0,6.0,C01
201800000363,1.0,7,0,0.0,2.0,9.0,17.0,A01
201800000363,2.0,15,0,0.0,2.0,3.0,1.0,C01
201800000363,1.0,7,0,0.0,2.0,6.0,15.0,B01
201800000364,1.0,2,0,12.0,0.0,2.0,1.0,A01
201800000365,2.0,7,0,13.0,0.0,0.0,1.0,A01
201800000366,0.0,7,0,1.0,0.0,1.0,1.0,A01
201800000367,0.0,7,0,2.0,0.0,1.0,1.0,A01
201800000368,1.0,31,0,0.0,2.0,6.0,15.0,A01
201800000368,2.0,10,0,0.0,2.0,1.0,2.0,B01
201800000369,2.0,2,0,0.0,2.0,3.0,1.0,B01
201800000369,1.0,7,0,0.0,2.0,1.0,15.0,A01
201800000370,1.0,7,0,0.0,2.0,3.0,1.0,A01
201800000370,2.0,7,0,0.0,2.0,1.0,1.0,B01
201800000371,1.0,7,0,0.0,0.0,0.0,1.0,A01
201800000371,1.0,7,0,13.0,0.0,1.0,1.0,B01
201800000372,2.0,7,0,0.0,2.0,3.0,1.0,B01
201800000372,0.0,7,0,0.0,2.0,2.0,19.0,A01
201800000373,2.0,15,0,0.0,1.0,7.0,9.0,A01
201800000374,1.0,2,0,15.0,0.0,1.0,13.0,A01
201800000375,1.0,7,0,13.0,0.0,3.0,1.0,A01
201800000376,2.0,7,0,1.0,2.0,1.0,13.0,A01
201800000376,1.0,7,0,0.0,2.0,2.0,1.0,B01
201800000377,1.0,7,0,0.0,0.0,9.0,1.0,A01
201800000378,2.0,15,0,0.0,2.0,3.0,1.0,B01
201800000378,1.0,7,0,0.0,2.0,3.0,13.0,A01
201800000379,1.0,7,0,0.0,2.0,8.0,19.0,B01
201800000379,2.0,7,0,0.0,2.0,3.0,1.0,A01
201800000380,2.0,7,0,0.0,0.0,4.0,23.0,B01
201800000380,2.0,33,0,0.0,2.0,1.0,1.0,A01
201800000381,1.0,7,0,0.0,2.0,1.0,1.0,B01
201800000381,2.0,7,0,0.0,2.0,1.0,13.0,A01
201800000382,2.0,21,0,0.0,2.0,1.0,1.0,B01
201800000382,1.0,7,0,0.0,2.0,7.0,1.0,A01
201800000383,2.0,7,0,0.0,2.0,8.0,1.0,B01
201800000383,1.0,33,0,0.0,2.0,8.0,13.0,A01
201800000384,2.0,31,0,9.0,0.0,8.0,13.0,A01
201800000385,1.0,7,0,0.0,2.0,6.0,15.0,A01
201800000385,1.0,31,0,0.0,2.0,1.0,0.0,B01
201800000386,2.0,38,6,0.0,2.0,6.0,1.0,B01
201800000386,2.0,14,0,0.0,2.0,2.0,15.0,A01
201800000387,1.0,10,0,0.0,2.0,2.0,2.0,A01
201800000387,1.0,2,0,0.0,0.0,4.0,2.0,B01
201800000388,2.0,33,0,0.0,2.0,1.0,1.0,B01
201800000388,1.0,7,0,0.0,2.0,0.0,1.0,C01
201800000388,1.0,7,0,0.0,2.0,2.0,15.0,A01
201800000389,1.0,33,0,12.0,0.0,1.0,1.0,A01
201800000390,1.0,7,0,0.0,9.0,3.0,9.0,A01
201800000390,1.0,1,0,0.0,2.0,4.0,1.0,B01
201800000391,2.0,10,0,2.0,0.0,3.0,0.0,A01
201800000392,0.0,7,0,15.0,0.0,5.0,0.0,A01
201800000393,1.0,7,0,6.0,0.0,1.0,0.0,A01
201800000394,1.0,7,0,2.0,0.0,1.0,1.0,A01
201800000395,2.0,7,0,0.0,1.0,2.0,0.0,A01
201800000396,2.0,2,0,0.0,2.0,1.0,0.0,A01
201800000396,1.0,7,0,0.0,2.0,1.0,1.0,B01
201800000397,1.0,7,0,0.0,2.0,1.0,1.0,B01
201800000397,2.0,7,0,7.0,0.0,8.0,15.0,A01
201800000398,2.0,7,0,0.0,2.0,1.0,15.0,A01
201800000398,1.0,7,0,0.0,2.0,1.0,1.0,B01
201800000399,2.0,7,0,0.0,2.0,1.0,13.0,A01
201800000399,1.0,7,0,0.0,2.0,1.0,21.0,B01
201800000400,0.0,7,0,0.0,1.0,2.0,1.0,A01
201800000401,2.0,33,0,0.0,2.0,3.0,2.0,A01
201800000401,2.0,17,0,0.0,2.0,2.0,2.0,B01
201800000402,2.0,38,1,2.0,0.0,1.0,13.0,A01
201800000403,2.0,7,0,0.0,2.0,3.0,13.0,A01
201800000403,1.0,14,0,0.0,2.0,1.0,1.0,B01
201800000404,0.0,7,0,1.0,0.0,1.0,15.0,A01
201800000404,0.0,14,0,0.0,0.0,2.0,23.0,B01
201800000405,1.0,10,0,0.0,1.0,2.0,1.0,A01
201800000406,2.0,7,0,13.0,0.0,3.0,1.0,A01
201800000407,1.0,7,0,0.0,1.0,2.0,1.0,A01
201800000408,0.0,7,0,13.0,0.0,1.0,0.0,A01
201800000409,2.0,10,0,0.0,2.0,3.0,15.0,B01
201800000409,2.0,7,0,0.0,2.0,1.0,1.0,A01
201800000410,1.0,7,0,9.0,0.0,1.0,1.0,A01
201800000411,0.0,7,0,0.0,2.0,1.0,2.0,A01
201800000411,0.0,7,0,0.0,2.0,4.0,2.0,B01
201800000412,0.0,7,0,8.0,2.0,1.0,1.0,A01
201800000412,0.0,2,0,0.0,2.0,8.0,16.0,B01
201800000413,1.0,7,0,13.0,0.0,1.0,1.0,A01
201800000414,0.0,1,0,0.0,0.0,0.0,0.0,A01
201800000414,0.0,7,0,0.0,0.0,0.0,16.0,B01
201800000415,2.0,7,0,0.0,0.0,1.0,0.0,A01
201800000415,1.0,7,0,0.0,0.0,1.0,21.0,B01
201800000416,2.0,7,0,0.0,9.0,2.0,17.0,A01
201800000416,2.0,1,0,0.0,2.0,6.0,13.0,B01
201800000417,1.0,7,0,0.0,2.0,1.0,1.0,A01
201800000417,0.0,7,0,0.0,2.0,5.0,19.0,B01
201800000418,1.0,7,0,0.0,2.0,6.0,15.0,B01
201800000418,1.0,33,0,0.0,2.0,1.0,17.0,A01
201800000419,0.0,33,0,0.0,0.0,0.0,1.0,A01
201800000420,1.0,7,0,13.0,0.0,1.0,1.0,A01
201800000421,0.0,2,0,0.0,0.0,0.0,15.0,A01
201800000422,0.0,2,0,0.0,2.0,1.0,0.0,A01
201800000422,0.0,7,0,0.0,2.0,6.0,0.0,B01
201800000423,0.0,7,0,0.0,1.0,3.0,0.0,A01
201800000424,0.0,7,0,0.0,1.0,2.0,1.0,A01
201800000425,0.0,7,0,2.0,0.0,1.0,1.0,A01
201800000426,0.0,31,0,1.0,0.0,1.0,2.0,A01
201800000426,0.0,10,0,0.0,2.0,4.0,2.0,B01
201800000427,1.0,7,0,0.0,2.0,2.0,2.0,A01
201800000427,1.0,7,0,0.0,0.0,6.0,2.0,B01
201800000428,1.0,10,0,0.0,2.0,7.0,2.0,A01
201800000428,1.0,1,0,0.0,2.0,4.0,2.0,B01
201800000429,2.0,2,0,0.0,2.0,1.0,1.0,B01
201800000429,2.0,7,0,0.0,2.0,0.0,0.0,A01
201800000430,0.0,7,0,0.0,2.0,3.0,9.0,A01
201800000430,0.0,7,0,6.0,2.0,2.0,1.0,B01
201800000431,1.0,7,0,0.0,2.0,1.0,1.0,C01
201800000431,2.0,7,0,0.0,2.0,1.0,2.0,A01
201800000431,2.0,7,0,0.0,2.0,5.0,0.0,B01
201800000432,2.0,7,0,0.0,0.0,4.0,23.0,A01
201800000432,2.0,7,0,0.0,2.0,1.0,1.0,B01
201800000433,1.0,7,0,0.0,2.0,8.0,1.0,A01
201800000433,2.0,7,0,0.0,2.0,1.0,1.0,B01
201800000434,0.0,34,0,0.0,0.0,7.0,0.0,A01
201800000435,0.0,10,0,0.0,2.0,3.0,1.0,B01
201800000435,0.0,33,0,0.0,2.0,8.0,16.0,A01
201800000436,0.0,7,0,0.0,1.0,3.0,2.0,A01
201800000437,2.0,7,0,0.0,2.0,3.0,2.0,A01
201800000437,2.0,7,0,3.0,0.0,4.0,2.0,B01
201800000438,2.0,7,0,8.0,0.0,1.0,1.0,A01
201800000439,0.0,7,0,2.0,0.0,1.0,14.0,A01
201800000440,2.0,7,0,0.0,0.0,3.0,0.0,A01
201800000440,2.0,33,0,0.0,2.0,1.0,1.0,B01
201800000441,0.0,7,0,0.0,2.0,2.0,0.0,A01
201800000441,0.0,7,0,0.0,2.0,7.0,0.0,B01
201800000442,0.0,7,0,0.0,2.0,1.0,1.0,A01
201800000442,0.0,1,0,0.0,2.0,0.0,19.0,B01
201800000443,1.0,31,0,0.0,2.0,1.0,1.0,A01
201800000443,2.0,10,0,0.0,2.0,3.0,1.0,B01
201800000444,1.0,7,0,2.0,0.0,9.0,13.0,A01
201800000445,2.0,7,0,0.0,0.0,3.0,0.0,A01
201800000445,1.0,10,0,0.0,0.0,3.0,1.0,B01
201800000446,0.0,7,0,0.0,2.0,5.0,17.0,A01
201800000446,0.0,7,0,8.0,2.0,3.0,1.0,B01
201800000447,0.0,7,0,0.0,1.0,2.0,19.0,A01
201800000448,2.0,36,0,0.0,0.0,2.0,0.0,A01
201800000449,1.0,7,0,0.0,2.0,1.0,13.0,A01
201800000449,2.0,7,0,0.0,2.0,1.0,0.0,B01
201800000450,0.0,7,0,0.0,1.0,3.0,15.0,A01
201800000451,1.0,7,0,16.0,0.0,1.0,0.0,A01
201800000452,2.0,10,0,0.0,0.0,2.0,2.0,A01
201800000452,1.0,7,0,0.0,0.0,2.0,5.0,B01
201800000453,2.0,33,0,0.0,2.0,1.0,17.0,A01
201800000453,1.0,10,0,0.0,2.0,3.0,13.0,B01
201800000454,2.0,33,0,0.0,2.0,1.0,1.0,B01
201800000454,0.0,7,0,0.0,2.0,6.0,19.0,A01
201800000455,0.0,7,0,0.0,1.0,3.0,1.0,A01
201800000456,0.0,7,0,0.0,2.0,2.0,21.0,A01
201800000456,0.0,1,0,0.0,2.0,1.0,19.0,B01
201800000457,0.0,7,0,0.0,2.0,3.0,1.0,A01
201800000457,0.0,13,0,0.0,2.0,3.0,1.0,B01
201800000458,2.0,2,0,0.0,2.0,1.0,1.0,B01
201800000458,0.0,7,0,0.0,2.0,3.0,19.0,A01
201800000459,1.0,7,0,0.0,2.0,7.0,14.0,A01
201800000459,2.0,7,0,0.0,2.0,1.0,1.0,B01
201800000460,2.0,10,0,0.0,1.0,5.0,4.0,A01
201800000461,0.0,31,0,12.0,0.0,2.0,14.0,A01
201800000462,2.0,7,0,0.0,2.0,3.0,13.0,A01
201800000462,1.0,1,0,0.0,2.0,1.0,1.0,B01
201800000463,1.0,7,0,0.0,2.0,1.0,1.0,B01
201800000463,1.0,7,0,0.0,2.0,1.0,15.0,A01
201800000464,1.0,7,0,0.0,2.0,1.0,1.0,A01
201800000464,1.0,7,0,0.0,2.0,1.0,1.0,B01
201800000465,1.0,7,0,0.0,2.0,3.0,1.0,A01
201800000465,1.0,7,0,0.0,2.0,2.0,0.0,B01
201800000466,1.0,33,0,0.0,0.0,1.0,1.0,B01
201800000466,1.0,7,0,0.0,0.0,3.0,0.0,A01
201800000467,0.0,7,0,8.0,0.0,5.0,1.0,A01
201800000468,2.0,7,0,13.0,0.0,1.0,1.0,A01
201800000469,0.0,2,0,0.0,1.0,1.0,1.0,A01
201800000470,2.0,7,0,0.0,2.0,3.0,1.0,A01
201800000470,1.0,7,0,0.0,2.0,3.0,1.0,B01
201800000471,2.0,7,0,2.0,0.0,1.0,1.0,A01
201800000472,1.0,7,0,0.0,2.0,1.0,1.0,A01
201800000472,1.0,7,0,0.0,0.0,4.0,16.0,B01
201800000473,1.0,7,0,0.0,2.0,1.0,1.0,B01
201800000473,2.0,7,0,3.0,2.0,8.0,15.0,A01
201800000474,2.0,7,0,0.0,2.0,1.0,1.0,A01
201800000474,2.0,7,0,0.0,0.0,6.0,10.0,B01
201800000475,0.0,7,0,2.0,0.0,1.0,1.0,A01
201800000476,1.0,33,0,3.0,0.0,1.0,1.0,A01
201800000477,1.0,33,0,0.0,0.0,2.0,1.0,A01
201800000478,1.0,33,0,8.0,2.0,1.0,1.0,B01
201800000478,2.0,10,0,0.0,2.0,1.0,1.0,C01
201800000478,2.0,7,0,0.0,2.0,2.0,1.0,E01
201800000478,1.0,7,0,0.0,0.0,7.0,16.0,A01
201800000479,0.0,7,0,0.0,1.0,1.0,1.0,A01
201800000480,0.0,7,0,0.0,2.0,1.0,2.0,A01
201800000480,0.0,7,0,0.0,2.0,4.0,2.0,B01
201800000480,0.0,7,0,0.0,2.0,4.0,2.0,C01
201800000481,2.0,7,0,2.0,0.0,1.0,1.0,A01
201800000482,0.0,1,0,0.0,2.0,8.0,9.0,B01
201800000482,0.0,10,0,0.0,0.0,1.0,13.0,A01
201800000483,1.0,33,0,0.0,2.0,1.0,2.0,A01
201800000483,1.0,10,0,0.0,2.0,4.0,2.0,B01
201800000484,2.0,7,0,13.0,0.0,7.0,13.0,A01
201800000485,1.0,33,0,12.0,0.0,1.0,13.0,A01
201800000486,1.0,7,0,0.0,2.0,3.0,13.0,A01
201800000486,2.0,1,0,0.0,2.0,3.0,1.0,B01
201800000487,0.0,7,0,0.0,1.0,1.0,15.0,A01
201800000488,1.0,33,0,0.0,2.0,5.0,1.0,B01
201800000488,1.0,7,0,0.0,2.0,3.0,9.0,A01
201800000489,2.0,7,0,0.0,2.0,1.0,1.0,B01
201800000489,1.0,7,0,0.0,2.0,1.0,13.0,A01
201800000490,2.0,7,0,0.0,2.0,2.0,15.0,A01
201800000490,1.0,33,0,0.0,2.0,1.0,1.0,B01
201800000491,2.0,7,0,0.0,2.0,1.0,1.0,B01
201800000491,0.0,7,0,0.0,2.0,4.0,16.0,A01
201800000492,0.0,7,0,0.0,2.0,1.0,9.0,A01
201800000492,0.0,2,0,0.0,2.0,7.0,1.0,B01
201800000493,1.0,33,0,0.0,2.0,8.0,1.0,B01
201800000493,2.0,7,0,0.0,2.0,3.0,15.0,A01
201800000494,1.0,1,0,0.0,2.0,4.0,1.0,B01
201800000494,1.0,7,0,0.0,2.0,2.0,1.0,A01
201800000495,2.0,1,0,0.0,2.0,1.0,1.0,A01
201800000495,2.0,7,0,0.0,2.0,8.0,1.0,B01
201800000496,0.0,7,0,8.0,0.0,7.0,1.0,A01
201800000497,2.0,1,0,0.0,2.0,1.0,1.0,B01
201800000497,1.0,7,0,0.0,2.0,3.0,15.0,A01
201800000498,2.0,30,0,0.0,2.0,1.0,1.0,A01
201800000498,1.0,7,0,0.0,2.0,3.0,17.0,B01
201800000499,2.0,7,0,0.0,2.0,7.0,19.0,A01
201800000499,2.0,17,0,0.0,2.0,2.0,1.0,B01
201800000500,1.0,33,0,0.0,2.0,1.0,17.0,A01
201800000500,1.0,7,0,0.0,2.0,3.0,15.0,B01
201800000501,0.0,1,0,0.0,2.0,1.0,1.0,B01
201800000501,0.0,7,0,0.0,2.0,1.0,13.0,A01
201800000502,1.0,7,0,0.0,2.0,1.0,13.0,A01
201800000502,2.0,7,0,0.0,2.0,3.0,1.0,B01
201800000503,2.0,10,0,13.0,0.0,3.0,1.0,A01
201800000504,1.0,7,0,0.0,2.0,3.0,1.0,C01
201800000504,1.0,7,0,0.0,2.0,3.0,17.0,A01
201800000504,2.0,7,0,0.0,2.0,2.0,1.0,B01
201800000505,1.0,7,0,6.0,0.0,1.0,1.0,A01
201800000506,2.0,2,0,14.0,0.0,1.0,1.0,A01
201800000507,1.0,7,0,0.0,1.0,1.0,1.0,A01
201800000508,2.0,7,0,8.0,0.0,1.0,1.0,A01
201800000509,2.0,13,0,0.0,2.0,2.0,1.0,B01
201800000509,1.0,7,0,0.0,2.0,1.0,13.0,A01
201800000510,2.0,7,0,0.0,2.0,3.0,1.0,B01
201800000510,2.0,7,0,0.0,2.0,2.0,1.0,C01
201800000510,1.0,7,0,0.0,2.0,3.0,13.0,A01
201800000510,2.0,7,0,0.0,2.0,8.0,1.0,D01
201800000511,1.0,7,0,0.0,2.0,2.0,1.0,B01
201800000511,2.0,2,0,0.0,2.0,1.0,19.0,A01
201800000512,1.0,7,0,0.0,2.0,1.0,9.0,A01
201800000512,2.0,1,0,0.0,2.0,7.0,1.0,B01
201800000513,1.0,7,0,0.0,1.0,1.0,1.0,A01
201800000514,1.0,7,0,15.0,0.0,1.0,1.0,A01
201800000515,1.0,7,0,13.0,0.0,1.0,21.0,A01
201800000516,1.0,7,0,0.0,2.0,8.0,1.0,A01
201800000516,1.0,7,0,0.0,0.0,0.0,17.0,C01
201800000516,1.0,7,0,0.0,2.0,1.0,17.0,B01
201800000517,1.0,7,0,2.0,6.0,3.0,1.0,A01
201800000518,1.0,10,0,0.0,1.0,2.0,1.0,A01
201800000519,1.0,2,0,12.0,0.0,0.0,1.0,A01
201800000520,0.0,7,0,13.0,0.0,1.0,1.0,A01
201800000521,0.0,33,0,0.0,2.0,1.0,13.0,A01
201800000521,0.0,7,0,0.0,2.0,3.0,1.0,B01
201800000522,2.0,3,0,0.0,2.0,1.0,15.0,A01
201800000522,1.0,34,0,0.0,2.0,8.0,1.0,B01
201800000523,2.0,7,0,13.0,0.0,1.0,13.0,A01
201800000524,1.0,7,0,0.0,2.0,4.0,2.0,B01
201800000524,1.0,33,0,0.0,2.0,1.0,2.0,A01
201800000525,2.0,7,0,0.0,2.0,3.0,9.0,A01
201800000525,2.0,31,0,0.0,2.0,7.0,1.0,B01
201800000526,1.0,7,0,0.0,2.0,5.0,15.0,A01
201800000526,2.0,33,0,0.0,2.0,1.0,1.0,B01
201800000527,2.0,2,0,0.0,2.0,8.0,13.0,A01
201800000527,1.0,7,0,0.0,2.0,8.0,1.0,B01
201800000528,1.0,3,0,0.0,2.0,0.0,17.0,A01
201800000528,1.0,30,0,0.0,2.0,8.0,1.0,B01
201800000529,1.0,31,0,0.0,2.0,2.0,17.0,A01