Num_Acc,senc,catv,occutc,obs,obsm,choc,manv,num_veh
201800000529,1.0,7,0,0.0,2.0,8.0,15.0,B01
201800000530,2.0,2,0,0.0,0.0,9.0,1.0,A01
201800000531,1.0,2,0,0.0,2.0,1.0,1.0,B01
201800000531,2.0,7,0,0.0,2.0,5.0,15.0,A01
201800000532,1.0,33,0,0.0,2.0,8.0,1.0,B01
201800000532,2.0,7,0,0.0,2.0,3.0,15.0,A01
201800000533,0.0,33,0,0.0,2.0,1.0,15.0,B01
201800000533,0.0,10,0,0.0,2.0,2.0,13.0,A01
201800000534,1.0,7,0,6.0,0.0,8.0,1.0,A01
201800000535,0.0,2,0,13.0,0.0,1.0,13.0,A01
201800000536,1.0,7,0,0.0,2.0,4.0,1.0,A01
201800000536,1.0,33,0,0.0,2.0,1.0,2.0,B01
201800000537,2.0,7,0,0.0,2.0,3.0,5.0,A01
201800000537,1.0,7,0,0.0,2.0,3.0,1.0,B01
201800000538,2.0,10,0,0.0,2.0,4.0,15.0,B01
201800000538,2.0,10,0,0.0,2.0,1.0,1.0,A01
201800000539,2.0,7,0,0.0,2.0,3.0,1.0,B01
201800000539,1.0,33,0,0.0,2.0,1.0,13.0,A01
201800000540,1.0,33,0,0.0,2.0,2.0,2.0,A01
201800000540,1.0,7,0,0.0,2.0,6.0,2.0,B01
201800000541,1.0,7,0,0.0,2.0,4.0,23.0,B01
201800000541,1.0,7,0,0.0,2.0,1.0,2.0,C01
201800000541,1.0,7,0,0.0,2.0,4.0,23.0,A01
201800000542,0.0,33,0,0.0,2.0,2.0,1.0,B01
201800000542,0.0,7,0,0.0,2.0,3.0,9.0,A01
201800000543,2.0,21,0,0.0,2.0,4.0,15.0,A01
201800000543,2.0,33,0,0.0,2.0,2.0,17.0,B01
201800000544,2.0,33,0,0.0,2.0,3.0,1.0,B01
201800000544,1.0,7,0,0.0,2.0,5.0,19.0,A01
201800000545,2.0,7,0,13.0,0.0,1.0,14.0,A01
201800000546,1.0,7,0,0.0,2.0,2.0,1.0,A01
201800000546,1.0,7,0,0.0,0.0,6.0,15.0,B01
201800000547,2.0,7,0,0.0,2.0,1.0,1.0,B01
201800000547,1.0,7,0,0.0,2.0,2.0,15.0,A01
201800000548,1.0,7,0,8.0,0.0,1.0,1.0,A01
201800000549,2.0,2,0,0.0,5.0,1.0,0.0,A01
201800000550,1.0,7,0,1.0,0.0,2.0,0.0,A01
201800000551,2.0,7,0,1.0,1.0,1.0,0.0,A01
201800000552,0.0,7,0,0.0,1.0,4.0,4.0,A01
201800000553,2.0,7,0,0.0,2.0,3.0,1.0,A01
201800000553,0.0,7,0,0.0,2.0,2.0,19.0,B01
201800000554,0.0,31,0,0.0,2.0,8.0,1.0,A01
201800000554,0.0,21,0,0.0,2.0,7.0,1.0,B01
201800000555,0.0,10,0,0.0,1.0,2.0,1.0,A01
201800000556,1.0,7,0,8.0,0.0,1.0,0.0,A01
201800000557,1.0,7,0,0.0,2.0,2.0,17.0,A01
201800000557,1.0,7,0,0.0,2.0,6.0,17.0,B01
201800000558,0.0,7,0,0.0,2.0,1.0,1.0,B01
201800000558,0.0,7,0,0.0,2.0,5.0,15.0,A01
201800000559,1.0,7,0,0.0,2.0,3.0,0.0,A01
201800000559,2.0,7,0,0.0,2.0,1.0,1.0,B01
201800000560,2.0,7,0,0.0,2.0,8.0,2.0,B01
201800000560,1.0,30,0,0.0,2.0,7.0,9.0,A01
201800000561,0.0,2,0,0.0,2.0,1.0,1.0,A01
201800000561,0.0,21,0,0.0,2.0,3.0,15.0,B01
201800000562,1.0,7,0,2.0,0.0,1.0,1.0,A01
201800000563,1.0,2,0,15.0,0.0,0.0,1.0,A01
201800000564,2.0,10,0,0.0,2.0,1.0,13.0,A01
201800000564,1.0,10,0,0.0,2.0,1.0,1.0,B01
201800000565,0.0,7,0,0.0,2.0,3.0,9.0,A01
201800000565,0.0,2,0,0.0,2.0,1.0,1.0,B01
201800000566,0.0,2,0,0.0,2.0,1.0,1.0,B01
201800000566,0.0,7,0,0.0,2.0,3.0,15.0,A01
201800000567,0.0,7,0,13.0,0.0,0.0,0.0,A01
201800000568,1.0,1,0,0.0,0.0,0.0,1.0,A01
201800000569,0.0,7,0,0.0,2.0,2.0,1.0,B01
201800000569,0.0,1,0,0.0,2.0,3.0,0.0,A01
201800000570,2.0,1,0,0.0,0.0,0.0,1.0,A01
201800000571,2.0,7,0,0.0,2.0,1.0,1.0,A01
201800000571,0.0,7,0,0.0,2.0,8.0,19.0,B01
201800000572,0.0,2,0,0.0,9.0,1.0,1.0,A01
201800000573,0.0,7,0,0.0,2.0,3.0,1.0,B01
201800000573,0.0,2,0,0.0,2.0,2.0,19.0,A01
201800000574,1.0,7,0,0.0,2.0,1.0,2.0,A01
201800000574,1.0,7,0,0.0,0.0,4.0,2.0,B01
201800000575,0.0,7,0,0.0,0.0,8.0,2.0,B01
201800000575,0.0,1,0,0.0,2.0,1.0,1.0,A01
201800000576,2.0,1,0,0.0,0.0,0.0,1.0,A01
201800000577,1.0,31,0,0.0,0.0,3.0,14.0,A01
201800000578,2.0,7,0,0.0,2.0,3.0,5.0,A01
201800000578,1.0,7,0,0.0,2.0,3.0,1.0,B01
201800000579,2.0,7,0,13.0,0.0,9.0,0.0,A01
201800000580,1.0,2,0,0.0,6.0,0.0,1.0,A01
201800000581,1.0,7,0,0.0,2.0,2.0,2.0,A01
201800000581,1.0,2,0,0.0,2.0,4.0,15.0,B01
201800000582,1.0,7,0,0.0,1.0,2.0,1.0,A01
201800000583,2.0,33,0,0.0,2.0,1.0,1.0,A01
201800000583,2.0,7,0,0.0,0.0,6.0,1.0,B01
201800000583,1.0,15,0,0.0,2.0,1.0,1.0,C01
201800000584,1.0,33,0,3.0,0.0,2.0,1.0,A01
201800000585,1.0,33,0,12.0,0.0,3.0,13.0,A01
201800000586,0.0,7,0,0.0,2.0,3.0,1.0,A01
201800000586,0.0,15,0,0.0,2.0,8.0,13.0,B01
201800000587,0.0,21,0,0.0,0.0,9.0,13.0,A01
201800000588,2.0,7,0,6.0,0.0,1.0,1.0,A01
201800000589,2.0,33,0,0.0,2.0,5.0,1.0,A01
201800000589,2.0,33,0,0.0,2.0,1.0,1.0,B01
201800000590,1.0,7,0,0.0,2.0,1.0,1.0,A01
201800000590,2.0,10,0,0.0,2.0,3.0,1.0,B01
201800000591,2.0,7,0,0.0,2.0,3.0,13.0,A01
201800000591,1.0,7,0,0.0,2.0,3.0,1.0,B01
201800000592,1.0,7,0,0.0,1.0,6.0,4.0,A01
201800000593,0.0,7,0,0.0,1.0,2.0,1.0,A01
201800000594,1.0,7,0,0.0,1.0,1.0,1.0,A01
201800000595,1.0,7,0,3.0,0.0,3.0,1.0,A01
201800000596,1.0,7,0,0.0,2.0,7.0,15.0,A01
201800000596,2.0,7,0,0.0,2.0,1.0,1.0,B01
201800000597,0.0,7,0,0.0,2.0,2.0,1.0,A01
201800000597,0.0,15,0,0.0,2.0,1.0,13.0,B01
201800000598,2.0,7,0,0.0,1.0,2.0,13.0,A01
201800000599,0.0,33,0,9.0,0.0,9.0,0.0,A01
201800000600,0.0,7,0,0.0,2.0,1.0,1.0,A01
201800000600,0.0,7,0,0.0,2.0,3.0,1.0,B01
201800000601,1.0,7,0,6.0,0.0,9.0,13.0,A01
201800000602,2.0,31,0,12.0,0.0,2.0,1.0,A01
201800000603,0.0,7,0,0.0,2.0,3.0,1.0,A01
201800000603,0.0,36,0,0.0,2.0,1.0,17.0,B01
201800000604,0.0,7,0,2.0,0.0,1.0,0.0,A01
201800000605,2.0,7,0,0.0,2.0,1.0,1.0,A01
201800000605,1.0,7,0,0.0,2.0,1.0,1.0,B01
201800000606,2.0,7,0,0.0,2.0,3.0,15.0,A01
201800000606,1.0,33,0,0.0,2.0,1.0,1.0,B01
201800000607,1.0,7,0,0.0,2.0,3.0,1.0,A01
201800000607,2.0,33,0,13.0,2.0,1.0,13.0,B01
201800000608,1.0,33,0,0.0,2.0,1.0,1.0,A01
201800000608,2.0,7,0,0.0,2.0,3.0,15.0,B01
201800000609,2.0,33,0,0.0,0.0,0.0,1.0,A01
201800000610,2.0,7,0,0.0,2.0,3.0,0.0,A01
201800000610,1.0,7,0,0.0,2.0,3.0,1.0,B01
201800000611,2.0,33,0,0.0,2.0,1.0,17.0,A01
201800000611,2.0,7,0,0.0,2.0,3.0,11.0,B01
201800000612,2.0,2,0,0.0,2.0,1.0,17.0,A01
201800000612,2.0,7,0,0.0,0.0,8.0,17.0,B01
201800000613,2.0,7,0,7.0,2.0,1.0,1.0,B01
201800000613,0.0,7,0,0.0,2.0,2.0,6.0,A01
201800000614,2.0,33,0,0.0,2.0,1.0,17.0,A01
201800000614,1.0,7,0,0.0,2.0,3.0,1.0,B01
201800000615,2.0,33,0,0.0,2.0,1.0,13.0,A01
201800000615,1.0,7,0,0.0,2.0,1.0,1.0,B01
201800000616,1.0,17,0,13.0,0.0,8.0,1.0,A01
201800000617,1.0,2,0,0.0,2.0,1.0,5.0,A01
201800000617,2.0,7,0,0.0,2.0,1.0,1.0,B01
201800000618,1.0,1,0,0.0,2.0,7.0,13.0,A01
201800000618,2.0,33,0,0.0,2.0,1.0,5.0,B01
201800000619,1.0,7,0,0.0,2.0,1.0,1.0,A01
201800000619,0.0,7,0,0.0,2.0,3.0,1.0,B01
201800000620,2.0,7,0,0.0,2.0,2.0,1.0,A01
201800000620,2.0,1,0,0.0,2.0,8.0,1.0,B01
201800000621,0.0,7,0,13.0,0.0,2.0,0.0,A01
201800000622,1.0,7,0,0.0,2.0,3.0,3.0,A01
201800000622,2.0,7,0,0.0,2.0,3.0,0.0,B01
201800000623,2.0,7,0,0.0,2.0,3.0,15.0,A01
201800000623,1.0,1,0,0.0,2.0,1.0,1.0,B01
201800000624,1.0,7,0,0.0,2.0,2.0,15.0,A01
201800000624,2.0,7,0,0.0,2.0,1.0,1.0,B01
201800000625,1.0,7,0,0.0,2.0,1.0,15.0,A01
201800000625,2.0,30,0,0.0,2.0,1.0,1.0,B01
201800000626,1.0,7,0,0.0,2.0,2.0,1.0,B01
201800000626,0.0,32,0,0.0,2.0,1.0,9.0,A01
201800000627,1.0,2,0,6.0,0.0,2.0,17.0,A01
201800000627,1.0,7,0,0.0,0.0,3.0,15.0,B01
201800000628,0.0,7,0,13.0,0.0,1.0,0.0,A01
201800000629,1.0,7,0,0.0,1.0,1.0,1.0,A01
201800000630,2.0,33,0,0.0,2.0,2.0,17.0,A01
201800000630,2.0,7,0,0.0,2.0,8.0,15.0,B01
201800000631,1.0,7,0,0.0,1.0,2.0,0.0,A01
201800000632,2.0,7,0,0.0,1.0,3.0,1.0,A01
201800000633,1.0,2,0,16.0,0.0,1.0,1.0,A01
201800000634,2.0,7,0,0.0,0.0,8.0,0.0,A01
201800000635,2.0,2,0,0.0,0.0,1.0,1.0,A01
201800000636,1.0,7,0,13.0,0.0,1.0,1.0,A01
201800000637,0.0,7,0,0.0,1.0,1.0,1.0,A01
201800000638,1.0,7,0,15.0,1.0,1.0,1.0,A01
201800000639,0.0,7,0,0.0,1.0,3.0,13.0,A01
201800000640,2.0,7,0,6.0,0.0,1.0,1.0,A01
201800000641,2.0,7,0,0.0,2.0,2.0,15.0,A01
201800000641,1.0,7,0,0.0,2.0,7.0,1.0,B01
201800000642,2.0,7,0,0.0,2.0,3.0,1.0,A01
201800000642,1.0,2,0,0.0,2.0,0.0,13.0,B01
201800000643,2.0,7,0,13.0,0.0,1.0,1.0,A01
201800000644,0.0,37,3,11.0,0.0,1.0,1.0,A01
201800000645,0.0,1,0,0.0,1.0,1.0,1.0,A01
201800000646,0.0,7,0,6.0,0.0,1.0,1.0,A01
201800000647,1.0,10,0,2.0,0.0,3.0,1.0,A01
201800000648,2.0,7,0,0.0,2.0,1.0,13.0,A01
201800000648,1.0,7,0,0.0,2.0,1.0,1.0,B01
201800000649,0.0,7,0,0.0,2.0,8.0,22.0,A01
201800000649,0.0,1,0,0.0,2.0,1.0,1.0,B01
201800000650,2.0,7,0,13.0,0.0,9.0,17.0,A01
201800000651,0.0,7,0,0.0,2.0,5.0,15.0,A01
201800000651,0.0,1,0,0.0,2.0,1.0,1.0,B01
201800000652,1.0,7,0,0.0,2.0,1.0,17.0,A01
201800000652,2.0,7,0,0.0,2.0,1.0,1.0,B01
201800000652,1.0,7,0,0.0,2.0,1.0,1.0,C01
201800000652,2.0,7,0,0.0,2.0,5.0,0.0,D01
201800000653,1.0,7,0,0.0,2.0,3.0,1.0,A01
201800000653,1.0,7,0,0.0,2.0,4.0,23.0,B01
201800000653,2.0,14,0,0.0,2.0,1.0,1.0,C01
201800000654,2.0,7,0,0.0,2.0,1.0,1.0,A01
201800000654,2.0,7,0,0.0,2.0,1.0,1.0,B01
201800000654,2.0,7,0,0.0,2.0,1.0,1.0,C01
201800000655,1.0,7,0,0.0,2.0,1.0,9.0,A01
201800000655,2.0,30,0,0.0,2.0,7.0,15.0,B01
201800000656,1.0,7,0,0.0,1.0,3.0,1.0,A01
201800000657,2.0,7,0,13.0,0.0,1.0,1.0,A01
201800000658,1.0,7,0,0.0,2.0,2.0,15.0,A01
201800000658,2.0,7,0,0.0,2.0,1.0,1.0,B01
201800000659,1.0,2,0,0.0,0.0,0.0,1.0,A01
201800000660,0.0,39,1,0.0,2.0,1.0,1.0,B02
201800000660,0.0,7,0,0.0,4.0,7.0,1.0,A01
201800000661,1.0,33,0,0.0,2.0,1.0,1.0,A01
201800000661,1.0,7,0,0.0,0.0,5.0,15.0,B01
201800000662,0.0,2,0,0.0,2.0,1.0,1.0,B01
201800000662,0.0,7,0,0.0,2.0,2.0,15.0,A01
201800000663,1.0,31,0,0.0,0.0,0.0,15.0,A01
201800000664,1.0,7,0,0.0,1.0,3.0,1.0,A01
201800000665,0.0,7,0,0.0,1.0,3.0,15.0,A01
201800000666,1.0,7,0,0.0,2.0,3.0,0.0,A01
201800000666,2.0,1,0,0.0,2.0,1.0,0.0,B01
201800000667,1.0,2,0,0.0,2.0,1.0,1.0,A01
201800000667,2.0,7,0,6.0,2.0,3.0,15.0,B01
201800000668,2.0,7,0,0.0,2.0,8.0,13.0,A01
201800000668,2.0,7,0,0.0,2.0,1.0,1.0,B01
201800000669,2.0,13,0,6.0,2.0,3.0,13.0,A01
201800000669,2.0,10,0,0.0,2.0,3.0,21.0,B01
201800000670,1.0,7,0,0.0,0.0,4.0,2.0,A01
201800000670,1.0,7,0,0.0,2.0,1.0,2.0,B01
201800000671,0.0,2,0,0.0,2.0,1.0,15.0,A01
201800000671,0.0,7,0,0.0,0.0,3.0,1.0,B01
201800000672,2.0,7,0,0.0,0.0,2.0,1.0,A01
201800000673,0.0,7,0,0.0,1.0,2.0,1.0,A01
201800000674,2.0,7,0,0.0,2.0,8.0,1.0,B01
201800000674,2.0,7,0,7.0,2.0,7.0,1.0,A01
201800000675,0.0,7,0,6.0,0.0,1.0,1.0,A01
201800000676,1.0,7,0,0.0,2.0,1.0,1.0,A01
201800000676,2.0,7,0,0.0,2.0,1.0,1.0,B01
201800000677,2.0,7,0,16.0,0.0,9.0,1.0,A01
201800000678,2.0,33,0,0.0,2.0,5.0,17.0,A01
201800000678,2.0,7,0,0.0,2.0,3.0,15.0,B01
201800000679,2.0,20,0,0.0,0.0,0.0,1.0,A01
201800000680,1.0,2,0,0.0,2.0,2.0,17.0,A01
201800000680,1.0,7,0,0.0,2.0,3.0,0.0,B01
201800000681,1.0,7,0,0.0,2.0,1.0,2.0,A01
201800000681,2.0,7,0,0.0,2.0,6.0,1.0,B01
201800000681,1.0,7,0,0.0,2.0,4.0,1.0,C01
201800000682,2.0,7,0,0.0,1.0,1.0,1.0,A01
201800000683,2.0,7,0,0.0,1.0,1.0,1.0,A01
201800000684,1.0,7,0,9.0,2.0,1.0,1.0,A01
201800000684,2.0,7,0,0.0,2.0,7.0,1.0,B01
201800000685,2.0,10,0,0.0,2.0,5.0,15.0,B01
201800000685,2.0,31,0,0.0,2.0,1.0,1.0,A01
201800000686,2.0,7,0,0.0,9.0,1.0,2.0,B01
201800000686,2.0,14,0,6.0,0.0,1.0,1.0,A01
201800000687,2.0,33,0,0.0,0.0,7.0,1.0,A01
201800000688,2.0,1,0,12.0,0.0,7.0,0.0,A01
201800000689,2.0,2,0,3.0,0.0,2.0,1.0,A01
201800000690,0.0,1,0,0.0,2.0,1.0,0.0,B01
201800000690,0.0,7,0,0.0,9.0,8.0,0.0,A01
201800000691,1.0,7,0,0.0,1.0,2.0,1.0,A01
201800000692,1.0,7,0,13.0,0.0,3.0,1.0,A01
201800000693,2.0,7,0,12.0,2.0,1.0,1.0,A01
201800000693,2.0,1,0,9.0,0.0,4.0,1.0,B01
201800000693,1.0,7,0,0.0,2.0,8.0,1.0,C01
201800000694,0.0,7,0,0.0,2.0,5.0,16.0,A01
201800000694,0.0,99,0,0.0,2.0,0.0,0.0,R01
201800000695,0.0,7,0,0.0,1.0,8.0,1.0,A01
201800000696,2.0,7,0,0.0,1.0,1.0,3.0,A01
201800000697,0.0,7,0,2.0,0.0,1.0,1.0,A01
201800000698,1.0,10,0,13.0,0.0,1.0,1.0,A01
201800000699,2.0,30,0,0.0,1.0,2.0,1.0,A01
201800000700,2.0,1,0,0.0,2.0,7.0,1.0,A01
201800000700,2.0,7,0,0.0,2.0,1.0,15.0,B01
201800000701,2.0,33,0,0.0,2.0,1.0,1.0,B01
201800000701,1.0,7,0,0.0,2.0,7.0,15.0,A01
201800000702,2.0,7,0,8.0,0.0,1.0,1.0,A01
201800000703,2.0,2,0,0.0,0.0,0.0,1.0,A01
201800000704,0.0,10,0,0.0,1.0,4.0,4.0,A01
201800000705,1.0,7,0,3.0,2.0,2.0,17.0,A01
201800000705,1.0,7,0,0.0,2.0,6.0,2.0,B01
201800000706,1.0,17,0,3.0,0.0,7.0,15.0,A01
201800000707,2.0,10,0,9.0,0.0,4.0,1.0,B01
201800000707,2.0,7,0,0.0,2.0,1.0,0.0,A01
201800000708,2.0,7,0,8.0,0.0,1.0,1.0,A01
201800000709,1.0,7,0,0.0,1.0,2.0,1.0,A01
201800000710,0.0,30,0,0.0,1.0,2.0,16.0,A01
201800000711,1.0,33,0,7.0,0.0,1.0,13.0,A01
201800000712,2.0,7,0,0.0,2.0,1.0,13.0,A01
201800000712,1.0,7,0,0.0,2.0,1.0,1.0,B01
201800000713,1.0,7,0,16.0,0.0,9.0,21.0,A01
201800000714,2.0,10,0,0.0,2.0,1.0,1.0,B01
201800000714,1.0,7,0,0.0,2.0,7.0,13.0,A01
201800000715,1.0,7,0,0.0,9.0,2.0,2.0,A01
201800000715,1.0,1,0,0.0,2.0,1.0,2.0,B01
201800000716,2.0,33,0,13.0,0.0,7.0,1.0,A01
201800000717,2.0,7,0,2.0,0.0,1.0,14.0,A01
201800000718,2.0,38,1,0.0,2.0,1.0,1.0,B01
201800000718,2.0,7,0,0.0,2.0,8.0,15.0,A01
201800000719,0.0,2,0,0.0,0.0,1.0,0.0,A01
201800000720,2.0,7,0,0.0,2.0,8.0,13.0,B01
201800000720,2.0,7,0,0.0,2.0,1.0,1.0,A01
201800000721,0.0,2,0,0.0,2.0,1.0,1.0,A01
201800000721,0.0,10,0,0.0,2.0,2.0,15.0,B01
201800000722,0.0,1,0,0.0,2.0,1.0,19.0,A01
201800000722,0.0,7,0,0.0,2.0,2.0,1.0,B01
201800000723,2.0,7,0,0.0,2.0,3.0,13.0,A01
201800000723,1.0,2,0,0.0,0.0,3.0,0.0,B01
201800000724,0.0,33,0,7.0,0.0,0.0,16.0,A01
201800000725,0.0,7,0,0.0,1.0,0.0,4.0,A01
201800000726,2.0,7,0,13.0,0.0,1.0,14.0,A01
201800000727,2.0,33,0,15.0,0.0,1.0,14.0,A01
201800000728,0.0,7,0,0.0,2.0,3.0,15.0,A01
201800000728,1.0,33,0,0.0,2.0,1.0,1.0,B01
201800000729,2.0,2,0,0.0,2.0,1.0,1.0,B01
201800000729,1.0,7,0,0.0,2.0,3.0,15.0,A01
201800000730,1.0,7,0,15.0,0.0,9.0,1.0,A01
201800000731,1.0,7,0,0.0,2.0,1.0,15.0,A01
201800000731,2.0,33,0,0.0,2.0,1.0,17.0,B01
201800000732,1.0,7,0,13.0,0.0,3.0,13.0,A01
201800000733,0.0,1,0,0.0,2.0,1.0,1.0,A01
201800000733,0.0,7,0,0.0,2.0,2.0,19.0,B01
201800000734,1.0,7,0,2.0,0.0,8.0,1.0,A01
201800000735,2.0,7,0,0.0,2.0,1.0,1.0,A01
201800000735,0.0,7,0,0.0,2.0,7.0,15.0,B01
201800000736,2.0,1,0,1.0,0.0,1.0,1.0,B01
201800000736,2.0,7,0,0.0,2.0,8.0,22.0,A01
201800000737,0.0,7,0,0.0,1.0,1.0,1.0,A01
201800000738,1.0,7,0,13.0,2.0,3.0,1.0,A01
201800000738,2.0,7,0,7.0,2.0,3.0,13.0,B01
201800000739,0.0,7,0,0.0,0.0,7.0,19.0,B01
201800000739,0.0,1,0,0.0,2.0,1.0,1.0,A01
201800000740,0.0,7,0,0.0,2.0,3.0,11.0,A01
201800000740,0.0,7,0,0.0,2.0,3.0,1.0,B01
201800000741,2.0,7,0,0.0,2.0,3.0,13.0,B01
201800000741,1.0,7,0,0.0,2.0,2.0,1.0,A01
201800000742,0.0,7,0,0.0,2.0,2.0,1.0,B01
201800000742,0.0,7,0,0.0,2.0,1.0,1.0,C01
201800000742,0.0,7,0,0.0,2.0,3.0,16.0,A01
201800000743,1.0,7,0,0.0,1.0,1.0,1.0,A01
201800000744,0.0,2,0,0.0,2.0,1.0,1.0,A01
201800000744,0.0,7,0,0.0,2.0,2.0,1.0,B01
201800000745,1.0,7,0,0.0,1.0,1.0,1.0,A01
201800000746,1.0,2,0,0.0,0.0,1.0,1.0,A01
201800000747,0.0,7,0,0.0,2.0,5.0,15.0,A01
201800000747,0.0,2,0,0.0,2.0,1.0,1.0,B01
201800000748,0.0,13,0,0.0,9.0,8.0,15.0,A01
201800000748,1.0,1,0,0.0,2.0,1.0,1.0,B01
201800000749,0.0,30,0,12.0,0.0,1.0,1.0,A01
201800000750,0.0,36,0,13.0,0.0,1.0,1.0,A01
201800000751,1.0,33,0,0.0,2.0,8.0,21.0,A01
201800000751,1.0,21,0,0.0,2.0,8.0,15.0,B01
201800000752,2.0,7,0,0.0,0.0,1.0,1.0,B01
201800000752,2.0,7,0,0.0,0.0,5.0,15.0,A01
201800000753,1.0,7,0,13.0,0.0,0.0,1.0,A01
201800000754,0.0,7,0,2.0,0.0,4.0,1.0,A01
201800000755,1.0,3,0,6.0,0.0,1.0,1.0,A01
201800000756,0.0,7,0,0.0,1.0,1.0,1.0,A01
201800000757,0.0,7,0,0.0,1.0,3.0,16.0,A01
201800000758,1.0,7,0,6.0,0.0,1.0,1.0,A01
201800000759,1.0,7,0,2.0,0.0,1.0,1.0,A01
201800000760,1.0,7,0,0.0,2.0,1.0,1.0,B01
201800000760,1.0,7,0,0.0,2.0,2.0,1.0,C01
201800000760,1.0,7,0,0.0,2.0,1.0,11.0,A01
201800000761,2.0,7,0,1.0,0.0,7.0,17.0,A01
201800000762,2.0,7,0,0.0,0.0,9.0,1.0,A01
201800000763,0.0,33,0,0.0,0.0,1.0,1.0,A01
201800000764,0.0,7,0,0.0,1.0,2.0,16.0,A01
201800000765,2.0,7,0,13.0,2.0,3.0,21.0,A01
201800000765,2.0,7,0,13.0,2.0,1.0,21.0,B01
201800000765,1.0,10,0,0.0,2.0,3.0,13.0,D01
201800000766,0.0,33,0,0.0,2.0,1.0,17.0,A01
201800000766,0.0,36,0,0.0,2.0,3.0,15.0,B01
201800000767,0.0,33,0,0.0,0.0,7.0,1.0,A01
201800000768,1.0,7,0,13.0,2.0,3.0,5.0,A01
201800000768,2.0,38,16,0.0,2.0,3.0,1.0,B01
201800000769,1.0,2,0,0.0,2.0,1.0,11.0,A01
201800000769,2.0,7,0,0.0,2.0,1.0,1.0,B01
201800000770,1.0,7,0,0.0,2.0,1.0,17.0,B01
201800000770,1.0,16,0,0.0,0.0,4.0,15.0,A01
201800000771,0.0,7,0,0.0,1.0,2.0,1.0,A01
201800000772,1.0,7,0,2.0,0.0,2.0,1.0,A01
201800000773,2.0,7,0,3.0,0.0,8.0,13.0,A01
201800000774,1.0,7,0,0.0,2.0,1.0,15.0,B01
201800000774,1.0,7,0,0.0,2.0,1.0,1.0,A01
201800000775,2.0,7,0,6.0,0.0,2.0,1.0,A01
201800000776,0.0,2,0,0.0,0.0,7.0,1.0,A01
201800000777,1.0,2,0,15.0,0.0,1.0,1.0,A01
201800000778,2.0,7,0,0.0,2.0,3.0,17.0,A01
201800000778,1.0,7,0,0.0,2.0,1.0,1.0,B01
201800000778,2.0,38,1,0.0,2.0,8.0,1.0,C01
201800000779,1.0,7,0,0.0,2.0,1.0,15.0,A01
201800000779,2.0,7,0,0.0,2.0,1.0,1.0,B01
201800000779,0.0,7,0,0.0,2.0,1.0,23.0,C01
201800000780,0.0,2,0,0.0,0.0,1.0,1.0,A01
201800000780,0.0,7,0,0.0,2.0,0.0,1.0,B01
201800000781,0.0,7,0,13.0,0.0,3.0,0.0,A01
201800000782,1.0,7,0,1.0,0.0,1.0,13.0,A01
201800000783,2.0,33,0,11.0,0.0,9.0,16.0,A01
201800000784,2.0,10,0,13.0,0.0,2.0,1.0,A01
201800000785,1.0,7,0,0.0,2.0,3.0,9.0,A01
201800000785,0.0,2,0,0.0,0.0,5.0,1.0,B01
201800000786,0.0,7,0,0.0,1.0,3.0,1.0,A01
201800000787,2.0,7,0,0.0,2.0,2.0,17.0,A01
201800000787,2.0,7,0,0.0,0.0,2.0,15.0,B01
201800000788,1.0,34,0,0.0,2.0,3.0,13.0,A01
201800000788,2.0,7,0,0.0,2.0,8.0,1.0,B01
201800000789,2.0,7,0,2.0,0.0,1.0,13.0,A01
201800000790,0.0,2,0,12.0,0.0,1.0,0.0,A01
201800000791,0.0,7,0,0.0,2.0,3.0,9.0,A01
201800000791,0.0,31,0,0.0,2.0,1.0,15.0,B01
201800000792,0.0,17,0,0.0,0.0,7.0,15.0,A01
201800000792,0.0,30,0,0.0,2.0,7.0,1.0,B01
201800000793,1.0,7,0,0.0,0.0,0.0,19.0,A01
201800000793,2.0,33,0,0.0,0.0,8.0,21.0,B01
201800000794,1.0,7,0,8.0,0.0,1.0,13.0,A01
201800000795,0.0,31,0,13.0,0.0,1.0,13.0,A01
201800000796,0.0,2,0,0.0,2.0,1.0,17.0,A01
201800000796,0.0,7,0,0.0,2.0,8.0,15.0,B01
201800000797,0.0,2,0,0.0,2.0,1.0,0.0,A01
201800000797,0.0,7,0,0.0,0.0,6.0,19.0,B01
201800000798,2.0,10,0,0.0,0.0,4.0,1.0,A01
201800000798,2.0,7,0,0.0,2.0,3.0,2.0,B01
201800000798,2.0,7,0,0.0,2.0,1.0,2.0,C01
201800000798,1.0,7,0,0.0,2.0,1.0,2.0,D01
201800000798,2.0,7,0,0.0,2.0,1.0,2.0,E01
201800000799,1.0,7,0,1.0,0.0,0.0,0.0,A01
201800000800,2.0,7,0,0.0,2.0,1.0,13.0,A01
201800000800,1.0,38,45,0.0,2.0,1.0,1.0,B01
201800000801,1.0,33,0,0.0,2.0,1.0,17.0,A01
201800000801,1.0,7,0,0.0,2.0,6.0,2.0,B01
201800000801,2.0,7,0,0.0,2.0,3.0,1.0,C01
201800000801,1.0,7,0,0.0,9.0,1.0,1.0,D01
201800000802,2.0,2,0,0.0,0.0,8.0,1.0,A01
201800000802,2.0,2,0,0.0,0.0,8.0,1.0,B01
201800000803,2.0,7,0,0.0,2.0,1.0,15.0,A01
201800000803,1.0,7,0,0.0,2.0,1.0,1.0,B01
201800000804,0.0,33,0,0.0,0.0,8.0,17.0,A01