Num_Acc,senc,catv,occutc,obs,obsm,choc,manv,num_veh
201800000805,1.0,7,0,0.0,1.0,2.0,1.0,A01
201800000806,1.0,2,0,13.0,0.0,0.0,13.0,A01
201800000807,2.0,33,0,0.0,0.0,0.0,0.0,A01
201800000808,0.0,2,0,0.0,0.0,1.0,0.0,A01
201800000809,2.0,7,0,6.0,0.0,1.0,14.0,A01
201800000810,1.0,7,0,0.0,2.0,3.0,17.0,A01
201800000810,1.0,33,0,2.0,2.0,0.0,17.0,B01
201800000811,1.0,7,0,13.0,0.0,3.0,0.0,A01
201800000812,2.0,1,0,0.0,2.0,1.0,1.0,A01
201800000812,1.0,7,0,0.0,2.0,7.0,9.0,B01
201800000813,1.0,1,0,0.0,2.0,1.0,9.0,B01
201800000813,1.0,7,0,0.0,2.0,8.0,9.0,A01
201800000813,0.0,99,0,0.0,2.0,0.0,0.0,R01
201800000814,1.0,7,0,0.0,2.0,1.0,1.0,A01
201800000814,1.0,7,0,8.0,0.0,4.0,23.0,B01
201800000814,1.0,7,0,0.0,2.0,6.0,23.0,C01
201800000815,2.0,7,0,0.0,2.0,2.0,1.0,A01
201800000815,1.0,10,0,0.0,2.0,1.0,1.0,B01
201800000816,1.0,7,0,0.0,1.0,1.0,15.0,A01
201800000817,1.0,7,0,0.0,2.0,1.0,1.0,A01
201800000817,1.0,31,0,0.0,2.0,4.0,1.0,B01
201800000818,1.0,7,0,0.0,1.0,3.0,1.0,A01
201800000819,2.0,7,0,0.0,2.0,1.0,15.0,A01
201800000819,0.0,33,0,0.0,2.0,1.0,1.0,B01
201800000819,0.0,7,0,0.0,2.0,6.0,1.0,C01
201800000820,2.0,10,0,0.0,2.0,1.0,13.0,A01
201800000820,1.0,7,0,0.0,2.0,1.0,1.0,B01
201800000820,1.0,7,0,0.0,2.0,1.0,1.0,C01
201800000820,2.0,7,0,0.0,2.0,1.0,1.0,D01
201800000821,2.0,7,0,0.0,1.0,3.0,2.0,A01
201800000822,2.0,7,0,0.0,6.0,2.0,14.0,A01
201800000822,2.0,99,0,0.0,2.0,0.0,2.0,B01
201800000823,2.0,2,0,0.0,2.0,1.0,0.0,A01
201800000823,2.0,7,0,0.0,6.0,6.0,15.0,B01
201800000824,1.0,7,0,0.0,2.0,2.0,13.0,A01
201800000824,1.0,7,0,0.0,2.0,1.0,21.0,B01
201800000825,0.0,7,0,0.0,2.0,1.0,15.0,A01
201800000825,0.0,7,0,0.0,2.0,1.0,1.0,B01
201800000826,1.0,7,0,0.0,2.0,8.0,15.0,A01
201800000826,1.0,33,0,0.0,2.0,1.0,1.0,B01
201800000827,0.0,7,0,0.0,2.0,5.0,16.0,A01
201800000827,0.0,1,0,0.0,2.0,1.0,1.0,B01
201800000828,1.0,10,0,0.0,6.0,7.0,16.0,A01
201800000828,1.0,1,0,0.0,2.0,1.0,16.0,B01
201800000829,1.0,2,0,0.0,2.0,1.0,1.0,B01
201800000829,2.0,7,0,0.0,0.0,5.0,9.0,A01
201800000830,1.0,7,0,12.0,0.0,7.0,1.0,B01
201800000830,2.0,7,0,0.0,2.0,1.0,1.0,A01
201800000831,0.0,30,0,0.0,2.0,1.0,8.0,A01
201800000831,0.0,7,0,0.0,2.0,3.0,15.0,B01
201800000832,0.0,7,0,0.0,2.0,8.0,9.0,A01
201800000832,0.0,7,0,0.0,2.0,1.0,1.0,B01
201800000833,0.0,33,0,12.0,0.0,1.0,16.0,A01
201800000834,0.0,7,0,0.0,1.0,2.0,1.0,A01
201800000835,1.0,7,0,0.0,2.0,3.0,1.0,B01
201800000835,0.0,7,0,13.0,2.0,1.0,19.0,A01
201800000836,2.0,7,0,0.0,2.0,1.0,5.0,A01
201800000836,1.0,10,0,0.0,2.0,1.0,1.0,B01
201800000837,1.0,7,0,0.0,2.0,2.0,11.0,A01
201800000837,1.0,7,0,0.0,2.0,1.0,1.0,B01
201800000838,2.0,30,0,0.0,2.0,1.0,0.0,A01
201800000838,1.0,7,0,0.0,2.0,5.0,15.0,B01
201800000839,2.0,7,0,0.0,2.0,2.0,15.0,A01
201800000839,1.0,31,0,0.0,2.0,3.0,1.0,B01
201800000840,2.0,7,0,6.0,0.0,1.0,14.0,A01
201800000840,2.0,7,0,0.0,2.0,2.0,2.0,B01
201800000841,1.0,7,0,0.0,0.0,8.0,24.0,A01
201800000841,1.0,1,0,1.0,0.0,2.0,1.0,B01
201800000841,1.0,7,0,0.0,2.0,3.0,2.0,C01
201800000842,,7,0,0.0,1.0,3.0,1.0,A01
201800000843,2.0,1,0,0.0,2.0,1.0,1.0,B01
201800000843,2.0,10,0,0.0,2.0,2.0,17.0,A01
201800000844,1.0,7,0,0.0,1.0,1.0,0.0,A01
201800000845,1.0,7,0,0.0,2.0,8.0,19.0,A01
201800000845,2.0,7,0,0.0,2.0,3.0,1.0,B01
201800000846,0.0,7,0,0.0,2.0,2.0,17.0,A01
201800000846,2.0,7,0,12.0,2.0,6.0,15.0,B01
201800000846,2.0,7,0,0.0,2.0,3.0,2.0,C01
201800000847,0.0,10,0,0.0,2.0,1.0,2.0,A01
201800000847,0.0,2,0,0.0,2.0,7.0,1.0,B01
201800000848,0.0,7,0,0.0,2.0,8.0,15.0,A01
201800000848,0.0,32,0,0.0,2.0,1.0,2.0,B01
201800000849,1.0,10,0,0.0,2.0,1.0,1.0,B01
201800000849,2.0,7,0,7.0,2.0,2.0,1.0,A01
201800000850,2.0,7,0,0.0,1.0,2.0,1.0,A01
201800000851,2.0,14,0,0.0,2.0,1.0,2.0,A01
201800000851,1.0,7,0,0.0,2.0,4.0,1.0,B01
201800000852,2.0,3,0,0.0,1.0,3.0,0.0,A01
201800000853,2.0,7,0,0.0,2.0,3.0,15.0,A01
201800000853,1.0,1,0,0.0,2.0,1.0,1.0,B01
201800000854,1.0,7,0,0.0,2.0,1.0,1.0,B01
201800000854,0.0,7,0,0.0,2.0,8.0,19.0,A01
201800000855,0.0,7,0,0.0,2.0,2.0,13.0,A01
201800000855,0.0,2,0,0.0,2.0,2.0,13.0,B01
201800000856,2.0,7,0,13.0,0.0,9.0,0.0,A01
201800000857,2.0,7,0,13.0,0.0,1.0,15.0,A01
201800000858,1.0,7,0,6.0,0.0,1.0,14.0,A01
201800000859,1.0,2,0,15.0,0.0,7.0,1.0,A01
201800000860,1.0,17,0,6.0,0.0,1.0,14.0,A01
201800000861,1.0,33,0,0.0,2.0,1.0,1.0,A01
201800000861,0.0,7,0,0.0,2.0,1.0,19.0,B01
201800000862,1.0,10,0,0.0,2.0,1.0,17.0,A01
201800000862,2.0,10,0,0.0,2.0,1.0,1.0,B01
201800000863,2.0,7,0,0.0,1.0,1.0,1.0,A01
201800000864,0.0,1,0,0.0,0.0,5.0,1.0,B01
201800000864,0.0,7,0,0.0,2.0,1.0,16.0,A01
201800000865,1.0,31,0,0.0,2.0,7.0,1.0,B01
201800000865,0.0,7,0,0.0,2.0,1.0,1.0,A01
201800000866,2.0,33,0,0.0,2.0,7.0,15.0,B01
201800000866,1.0,7,0,0.0,2.0,3.0,9.0,A01
201800000867,0.0,2,0,6.0,0.0,7.0,1.0,A01
201800000868,2.0,30,0,0.0,0.0,3.0,0.0,A01
201800000869,0.0,7,0,0.0,2.0,2.0,1.0,A01
201800000869,0.0,99,0,0.0,2.0,0.0,0.0,R01
201800000870,0.0,10,0,0.0,0.0,5.0,4.0,A01
201800000870,0.0,2,0,0.0,2.0,1.0,1.0,B01
201800000871,2.0,33,0,0.0,2.0,2.0,17.0,A01
201800000871,1.0,7,0,0.0,2.0,6.0,11.0,B01
201800000872,0.0,7,0,0.0,1.0,1.0,1.0,A01
201800000873,0.0,2,0,9.0,0.0,1.0,1.0,A01
201800000874,0.0,7,0,0.0,2.0,1.0,19.0,A01
201800000874,0.0,7,0,0.0,2.0,8.0,1.0,B01
201800000875,1.0,7,0,13.0,0.0,1.0,1.0,A01
201800000876,2.0,33,0,13.0,0.0,8.0,2.0,A01
201800000877,0.0,2,0,0.0,2.0,5.0,0.0,B01
201800000877,1.0,7,0,0.0,2.0,3.0,9.0,A01
201800000878,1.0,7,0,0.0,1.0,3.0,17.0,A01
201800000879,0.0,2,0,0.0,0.0,1.0,1.0,A01
201800000880,1.0,7,0,13.0,0.0,7.0,1.0,A01
201800000881,1.0,33,0,0.0,2.0,1.0,1.0,A01
201800000881,1.0,7,0,0.0,2.0,3.0,19.0,B01
201800000882,2.0,7,0,0.0,2.0,5.0,1.0,B01
201800000882,2.0,7,0,0.0,2.0,1.0,1.0,C01
201800000882,1.0,7,0,0.0,2.0,1.0,5.0,A01
201800000883,0.0,7,0,0.0,2.0,1.0,1.0,B01
201800000883,0.0,10,0,0.0,0.0,8.0,1.0,A01
201800000884,1.0,7,0,0.0,2.0,2.0,15.0,A01
201800000884,1.0,33,0,0.0,2.0,1.0,1.0,B01
201800000885,1.0,33,0,0.0,2.0,4.0,1.0,B01
201800000885,1.0,7,0,0.0,2.0,1.0,1.0,A01
201800000886,1.0,7,0,0.0,2.0,1.0,13.0,A01
201800000886,2.0,10,0,0.0,2.0,1.0,1.0,B01
201800000887,1.0,7,0,0.0,2.0,2.0,13.0,A01
201800000887,2.0,7,0,0.0,2.0,3.0,1.0,B01
201800000887,2.0,7,0,0.0,2.0,1.0,1.0,C01
201800000888,2.0,7,0,0.0,1.0,1.0,15.0,A01
201800000889,2.0,7,0,6.0,0.0,3.0,1.0,A01
201800000890,1.0,31,0,0.0,0.0,4.0,15.0,B01
201800000890,1.0,7,0,0.0,2.0,1.0,1.0,A01
201800000891,1.0,7,0,4.0,0.0,2.0,1.0,A01
201800000892,0.0,7,0,0.0,2.0,3.0,1.0,A01
201800000892,0.0,2,0,0.0,2.0,5.0,1.0,B01
201800000893,2.0,7,0,0.0,2.0,4.0,9.0,A01
201800000893,2.0,7,0,0.0,2.0,3.0,11.0,B01
201800000894,0.0,1,0,0.0,2.0,2.0,19.0,B01
201800000894,0.0,37,1,0.0,2.0,7.0,1.0,A01
201800000895,1.0,7,0,0.0,1.0,2.0,1.0,A01
201800000896,1.0,7,0,3.0,0.0,9.0,1.0,A01
201800000897,1.0,7,0,0.0,4.0,8.0,1.0,A01
201800000897,0.0,39,70,0.0,2.0,2.0,1.0,B01
201800000898,2.0,7,0,0.0,2.0,2.0,13.0,B01
201800000898,2.0,7,0,0.0,2.0,3.0,1.0,D01
201800000898,2.0,7,0,0.0,2.0,2.0,13.0,A01
201800000898,2.0,7,0,0.0,2.0,1.0,1.0,C01
201800000899,0.0,7,0,0.0,1.0,2.0,1.0,A01
201800000900,0.0,7,0,0.0,1.0,1.0,0.0,A01
201800000901,0.0,7,0,0.0,2.0,2.0,19.0,A01
201800000901,0.0,2,0,0.0,2.0,3.0,1.0,B01
201800000902,2.0,33,0,0.0,2.0,1.0,1.0,A01
201800000902,2.0,7,0,0.0,0.0,6.0,1.0,B01
201800000903,2.0,10,0,0.0,2.0,8.0,21.0,A01
201800000903,2.0,32,0,0.0,2.0,7.0,1.0,B01
201800000903,2.0,10,0,0.0,0.0,0.0,9.0,C01
201800000904,0.0,2,0,0.0,2.0,1.0,1.0,B01
201800000904,0.0,7,0,0.0,2.0,2.0,1.0,A01
201800000905,2.0,37,3,0.0,2.0,3.0,1.0,B01
201800000905,1.0,7,0,0.0,2.0,1.0,13.0,A01
201800000906,2.0,7,0,0.0,2.0,3.0,1.0,B01
201800000906,1.0,2,0,0.0,2.0,3.0,15.0,A01
201800000907,0.0,7,0,0.0,2.0,1.0,1.0,A01
201800000907,0.0,7,0,0.0,2.0,8.0,15.0,B01
201800000908,0.0,7,0,0.0,2.0,1.0,1.0,A01
201800000908,0.0,33,0,0.0,2.0,8.0,1.0,B01
201800000909,1.0,10,0,2.0,6.0,1.0,1.0,A01
201800000910,0.0,7,0,0.0,2.0,3.0,1.0,A01
201800000910,0.0,7,0,0.0,2.0,3.0,1.0,B01
201800000911,2.0,7,0,0.0,2.0,7.0,15.0,B01
201800000911,1.0,2,0,0.0,2.0,1.0,1.0,A01
201800000912,0.0,7,0,0.0,2.0,3.0,1.0,B01
201800000912,0.0,10,0,0.0,2.0,1.0,1.0,A01
201800000913,0.0,1,0,0.0,2.0,1.0,1.0,B01
201800000913,0.0,7,0,0.0,9.0,5.0,15.0,A01
201800000914,0.0,7,0,13.0,9.0,2.0,1.0,A01
201800000914,0.0,1,0,0.0,2.0,4.0,1.0,B01
201800000915,0.0,2,0,7.0,0.0,1.0,1.0,A01
201800000916,1.0,7,0,6.0,0.0,1.0,1.0,A01
201800000917,0.0,7,0,0.0,2.0,1.0,0.0,B01
201800000917,0.0,31,0,0.0,2.0,0.0,1.0,A01
201800000918,1.0,7,0,0.0,2.0,1.0,1.0,B01
201800000918,2.0,7,0,0.0,2.0,1.0,1.0,A01
201800000919,1.0,33,0,3.0,0.0,3.0,11.0,A01
201800000920,0.0,1,0,0.0,2.0,3.0,1.0,B01
201800000920,0.0,7,0,0.0,9.0,7.0,17.0,A01
201800000921,0.0,10,0,0.0,0.0,1.0,2.0,A01
201800000922,0.0,7,0,3.0,2.0,3.0,1.0,B01
201800000922,0.0,7,0,0.0,2.0,3.0,13.0,A01
201800000923,0.0,33,0,0.0,0.0,2.0,2.0,A01
201800000924,0.0,7,0,6.0,0.0,3.0,19.0,A01
201800000925,0.0,7,0,13.0,0.0,1.0,2.0,A01
201800000926,1.0,7,0,0.0,2.0,1.0,19.0,A01
201800000926,1.0,7,0,0.0,2.0,8.0,1.0,B01
201800000927,1.0,2,0,6.0,0.0,7.0,2.0,A01
201800000928,0.0,2,0,0.0,2.0,1.0,1.0,B01
201800000928,1.0,7,0,0.0,2.0,3.0,15.0,A01
201800000929,0.0,2,0,0.0,2.0,3.0,1.0,B01
201800000929,0.0,31,0,0.0,2.0,3.0,1.0,A01
201800000930,0.0,7,0,0.0,9.0,3.0,9.0,A01
201800000930,0.0,1,0,0.0,2.0,7.0,16.0,B01
201800000931,0.0,7,0,0.0,2.0,2.0,9.0,A01
201800000931,1.0,31,0,0.0,2.0,8.0,1.0,B01
201800000932,0.0,7,0,0.0,2.0,3.0,2.0,B01
201800000932,0.0,2,0,0.0,0.0,0.0,2.0,A01
201800000933,0.0,3,0,0.0,2.0,3.0,0.0,B01
201800000933,0.0,21,0,0.0,2.0,3.0,0.0,A01
201800000934,0.0,33,0,6.0,0.0,0.0,1.0,A01
201800000935,0.0,2,0,0.0,2.0,9.0,1.0,B01
201800000935,0.0,7,0,0.0,2.0,2.0,13.0,A01
201800000936,0.0,2,0,0.0,2.0,1.0,17.0,B01
201800000936,0.0,7,0,0.0,2.0,1.0,17.0,A01
201800000937,0.0,7,0,8.0,0.0,9.0,1.0,A01
201800000938,1.0,2,0,0.0,0.0,7.0,2.0,A01
201800000939,0.0,99,0,0.0,1.0,6.0,1.0,A01
201800000940,0.0,33,0,6.0,0.0,1.0,1.0,A01
201800000941,0.0,7,0,0.0,1.0,2.0,1.0,A01
201800000942,0.0,7,0,0.0,1.0,1.0,1.0,A01
201800000943,0.0,33,0,13.0,0.0,9.0,1.0,A01
201800000944,0.0,7,0,0.0,2.0,1.0,1.0,B01
201800000944,0.0,7,0,0.0,2.0,3.0,0.0,A01
201800000945,0.0,2,0,1.0,0.0,7.0,15.0,A01
201800000946,1.0,7,0,0.0,1.0,3.0,1.0,A01
201800000947,0.0,33,0,0.0,0.0,7.0,1.0,A01
201800000948,0.0,7,0,0.0,2.0,1.0,1.0,A01
201800000948,0.0,7,0,0.0,2.0,1.0,13.0,B01
201800000949,0.0,2,0,0.0,0.0,1.0,1.0,A01
201800000950,0.0,31,0,0.0,0.0,7.0,1.0,A01
201800000951,0.0,2,0,0.0,2.0,1.0,1.0,B01
201800000951,0.0,7,0,0.0,2.0,1.0,15.0,A01
201800000952,0.0,7,0,8.0,0.0,9.0,1.0,A01
201800000953,0.0,16,0,0.0,0.0,6.0,15.0,A01
201800000953,0.0,1,0,0.0,2.0,3.0,1.0,B01
201800000954,2.0,7,0,0.0,2.0,2.0,1.0,B01
201800000954,0.0,1,0,0.0,2.0,1.0,19.0,A01
201800000955,1.0,2,0,15.0,0.0,1.0,1.0,A01
201800000956,0.0,10,0,0.0,2.0,1.0,1.0,B01
201800000956,0.0,7,0,0.0,2.0,2.0,15.0,A01
201800000957,2.0,7,0,0.0,0.0,2.0,1.0,A01
201800000958,2.0,10,0,0.0,2.0,3.0,9.0,A01
201800000958,1.0,7,0,0.0,2.0,1.0,1.0,B01
201800000959,2.0,7,0,13.0,0.0,1.0,1.0,A01
201800000960,2.0,7,0,0.0,2.0,3.0,9.0,A01
201800000960,1.0,35,0,0.0,2.0,2.0,9.0,B01
201800000961,1.0,7,0,0.0,2.0,3.0,1.0,B01
201800000961,1.0,7,0,0.0,2.0,2.0,19.0,A01
201800000962,2.0,7,0,1.0,0.0,1.0,19.0,A01
201800000963,1.0,7,0,0.0,1.0,1.0,2.0,A01
201800000964,1.0,7,0,0.0,1.0,1.0,1.0,A01
201800000965,1.0,7,0,11.0,0.0,1.0,1.0,A01
201800000966,1.0,7,0,0.0,2.0,4.0,7.0,A01
201800000966,1.0,7,0,0.0,2.0,1.0,2.0,B01
201800000967,1.0,7,0,0.0,2.0,6.0,1.0,A01
201800000967,2.0,7,0,0.0,2.0,3.0,0.0,B01
201800000968,,7,0,0.0,2.0,2.0,0.0,A01
201800000968,,7,0,0.0,2.0,3.0,1.0,B01
201800000969,2.0,7,0,0.0,2.0,1.0,1.0,A01
201800000969,2.0,7,0,0.0,2.0,8.0,1.0,B01
201800000970,0.0,7,0,0.0,1.0,6.0,20.0,A01
201800000971,,34,0,8.0,0.0,0.0,21.0,A01
201800000972,1.0,7,0,2.0,0.0,1.0,0.0,A01
201800000973,1.0,7,0,15.0,2.0,0.0,21.0,A01
201800000973,2.0,7,0,0.0,2.0,3.0,15.0,B01
201800000974,1.0,7,0,4.0,0.0,7.0,1.0,A01
201800000975,1.0,7,0,0.0,0.0,6.0,16.0,A01
201800000975,1.0,16,0,0.0,2.0,2.0,2.0,B01
201800000976,1.0,10,0,0.0,1.0,1.0,16.0,A01
201800000977,1.0,7,0,0.0,1.0,1.0,9.0,A01
201800000978,2.0,7,0,0.0,2.0,1.0,13.0,A01
201800000978,1.0,7,0,0.0,2.0,3.0,1.0,B01
201800000978,1.0,7,0,0.0,2.0,1.0,0.0,C01
201800000979,1.0,7,0,0.0,2.0,0.0,17.0,A01
201800000979,2.0,7,0,0.0,2.0,5.0,1.0,B01
201800000979,2.0,7,0,0.0,2.0,3.0,2.0,C01
201800000980,2.0,7,0,0.0,2.0,5.0,15.0,A01
201800000980,1.0,33,0,0.0,2.0,2.0,1.0,B01
201800000981,,10,0,6.0,0.0,1.0,1.0,A01
201800000982,,1,0,1.0,0.0,7.0,1.0,B01
201800000982,,7,0,1.0,0.0,3.0,17.0,A01
201800000983,2.0,7,0,0.0,0.0,9.0,1.0,A01
201800000984,2.0,1,0,0.0,2.0,7.0,1.0,B01
201800000984,2.0,7,0,0.0,2.0,3.0,9.0,A01
201800000985,0.0,7,0,0.0,2.0,1.0,15.0,A01
201800000985,0.0,7,0,0.0,2.0,1.0,1.0,B01
201800000986,,7,0,0.0,1.0,2.0,1.0,A01
201800000987,0.0,7,0,0.0,1.0,4.0,9.0,A01
201800000988,2.0,7,0,0.0,2.0,3.0,9.0,A01
201800000988,1.0,1,0,0.0,2.0,1.0,0.0,B01
201800000989,1.0,7,0,0.0,1.0,2.0,1.0,A01
201800000990,0.0,7,0,0.0,1.0,2.0,15.0,A01
201800000991,0.0,7,0,0.0,2.0,3.0,15.0,A01
201800000991,0.0,1,0,0.0,2.0,4.0,1.0,B01
201800000992,0.0,7,0,0.0,2.0,1.0,2.0,A01
201800000992,0.0,7,0,0.0,0.0,4.0,1.0,B01
201800000993,2.0,7,0,0.0,2.0,8.0,16.0,A01
201800000993,1.0,33,0,0.0,2.0,3.0,17.0,B01
201800000994,0.0,7,0,0.0,1.0,2.0,14.0,A01
201800000995,0.0,33,0,0.0,2.0,1.0,1.0,B01
201800000995,0.0,7,0,0.0,0.0,3.0,19.0,A01
201800000996,2.0,33,0,0.0,6.0,1.0,1.0,A01
201800000997,0.0,7,0,0.0,2.0,3.0,0.0,A01
201800000997,0.0,2,0,0.0,2.0,1.0,0.0,B01
201800000998,0.0,7,0,0.0,0.0,6.0,15.0,A01
201800000998,0.0,33,0,0.0,2.0,1.0,17.0,B01
201800000999,1.0,7,0,0.0,2.0,5.0,16.0,A01
201800000999,1.0,2,0,0.0,2.0,3.0,18.0,B01
201800001000,2.0,1,0,0.0,0.0,0.0,0.0,A01
201800001001,1.0,7,0,0.0,0.0,5.0,15.0,B01
201800001001,1.0,2,0,0.0,2.0,2.0,2.0,A01
201800001002,2.0,33,0,0.0,0.0,0.0,1.0,A01
201800001003,0.0,2,0,0.0,2.0,1.0,1.0,A01
201800001003,0.0,7,0,0.0,2.0,1.0,1.0,B01
201800001004,2.0,7,0,8.0,0.0,2.0,1.0,A01
201800001005,1.0,10,0,0.0,2.0,3.0,9.0,A01
201800001005,1.0,7,0,0.0,2.0,7.0,2.0,B01
201800001006,2.0,33,0,12.0,0.0,1.0,18.0,A01
201800001007,1.0,2,0,0.0,2.0,1.0,1.0,B01
201800001007,1.0,7,0,0.0,2.0,3.0,15.0,A01
201800001008,1.0,7,0,0.0,1.0,3.0,1.0,A01
201800001009,0.0,33,0,0.0,2.0,1.0,1.0,B01
201800001009,0.0,7,0,0.0,2.0,3.0,15.0,A01
201800001010,0.0,7,0,0.0,2.0,1.0,1.0,A01
201800001010,0.0,1,0,0.0,2.0,7.0,1.0,B01
201800001011,2.0,7,0,0.0,2.0,1.0,1.0,B01
201800001011,1.0,15,0,0.0,2.0,0.0,1.0,A01
201800001012,2.0,33,0,0.0,2.0,1.0,2.0,B01
201800001012,2.0,7,0,0.0,0.0,6.0,15.0,A01
201800001013,0.0,1,0,0.0,2.0,3.0,1.0,A01
201800001013,0.0,7,0,0.0,9.0,1.0,0.0,B01
201800001014,1.0,7,0,8.0,0.0,2.0,1.0,A01
201800001015,0.0,17,0,0.0,4.0,5.0,1.0,A01
201800001015,1.0,39,2,6.0,2.0,1.0,1.0,B01
201800001016,1.0,2,0,0.0,2.0,1.0,17.0,B01
201800001016,1.0,7,0,0.0,0.0,6.0,11.0,A01
201800001017,2.0,3,0,0.0,2.0,1.0,15.0,B01
201800001017,1.0,7,0,0.0,2.0,1.0,1.0,A01
201800001018,0.0,7,0,0.0,1.0,1.0,1.0,A01
201800001019,0.0,7,0,0.0,2.0,2.0,15.0,B01
201800001019,0.0,33,0,0.0,2.0,1.0,1.0,A01
201800001020,2.0,33,0,0.0,0.0,1.0,1.0,A01
201800001021,1.0,2,0,0.0,1.0,1.0,2.0,A01
201800001022,1.0,7,0,13.0,,3.0,,A01
201800001023,1.0,38,1,0.0,2.0,2.0,1.0,A01
201800001023,1.0,1,0,0.0,0.0,8.0,19.0,B01
201800001024,1.0,15,0,0.0,0.0,6.0,1.0,A01
201800001024,2.0,7,0,0.0,9.0,1.0,1.0,B01
201800001025,1.0,2,0,0.0,0.0,8.0,1.0,A01
201800001026,2.0,7,0,13.0,0.0,2.0,1.0,A01
201800001027,2.0,7,0,0.0,2.0,3.0,1.0,B01
201800001027,1.0,7,0,0.0,2.0,1.0,13.0,A01
201800001028,2.0,7,0,0.0,2.0,1.0,2.0,A01
201800001028,2.0,1,0,0.0,2.0,7.0,2.0,B01
201800001029,1.0,7,0,0.0,2.0,3.0,1.0,A01
201800001029,2.0,1,0,0.0,2.0,7.0,1.0,B01
201800001030,0.0,1,0,0.0,2.0,8.0,1.0,B01
201800001030,0.0,1,0,0.0,2.0,0.0,1.0,A01
201800001031,0.0,7,0,13.0,0.0,1.0,1.0,A01
201800001032,1.0,7,0,2.0,0.0,8.0,13.0,A01
201800001033,1.0,10,0,13.0,0.0,2.0,1.0,A01
201800001034,2.0,2,0,13.0,0.0,2.0,1.0,A01
201800001035,1.0,7,0,0.0,0.0,4.0,15.0,B01
201800001035,1.0,2,0,0.0,2.0,1.0,1.0,A01
201800001036,1.0,1,0,0.0,2.0,0.0,1.0,B01
201800001036,2.0,7,0,0.0,9.0,3.0,1.0,A01
201800001037,2.0,7,0,0.0,2.0,1.0,17.0,A01
201800001037,1.0,7,0,13.0,2.0,1.0,1.0,B01
201800001038,1.0,7,0,6.0,0.0,1.0,2.0,A01
201800001039,2.0,7,0,13.0,0.0,1.0,17.0,A01
201800001039,2.0,7,0,0.0,9.0,1.0,1.0,B01
201800001040,1.0,7,0,14.0,9.0,2.0,1.0,B01
201800001040,1.0,1,0,14.0,2.0,3.0,1.0,A01
201800001041,1.0,7,0,0.0,2.0,1.0,1.0,A01
201800001041,2.0,7,0,0.0,2.0,1.0,1.0,B01
201800001042,2.0,2,0,0.0,2.0,1.0,2.0,A01
201800001042,2.0,21,0,0.0,2.0,4.0,2.0,B01
201800001043,2.0,7,0,3.0,0.0,1.0,1.0,A01
201800001044,2.0,7,0,0.0,2.0,2.0,2.0,A01
201800001044,2.0,7,0,5.0,0.0,4.0,2.0,B01
201800001045,1.0,10,0,0.0,2.0,1.0,1.0,A01
201800001045,1.0,7,0,6.0,2.0,4.0,15.0,B01
201800001046,1.0,10,0,0.0,2.0,2.0,1.0,A01
201800001046,2.0,30,0,0.0,2.0,1.0,5.0,B01
201800001047,1.0,2,0,0.0,2.0,2.0,1.0,A01
201800001047,2.0,7,0,0.0,2.0,3.0,13.0,B01
201800001048,1.0,10,0,0.0,0.0,6.0,15.0,A01
201800001048,1.0,2,0,0.0,2.0,3.0,17.0,B01
201800001049,1.0,3,0,0.0,2.0,4.0,1.0,A01
201800001049,1.0,7,0,0.0,2.0,1.0,1.0,B01
201800001050,1.0,7,0,0.0,2.0,3.0,1.0,B01
201800001050,2.0,7,0,0.0,2.0,3.0,1.0,A01
201800001051,0.0,7,0,13.0,0.0,1.0,1.0,A01
201800001052,1.0,2,0,0.0,2.0,6.0,19.0,B01
201800001052,2.0,7,0,0.0,2.0,2.0,0.0,A01
201800001053,2.0,7,0,0.0,2.0,3.0,17.0,A01
201800001053,1.0,7,0,0.0,2.0,3.0,1.0,B01
201800001053,2.0,7,0,0.0,2.0,3.0,1.0,C01
201800001054,1.0,7,0,0.0,1.0,2.0,1.0,A01
201800001055,0.0,2,0,16.0,0.0,1.0,1.0,A01
201800001056,0.0,7,0,0.0,2.0,3.0,16.0,A01
201800001056,0.0,7,0,0.0,2.0,3.0,1.0,B01
201800001057,2.0,10,0,0.0,0.0,1.0,1.0,C01
201800001057,1.0,10,0,0.0,0.0,4.0,15.0,B01
201800001057,1.0,10,0,0.0,2.0,1.0,1.0,A01
201800001058,1.0,7,0,0.0,0.0,8.0,16.0,B01
201800001058,1.0,7,0,0.0,2.0,1.0,1.0,A01
201800001059,2.0,33,0,2.0,9.0,1.0,13.0,A01
201800001060,1.0,7,0,0.0,2.0,3.0,0.0,A01
201800001060,2.0,7,0,0.0,2.0,3.0,0.0,B01
201800001061,0.0,7,0,0.0,2.0,3.0,1.0,A01
201800001061,0.0,7,0,0.0,2.0,3.0,13.0,B01
201800001062,1.0,33,0,0.0,0.0,0.0,17.0,A01
201800001062,1.0,7,0,0.0,9.0,1.0,1.0,B01
201800001063,2.0,7,0,0.0,2.0,1.0,13.0,A01
201800001063,1.0,10,0,0.0,2.0,3.0,21.0,B01
201800001064,1.0,1,0,0.0,0.0,4.0,2.0,B01
201800001064,1.0,13,0,0.0,9.0,2.0,2.0,A01
201800001065,1.0,7,0,13.0,0.0,3.0,13.0,A01
201800001066,1.0,7,0,0.0,0.0,1.0,14.0,A01
201800001067,1.0,7,0,0.0,2.0,3.0,15.0,B01