Num_Acc,senc,catv,occutc,obs,obsm,choc,manv,num_veh
201800001067,1.0,2,0,0.0,2.0,1.0,17.0,A01
201800001068,1.0,33,0,0.0,2.0,1.0,1.0,B01
201800001068,1.0,7,0,0.0,2.0,3.0,15.0,A01
201800001069,0.0,1,0,0.0,0.0,0.0,0.0,A01
201800001070,2.0,7,0,0.0,2.0,3.0,1.0,C01
201800001070,2.0,7,0,0.0,2.0,0.0,1.0,D01
201800001070,2.0,7,0,0.0,2.0,1.0,2.0,A01
201800001070,2.0,7,0,0.0,2.0,3.0,1.0,B01
201800001071,1.0,33,0,0.0,2.0,1.0,17.0,B01
201800001071,1.0,7,0,0.0,2.0,6.0,15.0,A01
201800001072,0.0,2,0,0.0,2.0,1.0,13.0,A01
201800001072,0.0,21,0,0.0,2.0,6.0,21.0,B01
201800001073,2.0,7,0,13.0,0.0,3.0,13.0,A01
201800001074,2.0,7,0,0.0,2.0,8.0,13.0,A01
201800001074,1.0,7,0,0.0,2.0,1.0,1.0,B01
201800001075,1.0,7,0,13.0,0.0,1.0,1.0,A01
201800001076,2.0,31,0,5.0,9.0,1.0,17.0,B01
201800001076,2.0,7,0,0.0,2.0,5.0,17.0,A01
201800001077,2.0,1,0,0.0,2.0,4.0,2.0,B01
201800001077,2.0,7,0,0.0,2.0,2.0,2.0,A01
201800001078,0.0,7,0,15.0,0.0,3.0,0.0,A01
201800001079,0.0,7,0,1.0,0.0,3.0,1.0,A01
201800001080,1.0,7,0,13.0,0.0,1.0,1.0,A01
201800001081,0.0,1,0,16.0,0.0,1.0,19.0,A01
201800001082,2.0,33,0,0.0,2.0,1.0,0.0,B01
201800001082,1.0,7,0,0.0,2.0,3.0,10.0,A01
201800001083,1.0,7,0,0.0,2.0,1.0,1.0,C01
201800001083,1.0,7,0,0.0,2.0,1.0,1.0,B01
201800001083,2.0,7,0,0.0,2.0,1.0,13.0,A01
201800001084,0.0,33,0,0.0,2.0,1.0,0.0,B01
201800001084,0.0,21,0,0.0,2.0,0.0,22.0,A01
201800001085,1.0,7,0,2.0,0.0,2.0,1.0,A01
201800001086,1.0,7,0,0.0,2.0,3.0,1.0,B01
201800001086,2.0,7,0,13.0,2.0,3.0,13.0,A01
201800001087,0.0,7,0,0.0,1.0,1.0,1.0,A01
201800001088,2.0,7,0,0.0,2.0,1.0,5.0,A01
201800001088,1.0,7,0,0.0,2.0,1.0,1.0,B01
201800001089,0.0,7,0,0.0,9.0,2.0,1.0,A01
201800001089,0.0,1,0,0.0,0.0,7.0,19.0,B01
201800001090,2.0,7,0,0.0,1.0,2.0,1.0,A01
201800001091,0.0,33,0,0.0,2.0,1.0,1.0,B01
201800001091,0.0,10,0,0.0,2.0,5.0,15.0,A01
201800001092,0.0,7,0,0.0,2.0,1.0,9.0,A01
201800001092,0.0,1,0,0.0,2.0,7.0,1.0,B01
201800001093,2.0,7,0,0.0,2.0,1.0,1.0,B01
201800001093,2.0,32,0,0.0,2.0,8.0,1.0,A01
201800001093,1.0,7,0,0.0,9.0,1.0,1.0,C01
201800001094,2.0,10,0,13.0,0.0,2.0,1.0,A01
201800001095,1.0,7,0,1.0,1.0,2.0,1.0,A01
201800001096,0.0,7,0,0.0,9.0,1.0,1.0,A01
201800001096,0.0,1,0,0.0,2.0,7.0,1.0,B01
201800001097,2.0,7,0,0.0,2.0,1.0,13.0,A01
201800001097,1.0,7,0,0.0,2.0,1.0,1.0,B01
201800001098,2.0,7,0,0.0,2.0,2.0,15.0,B01
201800001098,2.0,33,0,0.0,2.0,3.0,1.0,A01
201800001099,2.0,7,0,8.0,0.0,3.0,6.0,A01
201800001100,2.0,7,0,6.0,0.0,8.0,1.0,A01
201800001101,2.0,7,0,6.0,0.0,1.0,1.0,A01
201800001102,1.0,7,0,13.0,0.0,2.0,2.0,A01
201800001103,2.0,7,0,0.0,1.0,1.0,16.0,A01
201800001104,2.0,7,0,0.0,1.0,3.0,1.0,A01
201800001105,2.0,7,0,0.0,2.0,3.0,15.0,B01
201800001105,2.0,33,0,9.0,2.0,7.0,17.0,A01
201800001106,2.0,2,0,0.0,2.0,3.0,1.0,A01
201800001106,2.0,7,0,0.0,0.0,7.0,16.0,B01
201800001107,2.0,1,0,0.0,2.0,3.0,1.0,A01
201800001107,2.0,7,0,0.0,2.0,7.0,17.0,B01
201800001108,2.0,7,0,8.0,0.0,2.0,1.0,A01
201800001109,2.0,1,0,0.0,2.0,1.0,1.0,B01
201800001109,2.0,7,0,0.0,2.0,5.0,16.0,A01
201800001110,1.0,7,0,0.0,0.0,6.0,15.0,B01
201800001110,1.0,34,0,0.0,2.0,1.0,3.0,A01
201800001111,1.0,7,0,0.0,2.0,1.0,15.0,A01
201800001111,1.0,1,0,0.0,2.0,5.0,1.0,B01
201800001112,2.0,7,0,0.0,2.0,1.0,13.0,A01
201800001112,1.0,7,0,0.0,2.0,8.0,1.0,B01
201800001112,1.0,7,0,0.0,2.0,8.0,1.0,C01
201800001112,1.0,7,0,0.0,2.0,1.0,1.0,D01
201800001113,1.0,7,0,0.0,2.0,1.0,13.0,A01
201800001113,2.0,7,0,0.0,2.0,1.0,1.0,B01
201800001114,2.0,7,0,0.0,2.0,8.0,1.0,B01
201800001114,1.0,30,0,0.0,2.0,3.0,13.0,A01
201800001115,2.0,7,0,8.0,0.0,1.0,1.0,A01
201800001116,1.0,33,0,0.0,2.0,1.0,17.0,B01
201800001116,1.0,7,0,0.0,2.0,3.0,10.0,A01
201800001117,1.0,7,0,0.0,1.0,1.0,15.0,A01
201800001118,0.0,2,0,0.0,2.0,4.0,1.0,A01
201800001118,0.0,7,0,0.0,2.0,1.0,1.0,B01
201800001119,2.0,7,0,2.0,0.0,1.0,0.0,A01
201800001120,2.0,31,0,0.0,2.0,1.0,1.0,A01
201800001120,1.0,7,0,0.0,2.0,2.0,15.0,B01
201800001121,2.0,7,0,0.0,1.0,1.0,1.0,A01
201800001122,1.0,7,0,0.0,2.0,3.0,15.0,A01
201800001122,1.0,7,0,0.0,2.0,3.0,1.0,B01
201800001123,1.0,7,0,0.0,2.0,2.0,13.0,B01
201800001123,2.0,7,0,0.0,2.0,1.0,1.0,A01
201800001123,2.0,7,0,0.0,2.0,1.0,1.0,C01
201800001124,2.0,7,0,0.0,2.0,6.0,1.0,C01
201800001124,1.0,7,0,0.0,2.0,1.0,13.0,A01
201800001124,2.0,7,0,0.0,2.0,1.0,1.0,B01
201800001125,1.0,7,0,0.0,0.0,4.0,23.0,A01
201800001125,1.0,7,0,0.0,2.0,1.0,2.0,B01
201800001126,2.0,7,0,0.0,2.0,8.0,10.0,B01
201800001126,2.0,33,0,0.0,2.0,1.0,2.0,A01
201800001127,1.0,33,0,0.0,2.0,1.0,1.0,A01
201800001127,1.0,7,0,0.0,0.0,4.0,15.0,B01
201800001128,0.0,30,0,0.0,2.0,1.0,1.0,B01
201800001128,0.0,13,0,0.0,2.0,4.0,4.0,A01
201800001129,1.0,7,0,13.0,0.0,1.0,1.0,A01
201800001130,1.0,2,0,0.0,2.0,8.0,13.0,A01
201800001130,1.0,7,0,0.0,2.0,7.0,1.0,B01
201800001131,2.0,13,0,0.0,1.0,3.0,0.0,A01
201800001132,2.0,10,0,0.0,2.0,1.0,9.0,A01
201800001132,1.0,2,0,0.0,2.0,7.0,0.0,B01
201800001133,1.0,7,0,0.0,2.0,3.0,13.0,A01
201800001133,2.0,7,0,0.0,2.0,3.0,21.0,D01
201800001133,2.0,7,0,0.0,2.0,3.0,1.0,C01
201800001133,2.0,34,0,13.0,0.0,0.0,21.0,B01
201800001134,0.0,7,0,0.0,2.0,1.0,9.0,A01
201800001134,2.0,1,0,0.0,2.0,5.0,1.0,B01
201800001135,1.0,7,0,0.0,1.0,1.0,1.0,A01
201800001136,1.0,7,0,13.0,0.0,0.0,1.0,A01
201800001137,2.0,7,0,0.0,2.0,3.0,1.0,B01
201800001137,1.0,7,0,0.0,2.0,3.0,13.0,A01
201800001138,1.0,7,0,0.0,2.0,7.0,1.0,B01
201800001138,2.0,7,0,0.0,2.0,1.0,15.0,A01
201800001139,1.0,7,0,0.0,9.0,1.0,1.0,B01
201800001139,1.0,1,0,0.0,0.0,4.0,0.0,A01
201800001140,2.0,21,0,0.0,0.0,7.0,1.0,A01
201800001140,1.0,7,0,0.0,2.0,1.0,19.0,B01
201800001141,1.0,33,0,0.0,2.0,2.0,1.0,B01
201800001141,1.0,7,0,0.0,2.0,3.0,10.0,A01
201800001142,1.0,33,0,0.0,2.0,1.0,1.0,B01
201800001142,1.0,7,0,0.0,2.0,6.0,10.0,A01
201800001143,2.0,7,0,0.0,2.0,1.0,1.0,A01
201800001143,1.0,7,0,0.0,2.0,1.0,13.0,B01
201800001144,1.0,7,0,2.0,0.0,1.0,1.0,A01
201800001145,2.0,7,0,0.0,9.0,1.0,9.0,A01
201800001145,2.0,1,0,0.0,0.0,7.0,0.0,B01
201800001146,1.0,7,0,0.0,2.0,1.0,1.0,B01
201800001146,2.0,7,0,0.0,2.0,1.0,13.0,A01
201800001147,1.0,33,0,0.0,2.0,1.0,2.0,A01
201800001147,1.0,7,0,0.0,0.0,5.0,16.0,B01
201800001148,1.0,33,0,3.0,2.0,1.0,17.0,B01
201800001148,2.0,7,0,0.0,2.0,2.0,15.0,A01
201800001149,2.0,7,0,8.0,0.0,8.0,0.0,A01
201800001150,2.0,7,0,0.0,2.0,3.0,15.0,B01
201800001150,2.0,33,0,0.0,2.0,1.0,17.0,A01
201800001151,1.0,7,0,0.0,2.0,3.0,1.0,B01
201800001151,2.0,7,0,0.0,2.0,3.0,1.0,A01
201800001152,1.0,7,0,2.0,0.0,1.0,1.0,A01
201800001153,1.0,7,0,0.0,2.0,7.0,15.0,A01
201800001153,2.0,33,0,0.0,2.0,7.0,1.0,B01
201800001154,2.0,7,0,3.0,2.0,2.0,1.0,B01
201800001154,1.0,7,0,12.0,2.0,5.0,15.0,A01
201800001155,1.0,7,0,0.0,2.0,1.0,1.0,B01
201800001155,2.0,7,0,0.0,2.0,1.0,1.0,A01
201800001156,0.0,7,0,0.0,2.0,1.0,11.0,B01
201800001156,0.0,7,0,0.0,2.0,1.0,2.0,A01
201800001157,1.0,7,0,6.0,0.0,7.0,1.0,A01
201800001158,1.0,7,0,0.0,1.0,2.0,2.0,A01
201800001159,0.0,1,0,0.0,2.0,1.0,1.0,B01
201800001159,0.0,7,0,0.0,2.0,3.0,15.0,A01
201800001160,2.0,7,0,0.0,2.0,2.0,1.0,A01
201800001160,2.0,7,0,3.0,2.0,6.0,1.0,B01
201800001161,1.0,7,0,0.0,1.0,1.0,1.0,A01
201800001162,2.0,7,0,0.0,2.0,2.0,0.0,A01
201800001162,2.0,33,0,0.0,2.0,8.0,3.0,B01
201800001163,1.0,7,0,13.0,0.0,1.0,1.0,A01
201800001164,1.0,7,0,0.0,2.0,1.0,1.0,B01
201800001164,1.0,7,0,0.0,2.0,3.0,23.0,C01
201800001164,1.0,7,0,0.0,2.0,2.0,15.0,A01
201800001165,2.0,7,0,0.0,2.0,3.0,15.0,B01
201800001165,1.0,33,0,0.0,2.0,1.0,1.0,A01
201800001166,1.0,7,0,0.0,2.0,2.0,1.0,A01
201800001166,2.0,33,0,0.0,2.0,3.0,5.0,B01
201800001167,2.0,30,0,15.0,2.0,2.0,17.0,A01
201800001167,2.0,3,0,0.0,2.0,3.0,15.0,B01
201800001168,2.0,7,0,0.0,1.0,3.0,1.0,A01
201800001169,0.0,31,0,0.0,2.0,0.0,0.0,A01
201800001169,0.0,10,0,0.0,2.0,3.0,21.0,B01
201800001170,2.0,7,0,0.0,2.0,3.0,10.0,A01
201800001170,2.0,33,0,0.0,2.0,1.0,17.0,B01
201800001171,2.0,7,0,2.0,0.0,3.0,1.0,A01
201800001172,2.0,33,0,0.0,2.0,1.0,17.0,A01
201800001172,2.0,7,0,0.0,2.0,8.0,19.0,B01
201800001173,0.0,33,0,0.0,6.0,0.0,1.0,A01
201800001174,2.0,7,0,0.0,0.0,4.0,23.0,A01
201800001174,2.0,33,0,0.0,2.0,1.0,2.0,B01
201800001175,1.0,30,0,0.0,0.0,0.0,1.0,A01
201800001176,2.0,10,0,0.0,2.0,1.0,9.0,A01
201800001176,2.0,31,0,0.0,0.0,7.0,1.0,B01
201800001177,1.0,7,0,0.0,2.0,6.0,14.0,B01
201800001177,2.0,7,0,6.0,2.0,3.0,13.0,A01
201800001178,2.0,2,0,0.0,2.0,1.0,1.0,B01
201800001178,2.0,7,0,0.0,2.0,3.0,9.0,A01
201800001179,1.0,7,0,0.0,2.0,1.0,1.0,C01
201800001179,2.0,7,0,0.0,2.0,3.0,13.0,A01
201800001179,2.0,7,0,0.0,2.0,3.0,1.0,B01
201800001180,2.0,10,0,0.0,2.0,1.0,1.0,B01
201800001180,2.0,17,0,0.0,2.0,0.0,17.0,C01
201800001180,1.0,7,0,0.0,2.0,2.0,13.0,A01
201800001181,2.0,7,0,0.0,2.0,3.0,13.0,A01
201800001181,1.0,7,0,0.0,2.0,1.0,1.0,B01
201800001182,1.0,7,0,0.0,2.0,2.0,17.0,B01
201800001182,1.0,1,0,0.0,2.0,6.0,2.0,A01
201800001183,1.0,7,0,0.0,2.0,1.0,1.0,B01
201800001183,2.0,2,0,0.0,2.0,7.0,19.0,A01
201800001184,2.0,7,0,2.0,0.0,3.0,19.0,A01
201800001185,2.0,1,0,0.0,2.0,8.0,2.0,B01
201800001185,2.0,7,0,0.0,2.0,2.0,2.0,A01
201800001186,2.0,7,0,0.0,2.0,8.0,15.0,A01
201800001186,1.0,2,0,0.0,2.0,1.0,1.0,B01
201800001187,1.0,33,0,6.0,0.0,2.0,1.0,A01
201800001188,1.0,7,0,0.0,2.0,3.0,13.0,A01
201800001188,2.0,33,0,0.0,2.0,1.0,1.0,B01
201800001189,2.0,10,0,8.0,2.0,3.0,13.0,A01
201800001189,1.0,7,0,0.0,2.0,1.0,1.0,B01
201800001190,1.0,7,0,1.0,1.0,1.0,1.0,A01
201800001191,1.0,7,0,0.0,2.0,3.0,13.0,A01
201800001191,2.0,7,0,0.0,2.0,1.0,2.0,C01
201800001191,2.0,7,0,0.0,2.0,2.0,1.0,B01
201800001192,1.0,2,0,0.0,2.0,4.0,1.0,B01
201800001192,1.0,7,0,0.0,9.0,2.0,0.0,A01
201800001193,2.0,7,0,1.0,0.0,1.0,2.0,B01
201800001193,2.0,10,0,0.0,0.0,4.0,24.0,A01
201800001194,1.0,33,0,0.0,2.0,1.0,1.0,A01
201800001194,1.0,7,0,0.0,2.0,3.0,9.0,B01
201800001195,2.0,7,0,0.0,2.0,3.0,1.0,B01
201800001195,1.0,7,0,0.0,2.0,3.0,13.0,A01
201800001196,2.0,7,0,0.0,2.0,6.0,10.0,A01
201800001196,2.0,33,0,0.0,2.0,1.0,17.0,B01
201800001197,1.0,33,0,0.0,2.0,1.0,1.0,B02
201800001197,1.0,7,0,0.0,2.0,6.0,19.0,A01
201800001198,1.0,7,0,0.0,2.0,2.0,15.0,A01
201800001198,2.0,33,0,0.0,2.0,3.0,1.0,B01
201800001199,2.0,2,0,13.0,0.0,0.0,1.0,A01
201800001200,1.0,2,0,6.0,0.0,7.0,0.0,A01
201800001201,1.0,2,0,0.0,2.0,1.0,17.0,A01
201800001201,0.0,7,0,0.0,2.0,8.0,15.0,B01
201800001202,1.0,14,0,0.0,2.0,1.0,1.0,B01
201800001202,1.0,7,0,0.0,0.0,3.0,15.0,A01
201800001203,2.0,7,0,0.0,2.0,2.0,1.0,B01
201800001203,1.0,7,0,0.0,2.0,3.0,13.0,A01
201800001204,2.0,7,0,0.0,2.0,1.0,1.0,A01
201800001204,2.0,7,0,0.0,2.0,1.0,15.0,B01
201800001205,0.0,7,0,0.0,1.0,1.0,16.0,A01
201800001206,1.0,15,0,0.0,0.0,4.0,2.0,B01
201800001206,1.0,7,0,0.0,2.0,1.0,2.0,A01
201800001207,2.0,2,0,0.0,0.0,0.0,21.0,A01
201800001208,0.0,7,0,2.0,0.0,7.0,14.0,A01
201800001209,2.0,7,0,0.0,1.0,1.0,1.0,A01
201800001210,1.0,2,0,13.0,0.0,8.0,1.0,A01
201800001210,1.0,15,0,0.0,2.0,5.0,17.0,B01
201800001211,1.0,7,0,0.0,2.0,1.0,1.0,B01
201800001211,2.0,7,0,0.0,2.0,1.0,13.0,A01
201800001212,2.0,7,0,0.0,1.0,1.0,2.0,A01
201800001213,1.0,33,0,0.0,2.0,1.0,17.0,A01
201800001213,1.0,7,0,0.0,2.0,6.0,15.0,B01
201800001214,0.0,7,0,13.0,0.0,2.0,1.0,A01
201800001215,1.0,7,0,0.0,1.0,1.0,1.0,A01
201800001216,1.0,7,0,0.0,4.0,2.0,1.0,A01
201800001216,2.0,39,21,0.0,2.0,1.0,1.0,B01
201800001217,1.0,7,0,6.0,0.0,0.0,0.0,A01
201800001218,2.0,2,0,14.0,2.0,1.0,1.0,B01
201800001218,1.0,7,0,0.0,2.0,1.0,15.0,A01
201800001219,1.0,7,0,0.0,2.0,2.0,1.0,A01
201800001219,1.0,30,0,0.0,2.0,0.0,1.0,B01
201800001220,1.0,33,0,0.0,2.0,1.0,1.0,B01
201800001220,2.0,99,0,0.0,2.0,3.0,1.0,A01
201800001221,1.0,33,0,13.0,0.0,1.0,2.0,A01
201800001222,2.0,7,0,0.0,2.0,1.0,1.0,B01
201800001222,1.0,7,0,0.0,2.0,1.0,13.0,A01
201800001223,2.0,7,0,0.0,1.0,1.0,15.0,A01
201800001224,2.0,10,0,0.0,2.0,3.0,1.0,B01
201800001224,1.0,7,0,0.0,2.0,3.0,13.0,A01
201800001225,1.0,7,0,2.0,0.0,0.0,1.0,A01
201800001226,2.0,1,0,0.0,2.0,1.0,1.0,A01
201800001226,2.0,7,0,0.0,2.0,3.0,1.0,B01
201800001227,2.0,7,0,0.0,2.0,6.0,23.0,A01
201800001227,2.0,33,0,0.0,2.0,5.0,17.0,C01
201800001227,2.0,7,0,0.0,2.0,2.0,2.0,B01
201800001228,1.0,7,0,0.0,0.0,1.0,1.0,B01
201800001228,2.0,7,0,0.0,2.0,3.0,13.0,A01
201800001229,2.0,7,0,0.0,2.0,8.0,17.0,A01
201800001229,1.0,31,0,0.0,2.0,8.0,1.0,B01
201800001230,2.0,7,0,2.0,0.0,1.0,1.0,A01
201800001231,2.0,7,0,0.0,2.0,1.0,1.0,B01
201800001231,1.0,7,0,15.0,2.0,8.0,19.0,A01
201800001232,0.0,7,0,2.0,0.0,3.0,1.0,A01
201800001233,2.0,10,0,2.0,0.0,3.0,1.0,A01
201800001234,1.0,33,0,13.0,0.0,0.0,0.0,A01
201800001235,1.0,7,0,0.0,2.0,3.0,13.0,A01
201800001235,2.0,7,0,0.0,2.0,3.0,1.0,B01
201800001236,0.0,33,0,0.0,0.0,1.0,1.0,A01
201800001237,1.0,31,0,0.0,2.0,3.0,13.0,A01
201800001237,1.0,7,0,0.0,2.0,5.0,17.0,B01
201800001238,2.0,7,0,0.0,2.0,4.0,0.0,B01
201800001238,1.0,33,0,13.0,2.0,8.0,1.0,D01
201800001238,1.0,33,0,13.0,2.0,8.0,1.0,E01
201800001238,2.0,7,0,0.0,2.0,5.0,2.0,C01
201800001238,2.0,10,0,0.0,2.0,1.0,1.0,A01
201800001239,2.0,7,0,0.0,2.0,3.0,17.0,A01
201800001239,2.0,10,0,0.0,2.0,8.0,1.0,C01
201800001239,1.0,7,0,0.0,2.0,3.0,9.0,B01
201800001240,2.0,7,0,0.0,2.0,1.0,1.0,B01
201800001240,2.0,31,0,6.0,2.0,8.0,19.0,A01
201800001241,2.0,33,0,0.0,2.0,1.0,1.0,B01
201800001241,0.0,21,0,0.0,0.0,8.0,10.0,A01
201800001242,1.0,33,0,0.0,0.0,4.0,1.0,B01
201800001242,1.0,33,0,0.0,0.0,4.0,12.0,A01
201800001243,1.0,7,0,0.0,2.0,2.0,0.0,A01
201800001243,1.0,34,0,0.0,2.0,1.0,15.0,B01
201800001244,2.0,33,0,15.0,0.0,1.0,17.0,B01
201800001244,2.0,7,0,0.0,2.0,3.0,11.0,A01
201800001245,1.0,7,0,2.0,0.0,1.0,1.0,A01
201800001246,2.0,2,0,0.0,0.0,0.0,1.0,A01
201800001247,1.0,1,0,0.0,0.0,0.0,2.0,B01
201800001247,1.0,1,0,0.0,0.0,1.0,1.0,A01
201800001248,2.0,7,0,14.0,4.0,3.0,1.0,A01
201800001248,2.0,39,10,0.0,2.0,1.0,1.0,B01
201800001249,1.0,7,0,0.0,2.0,1.0,1.0,A01
201800001249,1.0,7,0,0.0,0.0,4.0,2.0,B01
201800001250,1.0,7,0,0.0,0.0,5.0,1.0,B01
201800001250,1.0,7,0,0.0,2.0,1.0,9.0,A01
201800001251,1.0,7,0,0.0,2.0,3.0,1.0,B01
201800001251,2.0,7,0,0.0,2.0,2.0,13.0,A01
201800001252,1.0,10,0,2.0,0.0,1.0,14.0,A01
201800001253,1.0,7,0,0.0,2.0,3.0,13.0,A01
201800001253,2.0,7,0,3.0,2.0,3.0,1.0,B01
201800001254,2.0,33,0,0.0,1.0,1.0,1.0,A01
201800001254,2.0,7,0,0.0,2.0,5.0,1.0,B01
201800001255,2.0,7,0,0.0,2.0,1.0,1.0,A01
201800001255,1.0,7,0,6.0,2.0,6.0,16.0,B01
201800001256,1.0,7,0,13.0,0.0,1.0,14.0,A01
201800001257,1.0,34,0,0.0,2.0,1.0,1.0,C01
201800001257,2.0,7,0,0.0,2.0,3.0,13.0,A01
201800001257,1.0,7,0,0.0,2.0,3.0,1.0,B01
201800001258,2.0,7,0,0.0,2.0,1.0,1.0,C01
201800001258,2.0,7,0,0.0,2.0,3.0,15.0,B01
201800001258,2.0,33,0,0.0,2.0,1.0,17.0,A01
201800001259,2.0,7,0,0.0,2.0,3.0,0.0,B01
201800001259,1.0,7,0,0.0,2.0,8.0,1.0,C01
201800001259,2.0,7,0,8.0,2.0,2.0,9.0,A01
201800001260,2.0,7,0,13.0,0.0,0.0,1.0,A01
201800001261,2.0,7,0,14.0,0.0,1.0,1.0,A01
201800001262,1.0,7,0,14.0,0.0,1.0,1.0,A01
201800001263,2.0,7,0,6.0,0.0,1.0,0.0,A01
201800001264,2.0,1,0,0.0,2.0,7.0,15.0,B01
201800001264,1.0,7,0,0.0,9.0,1.0,9.0,A01
201800001265,2.0,7,0,0.0,2.0,1.0,2.0,A01
201800001265,2.0,1,0,0.0,2.0,4.0,2.0,B01
201800001266,2.0,7,0,0.0,2.0,3.0,23.0,C01
201800001266,1.0,7,0,0.0,2.0,7.0,19.0,B01
201800001266,2.0,10,0,0.0,2.0,1.0,1.0,A01
201800001267,2.0,7,0,15.0,9.0,3.0,1.0,A01
201800001268,2.0,7,0,1.0,0.0,1.0,14.0,A01
201800001268,2.0,21,0,0.0,2.0,8.0,23.0,B01
201800001269,1.0,10,0,0.0,2.0,3.0,1.0,B01
201800001269,2.0,10,0,0.0,2.0,3.0,13.0,A01
201800001270,1.0,7,0,2.0,0.0,7.0,1.0,A01
201800001271,0.0,7,0,2.0,0.0,8.0,1.0,A01
201800001272,1.0,7,0,0.0,2.0,1.0,1.0,A01
201800001272,1.0,7,0,0.0,2.0,8.0,16.0,B01
201800001273,1.0,30,0,0.0,2.0,1.0,1.0,A01
201800001273,1.0,7,0,0.0,2.0,3.0,1.0,B01
201800001274,1.0,7,0,8.0,0.0,1.0,13.0,A01
201800001275,2.0,13,0,2.0,0.0,6.0,1.0,A01
201800001276,1.0,10,0,0.0,2.0,1.0,1.0,B01
201800001276,1.0,31,0,0.0,2.0,4.0,1.0,A01
201800001277,2.0,7,0,6.0,0.0,2.0,1.0,A01
201800001278,2.0,7,0,0.0,2.0,2.0,1.0,B01
201800001278,2.0,7,0,0.0,2.0,7.0,19.0,A01
201800001279,2.0,7,0,0.0,2.0,7.0,15.0,A01
201800001279,1.0,33,0,0.0,2.0,1.0,1.0,B01
201800001280,1.0,7,0,0.0,1.0,3.0,1.0,A01
201800001281,1.0,7,0,0.0,2.0,3.0,0.0,D01
201800001281,2.0,7,0,0.0,2.0,1.0,5.0,A01
201800001281,1.0,7,0,0.0,2.0,3.0,0.0,C01
201800001281,1.0,7,0,0.0,2.0,1.0,1.0,B01
201800001282,1.0,7,0,0.0,1.0,2.0,1.0,A01
201800001283,0.0,36,0,13.0,0.0,2.0,18.0,A01
201800001284,1.0,33,0,13.0,0.0,1.0,1.0,A01
201800001285,1.0,7,0,8.0,0.0,3.0,1.0,A01
201800001286,2.0,14,0,0.0,2.0,2.0,1.0,B01
201800001286,0.0,7,0,0.0,0.0,8.0,19.0,A01
201800001287,2.0,2,0,0.0,2.0,1.0,13.0,A01
201800001287,1.0,7,0,0.0,2.0,1.0,1.0,B01
201800001288,1.0,2,0,0.0,2.0,3.0,5.0,A01
201800001288,2.0,7,0,0.0,2.0,3.0,23.0,B01
201800001289,1.0,7,0,0.0,0.0,1.0,1.0,A01
201800001290,2.0,1,0,2.0,0.0,1.0,13.0,A01
201800001291,1.0,7,0,0.0,2.0,8.0,19.0,A01
201800001291,2.0,7,0,0.0,2.0,3.0,1.0,B01
201800001292,1.0,7,0,6.0,0.0,2.0,1.0,A01
201800001293,2.0,7,0,2.0,0.0,3.0,13.0,A01
201800001294,2.0,7,0,0.0,2.0,3.0,21.0,B01
201800001294,1.0,2,0,0.0,2.0,1.0,13.0,A01
201800001295,1.0,33,0,2.0,0.0,1.0,1.0,A01
201800001296,2.0,7,0,0.0,2.0,1.0,5.0,A01
201800001296,1.0,10,0,0.0,2.0,1.0,17.0,B01
201800001297,1.0,7,0,0.0,1.0,2.0,1.0,A01
201800001298,0.0,7,0,0.0,1.0,1.0,15.0,A01
201800001299,1.0,7,0,1.0,0.0,1.0,16.0,A01
201800001300,1.0,7,0,2.0,0.0,3.0,13.0,A01
201800001301,1.0,1,0,0.0,1.0,1.0,14.0,A01
201800001302,1.0,7,0,0.0,2.0,2.0,1.0,A01
201800001302,1.0,1,0,0.0,2.0,6.0,1.0,B01
201800001303,0.0,1,0,0.0,2.0,8.0,15.0,A01
201800001303,0.0,7,0,0.0,2.0,3.0,1.0,B01
201800001304,1.0,7,0,0.0,2.0,3.0,15.0,A01
201800001304,2.0,2,0,0.0,2.0,1.0,1.0,B01
201800001305,2.0,1,0,0.0,2.0,1.0,15.0,B01
201800001305,1.0,7,0,0.0,2.0,2.0,17.0,A01
201800001306,2.0,33,0,0.0,2.0,8.0,1.0,B01
201800001306,2.0,7,0,0.0,2.0,6.0,15.0,A01
201800001307,0.0,33,0,0.0,2.0,7.0,14.0,B01
201800001307,0.0,32,0,0.0,2.0,1.0,2.0,A01
201800001308,0.0,7,0,0.0,2.0,2.0,19.0,A01
201800001308,0.0,7,0,0.0,2.0,8.0,1.0,B01
201800001309,1.0,7,0,0.0,0.0,4.0,9.0,A01
201800001309,1.0,7,0,0.0,2.0,3.0,1.0,B01
201800001310,1.0,7,0,8.0,2.0,9.0,1.0,A01
201800001310,2.0,7,0,8.0,2.0,1.0,1.0,C01
201800001310,1.0,7,0,0.0,2.0,1.0,1.0,B01
201800001311,1.0,7,0,0.0,2.0,1.0,13.0,A01
201800001311,2.0,7,0,0.0,2.0,1.0,1.0,B01
201800001312,2.0,7,0,0.0,2.0,1.0,2.0,A01
201800001312,2.0,7,0,0.0,0.0,4.0,2.0,B01
201800001313,1.0,7,0,6.0,0.0,1.0,1.0,A01
201800001314,2.0,31,0,3.0,0.0,1.0,1.0,A01
201800001315,2.0,33,0,3.0,0.0,8.0,1.0,A01
201800001316,1.0,1,0,0.0,1.0,1.0,13.0,A01
201800001317,1.0,7,0,0.0,2.0,3.0,1.0,A01
201800001317,2.0,7,0,0.0,2.0,3.0,1.0,B01
201800001318,2.0,33,0,0.0,2.0,1.0,1.0,A01