Num_Acc,senc,catv,occutc,obs,obsm,choc,manv,num_veh
201800001574,2.0,7,0,0.0,2.0,7.0,15.0,A01
201800001574,1.0,2,0,0.0,2.0,1.0,1.0,B01
201800001575,1.0,7,0,0.0,2.0,2.0,1.0,B01
201800001575,1.0,7,0,0.0,2.0,3.0,19.0,A01
201800001576,0.0,7,0,0.0,2.0,3.0,0.0,B01
201800001576,0.0,7,0,0.0,2.0,1.0,13.0,A01
201800001577,1.0,7,0,2.0,0.0,8.0,17.0,A01
201800001578,2.0,7,0,0.0,2.0,2.0,1.0,A01
201800001578,1.0,1,0,0.0,2.0,1.0,15.0,B01
201800001579,2.0,14,0,0.0,1.0,5.0,15.0,A01
201800001580,1.0,7,0,0.0,2.0,2.0,1.0,B01
201800001580,1.0,7,0,13.0,0.0,2.0,14.0,A01
201800001581,1.0,7,0,0.0,1.0,2.0,2.0,A01
201800001582,1.0,7,0,0.0,1.0,3.0,1.0,A01
201800001583,2.0,7,0,8.0,0.0,1.0,19.0,A01
201800001584,2.0,33,0,0.0,2.0,1.0,17.0,A01
201800001584,2.0,7,0,0.0,0.0,6.0,15.0,B01
201800001585,1.0,33,0,6.0,0.0,1.0,1.0,A01
201800001586,2.0,7,0,0.0,1.0,1.0,1.0,A01
201800001587,2.0,33,0,2.0,0.0,1.0,13.0,A01
201800001588,0.0,20,0,0.0,2.0,8.0,19.0,A01
201800001588,0.0,7,0,0.0,2.0,1.0,1.0,B01
201800001589,1.0,33,0,0.0,0.0,8.0,1.0,A01
201800001590,1.0,7,0,0.0,2.0,2.0,13.0,A01
201800001590,2.0,7,0,0.0,2.0,3.0,1.0,B01
201800001591,1.0,7,0,0.0,2.0,1.0,13.0,A01
201800001591,2.0,7,0,0.0,2.0,1.0,1.0,B01
201800001592,2.0,7,0,0.0,2.0,2.0,13.0,A01
201800001592,1.0,7,0,0.0,2.0,1.0,1.0,B01
201800001593,1.0,7,0,0.0,9.0,3.0,1.0,B01
201800001593,2.0,1,0,0.0,2.0,1.0,13.0,A01
201800001594,1.0,7,0,0.0,1.0,5.0,4.0,A01
201800001595,1.0,7,0,0.0,2.0,3.0,13.0,A01
201800001595,2.0,7,0,0.0,2.0,3.0,1.0,B01
201800001596,0.0,2,0,15.0,0.0,8.0,0.0,A01
201800001597,1.0,7,0,6.0,0.0,8.0,1.0,A01
201800001598,1.0,21,0,0.0,2.0,6.0,15.0,B01
201800001598,2.0,33,0,0.0,2.0,1.0,1.0,A01
201800001599,2.0,33,0,0.0,2.0,1.0,1.0,A01
201800001599,1.0,7,0,0.0,2.0,1.0,1.0,B01
201800001600,2.0,33,0,6.0,0.0,1.0,1.0,A01
201800001601,1.0,7,0,0.0,2.0,8.0,1.0,B01
201800001601,2.0,33,0,0.0,2.0,8.0,13.0,A01
201800001602,1.0,7,0,0.0,2.0,3.0,1.0,C01
201800001602,2.0,7,0,0.0,2.0,4.0,23.0,A01
201800001602,2.0,7,0,0.0,2.0,1.0,2.0,B01
201800001603,2.0,14,0,0.0,1.0,3.0,1.0,A01
201800001604,2.0,15,0,2.0,0.0,2.0,1.0,A01
201800001605,2.0,15,0,13.0,0.0,3.0,0.0,A01
201800001606,2.0,7,0,0.0,2.0,1.0,13.0,A01
201800001606,1.0,15,0,0.0,2.0,1.0,1.0,B01
201800001607,1.0,15,0,0.0,2.0,2.0,1.0,B01
201800001607,2.0,7,0,0.0,2.0,2.0,13.0,A01
201800001608,2.0,33,0,16.0,0.0,7.0,0.0,A01
201800001609,2.0,7,0,2.0,0.0,3.0,0.0,A01
201800001610,1.0,7,0,0.0,1.0,7.0,1.0,A01
201800001611,1.0,34,0,0.0,0.0,5.0,15.0,A01
201800001611,1.0,1,0,0.0,2.0,2.0,1.0,B01
201800001612,1.0,7,0,0.0,2.0,1.0,1.0,B01
201800001612,2.0,7,0,0.0,2.0,2.0,5.0,A01
201800001612,0.0,7,0,0.0,2.0,1.0,23.0,C01
201800001613,0.0,36,0,0.0,2.0,1.0,1.0,A01
201800001613,0.0,7,0,0.0,2.0,1.0,1.0,B01
201800001614,0.0,31,0,0.0,0.0,8.0,0.0,A01
201800001615,0.0,7,0,0.0,2.0,3.0,1.0,A01
201800001615,0.0,2,0,0.0,2.0,7.0,19.0,B01
201800001616,0.0,2,0,0.0,0.0,7.0,1.0,A01
201800001617,0.0,7,0,0.0,2.0,3.0,0.0,A01
201800001617,0.0,2,0,0.0,2.0,2.0,0.0,B01
201800001618,1.0,7,0,0.0,1.0,1.0,1.0,A01
201800001619,1.0,7,0,2.0,0.0,2.0,1.0,A01
201800001620,1.0,2,0,0.0,2.0,1.0,1.0,B01
201800001620,2.0,7,0,0.0,2.0,7.0,15.0,A01
201800001621,1.0,10,0,0.0,2.0,8.0,1.0,B01
201800001621,2.0,7,0,0.0,2.0,3.0,11.0,A01
201800001621,1.0,7,0,0.0,2.0,3.0,1.0,C01
201800001622,0.0,7,0,0.0,1.0,2.0,1.0,A01
201800001623,1.0,7,0,2.0,0.0,1.0,1.0,A01
201800001624,1.0,7,0,2.0,2.0,8.0,1.0,B01
201800001624,2.0,7,0,0.0,2.0,8.0,13.0,A01
201800001625,2.0,1,0,0.0,2.0,1.0,1.0,B01
201800001625,1.0,7,0,0.0,2.0,3.0,0.0,A01
201800001626,1.0,7,0,6.0,0.0,1.0,2.0,A01
201800001627,2.0,7,0,0.0,0.0,4.0,2.0,A01
201800001627,2.0,7,0,0.0,2.0,1.0,2.0,B01
201800001628,0.0,7,0,0.0,0.0,1.0,16.0,A01
201800001629,0.0,33,0,2.0,0.0,1.0,0.0,A01
201800001630,1.0,7,0,0.0,1.0,2.0,1.0,A01
201800001631,0.0,7,0,0.0,2.0,1.0,1.0,A01
201800001631,0.0,7,0,0.0,2.0,1.0,12.0,B01
201800001632,0.0,7,0,8.0,0.0,1.0,9.0,A01
201800001633,1.0,7,0,0.0,2.0,1.0,15.0,B01
201800001633,2.0,7,0,0.0,2.0,1.0,1.0,A01
201800001634,0.0,1,0,0.0,2.0,8.0,1.0,B01
201800001634,0.0,7,0,0.0,9.0,2.0,1.0,A01
201800001635,1.0,33,0,0.0,0.0,2.0,1.0,A01
201800001636,1.0,7,0,0.0,0.0,0.0,1.0,A01
201800001637,0.0,7,0,0.0,2.0,2.0,1.0,A01
201800001637,0.0,7,0,0.0,2.0,8.0,15.0,B01
201800001638,0.0,7,0,0.0,2.0,3.0,1.0,B01
201800001638,0.0,2,0,0.0,2.0,1.0,1.0,A01
201800001639,0.0,2,0,0.0,0.0,0.0,0.0,A01
201800001640,2.0,7,0,2.0,0.0,1.0,1.0,A01
201800001641,1.0,7,0,13.0,0.0,1.0,0.0,A01
201800001642,0.0,7,0,0.0,1.0,0.0,15.0,A01
201800001643,2.0,7,0,2.0,0.0,3.0,1.0,A01
201800001644,2.0,7,0,0.0,1.0,2.0,5.0,A01
201800001645,1.0,7,0,0.0,0.0,4.0,1.0,B01
201800001645,1.0,33,0,0.0,2.0,1.0,1.0,A01
201800001646,1.0,10,0,1.0,1.0,1.0,2.0,A01
201800001647,0.0,7,0,0.0,2.0,2.0,1.0,A01
201800001647,0.0,1,0,0.0,2.0,1.0,1.0,B01
201800001648,0.0,7,0,2.0,0.0,1.0,0.0,A01
201800001649,1.0,99,0,0.0,2.0,8.0,17.0,B01
201800001649,1.0,7,0,3.0,2.0,5.0,11.0,A01
201800001650,1.0,2,0,0.0,2.0,1.0,1.0,A01
201800001650,1.0,7,0,0.0,2.0,4.0,23.0,B01
201800001651,1.0,7,0,13.0,0.0,1.0,6.0,A01
201800001652,1.0,7,0,0.0,2.0,3.0,1.0,B01
201800001652,1.0,7,0,0.0,2.0,1.0,1.0,A01
201800001653,1.0,33,0,3.0,0.0,2.0,1.0,A01
201800001654,0.0,7,0,0.0,1.0,2.0,20.0,A01
201800001655,2.0,30,0,8.0,2.0,7.0,0.0,B01
201800001655,2.0,7,0,0.0,2.0,3.0,0.0,A01
201800001656,2.0,7,0,0.0,2.0,7.0,15.0,A01
201800001656,1.0,33,0,0.0,2.0,1.0,1.0,B01
201800001657,0.0,2,0,6.0,0.0,1.0,0.0,A01
201800001658,2.0,7,0,7.0,2.0,3.0,5.0,A01
201800001658,1.0,7,0,7.0,2.0,3.0,0.0,B01
201800001659,0.0,7,0,0.0,1.0,2.0,1.0,A01
201800001660,0.0,7,0,0.0,2.0,0.0,15.0,A01
201800001660,0.0,7,0,0.0,2.0,0.0,1.0,C01
201800001660,0.0,2,0,0.0,2.0,1.0,17.0,B01
201800001661,1.0,7,0,0.0,2.0,2.0,1.0,A01
201800001661,2.0,7,0,0.0,2.0,1.0,15.0,B01
201800001662,2.0,7,0,7.0,2.0,8.0,0.0,B01
201800001662,2.0,7,0,0.0,2.0,1.0,1.0,A01
201800001663,0.0,7,0,0.0,2.0,3.0,20.0,A01
201800001663,0.0,33,0,0.0,2.0,1.0,1.0,B01
201800001664,1.0,7,0,0.0,1.0,1.0,15.0,A01
201800001665,1.0,7,0,6.0,0.0,1.0,0.0,A01
201800001666,1.0,7,0,0.0,1.0,1.0,1.0,A01
201800001667,0.0,7,0,0.0,2.0,2.0,2.0,B01
201800001667,0.0,7,0,0.0,2.0,3.0,10.0,A01
201800001668,1.0,7,0,0.0,2.0,1.0,2.0,A01
201800001668,1.0,2,0,0.0,2.0,4.0,2.0,B01
201800001669,2.0,10,0,0.0,2.0,8.0,1.0,B01
201800001669,1.0,7,0,0.0,2.0,1.0,2.0,C01
201800001669,1.0,7,0,0.0,2.0,4.0,23.0,A01
201800001670,1.0,7,0,0.0,2.0,1.0,16.0,B01
201800001670,2.0,7,0,0.0,2.0,1.0,10.0,A01
201800001671,0.0,2,0,0.0,2.0,1.0,2.0,B01
201800001671,0.0,7,0,0.0,2.0,6.0,0.0,A01
201800001672,2.0,7,0,0.0,2.0,3.0,1.0,B01
201800001672,1.0,30,0,0.0,2.0,3.0,17.0,A01
201800001673,2.0,33,0,0.0,0.0,8.0,15.0,A01
201800001674,0.0,30,0,0.0,0.0,1.0,0.0,A01
201800001675,0.0,7,0,0.0,6.0,1.0,0.0,B01
201800001675,0.0,1,0,0.0,2.0,1.0,19.0,A01
201800001676,1.0,7,0,0.0,2.0,7.0,17.0,A01
201800001676,1.0,33,0,0.0,2.0,8.0,1.0,B01
201800001677,1.0,7,0,0.0,2.0,1.0,2.0,B01
201800001677,1.0,3,0,0.0,1.0,4.0,1.0,A01
201800001678,2.0,7,0,0.0,2.0,3.0,13.0,A01
201800001678,1.0,7,0,0.0,2.0,3.0,1.0,B01
201800001679,2.0,10,0,0.0,2.0,1.0,1.0,A01
201800001679,2.0,10,0,0.0,2.0,4.0,1.0,B01
201800001679,2.0,10,0,0.0,2.0,4.0,1.0,C01
201800001680,1.0,10,0,0.0,0.0,0.0,16.0,A01
201800001681,0.0,7,0,0.0,2.0,8.0,15.0,A01
201800001681,0.0,14,0,0.0,2.0,2.0,13.0,B01
201800001682,0.0,3,0,0.0,1.0,7.0,1.0,A01
201800001683,0.0,7,0,0.0,2.0,3.0,20.0,A01
201800001683,0.0,7,0,1.0,0.0,6.0,0.0,C01
201800001683,0.0,33,0,0.0,2.0,1.0,17.0,B01
201800001684,1.0,7,0,0.0,2.0,2.0,15.0,A01
201800001684,2.0,2,0,0.0,2.0,1.0,21.0,B01
201800001685,2.0,7,0,0.0,1.0,2.0,21.0,A01
201800001686,1.0,7,0,0.0,6.0,1.0,1.0,B01
201800001686,2.0,7,0,0.0,2.0,5.0,10.0,A01
201800001687,1.0,7,0,0.0,2.0,6.0,23.0,C01
201800001687,1.0,7,0,0.0,2.0,5.0,23.0,B01
201800001687,1.0,7,0,0.0,2.0,3.0,2.0,A01
201800001688,1.0,7,0,0.0,2.0,1.0,15.0,A01
201800001688,2.0,7,0,0.0,2.0,1.0,23.0,B01
201800001689,1.0,7,0,0.0,1.0,2.0,0.0,A01
201800001690,1.0,2,0,0.0,2.0,1.0,1.0,B01
201800001690,2.0,7,0,0.0,2.0,7.0,15.0,A01
201800001691,2.0,7,0,13.0,0.0,1.0,6.0,A01
201800001692,2.0,7,0,0.0,0.0,0.0,1.0,A01
201800001693,1.0,7,0,0.0,2.0,1.0,13.0,A01
201800001693,2.0,7,0,0.0,0.0,1.0,1.0,B01
201800001694,1.0,33,0,2.0,0.0,7.0,0.0,A01
201800001695,1.0,7,0,7.0,0.0,9.0,13.0,A01
201800001696,1.0,7,0,2.0,2.0,3.0,17.0,B01
201800001696,1.0,7,0,2.0,2.0,3.0,1.0,C01
201800001696,1.0,7,0,2.0,2.0,2.0,17.0,A01
201800001697,2.0,7,0,0.0,2.0,1.0,1.0,A01
201800001697,2.0,7,0,0.0,2.0,6.0,1.0,C01
201800001697,1.0,7,0,0.0,2.0,1.0,1.0,B01
201800001697,2.0,7,0,0.0,2.0,5.0,1.0,D01
201800001698,0.0,7,0,13.0,0.0,1.0,1.0,A01
201800001699,1.0,7,0,0.0,0.0,0.0,17.0,A01
201800001699,1.0,7,0,0.0,2.0,1.0,1.0,B01
201800001699,2.0,7,0,0.0,2.0,2.0,1.0,C01
201800001700,2.0,7,0,0.0,2.0,3.0,1.0,B01
201800001700,1.0,7,0,0.0,2.0,3.0,1.0,A01
201800001700,2.0,7,0,0.0,2.0,8.0,1.0,C01
201800001701,2.0,7,0,2.0,0.0,7.0,13.0,A01
201800001702,2.0,7,0,0.0,0.0,4.0,1.0,A01
201800001702,2.0,7,0,0.0,0.0,4.0,2.0,B01
201800001702,2.0,7,0,0.0,0.0,1.0,2.0,C01
201800001703,0.0,7,0,0.0,1.0,6.0,4.0,A01
201800001704,0.0,2,0,0.0,2.0,1.0,15.0,B01
201800001704,0.0,7,0,0.0,2.0,2.0,1.0,A01
201800001705,1.0,10,0,13.0,0.0,1.0,13.0,A01
201800001706,0.0,33,0,4.0,0.0,2.0,12.0,A01
201800001706,0.0,7,0,0.0,0.0,3.0,15.0,B01
201800001707,1.0,32,0,15.0,0.0,1.0,1.0,A01
201800001708,1.0,7,0,0.0,2.0,3.0,23.0,A01
201800001708,2.0,33,0,0.0,2.0,1.0,23.0,B01
201800001709,0.0,7,0,0.0,2.0,8.0,9.0,A01
201800001709,1.0,2,0,0.0,2.0,1.0,1.0,B01
201800001710,1.0,7,0,0.0,1.0,2.0,21.0,A01
201800001711,0.0,7,0,0.0,2.0,3.0,19.0,A01
201800001711,0.0,7,0,0.0,2.0,3.0,1.0,B01
201800001712,2.0,33,0,0.0,2.0,1.0,1.0,A01
201800001712,1.0,7,0,0.0,2.0,2.0,15.0,B01
201800001713,1.0,7,0,15.0,0.0,0.0,14.0,A01
201800001714,2.0,7,0,0.0,2.0,6.0,15.0,A01
201800001714,2.0,31,0,0.0,2.0,2.0,17.0,B01
201800001715,0.0,7,0,2.0,0.0,2.0,14.0,A01
201800001716,2.0,33,0,0.0,2.0,2.0,17.0,B01
201800001716,2.0,7,0,0.0,0.0,6.0,15.0,A01
201800001717,1.0,33,0,0.0,0.0,4.0,0.0,A01
201800001717,1.0,14,0,0.0,0.0,2.0,2.0,B01
201800001718,1.0,7,0,6.0,0.0,1.0,1.0,A01
201800001719,0.0,7,0,0.0,1.0,2.0,1.0,A01
201800001720,0.0,7,0,0.0,2.0,2.0,21.0,A01
201800001720,0.0,33,0,0.0,2.0,4.0,13.0,B01
201800001721,1.0,33,0,0.0,2.0,3.0,18.0,A01
201800001721,1.0,7,0,0.0,2.0,2.0,16.0,B01
201800001722,1.0,33,0,8.0,0.0,0.0,1.0,A01
201800001723,0.0,7,0,0.0,2.0,8.0,15.0,B01
201800001723,0.0,33,0,0.0,2.0,2.0,17.0,A01
201800001724,1.0,7,0,0.0,1.0,2.0,1.0,A01
201800001725,2.0,7,0,0.0,0.0,4.0,2.0,A01
201800001725,2.0,33,0,0.0,2.0,1.0,2.0,B01
201800001726,2.0,33,0,0.0,2.0,3.0,1.0,B01
201800001726,1.0,7,0,0.0,2.0,7.0,15.0,A01
201800001727,1.0,7,0,6.0,0.0,3.0,15.0,A01
201800001727,1.0,7,0,6.0,0.0,3.0,1.0,B01
201800001728,0.0,10,0,0.0,2.0,3.0,10.0,A01
201800001728,0.0,2,0,0.0,2.0,1.0,1.0,B01
201800001729,1.0,7,0,0.0,1.0,1.0,1.0,A01
201800001730,0.0,7,0,0.0,1.0,1.0,15.0,A01
201800001731,2.0,7,0,0.0,2.0,1.0,2.0,A01
201800001731,2.0,7,0,0.0,2.0,4.0,2.0,B01
201800001731,2.0,7,0,0.0,2.0,4.0,2.0,C01
201800001731,2.0,7,0,0.0,2.0,4.0,2.0,D01
201800001732,0.0,7,0,0.0,1.0,2.0,1.0,A01
201800001733,2.0,7,0,0.0,2.0,2.0,1.0,A01
201800001733,2.0,7,0,0.0,2.0,3.0,1.0,D01
201800001733,2.0,7,0,0.0,2.0,8.0,1.0,B01
201800001733,2.0,7,0,0.0,2.0,8.0,1.0,C01
201800001734,1.0,7,0,0.0,2.0,1.0,2.0,A01
201800001734,1.0,7,0,0.0,2.0,4.0,2.0,B01
201800001735,0.0,2,0,0.0,2.0,1.0,17.0,A01
201800001735,0.0,7,0,0.0,2.0,8.0,15.0,B01
201800001736,0.0,7,0,0.0,9.0,5.0,9.0,A01
201800001736,0.0,1,0,0.0,2.0,8.0,9.0,B01
201800001737,2.0,7,0,0.0,1.0,1.0,1.0,A01
201800001738,2.0,7,0,0.0,2.0,0.0,17.0,A01
201800001738,1.0,7,0,0.0,2.0,1.0,1.0,B01
201800001739,2.0,7,0,0.0,2.0,2.0,15.0,A01
201800001739,2.0,7,0,0.0,2.0,3.0,1.0,B01
201800001740,1.0,7,0,0.0,2.0,4.0,1.0,A01
201800001740,1.0,7,0,0.0,2.0,1.0,1.0,B01
201800001740,1.0,7,0,0.0,2.0,1.0,1.0,C01
201800001741,1.0,7,0,2.0,0.0,3.0,6.0,A01
201800001742,1.0,7,0,8.0,0.0,2.0,1.0,A01
201800001743,1.0,36,0,0.0,2.0,5.0,17.0,A01
201800001743,1.0,7,0,0.0,9.0,8.0,15.0,B01
201800001744,1.0,34,0,0.0,2.0,3.0,1.0,A01
201800001744,0.0,7,0,0.0,2.0,2.0,0.0,B01
201800001745,1.0,7,0,0.0,0.0,8.0,15.0,B01
201800001745,1.0,2,0,0.0,2.0,7.0,1.0,A01
201800001746,1.0,7,0,0.0,2.0,2.0,1.0,A01
201800001746,2.0,7,0,0.0,2.0,3.0,1.0,B01
201800001747,0.0,1,0,0.0,0.0,0.0,1.0,A01
201800001748,2.0,2,0,0.0,2.0,1.0,13.0,A01
201800001748,1.0,7,0,0.0,2.0,1.0,1.0,B01
201800001749,1.0,7,0,0.0,0.0,1.0,9.0,A01
201800001749,0.0,1,0,0.0,0.0,5.0,0.0,B01
201800001750,1.0,17,0,0.0,1.0,6.0,1.0,A01
201800001751,1.0,7,0,0.0,2.0,1.0,1.0,A01
201800001751,1.0,2,0,0.0,2.0,7.0,15.0,B01
201800001752,2.0,34,0,0.0,2.0,7.0,1.0,A01
201800001752,2.0,2,0,0.0,2.0,1.0,15.0,B01
201800001753,1.0,2,0,0.0,2.0,7.0,15.0,A01
201800001753,2.0,7,0,0.0,2.0,3.0,9.0,B01
201800001754,0.0,2,0,0.0,1.0,0.0,1.0,A01
201800001755,1.0,7,0,0.0,1.0,1.0,1.0,A01
201800001756,0.0,7,0,0.0,0.0,6.0,10.0,A01
201800001756,0.0,7,0,0.0,2.0,1.0,1.0,B01
201800001757,1.0,7,0,0.0,2.0,6.0,0.0,A01
201800001757,1.0,33,0,12.0,2.0,1.0,1.0,B01
201800001758,0.0,7,0,0.0,2.0,8.0,10.0,A01
201800001758,0.0,7,0,0.0,2.0,1.0,1.0,B01
201800001759,1.0,7,0,0.0,1.0,1.0,1.0,A01
201800001760,0.0,2,0,8.0,0.0,4.0,16.0,B01
201800001760,0.0,7,0,0.0,2.0,1.0,9.0,A01
201800001761,0.0,1,0,0.0,0.0,8.0,0.0,A01
201800001761,0.0,7,0,0.0,2.0,2.0,0.0,B01
201800001762,1.0,7,0,6.0,0.0,1.0,1.0,A01
201800001763,1.0,7,0,0.0,9.0,1.0,15.0,A01
201800001763,2.0,1,0,0.0,2.0,1.0,0.0,B01
201800001764,2.0,7,0,8.0,0.0,4.0,2.0,A01
201800001764,2.0,7,0,0.0,2.0,1.0,2.0,B01
201800001765,2.0,7,0,0.0,2.0,2.0,13.0,A01
201800001765,2.0,7,0,0.0,2.0,2.0,1.0,B01
201800001766,1.0,7,0,0.0,2.0,1.0,17.0,A01
201800001766,2.0,7,0,0.0,2.0,1.0,1.0,B01
201800001767,0.0,7,0,0.0,2.0,3.0,19.0,B01
201800001767,0.0,31,0,0.0,2.0,1.0,1.0,A01
201800001768,2.0,7,0,0.0,2.0,1.0,15.0,A01
201800001768,1.0,33,0,1.0,2.0,1.0,1.0,B01
201800001769,1.0,7,0,0.0,2.0,3.0,19.0,A01
201800001769,2.0,33,0,0.0,2.0,1.0,17.0,B01
201800001770,0.0,7,0,0.0,2.0,3.0,15.0,A01
201800001770,0.0,33,0,0.0,2.0,1.0,1.0,B01
201800001771,0.0,10,0,0.0,2.0,3.0,1.0,A01
201800001771,0.0,7,0,0.0,2.0,3.0,1.0,B01
201800001772,2.0,30,0,0.0,2.0,1.0,13.0,A01
201800001772,1.0,7,0,0.0,2.0,3.0,1.0,B01
201800001773,1.0,7,0,0.0,0.0,7.0,15.0,A01
201800001773,2.0,7,0,0.0,2.0,1.0,1.0,B01
201800001774,2.0,31,0,0.0,2.0,1.0,1.0,B01
201800001774,1.0,7,0,0.0,2.0,6.0,4.0,A01
201800001775,0.0,7,0,0.0,0.0,5.0,15.0,A01
201800001775,0.0,31,0,0.0,2.0,1.0,2.0,B01
201800001776,0.0,33,0,0.0,0.0,0.0,1.0,A01
201800001777,1.0,7,0,15.0,2.0,2.0,0.0,A01
201800001777,1.0,7,0,0.0,0.0,5.0,2.0,B01
201800001778,1.0,7,0,0.0,2.0,1.0,1.0,A01
201800001778,2.0,7,0,0.0,2.0,1.0,1.0,B01
201800001779,1.0,33,0,0.0,2.0,1.0,1.0,A01
201800001779,1.0,7,0,0.0,2.0,3.0,16.0,B01
201800001780,1.0,2,0,0.0,2.0,1.0,5.0,A01
201800001780,2.0,7,0,0.0,2.0,1.0,9.0,B01
201800001781,1.0,2,0,0.0,2.0,1.0,1.0,A01
201800001781,2.0,7,0,0.0,2.0,3.0,1.0,B01
201800001782,1.0,31,0,0.0,2.0,1.0,13.0,A01
201800001782,2.0,7,0,0.0,9.0,2.0,15.0,B01
201800001783,0.0,33,0,12.0,2.0,9.0,5.0,B01
201800001783,0.0,7,0,0.0,2.0,1.0,1.0,C01
201800001783,0.0,7,0,0.0,2.0,3.0,0.0,D01
201800001783,0.0,34,0,0.0,2.0,9.0,5.0,A01
201800001784,2.0,7,0,0.0,1.0,2.0,16.0,A01
201800001785,1.0,7,0,1.0,2.0,7.0,15.0,A01
201800001785,1.0,7,0,0.0,2.0,1.0,21.0,B01
201800001786,0.0,7,0,0.0,1.0,4.0,4.0,A01
201800001787,2.0,30,0,0.0,2.0,1.0,1.0,B01
201800001787,2.0,7,0,0.0,2.0,3.0,15.0,A01
201800001788,1.0,7,0,6.0,0.0,1.0,16.0,A01
201800001789,0.0,7,0,13.0,0.0,1.0,0.0,A01
201800001790,0.0,7,0,0.0,2.0,5.0,3.0,A01
201800001790,2.0,32,0,0.0,2.0,1.0,1.0,B01
201800001791,2.0,7,0,0.0,2.0,3.0,13.0,A01
201800001791,1.0,7,0,0.0,2.0,3.0,1.0,B01
201800001792,1.0,7,0,0.0,2.0,1.0,15.0,A01
201800001792,2.0,31,0,0.0,2.0,1.0,0.0,B01
201800001793,1.0,7,0,13.0,0.0,9.0,0.0,A01
201800001794,2.0,7,0,0.0,2.0,3.0,1.0,B01
201800001794,1.0,7,0,0.0,2.0,3.0,13.0,A01
201800001795,2.0,7,0,6.0,0.0,3.0,13.0,A01
201800001796,2.0,7,0,0.0,0.0,9.0,1.0,A01
201800001797,1.0,7,0,0.0,2.0,1.0,13.0,A01
201800001797,2.0,7,0,0.0,2.0,1.0,21.0,B01
201800001798,1.0,7,0,0.0,2.0,1.0,1.0,B01
201800001798,2.0,2,0,0.0,2.0,1.0,13.0,A01
201800001799,2.0,33,0,0.0,2.0,1.0,13.0,A01
201800001799,1.0,7,0,0.0,2.0,1.0,1.0,B01
201800001800,2.0,7,0,0.0,2.0,8.0,19.0,A01
201800001800,2.0,7,0,0.0,2.0,1.0,1.0,B01
201800001801,1.0,7,0,16.0,0.0,3.0,13.0,A01
201800001802,1.0,10,0,0.0,2.0,2.0,2.0,A01
201800001802,1.0,7,0,0.0,2.0,1.0,15.0,B01
201800001803,2.0,7,0,0.0,9.0,1.0,15.0,A01
201800001803,1.0,1,0,0.0,2.0,1.0,1.0,B01
201800001804,2.0,10,0,0.0,9.0,2.0,9.0,A01
201800001804,2.0,1,0,12.0,0.0,4.0,1.0,B01
201800001805,1.0,7,0,0.0,2.0,3.0,1.0,B01
201800001805,2.0,7,0,3.0,2.0,2.0,13.0,A01
201800001806,0.0,2,0,0.0,2.0,7.0,1.0,B01
201800001806,1.0,7,0,0.0,2.0,3.0,1.0,A01
201800001807,1.0,7,0,2.0,0.0,8.0,0.0,A01
201800001808,1.0,33,0,13.0,0.0,7.0,13.0,A01
201800001809,0.0,1,0,14.0,1.0,1.0,1.0,A01
201800001810,1.0,7,0,0.0,2.0,2.0,13.0,A01
201800001810,2.0,7,0,0.0,2.0,1.0,1.0,B01
201800001811,1.0,1,0,0.0,0.0,3.0,1.0,B01
201800001811,1.0,7,0,0.0,9.0,5.0,16.0,A01
201800001812,2.0,7,0,14.0,0.0,8.0,0.0,A01
201800001813,1.0,21,0,0.0,1.0,0.0,1.0,A01
201800001814,1.0,7,0,0.0,2.0,1.0,13.0,A01
201800001814,2.0,7,0,0.0,2.0,1.0,1.0,B01
201800001815,2.0,1,0,0.0,2.0,1.0,5.0,A01
201800001815,1.0,7,0,0.0,9.0,2.0,16.0,B01
201800001816,1.0,7,0,2.0,0.0,1.0,0.0,A01
201800001817,1.0,10,0,0.0,2.0,2.0,15.0,A01
201800001817,2.0,7,0,0.0,2.0,1.0,1.0,B01
201800001818,2.0,10,0,0.0,2.0,1.0,1.0,A01
201800001818,2.0,10,0,0.0,2.0,4.0,1.0,B01
201800001819,1.0,7,0,15.0,0.0,2.0,1.0,A01
201800001820,2.0,7,0,0.0,2.0,2.0,15.0,A01
201800001820,1.0,7,0,0.0,2.0,1.0,1.0,B01
201800001821,1.0,7,0,0.0,1.0,2.0,1.0,A01
201800001822,1.0,7,0,0.0,1.0,2.0,1.0,A01
201800001823,2.0,7,0,0.0,1.0,3.0,1.0,A01
201800001824,2.0,7,0,13.0,0.0,2.0,1.0,A01
201800001825,1.0,7,0,0.0,2.0,3.0,9.0,A01
201800001825,1.0,1,0,14.0,2.0,7.0,1.0,B01
201800001826,2.0,1,0,0.0,0.0,0.0,0.0,A01
201800001827,2.0,7,0,15.0,0.0,1.0,1.0,A01
201800001828,1.0,2,0,8.0,0.0,1.0,1.0,A01
201800001829,0.0,7,0,0.0,2.0,3.0,1.0,A01
201800001829,0.0,7,0,0.0,2.0,8.0,15.0,B01
201800001830,1.0,7,0,9.0,0.0,1.0,5.0,A01
201800001831,2.0,1,0,16.0,2.0,4.0,1.0,B01
201800001831,2.0,7,0,0.0,2.0,2.0,1.0,A01
201800001832,2.0,7,0,13.0,0.0,3.0,1.0,A01
201800001833,1.0,7,0,0.0,2.0,3.0,1.0,B01
201800001833,2.0,1,0,0.0,2.0,1.0,1.0,A01
201800001834,0.0,7,0,0.0,2.0,1.0,5.0,A01
201800001834,0.0,7,0,0.0,2.0,1.0,1.0,B01