Num_Acc,senc,catv,occutc,obs,obsm,choc,manv,num_veh
201800002092,0.0,7,0,0.0,9.0,3.0,0.0,B01
201800002093,1.0,7,0,13.0,0.0,9.0,1.0,A01
201800002094,1.0,7,0,13.0,0.0,1.0,17.0,A01
201800002095,1.0,2,0,13.0,0.0,0.0,14.0,A01
201800002096,0.0,7,0,0.0,1.0,6.0,4.0,A01
201800002097,2.0,33,0,0.0,2.0,3.0,1.0,A01
201800002097,1.0,7,0,0.0,2.0,3.0,17.0,B01
201800002098,1.0,7,0,9.0,0.0,1.0,0.0,A01
201800002099,2.0,7,0,0.0,1.0,3.0,1.0,A01
201800002100,2.0,7,0,0.0,2.0,3.0,1.0,A01
201800002100,1.0,2,0,0.0,2.0,1.0,13.0,B01
201800002101,0.0,1,0,0.0,0.0,0.0,1.0,A01
201800002102,1.0,7,0,8.0,0.0,2.0,1.0,A01
201800002103,0.0,7,0,0.0,1.0,3.0,2.0,A01
201800002104,1.0,7,0,8.0,0.0,1.0,0.0,A01
201800002105,2.0,33,0,0.0,2.0,1.0,1.0,B01
201800002105,1.0,7,0,0.0,2.0,6.0,19.0,A01
201800002106,1.0,31,0,0.0,2.0,0.0,1.0,B01
201800002106,1.0,7,0,0.0,0.0,0.0,10.0,A01
201800002107,0.0,33,0,0.0,2.0,6.0,17.0,B01
201800002107,1.0,7,0,0.0,2.0,2.0,17.0,A01
201800002108,0.0,7,0,0.0,1.0,4.0,4.0,A01
201800002109,1.0,7,0,0.0,1.0,2.0,16.0,A01
201800002110,1.0,7,0,0.0,2.0,3.0,1.0,A01
201800002110,1.0,1,0,0.0,2.0,5.0,19.0,B01
201800002111,2.0,2,0,0.0,2.0,1.0,13.0,A01
201800002111,1.0,37,1,0.0,2.0,3.0,0.0,B01
201800002112,1.0,7,0,0.0,2.0,1.0,15.0,A01
201800002112,2.0,2,0,0.0,2.0,3.0,1.0,B01
201800002113,2.0,31,0,0.0,2.0,1.0,1.0,B01
201800002113,1.0,7,0,0.0,2.0,2.0,15.0,A01
201800002114,0.0,7,0,0.0,1.0,4.0,0.0,A01
201800002115,1.0,7,0,0.0,1.0,3.0,15.0,A01
201800002116,1.0,7,0,0.0,2.0,7.0,15.0,A01
201800002116,2.0,2,0,0.0,2.0,1.0,1.0,B01
201800002117,2.0,7,0,8.0,0.0,9.0,1.0,A01
201800002118,1.0,33,0,2.0,0.0,2.0,18.0,A01
201800002119,1.0,33,0,0.0,0.0,7.0,1.0,A01
201800002120,1.0,7,0,0.0,1.0,7.0,10.0,B01
201800002120,2.0,7,0,0.0,2.0,1.0,21.0,A01
201800002121,1.0,7,0,0.0,2.0,1.0,1.0,A01
201800002121,2.0,7,0,0.0,2.0,1.0,13.0,B01
201800002122,2.0,32,0,0.0,2.0,1.0,19.0,A01
201800002122,1.0,7,0,0.0,2.0,2.0,1.0,B01
201800002123,0.0,7,0,2.0,2.0,3.0,1.0,A01
201800002123,0.0,7,0,9.0,2.0,2.0,9.0,B01
201800002124,0.0,7,0,6.0,0.0,3.0,1.0,A01
201800002125,0.0,2,0,0.0,2.0,1.0,2.0,A01
201800002125,0.0,7,0,0.0,0.0,4.0,2.0,B01
201800002126,0.0,10,0,0.0,2.0,3.0,10.0,A01
201800002126,0.0,33,0,0.0,2.0,2.0,17.0,B01
201800002127,0.0,33,0,0.0,0.0,0.0,0.0,A01
201800002128,2.0,33,0,0.0,0.0,4.0,1.0,A01
201800002128,2.0,33,0,0.0,2.0,1.0,1.0,B01
201800002129,0.0,10,0,0.0,2.0,1.0,1.0,A01
201800002129,0.0,2,0,0.0,2.0,1.0,1.0,B01
201800002130,1.0,7,0,0.0,2.0,3.0,1.0,A01
201800002130,2.0,7,0,0.0,2.0,3.0,1.0,B01
201800002131,0.0,7,0,10.0,0.0,2.0,1.0,A01
201800002132,1.0,7,0,0.0,0.0,1.0,1.0,A01
201800002133,1.0,7,0,12.0,0.0,3.0,0.0,A01
201800002134,1.0,7,0,0.0,2.0,1.0,15.0,A01
201800002134,2.0,33,0,0.0,2.0,8.0,0.0,B01
201800002135,1.0,7,0,2.0,0.0,1.0,13.0,A01
201800002136,2.0,7,0,0.0,2.0,1.0,2.0,A01
201800002136,2.0,7,0,0.0,0.0,4.0,2.0,B01
201800002137,1.0,7,0,0.0,2.0,3.0,1.0,B01
201800002137,2.0,7,0,0.0,2.0,3.0,13.0,A01
201800002138,0.0,7,0,0.0,2.0,1.0,9.0,A01
201800002138,0.0,7,0,0.0,2.0,1.0,1.0,B01
201800002139,1.0,33,0,0.0,0.0,7.0,0.0,A01
201800002140,1.0,2,0,0.0,2.0,1.0,2.0,A01
201800002140,1.0,7,0,0.0,0.0,4.0,2.0,B01
201800002140,2.0,10,0,0.0,2.0,1.0,1.0,C01
201800002141,0.0,33,0,14.0,0.0,1.0,1.0,A01
201800002142,2.0,33,0,0.0,2.0,8.0,1.0,B01
201800002142,1.0,7,0,0.0,2.0,1.0,1.0,A01
201800002143,1.0,31,0,6.0,2.0,1.0,13.0,A01
201800002143,2.0,7,0,0.0,2.0,2.0,1.0,B01
201800002144,1.0,1,0,0.0,0.0,4.0,0.0,B01
201800002144,1.0,7,0,0.0,9.0,1.0,0.0,A01
201800002145,1.0,7,0,7.0,0.0,1.0,1.0,A01
201800002146,2.0,7,0,0.0,1.0,2.0,1.0,A01
201800002147,1.0,7,0,0.0,0.0,8.0,9.0,A01
201800002147,1.0,1,0,0.0,2.0,1.0,1.0,B01
201800002148,2.0,7,0,0.0,9.0,6.0,24.0,A01
201800002148,2.0,1,0,1.0,0.0,1.0,1.0,B01
201800002149,1.0,10,0,0.0,1.0,1.0,1.0,A01
201800002150,1.0,17,0,2.0,0.0,1.0,1.0,A01
201800002151,2.0,14,0,0.0,2.0,2.0,13.0,A01
201800002151,1.0,7,0,2.0,2.0,2.0,21.0,B01
201800002152,2.0,17,0,0.0,0.0,3.0,23.0,A01
201800002152,2.0,7,0,1.0,0.0,2.0,2.0,B01
201800002153,1.0,13,0,0.0,0.0,0.0,1.0,A01
201800002153,2.0,33,0,0.0,9.0,1.0,1.0,B01
201800002154,1.0,7,0,0.0,2.0,1.0,9.0,A01
201800002154,1.0,15,0,0.0,0.0,6.0,1.0,B01
201800002155,2.0,14,0,0.0,2.0,1.0,2.0,A01
201800002155,2.0,14,0,0.0,2.0,4.0,23.0,B01
201800002155,2.0,37,31,0.0,0.0,4.0,23.0,C01
201800002155,2.0,7,0,0.0,2.0,1.0,2.0,D01
201800002155,2.0,10,0,0.0,0.0,4.0,0.0,E01
201800002156,1.0,17,0,0.0,2.0,8.0,1.0,A01
201800002156,2.0,10,0,0.0,2.0,3.0,1.0,B01
201800002157,1.0,7,0,0.0,1.0,3.0,9.0,A01
201800002158,2.0,7,0,8.0,0.0,2.0,14.0,A01
201800002159,2.0,31,0,0.0,2.0,2.0,21.0,B01
201800002159,1.0,7,0,0.0,2.0,2.0,15.0,A01
201800002160,1.0,7,0,0.0,1.0,1.0,15.0,A01
201800002161,2.0,30,0,0.0,2.0,1.0,16.0,A01
201800002161,1.0,7,0,0.0,2.0,3.0,1.0,B01
201800002162,1.0,7,0,0.0,2.0,1.0,1.0,B01
201800002162,1.0,1,0,0.0,2.0,0.0,19.0,A01
201800002163,0.0,30,0,0.0,1.0,1.0,0.0,A01
201800002164,1.0,7,0,0.0,1.0,2.0,1.0,A01
201800002165,1.0,7,0,3.0,0.0,1.0,13.0,A01
201800002166,0.0,7,0,0.0,1.0,2.0,1.0,A01
201800002167,1.0,7,0,6.0,0.0,2.0,1.0,A01
201800002168,1.0,21,0,0.0,2.0,6.0,1.0,A01
201800002168,1.0,33,0,0.0,2.0,1.0,3.0,B01
201800002169,2.0,7,0,0.0,1.0,1.0,1.0,A01
201800002170,1.0,2,0,0.0,1.0,1.0,1.0,A01
201800002171,0.0,7,0,0.0,2.0,0.0,2.0,D01
201800002171,0.0,7,0,0.0,2.0,1.0,1.0,C01
201800002171,0.0,7,0,0.0,2.0,4.0,2.0,B01
201800002171,0.0,7,0,7.0,2.0,9.0,0.0,A01
201800002172,1.0,7,0,0.0,1.0,2.0,1.0,A01
201800002173,1.0,33,0,0.0,2.0,1.0,1.0,B01
201800002173,1.0,7,0,0.0,2.0,8.0,10.0,A01
201800002174,2.0,7,0,0.0,1.0,2.0,1.0,A01
201800002175,1.0,7,0,0.0,1.0,2.0,16.0,A01
201800002176,1.0,7,0,0.0,1.0,2.0,1.0,A01
201800002177,2.0,7,0,13.0,2.0,1.0,1.0,B01
201800002177,1.0,7,0,0.0,2.0,1.0,5.0,A01
201800002178,1.0,7,0,0.0,1.0,1.0,1.0,A01
201800002179,0.0,7,0,0.0,2.0,2.0,1.0,B01
201800002179,0.0,7,0,0.0,2.0,5.0,4.0,A01
201800002180,0.0,7,0,0.0,1.0,2.0,15.0,A01
201800002181,2.0,7,0,0.0,0.0,6.0,10.0,A01
201800002181,2.0,33,0,0.0,0.0,1.0,2.0,B01
201800002182,1.0,30,0,0.0,0.0,0.0,0.0,A01
201800002183,2.0,7,0,0.0,1.0,1.0,15.0,A01
201800002184,0.0,7,0,4.0,2.0,3.0,1.0,A01
201800002184,0.0,7,0,0.0,2.0,6.0,21.0,B01
201800002185,2.0,7,0,0.0,9.0,2.0,0.0,A01
201800002185,0.0,1,0,0.0,0.0,8.0,19.0,B01
201800002186,0.0,7,0,0.0,2.0,3.0,17.0,A01
201800002186,0.0,7,0,0.0,2.0,3.0,14.0,B01
201800002187,0.0,7,0,0.0,2.0,2.0,15.0,A01
201800002187,0.0,7,0,0.0,2.0,1.0,0.0,B01
201800002188,0.0,7,0,0.0,2.0,2.0,1.0,A01
201800002188,0.0,7,0,15.0,0.0,6.0,9.0,B01
201800002189,0.0,33,0,6.0,0.0,1.0,15.0,A01
201800002190,2.0,7,0,0.0,2.0,3.0,0.0,A01
201800002190,2.0,33,0,0.0,2.0,1.0,1.0,B01
201800002191,1.0,33,0,0.0,2.0,1.0,1.0,A01
201800002191,2.0,7,0,0.0,2.0,8.0,15.0,B01
201800002192,1.0,7,0,0.0,2.0,2.0,16.0,A01
201800002192,0.0,1,0,0.0,2.0,3.0,9.0,B01
201800002193,0.0,7,0,16.0,0.0,0.0,13.0,A01
201800002194,2.0,7,0,0.0,2.0,5.0,1.0,A01
201800002194,2.0,7,0,0.0,2.0,3.0,1.0,B01
201800002195,2.0,7,0,0.0,2.0,1.0,17.0,A01
201800002195,1.0,7,0,0.0,2.0,1.0,1.0,B01
201800002196,1.0,32,0,0.0,0.0,8.0,18.0,A01
201800002196,1.0,15,0,0.0,0.0,5.0,16.0,B01
201800002197,2.0,7,0,15.0,0.0,3.0,1.0,A01
201800002198,0.0,7,0,13.0,0.0,2.0,1.0,A01
201800002199,1.0,14,0,13.0,0.0,3.0,1.0,A01
201800002200,2.0,7,0,10.0,0.0,0.0,0.0,A01
201800002201,2.0,7,0,0.0,2.0,3.0,15.0,B01
201800002201,2.0,33,0,0.0,2.0,7.0,9.0,A01
201800002202,1.0,33,0,13.0,0.0,1.0,21.0,A01
201800002203,1.0,7,0,0.0,2.0,1.0,13.0,A01
201800002203,2.0,10,0,0.0,2.0,3.0,1.0,B01
201800002203,1.0,7,0,0.0,2.0,1.0,1.0,C01
201800002204,1.0,33,0,6.0,0.0,3.0,1.0,A01
201800002205,2.0,7,0,8.0,2.0,3.0,1.0,B01
201800002205,2.0,7,0,0.0,2.0,3.0,16.0,A01
201800002206,1.0,33,0,0.0,0.0,7.0,1.0,A01
201800002207,1.0,31,0,13.0,0.0,0.0,13.0,A01
201800002208,2.0,33,0,16.0,0.0,9.0,1.0,A01
201800002209,1.0,7,0,8.0,0.0,2.0,14.0,A01
201800002210,1.0,1,0,0.0,2.0,3.0,1.0,A01
201800002210,1.0,2,0,0.0,2.0,3.0,1.0,B01
201800002211,0.0,31,0,0.0,0.0,5.0,1.0,A01
201800002212,1.0,7,0,1.0,0.0,4.0,23.0,A01
201800002212,1.0,7,0,1.0,0.0,4.0,23.0,B01
201800002212,1.0,7,0,1.0,0.0,1.0,1.0,C01
201800002213,2.0,7,0,4.0,0.0,3.0,1.0,A01
201800002214,1.0,33,0,11.0,0.0,7.0,1.0,A01
201800002215,2.0,33,0,0.0,0.0,7.0,17.0,A01
201800002216,2.0,7,0,6.0,0.0,7.0,1.0,A01
201800002217,1.0,7,0,13.0,0.0,0.0,1.0,A01
201800002218,2.0,31,0,0.0,1.0,1.0,18.0,A01
201800002219,0.0,1,0,0.0,9.0,1.0,0.0,A01
201800002219,0.0,1,0,0.0,9.0,1.0,0.0,B01
201800002220,2.0,7,0,0.0,2.0,1.0,17.0,A01
201800002220,1.0,37,5,0.0,2.0,3.0,1.0,B01
201800002220,2.0,7,0,0.0,2.0,8.0,1.0,C01
201800002221,0.0,1,0,0.0,2.0,1.0,1.0,A01
201800002221,0.0,1,0,0.0,2.0,1.0,17.0,B01
201800002222,2.0,7,0,5.0,0.0,7.0,1.0,A01
201800002223,0.0,7,0,0.0,1.0,0.0,15.0,A01
201800002224,0.0,10,0,0.0,2.0,3.0,15.0,A01
201800002224,0.0,33,0,0.0,2.0,1.0,1.0,B01
201800002225,0.0,1,0,0.0,2.0,5.0,2.0,B01
201800002225,0.0,7,0,0.0,2.0,3.0,2.0,A01
201800002226,2.0,2,0,0.0,2.0,1.0,1.0,B01
201800002226,1.0,7,0,0.0,2.0,8.0,16.0,A01
201800002227,0.0,7,0,0.0,2.0,5.0,17.0,A01
201800002227,0.0,1,0,0.0,2.0,8.0,1.0,B01
201800002228,0.0,1,0,0.0,2.0,4.0,0.0,B01
201800002228,0.0,7,0,0.0,2.0,1.0,9.0,A01
201800002229,1.0,10,0,6.0,0.0,1.0,2.0,A01
201800002230,0.0,7,0,13.0,0.0,2.0,1.0,A01
201800002231,0.0,7,0,0.0,2.0,1.0,13.0,A01
201800002231,0.0,7,0,0.0,2.0,1.0,1.0,B01
201800002231,0.0,7,0,0.0,2.0,8.0,1.0,C01
201800002232,1.0,7,0,0.0,1.0,3.0,1.0,A01
201800002233,1.0,38,49,0.0,2.0,5.0,1.0,A01
201800002233,1.0,1,0,0.0,2.0,3.0,1.0,B01
201800002234,1.0,7,0,0.0,2.0,2.0,15.0,A01
201800002234,1.0,33,0,0.0,2.0,7.0,17.0,B01
201800002235,0.0,30,0,0.0,0.0,0.0,1.0,A01
201800002236,2.0,7,0,0.0,9.0,2.0,15.0,A01
201800002236,1.0,1,0,0.0,2.0,1.0,1.0,B01
201800002237,2.0,7,0,7.0,0.0,1.0,1.0,A01
201800002238,1.0,7,0,0.0,0.0,0.0,14.0,A01
201800002239,1.0,7,0,1.0,0.0,2.0,19.0,A01
201800002240,0.0,33,0,0.0,2.0,1.0,0.0,A01
201800002240,0.0,7,0,0.0,2.0,1.0,0.0,B01
201800002241,2.0,33,0,0.0,2.0,2.0,17.0,A01
201800002241,2.0,7,0,14.0,0.0,6.0,13.0,B01
201800002241,1.0,15,0,16.0,0.0,0.0,1.0,C01
201800002242,0.0,7,0,0.0,2.0,3.0,1.0,A01
201800002242,0.0,30,0,0.0,2.0,1.0,0.0,B01
201800002243,1.0,7,0,0.0,2.0,1.0,1.0,B01
201800002243,1.0,7,0,0.0,2.0,3.0,9.0,A01
201800002244,1.0,7,0,0.0,0.0,9.0,1.0,A01
201800002245,2.0,7,0,0.0,2.0,1.0,1.0,B01
201800002245,1.0,2,0,0.0,2.0,7.0,1.0,A01
201800002246,0.0,1,0,12.0,0.0,0.0,0.0,A01
201800002247,2.0,33,0,0.0,0.0,3.0,1.0,A01
201800002248,0.0,7,0,0.0,2.0,2.0,10.0,A01
201800002248,0.0,33,0,0.0,2.0,3.0,1.0,B01
201800002249,0.0,7,0,0.0,1.0,3.0,1.0,A01
201800002250,2.0,33,0,0.0,2.0,3.0,15.0,A01
201800002250,2.0,7,0,0.0,2.0,2.0,12.0,B01
201800002251,2.0,32,0,0.0,2.0,2.0,12.0,A01
201800002251,2.0,7,0,0.0,2.0,3.0,1.0,B01
201800002252,1.0,7,0,0.0,2.0,1.0,1.0,A01
201800002252,1.0,7,0,0.0,2.0,4.0,2.0,B01
201800002252,1.0,7,0,0.0,2.0,4.0,2.0,C01
201800002253,1.0,7,0,0.0,2.0,9.0,14.0,A01
201800002253,1.0,33,0,0.0,2.0,8.0,2.0,B01
201800002253,1.0,7,0,0.0,2.0,8.0,1.0,C01
201800002254,1.0,7,0,0.0,2.0,1.0,14.0,A01
201800002254,1.0,1,0,0.0,2.0,4.0,1.0,B01
201800002255,1.0,7,0,0.0,2.0,8.0,1.0,A01
201800002255,2.0,7,0,0.0,2.0,8.0,13.0,B01
201800002255,0.0,1,0,0.0,2.0,1.0,2.0,C01
201800002256,1.0,7,0,0.0,2.0,1.0,2.0,A01
201800002256,1.0,30,0,0.0,0.0,4.0,2.0,B01
201800002257,2.0,7,0,15.0,2.0,1.0,1.0,A01
201800002257,2.0,7,0,0.0,2.0,1.0,1.0,B01
201800002258,2.0,33,0,0.0,2.0,3.0,1.0,A01
201800002258,2.0,7,0,0.0,2.0,2.0,15.0,B01
201800002259,2.0,7,0,0.0,2.0,3.0,1.0,A01
201800002259,1.0,7,0,0.0,2.0,3.0,1.0,B01
201800002260,0.0,7,0,0.0,2.0,1.0,0.0,A01
201800002260,0.0,1,0,0.0,2.0,7.0,19.0,B01
201800002261,2.0,7,0,13.0,0.0,1.0,1.0,A01
201800002262,2.0,7,0,0.0,2.0,1.0,5.0,A01
201800002262,1.0,7,0,0.0,2.0,1.0,1.0,B01
201800002263,0.0,33,0,2.0,0.0,0.0,1.0,A01
201800002264,2.0,7,0,0.0,2.0,8.0,15.0,A01
201800002264,1.0,33,0,0.0,2.0,1.0,2.0,B01
201800002265,1.0,7,0,0.0,4.0,7.0,19.0,A01
201800002265,1.0,39,52,0.0,2.0,2.0,1.0,B01
201800002266,1.0,7,0,0.0,0.0,5.0,15.0,A01
201800002266,1.0,31,0,0.0,2.0,2.0,18.0,B01
201800002267,1.0,7,0,0.0,2.0,2.0,1.0,A01
201800002267,2.0,33,0,0.0,2.0,1.0,1.0,B01
201800002268,2.0,7,0,2.0,0.0,1.0,1.0,A01
201800002269,2.0,7,0,0.0,0.0,7.0,16.0,A01
201800002269,2.0,1,0,0.0,2.0,1.0,1.0,B01
201800002270,1.0,7,0,0.0,0.0,6.0,23.0,A01
201800002270,1.0,33,0,0.0,2.0,2.0,21.0,B01
201800002271,2.0,7,0,0.0,2.0,3.0,13.0,A01
201800002271,1.0,7,0,0.0,2.0,3.0,1.0,B01
201800002272,1.0,7,0,1.0,0.0,2.0,1.0,A01
201800002273,2.0,7,0,2.0,2.0,8.0,13.0,A01
201800002273,1.0,32,0,0.0,2.0,1.0,1.0,B01
201800002274,2.0,7,0,0.0,2.0,3.0,15.0,A01
201800002274,1.0,7,0,0.0,2.0,5.0,18.0,B01
201800002274,2.0,33,0,0.0,2.0,1.0,17.0,C01
201800002275,1.0,33,0,0.0,2.0,1.0,5.0,A01
201800002275,2.0,7,0,0.0,2.0,3.0,15.0,B01
201800002276,1.0,7,0,1.0,0.0,1.0,21.0,A01
201800002277,2.0,33,0,0.0,2.0,1.0,2.0,A01
201800002277,2.0,7,0,0.0,2.0,4.0,2.0,B01
201800002278,1.0,7,0,0.0,2.0,1.0,13.0,A01
201800002278,2.0,7,0,0.0,2.0,1.0,1.0,B01
201800002279,2.0,34,0,0.0,2.0,3.0,1.0,A01
201800002279,1.0,7,0,0.0,2.0,1.0,1.0,B01
201800002280,1.0,7,0,0.0,2.0,7.0,15.0,A01
201800002280,2.0,33,0,0.0,2.0,1.0,1.0,B01
201800002281,0.0,7,0,0.0,2.0,7.0,15.0,A01
201800002281,0.0,1,0,0.0,2.0,1.0,1.0,B01
201800002282,0.0,3,0,9.0,0.0,7.0,15.0,A01
201800002283,2.0,7,0,0.0,0.0,4.0,2.0,B01
201800002283,1.0,7,0,0.0,0.0,8.0,2.0,C01
201800002283,2.0,33,0,0.0,2.0,1.0,2.0,A01
201800002284,0.0,7,0,0.0,2.0,2.0,1.0,A01
201800002284,0.0,7,0,0.0,2.0,3.0,15.0,B01
201800002285,0.0,2,0,8.0,9.0,3.0,1.0,A01
201800002286,0.0,33,0,0.0,2.0,9.0,0.0,A01
201800002286,0.0,7,0,13.0,2.0,8.0,21.0,B01
201800002287,1.0,2,0,0.0,2.0,1.0,0.0,A01
201800002287,2.0,7,0,0.0,0.0,8.0,15.0,B01
201800002288,0.0,33,0,0.0,2.0,3.0,17.0,A01
201800002288,0.0,7,0,0.0,2.0,3.0,15.0,B01
201800002289,2.0,7,0,0.0,2.0,1.0,13.0,A01
201800002289,1.0,7,0,0.0,2.0,1.0,1.0,B01
201800002290,1.0,31,0,0.0,2.0,1.0,1.0,A01
201800002290,0.0,7,0,0.0,2.0,8.0,15.0,B01
201800002291,1.0,1,0,1.0,0.0,0.0,1.0,D01
201800002291,2.0,7,0,0.0,2.0,1.0,1.0,C01
201800002291,1.0,7,0,3.0,2.0,3.0,13.0,A01
201800002291,2.0,7,0,0.0,2.0,1.0,1.0,B01
201800002292,0.0,33,0,0.0,2.0,1.0,2.0,A01
201800002292,0.0,7,0,0.0,2.0,4.0,2.0,B01
201800002293,1.0,33,0,8.0,0.0,1.0,1.0,A01
201800002294,2.0,7,0,6.0,0.0,1.0,1.0,A01
201800002295,2.0,7,0,3.0,0.0,1.0,1.0,A01
201800002296,2.0,7,0,0.0,2.0,3.0,0.0,B01
201800002296,1.0,7,0,0.0,2.0,3.0,0.0,A01
201800002297,2.0,7,0,0.0,1.0,2.0,1.0,A01
201800002298,2.0,7,0,16.0,0.0,2.0,1.0,A01
201800002299,0.0,7,0,13.0,0.0,1.0,1.0,A01
201800002300,0.0,33,0,15.0,0.0,1.0,14.0,A01
201800002301,1.0,7,0,6.0,0.0,7.0,0.0,A01
201800002302,0.0,7,0,8.0,0.0,2.0,0.0,A01
201800002303,2.0,7,0,0.0,2.0,2.0,15.0,A01
201800002303,1.0,7,0,0.0,2.0,1.0,1.0,B01
201800002304,0.0,7,0,0.0,0.0,9.0,0.0,A01
201800002305,2.0,2,0,0.0,0.0,3.0,16.0,A01
201800002305,2.0,7,0,0.0,2.0,3.0,1.0,B01
201800002306,1.0,7,0,0.0,2.0,1.0,1.0,A01
201800002306,2.0,7,0,3.0,2.0,1.0,1.0,B01
201800002307,0.0,7,0,0.0,2.0,1.0,1.0,B01
201800002307,0.0,7,0,0.0,2.0,1.0,5.0,A01
201800002308,2.0,1,0,16.0,2.0,0.0,1.0,B01
201800002308,2.0,3,0,0.0,9.0,2.0,21.0,A01
201800002309,2.0,34,0,8.0,0.0,1.0,1.0,A01
201800002310,1.0,7,0,2.0,0.0,8.0,1.0,A01
201800002311,0.0,7,0,0.0,9.0,3.0,15.0,A01
201800002311,0.0,1,0,0.0,2.0,7.0,1.0,B01
201800002312,2.0,7,0,0.0,0.0,3.0,1.0,A01
201800002313,0.0,33,0,0.0,2.0,1.0,1.0,A01
201800002313,0.0,7,0,0.0,0.0,6.0,15.0,B01
201800002314,0.0,36,0,0.0,0.0,0.0,10.0,A01
201800002315,0.0,33,0,0.0,2.0,7.0,1.0,A01
201800002315,0.0,7,0,0.0,2.0,1.0,9.0,B01
201800002316,2.0,7,0,0.0,0.0,9.0,1.0,A01
201800002317,1.0,7,0,0.0,2.0,6.0,15.0,B01
201800002317,1.0,7,0,6.0,2.0,1.0,17.0,A01
201800002318,0.0,7,0,0.0,2.0,1.0,15.0,A01
201800002318,0.0,7,0,0.0,2.0,1.0,1.0,B01
201800002319,1.0,7,0,0.0,9.0,2.0,2.0,A01
201800002319,1.0,1,0,0.0,2.0,6.0,2.0,B01
201800002320,0.0,7,0,0.0,2.0,8.0,15.0,A01
201800002320,0.0,31,0,0.0,2.0,1.0,1.0,B01
201800002321,2.0,7,0,0.0,2.0,2.0,2.0,B01
201800002321,2.0,7,0,0.0,2.0,3.0,10.0,A01
201800002322,0.0,7,0,0.0,2.0,8.0,15.0,A01
201800002322,0.0,33,0,0.0,2.0,3.0,1.0,B01
201800002323,1.0,10,0,0.0,1.0,3.0,1.0,A01
201800002324,0.0,7,0,0.0,2.0,2.0,9.0,A01
201800002324,0.0,33,0,0.0,0.0,5.0,1.0,B01
201800002325,1.0,33,0,0.0,2.0,1.0,17.0,A01
201800002325,1.0,7,0,0.0,2.0,3.0,15.0,B01
201800002326,0.0,7,0,0.0,2.0,1.0,1.0,B01
201800002326,0.0,7,0,0.0,2.0,2.0,13.0,A01
201800002327,1.0,1,0,0.0,2.0,8.0,1.0,B01
201800002327,1.0,7,0,0.0,9.0,1.0,1.0,A01
201800002328,0.0,7,0,13.0,0.0,9.0,1.0,A01
201800002328,0.0,7,0,0.0,0.0,0.0,9.0,B01
201800002329,2.0,33,0,0.0,2.0,3.0,1.0,A01
201800002329,1.0,7,0,0.0,2.0,3.0,15.0,B01
201800002330,1.0,7,0,0.0,2.0,1.0,1.0,A01
201800002330,1.0,7,0,0.0,0.0,3.0,1.0,B01
201800002331,2.0,7,0,0.0,1.0,3.0,1.0,A01
201800002332,0.0,7,0,0.0,2.0,2.0,17.0,A01
201800002332,0.0,2,0,0.0,2.0,8.0,1.0,B01
201800002333,0.0,7,0,0.0,1.0,2.0,2.0,A01
201800002334,0.0,7,0,0.0,0.0,3.0,1.0,A01
201800002334,0.0,1,0,0.0,2.0,5.0,1.0,B01
201800002335,2.0,7,0,2.0,9.0,8.0,1.0,A01
201800002336,1.0,7,0,0.0,2.0,2.0,14.0,B01
201800002336,1.0,2,0,0.0,2.0,3.0,18.0,A01
201800002337,0.0,7,0,0.0,2.0,2.0,2.0,C01
201800002337,0.0,7,0,0.0,2.0,1.0,19.0,A01
201800002338,1.0,33,0,0.0,2.0,1.0,17.0,A01
201800002338,1.0,7,0,0.0,0.0,8.0,15.0,B01
201800002339,0.0,7,0,0.0,2.0,3.0,1.0,A01
201800002339,0.0,7,0,0.0,2.0,3.0,1.0,B01
201800002340,0.0,7,0,3.0,0.0,7.0,1.0,A01
201800002341,2.0,7,0,0.0,2.0,3.0,1.0,A01
201800002341,1.0,7,0,0.0,2.0,3.0,13.0,B01
201800002342,0.0,33,0,13.0,0.0,1.0,1.0,A01
201800002343,1.0,2,0,0.0,2.0,1.0,1.0,B01
201800002343,1.0,7,0,0.0,2.0,8.0,10.0,A01
201800002344,2.0,7,0,0.0,2.0,2.0,2.0,A01
201800002344,2.0,1,0,0.0,2.0,4.0,2.0,B01
201800002345,0.0,2,0,0.0,2.0,1.0,17.0,B01
201800002345,0.0,7,0,0.0,2.0,8.0,15.0,A01
201800002346,0.0,7,0,0.0,2.0,7.0,15.0,B01
201800002346,0.0,7,0,0.0,2.0,1.0,1.0,A01
201800002347,0.0,99,0,0.0,0.0,8.0,24.0,B01
201800002347,2.0,7,0,1.0,0.0,9.0,1.0,A01
201800002348,1.0,7,0,0.0,2.0,1.0,1.0,A01
201800002348,2.0,7,0,0.0,2.0,1.0,1.0,B01
201800002349,1.0,7,0,0.0,2.0,1.0,1.0,A01
201800002349,2.0,7,0,0.0,2.0,3.0,1.0,B01
201800002350,0.0,2,0,0.0,2.0,1.0,17.0,B01
201800002350,0.0,7,0,0.0,0.0,6.0,2.0,A01
201800002351,0.0,7,0,0.0,1.0,2.0,0.0,A01
201800002352,1.0,7,0,0.0,2.0,9.0,5.0,A01
201800002352,2.0,7,0,0.0,2.0,1.0,1.0,B01
201800002353,1.0,7,0,0.0,2.0,6.0,1.0,B01
201800002353,0.0,7,0,0.0,2.0,1.0,19.0,A01
201800002354,1.0,31,0,0.0,2.0,2.0,17.0,B01
201800002354,1.0,7,0,0.0,2.0,8.0,10.0,A01
201800002355,1.0,10,0,0.0,2.0,1.0,1.0,A01