Num_Acc,senc,catv,occutc,obs,obsm,choc,manv,num_veh
201800002355,1.0,7,0,0.0,2.0,4.0,2.0,B01
201800002355,2.0,7,0,0.0,2.0,3.0,1.0,C01
201800002356,0.0,7,0,4.0,0.0,1.0,1.0,A01
201800002357,1.0,7,0,0.0,2.0,7.0,19.0,A01
201800002357,2.0,33,0,0.0,2.0,1.0,2.0,B01
201800002358,1.0,7,0,0.0,2.0,2.0,1.0,A01
201800002358,2.0,32,0,0.0,2.0,1.0,13.0,B01
201800002359,0.0,7,0,0.0,0.0,4.0,2.0,B01
201800002359,2.0,15,0,0.0,2.0,1.0,2.0,A01
201800002360,2.0,38,2,0.0,2.0,3.0,1.0,B01
201800002360,1.0,7,0,0.0,2.0,3.0,13.0,A01
201800002361,0.0,15,0,0.0,2.0,1.0,1.0,B01
201800002361,0.0,7,0,0.0,2.0,1.0,13.0,A01
201800002362,0.0,15,0,0.0,0.0,4.0,23.0,B01
201800002362,0.0,1,0,1.0,0.0,1.0,2.0,A01
201800002363,1.0,7,0,0.0,2.0,3.0,0.0,A01
201800002363,1.0,15,0,0.0,2.0,3.0,1.0,B01
201800002364,1.0,7,0,0.0,1.0,1.0,15.0,A01
201800002365,1.0,34,0,0.0,0.0,8.0,0.0,A01
201800002366,0.0,7,0,0.0,1.0,1.0,1.0,A01
201800002367,0.0,7,0,0.0,1.0,8.0,1.0,A01
201800002368,0.0,7,0,0.0,2.0,1.0,1.0,A01
201800002368,0.0,7,0,0.0,2.0,1.0,1.0,B01
201800002369,2.0,7,0,0.0,1.0,3.0,1.0,A01
201800002370,1.0,33,0,0.0,2.0,8.0,17.0,A01
201800002370,2.0,7,0,0.0,0.0,3.0,21.0,B01
201800002371,2.0,33,0,0.0,2.0,1.0,13.0,B01
201800002371,1.0,7,0,0.0,2.0,1.0,1.0,A01
201800002372,0.0,33,0,6.0,2.0,1.0,17.0,A01
201800002372,0.0,7,0,0.0,2.0,3.0,15.0,B01
201800002373,0.0,7,0,0.0,1.0,3.0,2.0,A01
201800002374,2.0,7,0,0.0,2.0,3.0,1.0,B01
201800002374,1.0,7,0,0.0,2.0,3.0,5.0,A01
201800002375,1.0,7,0,0.0,2.0,4.0,23.0,B01
201800002375,1.0,7,0,1.0,0.0,1.0,1.0,A01
201800002376,1.0,7,0,0.0,2.0,8.0,15.0,A01
201800002376,2.0,33,0,0.0,2.0,1.0,1.0,B01
201800002377,0.0,2,0,0.0,2.0,1.0,1.0,B01
201800002377,0.0,7,0,0.0,2.0,7.0,15.0,A01
201800002378,1.0,21,0,0.0,0.0,9.0,14.0,A01
201800002379,0.0,7,0,2.0,0.0,5.0,13.0,A01
201800002380,1.0,7,0,0.0,9.0,1.0,15.0,A01
201800002380,2.0,1,0,0.0,2.0,7.0,1.0,B01
201800002381,0.0,7,0,0.0,9.0,2.0,15.0,A01
201800002381,0.0,1,0,0.0,2.0,1.0,1.0,B01
201800002382,1.0,33,0,0.0,2.0,2.0,1.0,A01
201800002382,1.0,7,0,0.0,2.0,1.0,19.0,B01
201800002383,0.0,1,0,0.0,0.0,5.0,1.0,B01
201800002383,0.0,7,0,0.0,0.0,2.0,0.0,A01
201800002384,0.0,7,0,0.0,2.0,1.0,23.0,C01
201800002384,0.0,7,0,0.0,2.0,1.0,1.0,B01
201800002384,0.0,7,0,0.0,2.0,3.0,16.0,A01
201800002385,1.0,3,0,0.0,0.0,0.0,1.0,A01
201800002386,0.0,7,0,0.0,0.0,6.0,0.0,A01
201800002386,0.0,33,0,0.0,2.0,3.0,1.0,B01
201800002387,0.0,33,0,0.0,1.0,1.0,1.0,A01
201800002388,0.0,7,0,0.0,1.0,1.0,1.0,A01
201800002389,0.0,7,0,0.0,1.0,1.0,1.0,A01
201800002390,1.0,7,0,0.0,2.0,7.0,1.0,A01
201800002390,2.0,3,0,0.0,2.0,1.0,1.0,B01
201800002391,0.0,7,0,0.0,2.0,5.0,2.0,A01
201800002391,0.0,2,0,0.0,2.0,3.0,2.0,B01
201800002392,0.0,2,0,12.0,0.0,1.0,1.0,A01
201800002393,0.0,31,0,0.0,2.0,1.0,1.0,B01
201800002393,1.0,7,0,0.0,2.0,3.0,10.0,A01
201800002394,0.0,7,0,0.0,1.0,2.0,15.0,A01
201800002395,2.0,2,0,0.0,2.0,8.0,15.0,A01
201800002395,1.0,7,0,0.0,2.0,1.0,1.0,B01
201800002396,0.0,7,0,0.0,2.0,1.0,21.0,A01
201800002396,0.0,7,0,0.0,2.0,6.0,23.0,C01
201800002396,0.0,7,0,0.0,2.0,1.0,1.0,B01
201800002397,1.0,33,0,0.0,0.0,7.0,1.0,A01
201800002398,1.0,7,0,0.0,1.0,4.0,1.0,B01
201800002398,1.0,7,0,0.0,2.0,1.0,1.0,A01
201800002399,2.0,7,0,0.0,2.0,1.0,1.0,B01
201800002399,1.0,7,0,0.0,2.0,1.0,5.0,A01
201800002400,0.0,10,0,0.0,1.0,2.0,1.0,A01
201800002401,0.0,31,0,0.0,2.0,1.0,5.0,A01
201800002401,0.0,2,0,0.0,0.0,1.0,0.0,B01
201800002402,2.0,7,0,0.0,2.0,3.0,13.0,B01
201800002402,1.0,7,0,0.0,2.0,3.0,13.0,A01
201800002403,0.0,7,0,0.0,2.0,3.0,15.0,A01
201800002403,0.0,33,0,0.0,2.0,1.0,1.0,B01
201800002404,0.0,7,0,0.0,2.0,2.0,6.0,B01
201800002404,1.0,1,0,0.0,2.0,1.0,1.0,A01
201800002405,0.0,7,0,0.0,2.0,2.0,15.0,A01
201800002405,0.0,33,0,0.0,2.0,1.0,0.0,B01
201800002406,2.0,7,0,7.0,2.0,5.0,15.0,A01
201800002406,1.0,7,0,0.0,0.0,1.0,0.0,B01
201800002407,1.0,33,0,0.0,2.0,8.0,21.0,A01
201800002407,2.0,7,0,0.0,2.0,8.0,17.0,B01
201800002408,0.0,2,0,8.0,0.0,1.0,1.0,A01
201800002409,2.0,7,0,0.0,2.0,1.0,1.0,B01
201800002409,2.0,7,0,0.0,2.0,2.0,1.0,A01
201800002410,0.0,7,0,0.0,2.0,1.0,1.0,A01
201800002410,0.0,7,0,0.0,2.0,1.0,1.0,B01
201800002411,0.0,7,0,0.0,1.0,2.0,1.0,A01
201800002412,0.0,2,0,0.0,2.0,2.0,17.0,B01
201800002412,0.0,7,0,0.0,2.0,3.0,13.0,A01
201800002413,2.0,7,0,0.0,2.0,1.0,0.0,A01
201800002413,1.0,7,0,0.0,0.0,3.0,1.0,B01
201800002414,0.0,7,0,0.0,2.0,1.0,1.0,B01
201800002414,0.0,7,0,0.0,2.0,2.0,1.0,A01
201800002415,0.0,7,0,6.0,0.0,1.0,5.0,A01
201800002415,0.0,7,0,0.0,2.0,3.0,2.0,B01
201800002416,0.0,7,0,0.0,1.0,3.0,1.0,A01
201800002417,0.0,7,0,0.0,9.0,2.0,1.0,A01
201800002417,0.0,1,0,0.0,2.0,1.0,1.0,B01
201800002417,0.0,1,0,0.0,2.0,1.0,1.0,C01
201800002418,1.0,7,0,0.0,2.0,3.0,13.0,A01
201800002418,2.0,3,0,0.0,2.0,3.0,1.0,B01
201800002419,2.0,33,0,0.0,2.0,1.0,17.0,A01
201800002419,2.0,21,0,0.0,2.0,8.0,15.0,B01
201800002420,1.0,33,0,13.0,0.0,0.0,1.0,A01
201800002421,2.0,7,0,0.0,2.0,8.0,1.0,B01
201800002421,1.0,33,0,0.0,2.0,8.0,17.0,A01
201800002422,1.0,2,0,0.0,2.0,1.0,1.0,C01
201800002422,1.0,2,0,0.0,2.0,1.0,1.0,B01
201800002422,0.0,7,0,0.0,2.0,1.0,15.0,A01
201800002423,0.0,14,0,16.0,0.0,9.0,15.0,A01
201800002424,0.0,7,0,13.0,0.0,1.0,1.0,A01
201800002425,0.0,7,0,8.0,2.0,3.0,1.0,A01
201800002425,0.0,7,0,0.0,2.0,3.0,1.0,B01
201800002426,1.0,7,0,0.0,2.0,6.0,18.0,A01
201800002426,1.0,7,0,3.0,2.0,2.0,13.0,B01
201800002427,2.0,7,0,4.0,0.0,8.0,13.0,A01
201800002428,1.0,7,0,0.0,2.0,3.0,13.0,A01
201800002428,2.0,14,0,0.0,2.0,3.0,1.0,B01
201800002429,1.0,7,0,9.0,2.0,5.0,15.0,A01
201800002429,2.0,31,0,0.0,2.0,1.0,1.0,B01
201800002430,2.0,7,0,0.0,2.0,7.0,17.0,A01
201800002430,2.0,1,0,0.0,2.0,8.0,2.0,B01
201800002431,0.0,33,0,16.0,0.0,0.0,13.0,A01
201800002432,0.0,7,0,0.0,2.0,3.0,1.0,A01
201800002432,0.0,7,0,0.0,2.0,3.0,1.0,B01
201800002433,1.0,7,0,12.0,0.0,2.0,1.0,A01
201800002434,2.0,33,0,9.0,0.0,1.0,6.0,A01
201800002435,2.0,7,0,0.0,2.0,8.0,1.0,B01
201800002435,1.0,2,0,0.0,2.0,1.0,15.0,A01
201800002436,1.0,7,0,0.0,2.0,3.0,15.0,A01
201800002436,1.0,31,0,0.0,2.0,7.0,17.0,B01
201800002437,0.0,10,0,0.0,0.0,4.0,0.0,A01
201800002437,0.0,7,0,0.0,0.0,4.0,1.0,B01
201800002437,0.0,7,0,0.0,0.0,4.0,1.0,C01
201800002437,0.0,10,0,0.0,0.0,1.0,1.0,D01
201800002438,0.0,33,0,0.0,2.0,1.0,2.0,A01
201800002438,0.0,7,0,0.0,2.0,5.0,2.0,B01
201800002439,1.0,33,0,0.0,2.0,1.0,2.0,A01
201800002439,1.0,33,0,0.0,2.0,4.0,23.0,B01
201800002440,0.0,31,0,3.0,0.0,0.0,1.0,A01
201800002441,1.0,7,0,6.0,0.0,1.0,0.0,A01
201800002442,1.0,1,0,8.0,0.0,1.0,14.0,A01
201800002443,2.0,33,0,0.0,0.0,0.0,0.0,A01
201800002444,1.0,1,0,0.0,2.0,5.0,1.0,A01
201800002444,1.0,7,0,0.0,2.0,3.0,1.0,B01
201800002445,1.0,7,0,0.0,2.0,1.0,15.0,A01
201800002445,2.0,7,0,0.0,2.0,3.0,1.0,B01
201800002445,1.0,7,0,0.0,2.0,1.0,1.0,C01
201800002446,0.0,1,0,0.0,0.0,0.0,1.0,A01
201800002447,1.0,7,0,0.0,2.0,3.0,0.0,B01
201800002447,2.0,7,0,0.0,2.0,3.0,0.0,A01
201800002448,2.0,7,0,0.0,1.0,6.0,1.0,A01
201800002449,1.0,31,0,13.0,0.0,1.0,1.0,A01
201800002450,1.0,7,0,13.0,0.0,2.0,1.0,A01
201800002451,1.0,2,0,0.0,2.0,4.0,23.0,B01
201800002451,1.0,7,0,0.0,2.0,1.0,2.0,A01
201800002452,2.0,33,0,13.0,0.0,2.0,0.0,A01
201800002453,0.0,7,0,15.0,0.0,3.0,13.0,A01
201800002454,1.0,7,0,0.0,2.0,1.0,5.0,A01
201800002454,2.0,10,0,0.0,2.0,1.0,1.0,B01
201800002455,2.0,7,0,0.0,2.0,3.0,13.0,A01
201800002455,1.0,7,0,0.0,2.0,3.0,1.0,B01
201800002456,2.0,7,0,1.0,0.0,1.0,13.0,A01
201800002457,1.0,7,0,6.0,0.0,3.0,13.0,A01
201800002458,0.0,1,0,0.0,2.0,1.0,15.0,A01
201800002458,0.0,7,0,0.0,2.0,7.0,1.0,B01
201800002459,2.0,33,0,0.0,2.0,1.0,13.0,A01
201800002459,1.0,7,0,0.0,2.0,3.0,1.0,B01
201800002460,1.0,7,0,0.0,2.0,1.0,13.0,A01
201800002460,2.0,33,0,0.0,2.0,1.0,1.0,B01
201800002461,1.0,7,0,0.0,2.0,3.0,1.0,B01
201800002461,2.0,13,0,0.0,2.0,1.0,2.0,C01
201800002461,2.0,7,0,0.0,2.0,3.0,17.0,A01
201800002462,2.0,7,0,0.0,2.0,3.0,1.0,B01
201800002462,1.0,7,0,0.0,2.0,6.0,1.0,D01
201800002462,1.0,7,0,0.0,2.0,1.0,17.0,A01
201800002462,2.0,7,0,0.0,2.0,3.0,1.0,C01
201800002463,1.0,14,0,0.0,2.0,2.0,1.0,A01
201800002463,1.0,1,0,15.0,2.0,3.0,1.0,B01
201800002464,0.0,33,0,0.0,2.0,1.0,13.0,B01
201800002464,2.0,7,0,0.0,2.0,1.0,15.0,A01
201800002465,2.0,7,0,0.0,2.0,3.0,1.0,B01
201800002465,1.0,33,0,0.0,2.0,1.0,13.0,A01
201800002466,1.0,33,0,13.0,0.0,1.0,1.0,A01
201800002467,1.0,7,0,0.0,2.0,3.0,15.0,A01
201800002467,1.0,33,0,0.0,2.0,7.0,17.0,B01
201800002468,1.0,1,0,0.0,2.0,1.0,1.0,B01
201800002468,1.0,7,0,0.0,2.0,2.0,15.0,A01
201800002469,1.0,7,0,0.0,2.0,2.0,16.0,B01
201800002469,1.0,33,0,13.0,2.0,0.0,0.0,A01
201800002470,2.0,7,0,13.0,0.0,0.0,14.0,A01
201800002471,1.0,7,0,0.0,1.0,1.0,15.0,A01
201800002472,2.0,1,0,0.0,2.0,1.0,1.0,B01
201800002472,0.0,7,0,0.0,2.0,3.0,19.0,A01
201800002473,1.0,7,0,0.0,2.0,1.0,5.0,A01
201800002473,2.0,7,0,0.0,2.0,1.0,1.0,B01
201800002474,2.0,33,0,0.0,2.0,3.0,18.0,A01
201800002474,2.0,10,0,0.0,2.0,5.0,2.0,B01
201800002475,1.0,1,0,10.0,0.0,7.0,15.0,A01
201800002476,1.0,33,0,0.0,2.0,3.0,1.0,B01
201800002476,2.0,7,0,0.0,2.0,3.0,1.0,A01
201800002477,1.0,7,0,0.0,2.0,3.0,1.0,B01
201800002477,2.0,7,0,0.0,2.0,3.0,1.0,A01
201800002478,0.0,33,0,0.0,2.0,5.0,1.0,B01
201800002478,2.0,7,0,0.0,2.0,3.0,9.0,A01
201800002479,2.0,33,0,0.0,0.0,0.0,17.0,A01
201800002480,0.0,36,0,0.0,0.0,7.0,15.0,A01
201800002481,2.0,33,0,0.0,0.0,0.0,1.0,A01
201800002482,0.0,7,0,0.0,2.0,7.0,0.0,A01
201800002482,1.0,1,0,0.0,2.0,1.0,1.0,B01
201800002483,0.0,1,0,0.0,2.0,4.0,2.0,B01
201800002483,0.0,7,0,0.0,2.0,1.0,2.0,A01
201800002484,0.0,7,0,0.0,1.0,1.0,1.0,A01
201800002485,2.0,7,0,2.0,0.0,9.0,1.0,A01
201800002486,1.0,7,0,0.0,2.0,3.0,1.0,A01
201800002486,2.0,7,0,0.0,2.0,3.0,1.0,B01
201800002487,2.0,7,0,0.0,2.0,2.0,1.0,A01
201800002487,2.0,1,0,0.0,0.0,6.0,1.0,B01
201800002488,1.0,21,0,16.0,0.0,8.0,14.0,A01
201800002489,1.0,33,0,13.0,0.0,9.0,14.0,A01
201800002490,0.0,1,0,14.0,0.0,0.0,1.0,A01
201800002491,1.0,33,0,2.0,0.0,8.0,1.0,A01
201800002492,2.0,31,0,7.0,0.0,1.0,1.0,A01
201800002493,2.0,7,0,0.0,2.0,3.0,13.0,A01
201800002493,1.0,7,0,0.0,2.0,3.0,1.0,B01
201800002494,0.0,7,0,2.0,0.0,0.0,1.0,A01
201800002495,2.0,7,0,0.0,2.0,2.0,9.0,B01
201800002495,2.0,1,0,0.0,2.0,6.0,1.0,A01
201800002496,0.0,7,0,0.0,2.0,7.0,15.0,A01
201800002496,0.0,2,0,0.0,2.0,1.0,1.0,B01
201800002497,1.0,7,0,0.0,2.0,1.0,2.0,A01
201800002497,1.0,7,0,0.0,0.0,4.0,2.0,B01
201800002498,2.0,10,0,0.0,2.0,7.0,15.0,B01
201800002498,1.0,7,0,0.0,2.0,2.0,1.0,A01
201800002499,2.0,7,0,0.0,2.0,1.0,13.0,A01
201800002499,1.0,7,0,3.0,2.0,8.0,1.0,B01
201800002499,1.0,7,0,0.0,2.0,1.0,1.0,C01
201800002500,1.0,33,0,0.0,2.0,8.0,13.0,A01
201800002500,2.0,1,0,0.0,2.0,8.0,1.0,B01
201800002501,1.0,33,0,0.0,0.0,2.0,1.0,A01
201800002502,1.0,33,0,13.0,0.0,2.0,1.0,A01
201800002503,0.0,7,0,2.0,0.0,8.0,1.0,A01
201800002504,1.0,7,0,2.0,0.0,1.0,14.0,A01
201800002505,1.0,33,0,0.0,2.0,1.0,1.0,B01
201800002505,2.0,7,0,0.0,0.0,8.0,19.0,A01
201800002506,1.0,10,0,0.0,1.0,1.0,15.0,A01
201800002507,2.0,10,0,0.0,1.0,2.0,1.0,A01
201800002508,2.0,7,0,0.0,2.0,3.0,1.0,B01
201800002508,2.0,7,0,0.0,2.0,3.0,1.0,C01
201800002508,1.0,31,0,0.0,2.0,0.0,5.0,A01
201800002509,1.0,7,0,0.0,2.0,5.0,15.0,A01
201800002509,2.0,33,0,0.0,2.0,1.0,1.0,B01
201800002510,2.0,7,0,6.0,0.0,9.0,1.0,A01
201800002511,1.0,7,0,0.0,2.0,1.0,13.0,A01
201800002511,2.0,7,0,0.0,2.0,1.0,1.0,B01
201800002512,1.0,7,0,0.0,2.0,3.0,1.0,B01
201800002512,2.0,2,0,0.0,2.0,3.0,13.0,A01
201800002513,1.0,33,0,3.0,0.0,1.0,1.0,A01
201800002514,1.0,2,0,0.0,0.0,1.0,2.0,A01
201800002514,1.0,1,0,0.0,0.0,4.0,2.0,B01
201800002515,1.0,7,0,0.0,0.0,4.0,1.0,A01
201800002515,1.0,33,0,0.0,2.0,9.0,2.0,B01
201800002515,1.0,33,0,0.0,2.0,1.0,2.0,C01
201800002516,0.0,38,1,0.0,1.0,4.0,20.0,A01
201800002517,2.0,7,0,2.0,0.0,1.0,1.0,A01
201800002518,0.0,7,0,0.0,1.0,1.0,15.0,A01
201800002519,1.0,99,0,0.0,1.0,0.0,1.0,A01
201800002520,1.0,7,0,0.0,1.0,2.0,16.0,A01
201800002521,0.0,7,0,0.0,2.0,3.0,1.0,A01
201800002521,0.0,7,0,0.0,2.0,3.0,1.0,B01
201800002522,2.0,33,0,0.0,0.0,3.0,15.0,A01
201800002523,2.0,7,0,0.0,0.0,3.0,19.0,A01
201800002523,1.0,33,0,0.0,2.0,1.0,1.0,B01
201800002524,1.0,7,0,1.0,2.0,2.0,0.0,A01
201800002524,1.0,7,0,14.0,0.0,6.0,23.0,B01
201800002524,1.0,7,0,0.0,2.0,4.0,23.0,C01
201800002524,1.0,7,0,0.0,2.0,8.0,0.0,D01
201800002525,1.0,33,0,0.0,2.0,1.0,1.0,B01
201800002525,2.0,10,0,0.0,2.0,8.0,19.0,A01
201800002526,2.0,7,0,16.0,0.0,9.0,17.0,A01
201800002527,2.0,7,0,0.0,2.0,1.0,9.0,A01
201800002527,2.0,33,0,0.0,2.0,2.0,1.0,B01
201800002528,1.0,1,0,0.0,0.0,1.0,1.0,A01
201800002529,2.0,33,0,0.0,2.0,7.0,1.0,B01
201800002529,2.0,7,0,0.0,0.0,2.0,15.0,A01
201800002530,1.0,7,0,0.0,2.0,2.0,1.0,A01
201800002530,1.0,1,0,0.0,0.0,4.0,1.0,B01
201800002531,1.0,2,0,0.0,2.0,3.0,1.0,A01
201800002531,2.0,7,0,0.0,2.0,3.0,15.0,B01
201800002532,1.0,7,0,0.0,2.0,1.0,0.0,B01
201800002532,2.0,7,0,0.0,2.0,1.0,0.0,A01
201800002533,2.0,7,0,11.0,0.0,2.0,1.0,A01
201800002534,1.0,2,0,0.0,2.0,1.0,1.0,B01
201800002534,0.0,7,0,0.0,0.0,5.0,19.0,A01
201800002535,1.0,33,0,0.0,6.0,3.0,0.0,A01
201800002536,1.0,1,0,0.0,2.0,0.0,1.0,B01
201800002536,1.0,7,0,0.0,9.0,3.0,1.0,A01
201800002537,0.0,7,0,6.0,0.0,1.0,1.0,A01
201800002538,2.0,7,0,0.0,2.0,1.0,1.0,A01
201800002538,1.0,7,0,0.0,2.0,1.0,11.0,B01
201800002539,2.0,7,0,0.0,2.0,2.0,2.0,A01
201800002539,2.0,7,0,0.0,2.0,4.0,2.0,C01
201800002539,2.0,10,0,0.0,0.0,4.0,23.0,D01
201800002539,2.0,7,0,0.0,2.0,4.0,2.0,B01
201800002540,0.0,7,0,0.0,1.0,3.0,1.0,A01
201800002541,0.0,7,0,0.0,2.0,2.0,15.0,A01
201800002541,0.0,33,0,0.0,2.0,1.0,1.0,B01
201800002542,2.0,7,0,0.0,1.0,2.0,1.0,A01
201800002543,1.0,1,0,0.0,2.0,1.0,5.0,B01
201800002543,2.0,7,0,0.0,9.0,1.0,1.0,A01
201800002544,1.0,33,0,0.0,2.0,1.0,1.0,A01
201800002544,1.0,7,0,0.0,2.0,6.0,19.0,B01
201800002545,2.0,1,0,0.0,2.0,4.0,2.0,B01
201800002545,1.0,10,0,0.0,9.0,7.0,2.0,A01
201800002546,1.0,7,0,0.0,1.0,2.0,1.0,A01
201800002547,2.0,2,0,0.0,0.0,0.0,1.0,A01
201800002548,1.0,7,0,3.0,2.0,2.0,1.0,B01
201800002548,2.0,33,0,3.0,2.0,1.0,1.0,A01
201800002549,1.0,7,0,0.0,2.0,3.0,23.0,A01
201800002549,2.0,33,0,0.0,2.0,1.0,1.0,B01
201800002550,1.0,7,0,0.0,9.0,0.0,0.0,B01
201800002550,1.0,1,0,0.0,0.0,4.0,0.0,A01
201800002551,2.0,7,0,0.0,2.0,6.0,0.0,C01
201800002551,1.0,21,0,0.0,2.0,6.0,2.0,B01
201800002551,1.0,33,0,0.0,2.0,2.0,2.0,A01
201800002552,2.0,7,0,0.0,2.0,2.0,15.0,A01
201800002552,1.0,33,0,0.0,2.0,3.0,1.0,B01
201800002553,2.0,7,0,0.0,2.0,2.0,16.0,A01
201800002553,2.0,1,0,0.0,2.0,1.0,1.0,B01
201800002554,0.0,7,0,13.0,0.0,3.0,0.0,A01
201800002555,2.0,7,0,3.0,0.0,4.0,1.0,A01
201800002556,1.0,10,0,0.0,2.0,2.0,15.0,A01
201800002556,1.0,33,0,0.0,2.0,1.0,17.0,B01
201800002557,1.0,7,0,11.0,0.0,3.0,1.0,A01
201800002558,1.0,7,0,0.0,2.0,1.0,13.0,A01
201800002558,2.0,7,0,0.0,2.0,1.0,1.0,B01
201800002559,1.0,7,0,0.0,2.0,3.0,1.0,B01
201800002559,2.0,7,0,0.0,2.0,3.0,1.0,A01
201800002560,1.0,33,0,0.0,2.0,1.0,1.0,B01
201800002560,2.0,7,0,0.0,2.0,3.0,5.0,A01
201800002561,1.0,7,0,13.0,0.0,1.0,2.0,A01
201800002562,0.0,1,0,0.0,2.0,1.0,9.0,A01
201800002562,0.0,7,0,0.0,0.0,8.0,1.0,B01
201800002563,1.0,7,0,0.0,2.0,1.0,15.0,A01
201800002563,2.0,33,0,0.0,2.0,1.0,1.0,B01
201800002564,1.0,7,0,6.0,0.0,1.0,14.0,A01
201800002565,2.0,33,0,13.0,0.0,0.0,1.0,A01
201800002566,2.0,7,0,4.0,0.0,3.0,14.0,A01
201800002567,1.0,33,0,0.0,0.0,1.0,2.0,A01
201800002567,1.0,7,0,0.0,0.0,6.0,23.0,B01
201800002568,1.0,7,0,0.0,0.0,5.0,0.0,A01
201800002568,1.0,1,0,0.0,2.0,1.0,2.0,B01
201800002569,2.0,33,0,4.0,0.0,1.0,1.0,A01
201800002570,2.0,7,0,0.0,2.0,2.0,1.0,B01
201800002570,1.0,7,0,0.0,2.0,2.0,15.0,A01
201800002571,2.0,3,0,0.0,2.0,9.0,14.0,A01
201800002571,1.0,10,0,0.0,2.0,3.0,1.0,B01
201800002572,2.0,7,0,0.0,2.0,1.0,13.0,A01
201800002572,1.0,7,0,0.0,2.0,1.0,1.0,B01
201800002572,2.0,7,0,0.0,0.0,6.0,1.0,C01
201800002573,0.0,7,0,10.0,0.0,1.0,16.0,A01
201800002574,2.0,33,0,13.0,0.0,9.0,1.0,A01
201800002575,1.0,7,0,0.0,2.0,1.0,1.0,B01
201800002575,2.0,7,0,0.0,2.0,1.0,5.0,A01
201800002576,2.0,7,0,13.0,0.0,9.0,21.0,A01
201800002577,2.0,33,0,0.0,2.0,1.0,1.0,B01
201800002577,1.0,7,0,0.0,2.0,8.0,19.0,A01
201800002578,2.0,7,0,0.0,2.0,1.0,15.0,A01
201800002578,1.0,1,0,0.0,2.0,8.0,1.0,B01
201800002579,2.0,7,0,0.0,2.0,7.0,13.0,A01
201800002579,1.0,10,0,0.0,2.0,2.0,2.0,B01
201800002580,1.0,7,0,0.0,2.0,2.0,13.0,A01
201800002580,2.0,7,0,0.0,2.0,3.0,1.0,B01
201800002581,0.0,7,0,0.0,2.0,2.0,13.0,A01
201800002581,0.0,7,0,0.0,2.0,3.0,1.0,B01
201800002582,0.0,7,0,15.0,0.0,3.0,1.0,B01
201800002582,0.0,7,0,0.0,0.0,3.0,1.0,A01
201800002583,2.0,7,0,0.0,0.0,9.0,1.0,A01
201800002584,2.0,7,0,0.0,2.0,3.0,15.0,A01
201800002584,2.0,7,0,0.0,2.0,2.0,2.0,B01
201800002585,2.0,7,0,6.0,0.0,9.0,1.0,A01
201800002586,1.0,33,0,13.0,0.0,2.0,14.0,A01
201800002587,2.0,7,0,8.0,0.0,1.0,2.0,A01
201800002588,2.0,1,0,0.0,0.0,1.0,1.0,B01
201800002588,1.0,10,0,0.0,9.0,2.0,19.0,A01
201800002589,1.0,7,0,13.0,0.0,1.0,19.0,A01
201800002590,2.0,7,0,0.0,0.0,0.0,1.0,A01
201800002591,2.0,7,0,16.0,0.0,7.0,21.0,A01
201800002591,1.0,7,0,0.0,0.0,7.0,0.0,B01
201800002592,1.0,7,0,0.0,2.0,3.0,2.0,C01
201800002592,1.0,7,0,6.0,2.0,1.0,17.0,A01
201800002592,2.0,7,0,0.0,2.0,3.0,1.0,B01
201800002593,1.0,33,0,0.0,2.0,1.0,17.0,D01
201800002593,1.0,7,0,0.0,2.0,1.0,1.0,B01
201800002593,2.0,7,0,0.0,2.0,1.0,0.0,A01
201800002593,1.0,7,0,0.0,9.0,8.0,1.0,C01
201800002594,1.0,33,0,6.0,0.0,0.0,0.0,A01
201800002595,0.0,7,0,0.0,2.0,3.0,0.0,A01
201800002595,0.0,10,0,0.0,2.0,3.0,21.0,B01
201800002596,1.0,33,0,0.0,2.0,1.0,17.0,A01
201800002596,1.0,7,0,0.0,2.0,6.0,15.0,B01
201800002597,1.0,7,0,0.0,2.0,4.0,2.0,A01
201800002597,1.0,7,0,0.0,2.0,1.0,2.0,B01
201800002598,1.0,7,0,0.0,2.0,6.0,1.0,A01
201800002598,1.0,33,0,0.0,2.0,1.0,1.0,B01
201800002599,1.0,33,0,0.0,2.0,1.0,1.0,B01
201800002599,1.0,7,0,0.0,2.0,8.0,0.0,A01
201800002600,1.0,7,0,0.0,2.0,8.0,1.0,B01
201800002600,1.0,7,0,0.0,2.0,1.0,1.0,D01
201800002600,2.0,7,0,0.0,2.0,3.0,13.0,A01
201800002600,1.0,7,0,0.0,2.0,8.0,1.0,C01
201800002601,1.0,33,0,0.0,2.0,3.0,2.0,A01
201800002601,1.0,7,0,0.0,0.0,5.0,15.0,B01
201800002602,0.0,7,0,0.0,2.0,8.0,5.0,A01
201800002602,0.0,33,0,0.0,2.0,1.0,9.0,B01
201800002603,2.0,7,0,0.0,1.0,1.0,1.0,A01
201800002604,1.0,2,0,8.0,0.0,0.0,0.0,A01
201800002605,0.0,7,0,0.0,2.0,1.0,1.0,A01
201800002605,0.0,7,0,0.0,2.0,1.0,1.0,B01
201800002606,1.0,7,0,15.0,0.0,1.0,1.0,A01
201800002607,1.0,33,0,15.0,2.0,2.0,17.0,A01
201800002607,1.0,7,0,0.0,2.0,3.0,15.0,B01
201800002608,2.0,7,0,6.0,0.0,3.0,19.0,A01
201800002609,1.0,7,0,0.0,0.0,0.0,2.0,A01
201800002609,1.0,2,0,0.0,0.0,0.0,1.0,B01