Num_Acc,senc,catv,occutc,obs,obsm,choc,manv,num_veh
201800002610,2.0,33,0,6.0,0.0,0.0,14.0,A01
201800002611,1.0,7,0,0.0,2.0,8.0,1.0,A01
201800002611,2.0,10,0,15.0,0.0,8.0,1.0,B01
201800002612,2.0,7,0,13.0,0.0,8.0,16.0,A01
201800002613,2.0,7,0,0.0,2.0,1.0,1.0,A01
201800002613,1.0,7,0,0.0,2.0,1.0,21.0,B01
201800002614,1.0,33,0,0.0,2.0,2.0,17.0,A01
201800002614,1.0,7,0,0.0,2.0,6.0,15.0,B01
201800002615,0.0,7,0,6.0,0.0,4.0,0.0,A01
201800002616,1.0,7,0,13.0,2.0,6.0,2.0,A01
201800002616,0.0,7,0,0.0,2.0,2.0,2.0,B01
201800002617,2.0,7,0,0.0,2.0,8.0,1.0,B01
201800002617,0.0,2,0,0.0,2.0,1.0,1.0,A01
201800002618,1.0,7,0,0.0,1.0,7.0,1.0,A01
201800002619,1.0,2,0,0.0,0.0,0.0,1.0,A01
201800002620,1.0,7,0,13.0,0.0,2.0,1.0,A01
201800002621,1.0,7,0,0.0,2.0,6.0,13.0,A01
201800002621,2.0,7,0,0.0,2.0,3.0,0.0,B01
201800002622,2.0,33,0,0.0,2.0,7.0,17.0,A01
201800002622,2.0,7,0,0.0,0.0,6.0,17.0,B01
201800002623,1.0,7,0,13.0,0.0,1.0,14.0,A01
201800002624,1.0,7,0,0.0,2.0,3.0,13.0,A01
201800002624,2.0,7,0,0.0,2.0,3.0,1.0,B01
201800002625,1.0,7,0,0.0,2.0,3.0,0.0,A01
201800002625,2.0,31,0,0.0,2.0,3.0,0.0,B01
201800002626,2.0,2,0,0.0,2.0,2.0,14.0,A01
201800002626,2.0,2,0,0.0,2.0,6.0,2.0,B01
201800002627,1.0,7,0,0.0,0.0,5.0,15.0,A01
201800002627,2.0,2,0,0.0,2.0,1.0,1.0,B01
201800002628,1.0,7,0,13.0,0.0,1.0,1.0,A01
201800002629,2.0,7,0,0.0,2.0,8.0,1.0,A01
201800002629,1.0,15,0,0.0,2.0,8.0,1.0,B01
201800002630,1.0,7,0,0.0,0.0,0.0,1.0,A01
201800002631,1.0,7,0,0.0,2.0,2.0,1.0,B01
201800002631,1.0,7,0,0.0,2.0,3.0,0.0,A01
201800002632,2.0,7,0,8.0,0.0,8.0,1.0,A01
201800002633,1.0,1,0,0.0,2.0,8.0,9.0,A01
201800002633,1.0,7,0,0.0,2.0,7.0,1.0,B01
201800002634,2.0,7,0,0.0,2.0,3.0,1.0,A01
201800002634,1.0,7,0,0.0,2.0,6.0,1.0,B01
201800002635,1.0,7,0,0.0,1.0,7.0,1.0,A01
201800002636,2.0,7,0,0.0,2.0,7.0,1.0,A01
201800002636,2.0,15,0,0.0,2.0,1.0,1.0,B01
201800002637,2.0,7,0,0.0,2.0,1.0,1.0,A01
201800002637,2.0,7,0,8.0,0.0,4.0,15.0,B01
201800002638,2.0,7,0,13.0,0.0,0.0,1.0,A01
201800002639,2.0,7,0,13.0,0.0,1.0,0.0,A01
201800002640,1.0,7,0,15.0,0.0,3.0,1.0,A01
201800002641,1.0,7,0,13.0,0.0,3.0,1.0,A01
201800002642,2.0,32,0,0.0,2.0,7.0,1.0,B01
201800002642,0.0,7,0,0.0,2.0,1.0,15.0,A01
201800002643,2.0,15,0,1.0,0.0,1.0,1.0,A01
201800002643,2.0,15,0,0.0,0.0,4.0,24.0,B01
201800002644,2.0,17,0,0.0,1.0,1.0,1.0,A01
201800002645,1.0,7,0,13.0,0.0,1.0,13.0,A01
201800002646,2.0,15,0,0.0,2.0,1.0,1.0,A01
201800002646,2.0,7,0,0.0,0.0,4.0,1.0,B01
201800002647,1.0,7,0,13.0,0.0,1.0,1.0,A01
201800002648,2.0,7,0,3.0,2.0,7.0,13.0,A01
201800002648,1.0,7,0,0.0,2.0,1.0,1.0,B01
201800002648,1.0,7,0,0.0,2.0,2.0,1.0,C01
201800002649,1.0,7,0,1.0,0.0,1.0,1.0,A01
201800002650,1.0,7,0,16.0,2.0,3.0,1.0,A01
201800002650,1.0,17,0,0.0,2.0,3.0,1.0,B01
201800002651,2.0,7,0,0.0,2.0,1.0,1.0,B01
201800002651,1.0,7,0,0.0,2.0,1.0,1.0,A01
201800002652,0.0,33,0,9.0,9.0,1.0,1.0,A01
201800002653,1.0,7,0,13.0,0.0,3.0,1.0,A01
201800002654,1.0,7,0,0.0,2.0,3.0,1.0,B01
201800002654,1.0,2,0,0.0,2.0,1.0,5.0,A01
201800002655,1.0,7,0,13.0,0.0,3.0,13.0,A01
201800002656,1.0,2,0,13.0,0.0,0.0,1.0,A01
201800002657,1.0,3,0,0.0,0.0,2.0,13.0,A01
201800002658,2.0,7,0,0.0,2.0,3.0,1.0,B01
201800002658,1.0,7,0,0.0,2.0,7.0,15.0,A01
201800002659,2.0,7,0,0.0,2.0,3.0,13.0,A01
201800002659,1.0,3,0,0.0,2.0,1.0,1.0,B01
201800002660,1.0,33,0,0.0,0.0,8.0,21.0,A01
201800002661,1.0,10,0,13.0,2.0,5.0,19.0,B01
201800002661,2.0,7,0,0.0,2.0,1.0,1.0,A01
201800002662,1.0,7,0,0.0,2.0,1.0,0.0,A01
201800002662,2.0,7,0,0.0,2.0,1.0,0.0,B01
201800002663,1.0,10,0,0.0,2.0,6.0,1.0,A01
201800002663,2.0,10,0,0.0,2.0,3.0,1.0,B01
201800002664,1.0,7,0,0.0,1.0,0.0,0.0,A01
201800002665,2.0,7,0,0.0,2.0,7.0,17.0,A01
201800002665,2.0,7,0,0.0,2.0,8.0,1.0,B01
201800002666,1.0,7,0,0.0,2.0,1.0,1.0,A01
201800002666,2.0,7,0,0.0,2.0,1.0,1.0,B01
201800002667,2.0,7,0,5.0,0.0,1.0,1.0,A01
201800002668,2.0,33,0,0.0,0.0,2.0,1.0,A01
201800002669,2.0,33,0,13.0,0.0,7.0,1.0,A01
201800002670,0.0,33,0,0.0,0.0,0.0,1.0,A01
201800002671,2.0,2,0,12.0,0.0,0.0,0.0,A01
201800002672,2.0,1,0,0.0,0.0,0.0,0.0,A01
201800002673,0.0,36,0,0.0,2.0,3.0,1.0,A01
201800002673,0.0,7,0,0.0,2.0,3.0,1.0,B01
201800002674,2.0,7,0,13.0,0.0,1.0,1.0,A01
201800002675,2.0,7,0,0.0,1.0,2.0,1.0,A01
201800002676,2.0,2,0,0.0,0.0,7.0,1.0,A01
201800002677,1.0,7,0,15.0,9.0,9.0,1.0,A01
201800002678,2.0,7,0,0.0,0.0,3.0,1.0,A01
201800002679,1.0,7,0,2.0,0.0,1.0,1.0,A01
201800002680,1.0,1,0,0.0,0.0,0.0,1.0,B01
201800002680,2.0,7,0,0.0,0.0,0.0,15.0,A01
201800002681,0.0,2,0,12.0,0.0,7.0,1.0,A01
201800002682,2.0,10,0,8.0,2.0,3.0,0.0,B01
201800002682,1.0,7,0,0.0,2.0,1.0,9.0,A01
201800002683,1.0,33,0,0.0,2.0,1.0,1.0,B01
201800002683,2.0,7,0,0.0,0.0,3.0,19.0,A01
201800002684,1.0,7,0,8.0,0.0,5.0,13.0,B01
201800002684,0.0,7,0,0.0,0.0,0.0,19.0,A01
201800002685,2.0,7,0,0.0,2.0,2.0,17.0,A01
201800002685,1.0,17,0,0.0,2.0,2.0,1.0,B01
201800002686,2.0,7,0,7.0,0.0,1.0,1.0,A01
201800002687,1.0,7,0,0.0,2.0,1.0,13.0,A01
201800002687,2.0,7,0,0.0,2.0,1.0,1.0,B01
201800002688,1.0,7,0,0.0,1.0,2.0,15.0,A01
201800002689,2.0,7,0,0.0,2.0,1.0,15.0,B01
201800002689,1.0,7,0,0.0,2.0,2.0,1.0,A01
201800002690,2.0,7,0,0.0,1.0,2.0,1.0,A01
201800002691,1.0,7,0,8.0,0.0,2.0,14.0,A01
201800002692,0.0,2,0,0.0,1.0,2.0,1.0,A01
201800002693,2.0,31,0,0.0,2.0,1.0,1.0,B01
201800002693,1.0,7,0,0.0,2.0,7.0,15.0,A01
201800002694,1.0,7,0,0.0,1.0,3.0,1.0,A01
201800002695,2.0,34,0,11.0,2.0,1.0,17.0,A01
201800002695,2.0,7,0,0.0,2.0,6.0,1.0,B01
201800002696,2.0,7,0,0.0,1.0,3.0,1.0,A01
201800002697,1.0,7,0,8.0,0.0,1.0,1.0,A01
201800002698,2.0,7,0,9.0,2.0,8.0,1.0,A01
201800002698,2.0,7,0,0.0,2.0,1.0,1.0,B01
201800002699,2.0,2,0,1.0,2.0,1.0,2.0,A01
201800002699,2.0,7,0,0.0,2.0,5.0,15.0,B01
201800002700,2.0,7,0,0.0,2.0,1.0,9.0,A01
201800002700,1.0,2,0,0.0,2.0,7.0,0.0,B01
201800002701,1.0,2,0,0.0,2.0,1.0,13.0,A01
201800002701,2.0,7,0,0.0,2.0,1.0,1.0,B01
201800002702,0.0,7,0,0.0,1.0,2.0,16.0,A01
201800002703,1.0,33,0,7.0,0.0,1.0,1.0,A01
201800002704,1.0,7,0,1.0,0.0,1.0,2.0,A01
201800002705,2.0,7,0,0.0,2.0,8.0,19.0,A01
201800002705,1.0,33,0,0.0,2.0,6.0,1.0,B01
201800002706,1.0,7,0,0.0,1.0,1.0,15.0,A01
201800002707,1.0,7,0,0.0,1.0,1.0,1.0,A01
201800002708,2.0,30,0,0.0,2.0,8.0,0.0,A01
201800002708,2.0,7,0,0.0,2.0,2.0,1.0,B01
201800002709,0.0,7,0,0.0,1.0,2.0,1.0,A01
201800002710,0.0,7,0,0.0,1.0,0.0,20.0,A01
201800002711,2.0,17,0,0.0,,3.0,13.0,A01
201800002712,1.0,2,0,0.0,2.0,3.0,1.0,A01
201800002712,1.0,7,0,0.0,2.0,7.0,1.0,B01
201800002713,2.0,7,0,0.0,2.0,1.0,15.0,A01
201800002713,1.0,7,0,0.0,2.0,1.0,1.0,B01
201800002714,0.0,7,0,0.0,2.0,3.0,1.0,A01
201800002714,0.0,30,0,0.0,2.0,1.0,1.0,B01
201800002715,1.0,32,0,0.0,2.0,1.0,1.0,A01
201800002715,2.0,7,0,0.0,2.0,3.0,15.0,B01
201800002716,1.0,7,0,0.0,1.0,3.0,0.0,A01
201800002717,1.0,7,0,0.0,1.0,3.0,0.0,A01
201800002718,2.0,7,0,0.0,2.0,1.0,1.0,A01
201800002718,1.0,7,0,0.0,2.0,1.0,1.0,B01
201800002719,2.0,7,0,0.0,2.0,3.0,13.0,A01
201800002719,1.0,13,0,0.0,2.0,8.0,1.0,B01
201800002720,1.0,7,0,0.0,2.0,3.0,13.0,A01
201800002720,2.0,7,0,0.0,2.0,3.0,1.0,B01
201800002720,1.0,7,0,0.0,2.0,1.0,1.0,C01
201800002721,1.0,7,0,5.0,9.0,1.0,13.0,A01
201800002722,2.0,7,0,0.0,2.0,1.0,15.0,A01
201800002722,1.0,30,0,0.0,2.0,1.0,1.0,B01
201800002723,0.0,7,0,0.0,2.0,1.0,5.0,A01
201800002723,0.0,7,0,0.0,2.0,1.0,1.0,B01
201800002724,2.0,7,0,0.0,2.0,2.0,1.0,A01
201800002724,2.0,7,0,15.0,0.0,4.0,16.0,B01
201800002725,1.0,7,0,0.0,2.0,1.0,1.0,A01
201800002725,2.0,7,0,0.0,2.0,1.0,1.0,B01
201800002726,0.0,10,0,0.0,1.0,4.0,4.0,A01
201800002727,0.0,7,0,0.0,1.0,2.0,19.0,A01
201800002728,2.0,1,0,0.0,2.0,1.0,1.0,B01
201800002728,1.0,10,0,0.0,2.0,5.0,15.0,A01
201800002729,1.0,1,0,1.0,0.0,2.0,2.0,A01
201800002729,1.0,7,0,0.0,2.0,3.0,23.0,B01
201800002730,1.0,31,0,0.0,0.0,4.0,1.0,A01
201800002730,1.0,7,0,0.0,2.0,1.0,1.0,B01
201800002731,1.0,7,0,3.0,2.0,1.0,0.0,A01
201800002731,2.0,7,0,3.0,2.0,3.0,1.0,B01
201800002731,2.0,7,0,0.0,9.0,1.0,1.0,C01
201800002732,1.0,7,0,0.0,2.0,3.0,9.0,A01
201800002732,2.0,31,0,0.0,2.0,8.0,1.0,B01
201800002733,0.0,7,0,0.0,1.0,4.0,4.0,A01
201800002734,1.0,7,0,0.0,2.0,1.0,2.0,A01
201800002734,1.0,7,0,0.0,0.0,4.0,1.0,B01
201800002735,1.0,7,0,0.0,2.0,1.0,1.0,A01
201800002735,2.0,7,0,0.0,2.0,1.0,1.0,B01
201800002736,1.0,2,0,0.0,2.0,1.0,5.0,A01
201800002736,0.0,7,0,0.0,0.0,7.0,15.0,B01
201800002737,0.0,1,0,0.0,2.0,3.0,13.0,A01
201800002737,0.0,7,0,0.0,2.0,3.0,1.0,B01
201800002737,0.0,1,0,0.0,2.0,1.0,1.0,C01
201800002738,0.0,2,0,0.0,2.0,1.0,1.0,A01
201800002738,0.0,7,0,0.0,2.0,8.0,9.0,B01
201800002739,1.0,7,0,0.0,2.0,3.0,10.0,A01
201800002739,1.0,33,0,0.0,2.0,1.0,1.0,B01
201800002740,0.0,14,0,0.0,0.0,7.0,15.0,A01
201800002741,2.0,7,0,1.0,0.0,3.0,1.0,A01
201800002742,0.0,7,0,0.0,2.0,3.0,9.0,A01
201800002742,0.0,2,0,0.0,2.0,1.0,1.0,B01
201800002743,0.0,32,0,0.0,2.0,1.0,13.0,A01
201800002743,0.0,7,0,0.0,2.0,3.0,1.0,B01
201800002744,1.0,31,0,0.0,2.0,1.0,5.0,A01
201800002744,1.0,7,0,0.0,2.0,2.0,20.0,B01
201800002745,1.0,33,0,0.0,0.0,0.0,0.0,A01
201800002746,0.0,7,0,0.0,1.0,1.0,1.0,A01
201800002747,1.0,14,0,0.0,2.0,6.0,1.0,C01
201800002747,2.0,7,0,4.0,2.0,8.0,1.0,B01
201800002747,2.0,7,0,4.0,2.0,1.0,13.0,A01
201800002748,1.0,7,0,0.0,2.0,4.0,1.0,A01
201800002748,1.0,7,0,0.0,2.0,1.0,1.0,B01
201800002748,2.0,7,0,0.0,2.0,3.0,1.0,C01
201800002749,0.0,1,0,0.0,2.0,1.0,19.0,A01
201800002749,1.0,7,0,0.0,2.0,3.0,1.0,B01
201800002750,1.0,7,0,0.0,2.0,2.0,15.0,A01
201800002750,2.0,2,0,0.0,2.0,1.0,1.0,B01
201800002751,1.0,7,0,2.0,0.0,2.0,14.0,A01
201800002752,2.0,7,0,0.0,2.0,1.0,1.0,B01
201800002752,1.0,7,0,0.0,2.0,1.0,5.0,A01
201800002753,2.0,21,0,0.0,2.0,4.0,2.0,B01
201800002753,2.0,7,0,0.0,2.0,1.0,2.0,A01
201800002754,0.0,2,0,5.0,0.0,2.0,0.0,A01
201800002755,1.0,7,0,0.0,2.0,5.0,1.0,B01
201800002755,1.0,7,0,0.0,2.0,1.0,0.0,A01
201800002756,1.0,21,0,0.0,0.0,4.0,2.0,A01
201800002756,1.0,7,0,0.0,2.0,1.0,2.0,B01
201800002757,1.0,33,0,0.0,2.0,1.0,2.0,A01
201800002757,1.0,7,0,0.0,2.0,6.0,1.0,B01
201800002758,0.0,7,0,9.0,2.0,4.0,15.0,B01
201800002758,0.0,7,0,0.0,2.0,1.0,2.0,A01
201800002759,1.0,7,0,0.0,2.0,1.0,0.0,A01
201800002759,2.0,2,0,0.0,0.0,1.0,23.0,B01
201800002760,1.0,7,0,0.0,2.0,2.0,1.0,B01
201800002760,2.0,33,0,0.0,2.0,1.0,13.0,A01
201800002761,1.0,7,0,2.0,0.0,2.0,0.0,A01
201800002762,2.0,7,0,0.0,2.0,1.0,5.0,A01
201800002762,1.0,7,0,0.0,2.0,1.0,1.0,B01
201800002763,1.0,7,0,0.0,2.0,1.0,2.0,A01
201800002763,1.0,7,0,0.0,0.0,4.0,2.0,B01
201800002764,1.0,7,0,0.0,0.0,3.0,1.0,A01
201800002764,1.0,7,0,0.0,0.0,2.0,1.0,B01
201800002765,1.0,33,0,0.0,2.0,1.0,21.0,A01
201800002765,2.0,7,0,0.0,0.0,8.0,19.0,B01
201800002766,1.0,2,0,0.0,2.0,1.0,1.0,A01
201800002766,1.0,10,0,0.0,2.0,2.0,16.0,B01
201800002767,1.0,7,0,0.0,0.0,9.0,17.0,A01
201800002768,0.0,1,0,4.0,0.0,1.0,0.0,A01
201800002769,1.0,7,0,0.0,2.0,3.0,13.0,A01
201800002769,1.0,7,0,0.0,2.0,3.0,1.0,B01
201800002770,2.0,7,0,0.0,2.0,1.0,5.0,B01
201800002770,1.0,7,0,0.0,2.0,1.0,0.0,A01
201800002771,1.0,7,0,0.0,1.0,3.0,1.0,A01
201800002772,1.0,7,0,0.0,1.0,8.0,0.0,A01
201800002773,1.0,7,0,0.0,2.0,1.0,1.0,A01
201800002773,2.0,7,0,0.0,2.0,3.0,15.0,B01
201800002774,2.0,7,0,0.0,2.0,1.0,13.0,A01
201800002774,2.0,7,0,0.0,2.0,3.0,1.0,B01
201800002775,1.0,7,0,0.0,2.0,1.0,1.0,A01
201800002775,1.0,7,0,0.0,2.0,4.0,23.0,B01
201800002776,1.0,7,0,15.0,0.0,3.0,1.0,A01
201800002777,0.0,7,0,0.0,1.0,2.0,1.0,A01
201800002778,1.0,7,0,2.0,0.0,3.0,1.0,A01
201800002779,1.0,2,0,0.0,1.0,1.0,1.0,A01
201800002780,2.0,7,0,13.0,0.0,1.0,13.0,A01
201800002781,1.0,7,0,0.0,1.0,3.0,2.0,A01
201800002782,1.0,33,0,0.0,6.0,1.0,1.0,A01
201800002783,1.0,33,0,0.0,2.0,8.0,1.0,B01
201800002783,1.0,7,0,0.0,2.0,2.0,19.0,A01
201800002784,1.0,2,0,16.0,2.0,1.0,13.0,A01
201800002784,2.0,7,0,0.0,2.0,2.0,2.0,B01
201800002785,1.0,33,0,7.0,0.0,0.0,2.0,A01
201800002786,0.0,7,0,0.0,1.0,4.0,4.0,A01
201800002787,0.0,7,0,0.0,2.0,1.0,14.0,A01
201800002788,0.0,32,0,8.0,0.0,7.0,16.0,A01
201800002789,0.0,7,0,0.0,1.0,8.0,1.0,A01
201800002790,1.0,7,0,0.0,2.0,4.0,1.0,A01
201800002790,1.0,32,0,0.0,0.0,0.0,0.0,Z01
201800002791,0.0,31,0,0.0,2.0,2.0,1.0,B01
201800002791,0.0,7,0,0.0,2.0,3.0,9.0,A01
201800002792,0.0,7,0,0.0,2.0,3.0,9.0,A01
201800002792,0.0,1,0,0.0,2.0,1.0,1.0,B01
201800002793,0.0,7,0,0.0,2.0,5.0,15.0,A01
201800002793,0.0,1,0,0.0,2.0,2.0,1.0,B01
201800002793,0.0,1,0,0.0,2.0,2.0,1.0,C01
201800002794,0.0,31,0,0.0,0.0,1.0,21.0,A01
201800002795,1.0,7,0,0.0,1.0,1.0,0.0,A01
201800002796,0.0,7,0,0.0,1.0,6.0,20.0,A01
201800002797,0.0,7,0,0.0,1.0,1.0,15.0,A01
201800002798,2.0,33,0,0.0,2.0,3.0,15.0,B01
201800002798,1.0,17,0,0.0,2.0,3.0,1.0,A01
201800002799,0.0,7,0,0.0,2.0,1.0,1.0,A01
201800002799,0.0,7,0,12.0,2.0,8.0,1.0,B01
201800002800,0.0,7,0,0.0,2.0,8.0,15.0,A01
201800002800,0.0,2,0,0.0,2.0,1.0,1.0,B01
201800002801,0.0,7,0,0.0,2.0,4.0,2.0,A01
201800002801,0.0,7,0,0.0,2.0,1.0,2.0,Z01
201800002802,0.0,1,0,0.0,2.0,1.0,1.0,B01
201800002802,0.0,10,0,0.0,2.0,1.0,19.0,A01
201800002803,0.0,7,0,0.0,2.0,3.0,1.0,B01
201800002803,0.0,31,0,0.0,2.0,1.0,5.0,A01
201800002804,0.0,10,0,1.0,2.0,1.0,1.0,A01
201800002805,0.0,7,0,0.0,1.0,1.0,20.0,A01
201800002806,1.0,33,0,0.0,2.0,1.0,2.0,A01
201800002806,1.0,7,0,0.0,2.0,4.0,2.0,B01
201800002807,0.0,32,0,0.0,2.0,8.0,15.0,A01
201800002807,0.0,33,0,0.0,2.0,1.0,1.0,C01
201800002807,0.0,7,0,0.0,2.0,8.0,1.0,B01
201800002808,0.0,7,0,0.0,1.0,1.0,1.0,A01
201800002809,0.0,7,0,0.0,1.0,3.0,1.0,A01
201800002810,0.0,7,0,0.0,2.0,3.0,15.0,A01
201800002810,0.0,33,0,0.0,2.0,1.0,1.0,B01
201800002811,0.0,7,0,0.0,2.0,3.0,13.0,A01
201800002811,0.0,31,0,0.0,2.0,2.0,1.0,B01
201800002812,0.0,7,0,0.0,1.0,1.0,1.0,A01
201800002813,0.0,7,0,0.0,2.0,3.0,20.0,A01
201800002813,0.0,32,0,0.0,2.0,2.0,1.0,B01
201800002814,0.0,33,0,0.0,2.0,1.0,3.0,B01
201800002814,0.0,7,0,0.0,2.0,1.0,15.0,A01
201800002815,0.0,33,0,1.0,2.0,1.0,1.0,B01
201800002815,0.0,7,0,0.0,2.0,3.0,15.0,A01
201800002816,1.0,7,0,0.0,2.0,1.0,15.0,A01
201800002816,0.0,1,0,0.0,2.0,1.0,1.0,B01
201800002817,0.0,7,0,0.0,2.0,7.0,16.0,A01
201800002817,0.0,1,0,0.0,2.0,1.0,1.0,B01
201800002818,0.0,7,0,0.0,1.0,2.0,1.0,A01
201800002819,0.0,7,0,0.0,2.0,7.0,15.0,A01
201800002819,0.0,33,0,1.0,2.0,1.0,1.0,B01
201800002820,0.0,31,0,0.0,1.0,1.0,1.0,A01
201800002821,0.0,7,0,0.0,2.0,8.0,19.0,A01
201800002821,0.0,10,0,0.0,2.0,1.0,1.0,B01
201800002822,0.0,31,0,0.0,2.0,1.0,1.0,B01
201800002822,0.0,7,0,0.0,2.0,3.0,15.0,A01
201800002823,2.0,7,0,0.0,0.0,0.0,2.0,A01
201800002824,2.0,7,0,3.0,2.0,8.0,13.0,A01
201800002824,2.0,7,0,3.0,0.0,1.0,17.0,B01
201800002825,1.0,33,0,13.0,0.0,1.0,2.0,A01
201800002826,2.0,33,0,6.0,0.0,1.0,1.0,A01
201800002827,2.0,7,0,6.0,0.0,1.0,14.0,A01
201800002828,1.0,7,0,0.0,1.0,2.0,1.0,A01
201800002829,1.0,33,0,2.0,0.0,0.0,1.0,A01
201800002830,2.0,7,0,14.0,0.0,2.0,19.0,A01
201800002831,1.0,33,0,0.0,0.0,0.0,2.0,A01
201800002832,0.0,1,0,0.0,0.0,0.0,2.0,A01
201800002832,0.0,1,0,0.0,0.0,1.0,2.0,B01
201800002833,1.0,7,0,0.0,2.0,1.0,1.0,B01
201800002833,2.0,7,0,0.0,2.0,1.0,1.0,A01
201800002834,2.0,7,0,0.0,2.0,3.0,1.0,B01
201800002834,2.0,7,0,15.0,2.0,1.0,17.0,A01
201800002835,1.0,36,0,0.0,0.0,0.0,2.0,A01
201800002836,0.0,7,0,0.0,1.0,6.0,4.0,A01
201800002837,1.0,1,0,0.0,0.0,4.0,0.0,B01
201800002837,1.0,7,0,0.0,2.0,2.0,2.0,A01
201800002838,2.0,7,0,0.0,2.0,1.0,1.0,B01
201800002838,1.0,7,0,0.0,2.0,8.0,1.0,A01
201800002839,2.0,7,0,0.0,0.0,8.0,19.0,A01
201800002839,2.0,7,0,0.0,2.0,1.0,1.0,B01
201800002840,2.0,2,0,0.0,1.0,8.0,1.0,A01
201800002841,1.0,33,0,0.0,2.0,8.0,9.0,A01
201800002841,1.0,7,0,0.0,2.0,2.0,1.0,B01
201800002842,1.0,7,0,13.0,0.0,2.0,1.0,A01
201800002843,2.0,7,0,2.0,0.0,2.0,1.0,A01
201800002844,1.0,33,0,13.0,0.0,8.0,1.0,A01
201800002845,1.0,30,0,0.0,0.0,5.0,2.0,B01
201800002845,1.0,30,0,0.0,2.0,3.0,2.0,A01
201800002845,1.0,30,0,0.0,0.0,0.0,0.0,C01
201800002846,1.0,33,0,13.0,0.0,2.0,1.0,A01
201800002847,2.0,7,0,0.0,2.0,1.0,13.0,A01
201800002847,1.0,13,0,0.0,2.0,1.0,1.0,B01
201800002848,2.0,33,0,0.0,2.0,1.0,1.0,A01
201800002848,1.0,7,0,0.0,2.0,2.0,15.0,B01
201800002849,1.0,33,0,4.0,0.0,2.0,0.0,A01
201800002850,1.0,7,0,2.0,0.0,1.0,1.0,A01
201800002851,0.0,7,0,0.0,1.0,8.0,1.0,A01
201800002852,2.0,7,0,0.0,2.0,1.0,1.0,B01
201800002852,2.0,7,0,0.0,2.0,2.0,1.0,C01
201800002852,1.0,7,0,0.0,2.0,1.0,1.0,A01
201800002853,2.0,7,0,0.0,2.0,3.0,13.0,A01
201800002853,1.0,7,0,0.0,2.0,3.0,1.0,B01
201800002854,2.0,7,0,6.0,2.0,3.0,17.0,A01
201800002854,1.0,7,0,0.0,2.0,3.0,1.0,B01
201800002855,1.0,7,0,2.0,0.0,1.0,1.0,A01
201800002856,1.0,17,0,3.0,0.0,3.0,13.0,A01
201800002857,2.0,33,0,0.0,2.0,7.0,1.0,B01
201800002857,0.0,7,0,0.0,2.0,3.0,16.0,A01
201800002858,2.0,7,0,16.0,0.0,9.0,13.0,A01
201800002858,1.0,7,0,16.0,0.0,9.0,14.0,B01
201800002859,0.0,7,0,0.0,1.0,3.0,13.0,A01
201800002860,1.0,10,0,0.0,2.0,8.0,19.0,A01
201800002860,2.0,10,0,0.0,2.0,1.0,1.0,B01
201800002861,1.0,10,0,0.0,1.0,3.0,1.0,A01
201800002862,0.0,30,0,0.0,2.0,1.0,13.0,A01
201800002862,0.0,36,0,0.0,2.0,3.0,1.0,B01
201800002863,1.0,33,0,0.0,2.0,7.0,5.0,A01
201800002863,2.0,7,0,0.0,9.0,2.0,1.0,B01
201800002864,2.0,33,0,0.0,2.0,1.0,1.0,B01
201800002864,2.0,31,0,0.0,2.0,1.0,2.0,C01
201800002864,2.0,31,0,0.0,2.0,8.0,10.0,A01
201800002865,2.0,7,0,0.0,2.0,3.0,13.0,A01
201800002865,1.0,7,0,0.0,2.0,3.0,1.0,B01
201800002866,0.0,33,0,0.0,2.0,1.0,13.0,B01
201800002866,0.0,7,0,0.0,2.0,3.0,1.0,A01
201800002867,0.0,2,0,0.0,2.0,1.0,1.0,B01
201800002867,0.0,7,0,0.0,2.0,3.0,17.0,A01
201800002868,2.0,7,0,13.0,0.0,9.0,13.0,A01
201800002869,1.0,7,0,13.0,0.0,8.0,13.0,A01
201800002870,1.0,31,0,8.0,0.0,1.0,1.0,A01
201800002871,0.0,10,0,0.0,2.0,3.0,13.0,A01
201800002871,0.0,7,0,0.0,2.0,3.0,1.0,B01
201800002872,0.0,7,0,0.0,2.0,7.0,21.0,A01
201800002872,2.0,10,0,0.0,2.0,2.0,13.0,B01
201800002873,2.0,17,0,,,4.0,23.0,B01
201800002873,2.0,7,0,,2.0,1.0,1.0,A01
201800002874,2.0,7,0,0.0,0.0,4.0,23.0,B01
201800002874,2.0,2,0,0.0,0.0,1.0,1.0,A01
201800002875,1.0,7,0,0.0,2.0,1.0,1.0,A01
201800002875,2.0,7,0,0.0,2.0,1.0,1.0,B01
201800002876,0.0,1,0,0.0,9.0,1.0,13.0,B01
201800002876,0.0,1,0,0.0,9.0,1.0,13.0,A01
201800002877,2.0,7,0,0.0,0.0,9.0,1.0,A01
201800002878,0.0,7,0,0.0,2.0,1.0,1.0,B01
201800002878,0.0,7,0,0.0,2.0,1.0,13.0,A01
201800002879,0.0,33,0,6.0,0.0,7.0,1.0,A01
201800002880,0.0,7,0,0.0,2.0,1.0,1.0,B01
201800002880,0.0,7,0,0.0,2.0,1.0,1.0,A01
201800002881,0.0,31,0,0.0,0.0,0.0,0.0,A01
201800002882,0.0,7,0,0.0,2.0,3.0,1.0,B01
201800002882,0.0,7,0,0.0,2.0,3.0,1.0,A01
201800002883,2.0,33,0,0.0,2.0,1.0,1.0,B01
201800002883,0.0,10,0,0.0,2.0,3.0,15.0,A01