Num_Acc,senc,catv,occutc,obs,obsm,choc,manv,num_veh
201800002884,2.0,7,0,0.0,2.0,1.0,15.0,A01
201800002884,2.0,7,0,0.0,2.0,1.0,1.0,B01
201800002885,2.0,7,0,0.0,1.0,6.0,20.0,A01
201800002886,2.0,7,0,13.0,0.0,1.0,1.0,A01
201800002887,1.0,7,0,0.0,2.0,3.0,17.0,A01
201800002887,1.0,17,0,0.0,2.0,8.0,1.0,C01
201800002887,2.0,7,0,0.0,2.0,3.0,1.0,B01
201800002888,1.0,7,0,0.0,2.0,1.0,15.0,A01
201800002888,2.0,2,0,0.0,2.0,1.0,1.0,B01
201800002889,0.0,7,0,13.0,0.0,2.0,1.0,A01
201800002890,2.0,7,0,0.0,1.0,3.0,1.0,A01
201800002891,1.0,7,0,0.0,2.0,3.0,1.0,B01
201800002891,1.0,7,0,0.0,2.0,3.0,13.0,A01
201800002892,1.0,7,0,13.0,0.0,1.0,1.0,A01
201800002893,2.0,7,0,3.0,0.0,2.0,0.0,A01
201800002894,2.0,7,0,3.0,9.0,1.0,1.0,A01
201800002895,1.0,33,0,8.0,0.0,0.0,1.0,A01
201800002896,1.0,7,0,0.0,0.0,3.0,1.0,A01
201800002897,2.0,7,0,13.0,0.0,3.0,1.0,A01
201800002898,2.0,7,0,6.0,0.0,1.0,21.0,A01
201800002899,2.0,35,0,0.0,1.0,2.0,1.0,A01
201800002900,1.0,7,0,0.0,1.0,2.0,1.0,A01
201800002901,1.0,7,0,0.0,2.0,8.0,17.0,A01
201800002901,1.0,33,0,0.0,2.0,7.0,17.0,B01
201800002902,1.0,14,0,0.0,2.0,3.0,1.0,B01
201800002902,2.0,7,0,0.0,2.0,3.0,0.0,A01
201800002903,0.0,2,0,8.0,0.0,0.0,13.0,A01
201800002903,0.0,2,0,0.0,0.0,0.0,2.0,B01
201800002904,1.0,7,0,0.0,9.0,5.0,1.0,A01
201800002904,1.0,7,0,0.0,2.0,1.0,1.0,B01
201800002905,2.0,7,0,0.0,2.0,1.0,15.0,A01
201800002905,1.0,1,0,0.0,2.0,8.0,1.0,B01
201800002906,1.0,33,0,0.0,2.0,1.0,1.0,C01
201800002906,1.0,33,0,0.0,2.0,1.0,1.0,B01
201800002906,2.0,7,0,0.0,2.0,7.0,15.0,A01
201800002907,0.0,7,0,2.0,0.0,1.0,1.0,A01
201800002908,2.0,7,0,0.0,0.0,9.0,1.0,A01
201800002909,0.0,7,0,0.0,2.0,3.0,0.0,A01
201800002909,0.0,1,0,0.0,2.0,5.0,1.0,B01
201800002910,0.0,2,0,8.0,0.0,2.0,1.0,A01
201800002911,0.0,36,0,0.0,6.0,1.0,1.0,A01
201800002912,1.0,33,0,0.0,6.0,1.0,0.0,A01
201800002913,2.0,7,0,2.0,0.0,1.0,13.0,A01
201800002914,0.0,7,0,0.0,2.0,7.0,1.0,B01
201800002914,0.0,33,0,0.0,2.0,1.0,1.0,A01
201800002915,0.0,2,0,0.0,0.0,4.0,23.0,A01
201800002915,0.0,15,0,0.0,0.0,1.0,1.0,B01
201800002916,2.0,7,0,0.0,2.0,3.0,13.0,A01
201800002916,2.0,10,0,0.0,2.0,3.0,1.0,B01
201800002917,2.0,7,0,2.0,0.0,8.0,1.0,A01
201800002918,1.0,13,0,0.0,2.0,1.0,2.0,A01
201800002918,1.0,10,0,0.0,0.0,4.0,2.0,D01
201800002918,1.0,7,0,0.0,2.0,4.0,2.0,B01
201800002918,1.0,7,0,0.0,2.0,4.0,2.0,C01
201800002919,1.0,30,0,0.0,2.0,1.0,1.0,A01
201800002919,2.0,7,0,0.0,2.0,3.0,1.0,B01
201800002920,1.0,7,0,0.0,2.0,3.0,1.0,A01
201800002920,2.0,7,0,0.0,2.0,1.0,15.0,B01
201800002921,1.0,7,0,0.0,1.0,1.0,1.0,A01
201800002922,2.0,10,0,0.0,0.0,1.0,1.0,B01
201800002922,1.0,7,0,0.0,0.0,1.0,13.0,A01
201800002923,0.0,1,0,0.0,2.0,1.0,15.0,B01
201800002923,0.0,7,0,0.0,2.0,1.0,1.0,A01
201800002924,1.0,7,0,3.0,0.0,1.0,1.0,A01
201800002925,2.0,7,0,0.0,2.0,3.0,13.0,A01
201800002925,1.0,7,0,0.0,2.0,3.0,1.0,B01
201800002926,0.0,7,0,15.0,0.0,1.0,1.0,A01
201800002927,2.0,7,0,6.0,0.0,1.0,1.0,A01
201800002928,2.0,33,0,2.0,6.0,1.0,1.0,A01
201800002929,2.0,7,0,0.0,2.0,3.0,1.0,A01
201800002929,1.0,15,0,0.0,2.0,3.0,1.0,B01
201800002930,0.0,2,0,0.0,0.0,8.0,1.0,B01
201800002930,2.0,7,0,0.0,2.0,3.0,1.0,A01
201800002931,0.0,31,0,6.0,0.0,1.0,0.0,A01
201800002932,0.0,1,0,0.0,2.0,1.0,1.0,B01
201800002932,0.0,7,0,0.0,2.0,3.0,1.0,A01
201800002933,0.0,7,0,0.0,9.0,7.0,16.0,B01
201800002933,0.0,1,0,0.0,2.0,1.0,1.0,A01
201800002934,2.0,7,0,0.0,2.0,1.0,1.0,C01
201800002934,1.0,7,0,0.0,2.0,3.0,13.0,A01
201800002934,2.0,10,0,0.0,2.0,3.0,1.0,B01
201800002935,1.0,7,0,0.0,1.0,3.0,15.0,A01
201800002936,0.0,7,0,0.0,1.0,1.0,1.0,A01
201800002937,1.0,7,0,0.0,2.0,1.0,17.0,A01
201800002937,2.0,7,0,0.0,2.0,1.0,1.0,B01
201800002938,0.0,7,0,0.0,2.0,3.0,1.0,B01
201800002938,0.0,1,0,0.0,2.0,8.0,15.0,A01
201800002939,0.0,7,0,0.0,2.0,1.0,13.0,A01
201800002939,0.0,7,0,0.0,2.0,1.0,1.0,C01
201800002939,0.0,7,0,0.0,2.0,2.0,1.0,B01
201800002940,0.0,7,0,0.0,2.0,1.0,1.0,A01
201800002940,0.0,2,0,0.0,2.0,7.0,1.0,B01
201800002941,0.0,1,0,0.0,0.0,0.0,1.0,A01
201800002942,0.0,1,0,0.0,2.0,1.0,1.0,A01
201800002942,0.0,7,0,0.0,9.0,2.0,19.0,B01
201800002943,0.0,33,0,0.0,2.0,1.0,1.0,B01
201800002943,0.0,7,0,0.0,2.0,2.0,17.0,A01
201800002944,0.0,10,0,0.0,2.0,1.0,13.0,A01
201800002944,0.0,7,0,0.0,2.0,1.0,0.0,B01
201800002945,1.0,7,0,0.0,0.0,3.0,1.0,A01
201800002945,1.0,7,0,0.0,2.0,3.0,13.0,B01
201800002946,2.0,31,0,0.0,2.0,1.0,1.0,B01
201800002946,1.0,7,0,0.0,2.0,3.0,0.0,A01
201800002947,0.0,2,0,15.0,0.0,5.0,1.0,A01
201800002948,2.0,7,0,0.0,2.0,1.0,13.0,A01
201800002948,1.0,7,0,0.0,2.0,1.0,1.0,B01
201800002949,2.0,7,0,0.0,2.0,3.0,1.0,A01
201800002949,1.0,2,0,0.0,2.0,3.0,13.0,B01
201800002950,2.0,7,0,0.0,1.0,0.0,1.0,A01
201800002951,0.0,7,0,0.0,2.0,2.0,15.0,A01
201800002951,0.0,2,0,0.0,2.0,1.0,1.0,B01
201800002952,2.0,7,0,0.0,2.0,1.0,13.0,A01
201800002952,2.0,7,0,0.0,2.0,3.0,1.0,B01
201800002953,0.0,7,0,6.0,0.0,1.0,10.0,A01
201800002954,0.0,7,0,0.0,2.0,2.0,9.0,B01
201800002954,0.0,7,0,0.0,0.0,7.0,1.0,A01
201800002955,0.0,10,0,0.0,1.0,6.0,4.0,A01
201800002956,1.0,1,0,0.0,2.0,4.0,11.0,B01
201800002956,1.0,7,0,0.0,2.0,1.0,13.0,A01
201800002957,1.0,10,0,0.0,2.0,4.0,2.0,C01
201800002957,1.0,7,0,0.0,2.0,4.0,2.0,B01
201800002957,1.0,7,0,0.0,2.0,1.0,2.0,A01
201800002958,0.0,1,0,0.0,9.0,1.0,1.0,A01
201800002958,0.0,1,0,0.0,9.0,1.0,1.0,B01
201800002959,0.0,10,0,0.0,2.0,1.0,13.0,A01
201800002959,0.0,15,0,0.0,2.0,1.0,1.0,B01
201800002960,1.0,33,0,0.0,2.0,1.0,17.0,A01
201800002960,1.0,10,0,0.0,2.0,8.0,15.0,B01
201800002961,1.0,7,0,0.0,2.0,1.0,1.0,B01
201800002961,0.0,2,0,0.0,2.0,1.0,17.0,A01
201800002962,0.0,1,0,0.0,2.0,1.0,1.0,A01
201800002962,0.0,1,0,0.0,2.0,1.0,13.0,B01
201800002963,1.0,13,0,0.0,2.0,1.0,1.0,C01
201800002963,0.0,21,0,0.0,0.0,0.0,1.0,D01
201800002963,2.0,33,0,0.0,2.0,5.0,13.0,B01
201800002963,2.0,7,0,0.0,2.0,3.0,13.0,A01
201800002964,0.0,7,0,0.0,2.0,3.0,9.0,A01
201800002964,0.0,2,0,0.0,2.0,2.0,2.0,B01
201800002965,0.0,7,0,0.0,2.0,3.0,13.0,A01
201800002965,0.0,7,0,0.0,2.0,3.0,13.0,B01
201800002966,0.0,1,0,0.0,0.0,1.0,19.0,B01
201800002966,0.0,7,0,0.0,2.0,1.0,15.0,A01
201800002967,0.0,7,0,0.0,1.0,2.0,17.0,A01
201800002968,0.0,7,0,0.0,1.0,2.0,21.0,A01
201800002969,0.0,2,0,1.0,0.0,1.0,1.0,A01
201800002969,0.0,7,0,0.0,2.0,2.0,24.0,B01
201800002970,0.0,7,0,0.0,1.0,5.0,0.0,A01
201800002971,2.0,33,0,0.0,2.0,1.0,5.0,A01
201800002971,1.0,7,0,0.0,2.0,1.0,1.0,B01
201800002972,1.0,3,0,7.0,0.0,6.0,1.0,A01
201800002972,1.0,7,0,0.0,2.0,2.0,17.0,B01
201800002973,1.0,33,0,15.0,0.0,3.0,15.0,A01
201800002974,1.0,33,0,0.0,2.0,8.0,0.0,A01
201800002974,2.0,33,0,0.0,2.0,1.0,13.0,B01
201800002975,1.0,33,0,0.0,2.0,1.0,21.0,A01
201800002975,2.0,7,0,0.0,2.0,6.0,1.0,B01
201800002976,1.0,7,0,0.0,2.0,1.0,2.0,A01
201800002976,1.0,7,0,0.0,2.0,4.0,2.0,B01
201800002977,2.0,33,0,13.0,0.0,7.0,1.0,A01
201800002978,0.0,31,0,0.0,2.0,8.0,19.0,A01
201800002978,1.0,7,0,0.0,2.0,1.0,1.0,B01
201800002979,1.0,7,0,14.0,0.0,0.0,1.0,A01
201800002980,2.0,7,0,0.0,0.0,0.0,1.0,A01
201800002981,1.0,36,0,0.0,2.0,1.0,2.0,B01
201800002981,0.0,7,0,0.0,0.0,4.0,4.0,A01
201800002982,1.0,30,0,0.0,2.0,1.0,1.0,B01
201800002982,1.0,7,0,0.0,2.0,8.0,16.0,A01
201800002983,0.0,7,0,0.0,1.0,1.0,1.0,A01
201800002984,0.0,1,0,0.0,0.0,0.0,0.0,A01
201800002985,0.0,7,0,2.0,0.0,7.0,13.0,A01
201800002986,2.0,1,0,0.0,0.0,5.0,1.0,A01
201800002986,0.0,7,0,0.0,9.0,3.0,1.0,B01
201800002987,1.0,1,0,0.0,2.0,1.0,1.0,B01
201800002987,2.0,7,0,0.0,2.0,3.0,15.0,A01
201800002988,2.0,7,0,8.0,0.0,2.0,21.0,A01
201800002989,1.0,2,0,0.0,0.0,1.0,21.0,A01
201800002990,0.0,7,0,0.0,2.0,2.0,16.0,A01
201800002990,1.0,7,0,0.0,2.0,3.0,1.0,B01
201800002991,1.0,7,0,6.0,2.0,1.0,17.0,A01
201800002991,1.0,7,0,0.0,2.0,6.0,1.0,B01
201800002992,0.0,2,0,6.0,0.0,1.0,1.0,A01
201800002993,1.0,7,0,6.0,0.0,1.0,15.0,A01
201800002994,1.0,21,0,0.0,0.0,7.0,15.0,A01
201800002995,2.0,15,0,0.0,2.0,3.0,1.0,B01
201800002995,1.0,34,0,0.0,2.0,3.0,1.0,A01
201800002996,1.0,7,0,0.0,2.0,3.0,1.0,B01
201800002996,2.0,7,0,0.0,2.0,2.0,0.0,A01
201800002997,0.0,7,0,0.0,1.0,4.0,4.0,A01
201800002998,0.0,7,0,7.0,0.0,2.0,0.0,A01
201800002999,0.0,21,0,0.0,1.0,0.0,0.0,A01
201800003000,1.0,7,0,0.0,9.0,2.0,1.0,A01
201800003000,0.0,1,0,1.0,2.0,2.0,14.0,B01
201800003001,0.0,7,0,0.0,2.0,1.0,1.0,B01
201800003001,0.0,7,0,14.0,2.0,1.0,1.0,A01
201800003002,0.0,33,0,0.0,0.0,1.0,1.0,A01
201800003003,0.0,7,0,0.0,1.0,3.0,1.0,A01
201800003004,0.0,21,0,6.0,2.0,3.0,1.0,B01
201800003004,0.0,7,0,6.0,2.0,3.0,13.0,A01
201800003005,0.0,2,0,0.0,0.0,6.0,1.0,A01
201800003006,0.0,10,0,2.0,0.0,2.0,1.0,A01
201800003007,2.0,7,0,0.0,2.0,6.0,13.0,A01
201800003007,1.0,7,0,0.0,0.0,3.0,1.0,B01
201800003008,2.0,7,0,0.0,0.0,3.0,13.0,A01
201800003008,1.0,7,0,0.0,0.0,3.0,1.0,B01
201800003008,1.0,7,0,0.0,0.0,9.0,1.0,C01
201800003009,1.0,7,0,8.0,0.0,1.0,1.0,A01
201800003010,1.0,2,0,0.0,2.0,1.0,9.0,A01
201800003010,2.0,7,0,0.0,0.0,2.0,1.0,B01
201800003011,0.0,7,0,0.0,1.0,2.0,1.0,A01
201800003012,1.0,10,0,0.0,2.0,3.0,13.0,B01
201800003012,1.0,30,0,0.0,2.0,1.0,1.0,A01
201800003013,2.0,7,0,0.0,2.0,1.0,15.0,B01
201800003013,1.0,7,0,0.0,2.0,1.0,1.0,A01
201800003014,1.0,7,0,0.0,2.0,3.0,13.0,A01
201800003014,2.0,7,0,0.0,2.0,3.0,0.0,B01
201800003015,1.0,33,0,0.0,2.0,1.0,1.0,B01
201800003015,2.0,7,0,0.0,2.0,3.0,1.0,A01
201800003016,1.0,7,0,0.0,6.0,0.0,1.0,A01
201800003017,1.0,7,0,0.0,0.0,3.0,1.0,A01
201800003017,2.0,38,16,0.0,2.0,3.0,23.0,B01
201800003017,2.0,7,0,0.0,2.0,1.0,4.0,C01
201800003018,1.0,7,0,0.0,1.0,3.0,1.0,A01
201800003019,2.0,7,0,2.0,0.0,1.0,13.0,A01
201800003020,0.0,7,0,0.0,0.0,3.0,15.0,A01
201800003020,0.0,1,0,0.0,2.0,1.0,16.0,B01
201800003021,2.0,33,0,0.0,2.0,1.0,1.0,A01
201800003021,1.0,7,0,0.0,0.0,3.0,1.0,B01
201800003022,2.0,33,0,4.0,0.0,3.0,1.0,A01
201800003023,2.0,33,0,6.0,1.0,9.0,1.0,A01
201800003024,2.0,33,0,13.0,0.0,1.0,1.0,A01
201800003025,2.0,7,0,0.0,0.0,3.0,1.0,B01
201800003025,1.0,7,0,0.0,2.0,1.0,1.0,A01
201800003026,1.0,15,0,0.0,0.0,6.0,1.0,B01
201800003026,2.0,7,0,0.0,2.0,3.0,17.0,A01
201800003027,2.0,33,0,12.0,0.0,7.0,1.0,A01
201800003028,1.0,33,0,0.0,0.0,1.0,1.0,A01
201800003029,2.0,1,0,0.0,6.0,9.0,1.0,A01
201800003030,2.0,7,0,0.0,1.0,8.0,0.0,A01
201800003031,2.0,1,0,0.0,0.0,9.0,1.0,A01
201800003032,1.0,33,0,0.0,0.0,6.0,1.0,C01
201800003032,2.0,7,0,0.0,0.0,3.0,1.0,B01
201800003032,1.0,7,0,0.0,2.0,1.0,17.0,A01
201800003033,1.0,7,0,1.0,0.0,1.0,1.0,A01
201800003034,2.0,33,0,0.0,0.0,9.0,16.0,A01
201800003035,1.0,7,0,0.0,2.0,2.0,2.0,A01
201800003035,1.0,1,0,0.0,2.0,4.0,15.0,B01
201800003036,2.0,7,0,0.0,2.0,1.0,2.0,A01
201800003036,2.0,7,0,0.0,2.0,4.0,2.0,B01
201800003037,1.0,30,0,0.0,0.0,0.0,1.0,A01
201800003038,2.0,7,0,0.0,2.0,1.0,9.0,A01
201800003038,1.0,7,0,0.0,0.0,7.0,16.0,B01
201800003039,2.0,7,0,2.0,0.0,2.0,1.0,A01
201800003040,1.0,7,0,0.0,2.0,8.0,15.0,A01
201800003040,2.0,17,0,0.0,2.0,1.0,1.0,B01
201800003041,1.0,7,0,0.0,0.0,8.0,1.0,A01
201800003041,2.0,17,0,0.0,2.0,8.0,1.0,B01
201800003042,2.0,2,0,0.0,0.0,9.0,1.0,A01
201800003043,0.0,7,0,16.0,0.0,0.0,1.0,A01
201800003044,2.0,2,0,12.0,0.0,1.0,1.0,A01
201800003045,1.0,21,0,0.0,0.0,5.0,24.0,B01
201800003045,1.0,10,0,1.0,0.0,3.0,13.0,A01
201800003046,1.0,3,0,0.0,2.0,1.0,1.0,A01
201800003046,2.0,7,0,0.0,0.0,8.0,15.0,B01
201800003047,1.0,7,0,0.0,2.0,1.0,17.0,A01
201800003047,2.0,33,0,0.0,0.0,1.0,1.0,B01
201800003048,2.0,7,0,2.0,0.0,8.0,1.0,A01
201800003049,2.0,33,0,13.0,0.0,7.0,1.0,A01
201800003050,1.0,31,0,13.0,0.0,7.0,1.0,A01
201800003051,2.0,7,0,0.0,0.0,2.0,9.0,A01
201800003051,2.0,7,0,6.0,2.0,3.0,1.0,B01
201800003052,2.0,7,0,0.0,0.0,8.0,20.0,A01
201800003052,2.0,2,0,0.0,2.0,1.0,1.0,B01
201800003053,1.0,33,0,0.0,2.0,1.0,15.0,A01
201800003053,2.0,7,0,0.0,0.0,1.0,1.0,B01
201800003054,1.0,2,0,1.0,0.0,1.0,1.0,A01
201800003055,2.0,33,0,13.0,0.0,1.0,1.0,A01
201800003056,1.0,7,0,2.0,0.0,1.0,1.0,A01
201800003057,2.0,33,0,0.0,0.0,9.0,1.0,A01
201800003058,2.0,7,0,15.0,0.0,2.0,1.0,A01
201800003059,1.0,33,0,13.0,0.0,2.0,1.0,A01
201800003060,2.0,7,0,0.0,2.0,3.0,1.0,A01
201800003060,1.0,33,0,0.0,0.0,1.0,1.0,B01
201800003061,1.0,33,0,16.0,0.0,9.0,1.0,A01
201800003062,1.0,7,0,8.0,0.0,1.0,1.0,A01
201800003063,2.0,33,0,0.0,0.0,9.0,1.0,A01
201800003064,2.0,33,0,13.0,0.0,8.0,1.0,A01
201800003065,1.0,7,0,0.0,2.0,1.0,13.0,A01
201800003065,2.0,7,0,0.0,0.0,1.0,1.0,B01
201800003066,0.0,7,0,6.0,2.0,1.0,14.0,A01
201800003067,1.0,15,0,0.0,2.0,1.0,1.0,B01
201800003067,2.0,7,0,0.0,2.0,1.0,5.0,A01
201800003067,2.0,7,0,3.0,0.0,1.0,21.0,C01
201800003068,1.0,1,0,7.0,2.0,8.0,21.0,A01
201800003068,1.0,7,0,0.0,2.0,7.0,1.0,B01
201800003069,2.0,7,0,0.0,0.0,3.0,1.0,B01
201800003069,1.0,2,0,0.0,2.0,1.0,1.0,A01
201800003070,2.0,2,0,0.0,0.0,9.0,1.0,A01
201800003071,2.0,33,0,0.0,2.0,7.0,15.0,A01
201800003071,1.0,7,0,0.0,0.0,7.0,21.0,B01
201800003072,0.0,2,0,0.0,2.0,1.0,13.0,A01
201800003072,0.0,2,0,0.0,0.0,1.0,1.0,B01
201800003073,1.0,7,0,0.0,0.0,6.0,15.0,B01
201800003073,1.0,34,0,0.0,2.0,7.0,17.0,A01
201800003074,1.0,1,0,0.0,2.0,6.0,15.0,B01
201800003074,1.0,7,0,0.0,9.0,3.0,2.0,A01
201800003075,1.0,7,0,0.0,0.0,4.0,1.0,B01
201800003075,1.0,7,0,0.0,2.0,1.0,2.0,A01
201800003076,0.0,7,0,0.0,0.0,3.0,1.0,B01
201800003076,0.0,1,0,0.0,2.0,1.0,1.0,A01
201800003077,0.0,7,0,0.0,2.0,2.0,15.0,B01
201800003077,0.0,7,0,0.0,2.0,1.0,17.0,A01
201800003078,2.0,7,0,0.0,2.0,1.0,15.0,A01
201800003078,1.0,7,0,0.0,2.0,1.0,1.0,B01
201800003079,2.0,7,0,0.0,2.0,1.0,1.0,A01
201800003079,1.0,7,0,0.0,0.0,8.0,1.0,B01
201800003080,2.0,7,0,0.0,2.0,1.0,1.0,A01
201800003080,2.0,7,0,0.0,0.0,5.0,1.0,B01
201800003081,2.0,7,0,0.0,0.0,7.0,17.0,A01
201800003081,2.0,7,0,0.0,2.0,3.0,15.0,B01
201800003082,1.0,7,0,0.0,0.0,4.0,1.0,A01
201800003082,1.0,7,0,0.0,2.0,1.0,1.0,B01
201800003083,1.0,33,0,6.0,0.0,9.0,0.0,A01
201800003084,2.0,7,0,12.0,0.0,3.0,1.0,A01
201800003084,2.0,7,0,0.0,2.0,2.0,1.0,B01
201800003085,2.0,30,0,1.0,0.0,1.0,1.0,A01
201800003086,2.0,7,0,13.0,0.0,1.0,1.0,A01
201800003087,1.0,33,0,15.0,0.0,1.0,1.0,A01
201800003088,1.0,7,0,2.0,0.0,1.0,1.0,A01
201800003089,1.0,7,0,2.0,0.0,2.0,1.0,A01
201800003090,0.0,7,0,0.0,1.0,1.0,9.0,A01
201800003091,2.0,7,0,6.0,0.0,6.0,1.0,A01
201800003092,2.0,7,0,0.0,1.0,2.0,9.0,A01
201800003093,1.0,33,0,12.0,0.0,1.0,1.0,A01
201800003094,2.0,33,0,10.0,0.0,3.0,1.0,A01
201800003095,2.0,35,0,6.0,0.0,1.0,1.0,A01
201800003096,1.0,1,0,0.0,2.0,1.0,5.0,A01
201800003096,2.0,1,0,0.0,0.0,1.0,1.0,B01
201800003097,2.0,10,0,0.0,0.0,8.0,1.0,B01
201800003097,1.0,7,0,0.0,2.0,1.0,15.0,A01
201800003098,0.0,7,0,0.0,0.0,9.0,0.0,A01
201800003099,2.0,7,0,0.0,2.0,1.0,1.0,B01
201800003099,1.0,7,0,0.0,2.0,1.0,13.0,A01
201800003100,2.0,7,0,0.0,9.0,1.0,1.0,A01
201800003100,2.0,1,0,0.0,2.0,4.0,1.0,B01
201800003101,1.0,3,0,2.0,0.0,1.0,1.0,A01
201800003102,2.0,7,0,0.0,0.0,9.0,1.0,A01
201800003103,2.0,7,0,1.0,1.0,1.0,1.0,A01
201800003104,0.0,33,0,3.0,0.0,7.0,1.0,A01
201800003105,2.0,33,0,6.0,0.0,1.0,1.0,A01
201800003106,2.0,1,0,0.0,0.0,8.0,19.0,A01
201800003106,1.0,7,0,0.0,2.0,3.0,1.0,B01
201800003107,1.0,33,0,0.0,2.0,1.0,13.0,A01
201800003107,2.0,33,0,0.0,2.0,1.0,1.0,B01
201800003108,1.0,7,0,0.0,1.0,1.0,1.0,A01
201800003109,1.0,7,0,8.0,0.0,1.0,13.0,A01
201800003110,0.0,7,0,13.0,0.0,3.0,1.0,A01
201800003111,2.0,7,0,0.0,2.0,1.0,13.0,A01
201800003111,1.0,7,0,0.0,0.0,1.0,1.0,B01
201800003112,2.0,7,0,6.0,0.0,1.0,1.0,A01
201800003113,1.0,7,0,0.0,0.0,1.0,1.0,B01
201800003113,2.0,7,0,0.0,2.0,1.0,13.0,A01
201800003114,1.0,33,0,0.0,0.0,9.0,1.0,A01
201800003115,1.0,2,0,0.0,4.0,8.0,1.0,A01
201800003115,0.0,39,1,0.0,2.0,7.0,1.0,B01
201800003116,2.0,7,0,13.0,0.0,3.0,1.0,A01
201800003117,1.0,7,0,13.0,0.0,1.0,1.0,A01
201800003118,2.0,7,0,2.0,0.0,1.0,1.0,A01
201800003119,1.0,1,0,0.0,2.0,1.0,1.0,A01
201800003119,2.0,7,0,0.0,0.0,3.0,1.0,B01
201800003119,2.0,7,0,0.0,2.0,1.0,1.0,C01
201800003120,1.0,7,0,0.0,1.0,3.0,1.0,A01
201800003121,1.0,1,0,0.0,2.0,7.0,19.0,B01
201800003121,1.0,7,0,0.0,2.0,1.0,1.0,A01
201800003122,2.0,15,0,0.0,2.0,3.0,1.0,B01
201800003122,1.0,7,0,0.0,2.0,8.0,1.0,A01
201800003123,0.0,7,0,0.0,1.0,4.0,4.0,A01
201800003124,2.0,13,0,0.0,1.0,1.0,1.0,A01
201800003125,0.0,15,0,0.0,2.0,3.0,19.0,A01
201800003125,0.0,2,0,0.0,2.0,1.0,1.0,B01
201800003126,1.0,7,0,3.0,2.0,1.0,2.0,A01
201800003126,1.0,7,0,0.0,0.0,4.0,2.0,B01
201800003127,2.0,7,0,0.0,2.0,3.0,13.0,A01
201800003127,1.0,15,0,0.0,2.0,3.0,21.0,B01
201800003128,0.0,7,0,0.0,9.0,2.0,9.0,A01
201800003128,0.0,1,0,0.0,0.0,4.0,1.0,B01
201800003129,1.0,7,0,3.0,2.0,1.0,13.0,A01
201800003129,2.0,15,0,0.0,2.0,3.0,1.0,B01
201800003130,0.0,10,0,0.0,2.0,3.0,1.0,B01
201800003130,0.0,7,0,0.0,2.0,1.0,1.0,A01
201800003131,1.0,7,0,15.0,0.0,0.0,1.0,A01
201800003132,1.0,7,0,0.0,1.0,6.0,0.0,A01
201800003133,0.0,7,0,0.0,1.0,1.0,13.0,A01
201800003134,1.0,7,0,6.0,0.0,1.0,1.0,A01
201800003135,1.0,7,0,0.0,2.0,7.0,2.0,A01
201800003135,1.0,2,0,0.0,2.0,4.0,2.0,B01
201800003136,2.0,7,0,2.0,0.0,1.0,2.0,A01
201800003137,2.0,7,0,2.0,0.0,1.0,1.0,A01
201800003138,0.0,15,0,12.0,0.0,8.0,2.0,A01
201800003139,0.0,33,0,1.0,0.0,1.0,1.0,A01
201800003139,0.0,15,0,0.0,2.0,4.0,24.0,B01
201800003140,2.0,33,0,13.0,0.0,9.0,2.0,A01
201800003141,1.0,7,0,0.0,1.0,2.0,2.0,A01
201800003142,0.0,33,0,6.0,0.0,1.0,1.0,A01
201800003143,2.0,7,0,13.0,0.0,1.0,14.0,A01
201800003144,0.0,7,0,16.0,0.0,1.0,14.0,A01
201800003145,2.0,7,0,0.0,2.0,1.0,13.0,A01
201800003145,1.0,7,0,0.0,2.0,1.0,11.0,B01
201800003146,1.0,7,0,0.0,0.0,0.0,0.0,A01
201800003147,0.0,7,0,0.0,1.0,3.0,1.0,A01
201800003148,2.0,14,0,0.0,2.0,1.0,1.0,A01
201800003148,1.0,7,0,0.0,2.0,1.0,17.0,B01
201800003148,1.0,10,0,0.0,2.0,8.0,0.0,C01
201800003149,2.0,7,0,0.0,2.0,3.0,15.0,B01
201800003149,2.0,33,0,0.0,2.0,1.0,17.0,A01
201800003150,1.0,7,0,0.0,2.0,3.0,1.0,B01
201800003150,2.0,33,0,0.0,2.0,1.0,13.0,A01
201800003151,2.0,7,0,2.0,0.0,1.0,0.0,A01
201800003152,0.0,7,0,0.0,1.0,6.0,1.0,A01
201800003153,2.0,7,0,6.0,0.0,3.0,0.0,A01
201800003154,1.0,7,0,0.0,0.0,8.0,13.0,A01
201800003155,1.0,7,0,5.0,2.0,3.0,13.0,A01
201800003155,1.0,7,0,0.0,2.0,3.0,1.0,B01
201800003156,1.0,7,0,0.0,2.0,7.0,1.0,B01
201800003156,2.0,2,0,0.0,2.0,1.0,9.0,A01
201800003157,1.0,33,0,0.0,2.0,8.0,5.0,A01
201800003157,2.0,7,0,0.0,2.0,8.0,1.0,B01
201800003158,0.0,7,0,13.0,0.0,1.0,16.0,A01
201800003159,1.0,33,0,15.0,0.0,1.0,1.0,A01
201800003160,2.0,33,0,0.0,2.0,1.0,1.0,B01
201800003160,2.0,7,0,0.0,0.0,4.0,0.0,A01
201800003161,1.0,7,0,2.0,0.0,1.0,1.0,A01
201800003162,1.0,7,0,0.0,2.0,7.0,9.0,B01
201800003162,1.0,33,0,0.0,2.0,8.0,17.0,A01
201800003163,2.0,10,0,16.0,0.0,1.0,13.0,A01
201800003164,0.0,7,0,0.0,1.0,1.0,16.0,A01
201800003165,2.0,7,0,13.0,0.0,1.0,1.0,A01