Num_Acc,senc,catv,occutc,obs,obsm,choc,manv,num_veh
201800003166,1.0,33,0,0.0,0.0,9.0,1.0,A01
201800003167,2.0,7,0,0.0,2.0,3.0,0.0,B01
201800003167,1.0,7,0,0.0,2.0,2.0,0.0,A01
201800003168,1.0,7,0,4.0,0.0,2.0,1.0,A01
201800003169,0.0,7,0,8.0,0.0,1.0,1.0,A01
201800003170,2.0,33,0,0.0,0.0,0.0,1.0,A01
201800003171,0.0,32,0,0.0,2.0,6.0,5.0,A01
201800003171,0.0,31,0,0.0,2.0,5.0,1.0,B01
201800003172,2.0,7,0,13.0,0.0,1.0,1.0,A01
201800003173,2.0,1,0,0.0,2.0,2.0,12.0,B01
201800003173,2.0,7,0,0.0,9.0,3.0,15.0,A01
201800003174,0.0,7,0,0.0,2.0,1.0,19.0,A01
201800003174,1.0,7,0,0.0,2.0,8.0,1.0,B01
201800003175,2.0,33,0,13.0,0.0,1.0,1.0,A01
201800003176,1.0,7,0,0.0,1.0,2.0,1.0,A01
201800003177,2.0,7,0,0.0,2.0,3.0,15.0,A01
201800003177,2.0,7,0,0.0,2.0,2.0,1.0,B01
201800003178,2.0,1,0,0.0,2.0,1.0,1.0,B01
201800003178,0.0,7,0,0.0,2.0,5.0,19.0,A01
201800003179,1.0,7,0,0.0,2.0,7.0,13.0,A01
201800003179,2.0,7,0,0.0,2.0,1.0,1.0,B01
201800003180,1.0,7,0,0.0,2.0,7.0,1.0,A01
201800003180,2.0,7,0,0.0,2.0,2.0,5.0,B01
201800003181,1.0,7,0,0.0,2.0,3.0,1.0,A01
201800003181,2.0,13,0,0.0,2.0,3.0,1.0,B01
201800003182,1.0,7,0,0.0,2.0,3.0,13.0,A01
201800003182,2.0,7,0,0.0,2.0,3.0,1.0,B01
201800003183,2.0,7,0,0.0,2.0,1.0,13.0,A01
201800003183,1.0,7,0,0.0,2.0,3.0,1.0,B01
201800003184,1.0,7,0,13.0,9.0,2.0,1.0,A01
201800003185,1.0,7,0,0.0,2.0,1.0,15.0,A01
201800003185,1.0,7,0,0.0,2.0,2.0,1.0,B01
201800003186,2.0,7,0,3.0,2.0,1.0,1.0,C01
201800003186,2.0,7,0,0.0,2.0,3.0,1.0,B01
201800003186,1.0,7,0,0.0,2.0,1.0,5.0,A01
201800003186,1.0,7,0,0.0,2.0,3.0,2.0,D01
201800003187,1.0,33,0,15.0,0.0,1.0,2.0,A01
201800003188,1.0,7,0,0.0,2.0,3.0,15.0,A01
201800003188,1.0,15,0,0.0,2.0,1.0,1.0,B01
201800003189,1.0,34,0,14.0,0.0,1.0,1.0,A01
201800003190,1.0,7,0,0.0,2.0,1.0,1.0,B01
201800003190,1.0,3,0,0.0,2.0,7.0,19.0,A01
201800003190,2.0,7,0,0.0,2.0,3.0,23.0,C01
201800003191,2.0,7,0,13.0,0.0,5.0,1.0,A01
201800003192,1.0,7,0,0.0,2.0,3.0,13.0,A01
201800003192,2.0,14,0,0.0,2.0,3.0,1.0,B01
201800003193,1.0,7,0,6.0,0.0,2.0,1.0,A01
201800003194,1.0,33,0,6.0,0.0,7.0,1.0,A01
201800003195,1.0,33,0,0.0,0.0,0.0,1.0,A01
201800003196,2.0,7,0,0.0,2.0,1.0,1.0,B01
201800003196,2.0,1,0,0.0,0.0,4.0,15.0,A01
201800003197,1.0,7,0,6.0,0.0,3.0,1.0,A01
201800003198,2.0,31,0,0.0,2.0,1.0,1.0,B01
201800003198,2.0,7,0,0.0,2.0,3.0,19.0,A01
201800003199,2.0,7,0,1.0,1.0,1.0,14.0,A01
201800003200,2.0,7,0,0.0,2.0,2.0,17.0,A01
201800003200,2.0,20,0,0.0,0.0,6.0,2.0,B01
201800003201,0.0,10,0,0.0,9.0,2.0,1.0,B01
201800003201,0.0,1,0,0.0,2.0,1.0,0.0,A01
201800003202,1.0,2,0,0.0,2.0,1.0,1.0,A01
201800003202,2.0,7,0,0.0,9.0,3.0,1.0,B01
201800003203,1.0,1,0,0.0,0.0,3.0,1.0,B01
201800003203,1.0,7,0,0.0,2.0,2.0,17.0,A01
201800003204,0.0,2,0,0.0,0.0,1.0,13.0,A01
201800003204,0.0,7,0,0.0,2.0,1.0,0.0,B01
201800003205,1.0,1,0,0.0,0.0,4.0,2.0,B01
201800003205,1.0,7,0,0.0,2.0,2.0,2.0,A01
201800003206,1.0,17,0,0.0,2.0,1.0,23.0,D01
201800003206,1.0,7,0,0.0,2.0,1.0,23.0,C01
201800003206,1.0,17,0,0.0,2.0,1.0,2.0,A01
201800003206,1.0,17,0,0.0,2.0,9.0,23.0,B01
201800003207,2.0,7,0,0.0,2.0,3.0,1.0,A01
201800003207,1.0,7,0,0.0,2.0,3.0,1.0,B01
201800003208,1.0,2,0,0.0,2.0,1.0,1.0,B01
201800003208,2.0,7,0,0.0,2.0,1.0,15.0,A01
201800003209,0.0,7,0,0.0,2.0,3.0,15.0,B01
201800003209,0.0,2,0,0.0,2.0,2.0,17.0,A01
201800003210,0.0,33,0,0.0,6.0,0.0,1.0,A01
201800003211,1.0,7,0,0.0,2.0,8.0,15.0,A01
201800003211,1.0,7,0,0.0,2.0,2.0,17.0,B01
201800003212,1.0,2,0,12.0,0.0,0.0,1.0,A01
201800003213,0.0,7,0,6.0,0.0,3.0,1.0,A01
201800003214,1.0,1,0,0.0,2.0,8.0,1.0,B01
201800003214,1.0,7,0,0.0,2.0,7.0,17.0,A01
201800003215,0.0,7,0,0.0,2.0,8.0,15.0,A01
201800003215,0.0,2,0,0.0,2.0,1.0,1.0,B01
201800003216,0.0,2,0,13.0,0.0,3.0,0.0,A01
201800003217,0.0,7,0,6.0,0.0,8.0,1.0,A01
201800003218,0.0,7,0,6.0,2.0,1.0,17.0,A01
201800003218,0.0,7,0,0.0,2.0,1.0,1.0,B01
201800003218,0.0,7,0,0.0,2.0,3.0,1.0,C01
201800003219,1.0,7,0,0.0,0.0,4.0,2.0,B01
201800003219,1.0,7,0,0.0,2.0,1.0,2.0,A01
201800003220,2.0,7,0,0.0,2.0,3.0,0.0,A01
201800003220,1.0,7,0,0.0,2.0,3.0,1.0,B01
201800003221,1.0,7,0,8.0,0.0,0.0,13.0,A01
201800003222,2.0,7,0,0.0,0.0,6.0,9.0,A01
201800003222,2.0,7,0,0.0,2.0,2.0,3.0,B01
201800003223,0.0,7,0,0.0,2.0,1.0,1.0,B01
201800003223,0.0,7,0,0.0,2.0,3.0,9.0,A01
201800003224,0.0,7,0,13.0,0.0,1.0,1.0,A01
201800003225,0.0,7,0,0.0,0.0,8.0,15.0,B01
201800003225,0.0,10,0,0.0,2.0,3.0,1.0,A01
201800003226,2.0,7,0,0.0,2.0,3.0,15.0,A01
201800003226,1.0,33,0,0.0,2.0,7.0,1.0,B01
201800003227,0.0,7,0,13.0,0.0,2.0,1.0,A01
201800003228,2.0,7,0,6.0,2.0,1.0,1.0,A01
201800003228,1.0,7,0,6.0,2.0,3.0,1.0,B01
201800003229,1.0,7,0,8.0,0.0,1.0,1.0,A01
201800003230,2.0,7,0,15.0,0.0,1.0,1.0,A01
201800003231,2.0,7,0,13.0,0.0,1.0,1.0,A01
201800003232,0.0,1,0,0.0,2.0,1.0,1.0,B01
201800003232,0.0,7,0,0.0,2.0,3.0,1.0,A01
201800003233,1.0,7,0,6.0,0.0,1.0,13.0,A01
201800003234,2.0,7,0,13.0,0.0,3.0,13.0,A01
201800003235,0.0,7,0,6.0,0.0,1.0,0.0,A01
201800003236,2.0,7,0,0.0,2.0,5.0,11.0,A01
201800003236,1.0,33,0,0.0,2.0,1.0,1.0,B01
201800003237,0.0,30,0,0.0,2.0,1.0,1.0,B01
201800003237,0.0,21,0,0.0,0.0,4.0,16.0,A01
201800003238,1.0,7,0,0.0,2.0,1.0,13.0,A01
201800003238,2.0,15,0,0.0,2.0,1.0,1.0,B01
201800003239,1.0,7,0,0.0,0.0,6.0,1.0,B01
201800003239,1.0,33,0,0.0,2.0,7.0,21.0,A01
201800003240,2.0,37,10,0.0,2.0,1.0,1.0,B01
201800003240,1.0,7,0,0.0,2.0,1.0,13.0,A01
201800003241,1.0,7,0,0.0,2.0,3.0,13.0,A01
201800003241,2.0,7,0,0.0,2.0,1.0,1.0,B01
201800003242,0.0,7,0,0.0,1.0,1.0,1.0,A01
201800003243,0.0,7,0,13.0,0.0,1.0,1.0,A01
201800003244,0.0,7,0,0.0,2.0,1.0,13.0,A01
201800003244,0.0,7,0,0.0,2.0,1.0,1.0,C01
201800003244,0.0,7,0,0.0,2.0,8.0,1.0,D01
201800003245,1.0,33,0,0.0,2.0,0.0,1.0,A01
201800003245,2.0,7,0,0.0,2.0,2.0,1.0,B01
201800003246,0.0,2,0,0.0,2.0,1.0,2.0,A01
201800003246,0.0,7,0,0.0,0.0,4.0,2.0,B01
201800003247,0.0,2,0,0.0,0.0,0.0,0.0,A01
201800003248,0.0,7,0,13.0,0.0,1.0,13.0,A01
201800003249,1.0,7,0,0.0,2.0,1.0,2.0,A01
201800003249,1.0,7,0,0.0,2.0,4.0,23.0,B01
201800003249,1.0,7,0,0.0,0.0,4.0,23.0,C01
201800003250,2.0,7,0,0.0,2.0,6.0,15.0,B01
201800003250,2.0,7,0,0.0,2.0,1.0,1.0,A01
201800003251,2.0,7,0,2.0,0.0,1.0,15.0,A01
201800003252,1.0,33,0,0.0,2.0,8.0,1.0,A01
201800003252,2.0,7,0,0.0,2.0,8.0,1.0,B01
201800003253,0.0,7,0,0.0,1.0,1.0,20.0,A01
201800003254,1.0,33,0,0.0,2.0,1.0,19.0,A01
201800003254,0.0,10,0,0.0,2.0,3.0,19.0,B01
201800003255,0.0,7,0,0.0,2.0,3.0,1.0,B01
201800003255,2.0,1,0,0.0,2.0,2.0,1.0,A01
201800003256,1.0,10,0,6.0,0.0,2.0,1.0,A01
201800003257,1.0,7,0,13.0,0.0,1.0,14.0,A01
201800003258,2.0,2,0,0.0,2.0,1.0,15.0,B01
201800003258,2.0,7,0,0.0,2.0,7.0,17.0,A01
201800003259,1.0,7,0,0.0,2.0,3.0,1.0,A01
201800003259,2.0,7,0,0.0,2.0,3.0,1.0,B01
201800003260,1.0,7,0,13.0,0.0,1.0,1.0,A01
201800003261,1.0,14,0,0.0,2.0,2.0,1.0,A01
201800003261,2.0,7,0,0.0,2.0,3.0,1.0,B01
201800003262,1.0,7,0,2.0,0.0,1.0,13.0,A01
201800003263,1.0,7,0,0.0,2.0,1.0,13.0,A01
201800003263,2.0,17,0,0.0,2.0,1.0,1.0,B01
201800003264,2.0,1,0,0.0,2.0,1.0,1.0,B01
201800003264,1.0,7,0,0.0,2.0,2.0,0.0,A01
201800003265,0.0,7,0,0.0,2.0,3.0,15.0,A01
201800003265,1.0,7,0,0.0,2.0,3.0,1.0,B01
201800003266,1.0,17,0,15.0,2.0,2.0,1.0,A01
201800003266,1.0,13,0,10.0,1.0,6.0,23.0,B01
201800003267,2.0,7,0,3.0,2.0,1.0,17.0,A01
201800003267,2.0,7,0,3.0,2.0,4.0,2.0,B01
201800003268,1.0,7,0,4.0,0.0,1.0,14.0,A01
201800003269,2.0,7,0,15.0,0.0,1.0,14.0,A01
201800003270,1.0,7,0,13.0,0.0,1.0,1.0,A01
201800003271,1.0,7,0,3.0,0.0,9.0,1.0,A01
201800003272,2.0,7,0,4.0,0.0,6.0,9.0,A01
201800003273,1.0,7,0,0.0,2.0,3.0,9.0,A01
201800003273,1.0,7,0,0.0,2.0,5.0,1.0,B01
201800003273,1.0,17,0,0.0,2.0,3.0,9.0,C01
201800003274,2.0,7,0,7.0,0.0,3.0,1.0,A01
201800003275,1.0,7,0,0.0,2.0,3.0,2.0,A01
201800003275,1.0,7,0,0.0,2.0,5.0,1.0,B01
201800003276,2.0,7,0,0.0,2.0,1.0,0.0,A01
201800003276,2.0,7,0,3.0,2.0,4.0,0.0,B01
201800003276,2.0,7,0,0.0,2.0,1.0,0.0,C01
201800003276,2.0,7,0,3.0,2.0,1.0,0.0,D01
201800003276,2.0,7,0,0.0,2.0,4.0,0.0,E01
201800003277,2.0,7,0,3.0,0.0,8.0,1.0,A01
201800003278,1.0,15,0,3.0,0.0,5.0,14.0,A01
201800003279,1.0,7,0,0.0,2.0,1.0,2.0,A01
201800003279,1.0,17,0,0.0,0.0,4.0,1.0,B01
201800003280,1.0,7,0,0.0,2.0,1.0,2.0,A01
201800003280,1.0,7,0,0.0,0.0,4.0,2.0,B01
201800003280,1.0,7,0,0.0,2.0,2.0,2.0,C01
201800003281,2.0,14,0,0.0,2.0,1.0,1.0,A01
201800003281,2.0,15,0,0.0,2.0,4.0,2.0,B01
201800003282,2.0,7,0,2.0,0.0,1.0,16.0,A01
201800003283,2.0,7,0,3.0,0.0,1.0,1.0,A01
201800003283,2.0,7,0,0.0,2.0,3.0,21.0,B01
201800003283,2.0,17,0,0.0,2.0,0.0,0.0,C01
201800003284,2.0,7,0,3.0,0.0,7.0,0.0,A01
201800003285,1.0,7,0,16.0,0.0,1.0,1.0,A01
201800003286,2.0,15,0,15.0,2.0,2.0,1.0,B01
201800003286,2.0,7,0,0.0,2.0,1.0,1.0,A01
201800003287,2.0,33,0,0.0,2.0,3.0,16.0,A01
201800003287,1.0,7,0,0.0,2.0,2.0,15.0,B01
201800003288,1.0,7,0,0.0,2.0,2.0,15.0,A01
201800003288,2.0,33,0,0.0,2.0,1.0,17.0,B01
201800003289,1.0,7,0,0.0,2.0,3.0,1.0,B01
201800003289,2.0,7,0,0.0,2.0,2.0,15.0,A01
201800003290,2.0,99,0,0.0,2.0,1.0,1.0,B01
201800003290,1.0,7,0,0.0,9.0,2.0,15.0,A01
201800003291,0.0,33,0,16.0,0.0,2.0,15.0,A01
201800003292,0.0,33,0,5.0,0.0,1.0,1.0,A01
201800003293,1.0,7,0,0.0,2.0,1.0,1.0,A01
201800003293,1.0,7,0,0.0,2.0,1.0,1.0,B01
201800003294,1.0,7,0,0.0,1.0,3.0,1.0,A01
201800003295,0.0,33,0,0.0,6.0,1.0,1.0,A01
201800003296,2.0,10,0,0.0,2.0,2.0,1.0,A01
201800003296,1.0,31,0,0.0,2.0,2.0,1.0,B01
201800003297,2.0,10,0,0.0,2.0,3.0,13.0,A01
201800003297,1.0,7,0,0.0,2.0,3.0,0.0,B01
201800003298,1.0,33,0,0.0,0.0,0.0,1.0,A01
201800003299,2.0,7,0,0.0,9.0,2.0,2.0,A01
201800003299,2.0,1,0,0.0,2.0,6.0,2.0,B01
201800003300,1.0,7,0,0.0,2.0,1.0,1.0,A01
201800003300,2.0,7,0,0.0,2.0,1.0,1.0,B01
201800003301,2.0,7,0,0.0,2.0,1.0,15.0,A01
201800003301,1.0,7,0,0.0,2.0,1.0,1.0,B01
201800003302,1.0,7,0,0.0,1.0,3.0,1.0,A01
201800003303,2.0,7,0,13.0,0.0,9.0,13.0,A01
201800003304,1.0,7,0,1.0,2.0,3.0,22.0,A01
201800003304,1.0,1,0,1.0,0.0,0.0,0.0,B01
201800003305,1.0,7,0,0.0,2.0,3.0,13.0,A01
201800003305,2.0,10,0,0.0,2.0,3.0,1.0,B01
201800003306,0.0,7,0,0.0,9.0,2.0,0.0,A01
201800003306,0.0,1,0,0.0,2.0,4.0,0.0,B01
201800003307,1.0,7,0,0.0,2.0,3.0,16.0,A01
201800003307,2.0,7,0,0.0,0.0,8.0,21.0,B01
201800003308,1.0,7,0,0.0,2.0,1.0,5.0,A01
201800003308,2.0,16,0,0.0,2.0,3.0,1.0,B01
201800003309,0.0,7,0,0.0,2.0,7.0,0.0,A01
201800003309,0.0,7,0,0.0,2.0,1.0,1.0,B01
201800003310,1.0,7,0,0.0,1.0,0.0,0.0,A01
201800003311,0.0,7,0,0.0,2.0,1.0,16.0,A01
201800003311,0.0,7,0,0.0,0.0,8.0,23.0,B01
201800003312,0.0,2,0,12.0,0.0,0.0,0.0,A01
201800003313,1.0,2,0,0.0,2.0,1.0,0.0,A01
201800003313,2.0,7,0,0.0,2.0,7.0,0.0,B01
201800003314,0.0,7,0,0.0,2.0,1.0,13.0,A01
201800003314,0.0,33,0,0.0,2.0,8.0,19.0,B01
201800003315,2.0,7,0,0.0,2.0,3.0,0.0,A01
201800003315,1.0,7,0,0.0,2.0,1.0,13.0,B01
201800003316,0.0,7,0,0.0,2.0,2.0,15.0,A01
201800003316,0.0,2,0,0.0,2.0,1.0,1.0,B01
201800003317,2.0,7,0,0.0,0.0,3.0,15.0,A01
201800003317,1.0,7,0,11.0,0.0,1.0,1.0,B01
201800003318,0.0,7,0,0.0,2.0,2.0,15.0,A01
201800003318,0.0,7,0,0.0,2.0,3.0,1.0,B01
201800003319,2.0,7,0,0.0,2.0,3.0,1.0,A01
201800003319,2.0,2,0,0.0,2.0,5.0,0.0,B01
201800003320,1.0,7,0,0.0,2.0,3.0,13.0,A01
201800003320,2.0,7,0,0.0,2.0,8.0,1.0,B01
201800003321,1.0,7,0,0.0,1.0,2.0,16.0,A01
201800003322,0.0,7,0,13.0,0.0,1.0,13.0,A01
201800003323,0.0,7,0,0.0,0.0,4.0,0.0,A01
201800003323,0.0,7,0,0.0,0.0,1.0,0.0,B01
201800003324,2.0,7,0,15.0,1.0,1.0,1.0,A01
201800003325,1.0,7,0,0.0,9.0,7.0,1.0,A01
201800003325,2.0,1,0,0.0,2.0,1.0,19.0,B01
201800003326,0.0,7,0,0.0,9.0,1.0,1.0,A01
201800003326,0.0,1,0,0.0,2.0,8.0,19.0,B01
201800003327,1.0,31,0,0.0,2.0,2.0,2.0,A01
201800003327,1.0,7,0,0.0,0.0,6.0,2.0,B01
201800003328,1.0,33,0,13.0,0.0,3.0,1.0,A01
201800003329,1.0,2,0,0.0,0.0,7.0,1.0,A01
201800003330,1.0,10,0,0.0,1.0,3.0,1.0,A01
201800003331,1.0,7,0,0.0,1.0,2.0,2.0,A01
201800003332,1.0,7,0,0.0,2.0,1.0,13.0,A01
201800003332,2.0,7,0,0.0,0.0,3.0,1.0,B01
201800003333,0.0,3,0,6.0,0.0,2.0,0.0,A01
201800003334,2.0,7,0,2.0,0.0,1.0,1.0,A01
201800003335,1.0,33,0,2.0,0.0,0.0,13.0,A01
201800003336,2.0,7,0,2.0,0.0,3.0,14.0,A01
201800003337,2.0,33,0,15.0,0.0,1.0,1.0,A01
201800003338,2.0,7,0,13.0,0.0,2.0,1.0,A01
201800003339,0.0,7,0,0.0,2.0,7.0,16.0,A01
201800003339,0.0,1,0,0.0,2.0,1.0,0.0,B01
201800003340,1.0,7,0,13.0,0.0,1.0,19.0,A01
201800003341,0.0,7,0,9.0,0.0,1.0,1.0,A01
201800003342,1.0,7,0,0.0,2.0,3.0,9.0,A01
201800003342,1.0,33,0,0.0,2.0,4.0,2.0,B01
201800003343,2.0,7,0,0.0,1.0,2.0,17.0,A01
201800003344,0.0,7,0,0.0,2.0,0.0,0.0,C01
201800003344,0.0,7,0,0.0,2.0,1.0,17.0,A01
201800003344,0.0,7,0,12.0,2.0,6.0,1.0,B01
201800003345,0.0,32,0,0.0,2.0,7.0,0.0,B01
201800003345,0.0,7,0,0.0,2.0,1.0,9.0,A01
201800003346,1.0,38,1,0.0,1.0,3.0,9.0,A01
201800003347,2.0,7,0,8.0,0.0,3.0,1.0,A01
201800003348,1.0,7,0,0.0,1.0,7.0,16.0,A01
201800003349,1.0,7,0,0.0,0.0,9.0,0.0,A01
201800003350,2.0,7,0,0.0,2.0,1.0,13.0,A01
201800003350,1.0,7,0,0.0,2.0,1.0,1.0,B01
201800003351,0.0,7,0,0.0,1.0,1.0,19.0,A01
201800003352,0.0,7,0,0.0,2.0,3.0,15.0,A01
201800003352,0.0,1,0,0.0,2.0,4.0,9.0,B01
201800003353,1.0,7,0,13.0,0.0,3.0,19.0,A01
201800003354,2.0,7,0,0.0,2.0,3.0,1.0,B01
201800003354,2.0,33,0,0.0,2.0,7.0,17.0,A01
201800003355,2.0,7,0,0.0,2.0,7.0,17.0,A01
201800003355,1.0,33,0,0.0,2.0,7.0,1.0,B01
201800003356,2.0,36,0,0.0,0.0,7.0,1.0,A01
201800003357,2.0,7,0,0.0,2.0,4.0,1.0,B01
201800003357,2.0,7,0,0.0,2.0,1.0,2.0,A01
201800003357,1.0,7,0,0.0,2.0,3.0,15.0,C01
201800003358,1.0,7,0,0.0,1.0,2.0,1.0,A01
201800003359,1.0,7,0,0.0,1.0,2.0,1.0,A01
201800003360,2.0,15,0,0.0,2.0,3.0,0.0,B01
201800003360,1.0,10,0,0.0,2.0,3.0,13.0,A01
201800003361,1.0,7,0,15.0,0.0,1.0,14.0,A01
201800003362,2.0,7,0,2.0,0.0,2.0,14.0,A01
201800003363,1.0,7,0,0.0,2.0,2.0,13.0,A01
201800003363,2.0,10,0,0.0,2.0,3.0,21.0,B01
201800003364,1.0,7,0,4.0,2.0,3.0,13.0,A01
201800003364,2.0,15,0,4.0,2.0,3.0,1.0,B01
201800003364,1.0,7,0,4.0,2.0,9.0,0.0,C01
201800003364,1.0,7,0,4.0,2.0,2.0,1.0,D01
201800003365,2.0,33,0,0.0,2.0,8.0,18.0,B01
201800003365,0.0,7,0,0.0,2.0,7.0,2.0,A01
201800003366,2.0,7,0,0.0,2.0,1.0,1.0,A01
201800003366,2.0,7,0,0.0,2.0,4.0,1.0,B01
201800003367,2.0,7,0,0.0,2.0,3.0,19.0,A01
201800003367,1.0,34,0,0.0,2.0,1.0,21.0,B01
201800003368,2.0,7,0,0.0,2.0,7.0,15.0,A01
201800003368,1.0,33,0,0.0,2.0,1.0,1.0,B01
201800003369,2.0,31,0,0.0,2.0,2.0,17.0,A01
201800003369,1.0,7,0,0.0,2.0,8.0,15.0,B01
201800003370,2.0,7,0,0.0,2.0,7.0,17.0,A01
201800003370,1.0,10,0,0.0,2.0,1.0,1.0,B01
201800003371,2.0,7,0,2.0,0.0,3.0,13.0,A01
201800003372,1.0,7,0,0.0,1.0,5.0,1.0,A01
201800003373,0.0,7,0,0.0,0.0,3.0,1.0,A01
201800003374,1.0,15,0,0.0,2.0,3.0,1.0,B01
201800003374,2.0,7,0,0.0,2.0,1.0,17.0,A01
201800003375,0.0,7,0,0.0,2.0,2.0,23.0,B01
201800003375,0.0,2,0,0.0,1.0,1.0,17.0,A01
201800003376,0.0,7,0,3.0,2.0,6.0,6.0,A01
201800003376,1.0,7,0,3.0,2.0,2.0,1.0,B01
201800003377,1.0,7,0,0.0,2.0,1.0,1.0,A01
201800003377,2.0,7,0,0.0,2.0,3.0,1.0,B01
201800003378,2.0,2,0,0.0,2.0,8.0,9.0,A01
201800003378,1.0,7,0,0.0,2.0,1.0,1.0,B01
201800003379,1.0,7,0,2.0,0.0,1.0,1.0,A01
201800003380,1.0,33,0,0.0,6.0,1.0,0.0,A01
201800003381,1.0,10,0,0.0,2.0,3.0,13.0,A01
201800003381,2.0,7,0,0.0,2.0,3.0,1.0,B01
201800003382,1.0,7,0,13.0,0.0,1.0,13.0,A01
201800003383,1.0,7,0,0.0,1.0,3.0,1.0,A01
201800003384,2.0,7,0,2.0,0.0,1.0,1.0,A01
201800003385,1.0,38,31,0.0,2.0,3.0,1.0,B01
201800003385,1.0,7,0,0.0,2.0,6.0,1.0,C01
201800003385,2.0,7,0,0.0,6.0,3.0,1.0,A01
201800003386,1.0,17,0,0.0,2.0,1.0,1.0,B01
201800003386,0.0,7,0,7.0,2.0,7.0,19.0,A01
201800003387,1.0,7,0,0.0,2.0,7.0,14.0,A01
201800003387,1.0,17,0,0.0,2.0,8.0,1.0,B01
201800003388,1.0,15,0,0.0,0.0,6.0,2.0,A01
201800003388,1.0,7,0,0.0,2.0,1.0,2.0,B01
201800003389,2.0,7,0,4.0,2.0,1.0,1.0,A01
201800003389,2.0,15,0,0.0,0.0,6.0,17.0,B01
201800003390,2.0,7,0,4.0,2.0,2.0,14.0,B01
201800003390,2.0,15,0,0.0,0.0,3.0,1.0,A01
201800003390,2.0,7,0,1.0,0.0,1.0,0.0,C01
201800003391,1.0,15,0,4.0,0.0,3.0,1.0,A01
201800003392,2.0,7,0,0.0,2.0,1.0,0.0,A01
201800003392,2.0,17,0,0.0,2.0,6.0,1.0,B01
201800003393,1.0,17,0,6.0,0.0,2.0,1.0,A01
201800003394,1.0,10,0,6.0,0.0,2.0,2.0,A01
201800003395,1.0,7,0,3.0,2.0,2.0,2.0,A01
201800003395,1.0,17,0,0.0,0.0,5.0,2.0,B01
201800003396,0.0,7,0,0.0,2.0,2.0,1.0,A01
201800003396,0.0,14,0,0.0,2.0,1.0,19.0,B01
201800003397,2.0,17,0,0.0,2.0,6.0,1.0,A01
201800003397,2.0,7,0,0.0,2.0,2.0,2.0,B01
201800003398,1.0,7,0,0.0,2.0,1.0,2.0,C01
201800003398,1.0,7,0,0.0,2.0,4.0,2.0,B01
201800003398,1.0,7,0,0.0,0.0,4.0,12.0,A01
201800003399,2.0,7,0,0.0,2.0,1.0,2.0,A01
201800003399,2.0,15,0,0.0,0.0,4.0,24.0,B01
201800003400,1.0,17,0,0.0,0.0,4.0,2.0,A01
201800003400,1.0,17,0,0.0,2.0,1.0,2.0,B01
201800003401,1.0,7,0,0.0,2.0,4.0,1.0,B01
201800003401,1.0,7,0,0.0,2.0,0.0,0.0,C01
201800003401,1.0,7,0,0.0,2.0,1.0,1.0,A01
201800003402,1.0,7,0,3.0,2.0,1.0,19.0,A01
201800003402,2.0,15,0,0.0,2.0,1.0,1.0,B01
201800003403,2.0,33,0,3.0,0.0,1.0,14.0,A01
201800003404,1.0,7,0,4.0,2.0,0.0,1.0,A01
201800003404,1.0,7,0,0.0,2.0,1.0,1.0,D01
201800003404,1.0,7,0,0.0,2.0,1.0,1.0,B01
201800003404,1.0,7,0,0.0,2.0,1.0,1.0,C01
201800003405,1.0,7,0,0.0,2.0,2.0,1.0,B01
201800003405,2.0,14,0,0.0,2.0,5.0,15.0,A01
201800003406,1.0,7,0,0.0,2.0,2.0,2.0,A01
201800003406,1.0,15,0,0.0,0.0,6.0,2.0,B01
201800003407,2.0,17,0,3.0,0.0,4.0,2.0,A01
201800003407,2.0,17,0,0.0,2.0,1.0,2.0,C01
201800003408,2.0,7,0,4.0,0.0,1.0,13.0,A01
201800003409,2.0,7,0,4.0,0.0,2.0,0.0,A01
201800003409,2.0,17,0,0.0,1.0,1.0,1.0,B01
201800003409,2.0,7,0,0.0,1.0,1.0,2.0,C01
201800003410,1.0,14,0,0.0,0.0,4.0,1.0,B01
201800003410,1.0,7,0,0.0,2.0,1.0,0.0,C01
201800003410,1.0,10,0,0.0,2.0,3.0,0.0,A01
201800003411,2.0,7,0,3.0,0.0,8.0,21.0,A01
201800003412,0.0,15,0,0.0,1.0,5.0,4.0,A01
201800003413,2.0,33,0,0.0,0.0,8.0,0.0,A01
201800003414,1.0,38,31,4.0,0.0,7.0,1.0,A01
201800003415,2.0,7,0,0.0,2.0,1.0,2.0,A01
201800003415,2.0,17,0,0.0,2.0,4.0,2.0,B01
201800003416,1.0,7,0,4.0,2.0,1.0,14.0,A01
201800003416,1.0,7,0,0.0,2.0,8.0,1.0,B01
201800003417,2.0,7,0,4.0,2.0,1.0,2.0,A01
201800003417,2.0,17,0,0.0,2.0,6.0,2.0,B01
201800003418,2.0,7,0,3.0,2.0,2.0,1.0,A01
201800003418,2.0,7,0,0.0,0.0,6.0,24.0,B01
201800003419,1.0,7,0,0.0,0.0,0.0,2.0,A01
201800003420,1.0,7,0,0.0,2.0,1.0,2.0,A01
201800003420,1.0,7,0,0.0,0.0,4.0,2.0,B01
201800003421,2.0,33,0,4.0,2.0,1.0,2.0,A01
201800003421,2.0,7,0,0.0,2.0,6.0,2.0,B01
201800003421,2.0,7,0,0.0,2.0,4.0,2.0,C01
201800003422,1.0,33,0,0.0,2.0,3.0,13.0,A01