Num_Acc,senc,catv,occutc,obs,obsm,choc,manv,num_veh
201800003422,1.0,7,0,0.0,2.0,5.0,1.0,B01
201800003422,1.0,7,0,0.0,2.0,0.0,1.0,C01
201800003423,2.0,7,0,4.0,0.0,0.0,0.0,A01
201800003423,2.0,14,0,0.0,2.0,1.0,0.0,B01
201800003424,2.0,17,0,1.0,0.0,1.0,14.0,A01
201800003424,2.0,17,0,1.0,0.0,6.0,23.0,B01
201800003425,2.0,7,0,0.0,2.0,5.0,1.0,C01
201800003425,2.0,7,0,4.0,0.0,6.0,1.0,B01
201800003425,2.0,7,0,0.0,2.0,9.0,18.0,A01
201800003426,1.0,7,0,4.0,0.0,3.0,13.0,A01
201800003427,2.0,7,0,0.0,0.0,6.0,0.0,B01
201800003427,2.0,7,0,14.0,0.0,0.0,2.0,A01
201800003428,1.0,7,0,3.0,0.0,2.0,0.0,A01
201800003429,2.0,7,0,0.0,2.0,1.0,1.0,A01
201800003429,1.0,7,0,0.0,2.0,1.0,1.0,B01
201800003430,1.0,33,0,3.0,0.0,0.0,1.0,A01
201800003431,0.0,7,0,0.0,2.0,1.0,1.0,A01
201800003431,0.0,7,0,6.0,2.0,6.0,0.0,B01
201800003432,0.0,33,0,0.0,2.0,1.0,18.0,B01
201800003432,0.0,7,0,0.0,0.0,5.0,16.0,A01
201800003433,0.0,7,0,0.0,2.0,5.0,19.0,A01
201800003433,0.0,33,0,0.0,2.0,1.0,1.0,C01
201800003433,0.0,7,0,0.0,2.0,1.0,1.0,B01
201800003433,0.0,33,0,0.0,2.0,1.0,21.0,D01
201800003434,0.0,33,0,0.0,2.0,7.0,17.0,A01
201800003434,0.0,7,0,0.0,2.0,0.0,13.0,B01
201800003435,0.0,33,0,0.0,0.0,1.0,1.0,A01
201800003436,1.0,7,0,0.0,2.0,1.0,9.0,A01
201800003436,2.0,7,0,0.0,2.0,9.0,0.0,B01
201800003437,0.0,7,0,0.0,1.0,3.0,1.0,A01
201800003438,0.0,7,0,13.0,0.0,2.0,0.0,A01
201800003439,0.0,7,0,0.0,1.0,2.0,16.0,A01
201800003440,0.0,13,0,0.0,1.0,5.0,15.0,A01
201800003441,1.0,7,0,2.0,0.0,1.0,14.0,A01
201800003442,1.0,7,0,2.0,0.0,1.0,14.0,A01
201800003443,1.0,7,0,2.0,0.0,1.0,13.0,A01
201800003444,0.0,1,0,0.0,9.0,3.0,13.0,B01
201800003444,0.0,33,0,0.0,9.0,3.0,1.0,A01
201800003445,2.0,33,0,0.0,2.0,1.0,0.0,B01
201800003445,1.0,7,0,2.0,2.0,2.0,1.0,A01
201800003446,1.0,33,0,0.0,2.0,1.0,13.0,B01
201800003446,2.0,7,0,0.0,2.0,1.0,1.0,D01
201800003446,2.0,7,0,0.0,2.0,3.0,1.0,C01
201800003446,2.0,7,0,0.0,2.0,3.0,1.0,A01
201800003447,2.0,33,0,0.0,2.0,2.0,17.0,B01
201800003447,2.0,7,0,0.0,2.0,8.0,15.0,A01
201800003448,0.0,7,0,0.0,0.0,6.0,2.0,A01
201800003448,0.0,10,0,0.0,2.0,2.0,2.0,B01
201800003449,1.0,7,0,0.0,2.0,1.0,1.0,B01
201800003449,2.0,7,0,0.0,2.0,3.0,17.0,A01
201800003450,1.0,7,0,0.0,2.0,8.0,13.0,A01
201800003450,2.0,7,0,3.0,2.0,8.0,1.0,B01
201800003451,1.0,7,0,0.0,2.0,8.0,17.0,B01
201800003451,1.0,7,0,2.0,2.0,2.0,17.0,A01
201800003452,1.0,33,0,0.0,2.0,1.0,1.0,B01
201800003452,2.0,7,0,0.0,2.0,1.0,15.0,A01
201800003453,1.0,7,0,0.0,1.0,2.0,1.0,A01
201800003454,2.0,7,0,0.0,2.0,1.0,15.0,A01
201800003454,1.0,7,0,0.0,2.0,1.0,15.0,B01
201800003455,0.0,7,0,0.0,2.0,1.0,1.0,B01
201800003455,0.0,13,0,0.0,2.0,4.0,9.0,A01
201800003456,0.0,7,0,0.0,1.0,7.0,1.0,A01
201800003457,0.0,2,0,12.0,0.0,1.0,1.0,A01
201800003458,0.0,7,0,0.0,0.0,4.0,23.0,B01
201800003458,0.0,15,0,0.0,2.0,1.0,1.0,A01
201800003459,0.0,2,0,0.0,2.0,1.0,1.0,A01
201800003459,0.0,7,0,0.0,2.0,3.0,15.0,B01
201800003460,1.0,10,0,0.0,2.0,2.0,2.0,A01
201800003460,1.0,1,0,0.0,0.0,4.0,2.0,B01
201800003461,0.0,31,0,0.0,6.0,1.0,1.0,A01
201800003462,2.0,7,0,0.0,2.0,8.0,15.0,A01
201800003462,1.0,31,0,0.0,2.0,1.0,1.0,B01
201800003463,0.0,7,0,2.0,0.0,7.0,1.0,A01
201800003464,0.0,7,0,0.0,2.0,1.0,19.0,A01
201800003464,0.0,7,0,0.0,2.0,8.0,1.0,B01
201800003465,1.0,7,0,0.0,2.0,2.0,1.0,B01
201800003465,0.0,7,0,0.0,2.0,3.0,19.0,A01
201800003465,2.0,7,0,0.0,2.0,2.0,1.0,C01
201800003466,2.0,7,0,2.0,0.0,2.0,13.0,A01
201800003467,2.0,7,0,0.0,2.0,1.0,13.0,B01
201800003467,1.0,7,0,0.0,2.0,3.0,1.0,C01
201800003467,1.0,7,0,0.0,2.0,1.0,1.0,A01
201800003468,2.0,7,0,0.0,2.0,2.0,14.0,A01
201800003468,2.0,1,0,0.0,0.0,4.0,1.0,B01
201800003469,2.0,3,0,8.0,2.0,3.0,11.0,A01
201800003469,2.0,7,0,0.0,2.0,9.0,1.0,B01
201800003470,1.0,7,0,13.0,0.0,9.0,0.0,A01
201800003471,2.0,7,0,8.0,0.0,1.0,14.0,A01
201800003472,0.0,7,0,0.0,2.0,5.0,15.0,A01
201800003472,0.0,33,0,0.0,2.0,1.0,1.0,B01
201800003473,0.0,7,0,13.0,0.0,1.0,1.0,A01
201800003474,0.0,7,0,0.0,2.0,2.0,15.0,B01
201800003474,0.0,33,0,0.0,2.0,1.0,1.0,A01
201800003475,0.0,7,0,7.0,0.0,1.0,2.0,A01
201800003476,1.0,7,0,1.0,0.0,3.0,1.0,B01
201800003476,1.0,10,0,0.0,2.0,1.0,1.0,C01
201800003476,1.0,13,0,0.0,0.0,4.0,23.0,A01
201800003477,0.0,7,0,0.0,0.0,4.0,2.0,B01
201800003477,0.0,7,0,0.0,0.0,1.0,2.0,A01
201800003478,0.0,7,0,13.0,0.0,9.0,16.0,A01
201800003479,0.0,33,0,7.0,0.0,1.0,1.0,A01
201800003480,0.0,7,0,13.0,9.0,2.0,1.0,A01
201800003481,1.0,7,0,0.0,2.0,1.0,1.0,A01
201800003481,0.0,99,0,0.0,2.0,7.0,1.0,B01
201800003482,1.0,33,0,0.0,2.0,1.0,17.0,B01
201800003482,1.0,7,0,0.0,2.0,3.0,15.0,A01
201800003483,0.0,1,0,0.0,2.0,1.0,9.0,B01
201800003483,0.0,7,0,0.0,2.0,6.0,9.0,A01
201800003484,0.0,32,0,11.0,0.0,3.0,17.0,A01
201800003485,1.0,1,0,0.0,2.0,1.0,1.0,B01
201800003485,1.0,7,0,0.0,9.0,7.0,1.0,A01
201800003486,0.0,7,0,2.0,0.0,1.0,1.0,B01
201800003486,0.0,7,0,0.0,0.0,1.0,15.0,A01
201800003487,0.0,7,0,0.0,2.0,2.0,15.0,A01
201800003487,0.0,33,0,0.0,2.0,1.0,1.0,B01
201800003488,1.0,2,0,0.0,2.0,1.0,1.0,A01
201800003488,1.0,7,0,0.0,0.0,5.0,1.0,B01
201800003489,1.0,7,0,0.0,2.0,8.0,13.0,B01
201800003489,1.0,2,0,0.0,2.0,1.0,17.0,A01
201800003490,1.0,7,0,0.0,2.0,1.0,1.0,B01
201800003490,2.0,7,0,0.0,0.0,8.0,10.0,A01
201800003491,2.0,7,0,0.0,2.0,3.0,1.0,B01
201800003491,1.0,7,0,0.0,2.0,3.0,13.0,A01
201800003492,0.0,33,0,0.0,0.0,7.0,1.0,A01
201800003493,1.0,7,0,5.0,0.0,1.0,1.0,A01
201800003494,1.0,7,0,13.0,0.0,1.0,13.0,A01
201800003495,0.0,7,0,13.0,0.0,1.0,1.0,A01
201800003496,0.0,7,0,0.0,2.0,1.0,1.0,B01
201800003496,0.0,7,0,0.0,0.0,8.0,15.0,A01
201800003497,1.0,14,0,0.0,0.0,4.0,2.0,B01
201800003497,1.0,17,0,0.0,2.0,1.0,2.0,A01
201800003498,0.0,10,0,13.0,0.0,1.0,1.0,A01
201800003499,2.0,7,0,0.0,2.0,8.0,1.0,B01
201800003499,1.0,7,0,0.0,2.0,8.0,1.0,A01
201800003500,0.0,7,0,13.0,0.0,3.0,1.0,A01
201800003501,0.0,1,0,0.0,2.0,1.0,16.0,A01
201800003501,0.0,7,0,0.0,9.0,8.0,15.0,B01
201800003502,1.0,7,0,0.0,2.0,1.0,19.0,A01
201800003502,1.0,7,0,0.0,2.0,7.0,1.0,B01
201800003503,1.0,7,0,0.0,2.0,4.0,2.0,B01
201800003503,1.0,16,0,0.0,2.0,1.0,2.0,A01
201800003504,1.0,7,0,0.0,2.0,2.0,1.0,A01
201800003504,2.0,7,0,0.0,2.0,2.0,1.0,B01
201800003504,2.0,7,0,0.0,2.0,1.0,1.0,C01
201800003505,0.0,7,0,1.0,0.0,1.0,0.0,A01
201800003505,0.0,7,0,0.0,0.0,6.0,24.0,B01
201800003506,1.0,7,0,0.0,2.0,1.0,1.0,B01
201800003506,1.0,7,0,0.0,2.0,8.0,13.0,A01
201800003507,1.0,13,0,0.0,0.0,7.0,1.0,B01
201800003507,0.0,7,0,0.0,2.0,1.0,19.0,A01
201800003508,2.0,7,0,0.0,0.0,1.0,1.0,A01
201800003509,0.0,3,0,8.0,0.0,2.0,1.0,A01
201800003510,2.0,7,0,6.0,0.0,1.0,1.0,A01
201800003511,0.0,7,0,0.0,1.0,1.0,1.0,A01
201800003512,2.0,7,0,2.0,0.0,2.0,1.0,A01
201800003513,0.0,7,0,2.0,0.0,2.0,1.0,A01
201800003514,0.0,7,0,0.0,2.0,3.0,1.0,A01
201800003514,0.0,7,0,0.0,2.0,3.0,13.0,B01
201800003515,1.0,7,0,0.0,0.0,4.0,0.0,B01
201800003515,1.0,7,0,0.0,2.0,1.0,1.0,A01
201800003516,2.0,10,0,0.0,2.0,1.0,1.0,A01
201800003516,2.0,31,0,0.0,2.0,4.0,1.0,B01
201800003517,1.0,7,0,0.0,2.0,2.0,1.0,B01
201800003517,0.0,7,0,0.0,2.0,3.0,19.0,A01
201800003518,2.0,7,0,0.0,2.0,1.0,0.0,A01
201800003518,1.0,7,0,0.0,2.0,1.0,0.0,C01
201800003518,1.0,7,0,0.0,2.0,9.0,1.0,B01
201800003519,0.0,33,0,0.0,2.0,1.0,1.0,B01
201800003519,0.0,7,0,0.0,2.0,2.0,15.0,A01
201800003520,0.0,7,0,0.0,2.0,8.0,13.0,B01
201800003520,0.0,7,0,0.0,2.0,8.0,1.0,A01
201800003521,2.0,7,0,2.0,0.0,3.0,1.0,A01
201800003522,0.0,7,0,0.0,1.0,0.0,20.0,A01
201800003523,1.0,7,0,0.0,2.0,1.0,13.0,A01
201800003523,2.0,7,0,0.0,2.0,1.0,1.0,B01
201800003524,2.0,7,0,0.0,2.0,1.0,13.0,A01
201800003524,1.0,7,0,0.0,2.0,1.0,1.0,B01
201800003525,2.0,33,0,0.0,2.0,1.0,0.0,A01
201800003525,2.0,7,0,0.0,0.0,8.0,15.0,B01
201800003526,2.0,33,0,0.0,2.0,7.0,1.0,A01
201800003526,1.0,7,0,0.0,2.0,1.0,1.0,B01
201800003527,2.0,10,0,0.0,2.0,1.0,1.0,B01
201800003527,1.0,10,0,0.0,2.0,1.0,13.0,A01
201800003528,1.0,7,0,0.0,9.0,3.0,1.0,B01
201800003528,2.0,1,0,0.0,2.0,1.0,5.0,A01
201800003529,1.0,7,0,0.0,9.0,3.0,1.0,A01
201800003529,2.0,33,0,0.0,2.0,1.0,13.0,B01
201800003530,1.0,3,0,2.0,0.0,0.0,2.0,A01
201800003531,0.0,7,0,7.0,0.0,1.0,1.0,A01
201800003532,2.0,2,0,14.0,0.0,1.0,1.0,A01
201800003533,1.0,15,0,0.0,2.0,3.0,1.0,B01
201800003533,2.0,1,0,0.0,2.0,1.0,13.0,A01
201800003534,1.0,33,0,0.0,0.0,0.0,1.0,A01
201800003535,1.0,7,0,0.0,0.0,7.0,14.0,A01
201800003536,1.0,33,0,6.0,0.0,0.0,0.0,A01
201800003537,1.0,33,0,0.0,2.0,1.0,13.0,A01
201800003537,2.0,7,0,0.0,2.0,3.0,15.0,B01
201800003538,1.0,99,0,0.0,2.0,1.0,10.0,A01
201800003538,1.0,33,0,0.0,2.0,1.0,13.0,B01
201800003539,1.0,32,0,0.0,2.0,1.0,1.0,B01
201800003539,2.0,32,0,0.0,2.0,1.0,13.0,A01
201800003540,0.0,7,0,7.0,2.0,2.0,15.0,A01
201800003540,0.0,33,0,0.0,0.0,8.0,16.0,B01
201800003541,1.0,33,0,0.0,0.0,0.0,1.0,A01
201800003542,2.0,10,0,0.0,2.0,3.0,15.0,A01
201800003542,2.0,33,0,0.0,2.0,1.0,1.0,B01
201800003543,2.0,33,0,5.0,0.0,8.0,16.0,A01
201800003544,2.0,7,0,0.0,2.0,1.0,1.0,B01
201800003544,1.0,7,0,0.0,2.0,1.0,17.0,A01
201800003545,0.0,10,0,0.0,1.0,6.0,4.0,A01
201800003546,1.0,34,0,0.0,0.0,7.0,1.0,A01
201800003547,2.0,2,0,0.0,0.0,0.0,1.0,A01
201800003548,1.0,33,0,0.0,2.0,3.0,1.0,B01
201800003548,2.0,7,0,0.0,2.0,3.0,13.0,A01
201800003549,0.0,7,0,0.0,2.0,2.0,1.0,B01
201800003549,0.0,33,0,0.0,2.0,1.0,1.0,A01
201800003550,2.0,7,0,13.0,0.0,1.0,1.0,A01
201800003551,0.0,1,0,0.0,2.0,2.0,1.0,B01
201800003551,0.0,7,0,0.0,9.0,2.0,15.0,A01
201800003552,0.0,7,0,15.0,1.0,7.0,1.0,B01
201800003552,0.0,10,0,0.0,2.0,1.0,15.0,A01
201800003553,0.0,7,0,0.0,1.0,1.0,1.0,A01
201800003554,0.0,7,0,0.0,1.0,2.0,17.0,A01
201800003555,0.0,2,0,0.0,2.0,5.0,16.0,B01
201800003555,0.0,7,0,0.0,2.0,1.0,1.0,A01
201800003556,1.0,7,0,0.0,2.0,1.0,1.0,A01
201800003556,2.0,7,0,0.0,2.0,1.0,13.0,B01
201800003557,1.0,10,0,0.0,1.0,1.0,2.0,A01
201800003558,1.0,2,0,3.0,0.0,0.0,0.0,A01
201800003559,1.0,7,0,2.0,2.0,2.0,17.0,B01
201800003559,1.0,7,0,0.0,0.0,8.0,1.0,A01
201800003560,2.0,7,0,0.0,2.0,1.0,13.0,B01
201800003560,1.0,7,0,0.0,2.0,1.0,1.0,A01
201800003561,1.0,33,0,0.0,0.0,7.0,21.0,A01
201800003562,0.0,7,0,0.0,2.0,2.0,1.0,A01
201800003562,0.0,1,0,0.0,2.0,1.0,19.0,B01
201800003563,1.0,34,0,0.0,2.0,1.0,1.0,B01
201800003563,2.0,7,0,0.0,2.0,2.0,15.0,A01
201800003564,1.0,33,0,0.0,2.0,7.0,2.0,A01
201800003564,2.0,7,0,0.0,2.0,6.0,1.0,B01
201800003565,1.0,31,0,0.0,2.0,1.0,0.0,A01
201800003565,2.0,7,0,0.0,0.0,3.0,23.0,B01
201800003566,1.0,33,0,13.0,0.0,0.0,1.0,A01
201800003567,0.0,33,0,12.0,0.0,1.0,1.0,A01
201800003568,1.0,7,0,0.0,9.0,3.0,15.0,A01
201800003568,2.0,1,0,0.0,2.0,4.0,1.0,B01
201800003569,0.0,7,0,0.0,1.0,6.0,4.0,A01
201800003570,0.0,34,0,0.0,2.0,1.0,0.0,B01
201800003570,0.0,7,0,0.0,2.0,4.0,1.0,A01
201800003571,1.0,7,0,0.0,2.0,1.0,13.0,A01
201800003571,2.0,7,0,0.0,2.0,1.0,1.0,B01
201800003571,1.0,7,0,0.0,2.0,1.0,1.0,C01
201800003572,1.0,33,0,2.0,0.0,1.0,1.0,A01
201800003573,1.0,7,0,0.0,2.0,3.0,1.0,A01
201800003573,1.0,33,0,0.0,2.0,1.0,17.0,B01
201800003574,2.0,2,0,0.0,2.0,1.0,17.0,B01
201800003574,2.0,7,0,0.0,2.0,8.0,17.0,A01
201800003575,1.0,7,0,0.0,0.0,4.0,15.0,B01
201800003575,1.0,7,0,0.0,2.0,1.0,2.0,A01
201800003576,2.0,7,0,0.0,2.0,1.0,1.0,B01
201800003576,2.0,7,0,14.0,2.0,1.0,1.0,C01
201800003576,2.0,7,0,0.0,2.0,8.0,15.0,A01
201800003577,1.0,7,0,0.0,2.0,1.0,0.0,A01
201800003577,2.0,7,0,0.0,2.0,1.0,1.0,B01
201800003578,1.0,7,0,0.0,2.0,3.0,19.0,B01
201800003578,2.0,33,0,0.0,2.0,1.0,1.0,A01
201800003579,2.0,7,0,0.0,2.0,3.0,1.0,B01
201800003579,1.0,7,0,0.0,2.0,3.0,0.0,A01
201800003580,0.0,7,0,2.0,0.0,1.0,0.0,A01
201800003581,0.0,7,0,0.0,2.0,1.0,1.0,B01
201800003581,0.0,7,0,0.0,2.0,1.0,13.0,A01
201800003582,0.0,33,0,0.0,2.0,1.0,1.0,A01
201800003582,0.0,7,0,0.0,2.0,3.0,9.0,B01
201800003583,0.0,7,0,0.0,2.0,1.0,1.0,A01
201800003583,0.0,7,0,0.0,2.0,6.0,19.0,B01
201800003584,0.0,7,0,0.0,2.0,3.0,1.0,B01
201800003584,0.0,7,0,0.0,2.0,1.0,1.0,A01
201800003585,1.0,33,0,0.0,2.0,3.0,1.0,A01
201800003585,2.0,7,0,0.0,2.0,2.0,0.0,B01
201800003586,0.0,36,0,2.0,0.0,1.0,21.0,A01
201800003587,1.0,7,0,0.0,2.0,3.0,15.0,B01
201800003587,1.0,7,0,13.0,2.0,2.0,17.0,A01
201800003588,2.0,35,0,0.0,0.0,9.0,21.0,A01
201800003589,0.0,7,0,1.0,0.0,1.0,0.0,A01
201800003589,0.0,7,0,0.0,2.0,4.0,23.0,B01
201800003590,2.0,36,0,15.0,0.0,1.0,1.0,A01
201800003591,0.0,2,0,0.0,1.0,0.0,1.0,A01
201800003592,2.0,10,0,0.0,2.0,2.0,15.0,A01
201800003592,1.0,33,0,0.0,2.0,1.0,1.0,B01
201800003593,0.0,39,1,0.0,2.0,3.0,1.0,B01
201800003593,0.0,7,0,0.0,4.0,6.0,1.0,A01
201800003594,0.0,7,0,0.0,2.0,2.0,1.0,C01
201800003594,0.0,10,0,0.0,2.0,5.0,1.0,B01
201800003594,0.0,14,0,0.0,0.0,5.0,15.0,D01
201800003594,0.0,10,0,0.0,2.0,1.0,2.0,A01
201800003595,1.0,7,0,6.0,2.0,3.0,23.0,C01
201800003595,1.0,7,0,6.0,2.0,1.0,1.0,B01
201800003595,0.0,7,0,0.0,2.0,1.0,1.0,A01
201800003596,2.0,7,0,0.0,1.0,1.0,1.0,A01
201800003597,0.0,7,0,0.0,2.0,3.0,15.0,A01
201800003597,0.0,7,0,0.0,2.0,1.0,1.0,B01
201800003598,1.0,7,0,13.0,0.0,2.0,1.0,A01
201800003599,2.0,7,0,0.0,2.0,2.0,15.0,A01
201800003599,1.0,7,0,0.0,2.0,3.0,1.0,B01
201800003600,0.0,7,0,8.0,0.0,1.0,6.0,A01
201800003601,2.0,7,0,0.0,2.0,7.0,1.0,B01
201800003601,1.0,7,0,0.0,2.0,1.0,9.0,A01
201800003602,2.0,7,0,0.0,2.0,3.0,9.0,A01
201800003602,2.0,33,0,0.0,2.0,1.0,1.0,B01
201800003603,0.0,7,0,0.0,2.0,1.0,17.0,A01
201800003603,0.0,7,0,9.0,0.0,8.0,15.0,B01
201800003604,1.0,7,0,0.0,0.0,4.0,23.0,B01
201800003604,1.0,7,0,0.0,0.0,4.0,23.0,C01
201800003604,1.0,7,0,0.0,0.0,1.0,2.0,A01
201800003605,1.0,1,0,0.0,2.0,4.0,1.0,B01
201800003605,1.0,7,0,0.0,9.0,3.0,9.0,A01
201800003606,0.0,33,0,8.0,0.0,1.0,13.0,A01
201800003607,1.0,7,0,0.0,0.0,0.0,1.0,A01
201800003608,2.0,7,0,0.0,2.0,8.0,15.0,A01
201800003608,2.0,33,0,0.0,2.0,1.0,17.0,C01
201800003608,2.0,33,0,0.0,2.0,2.0,17.0,B01
201800003609,2.0,7,0,0.0,9.0,5.0,15.0,A01
201800003609,2.0,1,0,0.0,2.0,1.0,1.0,B01
201800003610,2.0,7,0,0.0,2.0,1.0,0.0,A01
201800003610,1.0,13,0,0.0,2.0,3.0,0.0,B01
201800003611,0.0,1,0,0.0,0.0,0.0,1.0,A01
201800003612,0.0,7,0,6.0,0.0,7.0,1.0,A01
201800003613,1.0,7,0,0.0,0.0,6.0,24.0,B01
201800003613,0.0,7,0,1.0,1.0,2.0,14.0,A01
201800003614,2.0,7,0,0.0,2.0,8.0,21.0,B01
201800003614,2.0,7,0,0.0,2.0,1.0,0.0,C01
201800003614,1.0,7,0,0.0,2.0,1.0,19.0,A01
201800003615,1.0,2,0,0.0,0.0,7.0,1.0,A01
201800003616,1.0,7,0,0.0,2.0,1.0,1.0,B01
201800003616,2.0,36,0,0.0,2.0,7.0,6.0,A01
201800003617,0.0,7,0,0.0,1.0,8.0,20.0,A01
201800003618,1.0,7,0,0.0,2.0,9.0,13.0,A01
201800003618,2.0,10,0,0.0,2.0,1.0,1.0,B01
201800003619,1.0,10,0,13.0,0.0,9.0,0.0,A01
201800003620,2.0,7,0,0.0,1.0,3.0,1.0,A01
201800003621,1.0,7,0,0.0,2.0,1.0,1.0,A01
201800003621,2.0,7,0,0.0,2.0,1.0,1.0,B01
201800003622,1.0,7,0,0.0,1.0,2.0,1.0,A01
201800003623,1.0,7,0,13.0,0.0,1.0,1.0,A01
201800003624,2.0,33,0,0.0,0.0,6.0,23.0,B01
201800003624,2.0,33,0,1.0,0.0,1.0,2.0,A01
201800003624,2.0,33,0,0.0,0.0,6.0,23.0,C01
201800003624,2.0,33,0,0.0,0.0,4.0,23.0,D01
201800003625,1.0,7,0,2.0,0.0,3.0,1.0,A01
201800003626,2.0,33,0,0.0,0.0,3.0,1.0,A01
201800003627,2.0,33,0,5.0,2.0,1.0,1.0,A01
201800003627,1.0,33,0,0.0,2.0,3.0,1.0,B01
201800003628,1.0,33,0,0.0,0.0,3.0,1.0,A01
201800003629,1.0,33,0,0.0,2.0,1.0,1.0,A01
201800003629,1.0,7,0,0.0,2.0,4.0,16.0,B01
201800003630,1.0,33,0,0.0,0.0,7.0,1.0,A01
201800003631,1.0,34,0,3.0,0.0,1.0,1.0,A01
201800003632,2.0,33,0,3.0,0.0,2.0,1.0,A01
201800003633,2.0,33,0,13.0,0.0,3.0,1.0,A01
201800003634,1.0,33,0,0.0,0.0,0.0,0.0,A01
201800003635,1.0,33,0,13.0,0.0,1.0,1.0,A01
201800003636,1.0,33,0,13.0,0.0,2.0,1.0,A01
201800003637,1.0,33,0,3.0,0.0,2.0,1.0,A01
201800003638,1.0,33,0,3.0,0.0,1.0,17.0,A01
201800003639,1.0,33,0,16.0,0.0,7.0,1.0,A01
201800003640,0.0,10,0,0.0,1.0,4.0,20.0,A01
201800003641,1.0,33,0,0.0,2.0,3.0,1.0,B01
201800003641,2.0,38,1,0.0,2.0,3.0,13.0,A01
201800003642,2.0,7,0,2.0,0.0,3.0,21.0,A01
201800003643,1.0,33,0,0.0,0.0,8.0,1.0,A01
201800003644,2.0,33,0,0.0,2.0,3.0,13.0,A01
201800003644,1.0,7,0,0.0,2.0,3.0,13.0,B01
201800003645,1.0,7,0,2.0,0.0,1.0,1.0,A01
201800003646,2.0,7,0,0.0,2.0,1.0,1.0,A01
201800003646,2.0,7,0,0.0,2.0,2.0,1.0,B01
201800003647,1.0,33,0,3.0,0.0,1.0,1.0,A01
201800003648,1.0,7,0,4.0,0.0,2.0,1.0,A01
201800003649,1.0,34,0,2.0,0.0,1.0,1.0,A01
201800003650,2.0,33,0,13.0,0.0,1.0,1.0,A01
201800003651,2.0,33,0,13.0,0.0,2.0,17.0,B01
201800003651,2.0,7,0,0.0,0.0,0.0,17.0,A01
201800003652,0.0,7,0,2.0,0.0,2.0,1.0,A01
201800003653,0.0,7,0,10.0,0.0,1.0,1.0,A01
201800003654,1.0,10,0,0.0,2.0,3.0,13.0,A01
201800003654,2.0,7,0,0.0,2.0,6.0,1.0,B01
201800003655,2.0,7,0,7.0,0.0,2.0,1.0,A01
201800003656,2.0,2,0,0.0,2.0,1.0,1.0,B01
201800003656,0.0,7,0,0.0,2.0,3.0,16.0,A01
201800003657,1.0,38,10,0.0,2.0,1.0,19.0,B01
201800003657,0.0,10,0,0.0,2.0,3.0,1.0,A01
201800003658,1.0,10,0,0.0,2.0,2.0,13.0,A01
201800003658,2.0,7,0,0.0,2.0,2.0,1.0,B01
201800003659,1.0,7,0,3.0,0.0,1.0,0.0,A01
201800003660,2.0,33,0,0.0,2.0,5.0,1.0,B01
201800003660,0.0,7,0,0.0,2.0,3.0,19.0,A01
201800003661,2.0,33,0,4.0,2.0,7.0,0.0,A01
201800003661,1.0,7,0,0.0,2.0,2.0,2.0,B01
201800003662,1.0,7,0,8.0,0.0,1.0,1.0,A01
201800003663,2.0,7,0,0.0,1.0,1.0,1.0,A01
201800003664,1.0,7,0,7.0,0.0,8.0,1.0,A01
201800003665,2.0,7,0,0.0,1.0,7.0,1.0,A01
201800003666,1.0,33,0,0.0,0.0,2.0,23.0,A01
201800003667,1.0,7,0,0.0,2.0,7.0,17.0,A01
201800003667,1.0,7,0,0.0,2.0,8.0,15.0,B01
201800003668,1.0,33,0,3.0,0.0,1.0,16.0,A01
201800003669,2.0,33,0,13.0,0.0,8.0,1.0,A01
201800003670,1.0,33,0,0.0,1.0,7.0,0.0,A01
201800003671,1.0,7,0,13.0,0.0,3.0,13.0,A01
201800003672,1.0,7,0,0.0,2.0,3.0,1.0,A01
201800003672,2.0,38,4,0.0,2.0,3.0,1.0,B01
201800003673,1.0,7,0,0.0,9.0,1.0,13.0,A01
201800003673,2.0,1,0,0.0,2.0,1.0,0.0,B01
201800003674,2.0,7,0,0.0,2.0,3.0,9.0,A01
201800003674,2.0,7,0,0.0,2.0,3.0,1.0,B01
201800003675,2.0,7,0,3.0,0.0,8.0,13.0,A01
201800003675,1.0,7,0,0.0,0.0,3.0,1.0,B01
201800003676,1.0,7,0,0.0,0.0,0.0,9.0,A01
201800003676,1.0,2,0,0.0,0.0,0.0,13.0,B01
201800003677,1.0,7,0,0.0,2.0,2.0,9.0,A01
201800003677,1.0,33,0,3.0,2.0,3.0,1.0,B01
201800003678,1.0,7,0,0.0,2.0,3.0,17.0,A01
201800003678,2.0,33,0,7.0,2.0,3.0,1.0,B01
201800003679,1.0,34,0,0.0,2.0,1.0,13.0,A01
201800003679,2.0,7,0,0.0,2.0,3.0,1.0,B01
201800003680,1.0,33,0,0.0,2.0,3.0,13.0,A01
201800003680,2.0,7,0,0.0,2.0,3.0,1.0,B01
201800003681,1.0,33,0,0.0,0.0,0.0,1.0,A01
201800003682,2.0,1,0,0.0,2.0,1.0,1.0,A01
201800003682,1.0,7,0,0.0,9.0,3.0,15.0,B01
201800003683,1.0,7,0,0.0,2.0,3.0,1.0,A01
201800003683,2.0,7,0,0.0,2.0,1.0,13.0,B01
201800003684,2.0,7,0,0.0,2.0,1.0,1.0,A01
201800003684,1.0,10,0,0.0,2.0,3.0,1.0,B01
201800003685,2.0,33,0,0.0,2.0,1.0,13.0,A01
201800003685,1.0,10,0,0.0,2.0,2.0,1.0,B01