Num_Acc,senc,catv,occutc,obs,obsm,choc,manv,num_veh
201800003686,1.0,33,0,0.0,0.0,5.0,1.0,A01
201800003686,1.0,33,0,13.0,2.0,3.0,21.0,B01
201800003687,2.0,7,0,0.0,2.0,7.0,19.0,A01
201800003687,1.0,1,0,0.0,2.0,1.0,1.0,B01
201800003688,2.0,1,0,0.0,2.0,1.0,16.0,A01
201800003688,1.0,7,0,0.0,9.0,8.0,1.0,B01
201800003689,1.0,7,0,0.0,2.0,3.0,1.0,A01
201800003689,2.0,7,0,0.0,2.0,1.0,1.0,B01
201800003690,1.0,33,0,0.0,2.0,1.0,1.0,A01
201800003690,1.0,7,0,0.0,0.0,3.0,13.0,B01
201800003691,1.0,7,0,4.0,2.0,3.0,1.0,A01
201800003691,2.0,7,0,2.0,2.0,1.0,13.0,B01
201800003692,2.0,7,0,0.0,2.0,2.0,1.0,A01
201800003692,1.0,33,0,0.0,2.0,1.0,13.0,B01
201800003693,1.0,7,0,13.0,0.0,3.0,1.0,A01
201800003694,2.0,7,0,4.0,0.0,1.0,14.0,A01
201800003695,2.0,7,0,0.0,2.0,1.0,1.0,A01
201800003695,1.0,7,0,4.0,2.0,6.0,1.0,B01
201800003696,1.0,33,0,13.0,0.0,3.0,1.0,A01
201800003697,1.0,7,0,8.0,0.0,1.0,1.0,A01
201800003698,1.0,33,0,0.0,2.0,0.0,5.0,A01
201800003698,2.0,13,0,0.0,2.0,8.0,1.0,B01
201800003699,2.0,7,0,6.0,0.0,2.0,1.0,A01
201800003700,1.0,7,0,0.0,1.0,1.0,1.0,A01
201800003701,2.0,7,0,1.0,1.0,2.0,1.0,A01
201800003702,1.0,7,0,2.0,0.0,1.0,1.0,A01
201800003703,2.0,33,0,12.0,0.0,7.0,1.0,A01
201800003704,1.0,7,0,15.0,0.0,2.0,1.0,A01
201800003705,2.0,7,0,13.0,0.0,9.0,1.0,A01
201800003706,0.0,1,0,0.0,0.0,0.0,0.0,A01
201800003707,1.0,7,0,0.0,2.0,1.0,13.0,A01
201800003707,2.0,7,0,0.0,2.0,1.0,1.0,B01
201800003708,1.0,2,0,1.0,0.0,2.0,1.0,A01
201800003709,0.0,2,0,1.0,0.0,0.0,0.0,A01
201800003710,0.0,7,0,0.0,2.0,3.0,1.0,A01
201800003710,0.0,2,0,0.0,2.0,1.0,13.0,B01
201800003711,2.0,7,0,13.0,0.0,0.0,1.0,A01
201800003712,1.0,33,0,2.0,0.0,1.0,17.0,A01
201800003713,1.0,7,0,0.0,0.0,0.0,1.0,A01
201800003714,0.0,33,0,10.0,0.0,9.0,1.0,A01
201800003715,2.0,33,0,0.0,2.0,1.0,1.0,A01
201800003715,1.0,7,0,0.0,2.0,8.0,15.0,B01
201800003716,2.0,7,0,0.0,0.0,5.0,23.0,A01
201800003716,2.0,33,0,0.0,0.0,3.0,2.0,B01
201800003717,2.0,7,0,13.0,0.0,1.0,1.0,A01
201800003718,0.0,33,0,0.0,0.0,0.0,0.0,A01
201800003719,0.0,33,0,0.0,2.0,3.0,21.0,A01
201800003719,0.0,33,0,0.0,0.0,5.0,1.0,B01
201800003720,0.0,7,0,0.0,9.0,3.0,22.0,A01
201800003720,2.0,1,0,1.0,0.0,1.0,2.0,B01
201800003721,0.0,7,0,0.0,2.0,3.0,9.0,A01
201800003721,0.0,33,0,0.0,2.0,2.0,1.0,B01
201800003722,1.0,7,0,0.0,0.0,6.0,17.0,A01
201800003722,1.0,33,0,0.0,2.0,2.0,17.0,B01
201800003723,0.0,10,0,0.0,2.0,3.0,4.0,A01
201800003723,1.0,2,0,0.0,2.0,1.0,1.0,B01
201800003724,0.0,7,0,2.0,0.0,3.0,13.0,A01
201800003725,2.0,7,0,0.0,2.0,3.0,15.0,A01
201800003725,1.0,1,0,0.0,2.0,8.0,1.0,B01
201800003726,0.0,34,0,0.0,0.0,5.0,1.0,A01
201800003726,1.0,7,0,0.0,0.0,5.0,15.0,B01
201800003727,2.0,1,0,0.0,0.0,1.0,2.0,A01
201800003727,2.0,1,0,0.0,0.0,1.0,2.0,B01
201800003727,2.0,1,0,0.0,0.0,0.0,2.0,C01
201800003728,2.0,33,0,13.0,2.0,0.0,17.0,A01
201800003728,1.0,7,0,13.0,2.0,1.0,21.0,B01
201800003729,0.0,1,0,13.0,0.0,0.0,1.0,A01
201800003730,0.0,7,0,0.0,1.0,2.0,2.0,A01
201800003731,1.0,33,0,0.0,2.0,1.0,5.0,A01
201800003731,2.0,7,0,0.0,2.0,1.0,1.0,B01
201800003732,2.0,1,0,13.0,0.0,7.0,1.0,A01
201800003733,0.0,10,0,0.0,9.0,1.0,6.0,A01
201800003733,0.0,1,0,0.0,2.0,1.0,1.0,B01
201800003734,2.0,33,0,0.0,0.0,7.0,1.0,A01
201800003735,2.0,1,0,4.0,0.0,1.0,16.0,A01
201800003736,1.0,7,0,0.0,2.0,3.0,1.0,A01
201800003736,2.0,7,0,0.0,2.0,3.0,13.0,B01
201800003737,1.0,33,0,3.0,9.0,7.0,1.0,A01
201800003738,0.0,10,0,4.0,0.0,2.0,1.0,A01
201800003739,1.0,7,0,0.0,2.0,8.0,1.0,A01
201800003739,1.0,33,0,0.0,2.0,2.0,1.0,B01
201800003740,1.0,10,0,0.0,2.0,3.0,1.0,A01
201800003740,1.0,7,0,3.0,0.0,5.0,16.0,B01
201800003741,0.0,1,0,0.0,0.0,0.0,0.0,A01
201800003742,2.0,7,0,2.0,0.0,1.0,1.0,A01
201800003743,2.0,7,0,0.0,2.0,1.0,17.0,A01
201800003743,1.0,7,0,0.0,2.0,1.0,1.0,B01
201800003743,1.0,7,0,0.0,2.0,1.0,1.0,C01
201800003744,2.0,33,0,0.0,2.0,1.0,2.0,B01
201800003744,2.0,7,0,0.0,0.0,5.0,16.0,A01
201800003745,1.0,10,0,0.0,0.0,4.0,2.0,B01
201800003745,1.0,2,0,0.0,2.0,1.0,2.0,A01
201800003746,2.0,7,0,0.0,2.0,1.0,9.0,A01
201800003746,2.0,30,0,0.0,0.0,7.0,1.0,B01
201800003747,2.0,7,0,0.0,0.0,5.0,2.0,B01
201800003747,2.0,2,0,6.0,2.0,1.0,2.0,A01
201800003748,2.0,2,0,0.0,2.0,1.0,17.0,B01
201800003748,2.0,7,0,0.0,2.0,3.0,1.0,A01
201800003749,2.0,7,0,4.0,0.0,1.0,1.0,A01
201800003750,1.0,34,0,8.0,0.0,1.0,13.0,A01
201800003751,1.0,7,0,3.0,0.0,1.0,0.0,A01
201800003752,2.0,7,0,0.0,2.0,3.0,1.0,B01
201800003752,1.0,31,0,0.0,2.0,1.0,5.0,A01
201800003753,2.0,7,0,3.0,0.0,7.0,1.0,A01
201800003754,1.0,33,0,5.0,0.0,3.0,1.0,A01
201800003755,1.0,33,0,0.0,0.0,8.0,14.0,A01
201800003756,1.0,33,0,0.0,0.0,1.0,14.0,A01
201800003757,1.0,7,0,0.0,0.0,0.0,0.0,A01
201800003758,1.0,7,0,2.0,0.0,1.0,13.0,A01
201800003759,2.0,33,0,0.0,2.0,1.0,17.0,A01
201800003759,2.0,7,0,0.0,0.0,8.0,15.0,B01
201800003760,2.0,7,0,0.0,2.0,3.0,13.0,A01
201800003760,1.0,33,0,0.0,2.0,1.0,1.0,B01
201800003761,2.0,33,0,0.0,0.0,2.0,1.0,A01
201800003762,1.0,7,0,0.0,2.0,3.0,1.0,B01
201800003762,2.0,7,0,0.0,2.0,3.0,13.0,A01
201800003763,2.0,1,0,14.0,0.0,1.0,2.0,A01
201800003763,2.0,7,0,0.0,0.0,4.0,23.0,B01
201800003764,2.0,7,0,0.0,2.0,3.0,1.0,B01
201800003764,1.0,33,0,0.0,2.0,1.0,13.0,A01
201800003765,0.0,7,0,0.0,1.0,1.0,19.0,A01
201800003766,1.0,7,0,7.0,2.0,1.0,13.0,A01
201800003766,2.0,7,0,0.0,2.0,1.0,13.0,B01
201800003767,1.0,7,0,0.0,1.0,1.0,1.0,A01
201800003768,1.0,7,0,0.0,2.0,3.0,13.0,A01
201800003768,2.0,13,0,0.0,2.0,6.0,1.0,B01
201800003769,1.0,7,0,0.0,0.0,0.0,0.0,A01
201800003770,1.0,7,0,2.0,0.0,1.0,1.0,A01
201800003771,1.0,7,0,0.0,2.0,3.0,15.0,B01
201800003771,2.0,2,0,0.0,2.0,1.0,1.0,A01
201800003772,2.0,7,0,1.0,1.0,1.0,0.0,A01
201800003773,2.0,7,0,0.0,2.0,1.0,1.0,B01
201800003773,1.0,33,0,0.0,2.0,7.0,15.0,A01
201800003774,0.0,1,0,0.0,2.0,3.0,9.0,B01
201800003774,1.0,7,0,0.0,9.0,7.0,1.0,A01
201800003775,1.0,1,0,0.0,2.0,8.0,19.0,B01
201800003775,2.0,7,0,0.0,9.0,1.0,2.0,A01
201800003776,1.0,34,0,0.0,2.0,1.0,17.0,A01
201800003776,2.0,7,0,0.0,2.0,3.0,23.0,B01
201800003777,1.0,7,0,0.0,2.0,8.0,5.0,B01
201800003777,1.0,7,0,0.0,2.0,3.0,5.0,A01
201800003778,1.0,7,0,0.0,2.0,8.0,10.0,A01
201800003778,1.0,33,0,0.0,2.0,7.0,17.0,B01
201800003779,1.0,7,0,0.0,1.0,3.0,1.0,A01
201800003780,1.0,7,0,0.0,2.0,3.0,13.0,A01
201800003780,2.0,7,0,0.0,2.0,6.0,1.0,B01
201800003781,0.0,7,0,0.0,1.0,2.0,1.0,A01
201800003782,1.0,7,0,6.0,0.0,2.0,1.0,A01
201800003783,2.0,7,0,0.0,0.0,1.0,1.0,B01
201800003783,1.0,7,0,0.0,2.0,1.0,13.0,A01
201800003784,1.0,7,0,0.0,2.0,1.0,5.0,A01
201800003784,2.0,7,0,0.0,0.0,1.0,0.0,B01
201800003785,1.0,21,0,0.0,2.0,8.0,1.0,B01
201800003785,2.0,33,0,0.0,2.0,8.0,1.0,A01
201800003786,1.0,7,0,2.0,0.0,1.0,1.0,A01
201800003787,1.0,33,0,0.0,2.0,1.0,1.0,B01
201800003787,2.0,7,0,0.0,2.0,1.0,15.0,A01
201800003788,2.0,7,0,0.0,0.0,5.0,11.0,B01
201800003788,2.0,7,0,0.0,2.0,3.0,2.0,A01
201800003789,2.0,1,0,0.0,0.0,4.0,2.0,B01
201800003789,2.0,7,0,0.0,2.0,2.0,14.0,A01
201800003790,1.0,14,0,0.0,9.0,2.0,15.0,C01
201800003790,1.0,7,0,0.0,2.0,8.0,1.0,D01
201800003790,2.0,33,0,0.0,2.0,7.0,1.0,A01
201800003790,1.0,7,0,0.0,2.0,5.0,15.0,B01
201800003791,1.0,2,0,0.0,2.0,1.0,15.0,A01
201800003791,2.0,7,0,0.0,2.0,1.0,1.0,B01
201800003792,0.0,7,0,0.0,2.0,3.0,19.0,A01
201800003792,1.0,2,0,0.0,2.0,7.0,1.0,B01
201800003793,2.0,7,0,0.0,2.0,4.0,1.0,A01
201800003793,2.0,7,0,0.0,2.0,1.0,2.0,B01
201800003794,2.0,7,0,3.0,0.0,7.0,14.0,A01
201800003795,1.0,7,0,3.0,2.0,3.0,13.0,B01
201800003795,2.0,33,0,0.0,2.0,1.0,13.0,A01
201800003796,2.0,7,0,0.0,2.0,1.0,13.0,A01
201800003796,1.0,7,0,0.0,2.0,3.0,1.0,B01
201800003797,1.0,33,0,13.0,0.0,1.0,13.0,A01
201800003798,2.0,7,0,8.0,0.0,1.0,14.0,A01
201800003799,1.0,7,0,6.0,0.0,1.0,1.0,A01
201800003800,2.0,15,0,0.0,2.0,3.0,1.0,B01
201800003800,1.0,7,0,0.0,2.0,1.0,13.0,A01
201800003801,2.0,7,0,2.0,0.0,1.0,14.0,A01
201800003802,2.0,33,0,0.0,2.0,1.0,13.0,A01
201800003802,1.0,38,12,0.0,2.0,1.0,1.0,B01
201800003803,2.0,7,0,4.0,0.0,2.0,1.0,A01
201800003804,0.0,10,0,0.0,1.0,3.0,1.0,A01
201800003805,2.0,34,0,0.0,2.0,1.0,1.0,B01
201800003805,2.0,7,0,0.0,2.0,2.0,15.0,A01
201800003806,2.0,10,0,0.0,2.0,1.0,1.0,B01
201800003806,1.0,10,0,0.0,2.0,1.0,5.0,A01
201800003807,1.0,34,0,5.0,0.0,9.0,1.0,A01
201800003808,1.0,7,0,0.0,2.0,1.0,9.0,A01
201800003808,1.0,2,0,0.0,0.0,5.0,19.0,B01
201800003809,1.0,7,0,0.0,2.0,1.0,15.0,A01
201800003809,2.0,33,0,0.0,2.0,1.0,1.0,B01
201800003810,2.0,33,0,0.0,2.0,1.0,2.0,B01
201800003810,2.0,7,0,0.0,0.0,4.0,2.0,A01
201800003811,0.0,33,0,0.0,2.0,9.0,1.0,A01
201800003811,2.0,7,0,0.0,2.0,3.0,15.0,B01
201800003812,1.0,2,0,0.0,2.0,1.0,2.0,A01
201800003812,1.0,7,0,0.0,0.0,4.0,2.0,B01
201800003813,1.0,7,0,0.0,2.0,4.0,1.0,B01
201800003813,1.0,7,0,0.0,2.0,1.0,1.0,A01
201800003814,0.0,7,0,13.0,0.0,0.0,0.0,A01
201800003815,1.0,7,0,2.0,0.0,1.0,1.0,A01
201800003816,0.0,7,0,0.0,2.0,1.0,17.0,B01
201800003816,0.0,7,0,0.0,2.0,3.0,1.0,A01
201800003817,0.0,1,0,0.0,2.0,4.0,2.0,B01
201800003817,0.0,7,0,0.0,2.0,2.0,2.0,A01
201800003818,2.0,33,0,0.0,2.0,1.0,17.0,A01
201800003818,2.0,7,0,0.0,0.0,8.0,15.0,B01
201800003819,0.0,32,0,13.0,0.0,1.0,1.0,A01
201800003820,0.0,34,0,0.0,2.0,8.0,1.0,B01
201800003820,0.0,7,0,0.0,2.0,1.0,15.0,A01
201800003821,0.0,7,0,2.0,0.0,3.0,1.0,A01
201800003822,2.0,7,0,0.0,2.0,1.0,1.0,A01
201800003822,1.0,7,0,0.0,2.0,1.0,1.0,B01
201800003823,1.0,7,0,0.0,0.0,6.0,9.0,A01
201800003823,2.0,1,0,0.0,2.0,7.0,1.0,B01
201800003824,2.0,2,0,0.0,2.0,1.0,1.0,A01
201800003824,2.0,7,0,0.0,2.0,5.0,1.0,B01
201800003825,1.0,7,0,0.0,2.0,5.0,1.0,B01
201800003825,1.0,2,0,12.0,2.0,1.0,1.0,A01
201800003826,1.0,7,0,0.0,2.0,1.0,1.0,B01
201800003826,0.0,7,0,0.0,2.0,9.0,19.0,A01
201800003826,0.0,7,0,0.0,2.0,1.0,23.0,C01
201800003827,0.0,7,0,0.0,1.0,1.0,0.0,A01
201800003828,0.0,7,0,0.0,1.0,3.0,5.0,A01
201800003829,1.0,2,0,0.0,2.0,1.0,1.0,B01
201800003829,0.0,7,0,0.0,2.0,3.0,9.0,A01
201800003830,1.0,2,0,0.0,2.0,1.0,1.0,B01
201800003830,0.0,7,0,0.0,2.0,2.0,19.0,A01
201800003831,2.0,30,0,4.0,0.0,1.0,13.0,A01
201800003832,1.0,7,0,2.0,0.0,1.0,14.0,A01
201800003833,2.0,1,0,0.0,2.0,4.0,2.0,B01
201800003833,2.0,7,0,0.0,9.0,2.0,2.0,A01
201800003834,1.0,10,0,0.0,2.0,1.0,13.0,A01
201800003834,2.0,33,0,0.0,2.0,1.0,1.0,B01
201800003835,1.0,7,0,0.0,2.0,1.0,23.0,D01
201800003835,1.0,33,0,1.0,1.0,1.0,3.0,A01
201800003836,2.0,33,0,0.0,2.0,1.0,17.0,B01
201800003836,2.0,7,0,0.0,2.0,3.0,10.0,A01
201800003837,2.0,7,0,0.0,2.0,8.0,1.0,B01
201800003837,1.0,7,0,0.0,2.0,3.0,13.0,A01
201800003838,1.0,2,0,0.0,2.0,1.0,17.0,A01
201800003838,1.0,10,0,0.0,2.0,6.0,2.0,B01
201800003839,1.0,33,0,0.0,2.0,1.0,17.0,A01
201800003839,1.0,7,0,0.0,2.0,8.0,1.0,B01
201800003840,1.0,32,0,0.0,2.0,1.0,13.0,B01
201800003840,2.0,7,0,0.0,2.0,2.0,1.0,A01
201800003841,1.0,7,0,0.0,2.0,7.0,15.0,A01
201800003841,2.0,33,0,0.0,2.0,1.0,1.0,B01
201800003842,0.0,7,0,0.0,1.0,1.0,15.0,A01
201800003843,1.0,7,0,0.0,2.0,6.0,1.0,B01
201800003843,0.0,33,0,3.0,2.0,2.0,13.0,A01
201800003844,1.0,7,0,0.0,0.0,5.0,1.0,A01
201800003844,1.0,33,0,0.0,2.0,1.0,1.0,B01
201800003845,1.0,7,0,0.0,2.0,1.0,1.0,B01
201800003845,2.0,7,0,0.0,2.0,1.0,13.0,A01
201800003846,1.0,7,0,0.0,0.0,2.0,15.0,A01
201800003846,2.0,33,0,0.0,2.0,1.0,1.0,B01
201800003847,2.0,7,0,0.0,2.0,1.0,1.0,C01
201800003847,2.0,7,0,0.0,2.0,8.0,1.0,B01
201800003847,1.0,7,0,0.0,2.0,1.0,13.0,A01
201800003848,0.0,33,0,7.0,0.0,1.0,0.0,A01
201800003849,1.0,7,0,0.0,2.0,3.0,15.0,A01
201800003849,1.0,33,0,0.0,2.0,1.0,17.0,B01
201800003850,1.0,10,0,0.0,2.0,3.0,15.0,A01
201800003850,2.0,33,0,0.0,2.0,3.0,1.0,B01
201800003851,2.0,30,0,0.0,2.0,1.0,1.0,B01
201800003851,1.0,31,0,0.0,2.0,2.0,15.0,A01
201800003852,0.0,7,0,0.0,2.0,3.0,13.0,A01
201800003852,0.0,7,0,0.0,2.0,3.0,1.0,B01
201800003853,1.0,1,0,0.0,0.0,4.0,1.0,B01
201800003853,1.0,7,0,0.0,2.0,1.0,1.0,A01
201800003854,0.0,7,0,0.0,1.0,1.0,2.0,A01
201800003855,1.0,7,0,0.0,0.0,0.0,1.0,A01
201800003856,2.0,32,0,12.0,0.0,2.0,1.0,A01
201800003857,1.0,7,0,0.0,1.0,2.0,1.0,A01
201800003858,0.0,7,0,0.0,2.0,2.0,1.0,C01
201800003858,1.0,7,0,0.0,2.0,3.0,1.0,A01
201800003858,0.0,7,0,0.0,2.0,7.0,1.0,B01
201800003859,2.0,33,0,0.0,0.0,1.0,14.0,A01
201800003860,1.0,7,0,0.0,2.0,2.0,15.0,A01
201800003860,2.0,32,0,0.0,2.0,1.0,1.0,B01
201800003861,2.0,7,0,0.0,2.0,3.0,1.0,A01
201800003861,1.0,2,0,0.0,2.0,1.0,17.0,B01
201800003862,2.0,1,0,0.0,2.0,3.0,13.0,B01
201800003862,1.0,7,0,0.0,9.0,3.0,1.0,A01
201800003863,1.0,7,0,0.0,2.0,3.0,19.0,A01
201800003863,2.0,31,0,0.0,2.0,1.0,17.0,B01
201800003864,2.0,2,0,10.0,0.0,1.0,1.0,A01
201800003865,1.0,7,0,0.0,2.0,1.0,15.0,A01
201800003865,2.0,33,0,0.0,2.0,1.0,1.0,B01
201800003866,1.0,32,0,14.0,0.0,1.0,1.0,A01
201800003867,1.0,7,0,0.0,2.0,8.0,15.0,B01
201800003867,1.0,31,0,0.0,2.0,7.0,17.0,A01
201800003868,2.0,7,0,0.0,2.0,5.0,15.0,A01
201800003868,1.0,31,0,0.0,2.0,1.0,1.0,B01
201800003869,0.0,33,0,0.0,2.0,1.0,21.0,B01
201800003869,0.0,1,0,0.0,2.0,1.0,23.0,A01
201800003870,0.0,7,0,6.0,0.0,8.0,0.0,A01
201800003871,2.0,17,0,0.0,2.0,1.0,13.0,A01
201800003871,1.0,7,0,0.0,2.0,1.0,1.0,B01
201800003872,2.0,7,0,6.0,0.0,1.0,14.0,A01
201800003873,1.0,33,0,0.0,0.0,0.0,1.0,A01
201800003873,2.0,7,0,0.0,2.0,0.0,1.0,B01
201800003874,1.0,1,0,0.0,0.0,4.0,0.0,B01
201800003874,1.0,7,0,0.0,2.0,2.0,14.0,A01
201800003875,1.0,33,0,0.0,2.0,7.0,2.0,C01
201800003875,2.0,7,0,0.0,2.0,1.0,9.0,A01
201800003875,1.0,33,0,0.0,2.0,1.0,1.0,B01
201800003876,2.0,7,0,2.0,0.0,1.0,0.0,A01
201800003877,1.0,7,0,0.0,2.0,2.0,1.0,B01
201800003877,2.0,2,0,2.0,2.0,1.0,5.0,A01
201800003878,2.0,33,0,2.0,0.0,1.0,17.0,A01
201800003879,1.0,7,0,0.0,2.0,1.0,1.0,B01
201800003879,2.0,33,0,0.0,2.0,7.0,13.0,A01
201800003880,2.0,7,0,0.0,0.0,5.0,15.0,B01
201800003880,2.0,33,0,2.0,2.0,1.0,2.0,A01
201800003881,1.0,1,0,0.0,2.0,3.0,13.0,B01
201800003881,1.0,7,0,13.0,2.0,7.0,17.0,A01
201800003882,2.0,34,0,0.0,2.0,7.0,14.0,A01
201800003882,2.0,33,0,0.0,0.0,8.0,18.0,B01
201800003883,1.0,33,0,0.0,2.0,3.0,1.0,B01
201800003883,2.0,33,0,0.0,2.0,7.0,10.0,A01
201800003884,1.0,7,0,0.0,2.0,2.0,9.0,A01
201800003884,1.0,1,0,0.0,2.0,4.0,16.0,B01
201800003885,2.0,7,0,0.0,2.0,2.0,1.0,B01
201800003885,1.0,31,0,0.0,2.0,1.0,13.0,A01
201800003886,1.0,33,0,13.0,0.0,7.0,1.0,A01
201800003887,2.0,7,0,13.0,0.0,1.0,1.0,A01
201800003888,1.0,33,0,13.0,0.0,0.0,1.0,A01
201800003889,1.0,33,0,0.0,2.0,1.0,17.0,B01
201800003889,1.0,7,0,1.0,2.0,8.0,15.0,A01
201800003890,1.0,7,0,2.0,0.0,2.0,1.0,A01
201800003891,1.0,33,0,0.0,2.0,1.0,2.0,A01
201800003891,1.0,7,0,0.0,2.0,3.0,15.0,B01
201800003892,2.0,7,0,8.0,0.0,0.0,0.0,A01
201800003893,1.0,7,0,0.0,0.0,3.0,1.0,B01
201800003893,2.0,7,0,0.0,0.0,8.0,15.0,A01
201800003894,2.0,7,0,0.0,2.0,5.0,15.0,B01
201800003894,1.0,33,0,0.0,2.0,1.0,1.0,A01
201800003894,2.0,7,0,0.0,2.0,8.0,1.0,C01
201800003895,1.0,33,0,0.0,2.0,1.0,2.0,A01
201800003895,2.0,10,0,0.0,0.0,4.0,0.0,B01
201800003896,2.0,7,0,0.0,1.0,1.0,1.0,A01
201800003897,0.0,32,0,16.0,0.0,3.0,13.0,A01
201800003898,1.0,34,0,11.0,9.0,1.0,1.0,A01
201800003899,2.0,7,0,13.0,0.0,2.0,1.0,A01
201800003900,0.0,7,0,0.0,2.0,6.0,17.0,A01
201800003900,1.0,33,0,0.0,2.0,7.0,17.0,B01
201800003901,2.0,1,0,0.0,2.0,4.0,2.0,B01
201800003901,2.0,7,0,0.0,2.0,1.0,2.0,A01
201800003902,0.0,2,0,0.0,2.0,6.0,1.0,A01
201800003903,0.0,7,0,6.0,0.0,2.0,1.0,A01
201800003904,0.0,7,0,0.0,2.0,6.0,1.0,B01
201800003904,0.0,2,0,0.0,2.0,1.0,9.0,A01
201800003905,0.0,7,0,0.0,9.0,3.0,14.0,B01
201800003905,0.0,1,0,0.0,2.0,1.0,13.0,A01
201800003906,1.0,33,0,0.0,2.0,1.0,2.0,B01
201800003906,1.0,7,0,0.0,0.0,5.0,23.0,A01
201800003907,1.0,1,0,1.0,0.0,1.0,2.0,A01
201800003907,1.0,38,7,0.0,0.0,4.0,24.0,B01
201800003908,1.0,7,0,0.0,1.0,3.0,1.0,A01
201800003909,0.0,7,0,2.0,0.0,1.0,14.0,A01
201800003910,1.0,7,0,0.0,9.0,3.0,1.0,B01
201800003910,2.0,2,0,8.0,2.0,3.0,1.0,A01
201800003911,1.0,7,0,0.0,2.0,3.0,1.0,A01
201800003911,2.0,7,0,0.0,2.0,3.0,1.0,B01
201800003912,2.0,2,0,8.0,0.0,1.0,0.0,A01
201800003913,1.0,34,0,0.0,2.0,1.0,17.0,B01
201800003913,1.0,7,0,0.0,0.0,6.0,15.0,A01
201800003914,0.0,7,0,8.0,1.0,5.0,1.0,A01
201800003915,2.0,7,0,0.0,2.0,2.0,15.0,A01
201800003915,1.0,33,0,0.0,2.0,1.0,1.0,B01
201800003916,0.0,7,0,0.0,1.0,3.0,20.0,A01
201800003917,1.0,7,0,0.0,2.0,3.0,15.0,A01
201800003917,1.0,2,0,0.0,2.0,1.0,17.0,B01
201800003918,0.0,7,0,0.0,2.0,3.0,1.0,A01
201800003918,0.0,7,0,0.0,2.0,1.0,19.0,B01
201800003919,2.0,7,0,13.0,0.0,1.0,1.0,A01
201800003920,0.0,31,0,0.0,2.0,1.0,2.0,A01
201800003920,0.0,7,0,0.0,0.0,4.0,23.0,B01
201800003921,0.0,7,0,0.0,1.0,2.0,1.0,A01
201800003922,2.0,7,0,0.0,2.0,3.0,13.0,A01
201800003922,1.0,7,0,0.0,2.0,3.0,1.0,B01
201800003923,2.0,7,0,0.0,1.0,1.0,19.0,A01
201800003924,2.0,7,0,0.0,2.0,2.0,15.0,A01
201800003924,1.0,2,0,0.0,2.0,1.0,1.0,B01
201800003925,1.0,7,0,6.0,0.0,0.0,15.0,A01
201800003926,2.0,7,0,0.0,2.0,3.0,1.0,D01
201800003926,2.0,7,0,3.0,2.0,3.0,1.0,B01
201800003926,2.0,7,0,0.0,2.0,3.0,1.0,C01
201800003926,1.0,7,0,0.0,2.0,3.0,13.0,A01
201800003927,1.0,7,0,0.0,2.0,1.0,1.0,A01
201800003927,2.0,7,0,0.0,2.0,8.0,19.0,B01
201800003928,0.0,2,0,0.0,2.0,1.0,1.0,A01
201800003928,0.0,7,0,0.0,2.0,3.0,1.0,B01
201800003929,2.0,7,0,0.0,2.0,1.0,5.0,A01
201800003929,1.0,7,0,0.0,2.0,1.0,1.0,B01
201800003930,1.0,3,0,12.0,0.0,1.0,1.0,A01
201800003931,1.0,33,0,0.0,2.0,1.0,5.0,A01
201800003931,1.0,7,0,0.0,9.0,3.0,1.0,B01
201800003932,2.0,7,0,0.0,2.0,1.0,13.0,A01
201800003932,1.0,7,0,0.0,2.0,1.0,1.0,B01
201800003933,1.0,7,0,0.0,2.0,2.0,15.0,A01
201800003933,2.0,31,0,0.0,2.0,1.0,1.0,B01
201800003934,1.0,7,0,0.0,2.0,2.0,1.0,B01
201800003934,0.0,7,0,0.0,2.0,1.0,13.0,A01
201800003935,1.0,7,0,2.0,0.0,1.0,1.0,A01
201800003936,0.0,7,0,0.0,2.0,2.0,0.0,A01
201800003936,0.0,2,0,0.0,2.0,7.0,21.0,B01
201800003937,1.0,7,0,0.0,1.0,1.0,1.0,A01
201800003938,1.0,7,0,0.0,2.0,1.0,0.0,B01
201800003938,0.0,2,0,0.0,2.0,5.0,0.0,A01
201800003939,0.0,2,0,0.0,2.0,2.0,16.0,A01
201800003939,0.0,7,0,0.0,9.0,1.0,15.0,B01
201800003940,2.0,7,0,0.0,2.0,1.0,1.0,B01
201800003940,2.0,7,0,0.0,2.0,8.0,19.0,A01
201800003941,0.0,7,0,0.0,1.0,3.0,0.0,A01
201800003942,1.0,7,0,0.0,1.0,2.0,16.0,A01
201800003943,2.0,33,0,0.0,2.0,1.0,1.0,B01
201800003943,1.0,7,0,0.0,2.0,1.0,1.0,A01
201800003944,1.0,7,0,0.0,2.0,8.0,19.0,A01
201800003944,2.0,7,0,0.0,2.0,1.0,1.0,B01
201800003945,1.0,33,0,0.0,2.0,1.0,17.0,A01
201800003945,1.0,13,0,0.0,2.0,3.0,15.0,B01
201800003946,1.0,1,0,0.0,0.0,8.0,1.0,B01
201800003946,1.0,7,0,0.0,0.0,1.0,15.0,A01
201800003947,2.0,2,0,0.0,2.0,1.0,1.0,B01
201800003947,1.0,7,0,0.0,2.0,5.0,15.0,A01
201800003948,1.0,7,0,8.0,0.0,2.0,0.0,A01
201800003949,1.0,7,0,0.0,1.0,2.0,1.0,A01
201800003950,0.0,7,0,0.0,1.0,0.0,0.0,A01