Num_Acc,senc,catv,occutc,obs,obsm,choc,manv,num_veh
201800003951,1.0,7,0,10.0,2.0,5.0,1.0,A01
201800003951,1.0,7,0,0.0,2.0,3.0,1.0,C01
201800003951,2.0,7,0,0.0,2.0,2.0,1.0,B01
201800003952,0.0,7,0,0.0,1.0,5.0,4.0,A01
201800003953,2.0,2,0,0.0,0.0,4.0,2.0,A01
201800003953,2.0,2,0,0.0,0.0,1.0,2.0,B01
201800003954,2.0,7,0,0.0,0.0,2.0,16.0,A01
201800003954,2.0,2,0,0.0,2.0,3.0,18.0,B01
201800003955,0.0,7,0,0.0,1.0,1.0,1.0,A01
201800003956,0.0,7,0,0.0,0.0,7.0,16.0,A01
201800003956,0.0,30,0,0.0,2.0,3.0,18.0,B01
201800003957,1.0,2,0,0.0,2.0,3.0,18.0,B01
201800003957,2.0,7,0,0.0,2.0,1.0,19.0,A01
201800003958,2.0,7,0,0.0,0.0,3.0,15.0,A01
201800003958,1.0,31,0,0.0,0.0,1.0,17.0,B01
201800003959,0.0,7,0,0.0,1.0,2.0,1.0,A01
201800003960,0.0,7,0,4.0,0.0,2.0,14.0,A01
201800003960,0.0,31,0,0.0,2.0,1.0,1.0,B01
201800003961,0.0,7,0,0.0,1.0,3.0,1.0,A01
201800003962,1.0,7,0,0.0,2.0,1.0,1.0,A01
201800003962,0.0,7,0,0.0,2.0,3.0,15.0,B01
201800003963,1.0,7,0,0.0,0.0,8.0,15.0,A01
201800003963,1.0,2,0,0.0,0.0,2.0,17.0,B01
201800003964,0.0,33,0,0.0,2.0,1.0,1.0,B01
201800003964,0.0,7,0,0.0,2.0,3.0,9.0,A01
201800003965,0.0,7,0,0.0,1.0,5.0,16.0,A01
201800003966,0.0,10,0,0.0,1.0,2.0,1.0,A01
201800003967,2.0,7,0,2.0,0.0,7.0,0.0,A01
201800003968,0.0,2,0,12.0,0.0,7.0,1.0,A01
201800003969,1.0,31,0,0.0,2.0,1.0,13.0,A01
201800003969,2.0,7,0,0.0,2.0,1.0,1.0,B01
201800003970,2.0,33,0,1.0,2.0,1.0,1.0,A01
201800003970,1.0,7,0,0.0,2.0,2.0,15.0,B01
201800003970,1.0,7,0,0.0,2.0,8.0,24.0,C01
201800003971,0.0,7,0,0.0,2.0,1.0,1.0,A01
201800003971,0.0,2,0,0.0,2.0,1.0,1.0,B01
201800003972,2.0,2,0,0.0,2.0,8.0,1.0,A01
201800003972,0.0,7,0,0.0,2.0,2.0,15.0,B01
201800003973,1.0,7,0,16.0,0.0,0.0,4.0,A01
201800003974,1.0,7,0,2.0,0.0,9.0,13.0,A01
201800003975,0.0,7,0,0.0,1.0,3.0,0.0,A01
201800003976,2.0,7,0,1.0,0.0,3.0,1.0,A01
201800003977,2.0,33,0,0.0,9.0,1.0,1.0,A01
201800003978,0.0,7,0,13.0,0.0,2.0,1.0,A01
201800003979,2.0,2,0,7.0,2.0,8.0,1.0,A01
201800003979,2.0,7,0,0.0,2.0,3.0,15.0,B01
201800003980,2.0,7,0,0.0,2.0,1.0,1.0,A01
201800003980,1.0,7,0,0.0,2.0,8.0,15.0,B01
201800003981,1.0,7,0,0.0,2.0,1.0,13.0,A01
201800003981,2.0,7,0,0.0,2.0,1.0,21.0,B01
201800003982,1.0,10,0,0.0,0.0,1.0,1.0,B01
201800003982,2.0,7,0,0.0,0.0,1.0,0.0,A01
201800003983,1.0,33,0,0.0,6.0,1.0,1.0,A01
201800003984,1.0,7,0,13.0,0.0,3.0,1.0,A01
201800003985,1.0,7,0,2.0,0.0,8.0,0.0,A01
201800003986,1.0,7,0,0.0,2.0,1.0,23.0,B01
201800003986,1.0,32,0,0.0,2.0,8.0,1.0,A01
201800003987,1.0,7,0,0.0,2.0,7.0,19.0,A01
201800003987,1.0,33,0,0.0,2.0,9.0,21.0,B01
201800003988,2.0,1,0,0.0,0.0,3.0,0.0,A01
201800003989,1.0,7,0,13.0,0.0,9.0,1.0,A01
201800003990,1.0,7,0,0.0,2.0,1.0,1.0,A01
201800003990,1.0,7,0,13.0,2.0,2.0,1.0,B01
201800003990,1.0,21,0,0.0,2.0,6.0,16.0,C01
201800003991,2.0,10,0,0.0,9.0,2.0,2.0,A01
201800003991,2.0,1,0,0.0,0.0,4.0,2.0,B01
201800003992,1.0,33,0,0.0,2.0,8.0,15.0,B01
201800003992,1.0,7,0,0.0,2.0,1.0,15.0,A01
201800003993,2.0,31,0,0.0,2.0,1.0,2.0,A01
201800003993,2.0,7,0,0.0,0.0,5.0,23.0,B01
201800003994,0.0,7,0,0.0,2.0,1.0,19.0,A01
201800003994,0.0,1,0,0.0,2.0,7.0,1.0,B01
201800003995,1.0,7,0,0.0,1.0,4.0,4.0,A01
201800003996,1.0,7,0,0.0,1.0,8.0,1.0,A01
201800003997,2.0,15,0,0.0,0.0,6.0,2.0,B01
201800003997,2.0,2,0,12.0,2.0,1.0,2.0,A01
201800003998,2.0,7,0,0.0,9.0,2.0,2.0,A01
201800003998,2.0,1,0,0.0,0.0,4.0,2.0,B01
201800003999,2.0,7,0,0.0,2.0,2.0,11.0,B01
201800003999,1.0,7,0,0.0,2.0,2.0,0.0,A01
201800004000,2.0,7,0,8.0,0.0,2.0,1.0,A01
201800004001,0.0,2,0,0.0,1.0,8.0,1.0,A01
201800004002,2.0,7,0,0.0,2.0,3.0,15.0,B01
201800004002,1.0,2,0,0.0,2.0,1.0,17.0,A01
201800004003,0.0,7,0,8.0,0.0,2.0,1.0,A01
201800004004,0.0,7,0,6.0,2.0,1.0,17.0,A01
201800004004,0.0,7,0,0.0,2.0,2.0,15.0,B01
201800004005,1.0,7,0,0.0,2.0,3.0,19.0,A01
201800004005,2.0,2,0,0.0,2.0,5.0,1.0,B01
201800004006,1.0,31,0,12.0,0.0,7.0,2.0,A01
201800004007,0.0,7,0,0.0,1.0,2.0,1.0,A01
201800004008,1.0,33,0,13.0,0.0,1.0,1.0,A01
201800004009,1.0,33,0,0.0,2.0,1.0,17.0,A01
201800004009,1.0,7,0,0.0,2.0,3.0,15.0,B01
201800004010,0.0,7,0,0.0,2.0,1.0,5.0,A01
201800004010,0.0,17,0,0.0,2.0,1.0,1.0,B01
201800004011,1.0,33,0,0.0,2.0,1.0,1.0,B01
201800004011,2.0,7,0,0.0,2.0,7.0,10.0,A01
201800004012,2.0,31,0,0.0,0.0,0.0,1.0,A01
201800004012,1.0,15,0,0.0,0.0,7.0,9.0,B01
201800004013,0.0,33,0,0.0,2.0,8.0,1.0,B01
201800004013,0.0,7,0,0.0,2.0,2.0,15.0,A01
201800004014,2.0,7,0,0.0,9.0,2.0,2.0,A01
201800004014,2.0,1,0,0.0,0.0,4.0,1.0,B01
201800004015,1.0,7,0,0.0,1.0,2.0,1.0,A01
201800004016,1.0,7,0,0.0,2.0,1.0,1.0,B01
201800004016,1.0,2,0,0.0,2.0,3.0,1.0,A01
201800004017,0.0,7,0,0.0,1.0,4.0,4.0,A01
201800004018,1.0,2,0,6.0,0.0,1.0,1.0,A01
201800004019,0.0,7,0,0.0,1.0,1.0,1.0,A01
201800004020,1.0,3,0,0.0,0.0,2.0,1.0,A01
201800004020,1.0,1,0,0.0,0.0,6.0,1.0,B01
201800004021,0.0,7,0,0.0,1.0,1.0,1.0,A01
201800004022,0.0,7,0,0.0,1.0,2.0,1.0,A01
201800004023,0.0,40,50,0.0,2.0,1.0,1.0,A01
201800004023,0.0,14,0,8.0,4.0,7.0,1.0,B01
201800004024,0.0,7,0,0.0,0.0,2.0,15.0,A01
201800004024,0.0,34,0,0.0,2.0,1.0,1.0,B01
201800004025,0.0,7,0,0.0,2.0,8.0,1.0,A01
201800004025,0.0,2,0,0.0,2.0,1.0,1.0,B01
201800004026,0.0,7,0,0.0,0.0,2.0,5.0,A01
201800004026,0.0,30,0,0.0,2.0,1.0,1.0,B01
201800004027,1.0,7,0,2.0,0.0,1.0,14.0,A01
201800004028,2.0,7,0,0.0,2.0,1.0,1.0,A01
201800004028,2.0,7,0,0.0,0.0,4.0,1.0,B01
201800004029,0.0,33,0,0.0,2.0,2.0,2.0,A01
201800004029,0.0,7,0,0.0,2.0,6.0,2.0,B01
201800004030,0.0,7,0,2.0,0.0,8.0,1.0,A01
201800004031,1.0,33,0,12.0,0.0,1.0,13.0,A01
201800004032,0.0,2,0,0.0,0.0,4.0,9.0,A01
201800004032,0.0,14,0,0.0,2.0,2.0,9.0,B01
201800004033,0.0,7,0,6.0,0.0,8.0,16.0,A01
201800004034,0.0,2,0,0.0,2.0,7.0,1.0,A01
201800004034,0.0,7,0,0.0,2.0,1.0,19.0,B01
201800004035,2.0,7,0,0.0,2.0,3.0,15.0,A01
201800004035,2.0,33,0,0.0,2.0,2.0,17.0,B01
201800004036,1.0,7,0,0.0,2.0,3.0,13.0,A01
201800004036,2.0,33,0,0.0,2.0,1.0,17.0,B02
201800004036,2.0,7,0,0.0,2.0,8.0,1.0,C03
201800004037,2.0,2,0,0.0,2.0,1.0,1.0,A01
201800004037,2.0,7,0,0.0,2.0,7.0,15.0,B01
201800004038,2.0,31,0,0.0,2.0,1.0,17.0,A01
201800004038,2.0,7,0,0.0,2.0,3.0,15.0,B01
201800004039,0.0,7,0,0.0,2.0,3.0,9.0,A01
201800004039,0.0,2,0,0.0,2.0,7.0,1.0,B01
201800004040,2.0,10,0,13.0,0.0,4.0,0.0,A01
201800004040,2.0,10,0,0.0,0.0,3.0,23.0,B01
201800004040,2.0,10,0,1.0,0.0,1.0,1.0,C01
201800004041,0.0,7,0,0.0,0.0,4.0,16.0,A01
201800004041,0.0,7,0,0.0,2.0,9.0,2.0,B01
201800004041,0.0,7,0,0.0,2.0,1.0,2.0,C01
201800004042,0.0,7,0,0.0,2.0,3.0,1.0,A01
201800004042,0.0,7,0,0.0,0.0,6.0,1.0,B01
201800004043,2.0,2,0,0.0,2.0,1.0,17.0,A01
201800004043,0.0,7,0,0.0,2.0,2.0,9.0,B01
201800004044,1.0,33,0,3.0,0.0,8.0,1.0,A01
201800004045,1.0,7,0,0.0,2.0,1.0,2.0,A01
201800004045,1.0,3,0,0.0,2.0,4.0,2.0,B01
201800004046,0.0,33,0,3.0,0.0,1.0,2.0,A01
201800004047,0.0,33,0,5.0,0.0,0.0,2.0,A01
201800004048,0.0,37,0,0.0,2.0,5.0,17.0,B01
201800004048,0.0,1,0,0.0,2.0,8.0,2.0,A01
201800004049,1.0,7,0,0.0,2.0,2.0,2.0,A01
201800004049,1.0,20,0,0.0,0.0,6.0,2.0,B01
201800004050,1.0,7,0,13.0,0.0,1.0,1.0,A01
201800004051,0.0,1,0,0.0,2.0,5.0,19.0,B01
201800004051,0.0,7,0,0.0,2.0,1.0,1.0,A01
201800004052,0.0,7,0,0.0,0.0,6.0,1.0,B01
201800004052,0.0,7,0,0.0,2.0,1.0,1.0,C01
201800004052,0.0,7,0,0.0,2.0,1.0,13.0,A01
201800004053,1.0,32,0,0.0,2.0,1.0,17.0,A01
201800004053,2.0,7,0,0.0,2.0,3.0,1.0,B01
201800004054,1.0,7,0,0.0,2.0,2.0,1.0,A01
201800004054,2.0,7,0,0.0,2.0,2.0,1.0,B01
201800004055,1.0,3,0,2.0,0.0,1.0,5.0,A01
201800004056,0.0,7,0,2.0,0.0,1.0,0.0,A01
201800004057,2.0,7,0,2.0,0.0,1.0,0.0,A01
201800004058,0.0,7,0,0.0,2.0,3.0,15.0,A01
201800004058,0.0,33,0,0.0,2.0,1.0,17.0,B01
201800004059,2.0,7,0,0.0,2.0,1.0,13.0,A01
201800004059,1.0,7,0,0.0,2.0,1.0,1.0,B01
201800004060,0.0,7,0,0.0,2.0,3.0,10.0,A01
201800004060,0.0,33,0,0.0,2.0,1.0,17.0,B01
201800004061,1.0,7,0,0.0,2.0,0.0,1.0,A01
201800004061,2.0,7,0,0.0,2.0,0.0,1.0,B01
201800004061,2.0,32,0,0.0,2.0,0.0,1.0,C01
201800004061,2.0,7,0,0.0,2.0,8.0,1.0,D01
201800004062,0.0,33,0,0.0,0.0,0.0,1.0,A01
201800004063,0.0,7,0,0.0,9.0,2.0,14.0,A01
201800004063,0.0,1,0,0.0,2.0,4.0,1.0,B01
201800004064,0.0,7,0,0.0,2.0,1.0,1.0,A01
201800004064,0.0,2,0,0.0,0.0,4.0,1.0,B01
201800004065,0.0,7,0,0.0,2.0,8.0,15.0,A01
201800004065,0.0,31,0,0.0,2.0,2.0,2.0,B01
201800004066,0.0,7,0,0.0,2.0,1.0,1.0,A01
201800004066,0.0,7,0,0.0,2.0,1.0,0.0,B01
201800004066,0.0,7,0,0.0,2.0,1.0,1.0,C01
201800004067,2.0,7,0,3.0,2.0,3.0,1.0,A01
201800004067,1.0,7,0,0.0,2.0,8.0,1.0,B01
201800004068,2.0,7,0,0.0,2.0,3.0,15.0,A01
201800004068,2.0,34,0,0.0,2.0,2.0,17.0,B01
201800004069,0.0,7,0,2.0,0.0,1.0,5.0,A01
201800004070,2.0,7,0,6.0,0.0,2.0,1.0,A01
201800004071,1.0,7,0,0.0,2.0,3.0,13.0,A01
201800004071,2.0,2,0,0.0,2.0,3.0,1.0,B01
201800004072,0.0,2,0,0.0,0.0,0.0,0.0,A01
201800004073,0.0,32,0,0.0,2.0,1.0,1.0,B01
201800004073,0.0,7,0,11.0,0.0,2.0,1.0,A01
201800004074,2.0,33,0,0.0,2.0,1.0,17.0,A01
201800004074,2.0,7,0,0.0,2.0,6.0,15.0,B01
201800004075,0.0,7,0,0.0,1.0,2.0,19.0,A01
201800004076,1.0,7,0,0.0,0.0,2.0,16.0,A01
201800004076,1.0,33,0,0.0,2.0,1.0,1.0,B01
201800004077,2.0,2,0,0.0,2.0,2.0,5.0,A01
201800004077,1.0,3,0,0.0,2.0,2.0,1.0,B01
201800004078,1.0,33,0,0.0,2.0,3.0,1.0,A01
201800004078,2.0,7,0,0.0,0.0,7.0,15.0,B01
201800004079,2.0,7,0,0.0,2.0,2.0,1.0,A01
201800004079,2.0,33,0,0.0,2.0,1.0,1.0,B01
201800004080,1.0,7,0,0.0,2.0,1.0,15.0,A01
201800004080,2.0,2,0,0.0,2.0,1.0,1.0,B01
201800004081,0.0,32,0,0.0,0.0,0.0,21.0,A01
201800004082,0.0,7,0,13.0,0.0,1.0,1.0,A01
201800004083,0.0,7,0,0.0,1.0,0.0,1.0,A01
201800004084,1.0,33,0,0.0,2.0,1.0,1.0,A01
201800004084,0.0,7,0,0.0,2.0,3.0,15.0,B01
201800004085,1.0,33,0,0.0,2.0,1.0,1.0,A01
201800004085,1.0,33,0,0.0,2.0,6.0,1.0,B01
201800004085,2.0,7,0,0.0,2.0,3.0,1.0,C01
201800004086,0.0,7,0,13.0,0.0,7.0,1.0,A01
201800004087,1.0,33,0,0.0,2.0,1.0,1.0,A01
201800004087,2.0,7,0,0.0,9.0,2.0,1.0,B01
201800004088,1.0,7,0,0.0,2.0,1.0,1.0,A01
201800004088,0.0,7,0,0.0,2.0,7.0,19.0,B01
201800004089,1.0,7,0,0.0,0.0,4.0,15.0,B01
201800004089,1.0,33,0,0.0,2.0,1.0,1.0,A01
201800004090,0.0,7,0,2.0,0.0,3.0,1.0,A01
201800004091,1.0,7,0,0.0,2.0,6.0,1.0,A01
201800004091,1.0,33,0,0.0,2.0,2.0,17.0,B01
201800004092,2.0,7,0,13.0,2.0,3.0,1.0,B01
201800004092,1.0,7,0,0.0,2.0,3.0,13.0,A01
201800004093,1.0,7,0,0.0,2.0,1.0,13.0,A01
201800004093,2.0,7,0,0.0,2.0,1.0,1.0,B01
201800004094,2.0,33,0,0.0,2.0,1.0,17.0,A01
201800004094,1.0,7,0,0.0,2.0,3.0,1.0,B01
201800004095,1.0,7,0,0.0,2.0,5.0,15.0,A01
201800004095,2.0,33,0,0.0,2.0,1.0,1.0,B01
201800004096,2.0,7,0,2.0,0.0,8.0,2.0,A01
201800004096,2.0,7,0,2.0,2.0,7.0,2.0,B01
201800004097,1.0,7,0,0.0,2.0,2.0,1.0,A01
201800004097,2.0,7,0,0.0,2.0,8.0,1.0,B01
201800004098,2.0,7,0,0.0,0.0,7.0,1.0,A01
201800004099,0.0,1,0,0.0,2.0,0.0,0.0,A01
201800004099,0.0,1,0,0.0,2.0,0.0,0.0,B01
201800004100,0.0,2,0,0.0,2.0,1.0,1.0,B01
201800004100,0.0,7,0,0.0,2.0,1.0,15.0,A01
201800004101,1.0,1,0,0.0,2.0,1.0,1.0,B01
201800004101,1.0,7,0,0.0,9.0,3.0,16.0,A01
201800004102,2.0,7,0,8.0,0.0,9.0,1.0,A01
201800004103,1.0,7,0,13.0,0.0,1.0,13.0,A01
201800004104,2.0,14,0,0.0,2.0,8.0,9.0,B01
201800004104,1.0,7,0,0.0,2.0,1.0,1.0,A01
201800004105,2.0,7,0,0.0,2.0,1.0,13.0,A01
201800004105,1.0,15,0,0.0,2.0,3.0,1.0,B01
201800004106,1.0,2,0,0.0,2.0,7.0,5.0,A01
201800004106,1.0,7,0,0.0,2.0,1.0,10.0,B01
201800004107,2.0,7,0,0.0,2.0,7.0,17.0,A01
201800004107,1.0,7,0,0.0,2.0,1.0,0.0,B01
201800004108,0.0,7,0,0.0,5.0,1.0,1.0,A01
201800004108,0.0,36,0,0.0,2.0,1.0,1.0,B01
201800004109,0.0,7,0,0.0,0.0,0.0,0.0,A01
201800004110,1.0,7,0,0.0,2.0,1.0,1.0,A01
201800004110,2.0,7,0,0.0,2.0,1.0,1.0,B01
201800004111,0.0,7,0,0.0,1.0,1.0,1.0,A01
201800004112,1.0,10,0,0.0,2.0,2.0,1.0,A01
201800004112,1.0,1,0,0.0,0.0,8.0,1.0,B01
201800004113,2.0,7,0,13.0,0.0,9.0,1.0,A01
201800004114,0.0,7,0,0.0,1.0,4.0,4.0,A01
201800004115,2.0,7,0,2.0,0.0,8.0,1.0,A01
201800004116,2.0,7,0,0.0,0.0,3.0,1.0,A01
201800004117,1.0,99,0,6.0,0.0,2.0,1.0,A01
201800004117,2.0,7,0,0.0,9.0,9.0,1.0,B01
201800004118,2.0,2,0,0.0,2.0,1.0,5.0,A01
201800004118,1.0,7,0,0.0,2.0,1.0,1.0,B01
201800004119,1.0,7,0,13.0,0.0,0.0,1.0,A01
201800004120,1.0,7,0,0.0,2.0,3.0,19.0,A01
201800004120,2.0,1,0,0.0,2.0,1.0,1.0,B01
201800004121,0.0,7,0,0.0,1.0,0.0,1.0,A01
201800004122,2.0,7,0,0.0,2.0,2.0,11.0,A01
201800004122,1.0,7,0,0.0,2.0,1.0,1.0,B01
201800004123,2.0,7,0,0.0,2.0,3.0,3.0,A01
201800004123,1.0,7,0,0.0,2.0,3.0,1.0,B01
201800004123,1.0,7,0,0.0,2.0,6.0,1.0,C01
201800004123,1.0,7,0,0.0,2.0,1.0,1.0,D01
201800004124,2.0,7,0,2.0,0.0,1.0,0.0,A01
201800004125,2.0,7,0,0.0,2.0,7.0,15.0,A01
201800004125,1.0,7,0,0.0,2.0,1.0,1.0,B01
201800004126,2.0,14,0,2.0,0.0,1.0,1.0,A01
201800004127,2.0,2,0,0.0,2.0,1.0,1.0,B01
201800004127,1.0,7,0,0.0,2.0,5.0,15.0,A01
201800004128,0.0,10,0,6.0,,9.0,1.0,A01
201800004129,1.0,7,0,13.0,0.0,1.0,1.0,A01
201800004130,0.0,7,0,0.0,2.0,2.0,15.0,A01
201800004130,0.0,2,0,0.0,2.0,2.0,0.0,B01
201800004131,1.0,7,0,6.0,0.0,1.0,1.0,A01
201800004132,1.0,7,0,0.0,1.0,3.0,1.0,A01
201800004133,0.0,33,0,2.0,0.0,1.0,17.0,A01
201800004134,2.0,7,0,0.0,2.0,7.0,0.0,A01
201800004134,1.0,7,0,0.0,2.0,1.0,1.0,B01
201800004135,2.0,10,0,0.0,2.0,1.0,1.0,A01
201800004135,2.0,7,0,0.0,2.0,4.0,1.0,B01
201800004136,2.0,7,0,0.0,0.0,5.0,19.0,A01
201800004136,1.0,33,0,0.0,2.0,1.0,1.0,B01
201800004137,1.0,7,0,0.0,2.0,1.0,1.0,A01
201800004137,2.0,2,0,0.0,2.0,1.0,5.0,B01
201800004138,0.0,7,0,0.0,0.0,6.0,9.0,A01
201800004138,0.0,1,0,0.0,2.0,1.0,21.0,B01
201800004139,2.0,7,0,13.0,0.0,1.0,1.0,A01
201800004140,0.0,7,0,0.0,2.0,1.0,13.0,A01
201800004140,0.0,7,0,0.0,2.0,1.0,1.0,B01
201800004141,2.0,7,0,0.0,0.0,6.0,10.0,A01
201800004141,2.0,7,0,0.0,2.0,2.0,1.0,B01
201800004142,0.0,7,0,0.0,2.0,1.0,0.0,A01
201800004142,0.0,7,0,0.0,2.0,3.0,1.0,B01
201800004143,2.0,7,0,2.0,0.0,1.0,1.0,A01
201800004144,1.0,7,0,5.0,0.0,3.0,1.0,A01
201800004145,0.0,7,0,0.0,2.0,1.0,0.0,A01
201800004145,0.0,33,0,0.0,2.0,7.0,13.0,B01
201800004146,1.0,2,0,14.0,0.0,0.0,1.0,A01
201800004147,0.0,32,0,0.0,2.0,7.0,17.0,A01
201800004147,0.0,7,0,0.0,2.0,3.0,0.0,B01
201800004148,2.0,7,0,0.0,2.0,3.0,1.0,A01
201800004148,1.0,7,0,0.0,0.0,3.0,1.0,B01
201800004149,2.0,15,0,0.0,9.0,5.0,17.0,A01
201800004149,2.0,1,0,0.0,2.0,3.0,1.0,B01
201800004150,1.0,33,0,0.0,0.0,7.0,1.0,A01
201800004151,0.0,31,0,0.0,2.0,0.0,1.0,A01
201800004152,0.0,33,0,0.0,0.0,1.0,1.0,A01
201800004153,0.0,7,0,15.0,0.0,1.0,6.0,A01
201800004154,1.0,2,0,0.0,0.0,0.0,1.0,A01
201800004155,0.0,7,0,0.0,0.0,8.0,24.0,A01
201800004155,0.0,1,0,1.0,0.0,1.0,1.0,B01
201800004156,0.0,1,0,0.0,0.0,8.0,1.0,A01
201800004157,1.0,7,0,13.0,0.0,9.0,2.0,A01
201800004158,0.0,7,0,3.0,0.0,3.0,1.0,A01
201800004159,2.0,7,0,0.0,2.0,3.0,1.0,B01
201800004159,0.0,1,0,0.0,2.0,1.0,1.0,A01
201800004160,0.0,1,0,1.0,2.0,1.0,2.0,B01
201800004160,0.0,7,0,1.0,2.0,8.0,24.0,A01
201800004161,1.0,33,0,0.0,2.0,2.0,1.0,A01
201800004161,1.0,7,0,0.0,2.0,2.0,15.0,B01
201800004162,2.0,7,0,0.0,2.0,1.0,1.0,A01
201800004162,0.0,1,0,0.0,2.0,7.0,1.0,B01
201800004163,0.0,7,0,0.0,1.0,2.0,1.0,A01
201800004164,1.0,7,0,2.0,0.0,3.0,1.0,A01
201800004165,2.0,7,0,13.0,0.0,2.0,1.0,A01
201800004166,1.0,7,0,0.0,1.0,1.0,1.0,C01
201800004167,1.0,30,0,0.0,2.0,4.0,1.0,B01
201800004167,1.0,7,0,0.0,2.0,1.0,1.0,A01
201800004168,2.0,7,0,0.0,2.0,2.0,1.0,A01
201800004168,1.0,1,0,0.0,2.0,1.0,19.0,B01
201800004169,0.0,2,0,0.0,0.0,0.0,0.0,A01
201800004170,0.0,2,0,12.0,0.0,2.0,16.0,A01
201800004171,1.0,7,0,0.0,2.0,8.0,19.0,A01
201800004171,1.0,7,0,0.0,2.0,1.0,1.0,B01
201800004172,2.0,10,0,8.0,2.0,3.0,1.0,B01
201800004172,1.0,7,0,0.0,2.0,1.0,13.0,A01
201800004173,1.0,2,0,0.0,2.0,1.0,17.0,A01
201800004173,1.0,10,0,0.0,0.0,3.0,15.0,B01
201800004174,1.0,7,0,13.0,0.0,1.0,1.0,A01
201800004175,1.0,33,0,0.0,0.0,7.0,16.0,A01
201800004176,0.0,7,0,0.0,1.0,2.0,16.0,A01
201800004177,1.0,2,0,2.0,0.0,1.0,1.0,A01
201800004178,1.0,7,0,0.0,2.0,3.0,5.0,A01
201800004178,2.0,7,0,0.0,2.0,2.0,0.0,C01
201800004178,2.0,7,0,0.0,0.0,2.0,0.0,B01
201800004179,2.0,1,0,0.0,9.0,2.0,1.0,A01
201800004179,2.0,1,0,0.0,9.0,0.0,13.0,B01
201800004180,1.0,7,0,0.0,0.0,8.0,1.0,A01
201800004180,2.0,1,0,0.0,2.0,3.0,1.0,B01
201800004181,2.0,7,0,0.0,9.0,8.0,1.0,B01
201800004181,1.0,33,0,0.0,2.0,8.0,13.0,A01
201800004182,1.0,7,0,0.0,2.0,1.0,1.0,B01
201800004182,2.0,31,0,0.0,2.0,1.0,5.0,A01
201800004183,1.0,10,0,0.0,0.0,8.0,2.0,B01
201800004183,1.0,2,0,0.0,2.0,7.0,21.0,A01
201800004184,1.0,7,0,3.0,0.0,2.0,0.0,A01
201800004185,1.0,38,2,0.0,2.0,3.0,1.0,B01
201800004185,2.0,7,0,0.0,2.0,3.0,17.0,A01
201800004186,1.0,7,0,0.0,0.0,5.0,1.0,A01
201800004186,1.0,7,0,0.0,2.0,2.0,1.0,B01
201800004187,0.0,7,0,2.0,0.0,1.0,1.0,A01
201800004188,2.0,33,0,0.0,2.0,0.0,0.0,A01
201800004188,1.0,7,0,0.0,9.0,7.0,19.0,B01
201800004189,2.0,7,0,0.0,2.0,9.0,0.0,A01
201800004189,1.0,7,0,0.0,2.0,9.0,1.0,B01
201800004190,0.0,2,0,0.0,2.0,1.0,17.0,A01
201800004190,0.0,7,0,0.0,2.0,6.0,15.0,B01
201800004191,1.0,7,0,0.0,2.0,1.0,13.0,A01
201800004191,1.0,7,0,0.0,0.0,6.0,1.0,B01
201800004191,2.0,7,0,0.0,2.0,1.0,1.0,C01
201800004192,0.0,7,0,0.0,1.0,1.0,16.0,A01
201800004193,0.0,1,0,0.0,2.0,1.0,1.0,B01
201800004193,2.0,7,0,0.0,9.0,3.0,1.0,A01
201800004194,1.0,33,0,0.0,0.0,1.0,1.0,A01
201800004194,2.0,7,0,0.0,0.0,2.0,15.0,B01
201800004195,0.0,7,0,0.0,2.0,3.0,1.0,B01
201800004195,0.0,33,0,0.0,2.0,1.0,17.0,A01
201800004196,0.0,2,0,0.0,0.0,0.0,0.0,A01
201800004197,1.0,2,0,0.0,2.0,1.0,1.0,B01
201800004197,2.0,7,0,0.0,0.0,3.0,15.0,A01
201800004198,0.0,7,0,0.0,2.0,3.0,5.0,A01
201800004198,0.0,99,0,0.0,2.0,2.0,1.0,B01
201800004199,1.0,7,0,0.0,2.0,2.0,1.0,B01
201800004199,0.0,7,0,0.0,2.0,3.0,19.0,A01
201800004200,2.0,10,0,13.0,0.0,6.0,1.0,A01
201800004201,0.0,7,0,0.0,1.0,2.0,20.0,A01
201800004202,0.0,7,0,0.0,0.0,0.0,1.0,A01
201800004203,0.0,7,0,0.0,1.0,2.0,1.0,A01
201800004204,0.0,14,0,0.0,0.0,0.0,0.0,A01
201800004205,1.0,7,0,0.0,1.0,5.0,16.0,A01
201800004206,2.0,15,0,0.0,2.0,3.0,1.0,B01
201800004206,1.0,7,0,0.0,2.0,1.0,1.0,A01
201800004207,1.0,7,0,12.0,0.0,9.0,1.0,A01
201800004208,0.0,2,0,0.0,2.0,3.0,15.0,A01
201800004208,0.0,7,0,0.0,2.0,3.0,1.0,B01
201800004209,0.0,32,0,0.0,2.0,3.0,1.0,B01
201800004209,0.0,37,6,0.0,2.0,1.0,16.0,A01
201800004210,0.0,7,0,0.0,2.0,3.0,16.0,B01
201800004210,0.0,31,0,0.0,2.0,1.0,13.0,A01
201800004211,1.0,7,0,0.0,1.0,0.0,1.0,A01
201800004212,0.0,7,0,0.0,1.0,3.0,1.0,A01
201800004213,0.0,1,0,0.0,2.0,8.0,2.0,C01
201800004213,2.0,7,0,0.0,9.0,7.0,17.0,A01
201800004213,2.0,1,0,0.0,2.0,8.0,2.0,B01
201800004214,0.0,7,0,0.0,1.0,3.0,21.0,A01