Num_Acc,senc,catv,occutc,obs,obsm,choc,manv,num_veh
201800004215,1.0,7,0,0.0,0.0,4.0,23.0,A01
201800004215,1.0,7,0,0.0,0.0,1.0,1.0,B01
201800004216,0.0,7,0,16.0,0.0,9.0,1.0,A01
201800004217,1.0,7,0,0.0,0.0,6.0,15.0,B01
201800004217,1.0,33,0,0.0,2.0,1.0,21.0,A01
201800004218,2.0,7,0,0.0,2.0,3.0,13.0,A01
201800004218,1.0,99,0,0.0,2.0,8.0,0.0,B01
201800004219,2.0,33,0,0.0,0.0,7.0,16.0,A01
201800004220,1.0,33,0,13.0,0.0,2.0,1.0,A01
201800004221,1.0,33,0,0.0,0.0,8.0,1.0,A01
201800004222,1.0,7,0,0.0,2.0,1.0,13.0,A01
201800004222,2.0,7,0,0.0,0.0,2.0,0.0,B01
201800004223,1.0,7,0,13.0,0.0,3.0,13.0,A01
201800004224,1.0,33,0,4.0,0.0,9.0,0.0,A01
201800004225,1.0,7,0,0.0,2.0,3.0,15.0,B01
201800004225,1.0,33,0,0.0,2.0,1.0,17.0,A01
201800004226,0.0,31,0,0.0,2.0,7.0,17.0,A01
201800004226,0.0,7,0,0.0,0.0,8.0,15.0,B01
201800004227,1.0,7,0,4.0,2.0,3.0,13.0,A01
201800004227,2.0,7,0,0.0,2.0,3.0,1.0,B01
201800004228,1.0,7,0,1.0,0.0,4.0,0.0,C01
201800004228,1.0,7,0,0.0,2.0,8.0,15.0,B01
201800004228,2.0,33,0,1.0,2.0,1.0,17.0,A01
201800004229,0.0,7,0,0.0,1.0,2.0,1.0,A01
201800004230,1.0,7,0,13.0,0.0,3.0,13.0,A01
201800004231,2.0,7,0,0.0,2.0,3.0,9.0,A01
201800004231,2.0,7,0,0.0,2.0,2.0,21.0,B01
201800004232,0.0,7,0,0.0,2.0,8.0,13.0,B01
201800004232,0.0,33,0,0.0,2.0,8.0,13.0,A01
201800004233,0.0,1,0,0.0,2.0,8.0,0.0,B01
201800004233,0.0,7,0,0.0,2.0,3.0,14.0,A01
201800004234,1.0,10,0,0.0,2.0,3.0,1.0,B01
201800004234,1.0,2,0,0.0,0.0,1.0,1.0,A01
201800004235,1.0,33,0,0.0,2.0,1.0,0.0,A01
201800004235,1.0,10,0,0.0,0.0,6.0,1.0,B01
201800004236,0.0,7,0,0.0,2.0,1.0,1.0,A01
201800004236,0.0,7,0,0.0,2.0,2.0,19.0,B01
201800004237,0.0,7,0,0.0,2.0,1.0,1.0,B01
201800004237,0.0,2,0,0.0,2.0,8.0,1.0,A01
201800004238,0.0,7,0,2.0,0.0,1.0,1.0,A01
201800004239,1.0,7,0,0.0,1.0,1.0,16.0,A01
201800004240,0.0,7,0,0.0,2.0,3.0,15.0,B01
201800004240,0.0,2,0,0.0,2.0,1.0,1.0,A01
201800004241,1.0,7,0,0.0,2.0,1.0,2.0,A01
201800004241,1.0,10,0,0.0,0.0,4.0,2.0,B01
201800004242,1.0,33,0,0.0,2.0,8.0,2.0,B01
201800004242,1.0,7,0,0.0,0.0,7.0,2.0,A01
201800004243,1.0,7,0,0.0,2.0,1.0,13.0,A01
201800004243,2.0,7,0,0.0,2.0,1.0,1.0,B01
201800004244,1.0,7,0,2.0,0.0,1.0,1.0,A01
201800004245,2.0,7,0,0.0,2.0,2.0,13.0,A01
201800004245,2.0,7,0,0.0,2.0,2.0,13.0,B01
201800004246,1.0,7,0,0.0,1.0,1.0,1.0,A01
201800004247,2.0,7,0,0.0,2.0,1.0,1.0,B01
201800004247,2.0,15,0,0.0,0.0,6.0,16.0,A01
201800004248,2.0,7,0,0.0,2.0,1.0,0.0,B01
201800004248,2.0,7,0,14.0,2.0,0.0,21.0,A01
201800004248,2.0,7,0,0.0,6.0,1.0,21.0,C01
201800004249,0.0,7,0,0.0,1.0,2.0,2.0,A01
201800004250,2.0,7,0,0.0,1.0,0.0,0.0,A01
201800004251,0.0,7,0,13.0,0.0,0.0,0.0,A01
201800004252,0.0,7,0,0.0,0.0,1.0,0.0,B01
201800004252,0.0,2,0,0.0,2.0,7.0,0.0,A01
201800004253,2.0,7,0,0.0,2.0,7.0,17.0,A01
201800004253,2.0,7,0,0.0,2.0,8.0,13.0,B01
201800004254,0.0,7,0,2.0,0.0,1.0,13.0,A01
201800004255,1.0,1,0,0.0,2.0,1.0,1.0,A01
201800004255,1.0,7,0,0.0,9.0,3.0,1.0,B01
201800004256,0.0,33,0,12.0,0.0,0.0,1.0,A01
201800004257,0.0,7,0,0.0,2.0,1.0,1.0,B01
201800004257,0.0,7,0,0.0,2.0,1.0,13.0,A01
201800004258,1.0,7,0,0.0,2.0,3.0,17.0,A01
201800004258,1.0,7,0,0.0,2.0,3.0,1.0,B01
201800004259,0.0,20,0,0.0,0.0,0.0,10.0,A01
201800004260,0.0,7,0,0.0,1.0,3.0,1.0,A01
201800004261,0.0,32,0,12.0,0.0,0.0,1.0,A01
201800004262,0.0,7,0,0.0,2.0,1.0,0.0,B01
201800004262,0.0,7,0,0.0,0.0,7.0,1.0,A01
201800004263,0.0,33,0,2.0,0.0,3.0,1.0,A01
201800004264,1.0,7,0,13.0,0.0,1.0,1.0,A01
201800004265,0.0,7,0,0.0,1.0,0.0,1.0,A01
201800004266,0.0,7,0,0.0,0.0,8.0,0.0,A01
201800004266,0.0,2,0,0.0,0.0,1.0,1.0,B01
201800004267,2.0,7,0,0.0,0.0,1.0,1.0,B01
201800004267,1.0,7,0,0.0,0.0,1.0,13.0,A01
201800004268,1.0,7,0,2.0,0.0,2.0,1.0,A01
201800004269,0.0,1,0,0.0,0.0,0.0,0.0,A01
201800004270,1.0,10,0,8.0,0.0,1.0,14.0,A01
201800004271,2.0,7,0,0.0,2.0,3.0,1.0,B01
201800004271,1.0,7,0,0.0,2.0,3.0,13.0,A01
201800004272,2.0,7,0,0.0,2.0,3.0,1.0,A01
201800004272,1.0,7,0,0.0,2.0,3.0,1.0,B01
201800004273,1.0,7,0,4.0,0.0,1.0,13.0,A01
201800004274,2.0,14,0,0.0,2.0,1.0,1.0,B01
201800004274,1.0,7,0,0.0,2.0,1.0,17.0,A01
201800004275,2.0,7,0,0.0,1.0,2.0,1.0,A01
201800004276,2.0,7,0,0.0,2.0,1.0,1.0,A01
201800004276,1.0,7,0,0.0,2.0,1.0,1.0,B01
201800004277,1.0,1,0,0.0,2.0,2.0,1.0,B01
201800004277,1.0,7,0,0.0,2.0,3.0,9.0,A01
201800004278,1.0,7,0,13.0,0.0,1.0,14.0,A01
201800004279,1.0,1,0,0.0,2.0,3.0,1.0,B01
201800004279,2.0,7,0,0.0,2.0,3.0,17.0,A01
201800004280,2.0,7,0,0.0,2.0,3.0,10.0,A01
201800004280,2.0,33,0,0.0,2.0,1.0,17.0,B01
201800004281,0.0,7,0,0.0,2.0,5.0,15.0,A01
201800004281,0.0,33,0,0.0,2.0,1.0,21.0,B01
201800004282,1.0,7,0,13.0,0.0,1.0,13.0,A01
201800004283,1.0,33,0,0.0,2.0,1.0,1.0,B01
201800004283,2.0,7,0,0.0,2.0,8.0,15.0,A01
201800004284,2.0,7,0,13.0,0.0,3.0,1.0,A01
201800004285,1.0,7,0,0.0,9.0,8.0,9.0,B01
201800004285,1.0,1,0,0.0,2.0,1.0,2.0,A01
201800004286,0.0,7,0,0.0,1.0,2.0,2.0,A01
201800004287,1.0,2,0,0.0,2.0,4.0,2.0,B01
201800004287,1.0,7,0,0.0,2.0,0.0,2.0,A01
201800004288,1.0,7,0,0.0,2.0,2.0,14.0,A01
201800004288,1.0,2,0,0.0,2.0,8.0,18.0,B01
201800004289,2.0,7,0,0.0,2.0,3.0,6.0,B01
201800004289,1.0,7,0,0.0,2.0,3.0,2.0,A01
201800004290,0.0,7,0,0.0,9.0,2.0,1.0,A01
201800004290,0.0,1,0,0.0,2.0,1.0,15.0,B01
201800004291,0.0,7,0,0.0,2.0,1.0,15.0,B01
201800004291,0.0,33,0,0.0,2.0,7.0,1.0,A01
201800004292,2.0,7,0,3.0,0.0,2.0,0.0,A01
201800004293,2.0,7,0,3.0,0.0,3.0,2.0,A01
201800004294,0.0,7,0,0.0,2.0,7.0,1.0,A01
201800004294,0.0,7,0,0.0,2.0,2.0,1.0,B01
201800004295,0.0,7,0,0.0,2.0,2.0,15.0,B01
201800004295,2.0,7,0,0.0,2.0,1.0,1.0,A01
201800004296,1.0,10,0,6.0,0.0,3.0,13.0,A01
201800004297,2.0,7,0,0.0,2.0,6.0,14.0,A01
201800004297,2.0,10,0,0.0,2.0,2.0,13.0,B01
201800004297,2.0,7,0,0.0,0.0,0.0,0.0,C01
201800004298,1.0,7,0,0.0,2.0,3.0,13.0,A01
201800004298,2.0,7,0,0.0,2.0,3.0,1.0,B01
201800004299,2.0,33,0,0.0,2.0,1.0,17.0,A01
201800004299,2.0,7,0,0.0,0.0,3.0,15.0,B01
201800004300,2.0,7,0,0.0,6.0,3.0,1.0,A01
201800004301,2.0,7,0,2.0,0.0,1.0,1.0,A01
201800004302,1.0,2,0,0.0,2.0,1.0,1.0,A01
201800004302,2.0,7,0,0.0,2.0,7.0,15.0,B01
201800004303,1.0,7,0,0.0,9.0,2.0,1.0,A01
201800004303,1.0,1,0,0.0,9.0,4.0,1.0,B01
201800004304,1.0,7,0,0.0,2.0,1.0,17.0,A01
201800004304,1.0,7,0,0.0,0.0,6.0,17.0,B01
201800004305,1.0,7,0,0.0,0.0,8.0,1.0,A01
201800004305,1.0,31,0,0.0,0.0,9.0,17.0,B01
201800004306,1.0,7,0,0.0,2.0,8.0,1.0,A01
201800004306,2.0,7,0,0.0,2.0,3.0,1.0,B01
201800004307,1.0,7,0,0.0,2.0,3.0,1.0,A01
201800004307,1.0,7,0,0.0,2.0,1.0,15.0,B01
201800004308,2.0,7,0,6.0,2.0,6.0,15.0,A01
201800004308,2.0,7,0,8.0,2.0,1.0,1.0,B01
201800004309,1.0,7,0,1.0,1.0,1.0,0.0,A01
201800004310,1.0,7,0,2.0,0.0,1.0,21.0,A01
201800004311,1.0,7,0,0.0,0.0,8.0,15.0,A01
201800004311,1.0,7,0,0.0,2.0,1.0,17.0,B01
201800004312,1.0,7,0,0.0,2.0,8.0,13.0,A01
201800004312,2.0,7,0,0.0,0.0,8.0,1.0,B01
201800004312,2.0,7,0,0.0,0.0,3.0,1.0,C01
201800004313,1.0,33,0,0.0,2.0,1.0,2.0,A01
201800004313,1.0,13,0,0.0,0.0,6.0,1.0,B01
201800004314,2.0,7,0,6.0,0.0,1.0,1.0,A01
201800004315,1.0,7,0,0.0,2.0,2.0,15.0,A01
201800004315,2.0,33,0,0.0,2.0,1.0,1.0,B01
201800004316,1.0,7,0,0.0,2.0,1.0,13.0,A01
201800004316,2.0,38,1,0.0,2.0,3.0,1.0,B01
201800004317,2.0,31,0,6.0,0.0,1.0,1.0,A01
201800004318,2.0,7,0,0.0,2.0,2.0,15.0,A01
201800004318,1.0,32,0,0.0,2.0,1.0,1.0,B01
201800004319,2.0,7,0,0.0,2.0,3.0,1.0,A01
201800004319,1.0,7,0,0.0,2.0,3.0,1.0,B01
201800004320,1.0,17,0,1.0,1.0,5.0,1.0,A01
201800004321,2.0,2,0,0.0,2.0,1.0,17.0,A01
201800004321,2.0,7,0,0.0,2.0,3.0,9.0,B01
201800004322,0.0,7,0,6.0,0.0,1.0,1.0,A01
201800004323,2.0,7,0,0.0,0.0,5.0,15.0,A01
201800004323,2.0,33,0,0.0,2.0,3.0,21.0,B01
201800004324,2.0,7,0,7.0,0.0,1.0,13.0,A01
201800004325,1.0,7,0,0.0,2.0,1.0,1.0,A01
201800004325,1.0,7,0,0.0,2.0,4.0,23.0,B01
201800004325,1.0,7,0,0.0,0.0,4.0,23.0,C01
201800004326,1.0,7,0,0.0,2.0,8.0,9.0,A01
201800004326,2.0,2,0,0.0,2.0,1.0,1.0,B01
201800004327,2.0,7,0,0.0,0.0,4.0,15.0,A01
201800004327,2.0,10,0,0.0,2.0,1.0,2.0,B01
201800004328,2.0,7,0,2.0,0.0,7.0,1.0,A01
201800004329,1.0,7,0,0.0,2.0,1.0,1.0,A01
201800004329,1.0,7,0,0.0,0.0,4.0,2.0,B01
201800004330,1.0,7,0,0.0,2.0,8.0,15.0,A01
201800004330,1.0,31,0,0.0,2.0,1.0,17.0,B01
201800004331,1.0,7,0,14.0,0.0,1.0,1.0,A01
201800004332,1.0,7,0,0.0,0.0,3.0,15.0,A01
201800004332,2.0,33,0,0.0,2.0,1.0,1.0,B01
201800004333,1.0,7,0,0.0,2.0,3.0,13.0,A01
201800004333,2.0,7,0,0.0,2.0,3.0,1.0,B01
201800004334,1.0,7,0,13.0,0.0,9.0,1.0,A01
201800004335,1.0,7,0,0.0,2.0,3.0,13.0,A01
201800004335,2.0,7,0,0.0,2.0,3.0,1.0,B01
201800004336,2.0,7,0,0.0,2.0,1.0,10.0,A01
201800004336,1.0,7,0,0.0,2.0,3.0,1.0,B01
201800004337,2.0,33,0,0.0,2.0,1.0,1.0,A01
201800004337,2.0,7,0,0.0,0.0,4.0,21.0,B01
201800004338,1.0,7,0,0.0,2.0,3.0,15.0,A01
201800004338,2.0,7,0,0.0,0.0,3.0,1.0,B01
201800004339,1.0,7,0,2.0,0.0,1.0,13.0,A01
201800004340,0.0,33,0,3.0,2.0,0.0,17.0,A01
201800004340,0.0,7,0,0.0,2.0,3.0,2.0,B01
201800004341,1.0,7,0,0.0,2.0,4.0,2.0,A01
201800004341,2.0,7,0,0.0,2.0,1.0,2.0,B01
201800004342,2.0,7,0,0.0,2.0,1.0,1.0,B01
201800004342,1.0,7,0,0.0,2.0,1.0,13.0,A01
201800004343,1.0,7,0,0.0,2.0,1.0,13.0,A01
201800004343,2.0,14,0,0.0,2.0,3.0,1.0,B01
201800004344,0.0,7,0,0.0,1.0,1.0,1.0,A01
201800004345,2.0,7,0,0.0,2.0,1.0,1.0,A01
201800004345,2.0,7,0,0.0,2.0,4.0,23.0,B01
201800004345,1.0,7,0,0.0,2.0,8.0,1.0,C01
201800004346,0.0,7,0,6.0,0.0,2.0,14.0,A01
201800004347,2.0,33,0,0.0,2.0,7.0,17.0,B01
201800004347,2.0,7,0,0.0,2.0,8.0,15.0,A01
201800004348,2.0,7,0,0.0,0.0,4.0,1.0,B01
201800004348,2.0,7,0,0.0,2.0,1.0,1.0,A01
201800004349,2.0,10,0,0.0,2.0,6.0,9.0,A01
201800004349,1.0,33,0,0.0,2.0,2.0,1.0,B01
201800004350,1.0,7,0,3.0,0.0,1.0,14.0,A01
201800004351,0.0,7,0,0.0,2.0,1.0,1.0,A01
201800004351,0.0,7,0,0.0,0.0,8.0,19.0,B01
201800004352,0.0,7,0,0.0,2.0,3.0,1.0,B01
201800004352,0.0,7,0,0.0,2.0,3.0,13.0,A01
201800004353,0.0,7,0,0.0,0.0,3.0,1.0,A01
201800004353,0.0,7,0,0.0,2.0,1.0,13.0,B01
201800004354,2.0,7,0,0.0,9.0,8.0,1.0,D01
201800004354,1.0,13,0,0.0,2.0,3.0,1.0,B01
201800004354,1.0,7,0,0.0,9.0,2.0,1.0,C01
201800004354,1.0,7,0,3.0,2.0,3.0,13.0,A01
201800004355,0.0,7,0,0.0,1.0,2.0,20.0,A01
201800004356,2.0,7,0,0.0,1.0,2.0,1.0,A01
201800004357,1.0,1,0,15.0,0.0,2.0,1.0,A01
201800004358,1.0,10,0,0.0,2.0,8.0,13.0,A01
201800004358,2.0,7,0,0.0,2.0,8.0,13.0,B01
201800004359,1.0,7,0,0.0,2.0,3.0,13.0,A01
201800004359,2.0,7,0,0.0,2.0,3.0,1.0,B01
201800004360,0.0,36,0,0.0,0.0,7.0,1.0,A01
201800004361,2.0,2,0,4.0,0.0,1.0,14.0,A01
201800004362,2.0,7,0,6.0,2.0,8.0,1.0,A01
201800004362,1.0,15,0,0.0,2.0,8.0,13.0,B01
201800004363,2.0,3,0,0.0,2.0,3.0,15.0,A01
201800004363,1.0,33,0,0.0,2.0,3.0,21.0,B01
201800004364,1.0,2,0,6.0,0.0,0.0,13.0,A01
201800004365,1.0,7,0,0.0,2.0,1.0,13.0,A01
201800004365,2.0,7,0,0.0,2.0,3.0,1.0,B01
201800004366,2.0,7,0,1.0,0.0,1.0,14.0,A01
201800004366,2.0,7,0,0.0,2.0,6.0,24.0,B01
201800004367,2.0,7,0,0.0,2.0,1.0,15.0,A01
201800004367,1.0,1,0,0.0,2.0,1.0,1.0,B01
201800004368,0.0,36,0,0.0,0.0,0.0,1.0,A01
201800004369,1.0,32,0,9.0,0.0,9.0,1.0,A01
201800004370,2.0,7,0,0.0,1.0,1.0,15.0,A01
201800004371,0.0,7,0,13.0,0.0,2.0,14.0,A01
201800004372,1.0,7,0,13.0,0.0,3.0,1.0,A01
201800004373,1.0,7,0,0.0,1.0,3.0,1.0,A01
201800004374,1.0,7,0,2.0,0.0,9.0,1.0,A01
201800004375,2.0,7,0,1.0,1.0,0.0,1.0,A01
201800004376,1.0,31,0,0.0,2.0,1.0,2.0,A01
201800004376,1.0,7,0,0.0,0.0,5.0,2.0,B01
201800004377,2.0,7,0,0.0,2.0,6.0,2.0,A01
201800004377,2.0,2,0,0.0,2.0,1.0,2.0,B01
201800004378,1.0,33,0,0.0,0.0,9.0,1.0,A01
201800004379,1.0,7,0,0.0,2.0,1.0,21.0,A01
201800004379,2.0,2,0,0.0,2.0,1.0,21.0,B01
201800004380,2.0,7,0,0.0,2.0,7.0,5.0,A01
201800004380,1.0,7,0,0.0,2.0,3.0,1.0,B01
201800004381,1.0,33,0,0.0,2.0,2.0,1.0,A01
201800004381,2.0,7,0,0.0,2.0,3.0,15.0,B01
201800004382,1.0,7,0,0.0,2.0,2.0,15.0,A01
201800004382,1.0,2,0,0.0,2.0,1.0,1.0,B01
201800004383,1.0,7,0,0.0,2.0,5.0,0.0,A01
201800004383,1.0,7,0,0.0,2.0,3.0,1.0,B01
201800004384,2.0,7,0,0.0,2.0,1.0,13.0,A01
201800004384,1.0,17,0,0.0,2.0,8.0,21.0,B01
201800004384,2.0,7,0,0.0,2.0,6.0,2.0,C01
201800004384,2.0,7,0,0.0,2.0,8.0,21.0,D01
201800004384,2.0,7,0,0.0,2.0,1.0,2.0,E01
201800004385,2.0,7,0,0.0,2.0,7.0,13.0,A01
201800004385,1.0,10,0,0.0,2.0,1.0,1.0,B01
201800004386,2.0,7,0,0.0,2.0,7.0,15.0,A01
201800004386,1.0,7,0,0.0,2.0,1.0,1.0,B01
201800004387,2.0,33,0,0.0,5.0,1.0,1.0,A01
201800004388,2.0,7,0,16.0,0.0,0.0,0.0,A01
201800004389,2.0,7,0,16.0,0.0,2.0,14.0,A01
201800004390,1.0,7,0,0.0,2.0,1.0,2.0,A01
201800004390,1.0,7,0,0.0,2.0,4.0,15.0,B01
201800004391,2.0,7,0,13.0,0.0,1.0,1.0,A01
201800004392,2.0,33,0,0.0,2.0,8.0,13.0,A01
201800004392,1.0,7,0,0.0,2.0,2.0,13.0,B01
201800004393,1.0,33,0,0.0,1.0,1.0,1.0,A01
201800004394,1.0,7,0,0.0,2.0,3.0,13.0,A01
201800004394,2.0,7,0,0.0,2.0,3.0,1.0,B01
201800004395,2.0,7,0,10.0,0.0,1.0,14.0,A01
201800004396,1.0,7,0,0.0,2.0,5.0,17.0,A01
201800004396,2.0,7,0,0.0,2.0,3.0,1.0,B01
201800004397,1.0,7,0,2.0,0.0,1.0,13.0,A01
201800004398,1.0,33,0,0.0,2.0,1.0,1.0,B01
201800004398,1.0,10,0,0.0,2.0,3.0,9.0,A01
201800004399,1.0,7,0,0.0,2.0,1.0,1.0,A01
201800004399,2.0,7,0,0.0,2.0,3.0,15.0,B01
201800004400,2.0,7,0,0.0,2.0,3.0,13.0,A01
201800004400,1.0,7,0,0.0,2.0,3.0,1.0,B01
201800004401,1.0,7,0,2.0,0.0,3.0,16.0,A01
201800004402,2.0,10,0,0.0,6.0,2.0,0.0,A01
201800004403,1.0,10,0,2.0,2.0,3.0,1.0,A01
201800004403,2.0,10,0,0.0,2.0,3.0,17.0,B01
201800004403,2.0,15,0,0.0,2.0,8.0,2.0,C01
201800004404,1.0,10,0,15.0,0.0,3.0,0.0,A01
201800004405,1.0,10,0,0.0,2.0,1.0,2.0,C01
201800004405,1.0,7,0,13.0,2.0,1.0,1.0,B01
201800004405,2.0,7,0,0.0,2.0,1.0,13.0,A01
201800004406,0.0,7,0,0.0,2.0,3.0,13.0,B01
201800004406,0.0,7,0,0.0,2.0,3.0,13.0,A01
201800004407,1.0,1,0,0.0,0.0,9.0,23.0,A01
201800004408,1.0,7,0,0.0,2.0,2.0,15.0,A01
201800004408,1.0,2,0,0.0,2.0,1.0,17.0,B01
201800004409,1.0,7,0,0.0,2.0,2.0,13.0,A01
201800004409,2.0,7,0,0.0,2.0,1.0,1.0,B01
201800004410,2.0,7,0,0.0,1.0,2.0,14.0,Z01
201800004411,1.0,7,0,0.0,2.0,1.0,1.0,A01
201800004411,1.0,7,0,0.0,2.0,6.0,1.0,B01
201800004411,1.0,7,0,0.0,2.0,4.0,2.0,C01
201800004411,1.0,7,0,0.0,2.0,4.0,2.0,D01
201800004412,0.0,7,0,10.0,0.0,1.0,0.0,A01
201800004413,0.0,7,0,0.0,1.0,4.0,23.0,A01
201800004414,2.0,10,0,9.0,0.0,1.0,1.0,A01
201800004415,1.0,7,0,4.0,0.0,1.0,14.0,A01
201800004416,1.0,7,0,0.0,1.0,1.0,1.0,A01
201800004417,1.0,1,0,1.0,0.0,1.0,14.0,A01
201800004418,2.0,1,0,0.0,2.0,1.0,1.0,A01
201800004418,2.0,7,0,0.0,2.0,6.0,23.0,B01
201800004419,1.0,36,0,0.0,2.0,1.0,2.0,A01
201800004419,1.0,7,0,0.0,2.0,4.0,23.0,B01
201800004420,2.0,33,0,8.0,0.0,1.0,0.0,A01
201800004421,1.0,7,0,0.0,1.0,1.0,16.0,A01
201800004422,2.0,7,0,0.0,2.0,7.0,1.0,B01
201800004422,1.0,7,0,0.0,2.0,1.0,9.0,A01
201800004423,2.0,7,0,0.0,2.0,2.0,1.0,B01
201800004423,1.0,7,0,0.0,2.0,3.0,9.0,A01
201800004424,1.0,10,0,0.0,2.0,2.0,0.0,A01
201800004424,2.0,7,0,0.0,2.0,1.0,1.0,B01
201800004425,2.0,7,0,6.0,0.0,1.0,16.0,A01
201800004426,2.0,7,0,0.0,2.0,4.0,23.0,A01
201800004426,2.0,7,0,0.0,2.0,2.0,2.0,B01
201800004427,1.0,7,0,0.0,1.0,2.0,20.0,A01
201800004428,2.0,7,0,0.0,2.0,2.0,9.0,A01
201800004428,2.0,7,0,0.0,2.0,8.0,1.0,B01
201800004428,1.0,7,0,0.0,2.0,8.0,1.0,C01
201800004429,1.0,7,0,0.0,1.0,1.0,16.0,A01
201800004430,1.0,3,0,0.0,1.0,7.0,1.0,A01
201800004431,2.0,31,0,0.0,2.0,2.0,1.0,B01
201800004431,1.0,7,0,0.0,2.0,3.0,1.0,A01
201800004432,2.0,7,0,0.0,1.0,4.0,4.0,A01
201800004433,2.0,7,0,0.0,2.0,4.0,23.0,A01
201800004433,2.0,7,0,0.0,2.0,1.0,1.0,B01
201800004434,1.0,7,0,0.0,0.0,9.0,1.0,A01
201800004435,2.0,7,0,0.0,2.0,3.0,9.0,A01
201800004435,0.0,31,0,0.0,2.0,1.0,1.0,B01
201800004436,1.0,7,0,0.0,1.0,1.0,1.0,A01
201800004437,1.0,7,0,0.0,2.0,2.0,1.0,A01
201800004437,2.0,7,0,0.0,2.0,3.0,1.0,B01
201800004438,1.0,7,0,0.0,1.0,1.0,15.0,A01
201800004439,1.0,2,0,0.0,2.0,1.0,2.0,A01
201800004439,1.0,7,0,0.0,2.0,5.0,1.0,B01
201800004440,2.0,7,0,0.0,2.0,1.0,13.0,A01
201800004440,1.0,7,0,0.0,2.0,3.0,1.0,B01
201800004441,2.0,7,0,7.0,0.0,1.0,0.0,A01
201800004442,1.0,10,0,0.0,1.0,7.0,1.0,A01
201800004443,2.0,7,0,0.0,2.0,3.0,13.0,A01
201800004443,1.0,7,0,0.0,2.0,3.0,1.0,B01
201800004444,2.0,7,0,0.0,2.0,3.0,1.0,A01
201800004444,1.0,30,0,0.0,2.0,3.0,1.0,B01
201800004445,1.0,7,0,0.0,2.0,8.0,1.0,B01
201800004445,2.0,10,0,0.0,2.0,2.0,1.0,A01
201800004445,1.0,38,1,0.0,2.0,3.0,23.0,C01
201800004446,2.0,7,0,0.0,2.0,1.0,2.0,A01
201800004446,2.0,7,0,0.0,2.0,6.0,1.0,B01
201800004447,2.0,7,0,2.0,0.0,1.0,1.0,A01
201800004448,2.0,7,0,0.0,0.0,9.0,1.0,A01
201800004449,1.0,30,0,12.0,0.0,1.0,15.0,A01
201800004450,2.0,7,0,0.0,0.0,0.0,1.0,A01
201800004451,1.0,7,0,0.0,2.0,6.0,1.0,B01
201800004451,2.0,7,0,0.0,2.0,1.0,1.0,A01
201800004452,1.0,7,0,0.0,2.0,1.0,2.0,A01
201800004452,1.0,7,0,0.0,2.0,4.0,1.0,B01
201800004453,1.0,7,0,0.0,2.0,3.0,9.0,A01
201800004453,1.0,1,0,0.0,2.0,1.0,1.0,B01
201800004454,1.0,7,0,0.0,2.0,2.0,1.0,B01
201800004454,1.0,7,0,0.0,2.0,3.0,19.0,A01
201800004455,1.0,7,0,0.0,2.0,1.0,17.0,A01
201800004455,1.0,7,0,0.0,2.0,1.0,1.0,B01
201800004456,1.0,10,0,0.0,2.0,3.0,2.0,A01
201800004456,1.0,1,0,0.0,2.0,2.0,2.0,B01
201800004457,2.0,33,0,0.0,5.0,1.0,1.0,A01
201800004458,1.0,33,0,0.0,6.0,1.0,1.0,A01
201800004459,1.0,7,0,0.0,2.0,1.0,2.0,A01
201800004459,1.0,7,0,0.0,2.0,4.0,2.0,B01
201800004459,1.0,7,0,0.0,2.0,4.0,2.0,C01
201800004460,2.0,7,0,0.0,2.0,1.0,2.0,A01
201800004460,2.0,7,0,0.0,2.0,4.0,1.0,B01
201800004461,1.0,7,0,13.0,0.0,2.0,1.0,A01
201800004462,1.0,7,0,0.0,2.0,1.0,1.0,A01
201800004462,1.0,7,0,0.0,2.0,4.0,1.0,B01
201800004462,1.0,7,0,0.0,2.0,4.0,1.0,C01
201800004463,2.0,2,0,0.0,0.0,0.0,17.0,A01
201800004463,1.0,7,0,0.0,2.0,3.0,9.0,B01
201800004464,1.0,10,0,0.0,1.0,1.0,1.0,A01
201800004465,2.0,7,0,0.0,2.0,2.0,17.0,A01
201800004465,2.0,10,0,0.0,2.0,6.0,15.0,B01
201800004466,2.0,7,0,0.0,2.0,3.0,9.0,A01
201800004466,1.0,1,0,0.0,2.0,2.0,1.0,B01
201800004467,2.0,7,0,1.0,2.0,3.0,9.0,A01
201800004467,2.0,7,0,9.0,2.0,2.0,1.0,B01
201800004468,2.0,32,0,0.0,2.0,1.0,17.0,A01
201800004468,2.0,7,0,0.0,2.0,6.0,1.0,B01
201800004469,2.0,33,0,13.0,0.0,1.0,1.0,A01
201800004470,2.0,7,0,0.0,2.0,1.0,13.0,A01
201800004470,1.0,1,0,0.0,2.0,1.0,1.0,B01
201800004471,1.0,7,0,0.0,2.0,1.0,2.0,A01
201800004471,1.0,30,0,0.0,2.0,4.0,23.0,B01
201800004472,2.0,7,0,1.0,,1.0,14.0,A01
201800004473,1.0,1,0,3.0,0.0,8.0,1.0,A01
201800004474,1.0,7,0,0.0,2.0,1.0,2.0,A01
201800004474,1.0,21,0,0.0,2.0,4.0,2.0,B01
201800004475,2.0,7,0,0.0,1.0,3.0,1.0,A01
201800004476,1.0,33,0,0.0,2.0,0.0,1.0,A01
201800004476,2.0,7,0,0.0,2.0,3.0,15.0,B01