Num_Acc,senc,catv,occutc,obs,obsm,choc,manv,num_veh
201800004477,1.0,7,0,0.0,2.0,5.0,17.0,A01
201800004477,1.0,1,0,0.0,2.0,8.0,1.0,B01
201800004478,1.0,7,0,0.0,2.0,1.0,2.0,A01
201800004478,1.0,7,0,0.0,2.0,4.0,23.0,B01
201800004479,2.0,7,0,0.0,2.0,1.0,2.0,A01
201800004479,2.0,7,0,0.0,2.0,4.0,2.0,B01
201800004480,2.0,7,0,0.0,0.0,1.0,1.0,A01
201800004481,2.0,7,0,0.0,0.0,7.0,1.0,A01
201800004482,2.0,7,0,0.0,1.0,3.0,1.0,A01
201800004483,2.0,7,0,0.0,2.0,3.0,13.0,A01
201800004483,1.0,10,0,0.0,2.0,3.0,1.0,B01
201800004484,2.0,7,0,2.0,0.0,2.0,1.0,A01
201800004485,1.0,33,0,0.0,2.0,8.0,0.0,A01
201800004485,2.0,7,0,0.0,2.0,3.0,1.0,B01
201800004486,2.0,7,0,0.0,2.0,6.0,1.0,B01
201800004486,2.0,7,0,0.0,2.0,1.0,1.0,A01
201800004487,0.0,17,0,0.0,2.0,2.0,10.0,A01
201800004487,0.0,7,0,0.0,2.0,8.0,9.0,B01
201800004488,2.0,7,0,1.0,0.0,2.0,1.0,A01
201800004488,2.0,7,0,0.0,2.0,6.0,24.0,B01
201800004489,2.0,7,0,0.0,2.0,1.0,1.0,A01
201800004489,2.0,7,0,0.0,2.0,4.0,2.0,B01
201800004489,2.0,7,0,0.0,2.0,4.0,2.0,C01
201800004490,2.0,1,0,0.0,2.0,1.0,1.0,B01
201800004490,0.0,10,0,0.0,2.0,2.0,9.0,A01
201800004491,2.0,7,0,0.0,2.0,3.0,9.0,A01
201800004491,1.0,1,0,0.0,2.0,1.0,1.0,B01
201800004492,2.0,7,0,2.0,0.0,7.0,1.0,A01
201800004493,2.0,7,0,0.0,1.0,2.0,1.0,A01
201800004494,2.0,7,0,0.0,0.0,9.0,1.0,A01
201800004495,2.0,7,0,0.0,2.0,1.0,1.0,B01
201800004495,0.0,2,0,0.0,2.0,1.0,10.0,A01
201800004496,1.0,7,0,0.0,2.0,1.0,1.0,A01
201800004496,1.0,32,0,0.0,2.0,4.0,1.0,B01
201800004496,1.0,7,0,0.0,2.0,4.0,23.0,C01
201800004497,2.0,7,0,0.0,1.0,3.0,1.0,A01
201800004498,2.0,33,0,0.0,0.0,0.0,21.0,A01
201800004499,0.0,1,0,0.0,2.0,6.0,19.0,B01
201800004499,2.0,7,0,0.0,2.0,1.0,15.0,A01
201800004500,2.0,14,0,4.0,0.0,7.0,1.0,A01
201800004501,1.0,7,0,0.0,2.0,1.0,1.0,B01
201800004501,1.0,30,0,0.0,2.0,3.0,1.0,A01
201800004502,0.0,7,0,0.0,1.0,1.0,1.0,A01
201800004503,2.0,7,0,12.0,0.0,1.0,1.0,A01
201800004504,2.0,1,0,8.0,0.0,1.0,1.0,A01
201800004505,1.0,7,0,0.0,2.0,1.0,1.0,A01
201800004505,1.0,7,0,0.0,2.0,4.0,23.0,B01
201800004505,1.0,33,0,0.0,2.0,4.0,23.0,C01
201800004506,1.0,7,0,0.0,2.0,2.0,2.0,A01
201800004506,1.0,99,0,0.0,2.0,6.0,1.0,B01
201800004507,2.0,7,0,2.0,0.0,2.0,1.0,A01
201800004508,2.0,7,0,0.0,2.0,1.0,2.0,A01
201800004508,2.0,7,0,0.0,2.0,4.0,1.0,B01
201800004509,2.0,7,0,0.0,2.0,1.0,1.0,A01
201800004509,2.0,7,0,0.0,2.0,4.0,23.0,B01
201800004509,2.0,7,0,0.0,2.0,4.0,23.0,C01
201800004510,2.0,33,0,0.0,2.0,2.0,17.0,A01
201800004510,2.0,7,0,0.0,2.0,8.0,15.0,B01
201800004511,2.0,7,0,0.0,2.0,3.0,15.0,A01
201800004511,2.0,32,0,0.0,2.0,5.0,17.0,B01
201800004512,1.0,7,0,0.0,2.0,1.0,1.0,A01
201800004512,1.0,1,0,0.0,2.0,7.0,19.0,B01
201800004513,2.0,10,0,0.0,2.0,1.0,2.0,A01
201800004513,2.0,7,0,0.0,2.0,4.0,2.0,B01
201800004514,0.0,7,0,0.0,2.0,4.0,0.0,A01
201800004514,0.0,7,0,0.0,2.0,5.0,1.0,B01
201800004515,1.0,33,0,0.0,2.0,2.0,1.0,B01
201800004515,2.0,7,0,0.0,2.0,1.0,9.0,A01
201800004516,1.0,7,0,0.0,2.0,2.0,15.0,A01
201800004516,2.0,7,0,0.0,2.0,3.0,1.0,B01
201800004517,1.0,7,0,0.0,1.0,1.0,1.0,A01
201800004518,1.0,7,0,0.0,2.0,1.0,1.0,A01
201800004518,2.0,1,0,0.0,2.0,7.0,1.0,B01
201800004519,2.0,7,0,12.0,0.0,7.0,1.0,A01
201800004520,1.0,7,0,0.0,1.0,2.0,1.0,A01
201800004521,2.0,17,0,0.0,2.0,6.0,1.0,A01
201800004521,1.0,7,0,0.0,2.0,8.0,0.0,B01
201800004522,2.0,7,0,2.0,0.0,2.0,1.0,A01
201800004523,2.0,7,0,0.0,2.0,3.0,9.0,A01
201800004523,2.0,7,0,0.0,2.0,7.0,1.0,B01
201800004524,2.0,7,0,0.0,2.0,3.0,9.0,A01
201800004524,1.0,1,0,0.0,2.0,7.0,1.0,B01
201800004525,1.0,2,0,0.0,2.0,1.0,2.0,A01
201800004525,1.0,7,0,0.0,2.0,6.0,1.0,B01
201800004526,1.0,7,0,0.0,2.0,1.0,1.0,A01
201800004526,1.0,7,0,0.0,2.0,4.0,1.0,B01
201800004526,1.0,7,0,0.0,2.0,4.0,1.0,C01
201800004527,1.0,7,0,0.0,1.0,1.0,9.0,A01
201800004528,1.0,7,0,0.0,2.0,4.0,1.0,A01
201800004528,1.0,7,0,0.0,2.0,4.0,1.0,B01
201800004528,1.0,10,0,0.0,2.0,1.0,2.0,C01
201800004529,2.0,7,0,0.0,2.0,1.0,9.0,A01
201800004529,1.0,33,0,0.0,2.0,7.0,1.0,B01
201800004530,2.0,7,0,0.0,1.0,1.0,1.0,A01
201800004531,1.0,2,0,0.0,2.0,2.0,17.0,A01
201800004531,1.0,7,0,0.0,2.0,3.0,15.0,B01
201800004532,2.0,7,0,0.0,2.0,1.0,2.0,A01
201800004532,2.0,7,0,0.0,2.0,4.0,23.0,B01
201800004533,1.0,7,0,0.0,2.0,1.0,2.0,A01
201800004533,1.0,7,0,0.0,2.0,4.0,23.0,B01
201800004534,1.0,7,0,0.0,2.0,3.0,13.0,A01
201800004534,2.0,7,0,0.0,2.0,8.0,1.0,B01
201800004535,2.0,10,0,0.0,2.0,3.0,15.0,A01
201800004535,1.0,7,0,0.0,2.0,3.0,1.0,B01
201800004536,2.0,7,0,6.0,0.0,1.0,1.0,A01
201800004537,1.0,7,0,14.0,1.0,7.0,9.0,A01
201800004538,2.0,7,0,0.0,2.0,3.0,10.0,A01
201800004538,2.0,33,0,0.0,2.0,1.0,21.0,B01
201800004539,1.0,30,0,0.0,2.0,1.0,2.0,A01
201800004539,1.0,7,0,0.0,2.0,3.0,16.0,B01
201800004540,1.0,7,0,0.0,1.0,3.0,1.0,A01
201800004541,2.0,7,0,8.0,0.0,2.0,14.0,A01
201800004542,2.0,7,0,0.0,2.0,1.0,2.0,A01
201800004542,2.0,7,0,0.0,2.0,4.0,2.0,B01
201800004543,1.0,7,0,0.0,2.0,5.0,12.0,A01
201800004543,2.0,7,0,0.0,2.0,3.0,9.0,B01
201800004544,1.0,1,0,0.0,2.0,1.0,2.0,A01
201800004544,1.0,10,0,0.0,2.0,5.0,1.0,B01
201800004545,0.0,7,0,0.0,1.0,4.0,4.0,A01
201800004546,1.0,7,0,0.0,1.0,1.0,1.0,A01
201800004547,2.0,7,0,0.0,1.0,1.0,1.0,A01
201800004548,2.0,7,0,4.0,0.0,0.0,1.0,A01
201800004549,2.0,7,0,3.0,0.0,0.0,1.0,A01
201800004550,2.0,7,0,4.0,0.0,3.0,12.0,A01
201800004551,2.0,7,0,3.0,0.0,2.0,0.0,A01
201800004552,2.0,14,0,0.0,0.0,1.0,1.0,B01
201800004552,2.0,7,0,0.0,0.0,4.0,12.0,A01
201800004553,2.0,7,0,13.0,0.0,1.0,2.0,A01
201800004554,2.0,7,0,0.0,0.0,3.0,1.0,B01
201800004554,2.0,7,0,3.0,2.0,1.0,1.0,A01
201800004554,2.0,7,0,2.0,0.0,4.0,1.0,C01
201800004555,1.0,10,0,0.0,2.0,1.0,1.0,C01
201800004555,1.0,7,0,0.0,2.0,3.0,21.0,D01
201800004555,1.0,7,0,0.0,2.0,1.0,1.0,B01
201800004555,1.0,7,0,0.0,0.0,4.0,1.0,A01
201800004556,1.0,7,0,6.0,9.0,1.0,16.0,A01
201800004557,2.0,7,0,0.0,1.0,2.0,1.0,A01
201800004558,2.0,7,0,12.0,2.0,2.0,15.0,B01
201800004558,1.0,7,0,0.0,2.0,2.0,1.0,A01
201800004559,0.0,33,0,0.0,2.0,1.0,1.0,A01
201800004559,0.0,7,0,0.0,2.0,6.0,15.0,B01
201800004560,2.0,7,0,0.0,2.0,3.0,0.0,B01
201800004560,1.0,13,0,0.0,2.0,1.0,13.0,A01
201800004561,2.0,10,0,0.0,1.0,2.0,1.0,A01
201800004561,2.0,7,0,0.0,1.0,1.0,21.0,B01
201800004562,1.0,7,0,0.0,2.0,1.0,17.0,B01
201800004562,1.0,7,0,0.0,2.0,8.0,15.0,A01
201800004563,2.0,7,0,0.0,2.0,1.0,1.0,B01
201800004563,1.0,7,0,0.0,2.0,1.0,13.0,A01
201800004563,2.0,10,0,0.0,2.0,1.0,1.0,C01
201800004564,2.0,7,0,0.0,2.0,2.0,5.0,A01
201800004564,1.0,7,0,0.0,2.0,3.0,1.0,B01
201800004565,0.0,2,0,6.0,0.0,2.0,0.0,A01
201800004566,2.0,7,0,0.0,1.0,3.0,15.0,A01
201800004567,2.0,7,0,0.0,1.0,2.0,1.0,A01
201800004568,2.0,7,0,0.0,2.0,1.0,1.0,C01
201800004568,2.0,7,0,0.0,2.0,6.0,23.0,A01
201800004568,2.0,7,0,0.0,2.0,4.0,23.0,B01
201800004569,1.0,21,0,0.0,1.0,3.0,1.0,A01
201800004570,2.0,33,0,0.0,0.0,1.0,1.0,A01
201800004571,1.0,33,0,2.0,0.0,1.0,2.0,A01
201800004572,1.0,7,0,8.0,0.0,1.0,1.0,A01
201800004573,1.0,7,0,6.0,0.0,1.0,1.0,A01
201800004574,0.0,7,0,2.0,0.0,2.0,0.0,A01
201800004575,2.0,7,0,0.0,0.0,1.0,1.0,A01
201800004575,1.0,7,0,0.0,2.0,1.0,15.0,B01
201800004576,0.0,10,0,0.0,1.0,4.0,4.0,A01
201800004577,1.0,33,0,0.0,0.0,0.0,1.0,A01
201800004578,1.0,7,0,1.0,0.0,1.0,1.0,A01
201800004578,0.0,7,0,0.0,0.0,1.0,0.0,B01
201800004579,2.0,3,0,4.0,0.0,4.0,1.0,A01
201800004579,2.0,7,0,0.0,2.0,1.0,2.0,B01
201800004580,1.0,7,0,0.0,2.0,3.0,1.0,A01
201800004580,2.0,7,0,13.0,2.0,3.0,1.0,B01
201800004580,2.0,7,0,0.0,2.0,3.0,1.0,C01
201800004581,2.0,31,0,0.0,0.0,9.0,11.0,A01
201800004582,2.0,7,0,0.0,0.0,0.0,2.0,B01
201800004582,2.0,7,0,13.0,0.0,1.0,2.0,A01
201800004583,1.0,7,0,0.0,9.0,1.0,2.0,A01
201800004583,0.0,1,0,0.0,2.0,4.0,2.0,B01
201800004584,2.0,7,0,7.0,0.0,5.0,6.0,A01
201800004584,1.0,7,0,0.0,0.0,2.0,1.0,B01
201800004585,1.0,7,0,0.0,2.0,1.0,1.0,B01
201800004585,2.0,7,0,0.0,2.0,1.0,13.0,A01
201800004586,1.0,33,0,0.0,0.0,8.0,21.0,A01
201800004586,2.0,7,0,0.0,0.0,2.0,1.0,B01
201800004587,2.0,31,0,12.0,0.0,0.0,1.0,A01
201800004588,2.0,1,0,0.0,9.0,0.0,2.0,B01
201800004588,2.0,1,0,0.0,9.0,0.0,2.0,A01
201800004589,2.0,7,0,2.0,0.0,1.0,14.0,A01
201800004590,2.0,7,0,2.0,0.0,1.0,1.0,A01
201800004591,2.0,33,0,0.0,0.0,9.0,1.0,A01
201800004592,1.0,34,0,3.0,0.0,2.0,0.0,A01
201800004593,1.0,7,0,6.0,0.0,8.0,13.0,A01
201800004594,2.0,7,0,0.0,2.0,8.0,1.0,C01
201800004594,1.0,33,0,0.0,2.0,2.0,17.0,A01
201800004594,2.0,15,0,0.0,2.0,5.0,15.0,B01
201800004595,2.0,7,0,0.0,2.0,3.0,13.0,A01
201800004595,1.0,7,0,0.0,2.0,3.0,1.0,B01
201800004596,0.0,33,0,16.0,0.0,0.0,0.0,A01
201800004597,1.0,7,0,12.0,0.0,7.0,1.0,A01
201800004597,2.0,7,0,0.0,0.0,1.0,1.0,B01
201800004598,0.0,33,0,0.0,0.0,0.0,1.0,A01
201800004599,2.0,7,0,0.0,1.0,4.0,20.0,A01
201800004600,0.0,7,0,15.0,9.0,2.0,1.0,B01
201800004600,0.0,33,0,0.0,2.0,3.0,19.0,A01
201800004601,0.0,33,0,3.0,0.0,1.0,1.0,A01
201800004602,2.0,1,0,12.0,0.0,1.0,1.0,A01
201800004603,0.0,34,0,0.0,2.0,2.0,17.0,B01
201800004603,0.0,7,0,0.0,2.0,3.0,13.0,A01
201800004604,2.0,7,0,0.0,2.0,3.0,13.0,A01
201800004604,1.0,7,0,0.0,2.0,3.0,1.0,B01
201800004605,1.0,30,0,0.0,2.0,7.0,1.0,B01
201800004605,2.0,7,0,0.0,2.0,2.0,19.0,A01
201800004606,1.0,7,0,0.0,1.0,3.0,1.0,A01
201800004607,1.0,7,0,0.0,2.0,1.0,0.0,A01
201800004607,2.0,7,0,0.0,2.0,1.0,0.0,B01
201800004608,0.0,7,0,0.0,1.0,4.0,20.0,A01
201800004609,2.0,33,0,0.0,0.0,9.0,0.0,A01
201800004610,1.0,30,0,0.0,2.0,1.0,23.0,B01
201800004610,1.0,14,0,0.0,0.0,6.0,23.0,A01
201800004611,0.0,7,0,0.0,1.0,7.0,1.0,A01
201800004612,1.0,2,0,1.0,0.0,1.0,1.0,A01
201800004613,1.0,7,0,0.0,2.0,1.0,1.0,B01
201800004613,2.0,7,0,0.0,2.0,2.0,13.0,A01
201800004614,1.0,1,0,0.0,2.0,4.0,2.0,B01
201800004614,1.0,10,0,0.0,2.0,2.0,9.0,A01
201800004615,0.0,7,0,0.0,2.0,3.0,1.0,B01
201800004615,0.0,33,0,0.0,2.0,1.0,1.0,A01
201800004616,1.0,33,0,0.0,6.0,1.0,1.0,A01
201800004617,1.0,7,0,0.0,2.0,2.0,15.0,A01
201800004617,2.0,7,0,0.0,2.0,1.0,1.0,B01
201800004618,2.0,7,0,0.0,6.0,2.0,1.0,A01
201800004619,2.0,38,46,13.0,0.0,1.0,14.0,A01
201800004620,1.0,33,0,0.0,6.0,1.0,0.0,A01
201800004621,1.0,7,0,11.0,9.0,1.0,21.0,A01
201800004622,0.0,7,0,0.0,1.0,3.0,1.0,A01
201800004623,0.0,7,0,0.0,9.0,1.0,9.0,A01
201800004623,0.0,1,0,0.0,2.0,7.0,1.0,B01
201800004624,1.0,31,0,0.0,2.0,1.0,1.0,B01
201800004624,0.0,7,0,0.0,2.0,3.0,9.0,A01
201800004625,0.0,7,0,0.0,1.0,4.0,4.0,A01
201800004626,2.0,7,0,9.0,0.0,9.0,1.0,A01
201800004627,1.0,7,0,0.0,1.0,2.0,1.0,A01
201800004628,0.0,7,0,0.0,2.0,3.0,13.0,B01
201800004628,2.0,7,0,0.0,2.0,3.0,1.0,A01
201800004629,1.0,33,0,0.0,0.0,8.0,1.0,A01
201800004630,0.0,2,0,12.0,0.0,9.0,0.0,A01
201800004631,1.0,7,0,0.0,2.0,3.0,5.0,A01
201800004631,2.0,10,0,0.0,2.0,3.0,1.0,B01
201800004632,1.0,2,0,6.0,0.0,1.0,1.0,A01
201800004633,0.0,1,0,0.0,2.0,1.0,1.0,B01
201800004633,0.0,7,0,0.0,2.0,5.0,1.0,A01
201800004634,0.0,7,0,0.0,2.0,1.0,1.0,A01
201800004634,0.0,7,0,0.0,2.0,1.0,1.0,B01
201800004634,0.0,7,0,0.0,2.0,3.0,1.0,C01
201800004635,2.0,7,0,0.0,2.0,4.0,1.0,A01
201800004635,2.0,7,0,0.0,2.0,1.0,2.0,B01
201800004636,1.0,7,0,0.0,1.0,2.0,1.0,A01
201800004637,0.0,2,0,0.0,0.0,0.0,1.0,A01
201800004638,0.0,7,0,0.0,2.0,3.0,15.0,B01
201800004638,0.0,3,0,0.0,2.0,8.0,15.0,A01
201800004639,0.0,33,0,14.0,0.0,1.0,1.0,A01
201800004640,2.0,7,0,0.0,2.0,3.0,1.0,B01
201800004640,1.0,7,0,0.0,2.0,3.0,13.0,A01
201800004641,1.0,7,0,0.0,2.0,1.0,17.0,B01
201800004641,2.0,7,0,0.0,2.0,1.0,9.0,A01
201800004641,2.0,7,0,0.0,0.0,6.0,1.0,C01
201800004642,0.0,7,0,15.0,0.0,1.0,1.0,A01
201800004643,1.0,7,0,8.0,2.0,3.0,1.0,B01
201800004643,2.0,7,0,0.0,2.0,3.0,13.0,A01
201800004644,0.0,1,0,0.0,2.0,1.0,2.0,B01
201800004644,0.0,7,0,0.0,2.0,3.0,1.0,A01
201800004645,0.0,7,0,16.0,0.0,9.0,1.0,A01
201800004646,0.0,7,0,16.0,0.0,3.0,1.0,A01
201800004647,1.0,7,0,0.0,2.0,1.0,19.0,A01
201800004647,1.0,7,0,0.0,2.0,3.0,1.0,B01
201800004648,0.0,7,0,0.0,2.0,6.0,2.0,B01
201800004648,1.0,7,0,4.0,2.0,1.0,1.0,A01
201800004649,1.0,17,0,0.0,2.0,2.0,12.0,A01
201800004649,1.0,7,0,4.0,2.0,6.0,1.0,B01
201800004650,0.0,33,0,12.0,0.0,7.0,14.0,A01
201800004651,0.0,7,0,0.0,2.0,1.0,1.0,B01
201800004651,0.0,7,0,0.0,2.0,3.0,11.0,A01
201800004652,0.0,2,0,0.0,2.0,3.0,1.0,B01
201800004652,0.0,7,0,0.0,2.0,6.0,15.0,A01
201800004653,1.0,14,0,13.0,0.0,1.0,1.0,A01
201800004654,0.0,7,0,0.0,2.0,1.0,1.0,B01
201800004654,0.0,7,0,9.0,2.0,8.0,1.0,A01
201800004655,0.0,7,0,2.0,0.0,1.0,21.0,A01
201800004656,0.0,2,0,0.0,2.0,2.0,2.0,B01
201800004656,0.0,13,0,0.0,2.0,6.0,23.0,A01
201800004657,0.0,7,0,13.0,0.0,3.0,1.0,A01
201800004658,0.0,7,0,3.0,0.0,4.0,1.0,A01
201800004659,0.0,7,0,0.0,2.0,1.0,2.0,B01
201800004659,0.0,7,0,0.0,2.0,3.0,15.0,A01
201800004660,0.0,7,0,0.0,1.0,3.0,1.0,A01
201800004661,2.0,33,0,0.0,2.0,3.0,1.0,B01
201800004661,1.0,7,0,0.0,2.0,3.0,15.0,A01
201800004662,0.0,7,0,0.0,0.0,9.0,1.0,A01
201800004663,1.0,7,0,0.0,2.0,3.0,1.0,B01
201800004663,2.0,7,0,0.0,2.0,3.0,13.0,A01
201800004664,2.0,33,0,0.0,2.0,1.0,1.0,B01
201800004664,1.0,7,0,0.0,2.0,3.0,1.0,A01
201800004665,0.0,7,0,0.0,2.0,3.0,1.0,B01
201800004665,0.0,2,0,0.0,2.0,1.0,11.0,A01
201800004665,0.0,7,0,0.0,9.0,6.0,1.0,D01
201800004665,0.0,7,0,0.0,2.0,3.0,1.0,C01
201800004666,2.0,1,0,1.0,0.0,1.0,1.0,A01
201800004667,0.0,7,0,0.0,2.0,6.0,1.0,A01
201800004667,0.0,7,0,0.0,2.0,3.0,13.0,B01
201800004668,2.0,33,0,4.0,9.0,1.0,1.0,A01
201800004669,0.0,7,0,0.0,2.0,3.0,1.0,A01
201800004669,0.0,7,0,0.0,2.0,3.0,1.0,B01
201800004670,2.0,33,0,0.0,2.0,1.0,18.0,A01
201800004670,1.0,7,0,0.0,2.0,6.0,15.0,B01
201800004671,2.0,7,0,0.0,2.0,5.0,23.0,B01
201800004671,2.0,7,0,0.0,2.0,2.0,1.0,A01
201800004672,1.0,7,0,0.0,1.0,2.0,1.0,A01
201800004673,0.0,7,0,0.0,2.0,1.0,1.0,B01
201800004673,0.0,2,0,0.0,2.0,1.0,1.0,A01
201800004674,0.0,33,0,0.0,2.0,9.0,18.0,A01
201800004674,0.0,15,0,0.0,2.0,7.0,12.0,B01
201800004675,0.0,7,0,0.0,1.0,2.0,1.0,A01
201800004676,0.0,7,0,0.0,1.0,1.0,15.0,A01
201800004677,0.0,33,0,0.0,2.0,7.0,1.0,B01
201800004677,0.0,13,0,0.0,2.0,8.0,21.0,A01
201800004678,0.0,13,0,0.0,1.0,4.0,4.0,A01
201800004679,2.0,32,0,0.0,1.0,7.0,1.0,A01
201800004680,0.0,7,0,0.0,1.0,1.0,1.0,A01
201800004681,1.0,38,1,15.0,1.0,7.0,1.0,A01
201800004682,1.0,7,0,0.0,2.0,2.0,15.0,B01
201800004682,0.0,33,0,1.0,2.0,2.0,17.0,A01
201800004683,2.0,1,0,0.0,2.0,1.0,1.0,A01
201800004683,1.0,7,0,0.0,2.0,5.0,15.0,B01
201800004684,1.0,34,0,0.0,2.0,1.0,17.0,B01
201800004684,2.0,7,0,0.0,2.0,1.0,1.0,A01
201800004685,0.0,33,0,0.0,2.0,1.0,1.0,A01
201800004685,0.0,7,0,0.0,2.0,2.0,10.0,B01
201800004686,1.0,33,0,0.0,2.0,1.0,5.0,B01
201800004686,0.0,7,0,0.0,2.0,3.0,15.0,A01
201800004687,0.0,7,0,0.0,9.0,0.0,1.0,A01
201800004688,0.0,7,0,0.0,2.0,1.0,15.0,A01
201800004688,0.0,34,0,0.0,2.0,7.0,17.0,B01
201800004689,0.0,7,0,13.0,0.0,1.0,1.0,A01
201800004690,2.0,33,0,12.0,0.0,9.0,1.0,A01
201800004691,1.0,33,0,5.0,0.0,1.0,1.0,A01
201800004692,1.0,31,0,8.0,0.0,7.0,5.0,A01
201800004693,2.0,7,0,2.0,0.0,2.0,14.0,A01
201800004694,0.0,7,0,0.0,1.0,3.0,1.0,A01
201800004695,2.0,7,0,0.0,2.0,4.0,2.0,B01
201800004695,2.0,7,0,0.0,2.0,1.0,1.0,A01
201800004696,2.0,7,0,0.0,2.0,7.0,13.0,A01
201800004696,1.0,7,0,0.0,2.0,1.0,1.0,B01
201800004697,2.0,7,0,0.0,2.0,1.0,1.0,B01
201800004697,1.0,7,0,0.0,2.0,2.0,13.0,A01
201800004698,1.0,10,0,1.0,0.0,1.0,1.0,C01
201800004698,1.0,7,0,12.0,2.0,6.0,1.0,B01
201800004698,1.0,7,0,12.0,0.0,7.0,19.0,A01
201800004699,1.0,10,0,0.0,2.0,2.0,17.0,A01
201800004699,1.0,1,0,0.0,2.0,3.0,13.0,B01
201800004700,2.0,10,0,0.0,2.0,1.0,13.0,A01
201800004700,1.0,7,0,0.0,2.0,1.0,1.0,B01
201800004701,1.0,7,0,16.0,0.0,9.0,1.0,A01
201800004702,1.0,2,0,2.0,0.0,1.0,14.0,A01
201800004703,1.0,33,0,0.0,6.0,1.0,1.0,A01
201800004704,1.0,7,0,0.0,2.0,3.0,1.0,B01
201800004704,2.0,7,0,0.0,2.0,3.0,5.0,A01
201800004705,1.0,7,0,0.0,2.0,2.0,15.0,A01
201800004705,2.0,33,0,0.0,2.0,1.0,1.0,B01
201800004706,1.0,7,0,2.0,0.0,1.0,14.0,A01
201800004707,2.0,36,0,0.0,2.0,3.0,19.0,A01
201800004707,2.0,10,0,0.0,2.0,3.0,1.0,B01
201800004708,1.0,7,0,0.0,2.0,2.0,10.0,A01
201800004708,1.0,7,0,0.0,2.0,2.0,13.0,B01
201800004709,1.0,7,0,6.0,0.0,2.0,14.0,A01
201800004710,1.0,7,0,5.0,0.0,1.0,1.0,B01
201800004710,2.0,7,0,0.0,2.0,1.0,13.0,A01
201800004711,2.0,33,0,0.0,2.0,1.0,1.0,A01
201800004711,1.0,7,0,0.0,2.0,3.0,9.0,B01
201800004712,1.0,33,0,0.0,2.0,7.0,18.0,A01
201800004712,1.0,33,0,0.0,0.0,8.0,1.0,B01
201800004713,1.0,7,0,0.0,2.0,3.0,1.0,A01
201800004713,2.0,7,0,0.0,2.0,1.0,1.0,B01
201800004714,1.0,37,42,0.0,1.0,5.0,2.0,A01
201800004715,1.0,7,0,2.0,0.0,1.0,14.0,A01
201800004716,1.0,7,0,1.0,2.0,1.0,1.0,C01
201800004716,0.0,7,0,0.0,2.0,3.0,23.0,A01
201800004717,1.0,7,0,2.0,0.0,1.0,1.0,A01
201800004718,2.0,7,0,2.0,0.0,1.0,14.0,A01
201800004719,1.0,7,0,0.0,1.0,3.0,1.0,A01
201800004720,1.0,7,0,0.0,2.0,2.0,12.0,A01
201800004720,1.0,33,0,0.0,2.0,3.0,1.0,B01
201800004721,1.0,7,0,13.0,2.0,3.0,13.0,A01
201800004721,2.0,7,0,0.0,2.0,1.0,1.0,B01
201800004721,2.0,7,0,0.0,2.0,6.0,2.0,C01
201800004722,2.0,1,0,16.0,0.0,9.0,1.0,A01
201800004723,1.0,2,0,16.0,0.0,8.0,15.0,A01
201800004724,2.0,7,0,0.0,2.0,9.0,1.0,B01
201800004724,2.0,7,0,0.0,2.0,8.0,1.0,C01
201800004724,2.0,33,0,0.0,2.0,4.0,1.0,A01
201800004725,2.0,7,0,2.0,0.0,7.0,14.0,A01
201800004726,1.0,2,0,6.0,0.0,1.0,1.0,A01
201800004727,1.0,33,0,1.0,0.0,1.0,1.0,A01
201800004727,1.0,7,0,,2.0,4.0,24.0,B02
201800004728,0.0,7,0,0.0,1.0,7.0,1.0,A01
201800004729,2.0,33,0,14.0,0.0,1.0,1.0,A01
201800004730,2.0,7,0,0.0,2.0,1.0,1.0,A01
201800004730,2.0,30,0,0.0,2.0,4.0,2.0,B01
201800004731,1.0,10,0,0.0,2.0,8.0,11.0,A01
201800004731,1.0,33,0,4.0,2.0,1.0,17.0,B01
201800004732,1.0,7,0,0.0,2.0,3.0,15.0,A01
201800004732,2.0,7,0,0.0,2.0,3.0,1.0,B01
201800004733,2.0,7,0,0.0,2.0,2.0,9.0,B01
201800004733,1.0,1,0,0.0,2.0,2.0,1.0,A01
201800004734,0.0,33,0,2.0,0.0,7.0,14.0,A01
201800004735,1.0,7,0,0.0,1.0,2.0,1.0,A01
201800004736,1.0,7,0,0.0,2.0,1.0,1.0,A01
201800004736,1.0,7,0,0.0,2.0,4.0,23.0,B01
201800004737,2.0,7,0,0.0,2.0,3.0,21.0,B01
201800004737,1.0,7,0,0.0,2.0,3.0,13.0,A01
201800004738,1.0,10,0,0.0,2.0,1.0,2.0,A01
201800004738,1.0,7,0,0.0,0.0,4.0,23.0,C01
201800004738,1.0,10,0,1.0,0.0,4.0,23.0,B01
201800004739,2.0,37,1,0.0,0.0,1.0,1.0,B01
201800004739,1.0,7,0,0.0,0.0,7.0,19.0,A01
201800004740,1.0,1,0,0.0,2.0,7.0,1.0,B01
201800004740,1.0,7,0,0.0,2.0,3.0,19.0,A01
201800004741,2.0,7,0,0.0,0.0,8.0,10.0,A01
201800004741,2.0,7,0,0.0,0.0,1.0,0.0,B01
201800004742,2.0,7,0,0.0,2.0,1.0,5.0,A01
201800004742,1.0,7,0,0.0,2.0,1.0,1.0,B01
201800004743,2.0,7,0,2.0,0.0,3.0,17.0,A01
201800004744,2.0,7,0,0.0,2.0,1.0,5.0,A01
201800004744,1.0,15,0,0.0,2.0,8.0,1.0,B01
201800004745,1.0,7,0,0.0,2.0,8.0,0.0,B01