Num_Acc,senc,catv,occutc,obs,obsm,choc,manv,num_veh
201800005016,2.0,7,0,0.0,2.0,1.0,2.0,A01
201800005016,2.0,7,0,0.0,2.0,4.0,2.0,B01
201800005017,1.0,7,0,2.0,0.0,1.0,14.0,A01
201800005018,2.0,10,0,7.0,2.0,8.0,1.0,A01
201800005018,1.0,7,0,7.0,2.0,1.0,1.0,B01
201800005019,1.0,33,0,0.0,0.0,0.0,1.0,A01
201800005020,1.0,7,0,6.0,0.0,1.0,1.0,A01
201800005021,0.0,1,0,0.0,2.0,1.0,1.0,B01
201800005021,0.0,7,0,0.0,9.0,4.0,4.0,A01
201800005022,0.0,33,0,0.0,0.0,7.0,1.0,A01
201800005023,1.0,7,0,0.0,2.0,3.0,9.0,A01
201800005023,2.0,33,0,0.0,2.0,7.0,15.0,B01
201800005024,0.0,2,0,0.0,2.0,1.0,13.0,A01
201800005024,0.0,7,0,0.0,2.0,1.0,16.0,B01
201800005025,1.0,2,0,0.0,2.0,7.0,1.0,A01
201800005025,0.0,7,0,0.0,2.0,1.0,15.0,B01
201800005026,1.0,2,0,13.0,0.0,1.0,13.0,A01
201800005027,2.0,7,0,0.0,1.0,3.0,1.0,A01
201800005028,0.0,7,0,0.0,2.0,2.0,9.0,A01
201800005028,0.0,1,0,0.0,2.0,8.0,0.0,B01
201800005029,0.0,7,0,2.0,0.0,1.0,21.0,A01
201800005030,2.0,7,0,0.0,0.0,4.0,23.0,A01
201800005030,2.0,7,0,0.0,2.0,1.0,2.0,B01
201800005031,1.0,33,0,0.0,0.0,0.0,10.0,A01
201800005032,1.0,7,0,1.0,0.0,1.0,1.0,A01
201800005032,1.0,10,0,0.0,0.0,4.0,23.0,B01
201800005033,2.0,33,0,15.0,0.0,1.0,16.0,A01
201800005034,0.0,7,0,0.0,2.0,8.0,10.0,A01
201800005034,0.0,33,0,0.0,2.0,1.0,2.0,B01
201800005035,0.0,1,0,0.0,2.0,4.0,2.0,B01
201800005035,0.0,7,0,0.0,9.0,2.0,1.0,A01
201800005036,0.0,33,0,0.0,2.0,1.0,1.0,B01
201800005036,0.0,7,0,0.0,0.0,2.0,15.0,A01
201800005037,0.0,33,0,5.0,0.0,1.0,1.0,A01
201800005038,2.0,7,0,0.0,1.0,2.0,1.0,A01
201800005039,0.0,33,0,0.0,1.0,2.0,1.0,A01
201800005040,1.0,7,0,0.0,2.0,1.0,1.0,B01
201800005040,1.0,7,0,0.0,2.0,2.0,1.0,A01
201800005041,0.0,7,0,0.0,1.0,2.0,1.0,A01
201800005042,0.0,7,0,0.0,2.0,3.0,20.0,A01
201800005042,0.0,31,0,0.0,2.0,1.0,1.0,B01
201800005043,1.0,7,0,0.0,2.0,2.0,10.0,B01
201800005043,2.0,34,0,0.0,2.0,1.0,1.0,A01
201800005044,2.0,7,0,0.0,2.0,8.0,1.0,B01
201800005044,1.0,30,0,0.0,2.0,1.0,15.0,A01
201800005045,0.0,7,0,1.0,0.0,2.0,1.0,A01
201800005046,0.0,7,0,0.0,9.0,8.0,24.0,A01
201800005046,0.0,1,0,1.0,0.0,7.0,1.0,B01
201800005047,0.0,7,0,1.0,0.0,3.0,13.0,A01
201800005048,2.0,30,0,0.0,2.0,4.0,2.0,B01
201800005048,2.0,7,0,0.0,2.0,3.0,2.0,A01
201800005049,2.0,2,0,0.0,2.0,5.0,1.0,A01
201800005049,1.0,2,0,0.0,2.0,2.0,5.0,B01
201800005050,1.0,2,0,0.0,2.0,1.0,17.0,B01
201800005050,1.0,7,0,0.0,0.0,3.0,15.0,A01
201800005051,1.0,7,0,0.0,2.0,1.0,1.0,B01
201800005051,2.0,7,0,0.0,2.0,1.0,15.0,A01
201800005052,1.0,7,0,0.0,1.0,2.0,12.0,A01
201800005053,2.0,10,0,13.0,0.0,1.0,1.0,A01
201800005054,2.0,1,0,0.0,0.0,4.0,2.0,B01
201800005054,2.0,7,0,0.0,2.0,2.0,2.0,A01
201800005055,2.0,7,0,0.0,1.0,2.0,1.0,A01
201800005056,2.0,7,0,6.0,0.0,1.0,1.0,A01
201800005057,1.0,10,0,2.0,0.0,1.0,6.0,A01
201800005058,1.0,31,0,8.0,0.0,1.0,1.0,A01
201800005059,2.0,7,0,0.0,2.0,3.0,9.0,B01
201800005059,1.0,33,0,0.0,2.0,1.0,21.0,A01
201800005060,1.0,7,0,15.0,1.0,1.0,1.0,A01
201800005061,1.0,7,0,6.0,1.0,2.0,14.0,A01
201800005062,2.0,7,0,0.0,2.0,1.0,15.0,A01
201800005062,1.0,31,0,0.0,2.0,1.0,1.0,B01
201800005063,2.0,33,0,14.0,1.0,1.0,1.0,A01
201800005064,1.0,33,0,0.0,2.0,1.0,23.0,C01
201800005064,1.0,7,0,0.0,2.0,4.0,23.0,A01
201800005064,1.0,7,0,0.0,2.0,1.0,23.0,B01
201800005065,0.0,37,1,0.0,1.0,0.0,15.0,A01
201800005066,2.0,7,0,0.0,1.0,1.0,0.0,A01
201800005067,2.0,7,0,0.0,1.0,1.0,0.0,A01
201800005068,2.0,7,0,2.0,0.0,1.0,13.0,A01
201800005069,1.0,20,0,4.0,2.0,1.0,0.0,A01
201800005069,1.0,33,0,4.0,2.0,1.0,13.0,B01
201800005070,2.0,10,0,8.0,2.0,1.0,21.0,A01
201800005070,2.0,7,0,0.0,2.0,4.0,23.0,B01
201800005070,2.0,7,0,0.0,2.0,6.0,2.0,C01
201800005070,2.0,7,0,0.0,2.0,5.0,2.0,D01
201800005071,1.0,32,0,0.0,2.0,1.0,17.0,A01
201800005071,1.0,7,0,0.0,2.0,4.0,2.0,B01
201800005072,1.0,7,0,0.0,2.0,3.0,15.0,A01
201800005072,2.0,32,0,0.0,2.0,1.0,17.0,B01
201800005073,1.0,20,0,0.0,0.0,4.0,1.0,B01
201800005073,1.0,33,0,0.0,2.0,1.0,0.0,A01
201800005074,2.0,7,0,0.0,2.0,8.0,15.0,A01
201800005074,2.0,34,0,0.0,2.0,8.0,1.0,B01
201800005075,0.0,34,0,0.0,2.0,1.0,17.0,A01
201800005075,0.0,7,0,0.0,2.0,8.0,15.0,B01
201800005076,2.0,30,0,0.0,0.0,0.0,0.0,A01
201800005077,2.0,1,0,0.0,1.0,1.0,14.0,A01
201800005078,1.0,33,0,0.0,2.0,1.0,1.0,A01
201800005078,2.0,7,0,0.0,2.0,2.0,15.0,B01
201800005079,1.0,33,0,0.0,0.0,1.0,0.0,A01
201800005080,2.0,33,0,8.0,0.0,1.0,13.0,A01
201800005081,2.0,7,0,2.0,0.0,1.0,0.0,A01
201800005082,1.0,7,0,0.0,2.0,5.0,15.0,A01
201800005082,2.0,2,0,0.0,2.0,1.0,1.0,B01
201800005083,2.0,7,0,0.0,2.0,2.0,1.0,A01
201800005083,1.0,1,0,0.0,2.0,6.0,1.0,B01
201800005084,1.0,30,0,0.0,2.0,8.0,19.0,A01
201800005084,2.0,34,0,0.0,2.0,1.0,0.0,B01
201800005085,1.0,30,0,1.0,0.0,1.0,14.0,A01
201800005086,1.0,7,0,0.0,1.0,8.0,0.0,A01
201800005087,2.0,7,0,0.0,2.0,4.0,1.0,A01
201800005087,2.0,30,0,0.0,2.0,1.0,11.0,B01
201800005088,1.0,7,0,0.0,2.0,8.0,15.0,A01
201800005088,1.0,30,0,0.0,2.0,1.0,2.0,B01
201800005089,1.0,7,0,0.0,2.0,3.0,15.0,A01
201800005089,2.0,33,0,0.0,2.0,1.0,0.0,B01
201800005090,2.0,31,0,0.0,2.0,1.0,1.0,B01
201800005090,2.0,7,0,0.0,2.0,3.0,16.0,A01
201800005091,0.0,10,0,0.0,1.0,7.0,20.0,A01
201800005092,0.0,30,0,0.0,2.0,1.0,13.0,A01
201800005092,0.0,7,0,0.0,2.0,1.0,1.0,B01
201800005093,0.0,7,0,14.0,2.0,8.0,1.0,A01
201800005093,0.0,34,0,14.0,2.0,7.0,17.0,B01
201800005093,0.0,7,0,0.0,2.0,3.0,1.0,C01
201800005094,0.0,7,0,0.0,2.0,1.0,9.0,A01
201800005094,0.0,33,0,0.0,2.0,8.0,1.0,B01
201800005095,2.0,7,0,0.0,2.0,8.0,13.0,A01
201800005095,2.0,32,0,0.0,2.0,7.0,17.0,B01
201800005096,1.0,7,0,0.0,1.0,2.0,1.0,A01
201800005097,2.0,30,0,15.0,0.0,1.0,14.0,A01
201800005098,2.0,32,0,0.0,2.0,2.0,15.0,A01
201800005098,1.0,7,0,0.0,2.0,3.0,12.0,B01
201800005099,1.0,7,0,0.0,2.0,2.0,15.0,A01
201800005099,2.0,30,0,0.0,2.0,1.0,1.0,B01
201800005100,1.0,7,0,0.0,2.0,2.0,15.0,Z01
201800005100,2.0,34,0,0.0,2.0,3.0,1.0,A01
201800005101,1.0,7,0,0.0,2.0,3.0,9.0,A01
201800005101,2.0,33,0,0.0,2.0,1.0,17.0,B01
201800005102,1.0,7,0,0.0,2.0,1.0,5.0,A01
201800005102,2.0,7,0,0.0,2.0,1.0,1.0,B01
201800005103,2.0,10,0,0.0,2.0,2.0,17.0,A01
201800005103,2.0,7,0,0.0,2.0,3.0,9.0,B01
201800005104,1.0,7,0,0.0,2.0,7.0,0.0,B01
201800005104,2.0,7,0,0.0,2.0,3.0,0.0,A01
201800005105,2.0,31,0,0.0,2.0,1.0,17.0,A01
201800005105,1.0,7,0,0.0,2.0,3.0,9.0,B01
201800005106,1.0,7,0,0.0,1.0,1.0,1.0,A01
201800005107,2.0,30,0,0.0,2.0,1.0,2.0,A01
201800005107,2.0,7,0,0.0,2.0,4.0,1.0,B01
201800005108,1.0,7,0,0.0,2.0,3.0,11.0,A01
201800005108,1.0,33,0,0.0,2.0,7.0,2.0,B01
201800005109,1.0,7,0,0.0,2.0,6.0,15.0,A01
201800005109,1.0,33,0,0.0,2.0,6.0,17.0,B01
201800005110,1.0,7,0,0.0,2.0,3.0,15.0,B01
201800005110,1.0,7,0,0.0,2.0,2.0,1.0,A01
201800005111,1.0,10,0,0.0,2.0,3.0,10.0,A01
201800005111,1.0,32,0,0.0,2.0,1.0,2.0,B01
201800005112,1.0,7,0,0.0,2.0,2.0,17.0,A01
201800005112,1.0,7,0,0.0,2.0,6.0,1.0,B01
201800005113,1.0,7,0,0.0,1.0,2.0,1.0,A01
201800005114,2.0,7,0,0.0,2.0,5.0,17.0,A01
201800005114,2.0,14,0,0.0,2.0,2.0,11.0,B01
201800005115,1.0,31,0,0.0,2.0,1.0,1.0,B01
201800005115,1.0,7,0,0.0,9.0,8.0,10.0,A01
201800005116,1.0,7,0,0.0,2.0,2.0,9.0,A01
201800005116,1.0,1,0,0.0,2.0,1.0,1.0,B01
201800005117,2.0,31,0,0.0,2.0,1.0,18.0,A01
201800005117,2.0,7,0,0.0,2.0,5.0,1.0,B01
201800005118,1.0,7,0,0.0,2.0,3.0,15.0,B01
201800005118,2.0,31,0,0.0,2.0,1.0,3.0,A01
201800005119,1.0,7,0,0.0,1.0,3.0,15.0,A01
201800005120,1.0,30,0,0.0,1.0,1.0,16.0,A01
201800005121,0.0,34,0,0.0,2.0,1.0,1.0,A01
201800005121,2.0,99,0,0.0,2.0,0.0,0.0,B01
201800005121,1.0,7,0,0.0,2.0,1.0,23.0,C01
201800005122,1.0,30,0,0.0,1.0,1.0,17.0,A01
201800005123,1.0,7,0,0.0,2.0,7.0,15.0,A01
201800005123,1.0,33,0,0.0,2.0,1.0,1.0,B01
201800005124,2.0,32,0,0.0,2.0,1.0,17.0,A01
201800005124,2.0,7,0,0.0,2.0,3.0,11.0,B01
201800005124,1.0,7,0,0.0,2.0,3.0,1.0,C01
201800005125,1.0,7,0,0.0,2.0,7.0,15.0,B01
201800005125,2.0,7,0,0.0,2.0,1.0,1.0,A01
201800005126,0.0,7,0,0.0,2.0,8.0,15.0,B01
201800005126,0.0,7,0,0.0,2.0,1.0,1.0,A01
201800005127,2.0,30,0,0.0,2.0,2.0,17.0,A01
201800005127,2.0,7,0,0.0,2.0,3.0,15.0,B01
201800005128,0.0,7,0,0.0,2.0,1.0,2.0,A01
201800005128,0.0,7,0,0.0,2.0,4.0,2.0,B01
201800005129,0.0,7,0,0.0,2.0,2.0,13.0,A01
201800005129,0.0,7,0,0.0,2.0,3.0,1.0,B01
201800005129,0.0,10,0,0.0,2.0,1.0,16.0,C01
201800005130,1.0,30,0,0.0,2.0,8.0,0.0,A01
201800005130,1.0,7,0,0.0,2.0,5.0,0.0,B01
201800005131,1.0,7,0,0.0,2.0,2.0,15.0,A01
201800005131,2.0,33,0,0.0,2.0,1.0,1.0,B01
201800005132,1.0,30,0,0.0,1.0,1.0,0.0,A01
201800005133,1.0,7,0,0.0,2.0,3.0,2.0,A01
201800005133,1.0,2,0,0.0,2.0,4.0,23.0,B01
201800005134,1.0,30,0,0.0,2.0,7.0,14.0,A01
201800005134,1.0,7,0,0.0,2.0,8.0,1.0,B01
201800005135,1.0,7,0,0.0,2.0,3.0,15.0,A01
201800005135,2.0,33,0,0.0,2.0,1.0,1.0,B01
201800005136,1.0,7,0,0.0,2.0,1.0,9.0,A01
201800005136,1.0,33,0,0.0,2.0,7.0,1.0,B01
201800005137,2.0,33,0,0.0,2.0,9.0,0.0,A01
201800005137,1.0,7,0,0.0,2.0,3.0,19.0,B01
201800005138,1.0,31,0,0.0,1.0,1.0,1.0,A01
201800005139,1.0,7,0,0.0,2.0,3.0,14.0,A01
201800005139,2.0,7,0,0.0,2.0,3.0,1.0,B01
201800005140,1.0,30,0,0.0,2.0,1.0,15.0,A01
201800005140,2.0,7,0,0.0,2.0,3.0,16.0,B01
201800005141,1.0,10,0,0.0,2.0,1.0,2.0,A01
201800005141,1.0,7,0,0.0,2.0,4.0,0.0,B01
201800005142,2.0,10,0,0.0,2.0,1.0,1.0,A01
201800005142,2.0,7,0,0.0,2.0,4.0,23.0,B01
201800005143,0.0,33,0,0.0,2.0,1.0,1.0,A01
201800005143,0.0,10,0,0.0,2.0,4.0,2.0,B01
201800005144,2.0,7,0,0.0,2.0,1.0,2.0,A01
201800005144,2.0,7,0,0.0,2.0,4.0,0.0,B01
201800005144,2.0,7,0,0.0,2.0,4.0,2.0,C01
201800005145,2.0,30,0,0.0,2.0,1.0,1.0,A01
201800005145,2.0,7,0,0.0,2.0,6.0,15.0,B01
201800005146,1.0,7,0,0.0,2.0,2.0,15.0,A01
201800005146,2.0,7,0,0.0,2.0,1.0,1.0,B01
201800005147,1.0,7,0,0.0,2.0,0.0,0.0,A01
201800005147,1.0,33,0,0.0,2.0,7.0,1.0,B01
201800005148,1.0,33,0,15.0,0.0,1.0,19.0,A01
201800005149,1.0,33,0,0.0,6.0,2.0,9.0,A01
201800005149,2.0,1,0,0.0,2.0,1.0,1.0,B01
201800005150,0.0,33,0,8.0,0.0,1.0,13.0,A01
201800005151,2.0,7,0,0.0,2.0,7.0,1.0,B01
201800005151,2.0,34,0,0.0,2.0,1.0,1.0,A01
201800005152,0.0,7,0,0.0,6.0,5.0,12.0,A01
201800005152,0.0,34,0,0.0,2.0,1.0,1.0,B01
201800005153,0.0,7,0,0.0,2.0,3.0,13.0,A01
201800005153,0.0,2,0,0.0,2.0,1.0,1.0,B01
201800005154,2.0,7,0,0.0,2.0,3.0,3.0,A01
201800005154,1.0,7,0,0.0,2.0,3.0,1.0,B01
201800005155,1.0,7,0,5.0,2.0,8.0,0.0,A01
201800005155,2.0,32,0,0.0,2.0,1.0,1.0,B01
201800005156,1.0,2,0,0.0,2.0,1.0,11.0,A01
201800005156,1.0,7,0,0.0,2.0,7.0,0.0,B01
201800005157,2.0,7,0,0.0,6.0,3.0,24.0,A01
201800005157,2.0,1,0,1.0,0.0,1.0,1.0,B01
201800005158,1.0,2,0,0.0,2.0,1.0,13.0,A01
201800005158,1.0,7,0,0.0,2.0,3.0,0.0,B01
201800005159,1.0,33,0,0.0,1.0,1.0,1.0,A01
201800005160,2.0,33,0,0.0,2.0,1.0,2.0,A01
201800005160,2.0,7,0,0.0,2.0,4.0,2.0,B01
201800005161,1.0,7,0,0.0,2.0,2.0,9.0,A01
201800005161,2.0,32,0,0.0,2.0,1.0,17.0,B01
201800005162,2.0,7,0,0.0,1.0,2.0,1.0,A01
201800005163,1.0,10,0,0.0,2.0,3.0,16.0,A01
201800005163,1.0,33,0,0.0,2.0,2.0,1.0,B01
201800005164,1.0,7,0,0.0,2.0,3.0,15.0,A01
201800005164,1.0,32,0,0.0,2.0,2.0,0.0,B01
201800005165,1.0,7,0,0.0,1.0,2.0,1.0,A01
201800005166,2.0,7,0,1.0,0.0,2.0,1.0,A01
201800005166,2.0,7,0,1.0,0.0,0.0,0.0,B01
201800005166,2.0,7,0,1.0,0.0,0.0,0.0,C01
201800005167,1.0,37,50,0.0,1.0,7.0,1.0,A01
201800005168,2.0,7,0,0.0,1.0,2.0,1.0,A01
201800005169,2.0,7,0,0.0,2.0,1.0,0.0,A01
201800005169,2.0,7,0,0.0,2.0,4.0,23.0,B01
201800005170,1.0,7,0,0.0,2.0,1.0,0.0,A01
201800005170,1.0,30,0,0.0,2.0,4.0,0.0,B01
201800005171,1.0,7,0,0.0,2.0,1.0,1.0,B01
201800005171,2.0,7,0,0.0,2.0,2.0,0.0,A01
201800005172,1.0,37,1,0.0,2.0,1.0,2.0,A01
201800005172,1.0,7,0,0.0,2.0,4.0,2.0,B01
201800005172,1.0,7,0,0.0,2.0,4.0,2.0,C01
201800005173,1.0,7,0,0.0,6.0,3.0,13.0,A01
201800005173,1.0,2,0,0.0,2.0,9.0,2.0,B01
201800005174,1.0,37,6,1.0,0.0,7.0,0.0,A01
201800005174,1.0,30,0,0.0,2.0,8.0,16.0,B01
201800005175,1.0,7,0,0.0,2.0,1.0,15.0,A01
201800005175,1.0,7,0,0.0,2.0,3.0,1.0,B01
201800005176,2.0,33,0,0.0,2.0,3.0,18.0,A01
201800005176,2.0,7,0,0.0,2.0,2.0,20.0,B01
201800005177,1.0,10,0,0.0,2.0,2.0,15.0,A01
201800005177,2.0,34,0,0.0,2.0,1.0,1.0,B01
201800005178,1.0,7,0,0.0,2.0,3.0,15.0,A01
201800005178,1.0,32,0,0.0,2.0,1.0,17.0,B01
201800005179,2.0,7,0,0.0,2.0,1.0,21.0,A01
201800005179,1.0,7,0,0.0,2.0,3.0,1.0,B01
201800005180,1.0,7,0,0.0,1.0,3.0,0.0,A01
201800005181,1.0,7,0,0.0,2.0,1.0,2.0,A01
201800005181,1.0,7,0,0.0,2.0,4.0,23.0,B01
201800005182,2.0,7,0,8.0,0.0,1.0,13.0,A01
201800005182,1.0,10,0,0.0,2.0,7.0,0.0,B01
201800005182,1.0,7,0,8.0,0.0,8.0,0.0,C01
201800005183,2.0,7,0,0.0,1.0,8.0,15.0,A01
201800005184,1.0,7,0,0.0,2.0,1.0,15.0,A01
201800005184,2.0,33,0,0.0,2.0,1.0,1.0,B01
201800005185,1.0,30,0,0.0,2.0,1.0,2.0,A01
201800005185,1.0,7,0,0.0,2.0,8.0,15.0,B01
201800005186,2.0,7,0,0.0,2.0,1.0,15.0,A01
201800005186,1.0,34,0,0.0,2.0,3.0,1.0,B01
201800005187,2.0,37,12,0.0,1.0,0.0,1.0,A01
201800005188,1.0,7,0,0.0,1.0,2.0,16.0,A01
201800005189,2.0,7,0,8.0,0.0,3.0,21.0,A01
201800005189,1.0,7,0,0.0,2.0,3.0,13.0,B01
201800005190,1.0,30,0,0.0,0.0,0.0,1.0,A01
201800005191,1.0,30,0,0.0,2.0,1.0,1.0,A01
201800005191,1.0,7,0,0.0,2.0,4.0,1.0,B01
201800005192,1.0,33,0,0.0,0.0,1.0,14.0,A01
201800005193,1.0,7,0,0.0,2.0,3.0,15.0,A01
201800005194,1.0,7,0,0.0,2.0,1.0,1.0,A01
201800005194,1.0,7,0,0.0,2.0,1.0,1.0,B01
201800005194,1.0,7,0,1.0,2.0,4.0,24.0,C01
201800005194,1.0,7,0,1.0,2.0,4.0,24.0,D01
201800005195,1.0,7,0,0.0,2.0,2.0,2.0,A01
201800005195,1.0,7,0,0.0,2.0,1.0,9.0,B01
201800005196,1.0,30,0,0.0,0.0,1.0,9.0,A01
201800005197,1.0,7,0,0.0,1.0,1.0,1.0,A01
201800005198,2.0,30,0,0.0,2.0,7.0,9.0,A01
201800005198,1.0,7,0,0.0,2.0,1.0,9.0,B01
201800005199,1.0,7,0,0.0,2.0,1.0,9.0,A01
201800005199,1.0,32,0,0.0,2.0,7.0,1.0,B01
201800005200,1.0,7,0,0.0,1.0,1.0,9.0,A01
201800005201,1.0,7,0,0.0,2.0,5.0,0.0,A01
201800005201,1.0,30,0,0.0,2.0,1.0,1.0,B01
201800005202,1.0,7,0,0.0,1.0,1.0,1.0,A01
201800005203,1.0,7,0,0.0,1.0,1.0,1.0,A01
201800005204,1.0,7,0,6.0,0.0,1.0,2.0,A01
201800005205,1.0,7,0,0.0,1.0,1.0,1.0,A01
201800005206,1.0,10,0,0.0,2.0,3.0,10.0,A01
201800005206,1.0,33,0,0.0,2.0,1.0,1.0,B01
201800005207,1.0,31,0,14.0,0.0,1.0,1.0,A01
201800005208,1.0,7,0,0.0,2.0,5.0,15.0,A01
201800005208,1.0,2,0,0.0,2.0,1.0,1.0,B01
201800005209,1.0,33,0,0.0,2.0,1.0,1.0,A01
201800005209,1.0,7,0,0.0,2.0,1.0,1.0,B01
201800005210,1.0,7,0,0.0,1.0,0.0,1.0,A01
201800005211,1.0,7,0,0.0,2.0,2.0,1.0,B01
201800005211,1.0,7,0,0.0,2.0,1.0,19.0,A01
201800005212,1.0,32,0,0.0,2.0,1.0,1.0,A01
201800005212,1.0,7,0,0.0,2.0,4.0,1.0,B01
201800005213,1.0,7,0,0.0,1.0,3.0,1.0,A01
201800005214,1.0,7,0,0.0,2.0,3.0,15.0,A01
201800005214,1.0,30,0,0.0,2.0,1.0,1.0,B01
201800005215,0.0,10,0,0.0,2.0,1.0,2.0,A01
201800005215,0.0,38,1,0.0,2.0,4.0,1.0,B01
201800005216,1.0,7,0,0.0,1.0,3.0,1.0,A01
201800005217,1.0,33,0,0.0,1.0,1.0,2.0,A01
201800005218,1.0,32,0,0.0,2.0,1.0,17.0,A01
201800005218,2.0,10,0,0.0,2.0,2.0,0.0,B01
201800005219,0.0,10,0,0.0,1.0,1.0,1.0,A01
201800005220,0.0,7,0,0.0,2.0,2.0,5.0,A01
201800005220,1.0,37,10,0.0,2.0,1.0,1.0,B01
201800005221,0.0,10,0,0.0,2.0,4.0,1.0,A01
201800005221,0.0,1,0,0.0,2.0,1.0,1.0,B01
201800005222,0.0,7,0,0.0,2.0,1.0,15.0,A01
201800005222,0.0,33,0,0.0,2.0,1.0,1.0,B01
201800005223,0.0,10,0,0.0,2.0,0.0,1.0,A01
201800005223,1.0,10,0,0.0,2.0,4.0,2.0,B01
201800005223,1.0,7,0,0.0,2.0,4.0,0.0,C01
201800005224,0.0,7,0,0.0,2.0,3.0,9.0,A01
201800005224,0.0,7,0,0.0,2.0,1.0,1.0,B01
201800005225,0.0,7,0,0.0,2.0,1.0,9.0,A01
201800005225,0.0,32,0,0.0,2.0,5.0,1.0,B01
201800005226,0.0,10,0,0.0,2.0,1.0,1.0,A01
201800005226,0.0,10,0,0.0,2.0,5.0,23.0,B01
201800005226,0.0,2,0,0.0,2.0,0.0,0.0,C01
201800005227,0.0,7,0,0.0,2.0,5.0,1.0,A01
201800005227,0.0,33,0,0.0,2.0,1.0,1.0,B01
201800005228,0.0,33,0,0.0,2.0,8.0,17.0,A01
201800005228,0.0,10,0,0.0,2.0,1.0,1.0,B01
201800005228,1.0,10,0,0.0,2.0,4.0,1.0,C01
201800005229,0.0,20,0,0.0,2.0,0.0,0.0,A01
201800005229,0.0,33,0,0.0,2.0,0.0,0.0,B01
201800005230,0.0,31,0,0.0,2.0,3.0,0.0,A01
201800005231,0.0,7,0,0.0,2.0,1.0,5.0,A01
201800005231,0.0,7,0,0.0,2.0,1.0,1.0,B01
201800005232,0.0,33,0,0.0,0.0,0.0,0.0,A01
201800005232,0.0,7,0,0.0,2.0,0.0,0.0,B01
201800005233,1.0,32,0,0.0,2.0,1.0,2.0,A01
201800005233,1.0,10,0,0.0,2.0,0.0,0.0,B01
201800005234,0.0,10,0,0.0,1.0,1.0,16.0,A01
201800005235,1.0,10,0,0.0,2.0,1.0,17.0,A01
201800005235,1.0,30,0,0.0,2.0,1.0,1.0,B01
201800005236,1.0,7,0,,,,,B01
201800005236,1.0,30,0,,,,,A01
201800005237,2.0,34,0,0.0,2.0,3.0,15.0,A01
201800005237,1.0,34,0,0.0,2.0,1.0,1.0,B01
201800005238,0.0,7,0,0.0,2.0,1.0,0.0,A01
201800005238,0.0,34,0,0.0,2.0,0.0,0.0,B01
201800005239,1.0,7,0,0.0,1.0,4.0,4.0,A01
201800005240,2.0,7,0,0.0,2.0,3.0,15.0,A01
201800005240,1.0,33,0,0.0,2.0,1.0,1.0,B01
201800005241,0.0,10,0,0.0,1.0,7.0,16.0,A01
201800005242,1.0,33,0,0.0,2.0,1.0,17.0,A01
201800005242,1.0,7,0,0.0,2.0,3.0,9.0,B01
201800005243,0.0,32,0,0.0,2.0,1.0,1.0,A01
201800005243,0.0,10,0,0.0,2.0,3.0,2.0,B01
201800005244,0.0,34,0,0.0,2.0,7.0,17.0,A01
201800005244,1.0,7,0,0.0,2.0,3.0,1.0,B01
201800005245,1.0,30,0,0.0,2.0,0.0,11.0,A01
201800005245,2.0,7,0,0.0,2.0,0.0,0.0,B01
201800005246,0.0,2,0,0.0,2.0,1.0,0.0,A01
201800005246,0.0,7,0,0.0,2.0,8.0,0.0,B01
201800005247,0.0,7,0,0.0,2.0,6.0,15.0,A01
201800005247,0.0,33,0,0.0,2.0,1.0,1.0,B01
201800005248,1.0,7,0,,,,,A01
201800005248,1.0,2,0,0.0,0.0,0.0,0.0,B01
201800005249,0.0,30,0,0.0,2.0,1.0,1.0,A01
201800005249,0.0,7,0,0.0,2.0,4.0,1.0,B01
201800005250,1.0,7,0,0.0,2.0,3.0,0.0,A01
201800005250,1.0,37,2,0.0,2.0,5.0,0.0,B01
201800005251,0.0,7,0,0.0,2.0,7.0,17.0,A01
201800005251,0.0,30,0,0.0,2.0,7.0,1.0,B01
201800005252,1.0,7,0,0.0,2.0,0.0,11.0,A01
201800005252,1.0,34,0,0.0,2.0,0.0,0.0,B01
201800005253,1.0,33,0,0.0,0.0,0.0,0.0,A01
201800005253,1.0,10,0,0.0,2.0,0.0,0.0,Z01
201800005254,1.0,30,0,14.0,0.0,1.0,2.0,A01
201800005255,1.0,37,4,,1.0,,,A01
201800005256,1.0,7,0,0.0,1.0,1.0,2.0,A01
201800005256,1.0,7,0,0.0,2.0,1.0,2.0,B01
201800005257,0.0,7,0,0.0,2.0,7.0,15.0,A01
201800005257,0.0,33,0,0.0,2.0,1.0,1.0,B01
201800005258,1.0,7,0,,1.0,,,A01
201800005259,0.0,31,0,0.0,1.0,1.0,21.0,A01
201800005260,0.0,32,0,0.0,2.0,0.0,0.0,A01
201800005260,0.0,7,0,0.0,2.0,0.0,11.0,B01
201800005261,2.0,7,0,0.0,1.0,2.0,0.0,A01
201800005262,0.0,7,0,0.0,1.0,0.0,1.0,A01
201800005263,1.0,7,0,0.0,2.0,3.0,15.0,A01
201800005263,1.0,34,0,0.0,2.0,1.0,1.0,B01
201800005264,1.0,7,0,0.0,2.0,3.0,9.0,A01
201800005264,1.0,34,0,0.0,2.0,1.0,1.0,B01
201800005265,1.0,1,0,0.0,2.0,3.0,21.0,A01
201800005265,1.0,7,0,0.0,2.0,5.0,1.0,B01
201800005266,1.0,7,0,0.0,2.0,1.0,15.0,A01