Num_Acc,senc,catv,occutc,obs,obsm,choc,manv,num_veh
201800005540,1.0,7,0,0.0,2.0,2.0,12.0,A01
201800005540,1.0,32,0,0.0,0.0,3.0,1.0,B01
201800005541,1.0,7,0,0.0,2.0,3.0,9.0,A01
201800005541,1.0,7,0,0.0,2.0,7.0,1.0,B01
201800005542,0.0,7,0,0.0,1.0,2.0,1.0,A01
201800005543,0.0,7,0,0.0,2.0,2.0,15.0,A01
201800005543,2.0,33,0,0.0,2.0,8.0,1.0,B01
201800005544,1.0,7,0,0.0,1.0,1.0,2.0,A01
201800005545,2.0,7,0,0.0,2.0,7.0,15.0,A01
201800005545,1.0,2,0,0.0,2.0,1.0,1.0,B01
201800005546,1.0,7,0,0.0,1.0,1.0,17.0,A01
201800005547,2.0,7,0,0.0,2.0,3.0,13.0,A01
201800005547,1.0,7,0,0.0,2.0,3.0,1.0,B01
201800005548,1.0,7,0,0.0,1.0,1.0,1.0,A01
201800005549,2.0,34,0,0.0,2.0,1.0,17.0,A01
201800005549,1.0,7,0,0.0,2.0,3.0,1.0,B01
201800005550,2.0,7,0,1.0,1.0,6.0,4.0,A01
201800005551,2.0,2,0,0.0,2.0,1.0,2.0,A01
201800005551,2.0,10,0,0.0,9.0,6.0,15.0,B01
201800005552,1.0,7,0,0.0,2.0,1.0,10.0,A01
201800005552,2.0,34,0,0.0,2.0,9.0,1.0,B01
201800005553,2.0,33,0,8.0,0.0,1.0,1.0,A01
201800005554,1.0,7,0,0.0,2.0,1.0,15.0,A01
201800005554,1.0,2,0,0.0,2.0,3.0,1.0,B01
201800005555,1.0,7,0,0.0,1.0,1.0,16.0,A01
201800005556,1.0,7,0,0.0,2.0,6.0,15.0,A01
201800005556,1.0,34,0,0.0,2.0,1.0,2.0,B01
201800005557,2.0,33,0,0.0,2.0,1.0,1.0,A01
201800005557,2.0,7,0,0.0,2.0,4.0,20.0,B01
201800005558,1.0,7,0,0.0,1.0,1.0,15.0,Z01
201800005559,2.0,33,0,0.0,2.0,2.0,2.0,A01
201800005559,2.0,7,0,0.0,2.0,4.0,23.0,B01
201800005560,2.0,33,0,8.0,2.0,1.0,17.0,A01
201800005560,2.0,7,0,8.0,2.0,8.0,15.0,B01
201800005561,1.0,10,0,0.0,2.0,2.0,1.0,A01
201800005561,1.0,7,0,0.0,2.0,4.0,1.0,B01
201800005561,1.0,7,0,0.0,2.0,4.0,1.0,C01
201800005561,1.0,10,0,0.0,2.0,7.0,1.0,D01
201800005562,1.0,7,0,0.0,2.0,3.0,1.0,A01
201800005562,2.0,7,0,0.0,2.0,3.0,13.0,B01
201800005563,2.0,7,0,0.0,2.0,1.0,15.0,A01
201800005563,1.0,31,0,0.0,2.0,1.0,1.0,B01
201800005564,1.0,7,0,0.0,2.0,3.0,15.0,A01
201800005564,2.0,34,0,0.0,2.0,0.0,0.0,B01
201800005565,2.0,31,0,0.0,1.0,1.0,21.0,A01
201800005566,2.0,31,0,0.0,2.0,1.0,2.0,A01
201800005566,2.0,14,0,0.0,2.0,6.0,24.0,B01
201800005567,1.0,7,0,0.0,2.0,1.0,2.0,A01
201800005567,1.0,1,0,0.0,2.0,9.0,23.0,B01
201800005567,1.0,10,0,0.0,2.0,4.0,23.0,C01
201800005568,1.0,7,0,0.0,2.0,8.0,1.0,B01
201800005568,1.0,31,0,0.0,2.0,1.0,5.0,A01
201800005569,2.0,31,0,0.0,2.0,8.0,13.0,A01
201800005569,2.0,32,0,0.0,2.0,1.0,8.0,B01
201800005569,1.0,7,0,0.0,2.0,3.0,1.0,C01
201800005570,1.0,7,0,0.0,2.0,1.0,2.0,A01
201800005570,1.0,33,0,0.0,2.0,4.0,23.0,B01
201800005571,1.0,33,0,0.0,2.0,1.0,17.0,A01
201800005571,1.0,7,0,0.0,2.0,6.0,15.0,B01
201800005572,2.0,7,0,0.0,9.0,3.0,10.0,A01
201800005572,2.0,32,0,0.0,2.0,1.0,17.0,B01
201800005573,1.0,7,0,3.0,2.0,3.0,13.0,A01
201800005573,1.0,31,0,0.0,2.0,2.0,1.0,B01
201800005574,1.0,10,0,0.0,2.0,7.0,14.0,A01
201800005574,1.0,2,0,0.0,2.0,8.0,1.0,B01
201800005575,2.0,7,0,0.0,2.0,6.0,10.0,A01
201800005575,1.0,33,0,0.0,2.0,1.0,1.0,B01
201800005576,1.0,14,0,0.0,1.0,1.0,11.0,A01
201800005577,1.0,33,0,0.0,2.0,1.0,0.0,A01
201800005577,1.0,7,0,0.0,0.0,5.0,1.0,B01
201800005578,1.0,7,0,8.0,2.0,1.0,15.0,A01
201800005578,1.0,7,0,1.0,2.0,8.0,15.0,B01
201800005579,1.0,31,0,2.0,0.0,1.0,13.0,A01
201800005580,0.0,7,0,0.0,2.0,8.0,1.0,A01
201800005580,0.0,1,0,0.0,2.0,1.0,5.0,B01
201800005581,1.0,7,0,0.0,2.0,6.0,10.0,A01
201800005581,1.0,33,0,0.0,2.0,1.0,21.0,B01
201800005582,0.0,7,0,0.0,1.0,1.0,17.0,A01
201800005583,1.0,7,0,0.0,1.0,3.0,1.0,A01
201800005584,2.0,31,0,0.0,2.0,6.0,18.0,A01
201800005584,2.0,7,0,0.0,2.0,2.0,1.0,B01
201800005585,1.0,7,0,0.0,0.0,4.0,1.0,A01
201800005585,1.0,7,0,0.0,2.0,1.0,2.0,B01
201800005586,1.0,7,0,0.0,1.0,1.0,1.0,A01
201800005587,2.0,7,0,3.0,0.0,9.0,15.0,A01
201800005588,2.0,32,0,8.0,0.0,1.0,0.0,A01
201800005589,2.0,7,0,0.0,2.0,2.0,15.0,A01
201800005589,1.0,33,0,0.0,2.0,1.0,1.0,B01
201800005590,1.0,7,0,0.0,2.0,2.0,19.0,A01
201800005590,0.0,7,0,0.0,2.0,3.0,9.0,B01
201800005591,1.0,7,0,0.0,1.0,3.0,15.0,A01
201800005592,2.0,1,0,0.0,2.0,4.0,23.0,B01
201800005592,2.0,7,0,0.0,2.0,1.0,2.0,A01
201800005593,1.0,37,3,0.0,2.0,6.0,1.0,B01
201800005593,2.0,37,3,0.0,2.0,2.0,1.0,A01
201800005594,2.0,7,0,6.0,0.0,1.0,1.0,A01
201800005595,2.0,33,0,6.0,0.0,1.0,0.0,A01
201800005596,1.0,31,0,0.0,2.0,1.0,11.0,A01
201800005596,1.0,7,0,0.0,2.0,4.0,1.0,B01
201800005596,1.0,7,0,0.0,2.0,7.0,11.0,C01
201800005597,1.0,2,0,0.0,2.0,0.0,0.0,A01
201800005597,1.0,7,0,0.0,2.0,1.0,1.0,B01
201800005598,0.0,10,0,0.0,2.0,6.0,9.0,A01
201800005598,1.0,33,0,1.0,2.0,1.0,0.0,B01
201800005599,1.0,7,0,0.0,2.0,3.0,1.0,C01
201800005599,1.0,33,0,0.0,2.0,3.0,1.0,B01
201800005599,1.0,7,0,0.0,2.0,7.0,16.0,A01
201800005600,2.0,7,0,0.0,1.0,1.0,1.0,A01
201800005601,2.0,7,0,0.0,1.0,3.0,1.0,A01
201800005602,1.0,7,0,0.0,2.0,3.0,19.0,B01
201800005602,2.0,10,0,0.0,2.0,1.0,1.0,A01
201800005603,1.0,31,0,0.0,2.0,2.0,1.0,A01
201800005603,1.0,7,0,0.0,2.0,3.0,15.0,B01
201800005604,1.0,7,0,14.0,0.0,4.0,1.0,B01
201800005604,1.0,7,0,0.0,2.0,1.0,2.0,A01
201800005605,2.0,2,0,0.0,2.0,7.0,1.0,A01
201800005605,2.0,7,0,0.0,2.0,3.0,15.0,B01
201800005606,1.0,33,0,12.0,0.0,1.0,15.0,A01
201800005607,0.0,7,0,0.0,1.0,2.0,1.0,A01
201800005608,0.0,7,0,0.0,1.0,1.0,16.0,A01
201800005609,1.0,7,0,0.0,1.0,3.0,2.0,A01
201800005610,1.0,7,0,0.0,2.0,7.0,1.0,B01
201800005610,0.0,10,0,0.0,2.0,1.0,19.0,A01
201800005611,2.0,7,0,0.0,2.0,4.0,23.0,A01
201800005611,2.0,7,0,0.0,2.0,1.0,9.0,B01
201800005612,1.0,33,0,0.0,2.0,7.0,1.0,B01
201800005612,2.0,7,0,0.0,2.0,1.0,19.0,A01
201800005613,2.0,7,0,0.0,2.0,4.0,23.0,C01
201800005613,2.0,7,0,0.0,2.0,1.0,2.0,A01
201800005613,2.0,7,0,0.0,2.0,4.0,23.0,B01
201800005614,2.0,7,0,9.0,2.0,1.0,1.0,B01
201800005614,1.0,7,0,9.0,2.0,9.0,16.0,A01
201800005615,0.0,7,0,0.0,1.0,1.0,0.0,A01
201800005616,2.0,7,0,0.0,2.0,1.0,1.0,B01
201800005616,1.0,31,0,0.0,2.0,1.0,19.0,A01
201800005617,2.0,2,0,0.0,2.0,1.0,1.0,A01
201800005617,2.0,10,0,0.0,9.0,7.0,19.0,B01
201800005618,0.0,10,0,1.0,0.0,4.0,2.0,A01
201800005618,0.0,7,0,1.0,0.0,4.0,23.0,B01
201800005618,0.0,7,0,1.0,0.0,4.0,23.0,C01
201800005618,0.0,7,0,1.0,2.0,4.0,23.0,D01
201800005618,0.0,7,0,1.0,2.0,4.0,23.0,E01
201800005619,2.0,7,0,0.0,2.0,8.0,1.0,A01
201800005619,0.0,7,0,0.0,2.0,2.0,12.0,B01
201800005620,1.0,7,0,0.0,2.0,2.0,1.0,B01
201800005620,1.0,31,0,0.0,2.0,1.0,1.0,A01
201800005621,1.0,7,0,0.0,2.0,2.0,1.0,B01
201800005621,1.0,7,0,8.0,2.0,1.0,14.0,A01
201800005622,0.0,40,3,0.0,1.0,7.0,1.0,A01
201800005623,1.0,34,0,0.0,2.0,1.0,17.0,A01
201800005623,2.0,34,0,0.0,2.0,1.0,1.0,B01
201800005624,1.0,7,0,0.0,1.0,1.0,1.0,A01
201800005625,2.0,33,0,0.0,2.0,1.0,2.0,A01
201800005625,2.0,7,0,0.0,2.0,4.0,23.0,B01
201800005626,1.0,7,0,0.0,2.0,1.0,2.0,A01
201800005626,1.0,7,0,0.0,2.0,5.0,2.0,B01
201800005627,1.0,7,0,0.0,1.0,1.0,1.0,A01
201800005628,1.0,10,0,1.0,0.0,1.0,16.0,A01
201800005629,0.0,7,0,0.0,2.0,2.0,9.0,A01
201800005629,0.0,7,0,0.0,2.0,1.0,1.0,B01
201800005630,1.0,7,0,0.0,2.0,0.0,1.0,A01
201800005630,1.0,34,0,0.0,2.0,6.0,1.0,B01
201800005631,2.0,30,0,0.0,2.0,7.0,17.0,A01
201800005631,2.0,2,0,0.0,2.0,8.0,14.0,B01
201800005632,0.0,7,0,14.0,0.0,4.0,0.0,C01
201800005632,0.0,7,0,0.0,2.0,1.0,2.0,A01
201800005632,0.0,7,0,0.0,2.0,0.0,2.0,B01
201800005633,0.0,30,0,0.0,2.0,1.0,1.0,A01
201800005633,0.0,34,0,0.0,2.0,2.0,1.0,B01
201800005633,0.0,7,0,0.0,2.0,3.0,1.0,C01
201800005634,0.0,10,0,0.0,2.0,1.0,1.0,A01
201800005634,0.0,10,0,0.0,2.0,1.0,13.0,B01
201800005635,2.0,10,0,0.0,1.0,2.0,1.0,A01
201800005636,2.0,7,0,13.0,2.0,3.0,13.0,A01
201800005636,1.0,7,0,3.0,2.0,3.0,1.0,B01
201800005637,2.0,40,3,0.0,1.0,5.0,1.0,A01
201800005638,0.0,7,0,0.0,2.0,1.0,2.0,A01
201800005638,0.0,7,0,0.0,2.0,4.0,1.0,B01
201800005639,2.0,7,0,0.0,1.0,1.0,15.0,A01
201800005640,1.0,7,0,1.0,2.0,1.0,1.0,B01
201800005640,2.0,7,0,1.0,2.0,7.0,1.0,A01
201800005641,1.0,7,0,0.0,1.0,1.0,15.0,A01
201800005642,2.0,30,0,1.0,0.0,2.0,1.0,A01
201800005642,0.0,7,0,0.0,2.0,6.0,24.0,B01
201800005643,2.0,34,0,0.0,2.0,1.0,21.0,A01
201800005643,1.0,37,3,0.0,2.0,3.0,1.0,B01
201800005643,0.0,7,0,0.0,6.0,0.0,15.0,Z01
201800005644,1.0,7,0,0.0,1.0,1.0,1.0,A01
201800005645,0.0,7,0,0.0,2.0,6.0,16.0,B01
201800005645,0.0,99,0,0.0,2.0,3.0,1.0,A01
201800005646,1.0,7,0,0.0,2.0,3.0,13.0,A01
201800005646,2.0,2,0,0.0,2.0,8.0,1.0,B01
201800005647,1.0,33,0,1.0,0.0,2.0,1.0,A01
201800005648,1.0,7,0,0.0,2.0,2.0,1.0,A01
201800005648,2.0,2,0,0.0,2.0,1.0,0.0,B01
201800005649,1.0,7,0,0.0,1.0,1.0,15.0,A01
201800005650,1.0,34,0,0.0,1.0,2.0,17.0,A01
201800005651,0.0,7,0,0.0,2.0,1.0,0.0,A01
201800005651,2.0,1,0,0.0,2.0,1.0,1.0,B01
201800005652,1.0,10,0,1.0,2.0,3.0,15.0,A01
201800005652,1.0,34,0,0.0,2.0,1.0,1.0,B01
201800005653,1.0,30,0,0.0,2.0,1.0,2.0,A01
201800005653,1.0,7,0,0.0,2.0,6.0,2.0,B01
201800005653,2.0,7,0,0.0,2.0,3.0,0.0,C01
201800005654,1.0,30,0,1.0,2.0,8.0,2.0,A01
201800005654,1.0,7,0,0.0,2.0,2.0,2.0,B01
201800005654,1.0,2,0,0.0,2.0,1.0,1.0,C01
201800005655,1.0,7,0,0.0,1.0,2.0,1.0,A01
201800005656,0.0,2,0,0.0,2.0,1.0,1.0,B01
201800005656,0.0,7,0,0.0,2.0,3.0,15.0,A01
201800005657,2.0,7,0,1.0,2.0,7.0,1.0,A01
201800005657,2.0,32,0,1.0,2.0,1.0,1.0,B01
201800005658,1.0,34,0,0.0,2.0,3.0,13.0,A01
201800005658,2.0,7,0,0.0,2.0,8.0,1.0,B01
201800005659,0.0,32,0,0.0,2.0,9.0,1.0,B01
201800005659,0.0,7,0,0.0,2.0,1.0,15.0,A01
201800005660,1.0,7,0,0.0,2.0,7.0,1.0,B01
201800005660,1.0,10,0,0.0,2.0,1.0,1.0,A01
201800005661,1.0,7,0,0.0,1.0,1.0,0.0,A01
201800005662,1.0,7,0,0.0,2.0,2.0,15.0,A01
201800005662,2.0,33,0,0.0,2.0,1.0,1.0,B01
201800005662,1.0,7,0,0.0,2.0,1.0,1.0,C01
201800005663,1.0,10,0,0.0,2.0,6.0,15.0,A01
201800005663,1.0,30,0,0.0,2.0,1.0,17.0,B01
201800005663,1.0,30,0,0.0,2.0,1.0,17.0,C01
201800005664,0.0,7,0,0.0,2.0,3.0,15.0,A01
201800005664,0.0,33,0,0.0,2.0,1.0,2.0,B01
201800005665,1.0,7,0,0.0,1.0,1.0,1.0,A01
201800005666,0.0,7,0,0.0,2.0,3.0,15.0,A01
201800005666,0.0,30,0,0.0,2.0,1.0,1.0,B01
201800005667,0.0,30,0,0.0,2.0,5.0,15.0,A01
201800005667,0.0,32,0,0.0,2.0,3.0,1.0,B01
201800005668,0.0,7,0,0.0,4.0,6.0,0.0,A01
201800005668,1.0,40,50,0.0,2.0,3.0,1.0,B01
201800005669,0.0,7,0,0.0,1.0,4.0,4.0,A01
201800005670,0.0,33,0,0.0,2.0,1.0,1.0,B01
201800005670,0.0,7,0,0.0,2.0,8.0,15.0,A01
201800005671,0.0,7,0,0.0,2.0,7.0,1.0,A01
201800005671,0.0,2,0,0.0,2.0,1.0,1.0,B01
201800005672,1.0,10,0,0.0,0.0,6.0,1.0,B01
201800005672,1.0,31,0,0.0,2.0,2.0,11.0,A01
201800005673,1.0,7,0,0.0,1.0,3.0,1.0,A01
201800005674,0.0,10,0,0.0,1.0,0.0,0.0,A01
201800005675,1.0,7,0,0.0,1.0,2.0,15.0,A01
201800005676,1.0,7,0,0.0,2.0,7.0,15.0,A01
201800005676,2.0,33,0,0.0,2.0,1.0,1.0,B01
201800005677,0.0,30,0,0.0,2.0,1.0,1.0,A01
201800005677,0.0,7,0,0.0,2.0,3.0,15.0,B01
201800005678,0.0,99,0,1.0,1.0,2.0,0.0,A01
201800005679,1.0,34,0,0.0,1.0,1.0,1.0,A01
201800005680,1.0,7,0,0.0,2.0,1.0,1.0,A01
201800005680,2.0,1,0,0.0,2.0,0.0,1.0,B01
201800005681,0.0,7,0,0.0,2.0,2.0,19.0,A01
201800005681,0.0,34,0,0.0,2.0,1.0,19.0,B01
201800005682,0.0,7,0,0.0,2.0,1.0,1.0,A01
201800005682,0.0,7,0,0.0,2.0,2.0,1.0,B01
201800005683,1.0,30,0,0.0,2.0,1.0,2.0,A01
201800005683,1.0,7,0,0.0,2.0,4.0,2.0,B01
201800005684,0.0,7,0,0.0,2.0,4.0,9.0,A01
201800005684,1.0,33,0,0.0,2.0,1.0,1.0,B01
201800005685,2.0,7,0,0.0,2.0,2.0,15.0,A01
201800005685,1.0,31,0,0.0,2.0,1.0,0.0,B01
201800005686,1.0,99,0,9.0,0.0,1.0,0.0,A01
201800005687,2.0,7,0,0.0,1.0,1.0,1.0,A01
201800005688,2.0,17,0,0.0,2.0,2.0,15.0,A01
201800005688,1.0,7,0,0.0,2.0,3.0,1.0,B01
201800005689,0.0,32,0,0.0,2.0,4.0,0.0,A01
201800005689,0.0,33,0,0.0,2.0,1.0,0.0,B01
201800005690,0.0,30,0,0.0,2.0,7.0,0.0,A01
201800005690,1.0,7,0,0.0,2.0,1.0,1.0,B01
201800005691,1.0,7,0,0.0,2.0,5.0,1.0,A01
201800005691,1.0,2,0,0.0,2.0,3.0,2.0,B01
201800005692,0.0,34,0,0.0,2.0,2.0,18.0,A01
201800005692,0.0,10,0,0.0,2.0,6.0,23.0,B01
201800005692,0.0,7,0,0.0,2.0,7.0,1.0,C01
201800005693,1.0,20,0,0.0,2.0,5.0,12.0,A01
201800005693,1.0,34,0,0.0,2.0,8.0,2.0,B01
201800005694,2.0,99,0,0.0,2.0,1.0,0.0,A01
201800005694,2.0,13,0,0.0,2.0,1.0,21.0,B01
201800005695,2.0,7,0,0.0,0.0,0.0,15.0,A01
201800005695,1.0,30,0,0.0,0.0,0.0,1.0,B01
201800005696,2.0,10,0,15.0,2.0,1.0,1.0,A01
201800005696,2.0,10,0,0.0,2.0,4.0,0.0,B01
201800005697,1.0,10,0,0.0,2.0,3.0,23.0,A01
201800005697,1.0,2,0,1.0,0.0,1.0,13.0,B01
201800005698,1.0,30,0,0.0,1.0,8.0,15.0,A01
201800005699,0.0,30,0,1.0,0.0,3.0,0.0,A01
201800005699,0.0,10,0,0.0,2.0,0.0,0.0,B01
201800005700,1.0,10,0,0.0,2.0,6.0,9.0,A01
201800005700,1.0,33,0,0.0,2.0,1.0,1.0,B01
201800005701,2.0,7,0,0.0,1.0,1.0,1.0,Z01
201800005702,1.0,7,0,0.0,2.0,3.0,15.0,A01
201800005702,1.0,32,0,0.0,2.0,3.0,1.0,B01
201800005703,2.0,33,0,0.0,2.0,3.0,1.0,B01
201800005703,1.0,7,0,0.0,2.0,3.0,17.0,A01
201800005704,1.0,7,0,0.0,2.0,3.0,16.0,A01
201800005704,1.0,33,0,0.0,2.0,7.0,0.0,B01
201800005705,0.0,7,0,0.0,2.0,2.0,10.0,A01
201800005705,2.0,10,0,0.0,2.0,3.0,1.0,B01
201800005706,1.0,7,0,0.0,2.0,3.0,0.0,B01
201800005706,0.0,7,0,0.0,2.0,2.0,0.0,A01
201800005707,2.0,7,0,0.0,1.0,1.0,1.0,A01
201800005708,1.0,40,2,0.0,2.0,2.0,2.0,A01
201800005708,0.0,1,0,0.0,4.0,8.0,19.0,B01
201800005709,1.0,30,0,0.0,2.0,2.0,17.0,A01
201800005709,1.0,10,0,0.0,2.0,3.0,1.0,B01
201800005710,2.0,10,0,0.0,1.0,2.0,10.0,A01
201800005711,1.0,30,0,0.0,1.0,0.0,1.0,A01
201800005712,0.0,7,0,0.0,2.0,0.0,0.0,B01
201800005712,0.0,7,0,0.0,2.0,0.0,0.0,C01
201800005712,0.0,7,0,0.0,6.0,3.0,9.0,A01
201800005713,1.0,7,0,0.0,2.0,7.0,15.0,A01
201800005713,2.0,30,0,0.0,2.0,0.0,1.0,B01
201800005714,1.0,7,0,0.0,2.0,3.0,10.0,A01
201800005714,1.0,7,0,0.0,2.0,7.0,1.0,B01
201800005715,0.0,32,0,0.0,1.0,3.0,1.0,A01
201800005716,1.0,34,0,0.0,1.0,1.0,0.0,A01
201800005717,1.0,7,0,0.0,2.0,3.0,13.0,A01
201800005717,2.0,7,0,0.0,2.0,1.0,1.0,B01
201800005718,1.0,33,0,0.0,2.0,1.0,17.0,A01
201800005718,1.0,7,0,0.0,2.0,3.0,15.0,B01
201800005719,2.0,7,0,2.0,2.0,1.0,1.0,A01
201800005719,0.0,7,0,0.0,2.0,3.0,9.0,B01
201800005720,0.0,30,0,4.0,0.0,1.0,1.0,A01
201800005721,0.0,1,0,0.0,2.0,1.0,0.0,B01
201800005721,0.0,7,0,0.0,2.0,0.0,0.0,Z01
201800005722,1.0,10,0,9.0,6.0,2.0,8.0,A01
201800005723,1.0,31,0,0.0,2.0,1.0,1.0,A01
201800005723,1.0,7,0,0.0,2.0,5.0,0.0,B01
201800005724,1.0,7,0,0.0,2.0,3.0,15.0,A01
201800005724,2.0,33,0,15.0,2.0,1.0,1.0,B01
201800005725,1.0,7,0,0.0,1.0,1.0,1.0,A01
201800005726,1.0,30,0,0.0,1.0,7.0,0.0,A01
201800005727,0.0,1,0,0.0,1.0,8.0,0.0,A01
201800005728,0.0,7,0,0.0,2.0,3.0,9.0,A01
201800005728,1.0,7,0,0.0,2.0,2.0,1.0,B01
201800005729,1.0,7,0,0.0,2.0,3.0,20.0,A01
201800005729,1.0,2,0,0.0,2.0,1.0,1.0,B01
201800005730,1.0,14,0,0.0,1.0,3.0,1.0,A01
201800005731,1.0,37,4,4.0,2.0,1.0,2.0,A01
201800005731,1.0,10,0,0.0,2.0,0.0,0.0,B01
201800005731,1.0,10,0,0.0,2.0,0.0,0.0,C01
201800005731,1.0,10,0,0.0,2.0,5.0,23.0,D01
201800005731,1.0,10,0,0.0,2.0,4.0,0.0,E01
201800005731,1.0,10,0,0.0,2.0,4.0,23.0,F01
201800005731,1.0,10,0,0.0,2.0,4.0,23.0,G01
201800005731,1.0,10,0,0.0,2.0,4.0,23.0,H01
201800005731,1.0,10,0,0.0,2.0,5.0,23.0,I01
201800005731,1.0,10,0,0.0,2.0,0.0,0.0,J01
201800005731,2.0,10,0,0.0,2.0,0.0,0.0,K01
201800005731,1.0,10,0,0.0,2.0,7.0,0.0,L01
201800005731,1.0,1,0,0.0,2.0,4.0,1.0,M01
201800005732,0.0,10,0,0.0,2.0,3.0,15.0,A01
201800005732,0.0,2,0,0.0,2.0,2.0,15.0,B01
201800005733,1.0,7,0,0.0,2.0,3.0,1.0,B01
201800005733,1.0,32,0,0.0,2.0,1.0,1.0,A01
201800005734,1.0,7,0,0.0,2.0,8.0,1.0,B01
201800005734,1.0,7,0,0.0,2.0,1.0,0.0,A01
201800005735,1.0,2,0,0.0,2.0,8.0,1.0,B01
201800005735,1.0,10,0,0.0,2.0,1.0,15.0,A01
201800005736,1.0,30,0,0.0,2.0,1.0,1.0,A01
201800005736,1.0,10,0,14.0,0.0,8.0,1.0,B01
201800005737,1.0,32,0,1.0,0.0,1.0,2.0,A01
201800005738,1.0,33,0,0.0,1.0,1.0,0.0,A01
201800005738,2.0,7,0,0.0,2.0,3.0,0.0,B01
201800005739,2.0,33,0,3.0,0.0,7.0,1.0,A01
201800005740,0.0,2,0,0.0,2.0,8.0,0.0,A01
201800005740,1.0,7,0,0.0,2.0,2.0,0.0,B01
201800005741,1.0,7,0,0.0,2.0,1.0,1.0,A01
201800005741,1.0,33,0,0.0,2.0,4.0,1.0,B01
201800005742,1.0,33,0,0.0,2.0,1.0,13.0,A01
201800005742,2.0,7,0,0.0,2.0,1.0,1.0,B01
201800005743,2.0,33,0,0.0,0.0,0.0,11.0,A01
201800005744,2.0,33,0,0.0,2.0,2.0,17.0,A01
201800005744,2.0,7,0,0.0,2.0,8.0,0.0,B01
201800005745,0.0,30,0,14.0,0.0,1.0,21.0,A01
201800005745,0.0,33,0,0.0,0.0,4.0,1.0,B01
201800005746,0.0,7,0,0.0,2.0,3.0,15.0,A01
201800005746,2.0,33,0,0.0,2.0,1.0,13.0,B01
201800005746,2.0,33,0,0.0,0.0,0.0,0.0,C01
201800005747,0.0,20,0,0.0,0.0,7.0,15.0,A01
201800005748,0.0,7,0,0.0,2.0,6.0,0.0,A01
201800005748,1.0,32,0,0.0,2.0,3.0,1.0,B01
201800005749,2.0,7,0,0.0,2.0,8.0,15.0,A01
201800005749,1.0,34,0,0.0,2.0,1.0,1.0,B01
201800005750,1.0,34,0,15.0,2.0,6.0,18.0,A01
201800005750,1.0,10,0,0.0,2.0,7.0,12.0,B01
201800005751,1.0,7,0,0.0,2.0,5.0,12.0,A01
201800005751,1.0,33,0,0.0,2.0,8.0,1.0,B01
201800005752,2.0,30,0,0.0,2.0,1.0,0.0,A01
201800005752,2.0,7,0,0.0,2.0,4.0,0.0,B01
201800005753,1.0,1,0,0.0,2.0,1.0,1.0,B01
201800005753,1.0,7,0,0.0,6.0,6.0,15.0,A01
201800005754,1.0,33,0,0.0,1.0,1.0,0.0,A01
201800005755,1.0,10,0,0.0,2.0,2.0,2.0,A01
201800005755,1.0,34,0,0.0,2.0,4.0,2.0,B01
201800005756,2.0,7,0,0.0,2.0,3.0,19.0,A01
201800005756,1.0,33,0,0.0,2.0,1.0,1.0,B01
201800005757,1.0,40,50,0.0,1.0,7.0,1.0,A01
201800005758,2.0,31,0,0.0,2.0,1.0,1.0,B01
201800005758,1.0,7,0,0.0,2.0,2.0,15.0,A01
201800005759,0.0,33,0,0.0,2.0,3.0,0.0,B01
201800005759,0.0,7,0,0.0,2.0,0.0,0.0,Z01
201800005760,1.0,7,0,0.0,6.0,2.0,19.0,A01
201800005760,1.0,30,0,0.0,2.0,1.0,19.0,B01
201800005761,1.0,7,0,0.0,1.0,1.0,1.0,A01
201800005762,1.0,10,0,0.0,2.0,1.0,15.0,A01
201800005762,2.0,2,0,0.0,2.0,1.0,1.0,B01
201800005763,0.0,7,0,0.0,2.0,1.0,13.0,A01
201800005763,0.0,33,0,0.0,2.0,4.0,1.0,B01
201800005764,1.0,7,0,0.0,2.0,1.0,1.0,A01
201800005764,1.0,2,0,0.0,2.0,4.0,2.0,B01
201800005764,1.0,7,0,0.0,2.0,4.0,2.0,C01
201800005765,0.0,10,0,0.0,1.0,1.0,15.0,A01
201800005766,0.0,30,0,0.0,1.0,1.0,1.0,A01
201800005767,2.0,30,0,0.0,1.0,1.0,1.0,A01
201800005768,0.0,30,0,0.0,2.0,1.0,13.0,A01
201800005768,0.0,7,0,0.0,2.0,0.0,0.0,B01
201800005769,1.0,7,0,1.0,2.0,1.0,2.0,A01
201800005769,1.0,7,0,0.0,2.0,4.0,2.0,B01
201800005769,2.0,33,0,0.0,2.0,3.0,0.0,C01
201800005769,1.0,7,0,1.0,2.0,8.0,24.0,W01
201800005770,1.0,2,0,0.0,2.0,8.0,15.0,A01
201800005770,1.0,7,0,0.0,2.0,2.0,1.0,B01
201800005771,1.0,14,0,0.0,2.0,5.0,12.0,A01
201800005771,1.0,1,0,0.0,2.0,8.0,1.0,B01
201800005772,1.0,10,0,0.0,1.0,3.0,1.0,A01
201800005773,1.0,32,0,0.0,2.0,7.0,15.0,A01
201800005773,1.0,7,0,0.0,2.0,8.0,15.0,B01
201800005774,1.0,7,0,0.0,2.0,1.0,0.0,A01
201800005774,1.0,7,0,0.0,2.0,4.0,1.0,B01
201800005774,1.0,7,0,0.0,2.0,2.0,0.0,C01
201800005775,1.0,34,0,0.0,1.0,1.0,18.0,A01
201800005776,2.0,34,0,0.0,1.0,3.0,7.0,A01