Num_Acc,senc,catv,occutc,obs,obsm,choc,manv,num_veh
201800005777,1.0,7,0,0.0,2.0,6.0,15.0,A01
201800005777,1.0,33,0,0.0,2.0,1.0,17.0,B01
201800005778,1.0,7,0,0.0,2.0,7.0,16.0,A01
201800005778,1.0,33,0,0.0,2.0,1.0,1.0,B01
201800005779,1.0,40,4,0.0,2.0,3.0,1.0,B01
201800005779,1.0,10,0,0.0,4.0,3.0,16.0,A01
201800005780,2.0,10,0,0.0,2.0,2.0,1.0,B01
201800005780,1.0,30,0,0.0,2.0,1.0,1.0,A01
201800005781,0.0,7,0,0.0,2.0,1.0,2.0,A01
201800005781,0.0,33,0,0.0,2.0,9.0,2.0,B01
201800005781,0.0,7,0,1.0,2.0,0.0,2.0,Z01
201800005782,2.0,33,0,0.0,2.0,1.0,1.0,A01
201800005782,1.0,7,0,0.0,2.0,6.0,1.0,B01
201800005783,1.0,10,0,0.0,1.0,3.0,15.0,A01
201800005784,0.0,7,0,0.0,2.0,3.0,0.0,A01
201800005784,0.0,7,0,0.0,2.0,2.0,15.0,B01
201800005785,1.0,7,0,0.0,1.0,1.0,1.0,A01
201800005786,0.0,7,0,0.0,1.0,3.0,21.0,A01
201800005787,1.0,7,0,0.0,2.0,4.0,2.0,B01
201800005787,1.0,7,0,0.0,2.0,1.0,2.0,A01
201800005788,0.0,7,0,0.0,1.0,3.0,0.0,A01
201800005789,1.0,7,0,0.0,2.0,4.0,23.0,D01
201800005789,1.0,7,0,0.0,2.0,1.0,1.0,A01
201800005789,1.0,7,0,0.0,2.0,4.0,1.0,C01
201800005789,1.0,7,0,0.0,2.0,4.0,1.0,B01
201800005790,1.0,7,0,1.0,0.0,2.0,1.0,A01
201800005791,0.0,31,0,0.0,2.0,1.0,18.0,A01
201800005791,0.0,7,0,0.0,2.0,5.0,12.0,B01
201800005792,1.0,30,0,0.0,2.0,1.0,9.0,A01
201800005792,1.0,14,0,0.0,2.0,5.0,1.0,B01
201800005793,0.0,10,0,0.0,1.0,1.0,1.0,A01
201800005794,0.0,7,0,0.0,1.0,1.0,15.0,A01
201800005795,0.0,7,0,0.0,1.0,1.0,0.0,A01
201800005796,0.0,31,0,0.0,2.0,1.0,0.0,A01
201800005796,0.0,7,0,0.0,2.0,1.0,0.0,B01
201800005797,2.0,32,0,0.0,2.0,1.0,18.0,A01
201800005797,2.0,7,0,0.0,2.0,5.0,1.0,B01
201800005798,2.0,7,0,0.0,2.0,2.0,1.0,A01
201800005798,1.0,2,0,0.0,2.0,1.0,1.0,B01
201800005799,2.0,7,0,2.0,2.0,1.0,18.0,A01
201800005799,2.0,7,0,0.0,2.0,1.0,0.0,B01
201800005800,0.0,7,0,0.0,2.0,4.0,0.0,A01
201800005800,1.0,7,0,0.0,2.0,1.0,0.0,B01
201800005801,2.0,7,0,0.0,2.0,8.0,15.0,B01
201800005801,1.0,33,0,0.0,2.0,1.0,21.0,A01
201800005802,0.0,32,0,0.0,2.0,2.0,0.0,A01
201800005802,0.0,7,0,0.0,2.0,2.0,0.0,B01
201800005803,1.0,32,0,0.0,1.0,6.0,13.0,A01
201800005803,1.0,10,0,0.0,2.0,3.0,1.0,B01
201800005804,0.0,32,0,0.0,1.0,1.0,13.0,A01
201800005805,2.0,7,0,0.0,1.0,2.0,1.0,A01
201800005806,2.0,1,0,0.0,4.0,8.0,15.0,A01
201800005806,2.0,40,1,0.0,2.0,1.0,1.0,B01
201800005807,1.0,10,0,0.0,2.0,2.0,0.0,A01
201800005807,1.0,33,0,1.0,2.0,9.0,2.0,B01
201800005808,0.0,7,0,0.0,2.0,4.0,2.0,B01
201800005808,0.0,7,0,0.0,2.0,1.0,2.0,A01
201800005809,1.0,7,0,0.0,2.0,7.0,1.0,A01
201800005809,2.0,7,0,0.0,2.0,1.0,1.0,B01
201800005810,0.0,1,0,0.0,2.0,7.0,23.0,A01
201800005810,1.0,1,0,0.0,2.0,1.0,21.0,B01
201800005811,1.0,7,0,9.0,2.0,9.0,15.0,A01
201800005811,1.0,7,0,0.0,2.0,1.0,1.0,B01
201800005811,1.0,2,0,0.0,2.0,8.0,1.0,C01
201800005812,0.0,7,0,0.0,2.0,1.0,15.0,A01
201800005812,0.0,33,0,0.0,2.0,1.0,0.0,B01
201800005813,0.0,7,0,0.0,2.0,1.0,15.0,A01
201800005813,0.0,33,0,0.0,2.0,3.0,1.0,B01
201800005814,1.0,31,0,1.0,0.0,2.0,1.0,A01
201800005815,1.0,33,0,0.0,2.0,8.0,1.0,B01
201800005815,1.0,10,0,0.0,2.0,2.0,1.0,A01
201800005816,1.0,30,0,0.0,2.0,1.0,2.0,A01
201800005816,1.0,32,0,0.0,2.0,4.0,2.0,B01
201800005817,1.0,7,0,0.0,2.0,1.0,2.0,A01
201800005817,1.0,7,0,0.0,2.0,4.0,23.0,B01
201800005818,2.0,1,0,0.0,1.0,1.0,1.0,A01
201800005819,2.0,7,0,0.0,2.0,1.0,0.0,A01
201800005819,2.0,33,0,0.0,2.0,4.0,0.0,B01
201800005820,2.0,7,0,16.0,0.0,1.0,2.0,A01
201800005820,1.0,2,0,0.0,2.0,3.0,2.0,B01
201800005821,2.0,7,0,0.0,1.0,2.0,0.0,A01
201800005822,2.0,1,0,0.0,2.0,1.0,0.0,A01
201800005822,1.0,7,0,0.0,6.0,7.0,15.0,B01
201800005823,1.0,33,0,0.0,2.0,3.0,13.0,A01
201800005823,2.0,31,0,0.0,2.0,3.0,1.0,B01
201800005824,1.0,1,0,0.0,2.0,4.0,12.0,A01
201800005824,1.0,7,0,0.0,6.0,3.0,1.0,B01
201800005825,1.0,10,0,0.0,2.0,7.0,20.0,A01
201800005825,1.0,2,0,0.0,2.0,1.0,1.0,B01
201800005826,2.0,30,0,0.0,2.0,1.0,1.0,A01
201800005826,2.0,33,0,0.0,2.0,4.0,23.0,B01
201800005827,1.0,33,0,0.0,2.0,1.0,9.0,A01
201800005827,1.0,7,0,0.0,2.0,6.0,9.0,B01
201800005828,0.0,7,0,0.0,2.0,0.0,0.0,A01
201800005828,2.0,33,0,0.0,2.0,6.0,21.0,B01
201800005829,0.0,10,0,0.0,1.0,0.0,0.0,A01
201800005830,1.0,10,0,0.0,1.0,1.0,15.0,A01
201800005831,2.0,7,0,0.0,2.0,4.0,0.0,A01
201800005831,2.0,33,0,0.0,2.0,1.0,2.0,B01
201800005832,1.0,10,0,0.0,1.0,0.0,0.0,Z01
201800005833,1.0,20,0,0.0,2.0,3.0,1.0,A01
201800005833,2.0,30,0,0.0,2.0,1.0,1.0,B01
201800005834,1.0,33,0,0.0,2.0,1.0,1.0,A01
201800005834,1.0,10,0,0.0,2.0,4.0,15.0,B01
201800005834,1.0,20,0,0.0,2.0,6.0,1.0,C01
201800005835,1.0,7,0,0.0,2.0,3.0,10.0,A01
201800005835,1.0,33,0,0.0,2.0,2.0,0.0,B01
201800005836,2.0,31,0,0.0,2.0,1.0,13.0,A01
201800005836,1.0,37,2,0.0,2.0,3.0,1.0,B01
201800005837,2.0,10,0,0.0,1.0,1.0,0.0,A01
201800005838,2.0,14,0,0.0,1.0,3.0,1.0,A01
201800005839,1.0,31,0,0.0,2.0,1.0,1.0,B01
201800005839,2.0,7,0,0.0,2.0,2.0,1.0,A01
201800005840,2.0,30,0,0.0,1.0,1.0,0.0,A01
201800005841,0.0,32,0,0.0,1.0,1.0,19.0,A01
201800005842,1.0,10,0,0.0,1.0,1.0,1.0,A01
201800005843,0.0,7,0,0.0,2.0,1.0,1.0,B01
201800005843,0.0,7,0,0.0,0.0,1.0,13.0,A01
201800005843,0.0,32,0,0.0,2.0,1.0,1.0,C01
201800005844,0.0,33,0,0.0,1.0,1.0,21.0,A01
201800005845,0.0,10,0,0.0,2.0,8.0,15.0,A01
201800005845,0.0,31,0,0.0,2.0,2.0,1.0,B01
201800005846,2.0,1,0,0.0,1.0,1.0,1.0,A01
201800005847,1.0,30,0,0.0,2.0,1.0,1.0,A01
201800005847,1.0,7,0,0.0,0.0,0.0,0.0,Z01
201800005848,2.0,7,0,0.0,2.0,1.0,15.0,A01
201800005848,1.0,30,0,0.0,2.0,1.0,1.0,B01
201800005849,2.0,7,0,0.0,2.0,2.0,15.0,A01
201800005849,1.0,30,0,0.0,2.0,1.0,1.0,B01
201800005850,2.0,33,0,0.0,1.0,2.0,3.0,A01
201800005851,2.0,33,0,0.0,2.0,1.0,1.0,A01
201800005851,2.0,7,0,0.0,2.0,8.0,1.0,B01
201800005852,1.0,7,0,0.0,2.0,5.0,10.0,A01
201800005852,1.0,34,0,0.0,2.0,1.0,1.0,B01
201800005853,1.0,7,0,0.0,1.0,3.0,1.0,A01
201800005854,0.0,7,0,0.0,1.0,1.0,1.0,A01
201800005855,2.0,7,0,0.0,1.0,1.0,1.0,A01
201800005856,2.0,7,0,1.0,0.0,0.0,0.0,A01
201800005857,2.0,33,0,0.0,1.0,4.0,18.0,A01
201800005857,2.0,7,0,0.0,2.0,2.0,16.0,B01
201800005858,0.0,99,0,0.0,0.0,2.0,19.0,A01
201800005858,0.0,7,0,0.0,0.0,2.0,1.0,B01
201800005859,0.0,32,0,0.0,2.0,1.0,17.0,A01
201800005859,0.0,30,0,0.0,2.0,6.0,2.0,B01
201800005860,2.0,7,0,0.0,2.0,7.0,1.0,B01
201800005860,0.0,10,0,0.0,2.0,1.0,0.0,A01
201800005861,0.0,1,0,0.0,0.0,0.0,0.0,A01
201800005861,0.0,2,0,0.0,0.0,0.0,1.0,B01
201800005862,1.0,2,0,0.0,1.0,1.0,17.0,A01
201800005863,1.0,7,0,0.0,2.0,1.0,0.0,A01
201800005863,1.0,7,0,0.0,2.0,4.0,23.0,B01
201800005864,0.0,32,0,0.0,2.0,1.0,21.0,B01
201800005864,0.0,7,0,0.0,2.0,5.0,0.0,A01
201800005865,1.0,20,0,0.0,2.0,3.0,1.0,A01
201800005865,1.0,7,0,0.0,2.0,7.0,1.0,B01
201800005866,2.0,30,0,2.0,0.0,1.0,14.0,A01
201800005867,2.0,7,0,0.0,0.0,0.0,11.0,A01
201800005867,2.0,2,0,0.0,0.0,0.0,0.0,B01
201800005868,0.0,10,0,0.0,1.0,5.0,9.0,A01
201800005869,1.0,32,0,0.0,2.0,4.0,0.0,B01
201800005869,1.0,7,0,0.0,2.0,1.0,1.0,Z01
201800005870,0.0,30,0,0.0,2.0,1.0,3.0,A01
201800005870,0.0,7,0,0.0,2.0,5.0,1.0,B01
201800005871,1.0,15,0,0.0,1.0,5.0,16.0,A01
201800005872,0.0,7,0,0.0,2.0,7.0,9.0,A01
201800005872,1.0,37,45,0.0,2.0,1.0,1.0,B01
201800005873,2.0,7,0,1.0,0.0,4.0,13.0,A01
201800005873,1.0,37,15,0.0,2.0,3.0,24.0,B01
201800005874,1.0,7,0,7.0,0.0,0.0,12.0,A01
201800005874,1.0,7,0,7.0,0.0,0.0,1.0,B01
201800005875,1.0,7,0,8.0,0.0,1.0,13.0,A01
201800005876,2.0,7,0,0.0,1.0,1.0,1.0,A01
201800005877,0.0,7,0,0.0,2.0,3.0,9.0,A01
201800005877,1.0,30,0,0.0,2.0,1.0,1.0,B01
201800005878,2.0,7,0,9.0,0.0,2.0,14.0,A01
201800005879,0.0,37,5,0.0,1.0,7.0,15.0,A01
201800005880,1.0,7,0,0.0,2.0,2.0,1.0,A01
201800005880,1.0,2,0,0.0,2.0,1.0,1.0,B01
201800005881,0.0,7,0,6.0,0.0,1.0,14.0,A01
201800005882,0.0,7,0,0.0,2.0,1.0,13.0,A01
201800005882,0.0,7,0,0.0,2.0,1.0,1.0,B01
201800005883,1.0,30,0,0.0,2.0,3.0,9.0,A01
201800005883,2.0,7,0,0.0,2.0,1.0,1.0,B01
201800005884,1.0,7,0,0.0,2.0,3.0,20.0,A01
201800005884,2.0,2,0,0.0,2.0,1.0,1.0,B01
201800005885,0.0,34,0,8.0,0.0,6.0,18.0,B02
201800005885,0.0,7,0,0.0,2.0,7.0,12.0,A01
201800005886,2.0,21,0,0.0,0.0,0.0,1.0,A01
201800005887,1.0,33,0,0.0,2.0,1.0,21.0,A01
201800005887,2.0,7,0,0.0,2.0,5.0,15.0,B01
201800005888,0.0,1,0,0.0,2.0,4.0,2.0,B01
201800005888,0.0,7,0,0.0,2.0,2.0,2.0,A01
201800005889,0.0,1,0,0.0,2.0,4.0,2.0,A01
201800005889,0.0,7,0,0.0,2.0,2.0,2.0,B01
201800005890,1.0,7,0,0.0,2.0,3.0,19.0,A01
201800005890,1.0,7,0,13.0,2.0,1.0,1.0,B01
201800005891,1.0,7,0,0.0,0.0,1.0,1.0,B01
201800005891,1.0,7,0,0.0,0.0,4.0,1.0,A01
201800005892,1.0,7,0,2.0,0.0,2.0,1.0,A01
201800005893,1.0,15,0,0.0,2.0,1.0,2.0,A01
201800005893,1.0,7,0,0.0,2.0,1.0,2.0,B01
201800005893,1.0,7,0,0.0,2.0,1.0,2.0,C01
201800005894,0.0,33,0,0.0,2.0,1.0,1.0,A01
201800005894,0.0,37,1,0.0,2.0,7.0,15.0,B01
201800005895,0.0,7,0,2.0,0.0,8.0,1.0,A01
201800005896,2.0,7,0,0.0,1.0,1.0,1.0,A01
201800005897,0.0,10,0,15.0,0.0,1.0,13.0,A01
201800005898,2.0,31,0,0.0,2.0,1.0,1.0,B01
201800005898,1.0,7,0,0.0,2.0,7.0,15.0,A01
201800005899,2.0,7,0,0.0,0.0,4.0,20.0,A01
201800005899,2.0,1,0,1.0,0.0,1.0,1.0,B01
201800005900,0.0,7,0,0.0,1.0,2.0,1.0,A01
201800005901,1.0,7,0,0.0,2.0,6.0,2.0,A01
201800005901,1.0,33,0,0.0,2.0,7.0,2.0,B01
201800005902,1.0,7,0,13.0,0.0,1.0,1.0,A01
201800005903,1.0,7,0,0.0,2.0,1.0,2.0,B01
201800005903,2.0,31,0,0.0,2.0,1.0,5.0,A01
201800005904,1.0,7,0,15.0,0.0,9.0,14.0,A01
201800005905,0.0,1,0,0.0,2.0,1.0,15.0,B01
201800005905,0.0,7,0,0.0,9.0,3.0,16.0,A01
201800005906,1.0,7,0,8.0,0.0,6.0,14.0,A01
201800005907,2.0,7,0,6.0,0.0,1.0,0.0,A01
201800005908,2.0,15,0,0.0,2.0,3.0,13.0,A01
201800005908,1.0,7,0,13.0,2.0,3.0,0.0,B01
201800005909,1.0,2,0,0.0,2.0,1.0,21.0,B01
201800005909,2.0,7,0,0.0,2.0,3.0,19.0,A01
201800005910,1.0,7,0,8.0,1.0,1.0,1.0,A01
201800005911,1.0,7,0,0.0,2.0,3.0,13.0,A01
201800005911,2.0,7,0,0.0,2.0,3.0,21.0,B01
201800005912,2.0,7,0,6.0,0.0,1.0,1.0,A01
201800005913,1.0,7,0,0.0,2.0,2.0,1.0,B01
201800005913,2.0,7,0,0.0,2.0,3.0,1.0,C01
201800005913,1.0,7,0,0.0,2.0,8.0,9.0,A01
201800005914,0.0,7,0,0.0,1.0,2.0,1.0,A01
201800005915,2.0,7,0,0.0,1.0,4.0,0.0,B01
201800005915,2.0,10,0,0.0,2.0,1.0,0.0,A01
201800005916,1.0,7,0,0.0,2.0,1.0,1.0,B01
201800005916,2.0,7,0,0.0,2.0,1.0,13.0,A01
201800005917,2.0,7,0,0.0,2.0,7.0,13.0,A01
201800005917,1.0,7,0,0.0,2.0,8.0,1.0,B01
201800005918,0.0,7,0,0.0,2.0,1.0,16.0,A01
201800005918,1.0,7,0,6.0,2.0,7.0,1.0,B01
201800005919,0.0,14,0,0.0,1.0,7.0,1.0,A01
201800005920,0.0,7,0,1.0,1.0,4.0,0.0,A01
201800005921,0.0,33,0,11.0,0.0,1.0,6.0,A01
201800005922,1.0,7,0,0.0,2.0,3.0,1.0,B01
201800005922,0.0,7,0,0.0,2.0,1.0,0.0,A01
201800005923,0.0,10,0,0.0,1.0,1.0,1.0,A01
201800005924,2.0,7,0,0.0,1.0,2.0,1.0,A01
201800005925,2.0,31,0,0.0,2.0,1.0,1.0,B01
201800005925,1.0,7,0,0.0,2.0,2.0,15.0,A01
201800005926,2.0,7,0,0.0,1.0,1.0,16.0,A01
201800005927,1.0,10,0,0.0,2.0,1.0,13.0,A01
201800005927,2.0,7,0,0.0,2.0,1.0,1.0,B01
201800005928,2.0,10,0,0.0,2.0,0.0,1.0,A01
201800005928,1.0,1,0,0.0,2.0,0.0,0.0,B01
201800005929,2.0,7,0,0.0,2.0,3.0,1.0,B01
201800005929,1.0,7,0,0.0,2.0,3.0,5.0,A01
201800005930,1.0,7,0,2.0,0.0,1.0,14.0,A01
201800005931,0.0,7,0,0.0,2.0,8.0,15.0,B01
201800005931,2.0,33,0,0.0,2.0,1.0,2.0,A01
201800005932,2.0,1,0,0.0,2.0,4.0,2.0,A01
201800005932,2.0,1,0,0.0,2.0,1.0,2.0,B01
201800005933,1.0,32,0,0.0,2.0,2.0,1.0,B01
201800005933,2.0,7,0,0.0,2.0,3.0,19.0,A01
201800005934,1.0,14,0,0.0,2.0,1.0,2.0,A01
201800005934,1.0,15,0,0.0,2.0,4.0,16.0,B01
201800005935,0.0,7,0,13.0,0.0,1.0,6.0,A01
201800005936,0.0,7,0,0.0,2.0,1.0,15.0,A01
201800005936,0.0,31,0,0.0,2.0,1.0,17.0,B01
201800005937,1.0,7,0,0.0,2.0,4.0,2.0,A01
201800005937,1.0,7,0,0.0,2.0,1.0,2.0,B01
201800005938,2.0,10,0,0.0,2.0,7.0,21.0,B01
201800005938,1.0,7,0,0.0,2.0,1.0,13.0,A01
201800005939,2.0,7,0,6.0,0.0,3.0,0.0,A01
201800005940,0.0,30,0,6.0,0.0,2.0,14.0,A01
201800005941,2.0,7,0,0.0,1.0,2.0,1.0,A01
201800005942,0.0,30,0,0.0,0.0,7.0,16.0,A01
201800005943,1.0,7,0,8.0,0.0,1.0,1.0,A01
201800005944,2.0,7,0,0.0,1.0,1.0,1.0,A01
201800005945,2.0,1,0,0.0,2.0,1.0,2.0,B01
201800005945,2.0,33,0,0.0,2.0,1.0,0.0,A01
201800005946,2.0,7,0,0.0,2.0,1.0,0.0,A01
201800005946,2.0,33,0,0.0,6.0,4.0,23.0,B01
201800005947,0.0,10,0,0.0,2.0,3.0,1.0,B01
201800005947,0.0,7,0,0.0,2.0,3.0,13.0,A01
201800005948,1.0,7,0,15.0,0.0,1.0,5.0,A01
201800005949,2.0,2,0,0.0,2.0,1.0,2.0,B01
201800005949,1.0,7,0,0.0,2.0,7.0,9.0,A01
201800005950,0.0,7,0,0.0,2.0,3.0,1.0,B01
201800005950,0.0,10,0,0.0,2.0,3.0,13.0,A01
201800005951,0.0,7,0,0.0,2.0,3.0,15.0,A01
201800005951,0.0,31,0,0.0,2.0,1.0,17.0,B01
201800005952,0.0,7,0,0.0,2.0,7.0,1.0,A01
201800005952,0.0,31,0,0.0,2.0,1.0,1.0,B01
201800005953,0.0,7,0,0.0,2.0,4.0,1.0,A01
201800005953,0.0,7,0,0.0,2.0,2.0,1.0,B01
201800005953,0.0,7,0,0.0,2.0,1.0,1.0,C01
201800005954,1.0,33,0,13.0,0.0,1.0,2.0,A01
201800005955,0.0,7,0,13.0,0.0,0.0,1.0,A01
201800005956,2.0,10,0,0.0,2.0,7.0,15.0,A01
201800005956,1.0,30,0,0.0,2.0,1.0,1.0,B01
201800005957,2.0,2,0,0.0,0.0,7.0,1.0,A01
201800005958,0.0,7,0,0.0,2.0,1.0,2.0,A01
201800005958,0.0,7,0,0.0,2.0,4.0,2.0,B01
201800005959,2.0,15,0,0.0,1.0,1.0,1.0,B01
201800005960,2.0,17,0,0.0,2.0,4.0,2.0,B01
201800005960,2.0,7,0,0.0,2.0,1.0,2.0,A01
201800005961,2.0,7,0,3.0,0.0,9.0,0.0,A01
201800005962,1.0,7,0,4.0,0.0,1.0,0.0,A01
201800005963,2.0,7,0,3.0,0.0,3.0,14.0,A01
201800005964,1.0,7,0,13.0,0.0,3.0,12.0,A01
201800005965,1.0,10,0,0.0,0.0,4.0,23.0,B01
201800005965,1.0,17,0,0.0,2.0,1.0,1.0,A01
201800005966,2.0,7,0,0.0,2.0,1.0,18.0,A01
201800005966,2.0,7,0,0.0,0.0,4.0,1.0,B01
201800005967,1.0,7,0,7.0,0.0,1.0,1.0,A01
201800005968,2.0,7,0,13.0,0.0,2.0,1.0,A01
201800005969,2.0,33,0,3.0,0.0,3.0,16.0,A01
201800005970,2.0,7,0,13.0,2.0,5.0,1.0,B01
201800005970,2.0,7,0,13.0,2.0,3.0,21.0,A01
201800005971,1.0,7,0,13.0,0.0,2.0,14.0,A01
201800005972,2.0,10,0,0.0,2.0,4.0,1.0,A01
201800005972,2.0,17,0,0.0,2.0,1.0,2.0,B01
201800005973,2.0,7,0,1.0,0.0,1.0,14.0,A01
201800005973,2.0,17,0,0.0,0.0,6.0,24.0,B01
201800005974,1.0,7,0,3.0,0.0,1.0,14.0,A01
201800005975,1.0,7,0,13.0,0.0,2.0,14.0,A01
201800005976,2.0,7,0,0.0,0.0,9.0,1.0,A01
201800005977,2.0,7,0,13.0,0.0,2.0,0.0,A01
201800005978,2.0,7,0,0.0,2.0,5.0,1.0,G01
201800005978,2.0,7,0,13.0,2.0,4.0,23.0,F01
201800005978,2.0,7,0,0.0,2.0,4.0,2.0,C01
201800005978,2.0,15,0,0.0,2.0,1.0,1.0,A01
201800005978,2.0,7,0,0.0,2.0,7.0,12.0,E01
201800005978,2.0,7,0,0.0,2.0,4.0,14.0,D01
201800005979,1.0,7,0,0.0,2.0,3.0,1.0,B01
201800005979,2.0,7,0,0.0,2.0,3.0,5.0,A01
201800005979,1.0,10,0,0.0,2.0,3.0,1.0,C01
201800005980,2.0,7,0,13.0,0.0,2.0,21.0,A01
201800005981,1.0,7,0,15.0,2.0,2.0,0.0,A01
201800005981,1.0,7,0,0.0,2.0,6.0,0.0,B01
201800005982,0.0,33,0,0.0,0.0,7.0,1.0,A01
201800005983,2.0,1,0,0.0,2.0,7.0,1.0,A01
201800005983,1.0,7,0,0.0,2.0,1.0,1.0,B01
201800005984,1.0,7,0,0.0,2.0,3.0,5.0,A01
201800005984,2.0,33,0,0.0,2.0,8.0,1.0,B01
201800005985,0.0,7,0,0.0,2.0,1.0,1.0,A01
201800005985,0.0,10,0,0.0,0.0,4.0,15.0,B01
201800005986,2.0,7,0,7.0,2.0,3.0,1.0,B01
201800005986,1.0,10,0,0.0,2.0,7.0,1.0,A01
201800005987,2.0,33,0,0.0,2.0,3.0,0.0,A01
201800005987,1.0,7,0,0.0,2.0,1.0,15.0,B01
201800005988,0.0,7,0,0.0,1.0,1.0,1.0,A01
201800005989,0.0,7,0,0.0,2.0,3.0,9.0,A01
201800005989,0.0,2,0,0.0,2.0,1.0,1.0,B01
201800005990,0.0,7,0,0.0,1.0,0.0,17.0,A01
201800005991,1.0,30,0,0.0,0.0,9.0,1.0,A01
201800005992,0.0,1,0,0.0,2.0,4.0,5.0,B01
201800005992,0.0,10,0,0.0,2.0,4.0,4.0,A01
201800005993,2.0,31,0,0.0,2.0,1.0,1.0,B01
201800005993,1.0,7,0,0.0,2.0,1.0,1.0,A01
201800005994,1.0,33,0,0.0,0.0,4.0,1.0,A01
201800005995,2.0,7,0,0.0,1.0,2.0,15.0,A01
201800005996,1.0,7,0,0.0,2.0,3.0,11.0,A01
201800005996,2.0,33,0,0.0,2.0,8.0,1.0,B01
201800005997,1.0,7,0,0.0,1.0,1.0,1.0,A01
201800005998,1.0,33,0,0.0,2.0,1.0,1.0,A01
201800005998,1.0,7,0,0.0,2.0,4.0,2.0,B01
201800005999,2.0,33,0,0.0,2.0,2.0,17.0,A01
201800005999,2.0,7,0,0.0,2.0,3.0,15.0,B01
201800006000,1.0,7,0,6.0,2.0,1.0,1.0,A01
201800006000,2.0,7,0,0.0,2.0,1.0,1.0,C01
201800006000,1.0,7,0,0.0,2.0,4.0,23.0,B01
201800006001,2.0,7,0,1.0,1.0,7.0,1.0,A01
201800006002,1.0,7,0,10.0,0.0,3.0,1.0,B01
201800006002,2.0,7,0,0.0,0.0,3.0,13.0,A01
201800006003,2.0,33,0,3.0,0.0,8.0,2.0,A01
201800006004,1.0,7,0,2.0,0.0,1.0,13.0,A01
201800006005,1.0,7,0,0.0,2.0,2.0,17.0,A01
201800006005,1.0,15,0,0.0,2.0,6.0,1.0,B01
201800006006,2.0,17,0,0.0,0.0,3.0,1.0,B01
201800006006,2.0,7,0,0.0,2.0,3.0,11.0,A01
201800006007,1.0,7,0,13.0,0.0,1.0,1.0,A01
201800006008,1.0,15,0,4.0,0.0,3.0,13.0,A01
201800006009,2.0,7,0,0.0,2.0,4.0,2.0,C01
201800006009,2.0,7,0,0.0,2.0,4.0,2.0,B01
201800006009,2.0,7,0,0.0,2.0,4.0,2.0,D01
201800006009,2.0,7,0,0.0,0.0,1.0,2.0,A01
201800006010,2.0,38,30,13.0,0.0,2.0,1.0,A01
201800006011,2.0,7,0,4.0,2.0,3.0,17.0,A01
201800006011,2.0,7,0,0.0,2.0,7.0,1.0,B01
201800006011,2.0,7,0,0.0,2.0,8.0,1.0,C01
201800006011,2.0,7,0,4.0,2.0,8.0,1.0,D01
201800006012,1.0,7,0,4.0,0.0,6.0,1.0,A01
201800006012,1.0,7,0,0.0,9.0,1.0,1.0,B01
201800006012,1.0,7,0,0.0,9.0,1.0,1.0,C01
201800006013,1.0,7,0,0.0,2.0,2.0,19.0,A01
201800006013,1.0,7,0,0.0,2.0,3.0,1.0,B01
201800006014,1.0,7,0,3.0,2.0,2.0,1.0,A01
201800006014,1.0,7,0,0.0,0.0,6.0,1.0,B01
201800006015,1.0,7,0,4.0,0.0,1.0,2.0,A01
201800006015,1.0,7,0,1.0,0.0,1.0,2.0,B01
201800006016,1.0,7,0,0.0,2.0,2.0,0.0,A01
201800006016,1.0,33,0,0.0,2.0,4.0,0.0,B01
201800006017,2.0,7,0,15.0,0.0,1.0,1.0,A01
201800006018,1.0,7,0,0.0,0.0,9.0,14.0,A01
201800006019,1.0,16,0,0.0,2.0,2.0,2.0,A01
201800006019,1.0,10,0,0.0,0.0,4.0,2.0,C01
201800006020,2.0,7,0,4.0,0.0,1.0,13.0,A01
201800006021,1.0,7,0,0.0,2.0,1.0,2.0,A01
201800006021,1.0,17,0,0.0,0.0,4.0,2.0,B01
201800006022,1.0,7,0,0.0,2.0,2.0,15.0,A01
201800006022,2.0,7,0,0.0,2.0,1.0,1.0,B01
201800006023,2.0,7,0,0.0,2.0,2.0,2.0,A01
201800006023,2.0,7,0,14.0,0.0,0.0,1.0,C01
201800006023,2.0,7,0,13.0,0.0,1.0,1.0,B01
201800006024,2.0,7,0,0.0,2.0,1.0,1.0,A01
201800006024,2.0,7,0,0.0,0.0,4.0,23.0,B01
201800006025,2.0,7,0,0.0,0.0,4.0,1.0,A01
201800006025,2.0,7,0,0.0,2.0,1.0,1.0,B01
201800006025,2.0,7,0,0.0,2.0,1.0,1.0,C01
201800006025,2.0,7,0,0.0,2.0,1.0,1.0,D01
201800006025,2.0,7,0,0.0,2.0,1.0,1.0,E01
201800006026,2.0,7,0,1.0,0.0,1.0,2.0,A01
201800006026,2.0,15,0,0.0,2.0,4.0,24.0,B01
201800006027,1.0,7,0,0.0,2.0,1.0,2.0,A01
201800006027,1.0,7,0,0.0,0.0,4.0,2.0,B01
201800006028,2.0,14,0,0.0,2.0,8.0,13.0,A01
201800006028,2.0,10,0,0.0,2.0,7.0,17.0,B01
201800006029,1.0,7,0,0.0,0.0,0.0,1.0,A01
201800006030,2.0,7,0,5.0,0.0,2.0,9.0,A01
201800006031,1.0,7,0,2.0,0.0,3.0,0.0,A01
201800006032,2.0,7,0,13.0,0.0,1.0,1.0,A01