Num_Acc,senc,catv,occutc,obs,obsm,choc,manv,num_veh
201800006242,2.0,7,0,3.0,0.0,8.0,2.0,I01
201800006242,2.0,7,0,4.0,0.0,9.0,2.0,G01
201800006242,2.0,7,0,4.0,0.0,5.0,2.0,E01
201800006243,2.0,7,0,3.0,0.0,1.0,1.0,A01
201800006244,1.0,7,0,0.0,2.0,1.0,2.0,A01
201800006244,1.0,17,0,0.0,0.0,6.0,1.0,B01
201800006245,2.0,38,3,0.0,0.0,7.0,1.0,A01
201800006246,2.0,17,0,1.0,1.0,2.0,1.0,A01
201800006246,2.0,10,0,0.0,2.0,6.0,23.0,B01
201800006247,2.0,14,0,2.0,0.0,2.0,1.0,A01
201800006248,1.0,7,0,3.0,2.0,4.0,1.0,B01
201800006248,1.0,7,0,3.0,2.0,1.0,1.0,A01
201800006249,1.0,7,0,0.0,2.0,1.0,2.0,A01
201800006249,1.0,7,0,0.0,0.0,4.0,2.0,B01
201800006249,1.0,7,0,0.0,2.0,4.0,2.0,C01
201800006249,1.0,7,0,14.0,0.0,2.0,21.0,D01
201800006250,2.0,7,0,15.0,0.0,2.0,1.0,A01
201800006251,1.0,17,0,3.0,0.0,7.0,1.0,A01
201800006252,2.0,7,0,0.0,2.0,1.0,12.0,A01
201800006252,2.0,7,0,0.0,2.0,4.0,1.0,B01
201800006252,2.0,7,0,0.0,2.0,4.0,2.0,C01
201800006253,1.0,33,0,0.0,0.0,7.0,1.0,A01
201800006254,1.0,7,0,0.0,0.0,8.0,19.0,A01
201800006254,1.0,14,0,0.0,2.0,1.0,1.0,B01
201800006255,1.0,10,0,0.0,0.0,5.0,23.0,A01
201800006255,1.0,7,0,13.0,0.0,9.0,21.0,B01
201800006256,1.0,14,0,13.0,0.0,8.0,1.0,A01
201800006257,1.0,14,0,16.0,0.0,7.0,15.0,A01
201800006258,1.0,37,19,0.0,2.0,3.0,13.0,A01
201800006258,2.0,7,0,0.0,2.0,3.0,1.0,B01
201800006259,1.0,7,0,13.0,0.0,1.0,1.0,A01
201800006260,1.0,7,0,0.0,2.0,3.0,13.0,A01
201800006260,2.0,20,0,0.0,2.0,3.0,1.0,B01
201800006260,1.0,7,0,0.0,2.0,2.0,1.0,C01
201800006261,1.0,10,0,4.0,0.0,6.0,17.0,A01
201800006262,1.0,7,0,15.0,0.0,9.0,1.0,A01
201800006263,1.0,7,0,4.0,0.0,8.0,11.0,A01
201800006264,2.0,7,0,14.0,0.0,3.0,11.0,A01
201800006264,1.0,7,0,14.0,0.0,9.0,1.0,B01
201800006265,1.0,7,0,16.0,0.0,9.0,1.0,A01
201800006266,1.0,7,0,3.0,0.0,2.0,1.0,A01
201800006267,1.0,7,0,11.0,0.0,1.0,14.0,A01
201800006268,1.0,17,0,0.0,0.0,0.0,1.0,B01
201800006268,1.0,7,0,0.0,2.0,2.0,14.0,A01
201800006269,2.0,7,0,0.0,2.0,1.0,1.0,A01
201800006269,2.0,7,0,0.0,0.0,4.0,1.0,B01
201800006270,1.0,10,0,4.0,2.0,2.0,1.0,B01
201800006270,1.0,14,0,0.0,0.0,6.0,1.0,A01
201800006271,1.0,7,0,0.0,2.0,1.0,1.0,B01
201800006271,1.0,7,0,0.0,0.0,4.0,1.0,A01
201800006272,2.0,99,0,0.0,1.0,0.0,1.0,A01
201800006273,2.0,7,0,0.0,0.0,4.0,1.0,A01
201800006273,2.0,33,0,0.0,2.0,1.0,18.0,B01
201800006274,1.0,10,0,0.0,2.0,0.0,12.0,A01
201800006274,1.0,32,0,0.0,2.0,1.0,1.0,B01
201800006275,2.0,7,0,0.0,2.0,1.0,2.0,A01
201800006275,2.0,7,0,0.0,0.0,4.0,2.0,B01
201800006276,2.0,34,0,0.0,0.0,0.0,1.0,A01
201800006277,2.0,7,0,14.0,0.0,1.0,2.0,A01
201800006278,1.0,7,0,0.0,2.0,1.0,1.0,D01
201800006278,1.0,7,0,0.0,2.0,1.0,1.0,C01
201800006278,1.0,7,0,0.0,2.0,2.0,1.0,B01
201800006278,2.0,7,0,0.0,2.0,1.0,5.0,A01
201800006279,1.0,10,0,3.0,0.0,9.0,14.0,A01
201800006280,1.0,7,0,3.0,0.0,9.0,1.0,A01
201800006281,2.0,7,0,4.0,0.0,3.0,17.0,A01
201800006282,1.0,17,0,0.0,2.0,4.0,1.0,B01
201800006282,1.0,7,0,0.0,2.0,1.0,1.0,A01
201800006283,2.0,17,0,4.0,0.0,7.0,1.0,A01
201800006283,2.0,7,0,4.0,0.0,1.0,17.0,B01
201800006284,2.0,33,0,0.0,2.0,8.0,1.0,B01
201800006284,2.0,7,0,0.0,2.0,7.0,12.0,A01
201800006285,1.0,7,0,0.0,2.0,1.0,2.0,A01
201800006285,1.0,7,0,3.0,0.0,4.0,2.0,B01
201800006286,1.0,7,0,0.0,2.0,6.0,1.0,B01
201800006286,1.0,7,0,0.0,9.0,1.0,1.0,C01
201800006286,1.0,7,0,0.0,2.0,2.0,14.0,A01
201800006287,1.0,7,0,3.0,0.0,2.0,1.0,A01
201800006288,2.0,33,0,0.0,0.0,7.0,1.0,A01
201800006289,1.0,7,0,5.0,0.0,1.0,14.0,A01
201800006290,2.0,7,0,12.0,0.0,1.0,0.0,A01
201800006291,2.0,17,0,3.0,2.0,1.0,1.0,A01
201800006291,2.0,99,0,0.0,2.0,4.0,2.0,B01
201800006291,2.0,17,0,0.0,0.0,6.0,2.0,C01
201800006292,0.0,32,0,0.0,0.0,7.0,16.0,A01
201800006293,2.0,7,0,4.0,2.0,2.0,14.0,A01
201800006293,2.0,7,0,0.0,0.0,6.0,1.0,B01
201800006294,1.0,33,0,3.0,0.0,8.0,0.0,A01
201800006295,2.0,17,0,0.0,0.0,5.0,1.0,B01
201800006295,2.0,7,0,0.0,2.0,3.0,12.0,A01
201800006296,1.0,7,0,0.0,1.0,2.0,1.0,B01
201800006297,1.0,7,0,3.0,0.0,3.0,17.0,A01
201800006298,1.0,15,0,3.0,0.0,3.0,13.0,A01
201800006299,2.0,7,0,0.0,2.0,1.0,12.0,A01
201800006299,2.0,7,0,0.0,0.0,4.0,1.0,B01
201800006300,1.0,17,0,0.0,2.0,6.0,2.0,A01
201800006300,1.0,7,0,3.0,2.0,2.0,2.0,B01
201800006301,2.0,7,0,0.0,2.0,5.0,1.0,B01
201800006301,2.0,7,0,0.0,2.0,3.0,2.0,A01
201800006302,2.0,7,0,14.0,2.0,1.0,1.0,A01
201800006302,2.0,7,0,0.0,2.0,6.0,1.0,B01
201800006302,2.0,17,0,0.0,0.0,4.0,1.0,C01
201800006303,1.0,7,0,3.0,0.0,2.0,11.0,C01
201800006303,1.0,33,0,0.0,0.0,0.0,11.0,B01
201800006303,1.0,13,0,3.0,0.0,5.0,14.0,A01
201800006304,2.0,7,0,4.0,0.0,2.0,1.0,A01
201800006305,1.0,7,0,0.0,9.0,1.0,1.0,E01
201800006305,1.0,7,0,3.0,0.0,1.0,1.0,D01
201800006305,2.0,7,0,0.0,2.0,3.0,5.0,A01
201800006305,2.0,7,0,0.0,9.0,1.0,1.0,C01
201800006305,1.0,7,0,0.0,2.0,3.0,1.0,B01
201800006306,1.0,17,0,0.0,2.0,3.0,1.0,A01
201800006306,1.0,33,0,0.0,2.0,9.0,1.0,B01
201800006307,2.0,17,0,13.0,0.0,7.0,1.0,A01
201800006308,2.0,10,0,3.0,0.0,2.0,14.0,A01
201800006309,2.0,10,0,3.0,0.0,1.0,0.0,A01
201800006310,1.0,7,0,13.0,0.0,9.0,1.0,A01
201800006311,1.0,7,0,13.0,0.0,2.0,14.0,A01
201800006312,2.0,7,0,13.0,0.0,2.0,14.0,A01
201800006313,2.0,33,0,0.0,0.0,7.0,21.0,A01
201800006314,1.0,7,0,11.0,0.0,3.0,14.0,A01
201800006315,2.0,7,0,0.0,2.0,1.0,1.0,F01
201800006315,2.0,7,0,1.0,0.0,8.0,21.0,E01
201800006315,2.0,10,0,4.0,0.0,3.0,21.0,B01
201800006315,2.0,7,0,0.0,2.0,0.0,1.0,C01
201800006315,2.0,7,0,4.0,0.0,8.0,1.0,A01
201800006315,2.0,10,0,0.0,2.0,3.0,1.0,D01
201800006316,2.0,7,0,3.0,0.0,3.0,11.0,A01
201800006316,2.0,7,0,0.0,0.0,4.0,21.0,B01
201800006316,2.0,7,0,0.0,2.0,1.0,21.0,C01
201800006317,2.0,17,0,1.0,0.0,2.0,1.0,A01
201800006317,1.0,17,0,0.0,0.0,4.0,24.0,B02
201800006318,1.0,17,0,0.0,2.0,1.0,2.0,A01
201800006318,1.0,7,0,3.0,0.0,4.0,2.0,B01
201800006318,1.0,17,0,0.0,0.0,4.0,2.0,C01
201800006319,2.0,7,0,13.0,0.0,9.0,21.0,A01
201800006320,1.0,7,0,0.0,2.0,1.0,2.0,A01
201800006320,1.0,7,0,0.0,2.0,4.0,1.0,B01
201800006320,1.0,33,0,0.0,2.0,8.0,3.0,C01
201800006320,1.0,7,0,0.0,0.0,4.0,1.0,D01
201800006321,2.0,7,0,6.0,0.0,1.0,13.0,A01
201800006322,0.0,1,0,0.0,2.0,1.0,1.0,B01
201800006322,0.0,7,0,0.0,9.0,3.0,6.0,A01
201800006323,2.0,7,0,0.0,2.0,1.0,1.0,B01
201800006323,1.0,7,0,0.0,2.0,1.0,1.0,A01
201800006324,1.0,33,0,0.0,2.0,1.0,5.0,B01
201800006324,2.0,7,0,0.0,2.0,2.0,16.0,C01
201800006324,1.0,33,0,0.0,2.0,1.0,5.0,A01
201800006325,1.0,32,0,0.0,2.0,1.0,13.0,B01
201800006325,2.0,7,0,0.0,2.0,3.0,1.0,A01
201800006326,0.0,7,0,0.0,2.0,4.0,2.0,D01
201800006326,0.0,7,0,0.0,2.0,4.0,2.0,C01
201800006326,0.0,7,0,0.0,2.0,4.0,2.0,B01
201800006326,0.0,7,0,0.0,2.0,1.0,2.0,A01
201800006327,1.0,7,0,0.0,0.0,4.0,2.0,A01
201800006327,1.0,7,0,0.0,2.0,1.0,2.0,B01
201800006328,1.0,7,0,2.0,0.0,6.0,1.0,A01
201800006329,0.0,7,0,0.0,2.0,3.0,19.0,A01
201800006329,1.0,33,0,0.0,2.0,1.0,1.0,B01
201800006330,1.0,7,0,0.0,0.0,4.0,1.0,C01
201800006330,1.0,7,0,0.0,2.0,4.0,1.0,B01
201800006330,1.0,10,0,0.0,2.0,1.0,1.0,A01
201800006331,2.0,33,0,0.0,2.0,1.0,5.0,B01
201800006331,1.0,7,0,0.0,2.0,1.0,13.0,A01
201800006332,2.0,7,0,0.0,2.0,7.0,15.0,A01
201800006332,1.0,37,40,0.0,2.0,1.0,1.0,B01
201800006333,1.0,15,0,0.0,0.0,6.0,1.0,B01
201800006333,1.0,10,0,0.0,2.0,1.0,1.0,A01
201800006334,2.0,7,0,0.0,2.0,3.0,1.0,A01
201800006334,2.0,10,0,14.0,2.0,1.0,1.0,C01
201800006334,2.0,7,0,0.0,2.0,6.0,1.0,B01
201800006335,1.0,7,0,13.0,0.0,7.0,1.0,A01
201800006336,2.0,7,0,0.0,2.0,8.0,11.0,A01
201800006336,2.0,7,0,0.0,2.0,7.0,1.0,B01
201800006337,2.0,17,0,13.0,0.0,3.0,1.0,A01
201800006338,1.0,7,0,3.0,0.0,2.0,1.0,A01
201800006339,1.0,7,0,0.0,2.0,1.0,2.0,A01
201800006339,1.0,17,0,0.0,0.0,0.0,2.0,B01
201800006340,1.0,7,0,0.0,2.0,5.0,21.0,B01
201800006340,1.0,7,0,4.0,2.0,1.0,1.0,A01
201800006341,2.0,7,0,4.0,0.0,1.0,0.0,A01
201800006342,1.0,10,0,0.0,9.0,2.0,1.0,B01
201800006342,2.0,15,0,3.0,0.0,1.0,0.0,A01
201800006343,2.0,7,0,1.0,0.0,1.0,18.0,A01
201800006343,2.0,7,0,0.0,0.0,4.0,1.0,C01
201800006343,2.0,33,0,0.0,2.0,4.0,18.0,B01
201800006344,1.0,7,0,0.0,2.0,4.0,1.0,E01
201800006344,1.0,7,0,0.0,2.0,0.0,2.0,A01
201800006344,1.0,7,0,0.0,2.0,1.0,1.0,C01
201800006344,1.0,7,0,0.0,2.0,5.0,1.0,B01
201800006344,1.0,7,0,0.0,2.0,1.0,1.0,D01
201800006345,2.0,7,0,0.0,0.0,4.0,2.0,A01
201800006345,2.0,7,0,0.0,2.0,1.0,2.0,C01
201800006345,2.0,7,0,0.0,2.0,4.0,2.0,B01
201800006346,2.0,7,0,0.0,2.0,4.0,2.0,A01
201800006346,2.0,7,0,0.0,2.0,1.0,2.0,C01
201800006346,2.0,7,0,0.0,2.0,4.0,2.0,B01
201800006347,1.0,7,0,0.0,2.0,2.0,12.0,A01
201800006347,1.0,33,0,0.0,2.0,8.0,1.0,B01
201800006348,2.0,7,0,3.0,2.0,8.0,2.0,A01
201800006348,2.0,38,28,0.0,2.0,3.0,2.0,B01
201800006349,2.0,7,0,6.0,0.0,8.0,13.0,A01
201800006350,0.0,7,0,4.0,0.0,2.0,1.0,A01
201800006351,1.0,7,0,3.0,2.0,8.0,13.0,A01
201800006351,1.0,7,0,0.0,2.0,8.0,1.0,B01
201800006352,1.0,15,0,0.0,2.0,1.0,2.0,A01
201800006352,1.0,7,0,0.0,2.0,4.0,1.0,B01
201800006352,1.0,7,0,3.0,2.0,4.0,2.0,C01
201800006353,2.0,7,0,7.0,0.0,9.0,2.0,A01
201800006354,0.0,7,0,0.0,2.0,7.0,16.0,A01
201800006354,0.0,17,0,0.0,2.0,3.0,1.0,B01
201800006355,2.0,7,0,3.0,0.0,2.0,1.0,A01
201800006356,2.0,7,0,6.0,0.0,2.0,2.0,A01
201800006357,2.0,7,0,0.0,1.0,3.0,2.0,A01
201800006358,2.0,10,0,0.0,2.0,1.0,1.0,A01
201800006358,2.0,7,0,0.0,2.0,4.0,23.0,B01
201800006358,2.0,7,0,0.0,2.0,1.0,23.0,C01
201800006358,2.0,7,0,0.0,9.0,4.0,23.0,D01
201800006359,1.0,13,0,0.0,2.0,6.0,1.0,A01
201800006359,2.0,7,0,0.0,2.0,3.0,1.0,B01
201800006360,2.0,7,0,0.0,0.0,1.0,2.0,A01
201800006360,2.0,7,0,0.0,0.0,4.0,2.0,B01
201800006361,1.0,17,0,0.0,0.0,2.0,1.0,A01
201800006362,1.0,7,0,3.0,0.0,1.0,1.0,A01
201800006363,2.0,38,13,0.0,2.0,3.0,1.0,B01
201800006363,1.0,7,0,0.0,2.0,8.0,21.0,A01
201800006364,1.0,7,0,13.0,0.0,3.0,1.0,A01
201800006365,2.0,7,0,5.0,0.0,2.0,1.0,A01
201800006366,2.0,7,0,13.0,0.0,1.0,1.0,A01
201800006367,1.0,7,0,1.0,0.0,2.0,1.0,A01
201800006368,1.0,7,0,7.0,0.0,1.0,0.0,A01
201800006369,1.0,33,0,0.0,0.0,5.0,1.0,A01
201800006369,1.0,33,0,0.0,2.0,3.0,1.0,B01
201800006370,1.0,7,0,0.0,1.0,2.0,2.0,A01
201800006371,1.0,7,0,0.0,1.0,1.0,1.0,A01
201800006372,2.0,7,0,0.0,1.0,3.0,1.0,A01
201800006373,1.0,7,0,0.0,2.0,1.0,16.0,B01
201800006373,0.0,31,0,0.0,2.0,1.0,15.0,A01
201800006374,,1,0,0.0,2.0,3.0,15.0,A01
201800006375,1.0,7,0,0.0,2.0,1.0,15.0,B01
201800006375,1.0,2,0,0.0,2.0,1.0,1.0,A01
201800006376,0.0,7,0,0.0,1.0,1.0,1.0,A01
201800006377,2.0,7,0,0.0,2.0,3.0,15.0,B01
201800006377,1.0,2,0,0.0,2.0,1.0,2.0,A01
201800006378,2.0,7,0,0.0,1.0,2.0,1.0,A01
201800006379,0.0,7,0,0.0,1.0,3.0,9.0,A01
201800006380,1.0,7,0,0.0,2.0,4.0,1.0,B01
201800006380,1.0,7,0,0.0,2.0,1.0,2.0,A01
201800006381,1.0,7,0,0.0,1.0,3.0,1.0,A01
201800006382,1.0,34,0,3.0,0.0,1.0,16.0,A01
201800006383,0.0,7,0,0.0,1.0,1.0,9.0,A01
201800006384,1.0,7,0,2.0,0.0,8.0,13.0,A01
201800006385,1.0,99,0,,,,,B01
201800006385,0.0,99,0,0.0,6.0,4.0,1.0,A01
201800006386,1.0,7,0,0.0,1.0,1.0,1.0,A01
201800006387,1.0,7,0,0.0,1.0,8.0,1.0,A01
201800006388,0.0,33,0,0.0,2.0,1.0,17.0,B01
201800006388,0.0,7,0,0.0,2.0,8.0,13.0,A01
201800006389,1.0,30,0,0.0,0.0,0.0,1.0,A01
201800006390,0.0,1,0,0.0,2.0,0.0,0.0,B01
201800006390,0.0,7,0,0.0,2.0,2.0,1.0,A01
201800006391,0.0,7,0,0.0,1.0,3.0,2.0,A01
201800006392,0.0,7,0,0.0,1.0,1.0,1.0,A01
201800006393,1.0,7,0,0.0,1.0,2.0,1.0,A01
201800006394,0.0,10,0,0.0,0.0,0.0,0.0,B01
201800006394,0.0,1,0,0.0,2.0,1.0,1.0,A01
201800006395,0.0,2,0,0.0,2.0,4.0,2.0,A01
201800006395,0.0,7,0,0.0,0.0,0.0,0.0,B01
201800006396,0.0,7,0,0.0,1.0,3.0,1.0,A01
201800006397,1.0,7,0,0.0,1.0,3.0,1.0,A01
201800006398,0.0,7,0,0.0,1.0,0.0,0.0,A01
201800006399,1.0,7,0,0.0,1.0,1.0,13.0,A01
201800006400,0.0,7,0,0.0,1.0,1.0,1.0,A01
201800006401,0.0,7,0,0.0,1.0,1.0,15.0,A01
201800006402,1.0,2,0,4.0,0.0,1.0,1.0,A01
201800006403,0.0,7,0,0.0,1.0,2.0,1.0,A01
201800006404,1.0,10,0,3.0,2.0,3.0,13.0,A01
201800006404,2.0,17,0,0.0,2.0,2.0,1.0,B01
201800006405,2.0,13,0,0.0,2.0,1.0,13.0,A01
201800006405,1.0,7,0,0.0,2.0,1.0,1.0,B01
201800006405,1.0,7,0,0.0,2.0,1.0,2.0,C01
201800006406,1.0,7,0,0.0,2.0,3.0,5.0,A01
201800006406,2.0,15,0,0.0,2.0,0.0,1.0,B01
201800006407,2.0,7,0,0.0,0.0,0.0,15.0,A01
201800006407,2.0,7,0,13.0,0.0,3.0,21.0,B01
201800006408,1.0,7,0,0.0,1.0,1.0,1.0,A01
201800006409,2.0,17,0,0.0,2.0,4.0,2.0,B01
201800006409,2.0,17,0,0.0,2.0,1.0,2.0,A01
201800006410,2.0,33,0,0.0,2.0,1.0,2.0,A01
201800006410,2.0,7,0,0.0,0.0,4.0,2.0,B01
201800006411,1.0,7,0,0.0,1.0,3.0,1.0,A01
201800006412,1.0,7,0,0.0,2.0,6.0,2.0,C01
201800006412,1.0,7,0,0.0,2.0,1.0,11.0,A01
201800006412,1.0,7,0,3.0,2.0,4.0,2.0,B01
201800006413,2.0,17,0,0.0,2.0,3.0,17.0,B01
201800006413,1.0,7,0,0.0,2.0,3.0,5.0,A01
201800006413,2.0,7,0,0.0,9.0,8.0,1.0,D01
201800006413,2.0,7,0,0.0,2.0,8.0,1.0,C01
201800006414,1.0,16,0,0.0,2.0,1.0,1.0,A01
201800006414,1.0,7,0,0.0,2.0,4.0,2.0,E01
201800006414,1.0,7,0,0.0,0.0,4.0,1.0,B01
201800006414,1.0,7,0,0.0,0.0,4.0,1.0,C01
201800006414,1.0,7,0,0.0,2.0,4.0,2.0,D01
201800006415,1.0,7,0,0.0,2.0,1.0,1.0,C01
201800006415,1.0,7,0,0.0,2.0,3.0,1.0,B01
201800006415,1.0,7,0,3.0,0.0,3.0,1.0,A01
201800006416,1.0,15,0,0.0,2.0,6.0,24.0,B01
201800006416,1.0,7,0,1.0,0.0,1.0,14.0,A01
201800006417,2.0,7,0,0.0,2.0,1.0,1.0,A01
201800006417,2.0,7,0,0.0,2.0,4.0,1.0,B01
201800006417,2.0,7,0,3.0,0.0,1.0,21.0,C01
201800006418,2.0,7,0,2.0,0.0,2.0,1.0,A01
201800006419,0.0,33,0,0.0,2.0,1.0,1.0,B01
201800006419,0.0,7,0,0.0,2.0,1.0,1.0,A01
201800006420,0.0,7,0,13.0,0.0,1.0,0.0,A01
201800006421,0.0,7,0,6.0,9.0,8.0,1.0,A01
201800006422,2.0,7,0,13.0,0.0,1.0,14.0,A01
201800006423,2.0,7,0,0.0,2.0,8.0,10.0,A01
201800006423,2.0,33,0,0.0,2.0,4.0,13.0,B01
201800006423,2.0,33,0,0.0,2.0,1.0,2.0,C01
201800006424,1.0,33,0,13.0,0.0,4.0,1.0,A01
201800006425,2.0,33,0,0.0,0.0,1.0,1.0,A01
201800006426,1.0,7,0,0.0,2.0,1.0,1.0,A01
201800006426,2.0,7,0,0.0,2.0,3.0,19.0,B01
201800006427,1.0,15,0,8.0,2.0,1.0,1.0,B01
201800006427,1.0,7,0,0.0,2.0,2.0,1.0,A01
201800006428,2.0,17,0,0.0,2.0,3.0,1.0,B01
201800006428,1.0,3,0,0.0,2.0,3.0,13.0,A01
201800006429,2.0,14,0,0.0,9.0,7.0,17.0,A01
201800006429,2.0,1,0,0.0,2.0,8.0,13.0,B01
201800006430,0.0,99,0,0.0,2.0,0.0,0.0,R01
201800006430,1.0,17,0,0.0,2.0,6.0,15.0,A01
201800006431,2.0,7,0,0.0,2.0,1.0,13.0,A01
201800006431,1.0,15,0,0.0,2.0,2.0,13.0,C01
201800006431,2.0,10,0,0.0,2.0,3.0,1.0,B01
201800006432,2.0,15,0,0.0,2.0,1.0,2.0,A01
201800006432,2.0,7,0,0.0,2.0,4.0,2.0,B01
201800006432,2.0,10,0,0.0,2.0,4.0,23.0,C01
201800006432,2.0,7,0,0.0,2.0,4.0,2.0,D01
201800006432,2.0,10,0,0.0,2.0,4.0,23.0,E01
201800006432,2.0,38,1,0.0,0.0,4.0,23.0,F01
201800006432,2.0,10,0,0.0,2.0,4.0,23.0,G01
201800006433,2.0,15,0,0.0,2.0,2.0,1.0,A01
201800006433,2.0,10,0,0.0,2.0,3.0,1.0,B01
201800006434,2.0,7,0,0.0,2.0,1.0,13.0,A01
201800006434,1.0,17,0,0.0,2.0,1.0,1.0,B01
201800006435,1.0,17,0,13.0,0.0,0.0,1.0,A01
201800006436,2.0,15,0,0.0,2.0,1.0,2.0,A01
201800006436,2.0,7,0,0.0,0.0,4.0,2.0,B01
201800006436,2.0,7,0,0.0,0.0,4.0,2.0,C01
201800006437,2.0,17,0,0.0,2.0,1.0,2.0,A01
201800006437,2.0,7,0,0.0,2.0,4.0,2.0,B01
201800006437,2.0,17,0,0.0,0.0,4.0,2.0,C01
201800006438,2.0,7,0,0.0,2.0,2.0,13.0,A01
201800006438,1.0,10,0,0.0,2.0,1.0,1.0,B01
201800006439,2.0,7,0,0.0,1.0,0.0,1.0,A01
201800006440,0.0,7,0,0.0,2.0,6.0,1.0,A01
201800006440,0.0,10,0,0.0,2.0,1.0,10.0,B01
201800006441,2.0,7,0,0.0,2.0,3.0,15.0,A01
201800006441,1.0,33,0,0.0,2.0,1.0,1.0,B01
201800006442,0.0,7,0,0.0,1.0,1.0,1.0,A01
201800006443,0.0,7,0,0.0,2.0,1.0,13.0,A01
201800006443,0.0,7,0,0.0,2.0,1.0,1.0,B01
201800006444,0.0,33,0,0.0,2.0,1.0,16.0,B01
201800006444,0.0,7,0,0.0,2.0,8.0,5.0,A01
201800006445,0.0,34,0,0.0,2.0,2.0,17.0,A01
201800006445,0.0,7,0,0.0,2.0,8.0,15.0,B01
201800006446,0.0,7,0,0.0,2.0,8.0,15.0,A01
201800006446,0.0,33,0,0.0,2.0,7.0,2.0,B01
201800006446,0.0,7,0,0.0,2.0,1.0,14.0,C01
201800006447,0.0,33,0,16.0,0.0,8.0,1.0,A01
201800006448,0.0,32,0,0.0,0.0,0.0,15.0,A01
201800006449,2.0,7,0,0.0,0.0,3.0,1.0,A01
201800006449,1.0,7,0,0.0,2.0,3.0,17.0,B01
201800006450,0.0,31,0,0.0,2.0,1.0,13.0,B01
201800006450,1.0,7,0,0.0,2.0,1.0,5.0,A01
201800006451,2.0,33,0,3.0,0.0,1.0,1.0,A01
201800006452,2.0,20,0,6.0,0.0,7.0,21.0,A01
201800006453,2.0,14,0,0.0,2.0,3.0,9.0,A01
201800006453,0.0,17,0,0.0,2.0,7.0,1.0,B01
201800006454,1.0,14,0,0.0,1.0,2.0,1.0,A01
201800006455,0.0,16,0,0.0,1.0,4.0,19.0,A01
201800006456,2.0,7,0,0.0,2.0,1.0,1.0,A01
201800006456,1.0,17,0,0.0,2.0,3.0,1.0,B01
201800006456,2.0,7,0,0.0,2.0,1.0,1.0,C01
201800006457,1.0,33,0,0.0,2.0,6.0,3.0,A01
201800006457,1.0,15,0,0.0,2.0,2.0,1.0,B01
201800006458,2.0,7,0,0.0,2.0,1.0,2.0,B01
201800006458,2.0,7,0,0.0,2.0,4.0,2.0,A01
201800006458,2.0,7,0,0.0,2.0,5.0,2.0,C01
201800006459,1.0,7,0,0.0,2.0,1.0,1.0,C01
201800006459,1.0,7,0,0.0,2.0,1.0,1.0,A01
201800006459,1.0,7,0,0.0,2.0,4.0,1.0,B01
201800006460,2.0,99,0,10.0,0.0,1.0,0.0,A01
201800006461,2.0,10,0,0.0,2.0,1.0,1.0,A01
201800006461,2.0,7,0,0.0,0.0,8.0,1.0,B01
201800006462,2.0,7,0,0.0,2.0,1.0,0.0,A01
201800006462,2.0,17,0,0.0,0.0,6.0,1.0,B01
201800006463,1.0,7,0,0.0,2.0,9.0,2.0,A01
201800006463,1.0,7,0,0.0,0.0,9.0,2.0,B01
201800006464,1.0,33,0,4.0,0.0,8.0,15.0,A01
201800006465,1.0,7,0,14.0,0.0,4.0,23.0,B01
201800006465,1.0,10,0,0.0,0.0,4.0,23.0,C01
201800006465,1.0,7,0,14.0,0.0,1.0,12.0,A01
201800006466,1.0,7,0,0.0,2.0,1.0,2.0,A01
201800006466,1.0,7,0,0.0,2.0,4.0,2.0,B01
201800006466,1.0,7,0,0.0,0.0,6.0,2.0,C01
201800006467,2.0,7,0,3.0,0.0,4.0,23.0,A01
201800006467,2.0,7,0,0.0,2.0,1.0,1.0,B01
201800006468,2.0,10,0,0.0,2.0,3.0,21.0,B01
201800006468,2.0,7,0,4.0,2.0,7.0,12.0,A01
201800006469,1.0,7,0,0.0,1.0,1.0,21.0,D01
201800006469,1.0,10,0,3.0,2.0,2.0,21.0,C01
201800006469,1.0,15,0,0.0,2.0,8.0,1.0,B01
201800006470,1.0,15,0,1.0,1.0,2.0,1.0,B01
201800006471,1.0,7,0,0.0,2.0,1.0,1.0,A01
201800006471,2.0,7,0,0.0,0.0,2.0,1.0,B01
201800006472,2.0,17,0,3.0,2.0,2.0,19.0,A01
201800006472,1.0,7,0,0.0,2.0,2.0,1.0,B01
201800006473,1.0,7,0,0.0,1.0,2.0,1.0,A01
201800006474,2.0,7,0,3.0,0.0,9.0,2.0,A01
201800006475,1.0,7,0,4.0,0.0,4.0,2.0,B01
201800006475,1.0,7,0,0.0,2.0,4.0,2.0,A01
201800006476,1.0,7,0,3.0,2.0,1.0,14.0,A01
201800006476,1.0,10,0,0.0,2.0,1.0,1.0,B01
201800006477,2.0,7,0,14.0,0.0,1.0,1.0,F01
201800006477,2.0,7,0,14.0,0.0,2.0,1.0,B01
201800006477,2.0,7,0,14.0,0.0,1.0,1.0,D01
201800006477,1.0,17,0,3.0,0.0,1.0,6.0,A01
201800006477,2.0,7,0,14.0,0.0,1.0,1.0,E01
201800006477,2.0,7,0,14.0,0.0,1.0,1.0,C01
201800006478,1.0,7,0,0.0,1.0,1.0,1.0,A01
201800006479,2.0,7,0,0.0,2.0,1.0,0.0,G01
201800006479,2.0,7,0,0.0,2.0,8.0,0.0,F01
201800006479,2.0,7,0,0.0,2.0,8.0,21.0,B01