Num_Acc,senc,catv,occutc,obs,obsm,choc,manv,num_veh
201800006479,2.0,7,0,0.0,9.0,6.0,23.0,E01
201800006479,2.0,10,0,0.0,0.0,0.0,24.0,A01
201800006479,2.0,7,0,3.0,2.0,5.0,23.0,C01
201800006479,2.0,7,0,0.0,2.0,8.0,23.0,D01
201800006480,2.0,34,0,0.0,2.0,1.0,1.0,A01
201800006480,2.0,7,0,0.0,2.0,5.0,23.0,B01
201800006480,2.0,7,0,0.0,2.0,4.0,23.0,C01
201800006480,2.0,7,0,0.0,2.0,4.0,23.0,D01
201800006481,2.0,7,0,4.0,0.0,1.0,0.0,A01
201800006482,1.0,7,0,0.0,0.0,6.0,14.0,A01
201800006482,1.0,7,0,0.0,2.0,2.0,21.0,C01
201800006482,1.0,33,0,0.0,2.0,1.0,21.0,B01
201800006483,2.0,33,0,0.0,0.0,8.0,11.0,A01
201800006484,1.0,7,0,0.0,2.0,1.0,2.0,A01
201800006484,1.0,17,0,0.0,0.0,5.0,2.0,B01
201800006485,2.0,7,0,14.0,0.0,2.0,21.0,E01
201800006485,2.0,10,0,0.0,0.0,4.0,1.0,A01
201800006485,2.0,10,0,0.0,2.0,3.0,1.0,B01
201800006485,2.0,7,0,14.0,0.0,1.0,1.0,C01
201800006486,2.0,10,0,0.0,0.0,6.0,1.0,A01
201800006486,2.0,10,0,0.0,2.0,1.0,1.0,D01
201800006486,2.0,10,0,0.0,2.0,2.0,2.0,C01
201800006487,0.0,7,0,0.0,1.0,2.0,5.0,A01
201800006488,0.0,7,0,0.0,1.0,1.0,1.0,A01
201800006489,2.0,33,0,0.0,2.0,1.0,2.0,B01
201800006489,2.0,7,0,0.0,0.0,4.0,15.0,A01
201800006490,1.0,7,0,6.0,0.0,1.0,1.0,A01
201800006491,2.0,7,0,3.0,2.0,8.0,10.0,B01
201800006491,2.0,33,0,0.0,2.0,2.0,17.0,A01
201800006492,1.0,7,0,0.0,2.0,1.0,15.0,A01
201800006492,2.0,32,0,0.0,2.0,1.0,1.0,B01
201800006493,2.0,7,0,0.0,2.0,3.0,1.0,B01
201800006493,1.0,31,0,0.0,2.0,1.0,17.0,A01
201800006494,0.0,7,0,0.0,0.0,0.0,0.0,C01
201800006494,0.0,33,0,0.0,2.0,7.0,1.0,B01
201800006494,0.0,7,0,0.0,2.0,2.0,21.0,A01
201800006495,0.0,7,0,13.0,0.0,2.0,1.0,A01
201800006496,1.0,7,0,0.0,1.0,2.0,1.0,A01
201800006497,2.0,7,0,0.0,2.0,1.0,5.0,A01
201800006497,1.0,17,0,0.0,0.0,2.0,1.0,B01
201800006498,1.0,15,0,0.0,2.0,1.0,1.0,B01
201800006498,2.0,7,0,0.0,2.0,1.0,13.0,A01
201800006499,1.0,7,0,13.0,0.0,2.0,1.0,A01
201800006500,1.0,7,0,0.0,0.0,8.0,1.0,A01
201800006501,2.0,7,0,0.0,2.0,1.0,2.0,A01
201800006501,2.0,7,0,0.0,2.0,6.0,23.0,B01
201800006501,2.0,7,0,0.0,2.0,5.0,23.0,C01
201800006502,1.0,7,0,0.0,1.0,2.0,1.0,A01
201800006503,2.0,7,0,3.0,0.0,3.0,1.0,A01
201800006504,2.0,10,0,0.0,2.0,4.0,23.0,B01
201800006504,2.0,7,0,0.0,2.0,1.0,1.0,A01
201800006505,1.0,15,0,0.0,2.0,4.0,2.0,B01
201800006505,1.0,15,0,0.0,2.0,4.0,2.0,C01
201800006505,1.0,15,0,0.0,0.0,4.0,2.0,A01
201800006505,1.0,15,0,0.0,2.0,1.0,2.0,D01
201800006506,1.0,7,0,0.0,1.0,1.0,19.0,A01
201800006507,1.0,7,0,0.0,2.0,3.0,17.0,B01
201800006507,2.0,7,0,0.0,9.0,1.0,2.0,C01
201800006507,2.0,7,0,3.0,2.0,3.0,5.0,A01
201800006508,1.0,7,0,0.0,2.0,1.0,13.0,A01
201800006508,2.0,7,0,0.0,2.0,1.0,1.0,B01
201800006509,2.0,33,0,0.0,2.0,1.0,1.0,B01
201800006509,1.0,7,0,0.0,2.0,7.0,19.0,A01
201800006510,0.0,7,0,0.0,2.0,1.0,1.0,B01
201800006510,0.0,99,0,0.0,2.0,7.0,19.0,A01
201800006511,1.0,7,0,0.0,1.0,2.0,0.0,A01
201800006512,0.0,7,0,0.0,2.0,3.0,15.0,A01
201800006512,0.0,7,0,0.0,2.0,2.0,1.0,B01
201800006513,2.0,10,0,0.0,2.0,1.0,2.0,A01
201800006513,2.0,15,0,0.0,0.0,4.0,2.0,B01
201800006514,2.0,7,0,3.0,0.0,3.0,0.0,A01
201800006515,1.0,7,0,0.0,2.0,9.0,21.0,D01
201800006515,1.0,7,0,0.0,2.0,1.0,21.0,E01
201800006515,1.0,7,0,5.0,0.0,1.0,0.0,A01
201800006515,1.0,17,0,0.0,0.0,0.0,23.0,B01
201800006516,2.0,7,0,0.0,2.0,2.0,11.0,A01
201800006516,2.0,15,0,0.0,0.0,6.0,1.0,B01
201800006517,1.0,33,0,0.0,0.0,0.0,17.0,A01
201800006518,2.0,7,0,12.0,0.0,1.0,0.0,A01
201800006519,2.0,7,0,0.0,2.0,1.0,2.0,A01
201800006519,2.0,7,0,4.0,0.0,4.0,2.0,B01
201800006520,1.0,15,0,0.0,9.0,4.0,2.0,A01
201800006521,2.0,7,0,0.0,0.0,0.0,1.0,A01
201800006522,1.0,7,0,0.0,2.0,4.0,2.0,B01
201800006522,1.0,7,0,0.0,2.0,1.0,2.0,A01
201800006522,1.0,7,0,0.0,0.0,4.0,2.0,C01
201800006523,2.0,7,0,3.0,0.0,1.0,1.0,A01
201800006524,2.0,7,0,0.0,1.0,2.0,1.0,A01
201800006525,0.0,33,0,0.0,0.0,2.0,1.0,A01
201800006526,2.0,17,0,0.0,2.0,3.0,1.0,A01
201800006526,1.0,17,0,2.0,2.0,3.0,1.0,B01
201800006527,1.0,15,0,3.0,2.0,3.0,15.0,A01
201800006527,1.0,7,0,5.0,2.0,2.0,17.0,B01
201800006528,1.0,17,0,0.0,2.0,1.0,1.0,B01
201800006528,2.0,7,0,0.0,2.0,1.0,17.0,A01
201800006529,1.0,14,0,0.0,2.0,8.0,1.0,B01
201800006529,2.0,31,0,0.0,2.0,8.0,1.0,A01
201800006529,1.0,10,0,0.0,2.0,8.0,1.0,C01
201800006530,1.0,10,0,6.0,2.0,3.0,13.0,A01
201800006530,2.0,14,0,6.0,2.0,3.0,1.0,B01
201800006531,2.0,14,0,13.0,0.0,8.0,1.0,A01
201800006532,2.0,7,0,0.0,1.0,2.0,18.0,A01
201800006533,1.0,33,0,0.0,2.0,1.0,15.0,A01
201800006533,2.0,1,0,0.0,2.0,1.0,1.0,B01
201800006534,2.0,7,0,0.0,2.0,2.0,1.0,A01
201800006534,1.0,1,0,0.0,2.0,3.0,19.0,B01
201800006535,0.0,32,0,0.0,2.0,2.0,17.0,A01
201800006535,0.0,10,0,0.0,2.0,3.0,15.0,B01
201800006536,0.0,7,0,0.0,1.0,6.0,4.0,A01
201800006537,1.0,7,0,0.0,1.0,3.0,1.0,A01
201800006538,2.0,7,0,0.0,2.0,2.0,10.0,A01
201800006538,1.0,33,0,0.0,2.0,1.0,1.0,B01
201800006539,2.0,7,0,9.0,0.0,2.0,0.0,A01
201800006540,1.0,7,0,0.0,9.0,2.0,1.0,A01
201800006540,1.0,1,0,0.0,0.0,4.0,1.0,B01
201800006541,2.0,7,0,0.0,2.0,3.0,1.0,A01
201800006541,1.0,7,0,0.0,2.0,3.0,1.0,B01
201800006541,1.0,7,0,0.0,2.0,3.0,1.0,C01
201800006541,1.0,7,0,0.0,2.0,6.0,1.0,D01
201800006542,2.0,7,0,0.0,2.0,3.0,1.0,A01
201800006542,1.0,7,0,0.0,2.0,3.0,13.0,B01
201800006543,2.0,33,0,0.0,0.0,7.0,1.0,A01
201800006544,2.0,33,0,13.0,0.0,7.0,1.0,A01
201800006545,0.0,7,0,0.0,1.0,1.0,1.0,A01
201800006546,1.0,7,0,0.0,2.0,1.0,11.0,A01
201800006546,2.0,7,0,0.0,2.0,1.0,1.0,B01
201800006547,2.0,7,0,10.0,0.0,1.0,1.0,A01
201800006548,1.0,7,0,0.0,2.0,1.0,13.0,A01
201800006548,1.0,7,0,0.0,2.0,1.0,1.0,B01
201800006549,2.0,7,0,0.0,2.0,3.0,13.0,A01
201800006549,1.0,7,0,0.0,2.0,6.0,1.0,B01
201800006550,1.0,7,0,0.0,0.0,4.0,0.0,A01
201800006550,1.0,7,0,0.0,2.0,1.0,2.0,B01
201800006550,1.0,14,0,0.0,2.0,1.0,2.0,C01
201800006551,1.0,33,0,13.0,0.0,0.0,14.0,A01
201800006552,2.0,7,0,2.0,0.0,9.0,2.0,A01
201800006553,1.0,7,0,13.0,0.0,2.0,14.0,A01
201800006554,1.0,10,0,0.0,0.0,1.0,0.0,A01
201800006554,1.0,15,0,1.0,0.0,5.0,2.0,B01
201800006555,1.0,7,0,7.0,0.0,9.0,21.0,A01
201800006556,1.0,7,0,3.0,0.0,1.0,1.0,A01
201800006557,1.0,16,0,0.0,2.0,6.0,2.0,B01
201800006557,1.0,7,0,0.0,2.0,2.0,2.0,A01
201800006558,2.0,7,0,0.0,2.0,6.0,0.0,A01
201800006558,2.0,7,0,0.0,2.0,1.0,1.0,B01
201800006558,2.0,7,0,0.0,2.0,1.0,2.0,C01
201800006559,1.0,7,0,0.0,2.0,8.0,22.0,A01
201800006559,1.0,7,0,1.0,0.0,2.0,1.0,B01
201800006560,2.0,7,0,3.0,0.0,3.0,1.0,A01
201800006560,1.0,38,44,3.0,0.0,1.0,1.0,B01
201800006561,2.0,7,0,13.0,0.0,1.0,1.0,A01
201800006562,1.0,7,0,4.0,0.0,8.0,1.0,A01
201800006562,1.0,7,0,0.0,2.0,7.0,17.0,B01
201800006563,2.0,10,0,3.0,0.0,1.0,17.0,A01
201800006564,1.0,33,0,0.0,0.0,8.0,1.0,A01
201800006565,2.0,10,0,0.0,2.0,1.0,2.0,A01
201800006565,2.0,7,0,0.0,2.0,4.0,2.0,B01
201800006565,2.0,7,0,3.0,0.0,4.0,2.0,C01
201800006566,2.0,7,0,0.0,2.0,1.0,2.0,A01
201800006566,2.0,15,0,0.0,0.0,4.0,2.0,B01
201800006567,1.0,17,0,0.0,1.0,0.0,15.0,A01
201800006568,1.0,7,0,0.0,0.0,4.0,1.0,A01
201800006568,1.0,7,0,0.0,2.0,4.0,2.0,B01
201800006568,1.0,7,0,0.0,2.0,3.0,2.0,C01
201800006568,1.0,7,0,0.0,2.0,2.0,2.0,D01
201800006569,2.0,15,0,0.0,2.0,4.0,2.0,B01
201800006569,2.0,7,0,0.0,2.0,1.0,2.0,A01
201800006570,1.0,7,0,3.0,0.0,1.0,1.0,A01
201800006571,1.0,7,0,0.0,2.0,1.0,2.0,A01
201800006571,1.0,7,0,0.0,2.0,4.0,1.0,B01
201800006571,1.0,7,0,0.0,2.0,1.0,1.0,C01
201800006571,1.0,7,0,0.0,0.0,4.0,1.0,D01
201800006572,1.0,10,0,0.0,2.0,2.0,0.0,A01
201800006572,1.0,17,0,0.0,2.0,6.0,0.0,B01
201800006573,1.0,14,0,12.0,0.0,2.0,1.0,A01
201800006574,2.0,10,0,0.0,2.0,2.0,2.0,A01
201800006574,2.0,17,0,0.0,0.0,6.0,1.0,B01
201800006575,2.0,34,0,0.0,2.0,1.0,17.0,A01
201800006575,0.0,15,0,0.0,0.0,8.0,15.0,B01
201800006576,1.0,7,0,4.0,0.0,1.0,13.0,A01
201800006576,1.0,7,0,14.0,2.0,8.0,14.0,B01
201800006577,1.0,10,0,4.0,0.0,8.0,17.0,A01
201800006578,2.0,10,0,0.0,2.0,3.0,13.0,A01
201800006578,1.0,15,0,0.0,2.0,3.0,1.0,B01
201800006578,1.0,7,0,0.0,2.0,1.0,1.0,C01
201800006579,1.0,7,0,3.0,2.0,3.0,17.0,A01
201800006579,1.0,14,0,0.0,2.0,6.0,1.0,B01
201800006580,1.0,7,0,0.0,2.0,3.0,17.0,A01
201800006580,1.0,33,0,0.0,0.0,4.0,2.0,B01
201800006581,2.0,10,0,5.0,0.0,1.0,13.0,A01
201800006582,2.0,7,0,13.0,0.0,9.0,0.0,A01
201800006583,1.0,10,0,7.0,2.0,2.0,17.0,A01
201800006583,1.0,7,0,7.0,2.0,6.0,1.0,B01
201800006584,2.0,10,0,13.0,0.0,9.0,21.0,A01
201800006585,1.0,7,0,15.0,2.0,7.0,12.0,A01
201800006585,1.0,7,0,2.0,2.0,3.0,1.0,B01
201800006586,1.0,7,0,0.0,2.0,3.0,13.0,A01
201800006586,1.0,14,0,0.0,2.0,3.0,1.0,B01
201800006587,1.0,17,0,0.0,0.0,8.0,10.0,A01
201800006587,1.0,7,0,0.0,2.0,1.0,1.0,B01
201800006588,1.0,2,0,0.0,2.0,8.0,16.0,A01
201800006588,2.0,15,0,0.0,2.0,5.0,1.0,B01
201800006589,1.0,38,41,0.0,0.0,7.0,14.0,A01
201800006590,1.0,7,0,0.0,2.0,5.0,15.0,A01
201800006590,2.0,17,0,0.0,2.0,2.0,1.0,B01
201800006591,1.0,14,0,6.0,0.0,1.0,13.0,A01
201800006592,1.0,7,0,0.0,0.0,9.0,1.0,A01
201800006593,1.0,7,0,0.0,2.0,2.0,1.0,A01
201800006593,1.0,17,0,0.0,2.0,6.0,1.0,B01
201800006594,2.0,7,0,5.0,0.0,1.0,1.0,A01
201800006595,1.0,10,0,0.0,2.0,2.0,13.0,A01
201800006595,1.0,13,0,0.0,2.0,4.0,1.0,B01
201800006596,1.0,7,0,0.0,2.0,2.0,2.0,B01
201800006596,1.0,7,0,0.0,2.0,3.0,2.0,A01
201800006597,1.0,7,0,0.0,0.0,0.0,1.0,A01
201800006598,0.0,14,0,0.0,0.0,8.0,1.0,B01
201800006598,0.0,33,0,0.0,2.0,0.0,5.0,A01
201800006599,1.0,10,0,13.0,0.0,1.0,1.0,A01
201800006600,1.0,7,0,13.0,0.0,1.0,1.0,A01
201800006601,1.0,7,0,0.0,0.0,9.0,1.0,A01
201800006602,1.0,7,0,12.0,0.0,2.0,1.0,A01
201800006603,1.0,7,0,1.0,0.0,2.0,21.0,B01
201800006603,1.0,7,0,0.0,0.0,4.0,23.0,A01
201800006604,1.0,15,0,1.0,0.0,2.0,14.0,A01
201800006604,1.0,38,42,0.0,0.0,6.0,24.0,B01
201800006605,2.0,7,0,3.0,0.0,1.0,17.0,A01
201800006606,2.0,7,0,0.0,0.0,4.0,2.0,B01
201800006606,2.0,7,0,0.0,2.0,1.0,2.0,A01
201800006607,1.0,7,0,13.0,0.0,1.0,1.0,A01
201800006608,1.0,7,0,14.0,2.0,3.0,6.0,A01
201800006608,2.0,7,0,0.0,2.0,3.0,1.0,B01
201800006609,1.0,13,0,4.0,0.0,2.0,1.0,A01
201800006610,2.0,7,0,1.0,0.0,2.0,2.0,A01
201800006610,2.0,7,0,0.0,0.0,6.0,23.0,B01
201800006611,1.0,34,0,0.0,2.0,1.0,2.0,A01
201800006611,1.0,10,0,0.0,0.0,6.0,2.0,B01
201800006612,1.0,10,0,1.0,0.0,4.0,4.0,A01
201800006612,1.0,33,0,0.0,2.0,1.0,2.0,B01
201800006613,1.0,7,0,12.0,0.0,3.0,0.0,A01
201800006614,1.0,7,0,4.0,0.0,7.0,0.0,A01
201800006615,2.0,33,0,0.0,2.0,1.0,1.0,A01
201800006615,2.0,7,0,0.0,2.0,5.0,1.0,B01
201800006616,1.0,33,0,0.0,2.0,1.0,1.0,B01
201800006616,1.0,7,0,4.0,2.0,8.0,13.0,A01
201800006617,2.0,32,0,0.0,0.0,8.0,1.0,A01
201800006618,2.0,7,0,3.0,0.0,1.0,0.0,A01
201800006619,1.0,7,0,0.0,2.0,1.0,2.0,A01
201800006619,1.0,7,0,0.0,2.0,4.0,2.0,B01
201800006619,1.0,7,0,0.0,2.0,7.0,1.0,C01
201800006620,1.0,7,0,4.0,0.0,8.0,1.0,A01
201800006621,2.0,7,0,0.0,2.0,3.0,13.0,A01
201800006621,2.0,7,0,0.0,2.0,2.0,1.0,B01
201800006621,2.0,13,0,0.0,0.0,8.0,1.0,C01
201800006622,2.0,7,0,0.0,2.0,5.0,12.0,A01
201800006622,2.0,32,0,0.0,2.0,3.0,1.0,B01
201800006623,2.0,33,0,0.0,2.0,1.0,2.0,A01
201800006623,2.0,7,0,0.0,0.0,4.0,2.0,B01
201800006624,1.0,33,0,0.0,2.0,0.0,1.0,A01
201800006624,1.0,7,0,4.0,2.0,3.0,1.0,B01
201800006625,2.0,7,0,0.0,0.0,4.0,2.0,A01
201800006625,2.0,7,0,0.0,2.0,1.0,2.0,B01
201800006626,2.0,14,0,0.0,2.0,1.0,2.0,A01
201800006626,2.0,10,0,3.0,0.0,4.0,14.0,B01
201800006627,2.0,33,0,6.0,0.0,0.0,1.0,A01
201800006628,1.0,7,0,3.0,0.0,1.0,1.0,A01
201800006629,2.0,10,0,4.0,2.0,1.0,2.0,A01
201800006629,2.0,7,0,4.0,0.0,6.0,2.0,B01
201800006630,1.0,7,0,4.0,0.0,3.0,21.0,A01
201800006631,1.0,7,0,0.0,2.0,4.0,1.0,A01
201800006631,1.0,33,0,0.0,2.0,1.0,1.0,B01
201800006632,2.0,7,0,0.0,1.0,2.0,1.0,A01
201800006633,2.0,33,0,0.0,0.0,7.0,9.0,A01
201800006634,2.0,7,0,7.0,0.0,2.0,14.0,A01
201800006635,1.0,7,0,0.0,2.0,3.0,13.0,A01
201800006635,1.0,17,0,0.0,2.0,3.0,1.0,B01
201800006635,1.0,15,0,0.0,2.0,1.0,1.0,C01
201800006636,2.0,7,0,13.0,0.0,1.0,14.0,A01
201800006637,1.0,7,0,1.0,1.0,2.0,14.0,B01
201800006638,2.0,7,0,3.0,0.0,8.0,13.0,A01
201800006639,2.0,17,0,1.0,2.0,2.0,1.0,A01
201800006639,2.0,7,0,0.0,0.0,6.0,23.0,B01
201800006640,2.0,7,0,0.0,2.0,1.0,11.0,B01
201800006640,2.0,7,0,0.0,2.0,2.0,11.0,C01
201800006640,2.0,31,0,3.0,0.0,3.0,13.0,A01
201800006641,1.0,7,0,2.0,0.0,2.0,0.0,A01
201800006642,1.0,7,0,3.0,0.0,1.0,1.0,A01
201800006642,1.0,7,0,14.0,0.0,1.0,2.0,B01
201800006643,2.0,7,0,15.0,0.0,1.0,1.0,A01
201800006644,1.0,7,0,4.0,0.0,1.0,0.0,A01
201800006645,2.0,17,0,0.0,0.0,5.0,1.0,A01
201800006645,2.0,17,0,0.0,2.0,1.0,2.0,B01
201800006646,2.0,15,0,0.0,2.0,1.0,2.0,C01
201800006646,2.0,17,0,0.0,0.0,4.0,23.0,A01
201800006646,2.0,7,0,0.0,2.0,4.0,2.0,B01
201800006647,1.0,7,0,4.0,0.0,3.0,2.0,A01
201800006647,1.0,7,0,2.0,0.0,6.0,2.0,B01
201800006648,1.0,7,0,4.0,0.0,3.0,3.0,A01
201800006649,2.0,33,0,0.0,2.0,0.0,9.0,A01
201800006649,2.0,17,0,0.0,2.0,3.0,1.0,B01
201800006650,1.0,15,0,0.0,1.0,2.0,1.0,A01
201800006651,1.0,7,0,15.0,0.0,2.0,21.0,A01
201800006652,2.0,17,0,0.0,0.0,4.0,2.0,B01
201800006652,2.0,7,0,0.0,2.0,1.0,2.0,A01
201800006653,2.0,15,0,0.0,1.0,1.0,1.0,A01
201800006654,2.0,7,0,3.0,0.0,2.0,15.0,A01
201800006655,1.0,38,13,2.0,0.0,7.0,1.0,A01
201800006656,1.0,38,39,0.0,2.0,3.0,1.0,B01
201800006656,2.0,7,0,0.0,2.0,3.0,13.0,A01
201800006657,2.0,14,0,2.0,0.0,0.0,14.0,A01
201800006658,1.0,7,0,0.0,2.0,5.0,13.0,A01
201800006658,2.0,37,1,0.0,2.0,1.0,1.0,B01
201800006659,1.0,13,0,16.0,0.0,7.0,14.0,A01
201800006660,0.0,37,4,0.0,1.0,8.0,1.0,A01
201800006661,2.0,37,1,0.0,1.0,2.0,1.0,A01
201800006662,0.0,15,0,0.0,2.0,6.0,1.0,B01
201800006662,0.0,7,0,0.0,2.0,1.0,16.0,A01
201800006663,1.0,14,0,0.0,2.0,3.0,1.0,B01
201800006663,2.0,7,0,0.0,2.0,3.0,13.0,A01
201800006664,1.0,17,0,10.0,0.0,2.0,1.0,A01
201800006665,2.0,14,0,0.0,2.0,1.0,1.0,A01
201800006665,1.0,7,0,0.0,2.0,1.0,13.0,B01
201800006666,2.0,17,0,13.0,0.0,1.0,21.0,A01
201800006667,1.0,7,0,0.0,2.0,2.0,15.0,A01
201800006667,2.0,14,0,0.0,2.0,1.0,1.0,B01
201800006668,1.0,7,0,0.0,1.0,2.0,19.0,A01
201800006669,2.0,17,0,0.0,0.0,4.0,2.0,B01
201800006669,2.0,7,0,0.0,2.0,1.0,2.0,A01
201800006670,2.0,7,0,4.0,0.0,1.0,14.0,A01
201800006671,2.0,7,0,8.0,0.0,1.0,1.0,A01
201800006672,2.0,10,0,0.0,0.0,4.0,1.0,B01
201800006672,2.0,10,0,0.0,2.0,1.0,2.0,A01
201800006673,0.0,14,0,0.0,2.0,2.0,1.0,A01
201800006673,0.0,37,5,0.0,2.0,2.0,1.0,B01
201800006674,2.0,7,0,0.0,2.0,3.0,13.0,A01
201800006674,1.0,38,5,0.0,2.0,3.0,1.0,B01
201800006675,0.0,38,44,6.0,1.0,2.0,0.0,A01
201800006676,0.0,7,0,0.0,2.0,3.0,1.0,A01
201800006676,0.0,14,0,0.0,2.0,2.0,1.0,B01
201800006676,0.0,7,0,0.0,2.0,1.0,5.0,C01
201800006677,1.0,17,0,0.0,0.0,7.0,1.0,A01
201800006678,1.0,37,38,0.0,2.0,1.0,2.0,B01
201800006678,2.0,7,0,0.0,2.0,1.0,13.0,A01
201800006679,2.0,14,0,0.0,0.0,9.0,19.0,A01
201800006680,2.0,14,0,0.0,2.0,3.0,1.0,B01
201800006680,1.0,7,0,0.0,2.0,3.0,5.0,A01
201800006681,2.0,7,0,0.0,2.0,3.0,13.0,A01
201800006681,1.0,17,0,0.0,2.0,3.0,1.0,B01
201800006682,2.0,38,6,0.0,2.0,1.0,2.0,A01
201800006682,2.0,17,0,0.0,2.0,4.0,23.0,B01
201800006682,2.0,7,0,0.0,2.0,1.0,2.0,C01
201800006683,2.0,17,0,3.0,0.0,2.0,1.0,A01
201800006684,1.0,7,0,13.0,0.0,6.0,1.0,C01
201800006684,1.0,7,0,0.0,2.0,3.0,17.0,A01
201800006684,1.0,7,0,13.0,2.0,4.0,17.0,B01
201800006685,1.0,7,0,3.0,0.0,7.0,14.0,A01
201800006686,2.0,7,0,0.0,2.0,3.0,1.0,B01
201800006686,2.0,7,0,0.0,2.0,0.0,12.0,A01
201800006687,2.0,7,0,0.0,2.0,3.0,13.0,A01
201800006687,1.0,15,0,0.0,2.0,3.0,1.0,B01
201800006688,1.0,7,0,0.0,2.0,1.0,13.0,A01
201800006688,2.0,17,0,0.0,2.0,3.0,1.0,B01
201800006688,1.0,7,0,0.0,2.0,1.0,1.0,C01
201800006689,2.0,7,0,0.0,2.0,3.0,10.0,A01
201800006689,2.0,14,0,0.0,2.0,1.0,21.0,B01
201800006690,1.0,7,0,0.0,2.0,2.0,2.0,B01
201800006690,1.0,15,0,0.0,0.0,6.0,1.0,A01
201800006691,2.0,10,0,0.0,2.0,3.0,13.0,A01
201800006691,1.0,14,0,0.0,2.0,3.0,1.0,B01
201800006692,1.0,13,0,0.0,2.0,5.0,17.0,A01
201800006692,1.0,1,0,0.0,2.0,3.0,1.0,B01
201800006693,1.0,7,0,0.0,2.0,1.0,1.0,C01
201800006693,1.0,7,0,0.0,2.0,4.0,1.0,B01
201800006693,1.0,7,0,0.0,0.0,4.0,1.0,A01
201800006694,2.0,14,0,0.0,2.0,0.0,1.0,A01
201800006694,2.0,1,0,0.0,2.0,0.0,0.0,B01
201800006695,2.0,7,0,15.0,0.0,2.0,2.0,A01
201800006696,2.0,7,0,0.0,2.0,4.0,2.0,B01
201800006696,2.0,7,0,0.0,2.0,1.0,2.0,A01
201800006696,2.0,7,0,0.0,2.0,4.0,2.0,C01
201800006697,1.0,34,0,3.0,0.0,1.0,2.0,A01
201800006698,1.0,7,0,3.0,0.0,1.0,16.0,A01
201800006699,1.0,7,0,0.0,2.0,4.0,1.0,D01
201800006699,1.0,7,0,0.0,0.0,5.0,1.0,E01
201800006699,1.0,13,0,0.0,2.0,4.0,1.0,B01
201800006699,1.0,7,0,0.0,2.0,1.0,2.0,A01
201800006699,1.0,7,0,0.0,2.0,6.0,1.0,C01
201800006700,2.0,7,0,0.0,0.0,1.0,2.0,A01
201800006700,2.0,7,0,0.0,0.0,4.0,1.0,B01
201800006701,1.0,7,0,0.0,1.0,3.0,5.0,A01
201800006702,2.0,10,0,3.0,0.0,1.0,14.0,A01
201800006703,1.0,7,0,0.0,2.0,4.0,2.0,C01
201800006703,1.0,7,0,0.0,2.0,1.0,2.0,B01
201800006703,1.0,7,0,0.0,0.0,4.0,2.0,A01
201800006703,1.0,7,0,0.0,2.0,4.0,2.0,E01
201800006703,1.0,7,0,0.0,2.0,4.0,2.0,D01
201800006703,1.0,7,0,0.0,2.0,1.0,2.0,F01
201800006704,2.0,7,0,0.0,0.0,4.0,2.0,B01
201800006704,2.0,7,0,14.0,2.0,3.0,2.0,A01
201800006705,1.0,7,0,4.0,2.0,4.0,14.0,A01
201800006705,1.0,15,0,0.0,2.0,2.0,1.0,B01
201800006706,2.0,7,0,0.0,2.0,1.0,0.0,C01
201800006706,2.0,7,0,0.0,2.0,1.0,0.0,B01
201800006706,2.0,7,0,0.0,2.0,4.0,23.0,A01
201800006707,2.0,7,0,3.0,0.0,1.0,1.0,A01
201800006708,1.0,7,0,0.0,2.0,2.0,12.0,B01
201800006708,1.0,7,0,0.0,2.0,6.0,1.0,A01
201800006709,1.0,7,0,4.0,0.0,0.0,0.0,A01
201800006710,1.0,15,0,0.0,2.0,2.0,0.0,B01
201800006710,1.0,7,0,4.0,2.0,6.0,0.0,A01
201800006711,2.0,33,0,0.0,2.0,4.0,9.0,A01
201800006711,2.0,7,0,0.0,2.0,2.0,1.0,B01
201800006712,1.0,7,0,0.0,0.0,5.0,2.0,A01
201800006712,1.0,7,0,0.0,2.0,1.0,2.0,B01
201800006713,1.0,7,0,0.0,2.0,8.0,1.0,A01
201800006713,1.0,17,0,0.0,2.0,2.0,1.0,B01
201800006714,2.0,10,0,0.0,2.0,1.0,2.0,A01
201800006714,2.0,37,64,0.0,0.0,4.0,2.0,B01
201800006715,2.0,34,0,0.0,2.0,1.0,1.0,A01
201800006716,1.0,7,0,3.0,2.0,1.0,1.0,A01
201800006716,1.0,7,0,0.0,0.0,4.0,14.0,B01
201800006717,2.0,7,0,0.0,0.0,6.0,1.0,A01
201800006717,2.0,7,0,0.0,2.0,3.0,13.0,B01
201800006718,2.0,7,0,0.0,0.0,4.0,2.0,A01
201800006718,2.0,7,0,0.0,0.0,1.0,2.0,B01
201800006719,1.0,7,0,0.0,0.0,4.0,2.0,B01
201800006719,1.0,7,0,0.0,2.0,1.0,2.0,A01
201800006720,2.0,7,0,0.0,2.0,1.0,1.0,A01
201800006720,2.0,7,0,0.0,2.0,4.0,2.0,B01
201800006721,1.0,33,0,0.0,0.0,0.0,1.0,A01
201800006722,2.0,7,0,3.0,0.0,4.0,20.0,A01
201800006722,2.0,10,0,1.0,0.0,1.0,2.0,B01
201800006723,2.0,7,0,0.0,2.0,1.0,2.0,B01
201800006723,2.0,7,0,0.0,0.0,4.0,2.0,A01
201800006724,2.0,7,0,14.0,0.0,5.0,23.0,E01