Num_Acc,senc,catv,occutc,obs,obsm,choc,manv,num_veh
201800006724,2.0,7,0,0.0,2.0,4.0,23.0,F01
201800006724,2.0,7,0,0.0,2.0,1.0,2.0,A01
201800006724,2.0,7,0,14.0,2.0,1.0,2.0,C01
201800006724,2.0,7,0,0.0,2.0,4.0,2.0,B01
201800006724,2.0,7,0,14.0,2.0,3.0,23.0,D01
201800006725,2.0,33,0,4.0,0.0,2.0,1.0,B01
201800006725,2.0,7,0,0.0,0.0,6.0,17.0,A01
201800006726,2.0,7,0,0.0,2.0,6.0,1.0,A01
201800006726,2.0,15,0,0.0,2.0,2.0,12.0,B01
201800006727,1.0,7,0,4.0,0.0,3.0,1.0,A01
201800006727,1.0,15,0,0.0,0.0,2.0,12.0,B01
201800006728,2.0,7,0,0.0,0.0,4.0,2.0,B01
201800006728,2.0,7,0,0.0,2.0,1.0,2.0,A01
201800006729,2.0,7,0,0.0,2.0,4.0,4.0,A01
201800006729,2.0,7,0,0.0,2.0,1.0,1.0,B01
201800006730,1.0,7,0,0.0,2.0,8.0,2.0,A01
201800006731,2.0,7,0,0.0,2.0,1.0,2.0,A01
201800006731,2.0,7,0,0.0,2.0,4.0,2.0,B01
201800006732,1.0,7,0,6.0,9.0,1.0,0.0,A01
201800006733,2.0,7,0,0.0,2.0,4.0,2.0,B01
201800006733,2.0,7,0,0.0,2.0,1.0,2.0,A01
201800006734,1.0,7,0,0.0,2.0,8.0,1.0,A01
201800006734,1.0,16,0,0.0,2.0,2.0,12.0,B01
201800006734,1.0,7,0,4.0,2.0,1.0,0.0,C01
201800006735,2.0,7,0,0.0,9.0,1.0,1.0,B01
201800006735,2.0,7,0,0.0,9.0,6.0,2.0,C01
201800006735,2.0,33,0,0.0,2.0,1.0,2.0,A01
201800006736,2.0,7,0,4.0,0.0,1.0,0.0,A01
201800006737,2.0,7,0,0.0,0.0,6.0,2.0,B01
201800006737,2.0,34,0,0.0,2.0,1.0,2.0,A01
201800006738,2.0,7,0,0.0,2.0,2.0,2.0,B01
201800006738,2.0,7,0,0.0,2.0,8.0,11.0,A01
201800006739,1.0,7,0,0.0,0.0,1.0,2.0,C01
201800006739,1.0,7,0,0.0,0.0,4.0,23.0,B01
201800006739,1.0,7,0,0.0,0.0,4.0,1.0,A01
201800006740,2.0,7,0,5.0,0.0,1.0,1.0,A01
201800006741,1.0,7,0,3.0,2.0,6.0,1.0,B01
201800006741,1.0,7,0,0.0,2.0,2.0,0.0,A01
201800006742,1.0,7,0,4.0,0.0,1.0,13.0,A01
201800006743,1.0,7,0,0.0,2.0,6.0,11.0,A01
201800006743,1.0,15,0,0.0,2.0,2.0,1.0,B01
201800006744,2.0,7,0,0.0,2.0,2.0,3.0,B01
201800006744,2.0,7,0,3.0,0.0,6.0,1.0,A01
201800006745,1.0,17,0,0.0,2.0,2.0,12.0,B01
201800006745,1.0,7,0,4.0,2.0,3.0,1.0,A01
201800006746,2.0,7,0,0.0,0.0,4.0,1.0,B01
201800006746,2.0,10,0,0.0,2.0,1.0,1.0,A01
201800006747,2.0,7,0,0.0,0.0,6.0,23.0,A01
201800006747,2.0,33,0,1.0,0.0,1.0,0.0,B01
201800006748,2.0,10,0,0.0,2.0,7.0,1.0,C01
201800006748,2.0,7,0,0.0,2.0,6.0,1.0,B01
201800006748,2.0,13,0,0.0,2.0,2.0,12.0,A01
201800006749,1.0,13,0,0.0,2.0,4.0,1.0,B01
201800006749,1.0,7,0,0.0,2.0,1.0,1.0,A01
201800006750,1.0,7,0,4.0,0.0,6.0,23.0,B01
201800006750,1.0,13,0,1.0,0.0,2.0,13.0,A01
201800006751,1.0,7,0,4.0,0.0,9.0,6.0,A01
201800006752,2.0,33,0,0.0,2.0,0.0,3.0,A01
201800006752,2.0,15,0,0.0,9.0,0.0,1.0,B01
201800006753,1.0,7,0,4.0,2.0,1.0,17.0,A01
201800006753,1.0,7,0,0.0,2.0,5.0,3.0,B01
201800006754,2.0,7,0,5.0,0.0,1.0,1.0,A01
201800006755,2.0,10,0,0.0,2.0,7.0,1.0,B01
201800006755,2.0,7,0,4.0,2.0,3.0,9.0,A01
201800006756,2.0,17,0,14.0,0.0,2.0,2.0,B01
201800006756,2.0,7,0,4.0,0.0,2.0,2.0,A01
201800006757,1.0,32,0,3.0,0.0,0.0,1.0,A01
201800006758,1.0,7,0,0.0,0.0,6.0,1.0,A01
201800006758,1.0,7,0,0.0,2.0,2.0,14.0,B01
201800006759,1.0,7,0,0.0,0.0,0.0,1.0,A01
201800006760,1.0,33,0,0.0,0.0,0.0,16.0,A01
201800006761,1.0,7,0,0.0,2.0,1.0,0.0,A01
201800006761,1.0,7,0,0.0,0.0,4.0,2.0,B01
201800006762,2.0,7,0,0.0,2.0,3.0,0.0,A01
201800006762,2.0,7,0,0.0,2.0,5.0,0.0,B01
201800006763,2.0,7,0,4.0,0.0,3.0,0.0,A01
201800006764,2.0,14,0,1.0,0.0,4.0,4.0,A01
201800006764,2.0,33,0,0.0,2.0,1.0,23.0,B01
201800006765,2.0,13,0,4.0,0.0,2.0,1.0,A01
201800006766,1.0,7,0,0.0,0.0,6.0,1.0,B01
201800006766,1.0,15,0,0.0,2.0,2.0,14.0,A01
201800006767,2.0,7,0,0.0,2.0,2.0,1.0,A01
201800006767,2.0,7,0,0.0,0.0,6.0,1.0,B01
201800006768,2.0,7,0,7.0,0.0,9.0,1.0,A01
201800006769,1.0,17,0,0.0,2.0,1.0,1.0,A01
201800006769,2.0,10,0,0.0,1.0,1.0,1.0,B01
201800006770,2.0,17,0,0.0,2.0,3.0,2.0,A01
201800006770,2.0,7,0,0.0,2.0,3.0,0.0,C01
201800006770,2.0,7,0,0.0,2.0,5.0,2.0,B01
201800006771,1.0,17,0,3.0,9.0,1.0,1.0,A01
201800006772,1.0,10,0,0.0,2.0,6.0,1.0,B01
201800006772,1.0,7,0,0.0,2.0,2.0,12.0,A01
201800006773,2.0,7,0,0.0,0.0,5.0,24.0,C01
201800006773,2.0,7,0,1.0,0.0,2.0,14.0,A01
201800006773,2.0,7,0,0.0,1.0,6.0,24.0,B01
201800006774,2.0,7,0,0.0,2.0,3.0,2.0,A01
201800006774,2.0,7,0,0.0,2.0,5.0,2.0,B01
201800006775,0.0,1,0,0.0,2.0,1.0,1.0,B01
201800006775,0.0,3,0,11.0,9.0,1.0,15.0,A01
201800006776,2.0,7,0,13.0,0.0,2.0,1.0,A01
201800006777,2.0,7,0,0.0,2.0,3.0,15.0,A01
201800006777,1.0,2,0,0.0,2.0,8.0,1.0,B01
201800006778,1.0,32,0,0.0,0.0,7.0,21.0,A01
201800006779,1.0,10,0,6.0,0.0,2.0,1.0,A01
201800006780,1.0,14,0,0.0,0.0,5.0,1.0,B01
201800006780,1.0,1,0,0.0,2.0,3.0,13.0,A01
201800006781,2.0,10,0,0.0,2.0,1.0,2.0,A01
201800006781,2.0,7,0,0.0,0.0,6.0,1.0,B01
201800006782,2.0,7,0,5.0,0.0,3.0,1.0,A01
201800006783,1.0,7,0,0.0,2.0,4.0,2.0,A01
201800006783,1.0,7,0,0.0,2.0,1.0,2.0,B01
201800006784,1.0,7,0,0.0,2.0,1.0,2.0,A01
201800006784,1.0,7,0,0.0,2.0,4.0,24.0,B01
201800006785,1.0,7,0,13.0,0.0,4.0,4.0,A01
201800006786,1.0,7,0,0.0,2.0,3.0,19.0,A01
201800006786,1.0,33,0,0.0,2.0,3.0,1.0,B01
201800006787,1.0,7,0,0.0,2.0,3.0,13.0,A01
201800006787,2.0,7,0,0.0,2.0,3.0,1.0,B01
201800006788,1.0,7,0,0.0,0.0,4.0,23.0,A01
201800006788,1.0,7,0,0.0,2.0,1.0,1.0,B01
201800006789,0.0,7,0,0.0,2.0,7.0,19.0,B01
201800006789,0.0,1,0,0.0,2.0,7.0,19.0,A01
201800006790,1.0,7,0,0.0,2.0,2.0,1.0,B01
201800006790,1.0,3,0,0.0,2.0,1.0,1.0,A01
201800006790,2.0,7,0,10.0,2.0,1.0,6.0,C01
201800006791,0.0,7,0,9.0,1.0,2.0,1.0,A01
201800006792,2.0,7,0,0.0,0.0,2.0,1.0,B01
201800006792,2.0,7,0,0.0,0.0,8.0,1.0,C01
201800006792,1.0,10,0,0.0,0.0,1.0,19.0,A01
201800006792,2.0,7,0,0.0,0.0,1.0,1.0,D01
201800006793,0.0,1,0,0.0,2.0,1.0,1.0,B01
201800006793,0.0,7,0,0.0,9.0,1.0,0.0,A01
201800006794,1.0,33,0,0.0,2.0,1.0,1.0,A01
201800006794,2.0,7,0,0.0,2.0,3.0,15.0,B01
201800006795,0.0,10,0,0.0,1.0,4.0,4.0,A01
201800006796,1.0,2,0,0.0,2.0,1.0,17.0,A01
201800006796,1.0,7,0,0.0,2.0,3.0,15.0,B01
201800006797,1.0,33,0,10.0,0.0,2.0,15.0,A01
201800006798,0.0,1,0,0.0,2.0,1.0,1.0,B01
201800006798,0.0,7,0,0.0,9.0,1.0,11.0,A01
201800006799,1.0,7,0,0.0,1.0,4.0,4.0,A01
201800006800,0.0,33,0,12.0,0.0,0.0,1.0,A01
201800006801,1.0,7,0,6.0,0.0,9.0,0.0,A01
201800006802,0.0,7,0,0.0,1.0,1.0,1.0,A01
201800006803,0.0,33,0,0.0,0.0,0.0,1.0,A01
201800006804,0.0,31,0,12.0,0.0,1.0,1.0,A01
201800006805,2.0,7,0,0.0,1.0,2.0,1.0,A01
201800006806,0.0,30,0,0.0,0.0,0.0,1.0,A01
201800006807,0.0,7,0,0.0,1.0,1.0,1.0,A01
201800006808,2.0,7,0,0.0,1.0,2.0,1.0,A01
201800006809,1.0,7,0,0.0,1.0,1.0,1.0,A01
201800006810,2.0,7,0,0.0,2.0,7.0,1.0,A01
201800006810,2.0,17,0,0.0,2.0,1.0,1.0,B01
201800006811,2.0,33,0,0.0,2.0,2.0,13.0,A01
201800006811,1.0,14,0,0.0,2.0,2.0,1.0,B01
201800006812,2.0,7,0,0.0,2.0,1.0,1.0,A01
201800006812,2.0,17,0,0.0,2.0,4.0,1.0,B01
201800006813,1.0,7,0,0.0,0.0,9.0,0.0,A01
201800006814,1.0,15,0,0.0,0.0,0.0,2.0,A01
201800006814,1.0,31,0,0.0,0.0,0.0,2.0,B01
201800006815,2.0,7,0,0.0,2.0,7.0,1.0,B01
201800006815,2.0,7,0,3.0,2.0,1.0,1.0,A01
201800006816,1.0,7,0,0.0,0.0,1.0,1.0,A01
201800006817,1.0,7,0,0.0,0.0,1.0,1.0,A01
201800006818,1.0,7,0,3.0,2.0,8.0,1.0,B01
201800006818,1.0,7,0,3.0,2.0,2.0,14.0,A01
201800006819,2.0,7,0,0.0,2.0,3.0,1.0,B01
201800006819,2.0,17,0,0.0,0.0,5.0,2.0,A01
201800006820,2.0,7,0,4.0,0.0,1.0,1.0,A01
201800006821,2.0,10,0,0.0,2.0,2.0,1.0,A01
201800006821,2.0,15,0,0.0,0.0,4.0,1.0,B01
201800006821,2.0,7,0,0.0,0.0,7.0,1.0,D01
201800006821,2.0,7,0,0.0,0.0,8.0,1.0,E01
201800006821,2.0,7,0,0.0,0.0,5.0,1.0,F01
201800006821,2.0,7,0,0.0,0.0,5.0,1.0,G01
201800006821,1.0,7,0,0.0,9.0,2.0,1.0,H01
201800006822,2.0,7,0,3.0,0.0,3.0,1.0,A01
201800006823,1.0,10,0,3.0,0.0,3.0,12.0,A01
201800006824,1.0,7,0,4.0,0.0,9.0,2.0,A01
201800006825,2.0,7,0,7.0,0.0,1.0,2.0,A01
201800006826,2.0,14,0,1.0,0.0,1.0,21.0,A01
201800006826,2.0,16,0,0.0,0.0,0.0,23.0,C01
201800006827,2.0,7,0,0.0,2.0,2.0,12.0,A01
201800006827,2.0,17,0,0.0,0.0,6.0,1.0,B01
201800006828,2.0,15,0,0.0,2.0,3.0,1.0,B01
201800006828,2.0,7,0,0.0,2.0,8.0,9.0,A01
201800006829,2.0,10,0,0.0,0.0,6.0,2.0,B01
201800006829,2.0,31,0,14.0,2.0,1.0,2.0,A01
201800006830,2.0,7,0,0.0,2.0,4.0,2.0,B01
201800006830,2.0,30,0,0.0,2.0,1.0,2.0,A01
201800006831,1.0,33,0,4.0,0.0,7.0,9.0,A01
201800006832,1.0,7,0,0.0,2.0,8.0,13.0,A01
201800006832,1.0,33,0,0.0,2.0,7.0,2.0,B01
201800006833,1.0,7,0,0.0,2.0,1.0,1.0,A01
201800006833,1.0,7,0,0.0,1.0,4.0,23.0,B01
201800006834,1.0,10,0,6.0,2.0,0.0,0.0,A01
201800006834,2.0,7,0,0.0,2.0,8.0,1.0,B01
201800006835,2.0,7,0,0.0,6.0,8.0,15.0,B01
201800006835,2.0,2,0,0.0,2.0,1.0,2.0,A01
201800006836,2.0,10,0,3.0,0.0,8.0,9.0,A01
201800006837,1.0,33,0,0.0,9.0,1.0,5.0,A01
201800006837,2.0,1,0,0.0,2.0,1.0,1.0,B01
201800006838,1.0,7,0,0.0,2.0,7.0,13.0,A01
201800006838,2.0,7,0,0.0,2.0,1.0,1.0,B01
201800006839,2.0,7,0,0.0,2.0,3.0,1.0,A01
201800006839,1.0,31,0,0.0,2.0,8.0,1.0,B01
201800006840,1.0,7,0,0.0,1.0,6.0,4.0,A01
201800006841,2.0,7,0,0.0,2.0,3.0,15.0,A01
201800006841,1.0,32,0,0.0,2.0,1.0,1.0,B01
201800006842,1.0,10,0,0.0,1.0,4.0,0.0,A01
201800006843,2.0,33,0,0.0,2.0,1.0,1.0,B01
201800006843,2.0,10,0,0.0,2.0,7.0,19.0,A01
201800006844,2.0,7,0,0.0,2.0,2.0,1.0,A01
201800006844,2.0,7,0,0.0,2.0,3.0,23.0,C01
201800006844,2.0,33,0,0.0,2.0,1.0,1.0,B01
201800006845,1.0,7,0,1.0,0.0,1.0,19.0,A01
201800006846,1.0,7,0,0.0,1.0,3.0,1.0,A01
201800006847,1.0,7,0,13.0,0.0,1.0,1.0,A01
201800006848,2.0,7,0,0.0,2.0,1.0,2.0,A01
201800006848,2.0,17,0,0.0,2.0,6.0,2.0,B01
201800006849,2.0,7,0,3.0,0.0,1.0,1.0,A01
201800006850,0.0,15,0,2.0,0.0,1.0,14.0,A01
201800006851,1.0,7,0,1.0,0.0,2.0,0.0,A01
201800006851,1.0,7,0,0.0,2.0,6.0,24.0,B01
201800006852,1.0,7,0,1.0,0.0,8.0,2.0,A01
201800006852,1.0,7,0,1.0,0.0,1.0,2.0,B01
201800006852,1.0,7,0,3.0,0.0,4.0,1.0,C01
201800006853,2.0,7,0,0.0,9.0,3.0,1.0,E01
201800006853,2.0,7,0,0.0,9.0,0.0,1.0,F01
201800006853,2.0,7,0,0.0,9.0,3.0,1.0,C01
201800006853,2.0,7,0,0.0,9.0,1.0,1.0,D01
201800006853,1.0,15,0,13.0,2.0,5.0,1.0,A01
201800006854,1.0,33,0,3.0,0.0,0.0,1.0,A01
201800006855,2.0,7,0,13.0,9.0,2.0,1.0,A01
201800006856,2.0,7,0,0.0,2.0,1.0,2.0,A01
201800006856,2.0,7,0,0.0,2.0,4.0,2.0,B01
201800006857,2.0,14,0,0.0,0.0,9.0,1.0,A01
201800006858,2.0,7,0,2.0,0.0,4.0,2.0,B01
201800006858,2.0,7,0,0.0,2.0,2.0,2.0,A01
201800006859,0.0,13,0,0.0,2.0,2.0,15.0,A01
201800006859,0.0,17,0,0.0,2.0,3.0,1.0,B01
201800006860,1.0,99,0,3.0,0.0,1.0,1.0,A01
201800006861,2.0,7,0,0.0,2.0,1.0,1.0,C01
201800006861,2.0,7,0,0.0,2.0,4.0,1.0,A01
201800006861,2.0,7,0,0.0,2.0,1.0,1.0,B01
201800006862,2.0,38,1,0.0,2.0,2.0,0.0,B01
201800006862,2.0,7,0,2.0,0.0,7.0,14.0,A01
201800006863,2.0,7,0,3.0,0.0,8.0,0.0,A01
201800006864,1.0,17,0,0.0,2.0,1.0,2.0,A01
201800006864,1.0,17,0,0.0,0.0,4.0,2.0,B01
201800006865,2.0,7,0,0.0,2.0,3.0,15.0,A01
201800006865,2.0,33,0,0.0,2.0,1.0,1.0,B01
201800006865,1.0,7,0,0.0,2.0,2.0,1.0,C01
201800006866,2.0,17,0,0.0,0.0,4.0,2.0,A01
201800006866,2.0,10,0,3.0,2.0,1.0,2.0,B01
201800006867,1.0,10,0,0.0,0.0,4.0,23.0,B01
201800006867,1.0,7,0,0.0,2.0,1.0,12.0,A01
201800006868,1.0,7,0,8.0,0.0,0.0,17.0,A01
201800006869,2.0,7,0,0.0,2.0,8.0,1.0,B01
201800006869,2.0,10,0,0.0,2.0,2.0,14.0,A01
201800006870,2.0,7,0,0.0,2.0,1.0,2.0,B01
201800006870,2.0,15,0,0.0,0.0,6.0,2.0,A01
201800006871,2.0,17,0,0.0,0.0,4.0,23.0,A01
201800006871,2.0,17,0,0.0,2.0,1.0,1.0,B01
201800006872,1.0,7,0,2.0,0.0,0.0,0.0,A01
201800006873,1.0,7,0,0.0,2.0,1.0,1.0,C01
201800006873,1.0,33,0,0.0,2.0,1.0,13.0,A01
201800006873,2.0,15,0,0.0,2.0,1.0,1.0,B01
201800006874,2.0,7,0,3.0,2.0,6.0,11.0,B01
201800006874,2.0,7,0,3.0,2.0,2.0,1.0,A01
201800006875,1.0,7,0,0.0,2.0,3.0,2.0,A01
201800006875,1.0,7,0,0.0,2.0,4.0,23.0,B01
201800006875,1.0,7,0,0.0,0.0,6.0,23.0,C01
201800006876,2.0,7,0,13.0,0.0,1.0,14.0,A01
201800006877,1.0,7,0,0.0,0.0,1.0,1.0,A01
201800006878,2.0,34,0,16.0,0.0,2.0,0.0,A01
201800006879,1.0,7,0,0.0,2.0,4.0,2.0,B01
201800006879,1.0,7,0,0.0,2.0,4.0,2.0,C01
201800006879,1.0,7,0,0.0,2.0,1.0,2.0,A01
201800006879,1.0,7,0,0.0,0.0,4.0,2.0,D01
201800006880,1.0,17,0,13.0,0.0,1.0,1.0,A01
201800006881,2.0,17,0,0.0,2.0,6.0,23.0,B01
201800006881,2.0,7,0,0.0,2.0,1.0,11.0,A01
201800006882,2.0,10,0,0.0,2.0,1.0,2.0,A01
201800006882,2.0,17,0,0.0,2.0,4.0,1.0,B01
201800006883,2.0,7,0,13.0,0.0,1.0,0.0,A01
201800006884,1.0,33,0,0.0,0.0,2.0,1.0,A01
201800006885,2.0,7,0,13.0,0.0,1.0,1.0,A01
201800006886,1.0,7,0,3.0,2.0,1.0,11.0,A01
201800006886,1.0,7,0,0.0,2.0,5.0,1.0,B01
201800006887,1.0,33,0,6.0,0.0,6.0,17.0,A01
201800006888,2.0,33,0,0.0,9.0,1.0,0.0,A01
201800006889,2.0,33,0,0.0,0.0,7.0,1.0,A01
201800006890,2.0,15,0,0.0,0.0,7.0,2.0,A01
201800006891,1.0,7,0,16.0,,1.0,13.0,A01
201800006892,2.0,7,0,0.0,2.0,7.0,17.0,A01
201800006892,2.0,7,0,0.0,2.0,8.0,1.0,B01
201800006893,1.0,7,0,0.0,0.0,4.0,6.0,A01
201800006893,1.0,10,0,0.0,2.0,1.0,1.0,B01
201800006894,2.0,7,0,4.0,2.0,2.0,11.0,A01
201800006894,2.0,7,0,13.0,2.0,3.0,1.0,B01
201800006895,2.0,7,0,0.0,2.0,3.0,19.0,A01
201800006895,1.0,10,0,0.0,2.0,3.0,1.0,B01
201800006896,2.0,7,0,4.0,2.0,6.0,17.0,B01
201800006896,2.0,17,0,0.0,2.0,2.0,2.0,A01
201800006897,1.0,10,0,0.0,2.0,3.0,13.0,A01
201800006897,1.0,14,0,0.0,2.0,3.0,1.0,B01
201800006898,1.0,7,0,16.0,0.0,9.0,6.0,A01
201800006899,2.0,7,0,4.0,0.0,3.0,1.0,A01
201800006900,2.0,7,0,4.0,0.0,3.0,0.0,A01
201800006901,0.0,14,0,0.0,1.0,5.0,4.0,A01
201800006902,1.0,7,0,0.0,0.0,0.0,14.0,A01
201800006903,1.0,7,0,0.0,2.0,1.0,2.0,B01
201800006903,1.0,7,0,0.0,2.0,4.0,2.0,A01
201800006903,1.0,7,0,0.0,2.0,1.0,2.0,C01
201800006904,2.0,7,0,13.0,0.0,1.0,14.0,A01
201800006905,2.0,7,0,0.0,0.0,0.0,14.0,A01
201800006906,2.0,7,0,15.0,0.0,9.0,2.0,D01
201800006907,1.0,7,0,0.0,0.0,3.0,1.0,B01
201800006907,1.0,2,0,0.0,0.0,5.0,9.0,A01
201800006908,2.0,7,0,0.0,0.0,0.0,13.0,A01
201800006909,2.0,7,0,0.0,2.0,1.0,2.0,A01
201800006909,2.0,7,0,0.0,2.0,4.0,2.0,B01
201800006909,2.0,7,0,0.0,0.0,4.0,1.0,C01
201800006910,1.0,10,0,0.0,2.0,1.0,1.0,A01
201800006910,1.0,7,0,0.0,2.0,4.0,23.0,B01
201800006910,1.0,7,0,0.0,0.0,4.0,23.0,C01
201800006911,2.0,10,0,0.0,2.0,1.0,1.0,A01
201800006911,2.0,7,0,0.0,2.0,4.0,23.0,B01
201800006911,2.0,7,0,0.0,2.0,4.0,23.0,C01
201800006911,2.0,7,0,0.0,2.0,4.0,23.0,D01
201800006911,2.0,7,0,0.0,0.0,4.0,23.0,E01
201800006912,1.0,7,0,3.0,2.0,1.0,17.0,A01
201800006912,1.0,7,0,0.0,0.0,4.0,1.0,B01
201800006912,1.0,7,0,0.0,0.0,6.0,1.0,C01
201800006912,1.0,7,0,0.0,0.0,6.0,1.0,D01
201800006913,2.0,10,0,0.0,0.0,9.0,17.0,A01
201800006914,2.0,7,0,0.0,2.0,1.0,2.0,A01
201800006914,2.0,7,0,0.0,0.0,4.0,1.0,B01
201800006915,2.0,7,0,3.0,0.0,2.0,21.0,A01
201800006916,1.0,7,0,0.0,0.0,9.0,1.0,A01
201800006917,2.0,33,0,0.0,0.0,9.0,17.0,A01
201800006918,1.0,7,0,3.0,0.0,9.0,16.0,A01
201800006919,1.0,7,0,15.0,0.0,9.0,0.0,A01
201800006920,2.0,7,0,0.0,0.0,4.0,1.0,B01
201800006920,2.0,7,0,3.0,2.0,1.0,2.0,A01
201800006921,2.0,17,0,0.0,0.0,4.0,23.0,C01
201800006921,2.0,15,0,0.0,2.0,1.0,9.0,A01
201800006921,2.0,17,0,0.0,0.0,8.0,23.0,D01
201800006921,2.0,10,0,0.0,2.0,4.0,23.0,B01
201800006922,2.0,7,0,0.0,2.0,4.0,2.0,C01
201800006922,2.0,7,0,0.0,0.0,4.0,2.0,F01
201800006922,2.0,7,0,0.0,2.0,4.0,2.0,B01
201800006922,2.0,7,0,0.0,2.0,4.0,2.0,E01
201800006922,2.0,7,0,0.0,2.0,1.0,2.0,A01
201800006922,2.0,7,0,0.0,2.0,1.0,2.0,D01
201800006923,1.0,7,0,3.0,0.0,9.0,1.0,A01
201800006924,1.0,15,0,0.0,2.0,1.0,2.0,A01
201800006924,1.0,7,0,0.0,0.0,4.0,2.0,B01
201800006925,1.0,7,0,2.0,0.0,0.0,0.0,A01
201800006926,1.0,7,0,0.0,2.0,2.0,0.0,A01
201800006926,1.0,7,0,0.0,0.0,6.0,0.0,B01
201800006927,1.0,7,0,0.0,0.0,0.0,1.0,A01
201800006928,2.0,7,0,0.0,0.0,4.0,0.0,A01
201800006928,2.0,7,0,0.0,2.0,1.0,1.0,B01
201800006928,2.0,7,0,0.0,2.0,1.0,0.0,C01
201800006929,2.0,7,0,3.0,0.0,8.0,1.0,A01
201800006930,2.0,7,0,0.0,2.0,2.0,16.0,A01
201800006930,2.0,7,0,0.0,2.0,3.0,1.0,B01
201800006931,2.0,7,0,0.0,2.0,1.0,2.0,C01
201800006931,2.0,15,0,0.0,2.0,4.0,17.0,D01
201800006931,2.0,7,0,3.0,0.0,7.0,17.0,A01
201800006931,2.0,15,0,0.0,0.0,4.0,1.0,B01
201800006931,2.0,7,0,0.0,2.0,1.0,17.0,E01
201800006932,1.0,7,0,3.0,0.0,8.0,1.0,A01
201800006932,1.0,7,0,3.0,2.0,3.0,1.0,B01
201800006933,1.0,33,0,0.0,2.0,1.0,1.0,A01
201800006933,1.0,33,0,0.0,0.0,4.0,2.0,B01
201800006934,1.0,33,0,0.0,6.0,1.0,19.0,A01
201800006935,1.0,7,0,0.0,0.0,9.0,0.0,A01
201800006936,1.0,7,0,4.0,0.0,2.0,1.0,A01
201800006937,1.0,15,0,0.0,2.0,4.0,2.0,B01
201800006937,1.0,7,0,0.0,2.0,1.0,2.0,A01
201800006938,1.0,7,0,0.0,2.0,3.0,13.0,A01
201800006938,2.0,17,0,0.0,2.0,3.0,1.0,B01
201800006939,2.0,7,0,3.0,0.0,2.0,1.0,A01
201800006940,1.0,7,0,0.0,0.0,9.0,2.0,A01
201800006941,1.0,7,0,0.0,2.0,1.0,1.0,A01
201800006941,1.0,14,0,0.0,0.0,6.0,1.0,B01
201800006942,2.0,33,0,0.0,0.0,7.0,2.0,A01
201800006943,2.0,33,0,3.0,0.0,2.0,1.0,A01
201800006944,2.0,7,0,0.0,2.0,1.0,2.0,B01
201800006944,2.0,17,0,0.0,0.0,4.0,1.0,A01
201800006945,2.0,7,0,0.0,2.0,7.0,23.0,B01
201800006945,2.0,38,50,0.0,2.0,8.0,24.0,C01
201800006945,2.0,17,0,0.0,2.0,8.0,18.0,A01
201800006946,2.0,17,0,0.0,2.0,2.0,2.0,A01
201800006946,2.0,10,0,0.0,2.0,6.0,2.0,B01
201800006947,1.0,7,0,0.0,2.0,1.0,1.0,B01
201800006947,1.0,10,0,0.0,2.0,4.0,1.0,C01
201800006947,1.0,7,0,3.0,2.0,2.0,1.0,A01
201800006948,2.0,7,0,3.0,0.0,3.0,1.0,A01
201800006949,2.0,7,0,0.0,2.0,1.0,2.0,B01
201800006949,2.0,7,0,0.0,0.0,4.0,1.0,A01
201800006950,1.0,7,0,3.0,0.0,3.0,11.0,A01
201800006951,1.0,14,0,1.0,0.0,2.0,1.0,A01
201800006951,1.0,10,0,0.0,0.0,3.0,24.0,B01
201800006951,1.0,15,0,1.0,0.0,2.0,1.0,C01
201800006952,1.0,7,0,0.0,2.0,2.0,17.0,A01
201800006952,1.0,7,0,0.0,2.0,8.0,1.0,B01
201800006953,1.0,7,0,3.0,0.0,4.0,21.0,A01
201800006953,1.0,7,0,0.0,2.0,1.0,2.0,B01
201800006953,1.0,7,0,0.0,2.0,2.0,2.0,C01
201800006953,2.0,7,0,0.0,9.0,3.0,0.0,D01
201800006954,1.0,15,0,0.0,2.0,0.0,23.0,A01
201800006954,0.0,99,0,0.0,2.0,0.0,0.0,R01
201800006955,1.0,17,0,0.0,2.0,6.0,1.0,D01
201800006955,1.0,7,0,0.0,2.0,1.0,1.0,A01
201800006956,2.0,17,0,0.0,2.0,8.0,1.0,B01
201800006956,1.0,7,0,0.0,2.0,3.0,13.0,A01
201800006957,2.0,13,0,0.0,0.0,3.0,1.0,B01
201800006957,2.0,7,0,0.0,2.0,2.0,15.0,A01
201800006958,1.0,7,0,0.0,2.0,1.0,17.0,A01
201800006958,1.0,7,0,0.0,2.0,4.0,1.0,B01
201800006958,2.0,7,0,3.0,2.0,8.0,1.0,C01
201800006958,2.0,7,0,13.0,2.0,8.0,1.0,D01
201800006959,2.0,7,0,0.0,2.0,2.0,2.0,A01
201800006959,2.0,15,0,0.0,2.0,6.0,1.0,B01
201800006960,2.0,33,0,0.0,2.0,5.0,1.0,A01
201800006960,1.0,7,0,0.0,2.0,5.0,11.0,B01
201800006961,1.0,33,0,0.0,2.0,1.0,1.0,B01
201800006961,2.0,7,0,0.0,2.0,3.0,13.0,A01
201800006962,1.0,34,0,0.0,0.0,2.0,3.0,A01
201800006962,2.0,7,0,0.0,0.0,2.0,19.0,B01
201800006963,1.0,2,0,0.0,0.0,3.0,1.0,A01
201800006963,2.0,7,0,0.0,0.0,0.0,15.0,B01