Num_Acc,senc,catv,occutc,obs,obsm,choc,manv,num_veh
201800006964,0.0,7,0,0.0,2.0,3.0,13.0,A01
201800006964,0.0,13,0,0.0,2.0,8.0,1.0,B01
201800006965,0.0,33,0,0.0,0.0,0.0,1.0,A01
201800006966,1.0,7,0,0.0,1.0,3.0,1.0,A01
201800006967,2.0,7,0,7.0,2.0,2.0,2.0,A01
201800006967,0.0,31,0,0.0,2.0,8.0,1.0,B01
201800006968,0.0,2,0,0.0,2.0,1.0,1.0,A01
201800006968,0.0,7,0,0.0,2.0,8.0,1.0,B01
201800006969,0.0,33,0,0.0,0.0,0.0,1.0,A01
201800006970,1.0,7,0,0.0,9.0,2.0,9.0,A01
201800006970,2.0,1,0,0.0,2.0,1.0,1.0,B01
201800006971,2.0,34,0,0.0,1.0,1.0,17.0,A01
201800006972,0.0,7,0,0.0,2.0,4.0,2.0,A01
201800006972,0.0,2,0,0.0,2.0,1.0,2.0,B01
201800006973,1.0,1,0,3.0,0.0,1.0,16.0,A01
201800006973,2.0,7,0,0.0,0.0,0.0,0.0,B01
201800006974,0.0,7,0,0.0,2.0,3.0,9.0,A01
201800006974,0.0,33,0,0.0,2.0,3.0,1.0,B01
201800006975,2.0,7,0,0.0,2.0,3.0,15.0,A01
201800006975,1.0,2,0,0.0,2.0,1.0,17.0,B01
201800006976,2.0,7,0,0.0,2.0,7.0,13.0,A01
201800006976,1.0,7,0,0.0,2.0,1.0,1.0,B01
201800006977,2.0,7,0,0.0,1.0,2.0,1.0,A01
201800006978,0.0,7,0,0.0,2.0,3.0,1.0,B01
201800006978,0.0,7,0,0.0,2.0,3.0,13.0,A01
201800006979,1.0,7,0,0.0,2.0,7.0,13.0,A01
201800006979,1.0,7,0,0.0,2.0,1.0,1.0,B01
201800006980,1.0,7,0,0.0,2.0,8.0,1.0,B01
201800006980,1.0,2,0,0.0,2.0,8.0,3.0,A01
201800006980,1.0,7,0,0.0,2.0,7.0,1.0,C01
201800006981,2.0,7,0,16.0,0.0,0.0,6.0,A01
201800006982,1.0,7,0,0.0,0.0,8.0,1.0,B01
201800006982,1.0,1,0,0.0,2.0,1.0,19.0,A01
201800006983,1.0,33,0,0.0,2.0,8.0,1.0,B01
201800006983,1.0,10,0,0.0,2.0,7.0,12.0,A01
201800006984,2.0,7,0,2.0,2.0,1.0,0.0,B01
201800006984,1.0,7,0,0.0,2.0,3.0,13.0,A01
201800006985,2.0,7,0,13.0,0.0,1.0,13.0,A01
201800006986,2.0,7,0,0.0,2.0,2.0,19.0,A01
201800006986,1.0,30,0,0.0,2.0,1.0,1.0,B01
201800006987,1.0,7,0,0.0,2.0,3.0,15.0,A01
201800006987,2.0,33,0,0.0,2.0,1.0,1.0,B01
201800006988,1.0,1,0,0.0,0.0,6.0,1.0,A01
201800006988,1.0,7,0,0.0,9.0,2.0,2.0,B01
201800006989,1.0,33,0,0.0,2.0,1.0,1.0,A01
201800006989,0.0,7,0,0.0,2.0,3.0,9.0,B01
201800006990,1.0,7,0,0.0,2.0,1.0,1.0,C01
201800006990,2.0,7,0,0.0,2.0,3.0,13.0,A01
201800006990,1.0,7,0,0.0,2.0,8.0,1.0,B01
201800006991,2.0,31,0,0.0,2.0,8.0,13.0,A01
201800006991,1.0,7,0,0.0,2.0,7.0,13.0,B01
201800006992,1.0,7,0,0.0,2.0,3.0,15.0,A01
201800006992,2.0,7,0,0.0,2.0,1.0,1.0,B01
201800006992,1.0,7,0,0.0,2.0,2.0,1.0,C01
201800006993,0.0,7,0,0.0,9.0,7.0,16.0,A01
201800006993,0.0,1,0,0.0,2.0,1.0,1.0,B01
201800006994,1.0,7,0,0.0,2.0,2.0,1.0,B01
201800006994,2.0,7,0,6.0,2.0,1.0,5.0,A01
201800006995,0.0,33,0,0.0,2.0,1.0,1.0,B01
201800006995,1.0,7,0,0.0,2.0,3.0,1.0,A01
201800006996,0.0,7,0,4.0,0.0,3.0,12.0,A01
201800006997,2.0,7,0,0.0,0.0,0.0,21.0,A01
201800006998,0.0,7,0,0.0,1.0,2.0,1.0,A01
201800006999,2.0,17,0,0.0,2.0,2.0,2.0,A01
201800006999,2.0,37,19,0.0,2.0,6.0,1.0,B01
201800007000,1.0,7,0,2.0,0.0,1.0,14.0,A01
201800007001,1.0,15,0,0.0,0.0,0.0,23.0,B01
201800007001,1.0,7,0,0.0,2.0,3.0,12.0,A01
201800007002,2.0,7,0,0.0,0.0,0.0,0.0,B01
201800007002,2.0,7,0,4.0,0.0,9.0,13.0,A01
201800007003,2.0,7,0,4.0,0.0,1.0,16.0,A01
201800007004,1.0,2,0,0.0,0.0,4.0,2.0,B01
201800007004,1.0,7,0,0.0,2.0,2.0,2.0,A01
201800007005,2.0,7,0,0.0,0.0,5.0,23.0,C01
201800007005,2.0,7,0,0.0,2.0,1.0,12.0,B01
201800007005,2.0,7,0,0.0,2.0,4.0,12.0,A01
201800007006,2.0,17,0,0.0,0.0,5.0,2.0,B01
201800007006,2.0,10,0,0.0,2.0,1.0,2.0,A01
201800007007,2.0,7,0,4.0,0.0,2.0,1.0,A01
201800007008,2.0,7,0,0.0,0.0,5.0,1.0,B01
201800007008,2.0,7,0,0.0,2.0,3.0,11.0,A01
201800007009,2.0,7,0,0.0,2.0,5.0,2.0,B01
201800007009,2.0,33,0,0.0,2.0,1.0,2.0,A01
201800007009,2.0,7,0,0.0,0.0,4.0,2.0,C01
201800007010,2.0,7,0,0.0,2.0,4.0,2.0,E01
201800007010,2.0,7,0,0.0,2.0,4.0,2.0,C01
201800007010,2.0,7,0,0.0,2.0,4.0,0.0,D01
201800007010,2.0,7,0,0.0,2.0,4.0,2.0,A01
201800007010,2.0,7,0,0.0,2.0,4.0,2.0,F01
201800007010,2.0,7,0,0.0,2.0,4.0,2.0,B01
201800007011,2.0,17,0,0.0,0.0,4.0,2.0,B01
201800007011,2.0,7,0,0.0,2.0,1.0,2.0,A01
201800007012,2.0,7,0,3.0,0.0,1.0,1.0,A01
201800007012,2.0,7,0,1.0,0.0,1.0,2.0,B01
201800007013,2.0,17,0,13.0,0.0,2.0,2.0,A01
201800007014,2.0,7,0,4.0,2.0,3.0,2.0,A01
201800007014,2.0,7,0,0.0,2.0,5.0,2.0,B01
201800007015,2.0,17,0,0.0,2.0,2.0,2.0,A01
201800007015,2.0,15,0,0.0,0.0,6.0,1.0,B01
201800007015,2.0,7,0,0.0,0.0,6.0,23.0,C01
201800007016,1.0,7,0,0.0,1.0,2.0,1.0,A01
201800007017,0.0,7,0,0.0,1.0,2.0,1.0,A01
201800007018,2.0,7,0,0.0,1.0,2.0,16.0,A01
201800007019,0.0,2,0,0.0,2.0,7.0,17.0,B01
201800007019,0.0,7,0,0.0,2.0,8.0,15.0,A01
201800007020,2.0,7,0,0.0,2.0,3.0,13.0,A01
201800007020,1.0,33,0,0.0,2.0,8.0,17.0,B01
201800007021,0.0,10,0,0.0,1.0,0.0,16.0,A01
201800007022,2.0,2,0,0.0,2.0,3.0,1.0,B01
201800007022,1.0,33,0,0.0,2.0,1.0,16.0,A01
201800007023,1.0,7,0,0.0,2.0,1.0,19.0,A01
201800007023,2.0,33,0,0.0,2.0,1.0,1.0,B01
201800007024,0.0,1,0,0.0,2.0,1.0,0.0,A01
201800007024,0.0,7,0,0.0,9.0,6.0,1.0,B01
201800007025,2.0,7,0,4.0,2.0,2.0,17.0,A01
201800007025,2.0,17,0,0.0,0.0,6.0,2.0,B01
201800007026,2.0,7,0,1.0,0.0,1.0,2.0,B01
201800007026,2.0,7,0,9.0,0.0,6.0,23.0,A01
201800007027,2.0,7,0,0.0,2.0,6.0,2.0,B01
201800007027,2.0,7,0,0.0,2.0,2.0,2.0,A01
201800007028,2.0,14,0,0.0,2.0,2.0,1.0,B01
201800007028,1.0,7,0,0.0,2.0,3.0,16.0,A01
201800007029,1.0,7,0,0.0,2.0,3.0,13.0,A01
201800007029,2.0,17,0,0.0,2.0,6.0,1.0,B01
201800007030,2.0,15,0,0.0,2.0,1.0,2.0,A01
201800007030,2.0,7,0,0.0,0.0,4.0,2.0,B01
201800007031,1.0,7,0,4.0,0.0,9.0,12.0,A01
201800007032,2.0,17,0,0.0,2.0,2.0,1.0,A01
201800007032,2.0,7,0,0.0,2.0,3.0,0.0,B01
201800007033,1.0,7,0,0.0,2.0,2.0,2.0,A01
201800007033,1.0,7,0,0.0,2.0,6.0,2.0,B01
201800007033,2.0,7,0,0.0,1.0,2.0,1.0,C01
201800007034,1.0,7,0,4.0,0.0,3.0,0.0,A01
201800007035,2.0,7,0,3.0,2.0,3.0,1.0,A01
201800007035,2.0,17,0,0.0,0.0,5.0,1.0,B01
201800007036,0.0,32,0,4.0,0.0,1.0,13.0,A01
201800007037,1.0,17,0,2.0,0.0,2.0,2.0,A01
201800007038,1.0,13,0,0.0,2.0,3.0,2.0,B01
201800007038,1.0,7,0,0.0,2.0,4.0,2.0,A01
201800007039,2.0,10,0,0.0,2.0,1.0,1.0,A01
201800007039,2.0,17,0,0.0,0.0,6.0,1.0,B01
201800007040,0.0,13,0,0.0,2.0,2.0,1.0,A01
201800007040,0.0,7,0,0.0,2.0,8.0,1.0,B01
201800007041,1.0,7,0,0.0,2.0,6.0,2.0,A01
201800007041,1.0,7,0,0.0,2.0,6.0,2.0,B01
201800007041,2.0,99,0,0.0,2.0,0.0,5.0,C01
201800007042,2.0,7,0,0.0,2.0,6.0,0.0,I01
201800007042,2.0,7,0,0.0,2.0,7.0,12.0,E01
201800007042,2.0,7,0,0.0,2.0,1.0,0.0,D01
201800007042,2.0,7,0,4.0,2.0,4.0,0.0,G01
201800007042,2.0,7,0,0.0,2.0,1.0,0.0,J01
201800007042,2.0,7,0,0.0,2.0,1.0,0.0,C01
201800007042,2.0,7,0,4.0,2.0,3.0,0.0,B01
201800007042,2.0,13,0,0.0,2.0,0.0,0.0,K01
201800007042,2.0,7,0,0.0,2.0,0.0,0.0,H01
201800007042,2.0,7,0,4.0,2.0,5.0,0.0,F01
201800007042,2.0,7,0,0.0,2.0,0.0,0.0,L01
201800007042,2.0,10,0,0.0,2.0,3.0,1.0,A01
201800007043,2.0,7,0,0.0,2.0,2.0,2.0,A01
201800007043,2.0,7,0,0.0,2.0,4.0,2.0,B01
201800007044,0.0,7,0,0.0,2.0,4.0,11.0,A01
201800007044,1.0,7,0,0.0,2.0,1.0,1.0,B01
201800007045,1.0,7,0,3.0,2.0,6.0,1.0,A01
201800007045,1.0,15,0,0.0,2.0,0.0,12.0,B01
201800007046,2.0,15,0,0.0,2.0,1.0,1.0,B01
201800007046,1.0,7,0,0.0,0.0,8.0,19.0,A01
201800007047,2.0,7,0,13.0,0.0,9.0,13.0,A01
201800007048,2.0,7,0,0.0,0.0,8.0,1.0,B01
201800007048,1.0,7,0,0.0,0.0,8.0,1.0,A01
201800007049,0.0,21,0,0.0,2.0,1.0,1.0,B01
201800007049,0.0,7,0,15.0,2.0,1.0,1.0,A01
201800007050,0.0,7,0,6.0,0.0,3.0,0.0,A01
201800007051,1.0,7,0,0.0,2.0,5.0,19.0,A01
201800007051,1.0,2,0,0.0,2.0,1.0,1.0,B01
201800007052,0.0,7,0,6.0,2.0,7.0,1.0,B01
201800007052,0.0,7,0,0.0,2.0,1.0,19.0,A01
201800007053,1.0,7,0,6.0,0.0,9.0,0.0,A01
201800007054,1.0,7,0,0.0,0.0,1.0,1.0,A01
201800007054,1.0,7,0,0.0,0.0,4.0,20.0,B01
201800007055,1.0,7,0,0.0,2.0,1.0,1.0,A01
201800007055,2.0,10,0,0.0,2.0,1.0,1.0,B01
201800007056,2.0,33,0,13.0,2.0,1.0,1.0,A01
201800007056,1.0,7,0,0.0,2.0,8.0,15.0,B01
201800007057,0.0,13,0,0.0,2.0,3.0,1.0,B01
201800007057,0.0,13,0,0.0,2.0,6.0,1.0,A01
201800007058,2.0,2,0,0.0,0.0,0.0,16.0,A01
201800007059,2.0,33,0,0.0,0.0,0.0,17.0,A01
201800007060,0.0,17,0,0.0,2.0,2.0,9.0,A01
201800007060,1.0,33,0,0.0,2.0,1.0,1.0,B01
201800007061,1.0,7,0,8.0,0.0,7.0,13.0,A01
201800007062,1.0,33,0,0.0,2.0,1.0,1.0,A01
201800007062,1.0,7,0,0.0,2.0,6.0,11.0,B01
201800007063,0.0,7,0,0.0,1.0,3.0,1.0,A01
201800007064,1.0,33,0,0.0,1.0,0.0,0.0,A01
201800007065,0.0,33,0,0.0,2.0,7.0,3.0,A01
201800007065,0.0,7,0,0.0,2.0,3.0,11.0,B01
201800007066,2.0,7,0,0.0,2.0,3.0,1.0,B01
201800007066,1.0,34,0,0.0,2.0,1.0,13.0,A01
201800007067,0.0,7,0,0.0,2.0,8.0,19.0,A01
201800007067,1.0,31,0,0.0,2.0,1.0,1.0,B01
201800007068,0.0,7,0,0.0,0.0,4.0,1.0,A01
201800007068,0.0,2,0,0.0,2.0,1.0,1.0,B01
201800007069,1.0,2,0,0.0,2.0,4.0,0.0,A01
201800007069,1.0,7,0,0.0,2.0,1.0,1.0,B01
201800007069,2.0,7,0,0.0,2.0,3.0,1.0,C01
201800007070,2.0,7,0,0.0,2.0,3.0,19.0,A01
201800007070,1.0,33,0,0.0,2.0,1.0,1.0,B01
201800007071,0.0,7,0,0.0,1.0,1.0,1.0,A01
201800007072,2.0,7,0,0.0,2.0,1.0,14.0,A01
201800007072,2.0,7,0,0.0,2.0,8.0,1.0,B01
201800007073,0.0,10,0,0.0,2.0,6.0,4.0,A01
201800007073,0.0,34,0,0.0,2.0,2.0,1.0,B01
201800007074,0.0,7,0,12.0,0.0,7.0,1.0,A01
201800007075,1.0,33,0,0.0,0.0,2.0,16.0,A01
201800007076,1.0,1,0,0.0,9.0,2.0,1.0,A01
201800007076,2.0,1,0,0.0,9.0,1.0,1.0,B01
201800007077,1.0,32,0,8.0,0.0,8.0,1.0,A01
201800007078,0.0,33,0,0.0,2.0,1.0,1.0,A01
201800007078,0.0,7,0,0.0,2.0,1.0,13.0,B01
201800007079,0.0,37,1,0.0,2.0,1.0,1.0,B01
201800007079,0.0,7,0,0.0,2.0,1.0,9.0,A01
201800007080,1.0,7,0,0.0,2.0,1.0,13.0,A01
201800007080,2.0,13,0,0.0,2.0,1.0,1.0,B01
201800007081,0.0,7,0,15.0,0.0,1.0,1.0,A01
201800007082,0.0,2,0,0.0,0.0,2.0,0.0,A01
201800007083,0.0,7,0,0.0,2.0,3.0,17.0,A01
201800007083,0.0,32,0,0.0,2.0,7.0,17.0,B01
201800007084,0.0,32,0,0.0,0.0,8.0,2.0,A01
201800007085,0.0,7,0,0.0,0.0,0.0,19.0,A01
201800007085,0.0,34,0,6.0,0.0,7.0,21.0,B01
201800007086,0.0,7,0,8.0,0.0,2.0,13.0,A01
201800007087,0.0,33,0,0.0,1.0,1.0,1.0,A01
201800007088,2.0,33,0,0.0,2.0,7.0,17.0,A01
201800007088,2.0,7,0,0.0,2.0,3.0,15.0,B01
201800007089,0.0,7,0,0.0,1.0,1.0,1.0,A01
201800007090,0.0,7,0,0.0,1.0,1.0,1.0,A01
201800007091,0.0,7,0,8.0,0.0,9.0,0.0,A01
201800007092,0.0,7,0,0.0,1.0,1.0,15.0,A01
201800007093,0.0,7,0,0.0,2.0,3.0,9.0,A01
201800007093,0.0,1,0,0.0,0.0,4.0,2.0,B01
201800007094,2.0,7,0,6.0,0.0,1.0,1.0,A01
201800007095,0.0,7,0,8.0,0.0,8.0,6.0,A01
201800007096,0.0,7,0,0.0,2.0,3.0,15.0,A01
201800007096,0.0,33,0,0.0,2.0,1.0,1.0,B01
201800007097,0.0,7,0,0.0,2.0,3.0,13.0,A01
201800007097,0.0,33,0,0.0,2.0,7.0,17.0,B01
201800007098,0.0,7,0,0.0,9.0,1.0,15.0,A01
201800007098,0.0,1,0,0.0,2.0,7.0,1.0,B01
201800007099,0.0,7,0,0.0,1.0,1.0,1.0,A01
201800007100,1.0,33,0,0.0,2.0,1.0,13.0,A01
201800007100,2.0,7,0,0.0,2.0,1.0,1.0,B01
201800007101,1.0,7,0,0.0,2.0,2.0,15.0,A01
201800007101,2.0,33,0,0.0,2.0,1.0,1.0,B01
201800007102,2.0,7,0,0.0,0.0,0.0,10.0,B01
201800007102,2.0,2,0,0.0,0.0,0.0,1.0,A01
201800007103,0.0,7,0,0.0,2.0,3.0,15.0,A01
201800007103,0.0,2,0,0.0,2.0,1.0,1.0,B01
201800007104,0.0,7,0,0.0,1.0,2.0,1.0,A01
201800007105,0.0,10,0,0.0,2.0,3.0,19.0,A01
201800007105,0.0,10,0,0.0,2.0,2.0,19.0,B01
201800007106,0.0,2,0,0.0,2.0,1.0,1.0,A01
201800007106,0.0,7,0,0.0,2.0,2.0,15.0,B01
201800007107,2.0,7,0,0.0,2.0,2.0,15.0,A01
201800007107,1.0,33,0,0.0,2.0,1.0,1.0,B01
201800007108,1.0,2,0,0.0,2.0,1.0,1.0,A01
201800007108,2.0,7,0,0.0,2.0,8.0,1.0,B01
201800007109,1.0,33,0,0.0,2.0,1.0,1.0,B01
201800007109,2.0,7,0,0.0,2.0,2.0,15.0,A01
201800007110,0.0,7,0,0.0,2.0,7.0,1.0,B01
201800007110,0.0,1,0,0.0,2.0,1.0,19.0,A01
201800007111,1.0,7,0,0.0,2.0,3.0,1.0,B01
201800007111,2.0,33,0,0.0,2.0,1.0,17.0,A01
201800007112,2.0,31,0,0.0,1.0,2.0,1.0,A01
201800007113,0.0,7,0,0.0,2.0,3.0,1.0,A01
201800007113,0.0,32,0,0.0,2.0,2.0,1.0,B01
201800007114,0.0,7,0,0.0,0.0,2.0,14.0,A01
201800007115,2.0,7,0,0.0,2.0,7.0,15.0,A01
201800007115,1.0,33,0,0.0,2.0,1.0,1.0,B01
201800007116,1.0,7,0,0.0,2.0,2.0,15.0,A01
201800007116,1.0,1,0,0.0,2.0,1.0,1.0,B01
201800007116,1.0,1,0,0.0,2.0,1.0,1.0,C01
201800007116,1.0,1,0,0.0,0.0,1.0,1.0,D01
201800007117,2.0,7,0,0.0,0.0,3.0,5.0,A01
201800007117,1.0,7,0,0.0,2.0,1.0,1.0,B01
201800007117,1.0,7,0,0.0,0.0,1.0,1.0,C01
201800007117,1.0,7,0,0.0,2.0,1.0,1.0,D01
201800007118,1.0,7,0,0.0,2.0,2.0,1.0,A01
201800007118,1.0,7,0,0.0,0.0,6.0,1.0,B01
201800007119,1.0,33,0,0.0,2.0,1.0,2.0,A01
201800007119,1.0,37,1,0.0,0.0,4.0,1.0,B01
201800007120,0.0,7,0,0.0,1.0,0.0,1.0,A01
201800007121,2.0,17,0,3.0,0.0,3.0,1.0,A01
201800007122,1.0,7,0,3.0,0.0,1.0,14.0,A01
201800007123,1.0,7,0,0.0,2.0,2.0,3.0,A01
201800007123,1.0,15,0,0.0,0.0,6.0,1.0,B01
201800007124,2.0,7,0,3.0,0.0,1.0,1.0,A01
201800007125,1.0,7,0,14.0,0.0,1.0,1.0,A01
201800007126,2.0,17,0,0.0,0.0,6.0,1.0,A01
201800007126,2.0,7,0,0.0,2.0,1.0,1.0,B01
201800007127,1.0,7,0,0.0,0.0,5.0,2.0,B01
201800007127,1.0,7,0,0.0,2.0,3.0,2.0,A01
201800007128,0.0,7,0,0.0,2.0,2.0,2.0,A01
201800007128,0.0,37,8,0.0,2.0,6.0,2.0,B01
201800007129,0.0,17,0,0.0,2.0,8.0,15.0,A01
201800007129,1.0,7,0,0.0,2.0,1.0,1.0,B01
201800007130,1.0,10,0,0.0,2.0,2.0,13.0,A01
201800007130,1.0,17,0,0.0,0.0,6.0,1.0,B01
201800007130,1.0,7,0,0.0,2.0,1.0,2.0,C01
201800007131,2.0,7,0,0.0,2.0,1.0,1.0,B01
201800007131,2.0,7,0,0.0,2.0,4.0,6.0,A01
201800007132,2.0,7,0,0.0,2.0,1.0,1.0,A01
201800007132,0.0,1,0,0.0,2.0,7.0,19.0,B01
201800007133,1.0,7,0,0.0,2.0,1.0,15.0,A01
201800007133,2.0,1,0,0.0,2.0,1.0,1.0,B01
201800007134,1.0,33,0,0.0,0.0,7.0,2.0,A01
201800007135,1.0,7,0,0.0,2.0,1.0,13.0,A01
201800007135,2.0,7,0,0.0,2.0,8.0,1.0,D01
201800007135,2.0,7,0,0.0,2.0,8.0,1.0,C01
201800007135,2.0,7,0,0.0,2.0,8.0,2.0,B01
201800007136,2.0,7,0,0.0,2.0,1.0,13.0,A01
201800007136,1.0,10,0,0.0,2.0,3.0,1.0,B01
201800007137,1.0,7,0,0.0,2.0,1.0,1.0,B01
201800007137,1.0,7,0,0.0,0.0,4.0,1.0,A01
201800007138,2.0,7,0,2.0,0.0,1.0,1.0,A01
201800007139,1.0,7,0,8.0,0.0,1.0,13.0,A01
201800007140,0.0,33,0,0.0,2.0,7.0,1.0,A01
201800007140,0.0,7,0,0.0,2.0,1.0,15.0,B01
201800007141,2.0,33,0,0.0,2.0,1.0,2.0,B01
201800007141,2.0,7,0,0.0,2.0,4.0,2.0,A01
201800007142,2.0,33,0,0.0,2.0,4.0,2.0,B01
201800007142,2.0,7,0,0.0,2.0,2.0,2.0,A01
201800007143,2.0,20,0,0.0,2.0,3.0,1.0,B01
201800007143,1.0,7,0,0.0,2.0,3.0,13.0,A01
201800007144,1.0,7,0,0.0,1.0,3.0,1.0,A01
201800007145,1.0,2,0,3.0,0.0,0.0,14.0,A01
201800007146,1.0,7,0,0.0,2.0,2.0,1.0,A01
201800007146,1.0,7,0,0.0,2.0,3.0,15.0,B01
201800007147,0.0,7,0,1.0,0.0,2.0,1.0,A01
201800007147,0.0,33,0,0.0,2.0,4.0,23.0,B01
201800007148,1.0,7,0,0.0,2.0,1.0,19.0,C01
201800007148,2.0,10,0,0.0,2.0,5.0,1.0,B01
201800007148,2.0,7,0,0.0,2.0,1.0,1.0,A01
201800007149,0.0,33,0,3.0,0.0,1.0,1.0,A01
201800007150,1.0,7,0,13.0,0.0,1.0,13.0,A01
201800007151,0.0,10,0,0.0,1.0,3.0,1.0,A01
201800007152,2.0,7,0,0.0,2.0,1.0,2.0,A01
201800007152,2.0,7,0,0.0,2.0,4.0,2.0,B01
201800007153,1.0,7,0,0.0,2.0,3.0,1.0,B01
201800007153,1.0,7,0,0.0,2.0,2.0,1.0,A01
201800007154,1.0,31,0,0.0,2.0,4.0,2.0,B01
201800007154,1.0,7,0,0.0,2.0,3.0,1.0,A01
201800007155,2.0,33,0,7.0,0.0,1.0,1.0,A01
201800007156,0.0,1,0,0.0,2.0,4.0,15.0,B01
201800007156,0.0,7,0,0.0,2.0,1.0,2.0,A01
201800007157,2.0,10,0,0.0,2.0,1.0,2.0,A01
201800007157,2.0,10,0,0.0,0.0,6.0,15.0,B01
201800007158,0.0,33,0,0.0,2.0,3.0,1.0,A01
201800007158,0.0,7,0,0.0,2.0,3.0,1.0,B01
201800007159,1.0,33,0,7.0,0.0,1.0,1.0,A01
201800007160,2.0,7,0,0.0,2.0,4.0,1.0,A01
201800007160,2.0,7,0,0.0,2.0,3.0,2.0,B01
201800007161,1.0,1,0,0.0,2.0,1.0,5.0,B01
201800007161,0.0,7,0,0.0,2.0,1.0,16.0,A01
201800007162,2.0,33,0,0.0,2.0,1.0,1.0,B01
201800007162,1.0,7,0,0.0,2.0,6.0,15.0,A01
201800007163,0.0,33,0,13.0,0.0,1.0,1.0,B01
201800007163,0.0,7,0,13.0,0.0,3.0,1.0,A01
201800007164,1.0,1,0,0.0,2.0,3.0,1.0,B01
201800007164,1.0,7,0,0.0,2.0,3.0,19.0,A01
201800007165,1.0,17,0,3.0,0.0,2.0,1.0,A01
201800007166,1.0,7,0,0.0,0.0,5.0,2.0,B01
201800007166,1.0,7,0,3.0,0.0,2.0,2.0,D01
201800007166,1.0,7,0,5.0,0.0,3.0,2.0,C01
201800007166,1.0,7,0,0.0,0.0,1.0,2.0,A01
201800007167,2.0,7,0,0.0,0.0,4.0,1.0,C01
201800007167,2.0,7,0,1.0,0.0,7.0,0.0,B01
201800007167,2.0,7,0,3.0,0.0,1.0,1.0,A01
201800007168,2.0,7,0,1.0,0.0,2.0,1.0,E01
201800007168,2.0,7,0,3.0,0.0,6.0,2.0,B01
201800007168,2.0,17,0,1.0,0.0,3.0,1.0,C01
201800007168,2.0,7,0,1.0,0.0,3.0,1.0,D01
201800007168,2.0,7,0,3.0,0.0,4.0,2.0,A01
201800007169,2.0,7,0,3.0,0.0,1.0,1.0,A01
201800007170,1.0,7,0,1.0,0.0,1.0,1.0,A01
201800007170,1.0,17,0,0.0,0.0,5.0,24.0,B01
201800007171,2.0,38,2,0.0,2.0,1.0,1.0,B01
201800007171,1.0,7,0,0.0,2.0,8.0,17.0,A01
201800007172,0.0,7,0,0.0,1.0,2.0,1.0,A01
201800007173,1.0,30,0,0.0,2.0,4.0,1.0,A01
201800007173,2.0,7,0,0.0,2.0,1.0,1.0,B01
201800007174,1.0,7,0,0.0,2.0,1.0,15.0,A01
201800007174,2.0,33,0,0.0,2.0,8.0,1.0,B01
201800007175,2.0,7,0,0.0,2.0,8.0,10.0,B01
201800007175,2.0,7,0,0.0,2.0,1.0,13.0,A01
201800007176,1.0,7,0,0.0,2.0,4.0,23.0,A01
201800007176,1.0,7,0,1.0,1.0,1.0,2.0,C01
201800007177,1.0,15,0,4.0,2.0,1.0,0.0,A01
201800007177,1.0,7,0,0.0,0.0,5.0,17.0,B01
201800007178,1.0,7,0,0.0,2.0,1.0,1.0,A01
201800007178,1.0,7,0,0.0,0.0,4.0,1.0,B01
201800007179,2.0,7,0,0.0,0.0,6.0,2.0,B01
201800007179,2.0,7,0,3.0,2.0,2.0,14.0,A01
201800007180,2.0,7,0,3.0,2.0,7.0,0.0,A01
201800007180,2.0,7,0,3.0,2.0,8.0,1.0,B01
201800007181,2.0,7,0,7.0,0.0,2.0,14.0,A01
201800007182,2.0,7,0,0.0,0.0,4.0,2.0,B01
201800007182,2.0,7,0,0.0,0.0,1.0,2.0,D01
201800007182,2.0,7,0,0.0,0.0,2.0,0.0,A01
201800007182,2.0,7,0,0.0,0.0,4.0,2.0,C01
201800007183,2.0,34,0,4.0,0.0,8.0,1.0,A01
201800007184,1.0,7,0,0.0,0.0,1.0,9.0,A01
201800007185,0.0,31,0,0.0,2.0,7.0,1.0,B01
201800007185,0.0,7,0,0.0,2.0,2.0,19.0,A01
201800007186,1.0,7,0,0.0,2.0,1.0,1.0,B01
201800007186,2.0,7,0,0.0,2.0,1.0,19.0,A01
201800007187,2.0,7,0,13.0,0.0,9.0,12.0,A01
201800007188,2.0,7,0,13.0,0.0,2.0,1.0,A01
201800007189,1.0,7,0,13.0,0.0,3.0,1.0,A01
201800007190,2.0,7,0,3.0,0.0,2.0,1.0,A01
201800007191,1.0,7,0,13.0,0.0,2.0,1.0,A01
201800007192,2.0,7,0,13.0,0.0,9.0,2.0,A01
201800007193,1.0,7,0,0.0,2.0,1.0,2.0,A01
201800007193,1.0,7,0,0.0,0.0,4.0,2.0,B01
201800007194,1.0,10,0,13.0,0.0,1.0,0.0,A01
201800007195,1.0,7,0,0.0,0.0,1.0,0.0,A01
201800007196,1.0,7,0,0.0,2.0,1.0,2.0,A01
201800007196,2.0,7,0,0.0,2.0,4.0,23.0,B01
201800007196,2.0,7,0,0.0,2.0,1.0,1.0,C01
201800007197,2.0,10,0,0.0,2.0,2.0,17.0,A01
201800007197,2.0,7,0,0.0,2.0,8.0,1.0,B01
201800007198,0.0,34,0,0.0,2.0,1.0,1.0,A01
201800007198,0.0,7,0,0.0,0.0,4.0,1.0,B01
201800007199,1.0,10,0,5.0,2.0,1.0,13.0,A01
201800007199,2.0,7,0,0.0,2.0,1.0,1.0,B01
201800007199,2.0,7,0,0.0,2.0,1.0,1.0,C01
201800007200,1.0,7,0,0.0,2.0,3.0,1.0,A01