Num_Acc,senc,catv,occutc,obs,obsm,choc,manv,num_veh
201800007453,2.0,7,0,0.0,6.0,2.0,1.0,B01
201800007453,2.0,1,0,0.0,2.0,6.0,15.0,A01
201800007454,2.0,7,0,0.0,2.0,1.0,2.0,A01
201800007454,1.0,2,0,0.0,2.0,4.0,2.0,B01
201800007455,2.0,7,0,0.0,2.0,1.0,15.0,A01
201800007455,2.0,2,0,0.0,2.0,1.0,1.0,B01
201800007456,0.0,7,0,0.0,2.0,1.0,13.0,A01
201800007456,0.0,7,0,0.0,2.0,1.0,1.0,C01
201800007456,0.0,7,0,0.0,2.0,1.0,1.0,B01
201800007457,1.0,1,0,0.0,2.0,7.0,9.0,B01
201800007457,2.0,10,0,0.0,2.0,3.0,9.0,A01
201800007458,1.0,7,0,0.0,2.0,3.0,15.0,A01
201800007458,2.0,34,0,0.0,2.0,1.0,1.0,B01
201800007459,1.0,7,0,0.0,2.0,6.0,15.0,A01
201800007459,1.0,1,0,0.0,2.0,1.0,1.0,B01
201800007460,1.0,33,0,0.0,2.0,1.0,0.0,B01
201800007460,1.0,7,0,0.0,2.0,6.0,9.0,A01
201800007461,1.0,7,0,0.0,1.0,7.0,0.0,A01
201800007462,1.0,7,0,0.0,2.0,1.0,2.0,A01
201800007462,1.0,7,0,0.0,1.0,4.0,1.0,B01
201800007462,1.0,7,0,0.0,2.0,1.0,2.0,C01
201800007463,0.0,7,0,0.0,1.0,1.0,15.0,A01
201800007464,1.0,1,0,0.0,2.0,8.0,1.0,B01
201800007464,2.0,2,0,0.0,2.0,1.0,1.0,A01
201800007465,1.0,7,0,0.0,2.0,2.0,14.0,A01
201800007466,0.0,7,0,0.0,2.0,0.0,21.0,A01
201800007467,2.0,1,0,0.0,2.0,8.0,1.0,A01
201800007467,1.0,7,0,0.0,2.0,1.0,1.0,B01
201800007468,1.0,7,0,0.0,2.0,5.0,9.0,A01
201800007468,1.0,30,0,0.0,2.0,4.0,12.0,B01
201800007469,1.0,7,0,0.0,2.0,6.0,2.0,C01
201800007469,1.0,7,0,0.0,2.0,1.0,2.0,A01
201800007469,1.0,7,0,0.0,2.0,4.0,2.0,B01
201800007470,1.0,33,0,0.0,0.0,0.0,1.0,A01
201800007471,2.0,7,0,2.0,0.0,2.0,2.0,A01
201800007472,2.0,33,0,0.0,2.0,1.0,2.0,B01
201800007472,2.0,7,0,0.0,2.0,8.0,15.0,A01
201800007473,0.0,99,0,0.0,0.0,1.0,0.0,A01
201800007474,2.0,7,0,0.0,2.0,3.0,9.0,A01
201800007474,2.0,2,0,0.0,2.0,1.0,1.0,B01
201800007475,1.0,30,0,0.0,0.0,7.0,21.0,A01
201800007476,1.0,2,0,0.0,2.0,1.0,13.0,A01
201800007476,1.0,7,0,0.0,2.0,6.0,15.0,B01
201800007477,1.0,7,0,0.0,1.0,3.0,1.0,A01
201800007478,1.0,7,0,1.0,0.0,2.0,2.0,A01
201800007479,1.0,2,0,0.0,2.0,1.0,2.0,B01
201800007479,1.0,7,0,0.0,2.0,6.0,16.0,A01
201800007480,0.0,7,0,4.0,0.0,5.0,1.0,A01
201800007481,1.0,1,0,0.0,2.0,1.0,16.0,A01
201800007481,2.0,7,0,0.0,2.0,1.0,15.0,B01
201800007482,2.0,7,0,8.0,2.0,8.0,19.0,A01
201800007482,1.0,7,0,0.0,2.0,1.0,1.0,B01
201800007483,0.0,7,0,4.0,0.0,2.0,18.0,A01
201800007484,0.0,7,0,0.0,1.0,1.0,1.0,A01
201800007485,0.0,7,0,4.0,0.0,5.0,14.0,A01
201800007486,0.0,7,0,0.0,2.0,4.0,23.0,C01
201800007486,0.0,7,0,0.0,2.0,9.0,23.0,B01
201800007486,0.0,7,0,0.0,2.0,1.0,2.0,A01
201800007487,0.0,7,0,0.0,2.0,1.0,1.0,A01
201800007487,0.0,35,0,0.0,2.0,7.0,1.0,B01
201800007488,1.0,7,0,0.0,2.0,4.0,1.0,B01
201800007488,1.0,30,0,0.0,2.0,1.0,1.0,A01
201800007489,1.0,7,0,0.0,2.0,6.0,15.0,A01
201800007489,1.0,1,0,0.0,2.0,6.0,0.0,B01
201800007490,0.0,7,0,0.0,2.0,4.0,1.0,B01
201800007490,0.0,7,0,0.0,2.0,1.0,1.0,A01
201800007491,2.0,7,0,0.0,0.0,4.0,1.0,B01
201800007491,2.0,7,0,0.0,2.0,1.0,1.0,A01
201800007492,1.0,7,0,2.0,0.0,1.0,1.0,A01
201800007493,0.0,7,0,15.0,2.0,3.0,13.0,A01
201800007493,0.0,15,0,0.0,2.0,8.0,1.0,B01
201800007494,0.0,1,0,0.0,1.0,0.0,0.0,A01
201800007495,0.0,2,0,0.0,0.0,0.0,0.0,A01
201800007496,1.0,33,0,0.0,2.0,1.0,0.0,A01
201800007496,2.0,7,0,0.0,2.0,2.0,15.0,B01
201800007497,0.0,2,0,14.0,0.0,1.0,1.0,A01
201800007498,0.0,31,0,12.0,0.0,2.0,21.0,A01
201800007499,0.0,7,0,0.0,2.0,3.0,5.0,A01
201800007499,0.0,7,0,0.0,2.0,1.0,15.0,B01
201800007500,0.0,99,0,0.0,1.0,0.0,1.0,A01
201800007501,1.0,1,0,0.0,2.0,1.0,1.0,A01
201800007501,2.0,7,0,0.0,9.0,2.0,16.0,B01
201800007502,0.0,7,0,0.0,0.0,0.0,22.0,A01
201800007502,0.0,1,0,0.0,0.0,0.0,21.0,B01
201800007503,0.0,1,0,0.0,2.0,2.0,1.0,B01
201800007503,0.0,10,0,0.0,2.0,6.0,4.0,A01
201800007504,0.0,33,0,0.0,0.0,6.0,0.0,B01
201800007504,2.0,7,0,0.0,2.0,3.0,9.0,A01
201800007505,1.0,7,0,0.0,2.0,3.0,1.0,A01
201800007505,1.0,7,0,0.0,2.0,3.0,1.0,B01
201800007506,0.0,7,0,0.0,2.0,7.0,1.0,A01
201800007506,0.0,7,0,0.0,2.0,2.0,23.0,B01
201800007507,2.0,33,0,0.0,2.0,1.0,13.0,B01
201800007507,2.0,7,0,0.0,2.0,6.0,10.0,A01
201800007508,0.0,7,0,0.0,1.0,2.0,1.0,A01
201800007509,1.0,10,0,0.0,2.0,3.0,1.0,A01
201800007509,2.0,30,0,0.0,2.0,1.0,5.0,B01
201800007510,0.0,2,0,0.0,2.0,1.0,18.0,A01
201800007510,1.0,7,0,0.0,2.0,7.0,16.0,B01
201800007511,0.0,7,0,0.0,1.0,2.0,1.0,A01
201800007512,2.0,7,0,0.0,2.0,8.0,10.0,A01
201800007512,2.0,33,0,0.0,2.0,2.0,17.0,B01
201800007513,0.0,33,0,0.0,2.0,2.0,1.0,B01
201800007513,0.0,7,0,0.0,2.0,5.0,15.0,A01
201800007514,0.0,7,0,0.0,0.0,6.0,15.0,A01
201800007514,0.0,2,0,0.0,2.0,1.0,2.0,B01
201800007515,2.0,10,0,0.0,2.0,8.0,9.0,A01
201800007515,1.0,1,0,0.0,2.0,1.0,1.0,B01
201800007516,2.0,7,0,0.0,2.0,3.0,13.0,A01
201800007516,1.0,7,0,0.0,2.0,8.0,1.0,B01
201800007517,1.0,7,0,0.0,2.0,1.0,13.0,A01
201800007517,2.0,7,0,0.0,2.0,1.0,1.0,B01
201800007518,0.0,7,0,0.0,1.0,2.0,1.0,A01
201800007519,0.0,7,0,0.0,9.0,2.0,16.0,A01
201800007519,0.0,1,0,0.0,2.0,1.0,23.0,B01
201800007520,0.0,7,0,0.0,1.0,3.0,1.0,A01
201800007521,1.0,10,0,0.0,1.0,1.0,1.0,A01
201800007522,0.0,7,0,0.0,2.0,3.0,17.0,A01
201800007522,0.0,7,0,0.0,2.0,8.0,1.0,B01
201800007523,1.0,7,0,3.0,0.0,2.0,2.0,A01
201800007524,1.0,33,0,0.0,0.0,1.0,14.0,A01
201800007525,1.0,33,0,0.0,2.0,3.0,21.0,A01
201800007526,2.0,7,0,0.0,2.0,3.0,1.0,A01
201800007526,1.0,17,0,0.0,2.0,0.0,1.0,C01
201800007526,1.0,15,0,0.0,2.0,8.0,1.0,B01
201800007527,2.0,7,0,0.0,2.0,1.0,1.0,A01
201800007527,2.0,15,0,0.0,0.0,4.0,2.0,B01
201800007528,2.0,7,0,13.0,0.0,1.0,1.0,A01
201800007529,1.0,31,0,14.0,0.0,9.0,15.0,A01
201800007530,1.0,2,0,0.0,2.0,1.0,2.0,A01
201800007530,1.0,7,0,0.0,0.0,4.0,1.0,B01
201800007531,1.0,7,0,0.0,2.0,6.0,9.0,A01
201800007531,2.0,2,0,0.0,2.0,1.0,2.0,B01
201800007532,0.0,10,0,0.0,1.0,5.0,4.0,A01
201800007533,1.0,17,0,0.0,1.0,0.0,1.0,A01
201800007534,1.0,7,0,2.0,0.0,1.0,1.0,A01
201800007535,1.0,7,0,0.0,2.0,2.0,1.0,A01
201800007535,1.0,15,0,0.0,2.0,6.0,1.0,B01
201800007536,1.0,7,0,0.0,2.0,1.0,1.0,B01
201800007536,2.0,7,0,10.0,2.0,1.0,1.0,A01
201800007537,1.0,7,0,0.0,2.0,3.0,17.0,A01
201800007537,1.0,17,0,0.0,2.0,6.0,1.0,C01
201800007537,1.0,7,0,3.0,2.0,7.0,17.0,B01
201800007538,1.0,33,0,4.0,0.0,2.0,1.0,A01
201800007539,1.0,37,25,0.0,0.0,6.0,1.0,B01
201800007539,1.0,7,0,5.0,2.0,2.0,2.0,A01
201800007540,1.0,7,0,13.0,0.0,9.0,13.0,A01
201800007541,0.0,7,0,0.0,2.0,2.0,9.0,A01
201800007541,0.0,7,0,0.0,2.0,1.0,1.0,B01
201800007542,0.0,7,0,0.0,1.0,3.0,1.0,A01
201800007543,1.0,7,0,0.0,1.0,1.0,1.0,A01
201800007544,0.0,7,0,2.0,0.0,4.0,0.0,A01
201800007544,0.0,13,0,0.0,2.0,1.0,0.0,B01
201800007545,1.0,2,0,0.0,0.0,0.0,1.0,A01
201800007546,1.0,7,0,0.0,2.0,1.0,1.0,A01
201800007546,1.0,7,0,0.0,1.0,4.0,23.0,B01
201800007547,2.0,7,0,0.0,2.0,1.0,2.0,A01
201800007547,2.0,7,0,0.0,2.0,4.0,2.0,B01
201800007547,2.0,7,0,0.0,2.0,7.0,1.0,C01
201800007548,2.0,7,0,0.0,2.0,7.0,17.0,A01
201800007548,2.0,7,0,0.0,0.0,6.0,1.0,B01
201800007549,2.0,7,0,13.0,0.0,1.0,0.0,A01
201800007550,2.0,7,0,13.0,0.0,2.0,2.0,A01
201800007551,1.0,32,0,0.0,0.0,1.0,1.0,A01
201800007552,1.0,7,0,0.0,0.0,8.0,22.0,A01
201800007552,1.0,15,0,1.0,0.0,2.0,1.0,B01
201800007553,2.0,10,0,3.0,0.0,9.0,14.0,A01
201800007554,1.0,7,0,5.0,0.0,2.0,1.0,A01
201800007555,1.0,7,0,13.0,0.0,2.0,0.0,A01
201800007556,1.0,7,0,0.0,0.0,7.0,12.0,B01
201800007556,1.0,31,0,0.0,2.0,1.0,3.0,A01
201800007557,2.0,30,0,12.0,0.0,1.0,1.0,A01
201800007558,1.0,7,0,13.0,0.0,2.0,1.0,A01
201800007559,1.0,7,0,0.0,0.0,4.0,1.0,C01
201800007559,1.0,7,0,0.0,2.0,1.0,1.0,B01
201800007559,1.0,7,0,16.0,0.0,9.0,14.0,A01
201800007560,2.0,7,0,0.0,2.0,6.0,2.0,B01
201800007560,2.0,7,0,0.0,2.0,1.0,2.0,C01
201800007560,2.0,7,0,0.0,2.0,2.0,17.0,A01
201800007561,1.0,33,0,0.0,2.0,1.0,1.0,A01
201800007561,0.0,7,0,0.0,2.0,8.0,15.0,B01
201800007562,1.0,7,0,0.0,2.0,1.0,2.0,B01
201800007562,1.0,7,0,3.0,0.0,4.0,2.0,A01
201800007563,1.0,7,0,13.0,0.0,3.0,1.0,A01
201800007564,2.0,7,0,0.0,2.0,1.0,2.0,B01
201800007564,2.0,17,0,0.0,0.0,4.0,1.0,A01
201800007565,1.0,7,0,15.0,0.0,0.0,1.0,A01
201800007566,2.0,7,0,0.0,2.0,8.0,1.0,B01
201800007566,1.0,7,0,0.0,2.0,1.0,1.0,A01
201800007567,1.0,7,0,0.0,1.0,1.0,2.0,A01
201800007568,1.0,7,0,3.0,2.0,4.0,23.0,B01
201800007568,1.0,7,0,0.0,2.0,1.0,1.0,A01
201800007568,1.0,7,0,0.0,2.0,4.0,23.0,C01
201800007569,1.0,31,0,0.0,0.0,8.0,1.0,A01
201800007570,1.0,7,0,0.0,2.0,1.0,2.0,A01
201800007570,1.0,7,0,0.0,2.0,9.0,2.0,C01
201800007570,1.0,7,0,0.0,2.0,4.0,2.0,D01
201800007570,1.0,7,0,0.0,2.0,9.0,2.0,B01
201800007571,1.0,7,0,0.0,2.0,3.0,1.0,B01
201800007571,1.0,7,0,0.0,2.0,2.0,1.0,A01
201800007572,1.0,7,0,0.0,2.0,3.0,15.0,B01
201800007572,1.0,30,0,0.0,2.0,1.0,17.0,A01
201800007573,1.0,2,0,0.0,2.0,5.0,2.0,B01
201800007573,1.0,7,0,0.0,2.0,2.0,2.0,A01
201800007574,1.0,7,0,0.0,2.0,1.0,2.0,A01
201800007574,1.0,7,0,0.0,2.0,4.0,2.0,B01
201800007575,1.0,7,0,0.0,2.0,1.0,2.0,A01
201800007575,1.0,7,0,0.0,2.0,4.0,2.0,B01
201800007576,1.0,7,0,0.0,2.0,4.0,2.0,C01
201800007576,1.0,7,0,0.0,2.0,1.0,2.0,B01
201800007576,1.0,7,0,0.0,2.0,1.0,2.0,A01
201800007577,1.0,7,0,1.0,2.0,8.0,20.0,A01
201800007577,1.0,2,0,0.0,2.0,7.0,2.0,B01
201800007578,1.0,7,0,0.0,2.0,2.0,19.0,A01
201800007578,1.0,7,0,0.0,2.0,3.0,1.0,B01
201800007578,1.0,7,0,0.0,2.0,1.0,23.0,C01
201800007579,1.0,7,0,0.0,0.0,9.0,1.0,A01
201800007580,1.0,7,0,0.0,1.0,2.0,2.0,A01
201800007581,1.0,7,0,0.0,2.0,2.0,1.0,B01
201800007581,2.0,7,0,0.0,2.0,1.0,19.0,A01
201800007582,2.0,33,0,0.0,2.0,3.0,1.0,B01
201800007582,2.0,17,0,0.0,2.0,2.0,16.0,A01
201800007583,2.0,2,0,0.0,2.0,6.0,19.0,A01
201800007583,1.0,7,0,0.0,2.0,1.0,1.0,B01
201800007584,1.0,2,0,0.0,2.0,1.0,1.0,B01
201800007584,2.0,7,0,0.0,2.0,3.0,15.0,A01
201800007585,1.0,7,0,0.0,2.0,1.0,2.0,A01
201800007585,1.0,7,0,0.0,2.0,4.0,2.0,B01
201800007586,1.0,7,0,0.0,2.0,2.0,13.0,A01
201800007586,2.0,33,0,0.0,2.0,1.0,2.0,B01
201800007587,2.0,7,0,1.0,0.0,2.0,14.0,A01
201800007588,1.0,7,0,0.0,1.0,2.0,2.0,A01
201800007589,2.0,7,0,0.0,0.0,9.0,13.0,A01
201800007590,1.0,30,0,0.0,2.0,1.0,1.0,B01
201800007590,1.0,7,0,0.0,2.0,3.0,13.0,A01
201800007591,1.0,7,0,0.0,2.0,3.0,1.0,B01
201800007591,1.0,7,0,0.0,2.0,1.0,13.0,A01
201800007592,1.0,2,0,0.0,0.0,0.0,1.0,A01
201800007593,1.0,7,0,0.0,2.0,2.0,11.0,A01
201800007593,1.0,33,0,0.0,2.0,1.0,1.0,B01
201800007594,1.0,7,0,0.0,0.0,1.0,14.0,A01
201800007595,0.0,32,0,6.0,0.0,1.0,0.0,A01
201800007596,1.0,7,0,0.0,2.0,1.0,2.0,B01
201800007596,1.0,37,1,0.0,2.0,1.0,2.0,A01
201800007596,1.0,7,0,0.0,2.0,4.0,2.0,C01
201800007597,1.0,33,0,0.0,0.0,7.0,1.0,A01
201800007598,1.0,7,0,2.0,0.0,2.0,14.0,A01
201800007599,1.0,33,0,0.0,0.0,9.0,1.0,A01
201800007600,1.0,32,0,0.0,0.0,1.0,1.0,A01
201800007601,1.0,7,0,0.0,2.0,4.0,2.0,B01
201800007601,1.0,7,0,0.0,2.0,1.0,2.0,A01
201800007602,1.0,7,0,0.0,1.0,0.0,1.0,A01
201800007603,1.0,33,0,0.0,0.0,0.0,1.0,A01
201800007604,0.0,33,0,8.0,0.0,7.0,13.0,A01
201800007605,1.0,7,0,0.0,2.0,2.0,1.0,B01
201800007605,1.0,7,0,0.0,2.0,3.0,19.0,A01
201800007606,1.0,7,0,0.0,2.0,2.0,15.0,A01
201800007606,2.0,30,0,0.0,2.0,3.0,1.0,B01
201800007607,0.0,7,0,0.0,2.0,3.0,9.0,A01
201800007607,0.0,7,0,0.0,2.0,2.0,1.0,B01
201800007608,1.0,7,0,0.0,1.0,0.0,1.0,A01
201800007609,1.0,7,0,0.0,2.0,4.0,1.0,B01
201800007609,0.0,30,0,0.0,2.0,1.0,1.0,A01
201800007610,0.0,7,0,0.0,2.0,3.0,16.0,B01
201800007610,1.0,33,0,0.0,2.0,1.0,1.0,A01
201800007611,2.0,7,0,0.0,2.0,3.0,15.0,B01
201800007611,1.0,7,0,0.0,2.0,3.0,1.0,A01
201800007612,0.0,7,0,0.0,2.0,1.0,15.0,A01
201800007612,0.0,7,0,0.0,2.0,1.0,1.0,B01
201800007613,1.0,30,0,0.0,0.0,8.0,15.0,A01
201800007614,2.0,7,0,0.0,2.0,3.0,1.0,B01
201800007614,1.0,7,0,0.0,2.0,1.0,1.0,A01
201800007615,1.0,7,0,0.0,2.0,1.0,6.0,A01
201800007615,1.0,7,0,0.0,2.0,5.0,1.0,B01
201800007615,1.0,7,0,0.0,2.0,7.0,1.0,C01
201800007616,0.0,7,0,0.0,2.0,1.0,1.0,A01
201800007616,0.0,7,0,0.0,2.0,4.0,1.0,B01
201800007617,1.0,7,0,0.0,0.0,9.0,1.0,A01
201800007618,0.0,7,0,0.0,2.0,4.0,1.0,B01
201800007618,0.0,99,0,0.0,2.0,1.0,1.0,A01
201800007619,0.0,10,0,0.0,2.0,4.0,1.0,B01
201800007619,0.0,7,0,0.0,2.0,1.0,1.0,A01
201800007620,1.0,7,0,0.0,2.0,3.0,13.0,A01
201800007620,1.0,7,0,0.0,2.0,2.0,1.0,B01
201800007621,1.0,1,0,0.0,2.0,4.0,11.0,B01
201800007621,1.0,7,0,0.0,2.0,2.0,11.0,A01
201800007622,1.0,7,0,0.0,2.0,4.0,0.0,B01
201800007622,1.0,7,0,0.0,2.0,1.0,2.0,A01
201800007623,1.0,1,0,0.0,2.0,4.0,2.0,B01
201800007623,1.0,7,0,0.0,2.0,1.0,2.0,A01
201800007624,2.0,7,0,0.0,2.0,3.0,19.0,A01
201800007624,1.0,7,0,0.0,2.0,1.0,1.0,B01
201800007625,2.0,7,0,0.0,2.0,2.0,19.0,B01
201800007625,1.0,2,0,0.0,2.0,1.0,1.0,A01
201800007626,0.0,33,0,0.0,2.0,1.0,1.0,B01
201800007626,0.0,7,0,0.0,2.0,4.0,4.0,A01
201800007627,2.0,10,0,0.0,2.0,4.0,1.0,B01
201800007627,2.0,7,0,0.0,2.0,1.0,1.0,A01
201800007628,1.0,7,0,0.0,2.0,8.0,10.0,A01
201800007628,1.0,31,0,0.0,2.0,1.0,1.0,B01
201800007629,1.0,2,0,0.0,2.0,1.0,1.0,B01
201800007629,2.0,7,0,0.0,2.0,3.0,0.0,A01
201800007630,2.0,33,0,0.0,0.0,9.0,21.0,A01
201800007631,1.0,33,0,0.0,0.0,7.0,1.0,A01
201800007632,2.0,37,10,0.0,0.0,0.0,1.0,A01
201800007633,0.0,7,0,0.0,2.0,3.0,1.0,A01
201800007633,0.0,7,0,0.0,2.0,5.0,1.0,B01
201800007634,0.0,7,0,0.0,2.0,4.0,2.0,B01
201800007634,1.0,10,0,0.0,2.0,2.0,2.0,A01
201800007635,1.0,1,0,0.0,0.0,7.0,1.0,A01
201800007636,2.0,7,0,0.0,2.0,5.0,0.0,B01
201800007636,2.0,7,0,0.0,2.0,1.0,1.0,A01
201800007637,0.0,30,0,0.0,0.0,7.0,1.0,A01
201800007638,1.0,10,0,1.0,0.0,2.0,1.0,A01
201800007638,1.0,7,0,0.0,2.0,6.0,0.0,B01
201800007639,1.0,31,0,0.0,2.0,8.0,16.0,A01
201800007639,1.0,7,0,0.0,2.0,8.0,1.0,C01
201800007639,1.0,7,0,0.0,2.0,8.0,1.0,B01
201800007640,1.0,7,0,0.0,2.0,8.0,1.0,B01
201800007640,2.0,7,0,0.0,2.0,8.0,13.0,A01
201800007641,1.0,7,0,0.0,0.0,9.0,1.0,A01
201800007642,0.0,30,0,0.0,0.0,7.0,1.0,A01
201800007643,1.0,7,0,0.0,2.0,1.0,2.0,A01
201800007643,1.0,7,0,0.0,2.0,4.0,1.0,B01
201800007644,0.0,7,0,0.0,0.0,3.0,1.0,A01
201800007645,1.0,1,0,0.0,2.0,1.0,0.0,B01
201800007645,1.0,7,0,0.0,2.0,2.0,17.0,A01
201800007646,1.0,7,0,2.0,0.0,1.0,13.0,A01
201800007647,0.0,7,0,0.0,2.0,4.0,2.0,C01
201800007647,0.0,7,0,0.0,2.0,4.0,2.0,B01
201800007647,0.0,14,0,0.0,2.0,3.0,2.0,A01
201800007648,1.0,7,0,13.0,0.0,2.0,14.0,A01
201800007649,0.0,2,0,0.0,2.0,1.0,1.0,B01
201800007649,0.0,7,0,0.0,2.0,3.0,15.0,A01
201800007650,1.0,33,0,0.0,2.0,8.0,17.0,A01
201800007650,2.0,7,0,0.0,2.0,8.0,1.0,B01
201800007650,1.0,7,0,0.0,6.0,3.0,1.0,C01
201800007651,1.0,7,0,0.0,2.0,3.0,13.0,A01
201800007651,2.0,7,0,0.0,2.0,1.0,1.0,B01
201800007652,1.0,33,0,0.0,2.0,4.0,1.0,A01
201800007652,1.0,1,0,0.0,2.0,4.0,1.0,B01
201800007653,2.0,7,0,1.0,2.0,6.0,11.0,A01
201800007653,2.0,33,0,0.0,2.0,2.0,0.0,B01
201800007654,2.0,2,0,0.0,2.0,8.0,1.0,A01
201800007655,1.0,7,0,0.0,0.0,1.0,16.0,A01
201800007656,1.0,7,0,0.0,2.0,7.0,1.0,B01
201800007656,1.0,7,0,0.0,2.0,3.0,13.0,A01
201800007657,1.0,7,0,3.0,0.0,1.0,1.0,A01
201800007658,1.0,7,0,0.0,2.0,4.0,1.0,C01
201800007658,1.0,7,0,0.0,2.0,1.0,2.0,A01
201800007658,1.0,7,0,0.0,2.0,9.0,1.0,B01
201800007659,2.0,33,0,0.0,0.0,1.0,1.0,A01
201800007660,1.0,7,0,0.0,2.0,2.0,2.0,A01
201800007660,0.0,33,0,0.0,2.0,7.0,2.0,B01
201800007661,1.0,10,0,0.0,1.0,2.0,1.0,A01
201800007662,1.0,7,0,0.0,2.0,4.0,1.0,A01
201800007662,1.0,7,0,0.0,2.0,1.0,1.0,B01
201800007663,0.0,7,0,0.0,2.0,1.0,1.0,A01
201800007663,0.0,7,0,0.0,2.0,3.0,1.0,B01
201800007664,2.0,7,0,13.0,0.0,1.0,13.0,A01
201800007665,1.0,7,0,0.0,2.0,8.0,1.0,B01
201800007665,1.0,30,0,0.0,2.0,1.0,1.0,A01
201800007666,1.0,7,0,0.0,2.0,1.0,1.0,B01
201800007666,2.0,7,0,0.0,2.0,8.0,0.0,C01
201800007666,2.0,7,0,0.0,2.0,2.0,19.0,A01
201800007667,1.0,7,0,0.0,2.0,4.0,2.0,B01
201800007667,1.0,7,0,0.0,2.0,1.0,2.0,A01
201800007668,1.0,30,0,0.0,0.0,7.0,1.0,A01
201800007669,2.0,1,0,1.0,0.0,6.0,2.0,A01
201800007669,2.0,7,0,0.0,2.0,6.0,23.0,Z01
201800007670,1.0,7,0,0.0,2.0,1.0,19.0,A01
201800007670,1.0,7,0,0.0,2.0,6.0,1.0,B01
201800007671,2.0,31,0,3.0,0.0,9.0,13.0,A01
201800007672,2.0,10,0,0.0,2.0,1.0,13.0,A01
201800007672,1.0,7,0,0.0,2.0,3.0,1.0,B01
201800007673,0.0,7,0,0.0,2.0,1.0,19.0,A01
201800007673,2.0,7,0,0.0,2.0,8.0,1.0,B01
201800007674,1.0,7,0,0.0,2.0,1.0,1.0,A01
201800007674,1.0,7,0,0.0,2.0,9.0,1.0,B01
201800007674,1.0,7,0,0.0,2.0,1.0,1.0,C01
201800007675,1.0,21,0,0.0,0.0,7.0,16.0,A01
201800007676,2.0,7,0,0.0,2.0,4.0,2.0,B01
201800007676,2.0,2,0,0.0,2.0,1.0,1.0,A01
201800007677,1.0,33,0,0.0,1.0,1.0,1.0,A01
201800007678,2.0,7,0,0.0,1.0,2.0,1.0,A01
201800007679,1.0,7,0,0.0,2.0,0.0,0.0,B01
201800007679,1.0,7,0,1.0,2.0,1.0,20.0,A01
201800007679,1.0,7,0,0.0,2.0,4.0,1.0,C01
201800007680,2.0,7,0,0.0,2.0,6.0,2.0,B01
201800007680,2.0,7,0,0.0,2.0,2.0,1.0,A01
201800007681,0.0,7,0,0.0,2.0,3.0,13.0,A01
201800007681,0.0,2,0,0.0,2.0,1.0,1.0,B01
201800007682,1.0,7,0,0.0,2.0,4.0,2.0,B01
201800007682,1.0,7,0,0.0,2.0,2.0,1.0,A01
201800007683,0.0,7,0,1.0,2.0,9.0,1.0,A01
201800007683,1.0,7,0,0.0,2.0,9.0,1.0,F01
201800007683,1.0,3,0,0.0,2.0,9.0,1.0,B01
201800007683,1.0,7,0,0.0,2.0,8.0,24.0,E01
201800007684,0.0,7,0,12.0,0.0,9.0,6.0,A01
201800007685,1.0,7,0,0.0,1.0,3.0,1.0,A01
201800007686,1.0,7,0,0.0,2.0,1.0,2.0,A01
201800007686,1.0,7,0,0.0,2.0,4.0,1.0,B01
201800007687,1.0,7,0,0.0,2.0,8.0,1.0,B01
201800007687,1.0,7,0,0.0,2.0,1.0,19.0,A01
201800007688,1.0,7,0,0.0,2.0,4.0,1.0,C01
201800007688,1.0,7,0,0.0,2.0,1.0,1.0,A01
201800007688,1.0,7,0,0.0,2.0,4.0,2.0,B01
201800007688,1.0,7,0,0.0,2.0,4.0,2.0,D01
201800007689,1.0,7,0,0.0,1.0,2.0,1.0,A01
201800007690,0.0,30,0,0.0,0.0,0.0,1.0,A01
201800007691,2.0,2,0,0.0,2.0,7.0,0.0,B01
201800007691,2.0,7,0,0.0,2.0,1.0,9.0,A01
201800007692,2.0,30,0,0.0,1.0,1.0,1.0,A01
201800007693,2.0,7,0,2.0,0.0,6.0,1.0,A01
201800007694,1.0,7,0,0.0,2.0,1.0,1.0,A01
201800007694,1.0,7,0,0.0,2.0,9.0,1.0,B01
201800007694,1.0,7,0,0.0,2.0,4.0,1.0,C01
201800007695,2.0,7,0,0.0,2.0,4.0,2.0,B01
201800007695,2.0,7,0,0.0,2.0,1.0,2.0,A01
201800007696,1.0,7,0,0.0,1.0,1.0,1.0,A01
201800007697,1.0,7,0,0.0,0.0,1.0,1.0,A01
201800007698,2.0,7,0,0.0,0.0,9.0,1.0,A01
201800007699,0.0,7,0,0.0,2.0,2.0,2.0,A01
201800007699,0.0,99,0,0.0,2.0,4.0,1.0,B01
201800007700,,7,0,0.0,1.0,4.0,4.0,A01
201800007701,1.0,7,0,1.0,1.0,1.0,1.0,A01
201800007702,1.0,2,0,0.0,0.0,7.0,1.0,A01
201800007703,2.0,7,0,0.0,1.0,1.0,1.0,A01
201800007704,1.0,7,0,2.0,0.0,2.0,14.0,A01
201800007705,2.0,7,0,0.0,2.0,7.0,15.0,A01
201800007705,2.0,33,0,0.0,2.0,8.0,1.0,B01
201800007706,2.0,7,0,0.0,2.0,2.0,2.0,A01
201800007706,2.0,7,0,0.0,2.0,1.0,2.0,B01
201800007706,2.0,7,0,3.0,2.0,1.0,2.0,E01
201800007706,2.0,17,0,0.0,2.0,6.0,2.0,C01
201800007706,2.0,7,0,0.0,2.0,1.0,2.0,D01
201800007707,1.0,7,0,4.0,0.0,1.0,21.0,A01