Num_Acc,senc,catv,occutc,obs,obsm,choc,manv,num_veh
201800007968,2.0,17,0,0.0,1.0,2.0,1.0,A01
201800007969,1.0,15,0,0.0,0.0,4.0,1.0,B01
201800007969,1.0,7,0,0.0,2.0,1.0,2.0,A01
201800007970,2.0,15,0,0.0,2.0,1.0,1.0,A01
201800007970,1.0,7,0,0.0,2.0,1.0,13.0,B01
201800007971,1.0,7,0,0.0,2.0,1.0,13.0,A01
201800007971,2.0,15,0,0.0,2.0,1.0,1.0,B01
201800007971,1.0,10,0,0.0,2.0,1.0,1.0,C01
201800007972,1.0,7,0,3.0,0.0,2.0,1.0,A01
201800007973,1.0,30,0,0.0,2.0,1.0,1.0,A01
201800007973,2.0,15,0,0.0,2.0,3.0,1.0,B01
201800007974,1.0,33,0,4.0,0.0,5.0,13.0,A01
201800007975,1.0,7,0,3.0,2.0,1.0,5.0,A01
201800007975,2.0,7,0,0.0,2.0,1.0,21.0,B01
201800007976,2.0,7,0,3.0,0.0,3.0,13.0,A01
201800007977,1.0,14,0,0.0,1.0,4.0,4.0,A01
201800007978,2.0,17,0,3.0,0.0,7.0,14.0,A01
201800007979,2.0,7,0,13.0,0.0,0.0,14.0,A01
201800007980,2.0,7,0,4.0,0.0,1.0,17.0,A01
201800007980,2.0,7,0,4.0,0.0,1.0,21.0,B02
201800007981,1.0,15,0,0.0,0.0,4.0,1.0,B01
201800007981,1.0,10,0,0.0,2.0,1.0,1.0,A01
201800007982,1.0,10,0,13.0,6.0,1.0,0.0,A01
201800007983,2.0,7,0,0.0,1.0,3.0,1.0,A01
201800007984,2.0,33,0,0.0,2.0,2.0,21.0,A01
201800007984,1.0,7,0,0.0,0.0,6.0,2.0,B01
201800007985,1.0,33,0,0.0,2.0,3.0,1.0,A01
201800007985,2.0,7,0,0.0,2.0,3.0,17.0,B01
201800007985,2.0,7,0,0.0,9.0,6.0,1.0,C01
201800007986,1.0,33,0,0.0,2.0,1.0,1.0,A01
201800007986,2.0,7,0,0.0,2.0,3.0,1.0,B01
201800007987,1.0,7,0,0.0,2.0,1.0,17.0,A01
201800007987,2.0,7,0,6.0,2.0,1.0,1.0,B01
201800007987,1.0,7,0,0.0,2.0,8.0,1.0,C01
201800007988,1.0,7,0,14.0,2.0,3.0,6.0,A01
201800007988,2.0,7,0,0.0,2.0,3.0,1.0,B01
201800007989,0.0,7,0,2.0,0.0,3.0,1.0,A01
201800007990,1.0,7,0,0.0,1.0,1.0,1.0,A01
201800007991,2.0,7,0,0.0,1.0,1.0,1.0,B01
201800007992,2.0,7,0,0.0,2.0,3.0,13.0,A01
201800007992,1.0,33,0,0.0,0.0,3.0,13.0,B01
201800007993,1.0,7,0,0.0,0.0,0.0,13.0,A01
201800007993,2.0,33,0,0.0,0.0,0.0,1.0,B01
201800007994,1.0,7,0,0.0,2.0,1.0,1.0,A01
201800007994,1.0,14,0,0.0,0.0,7.0,15.0,B01
201800007995,1.0,17,0,0.0,2.0,2.0,17.0,A01
201800007995,1.0,7,0,0.0,0.0,8.0,15.0,B01
201800007996,2.0,7,0,0.0,2.0,3.0,13.0,A01
201800007996,1.0,17,0,0.0,2.0,3.0,1.0,B01
201800007997,2.0,14,0,0.0,2.0,1.0,1.0,B01
201800007997,0.0,7,0,0.0,2.0,8.0,9.0,A01
201800007998,1.0,7,0,0.0,2.0,3.0,1.0,B01
201800007998,2.0,7,0,0.0,2.0,3.0,13.0,A01
201800007998,1.0,7,0,0.0,2.0,1.0,1.0,C01
201800007999,2.0,14,0,0.0,0.0,4.0,23.0,B01
201800007999,2.0,33,0,0.0,2.0,1.0,1.0,A01
201800008000,2.0,7,0,1.0,1.0,1.0,1.0,B01
201800008000,2.0,7,0,3.0,0.0,7.0,1.0,C01
201800008001,0.0,33,0,11.0,0.0,7.0,16.0,A01
201800008002,2.0,7,0,4.0,0.0,1.0,1.0,A01
201800008003,2.0,17,0,0.0,0.0,4.0,1.0,B01
201800008003,2.0,7,0,0.0,2.0,1.0,2.0,A01
201800008004,2.0,17,0,14.0,0.0,1.0,1.0,A01
201800008005,1.0,7,0,0.0,2.0,2.0,15.0,A01
201800008005,0.0,17,0,0.0,2.0,6.0,1.0,B01
201800008006,2.0,7,0,16.0,0.0,9.0,1.0,A01
201800008007,1.0,7,0,0.0,2.0,1.0,2.0,A01
201800008007,1.0,15,0,0.0,2.0,4.0,2.0,B01
201800008008,2.0,7,0,3.0,0.0,9.0,1.0,A01
201800008009,2.0,10,0,0.0,2.0,1.0,17.0,A01
201800008009,2.0,10,0,0.0,2.0,4.0,17.0,B01
201800008009,2.0,7,0,0.0,2.0,1.0,1.0,D01
201800008009,2.0,17,0,0.0,0.0,6.0,1.0,C01
201800008010,1.0,7,0,0.0,2.0,3.0,9.0,A01
201800008010,1.0,7,0,0.0,2.0,5.0,1.0,B01
201800008011,0.0,7,0,0.0,2.0,1.0,1.0,A01
201800008011,0.0,7,0,0.0,2.0,1.0,15.0,B01
201800008012,2.0,17,0,0.0,2.0,8.0,15.0,B01
201800008012,1.0,33,0,0.0,2.0,2.0,1.0,A01
201800008013,1.0,7,0,0.0,2.0,3.0,21.0,B01
201800008013,1.0,7,0,15.0,2.0,2.0,17.0,A01
201800008014,2.0,7,0,0.0,1.0,2.0,2.0,A01
201800008015,2.0,7,0,0.0,2.0,1.0,1.0,A01
201800008015,2.0,7,0,0.0,2.0,3.0,15.0,B01
201800008016,2.0,7,0,8.0,0.0,2.0,1.0,A01
201800008017,2.0,7,0,15.0,0.0,8.0,0.0,A01
201800008018,1.0,99,0,0.0,2.0,0.0,1.0,B01
201800008018,1.0,7,0,3.0,2.0,1.0,0.0,A01
201800008019,1.0,31,0,11.0,0.0,1.0,1.0,A01
201800008020,2.0,31,0,0.0,2.0,1.0,1.0,B01
201800008020,1.0,7,0,0.0,2.0,3.0,15.0,A01
201800008021,1.0,10,0,0.0,2.0,1.0,0.0,A01
201800008021,1.0,10,0,0.0,2.0,4.0,0.0,B01
201800008022,2.0,33,0,0.0,2.0,1.0,1.0,A01
201800008022,1.0,7,0,0.0,2.0,5.0,15.0,B01
201800008023,1.0,7,0,13.0,0.0,2.0,1.0,A01
201800008024,1.0,33,0,0.0,2.0,1.0,17.0,A01
201800008024,2.0,7,0,0.0,2.0,3.0,15.0,B01
201800008025,1.0,7,0,0.0,1.0,1.0,19.0,A01
201800008026,0.0,7,0,0.0,2.0,0.0,0.0,B01
201800008026,0.0,33,0,0.0,2.0,1.0,0.0,A01
201800008027,0.0,31,0,0.0,2.0,1.0,1.0,B01
201800008027,0.0,10,0,0.0,2.0,3.0,15.0,A01
201800008028,1.0,10,0,0.0,2.0,3.0,1.0,B01
201800008028,2.0,7,0,0.0,2.0,3.0,17.0,A01
201800008029,2.0,7,0,4.0,2.0,1.0,0.0,A01
201800008029,2.0,7,0,0.0,2.0,4.0,1.0,B01
201800008030,0.0,33,0,0.0,2.0,1.0,21.0,A01
201800008030,0.0,14,0,0.0,2.0,1.0,1.0,B01
201800008031,0.0,33,0,0.0,1.0,1.0,1.0,A01
201800008032,1.0,13,0,0.0,2.0,3.0,13.0,A01
201800008032,2.0,7,0,0.0,2.0,3.0,1.0,B01
201800008033,0.0,32,0,0.0,1.0,1.0,8.0,A01
201800008034,1.0,10,0,13.0,0.0,1.0,13.0,A01
201800008035,1.0,20,0,0.0,2.0,4.0,23.0,A01
201800008035,1.0,20,0,0.0,0.0,0.0,0.0,B01
201800008036,0.0,7,0,0.0,2.0,4.0,1.0,B01
201800008036,2.0,7,0,0.0,2.0,1.0,1.0,A01
201800008037,1.0,10,0,0.0,2.0,3.0,1.0,A01
201800008037,1.0,33,0,0.0,2.0,1.0,1.0,B01
201800008038,1.0,7,0,0.0,2.0,8.0,1.0,A01
201800008038,2.0,7,0,0.0,2.0,7.0,1.0,B01
201800008039,0.0,31,0,0.0,2.0,6.0,0.0,A01
201800008039,0.0,7,0,0.0,2.0,6.0,23.0,B01
201800008040,0.0,32,0,0.0,2.0,1.0,0.0,B01
201800008040,0.0,1,0,0.0,2.0,7.0,19.0,A01
201800008041,1.0,33,0,0.0,2.0,3.0,0.0,B01
201800008041,1.0,7,0,0.0,2.0,2.0,15.0,A01
201800008042,1.0,34,0,0.0,2.0,1.0,1.0,B01
201800008042,1.0,7,0,0.0,2.0,8.0,15.0,A01
201800008043,2.0,31,0,0.0,2.0,1.0,18.0,B01
201800008043,1.0,7,0,0.0,2.0,3.0,15.0,A01
201800008044,0.0,30,0,8.0,0.0,1.0,0.0,A01
201800008045,2.0,7,0,0.0,2.0,3.0,15.0,A01
201800008045,2.0,33,0,0.0,2.0,1.0,17.0,B01
201800008046,0.0,33,0,0.0,2.0,3.0,13.0,A01
201800008046,0.0,7,0,0.0,2.0,3.0,21.0,B01
201800008047,1.0,10,0,0.0,1.0,3.0,1.0,A01
201800008048,1.0,2,0,0.0,2.0,8.0,1.0,B01
201800008048,1.0,7,0,0.0,2.0,2.0,14.0,A01
201800008049,0.0,7,0,0.0,2.0,4.0,0.0,A01
201800008049,0.0,10,0,0.0,2.0,1.0,2.0,Z01
201800008050,1.0,7,0,0.0,1.0,2.0,19.0,A01
201800008050,2.0,33,0,0.0,2.0,1.0,2.0,B01
201800008051,1.0,33,0,0.0,2.0,1.0,1.0,B01
201800008051,1.0,7,0,0.0,2.0,5.0,20.0,A01
201800008052,1.0,7,0,0.0,2.0,1.0,1.0,B01
201800008052,2.0,30,0,0.0,2.0,0.0,0.0,A01
201800008053,1.0,30,0,1.0,0.0,1.0,18.0,A01
201800008053,1.0,7,0,0.0,2.0,5.0,23.0,B01
201800008054,0.0,10,0,0.0,2.0,7.0,1.0,B01
201800008054,0.0,7,0,0.0,2.0,7.0,9.0,A01
201800008055,1.0,10,0,0.0,2.0,1.0,21.0,A01
201800008055,2.0,10,0,0.0,0.0,0.0,0.0,C01
201800008055,2.0,32,0,0.0,2.0,1.0,0.0,B01
201800008056,1.0,32,0,0.0,2.0,2.0,17.0,B01
201800008056,1.0,7,0,0.0,2.0,3.0,15.0,A01
201800008057,2.0,7,0,4.0,2.0,6.0,1.0,B01
201800008057,2.0,7,0,4.0,2.0,2.0,17.0,A01
201800008058,0.0,7,0,0.0,2.0,2.0,14.0,A01
201800008058,0.0,7,0,0.0,2.0,6.0,1.0,B01
201800008059,1.0,7,0,0.0,1.0,6.0,0.0,A01
201800008060,0.0,7,0,0.0,2.0,1.0,1.0,B01
201800008060,0.0,7,0,0.0,2.0,1.0,0.0,A01
201800008061,1.0,10,0,0.0,1.0,4.0,4.0,A01
201800008062,2.0,7,0,0.0,1.0,7.0,2.0,A01
201800008063,0.0,7,0,0.0,1.0,1.0,18.0,A01
201800008064,2.0,31,0,4.0,0.0,8.0,0.0,A01
201800008065,0.0,10,0,0.0,1.0,1.0,1.0,A01
201800008066,2.0,7,0,0.0,0.0,0.0,9.0,A01
201800008066,2.0,32,0,0.0,0.0,0.0,0.0,B01
201800008067,1.0,7,0,0.0,2.0,8.0,11.0,A01
201800008067,1.0,33,0,0.0,2.0,1.0,1.0,B01
201800008068,1.0,7,0,6.0,0.0,1.0,9.0,A01
201800008069,2.0,10,0,0.0,2.0,1.0,1.0,B01
201800008069,1.0,10,0,0.0,2.0,1.0,13.0,A01
201800008070,2.0,7,0,0.0,2.0,2.0,9.0,B01
201800008070,1.0,32,0,0.0,2.0,1.0,7.0,A01
201800008071,1.0,7,0,0.0,1.0,3.0,2.0,A01
201800008072,2.0,7,0,15.0,0.0,1.0,1.0,A01
201800008073,0.0,33,0,0.0,2.0,1.0,13.0,B01
201800008073,0.0,7,0,0.0,2.0,3.0,0.0,A01
201800008074,1.0,7,0,0.0,2.0,1.0,1.0,B01
201800008074,2.0,10,0,0.0,2.0,1.0,13.0,A01
201800008075,1.0,10,0,0.0,2.0,1.0,2.0,D01
201800008075,0.0,7,0,0.0,2.0,4.0,2.0,A01
201800008075,1.0,10,0,0.0,2.0,1.0,2.0,C01
201800008075,0.0,7,0,0.0,2.0,1.0,2.0,B01
201800008076,1.0,7,0,1.0,0.0,1.0,15.0,A01
201800008076,1.0,15,0,0.0,2.0,4.0,0.0,B01
201800008077,2.0,10,0,15.0,0.0,0.0,0.0,A01
201800008078,1.0,7,0,0.0,2.0,7.0,15.0,A01
201800008078,2.0,1,0,0.0,2.0,1.0,1.0,B01
201800008079,0.0,7,0,0.0,1.0,3.0,16.0,A01
201800008080,1.0,7,0,1.0,2.0,7.0,20.0,A01
201800008080,1.0,38,9,1.0,2.0,1.0,1.0,B01
201800008081,0.0,7,0,0.0,2.0,3.0,15.0,B01
201800008081,0.0,7,0,0.0,2.0,3.0,16.0,A01
201800008082,1.0,2,0,0.0,1.0,1.0,14.0,A01
201800008083,0.0,7,0,0.0,1.0,1.0,15.0,A01
201800008084,1.0,7,0,0.0,1.0,3.0,1.0,A01
201800008085,1.0,7,0,0.0,2.0,6.0,9.0,A01
201800008085,1.0,7,0,0.0,2.0,1.0,1.0,B01
201800008086,2.0,33,0,0.0,2.0,3.0,0.0,B01
201800008086,2.0,7,0,0.0,2.0,3.0,15.0,A01
201800008087,1.0,7,0,0.0,2.0,2.0,12.0,B01
201800008087,1.0,33,0,1.0,2.0,1.0,7.0,A01
201800008088,0.0,33,0,0.0,2.0,1.0,1.0,B01
201800008088,0.0,7,0,0.0,2.0,1.0,5.0,A01
201800008089,2.0,30,0,0.0,2.0,1.0,13.0,A01
201800008089,2.0,2,0,0.0,2.0,3.0,13.0,B01
201800008090,1.0,10,0,0.0,2.0,7.0,1.0,B01
201800008090,1.0,7,0,0.0,2.0,1.0,16.0,A01
201800008091,1.0,10,0,13.0,0.0,2.0,1.0,A01
201800008092,1.0,7,0,3.0,0.0,1.0,0.0,A01
201800008093,1.0,7,0,0.0,1.0,2.0,21.0,A01
201800008094,0.0,2,0,0.0,2.0,1.0,1.0,B01
201800008094,0.0,10,0,0.0,2.0,2.0,15.0,A01
201800008095,1.0,7,0,15.0,0.0,1.0,0.0,A01
201800008096,0.0,7,0,14.0,0.0,1.0,0.0,A01
201800008097,2.0,1,0,0.0,1.0,1.0,1.0,A01
201800008098,2.0,7,0,0.0,2.0,3.0,15.0,B01
201800008098,2.0,33,0,0.0,2.0,1.0,1.0,A01
201800008099,2.0,7,0,0.0,2.0,1.0,2.0,B01
201800008099,2.0,7,0,0.0,2.0,1.0,13.0,A01
201800008100,1.0,33,0,0.0,2.0,1.0,1.0,A01
201800008100,2.0,7,0,0.0,2.0,3.0,15.0,B01
201800008101,2.0,30,0,0.0,0.0,0.0,0.0,A01
201800008102,1.0,7,0,0.0,2.0,3.0,1.0,A01
201800008102,2.0,7,0,0.0,2.0,3.0,17.0,B01
201800008103,0.0,7,0,0.0,2.0,3.0,1.0,B01
201800008103,0.0,7,0,0.0,2.0,1.0,13.0,A01
201800008104,2.0,7,0,4.0,0.0,3.0,1.0,A01
201800008105,2.0,7,0,4.0,0.0,3.0,1.0,A01
201800008106,0.0,10,0,0.0,2.0,3.0,9.0,A01
201800008106,0.0,10,0,0.0,2.0,0.0,1.0,B01
201800008107,1.0,10,0,2.0,0.0,1.0,1.0,A01
201800008108,2.0,14,0,0.0,2.0,1.0,1.0,B01
201800008108,1.0,7,0,0.0,2.0,7.0,13.0,A01
201800008109,1.0,33,0,0.0,2.0,1.0,21.0,A01
201800008109,2.0,7,0,0.0,2.0,2.0,15.0,B01
201800008110,2.0,7,0,0.0,2.0,0.0,15.0,Z01
201800008110,2.0,7,0,1.0,2.0,1.0,13.0,A01
201800008110,2.0,7,0,0.0,2.0,1.0,20.0,C01
201800008111,2.0,7,0,0.0,1.0,4.0,4.0,Z01
201800008112,0.0,14,0,0.0,2.0,2.0,1.0,B01
201800008112,0.0,7,0,0.0,2.0,8.0,9.0,A01
201800008113,1.0,10,0,0.0,2.0,8.0,21.0,B01
201800008113,1.0,7,0,3.0,2.0,1.0,13.0,A01
201800008114,2.0,17,0,0.0,2.0,8.0,1.0,B01
201800008114,1.0,10,0,0.0,2.0,1.0,13.0,A01
201800008114,2.0,7,0,0.0,2.0,1.0,1.0,C01
201800008115,1.0,15,0,0.0,2.0,1.0,14.0,A01
201800008115,2.0,7,0,0.0,2.0,3.0,0.0,B01
201800008116,2.0,7,0,0.0,2.0,3.0,1.0,B01
201800008116,2.0,7,0,7.0,2.0,5.0,15.0,A01
201800008117,1.0,31,0,0.0,2.0,1.0,13.0,A01
201800008117,1.0,7,0,0.0,2.0,6.0,2.0,B01
201800008118,2.0,7,0,0.0,1.0,1.0,15.0,A01
201800008119,1.0,7,0,0.0,1.0,8.0,15.0,A01
201800008120,0.0,10,0,0.0,1.0,1.0,1.0,A01
201800008121,0.0,7,0,0.0,2.0,1.0,1.0,B01
201800008121,0.0,7,0,0.0,2.0,3.0,13.0,A01
201800008122,2.0,7,0,0.0,2.0,8.0,13.0,Z01
201800008122,2.0,33,0,0.0,2.0,0.0,21.0,A01
201800008123,1.0,10,0,0.0,1.0,8.0,1.0,A01
201800008124,2.0,7,0,0.0,2.0,2.0,1.0,B01
201800008124,1.0,7,0,0.0,2.0,6.0,19.0,A01
201800008125,0.0,2,0,0.0,2.0,6.0,15.0,A01
201800008125,0.0,7,0,0.0,2.0,6.0,15.0,B01
201800008126,2.0,7,0,0.0,0.0,9.0,13.0,A01
201800008127,2.0,10,0,0.0,2.0,3.0,1.0,B01
201800008127,1.0,30,0,0.0,2.0,1.0,13.0,A01
201800008128,2.0,7,0,0.0,1.0,1.0,1.0,A01
201800008129,1.0,7,0,0.0,2.0,1.0,1.0,B01
201800008129,1.0,7,0,0.0,2.0,4.0,4.0,A01
201800008130,1.0,7,0,0.0,2.0,3.0,1.0,B01
201800008130,1.0,7,0,0.0,2.0,3.0,17.0,A01
201800008131,2.0,10,0,0.0,1.0,7.0,2.0,A01
201800008132,1.0,33,0,0.0,2.0,1.0,17.0,B01
201800008132,1.0,7,0,0.0,2.0,3.0,15.0,A01
201800008133,1.0,7,0,0.0,2.0,2.0,0.0,A01
201800008133,1.0,7,0,0.0,2.0,4.0,0.0,B01
201800008134,1.0,7,0,0.0,2.0,3.0,15.0,B01
201800008134,1.0,2,0,0.0,2.0,1.0,17.0,A01
201800008135,2.0,7,0,0.0,1.0,1.0,15.0,A01
201800008136,2.0,7,0,0.0,1.0,1.0,1.0,A01
201800008137,1.0,7,0,0.0,1.0,3.0,0.0,A01
201800008137,1.0,7,0,0.0,1.0,1.0,17.0,Z01
201800008138,2.0,7,0,0.0,2.0,2.0,1.0,B01
201800008138,1.0,31,0,0.0,2.0,1.0,15.0,A01
201800008139,2.0,7,0,0.0,1.0,3.0,1.0,A01
201800008140,1.0,7,0,0.0,1.0,3.0,15.0,A01
201800008141,2.0,7,0,0.0,2.0,7.0,15.0,A01
201800008141,1.0,31,0,0.0,2.0,1.0,1.0,B01
201800008142,2.0,33,0,0.0,2.0,1.0,1.0,B01
201800008142,1.0,7,0,0.0,2.0,3.0,15.0,A01
201800008143,1.0,7,0,0.0,2.0,1.0,15.0,A01
201800008143,2.0,7,0,0.0,2.0,1.0,1.0,B01
201800008144,1.0,7,0,0.0,1.0,1.0,1.0,A01
201800008145,0.0,7,0,0.0,2.0,3.0,1.0,B01
201800008145,0.0,7,0,0.0,2.0,6.0,15.0,A01
201800008146,1.0,7,0,0.0,2.0,2.0,1.0,B01
201800008146,1.0,7,0,4.0,2.0,3.0,13.0,A01
201800008147,1.0,10,0,0.0,1.0,4.0,4.0,A01
201800008148,1.0,31,0,8.0,0.0,0.0,0.0,A01
201800008149,1.0,7,0,0.0,2.0,2.0,9.0,A01
201800008149,2.0,7,0,0.0,2.0,1.0,1.0,B01
201800008150,1.0,7,0,0.0,2.0,2.0,19.0,A01
201800008150,1.0,33,0,15.0,2.0,1.0,1.0,B01
201800008151,1.0,7,0,0.0,2.0,3.0,1.0,B01
201800008151,1.0,7,0,0.0,2.0,1.0,1.0,A01
201800008152,1.0,7,0,0.0,2.0,2.0,15.0,A01
201800008152,2.0,31,0,0.0,2.0,1.0,1.0,B01
201800008153,2.0,7,0,0.0,2.0,8.0,0.0,B01
201800008153,1.0,7,0,0.0,2.0,1.0,13.0,A01
201800008154,1.0,7,0,0.0,2.0,2.0,15.0,A01
201800008154,2.0,7,0,0.0,2.0,1.0,1.0,B01
201800008155,2.0,1,0,0.0,2.0,1.0,1.0,B01
201800008155,1.0,7,0,0.0,2.0,2.0,15.0,A01
201800008156,2.0,31,0,0.0,2.0,7.0,1.0,B01
201800008156,2.0,7,0,0.0,2.0,1.0,19.0,A01
201800008157,1.0,33,0,0.0,2.0,1.0,1.0,B01
201800008157,2.0,7,0,0.0,2.0,3.0,19.0,A01
201800008158,1.0,30,0,0.0,2.0,1.0,0.0,B01
201800008158,1.0,7,0,0.0,2.0,8.0,9.0,A01
201800008159,1.0,7,0,0.0,2.0,8.0,1.0,A01
201800008159,2.0,33,0,0.0,2.0,1.0,1.0,B01
201800008160,1.0,7,0,0.0,2.0,1.0,1.0,B01
201800008160,2.0,14,0,0.0,2.0,3.0,11.0,A01
201800008161,1.0,7,0,0.0,1.0,2.0,15.0,A01
201800008162,0.0,33,0,4.0,0.0,0.0,1.0,A01
201800008163,0.0,38,48,0.0,1.0,2.0,1.0,A01
201800008164,1.0,7,0,0.0,2.0,3.0,0.0,A01
201800008164,1.0,31,0,0.0,2.0,2.0,0.0,B01
201800008165,1.0,7,0,0.0,2.0,6.0,1.0,B01
201800008165,1.0,32,0,0.0,2.0,1.0,2.0,A01
201800008166,1.0,7,0,0.0,2.0,6.0,9.0,A01
201800008166,1.0,33,0,0.0,2.0,2.0,1.0,B01
201800008167,1.0,7,0,0.0,0.0,8.0,15.0,B01
201800008167,1.0,31,0,0.0,0.0,1.0,17.0,A01
201800008168,1.0,7,0,0.0,2.0,1.0,2.0,A01
201800008168,1.0,7,0,0.0,2.0,4.0,2.0,B01
201800008169,2.0,32,0,8.0,0.0,1.0,15.0,A01
201800008170,1.0,7,0,0.0,2.0,8.0,15.0,B01
201800008170,1.0,33,0,0.0,2.0,1.0,17.0,A01
201800008171,2.0,7,0,0.0,2.0,5.0,5.0,A01
201800008171,1.0,7,0,0.0,2.0,3.0,1.0,B01
201800008172,1.0,7,0,15.0,0.0,1.0,1.0,A01
201800008173,2.0,36,0,1.0,0.0,1.0,1.0,A01
201800008174,2.0,7,0,0.0,2.0,1.0,1.0,A01
201800008174,1.0,37,1,0.0,2.0,3.0,11.0,B01
201800008175,2.0,7,0,1.0,0.0,1.0,1.0,A01
201800008176,1.0,7,0,8.0,0.0,3.0,1.0,A01
201800008177,2.0,33,0,0.0,2.0,1.0,17.0,A01
201800008177,2.0,10,0,0.0,2.0,0.0,15.0,B01
201800008178,1.0,7,0,0.0,2.0,3.0,1.0,B01
201800008178,1.0,7,0,0.0,2.0,3.0,13.0,A01
201800008179,1.0,7,0,0.0,2.0,5.0,15.0,A01
201800008179,2.0,7,0,0.0,2.0,1.0,1.0,B01
201800008180,2.0,33,0,11.0,0.0,1.0,1.0,A01
201800008181,2.0,31,0,0.0,2.0,2.0,17.0,A01
201800008181,2.0,14,0,0.0,2.0,6.0,15.0,B01
201800008182,1.0,7,0,0.0,2.0,4.0,23.0,B01
201800008182,0.0,7,0,0.0,2.0,1.0,0.0,A01
201800008183,2.0,10,0,0.0,2.0,3.0,1.0,A01
201800008183,2.0,7,0,0.0,2.0,8.0,9.0,B01
201800008184,1.0,33,0,0.0,2.0,1.0,1.0,B01
201800008184,2.0,10,0,0.0,2.0,8.0,23.0,C01
201800008184,0.0,10,0,0.0,2.0,5.0,15.0,A01
201800008185,1.0,7,0,0.0,2.0,3.0,1.0,B01
201800008185,1.0,7,0,0.0,2.0,5.0,12.0,A01
201800008186,1.0,7,0,0.0,2.0,7.0,15.0,A01
201800008186,1.0,2,0,0.0,2.0,7.0,17.0,B01
201800008187,0.0,7,0,0.0,2.0,8.0,0.0,A01
201800008187,0.0,7,0,0.0,2.0,8.0,0.0,B01
201800008188,0.0,32,0,0.0,2.0,1.0,1.0,A01
201800008188,0.0,7,0,0.0,2.0,2.0,15.0,B01
201800008189,1.0,7,0,0.0,1.0,1.0,1.0,A01
201800008190,1.0,33,0,1.0,1.0,1.0,1.0,A01
201800008191,2.0,7,0,9.0,0.0,4.0,15.0,A01
201800008191,2.0,30,0,0.0,2.0,1.0,2.0,B01
201800008192,1.0,7,0,0.0,2.0,0.0,0.0,A01
201800008192,1.0,1,0,0.0,2.0,1.0,1.0,B01
201800008193,1.0,7,0,0.0,2.0,4.0,15.0,B01
201800008193,0.0,32,0,0.0,2.0,1.0,17.0,A01
201800008194,1.0,7,0,0.0,2.0,1.0,0.0,B01
201800008194,1.0,7,0,0.0,2.0,8.0,19.0,A01
201800008195,1.0,7,0,0.0,1.0,1.0,1.0,A01
201800008196,2.0,99,0,0.0,1.0,3.0,1.0,Z01
201800008197,1.0,7,0,0.0,1.0,2.0,1.0,A01
201800008198,1.0,7,0,0.0,2.0,4.0,2.0,B01
201800008198,1.0,7,0,0.0,2.0,1.0,2.0,A01
201800008199,1.0,7,0,0.0,2.0,3.0,2.0,B01
201800008199,1.0,2,0,0.0,2.0,3.0,17.0,A01
201800008200,1.0,10,0,0.0,2.0,1.0,1.0,A01
201800008200,2.0,10,0,0.0,2.0,1.0,0.0,B01
201800008201,1.0,7,0,0.0,2.0,4.0,1.0,A01
201800008201,1.0,7,0,0.0,2.0,1.0,2.0,Z01
201800008202,2.0,17,0,0.0,2.0,3.0,1.0,C01
201800008202,1.0,10,0,0.0,2.0,8.0,1.0,B01
201800008202,2.0,10,0,1.0,2.0,8.0,5.0,A01
201800008203,0.0,7,0,0.0,2.0,1.0,1.0,A01
201800008203,0.0,7,0,0.0,2.0,4.0,23.0,B01
201800008204,2.0,7,0,8.0,0.0,1.0,1.0,A01
201800008205,1.0,10,0,0.0,1.0,2.0,16.0,A01
201800008206,2.0,30,0,12.0,0.0,7.0,14.0,A01
201800008207,2.0,7,0,0.0,9.0,8.0,20.0,A01
201800008207,2.0,1,0,0.0,2.0,1.0,1.0,B01
201800008208,2.0,31,0,0.0,2.0,8.0,17.0,B01
201800008208,1.0,7,0,0.0,2.0,2.0,15.0,A01
201800008209,1.0,31,0,0.0,2.0,1.0,1.0,B01
201800008209,1.0,7,0,0.0,2.0,7.0,15.0,A01
201800008210,1.0,10,0,0.0,2.0,4.0,20.0,A01
201800008210,1.0,30,0,0.0,2.0,1.0,0.0,B01
201800008211,2.0,7,0,0.0,2.0,8.0,1.0,B01
201800008211,2.0,7,0,0.0,2.0,7.0,17.0,A01
201800008212,1.0,7,0,0.0,2.0,8.0,15.0,B01
201800008212,1.0,34,0,0.0,2.0,2.0,17.0,A01
201800008213,1.0,1,0,0.0,2.0,5.0,19.0,B01
201800008213,1.0,30,0,0.0,2.0,0.0,0.0,Z01
201800008214,1.0,7,0,0.0,2.0,3.0,1.0,B01
201800008214,1.0,7,0,0.0,2.0,3.0,13.0,A01
201800008215,0.0,10,0,0.0,2.0,3.0,15.0,B01
201800008215,1.0,7,0,0.0,2.0,1.0,24.0,C01
201800008215,2.0,34,0,0.0,2.0,3.0,17.0,A01
201800008216,0.0,7,0,12.0,2.0,1.0,21.0,B01
201800008216,0.0,14,0,0.0,0.0,0.0,15.0,A01
201800008217,1.0,7,0,0.0,1.0,3.0,1.0,A01
201800008218,1.0,1,0,0.0,2.0,8.0,1.0,B01
201800008218,1.0,7,0,0.0,2.0,7.0,1.0,A01
201800008219,2.0,1,0,0.0,2.0,4.0,1.0,B01
201800008219,2.0,7,0,0.0,2.0,2.0,9.0,A01
201800008220,1.0,10,0,0.0,2.0,2.0,1.0,A01