Num_Acc,senc,catv,occutc,obs,obsm,choc,manv,num_veh
201800008220,1.0,7,0,0.0,2.0,4.0,23.0,B01
201800008221,1.0,7,0,0.0,2.0,1.0,15.0,A01
201800008221,2.0,33,0,0.0,2.0,2.0,21.0,B01
201800008222,1.0,10,0,0.0,2.0,8.0,22.0,A01
201800008222,1.0,30,0,1.0,0.0,1.0,18.0,B01
201800008223,0.0,33,0,12.0,0.0,8.0,15.0,B01
201800008223,0.0,7,0,0.0,2.0,2.0,16.0,A01
201800008224,2.0,7,0,0.0,2.0,3.0,20.0,B01
201800008224,2.0,31,0,0.0,2.0,1.0,17.0,A01
201800008225,2.0,7,0,0.0,2.0,1.0,15.0,A01
201800008225,1.0,31,0,0.0,2.0,7.0,1.0,B01
201800008226,1.0,7,0,0.0,2.0,6.0,13.0,B01
201800008226,1.0,7,0,0.0,2.0,2.0,9.0,A01
201800008227,2.0,7,0,0.0,2.0,5.0,16.0,B01
201800008227,2.0,31,0,0.0,2.0,5.0,2.0,A01
201800008228,1.0,7,0,0.0,1.0,2.0,1.0,A01
201800008229,2.0,7,0,0.0,2.0,8.0,15.0,B01
201800008229,2.0,2,0,0.0,2.0,2.0,17.0,A01
201800008230,1.0,33,0,0.0,2.0,7.0,2.0,B01
201800008230,1.0,7,0,0.0,2.0,3.0,13.0,A01
201800008231,1.0,2,0,0.0,2.0,2.0,1.0,B01
201800008231,2.0,7,0,0.0,2.0,8.0,9.0,A01
201800008232,1.0,7,0,0.0,2.0,6.0,9.0,A01
201800008232,1.0,34,0,0.0,2.0,2.0,2.0,B01
201800008233,1.0,7,0,0.0,2.0,1.0,15.0,A01
201800008233,2.0,32,0,0.0,2.0,3.0,16.0,B01
201800008234,0.0,10,0,0.0,2.0,8.0,16.0,B01
201800008234,0.0,1,0,0.0,2.0,0.0,0.0,A01
201800008235,2.0,7,0,0.0,1.0,2.0,0.0,A01
201800008236,1.0,33,0,0.0,2.0,3.0,1.0,A01
201800008236,2.0,33,0,0.0,2.0,2.0,1.0,B01
201800008237,2.0,7,0,0.0,2.0,1.0,13.0,A01
201800008237,1.0,7,0,0.0,2.0,9.0,1.0,B01
201800008237,1.0,1,0,0.0,2.0,0.0,1.0,C01
201800008238,0.0,2,0,0.0,1.0,2.0,21.0,A01
201800008239,2.0,7,0,0.0,2.0,1.0,2.0,A01
201800008239,2.0,7,0,0.0,2.0,4.0,2.0,B01
201800008240,1.0,7,0,0.0,2.0,3.0,9.0,A01
201800008240,2.0,2,0,0.0,2.0,7.0,1.0,B01
201800008241,1.0,7,0,0.0,2.0,1.0,1.0,B01
201800008241,1.0,7,0,0.0,2.0,3.0,13.0,A01
201800008242,2.0,33,0,0.0,2.0,7.0,1.0,A01
201800008242,2.0,33,0,0.0,2.0,3.0,2.0,B01
201800008243,1.0,31,0,0.0,0.0,1.0,0.0,A01
201800008244,2.0,33,0,8.0,0.0,0.0,13.0,A01
201800008245,1.0,7,0,2.0,0.0,0.0,13.0,A01
201800008246,0.0,7,0,0.0,1.0,2.0,0.0,A01
201800008247,1.0,2,0,0.0,2.0,1.0,2.0,A01
201800008247,1.0,7,0,0.0,2.0,4.0,23.0,B01
201800008248,1.0,33,0,0.0,0.0,1.0,0.0,A01
201800008249,0.0,7,0,0.0,2.0,1.0,0.0,B01
201800008249,0.0,7,0,0.0,0.0,1.0,0.0,C01
201800008249,0.0,33,0,0.0,2.0,1.0,0.0,A01
201800008250,2.0,33,0,0.0,0.0,8.0,1.0,B01
201800008250,2.0,7,0,0.0,2.0,1.0,1.0,A01
201800008251,1.0,33,0,0.0,2.0,1.0,17.0,B01
201800008251,0.0,7,0,0.0,2.0,8.0,15.0,A01
201800008252,1.0,7,0,0.0,2.0,8.0,19.0,A01
201800008252,1.0,7,0,0.0,2.0,1.0,1.0,B01
201800008253,0.0,7,0,6.0,0.0,0.0,17.0,A01
201800008254,0.0,7,0,0.0,0.0,9.0,0.0,A01
201800008255,0.0,7,0,16.0,0.0,0.0,0.0,A01
201800008256,1.0,7,0,0.0,2.0,1.0,1.0,B01
201800008256,2.0,7,0,0.0,2.0,1.0,15.0,A01
201800008257,2.0,7,0,0.0,2.0,1.0,1.0,A01
201800008257,2.0,7,0,0.0,2.0,7.0,1.0,B01
201800008258,0.0,13,0,0.0,1.0,4.0,0.0,A01
201800008259,2.0,10,0,3.0,2.0,1.0,0.0,C01
201800008259,2.0,7,0,3.0,2.0,3.0,0.0,B01
201800008259,1.0,15,0,0.0,2.0,8.0,11.0,A01
201800008260,0.0,7,0,0.0,2.0,4.0,1.0,B01
201800008260,0.0,7,0,0.0,2.0,1.0,17.0,A01
201800008261,1.0,33,0,14.0,0.0,1.0,1.0,A01
201800008262,1.0,7,0,0.0,2.0,1.0,0.0,B01
201800008262,1.0,7,0,0.0,2.0,5.0,0.0,A01
201800008263,0.0,7,0,0.0,1.0,2.0,16.0,A01
201800008264,2.0,7,0,0.0,1.0,3.0,0.0,A01
201800008265,1.0,7,0,0.0,2.0,1.0,21.0,A01
201800008265,2.0,1,0,0.0,2.0,0.0,0.0,B01
201800008266,0.0,32,0,0.0,0.0,0.0,0.0,A01
201800008266,0.0,7,0,0.0,2.0,0.0,0.0,B01
201800008267,1.0,7,0,2.0,0.0,1.0,2.0,A01
201800008268,1.0,7,0,0.0,2.0,6.0,9.0,B01
201800008268,1.0,7,0,0.0,2.0,1.0,19.0,A01
201800008269,2.0,7,0,0.0,2.0,7.0,11.0,B01
201800008269,1.0,7,0,0.0,2.0,1.0,12.0,A01
201800008270,0.0,7,0,0.0,1.0,6.0,0.0,A01
201800008271,1.0,7,0,0.0,1.0,1.0,0.0,A01
201800008272,0.0,7,0,0.0,1.0,1.0,1.0,A01
201800008273,0.0,7,0,0.0,2.0,1.0,16.0,A01
201800008273,0.0,7,0,0.0,2.0,8.0,0.0,B01
201800008274,1.0,7,0,0.0,2.0,7.0,15.0,Z01
201800008274,1.0,31,0,0.0,2.0,8.0,0.0,B01
201800008275,1.0,33,0,0.0,2.0,1.0,17.0,B01
201800008275,1.0,7,0,0.0,2.0,3.0,10.0,A01
201800008276,2.0,30,0,0.0,2.0,1.0,19.0,A01
201800008276,1.0,7,0,0.0,2.0,3.0,1.0,B01
201800008277,1.0,7,0,3.0,0.0,9.0,1.0,A01
201800008278,2.0,7,0,0.0,1.0,1.0,19.0,A01
201800008279,1.0,7,0,0.0,2.0,1.0,9.0,Z01
201800008279,1.0,7,0,0.0,2.0,3.0,9.0,A01
201800008279,1.0,7,0,0.0,2.0,3.0,16.0,B01
201800008280,0.0,33,0,0.0,0.0,0.0,1.0,A01
201800008281,1.0,7,0,0.0,2.0,7.0,9.0,Z01
201800008281,1.0,31,0,0.0,2.0,8.0,1.0,A01
201800008282,1.0,7,0,0.0,2.0,4.0,0.0,B01
201800008282,1.0,7,0,0.0,2.0,1.0,1.0,A01
201800008283,1.0,7,0,0.0,2.0,1.0,1.0,A01
201800008283,1.0,30,0,0.0,2.0,7.0,1.0,B01
201800008284,1.0,32,0,0.0,2.0,1.0,1.0,A01
201800008284,2.0,7,0,0.0,2.0,5.0,15.0,B01
201800008285,1.0,30,0,1.0,2.0,1.0,2.0,B01
201800008285,1.0,7,0,0.0,2.0,3.0,22.0,A01
201800008286,1.0,7,0,0.0,2.0,3.0,2.0,A01
201800008286,1.0,7,0,0.0,2.0,4.0,2.0,B01
201800008287,2.0,31,0,0.0,2.0,4.0,23.0,B01
201800008287,2.0,7,0,0.0,2.0,1.0,2.0,A01
201800008288,1.0,2,0,14.0,0.0,1.0,15.0,A01
201800008289,1.0,7,0,0.0,2.0,8.0,13.0,A01
201800008289,1.0,7,0,0.0,2.0,2.0,0.0,B01
201800008290,1.0,31,0,0.0,2.0,1.0,1.0,B01
201800008290,1.0,7,0,0.0,2.0,2.0,9.0,A01
201800008291,1.0,7,0,0.0,2.0,1.0,15.0,A01
201800008291,2.0,33,0,0.0,2.0,2.0,1.0,B01
201800008292,2.0,33,0,0.0,0.0,1.0,1.0,A01
201800008293,1.0,7,0,0.0,2.0,4.0,2.0,B01
201800008293,1.0,7,0,0.0,2.0,1.0,2.0,A01
201800008293,1.0,7,0,0.0,2.0,4.0,2.0,C01
201800008294,1.0,7,0,0.0,1.0,1.0,1.0,A01
201800008295,2.0,7,0,0.0,2.0,6.0,2.0,B01
201800008295,2.0,7,0,0.0,2.0,1.0,2.0,A01
201800008296,1.0,34,0,0.0,2.0,1.0,1.0,A01
201800008296,1.0,7,0,0.0,2.0,4.0,1.0,B01
201800008297,2.0,7,0,0.0,2.0,5.0,23.0,C01
201800008297,2.0,7,0,0.0,2.0,6.0,23.0,B01
201800008297,2.0,7,0,0.0,2.0,2.0,13.0,A01
201800008298,1.0,10,0,0.0,2.0,3.0,15.0,A01
201800008298,1.0,2,0,0.0,2.0,2.0,2.0,B01
201800008299,1.0,7,0,0.0,2.0,4.0,23.0,B01
201800008299,1.0,7,0,0.0,2.0,0.0,2.0,Z01
201800008300,2.0,34,0,0.0,2.0,2.0,2.0,B01
201800008300,2.0,7,0,0.0,2.0,8.0,10.0,A01
201800008301,1.0,7,0,8.0,0.0,1.0,13.0,A01
201800008302,1.0,10,0,0.0,2.0,6.0,14.0,B01
201800008302,1.0,7,0,0.0,2.0,1.0,21.0,A01
201800008303,2.0,2,0,0.0,1.0,1.0,1.0,A01
201800008304,1.0,7,0,0.0,2.0,2.0,2.0,A01
201800008304,1.0,7,0,0.0,2.0,1.0,2.0,B01
201800008305,1.0,7,0,1.0,0.0,1.0,14.0,A01
201800008306,2.0,7,0,0.0,2.0,1.0,0.0,Z01
201800008306,1.0,7,0,0.0,2.0,1.0,0.0,A01
201800008307,1.0,13,0,0.0,2.0,2.0,1.0,B01
201800008307,1.0,7,0,0.0,2.0,6.0,13.0,A01
201800008307,2.0,33,0,0.0,2.0,8.0,23.0,C01
201800008308,2.0,32,0,0.0,1.0,1.0,18.0,Z01
201800008309,2.0,33,0,1.0,0.0,1.0,1.0,A01
201800008310,1.0,3,0,0.0,1.0,1.0,15.0,A01
201800008311,1.0,34,0,0.0,2.0,2.0,1.0,B01
201800008311,1.0,7,0,0.0,2.0,3.0,15.0,A01
201800008312,1.0,33,0,0.0,0.0,0.0,1.0,A01
201800008313,2.0,33,0,0.0,2.0,1.0,5.0,A01
201800008313,1.0,7,0,0.0,2.0,1.0,1.0,B01
201800008314,1.0,7,0,0.0,2.0,4.0,4.0,Z01
201800008314,1.0,7,0,0.0,2.0,7.0,23.0,C01
201800008314,1.0,7,0,0.0,2.0,1.0,22.0,B01
201800008314,1.0,33,0,0.0,2.0,1.0,17.0,A01
201800008315,1.0,10,0,0.0,2.0,6.0,15.0,B01
201800008315,1.0,31,0,0.0,2.0,2.0,17.0,A01
201800008316,1.0,33,0,0.0,2.0,1.0,1.0,B01
201800008316,1.0,32,0,0.0,2.0,1.0,1.0,C01
201800008316,2.0,7,0,0.0,2.0,7.0,15.0,A01
201800008317,2.0,7,0,0.0,2.0,5.0,1.0,B01
201800008317,2.0,7,0,0.0,2.0,1.0,9.0,Z01
201800008318,2.0,10,0,0.0,2.0,6.0,1.0,A01
201800008318,2.0,7,0,0.0,2.0,1.0,2.0,Z01
201800008319,1.0,7,0,1.0,1.0,1.0,11.0,A01
201800008320,2.0,7,0,0.0,2.0,1.0,15.0,A01
201800008320,1.0,7,0,8.0,2.0,8.0,1.0,B01
201800008321,1.0,7,0,0.0,2.0,7.0,15.0,B01
201800008321,1.0,7,0,0.0,2.0,1.0,1.0,A01
201800008322,2.0,31,0,0.0,2.0,1.0,1.0,B01
201800008322,1.0,7,0,0.0,2.0,2.0,15.0,A01
201800008323,1.0,10,0,14.0,0.0,3.0,2.0,A01
201800008324,2.0,7,0,1.0,0.0,1.0,1.0,A01
201800008324,1.0,7,0,0.0,2.0,5.0,9.0,B01
201800008325,2.0,33,0,0.0,2.0,1.0,1.0,A01
201800008325,2.0,7,0,0.0,2.0,8.0,15.0,B01
201800008326,2.0,31,0,0.0,2.0,7.0,0.0,B01
201800008326,2.0,7,0,0.0,2.0,0.0,16.0,A01
201800008327,1.0,2,0,0.0,2.0,1.0,1.0,B01
201800008327,1.0,7,0,0.0,2.0,2.0,15.0,A01
201800008328,1.0,2,0,0.0,2.0,8.0,1.0,B01
201800008328,1.0,14,0,0.0,2.0,5.0,1.0,A01
201800008329,2.0,7,0,0.0,1.0,0.0,0.0,A01
201800008330,2.0,30,0,0.0,2.0,0.0,1.0,A01
201800008330,1.0,7,0,0.0,2.0,0.0,5.0,Z01
201800008331,1.0,30,0,0.0,1.0,1.0,1.0,A01
201800008332,1.0,7,0,0.0,2.0,1.0,23.0,A01
201800008332,1.0,7,0,0.0,2.0,4.0,23.0,B01
201800008333,1.0,37,0,0.0,1.0,2.0,7.0,A01
201800008334,2.0,7,0,0.0,1.0,7.0,0.0,Z01
201800008335,2.0,7,0,0.0,2.0,2.0,15.0,A01
201800008335,1.0,34,0,0.0,2.0,1.0,1.0,B01
201800008336,1.0,14,0,0.0,2.0,3.0,1.0,C01
201800008336,1.0,17,0,0.0,2.0,4.0,4.0,A01
201800008336,1.0,7,0,0.0,2.0,2.0,1.0,B01
201800008337,1.0,37,0,0.0,1.0,3.0,2.0,A01
201800008338,1.0,7,0,0.0,2.0,1.0,15.0,A01
201800008338,2.0,7,0,0.0,2.0,8.0,7.0,B01
201800008339,1.0,2,0,0.0,2.0,1.0,2.0,B01
201800008339,1.0,7,0,0.0,2.0,3.0,15.0,A01
201800008340,1.0,7,0,0.0,2.0,3.0,15.0,B01
201800008340,1.0,34,0,0.0,2.0,8.0,1.0,A01
201800008341,2.0,15,0,0.0,2.0,1.0,12.0,A01
201800008341,2.0,7,0,0.0,2.0,8.0,9.0,B01
201800008342,1.0,31,0,0.0,2.0,2.0,1.0,A01
201800008342,2.0,7,0,0.0,2.0,1.0,1.0,Z01
201800008343,1.0,10,0,0.0,1.0,2.0,15.0,A01
201800008344,2.0,10,0,0.0,1.0,7.0,16.0,A01
201800008345,2.0,7,0,0.0,2.0,4.0,2.0,B01
201800008345,2.0,10,0,0.0,2.0,1.0,2.0,Z01
201800008346,2.0,2,0,0.0,2.0,7.0,5.0,A01
201800008346,1.0,7,0,0.0,2.0,1.0,15.0,B01
201800008347,1.0,7,0,0.0,1.0,2.0,15.0,A01
201800008348,1.0,7,0,0.0,2.0,4.0,2.0,A01
201800008349,1.0,7,0,0.0,2.0,1.0,2.0,A01
201800008349,1.0,30,0,0.0,2.0,7.0,15.0,B01
201800008350,2.0,32,0,0.0,0.0,1.0,1.0,A01
201800008351,2.0,7,0,0.0,2.0,2.0,15.0,A01
201800008351,1.0,33,0,0.0,2.0,1.0,1.0,B01
201800008352,1.0,7,0,8.0,0.0,1.0,21.0,A01
201800008353,1.0,7,0,0.0,2.0,3.0,15.0,A01
201800008353,2.0,31,0,0.0,2.0,1.0,2.0,B01
201800008354,1.0,30,0,0.0,1.0,8.0,17.0,Z01
201800008355,2.0,14,0,0.0,1.0,1.0,1.0,A01
201800008356,1.0,31,0,0.0,2.0,2.0,1.0,B01
201800008356,1.0,10,0,0.0,2.0,3.0,13.0,A01
201800008357,1.0,7,0,0.0,1.0,5.0,1.0,A01
201800008358,1.0,7,0,0.0,2.0,6.0,2.0,B01
201800008358,1.0,7,0,0.0,2.0,2.0,2.0,A01
201800008359,1.0,7,0,0.0,1.0,1.0,1.0,A01
201800008360,2.0,7,0,0.0,2.0,3.0,15.0,A01
201800008360,1.0,31,0,0.0,2.0,3.0,2.0,B01
201800008361,1.0,10,0,0.0,1.0,4.0,4.0,A01
201800008362,1.0,33,0,0.0,2.0,1.0,17.0,A01
201800008362,1.0,7,0,0.0,2.0,8.0,15.0,B01
201800008363,2.0,34,0,0.0,1.0,1.0,2.0,A01
201800008364,1.0,7,0,0.0,1.0,1.0,1.0,A01
201800008365,2.0,2,0,0.0,2.0,0.0,21.0,A01
201800008366,1.0,10,0,0.0,2.0,6.0,1.0,B01
201800008366,1.0,7,0,0.0,2.0,1.0,1.0,A01
201800008367,1.0,14,0,0.0,1.0,7.0,1.0,A01
201800008368,2.0,7,0,0.0,2.0,4.0,23.0,B01
201800008368,2.0,7,0,0.0,2.0,1.0,2.0,A01
201800008369,2.0,7,0,0.0,1.0,2.0,1.0,A01
201800008370,2.0,31,0,0.0,2.0,3.0,1.0,B01
201800008370,1.0,7,0,0.0,2.0,3.0,15.0,A01
201800008371,2.0,7,0,0.0,2.0,3.0,1.0,B01
201800008371,1.0,7,0,0.0,2.0,3.0,15.0,A01
201800008372,1.0,33,0,0.0,2.0,8.0,13.0,A01
201800008372,2.0,10,0,0.0,2.0,3.0,1.0,B01
201800008373,1.0,37,0,0.0,1.0,2.0,13.0,A01
201800008374,1.0,7,0,0.0,2.0,1.0,1.0,Z01
201800008374,1.0,7,0,0.0,2.0,4.0,1.0,B01
201800008375,1.0,7,0,0.0,2.0,1.0,1.0,A01
201800008375,1.0,7,0,0.0,2.0,5.0,16.0,B01
201800008376,1.0,7,0,8.0,0.0,2.0,14.0,A01
201800008377,1.0,37,0,0.0,1.0,3.0,1.0,A01
201800008378,1.0,7,0,0.0,2.0,2.0,19.0,B01
201800008378,1.0,31,0,0.0,2.0,1.0,1.0,A01
201800008379,2.0,1,0,0.0,2.0,7.0,1.0,B01
201800008379,2.0,7,0,0.0,9.0,1.0,19.0,A01
201800008380,1.0,7,0,0.0,2.0,8.0,1.0,A01
201800008380,2.0,33,0,0.0,2.0,1.0,1.0,B01
201800008381,2.0,7,0,9.0,1.0,1.0,21.0,A01
201800008382,1.0,7,0,0.0,2.0,0.0,0.0,B01
201800008382,1.0,33,0,0.0,2.0,0.0,0.0,A01
201800008383,1.0,7,0,0.0,2.0,7.0,1.0,B01
201800008383,1.0,7,0,0.0,2.0,1.0,1.0,A01
201800008384,1.0,10,0,0.0,2.0,4.0,2.0,B01
201800008384,1.0,30,0,0.0,2.0,1.0,2.0,A01
201800008385,1.0,7,0,0.0,2.0,2.0,15.0,B01
201800008385,1.0,31,0,0.0,2.0,1.0,1.0,A01
201800008386,1.0,7,0,0.0,1.0,2.0,15.0,A01
201800008387,2.0,7,0,0.0,2.0,4.0,2.0,C01
201800008387,2.0,34,0,0.0,2.0,0.0,1.0,D01
201800008387,2.0,34,0,14.0,0.0,1.0,1.0,A01
201800008387,2.0,15,0,0.0,2.0,1.0,2.0,B01
201800008388,1.0,31,0,0.0,2.0,4.0,7.0,B01
201800008388,1.0,37,0,0.0,2.0,1.0,7.0,A01
201800008389,2.0,7,0,0.0,2.0,0.0,0.0,Z01
201800008389,1.0,30,0,0.0,2.0,1.0,0.0,A01
201800008390,2.0,30,0,0.0,0.0,7.0,1.0,A01
201800008391,1.0,7,0,0.0,1.0,4.0,4.0,A01
201800008392,2.0,33,0,0.0,2.0,1.0,1.0,B01
201800008392,1.0,7,0,0.0,2.0,7.0,19.0,A01
201800008393,1.0,7,0,0.0,2.0,3.0,15.0,B01
201800008393,1.0,30,0,0.0,2.0,2.0,17.0,A01
201800008394,2.0,7,0,0.0,2.0,1.0,9.0,Z01
201800008394,1.0,7,0,0.0,2.0,2.0,1.0,A01
201800008395,1.0,10,0,0.0,2.0,1.0,2.0,A01
201800008395,1.0,7,0,0.0,2.0,4.0,2.0,C01
201800008395,1.0,7,0,0.0,2.0,9.0,2.0,B01
201800008396,2.0,7,0,0.0,2.0,6.0,1.0,C01
201800008396,2.0,7,0,0.0,2.0,3.0,1.0,A01
201800008396,2.0,33,0,0.0,2.0,4.0,0.0,B01
201800008397,1.0,7,0,0.0,2.0,2.0,15.0,A01
201800008397,1.0,33,0,0.0,2.0,1.0,2.0,B01
201800008398,2.0,37,0,0.0,1.0,2.0,7.0,A01
201800008399,2.0,30,0,0.0,1.0,1.0,0.0,Z01
201800008400,1.0,7,0,2.0,0.0,7.0,1.0,A01
201800008401,1.0,7,0,0.0,2.0,5.0,15.0,B01
201800008401,1.0,33,0,0.0,2.0,7.0,17.0,A01
201800008402,2.0,7,0,0.0,2.0,8.0,1.0,B01
201800008402,2.0,31,0,0.0,2.0,1.0,1.0,A01
201800008403,1.0,7,0,0.0,1.0,7.0,1.0,A01
201800008404,2.0,10,0,4.0,0.0,1.0,16.0,A01
201800008405,2.0,7,0,0.0,2.0,1.0,15.0,A01
201800008405,2.0,7,0,0.0,2.0,3.0,1.0,B01
201800008406,1.0,13,0,0.0,2.0,1.0,19.0,A01
201800008406,1.0,7,0,8.0,2.0,3.0,19.0,B01
201800008407,0.0,7,0,13.0,0.0,1.0,1.0,A01
201800008408,0.0,32,0,0.0,1.0,1.0,0.0,A01
201800008409,2.0,7,0,1.0,0.0,1.0,1.0,A01
201800008410,1.0,7,0,0.0,2.0,0.0,0.0,A01
201800008410,1.0,7,0,0.0,2.0,4.0,1.0,B01
201800008411,1.0,7,0,0.0,1.0,1.0,17.0,A01
201800008412,1.0,7,0,0.0,2.0,4.0,2.0,B01
201800008412,1.0,7,0,0.0,2.0,1.0,1.0,A01
201800008413,1.0,31,0,0.0,1.0,7.0,19.0,A01
201800008414,2.0,7,0,0.0,1.0,1.0,0.0,Z01
201800008415,1.0,7,0,0.0,2.0,1.0,2.0,A01
201800008415,1.0,7,0,0.0,2.0,4.0,2.0,B01
201800008416,2.0,7,0,0.0,2.0,1.0,15.0,A01
201800008416,1.0,31,0,0.0,2.0,3.0,1.0,B01
201800008417,2.0,7,0,0.0,2.0,1.0,9.0,A01
201800008417,1.0,33,0,0.0,2.0,7.0,1.0,B01
201800008418,2.0,7,0,0.0,1.0,1.0,17.0,A01
201800008419,2.0,7,0,11.0,0.0,3.0,1.0,A01
201800008420,1.0,7,0,0.0,2.0,3.0,2.0,B01
201800008420,1.0,31,0,0.0,2.0,1.0,16.0,A01
201800008421,1.0,7,0,0.0,2.0,2.0,2.0,B01
201800008421,1.0,7,0,1.0,2.0,1.0,9.0,A01
201800008422,2.0,7,0,0.0,1.0,1.0,16.0,A01
201800008423,2.0,7,0,0.0,2.0,4.0,1.0,C01
201800008423,2.0,7,0,0.0,2.0,4.0,1.0,B01
201800008423,2.0,7,0,0.0,2.0,1.0,1.0,A01
201800008424,1.0,30,0,0.0,2.0,2.0,17.0,A01
201800008424,1.0,7,0,0.0,2.0,3.0,2.0,B01
201800008425,1.0,7,0,0.0,2.0,3.0,16.0,B01
201800008425,1.0,7,0,6.0,2.0,5.0,2.0,A01
201800008426,1.0,31,0,0.0,2.0,4.0,1.0,B01
201800008426,1.0,32,0,0.0,2.0,1.0,0.0,A01
201800008427,2.0,7,0,0.0,2.0,0.0,0.0,Z01
201800008427,2.0,33,0,0.0,2.0,0.0,2.0,A01
201800008428,2.0,7,0,0.0,1.0,1.0,1.0,A01
201800008429,1.0,7,0,0.0,2.0,1.0,1.0,B01
201800008429,1.0,10,0,0.0,2.0,7.0,1.0,A01
201800008430,1.0,7,0,0.0,1.0,1.0,0.0,Z01
201800008431,1.0,31,0,0.0,2.0,1.0,1.0,B01
201800008431,2.0,7,0,0.0,2.0,2.0,1.0,A01
201800008432,1.0,10,0,0.0,2.0,3.0,11.0,A01
201800008432,1.0,31,0,0.0,2.0,7.0,2.0,B01
201800008433,1.0,7,0,0.0,9.0,5.0,2.0,B01
201800008433,1.0,31,0,0.0,2.0,1.0,2.0,A01
201800008434,1.0,7,0,0.0,1.0,2.0,17.0,Z01
201800008435,2.0,7,0,0.0,2.0,7.0,1.0,B01
201800008435,2.0,38,0,0.0,2.0,3.0,15.0,A01
201800008436,1.0,7,0,0.0,1.0,1.0,15.0,A01
201800008437,2.0,33,0,0.0,2.0,1.0,17.0,B01
201800008437,2.0,7,0,0.0,2.0,6.0,13.0,A01
201800008438,2.0,7,0,0.0,0.0,0.0,12.0,Z01
201800008438,2.0,33,0,0.0,2.0,0.0,2.0,B01
201800008439,1.0,7,0,0.0,2.0,1.0,19.0,A01
201800008439,1.0,7,0,0.0,2.0,6.0,1.0,B01
201800008439,2.0,7,0,6.0,2.0,1.0,1.0,C01
201800008440,2.0,2,0,0.0,2.0,3.0,1.0,A01
201800008440,2.0,7,0,0.0,2.0,2.0,16.0,B01
201800008441,1.0,7,0,0.0,2.0,6.0,24.0,C01
201800008441,1.0,7,0,0.0,2.0,6.0,24.0,B01
201800008441,1.0,7,0,1.0,0.0,3.0,2.0,A01
201800008442,1.0,7,0,0.0,2.0,8.0,13.0,A01
201800008442,1.0,31,0,0.0,2.0,7.0,2.0,B01
201800008443,2.0,7,0,0.0,2.0,4.0,2.0,B01
201800008443,2.0,7,0,0.0,2.0,1.0,2.0,A01
201800008444,2.0,33,0,0.0,1.0,1.0,1.0,A01
201800008445,1.0,10,0,0.0,2.0,3.0,1.0,B01
201800008445,1.0,7,0,0.0,2.0,1.0,1.0,A01
201800008446,2.0,31,0,0.0,2.0,1.0,1.0,B01
201800008446,2.0,7,0,0.0,2.0,3.0,9.0,A01
201800008447,2.0,7,0,0.0,2.0,4.0,2.0,C01
201800008447,2.0,7,0,0.0,2.0,4.0,23.0,B01
201800008447,2.0,7,0,0.0,2.0,1.0,2.0,A01
201800008448,1.0,7,0,0.0,2.0,1.0,1.0,Z01
201800008448,2.0,34,0,0.0,2.0,0.0,21.0,C01
201800008448,2.0,31,0,0.0,2.0,8.0,21.0,B01
201800008449,1.0,2,0,0.0,2.0,2.0,17.0,B01
201800008449,1.0,7,0,0.0,9.0,6.0,15.0,A01
201800008450,1.0,7,0,0.0,1.0,1.0,0.0,A01
201800008451,1.0,7,0,0.0,2.0,4.0,1.0,A01
201800008451,1.0,34,0,0.0,2.0,4.0,23.0,B01
201800008452,1.0,7,0,0.0,1.0,6.0,1.0,A01
201800008453,1.0,10,0,0.0,2.0,5.0,1.0,A01
201800008453,1.0,7,0,0.0,2.0,1.0,1.0,B01
201800008454,1.0,37,0,0.0,1.0,1.0,1.0,A01
201800008455,2.0,33,0,0.0,2.0,1.0,1.0,B01
201800008455,2.0,7,0,0.0,2.0,4.0,15.0,A01
201800008456,1.0,7,0,0.0,2.0,2.0,0.0,B01
201800008456,1.0,7,0,0.0,2.0,3.0,20.0,A01
201800008457,1.0,7,0,6.0,0.0,1.0,14.0,A01
201800008458,1.0,7,0,4.0,0.0,9.0,15.0,A01
201800008459,2.0,31,0,0.0,2.0,8.0,1.0,B01
201800008459,1.0,7,0,0.0,2.0,1.0,15.0,A01
201800008460,1.0,7,0,0.0,1.0,2.0,17.0,A01
201800008461,1.0,14,0,0.0,2.0,1.0,2.0,B01
201800008461,1.0,7,0,0.0,2.0,3.0,16.0,A01
201800008462,1.0,30,0,0.0,2.0,8.0,11.0,A01
201800008462,1.0,7,0,0.0,2.0,8.0,1.0,C01
201800008462,1.0,7,0,0.0,2.0,7.0,1.0,B01
201800008463,1.0,30,0,0.0,9.0,7.0,7.0,A01
201800008464,1.0,99,0,0.0,1.0,0.0,1.0,Z01
201800008465,1.0,7,0,0.0,1.0,2.0,1.0,A01
201800008466,2.0,31,0,0.0,2.0,1.0,1.0,B01
201800008466,1.0,7,0,0.0,2.0,3.0,15.0,A01
201800008467,1.0,14,0,0.0,2.0,1.0,1.0,Z01
201800008467,1.0,37,6,0.0,2.0,3.0,1.0,B01
201800008467,1.0,30,0,0.0,2.0,1.0,17.0,A01
201800008468,2.0,33,0,0.0,2.0,4.0,1.0,B01
201800008468,2.0,7,0,0.0,2.0,1.0,1.0,A01
201800008469,1.0,7,0,0.0,1.0,1.0,15.0,A01
201800008470,1.0,7,0,0.0,2.0,1.0,15.0,Z01
201800008470,1.0,34,0,0.0,2.0,1.0,1.0,B01
201800008471,2.0,7,0,0.0,2.0,6.0,15.0,B01
201800008471,2.0,30,0,0.0,2.0,1.0,1.0,A01
201800008472,1.0,7,0,1.0,1.0,1.0,1.0,A01