Num_Acc,senc,catv,occutc,obs,obsm,choc,manv,num_veh
201800008724,1.0,32,0,0.0,2.0,4.0,2.0,B01
201800008725,2.0,7,0,0.0,2.0,3.0,1.0,B01
201800008725,1.0,7,0,0.0,2.0,5.0,9.0,A01
201800008726,1.0,7,0,0.0,2.0,3.0,1.0,B01
201800008726,2.0,7,0,0.0,2.0,3.0,13.0,A01
201800008727,2.0,7,0,0.0,1.0,2.0,16.0,A01
201800008728,2.0,7,0,0.0,2.0,3.0,15.0,A01
201800008728,2.0,2,0,0.0,2.0,2.0,17.0,B01
201800008729,1.0,31,0,0.0,2.0,1.0,1.0,B01
201800008729,2.0,7,0,0.0,2.0,8.0,15.0,A01
201800008730,2.0,7,0,0.0,2.0,3.0,2.0,B01
201800008730,1.0,7,0,0.0,2.0,2.0,1.0,A01
201800008731,1.0,7,0,0.0,2.0,3.0,16.0,A01
201800008731,1.0,7,0,0.0,2.0,3.0,0.0,B01
201800008732,1.0,7,0,0.0,2.0,8.0,2.0,C01
201800008732,1.0,7,0,0.0,2.0,6.0,2.0,B01
201800008732,1.0,30,0,0.0,2.0,1.0,2.0,A01
201800008733,1.0,2,0,0.0,2.0,2.0,9.0,A01
201800008733,2.0,30,0,0.0,2.0,3.0,1.0,B01
201800008734,2.0,10,0,0.0,2.0,1.0,1.0,A01
201800008734,2.0,7,0,0.0,2.0,4.0,1.0,B01
201800008735,2.0,7,0,0.0,2.0,4.0,23.0,B01
201800008735,2.0,3,0,0.0,2.0,1.0,2.0,A01
201800008736,1.0,7,0,0.0,2.0,2.0,15.0,A01
201800008736,1.0,33,0,0.0,2.0,7.0,0.0,B01
201800008737,2.0,7,0,0.0,2.0,1.0,15.0,B01
201800008737,1.0,34,0,0.0,2.0,1.0,3.0,A01
201800008738,1.0,7,0,0.0,2.0,4.0,23.0,C01
201800008738,1.0,7,0,0.0,2.0,1.0,23.0,B01
201800008738,1.0,7,0,0.0,2.0,1.0,2.0,A01
201800008739,1.0,7,0,0.0,2.0,1.0,7.0,Z01
201800008739,1.0,1,0,0.0,2.0,1.0,19.0,B01
201800008740,1.0,33,0,0.0,2.0,1.0,2.0,A01
201800008740,1.0,7,0,0.0,2.0,6.0,2.0,B01
201800008741,2.0,7,0,0.0,1.0,2.0,17.0,A01
201800008742,1.0,7,0,0.0,2.0,1.0,24.0,A01
201800008742,2.0,30,0,0.0,2.0,1.0,2.0,B01
201800008743,1.0,30,0,0.0,2.0,8.0,2.0,A01
201800008743,1.0,7,0,0.0,2.0,2.0,1.0,B01
201800008744,1.0,7,0,0.0,2.0,1.0,19.0,B01
201800008744,2.0,7,0,0.0,2.0,1.0,19.0,A01
201800008745,2.0,7,0,0.0,1.0,1.0,1.0,A01
201800008746,2.0,7,0,0.0,2.0,3.0,15.0,A01
201800008746,1.0,10,0,0.0,2.0,2.0,12.0,Z01
201800008747,1.0,7,0,0.0,2.0,3.0,13.0,A01
201800008747,1.0,7,0,0.0,2.0,6.0,1.0,B01
201800008748,1.0,30,0,12.0,0.0,0.0,15.0,A01
201800008749,2.0,7,0,0.0,2.0,8.0,1.0,A01
201800008749,1.0,10,0,0.0,2.0,8.0,0.0,Z01
201800008750,1.0,33,0,0.0,1.0,1.0,0.0,A01
201800008751,2.0,34,0,0.0,2.0,1.0,21.0,B01
201800008751,2.0,7,0,0.0,2.0,4.0,2.0,A01
201800008752,1.0,7,0,0.0,1.0,1.0,9.0,A01
201800008753,1.0,7,0,0.0,2.0,2.0,15.0,Z01
201800008753,2.0,33,0,0.0,2.0,1.0,1.0,A01
201800008754,1.0,34,0,0.0,2.0,4.0,2.0,B01
201800008754,1.0,10,0,0.0,2.0,4.0,2.0,Z01
201800008755,1.0,32,0,0.0,2.0,1.0,21.0,B01
201800008755,2.0,7,0,0.0,2.0,1.0,15.0,A01
201800008756,2.0,7,0,0.0,0.0,7.0,1.0,A01
201800008757,2.0,7,0,0.0,2.0,7.0,15.0,Z01
201800008757,1.0,33,0,0.0,2.0,1.0,1.0,B01
201800008758,1.0,7,0,0.0,2.0,2.0,2.0,A01
201800008758,1.0,7,0,0.0,2.0,6.0,24.0,B01
201800008759,1.0,7,0,0.0,2.0,1.0,2.0,A01
201800008759,1.0,7,0,0.0,2.0,4.0,23.0,B01
201800008760,2.0,7,0,0.0,2.0,4.0,1.0,B01
201800008760,2.0,33,0,0.0,2.0,1.0,2.0,A01
201800008761,2.0,7,0,13.0,0.0,7.0,1.0,A01
201800008762,1.0,1,0,0.0,2.0,2.0,1.0,B01
201800008762,2.0,7,0,0.0,9.0,3.0,9.0,A01
201800008763,1.0,7,0,0.0,2.0,6.0,13.0,A01
201800008763,1.0,33,0,0.0,2.0,1.0,17.0,B01
201800008764,1.0,30,0,0.0,2.0,7.0,1.0,B01
201800008764,1.0,7,0,0.0,2.0,1.0,19.0,A01
201800008765,2.0,30,0,0.0,2.0,6.0,0.0,B01
201800008765,1.0,7,0,0.0,2.0,3.0,0.0,A01
201800008766,1.0,7,0,0.0,2.0,4.0,2.0,B01
201800008766,1.0,7,0,0.0,2.0,1.0,2.0,A01
201800008767,1.0,7,0,0.0,2.0,2.0,15.0,A01
201800008767,1.0,33,0,0.0,2.0,1.0,17.0,B01
201800008768,2.0,33,0,1.0,0.0,1.0,12.0,A01
201800008769,2.0,7,0,0.0,2.0,4.0,2.0,B01
201800008769,2.0,7,0,0.0,2.0,1.0,2.0,A01
201800008769,2.0,7,0,0.0,2.0,4.0,2.0,C01
201800008770,1.0,7,0,0.0,2.0,3.0,15.0,A01
201800008770,0.0,37,59,0.0,2.0,3.0,16.0,B01
201800008771,0.0,30,0,0.0,2.0,1.0,12.0,A01
201800008771,2.0,7,0,0.0,2.0,7.0,12.0,B01
201800008772,2.0,7,0,1.0,0.0,2.0,1.0,A01
201800008773,1.0,30,0,8.0,0.0,8.0,1.0,A01
201800008774,1.0,7,0,0.0,2.0,3.0,0.0,B01
201800008774,1.0,7,0,0.0,2.0,1.0,0.0,A01
201800008775,2.0,32,0,0.0,2.0,5.0,15.0,B01
201800008775,2.0,7,0,0.0,2.0,8.0,15.0,Z01
201800008776,2.0,7,0,1.0,0.0,2.0,1.0,A01
201800008777,2.0,7,0,0.0,2.0,3.0,10.0,B01
201800008777,2.0,2,0,0.0,2.0,1.0,17.0,A01
201800008778,2.0,10,0,0.0,2.0,1.0,13.0,B01
201800008778,1.0,37,0,0.0,2.0,3.0,1.0,A01
201800008779,2.0,7,0,0.0,6.0,3.0,2.0,A01
201800008779,2.0,1,0,0.0,2.0,4.0,2.0,B01
201800008780,1.0,37,15,0.0,2.0,3.0,1.0,A01
201800008780,1.0,14,0,0.0,2.0,2.0,14.0,Z01
201800008781,2.0,7,0,0.0,2.0,3.0,19.0,A01
201800008781,2.0,37,44,0.0,2.0,1.0,1.0,B01
201800008782,1.0,7,0,0.0,1.0,2.0,2.0,A01
201800008783,1.0,7,0,0.0,2.0,1.0,15.0,A01
201800008783,2.0,2,0,0.0,2.0,8.0,1.0,B01
201800008784,1.0,7,0,0.0,2.0,4.0,2.0,A01
201800008784,1.0,7,0,0.0,2.0,1.0,2.0,Z01
201800008785,1.0,34,0,0.0,0.0,8.0,23.0,A01
201800008786,1.0,7,0,0.0,2.0,3.0,9.0,Z01
201800008786,1.0,34,0,0.0,2.0,3.0,1.0,B01
201800008787,1.0,7,0,0.0,2.0,7.0,1.0,Z01
201800008787,1.0,31,0,0.0,2.0,1.0,1.0,B01
201800008788,1.0,7,0,0.0,2.0,1.0,2.0,Z01
201800008788,1.0,7,0,0.0,2.0,4.0,23.0,B01
201800008789,2.0,10,0,0.0,2.0,4.0,4.0,Z01
201800008789,2.0,34,0,0.0,2.0,1.0,23.0,B01
201800008790,1.0,1,0,0.0,2.0,8.0,21.0,A01
201800008790,2.0,7,0,0.0,2.0,6.0,1.0,B01
201800008791,1.0,7,0,0.0,1.0,2.0,1.0,A01
201800008792,1.0,7,0,0.0,2.0,7.0,23.0,B01
201800008792,1.0,2,0,0.0,2.0,7.0,21.0,A01
201800008793,0.0,1,0,0.0,2.0,8.0,2.0,B01
201800008793,0.0,15,0,0.0,2.0,7.0,9.0,A01
201800008794,1.0,7,0,0.0,1.0,3.0,1.0,A01
201800008795,2.0,7,0,0.0,2.0,6.0,1.0,B01
201800008795,2.0,7,0,0.0,2.0,1.0,1.0,A01
201800008796,1.0,2,0,0.0,2.0,1.0,1.0,B01
201800008796,2.0,7,0,0.0,2.0,2.0,15.0,Z01
201800008797,2.0,99,0,0.0,2.0,0.0,0.0,Z01
201800008797,1.0,32,0,0.0,2.0,0.0,0.0,A01
201800008798,1.0,7,0,0.0,1.0,2.0,0.0,A01
201800008798,1.0,99,0,0.0,0.0,0.0,0.0,Z01
201800008799,1.0,7,0,0.0,2.0,6.0,2.0,A01
201800008799,2.0,7,0,0.0,2.0,0.0,2.0,Z01
201800008800,1.0,7,0,0.0,2.0,8.0,15.0,B01
201800008800,1.0,7,0,8.0,2.0,1.0,17.0,A01
201800008801,2.0,10,0,0.0,2.0,3.0,2.0,B01
201800008801,1.0,7,0,0.0,2.0,3.0,2.0,A01
201800008802,2.0,33,0,1.0,0.0,3.0,1.0,A01
201800008803,2.0,7,0,0.0,2.0,3.0,10.0,A01
201800008803,2.0,32,0,0.0,2.0,1.0,2.0,B01
201800008804,1.0,2,0,1.0,2.0,3.0,18.0,A01
201800008804,1.0,10,0,0.0,2.0,5.0,1.0,B01
201800008805,1.0,1,0,0.0,2.0,7.0,2.0,A01
201800008805,1.0,7,0,0.0,2.0,8.0,0.0,Z01
201800008806,1.0,7,0,0.0,2.0,6.0,1.0,A01
201800008806,1.0,7,0,0.0,2.0,1.0,1.0,B01
201800008807,1.0,7,0,0.0,2.0,0.0,21.0,C01
201800008807,2.0,34,0,0.0,2.0,1.0,3.0,A01
201800008807,2.0,7,0,0.0,2.0,6.0,2.0,B01
201800008808,2.0,1,0,0.0,1.0,1.0,3.0,A01
201800008809,1.0,7,0,0.0,2.0,2.0,2.0,B01
201800008809,2.0,7,0,1.0,0.0,3.0,9.0,A01
201800008810,2.0,7,0,0.0,1.0,3.0,1.0,A01
201800008811,2.0,7,0,0.0,2.0,4.0,2.0,B01
201800008811,2.0,30,0,0.0,2.0,1.0,2.0,A01
201800008812,2.0,33,0,0.0,1.0,1.0,2.0,A01
201800008813,1.0,7,0,0.0,2.0,3.0,15.0,B01
201800008813,1.0,32,0,0.0,2.0,1.0,1.0,A01
201800008814,1.0,7,0,1.0,1.0,3.0,14.0,A01
201800008815,2.0,7,0,0.0,2.0,1.0,0.0,A01
201800008815,1.0,13,0,0.0,2.0,4.0,23.0,B01
201800008816,1.0,7,0,1.0,2.0,8.0,9.0,A01
201800008816,1.0,7,0,1.0,2.0,1.0,1.0,B01
201800008817,2.0,7,0,0.0,2.0,1.0,1.0,A01
201800008817,2.0,7,0,0.0,2.0,4.0,23.0,B01
201800008818,2.0,7,0,0.0,2.0,5.0,2.0,B01
201800008818,2.0,7,0,0.0,2.0,1.0,2.0,A01
201800008819,1.0,7,0,0.0,2.0,4.0,23.0,B01
201800008819,1.0,10,0,0.0,2.0,6.0,16.0,C01
201800008819,1.0,7,0,0.0,2.0,1.0,2.0,A01
201800008820,0.0,10,0,6.0,0.0,2.0,1.0,A01
201800008821,2.0,7,0,1.0,0.0,1.0,19.0,A01
201800008821,0.0,7,0,0.0,2.0,1.0,19.0,B01
201800008822,1.0,7,0,6.0,0.0,1.0,1.0,A01
201800008823,1.0,7,0,0.0,1.0,3.0,21.0,A01
201800008824,2.0,37,45,0.0,2.0,2.0,7.0,B01
201800008824,2.0,7,0,0.0,2.0,3.0,15.0,A01
201800008825,2.0,7,0,0.0,2.0,8.0,10.0,Z01
201800008825,2.0,32,0,0.0,2.0,1.0,17.0,B01
201800008826,0.0,7,0,0.0,2.0,8.0,2.0,B01
201800008826,0.0,7,0,0.0,2.0,1.0,13.0,A01
201800008827,1.0,7,0,0.0,1.0,5.0,1.0,A01
201800008828,2.0,7,0,0.0,2.0,6.0,15.0,B01
201800008828,2.0,30,0,0.0,2.0,1.0,17.0,A01
201800008829,2.0,3,0,0.0,2.0,3.0,15.0,A01
201800008829,2.0,2,0,0.0,2.0,1.0,1.0,B01
201800008830,1.0,10,0,2.0,0.0,1.0,1.0,A01
201800008831,2.0,10,0,0.0,2.0,5.0,1.0,A01
201800008831,2.0,32,0,0.0,2.0,1.0,1.0,B01
201800008832,1.0,7,0,0.0,2.0,1.0,0.0,A01
201800008832,1.0,33,0,0.0,2.0,4.0,0.0,B01
201800008833,2.0,2,0,0.0,2.0,1.0,1.0,B01
201800008833,2.0,7,0,0.0,2.0,8.0,19.0,A01
201800008834,1.0,7,0,0.0,2.0,0.0,15.0,Z01
201800008834,2.0,2,0,0.0,2.0,1.0,1.0,B01
201800008835,2.0,37,20,0.0,2.0,3.0,1.0,B01
201800008835,2.0,7,0,0.0,2.0,2.0,15.0,A01
201800008835,2.0,7,0,0.0,2.0,5.0,1.0,C01
201800008836,1.0,13,0,0.0,2.0,1.0,0.0,A01
201800008836,1.0,7,0,0.0,2.0,6.0,19.0,B01
201800008837,1.0,2,0,0.0,2.0,1.0,1.0,B01
201800008837,1.0,7,0,0.0,2.0,2.0,1.0,A01
201800008838,1.0,10,0,0.0,2.0,1.0,15.0,A01
201800008838,2.0,30,0,0.0,2.0,1.0,1.0,B01
201800008839,1.0,7,0,0.0,2.0,1.0,2.0,Z01
201800008839,2.0,7,0,0.0,2.0,4.0,2.0,B01
201800008840,1.0,7,0,0.0,2.0,1.0,19.0,A01
201800008840,1.0,30,0,0.0,2.0,1.0,19.0,B01
201800008841,2.0,7,0,0.0,1.0,1.0,1.0,A01
201800008842,1.0,7,0,8.0,0.0,8.0,2.0,B01
201800008842,1.0,7,0,0.0,2.0,8.0,15.0,A01
201800008843,0.0,7,0,0.0,2.0,4.0,15.0,B01
201800008843,0.0,2,0,0.0,2.0,1.0,2.0,A01
201800008844,2.0,7,0,0.0,2.0,4.0,2.0,B01
201800008844,1.0,7,0,0.0,2.0,1.0,2.0,A01
201800008845,1.0,7,0,0.0,1.0,3.0,15.0,A01
201800008846,2.0,7,0,0.0,2.0,6.0,2.0,B01
201800008846,2.0,30,0,0.0,2.0,1.0,2.0,A01
201800008847,1.0,15,0,0.0,2.0,6.0,1.0,B01
201800008847,1.0,15,0,0.0,2.0,1.0,13.0,A01
201800008847,2.0,37,44,0.0,2.0,3.0,1.0,C01
201800008848,2.0,7,0,0.0,2.0,8.0,1.0,B01
201800008848,1.0,30,0,0.0,2.0,1.0,19.0,A01
201800008849,2.0,7,0,0.0,2.0,1.0,5.0,Z01
201800008849,1.0,32,0,0.0,2.0,1.0,1.0,A01
201800008850,2.0,7,0,0.0,2.0,2.0,15.0,A01
201800008850,1.0,34,0,0.0,2.0,1.0,1.0,B01
201800008851,0.0,7,0,0.0,2.0,8.0,15.0,B01
201800008851,0.0,2,0,0.0,2.0,1.0,17.0,A01
201800008852,2.0,34,0,12.0,0.0,1.0,0.0,A01
201800008853,2.0,7,0,0.0,2.0,0.0,0.0,Z01
201800008853,2.0,7,0,0.0,2.0,3.0,24.0,A01
201800008854,2.0,7,0,0.0,2.0,2.0,17.0,B01
201800008854,2.0,10,0,0.0,2.0,3.0,15.0,A01
201800008855,0.0,7,0,0.0,2.0,7.0,11.0,A01
201800008855,2.0,2,0,0.0,2.0,1.0,1.0,B01
201800008856,2.0,7,0,0.0,2.0,0.0,9.0,Z01
201800008856,1.0,30,0,0.0,2.0,1.0,0.0,B01
201800008857,2.0,7,0,0.0,2.0,1.0,1.0,Z01
201800008857,1.0,7,0,0.0,2.0,7.0,15.0,B01
201800008858,1.0,7,0,1.0,2.0,1.0,1.0,A01
201800008858,1.0,7,0,0.0,2.0,4.0,1.0,B01
201800008859,1.0,7,0,0.0,1.0,1.0,1.0,A01
201800008860,1.0,30,0,0.0,2.0,3.0,2.0,B01
201800008860,1.0,7,0,0.0,2.0,2.0,2.0,A01
201800008861,1.0,31,0,0.0,2.0,1.0,9.0,Z01
201800008861,1.0,10,0,11.0,2.0,0.0,16.0,A01
201800008862,1.0,7,0,0.0,2.0,1.0,1.0,A01
201800008862,2.0,7,0,0.0,2.0,5.0,1.0,B01
201800008863,1.0,7,0,0.0,2.0,8.0,0.0,B01
201800008863,2.0,7,0,0.0,2.0,2.0,0.0,A01
201800008864,0.0,33,0,0.0,2.0,5.0,0.0,B01
201800008864,2.0,7,0,0.0,2.0,1.0,0.0,A01
201800008865,2.0,7,0,0.0,2.0,1.0,2.0,A01
201800008865,2.0,10,0,8.0,2.0,4.0,2.0,B01
201800008866,2.0,33,0,0.0,2.0,1.0,1.0,B01
201800008866,1.0,7,0,0.0,2.0,1.0,9.0,A01
201800008867,0.0,7,0,0.0,2.0,5.0,9.0,B01
201800008867,0.0,7,0,0.0,2.0,3.0,1.0,A01
201800008868,1.0,33,0,0.0,1.0,1.0,1.0,A01
201800008869,1.0,7,0,0.0,2.0,2.0,16.0,B01
201800008869,1.0,34,0,1.0,2.0,1.0,7.0,A01
201800008870,2.0,7,0,0.0,2.0,3.0,13.0,A01
201800008870,1.0,7,0,8.0,2.0,8.0,1.0,B01
201800008871,1.0,33,0,0.0,1.0,1.0,1.0,A01
201800008872,2.0,7,0,2.0,0.0,0.0,0.0,A01
201800008873,2.0,7,0,0.0,2.0,0.0,0.0,B01
201800008873,2.0,7,0,0.0,2.0,2.0,8.0,A01
201800008874,0.0,32,0,0.0,0.0,0.0,0.0,B01
201800008874,1.0,10,0,0.0,2.0,1.0,15.0,A01
201800008875,2.0,7,0,12.0,0.0,7.0,1.0,A01
201800008876,1.0,7,0,0.0,2.0,3.0,0.0,B01
201800008876,1.0,15,0,0.0,2.0,1.0,10.0,A01
201800008877,2.0,7,0,0.0,2.0,3.0,15.0,A01
201800008877,2.0,33,0,1.0,2.0,1.0,17.0,B01
201800008878,1.0,7,0,0.0,1.0,4.0,2.0,A01
201800008879,2.0,7,0,0.0,2.0,3.0,9.0,B01
201800008879,1.0,30,0,0.0,2.0,1.0,3.0,A01
201800008880,2.0,7,0,0.0,2.0,3.0,2.0,A01
201800008880,2.0,7,0,0.0,2.0,6.0,2.0,B01
201800008881,1.0,33,0,0.0,2.0,1.0,1.0,B01
201800008881,1.0,7,0,0.0,2.0,8.0,13.0,A01
201800008882,2.0,13,0,0.0,2.0,3.0,20.0,B01
201800008882,2.0,7,0,0.0,2.0,2.0,2.0,A01
201800008883,2.0,7,0,0.0,2.0,7.0,12.0,A01
201800008883,2.0,32,0,0.0,2.0,8.0,18.0,B01
201800008884,0.0,7,0,0.0,2.0,0.0,0.0,Z01
201800008884,0.0,30,0,0.0,2.0,5.0,2.0,A01
201800008885,2.0,7,0,6.0,0.0,1.0,13.0,A01
201800008886,2.0,30,0,0.0,2.0,1.0,1.0,B01
201800008886,0.0,7,0,0.0,2.0,3.0,15.0,A01
201800008887,2.0,1,0,0.0,2.0,1.0,5.0,A01
201800008887,1.0,32,0,0.0,2.0,1.0,2.0,B01
201800008888,1.0,7,0,0.0,1.0,2.0,1.0,A01
201800008889,2.0,33,0,0.0,2.0,1.0,1.0,B01
201800008889,1.0,7,0,0.0,2.0,7.0,15.0,A01
201800008890,0.0,33,0,0.0,2.0,0.0,0.0,B01
201800008890,1.0,7,0,0.0,2.0,0.0,0.0,A01
201800008891,1.0,7,0,0.0,2.0,2.0,2.0,A01
201800008891,1.0,7,0,0.0,2.0,8.0,15.0,B01
201800008892,1.0,7,0,0.0,2.0,1.0,2.0,A01
201800008892,1.0,7,0,0.0,2.0,4.0,2.0,B01
201800008893,1.0,33,0,0.0,2.0,0.0,13.0,A01
201800008893,1.0,7,0,0.0,2.0,3.0,15.0,B01
201800008894,1.0,30,0,1.0,0.0,1.0,2.0,A01
201800008894,1.0,7,0,0.0,2.0,0.0,23.0,B01
201800008895,2.0,7,0,0.0,2.0,3.0,1.0,B01
201800008895,2.0,14,0,0.0,2.0,2.0,14.0,A01
201800008896,1.0,7,0,0.0,2.0,0.0,0.0,Z01
201800008896,1.0,34,0,0.0,2.0,3.0,1.0,B01
201800008897,1.0,7,0,0.0,1.0,0.0,1.0,Z01
201800008898,1.0,7,0,0.0,2.0,8.0,1.0,B01
201800008898,2.0,7,0,0.0,2.0,8.0,1.0,A01
201800008899,0.0,34,0,0.0,2.0,1.0,1.0,B01
201800008899,0.0,7,0,0.0,2.0,1.0,15.0,A01
201800008900,0.0,7,0,0.0,2.0,1.0,9.0,A01
201800008900,0.0,1,0,0.0,2.0,4.0,1.0,B01
201800008901,1.0,7,0,0.0,2.0,1.0,2.0,A01
201800008901,1.0,7,0,0.0,2.0,4.0,2.0,B01
201800008902,1.0,7,0,0.0,1.0,2.0,1.0,A01
201800008903,1.0,1,0,4.0,0.0,0.0,21.0,A01
201800008904,2.0,10,0,0.0,2.0,6.0,2.0,B01
201800008904,2.0,30,0,0.0,2.0,1.0,1.0,A01
201800008905,1.0,7,0,0.0,2.0,2.0,1.0,B01
201800008905,1.0,7,0,0.0,2.0,1.0,15.0,A01
201800008906,1.0,7,0,0.0,1.0,6.0,20.0,Z01
201800008907,1.0,1,0,0.0,2.0,1.0,9.0,B01
201800008907,1.0,7,0,0.0,6.0,7.0,9.0,A01
201800008908,1.0,7,0,0.0,2.0,5.0,12.0,Z01
201800008908,1.0,33,0,0.0,2.0,1.0,14.0,B01
201800008909,2.0,34,0,0.0,2.0,4.0,2.0,B01
201800008909,2.0,7,0,0.0,2.0,6.0,2.0,C01
201800008909,2.0,7,0,0.0,2.0,1.0,2.0,A01
201800008910,1.0,32,0,0.0,2.0,2.0,17.0,A01
201800008910,2.0,7,0,0.0,2.0,3.0,9.0,B01
201800008911,2.0,33,0,0.0,2.0,3.0,0.0,B01
201800008911,2.0,7,0,0.0,2.0,7.0,11.0,A01
201800008912,0.0,7,0,0.0,1.0,1.0,0.0,A01
201800008913,1.0,7,0,0.0,1.0,1.0,7.0,A01
201800008914,1.0,30,0,0.0,2.0,1.0,1.0,A01
201800008914,2.0,7,0,0.0,2.0,3.0,1.0,B01
201800008915,2.0,7,0,0.0,2.0,7.0,1.0,A01
201800008915,2.0,7,0,0.0,2.0,1.0,16.0,Z01
201800008916,2.0,34,0,0.0,2.0,1.0,5.0,B01
201800008916,1.0,7,0,0.0,2.0,2.0,5.0,A01
201800008917,2.0,7,0,4.0,0.0,1.0,1.0,A01
201800008918,2.0,7,0,0.0,2.0,2.0,9.0,A01
201800008918,1.0,7,0,0.0,2.0,6.0,1.0,B01
201800008919,1.0,7,0,0.0,2.0,4.0,23.0,B01
201800008919,1.0,7,0,0.0,2.0,1.0,23.0,A01
201800008920,0.0,30,0,15.0,0.0,2.0,1.0,A01
201800008921,1.0,7,0,0.0,2.0,8.0,15.0,A01
201800008921,1.0,32,0,0.0,2.0,1.0,17.0,B01
201800008922,1.0,7,0,0.0,2.0,4.0,1.0,A01
201800008922,1.0,33,0,0.0,2.0,4.0,2.0,B01
201800008923,1.0,10,0,0.0,1.0,1.0,1.0,Z01
201800008924,0.0,2,0,0.0,1.0,0.0,0.0,Z01
201800008925,1.0,2,0,0.0,2.0,1.0,1.0,B01
201800008925,1.0,7,0,0.0,2.0,1.0,15.0,A01
201800008926,0.0,7,0,0.0,2.0,1.0,9.0,Z01
201800008926,0.0,7,0,0.0,2.0,3.0,1.0,B01
201800008927,2.0,7,0,0.0,2.0,1.0,1.0,B01
201800008927,2.0,7,0,0.0,2.0,8.0,1.0,A01
201800008928,2.0,33,0,0.0,1.0,1.0,1.0,A01
201800008929,1.0,7,0,1.0,0.0,3.0,1.0,A01
201800008930,1.0,7,0,0.0,2.0,2.0,14.0,A01
201800008930,2.0,2,0,0.0,2.0,3.0,1.0,B01
201800008931,1.0,34,0,0.0,2.0,0.0,0.0,B01
201800008931,1.0,32,0,0.0,2.0,1.0,1.0,A01
201800008932,1.0,2,0,0.0,2.0,3.0,16.0,B01
201800008932,1.0,7,0,0.0,2.0,2.0,16.0,Z01
201800008933,2.0,7,0,0.0,2.0,3.0,10.0,A01
201800008933,2.0,32,0,0.0,2.0,1.0,1.0,B01
201800008934,1.0,7,0,0.0,2.0,8.0,15.0,A01
201800008934,1.0,33,0,0.0,2.0,1.0,1.0,B01
201800008935,1.0,7,0,0.0,2.0,1.0,1.0,B01
201800008935,1.0,7,0,0.0,2.0,8.0,13.0,A01
201800008936,2.0,33,0,3.0,0.0,0.0,1.0,A01
201800008937,2.0,30,0,0.0,2.0,1.0,2.0,B01
201800008937,2.0,7,0,0.0,2.0,3.0,15.0,A01
201800008938,2.0,13,0,1.0,2.0,4.0,2.0,A01
201800008938,2.0,7,0,1.0,2.0,4.0,2.0,B01
201800008939,2.0,10,0,0.0,2.0,1.0,15.0,A01
201800008939,2.0,10,0,0.0,2.0,3.0,1.0,B01
201800008940,1.0,7,0,0.0,1.0,1.0,1.0,Z01
201800008941,1.0,30,0,0.0,0.0,0.0,16.0,A01
201800008942,1.0,7,0,0.0,2.0,1.0,19.0,Z01
201800008942,1.0,33,0,0.0,2.0,8.0,0.0,B01
201800008943,1.0,7,0,15.0,0.0,2.0,0.0,A01
201800008944,1.0,7,0,0.0,2.0,3.0,1.0,B01
201800008944,2.0,7,0,1.0,2.0,3.0,0.0,A01
201800008945,1.0,10,0,0.0,2.0,8.0,1.0,C01
201800008945,2.0,7,0,0.0,2.0,1.0,1.0,A01
201800008945,1.0,1,0,0.0,2.0,1.0,1.0,B01
201800008946,1.0,7,0,0.0,2.0,2.0,1.0,B01
201800008946,0.0,7,0,0.0,2.0,3.0,9.0,A01
201800008947,1.0,7,0,1.0,0.0,1.0,1.0,A01
201800008948,2.0,7,0,0.0,2.0,2.0,2.0,A01
201800008948,2.0,7,0,0.0,2.0,3.0,1.0,B01
201800008949,1.0,32,0,0.0,1.0,1.0,11.0,A01
201800008950,2.0,33,0,0.0,2.0,1.0,1.0,A01
201800008951,0.0,10,0,0.0,2.0,5.0,15.0,A01
201800008951,0.0,30,0,0.0,2.0,1.0,1.0,B01
201800008952,0.0,7,0,0.0,1.0,1.0,1.0,A01
201800008953,1.0,32,0,0.0,2.0,1.0,1.0,B01
201800008953,2.0,10,0,0.0,2.0,1.0,15.0,A01
201800008954,1.0,32,0,0.0,0.0,0.0,0.0,A01
201800008955,1.0,32,0,0.0,0.0,8.0,21.0,A01
201800008956,2.0,7,0,0.0,1.0,3.0,15.0,A01
201800008957,0.0,7,0,0.0,2.0,1.0,1.0,B01
201800008957,0.0,7,0,0.0,2.0,1.0,1.0,A01
201800008958,0.0,7,0,0.0,6.0,1.0,19.0,A01
201800008958,0.0,34,0,0.0,2.0,1.0,19.0,B01
201800008959,2.0,7,0,1.0,0.0,7.0,14.0,B01
201800008959,0.0,7,0,1.0,2.0,6.0,23.0,C01
201800008959,1.0,7,0,0.0,2.0,0.0,0.0,Z01
201800008960,1.0,7,0,0.0,0.0,0.0,24.0,C01
201800008960,1.0,30,0,1.0,2.0,3.0,11.0,A01
201800008960,1.0,7,0,0.0,2.0,2.0,1.0,B01
201800008961,1.0,7,0,0.0,1.0,1.0,1.0,A01
201800008962,0.0,10,0,11.0,0.0,1.0,1.0,A01
201800008963,1.0,7,0,0.0,2.0,3.0,2.0,B01
201800008963,2.0,7,0,0.0,2.0,1.0,23.0,C01
201800008963,1.0,2,0,0.0,2.0,1.0,2.0,A01
201800008964,0.0,7,0,0.0,2.0,0.0,0.0,B01
201800008964,0.0,7,0,0.0,2.0,3.0,13.0,Z01
201800008965,1.0,7,0,0.0,2.0,2.0,2.0,A01
201800008965,2.0,33,0,0.0,2.0,3.0,2.0,B01
201800008966,2.0,7,0,0.0,2.0,2.0,1.0,Z01
201800008966,2.0,7,0,1.0,2.0,3.0,1.0,B01