Num_Acc,senc,catv,occutc,obs,obsm,choc,manv,num_veh
201800009218,2.0,7,0,0.0,2.0,6.0,24.0,D01
201800009218,2.0,7,0,0.0,2.0,4.0,2.0,B01
201800009218,2.0,7,0,0.0,2.0,4.0,2.0,C01
201800009218,2.0,7,0,1.0,2.0,1.0,2.0,A01
201800009219,2.0,7,0,0.0,2.0,0.0,0.0,B01
201800009219,2.0,33,0,0.0,2.0,0.0,0.0,A01
201800009220,1.0,10,0,0.0,2.0,1.0,0.0,A01
201800009220,1.0,7,0,0.0,2.0,4.0,0.0,B01
201800009221,2.0,7,0,0.0,2.0,4.0,0.0,B01
201800009221,2.0,10,0,0.0,2.0,1.0,0.0,Z01
201800009222,2.0,7,0,0.0,1.0,2.0,1.0,A01
201800009223,1.0,7,0,0.0,2.0,4.0,2.0,B01
201800009223,1.0,14,0,0.0,2.0,2.0,2.0,A01
201800009224,1.0,7,0,8.0,0.0,3.0,1.0,A01
201800009225,1.0,32,0,0.0,2.0,1.0,2.0,B01
201800009225,1.0,7,0,0.0,2.0,1.0,15.0,A01
201800009226,0.0,7,0,0.0,2.0,2.0,1.0,B01
201800009226,0.0,7,0,0.0,2.0,7.0,0.0,A01
201800009227,0.0,3,0,0.0,2.0,0.0,0.0,A01
201800009227,0.0,31,0,0.0,6.0,0.0,0.0,B01
201800009228,1.0,7,0,1.0,0.0,1.0,1.0,A01
201800009229,0.0,7,0,0.0,2.0,6.0,23.0,C01
201800009229,0.0,7,0,0.0,2.0,5.0,23.0,B01
201800009229,0.0,33,0,1.0,0.0,1.0,9.0,A01
201800009230,0.0,31,0,0.0,2.0,0.0,0.0,B01
201800009230,1.0,7,0,0.0,2.0,1.0,2.0,A01
201800009231,0.0,10,0,0.0,6.0,0.0,19.0,Z01
201800009231,0.0,34,0,0.0,2.0,1.0,15.0,B01
201800009232,1.0,7,0,0.0,2.0,2.0,12.0,B01
201800009232,1.0,32,0,0.0,2.0,3.0,12.0,A01
201800009233,1.0,7,0,0.0,2.0,1.0,2.0,A01
201800009233,1.0,2,0,0.0,2.0,4.0,2.0,B01
201800009234,2.0,10,0,0.0,2.0,1.0,2.0,A01
201800009234,1.0,10,0,0.0,2.0,4.0,2.0,B01
201800009235,1.0,7,0,0.0,1.0,1.0,1.0,A01
201800009236,0.0,7,0,0.0,2.0,6.0,15.0,A01
201800009236,0.0,2,0,0.0,2.0,1.0,17.0,B01
201800009237,1.0,7,0,0.0,2.0,2.0,15.0,A01
201800009237,1.0,7,0,0.0,2.0,3.0,1.0,B01
201800009238,1.0,7,0,0.0,2.0,1.0,15.0,A01
201800009238,1.0,33,0,0.0,2.0,1.0,1.0,B01
201800009239,0.0,33,0,0.0,2.0,2.0,2.0,B01
201800009239,0.0,7,0,0.0,2.0,3.0,15.0,A01
201800009240,1.0,7,0,0.0,0.0,1.0,0.0,A01
201800009240,2.0,7,0,0.0,2.0,2.0,1.0,B01
201800009241,0.0,7,0,0.0,2.0,0.0,19.0,A01
201800009241,0.0,33,0,0.0,2.0,1.0,0.0,B01
201800009242,1.0,7,0,0.0,2.0,8.0,15.0,A01
201800009242,1.0,32,0,0.0,2.0,1.0,17.0,B01
201800009243,2.0,37,1,0.0,2.0,3.0,13.0,C01
201800009243,1.0,32,0,0.0,2.0,1.0,2.0,A01
201800009243,1.0,7,0,0.0,2.0,4.0,2.0,B01
201800009244,1.0,32,0,0.0,2.0,1.0,3.0,A01
201800009244,2.0,7,0,0.0,2.0,2.0,23.0,B01
201800009245,1.0,7,0,0.0,2.0,3.0,21.0,B01
201800009245,1.0,7,0,0.0,2.0,0.0,0.0,Z01
201800009246,2.0,33,0,0.0,1.0,2.0,2.0,A01
201800009247,0.0,34,0,0.0,2.0,1.0,1.0,B01
201800009247,0.0,7,0,0.0,2.0,3.0,15.0,A01
201800009248,1.0,7,0,0.0,2.0,4.0,1.0,B01
201800009249,2.0,7,0,0.0,2.0,4.0,23.0,B01
201800009249,2.0,10,0,0.0,2.0,1.0,1.0,Z01
201800009249,2.0,7,0,0.0,2.0,4.0,23.0,C01
201800009250,0.0,7,0,0.0,2.0,3.0,15.0,A01
201800009250,0.0,7,0,0.0,2.0,3.0,13.0,Z01
201800009251,1.0,33,0,0.0,2.0,4.0,1.0,B01
201800009251,1.0,7,0,0.0,2.0,2.0,1.0,A01
201800009252,0.0,7,0,0.0,2.0,0.0,0.0,B01
201800009252,0.0,7,0,0.0,2.0,1.0,2.0,A01
201800009253,0.0,34,0,0.0,2.0,1.0,1.0,B01
201800009253,0.0,7,0,0.0,2.0,1.0,15.0,A01
201800009254,1.0,7,0,0.0,2.0,1.0,2.0,B01
201800009254,1.0,7,0,0.0,2.0,4.0,2.0,C01
201800009254,1.0,7,0,0.0,2.0,3.0,2.0,A01
201800009255,1.0,7,0,0.0,2.0,6.0,15.0,A01
201800009255,1.0,99,0,0.0,2.0,0.0,0.0,B01
201800009256,0.0,7,0,0.0,1.0,1.0,1.0,A01
201800009257,1.0,10,0,0.0,1.0,2.0,2.0,A01
201800009258,2.0,7,0,0.0,2.0,1.0,2.0,C01
201800009258,1.0,30,0,0.0,2.0,1.0,0.0,A01
201800009258,1.0,7,0,0.0,2.0,1.0,2.0,B01
201800009258,1.0,7,0,0.0,2.0,8.0,15.0,D01
201800009258,1.0,7,0,0.0,2.0,1.0,15.0,E01
201800009259,2.0,7,0,0.0,1.0,1.0,1.0,A01
201800009260,2.0,7,0,0.0,1.0,1.0,15.0,A01
201800009261,2.0,32,0,0.0,2.0,1.0,3.0,A01
201800009261,1.0,7,0,0.0,2.0,3.0,9.0,B01
201800009262,0.0,33,0,0.0,2.0,1.0,1.0,B01
201800009262,0.0,7,0,0.0,2.0,6.0,11.0,A01
201800009263,1.0,7,0,0.0,2.0,8.0,10.0,A01
201800009263,0.0,34,0,0.0,2.0,1.0,1.0,B01
201800009264,1.0,32,0,0.0,0.0,0.0,0.0,A01
201800009265,2.0,7,0,0.0,2.0,3.0,9.0,A01
201800009265,2.0,33,0,0.0,2.0,7.0,1.0,B01
201800009266,1.0,32,0,0.0,0.0,0.0,1.0,A01
201800009267,0.0,30,0,0.0,2.0,1.0,21.0,Z01
201800009267,1.0,37,50,0.0,2.0,2.0,21.0,A01
201800009268,0.0,7,0,0.0,2.0,1.0,15.0,A01
201800009268,0.0,7,0,0.0,2.0,1.0,1.0,B01
201800009269,1.0,7,0,0.0,2.0,1.0,1.0,A01
201800009269,2.0,7,0,0.0,2.0,8.0,15.0,B01
201800009270,2.0,7,0,0.0,2.0,1.0,10.0,A01
201800009270,2.0,7,0,0.0,2.0,1.0,1.0,B01
201800009270,2.0,33,0,0.0,2.0,1.0,1.0,C01
201800009271,1.0,99,0,0.0,1.0,0.0,17.0,A01
201800009272,2.0,7,0,0.0,1.0,3.0,21.0,A01
201800009273,1.0,10,0,0.0,2.0,1.0,2.0,A01
201800009273,1.0,7,0,0.0,2.0,4.0,1.0,B01
201800009274,2.0,33,0,0.0,0.0,0.0,21.0,A01
201800009275,2.0,13,0,0.0,1.0,2.0,16.0,A01
201800009276,1.0,7,0,0.0,2.0,3.0,15.0,B01
201800009276,1.0,32,0,0.0,2.0,1.0,17.0,A01
201800009277,0.0,7,0,0.0,2.0,5.0,2.0,B01
201800009277,0.0,7,0,0.0,2.0,2.0,16.0,A01
201800009278,2.0,7,0,0.0,1.0,1.0,0.0,Z01
201800009279,1.0,10,0,0.0,1.0,1.0,20.0,B01
201800009280,2.0,7,0,0.0,2.0,8.0,13.0,A01
201800009280,2.0,33,0,0.0,2.0,7.0,16.0,B01
201800009281,2.0,7,0,0.0,1.0,1.0,2.0,A01
201800009282,1.0,7,0,0.0,2.0,4.0,23.0,B01
201800009283,0.0,30,0,0.0,1.0,1.0,1.0,Z01
201800009284,0.0,7,0,0.0,2.0,3.0,15.0,A01
201800009284,0.0,30,0,0.0,2.0,3.0,2.0,B01
201800009285,1.0,7,0,0.0,0.0,8.0,1.0,B01
201800009285,1.0,30,0,1.0,2.0,7.0,9.0,A01
201800009286,1.0,7,0,1.0,0.0,1.0,0.0,A01
201800009287,1.0,7,0,0.0,2.0,2.0,1.0,A01
201800009287,1.0,33,0,0.0,2.0,1.0,1.0,B01
201800009288,1.0,7,0,1.0,0.0,3.0,1.0,B01
201800009288,1.0,7,0,0.0,2.0,4.0,24.0,A01
201800009289,2.0,7,0,9.0,0.0,1.0,2.0,A01
201800009290,1.0,7,0,0.0,2.0,8.0,15.0,A01
201800009290,1.0,33,0,0.0,2.0,1.0,17.0,B01
201800009291,0.0,31,0,0.0,1.0,1.0,0.0,A01
201800009292,1.0,10,0,15.0,0.0,1.0,2.0,A01
201800009293,0.0,17,0,0.0,2.0,2.0,12.0,B01
201800009293,0.0,10,0,0.0,2.0,6.0,0.0,A01
201800009294,0.0,7,0,0.0,2.0,4.0,2.0,B01
201800009294,0.0,7,0,0.0,2.0,4.0,1.0,C01
201800009294,0.0,7,0,0.0,2.0,1.0,2.0,A01
201800009295,1.0,2,0,0.0,2.0,1.0,1.0,B01
201800009295,2.0,7,0,0.0,2.0,2.0,15.0,A01
201800009296,1.0,7,0,0.0,2.0,1.0,13.0,A01
201800009296,2.0,15,0,0.0,2.0,3.0,1.0,B01
201800009297,1.0,10,0,0.0,2.0,5.0,15.0,B01
201800009297,1.0,7,0,15.0,2.0,2.0,21.0,A01
201800009298,0.0,7,0,0.0,2.0,1.0,2.0,B01
201800009298,0.0,7,0,0.0,2.0,4.0,2.0,A01
201800009298,0.0,7,0,0.0,2.0,1.0,2.0,C01
201800009299,1.0,37,1,0.0,1.0,2.0,1.0,A01
201800009300,1.0,34,0,0.0,2.0,1.0,1.0,B01
201800009300,1.0,7,0,0.0,2.0,5.0,15.0,A01
201800009301,1.0,2,0,0.0,2.0,7.0,2.0,A01
201800009302,1.0,2,0,0.0,1.0,2.0,17.0,A01
201800009303,1.0,7,0,0.0,2.0,3.0,11.0,A01
201800009303,1.0,7,0,0.0,2.0,2.0,1.0,B01
201800009304,1.0,7,0,1.0,0.0,1.0,1.0,A01
201800009305,0.0,7,0,0.0,2.0,0.0,11.0,Z01
201800009305,0.0,33,0,0.0,2.0,1.0,0.0,B01
201800009306,1.0,3,0,0.0,2.0,1.0,2.0,B01
201800009306,1.0,7,0,0.0,2.0,4.0,1.0,A01
201800009307,1.0,10,0,0.0,1.0,2.0,14.0,A01
201800009308,0.0,32,0,0.0,2.0,4.0,1.0,A01
201800009309,0.0,7,0,0.0,2.0,1.0,2.0,A01
201800009309,0.0,7,0,0.0,2.0,4.0,1.0,B01
201800009310,2.0,30,0,0.0,1.0,1.0,1.0,A01
201800009311,1.0,7,0,0.0,2.0,1.0,5.0,Z01
201800009311,2.0,32,0,0.0,2.0,1.0,1.0,A01
201800009312,1.0,33,0,0.0,1.0,1.0,1.0,A01
201800009313,1.0,37,20,0.0,2.0,8.0,2.0,B01
201800009313,1.0,7,0,0.0,2.0,7.0,12.0,A01
201800009314,0.0,10,0,0.0,2.0,3.0,1.0,B01
201800009315,0.0,7,0,0.0,1.0,1.0,1.0,A01
201800009316,1.0,33,0,0.0,2.0,1.0,17.0,B01
201800009316,1.0,7,0,0.0,2.0,8.0,15.0,A01
201800009317,0.0,7,0,0.0,2.0,1.0,1.0,A01
201800009317,0.0,7,0,0.0,2.0,8.0,1.0,B01
201800009318,1.0,32,0,0.0,2.0,1.0,1.0,A01
201800009318,1.0,7,0,0.0,2.0,4.0,24.0,B01
201800009319,2.0,1,0,0.0,2.0,1.0,15.0,B01
201800009319,2.0,99,0,0.0,2.0,8.0,0.0,A01
201800009320,0.0,34,0,0.0,2.0,1.0,2.0,B01
201800009320,0.0,7,0,0.0,2.0,1.0,5.0,A01
201800009321,0.0,7,0,0.0,1.0,1.0,0.0,A01
201800009322,2.0,7,0,0.0,2.0,2.0,2.0,A01
201800009322,2.0,2,0,0.0,0.0,4.0,1.0,B01
201800009323,1.0,7,0,0.0,2.0,3.0,0.0,B01
201800009323,1.0,34,0,0.0,2.0,1.0,1.0,A01
201800009324,0.0,7,0,0.0,1.0,1.0,0.0,A01
201800009325,2.0,7,0,0.0,2.0,7.0,16.0,B01
201800009325,2.0,30,0,0.0,2.0,3.0,18.0,A01
201800009326,2.0,31,0,0.0,0.0,2.0,1.0,A01
201800009327,0.0,33,0,0.0,2.0,0.0,0.0,A01
201800009328,1.0,32,0,0.0,0.0,0.0,1.0,A01
201800009329,2.0,99,0,0.0,2.0,1.0,0.0,A01
201800009329,1.0,30,0,0.0,2.0,7.0,0.0,B01
201800009330,2.0,1,0,0.0,2.0,4.0,13.0,B01
201800009330,2.0,7,0,0.0,2.0,1.0,2.0,A01
201800009331,1.0,30,0,0.0,1.0,1.0,0.0,A01
201800009332,0.0,7,0,0.0,2.0,2.0,9.0,A01
201800009332,0.0,32,0,0.0,2.0,3.0,2.0,B01
201800009333,2.0,7,0,0.0,2.0,8.0,15.0,B01
201800009333,2.0,33,0,1.0,2.0,1.0,17.0,A01
201800009334,1.0,30,0,0.0,0.0,0.0,2.0,A01
201800009335,1.0,7,0,0.0,2.0,3.0,15.0,A01
201800009335,2.0,33,0,0.0,2.0,1.0,1.0,B01
201800009336,0.0,7,0,0.0,2.0,2.0,1.0,B01
201800009336,0.0,37,1,0.0,2.0,1.0,1.0,A01
201800009337,1.0,7,0,0.0,1.0,3.0,9.0,A01
201800009338,2.0,37,25,0.0,2.0,3.0,1.0,A01
201800009338,1.0,7,0,0.0,2.0,6.0,10.0,B01
201800009339,1.0,32,0,0.0,2.0,1.0,1.0,A01
201800009339,1.0,7,0,0.0,2.0,6.0,15.0,B01
201800009340,1.0,30,0,0.0,2.0,1.0,2.0,B01
201800009340,1.0,7,0,0.0,2.0,8.0,2.0,A01
201800009341,2.0,37,1,0.0,2.0,4.0,23.0,B01
201800009341,2.0,7,0,0.0,2.0,1.0,2.0,A01
201800009342,2.0,7,0,0.0,2.0,4.0,2.0,B01
201800009342,2.0,7,0,0.0,2.0,1.0,2.0,A01
201800009343,0.0,7,0,0.0,2.0,1.0,1.0,A01
201800009343,0.0,2,0,0.0,2.0,8.0,1.0,B01
201800009344,0.0,34,0,12.0,0.0,1.0,0.0,A01
201800009345,1.0,10,0,0.0,2.0,4.0,2.0,A01
201800009345,1.0,2,0,0.0,2.0,1.0,2.0,B01
201800009346,0.0,7,0,0.0,2.0,3.0,1.0,B01
201800009346,0.0,7,0,0.0,2.0,3.0,1.0,A01
201800009347,0.0,32,0,0.0,2.0,1.0,0.0,B01
201800009348,2.0,30,0,0.0,2.0,2.0,17.0,A01
201800009348,2.0,33,0,0.0,2.0,8.0,15.0,B01
201800009349,0.0,13,0,0.0,2.0,2.0,1.0,A01
201800009349,1.0,7,0,0.0,2.0,8.0,1.0,B01
201800009350,1.0,7,0,0.0,0.0,0.0,19.0,Z01
201800009350,2.0,30,0,0.0,0.0,0.0,21.0,A01
201800009351,0.0,10,0,0.0,2.0,3.0,14.0,A01
201800009351,0.0,1,0,0.0,2.0,1.0,14.0,B01
201800009352,1.0,7,0,0.0,2.0,3.0,1.0,B01
201800009352,0.0,31,0,0.0,2.0,3.0,13.0,A01
201800009353,0.0,34,0,0.0,2.0,7.0,1.0,A01
201800009353,0.0,10,0,0.0,2.0,3.0,15.0,B01
201800009354,0.0,33,0,14.0,0.0,1.0,0.0,A01
201800009354,0.0,7,0,0.0,2.0,3.0,0.0,B01
201800009355,1.0,7,0,0.0,2.0,8.0,2.0,A01
201800009355,1.0,1,0,0.0,2.0,1.0,19.0,B01
201800009356,0.0,7,0,0.0,2.0,5.0,1.0,B01
201800009356,0.0,7,0,0.0,2.0,1.0,9.0,Z01
201800009357,1.0,32,0,0.0,0.0,0.0,0.0,A01
201800009358,0.0,7,0,0.0,2.0,3.0,5.0,A01
201800009358,0.0,33,0,0.0,2.0,1.0,1.0,B01
201800009359,0.0,7,0,0.0,2.0,8.0,19.0,A01
201800009359,0.0,7,0,0.0,2.0,1.0,1.0,B01
201800009360,2.0,13,0,0.0,2.0,7.0,12.0,A01
201800009360,2.0,30,0,0.0,2.0,8.0,1.0,B01
201800009361,1.0,34,0,0.0,2.0,4.0,2.0,B01
201800009361,1.0,7,0,0.0,2.0,1.0,2.0,A01
201800009362,1.0,31,0,0.0,0.0,0.0,1.0,A01
201800009363,1.0,10,0,0.0,1.0,3.0,0.0,A01
201800009364,0.0,32,0,0.0,2.0,3.0,1.0,B01
201800009364,0.0,10,0,0.0,2.0,2.0,16.0,A01
201800009365,1.0,32,0,0.0,2.0,3.0,7.0,B01
201800009365,1.0,7,0,0.0,2.0,2.0,16.0,A01
201800009366,2.0,30,0,0.0,1.0,1.0,1.0,Z01
201800009367,2.0,33,0,0.0,2.0,1.0,1.0,B01
201800009367,1.0,7,0,0.0,2.0,5.0,15.0,A01
201800009368,2.0,30,0,0.0,2.0,2.0,1.0,B01
201800009368,0.0,99,0,0.0,2.0,0.0,13.0,Z01
201800009369,0.0,30,0,0.0,0.0,0.0,0.0,A01
201800009370,1.0,30,0,0.0,2.0,5.0,2.0,A01
201800009370,0.0,7,0,0.0,0.0,0.0,0.0,Z01
201800009371,0.0,7,0,0.0,2.0,8.0,1.0,A01
201800009371,0.0,2,0,0.0,2.0,8.0,1.0,B01
201800009372,1.0,7,0,9.0,0.0,1.0,6.0,A01
201800009373,1.0,7,0,0.0,2.0,1.0,0.0,B01
201800009373,1.0,7,0,0.0,2.0,1.0,0.0,A01
201800009373,1.0,7,0,0.0,2.0,4.0,0.0,C01
201800009374,0.0,10,0,0.0,2.0,2.0,0.0,B01
201800009374,0.0,10,0,0.0,2.0,3.0,0.0,A01
201800009374,0.0,10,0,0.0,2.0,6.0,0.0,C01
201800009375,0.0,7,0,0.0,2.0,3.0,10.0,A01
201800009375,1.0,2,0,0.0,2.0,2.0,1.0,B01
201800009376,1.0,7,0,1.0,2.0,7.0,1.0,B01
201800009376,0.0,7,0,0.0,2.0,1.0,15.0,A01
201800009377,1.0,2,0,0.0,1.0,1.0,0.0,Z01
201800009378,2.0,2,0,0.0,2.0,0.0,1.0,A01
201800009379,1.0,32,0,1.0,0.0,2.0,0.0,A01
201800009380,1.0,7,0,0.0,2.0,4.0,23.0,B01
201800009380,1.0,7,0,0.0,2.0,1.0,2.0,A01
201800009381,1.0,7,0,0.0,2.0,4.0,2.0,A01
201800009381,1.0,7,0,0.0,2.0,4.0,2.0,B01
201800009382,1.0,7,0,0.0,1.0,1.0,15.0,A01
201800009383,0.0,7,0,0.0,0.0,4.0,23.0,A01
201800009383,0.0,7,0,0.0,2.0,1.0,1.0,Z01
201800009384,2.0,7,0,0.0,1.0,2.0,15.0,A01
201800009385,2.0,7,0,0.0,2.0,1.0,1.0,A01
201800009385,2.0,7,0,0.0,2.0,4.0,0.0,B01
201800009386,0.0,7,0,0.0,2.0,8.0,15.0,A01
201800009386,0.0,7,0,0.0,2.0,1.0,1.0,Z01
201800009387,0.0,7,0,0.0,2.0,4.0,15.0,B01
201800009387,0.0,7,0,0.0,2.0,1.0,1.0,A01
201800009387,0.0,7,0,0.0,2.0,1.0,1.0,C01
201800009388,0.0,7,0,0.0,1.0,1.0,1.0,A01
201800009389,1.0,7,0,0.0,1.0,3.0,15.0,A01
201800009390,2.0,14,0,0.0,2.0,1.0,1.0,A01
201800009390,2.0,7,0,0.0,2.0,4.0,23.0,B01
201800009391,1.0,32,0,0.0,1.0,2.0,1.0,Z01
201800009392,1.0,7,0,0.0,1.0,1.0,16.0,A01
201800009393,1.0,7,0,0.0,2.0,2.0,15.0,A01
201800009393,2.0,34,0,0.0,2.0,7.0,1.0,B01
201800009394,1.0,10,0,0.0,2.0,6.0,15.0,A01
201800009394,1.0,30,0,0.0,2.0,2.0,1.0,B01
201800009395,1.0,7,0,0.0,1.0,8.0,1.0,A01
201800009396,0.0,7,0,0.0,6.0,3.0,19.0,B01
201800009396,0.0,1,0,0.0,2.0,1.0,19.0,A01
201800009397,1.0,7,0,0.0,2.0,8.0,10.0,A01
201800009397,1.0,34,0,0.0,2.0,1.0,1.0,B01
201800009398,0.0,34,0,0.0,2.0,6.0,1.0,A01
201800009398,0.0,7,0,0.0,0.0,0.0,0.0,Z01
201800009399,0.0,33,0,0.0,1.0,1.0,17.0,A01
201800009400,0.0,10,0,0.0,6.0,1.0,1.0,D01
201800009400,0.0,17,0,0.0,2.0,1.0,1.0,A01
201800009400,0.0,7,0,0.0,6.0,8.0,1.0,B01
201800009400,0.0,7,0,0.0,6.0,8.0,1.0,C01
201800009401,0.0,10,0,0.0,1.0,1.0,1.0,A01
201800009402,2.0,7,0,0.0,1.0,1.0,0.0,Z01
201800009403,1.0,32,0,1.0,2.0,2.0,21.0,A01
201800009404,0.0,7,0,0.0,0.0,7.0,0.0,A01
201800009404,0.0,7,0,0.0,2.0,3.0,0.0,B01
201800009405,1.0,7,0,0.0,2.0,4.0,1.0,B01
201800009405,1.0,7,0,0.0,2.0,1.0,1.0,A01
201800009406,0.0,36,0,0.0,1.0,1.0,0.0,A01
201800009407,2.0,30,0,8.0,0.0,1.0,1.0,A01
201800009408,1.0,30,0,0.0,2.0,1.0,0.0,A01
201800009408,2.0,7,0,1.0,2.0,3.0,21.0,B01
201800009409,1.0,7,0,0.0,2.0,3.0,0.0,B01
201800009409,1.0,32,0,0.0,2.0,1.0,2.0,A01
201800009410,0.0,7,0,0.0,0.0,1.0,2.0,A01
201800009410,1.0,7,0,0.0,2.0,4.0,2.0,C01
201800009410,0.0,7,0,0.0,2.0,9.0,2.0,B01
201800009411,0.0,10,0,0.0,1.0,1.0,15.0,A01
201800009412,2.0,7,0,0.0,2.0,0.0,15.0,A01
201800009412,0.0,34,0,1.0,2.0,0.0,0.0,B01
201800009413,0.0,7,0,0.0,2.0,5.0,15.0,A01
201800009413,0.0,33,0,0.0,2.0,1.0,2.0,B01
201800009414,1.0,7,0,0.0,2.0,3.0,11.0,A01
201800009414,1.0,7,0,0.0,2.0,2.0,1.0,B01
201800009415,1.0,34,0,0.0,2.0,8.0,0.0,B01
201800009415,1.0,10,0,0.0,2.0,3.0,0.0,A01
201800009416,1.0,7,0,0.0,2.0,7.0,1.0,C01
201800009416,1.0,7,0,0.0,2.0,8.0,11.0,Z01
201800009416,0.0,7,0,0.0,2.0,6.0,23.0,B01
201800009417,2.0,7,0,0.0,2.0,3.0,20.0,A01
201800009417,2.0,33,0,0.0,2.0,1.0,1.0,B01
201800009418,1.0,34,0,0.0,2.0,1.0,2.0,A01
201800009418,1.0,34,0,0.0,2.0,6.0,13.0,B01
201800009419,0.0,30,0,0.0,2.0,1.0,21.0,A01
201800009419,0.0,7,0,0.0,2.0,3.0,1.0,C01
201800009419,0.0,7,0,0.0,2.0,3.0,1.0,B01
201800009420,1.0,7,0,1.0,2.0,4.0,2.0,B01
201800009420,1.0,7,0,1.0,2.0,1.0,2.0,A01
201800009421,2.0,7,0,0.0,2.0,7.0,15.0,A01
201800009421,2.0,2,0,0.0,2.0,1.0,0.0,B01
201800009422,1.0,7,0,0.0,2.0,3.0,15.0,A01
201800009422,1.0,32,0,15.0,0.0,0.0,0.0,B01
201800009423,1.0,33,0,13.0,0.0,1.0,1.0,A01
201800009424,2.0,32,0,0.0,2.0,4.0,2.0,B01
201800009424,2.0,32,0,0.0,2.0,1.0,1.0,A01
201800009425,1.0,34,0,0.0,2.0,1.0,2.0,B01
201800009425,1.0,34,0,0.0,2.0,1.0,9.0,A01
201800009426,1.0,30,0,0.0,2.0,8.0,1.0,A01
201800009427,1.0,7,0,0.0,2.0,3.0,1.0,B01
201800009427,1.0,32,0,0.0,2.0,1.0,1.0,A01
201800009428,2.0,30,0,0.0,2.0,6.0,15.0,B01
201800009428,2.0,30,0,0.0,2.0,0.0,0.0,A01
201800009429,1.0,7,0,0.0,2.0,7.0,16.0,B01
201800009429,1.0,31,0,1.0,2.0,1.0,18.0,A01
201800009430,1.0,7,0,0.0,2.0,6.0,9.0,A01
201800009430,1.0,10,0,0.0,2.0,1.0,2.0,B01
201800009430,2.0,7,0,0.0,2.0,1.0,2.0,C01
201800009431,1.0,7,0,0.0,2.0,6.0,10.0,A01
201800009431,1.0,33,0,0.0,2.0,1.0,2.0,B01
201800009432,0.0,10,0,0.0,1.0,4.0,4.0,A01
201800009433,1.0,7,0,0.0,2.0,4.0,21.0,B01
201800009433,0.0,7,0,0.0,2.0,0.0,4.0,C01
201800009433,1.0,7,0,0.0,2.0,1.0,1.0,A01
201800009434,0.0,7,0,0.0,2.0,1.0,0.0,A01
201800009434,0.0,7,0,0.0,2.0,7.0,0.0,B01
201800009435,2.0,7,0,0.0,2.0,1.0,9.0,Z01
201800009435,1.0,7,0,0.0,2.0,7.0,2.0,A01
201800009436,0.0,7,0,0.0,2.0,3.0,15.0,B01
201800009436,0.0,7,0,0.0,2.0,2.0,23.0,C01
201800009436,0.0,34,0,0.0,2.0,1.0,23.0,D01
201800009436,0.0,34,0,0.0,2.0,5.0,17.0,A01
201800009437,2.0,32,0,4.0,0.0,0.0,16.0,A01
201800009438,1.0,7,0,0.0,2.0,1.0,15.0,A01
201800009438,2.0,34,0,0.0,2.0,1.0,0.0,B01
201800009439,2.0,7,0,0.0,2.0,3.0,2.0,B01
201800009439,2.0,7,0,0.0,2.0,5.0,2.0,A01
201800009440,1.0,10,0,0.0,2.0,2.0,2.0,A01
201800009440,1.0,7,0,0.0,2.0,4.0,0.0,B01
201800009441,1.0,7,0,0.0,2.0,3.0,15.0,A01
201800009441,1.0,2,0,0.0,2.0,3.0,2.0,B01
201800009442,1.0,7,0,0.0,2.0,4.0,23.0,A01
201800009442,1.0,7,0,14.0,0.0,1.0,0.0,Z01
201800009443,2.0,7,0,0.0,2.0,2.0,1.0,A01
201800009443,2.0,2,0,0.0,2.0,3.0,16.0,Z01
201800009444,0.0,7,0,0.0,0.0,7.0,15.0,A01
201800009444,0.0,31,0,0.0,2.0,1.0,1.0,B01
201800009445,2.0,7,0,0.0,0.0,7.0,15.0,A01
201800009445,1.0,34,0,0.0,2.0,1.0,1.0,B01
201800009446,2.0,30,0,1.0,0.0,1.0,2.0,A01
201800009446,1.0,7,0,0.0,2.0,5.0,24.0,B01
201800009447,0.0,7,0,0.0,2.0,0.0,0.0,A01
201800009447,1.0,7,0,0.0,2.0,0.0,0.0,B01
201800009448,1.0,32,0,0.0,2.0,8.0,1.0,B01
201800009448,1.0,7,0,0.0,2.0,7.0,17.0,Z01
201800009449,1.0,7,0,0.0,2.0,3.0,15.0,A01
201800009449,2.0,32,0,0.0,2.0,1.0,1.0,B01
201800009450,0.0,7,0,0.0,2.0,6.0,1.0,B01
201800009450,0.0,7,0,0.0,2.0,2.0,2.0,A01
201800009451,0.0,34,0,0.0,2.0,0.0,1.0,B01
201800009451,0.0,7,0,0.0,2.0,1.0,15.0,A01
201800009452,0.0,7,0,0.0,2.0,4.0,2.0,B01
201800009452,0.0,7,0,0.0,2.0,4.0,2.0,C01
201800009452,0.0,7,0,0.0,2.0,1.0,2.0,A01
201800009453,1.0,7,0,0.0,2.0,1.0,1.0,B01
201800009453,2.0,30,0,0.0,2.0,1.0,16.0,A01
201800009454,1.0,32,0,0.0,1.0,1.0,2.0,Z01
201800009455,1.0,7,0,0.0,2.0,8.0,1.0,B01
201800009455,1.0,7,0,0.0,2.0,7.0,12.0,A01
201800009456,1.0,14,0,0.0,1.0,3.0,15.0,A01
201800009457,1.0,13,0,0.0,1.0,4.0,4.0,A01
201800009458,2.0,7,0,0.0,2.0,1.0,2.0,A01
201800009458,2.0,7,0,0.0,2.0,4.0,2.0,B01
201800009459,1.0,33,0,0.0,2.0,1.0,0.0,B01
201800009459,0.0,10,0,0.0,2.0,3.0,0.0,A01