Num_Acc,senc,catv,occutc,obs,obsm,choc,manv,num_veh
201800009460,0.0,7,0,0.0,2.0,1.0,2.0,A01
201800009460,0.0,7,0,0.0,0.0,4.0,2.0,B01
201800009461,1.0,7,0,8.0,0.0,1.0,13.0,A01
201800009462,2.0,30,0,0.0,0.0,0.0,0.0,B01
201800009462,1.0,33,0,0.0,2.0,3.0,1.0,A01
201800009463,1.0,7,0,0.0,2.0,1.0,13.0,A01
201800009463,2.0,7,0,0.0,2.0,1.0,23.0,B01
201800009464,2.0,7,0,0.0,2.0,2.0,16.0,A01
201800009464,2.0,7,0,0.0,2.0,8.0,16.0,B01
201800009465,2.0,7,0,8.0,0.0,1.0,1.0,A01
201800009466,2.0,30,0,1.0,0.0,1.0,21.0,A01
201800009467,1.0,7,0,14.0,0.0,1.0,2.0,A01
201800009468,1.0,2,0,0.0,2.0,8.0,14.0,A01
201800009468,1.0,34,0,0.0,2.0,7.0,1.0,B01
201800009469,1.0,33,0,12.0,0.0,1.0,1.0,A01
201800009470,0.0,7,0,0.0,2.0,4.0,1.0,B01
201800009470,0.0,31,0,0.0,2.0,1.0,1.0,A01
201800009471,1.0,7,0,0.0,2.0,1.0,1.0,B01
201800009471,1.0,7,0,0.0,2.0,1.0,0.0,A01
201800009472,2.0,7,0,0.0,2.0,4.0,23.0,B01
201800009472,2.0,7,0,0.0,2.0,1.0,2.0,A01
201800009473,2.0,30,0,0.0,2.0,1.0,15.0,B01
201800009473,2.0,7,0,0.0,2.0,1.0,1.0,A01
201800009474,0.0,7,0,8.0,2.0,1.0,1.0,A01
201800009474,0.0,7,0,0.0,2.0,3.0,1.0,B01
201800009475,2.0,33,0,0.0,2.0,7.0,17.0,B01
201800009475,2.0,7,0,0.0,2.0,3.0,13.0,A01
201800009476,1.0,7,0,0.0,2.0,2.0,13.0,A01
201800009476,1.0,2,0,0.0,2.0,3.0,0.0,B01
201800009477,1.0,37,1,0.0,1.0,2.0,1.0,A01
201800009478,2.0,31,0,0.0,1.0,1.0,0.0,A01
201800009479,0.0,2,0,14.0,0.0,1.0,13.0,A01
201800009480,1.0,7,0,0.0,,3.0,1.0,A01
201800009480,2.0,1,0,9.0,0.0,1.0,7.0,B01
201800009481,1.0,7,0,0.0,1.0,2.0,0.0,A01
201800009482,0.0,34,0,0.0,2.0,8.0,9.0,B01
201800009482,0.0,7,0,0.0,2.0,1.0,17.0,A01
201800009483,0.0,30,0,0.0,2.0,1.0,5.0,A01
201800009483,0.0,32,0,0.0,2.0,2.0,1.0,B01
201800009484,2.0,30,0,1.0,0.0,1.0,14.0,A01
201800009484,0.0,10,0,1.0,2.0,4.0,0.0,B01
201800009485,1.0,7,0,0.0,0.0,0.0,0.0,Z01
201800009485,1.0,30,0,0.0,0.0,0.0,1.0,A01
201800009486,2.0,2,0,0.0,2.0,4.0,1.0,B01
201800009486,2.0,7,0,0.0,2.0,1.0,2.0,Z01
201800009487,2.0,15,0,0.0,2.0,1.0,15.0,A01
201800009487,1.0,7,0,0.0,2.0,1.0,9.0,B01
201800009488,1.0,30,0,0.0,0.0,0.0,1.0,A01
201800009489,0.0,7,0,0.0,2.0,0.0,0.0,A01
201800009489,2.0,2,0,0.0,2.0,8.0,0.0,B01
201800009490,2.0,7,0,0.0,2.0,1.0,2.0,A01
201800009490,1.0,7,0,0.0,2.0,4.0,1.0,B01
201800009491,1.0,7,0,0.0,2.0,0.0,0.0,B01
201800009491,1.0,7,0,0.0,2.0,0.0,0.0,Z01
201800009492,1.0,30,0,0.0,2.0,2.0,0.0,B01
201800009492,1.0,7,0,0.0,2.0,3.0,15.0,A01
201800009493,1.0,32,0,0.0,2.0,3.0,2.0,B01
201800009493,1.0,7,0,0.0,2.0,3.0,9.0,A01
201800009494,1.0,34,0,0.0,1.0,1.0,1.0,A01
201800009495,0.0,10,0,0.0,2.0,3.0,15.0,A01
201800009495,1.0,34,0,0.0,2.0,2.0,1.0,B01
201800009496,2.0,10,0,0.0,2.0,1.0,2.0,A01
201800009496,2.0,10,0,0.0,2.0,4.0,2.0,C01
201800009496,2.0,10,0,0.0,2.0,1.0,2.0,B01
201800009497,0.0,34,0,0.0,2.0,2.0,0.0,B01
201800009497,1.0,10,0,0.0,2.0,8.0,20.0,A01
201800009498,0.0,10,0,0.0,2.0,1.0,0.0,A01
201800009498,0.0,7,0,0.0,2.0,7.0,9.0,B01
201800009499,1.0,32,0,0.0,2.0,3.0,1.0,A01
201800009499,0.0,7,0,0.0,2.0,2.0,15.0,B01
201800009500,2.0,7,0,0.0,2.0,7.0,12.0,A01
201800009500,2.0,33,0,0.0,2.0,8.0,1.0,B01
201800009501,1.0,7,0,0.0,1.0,3.0,8.0,A01
201800009502,1.0,7,0,0.0,2.0,1.0,0.0,B01
201800009502,2.0,7,0,0.0,2.0,1.0,13.0,Z01
201800009503,1.0,7,0,0.0,2.0,3.0,15.0,B01
201800009503,1.0,33,0,0.0,2.0,7.0,17.0,A01
201800009504,2.0,30,0,0.0,0.0,0.0,0.0,A01
201800009505,1.0,33,0,0.0,2.0,1.0,17.0,A01
201800009505,1.0,7,0,0.0,2.0,3.0,15.0,B01
201800009506,0.0,7,0,0.0,2.0,4.0,0.0,B01
201800009506,0.0,7,0,0.0,2.0,1.0,0.0,A01
201800009507,2.0,7,0,0.0,2.0,1.0,15.0,A01
201800009507,1.0,32,0,0.0,2.0,1.0,1.0,B01
201800009508,0.0,99,0,0.0,1.0,2.0,1.0,A01
201800009509,0.0,7,0,0.0,2.0,3.0,15.0,A01
201800009509,0.0,31,0,0.0,2.0,7.0,15.0,B01
201800009510,1.0,7,0,0.0,2.0,1.0,1.0,A01
201800009510,1.0,7,0,0.0,2.0,4.0,0.0,B01
201800009511,2.0,33,0,0.0,1.0,1.0,2.0,A01
201800009512,1.0,7,0,0.0,2.0,3.0,15.0,A01
201800009512,1.0,34,0,0.0,2.0,7.0,2.0,B01
201800009513,1.0,34,0,0.0,2.0,1.0,2.0,A01
201800009513,1.0,7,0,0.0,2.0,6.0,15.0,B01
201800009514,2.0,32,0,0.0,2.0,1.0,1.0,A01
201800009514,2.0,7,0,0.0,2.0,3.0,15.0,B01
201800009515,2.0,7,0,6.0,1.0,5.0,0.0,A01
201800009516,2.0,30,0,0.0,2.0,7.0,1.0,A01
201800009516,2.0,7,0,0.0,2.0,8.0,18.0,Z01
201800009517,1.0,7,0,0.0,1.0,1.0,1.0,A01
201800009518,0.0,7,0,0.0,2.0,1.0,0.0,A01
201800009518,0.0,7,0,0.0,2.0,1.0,1.0,Z01
201800009519,1.0,30,0,0.0,0.0,0.0,0.0,A01
201800009520,1.0,31,0,0.0,0.0,8.0,15.0,A01
201800009520,1.0,30,0,0.0,2.0,0.0,0.0,Z01
201800009521,0.0,7,0,0.0,2.0,2.0,16.0,A01
201800009521,0.0,37,50,0.0,2.0,1.0,1.0,B01
201800009522,1.0,33,0,0.0,2.0,1.0,1.0,B01
201800009522,2.0,7,0,0.0,2.0,3.0,15.0,A01
201800009523,0.0,7,0,4.0,0.0,1.0,14.0,A01
201800009524,1.0,7,0,0.0,1.0,2.0,16.0,Z01
201800009525,1.0,7,0,0.0,6.0,1.0,0.0,Z01
201800009525,1.0,7,0,0.0,6.0,4.0,23.0,A01
201800009526,0.0,7,0,0.0,0.0,0.0,0.0,B01
201800009526,0.0,34,0,0.0,0.0,3.0,21.0,A01
201800009527,0.0,7,0,0.0,0.0,6.0,10.0,A01
201800009527,0.0,31,0,0.0,2.0,2.0,1.0,B01
201800009528,2.0,7,0,0.0,2.0,1.0,1.0,A01
201800009528,0.0,7,0,0.0,2.0,8.0,2.0,B01
201800009529,0.0,7,0,6.0,0.0,1.0,1.0,A01
201800009530,0.0,7,0,8.0,0.0,1.0,1.0,A01
201800009531,1.0,7,0,0.0,1.0,2.0,1.0,A01
201800009532,2.0,32,0,0.0,0.0,8.0,21.0,A01
201800009533,0.0,32,0,0.0,2.0,1.0,2.0,B01
201800009533,0.0,7,0,0.0,2.0,4.0,2.0,A01
201800009534,1.0,34,0,14.0,0.0,1.0,0.0,A01
201800009535,2.0,7,0,0.0,2.0,2.0,1.0,A01
201800009535,2.0,34,0,0.0,2.0,8.0,1.0,B01
201800009536,1.0,7,0,9.0,0.0,2.0,14.0,A01
201800009537,0.0,7,0,0.0,2.0,4.0,0.0,B01
201800009537,0.0,14,0,0.0,2.0,1.0,0.0,A01
201800009538,2.0,30,0,0.0,1.0,1.0,2.0,A01
201800009539,1.0,7,0,0.0,1.0,2.0,15.0,A01
201800009540,0.0,34,0,0.0,0.0,7.0,1.0,A01
201800009541,2.0,7,0,0.0,1.0,2.0,0.0,B01
201800009542,2.0,7,0,0.0,2.0,4.0,1.0,B01
201800009542,2.0,30,0,0.0,2.0,1.0,1.0,A01
201800009543,1.0,99,0,0.0,1.0,1.0,1.0,Z01
201800009544,1.0,7,0,0.0,2.0,2.0,1.0,B01
201800009544,1.0,7,0,0.0,2.0,1.0,15.0,A01
201800009545,1.0,7,0,0.0,2.0,8.0,11.0,A01
201800009545,1.0,33,0,1.0,2.0,7.0,17.0,B01
201800009546,1.0,31,0,0.0,2.0,1.0,2.0,B01
201800009546,1.0,7,0,0.0,2.0,1.0,15.0,A01
201800009547,0.0,99,0,0.0,0.0,0.0,0.0,A01
201800009548,0.0,33,0,6.0,0.0,1.0,0.0,A01
201800009549,0.0,7,0,13.0,0.0,1.0,0.0,A01
201800009550,1.0,7,0,0.0,0.0,3.0,15.0,A01
201800009550,1.0,33,0,0.0,2.0,7.0,1.0,B01
201800009551,0.0,33,0,0.0,6.0,0.0,16.0,A01
201800009552,1.0,7,0,0.0,1.0,0.0,2.0,A01
201800009553,0.0,7,0,0.0,2.0,7.0,9.0,A01
201800009553,0.0,34,0,0.0,2.0,7.0,16.0,B01
201800009554,1.0,33,0,1.0,0.0,1.0,1.0,A01
201800009555,1.0,7,0,0.0,2.0,3.0,1.0,A01
201800009555,1.0,7,0,0.0,2.0,4.0,1.0,B01
201800009556,1.0,7,0,0.0,2.0,1.0,19.0,A01
201800009556,1.0,32,0,0.0,2.0,9.0,1.0,B01
201800009557,1.0,7,0,0.0,2.0,2.0,1.0,A01
201800009557,1.0,7,0,0.0,2.0,3.0,19.0,B01
201800009558,1.0,7,0,0.0,2.0,4.0,2.0,B01
201800009558,1.0,7,0,0.0,2.0,4.0,2.0,C01
201800009558,1.0,7,0,0.0,2.0,1.0,2.0,A01
201800009559,0.0,7,0,0.0,6.0,0.0,0.0,A01
201800009559,0.0,1,0,0.0,2.0,0.0,2.0,B01
201800009560,0.0,2,0,0.0,2.0,0.0,1.0,B01
201800009560,0.0,7,0,0.0,2.0,4.0,1.0,A01
201800009561,2.0,7,0,0.0,2.0,3.0,13.0,B01
201800009561,1.0,7,0,0.0,2.0,8.0,1.0,A01
201800009562,2.0,7,0,0.0,2.0,3.0,15.0,B01
201800009562,2.0,32,0,0.0,2.0,7.0,17.0,A01
201800009563,1.0,2,0,0.0,2.0,3.0,16.0,A01
201800009563,0.0,7,0,0.0,2.0,5.0,16.0,B01
201800009564,0.0,7,0,0.0,2.0,3.0,0.0,A01
201800009564,0.0,7,0,0.0,2.0,3.0,20.0,B01
201800009565,0.0,32,0,0.0,2.0,3.0,0.0,A01
201800009565,1.0,32,0,0.0,2.0,1.0,0.0,B01
201800009566,1.0,20,0,0.0,1.0,0.0,15.0,Z01
201800009567,1.0,33,0,0.0,0.0,9.0,0.0,A01
201800009568,1.0,99,0,,1.0,,,Z01
201800009569,2.0,33,0,0.0,1.0,8.0,2.0,A01
201800009570,2.0,7,0,1.0,0.0,3.0,1.0,A01
201800009571,0.0,10,0,0.0,2.0,8.0,1.0,A01
201800009571,0.0,14,0,0.0,2.0,2.0,15.0,B01
201800009572,1.0,7,0,0.0,1.0,2.0,1.0,Z01
201800009573,1.0,7,0,0.0,2.0,6.0,23.0,C01
201800009573,1.0,32,0,0.0,2.0,1.0,1.0,B01
201800009574,1.0,34,0,14.0,0.0,1.0,14.0,A01
201800009575,2.0,7,0,0.0,1.0,2.0,1.0,Z01
201800009576,0.0,34,0,0.0,2.0,6.0,0.0,B01
201800009576,1.0,34,0,0.0,2.0,1.0,1.0,A01
201800009577,1.0,7,0,0.0,2.0,1.0,1.0,B01
201800009577,1.0,7,0,0.0,2.0,3.0,10.0,A01
201800009578,1.0,33,0,1.0,2.0,4.0,2.0,B01
201800009579,0.0,7,0,0.0,2.0,2.0,0.0,C01
201800009579,0.0,7,0,0.0,2.0,3.0,2.0,A01
201800009579,0.0,2,0,0.0,2.0,7.0,17.0,B01
201800009580,2.0,14,0,0.0,1.0,1.0,3.0,A01
201800009581,2.0,1,0,0.0,0.0,0.0,2.0,A01
201800009582,0.0,99,0,0.0,1.0,0.0,0.0,Z01
201800009583,0.0,32,0,0.0,2.0,1.0,17.0,A01
201800009583,0.0,7,0,0.0,2.0,8.0,15.0,B01
201800009584,0.0,10,0,0.0,2.0,1.0,14.0,A01
201800009584,0.0,7,0,0.0,2.0,3.0,0.0,B01
201800009584,0.0,7,0,0.0,2.0,5.0,23.0,C01
201800009585,2.0,30,0,0.0,2.0,1.0,1.0,A01
201800009585,1.0,30,0,0.0,2.0,3.0,1.0,B01
201800009586,1.0,30,0,0.0,1.0,1.0,0.0,A01
201800009587,0.0,2,0,0.0,2.0,7.0,0.0,B01
201800009587,0.0,7,0,0.0,2.0,8.0,0.0,A01
201800009588,1.0,7,0,0.0,2.0,3.0,0.0,B01
201800009588,1.0,32,0,0.0,2.0,8.0,0.0,A01
201800009589,2.0,7,0,15.0,1.0,2.0,14.0,A01
201800009590,2.0,31,0,0.0,2.0,5.0,17.0,A01
201800009590,2.0,7,0,0.0,2.0,3.0,1.0,B01
201800009591,1.0,7,0,0.0,1.0,1.0,16.0,A01
201800009592,1.0,7,0,0.0,2.0,4.0,2.0,B01
201800009592,1.0,7,0,0.0,2.0,0.0,2.0,A01
201800009593,2.0,7,0,0.0,2.0,7.0,15.0,A01
201800009593,1.0,33,0,0.0,2.0,1.0,1.0,B01
201800009594,1.0,7,0,0.0,2.0,1.0,0.0,A01
201800009594,1.0,2,0,0.0,2.0,1.0,0.0,B01
201800009595,1.0,7,0,0.0,2.0,1.0,0.0,A01
201800009595,0.0,7,0,0.0,2.0,3.0,1.0,B01
201800009596,1.0,30,0,0.0,1.0,1.0,1.0,A01
201800009597,2.0,33,0,12.0,0.0,1.0,21.0,A01
201800009598,1.0,7,0,0.0,2.0,1.0,15.0,Z01
201800009598,1.0,32,0,8.0,1.0,1.0,1.0,A01
201800009599,2.0,30,0,0.0,0.0,8.0,1.0,B01
201800009599,2.0,1,0,0.0,0.0,1.0,1.0,C01
201800009600,1.0,7,0,0.0,1.0,2.0,1.0,A01
201800009601,1.0,7,0,0.0,1.0,1.0,15.0,A01
201800009602,1.0,33,0,0.0,2.0,1.0,1.0,B01
201800009602,1.0,7,0,0.0,2.0,3.0,15.0,A01
201800009603,0.0,33,0,0.0,2.0,7.0,17.0,B01
201800009603,0.0,14,0,0.0,2.0,2.0,4.0,A01
201800009604,2.0,7,0,0.0,2.0,2.0,1.0,A01
201800009604,0.0,7,0,0.0,2.0,1.0,1.0,Z01
201800009605,2.0,7,0,0.0,2.0,1.0,15.0,A01
201800009605,1.0,2,0,0.0,0.0,0.0,0.0,B01
201800009606,1.0,7,0,0.0,0.0,4.0,2.0,B01
201800009606,1.0,7,0,0.0,2.0,1.0,2.0,A01
201800009607,1.0,7,0,0.0,2.0,3.0,11.0,A01
201800009607,1.0,31,0,0.0,2.0,1.0,2.0,B01
201800009608,0.0,7,0,14.0,0.0,4.0,1.0,A01
201800009608,0.0,7,0,0.0,2.0,4.0,1.0,B01
201800009608,0.0,7,0,14.0,2.0,1.0,1.0,C01
201800009609,1.0,32,0,0.0,0.0,0.0,1.0,A01
201800009610,1.0,7,0,0.0,1.0,7.0,16.0,A01
201800009611,1.0,7,0,0.0,2.0,3.0,10.0,A01
201800009611,1.0,2,0,0.0,2.0,2.0,1.0,B01
201800009612,1.0,7,0,0.0,1.0,1.0,19.0,A01
201800009613,0.0,34,0,11.0,0.0,1.0,2.0,A01
201800009614,1.0,31,0,0.0,2.0,1.0,15.0,A01
201800009614,1.0,31,0,0.0,2.0,4.0,14.0,B01
201800009615,0.0,7,0,0.0,2.0,0.0,0.0,A01
201800009615,0.0,7,0,0.0,2.0,3.0,13.0,B01
201800009615,0.0,33,0,0.0,2.0,1.0,1.0,C01
201800009616,2.0,7,0,0.0,1.0,1.0,1.0,A01
201800009617,0.0,7,0,0.0,2.0,0.0,0.0,A01
201800009617,1.0,34,0,0.0,2.0,0.0,0.0,B01
201800009618,1.0,34,0,0.0,1.0,1.0,17.0,A01
201800009619,2.0,33,0,14.0,2.0,1.0,1.0,A01
201800009620,1.0,30,0,0.0,2.0,1.0,1.0,A01
201800009620,1.0,30,0,0.0,2.0,1.0,1.0,B01
201800009621,0.0,32,0,0.0,0.0,0.0,21.0,A01
201800009622,1.0,7,0,8.0,0.0,1.0,2.0,A01
201800009623,0.0,7,0,0.0,1.0,1.0,0.0,Z01
201800009624,1.0,7,0,0.0,2.0,4.0,2.0,B01
201800009624,1.0,7,0,0.0,2.0,4.0,0.0,C01
201800009624,1.0,7,0,0.0,2.0,1.0,1.0,A01
201800009625,2.0,33,0,0.0,2.0,7.0,3.0,B01
201800009625,2.0,7,0,0.0,2.0,3.0,15.0,Z01
201800009626,1.0,7,0,0.0,2.0,2.0,15.0,A01
201800009626,0.0,32,0,0.0,2.0,1.0,1.0,B01
201800009627,2.0,10,0,0.0,2.0,2.0,2.0,A01
201800009627,1.0,7,0,0.0,2.0,8.0,2.0,B01
201800009628,1.0,32,0,0.0,2.0,0.0,0.0,B01
201800009629,2.0,7,0,0.0,1.0,2.0,2.0,A01
201800009630,1.0,7,0,0.0,2.0,1.0,1.0,B01
201800009630,1.0,7,0,0.0,2.0,8.0,15.0,A01
201800009631,0.0,30,0,0.0,2.0,1.0,2.0,B01
201800009631,0.0,7,0,0.0,2.0,2.0,12.0,A01
201800009632,0.0,32,0,0.0,2.0,2.0,1.0,B01
201800009632,2.0,7,0,0.0,2.0,8.0,15.0,A01
201800009633,0.0,7,0,0.0,2.0,0.0,1.0,A01
201800009633,0.0,30,0,0.0,2.0,0.0,2.0,B01
201800009634,1.0,33,0,0.0,2.0,1.0,0.0,A01
201800009634,1.0,3,0,0.0,2.0,6.0,9.0,B01
201800009635,1.0,7,0,0.0,2.0,6.0,12.0,A01
201800009635,1.0,7,0,0.0,2.0,0.0,12.0,B01
201800009636,0.0,33,0,0.0,2.0,1.0,1.0,B01
201800009636,0.0,10,0,0.0,2.0,8.0,15.0,A01
201800009637,1.0,32,0,0.0,2.0,1.0,0.0,B01
201800009637,1.0,99,0,0.0,2.0,0.0,0.0,C01
201800009637,1.0,7,0,0.0,2.0,5.0,1.0,A01
201800009638,1.0,7,0,0.0,2.0,1.0,15.0,A01
201800009638,1.0,33,0,0.0,2.0,8.0,1.0,B01
201800009639,2.0,10,0,1.0,2.0,8.0,15.0,A01
201800009639,2.0,30,0,1.0,2.0,1.0,1.0,B01
201800009640,0.0,99,0,0.0,2.0,0.0,0.0,Z01
201800009640,1.0,30,0,0.0,2.0,7.0,0.0,A01
201800009641,1.0,30,0,1.0,0.0,4.0,21.0,A01
201800009642,1.0,34,0,0.0,2.0,1.0,7.0,B01
201800009642,1.0,7,0,0.0,2.0,7.0,16.0,A01
201800009643,1.0,30,0,0.0,2.0,8.0,18.0,A01
201800009643,1.0,15,0,0.0,2.0,7.0,9.0,B01
201800009644,2.0,2,0,0.0,2.0,1.0,1.0,B01
201800009644,2.0,7,0,0.0,2.0,8.0,10.0,A01
201800009645,1.0,99,0,,1.0,,,A01
201800009646,0.0,14,0,0.0,2.0,2.0,1.0,B01
201800009646,0.0,7,0,0.0,2.0,2.0,19.0,A01
201800009647,1.0,10,0,0.0,2.0,4.0,2.0,A01
201800009647,1.0,10,0,0.0,2.0,4.0,2.0,B01
201800009647,1.0,7,0,0.0,2.0,1.0,2.0,Z01
201800009648,1.0,7,0,0.0,2.0,4.0,2.0,B01
201800009648,1.0,7,0,0.0,0.0,4.0,15.0,C01
201800009648,1.0,7,0,0.0,2.0,1.0,2.0,A01
201800009649,1.0,7,0,0.0,2.0,3.0,15.0,A01
201800009649,1.0,34,0,0.0,2.0,3.0,1.0,B01
201800009650,2.0,31,0,0.0,2.0,1.0,0.0,B01
201800009650,1.0,7,0,0.0,2.0,1.0,0.0,A01
201800009651,2.0,7,0,0.0,2.0,4.0,2.0,B01
201800009651,2.0,7,0,0.0,2.0,4.0,2.0,C01
201800009651,2.0,7,0,0.0,2.0,1.0,2.0,A01
201800009652,1.0,32,0,0.0,2.0,2.0,0.0,A01
201800009652,1.0,7,0,0.0,2.0,3.0,0.0,B01
201800009653,1.0,32,0,0.0,2.0,4.0,1.0,C01
201800009653,1.0,7,0,0.0,2.0,8.0,11.0,A01
201800009653,1.0,7,0,0.0,2.0,7.0,1.0,B01
201800009654,2.0,7,0,0.0,2.0,8.0,15.0,A01
201800009654,2.0,30,0,0.0,2.0,7.0,17.0,B01
201800009655,1.0,7,0,0.0,1.0,1.0,15.0,A01
201800009656,0.0,33,0,0.0,1.0,1.0,13.0,A01
201800009657,2.0,7,0,0.0,1.0,1.0,1.0,A01
201800009658,1.0,7,0,0.0,2.0,3.0,10.0,B01
201800009658,1.0,30,0,0.0,2.0,1.0,1.0,A01
201800009659,1.0,10,0,0.0,2.0,1.0,1.0,A01
201800009659,2.0,99,0,0.0,2.0,4.0,1.0,B01
201800009660,1.0,2,0,0.0,2.0,1.0,17.0,A01
201800009660,1.0,7,0,0.0,2.0,4.0,15.0,B01
201800009661,1.0,7,0,0.0,2.0,6.0,11.0,A01
201800009661,1.0,33,0,0.0,2.0,2.0,2.0,B01
201800009662,1.0,34,0,0.0,2.0,1.0,18.0,A01
201800009662,1.0,7,0,0.0,2.0,5.0,16.0,B01
201800009663,2.0,30,0,0.0,2.0,3.0,0.0,B01
201800009663,1.0,7,0,0.0,2.0,2.0,0.0,Z01
201800009664,2.0,30,0,0.0,2.0,1.0,13.0,A01
201800009664,1.0,34,0,0.0,2.0,1.0,1.0,B01
201800009665,0.0,30,0,0.0,0.0,0.0,0.0,A01
201800009666,2.0,30,0,0.0,0.0,3.0,0.0,A01
201800009667,2.0,7,0,0.0,1.0,3.0,17.0,A01
201800009668,1.0,14,0,0.0,2.0,2.0,1.0,A01
201800009668,1.0,32,0,15.0,2.0,1.0,18.0,B01
201800009669,2.0,30,0,0.0,2.0,8.0,1.0,A01
201800009669,1.0,7,0,0.0,2.0,1.0,1.0,B01
201800009670,1.0,10,0,9.0,0.0,9.0,1.0,A01
201800009671,2.0,33,0,0.0,2.0,7.0,1.0,B01
201800009671,1.0,7,0,0.0,2.0,1.0,15.0,A01
201800009672,1.0,32,0,0.0,2.0,8.0,1.0,B01
201800009672,1.0,7,0,0.0,2.0,2.0,19.0,A01
201800009673,1.0,7,0,1.0,0.0,2.0,17.0,A01
201800009673,1.0,7,0,0.0,2.0,8.0,24.0,B01
201800009674,0.0,30,0,0.0,1.0,1.0,1.0,Z01
201800009675,0.0,7,0,0.0,2.0,3.0,15.0,A01
201800009675,0.0,7,0,0.0,2.0,2.0,1.0,B01
201800009676,1.0,31,0,6.0,0.0,1.0,13.0,A01
201800009677,1.0,30,0,0.0,2.0,0.0,1.0,B01
201800009677,1.0,7,0,0.0,2.0,0.0,2.0,Z01
201800009678,2.0,7,0,0.0,2.0,3.0,13.0,A01
201800009678,1.0,7,0,0.0,2.0,6.0,1.0,B01
201800009679,0.0,32,0,0.0,2.0,7.0,1.0,A01
201800009679,0.0,7,0,0.0,2.0,0.0,0.0,Z01
201800009680,0.0,7,0,0.0,2.0,1.0,0.0,A01
201800009680,0.0,7,0,1.0,2.0,2.0,1.0,B01
201800009681,0.0,7,0,0.0,2.0,6.0,1.0,B01
201800009681,0.0,32,0,0.0,2.0,8.0,1.0,A01
201800009682,1.0,7,0,0.0,1.0,1.0,1.0,Z01
201800009683,2.0,7,0,0.0,2.0,1.0,15.0,A01
201800009683,1.0,7,0,0.0,2.0,1.0,1.0,B01
201800009684,1.0,7,0,1.0,2.0,1.0,2.0,Z01
201800009684,0.0,7,0,0.0,2.0,6.0,24.0,C01
201800009684,1.0,7,0,1.0,2.0,6.0,1.0,B01
201800009685,1.0,7,0,0.0,1.0,0.0,0.0,A01
201800009686,0.0,32,0,0.0,2.0,1.0,1.0,B01
201800009686,0.0,7,0,0.0,2.0,2.0,15.0,A01
201800009687,1.0,13,0,0.0,2.0,3.0,15.0,A01
201800009687,1.0,34,0,0.0,2.0,9.0,17.0,B01
201800009688,2.0,7,0,0.0,2.0,5.0,1.0,B01
201800009688,2.0,7,0,0.0,2.0,1.0,1.0,A01
201800009689,0.0,7,0,9.0,0.0,1.0,21.0,A01
201800009690,1.0,7,0,0.0,1.0,1.0,15.0,A01
201800009691,1.0,99,0,0.0,2.0,7.0,9.0,A01
201800009691,1.0,30,0,0.0,2.0,1.0,9.0,B01
201800009692,2.0,7,0,0.0,2.0,8.0,10.0,A01
201800009692,1.0,33,0,0.0,2.0,1.0,1.0,B01
201800009693,1.0,7,0,0.0,1.0,1.0,1.0,A01
201800009694,2.0,7,0,0.0,1.0,3.0,1.0,A01
201800009695,1.0,1,0,0.0,2.0,1.0,2.0,A01
201800009695,1.0,1,0,0.0,2.0,3.0,9.0,B01
201800009696,1.0,7,0,0.0,1.0,2.0,1.0,A01
201800009697,0.0,32,0,0.0,2.0,8.0,1.0,B01
201800009697,0.0,7,0,0.0,2.0,1.0,15.0,A01
201800009698,2.0,7,0,0.0,1.0,0.0,1.0,A01
201800009699,2.0,7,0,14.0,0.0,0.0,1.0,A01
201800009700,1.0,7,0,0.0,2.0,7.0,1.0,B01
201800009700,1.0,7,0,0.0,2.0,1.0,0.0,A01
201800009701,1.0,7,0,0.0,2.0,2.0,16.0,A01
201800009701,1.0,2,0,0.0,2.0,1.0,23.0,B01
201800009701,1.0,37,1,0.0,2.0,1.0,23.0,C01
201800009702,1.0,7,0,8.0,0.0,1.0,21.0,A01
201800009703,2.0,7,0,0.0,2.0,0.0,2.0,A01
201800009703,2.0,7,0,0.0,2.0,0.0,17.0,Z01
201800009704,2.0,7,0,0.0,2.0,1.0,1.0,Z01
201800009704,2.0,7,0,0.0,2.0,4.0,23.0,A01
201800009705,1.0,10,0,0.0,2.0,3.0,1.0,A01
201800009705,1.0,37,1,0.0,2.0,2.0,14.0,B01
201800009706,0.0,33,0,0.0,2.0,8.0,0.0,B01
201800009706,1.0,7,0,0.0,2.0,7.0,0.0,A01
201800009707,1.0,7,0,0.0,2.0,1.0,0.0,A01
201800009707,1.0,7,0,0.0,2.0,3.0,1.0,B01
201800009708,1.0,31,0,0.0,2.0,7.0,1.0,A01
201800009708,1.0,7,0,0.0,2.0,8.0,15.0,B01
201800009709,2.0,33,0,0.0,1.0,1.0,0.0,A01
201800009709,2.0,33,0,0.0,2.0,1.0,2.0,B01
201800009710,2.0,7,0,0.0,2.0,7.0,15.0,B01
201800009710,2.0,30,0,0.0,2.0,1.0,2.0,A01
201800009711,0.0,7,0,8.0,0.0,1.0,0.0,A01
201800009712,2.0,33,0,0.0,1.0,1.0,1.0,A01
201800009713,2.0,33,0,0.0,1.0,3.0,0.0,A01
201800009714,2.0,7,0,0.0,2.0,3.0,15.0,A01
201800009714,2.0,32,0,0.0,2.0,7.0,1.0,B01
201800009715,1.0,30,0,0.0,2.0,7.0,17.0,A01
201800009715,2.0,7,0,0.0,2.0,6.0,15.0,C01
201800009715,1.0,7,0,0.0,2.0,6.0,9.0,B01