Num_Acc,senc,catv,occutc,obs,obsm,choc,manv,num_veh
201800009716,2.0,7,0,0.0,2.0,3.0,13.0,A01
201800009716,2.0,7,0,0.0,2.0,3.0,1.0,C01
201800009716,2.0,7,0,0.0,2.0,3.0,1.0,B01
201800009717,2.0,7,0,12.0,0.0,1.0,21.0,A01
201800009718,2.0,34,0,0.0,2.0,1.0,1.0,B01
201800009718,1.0,7,0,0.0,2.0,2.0,15.0,A01
201800009719,0.0,7,0,11.0,0.0,1.0,0.0,A01
201800009720,1.0,7,0,0.0,2.0,4.0,0.0,A01
201800009720,1.0,7,0,0.0,2.0,0.0,0.0,B01
201800009721,0.0,7,0,0.0,2.0,5.0,15.0,A01
201800009721,0.0,33,0,0.0,2.0,7.0,1.0,B01
201800009722,1.0,2,0,0.0,2.0,2.0,2.0,A01
201800009722,0.0,99,0,0.0,0.0,0.0,0.0,Z01
201800009723,2.0,7,0,0.0,2.0,3.0,12.0,C01
201800009723,2.0,7,0,0.0,2.0,0.0,12.0,A01
201800009723,2.0,7,0,0.0,2.0,4.0,23.0,B01
201800009724,0.0,7,0,0.0,1.0,1.0,1.0,A01
201800009725,1.0,10,0,9.0,2.0,4.0,2.0,A01
201800009725,1.0,10,0,9.0,2.0,1.0,2.0,B01
201800009726,1.0,30,0,0.0,2.0,1.0,2.0,A01
201800009726,1.0,7,0,0.0,2.0,4.0,1.0,B01
201800009727,2.0,7,0,0.0,2.0,8.0,0.0,Z01
201800009727,2.0,33,0,0.0,2.0,7.0,17.0,A01
201800009728,1.0,7,0,0.0,2.0,1.0,15.0,A01
201800009728,1.0,32,0,0.0,2.0,3.0,1.0,B01
201800009729,2.0,7,0,0.0,1.0,1.0,1.0,A01
201800009730,1.0,10,0,0.0,2.0,2.0,2.0,B01
201800009730,1.0,34,0,0.0,2.0,8.0,11.0,A01
201800009731,1.0,7,0,0.0,2.0,1.0,2.0,A01
201800009731,1.0,10,0,0.0,2.0,4.0,2.0,B01
201800009732,1.0,7,0,0.0,2.0,6.0,15.0,A01
201800009732,2.0,33,0,0.0,2.0,0.0,0.0,B01
201800009733,1.0,32,0,0.0,2.0,0.0,1.0,B01
201800009733,1.0,7,0,0.0,2.0,2.0,0.0,A01
201800009734,1.0,33,0,0.0,2.0,3.0,1.0,B01
201800009734,1.0,10,0,0.0,2.0,2.0,1.0,A01
201800009735,1.0,7,0,0.0,2.0,2.0,15.0,A01
201800009735,2.0,2,0,0.0,2.0,8.0,16.0,B01
201800009736,1.0,99,0,0.0,1.0,0.0,23.0,A01
201800009737,0.0,32,0,0.0,2.0,7.0,1.0,B01
201800009737,2.0,7,0,0.0,2.0,3.0,15.0,A01
201800009738,1.0,7,0,8.0,1.0,2.0,13.0,A01
201800009739,1.0,7,0,6.0,0.0,1.0,0.0,A01
201800009740,2.0,99,0,0.0,2.0,8.0,17.0,A01
201800009740,2.0,7,0,0.0,0.0,8.0,15.0,B01
201800009741,0.0,7,0,0.0,2.0,2.0,20.0,A01
201800009741,0.0,7,0,1.0,2.0,3.0,1.0,B01
201800009742,0.0,7,0,0.0,1.0,1.0,17.0,A01
201800009743,0.0,1,0,0.0,2.0,7.0,1.0,B01
201800009743,0.0,7,0,0.0,2.0,1.0,1.0,A01
201800009744,1.0,7,0,0.0,2.0,0.0,0.0,Z01
201800009744,1.0,30,0,0.0,2.0,1.0,14.0,A01
201800009745,1.0,33,0,0.0,2.0,1.0,1.0,B01
201800009745,2.0,7,0,0.0,1.0,3.0,15.0,A01
201800009746,1.0,7,0,0.0,2.0,8.0,19.0,B01
201800009746,1.0,7,0,0.0,2.0,8.0,1.0,A01
201800009747,1.0,7,0,0.0,2.0,1.0,1.0,A01
201800009747,1.0,7,0,0.0,2.0,1.0,1.0,B01
201800009748,0.0,7,0,0.0,2.0,8.0,23.0,A01
201800009748,1.0,32,0,0.0,2.0,1.0,3.0,B01
201800009749,1.0,30,0,0.0,2.0,8.0,0.0,A01
201800009749,1.0,7,0,0.0,2.0,3.0,2.0,B01
201800009750,1.0,31,0,8.0,0.0,1.0,1.0,A01
201800009751,2.0,7,0,0.0,1.0,1.0,9.0,A01
201800009752,2.0,7,0,0.0,2.0,7.0,1.0,B01
201800009752,0.0,99,0,0.0,2.0,1.0,1.0,Z01
201800009753,2.0,32,0,0.0,2.0,1.0,1.0,A01
201800009753,1.0,7,0,0.0,2.0,0.0,0.0,Z01
201800009754,1.0,7,0,0.0,2.0,3.0,9.0,B01
201800009754,1.0,30,0,0.0,2.0,3.0,9.0,A01
201800009755,1.0,7,0,0.0,2.0,1.0,15.0,A01
201800009755,1.0,7,0,0.0,2.0,1.0,15.0,B01
201800009756,2.0,10,0,0.0,2.0,0.0,0.0,A01
201800009756,2.0,2,0,0.0,2.0,0.0,0.0,B01
201800009757,0.0,7,0,0.0,1.0,1.0,2.0,A01
201800009758,1.0,32,0,0.0,2.0,2.0,17.0,B01
201800009758,0.0,7,0,0.0,2.0,8.0,13.0,A01
201800009759,0.0,7,0,1.0,0.0,2.0,1.0,A01
201800009760,1.0,7,0,0.0,1.0,1.0,17.0,A01
201800009761,1.0,7,0,0.0,1.0,2.0,2.0,A01
201800009762,1.0,7,0,0.0,2.0,4.0,2.0,B01
201800009762,1.0,7,0,0.0,2.0,1.0,2.0,A01
201800009763,1.0,2,0,1.0,0.0,0.0,1.0,A01
201800009764,2.0,7,0,0.0,0.0,0.0,0.0,Z01
201800009764,2.0,32,0,4.0,2.0,0.0,0.0,A01
201800009765,2.0,7,0,9.0,2.0,4.0,1.0,B01
201800009765,2.0,7,0,9.0,2.0,1.0,2.0,A01
201800009766,1.0,7,0,0.0,2.0,3.0,23.0,B01
201800009766,2.0,33,0,0.0,1.0,7.0,1.0,A01
201800009767,0.0,1,0,0.0,2.0,4.0,2.0,B01
201800009767,0.0,7,0,0.0,6.0,1.0,2.0,A01
201800009768,1.0,7,0,0.0,2.0,2.0,1.0,B01
201800009768,1.0,7,0,0.0,2.0,3.0,1.0,A01
201800009769,1.0,31,0,0.0,2.0,1.0,1.0,B01
201800009769,2.0,7,0,0.0,2.0,2.0,10.0,A01
201800009770,2.0,10,0,0.0,1.0,1.0,2.0,Z01
201800009771,1.0,7,0,0.0,2.0,6.0,2.0,A01
201800009771,1.0,7,0,0.0,2.0,6.0,2.0,B01
201800009772,2.0,34,0,0.0,2.0,9.0,15.0,A01
201800009772,2.0,33,0,0.0,2.0,0.0,1.0,B01
201800009773,1.0,7,0,3.0,0.0,1.0,6.0,A01
201800009774,2.0,30,0,0.0,2.0,2.0,0.0,Z01
201800009774,2.0,7,0,0.0,2.0,3.0,1.0,B01
201800009775,1.0,34,0,0.0,2.0,1.0,1.0,B01
201800009775,1.0,7,0,0.0,2.0,2.0,1.0,A01
201800009776,0.0,33,0,0.0,2.0,1.0,1.0,B01
201800009776,0.0,10,0,0.0,2.0,8.0,15.0,A01
201800009777,0.0,10,0,0.0,2.0,5.0,19.0,B01
201800009777,1.0,33,0,0.0,2.0,1.0,1.0,A01
201800009778,1.0,7,0,0.0,2.0,1.0,1.0,A01
201800009778,1.0,7,0,0.0,2.0,4.0,23.0,B01
201800009779,0.0,7,0,0.0,1.0,1.0,15.0,A01
201800009780,0.0,7,0,0.0,1.0,2.0,1.0,A01
201800009781,2.0,7,0,0.0,2.0,3.0,1.0,B01
201800009781,1.0,30,0,0.0,2.0,3.0,5.0,A01
201800009782,1.0,7,0,0.0,2.0,8.0,1.0,B01
201800009782,2.0,34,0,0.0,2.0,1.0,1.0,A01
201800009783,2.0,10,0,1.0,0.0,1.0,1.0,A01
201800009784,1.0,7,0,0.0,2.0,6.0,15.0,A01
201800009784,1.0,2,0,0.0,2.0,1.0,17.0,B01
201800009785,1.0,14,0,0.0,6.0,2.0,16.0,A01
201800009785,1.0,1,0,0.0,2.0,1.0,1.0,B01
201800009786,0.0,7,0,0.0,2.0,6.0,15.0,B01
201800009786,0.0,30,0,0.0,2.0,1.0,2.0,A01
201800009787,0.0,7,0,0.0,1.0,1.0,15.0,A01
201800009788,0.0,7,0,0.0,1.0,1.0,2.0,A01
201800009789,1.0,7,0,0.0,1.0,3.0,0.0,A01
201800009790,1.0,7,0,0.0,1.0,1.0,15.0,A01
201800009791,0.0,7,0,0.0,2.0,5.0,9.0,B01
201800009791,0.0,33,0,0.0,2.0,5.0,15.0,A01
201800009792,0.0,7,0,0.0,2.0,1.0,2.0,Z01
201800009792,0.0,30,0,0.0,2.0,4.0,1.0,A01
201800009793,1.0,1,0,0.0,2.0,8.0,1.0,B01
201800009793,1.0,7,0,0.0,2.0,7.0,16.0,A01
201800009794,0.0,7,0,0.0,1.0,3.0,1.0,A01
201800009795,0.0,30,0,1.0,1.0,0.0,17.0,A01
201800009796,1.0,7,0,0.0,1.0,0.0,0.0,A01
201800009797,1.0,33,0,0.0,0.0,7.0,0.0,A01
201800009798,0.0,34,0,0.0,2.0,1.0,1.0,B01
201800009798,1.0,7,0,0.0,2.0,3.0,11.0,A01
201800009799,1.0,7,0,1.0,1.0,7.0,17.0,A01
201800009800,1.0,7,0,0.0,6.0,8.0,9.0,A01
201800009800,1.0,1,0,0.0,2.0,1.0,15.0,B01
201800009801,2.0,30,0,1.0,0.0,7.0,1.0,A01
201800009802,0.0,30,0,0.0,2.0,1.0,1.0,B01
201800009802,0.0,7,0,0.0,2.0,2.0,15.0,A01
201800009803,2.0,99,0,0.0,2.0,6.0,1.0,Z01
201800009803,1.0,33,0,0.0,2.0,1.0,1.0,A01
201800009804,2.0,7,0,0.0,2.0,0.0,0.0,B01
201800009804,1.0,30,0,0.0,2.0,0.0,1.0,A01
201800009805,1.0,7,0,0.0,1.0,4.0,0.0,A01
201800009806,0.0,34,0,0.0,0.0,8.0,1.0,A01
201800009807,2.0,7,0,1.0,0.0,5.0,23.0,B01
201800009807,2.0,7,0,0.0,2.0,1.0,2.0,A01
201800009808,2.0,7,0,0.0,2.0,2.0,0.0,A01
201800009808,2.0,7,0,0.0,2.0,8.0,1.0,B01
201800009809,1.0,7,0,0.0,1.0,0.0,0.0,Z01
201800009810,2.0,7,0,0.0,1.0,8.0,2.0,A01
201800009811,2.0,7,0,0.0,2.0,9.0,2.0,C01
201800009811,2.0,7,0,0.0,2.0,9.0,2.0,B01
201800009811,2.0,7,0,0.0,2.0,1.0,2.0,A01
201800009812,1.0,7,0,0.0,2.0,1.0,15.0,B01
201800009812,2.0,2,0,0.0,2.0,1.0,1.0,A01
201800009813,0.0,2,0,0.0,2.0,1.0,0.0,B01
201800009813,0.0,7,0,0.0,2.0,4.0,0.0,A01
201800009814,0.0,10,0,0.0,6.0,8.0,15.0,A01
201800009814,0.0,32,0,0.0,2.0,1.0,1.0,B01
201800009815,1.0,7,0,0.0,2.0,8.0,20.0,B01
201800009815,1.0,7,0,0.0,2.0,2.0,17.0,A01
201800009816,0.0,34,0,4.0,0.0,0.0,1.0,A01
201800009817,0.0,7,0,0.0,2.0,1.0,1.0,B01
201800009817,0.0,30,0,0.0,2.0,6.0,1.0,A01
201800009818,0.0,30,0,2.0,0.0,1.0,19.0,A01
201800009819,1.0,34,0,0.0,2.0,1.0,15.0,A01
201800009819,2.0,33,0,0.0,2.0,1.0,15.0,B01
201800009820,1.0,7,0,10.0,0.0,2.0,1.0,A01
201800009821,2.0,7,0,0.0,2.0,3.0,15.0,B01
201800009821,2.0,30,0,0.0,2.0,0.0,18.0,A01
201800009822,2.0,7,0,0.0,2.0,5.0,16.0,B01
201800009822,2.0,32,0,0.0,2.0,0.0,2.0,A01
201800009823,1.0,7,0,0.0,1.0,1.0,15.0,A01
201800009824,2.0,33,0,0.0,2.0,8.0,1.0,A01
201800009824,1.0,7,0,0.0,2.0,5.0,1.0,Z01
201800009825,1.0,7,0,0.0,2.0,1.0,1.0,A01
201800009825,1.0,7,0,0.0,2.0,4.0,1.0,B01
201800009826,1.0,31,0,0.0,0.0,0.0,0.0,A01
201800009827,1.0,7,0,0.0,1.0,2.0,1.0,A01
201800009828,1.0,32,0,0.0,2.0,8.0,1.0,B01
201800009828,1.0,7,0,0.0,2.0,7.0,12.0,A01
201800009829,1.0,32,0,0.0,2.0,8.0,1.0,B01
201800009829,1.0,7,0,0.0,2.0,2.0,15.0,A01
201800009830,0.0,34,0,3.0,0.0,0.0,0.0,A01
201800009831,0.0,7,0,0.0,2.0,3.0,1.0,B01
201800009831,0.0,7,0,0.0,0.0,2.0,1.0,A01
201800009832,2.0,30,0,0.0,0.0,7.0,2.0,A01
201800009833,1.0,7,0,0.0,2.0,3.0,23.0,B01
201800009833,1.0,33,0,0.0,2.0,7.0,17.0,A01
201800009834,1.0,7,0,0.0,2.0,3.0,1.0,A01
201800009834,1.0,7,0,0.0,2.0,1.0,1.0,B01
201800009835,1.0,7,0,0.0,1.0,3.0,1.0,A01
201800009836,1.0,31,0,0.0,1.0,1.0,1.0,A01
201800009837,1.0,33,0,0.0,2.0,7.0,17.0,B01
201800009837,1.0,7,0,0.0,2.0,3.0,13.0,A01
201800009838,1.0,7,0,0.0,2.0,1.0,6.0,B01
201800009838,2.0,7,0,0.0,2.0,1.0,1.0,A01
201800009839,0.0,3,0,0.0,2.0,9.0,2.0,B01
201800009839,0.0,7,0,0.0,2.0,4.0,23.0,A01
201800009839,0.0,7,0,0.0,2.0,4.0,2.0,D01
201800009839,0.0,7,0,0.0,2.0,9.0,2.0,C01
201800009840,2.0,7,0,0.0,2.0,7.0,1.0,A01
201800009840,2.0,7,0,0.0,2.0,1.0,23.0,C01
201800009840,2.0,7,0,0.0,2.0,1.0,1.0,B01
201800009841,1.0,33,0,0.0,2.0,1.0,0.0,A01
201800009841,2.0,7,0,0.0,2.0,1.0,1.0,B01
201800009842,1.0,7,0,0.0,0.0,0.0,0.0,B01
201800009842,1.0,33,0,0.0,2.0,5.0,0.0,A01
201800009843,0.0,34,0,1.0,0.0,1.0,1.0,A01
201800009844,1.0,33,0,3.0,0.0,0.0,0.0,A01
201800009845,1.0,7,0,0.0,2.0,1.0,2.0,A01
201800009845,1.0,7,0,0.0,2.0,4.0,23.0,B01
201800009846,1.0,30,0,0.0,1.0,1.0,1.0,A01
201800009847,0.0,7,0,0.0,1.0,2.0,1.0,A01
201800009848,0.0,33,0,0.0,2.0,8.0,1.0,B01
201800009848,0.0,7,0,0.0,2.0,1.0,1.0,A01
201800009849,1.0,32,0,0.0,2.0,1.0,1.0,B01
201800009849,0.0,7,0,0.0,2.0,3.0,9.0,A01
201800009850,1.0,30,0,14.0,0.0,8.0,1.0,A01
201800009851,1.0,7,0,0.0,2.0,2.0,15.0,B01
201800009851,1.0,7,0,0.0,2.0,1.0,1.0,A01
201800009852,0.0,7,0,0.0,2.0,1.0,1.0,A01
201800009852,1.0,7,0,0.0,2.0,1.0,1.0,B01
201800009853,2.0,2,0,0.0,2.0,1.0,0.0,B01
201800009853,1.0,7,0,0.0,2.0,3.0,0.0,A01
201800009854,0.0,32,0,0.0,2.0,3.0,1.0,B01
201800009854,0.0,7,0,0.0,2.0,6.0,24.0,C01
201800009854,0.0,7,0,0.0,2.0,3.0,9.0,A01
201800009855,0.0,7,0,0.0,1.0,0.0,15.0,A01
201800009856,1.0,32,0,0.0,2.0,1.0,1.0,B01
201800009856,2.0,7,0,0.0,2.0,3.0,15.0,A01
201800009857,0.0,7,0,0.0,2.0,3.0,19.0,A01
201800009857,1.0,33,0,0.0,2.0,1.0,1.0,B01
201800009858,1.0,32,0,0.0,1.0,1.0,0.0,Z01
201800009859,0.0,10,0,0.0,2.0,2.0,15.0,A01
201800009859,0.0,7,0,0.0,2.0,5.0,1.0,B01
201800009860,2.0,32,0,1.0,0.0,9.0,0.0,A01
201800009861,1.0,32,0,0.0,0.0,1.0,0.0,A01
201800009862,2.0,1,0,0.0,2.0,8.0,1.0,B01
201800009862,2.0,7,0,0.0,2.0,2.0,0.0,A01
201800009863,0.0,33,0,0.0,0.0,0.0,2.0,B01
201800009863,0.0,20,0,0.0,0.0,0.0,0.0,A01
201800009864,1.0,32,0,0.0,2.0,1.0,1.0,B01
201800009864,1.0,7,0,0.0,2.0,2.0,1.0,A01
201800009865,0.0,7,0,0.0,2.0,1.0,19.0,A01
201800009865,2.0,7,0,0.0,2.0,3.0,2.0,B01
201800009866,1.0,33,0,0.0,2.0,1.0,17.0,A01
201800009866,1.0,33,0,0.0,2.0,5.0,0.0,B01
201800009867,0.0,7,0,0.0,2.0,8.0,11.0,A01
201800009867,0.0,99,0,0.0,2.0,2.0,1.0,Z01
201800009868,1.0,7,0,0.0,2.0,4.0,2.0,C01
201800009868,1.0,7,0,0.0,2.0,4.0,2.0,B01
201800009868,1.0,7,0,0.0,2.0,1.0,2.0,A01
201800009869,1.0,7,0,0.0,0.0,0.0,0.0,B01
201800009869,1.0,30,0,0.0,2.0,1.0,7.0,A01
201800009870,1.0,7,0,0.0,2.0,5.0,11.0,A01
201800009870,2.0,32,0,0.0,2.0,1.0,1.0,B01
201800009871,2.0,7,0,0.0,2.0,1.0,1.0,C01
201800009871,2.0,7,0,0.0,2.0,2.0,1.0,B01
201800009871,2.0,10,0,0.0,2.0,8.0,13.0,A01
201800009872,1.0,32,0,0.0,1.0,4.0,9.0,A01
201800009873,1.0,2,0,0.0,2.0,0.0,1.0,B01
201800009873,0.0,10,0,0.0,2.0,0.0,0.0,A01
201800009874,2.0,32,0,0.0,2.0,0.0,21.0,A01
201800009874,2.0,7,0,0.0,0.0,0.0,0.0,B01
201800009875,2.0,7,0,0.0,2.0,1.0,2.0,A01
201800009875,2.0,7,0,0.0,2.0,4.0,2.0,B01
201800009876,1.0,7,0,0.0,2.0,4.0,1.0,B01
201800009876,1.0,7,0,0.0,2.0,1.0,1.0,A01
201800009877,2.0,7,0,8.0,0.0,1.0,0.0,A01
201800009878,1.0,30,0,1.0,0.0,1.0,15.0,A01
201800009879,0.0,33,0,0.0,2.0,1.0,1.0,B01
201800009879,0.0,7,0,0.0,2.0,8.0,15.0,A01
201800009880,2.0,31,0,0.0,2.0,1.0,2.0,B01
201800009880,2.0,7,0,0.0,2.0,0.0,10.0,A01
201800009881,0.0,34,0,0.0,2.0,1.0,17.0,B01
201800009881,0.0,7,0,0.0,2.0,6.0,15.0,A01
201800009882,0.0,7,0,0.0,2.0,3.0,15.0,B01
201800009882,2.0,2,0,0.0,2.0,1.0,1.0,A01
201800009883,0.0,7,0,0.0,2.0,7.0,11.0,B01
201800009883,0.0,7,0,0.0,2.0,1.0,15.0,A01
201800009884,1.0,7,0,0.0,1.0,1.0,9.0,A01
201800009885,0.0,7,0,1.0,2.0,1.0,1.0,A01
201800009885,0.0,7,0,0.0,2.0,1.0,1.0,C01
201800009886,1.0,7,0,0.0,1.0,1.0,1.0,A01
201800009887,0.0,32,0,0.0,1.0,1.0,0.0,A01
201800009888,2.0,32,0,0.0,1.0,1.0,18.0,A01
201800009889,1.0,7,0,0.0,2.0,1.0,0.0,A01
201800009889,1.0,7,0,0.0,0.0,4.0,0.0,B01
201800009890,0.0,7,0,0.0,2.0,1.0,15.0,B01
201800009890,0.0,7,0,0.0,0.0,0.0,0.0,Z01
201800009891,1.0,7,0,0.0,2.0,4.0,1.0,B01
201800009891,1.0,7,0,0.0,2.0,4.0,1.0,A01
201800009891,1.0,7,0,0.0,2.0,1.0,1.0,Z01
201800009892,1.0,37,1,0.0,1.0,1.0,16.0,A01
201800009893,1.0,7,0,0.0,1.0,1.0,0.0,A01
201800009894,2.0,7,0,0.0,1.0,1.0,0.0,A01
201800009895,2.0,7,0,0.0,2.0,8.0,15.0,B01
201800009895,2.0,30,0,0.0,2.0,7.0,0.0,A01
201800009896,1.0,30,0,0.0,2.0,1.0,2.0,A01
201800009896,1.0,7,0,0.0,2.0,6.0,23.0,B01
201800009897,2.0,7,0,0.0,2.0,5.0,9.0,B01
201800009897,2.0,34,0,0.0,2.0,8.0,2.0,A01
201800009898,0.0,7,0,0.0,0.0,0.0,0.0,A01
201800009898,0.0,7,0,0.0,2.0,7.0,1.0,B01
201800009899,0.0,7,0,0.0,2.0,1.0,1.0,A01
201800009899,0.0,7,0,0.0,2.0,4.0,23.0,B01
201800009900,1.0,32,0,0.0,2.0,2.0,17.0,A01
201800009900,2.0,7,0,0.0,2.0,1.0,15.0,Z01
201800009901,1.0,7,0,0.0,2.0,2.0,18.0,A01
201800009901,0.0,7,0,0.0,2.0,0.0,0.0,B01
201800009902,2.0,7,0,0.0,2.0,1.0,2.0,B01
201800009902,1.0,7,0,0.0,6.0,4.0,23.0,A01
201800009903,2.0,10,0,0.0,2.0,7.0,1.0,B01
201800009903,2.0,7,0,0.0,2.0,1.0,1.0,A01
201800009904,0.0,32,0,0.0,2.0,0.0,0.0,Z01
201800009904,1.0,33,0,0.0,2.0,3.0,0.0,A01
201800009905,0.0,7,0,0.0,2.0,4.0,1.0,B01
201800009905,0.0,7,0,0.0,2.0,1.0,1.0,A01
201800009906,1.0,7,0,0.0,2.0,1.0,2.0,A01
201800009906,1.0,7,0,0.0,2.0,4.0,20.0,B01
201800009907,0.0,7,0,0.0,2.0,7.0,1.0,A01
201800009907,0.0,7,0,0.0,2.0,1.0,1.0,B01
201800009908,1.0,7,0,0.0,2.0,3.0,15.0,A01
201800009908,0.0,2,0,0.0,2.0,2.0,17.0,B01
201800009909,1.0,7,0,0.0,2.0,6.0,23.0,B01
201800009909,1.0,33,0,1.0,0.0,2.0,2.0,A01
201800009910,0.0,33,0,0.0,2.0,1.0,17.0,A01
201800009910,0.0,7,0,0.0,2.0,8.0,15.0,B01
201800009911,0.0,2,0,0.0,2.0,3.0,2.0,B01
201800009911,0.0,10,0,0.0,2.0,3.0,15.0,A01
201800009912,1.0,7,0,0.0,1.0,3.0,1.0,A01
201800009913,1.0,7,0,0.0,2.0,2.0,12.0,B01
201800009913,1.0,30,0,2.0,2.0,4.0,7.0,A01
201800009914,0.0,30,0,0.0,2.0,1.0,1.0,A01
201800009914,0.0,7,0,0.0,0.0,0.0,0.0,B01
201800009915,1.0,7,0,0.0,2.0,1.0,23.0,B01
201800009915,2.0,33,0,0.0,2.0,7.0,1.0,A01
201800009916,2.0,7,0,0.0,2.0,1.0,2.0,A01
201800009916,2.0,7,0,0.0,2.0,4.0,23.0,B01
201800009917,1.0,7,0,0.0,2.0,5.0,2.0,B01
201800009917,1.0,7,0,0.0,2.0,2.0,19.0,A01
201800009918,0.0,7,0,6.0,0.0,2.0,1.0,A01
201800009919,1.0,34,0,0.0,2.0,2.0,17.0,B01
201800009919,1.0,7,0,0.0,2.0,3.0,10.0,A01
201800009920,1.0,31,0,0.0,2.0,2.0,12.0,A01
201800009920,1.0,7,0,0.0,2.0,1.0,1.0,B01
201800009921,2.0,7,0,8.0,2.0,0.0,1.0,A01
201800009921,2.0,10,0,8.0,2.0,0.0,1.0,B01
201800009922,1.0,7,0,8.0,0.0,1.0,1.0,A01
201800009923,1.0,7,0,0.0,2.0,1.0,1.0,A01
201800009923,2.0,2,0,0.0,2.0,1.0,5.0,B01
201800009924,1.0,7,0,0.0,1.0,1.0,15.0,A01
201800009925,0.0,2,0,0.0,2.0,8.0,0.0,B01
201800009925,1.0,38,49,0.0,2.0,7.0,0.0,A01
201800009926,2.0,7,0,1.0,2.0,0.0,0.0,A01
201800009926,2.0,2,0,1.0,2.0,8.0,1.0,B01
201800009927,0.0,99,0,0.0,0.0,0.0,0.0,A01
201800009928,0.0,14,0,1.0,0.0,2.0,0.0,A01
201800009928,0.0,7,0,0.0,2.0,3.0,0.0,B01
201800009929,2.0,30,0,0.0,2.0,1.0,1.0,A01
201800009929,0.0,7,0,0.0,2.0,3.0,1.0,B01
201800009930,2.0,34,0,0.0,1.0,1.0,1.0,A01
201800009931,1.0,7,0,0.0,1.0,7.0,0.0,A01
201800009932,0.0,7,0,0.0,2.0,3.0,23.0,A01
201800009932,0.0,7,0,0.0,2.0,2.0,1.0,B01
201800009933,1.0,37,15,0.0,1.0,2.0,16.0,A01
201800009934,1.0,7,0,0.0,2.0,3.0,9.0,A01
201800009934,1.0,7,0,0.0,2.0,4.0,23.0,B01
201800009935,2.0,2,0,0.0,2.0,1.0,2.0,B01
201800009935,0.0,7,0,0.0,2.0,3.0,19.0,A01
201800009936,1.0,7,0,0.0,2.0,1.0,2.0,A01
201800009936,1.0,7,0,0.0,2.0,4.0,2.0,B01
201800009937,2.0,7,0,0.0,2.0,7.0,15.0,A01
201800009937,1.0,33,0,0.0,2.0,1.0,0.0,B01
201800009938,2.0,7,0,0.0,2.0,1.0,1.0,A01
201800009938,1.0,7,0,8.0,2.0,3.0,1.0,B01
201800009939,0.0,7,0,0.0,2.0,6.0,2.0,Z01
201800009939,0.0,33,0,0.0,2.0,5.0,2.0,A01
201800009940,2.0,7,0,0.0,2.0,1.0,2.0,A01
201800009940,1.0,7,0,0.0,2.0,4.0,1.0,B01
201800009941,0.0,10,0,0.0,1.0,1.0,1.0,A01
201800009942,2.0,34,0,0.0,2.0,5.0,1.0,C01
201800009942,2.0,7,0,0.0,2.0,6.0,1.0,B01
201800009942,0.0,10,0,0.0,2.0,1.0,3.0,Z01
201800009943,1.0,37,1,0.0,2.0,7.0,16.0,A01
201800009943,1.0,7,0,0.0,2.0,6.0,23.0,B01
201800009944,1.0,7,0,0.0,2.0,3.0,15.0,B01
201800009944,1.0,33,0,0.0,2.0,2.0,1.0,A01
201800009945,1.0,7,0,0.0,2.0,7.0,16.0,A01
201800009945,1.0,34,0,0.0,2.0,8.0,2.0,B01
201800009946,0.0,10,0,0.0,1.0,1.0,1.0,A01
201800009947,2.0,7,0,0.0,2.0,1.0,0.0,A01
201800009947,2.0,7,0,0.0,2.0,4.0,23.0,C01
201800009947,1.0,7,0,0.0,2.0,4.0,23.0,B01
201800009948,1.0,7,0,0.0,2.0,2.0,1.0,A01
201800009948,0.0,1,0,0.0,2.0,1.0,0.0,B01
201800009949,1.0,7,0,0.0,2.0,4.0,1.0,B01
201800009949,1.0,31,0,0.0,2.0,1.0,1.0,A01
201800009950,2.0,7,0,0.0,2.0,2.0,14.0,A01
201800009950,2.0,7,0,0.0,2.0,6.0,2.0,B01
201800009951,0.0,7,0,0.0,1.0,1.0,1.0,A01
201800009952,0.0,7,0,3.0,0.0,2.0,0.0,A01
201800009953,2.0,7,0,0.0,2.0,2.0,15.0,A01
201800009953,1.0,34,0,0.0,2.0,3.0,1.0,B01
201800009954,1.0,30,0,0.0,0.0,0.0,0.0,A01
201800009954,0.0,7,0,0.0,0.0,0.0,0.0,B01
201800009954,0.0,7,0,0.0,0.0,0.0,0.0,C01
201800009955,1.0,99,0,0.0,2.0,0.0,16.0,Z01
201800009955,1.0,30,0,0.0,2.0,7.0,17.0,B01
201800009956,0.0,10,0,0.0,0.0,0.0,0.0,B01
201800009956,0.0,31,0,0.0,2.0,0.0,2.0,A01
201800009957,0.0,30,0,0.0,0.0,0.0,0.0,Z01
201800009957,0.0,1,0,0.0,2.0,1.0,0.0,A01
201800009958,1.0,7,0,0.0,0.0,2.0,1.0,A01
201800009959,2.0,7,0,0.0,1.0,7.0,16.0,A01
201800009960,1.0,7,0,0.0,1.0,1.0,15.0,A01
201800009961,1.0,7,0,0.0,0.0,3.0,0.0,A01
201800009961,2.0,7,0,0.0,0.0,0.0,0.0,B01
201800009962,0.0,7,0,0.0,1.0,5.0,0.0,Z01
201800009963,1.0,30,0,0.0,9.0,7.0,1.0,A01
201800009964,2.0,7,0,0.0,2.0,1.0,20.0,B01
201800009964,2.0,33,0,0.0,2.0,1.0,1.0,A01
201800009965,2.0,7,0,0.0,1.0,1.0,1.0,A01
201800009966,0.0,34,0,0.0,2.0,1.0,7.0,A01
201800009966,0.0,7,0,0.0,2.0,2.0,0.0,B01
201800009967,1.0,7,0,0.0,2.0,4.0,1.0,B01
201800009967,1.0,7,0,0.0,2.0,1.0,1.0,A01