Num_Acc,senc,catv,occutc,obs,obsm,choc,manv,num_veh
201800009968,2.0,7,0,0.0,2.0,1.0,19.0,A01
201800009968,1.0,34,0,0.0,2.0,8.0,1.0,B01
201800009969,1.0,37,16,0.0,2.0,3.0,1.0,B01
201800009969,2.0,32,0,0.0,2.0,9.0,17.0,C01
201800009969,2.0,7,0,0.0,2.0,6.0,23.0,A01
201800009970,2.0,7,0,0.0,0.0,1.0,1.0,A01
201800009970,0.0,7,0,8.0,2.0,4.0,16.0,B01
201800009971,1.0,7,0,0.0,2.0,4.0,2.0,B01
201800009971,1.0,7,0,0.0,2.0,1.0,2.0,A01
201800009972,1.0,99,0,0.0,1.0,1.0,0.0,A01
201800009973,1.0,37,15,0.0,2.0,7.0,9.0,B01
201800009973,1.0,33,0,0.0,2.0,8.0,2.0,A01
201800009974,0.0,7,0,0.0,1.0,7.0,9.0,A01
201800009975,1.0,33,0,0.0,2.0,1.0,1.0,A01
201800009975,1.0,7,0,0.0,2.0,8.0,15.0,B01
201800009976,2.0,7,0,0.0,2.0,2.0,16.0,B01
201800009976,2.0,34,0,0.0,2.0,3.0,18.0,A01
201800009977,1.0,7,0,0.0,2.0,6.0,0.0,B01
201800009977,1.0,37,1,0.0,2.0,3.0,0.0,C01
201800009977,1.0,2,0,0.0,1.0,9.0,17.0,A01
201800009978,1.0,7,0,0.0,1.0,1.0,1.0,A01
201800009979,0.0,37,30,0.0,1.0,2.0,20.0,A01
201800009980,1.0,7,0,0.0,2.0,3.0,11.0,A01
201800009980,1.0,7,0,0.0,2.0,3.0,1.0,B01
201800009981,2.0,7,0,0.0,2.0,1.0,2.0,A01
201800009981,2.0,7,0,0.0,2.0,1.0,2.0,D01
201800009981,2.0,7,0,0.0,2.0,4.0,2.0,C01
201800009981,2.0,36,0,0.0,2.0,4.0,2.0,B01
201800009982,2.0,7,0,1.0,0.0,2.0,0.0,A01
201800009983,0.0,7,0,0.0,1.0,4.0,0.0,A01
201800009984,0.0,7,0,0.0,1.0,1.0,0.0,A01
201800009985,0.0,2,0,0.0,2.0,7.0,1.0,B01
201800009985,0.0,7,0,0.0,2.0,3.0,13.0,A01
201800009986,1.0,99,0,0.0,2.0,1.0,1.0,Z01
201800009986,1.0,7,0,0.0,2.0,6.0,23.0,A01
201800009987,1.0,7,0,0.0,2.0,4.0,2.0,C01
201800009987,1.0,7,0,0.0,2.0,1.0,2.0,A01
201800009987,1.0,7,0,0.0,2.0,4.0,2.0,D01
201800009987,1.0,7,0,0.0,2.0,4.0,2.0,B01
201800009988,2.0,7,0,0.0,2.0,3.0,1.0,A01
201800009988,1.0,7,0,0.0,2.0,1.0,15.0,B01
201800009989,2.0,7,0,0.0,6.0,0.0,0.0,Z01
201800009989,1.0,1,0,0.0,2.0,3.0,1.0,A01
201800009990,2.0,32,0,0.0,2.0,1.0,1.0,B01
201800009990,1.0,7,0,0.0,6.0,6.0,1.0,A01
201800009991,1.0,7,0,0.0,1.0,1.0,1.0,A01
201800009992,1.0,10,0,0.0,1.0,2.0,1.0,A01
201800009993,1.0,30,0,0.0,2.0,1.0,0.0,A01
201800009993,2.0,7,0,0.0,2.0,2.0,15.0,B01
201800009994,2.0,7,0,12.0,1.0,1.0,0.0,A01
201800009995,0.0,7,0,0.0,1.0,0.0,0.0,B01
201800009996,2.0,7,0,8.0,2.0,1.0,1.0,B01
201800009996,1.0,7,0,8.0,2.0,1.0,13.0,A01
201800009997,2.0,1,0,0.0,2.0,4.0,2.0,B01
201800009997,2.0,7,0,0.0,2.0,1.0,2.0,A01
201800009998,1.0,30,0,0.0,0.0,8.0,0.0,A01
201800009999,0.0,7,0,0.0,1.0,0.0,0.0,Z01
201800010000,1.0,7,0,0.0,2.0,2.0,1.0,A01
201800010000,2.0,7,0,0.0,2.0,3.0,2.0,B01
201800010001,1.0,32,0,0.0,2.0,1.0,1.0,B01
201800010001,2.0,7,0,0.0,2.0,1.0,15.0,A01
201800010002,1.0,33,0,1.0,1.0,1.0,1.0,A01
201800010003,1.0,7,0,0.0,2.0,4.0,1.0,B01
201800010003,2.0,30,0,0.0,2.0,1.0,1.0,A01
201800010004,1.0,31,0,0.0,2.0,1.0,1.0,B01
201800010004,2.0,7,0,0.0,2.0,2.0,1.0,A01
201800010005,1.0,7,0,0.0,1.0,3.0,1.0,B01
201800010006,2.0,34,0,0.0,2.0,2.0,1.0,B01
201800010006,2.0,7,0,0.0,2.0,3.0,13.0,A01
201800010007,1.0,7,0,0.0,2.0,3.0,1.0,A01
201800010007,1.0,7,0,0.0,2.0,0.0,0.0,B01
201800010008,1.0,7,0,0.0,2.0,4.0,1.0,A01
201800010008,2.0,7,0,0.0,2.0,1.0,0.0,Z01
201800010009,1.0,3,0,0.0,2.0,1.0,13.0,A01
201800010009,2.0,2,0,0.0,2.0,1.0,0.0,B01
201800010010,0.0,7,0,0.0,6.0,0.0,19.0,A01
201800010010,0.0,99,0,0.0,2.0,0.0,1.0,B01
201800010011,0.0,33,0,0.0,2.0,7.0,1.0,B01
201800010011,0.0,7,0,0.0,2.0,6.0,11.0,A01
201800010012,1.0,7,0,0.0,1.0,3.0,1.0,B01
201800010012,2.0,34,0,0.0,1.0,1.0,17.0,A01
201800010013,0.0,31,0,0.0,2.0,1.0,1.0,B01
201800010013,0.0,7,0,0.0,2.0,7.0,15.0,A01
201800010014,1.0,3,0,0.0,2.0,0.0,0.0,B01
201800010014,1.0,7,0,0.0,2.0,2.0,1.0,A01
201800010014,1.0,7,0,0.0,2.0,0.0,0.0,Z01
201800010015,2.0,7,0,0.0,1.0,1.0,1.0,Z01
201800010016,1.0,7,0,0.0,2.0,5.0,15.0,A01
201800010016,1.0,7,0,0.0,2.0,3.0,1.0,B01
201800010017,2.0,14,0,0.0,2.0,3.0,1.0,A01
201800010017,2.0,34,0,0.0,2.0,1.0,1.0,B01
201800010018,0.0,32,0,0.0,2.0,1.0,1.0,A01
201800010018,0.0,34,0,0.0,2.0,5.0,1.0,B01
201800010019,2.0,32,0,1.0,2.0,1.0,1.0,A01
201800010019,2.0,7,0,0.0,2.0,8.0,20.0,B01
201800010020,2.0,7,0,6.0,0.0,1.0,1.0,A01
201800010021,0.0,7,0,0.0,2.0,1.0,2.0,A01
201800010021,0.0,7,0,0.0,2.0,4.0,2.0,B01
201800010022,2.0,14,0,0.0,2.0,4.0,23.0,B01
201800010022,2.0,32,0,0.0,2.0,1.0,1.0,A01
201800010023,1.0,7,0,0.0,1.0,2.0,1.0,A01
201800010024,1.0,7,0,0.0,2.0,1.0,9.0,B01
201800010024,0.0,7,0,0.0,2.0,2.0,1.0,A01
201800010025,2.0,10,0,0.0,2.0,4.0,4.0,A01
201800010025,2.0,7,0,0.0,2.0,1.0,2.0,B01
201800010026,1.0,30,0,12.0,0.0,0.0,1.0,A01
201800010027,0.0,7,0,0.0,2.0,1.0,1.0,A01
201800010027,0.0,7,0,0.0,2.0,8.0,19.0,B01
201800010028,0.0,30,0,0.0,2.0,8.0,1.0,A01
201800010029,2.0,2,0,0.0,2.0,1.0,1.0,A01
201800010030,0.0,7,0,0.0,2.0,1.0,15.0,A01
201800010030,0.0,30,0,0.0,0.0,0.0,0.0,B01
201800010031,2.0,7,0,0.0,1.0,2.0,1.0,A01
201800010032,0.0,7,0,0.0,2.0,7.0,1.0,A01
201800010032,0.0,7,0,0.0,2.0,8.0,16.0,B01
201800010033,0.0,34,0,4.0,0.0,1.0,0.0,A01
201800010034,1.0,30,0,0.0,0.0,1.0,0.0,A01
201800010035,1.0,7,0,0.0,1.0,2.0,0.0,A01
201800010036,0.0,7,0,0.0,2.0,8.0,7.0,B01
201800010036,1.0,7,0,0.0,2.0,0.0,0.0,Z01
201800010037,2.0,7,0,0.0,0.0,0.0,0.0,B01
201800010037,2.0,7,0,0.0,2.0,1.0,0.0,A01
201800010038,2.0,7,0,0.0,2.0,4.0,2.0,B01
201800010038,2.0,7,0,0.0,2.0,1.0,2.0,A01
201800010039,1.0,7,0,0.0,1.0,2.0,1.0,A01
201800010040,1.0,33,0,0.0,1.0,5.0,0.0,A01
201800010041,1.0,7,0,0.0,2.0,0.0,0.0,A01
201800010041,1.0,7,0,0.0,2.0,0.0,0.0,B01
201800010042,1.0,7,0,0.0,2.0,4.0,23.0,B01
201800010042,1.0,7,0,0.0,2.0,1.0,1.0,A01
201800010043,1.0,7,0,0.0,1.0,1.0,1.0,A01
201800010044,2.0,7,0,6.0,0.0,1.0,0.0,A01
201800010045,2.0,13,0,0.0,2.0,2.0,1.0,B01
201800010045,1.0,2,0,0.0,2.0,0.0,1.0,A01
201800010046,1.0,33,0,0.0,1.0,0.0,0.0,A01
201800010047,2.0,32,0,0.0,2.0,2.0,21.0,A01
201800010047,0.0,7,0,0.0,2.0,3.0,0.0,B01
201800010048,0.0,7,0,0.0,2.0,2.0,0.0,A01
201800010048,0.0,7,0,0.0,2.0,6.0,0.0,B01
201800010049,1.0,7,0,0.0,2.0,1.0,13.0,A01
201800010049,0.0,7,0,0.0,2.0,3.0,1.0,B01
201800010050,1.0,7,0,0.0,2.0,1.0,4.0,B01
201800010050,2.0,7,0,8.0,2.0,1.0,1.0,A01
201800010051,1.0,7,0,0.0,2.0,6.0,23.0,B01
201800010051,1.0,32,0,0.0,2.0,2.0,2.0,A01
201800010052,1.0,7,0,0.0,2.0,7.0,16.0,A01
201800010052,1.0,7,0,0.0,2.0,3.0,1.0,B01
201800010053,0.0,33,0,1.0,0.0,3.0,1.0,B01
201800010053,0.0,7,0,0.0,2.0,8.0,23.0,C01
201800010053,0.0,7,0,0.0,2.0,5.0,22.0,A01
201800010054,1.0,30,0,0.0,2.0,3.0,2.0,B01
201800010054,0.0,7,0,0.0,2.0,1.0,16.0,Z01
201800010055,1.0,10,0,0.0,1.0,2.0,1.0,A01
201800010056,1.0,7,0,0.0,2.0,1.0,9.0,A01
201800010056,1.0,31,0,0.0,2.0,2.0,1.0,B01
201800010057,2.0,7,0,0.0,2.0,5.0,15.0,B01
201800010057,2.0,33,0,0.0,2.0,3.0,17.0,A01
201800010058,0.0,7,0,0.0,0.0,3.0,1.0,B01
201800010058,1.0,30,0,0.0,2.0,1.0,2.0,A01
201800010059,0.0,30,0,0.0,2.0,8.0,2.0,B01
201800010059,0.0,7,0,0.0,2.0,0.0,15.0,A01
201800010060,1.0,7,0,0.0,2.0,0.0,0.0,B01
201800010060,1.0,33,0,0.0,2.0,0.0,1.0,A01
201800010061,2.0,7,0,0.0,2.0,7.0,0.0,A01
201800010061,1.0,2,0,0.0,2.0,1.0,18.0,B01
201800010062,1.0,7,0,0.0,1.0,3.0,1.0,A01
201800010063,2.0,7,0,1.0,2.0,3.0,20.0,B01
201800010063,2.0,7,0,0.0,2.0,5.0,1.0,C01
201800010063,2.0,7,0,1.0,2.0,1.0,12.0,A01
201800010064,1.0,33,0,0.0,2.0,1.0,17.0,A01
201800010064,0.0,7,0,0.0,,2.0,9.0,B01
201800010065,1.0,1,0,0.0,0.0,3.0,19.0,A01
201800010065,1.0,33,0,0.0,0.0,0.0,0.0,B01
201800010066,1.0,7,0,0.0,2.0,1.0,19.0,Z01
201800010066,1.0,32,0,0.0,2.0,1.0,2.0,A01
201800010067,1.0,10,0,2.0,0.0,1.0,14.0,A01
201800010068,1.0,34,0,0.0,0.0,0.0,1.0,A01
201800010069,2.0,7,0,0.0,1.0,0.0,15.0,A01
201800010070,1.0,30,0,0.0,1.0,1.0,1.0,A01
201800010071,0.0,33,0,0.0,1.0,1.0,1.0,A01
201800010072,0.0,32,0,0.0,1.0,1.0,3.0,A01
201800010073,0.0,7,0,0.0,1.0,1.0,1.0,A01
201800010074,0.0,7,0,0.0,2.0,2.0,15.0,B01
201800010074,0.0,30,0,0.0,2.0,1.0,17.0,A01
201800010075,1.0,7,0,0.0,1.0,1.0,1.0,A01
201800010076,1.0,10,0,0.0,2.0,1.0,16.0,B01
201800010076,1.0,7,0,0.0,2.0,1.0,0.0,A01
201800010077,1.0,7,0,1.0,2.0,3.0,1.0,B01
201800010077,2.0,7,0,0.0,2.0,3.0,1.0,A01
201800010078,2.0,7,0,0.0,1.0,3.0,1.0,Z01
201800010079,0.0,7,0,0.0,2.0,3.0,9.0,A01
201800010079,0.0,1,0,0.0,2.0,7.0,15.0,B01
201800010080,1.0,7,0,0.0,2.0,3.0,1.0,B01
201800010080,2.0,2,0,0.0,2.0,2.0,15.0,A01
201800010081,1.0,7,0,0.0,2.0,3.0,1.0,A01
201800010081,1.0,7,0,0.0,2.0,3.0,1.0,B01
201800010082,1.0,7,0,0.0,2.0,8.0,2.0,B01
201800010082,1.0,7,0,0.0,2.0,1.0,17.0,A01
201800010083,1.0,7,0,0.0,1.0,1.0,0.0,A01
201800010084,2.0,7,0,0.0,2.0,6.0,1.0,B01
201800010084,2.0,7,0,0.0,2.0,2.0,13.0,A01
201800010085,1.0,7,0,0.0,2.0,7.0,15.0,A01
201800010085,1.0,7,0,0.0,2.0,1.0,1.0,B01
201800010086,0.0,30,0,0.0,0.0,0.0,1.0,A01
201800010086,0.0,7,0,0.0,2.0,0.0,0.0,Z01
201800010087,0.0,7,0,0.0,1.0,1.0,15.0,Z01
201800010088,0.0,7,0,0.0,1.0,1.0,0.0,A01
201800010089,0.0,7,0,0.0,2.0,3.0,1.0,A01
201800010089,0.0,7,0,0.0,2.0,8.0,1.0,B01
201800010090,0.0,7,0,0.0,1.0,1.0,1.0,Z01
201800010091,0.0,7,0,0.0,1.0,1.0,0.0,A01
201800010092,1.0,7,0,0.0,2.0,8.0,15.0,B01
201800010092,2.0,30,0,0.0,2.0,1.0,21.0,A01
201800010093,0.0,7,0,0.0,1.0,2.0,16.0,A01
201800010094,0.0,7,0,0.0,1.0,4.0,4.0,A01
201800010095,1.0,2,0,0.0,2.0,0.0,1.0,B01
201800010095,2.0,7,0,0.0,2.0,0.0,19.0,A01
201800010096,1.0,7,0,0.0,2.0,3.0,23.0,B01
201800010096,1.0,7,0,0.0,2.0,2.0,2.0,Z01
201800010097,1.0,30,0,0.0,0.0,0.0,1.0,A01
201800010098,1.0,7,0,0.0,2.0,5.0,15.0,A01
201800010098,2.0,34,0,0.0,2.0,1.0,2.0,B01
201800010099,2.0,7,0,0.0,2.0,4.0,23.0,B01
201800010100,2.0,33,0,0.0,0.0,0.0,0.0,A01
201800010101,2.0,34,0,0.0,1.0,1.0,21.0,A01
201800010102,1.0,30,0,0.0,2.0,2.0,18.0,A01
201800010102,2.0,3,0,0.0,2.0,3.0,15.0,B01
201800010103,2.0,37,1,0.0,1.0,2.0,1.0,A01
201800010104,0.0,10,0,0.0,2.0,7.0,14.0,A01
201800010104,0.0,34,0,0.0,2.0,8.0,2.0,B01
201800010105,2.0,32,0,0.0,0.0,7.0,14.0,A01
201800010106,2.0,7,0,0.0,1.0,1.0,16.0,A01
201800010107,1.0,7,0,0.0,2.0,2.0,11.0,A01
201800010107,2.0,7,0,0.0,2.0,3.0,19.0,B01
201800010108,0.0,7,0,0.0,0.0,7.0,1.0,A01
201800010109,2.0,7,0,15.0,2.0,3.0,13.0,A01
201800010109,1.0,7,0,0.0,2.0,3.0,1.0,B01
201800010110,1.0,7,0,0.0,2.0,4.0,1.0,B01
201800010110,1.0,7,0,0.0,2.0,2.0,1.0,A01
201800010110,2.0,7,0,0.0,2.0,6.0,15.0,C01
201800010111,1.0,1,0,0.0,2.0,6.0,13.0,B01
201800010111,1.0,7,0,0.0,6.0,2.0,1.0,A01
201800010112,1.0,7,0,0.0,2.0,3.0,2.0,B01
201800010112,1.0,7,0,0.0,2.0,1.0,1.0,A01
201800010113,1.0,37,5,0.0,2.0,6.0,23.0,B01
201800010113,1.0,7,0,0.0,2.0,2.0,13.0,A01
201800010114,2.0,7,0,0.0,2.0,4.0,19.0,A01
201800010114,1.0,32,0,0.0,2.0,1.0,1.0,B01
201800010115,1.0,7,0,0.0,2.0,3.0,15.0,B01
201800010115,1.0,30,0,0.0,2.0,1.0,17.0,A01
201800010116,1.0,33,0,0.0,2.0,2.0,1.0,B01
201800010116,1.0,7,0,0.0,2.0,3.0,2.0,A01
201800010117,1.0,7,0,0.0,2.0,4.0,2.0,B01
201800010117,1.0,7,0,0.0,2.0,1.0,2.0,A01
201800010118,2.0,7,0,0.0,2.0,3.0,23.0,B01
201800010118,1.0,7,0,13.0,2.0,3.0,1.0,A01
201800010119,2.0,34,0,0.0,2.0,1.0,0.0,B01
201800010119,2.0,7,0,0.0,2.0,8.0,15.0,A01
201800010120,0.0,7,0,0.0,2.0,1.0,15.0,A01
201800010120,0.0,32,0,0.0,2.0,1.0,2.0,B01
201800010121,0.0,7,0,0.0,2.0,1.0,1.0,A01
201800010121,0.0,7,0,0.0,2.0,8.0,0.0,Z01
201800010122,2.0,7,0,0.0,1.0,7.0,21.0,A01
201800010123,0.0,7,0,14.0,0.0,1.0,6.0,A01
201800010124,2.0,7,0,0.0,2.0,2.0,1.0,A01
201800010124,1.0,7,0,8.0,2.0,5.0,1.0,B01
201800010125,1.0,7,0,0.0,1.0,2.0,0.0,A01
201800010126,2.0,7,0,0.0,2.0,3.0,1.0,B01
201800010126,1.0,7,0,0.0,2.0,3.0,13.0,A01
201800010127,1.0,7,0,0.0,2.0,0.0,0.0,B01
201800010127,2.0,33,0,0.0,2.0,0.0,0.0,A01
201800010128,1.0,32,0,14.0,0.0,2.0,12.0,A01
201800010129,1.0,33,0,0.0,2.0,2.0,1.0,B01
201800010129,1.0,7,0,0.0,2.0,3.0,13.0,A01
201800010130,0.0,7,0,0.0,2.0,4.0,0.0,Z01
201800010130,0.0,7,0,0.0,0.0,4.0,0.0,B01
201800010131,0.0,31,0,0.0,2.0,1.0,1.0,A01
201800010131,0.0,7,0,0.0,2.0,8.0,15.0,B01
201800010132,1.0,7,0,0.0,1.0,0.0,0.0,A01
201800010133,0.0,7,0,0.0,2.0,4.0,23.0,B01
201800010133,0.0,7,0,0.0,2.0,1.0,2.0,A01
201800010133,0.0,33,0,0.0,2.0,6.0,23.0,C01
201800010134,0.0,10,0,0.0,2.0,5.0,17.0,A01
201800010134,0.0,1,0,1.0,0.0,1.0,13.0,B01
201800010135,0.0,7,0,0.0,2.0,4.0,1.0,A01
201800010135,0.0,7,0,0.0,2.0,1.0,2.0,C01
201800010135,0.0,7,0,0.0,2.0,4.0,2.0,B01
201800010136,2.0,7,0,0.0,2.0,5.0,15.0,A01
201800010136,2.0,31,0,0.0,2.0,1.0,2.0,B01
201800010137,1.0,10,0,14.0,0.0,3.0,13.0,A01
201800010138,2.0,7,0,0.0,1.0,1.0,1.0,A01
201800010139,1.0,7,0,0.0,2.0,4.0,2.0,B01
201800010139,1.0,7,0,0.0,2.0,1.0,2.0,A01
201800010140,1.0,32,0,8.0,0.0,7.0,1.0,A01
201800010141,2.0,32,0,0.0,2.0,1.0,0.0,B01
201800010141,1.0,7,0,0.0,2.0,0.0,0.0,Y01
201800010142,0.0,33,0,0.0,2.0,1.0,17.0,A01
201800010142,0.0,10,0,0.0,2.0,6.0,15.0,B01
201800010143,1.0,7,0,0.0,2.0,4.0,2.0,C01
201800010143,1.0,7,0,0.0,2.0,3.0,2.0,B01
201800010143,2.0,33,0,0.0,2.0,1.0,5.0,A01
201800010144,2.0,7,0,0.0,1.0,2.0,2.0,A01
201800010145,1.0,7,0,0.0,2.0,1.0,1.0,A01
201800010145,1.0,7,0,0.0,2.0,4.0,1.0,B01
201800010146,2.0,7,0,0.0,1.0,1.0,1.0,A01
201800010147,0.0,10,0,0.0,2.0,2.0,16.0,A01
201800010147,2.0,2,0,0.0,2.0,1.0,0.0,B01
201800010148,1.0,33,0,0.0,2.0,6.0,1.0,A01
201800010148,2.0,7,0,0.0,2.0,3.0,15.0,Z01
201800010149,0.0,7,0,0.0,1.0,0.0,0.0,A01
201800010150,1.0,31,0,0.0,2.0,8.0,1.0,B01
201800010150,2.0,7,0,0.0,2.0,1.0,15.0,A01
201800010151,2.0,31,0,0.0,2.0,7.0,17.0,B01
201800010151,2.0,7,0,0.0,2.0,8.0,13.0,A01
201800010152,1.0,7,0,0.0,2.0,4.0,23.0,C01
201800010152,1.0,7,0,0.0,2.0,5.0,23.0,B01
201800010152,1.0,7,0,0.0,2.0,3.0,12.0,A01
201800010153,1.0,7,0,0.0,0.0,6.0,2.0,B01
201800010153,2.0,7,0,0.0,2.0,3.0,1.0,C01
201800010153,1.0,30,0,0.0,2.0,1.0,2.0,A01
201800010154,1.0,7,0,0.0,2.0,0.0,0.0,B01
201800010154,1.0,7,0,0.0,2.0,0.0,18.0,A01
201800010155,1.0,10,0,6.0,0.0,1.0,0.0,A01
201800010156,2.0,7,0,4.0,0.0,9.0,0.0,A01
201800010157,1.0,7,0,14.0,0.0,3.0,1.0,B01
201800010157,2.0,7,0,14.0,0.0,3.0,15.0,A01
201800010158,0.0,7,0,0.0,0.0,0.0,1.0,A01
201800010159,2.0,7,0,0.0,2.0,1.0,1.0,A01
201800010159,2.0,2,0,0.0,2.0,4.0,1.0,B01
201800010160,2.0,34,0,0.0,2.0,1.0,1.0,A01
201800010160,0.0,7,0,0.0,2.0,0.0,0.0,B01
201800010161,2.0,34,0,0.0,2.0,1.0,1.0,B01
201800010161,2.0,7,0,0.0,2.0,8.0,13.0,A01
201800010162,2.0,33,0,0.0,2.0,4.0,23.0,B01
201800010162,1.0,10,0,0.0,2.0,1.0,1.0,A01
201800010163,1.0,34,0,0.0,1.0,1.0,0.0,A01
201800010164,2.0,32,0,0.0,2.0,8.0,2.0,B01
201800010164,1.0,7,0,0.0,2.0,0.0,11.0,A01
201800010165,1.0,7,0,0.0,2.0,8.0,17.0,A01
201800010165,1.0,7,0,0.0,2.0,8.0,15.0,B01
201800010166,1.0,34,0,0.0,2.0,1.0,1.0,B01
201800010166,1.0,7,0,0.0,2.0,3.0,13.0,A01
201800010167,,99,0,,,,,A01
201800010167,,37,0,,,,,B01
201800010168,1.0,32,0,0.0,2.0,3.0,1.0,B01
201800010168,1.0,7,0,0.0,2.0,2.0,9.0,A01
201800010169,2.0,7,0,0.0,2.0,3.0,19.0,A01
201800010169,1.0,32,0,0.0,2.0,1.0,1.0,B01
201800010170,1.0,7,0,0.0,2.0,1.0,2.0,A01
201800010170,1.0,7,0,0.0,2.0,4.0,2.0,B01
201800010171,1.0,34,0,0.0,2.0,1.0,12.0,A01
201800010171,1.0,7,0,0.0,0.0,6.0,2.0,B01
201800010172,1.0,7,0,6.0,0.0,1.0,1.0,A01
201800010173,2.0,7,0,0.0,2.0,3.0,15.0,A01
201800010173,1.0,2,0,0.0,2.0,8.0,1.0,B01
201800010174,2.0,31,0,1.0,0.0,7.0,0.0,A01
201800010175,1.0,32,0,15.0,0.0,8.0,16.0,A01
201800010176,0.0,34,0,0.0,2.0,1.0,2.0,A01
201800010176,0.0,7,0,0.0,2.0,6.0,15.0,B01
201800010177,0.0,10,0,0.0,1.0,2.0,2.0,A01
201800010178,1.0,7,0,0.0,2.0,1.0,13.0,A01
201800010178,1.0,37,50,1.0,0.0,4.0,0.0,B01
201800010179,2.0,32,0,0.0,2.0,2.0,7.0,A01
201800010179,2.0,99,0,0.0,2.0,2.0,16.0,B01
201800010180,1.0,30,0,0.0,1.0,1.0,2.0,Z01
201800010181,1.0,7,0,0.0,2.0,8.0,13.0,B01
201800010181,1.0,7,0,0.0,2.0,2.0,1.0,A01
201800010182,2.0,1,0,0.0,2.0,4.0,19.0,A01
201800010182,2.0,32,0,0.0,6.0,1.0,1.0,B01
201800010183,1.0,7,0,0.0,2.0,3.0,15.0,A01
201800010183,1.0,30,0,0.0,2.0,7.0,1.0,B01
201800010184,1.0,7,0,0.0,6.0,4.0,1.0,B01
201800010184,1.0,7,0,0.0,2.0,1.0,1.0,A01
201800010185,2.0,14,0,0.0,2.0,5.0,1.0,B01
201800010185,2.0,32,0,0.0,2.0,8.0,18.0,A01
201800010186,0.0,7,0,0.0,2.0,1.0,5.0,A01
201800010186,0.0,7,0,0.0,2.0,1.0,1.0,B01
201800010187,1.0,2,0,0.0,1.0,1.0,1.0,A01
201800010188,1.0,33,0,0.0,2.0,1.0,17.0,A01
201800010188,2.0,37,2,0.0,2.0,3.0,1.0,B01
201800010189,0.0,1,0,0.0,2.0,1.0,1.0,B01
201800010189,0.0,10,0,0.0,2.0,0.0,15.0,A01
201800010190,0.0,7,0,13.0,0.0,6.0,16.0,A01
201800010190,0.0,15,0,13.0,0.0,0.0,15.0,B01
201800010191,1.0,7,0,6.0,0.0,1.0,16.0,A01
201800010192,1.0,7,0,0.0,6.0,3.0,13.0,Z01
201800010192,1.0,33,0,12.0,2.0,2.0,13.0,A01
201800010193,1.0,7,0,0.0,2.0,1.0,1.0,A01
201800010193,1.0,2,0,0.0,2.0,1.0,1.0,B01
201800010194,1.0,30,0,0.0,1.0,1.0,1.0,A01
201800010195,1.0,7,0,0.0,2.0,4.0,2.0,B01
201800010195,1.0,34,0,0.0,2.0,1.0,2.0,A01
201800010196,0.0,34,0,0.0,0.0,0.0,0.0,A01
201800010197,0.0,7,0,0.0,2.0,1.0,2.0,A01
201800010197,0.0,7,0,0.0,2.0,4.0,23.0,B01
201800010198,1.0,1,0,0.0,0.0,7.0,19.0,A01
201800010198,2.0,7,0,0.0,2.0,1.0,0.0,Z01
201800010199,1.0,32,0,0.0,2.0,7.0,2.0,B01
201800010199,1.0,7,0,0.0,2.0,3.0,13.0,A01
201800010200,2.0,7,0,0.0,2.0,1.0,1.0,A01
201800010200,0.0,7,0,0.0,2.0,3.0,1.0,B01
201800010201,0.0,7,0,0.0,2.0,0.0,0.0,A01
201800010201,2.0,7,0,0.0,2.0,3.0,15.0,B01
201800010202,1.0,7,0,0.0,2.0,3.0,3.0,B01
201800010202,1.0,7,0,0.0,2.0,2.0,5.0,A01
201800010203,2.0,7,0,0.0,2.0,3.0,2.0,A01
201800010203,2.0,2,0,0.0,2.0,5.0,15.0,B01
201800010204,1.0,34,0,0.0,2.0,0.0,1.0,A01
201800010205,1.0,7,0,0.0,2.0,1.0,2.0,A01
201800010205,1.0,7,0,0.0,2.0,4.0,2.0,B01
201800010206,0.0,7,0,0.0,1.0,2.0,1.0,A01
201800010207,1.0,7,0,0.0,1.0,7.0,1.0,Z01
201800010208,1.0,7,0,0.0,2.0,3.0,15.0,B01
201800010208,2.0,32,0,0.0,2.0,1.0,1.0,A01
201800010209,0.0,7,0,0.0,2.0,7.0,15.0,A01
201800010209,0.0,7,0,0.0,2.0,8.0,16.0,B01
201800010210,1.0,7,0,0.0,1.0,2.0,1.0,A01
201800010211,1.0,40,1,0.0,1.0,1.0,0.0,A01
201800010212,2.0,7,0,0.0,1.0,1.0,0.0,A01
201800010213,2.0,7,0,0.0,2.0,1.0,1.0,A01
201800010213,2.0,7,0,0.0,2.0,4.0,1.0,B01
201800010214,1.0,37,100,0.0,2.0,3.0,2.0,B01
201800010214,1.0,7,0,0.0,2.0,7.0,16.0,A01
201800010215,2.0,10,0,0.0,1.0,1.0,1.0,Z01
201800010216,0.0,7,0,0.0,1.0,1.0,1.0,A01
201800010217,1.0,7,0,0.0,2.0,2.0,16.0,A01
201800010217,2.0,7,0,0.0,2.0,1.0,5.0,B01
201800010218,1.0,34,0,0.0,2.0,0.0,0.0,B01
201800010218,1.0,7,0,0.0,2.0,0.0,0.0,C01
201800010219,2.0,7,0,0.0,2.0,4.0,1.0,B01
201800010219,2.0,7,0,0.0,2.0,1.0,2.0,A01
201800010220,2.0,7,0,0.0,2.0,2.0,1.0,A01
201800010220,0.0,33,0,0.0,2.0,2.0,1.0,B01
201800010221,1.0,30,0,4.0,0.0,9.0,21.0,A01
201800010222,0.0,33,0,0.0,2.0,0.0,0.0,A01
201800010222,0.0,7,0,0.0,2.0,0.0,0.0,B01