Num_Acc,senc,catv,occutc,obs,obsm,choc,manv,num_veh
201800011308,1.0,7,0,0.0,0.0,4.0,2.0,C01
201800011309,0.0,99,0,0.0,0.0,0.0,1.0,A01
201800011310,2.0,33,0,0.0,0.0,0.0,1.0,A01
201800011311,2.0,30,0,0.0,0.0,0.0,1.0,A01
201800011312,2.0,33,0,0.0,2.0,1.0,15.0,A01
201800011312,1.0,7,0,0.0,2.0,1.0,1.0,B01
201800011313,2.0,7,0,0.0,2.0,1.0,13.0,A01
201800011313,1.0,7,0,0.0,0.0,6.0,1.0,B01
201800011313,2.0,7,0,0.0,2.0,1.0,1.0,C01
201800011314,1.0,7,0,0.0,2.0,1.0,17.0,A01
201800011314,2.0,7,0,0.0,2.0,1.0,1.0,B01
201800011315,2.0,7,0,0.0,9.0,2.0,15.0,A01
201800011315,0.0,1,0,0.0,2.0,3.0,15.0,B01
201800011316,1.0,31,0,0.0,2.0,1.0,1.0,A01
201800011316,0.0,2,0,0.0,2.0,3.0,0.0,B01
201800011317,2.0,7,0,0.0,2.0,1.0,1.0,A01
201800011317,0.0,1,0,0.0,2.0,8.0,9.0,B01
201800011318,1.0,7,0,0.0,2.0,1.0,13.0,A01
201800011318,2.0,7,0,0.0,2.0,1.0,1.0,B01
201800011318,2.0,7,0,0.0,2.0,6.0,1.0,C01
201800011319,0.0,10,0,0.0,1.0,4.0,4.0,A01
201800011320,1.0,10,0,8.0,2.0,2.0,1.0,A01
201800011320,2.0,10,0,8.0,2.0,5.0,1.0,B01
201800011321,1.0,7,0,0.0,2.0,1.0,1.0,A01
201800011321,2.0,7,0,0.0,2.0,1.0,1.0,B01
201800011322,1.0,7,0,6.0,0.0,2.0,1.0,A01
201800011323,1.0,1,0,0.0,9.0,2.0,0.0,A01
201800011324,1.0,7,0,0.0,2.0,3.0,15.0,A01
201800011324,2.0,33,0,0.0,2.0,1.0,1.0,B01
201800011325,1.0,33,0,0.0,0.0,3.0,1.0,A01
201800011326,2.0,7,0,16.0,0.0,0.0,13.0,A01
201800011327,0.0,1,0,0.0,0.0,0.0,0.0,A01
201800011328,1.0,7,0,0.0,2.0,2.0,2.0,A01
201800011328,1.0,1,0,0.0,2.0,2.0,1.0,B01
201800011329,2.0,7,0,0.0,1.0,2.0,1.0,A01
201800011330,2.0,7,0,12.0,0.0,1.0,1.0,A01
201800011331,1.0,7,0,2.0,0.0,1.0,1.0,A01
201800011332,2.0,7,0,13.0,0.0,1.0,1.0,A01
201800011333,2.0,7,0,2.0,0.0,2.0,14.0,A01
201800011334,0.0,7,0,0.0,2.0,3.0,0.0,A01
201800011334,1.0,2,0,14.0,0.0,1.0,0.0,B01
201800011335,2.0,7,0,0.0,2.0,1.0,1.0,A01
201800011335,1.0,7,0,0.0,2.0,3.0,1.0,B01
201800011336,2.0,7,0,0.0,0.0,8.0,16.0,B01
201800011336,1.0,7,0,0.0,2.0,1.0,1.0,A01
201800011337,1.0,7,0,2.0,0.0,1.0,1.0,A01
201800011338,1.0,13,0,0.0,2.0,3.0,1.0,A01
201800011338,2.0,7,0,0.0,2.0,1.0,1.0,B01
201800011339,1.0,2,0,0.0,2.0,0.0,0.0,A01
201800011339,1.0,7,0,0.0,2.0,1.0,1.0,B01
201800011340,1.0,7,0,2.0,0.0,1.0,1.0,A01
201800011341,1.0,7,0,0.0,2.0,8.0,19.0,A01
201800011341,1.0,7,0,0.0,2.0,1.0,1.0,B01
201800011342,2.0,7,0,6.0,0.0,3.0,13.0,A01
201800011343,2.0,10,0,8.0,0.0,1.0,1.0,A01
201800011344,1.0,7,0,0.0,2.0,8.0,9.0,A01
201800011344,1.0,1,0,0.0,2.0,7.0,1.0,B01
201800011345,2.0,7,0,13.0,0.0,0.0,21.0,A01
201800011346,1.0,7,0,9.0,0.0,1.0,1.0,A01
201800011347,2.0,7,0,0.0,2.0,8.0,19.0,B01
201800011347,2.0,7,0,0.0,2.0,1.0,1.0,A01
201800011348,1.0,7,0,0.0,2.0,2.0,1.0,B01
201800011348,2.0,7,0,0.0,2.0,3.0,15.0,A01
201800011349,1.0,33,0,0.0,2.0,1.0,1.0,A01
201800011349,2.0,7,0,0.0,2.0,2.0,15.0,B01
201800011350,2.0,7,0,13.0,0.0,2.0,1.0,A01
201800011351,2.0,7,0,5.0,0.0,2.0,1.0,A01
201800011352,1.0,2,0,15.0,0.0,1.0,1.0,A01
201800011353,1.0,10,0,0.0,2.0,6.0,15.0,A01
201800011353,2.0,33,0,0.0,2.0,1.0,1.0,B01
201800011354,1.0,7,0,0.0,2.0,2.0,17.0,A01
201800011354,1.0,1,0,0.0,0.0,4.0,15.0,B01
201800011355,2.0,7,0,0.0,6.0,3.0,21.0,A01
201800011356,1.0,7,0,0.0,4.0,8.0,1.0,A01
201800011356,0.0,39,128,0.0,2.0,1.0,1.0,B01
201800011357,1.0,10,0,0.0,2.0,3.0,1.0,A01
201800011357,1.0,2,0,0.0,2.0,8.0,1.0,B01
201800011358,2.0,10,0,0.0,2.0,1.0,15.0,A01
201800011358,1.0,10,0,0.0,2.0,3.0,1.0,B01
201800011358,1.0,10,0,0.0,2.0,1.0,1.0,C01
201800011358,1.0,10,0,0.0,2.0,1.0,1.0,D01
201800011359,1.0,7,0,0.0,2.0,3.0,1.0,A01
201800011359,2.0,7,0,0.0,2.0,3.0,1.0,B01
201800011360,1.0,7,0,2.0,0.0,7.0,1.0,A01
201800011361,1.0,7,0,6.0,0.0,1.0,13.0,A01
201800011362,2.0,7,0,0.0,2.0,7.0,1.0,A01
201800011362,1.0,2,0,0.0,2.0,3.0,1.0,B01
201800011363,2.0,7,0,0.0,0.0,7.0,1.0,A01
201800011364,2.0,2,0,6.0,0.0,1.0,1.0,A01
201800011365,2.0,7,0,2.0,0.0,0.0,0.0,A01
201800011366,1.0,33,0,0.0,0.0,7.0,1.0,A01
201800011367,1.0,7,0,2.0,0.0,0.0,0.0,A01
201800011368,2.0,7,0,6.0,0.0,3.0,1.0,A01
201800011369,1.0,7,0,0.0,2.0,1.0,5.0,A01
201800011369,2.0,7,0,0.0,2.0,1.0,1.0,B01
201800011370,1.0,33,0,0.0,2.0,1.0,2.0,A01
201800011370,1.0,7,0,0.0,0.0,5.0,15.0,B01
201800011371,2.0,7,0,0.0,2.0,3.0,13.0,B01
201800011371,1.0,7,0,0.0,2.0,1.0,13.0,A01
201800011372,2.0,7,0,6.0,0.0,1.0,1.0,A01
201800011373,1.0,7,0,16.0,0.0,9.0,13.0,A01
201800011374,0.0,1,0,0.0,0.0,0.0,1.0,A01
201800011375,1.0,7,0,0.0,2.0,3.0,1.0,A01
201800011375,2.0,33,0,0.0,2.0,1.0,5.0,B01
201800011376,1.0,7,0,13.0,0.0,1.0,14.0,A01
201800011377,1.0,7,0,13.0,0.0,6.0,1.0,A01
201800011378,1.0,7,0,2.0,0.0,2.0,0.0,A01
201800011379,2.0,7,0,13.0,0.0,3.0,13.0,A01
201800011380,2.0,7,0,8.0,0.0,8.0,1.0,A01
201800011381,0.0,7,0,6.0,1.0,3.0,19.0,A01
201800011382,1.0,7,0,6.0,0.0,1.0,1.0,A01
201800011383,2.0,7,0,0.0,2.0,1.0,1.0,B01
201800011383,1.0,7,0,0.0,2.0,1.0,0.0,A01
201800011384,2.0,7,0,0.0,2.0,3.0,2.0,B01
201800011384,2.0,7,0,0.0,2.0,8.0,13.0,C01
201800011384,2.0,7,0,0.0,2.0,2.0,17.0,A01
201800011385,2.0,7,0,2.0,0.0,3.0,1.0,A01
201800011386,2.0,7,0,0.0,2.0,1.0,15.0,A01
201800011386,1.0,31,0,0.0,2.0,1.0,1.0,B01
201800011387,1.0,7,0,0.0,2.0,1.0,0.0,C01
201800011387,1.0,7,0,0.0,2.0,1.0,0.0,B01
201800011387,2.0,7,0,0.0,2.0,1.0,13.0,A01
201800011388,1.0,7,0,2.0,0.0,8.0,1.0,A01
201800011389,2.0,7,0,0.0,2.0,4.0,0.0,A01
201800011389,1.0,7,0,0.0,2.0,2.0,0.0,B01
201800011390,2.0,7,0,13.0,0.0,0.0,2.0,A01
201800011391,2.0,2,0,8.0,0.0,1.0,1.0,A01
201800011392,1.0,7,0,0.0,2.0,3.0,1.0,A01
201800011392,2.0,7,0,3.0,2.0,3.0,1.0,B01
201800011393,1.0,7,0,0.0,0.0,9.0,1.0,A01
201800011394,1.0,10,0,0.0,2.0,7.0,19.0,A01
201800011394,1.0,7,0,0.0,2.0,1.0,1.0,B01
201800011395,2.0,10,0,0.0,9.0,2.0,2.0,A01
201800011395,1.0,1,0,0.0,2.0,4.0,2.0,B01
201800011396,2.0,7,0,0.0,2.0,1.0,1.0,A01
201800011396,1.0,7,0,0.0,2.0,1.0,1.0,B01
201800011397,0.0,1,0,0.0,2.0,1.0,1.0,A01
201800011397,0.0,1,0,0.0,2.0,1.0,11.0,B01
201800011398,2.0,7,0,0.0,2.0,1.0,14.0,B01
201800011398,2.0,7,0,2.0,0.0,3.0,0.0,D01
201800011398,1.0,7,0,0.0,2.0,1.0,13.0,A01
201800011398,2.0,10,0,0.0,2.0,3.0,2.0,C01
201800011399,0.0,7,0,7.0,0.0,3.0,1.0,A01
201800011400,0.0,7,0,0.0,0.0,2.0,2.0,A01
201800011400,0.0,1,0,0.0,2.0,4.0,2.0,B01
201800011401,1.0,7,0,8.0,0.0,6.0,0.0,A01
201800011402,0.0,7,0,15.0,2.0,1.0,1.0,B01
201800011402,1.0,7,0,0.0,2.0,3.0,1.0,A01
201800011403,1.0,2,0,6.0,0.0,1.0,1.0,A01
201800011404,2.0,15,0,0.0,2.0,1.0,2.0,B01
201800011404,1.0,7,0,0.0,2.0,3.0,15.0,A01
201800011405,0.0,10,0,0.0,2.0,3.0,9.0,B01
201800011405,1.0,31,0,0.0,2.0,3.0,5.0,A01
201800011406,2.0,15,0,0.0,2.0,1.0,1.0,B01
201800011406,1.0,7,0,0.0,2.0,1.0,1.0,A01
201800011407,2.0,7,0,13.0,0.0,0.0,1.0,A01
201800011408,2.0,7,0,0.0,2.0,1.0,11.0,A01
201800011408,1.0,7,0,0.0,2.0,1.0,1.0,B01
201800011409,1.0,7,0,0.0,0.0,1.0,0.0,A01
201800011410,1.0,7,0,2.0,0.0,7.0,21.0,A01
201800011411,2.0,7,0,0.0,0.0,6.0,1.0,B01
201800011411,1.0,33,0,0.0,2.0,1.0,1.0,A01
201800011412,0.0,7,0,0.0,1.0,2.0,1.0,A01
201800011413,1.0,7,0,6.0,0.0,3.0,1.0,A01
201800011414,1.0,7,0,0.0,2.0,2.0,1.0,A01
201800011414,1.0,1,0,0.0,2.0,4.0,2.0,B01
201800011415,1.0,7,0,0.0,2.0,1.0,11.0,A01
201800011415,2.0,7,0,0.0,2.0,1.0,13.0,B01
201800011416,2.0,7,0,0.0,1.0,1.0,1.0,A01
201800011417,1.0,7,0,0.0,2.0,8.0,1.0,C01
201800011417,1.0,10,0,0.0,2.0,8.0,1.0,B01
201800011417,2.0,7,0,0.0,2.0,1.0,5.0,A01
201800011418,2.0,10,0,2.0,0.0,1.0,1.0,A01
201800011419,2.0,7,0,2.0,0.0,3.0,13.0,A01
201800011420,2.0,7,0,6.0,2.0,6.0,19.0,A01
201800011420,1.0,10,0,0.0,2.0,1.0,1.0,B01
201800011421,2.0,2,0,0.0,2.0,1.0,2.0,B01
201800011421,2.0,7,0,1.0,0.0,2.0,2.0,A01
201800011422,1.0,7,0,0.0,2.0,5.0,15.0,A01
201800011422,2.0,7,0,0.0,2.0,3.0,1.0,B01
201800011423,1.0,7,0,3.0,0.0,1.0,13.0,A01
201800011424,0.0,35,0,14.0,0.0,1.0,1.0,A01
201800011425,1.0,7,0,0.0,2.0,1.0,19.0,A01
201800011425,2.0,7,0,0.0,2.0,1.0,1.0,B01
201800011426,1.0,10,0,0.0,2.0,1.0,0.0,B01
201800011426,1.0,7,0,0.0,2.0,5.0,0.0,A01
201800011427,1.0,7,0,0.0,2.0,1.0,1.0,B01
201800011427,1.0,10,0,0.0,2.0,6.0,1.0,A01
201800011428,2.0,7,0,0.0,0.0,9.0,0.0,A01
201800011429,1.0,7,0,0.0,6.0,1.0,14.0,A01
201800011430,2.0,7,0,2.0,0.0,2.0,1.0,A01
201800011431,2.0,7,0,1.0,2.0,1.0,1.0,A01
201800011431,2.0,7,0,1.0,2.0,4.0,23.0,B01
201800011431,2.0,15,0,0.0,2.0,4.0,23.0,C01
201800011432,1.0,7,0,3.0,0.0,1.0,1.0,A01
201800011433,0.0,7,0,0.0,1.0,1.0,20.0,A01
201800011434,1.0,7,0,0.0,2.0,3.0,9.0,B01
201800011434,2.0,2,0,0.0,2.0,1.0,1.0,A01
201800011435,1.0,1,0,0.0,2.0,7.0,2.0,B01
201800011435,1.0,32,0,0.0,2.0,8.0,2.0,A01
201800011436,0.0,31,0,1.0,0.0,1.0,0.0,A01
201800011437,2.0,7,0,0.0,2.0,1.0,13.0,A01
201800011437,1.0,7,0,0.0,2.0,3.0,1.0,C01
201800011437,1.0,7,0,0.0,2.0,3.0,1.0,B01
201800011438,0.0,33,0,2.0,0.0,1.0,0.0,A01
201800011439,1.0,7,0,2.0,0.0,1.0,13.0,A01
201800011440,1.0,7,0,0.0,2.0,8.0,1.0,A01
201800011440,1.0,7,0,0.0,2.0,1.0,1.0,B01
201800011441,1.0,7,0,0.0,2.0,2.0,1.0,A01
201800011441,1.0,2,0,0.0,0.0,4.0,0.0,B01
201800011442,1.0,7,0,0.0,2.0,1.0,1.0,B01
201800011442,1.0,7,0,0.0,2.0,1.0,17.0,A01
201800011443,2.0,7,0,0.0,2.0,1.0,1.0,B01
201800011443,1.0,7,0,0.0,2.0,3.0,13.0,A01
201800011444,1.0,7,0,0.0,2.0,2.0,1.0,A01
201800011444,2.0,7,0,0.0,2.0,3.0,1.0,B01
201800011445,1.0,33,0,0.0,0.0,0.0,0.0,A01
201800011446,2.0,7,0,0.0,0.0,0.0,1.0,A01
201800011447,2.0,33,0,0.0,0.0,8.0,0.0,A01
201800011448,1.0,7,0,0.0,2.0,3.0,1.0,B01
201800011448,1.0,2,0,0.0,2.0,2.0,0.0,A01
201800011449,2.0,7,0,15.0,0.0,0.0,0.0,A01
201800011450,1.0,33,0,0.0,6.0,7.0,12.0,A01
201800011451,1.0,7,0,8.0,0.0,3.0,0.0,A01
201800011452,1.0,2,0,0.0,0.0,0.0,1.0,A01
201800011453,1.0,10,0,0.0,2.0,3.0,1.0,A01
201800011453,1.0,2,0,0.0,2.0,8.0,1.0,B01
201800011454,2.0,2,0,13.0,0.0,1.0,1.0,A01
201800011455,2.0,7,0,0.0,2.0,3.0,0.0,A01
201800011455,1.0,15,0,0.0,2.0,3.0,1.0,B01
201800011456,2.0,2,0,0.0,0.0,1.0,2.0,A01
201800011456,2.0,7,0,0.0,2.0,5.0,2.0,B01
201800011457,,33,0,2.0,0.0,1.0,1.0,A01
201800011458,2.0,7,0,0.0,2.0,1.0,2.0,A01
201800011458,2.0,1,0,13.0,2.0,4.0,2.0,C01
201800011458,2.0,1,0,13.0,2.0,4.0,2.0,B01
201800011459,2.0,33,0,13.0,0.0,1.0,21.0,A01
201800011460,2.0,7,0,0.0,1.0,3.0,1.0,A01
201800011461,2.0,7,0,0.0,1.0,2.0,21.0,A01
201800011462,0.0,7,0,15.0,0.0,3.0,0.0,A01
201800011463,0.0,7,0,0.0,2.0,3.0,9.0,B01
201800011463,0.0,7,0,0.0,2.0,2.0,1.0,A01
201800011464,1.0,7,0,8.0,0.0,3.0,0.0,A01
201800011465,2.0,7,0,0.0,2.0,3.0,13.0,A01
201800011465,1.0,7,0,0.0,2.0,3.0,0.0,B01
201800011466,2.0,30,0,0.0,2.0,1.0,1.0,B01
201800011466,0.0,7,0,0.0,2.0,7.0,15.0,A01
201800011467,0.0,7,0,0.0,9.0,3.0,15.0,A01
201800011467,0.0,1,0,0.0,0.0,8.0,0.0,B01
201800011468,2.0,7,0,13.0,2.0,6.0,1.0,B01
201800011468,0.0,7,0,0.0,2.0,3.0,19.0,A01
201800011469,1.0,7,0,0.0,1.0,2.0,1.0,A01
201800011470,2.0,7,0,13.0,0.0,9.0,1.0,A01
201800011471,0.0,7,0,0.0,2.0,3.0,19.0,A01
201800011471,0.0,7,0,0.0,2.0,1.0,1.0,B01
201800011472,1.0,33,0,13.0,0.0,1.0,1.0,A01
201800011473,2.0,7,0,0.0,0.0,0.0,0.0,A01
201800011474,2.0,7,0,2.0,0.0,3.0,14.0,A01
201800011475,1.0,2,0,0.0,2.0,1.0,0.0,A01
201800011475,1.0,7,0,0.0,0.0,4.0,13.0,B01
201800011476,2.0,7,0,0.0,2.0,3.0,15.0,B01
201800011476,2.0,33,0,0.0,2.0,1.0,17.0,A01
201800011477,0.0,2,0,13.0,0.0,1.0,0.0,A01
201800011478,1.0,7,0,0.0,2.0,1.0,1.0,A01
201800011478,1.0,7,0,0.0,2.0,1.0,1.0,B01
201800011479,2.0,21,0,0.0,2.0,1.0,1.0,A01
201800011479,1.0,7,0,0.0,2.0,1.0,1.0,B01
201800011480,0.0,7,0,0.0,1.0,3.0,16.0,A01
201800011481,2.0,7,0,16.0,0.0,9.0,1.0,A01
201800011482,1.0,7,0,0.0,2.0,3.0,1.0,B01
201800011482,2.0,7,0,0.0,2.0,1.0,15.0,A01
201800011483,2.0,33,0,0.0,6.0,1.0,1.0,A01
201800011484,0.0,7,0,0.0,1.0,2.0,1.0,A01
201800011485,2.0,7,0,13.0,0.0,1.0,1.0,A01
201800011486,0.0,7,0,0.0,2.0,3.0,1.0,A01
201800011486,0.0,32,0,0.0,2.0,1.0,1.0,B01
201800011487,0.0,32,0,0.0,0.0,4.0,0.0,A01
201800011487,0.0,7,0,0.0,2.0,1.0,2.0,B01
201800011488,0.0,31,0,14.0,0.0,1.0,0.0,A01
201800011489,0.0,7,0,0.0,1.0,2.0,1.0,A01
201800011490,0.0,7,0,0.0,2.0,3.0,13.0,A01
201800011490,0.0,7,0,0.0,2.0,8.0,1.0,B01
201800011491,0.0,7,0,2.0,0.0,7.0,1.0,A01
201800011492,1.0,10,0,0.0,2.0,2.0,1.0,A01
201800011492,2.0,1,0,0.0,2.0,3.0,15.0,B01
201800011493,2.0,7,0,1.0,0.0,2.0,19.0,A01
201800011493,1.0,10,0,0.0,0.0,3.0,24.0,B01
201800011494,1.0,2,0,0.0,0.0,0.0,1.0,A01
201800011495,2.0,1,0,0.0,2.0,4.0,1.0,A01
201800011495,2.0,99,0,0.0,9.0,1.0,1.0,B01
201800011496,0.0,7,0,0.0,1.0,1.0,1.0,A01
201800011497,0.0,1,0,0.0,0.0,6.0,2.0,B01
201800011497,1.0,7,0,0.0,2.0,2.0,2.0,A01
201800011498,2.0,33,0,0.0,0.0,7.0,13.0,A01
201800011499,1.0,2,0,0.0,0.0,3.0,13.0,A01
201800011500,0.0,7,0,0.0,2.0,2.0,2.0,A01
201800011500,0.0,1,0,0.0,2.0,8.0,2.0,B01
201800011501,1.0,7,0,0.0,9.0,2.0,13.0,A01
201800011501,1.0,1,0,0.0,0.0,4.0,1.0,B01
201800011502,2.0,7,0,0.0,2.0,1.0,5.0,A01
201800011502,1.0,7,0,0.0,2.0,1.0,1.0,B01
201800011503,0.0,7,0,1.0,1.0,1.0,16.0,C01
201800011504,0.0,2,0,0.0,2.0,1.0,13.0,A01
201800011504,0.0,10,0,0.0,2.0,3.0,1.0,B01
201800011505,2.0,7,0,0.0,2.0,2.0,1.0,A01
201800011505,1.0,7,0,0.0,2.0,3.0,1.0,B01
201800011506,0.0,2,0,0.0,0.0,0.0,1.0,A01
201800011507,2.0,7,0,8.0,0.0,1.0,1.0,A01
201800011508,1.0,7,0,0.0,0.0,0.0,1.0,A01
201800011508,1.0,7,0,0.0,2.0,1.0,1.0,B01
201800011508,1.0,7,0,0.0,2.0,0.0,1.0,C01
201800011508,1.0,7,0,0.0,2.0,1.0,1.0,D01
201800011509,2.0,31,0,15.0,0.0,2.0,1.0,A01
201800011510,1.0,7,0,0.0,2.0,1.0,1.0,A01
201800011510,1.0,7,0,0.0,2.0,4.0,1.0,B01
201800011510,1.0,7,0,0.0,0.0,5.0,23.0,C01
201800011511,1.0,7,0,13.0,0.0,1.0,20.0,A01
201800011512,0.0,7,0,0.0,2.0,2.0,1.0,A01
201800011512,0.0,7,0,0.0,2.0,3.0,1.0,B01
201800011513,1.0,7,0,7.0,0.0,8.0,2.0,A01
201800011513,2.0,7,0,0.0,2.0,1.0,9.0,B01
201800011514,0.0,31,0,13.0,0.0,3.0,13.0,A01
201800011515,1.0,7,0,0.0,0.0,3.0,13.0,A01
201800011515,2.0,7,0,0.0,2.0,3.0,1.0,B01
201800011516,0.0,21,0,0.0,2.0,3.0,1.0,A01
201800011516,0.0,31,0,0.0,2.0,1.0,1.0,B01
201800011517,1.0,7,0,0.0,1.0,2.0,1.0,A01
201800011518,1.0,33,0,13.0,0.0,1.0,1.0,A01
201800011519,1.0,7,0,8.0,0.0,3.0,0.0,A01
201800011520,2.0,7,0,0.0,2.0,5.0,2.0,A01
201800011520,2.0,2,0,0.0,2.0,1.0,2.0,B01
201800011521,1.0,31,0,9.0,0.0,1.0,1.0,A01
201800011522,2.0,7,0,0.0,2.0,5.0,13.0,A01
201800011522,1.0,33,0,0.0,2.0,8.0,1.0,B01
201800011523,2.0,7,0,0.0,2.0,1.0,5.0,A01
201800011523,1.0,7,0,0.0,2.0,1.0,23.0,B01
201800011524,0.0,7,0,0.0,1.0,1.0,9.0,A01
201800011525,0.0,7,0,0.0,1.0,4.0,4.0,A01
201800011526,2.0,7,0,0.0,2.0,3.0,13.0,A01
201800011526,1.0,17,0,0.0,2.0,6.0,1.0,B01
201800011526,1.0,7,0,0.0,2.0,3.0,1.0,C01
201800011527,2.0,7,0,0.0,0.0,3.0,16.0,A01
201800011527,2.0,7,0,10.0,2.0,2.0,1.0,B01
201800011528,0.0,7,0,12.0,2.0,8.0,15.0,A01
201800011528,0.0,7,0,12.0,2.0,1.0,19.0,B01
201800011529,2.0,7,0,8.0,2.0,6.0,1.0,A01
201800011530,1.0,7,0,0.0,2.0,2.0,1.0,A01
201800011530,0.0,7,0,0.0,2.0,1.0,0.0,B01
201800011531,1.0,7,0,16.0,0.0,1.0,1.0,A01
201800011532,0.0,33,0,0.0,0.0,0.0,21.0,A01
201800011533,2.0,7,0,0.0,2.0,2.0,17.0,A01
201800011533,2.0,2,0,0.0,2.0,6.0,15.0,B01
201800011534,0.0,7,0,13.0,0.0,3.0,1.0,A01
201800011535,1.0,7,0,0.0,2.0,2.0,0.0,A01
201800011535,1.0,7,0,0.0,2.0,1.0,1.0,B01
201800011536,2.0,7,0,0.0,2.0,8.0,1.0,B01
201800011536,0.0,7,0,0.0,2.0,2.0,1.0,A01
201800011537,0.0,7,0,0.0,2.0,2.0,2.0,A01
201800011537,0.0,2,0,0.0,2.0,4.0,1.0,B01
201800011538,1.0,17,0,0.0,0.0,6.0,23.0,A01
201800011538,1.0,7,0,1.0,0.0,1.0,2.0,B01
201800011539,0.0,7,0,0.0,2.0,2.0,17.0,A01
201800011539,0.0,2,0,0.0,0.0,4.0,13.0,B01
201800011540,2.0,7,0,0.0,2.0,1.0,1.0,A01
201800011540,0.0,7,0,0.0,0.0,8.0,0.0,B01
201800011541,2.0,7,0,0.0,2.0,1.0,17.0,A01
201800011541,1.0,7,0,0.0,2.0,1.0,1.0,B01
201800011542,2.0,36,0,0.0,2.0,1.0,1.0,A01
201800011542,1.0,7,0,0.0,0.0,3.0,15.0,B01
201800011543,2.0,2,0,0.0,2.0,1.0,2.0,A01
201800011543,2.0,7,0,0.0,2.0,4.0,2.0,B01
201800011544,2.0,7,0,13.0,0.0,1.0,1.0,A01
201800011545,1.0,7,0,0.0,2.0,7.0,1.0,B01
201800011545,1.0,7,0,0.0,2.0,1.0,1.0,A01
201800011546,1.0,21,0,0.0,2.0,6.0,1.0,A01
201800011546,2.0,7,0,0.0,2.0,3.0,1.0,B01
201800011547,1.0,7,0,0.0,2.0,6.0,1.0,B01
201800011547,2.0,2,0,0.0,2.0,1.0,1.0,A01
201800011548,2.0,7,0,15.0,0.0,1.0,1.0,A01
201800011549,0.0,33,0,0.0,0.0,0.0,17.0,A01
201800011550,0.0,7,0,0.0,2.0,3.0,20.0,A01
201800011550,0.0,2,0,0.0,2.0,2.0,1.0,B01
201800011551,1.0,7,0,0.0,2.0,1.0,13.0,A01
201800011551,1.0,7,0,0.0,2.0,1.0,1.0,B01
201800011552,2.0,7,0,4.0,0.0,1.0,0.0,A01
201800011553,0.0,7,0,0.0,9.0,3.0,9.0,A01
201800011553,0.0,1,0,0.0,2.0,1.0,1.0,B01
201800011554,2.0,7,0,2.0,2.0,3.0,13.0,A01
201800011554,0.0,7,0,8.0,2.0,3.0,1.0,B01
201800011555,1.0,7,0,8.0,2.0,1.0,13.0,A01
201800011556,1.0,7,0,7.0,0.0,8.0,1.0,A01
201800011557,1.0,33,0,16.0,0.0,4.0,1.0,A01
201800011558,0.0,2,0,0.0,0.0,8.0,0.0,A01
201800011559,1.0,33,0,0.0,2.0,1.0,1.0,B01
201800011559,0.0,7,0,0.0,2.0,3.0,15.0,A01
201800011560,0.0,2,0,0.0,2.0,3.0,13.0,A01
201800011560,0.0,21,0,0.0,2.0,6.0,1.0,B01
201800011561,1.0,7,0,0.0,2.0,2.0,15.0,A01
201800011561,2.0,33,0,0.0,2.0,4.0,1.0,B01
201800011562,0.0,31,0,0.0,0.0,0.0,0.0,A01
201800011563,2.0,10,0,0.0,2.0,3.0,15.0,A01
201800011563,1.0,33,0,6.0,2.0,1.0,1.0,B01
201800011564,1.0,7,0,0.0,2.0,3.0,13.0,A01
201800011564,2.0,99,0,0.0,2.0,3.0,1.0,B01
201800011565,0.0,10,0,0.0,9.0,2.0,17.0,A01
201800011565,0.0,1,0,0.0,2.0,8.0,1.0,B01
201800011566,0.0,33,0,0.0,0.0,0.0,0.0,A01
201800011567,0.0,7,0,13.0,0.0,5.0,1.0,A01
201800011568,0.0,7,0,0.0,1.0,3.0,16.0,A01
201800011569,0.0,10,0,13.0,2.0,3.0,15.0,B01
201800011569,0.0,10,0,13.0,2.0,1.0,17.0,A01
201800011570,2.0,7,0,0.0,1.0,1.0,1.0,A01
201800011571,1.0,7,0,2.0,0.0,2.0,13.0,A01
201800011572,1.0,7,0,2.0,0.0,3.0,1.0,A01
201800011573,1.0,33,0,0.0,2.0,7.0,1.0,B01
201800011573,0.0,7,0,0.0,2.0,1.0,15.0,A01
201800011574,2.0,1,0,0.0,2.0,8.0,15.0,B01
201800011574,2.0,7,0,0.0,2.0,7.0,17.0,A01
201800011575,1.0,33,0,0.0,2.0,1.0,1.0,A01
201800011575,2.0,7,0,0.0,2.0,8.0,15.0,B01
201800011576,2.0,7,0,0.0,0.0,4.0,1.0,A01
201800011576,2.0,7,0,0.0,2.0,1.0,1.0,B01
201800011576,1.0,7,0,0.0,2.0,1.0,1.0,C01
201800011576,1.0,7,0,0.0,2.0,8.0,1.0,D01
201800011577,1.0,10,0,0.0,2.0,3.0,1.0,B01
201800011577,2.0,7,0,0.0,2.0,2.0,1.0,C01
201800011577,2.0,10,0,0.0,2.0,1.0,1.0,A01
201800011578,1.0,7,0,2.0,0.0,1.0,17.0,A01
201800011578,1.0,7,0,0.0,9.0,1.0,1.0,B01
201800011579,2.0,7,0,4.0,0.0,3.0,1.0,A01
201800011580,2.0,7,0,0.0,5.0,2.0,1.0,A01
201800011581,2.0,7,0,6.0,0.0,3.0,1.0,A01
201800011582,1.0,10,0,2.0,0.0,1.0,1.0,A01
201800011583,1.0,7,0,0.0,2.0,5.0,15.0,B01
201800011583,1.0,7,0,0.0,2.0,3.0,2.0,A01
201800011584,1.0,7,0,0.0,2.0,2.0,2.0,A01