Num_Acc,senc,catv,occutc,obs,obsm,choc,manv,num_veh
201800011584,1.0,30,0,0.0,0.0,4.0,2.0,B01
201800011585,1.0,33,0,0.0,2.0,8.0,1.0,B01
201800011585,2.0,7,0,0.0,2.0,8.0,1.0,A01
201800011586,2.0,7,0,6.0,0.0,8.0,0.0,A01
201800011587,2.0,7,0,2.0,0.0,3.0,13.0,A01
201800011588,0.0,2,0,13.0,0.0,1.0,1.0,A01
201800011589,2.0,7,0,15.0,0.0,7.0,0.0,A01
201800011590,1.0,7,0,0.0,2.0,3.0,1.0,B01
201800011590,1.0,7,0,0.0,2.0,8.0,1.0,C01
201800011590,2.0,7,0,0.0,2.0,3.0,13.0,A01
201800011591,1.0,33,0,13.0,0.0,1.0,13.0,A01
201800011592,1.0,7,0,1.0,0.0,1.0,11.0,A01
201800011593,1.0,7,0,2.0,0.0,1.0,1.0,A01
201800011594,2.0,33,0,8.0,0.0,1.0,13.0,A01
201800011595,2.0,7,0,2.0,0.0,8.0,0.0,A01
201800011596,2.0,7,0,0.0,2.0,6.0,15.0,A01
201800011596,2.0,7,0,0.0,2.0,2.0,17.0,B01
201800011597,0.0,99,0,0.0,1.0,0.0,0.0,A01
201800011598,2.0,7,0,2.0,0.0,5.0,1.0,A01
201800011599,0.0,7,0,0.0,2.0,1.0,1.0,A01
201800011599,0.0,7,0,0.0,2.0,1.0,1.0,B01
201800011600,2.0,7,0,0.0,2.0,1.0,11.0,A01
201800011600,1.0,7,0,0.0,2.0,1.0,1.0,B01
201800011601,2.0,2,0,6.0,0.0,2.0,1.0,A01
201800011602,2.0,2,0,0.0,2.0,1.0,1.0,B01
201800011602,0.0,7,0,0.0,2.0,5.0,1.0,A01
201800011603,2.0,7,0,0.0,0.0,9.0,1.0,A01
201800011604,0.0,33,0,13.0,0.0,2.0,1.0,A01
201800011605,2.0,7,0,2.0,0.0,1.0,1.0,A01
201800011606,1.0,7,0,2.0,0.0,1.0,2.0,A01
201800011607,1.0,1,0,0.0,9.0,1.0,1.0,A01
201800011608,2.0,7,0,2.0,0.0,1.0,1.0,A01
201800011609,1.0,33,0,0.0,2.0,1.0,1.0,A01
201800011609,2.0,7,0,0.0,2.0,2.0,1.0,B01
201800011610,0.0,7,0,2.0,0.0,1.0,1.0,A01
201800011611,2.0,2,0,0.0,0.0,7.0,1.0,A01
201800011612,0.0,1,0,0.0,2.0,1.0,1.0,B01
201800011612,0.0,7,0,0.0,9.0,2.0,1.0,A01
201800011613,2.0,31,0,0.0,2.0,1.0,16.0,A01
201800011613,1.0,7,0,12.0,2.0,3.0,1.0,B01
201800011614,2.0,7,0,0.0,2.0,0.0,17.0,A01
201800011614,2.0,2,0,0.0,2.0,8.0,15.0,B01
201800011615,1.0,7,0,0.0,2.0,3.0,11.0,A01
201800011615,2.0,7,0,0.0,2.0,8.0,1.0,B01
201800011616,1.0,7,0,6.0,0.0,1.0,11.0,A01
201800011617,2.0,3,0,0.0,2.0,2.0,0.0,B01
201800011617,1.0,7,0,0.0,2.0,3.0,0.0,A01
201800011618,1.0,7,0,0.0,1.0,2.0,15.0,A01
201800011619,2.0,7,0,8.0,0.0,7.0,1.0,A01
201800011620,1.0,7,0,9.0,0.0,8.0,13.0,A01
201800011621,1.0,7,0,2.0,0.0,1.0,1.0,A01
201800011622,1.0,7,0,0.0,2.0,3.0,13.0,A01
201800011622,2.0,7,0,0.0,2.0,3.0,1.0,B01
201800011623,2.0,2,0,13.0,2.0,1.0,1.0,B01
201800011623,1.0,7,0,0.0,2.0,2.0,1.0,A01
201800011624,2.0,7,0,13.0,0.0,1.0,19.0,A01
201800011625,1.0,30,0,0.0,2.0,0.0,9.0,B01
201800011625,1.0,7,0,0.0,2.0,0.0,9.0,A01
201800011626,2.0,33,0,0.0,2.0,1.0,1.0,B01
201800011626,1.0,7,0,0.0,2.0,5.0,15.0,A01
201800011627,1.0,2,0,0.0,2.0,1.0,1.0,A01
201800011627,0.0,7,0,0.0,0.0,6.0,19.0,B01
201800011628,1.0,7,0,0.0,2.0,3.0,15.0,B01
201800011628,1.0,7,0,8.0,2.0,2.0,17.0,A01
201800011629,1.0,2,0,6.0,0.0,1.0,1.0,A01
201800011630,2.0,33,0,0.0,2.0,1.0,1.0,B01
201800011630,1.0,7,0,0.0,2.0,7.0,15.0,A01
201800011631,1.0,7,0,0.0,2.0,3.0,9.0,A01
201800011631,2.0,32,0,0.0,2.0,2.0,1.0,B01
201800011632,2.0,2,0,12.0,0.0,1.0,1.0,A01
201800011633,1.0,7,0,2.0,0.0,1.0,1.0,A01
201800011634,1.0,3,0,15.0,0.0,3.0,2.0,A01
201800011635,1.0,7,0,0.0,2.0,7.0,1.0,A01
201800011635,1.0,7,0,0.0,2.0,3.0,1.0,B01
201800011636,2.0,7,0,0.0,2.0,2.0,1.0,B01
201800011636,1.0,7,0,0.0,2.0,2.0,1.0,A01
201800011637,2.0,7,0,0.0,2.0,2.0,1.0,B01
201800011637,1.0,33,0,13.0,2.0,7.0,19.0,A01
201800011638,2.0,7,0,0.0,2.0,1.0,1.0,B01
201800011638,1.0,7,0,0.0,2.0,1.0,5.0,A01
201800011639,2.0,7,0,0.0,1.0,2.0,1.0,A01
201800011640,0.0,7,0,13.0,0.0,1.0,1.0,A01
201800011641,0.0,7,0,0.0,2.0,3.0,1.0,A01
201800011641,0.0,1,0,0.0,2.0,2.0,1.0,B01
201800011642,2.0,7,0,0.0,1.0,3.0,1.0,A01
201800011643,0.0,7,0,0.0,1.0,2.0,1.0,A01
201800011644,1.0,7,0,0.0,2.0,1.0,1.0,C01
201800011644,1.0,7,0,0.0,2.0,8.0,1.0,B01
201800011644,2.0,7,0,0.0,2.0,1.0,13.0,A01
201800011645,2.0,33,0,0.0,6.0,3.0,1.0,A01
201800011646,2.0,7,0,0.0,2.0,6.0,1.0,C01
201800011646,2.0,10,0,0.0,2.0,1.0,1.0,D01
201800011646,1.0,7,0,0.0,2.0,9.0,1.0,B01
201800011646,2.0,33,0,0.0,2.0,8.0,17.0,A01
201800011647,1.0,7,0,2.0,0.0,2.0,1.0,A01
201800011648,2.0,1,0,0.0,2.0,6.0,1.0,B01
201800011648,2.0,7,0,0.0,9.0,7.0,1.0,A01
201800011649,0.0,7,0,0.0,2.0,1.0,16.0,A01
201800011649,0.0,2,0,0.0,2.0,1.0,1.0,B01
201800011650,1.0,7,0,2.0,0.0,0.0,1.0,A01
201800011651,0.0,7,0,0.0,2.0,1.0,1.0,B01
201800011651,0.0,2,0,0.0,2.0,3.0,19.0,A01
201800011652,1.0,2,0,0.0,2.0,1.0,2.0,A01
201800011652,1.0,7,0,0.0,2.0,3.0,2.0,B01
201800011653,0.0,7,0,0.0,0.0,3.0,19.0,A01
201800011653,0.0,33,0,0.0,2.0,1.0,1.0,B01
201800011654,1.0,7,0,2.0,0.0,1.0,14.0,A01
201800011655,1.0,7,0,0.0,2.0,2.0,1.0,B01
201800011655,0.0,7,0,0.0,2.0,3.0,19.0,A01
201800011656,0.0,7,0,0.0,1.0,2.0,1.0,A01
201800011657,2.0,33,0,0.0,2.0,1.0,1.0,B01
201800011657,2.0,33,0,0.0,2.0,3.0,16.0,A01
201800011658,1.0,2,0,0.0,0.0,1.0,1.0,A01
201800011659,2.0,10,0,8.0,0.0,1.0,14.0,A01
201800011660,0.0,7,0,2.0,0.0,1.0,1.0,A01
201800011661,1.0,33,0,0.0,2.0,3.0,13.0,A01
201800011661,1.0,21,0,0.0,2.0,6.0,1.0,B01
201800011662,0.0,7,0,13.0,0.0,1.0,1.0,A01
201800011663,1.0,2,0,0.0,0.0,0.0,1.0,A01
201800011664,1.0,7,0,0.0,2.0,2.0,1.0,A01
201800011664,1.0,1,0,0.0,0.0,4.0,23.0,B01
201800011665,2.0,7,0,0.0,1.0,2.0,1.0,A01
201800011666,0.0,1,0,0.0,2.0,7.0,0.0,B01
201800011666,0.0,10,0,0.0,2.0,3.0,0.0,A01
201800011667,2.0,7,0,0.0,0.0,3.0,1.0,C01
201800011667,2.0,10,0,0.0,0.0,3.0,5.0,B01
201800011668,2.0,33,0,5.0,0.0,7.0,1.0,A01
201800011669,1.0,1,0,13.0,0.0,0.0,1.0,A01
201800011670,2.0,7,0,6.0,0.0,2.0,1.0,A01
201800011671,1.0,7,0,0.0,9.0,1.0,1.0,A01
201800011671,0.0,31,0,0.0,2.0,8.0,15.0,B01
201800011672,1.0,7,0,0.0,2.0,1.0,1.0,B01
201800011672,2.0,7,0,0.0,2.0,1.0,5.0,A01
201800011673,2.0,7,0,0.0,2.0,8.0,1.0,B01
201800011673,2.0,7,0,0.0,2.0,1.0,15.0,A01
201800011674,2.0,7,0,13.0,0.0,2.0,2.0,A01
201800011675,2.0,7,0,0.0,2.0,2.0,1.0,B01
201800011675,2.0,7,0,0.0,2.0,3.0,15.0,A01
201800011676,2.0,7,0,0.0,2.0,3.0,1.0,B01
201800011676,1.0,7,0,0.0,2.0,3.0,5.0,A01
201800011677,1.0,33,0,0.0,0.0,0.0,1.0,B01
201800011677,2.0,7,0,0.0,0.0,0.0,15.0,A01
201800011678,1.0,2,0,0.0,0.0,0.0,1.0,A01
201800011679,0.0,21,0,0.0,1.0,0.0,2.0,A01
201800011680,1.0,2,0,0.0,0.0,0.0,1.0,A01
201800011681,1.0,7,0,0.0,2.0,3.0,15.0,A01
201800011681,1.0,33,0,0.0,2.0,1.0,17.0,B01
201800011682,1.0,7,0,13.0,0.0,1.0,14.0,A01
201800011683,1.0,7,0,0.0,2.0,1.0,1.0,B01
201800011683,2.0,7,0,0.0,2.0,1.0,13.0,A01
201800011684,1.0,33,0,1.0,0.0,1.0,1.0,B01
201800011684,2.0,7,0,0.0,2.0,3.0,15.0,A01
201800011685,2.0,7,0,0.0,2.0,1.0,1.0,B01
201800011685,1.0,2,0,0.0,2.0,8.0,19.0,A01
201800011686,1.0,33,0,14.0,0.0,1.0,1.0,A01
201800011687,2.0,7,0,14.0,0.0,1.0,1.0,A01
201800011688,0.0,7,0,0.0,2.0,3.0,1.0,B01
201800011688,0.0,21,0,0.0,2.0,2.0,1.0,A01
201800011689,1.0,33,0,0.0,2.0,3.0,13.0,A01
201800011689,2.0,7,0,0.0,2.0,3.0,1.0,B01
201800011690,1.0,33,0,0.0,0.0,0.0,1.0,A01
201800011691,1.0,7,0,0.0,2.0,2.0,15.0,A01
201800011691,2.0,33,0,0.0,2.0,1.0,1.0,B01
201800011692,1.0,7,0,0.0,2.0,2.0,3.0,A01
201800011692,2.0,33,0,0.0,2.0,1.0,0.0,B01
201800011693,2.0,2,0,0.0,2.0,1.0,1.0,B01
201800011693,1.0,10,0,0.0,2.0,2.0,15.0,A01
201800011694,2.0,7,0,0.0,2.0,1.0,1.0,B01
201800011694,1.0,7,0,0.0,2.0,1.0,5.0,A01
201800011695,1.0,33,0,0.0,2.0,1.0,17.0,A01
201800011695,1.0,10,0,0.0,0.0,5.0,15.0,B01
201800011696,1.0,7,0,8.0,0.0,1.0,0.0,A01
201800011697,1.0,10,0,0.0,0.0,4.0,23.0,A01
201800011697,1.0,2,0,0.0,2.0,3.0,1.0,B01
201800011698,2.0,2,0,0.0,0.0,0.0,1.0,A01
201800011699,2.0,7,0,2.0,0.0,2.0,1.0,A01
201800011700,2.0,30,0,0.0,1.0,1.0,2.0,A01
201800011701,2.0,7,0,0.0,2.0,3.0,1.0,A01
201800011701,1.0,7,0,0.0,2.0,3.0,1.0,B01
201800011702,0.0,7,0,0.0,1.0,4.0,4.0,A01
201800011703,1.0,7,0,2.0,0.0,1.0,1.0,A01
201800011704,1.0,7,0,0.0,2.0,7.0,17.0,A01
201800011704,1.0,7,0,0.0,2.0,8.0,1.0,B01
201800011705,1.0,2,0,0.0,0.0,0.0,1.0,A01
201800011706,1.0,7,0,0.0,2.0,3.0,1.0,B01
201800011706,2.0,7,0,0.0,2.0,3.0,1.0,A01
201800011707,2.0,7,0,10.0,0.0,1.0,0.0,A01
201800011708,1.0,7,0,0.0,1.0,3.0,1.0,A01
201800011709,1.0,2,0,2.0,0.0,1.0,1.0,A01
201800011710,1.0,7,0,13.0,2.0,3.0,13.0,A01
201800011710,2.0,21,0,0.0,2.0,6.0,1.0,B01
201800011711,2.0,7,0,0.0,2.0,1.0,1.0,B01
201800011711,1.0,7,0,0.0,2.0,8.0,19.0,A01
201800011712,1.0,7,0,5.0,2.0,2.0,1.0,B01
201800011712,2.0,7,0,0.0,2.0,2.0,13.0,A01
201800011712,1.0,7,0,0.0,2.0,7.0,1.0,C01
201800011713,2.0,7,0,0.0,0.0,9.0,1.0,A01
201800011714,2.0,31,0,0.0,0.0,8.0,1.0,A01
201800011715,2.0,7,0,0.0,2.0,1.0,13.0,B01
201800011715,1.0,7,0,0.0,2.0,1.0,1.0,A01
201800011716,2.0,33,0,0.0,0.0,0.0,1.0,A01
201800011717,1.0,1,0,0.0,9.0,9.0,1.0,B01
201800011717,1.0,1,0,0.0,9.0,9.0,1.0,A01
201800011717,1.0,1,0,0.0,9.0,9.0,1.0,D01
201800011717,1.0,1,0,0.0,9.0,9.0,1.0,E01
201800011717,1.0,1,0,0.0,9.0,9.0,1.0,C01
201800011718,0.0,21,0,0.0,2.0,1.0,23.0,A01
201800011718,0.0,30,0,0.0,2.0,1.0,1.0,B01
201800011719,2.0,10,0,0.0,2.0,7.0,17.0,B01
201800011719,1.0,2,0,0.0,2.0,8.0,1.0,A01
201800011720,1.0,7,0,0.0,2.0,3.0,1.0,B01
201800011720,2.0,7,0,0.0,2.0,1.0,6.0,A01
201800011721,1.0,33,0,12.0,0.0,1.0,1.0,A01
201800011722,2.0,33,0,0.0,5.0,1.0,1.0,A01
201800011723,1.0,7,0,0.0,9.0,1.0,1.0,A01
201800011723,2.0,1,0,0.0,2.0,1.0,15.0,B01
201800011724,1.0,7,0,0.0,2.0,3.0,1.0,A01
201800011724,1.0,2,0,0.0,2.0,7.0,1.0,B01
201800011725,2.0,7,0,0.0,2.0,1.0,1.0,B01
201800011725,1.0,7,0,0.0,2.0,1.0,13.0,A01
201800011726,1.0,7,0,16.0,0.0,3.0,1.0,A01
201800011727,2.0,7,0,0.0,2.0,2.0,17.0,A01
201800011727,2.0,7,0,0.0,2.0,3.0,15.0,B01
201800011728,1.0,7,0,0.0,2.0,1.0,1.0,B01
201800011728,2.0,33,0,0.0,2.0,8.0,1.0,A01
201800011729,1.0,33,0,16.0,0.0,9.0,1.0,A01
201800011730,2.0,1,0,0.0,5.0,1.0,1.0,A01
201800011731,1.0,7,0,6.0,0.0,3.0,1.0,A01
201800011732,2.0,7,0,0.0,2.0,1.0,15.0,A01
201800011732,2.0,7,0,0.0,2.0,7.0,1.0,B01
201800011733,2.0,7,0,3.0,2.0,1.0,2.0,A01
201800011733,2.0,7,0,16.0,2.0,4.0,2.0,B01
201800011734,2.0,7,0,0.0,2.0,3.0,1.0,A01
201800011734,1.0,10,0,0.0,2.0,3.0,1.0,B01
201800011735,1.0,33,0,0.0,2.0,1.0,13.0,A01
201800011735,2.0,7,0,0.0,2.0,2.0,1.0,B01
201800011736,1.0,7,0,0.0,2.0,4.0,1.0,B01
201800011736,1.0,7,0,0.0,2.0,1.0,1.0,A01
201800011737,2.0,7,0,13.0,0.0,3.0,1.0,A01
201800011738,1.0,7,0,0.0,1.0,3.0,21.0,B01
201800011738,1.0,7,0,0.0,0.0,0.0,15.0,A01
201800011739,2.0,7,0,0.0,0.0,9.0,1.0,A01
201800011740,2.0,10,0,2.0,0.0,1.0,13.0,A01
201800011741,2.0,33,0,0.0,0.0,9.0,14.0,A01
201800011742,2.0,7,0,0.0,1.0,2.0,1.0,A01
201800011743,2.0,7,0,0.0,2.0,3.0,1.0,B01
201800011743,2.0,7,0,0.0,2.0,1.0,1.0,D01
201800011743,1.0,7,0,0.0,2.0,3.0,13.0,A01
201800011743,1.0,7,0,0.0,2.0,3.0,1.0,C01
201800011744,2.0,7,0,0.0,2.0,2.0,13.0,A01
201800011744,1.0,7,0,0.0,2.0,2.0,13.0,B01
201800011745,2.0,7,0,0.0,0.0,0.0,0.0,A01
201800011745,1.0,7,0,2.0,0.0,9.0,1.0,B01
201800011746,1.0,10,0,2.0,0.0,7.0,11.0,A01
201800011747,1.0,7,0,0.0,2.0,3.0,13.0,A01
201800011747,2.0,7,0,0.0,2.0,1.0,1.0,B01
201800011748,1.0,7,0,0.0,2.0,8.0,1.0,B01
201800011748,2.0,7,0,0.0,2.0,3.0,13.0,A01
201800011749,2.0,7,0,0.0,0.0,9.0,14.0,A01
201800011750,2.0,7,0,0.0,2.0,1.0,15.0,A01
201800011750,2.0,33,0,0.0,2.0,1.0,1.0,B01
201800011751,1.0,10,0,0.0,2.0,1.0,13.0,A01
201800011751,2.0,7,0,0.0,2.0,1.0,1.0,B01
201800011752,2.0,7,0,2.0,0.0,3.0,14.0,A01
201800011753,2.0,7,0,0.0,2.0,8.0,1.0,B01
201800011753,2.0,7,0,0.0,2.0,8.0,1.0,C01
201800011753,1.0,7,0,0.0,2.0,9.0,13.0,A01
201800011753,2.0,7,0,0.0,2.0,3.0,1.0,D01
201800011754,2.0,7,0,13.0,0.0,1.0,0.0,A01
201800011755,2.0,7,0,0.0,2.0,4.0,2.0,B01
201800011755,1.0,7,0,14.0,2.0,1.0,2.0,A01
201800011756,2.0,7,0,0.0,0.0,2.0,1.0,B01
201800011756,0.0,7,0,0.0,2.0,3.0,16.0,A01
201800011757,2.0,7,0,0.0,2.0,6.0,15.0,A01
201800011757,2.0,33,0,0.0,2.0,1.0,1.0,B01
201800011758,2.0,7,0,13.0,0.0,8.0,13.0,A01
201800011759,2.0,33,0,0.0,6.0,3.0,1.0,A01
201800011760,2.0,7,0,0.0,2.0,1.0,13.0,A01
201800011760,1.0,7,0,0.0,2.0,2.0,1.0,B01
201800011761,2.0,1,0,0.0,0.0,4.0,2.0,B01
201800011761,2.0,7,0,0.0,2.0,1.0,2.0,A01
201800011762,2.0,7,0,0.0,1.0,4.0,23.0,B01
201800011762,2.0,7,0,0.0,2.0,1.0,2.0,A01
201800011763,1.0,7,0,2.0,0.0,2.0,1.0,A01
201800011764,2.0,7,0,0.0,1.0,4.0,4.0,A01
201800011765,1.0,7,0,0.0,2.0,2.0,17.0,A01
201800011765,1.0,7,0,0.0,2.0,6.0,15.0,B01
201800011766,1.0,7,0,6.0,2.0,2.0,17.0,A01
201800011766,1.0,21,0,0.0,2.0,3.0,15.0,B01
201800011767,1.0,7,0,2.0,0.0,1.0,14.0,A01
201800011768,1.0,1,0,0.0,0.0,8.0,1.0,C01
201800011768,1.0,21,0,0.0,2.0,7.0,17.0,A01
201800011768,1.0,1,0,0.0,0.0,8.0,1.0,B01
201800011769,2.0,7,0,0.0,0.0,0.0,0.0,A01
201800011770,1.0,7,0,0.0,0.0,6.0,1.0,B01
201800011770,2.0,7,0,0.0,2.0,1.0,1.0,C01
201800011770,1.0,32,0,0.0,2.0,1.0,3.0,A01
201800011771,2.0,7,0,0.0,2.0,2.0,13.0,A01
201800011771,1.0,7,0,0.0,2.0,2.0,1.0,B01
201800011772,1.0,7,0,8.0,0.0,2.0,14.0,A01
201800011773,1.0,10,0,3.0,2.0,1.0,1.0,B01
201800011773,2.0,7,0,0.0,2.0,1.0,13.0,A01
201800011774,1.0,7,0,13.0,0.0,8.0,21.0,A01
201800011775,2.0,33,0,0.0,2.0,6.0,1.0,B01
201800011775,1.0,7,0,0.0,2.0,6.0,1.0,A01
201800011776,2.0,7,0,3.0,0.0,8.0,1.0,A01
201800011777,2.0,17,0,0.0,2.0,3.0,1.0,B01
201800011777,1.0,17,0,0.0,2.0,8.0,1.0,A01
201800011778,1.0,7,0,0.0,0.0,0.0,21.0,A01
201800011779,2.0,33,0,0.0,0.0,8.0,1.0,A01
201800011780,2.0,33,0,2.0,2.0,1.0,1.0,A01
201800011780,1.0,10,0,0.0,2.0,6.0,1.0,B01
201800011781,1.0,7,0,0.0,2.0,1.0,17.0,A01
201800011781,2.0,7,0,2.0,2.0,3.0,1.0,B01
201800011782,2.0,33,0,0.0,0.0,8.0,1.0,A01
201800011783,1.0,7,0,13.0,9.0,1.0,1.0,A01
201800011784,2.0,7,0,3.0,0.0,9.0,1.0,A01
201800011785,2.0,7,0,2.0,0.0,3.0,1.0,A01
201800011786,1.0,7,0,2.0,0.0,3.0,14.0,A01
201800011787,1.0,7,0,2.0,0.0,3.0,0.0,A01
201800011788,1.0,99,0,0.0,0.0,4.0,23.0,B01
201800011788,1.0,7,0,0.0,2.0,1.0,2.0,A01
201800011789,1.0,7,0,6.0,0.0,1.0,14.0,A01
201800011790,1.0,7,0,0.0,2.0,1.0,1.0,A01
201800011790,2.0,7,0,0.0,2.0,1.0,23.0,B01
201800011791,1.0,33,0,0.0,2.0,2.0,1.0,C01
201800011791,2.0,33,0,0.0,2.0,3.0,17.0,A01
201800011791,1.0,33,0,0.0,2.0,3.0,1.0,B01
201800011792,1.0,7,0,2.0,0.0,2.0,1.0,A01
201800011793,2.0,36,0,0.0,0.0,0.0,16.0,A01
201800011794,1.0,7,0,0.0,2.0,1.0,1.0,B01
201800011794,2.0,7,0,0.0,2.0,1.0,13.0,A01
201800011795,0.0,7,0,0.0,1.0,6.0,20.0,A01
201800011796,0.0,1,0,2.0,0.0,0.0,1.0,A01
201800011797,2.0,7,0,0.0,2.0,7.0,17.0,A01
201800011797,2.0,1,0,0.0,2.0,3.0,1.0,B01
201800011798,1.0,7,0,0.0,2.0,3.0,13.0,A01
201800011798,1.0,34,0,0.0,2.0,7.0,17.0,B01
201800011799,1.0,33,0,0.0,2.0,1.0,1.0,B01
201800011799,0.0,7,0,0.0,2.0,3.0,15.0,A01
201800011800,1.0,33,0,0.0,2.0,1.0,1.0,B01
201800011800,2.0,33,0,0.0,2.0,1.0,13.0,A01
201800011801,1.0,33,0,0.0,6.0,2.0,1.0,A01
201800011802,1.0,7,0,0.0,2.0,1.0,15.0,A01
201800011802,2.0,2,0,0.0,2.0,1.0,1.0,B01
201800011803,2.0,33,0,16.0,0.0,1.0,1.0,A01
201800011804,1.0,31,0,0.0,0.0,8.0,1.0,A01
201800011805,0.0,36,0,0.0,0.0,8.0,1.0,A01
201800011806,2.0,7,0,16.0,2.0,8.0,5.0,A01
201800011806,1.0,33,0,0.0,2.0,8.0,5.0,B01
201800011807,1.0,7,0,2.0,0.0,8.0,1.0,A01
201800011808,1.0,7,0,2.0,0.0,1.0,1.0,A01
201800011809,2.0,7,0,0.0,2.0,1.0,1.0,B01
201800011809,1.0,7,0,0.0,2.0,1.0,17.0,A01
201800011810,2.0,7,0,2.0,0.0,1.0,1.0,A01
201800011811,1.0,7,0,0.0,2.0,3.0,1.0,B01
201800011811,2.0,7,0,0.0,2.0,8.0,15.0,A01
201800011812,2.0,33,0,0.0,2.0,1.0,0.0,A01
201800011812,2.0,10,0,0.0,2.0,6.0,15.0,B01
201800011813,1.0,7,0,0.0,2.0,1.0,2.0,A01
201800011813,1.0,7,0,0.0,0.0,4.0,2.0,B01
201800011814,2.0,7,0,0.0,1.0,1.0,1.0,A01
201800011815,0.0,7,0,0.0,2.0,3.0,1.0,A01
201800011815,0.0,7,0,13.0,2.0,8.0,1.0,B01
201800011816,2.0,7,0,0.0,2.0,3.0,1.0,A01
201800011816,1.0,15,0,0.0,2.0,3.0,1.0,B01
201800011817,0.0,7,0,0.0,1.0,2.0,1.0,A01
201800011818,0.0,7,0,6.0,2.0,7.0,13.0,A01
201800011818,0.0,1,0,0.0,2.0,1.0,1.0,B01
201800011819,0.0,33,0,0.0,2.0,1.0,1.0,A01
201800011819,0.0,7,0,0.0,2.0,1.0,1.0,B01
201800011820,1.0,33,0,0.0,2.0,1.0,11.0,A01
201800011820,2.0,7,0,0.0,2.0,3.0,1.0,B01
201800011821,2.0,7,0,0.0,1.0,2.0,1.0,A01
201800011822,2.0,33,0,15.0,0.0,1.0,1.0,A01
201800011823,1.0,31,0,0.0,2.0,2.0,1.0,B01
201800011823,0.0,7,0,0.0,2.0,3.0,14.0,A01
201800011824,1.0,7,0,2.0,0.0,3.0,1.0,A01
201800011825,2.0,7,0,0.0,0.0,0.0,17.0,A01
201800011825,2.0,2,0,8.0,0.0,1.0,17.0,B01
201800011826,1.0,33,0,0.0,0.0,3.0,1.0,A01
201800011827,1.0,1,0,0.0,0.0,0.0,0.0,A01
201800011828,1.0,7,0,8.0,0.0,7.0,14.0,A01
201800011829,1.0,2,0,2.0,0.0,1.0,0.0,A01
201800011830,2.0,33,0,0.0,2.0,1.0,1.0,A01
201800011830,2.0,33,0,0.0,0.0,4.0,1.0,B01
201800011831,1.0,7,0,0.0,2.0,1.0,1.0,A01
201800011831,0.0,7,0,0.0,2.0,8.0,15.0,B01
201800011832,0.0,10,0,0.0,2.0,7.0,19.0,A01
201800011832,2.0,7,0,0.0,2.0,1.0,1.0,B01
201800011833,2.0,7,0,16.0,0.0,9.0,1.0,A01
201800011834,1.0,7,0,13.0,0.0,7.0,2.0,A01
201800011835,1.0,33,0,0.0,2.0,1.0,17.0,A01
201800011835,1.0,7,0,0.0,2.0,1.0,1.0,B01
201800011836,2.0,1,0,0.0,2.0,1.0,2.0,A01
201800011836,2.0,1,0,0.0,2.0,1.0,2.0,B01
201800011836,2.0,1,0,0.0,2.0,4.0,2.0,C01
201800011837,1.0,36,0,13.0,0.0,2.0,15.0,A01
201800011838,1.0,7,0,0.0,2.0,8.0,1.0,C01
201800011838,1.0,7,0,0.0,2.0,1.0,13.0,A01
201800011838,2.0,7,0,0.0,2.0,1.0,1.0,B01
201800011839,2.0,7,0,13.0,0.0,3.0,1.0,A01
201800011840,1.0,33,0,0.0,0.0,0.0,1.0,A01
201800011841,1.0,10,0,0.0,1.0,1.0,23.0,A01
201800011842,1.0,7,0,0.0,2.0,3.0,1.0,A01
201800011842,2.0,14,0,0.0,2.0,8.0,1.0,B01
201800011843,1.0,7,0,0.0,2.0,3.0,13.0,A01
201800011843,1.0,14,0,0.0,2.0,3.0,1.0,B01
201800011844,2.0,15,0,0.0,2.0,1.0,1.0,A01
201800011844,1.0,7,0,0.0,2.0,1.0,1.0,B01
201800011845,1.0,7,0,16.0,0.0,1.0,1.0,A01
201800011846,0.0,7,0,13.0,0.0,9.0,1.0,A01
201800011847,1.0,7,0,0.0,2.0,1.0,13.0,A01
201800011847,2.0,7,0,0.0,2.0,1.0,21.0,B01
201800011848,2.0,7,0,0.0,2.0,3.0,19.0,A01
201800011848,1.0,34,0,0.0,2.0,3.0,1.0,B01
201800011849,0.0,33,0,8.0,0.0,8.0,1.0,A01
201800011850,1.0,7,0,2.0,0.0,3.0,9.0,A01
201800011851,0.0,31,0,0.0,9.0,0.0,2.0,A01
201800011851,0.0,1,0,0.0,9.0,0.0,1.0,B01
201800011852,2.0,7,0,15.0,0.0,7.0,2.0,A01
201800011853,1.0,7,0,15.0,0.0,8.0,1.0,A01
201800011854,1.0,7,0,2.0,0.0,3.0,1.0,A01
201800011855,2.0,7,0,2.0,0.0,1.0,0.0,A01
201800011856,2.0,7,0,0.0,2.0,7.0,13.0,A01
201800011856,1.0,7,0,0.0,2.0,1.0,1.0,B01
201800011857,1.0,7,0,13.0,0.0,3.0,1.0,A01
201800011858,2.0,2,0,0.0,0.0,8.0,1.0,B01
201800011858,2.0,7,0,0.0,2.0,2.0,15.0,A01
201800011859,2.0,7,0,2.0,0.0,9.0,0.0,A01
201800011860,0.0,7,0,13.0,0.0,2.0,1.0,A01
201800011861,0.0,3,0,6.0,0.0,3.0,13.0,A01
201800011862,2.0,10,0,0.0,0.0,0.0,0.0,A01
201800011862,1.0,7,0,0.0,0.0,0.0,0.0,B01
201800011863,1.0,2,0,0.0,0.0,8.0,14.0,A01
201800011864,2.0,33,0,0.0,0.0,1.0,1.0,A01