Num_Acc,senc,catv,occutc,obs,obsm,choc,manv,num_veh
201800011865,2.0,7,0,0.0,2.0,1.0,1.0,B01
201800011865,2.0,7,0,0.0,2.0,2.0,19.0,A01
201800011866,1.0,7,0,0.0,0.0,3.0,1.0,B01
201800011866,1.0,7,0,0.0,2.0,2.0,0.0,A01
201800011867,1.0,7,0,11.0,0.0,1.0,0.0,A01
201800011868,1.0,14,0,0.0,2.0,1.0,2.0,A01
201800011868,1.0,7,0,0.0,2.0,4.0,2.0,B01
201800011868,1.0,7,0,0.0,0.0,4.0,2.0,C01
201800011869,1.0,10,0,0.0,2.0,1.0,13.0,A01
201800011869,2.0,7,0,0.0,2.0,1.0,1.0,B01
201800011870,2.0,7,0,0.0,2.0,1.0,13.0,A01
201800011870,2.0,7,0,0.0,2.0,6.0,21.0,B01
201800011870,1.0,33,0,0.0,2.0,1.0,1.0,C01
201800011871,2.0,7,0,2.0,0.0,8.0,1.0,A01
201800011872,1.0,7,0,0.0,2.0,1.0,1.0,A01
201800011872,2.0,7,0,0.0,2.0,1.0,1.0,B01
201800011873,2.0,10,0,0.0,2.0,1.0,1.0,A01
201800011873,1.0,15,0,0.0,2.0,3.0,1.0,B01
201800011874,1.0,7,0,0.0,2.0,3.0,1.0,B01
201800011874,2.0,7,0,0.0,2.0,2.0,15.0,A01
201800011875,0.0,7,0,0.0,1.0,2.0,1.0,A01
201800011876,2.0,7,0,2.0,0.0,1.0,1.0,A01
201800011877,2.0,36,0,3.0,0.0,3.0,17.0,A01
201800011878,2.0,7,0,0.0,2.0,1.0,2.0,A01
201800011878,2.0,7,0,0.0,2.0,4.0,23.0,B01
201800011878,1.0,10,0,0.0,2.0,1.0,1.0,C01
201800011879,1.0,2,0,12.0,9.0,1.0,1.0,A01
201800011880,0.0,7,0,13.0,2.0,7.0,1.0,B01
201800011880,0.0,7,0,0.0,2.0,1.0,19.0,A01
201800011881,1.0,33,0,3.0,0.0,1.0,1.0,A01
201800011882,1.0,7,0,15.0,0.0,0.0,1.0,A01
201800011883,2.0,33,0,0.0,2.0,1.0,17.0,A01
201800011883,2.0,7,0,0.0,2.0,6.0,15.0,B01
201800011884,2.0,7,0,0.0,2.0,3.0,1.0,A01
201800011884,1.0,7,0,0.0,2.0,6.0,1.0,B01
201800011884,1.0,7,0,0.0,2.0,3.0,1.0,C01
201800011885,0.0,7,0,0.0,0.0,2.0,0.0,A01
201800011886,0.0,7,0,2.0,0.0,2.0,1.0,A01
201800011887,2.0,34,0,0.0,0.0,7.0,1.0,A01
201800011888,1.0,31,0,0.0,2.0,1.0,13.0,A01
201800011888,2.0,7,0,0.0,2.0,1.0,21.0,B01
201800011889,2.0,10,0,0.0,9.0,7.0,1.0,B01
201800011889,2.0,1,0,0.0,2.0,0.0,15.0,A01
201800011890,2.0,7,0,2.0,0.0,8.0,1.0,A01
201800011891,2.0,33,0,0.0,6.0,2.0,0.0,A01
201800011892,1.0,7,0,13.0,0.0,2.0,14.0,A01
201800011893,2.0,7,0,0.0,2.0,2.0,15.0,A01
201800011893,1.0,7,0,0.0,2.0,1.0,1.0,B01
201800011894,1.0,31,0,13.0,0.0,8.0,1.0,A01
201800011895,2.0,7,0,2.0,0.0,3.0,13.0,A01
201800011896,2.0,7,0,2.0,0.0,1.0,13.0,A01
201800011897,2.0,33,0,0.0,0.0,3.0,14.0,A01
201800011898,1.0,21,0,0.0,0.0,7.0,15.0,A01
201800011898,2.0,31,0,0.0,9.0,1.0,1.0,B01
201800011899,1.0,7,0,0.0,2.0,1.0,5.0,A01
201800011899,2.0,7,0,0.0,2.0,1.0,1.0,B01
201800011900,1.0,7,0,0.0,2.0,2.0,15.0,A01
201800011900,2.0,7,0,0.0,2.0,1.0,1.0,B01
201800011901,2.0,7,0,0.0,2.0,3.0,1.0,A01
201800011901,1.0,7,0,0.0,2.0,3.0,1.0,B01
201800011902,1.0,7,0,0.0,1.0,3.0,1.0,A01
201800011903,2.0,7,0,0.0,2.0,1.0,13.0,A01
201800011903,1.0,7,0,0.0,2.0,3.0,1.0,B01
201800011904,1.0,7,0,2.0,0.0,9.0,1.0,A01
201800011905,2.0,7,0,0.0,2.0,1.0,1.0,A01
201800011905,1.0,14,0,0.0,2.0,3.0,1.0,B01
201800011906,1.0,7,0,0.0,1.0,1.0,1.0,A01
201800011907,0.0,7,0,0.0,0.0,9.0,13.0,A01
201800011908,1.0,7,0,0.0,1.0,2.0,2.0,A01
201800011909,1.0,7,0,0.0,2.0,8.0,1.0,A01
201800011909,2.0,7,0,0.0,2.0,8.0,15.0,B01
201800011910,1.0,10,0,0.0,2.0,1.0,0.0,A01
201800011910,2.0,14,0,0.0,2.0,3.0,1.0,B01
201800011911,2.0,7,0,0.0,2.0,1.0,15.0,A01
201800011911,1.0,13,0,13.0,2.0,1.0,1.0,B01
201800011912,0.0,7,0,15.0,0.0,1.0,14.0,A01
201800011913,2.0,7,0,0.0,0.0,9.0,1.0,A01
201800011914,1.0,7,0,0.0,2.0,3.0,1.0,B01
201800011914,0.0,7,0,0.0,2.0,1.0,19.0,A01
201800011915,0.0,36,0,0.0,0.0,3.0,19.0,A01
201800011916,0.0,7,0,0.0,2.0,0.0,0.0,B01
201800011916,0.0,7,0,0.0,2.0,2.0,0.0,A01
201800011917,1.0,7,0,0.0,2.0,1.0,2.0,A01
201800011917,1.0,7,0,0.0,2.0,6.0,1.0,B01
201800011918,0.0,3,0,0.0,2.0,3.0,1.0,A01
201800011918,0.0,7,0,0.0,2.0,8.0,1.0,B01
201800011919,2.0,7,0,0.0,2.0,3.0,13.0,A01
201800011919,1.0,7,0,0.0,2.0,3.0,1.0,B01
201800011920,2.0,33,0,0.0,2.0,1.0,17.0,A01
201800011920,2.0,7,0,0.0,2.0,3.0,15.0,B01
201800011921,2.0,2,0,0.0,0.0,1.0,1.0,A01
201800011922,1.0,2,0,0.0,2.0,1.0,17.0,A01
201800011922,1.0,2,0,0.0,2.0,8.0,15.0,B01
201800011922,2.0,7,0,0.0,2.0,1.0,1.0,C01
201800011923,1.0,7,0,0.0,2.0,3.0,2.0,A01
201800011923,1.0,33,0,0.0,0.0,5.0,1.0,B01
201800011924,1.0,7,0,0.0,2.0,3.0,0.0,B01
201800011924,2.0,1,0,0.0,2.0,0.0,16.0,A01
201800011925,1.0,33,0,0.0,2.0,1.0,17.0,A01
201800011925,1.0,7,0,0.0,2.0,3.0,15.0,B01
201800011926,0.0,7,0,0.0,1.0,1.0,1.0,A01
201800011927,0.0,31,0,0.0,0.0,1.0,1.0,A01
201800011928,0.0,7,0,2.0,0.0,1.0,1.0,A01
201800011929,2.0,7,0,13.0,0.0,3.0,1.0,A01
201800011930,0.0,7,0,6.0,0.0,1.0,1.0,A01
201800011931,1.0,7,0,0.0,2.0,3.0,13.0,A01
201800011931,2.0,7,0,0.0,2.0,3.0,1.0,B01
201800011932,1.0,7,0,0.0,2.0,1.0,1.0,A01
201800011932,2.0,7,0,0.0,2.0,1.0,1.0,B01
201800011932,2.0,7,0,0.0,2.0,1.0,1.0,C01
201800011933,2.0,7,0,0.0,0.0,1.0,1.0,A01
201800011934,2.0,7,0,0.0,2.0,1.0,13.0,A01
201800011934,2.0,7,0,0.0,2.0,1.0,1.0,B01
201800011935,2.0,7,0,0.0,2.0,1.0,5.0,A01
201800011935,1.0,7,0,0.0,2.0,1.0,1.0,B01
201800011936,2.0,7,0,0.0,2.0,3.0,5.0,A01
201800011936,1.0,10,0,0.0,2.0,3.0,1.0,B01
201800011937,2.0,7,0,6.0,0.0,1.0,1.0,A01
201800011938,1.0,33,0,5.0,0.0,0.0,1.0,A01
201800011939,1.0,7,0,0.0,2.0,3.0,5.0,A01
201800011939,2.0,7,0,0.0,2.0,3.0,1.0,B01
201800011940,1.0,31,0,6.0,0.0,1.0,1.0,A01
201800011941,1.0,7,0,0.0,2.0,1.0,5.0,A01
201800011941,2.0,7,0,0.0,2.0,1.0,1.0,B01
201800011942,2.0,7,0,0.0,0.0,2.0,15.0,A01
201800011942,1.0,2,0,0.0,2.0,1.0,1.0,B01
201800011942,1.0,7,0,0.0,2.0,1.0,1.0,C01
201800011943,1.0,7,0,13.0,0.0,9.0,1.0,A01
201800011944,1.0,7,0,0.0,1.0,2.0,15.0,A01
201800011945,1.0,33,0,0.0,2.0,1.0,5.0,A01
201800011945,0.0,10,0,0.0,0.0,0.0,24.0,B01
201800011945,1.0,7,0,0.0,2.0,6.0,0.0,C01
201800011945,2.0,7,0,0.0,2.0,1.0,5.0,D01
201800011946,1.0,3,0,0.0,2.0,3.0,15.0,A01
201800011946,2.0,2,0,0.0,0.0,8.0,1.0,B01
201800011947,2.0,33,0,7.0,2.0,1.0,16.0,A01
201800011947,1.0,7,0,0.0,2.0,3.0,1.0,B01
201800011948,2.0,7,0,0.0,2.0,3.0,5.0,A01
201800011948,1.0,7,0,0.0,2.0,3.0,1.0,B01
201800011948,1.0,7,0,0.0,2.0,2.0,2.0,C01
201800011949,1.0,7,0,0.0,2.0,3.0,9.0,A01
201800011949,2.0,7,0,0.0,2.0,3.0,1.0,B01
201800011950,0.0,7,0,0.0,0.0,8.0,10.0,A01
201800011950,0.0,13,0,0.0,2.0,1.0,1.0,B01
201800011951,0.0,7,0,0.0,2.0,3.0,0.0,B01
201800011951,0.0,7,0,0.0,2.0,3.0,0.0,A01
201800011952,1.0,7,0,0.0,2.0,1.0,5.0,A01
201800011952,2.0,7,0,0.0,2.0,1.0,1.0,B01
201800011953,0.0,7,0,0.0,1.0,1.0,1.0,A01
201800011954,0.0,7,0,9.0,0.0,2.0,0.0,A01
201800011955,2.0,2,0,0.0,1.0,1.0,1.0,A01
201800011956,1.0,17,0,0.0,1.0,3.0,1.0,A01
201800011957,0.0,2,0,7.0,0.0,1.0,1.0,A01
201800011958,0.0,7,0,0.0,1.0,2.0,2.0,A01
201800011959,1.0,7,0,2.0,0.0,8.0,14.0,A01
201800011960,0.0,33,0,13.0,0.0,1.0,17.0,A01
201800011960,0.0,7,0,0.0,0.0,0.0,1.0,B01
201800011961,2.0,7,0,2.0,2.0,7.0,14.0,A01
201800011961,2.0,7,0,0.0,2.0,7.0,2.0,B01
201800011962,1.0,1,0,0.0,2.0,1.0,1.0,B01
201800011962,0.0,7,0,0.0,2.0,3.0,15.0,A01
201800011963,2.0,7,0,2.0,0.0,3.0,13.0,A01
201800011964,2.0,31,0,16.0,0.0,8.0,14.0,A01
201800011965,1.0,7,0,2.0,0.0,1.0,14.0,A01
201800011966,1.0,7,0,2.0,0.0,1.0,14.0,A01
201800011967,2.0,7,0,0.0,2.0,3.0,21.0,B01
201800011967,1.0,7,0,0.0,2.0,3.0,13.0,A01
201800011968,1.0,7,0,3.0,0.0,2.0,14.0,A01
201800011969,1.0,7,0,0.0,2.0,8.0,13.0,A01
201800011969,2.0,7,0,0.0,2.0,8.0,13.0,B01
201800011970,1.0,7,0,0.0,2.0,2.0,16.0,A01
201800011970,1.0,33,0,0.0,2.0,3.0,18.0,B01
201800011971,2.0,7,0,8.0,6.0,9.0,21.0,A01
201800011972,1.0,15,0,0.0,2.0,2.0,19.0,A01
201800011972,2.0,33,0,0.0,2.0,1.0,1.0,B01
201800011973,2.0,7,0,0.0,1.0,6.0,4.0,A01
201800011974,2.0,7,0,6.0,0.0,3.0,13.0,A01
201800011975,2.0,21,0,0.0,0.0,6.0,19.0,B01
201800011975,2.0,33,0,0.0,2.0,1.0,17.0,A01
201800011976,1.0,7,0,0.0,0.0,1.0,14.0,A01
201800011977,1.0,7,0,6.0,0.0,8.0,13.0,A01
201800011978,1.0,99,0,0.0,1.0,0.0,1.0,A01
201800011979,2.0,7,0,0.0,2.0,1.0,13.0,A01
201800011979,1.0,7,0,0.0,2.0,1.0,1.0,B01
201800011980,1.0,15,0,0.0,2.0,3.0,1.0,B01
201800011980,1.0,7,0,0.0,2.0,3.0,1.0,D01
201800011980,1.0,7,0,0.0,2.0,8.0,1.0,C01
201800011980,2.0,7,0,0.0,2.0,3.0,13.0,A01
201800011981,2.0,7,0,6.0,0.0,1.0,14.0,A01
201800011982,2.0,10,0,0.0,2.0,2.0,1.0,B01
201800011982,2.0,7,0,0.0,2.0,1.0,19.0,A01
201800011983,0.0,7,0,2.0,2.0,3.0,1.0,B01
201800011983,0.0,2,0,0.0,2.0,8.0,1.0,A01
201800011984,0.0,32,0,11.0,0.0,1.0,17.0,A01
201800011985,0.0,7,0,0.0,2.0,1.0,5.0,A01
201800011985,0.0,7,0,0.0,2.0,1.0,1.0,B01
201800011986,2.0,33,0,0.0,2.0,1.0,1.0,B01
201800011986,1.0,7,0,0.0,2.0,2.0,15.0,A01
201800011987,1.0,2,0,12.0,0.0,1.0,13.0,A01
201800011988,0.0,7,0,0.0,2.0,1.0,17.0,A01
201800011988,0.0,7,0,1.0,2.0,8.0,15.0,B01
201800011989,1.0,7,0,0.0,2.0,1.0,13.0,A01
201800011989,2.0,7,0,0.0,2.0,8.0,1.0,B01
201800011989,2.0,7,0,0.0,2.0,2.0,1.0,C01
201800011990,2.0,10,0,0.0,1.0,2.0,1.0,A01
201800011991,1.0,7,0,0.0,2.0,3.0,13.0,A01
201800011991,2.0,7,0,0.0,2.0,1.0,1.0,B01
201800011992,1.0,7,0,0.0,2.0,1.0,14.0,A01
201800011992,2.0,7,0,0.0,2.0,2.0,21.0,B01
201800011993,1.0,7,0,0.0,2.0,2.0,17.0,A01
201800011993,2.0,1,0,0.0,2.0,0.0,2.0,B01
201800011994,1.0,2,0,0.0,2.0,1.0,1.0,B01
201800011994,2.0,7,0,0.0,2.0,7.0,15.0,A01
201800011995,0.0,7,0,0.0,2.0,8.0,1.0,B01
201800011995,0.0,33,0,0.0,2.0,1.0,1.0,A01
201800011996,2.0,7,0,0.0,2.0,1.0,1.0,B01
201800011996,1.0,7,0,0.0,2.0,1.0,13.0,A01
201800011997,1.0,7,0,0.0,1.0,2.0,1.0,A01
201800011998,2.0,7,0,0.0,1.0,2.0,14.0,A01
201800011999,1.0,7,0,0.0,9.0,1.0,1.0,B01
201800011999,2.0,33,0,0.0,6.0,1.0,1.0,A01
201800012000,2.0,7,0,0.0,2.0,5.0,15.0,A01
201800012000,1.0,33,0,0.0,2.0,1.0,1.0,B01
201800012001,1.0,7,0,0.0,2.0,2.0,9.0,A01
201800012001,2.0,33,0,0.0,2.0,1.0,17.0,B01
201800012002,2.0,10,0,0.0,2.0,7.0,15.0,A01
201800012002,2.0,32,0,0.0,2.0,1.0,1.0,B01
201800012003,1.0,33,0,0.0,0.0,0.0,1.0,A01
201800012004,1.0,7,0,0.0,2.0,7.0,15.0,A01
201800012004,2.0,33,0,0.0,2.0,1.0,1.0,B01
201800012005,2.0,7,0,13.0,0.0,9.0,14.0,A01
201800012006,0.0,7,0,0.0,1.0,2.0,1.0,A01
201800012007,1.0,7,0,0.0,2.0,3.0,16.0,A01
201800012007,2.0,1,0,0.0,2.0,1.0,1.0,B01
201800012008,0.0,7,0,13.0,0.0,1.0,1.0,A01
201800012009,0.0,7,0,2.0,0.0,3.0,1.0,A01
201800012010,1.0,7,0,0.0,2.0,1.0,2.0,A01
201800012010,1.0,7,0,0.0,2.0,4.0,2.0,B01
201800012011,1.0,7,0,0.0,2.0,2.0,1.0,B01
201800012011,1.0,7,0,0.0,2.0,3.0,19.0,A01
201800012012,2.0,7,0,2.0,0.0,3.0,13.0,A01
201800012013,1.0,7,0,6.0,0.0,1.0,1.0,A01
201800012014,0.0,33,0,13.0,0.0,1.0,21.0,A01
201800012015,2.0,7,0,2.0,0.0,3.0,21.0,A01
201800012016,1.0,7,0,2.0,0.0,7.0,1.0,A01
201800012017,1.0,2,0,0.0,6.0,1.0,1.0,A01
201800012018,1.0,1,0,0.0,2.0,6.0,1.0,B01
201800012018,1.0,10,0,0.0,2.0,7.0,2.0,A01
201800012019,1.0,10,0,0.0,2.0,3.0,9.0,A01
201800012019,2.0,2,0,0.0,2.0,9.0,1.0,B01
201800012020,1.0,99,0,0.0,2.0,1.0,13.0,B01
201800012020,1.0,10,0,13.0,0.0,1.0,1.0,C01
201800012020,2.0,7,0,0.0,2.0,1.0,13.0,A01
201800012021,0.0,7,0,2.0,0.0,9.0,0.0,A01
201800012022,1.0,2,0,0.0,2.0,8.0,1.0,B01
201800012022,0.0,7,0,0.0,2.0,1.0,19.0,A01
201800012023,2.0,7,0,0.0,1.0,2.0,1.0,A01
201800012024,1.0,7,0,0.0,2.0,3.0,1.0,B01
201800012024,2.0,7,0,0.0,2.0,3.0,13.0,A01
201800012025,2.0,2,0,0.0,2.0,8.0,1.0,A01
201800012025,1.0,7,0,0.0,2.0,7.0,15.0,B01
201800012026,1.0,7,0,0.0,2.0,1.0,1.0,A01
201800012026,0.0,7,0,7.0,0.0,8.0,19.0,B01
201800012027,1.0,7,0,0.0,2.0,1.0,1.0,D01
201800012027,2.0,7,0,0.0,2.0,8.0,13.0,C01
201800012027,1.0,7,0,0.0,2.0,8.0,1.0,A01
201800012028,2.0,7,0,13.0,0.0,3.0,1.0,A01
201800012029,1.0,7,0,0.0,2.0,1.0,1.0,B01
201800012029,2.0,7,0,0.0,2.0,1.0,13.0,A01
201800012030,2.0,7,0,2.0,0.0,2.0,1.0,A01
201800012031,2.0,7,0,0.0,2.0,1.0,1.0,A01
201800012031,2.0,7,0,0.0,2.0,4.0,9.0,B01
201800012032,2.0,7,0,13.0,0.0,3.0,14.0,A01
201800012033,1.0,7,0,0.0,2.0,1.0,13.0,A01
201800012033,2.0,7,0,0.0,2.0,1.0,1.0,B01
201800012034,0.0,7,0,0.0,1.0,4.0,20.0,A01
201800012035,0.0,7,0,0.0,2.0,3.0,1.0,A01
201800012035,0.0,7,0,0.0,2.0,8.0,19.0,B01
201800012036,1.0,33,0,15.0,0.0,9.0,1.0,A01
201800012037,1.0,7,0,0.0,2.0,1.0,15.0,A01
201800012037,2.0,1,0,0.0,2.0,8.0,1.0,B01
201800012038,1.0,7,0,0.0,2.0,1.0,17.0,A01
201800012038,2.0,7,0,0.0,2.0,1.0,1.0,B01
201800012039,2.0,7,0,0.0,2.0,1.0,1.0,B01
201800012039,1.0,7,0,0.0,0.0,7.0,19.0,A01
201800012040,1.0,7,0,2.0,0.0,1.0,14.0,A01
201800012041,1.0,31,0,15.0,0.0,0.0,1.0,A01
201800012042,2.0,33,0,0.0,0.0,8.0,1.0,A01
201800012043,1.0,33,0,0.0,2.0,1.0,13.0,A01
201800012043,2.0,7,0,0.0,2.0,2.0,1.0,B01
201800012044,1.0,2,0,0.0,0.0,3.0,1.0,A01
201800012045,0.0,31,0,0.0,2.0,1.0,13.0,A01
201800012045,0.0,7,0,0.0,2.0,1.0,1.0,B01
201800012046,0.0,10,0,2.0,0.0,1.0,21.0,A01
201800012047,1.0,7,0,0.0,1.0,7.0,15.0,A01
201800012048,2.0,32,0,0.0,0.0,2.0,0.0,A01
201800012049,1.0,2,0,6.0,0.0,0.0,0.0,A01
201800012050,2.0,33,0,0.0,2.0,1.0,1.0,A01
201800012050,1.0,7,0,0.0,2.0,1.0,1.0,B01
201800012051,0.0,7,0,15.0,0.0,8.0,1.0,B01
201800012051,1.0,7,0,6.0,2.0,1.0,1.0,A01
201800012052,2.0,7,0,0.0,2.0,3.0,1.0,B01
201800012052,1.0,2,0,0.0,2.0,1.0,1.0,A01
201800012053,2.0,2,0,0.0,2.0,3.0,15.0,A01
201800012053,2.0,7,0,0.0,2.0,2.0,17.0,B01
201800012054,2.0,7,0,16.0,0.0,9.0,1.0,A01
201800012055,1.0,7,0,13.0,0.0,1.0,1.0,A01
201800012056,0.0,15,0,0.0,1.0,2.0,1.0,A01
201800012057,2.0,7,0,0.0,0.0,9.0,0.0,B01
201800012057,1.0,2,0,0.0,0.0,9.0,14.0,A01
201800012058,2.0,7,0,0.0,2.0,2.0,1.0,B01
201800012058,0.0,21,0,0.0,2.0,1.0,1.0,A01
201800012059,2.0,2,0,0.0,0.0,0.0,1.0,A01
201800012060,1.0,15,0,0.0,2.0,8.0,1.0,B01
201800012060,2.0,7,0,0.0,2.0,3.0,0.0,A01
201800012061,0.0,1,0,16.0,0.0,0.0,1.0,A01
201800012062,2.0,7,0,0.0,2.0,3.0,19.0,A01
201800012062,2.0,7,0,0.0,2.0,2.0,19.0,B01
201800012063,2.0,7,0,2.0,0.0,2.0,1.0,A01
201800012064,2.0,10,0,2.0,0.0,3.0,13.0,A01
201800012065,1.0,7,0,0.0,2.0,8.0,13.0,B01
201800012065,2.0,33,0,0.0,2.0,8.0,13.0,A01
201800012066,1.0,7,0,0.0,2.0,1.0,1.0,A01
201800012066,2.0,10,0,0.0,2.0,3.0,1.0,B01
201800012067,2.0,7,0,15.0,0.0,2.0,14.0,A01
201800012068,1.0,7,0,13.0,0.0,3.0,13.0,A01
201800012069,1.0,17,0,0.0,2.0,1.0,1.0,B01
201800012069,2.0,7,0,13.0,2.0,4.0,13.0,A01
201800012070,0.0,7,0,16.0,0.0,4.0,4.0,A01
201800012071,1.0,7,0,0.0,0.0,4.0,1.0,B01
201800012071,1.0,7,0,0.0,2.0,1.0,2.0,A01
201800012072,0.0,1,0,0.0,2.0,1.0,1.0,A01
201800012072,0.0,7,0,0.0,9.0,6.0,1.0,B01
201800012073,1.0,7,0,2.0,0.0,1.0,1.0,A01
201800012074,1.0,7,0,0.0,2.0,1.0,1.0,A01
201800012074,1.0,7,0,0.0,2.0,8.0,19.0,B01
201800012075,2.0,7,0,0.0,2.0,1.0,13.0,A01
201800012075,1.0,7,0,0.0,2.0,1.0,1.0,B01
201800012076,1.0,7,0,0.0,0.0,5.0,19.0,A01
201800012076,1.0,33,0,0.0,2.0,1.0,1.0,B01
201800012077,2.0,7,0,0.0,2.0,1.0,5.0,A01
201800012077,1.0,7,0,0.0,2.0,1.0,1.0,B01
201800012078,1.0,7,0,12.0,2.0,1.0,1.0,A01
201800012078,2.0,7,0,0.0,2.0,1.0,1.0,B01
201800012079,1.0,7,0,0.0,2.0,2.0,9.0,A01
201800012079,1.0,7,0,0.0,2.0,3.0,2.0,B01
201800012080,2.0,21,0,0.0,2.0,6.0,15.0,A01
201800012080,1.0,7,0,0.0,2.0,1.0,1.0,B01
201800012081,1.0,33,0,12.0,2.0,1.0,1.0,B01
201800012081,2.0,7,0,0.0,2.0,1.0,15.0,A01
201800012082,1.0,33,0,0.0,2.0,6.0,15.0,B01
201800012082,2.0,7,0,0.0,2.0,1.0,15.0,A01
201800012083,2.0,7,0,0.0,2.0,2.0,19.0,A01
201800012083,1.0,7,0,0.0,2.0,3.0,23.0,C01
201800012083,1.0,33,0,0.0,2.0,1.0,1.0,B01
201800012084,1.0,7,0,3.0,2.0,3.0,13.0,A01
201800012084,2.0,17,0,0.0,2.0,3.0,21.0,B01
201800012085,2.0,7,0,0.0,2.0,3.0,1.0,B01
201800012085,1.0,7,0,0.0,2.0,3.0,1.0,A01
201800012086,2.0,14,0,16.0,0.0,8.0,1.0,A01
201800012087,2.0,7,0,13.0,0.0,2.0,18.0,A01
201800012088,1.0,7,0,0.0,2.0,3.0,15.0,A01
201800012088,1.0,33,0,0.0,2.0,1.0,1.0,B01
201800012089,2.0,7,0,2.0,0.0,3.0,0.0,A01
201800012090,0.0,7,0,0.0,2.0,3.0,1.0,B01
201800012090,0.0,7,0,0.0,2.0,3.0,15.0,A01
201800012091,1.0,7,0,0.0,2.0,3.0,13.0,A01
201800012091,2.0,7,0,0.0,2.0,3.0,0.0,B01
201800012092,1.0,7,0,0.0,1.0,1.0,0.0,A01
201800012093,2.0,7,0,0.0,2.0,1.0,17.0,A01
201800012093,2.0,21,0,0.0,0.0,4.0,0.0,B01
201800012094,0.0,36,0,13.0,0.0,1.0,14.0,A01
201800012095,1.0,7,0,0.0,1.0,1.0,1.0,A01
201800012096,2.0,7,0,0.0,0.0,3.0,19.0,A01
201800012096,1.0,7,0,0.0,2.0,1.0,1.0,B01
201800012097,2.0,15,0,0.0,2.0,3.0,1.0,B01
201800012097,2.0,7,0,0.0,2.0,3.0,13.0,A01
201800012098,2.0,7,0,0.0,0.0,8.0,19.0,A01
201800012098,1.0,7,0,0.0,2.0,1.0,1.0,B01
201800012099,1.0,7,0,0.0,2.0,2.0,1.0,B01
201800012099,2.0,7,0,0.0,2.0,2.0,13.0,A01
201800012100,2.0,33,0,10.0,0.0,1.0,1.0,A01
201800012101,2.0,17,0,0.0,1.0,2.0,1.0,A01
201800012102,1.0,7,0,6.0,0.0,1.0,13.0,A01
201800012103,1.0,7,0,2.0,0.0,7.0,13.0,A01
201800012104,1.0,7,0,0.0,2.0,3.0,1.0,B01
201800012104,2.0,7,0,0.0,2.0,1.0,13.0,A01
201800012105,2.0,7,0,0.0,2.0,6.0,1.0,B01
201800012105,1.0,7,0,0.0,2.0,2.0,0.0,A01
201800012106,1.0,7,0,0.0,2.0,3.0,1.0,B01
201800012106,1.0,7,0,0.0,2.0,2.0,15.0,A01
201800012107,1.0,31,0,0.0,2.0,1.0,1.0,A01
201800012107,2.0,7,0,0.0,2.0,2.0,1.0,B01
201800012108,1.0,7,0,2.0,0.0,3.0,13.0,A01
201800012109,1.0,7,0,2.0,0.0,3.0,6.0,A01
201800012110,1.0,7,0,2.0,0.0,3.0,21.0,A01
201800012111,2.0,7,0,6.0,0.0,4.0,1.0,A01
201800012112,2.0,7,0,10.0,0.0,1.0,1.0,A01
201800012113,1.0,7,0,13.0,0.0,3.0,1.0,A01
201800012114,1.0,7,0,13.0,0.0,9.0,1.0,A01
201800012115,1.0,33,0,0.0,2.0,7.0,1.0,A01
201800012115,2.0,7,0,0.0,2.0,1.0,1.0,B01
201800012116,2.0,7,0,2.0,0.0,1.0,1.0,A01
201800012117,2.0,7,0,0.0,2.0,5.0,15.0,A01
201800012117,1.0,31,0,0.0,2.0,1.0,1.0,B01
201800012118,2.0,33,0,0.0,6.0,1.0,1.0,A01
201800012119,2.0,7,0,6.0,0.0,1.0,1.0,A01
201800012120,1.0,33,0,0.0,0.0,7.0,1.0,A01
201800012121,1.0,7,0,2.0,0.0,1.0,1.0,A01
201800012122,2.0,7,0,1.0,0.0,3.0,1.0,A01
201800012123,1.0,7,0,0.0,1.0,3.0,1.0,A01
201800012124,1.0,7,0,6.0,0.0,1.0,0.0,A01
201800012125,0.0,7,0,13.0,0.0,1.0,1.0,A01
201800012126,2.0,7,0,0.0,2.0,3.0,1.0,A01
201800012126,1.0,15,0,0.0,2.0,3.0,1.0,B01
201800012127,1.0,17,0,0.0,2.0,2.0,1.0,B01
201800012127,2.0,7,0,0.0,2.0,1.0,19.0,A01
201800012128,1.0,7,0,2.0,2.0,3.0,17.0,A01
201800012128,2.0,7,0,0.0,2.0,3.0,1.0,B01
201800012129,2.0,7,0,2.0,0.0,7.0,1.0,A01
201800012130,1.0,7,0,13.0,0.0,9.0,1.0,A01
201800012131,0.0,7,0,13.0,0.0,3.0,1.0,A01
201800012132,2.0,1,0,0.0,0.0,0.0,1.0,A01
201800012133,1.0,7,0,13.0,0.0,2.0,1.0,A01
201800012134,2.0,7,0,0.0,0.0,2.0,2.0,A01
201800012135,0.0,7,0,13.0,0.0,2.0,1.0,A01
201800012136,2.0,7,0,13.0,0.0,1.0,1.0,A01
201800012137,2.0,7,0,0.0,2.0,2.0,9.0,A01
201800012137,2.0,1,0,0.0,2.0,5.0,1.0,B01
201800012138,0.0,1,0,0.0,5.0,1.0,1.0,A01
201800012139,1.0,7,0,0.0,0.0,6.0,0.0,C01
201800012139,2.0,2,0,0.0,2.0,1.0,2.0,B01
201800012139,2.0,7,0,0.0,2.0,2.0,0.0,A01
201800012140,1.0,7,0,0.0,2.0,1.0,9.0,A01
201800012140,1.0,1,0,0.0,2.0,7.0,1.0,B01