Num_Acc,senc,catv,occutc,obs,obsm,choc,manv,num_veh
201800012141,2.0,7,0,0.0,2.0,1.0,1.0,A01
201800012141,2.0,7,0,0.0,2.0,4.0,15.0,B01
201800012141,1.0,7,0,0.0,2.0,8.0,21.0,C01
201800012142,0.0,36,0,6.0,0.0,1.0,1.0,A01
201800012143,1.0,7,0,0.0,2.0,3.0,17.0,A01
201800012143,2.0,7,0,0.0,2.0,3.0,1.0,B01
201800012144,0.0,33,0,0.0,0.0,0.0,1.0,A01
201800012145,2.0,7,0,0.0,2.0,2.0,2.0,A01
201800012145,2.0,1,0,0.0,0.0,4.0,2.0,B01
201800012146,1.0,7,0,13.0,0.0,9.0,1.0,A01
201800012147,1.0,7,0,0.0,0.0,7.0,1.0,A01
201800012148,1.0,7,0,0.0,2.0,7.0,13.0,A01
201800012148,2.0,7,0,0.0,2.0,1.0,1.0,B01
201800012149,2.0,7,0,0.0,9.0,2.0,17.0,A01
201800012149,2.0,1,0,0.0,0.0,4.0,1.0,B01
201800012150,1.0,7,0,0.0,2.0,3.0,17.0,A01
201800012150,2.0,33,0,0.0,2.0,3.0,1.0,B01
201800012151,2.0,7,0,2.0,0.0,1.0,1.0,A01
201800012152,1.0,7,0,0.0,9.0,2.0,13.0,B01
201800012152,0.0,1,0,0.0,2.0,1.0,19.0,A01
201800012153,0.0,7,0,0.0,2.0,1.0,15.0,A01
201800012153,0.0,33,0,0.0,2.0,1.0,1.0,B01
201800012154,2.0,2,0,0.0,0.0,3.0,0.0,A01
201800012155,2.0,7,0,0.0,2.0,1.0,13.0,A01
201800012155,1.0,7,0,0.0,2.0,1.0,1.0,B01
201800012156,1.0,7,0,3.0,1.0,0.0,1.0,A01
201800012157,1.0,7,0,0.0,2.0,4.0,2.0,A01
201800012157,1.0,2,0,0.0,2.0,1.0,2.0,B01
201800012158,2.0,7,0,15.0,0.0,1.0,1.0,A01
201800012159,1.0,10,0,0.0,1.0,3.0,1.0,A01
201800012160,1.0,7,0,0.0,1.0,2.0,1.0,A01
201800012161,1.0,7,0,0.0,9.0,2.0,2.0,A01
201800012161,1.0,1,0,0.0,0.0,4.0,1.0,B01
201800012162,2.0,7,0,0.0,2.0,7.0,17.0,A01
201800012162,2.0,7,0,0.0,2.0,8.0,1.0,B01
201800012163,0.0,3,0,0.0,2.0,3.0,1.0,A01
201800012163,0.0,2,0,0.0,2.0,1.0,1.0,B01
201800012164,1.0,7,0,0.0,2.0,1.0,21.0,A01
201800012164,1.0,7,0,0.0,2.0,6.0,2.0,B01
201800012164,2.0,7,0,0.0,2.0,1.0,1.0,C01
201800012165,0.0,2,0,13.0,0.0,7.0,15.0,A01
201800012166,1.0,33,0,0.0,2.0,1.0,1.0,B01
201800012166,0.0,7,0,0.0,2.0,2.0,1.0,A01
201800012167,1.0,33,0,0.0,0.0,0.0,1.0,A01
201800012168,0.0,7,0,0.0,0.0,3.0,15.0,A01
201800012168,0.0,7,0,0.0,2.0,2.0,1.0,B01
201800012169,1.0,7,0,0.0,1.0,1.0,19.0,A01
201800012170,1.0,7,0,0.0,2.0,3.0,0.0,A01
201800012170,2.0,7,0,0.0,2.0,3.0,1.0,B01
201800012171,2.0,7,0,13.0,0.0,2.0,1.0,A01
201800012172,1.0,33,0,0.0,0.0,0.0,0.0,A01
201800012173,1.0,7,0,8.0,0.0,1.0,1.0,A01
201800012174,2.0,7,0,0.0,2.0,3.0,9.0,A01
201800012174,2.0,1,0,0.0,2.0,2.0,1.0,B01
201800012175,1.0,33,0,0.0,2.0,3.0,1.0,A01
201800012175,2.0,21,0,0.0,2.0,3.0,1.0,B01
201800012176,2.0,2,0,0.0,0.0,7.0,0.0,A01
201800012177,2.0,10,0,0.0,1.0,2.0,1.0,A01
201800012178,1.0,10,0,13.0,0.0,1.0,1.0,A01
201800012179,2.0,7,0,0.0,1.0,1.0,1.0,A01
201800012180,2.0,7,0,6.0,0.0,3.0,0.0,A01
201800012181,1.0,7,0,0.0,2.0,3.0,1.0,A01
201800012181,2.0,7,0,0.0,2.0,1.0,1.0,B01
201800012182,2.0,7,0,2.0,0.0,1.0,1.0,A01
201800012183,2.0,7,0,0.0,2.0,1.0,13.0,A01
201800012183,1.0,14,0,0.0,2.0,3.0,1.0,B01
201800012183,1.0,7,0,0.0,2.0,1.0,1.0,C01
201800012184,1.0,7,0,0.0,0.0,5.0,15.0,A01
201800012184,1.0,7,0,0.0,2.0,2.0,1.0,B01
201800012185,1.0,7,0,0.0,2.0,3.0,1.0,A01
201800012185,2.0,7,0,0.0,2.0,3.0,1.0,B01
201800012185,2.0,7,0,0.0,2.0,1.0,1.0,C01
201800012186,1.0,33,0,0.0,0.0,0.0,1.0,A01
201800012186,2.0,33,0,0.0,9.0,0.0,1.0,B01
201800012187,2.0,10,0,0.0,2.0,3.0,1.0,A01
201800012187,0.0,21,0,0.0,2.0,3.0,16.0,B01
201800012188,2.0,7,0,0.0,2.0,3.0,1.0,A01
201800012188,2.0,1,0,0.0,2.0,7.0,1.0,B01
201800012189,2.0,7,0,0.0,0.0,4.0,23.0,B01
201800012189,2.0,7,0,1.0,0.0,1.0,2.0,A01
201800012190,2.0,7,0,0.0,2.0,3.0,1.0,A01
201800012190,1.0,20,0,0.0,2.0,3.0,1.0,B01
201800012191,1.0,33,0,0.0,0.0,0.0,1.0,A01
201800012192,1.0,1,0,0.0,0.0,7.0,1.0,A01
201800012193,2.0,7,0,0.0,2.0,1.0,15.0,A01
201800012193,1.0,33,0,0.0,2.0,1.0,1.0,B01
201800012194,1.0,33,0,0.0,0.0,8.0,1.0,A01
201800012195,2.0,7,0,2.0,0.0,0.0,13.0,A01
201800012196,2.0,20,0,13.0,0.0,0.0,15.0,A01
201800012197,1.0,7,0,0.0,1.0,1.0,1.0,A01
201800012198,1.0,7,0,0.0,2.0,1.0,2.0,A01
201800012198,1.0,7,0,0.0,0.0,2.0,2.0,B01
201800012198,1.0,7,0,4.0,2.0,6.0,2.0,C01
201800012198,1.0,7,0,0.0,0.0,5.0,2.0,D01
201800012199,2.0,7,0,0.0,2.0,1.0,9.0,A01
201800012199,1.0,1,0,0.0,0.0,4.0,1.0,B01
201800012200,2.0,7,0,15.0,0.0,1.0,1.0,A01
201800012201,0.0,7,0,0.0,9.0,3.0,13.0,A01
201800012201,0.0,1,0,0.0,2.0,1.0,13.0,B01
201800012202,1.0,33,0,13.0,0.0,1.0,1.0,A01
201800012203,1.0,7,0,0.0,2.0,3.0,13.0,A01
201800012203,2.0,7,0,0.0,2.0,3.0,1.0,B01
201800012204,2.0,7,0,0.0,2.0,7.0,1.0,B01
201800012204,2.0,7,0,0.0,2.0,1.0,1.0,A01
201800012205,2.0,2,0,0.0,0.0,0.0,16.0,A01
201800012206,1.0,7,0,0.0,1.0,1.0,1.0,A01
201800012207,0.0,7,0,0.0,1.0,6.0,4.0,A01
201800012208,1.0,10,0,0.0,1.0,2.0,1.0,A01
201800012209,1.0,31,0,13.0,0.0,0.0,1.0,A01
201800012210,2.0,7,0,8.0,0.0,3.0,1.0,A01
201800012211,2.0,2,0,0.0,2.0,3.0,13.0,A01
201800012211,1.0,7,0,0.0,2.0,3.0,1.0,B01
201800012212,2.0,7,0,0.0,2.0,3.0,13.0,A01
201800012212,1.0,7,0,0.0,2.0,3.0,21.0,B01
201800012213,1.0,7,0,0.0,0.0,3.0,19.0,A01
201800012214,1.0,7,0,13.0,0.0,3.0,1.0,A01
201800012215,1.0,7,0,0.0,2.0,6.0,17.0,A01
201800012215,1.0,33,0,13.0,2.0,3.0,17.0,B01
201800012216,2.0,7,0,0.0,2.0,3.0,16.0,A01
201800012216,2.0,7,0,0.0,2.0,3.0,1.0,B01
201800012217,0.0,1,0,0.0,5.0,2.0,0.0,A01
201800012218,2.0,7,0,13.0,0.0,2.0,1.0,A01
201800012219,1.0,7,0,13.0,0.0,1.0,1.0,A01
201800012220,2.0,7,0,0.0,1.0,2.0,1.0,A01
201800012221,1.0,7,0,15.0,0.0,1.0,1.0,A01
201800012222,0.0,7,0,13.0,0.0,2.0,1.0,A01
201800012223,1.0,7,0,0.0,2.0,1.0,0.0,A01
201800012223,2.0,7,0,0.0,2.0,3.0,21.0,B01
201800012224,0.0,33,0,13.0,0.0,2.0,1.0,A01
201800012225,2.0,7,0,6.0,1.0,1.0,1.0,A01
201800012226,1.0,10,0,0.0,2.0,2.0,1.0,B01
201800012226,0.0,30,0,0.0,2.0,3.0,15.0,A01
201800012227,2.0,7,0,8.0,0.0,1.0,13.0,A01
201800012228,1.0,3,0,2.0,0.0,7.0,1.0,A01
201800012229,1.0,10,0,2.0,0.0,0.0,0.0,A01
201800012230,2.0,7,0,0.0,2.0,1.0,15.0,A01
201800012230,1.0,7,0,0.0,2.0,1.0,1.0,B01
201800012231,1.0,7,0,0.0,1.0,1.0,1.0,A01
201800012232,0.0,1,0,0.0,2.0,1.0,1.0,B01
201800012232,0.0,7,0,0.0,9.0,3.0,16.0,A01
201800012233,0.0,7,0,0.0,2.0,6.0,1.0,B01
201800012233,0.0,33,0,0.0,2.0,1.0,2.0,A01
201800012234,1.0,7,0,0.0,2.0,3.0,1.0,B01
201800012234,2.0,7,0,0.0,2.0,3.0,1.0,A01
201800012235,0.0,7,0,13.0,0.0,3.0,1.0,A01
201800012236,0.0,2,0,3.0,0.0,0.0,1.0,A01
201800012237,1.0,7,0,0.0,0.0,3.0,13.0,A01
201800012237,2.0,7,0,0.0,0.0,3.0,1.0,B01
201800012238,2.0,7,0,0.0,2.0,3.0,1.0,A01
201800012238,1.0,7,0,0.0,2.0,3.0,1.0,B01
201800012238,1.0,7,0,0.0,2.0,3.0,1.0,C01
201800012239,2.0,30,0,10.0,0.0,2.0,1.0,A01
201800012240,2.0,2,0,1.0,0.0,1.0,1.0,A01
201800012240,2.0,7,0,0.0,0.0,4.0,23.0,B01
201800012241,2.0,7,0,0.0,2.0,1.0,1.0,A01
201800012241,2.0,33,0,0.0,0.0,4.0,15.0,B01
201800012242,0.0,1,0,1.0,0.0,1.0,13.0,A01
201800012243,1.0,7,0,0.0,2.0,8.0,15.0,A01
201800012243,1.0,33,0,0.0,2.0,1.0,0.0,B01
201800012244,0.0,33,0,0.0,2.0,2.0,1.0,B01
201800012244,0.0,7,0,0.0,2.0,3.0,5.0,A01
201800012245,1.0,7,0,0.0,2.0,4.0,2.0,B01
201800012245,1.0,7,0,0.0,0.0,4.0,2.0,C01
201800012245,1.0,10,0,0.0,2.0,2.0,2.0,A01
201800012246,0.0,7,0,0.0,1.0,2.0,0.0,A01
201800012247,0.0,14,0,0.0,2.0,3.0,16.0,A01
201800012247,0.0,7,0,0.0,2.0,2.0,21.0,B01
201800012248,0.0,7,0,6.0,0.0,1.0,1.0,A01
201800012249,0.0,7,0,0.0,2.0,1.0,13.0,A01
201800012249,0.0,7,0,0.0,2.0,1.0,1.0,B01
201800012250,1.0,7,0,12.0,0.0,0.0,13.0,A01
201800012251,0.0,7,0,0.0,0.0,6.0,10.0,A01
201800012251,0.0,33,0,0.0,2.0,1.0,1.0,C01
201800012251,0.0,7,0,0.0,2.0,2.0,1.0,B01
201800012252,1.0,7,0,0.0,0.0,4.0,1.0,A01
201800012252,1.0,1,0,0.0,2.0,1.0,1.0,B01
201800012253,1.0,7,0,0.0,1.0,1.0,1.0,A01
201800012254,0.0,14,0,0.0,0.0,3.0,1.0,B01
201800012254,0.0,33,0,3.0,0.0,1.0,0.0,A01
201800012255,2.0,7,0,2.0,0.0,3.0,0.0,A01
201800012256,0.0,7,0,0.0,0.0,8.0,1.0,B01
201800012256,0.0,7,0,0.0,2.0,3.0,1.0,A01
201800012256,0.0,7,0,0.0,0.0,1.0,1.0,C01
201800012256,0.0,7,0,0.0,2.0,1.0,1.0,D01
201800012257,1.0,7,0,0.0,1.0,2.0,1.0,A01
201800012258,1.0,33,0,0.0,2.0,1.0,2.0,A01
201800012258,1.0,7,0,0.0,2.0,4.0,2.0,B01
201800012259,2.0,33,0,0.0,2.0,1.0,1.0,B01
201800012259,1.0,7,0,0.0,0.0,5.0,19.0,A01
201800012260,0.0,7,0,0.0,2.0,7.0,15.0,A01
201800012260,0.0,33,0,0.0,2.0,1.0,1.0,B01
201800012261,0.0,33,0,0.0,2.0,1.0,0.0,A01
201800012261,0.0,7,0,0.0,2.0,4.0,2.0,B01
201800012262,0.0,7,0,0.0,1.0,3.0,1.0,A01
201800012263,0.0,99,0,2.0,0.0,3.0,13.0,A01
201800012264,0.0,1,0,0.0,2.0,0.0,0.0,B01
201800012264,1.0,7,0,0.0,9.0,1.0,16.0,A01
201800012265,0.0,7,0,1.0,0.0,2.0,0.0,A01
201800012265,0.0,7,0,0.0,0.0,6.0,0.0,C01
201800012265,0.0,7,0,0.0,0.0,8.0,24.0,B01
201800012266,0.0,31,0,4.0,0.0,1.0,0.0,A01
201800012267,0.0,7,0,2.0,0.0,1.0,13.0,A01
201800012268,0.0,7,0,13.0,0.0,7.0,17.0,A01
201800012269,0.0,7,0,0.0,2.0,3.0,1.0,B01
201800012269,0.0,31,0,0.0,2.0,1.0,1.0,A01
201800012270,0.0,31,0,10.0,0.0,3.0,1.0,A01
201800012271,1.0,33,0,0.0,0.0,8.0,21.0,B01
201800012271,2.0,33,0,13.0,0.0,1.0,1.0,A01
201800012272,2.0,33,0,0.0,0.0,0.0,1.0,A01
201800012273,2.0,10,0,2.0,0.0,3.0,13.0,A01
201800012274,1.0,7,0,10.0,0.0,9.0,1.0,A01
201800012275,0.0,7,0,0.0,9.0,1.0,1.0,A01
201800012275,0.0,1,0,0.0,2.0,4.0,14.0,B01
201800012276,1.0,34,0,0.0,0.0,7.0,1.0,A01
201800012277,1.0,7,0,0.0,2.0,1.0,15.0,A01
201800012277,2.0,31,0,0.0,2.0,1.0,1.0,B01
201800012278,1.0,7,0,0.0,0.0,1.0,1.0,A01
201800012279,0.0,7,0,0.0,2.0,2.0,1.0,A01
201800012279,0.0,13,0,0.0,2.0,3.0,1.0,C01
201800012279,0.0,7,0,0.0,2.0,7.0,15.0,B01
201800012280,1.0,7,0,0.0,1.0,2.0,1.0,A01
201800012281,2.0,7,0,0.0,2.0,1.0,13.0,A01
201800012281,1.0,7,0,0.0,2.0,3.0,1.0,B01
201800012282,0.0,10,0,0.0,1.0,1.0,1.0,A01
201800012283,2.0,33,0,7.0,0.0,1.0,1.0,A01
201800012284,1.0,7,0,6.0,0.0,2.0,1.0,A01
201800012285,2.0,2,0,6.0,0.0,0.0,1.0,A01
201800012286,2.0,7,0,0.0,2.0,3.0,1.0,B01
201800012286,1.0,7,0,0.0,2.0,3.0,13.0,A01
201800012287,1.0,7,0,13.0,0.0,1.0,1.0,A01
201800012288,2.0,7,0,0.0,2.0,3.0,1.0,B01
201800012288,1.0,7,0,0.0,2.0,1.0,13.0,A01
201800012289,2.0,7,0,0.0,2.0,2.0,13.0,A01
201800012289,1.0,7,0,0.0,2.0,1.0,2.0,C01
201800012289,1.0,7,0,0.0,2.0,8.0,1.0,D01
201800012289,1.0,10,0,0.0,2.0,2.0,1.0,B01
201800012290,2.0,7,0,0.0,2.0,5.0,1.0,C01
201800012290,1.0,10,0,0.0,2.0,3.0,13.0,A01
201800012290,2.0,7,0,0.0,2.0,3.0,1.0,B01
201800012291,0.0,7,0,0.0,0.0,0.0,0.0,A01
201800012292,1.0,7,0,13.0,2.0,3.0,1.0,B01
201800012292,2.0,10,0,0.0,2.0,3.0,19.0,A01
201800012293,1.0,33,0,0.0,0.0,8.0,1.0,A01
201800012294,0.0,33,0,0.0,2.0,1.0,21.0,B01
201800012294,0.0,7,0,0.0,0.0,4.0,21.0,A01
201800012295,1.0,7,0,13.0,0.0,5.0,5.0,A01
201800012296,0.0,33,0,4.0,0.0,1.0,1.0,A01
201800012297,0.0,33,0,0.0,0.0,7.0,2.0,A01
201800012297,0.0,33,0,0.0,0.0,7.0,2.0,B01
201800012298,0.0,2,0,0.0,9.0,1.0,1.0,A01
201800012299,0.0,33,0,0.0,0.0,2.0,1.0,A01
201800012300,1.0,7,0,6.0,0.0,2.0,11.0,A01
201800012301,0.0,33,0,6.0,0.0,0.0,1.0,A01
201800012302,0.0,7,0,0.0,0.0,9.0,0.0,A01
201800012303,0.0,33,0,15.0,0.0,0.0,1.0,A01
201800012304,0.0,7,0,2.0,0.0,1.0,1.0,A01
201800012305,2.0,7,0,2.0,0.0,1.0,0.0,A01
201800012306,1.0,33,0,4.0,0.0,7.0,1.0,A01
201800012307,1.0,33,0,0.0,0.0,0.0,1.0,A01
201800012308,1.0,33,0,0.0,2.0,1.0,13.0,A01
201800012308,2.0,7,0,0.0,2.0,2.0,1.0,B01
201800012309,1.0,7,0,2.0,0.0,8.0,0.0,A01
201800012310,1.0,7,0,0.0,2.0,1.0,13.0,A01
201800012310,2.0,7,0,0.0,2.0,1.0,1.0,B01
201800012310,2.0,7,0,0.0,2.0,3.0,1.0,C01
201800012311,2.0,7,0,0.0,2.0,1.0,13.0,A01
201800012311,1.0,7,0,0.0,2.0,1.0,1.0,B01
201800012312,1.0,7,0,0.0,1.0,2.0,2.0,A01
201800012313,2.0,33,0,13.0,0.0,9.0,19.0,A01
201800012314,2.0,7,0,0.0,2.0,2.0,13.0,A01
201800012314,1.0,7,0,0.0,2.0,3.0,1.0,B01
201800012315,0.0,33,0,0.0,2.0,1.0,1.0,B01
201800012315,0.0,7,0,0.0,2.0,1.0,15.0,A01
201800012316,0.0,7,0,0.0,2.0,8.0,10.0,A01
201800012316,0.0,33,0,0.0,2.0,1.0,2.0,B01
201800012317,1.0,33,0,0.0,2.0,3.0,13.0,A01
201800012317,2.0,7,0,0.0,2.0,3.0,1.0,B01
201800012318,2.0,7,0,10.0,2.0,3.0,1.0,B01
201800012318,1.0,7,0,0.0,2.0,1.0,13.0,A01
201800012319,1.0,7,0,0.0,0.0,8.0,15.0,B01
201800012319,2.0,7,0,0.0,2.0,3.0,1.0,A01
201800012320,0.0,7,0,1.0,0.0,8.0,15.0,A01
201800012320,0.0,7,0,6.0,2.0,1.0,1.0,B01
201800012321,1.0,7,0,0.0,1.0,1.0,0.0,A01
201800012322,2.0,7,0,0.0,1.0,1.0,1.0,A01
201800012323,0.0,33,0,0.0,2.0,1.0,17.0,B01
201800012323,0.0,7,0,0.0,0.0,6.0,15.0,A01
201800012324,2.0,2,0,7.0,0.0,1.0,0.0,A01
201800012325,0.0,7,0,0.0,9.0,1.0,1.0,A01
201800012325,0.0,1,0,0.0,2.0,1.0,1.0,B01
201800012326,0.0,33,0,13.0,0.0,0.0,13.0,A01
201800012327,1.0,7,0,0.0,4.0,1.0,1.0,A01
201800012327,0.0,39,1,0.0,2.0,1.0,1.0,B01
201800012328,0.0,2,0,0.0,0.0,7.0,1.0,A01
201800012329,0.0,1,0,0.0,0.0,8.0,0.0,A01
201800012330,0.0,7,0,0.0,2.0,1.0,19.0,A01
201800012330,0.0,7,0,0.0,2.0,1.0,1.0,B01
201800012331,1.0,13,0,0.0,2.0,1.0,13.0,A01
201800012331,1.0,7,0,0.0,2.0,3.0,2.0,B01
201800012332,1.0,7,0,0.0,2.0,2.0,19.0,A01
201800012332,2.0,7,0,0.0,2.0,1.0,1.0,B01
201800012333,0.0,7,0,13.0,0.0,2.0,2.0,A01
201800012334,2.0,7,0,8.0,0.0,1.0,1.0,A01
201800012335,0.0,7,0,13.0,0.0,3.0,2.0,A01
201800012336,0.0,7,0,0.0,2.0,3.0,5.0,A01
201800012336,0.0,13,0,0.0,2.0,3.0,1.0,B01
201800012337,1.0,33,0,0.0,2.0,2.0,13.0,A01
201800012337,2.0,7,0,0.0,2.0,2.0,1.0,B01
201800012338,2.0,7,0,0.0,0.0,6.0,2.0,B01
201800012338,2.0,33,0,0.0,2.0,2.0,2.0,A01
201800012339,1.0,2,0,0.0,2.0,1.0,1.0,A01
201800012339,1.0,7,0,0.0,0.0,5.0,16.0,B01
201800012340,2.0,33,0,0.0,0.0,2.0,12.0,A01
201800012341,0.0,33,0,0.0,2.0,7.0,17.0,B01
201800012341,1.0,7,0,0.0,2.0,6.0,11.0,A01
201800012342,1.0,7,0,0.0,2.0,8.0,19.0,B01
201800012342,1.0,33,0,0.0,2.0,7.0,21.0,A01
201800012343,0.0,7,0,13.0,0.0,2.0,1.0,A01
201800012344,0.0,33,0,0.0,2.0,1.0,2.0,B01
201800012344,0.0,7,0,0.0,0.0,6.0,2.0,A01
201800012345,1.0,7,0,13.0,0.0,1.0,1.0,A01
201800012346,2.0,10,0,0.0,2.0,8.0,1.0,A01
201800012346,1.0,10,0,0.0,2.0,1.0,1.0,B01
201800012347,2.0,2,0,0.0,0.0,2.0,1.0,A01
201800012348,0.0,7,0,13.0,0.0,2.0,1.0,A01
201800012349,1.0,7,0,13.0,0.0,1.0,2.0,A01
201800012350,0.0,7,0,13.0,0.0,1.0,1.0,A01
201800012351,1.0,33,0,0.0,0.0,0.0,1.0,A01
201800012352,1.0,33,0,13.0,0.0,9.0,14.0,A01
201800012353,2.0,32,0,0.0,2.0,3.0,1.0,A01
201800012353,1.0,7,0,0.0,2.0,3.0,1.0,B01
201800012354,1.0,7,0,2.0,0.0,1.0,14.0,A01
201800012355,0.0,7,0,0.0,2.0,6.0,15.0,B01
201800012355,0.0,7,0,0.0,2.0,1.0,1.0,A01
201800012356,0.0,1,0,0.0,0.0,0.0,1.0,C01
201800012356,0.0,1,0,0.0,0.0,1.0,1.0,B01
201800012356,0.0,7,0,0.0,2.0,0.0,2.0,A01
201800012357,2.0,7,0,13.0,0.0,2.0,14.0,A01
201800012358,0.0,7,0,6.0,0.0,3.0,13.0,A01
201800012359,0.0,7,0,15.0,0.0,4.0,1.0,A01
201800012359,0.0,7,0,6.0,2.0,1.0,2.0,B01
201800012360,1.0,33,0,0.0,2.0,7.0,19.0,A01
201800012360,2.0,7,0,0.0,2.0,3.0,1.0,B01
201800012361,0.0,33,0,0.0,2.0,8.0,1.0,B01
201800012361,0.0,7,0,0.0,2.0,8.0,17.0,A01
201800012362,0.0,7,0,6.0,0.0,3.0,13.0,A01
201800012363,1.0,33,0,0.0,0.0,8.0,1.0,A01
201800012364,0.0,10,0,10.0,0.0,1.0,15.0,A01
201800012365,2.0,7,0,6.0,0.0,1.0,2.0,A01
201800012366,1.0,7,0,10.0,0.0,1.0,13.0,A01
201800012367,1.0,7,0,0.0,2.0,1.0,13.0,A01
201800012367,1.0,7,0,0.0,2.0,1.0,2.0,B01
201800012368,2.0,7,0,0.0,0.0,0.0,1.0,A01
201800012369,0.0,7,0,2.0,0.0,7.0,1.0,A01
201800012370,0.0,7,0,13.0,0.0,3.0,5.0,A01
201800012371,2.0,7,0,0.0,2.0,7.0,1.0,A01
201800012371,1.0,7,0,0.0,2.0,1.0,1.0,B01
201800012372,1.0,7,0,8.0,0.0,1.0,13.0,A01
201800012373,2.0,17,0,13.0,0.0,8.0,13.0,A01
201800012374,1.0,7,0,13.0,9.0,1.0,19.0,A01
201800012375,2.0,7,0,0.0,2.0,3.0,20.0,A01
201800012375,2.0,7,0,0.0,2.0,2.0,1.0,B01
201800012376,2.0,2,0,0.0,2.0,2.0,1.0,B01
201800012376,1.0,7,0,0.0,2.0,3.0,15.0,A01
201800012377,2.0,33,0,0.0,0.0,9.0,0.0,A01
201800012378,1.0,7,0,0.0,2.0,3.0,13.0,A01
201800012378,2.0,7,0,0.0,2.0,3.0,21.0,B01
201800012379,2.0,1,0,0.0,2.0,1.0,1.0,A01
201800012379,1.0,7,0,0.0,2.0,8.0,1.0,B01
201800012380,2.0,7,0,13.0,0.0,9.0,1.0,A01
201800012381,2.0,7,0,0.0,1.0,2.0,1.0,A01
201800012382,2.0,2,0,12.0,0.0,1.0,1.0,A01
201800012383,2.0,7,0,6.0,0.0,1.0,1.0,A01
201800012384,1.0,7,0,13.0,0.0,9.0,1.0,A01
201800012385,2.0,7,0,0.0,2.0,1.0,2.0,A01
201800012385,2.0,15,0,0.0,2.0,5.0,24.0,B01
201800012386,2.0,7,0,0.0,2.0,8.0,1.0,A01
201800012386,1.0,7,0,0.0,2.0,1.0,1.0,B01
201800012387,1.0,7,0,16.0,0.0,9.0,1.0,A01
201800012388,2.0,15,0,0.0,2.0,1.0,1.0,B01
201800012388,1.0,7,0,0.0,2.0,7.0,19.0,A01
201800012389,1.0,31,0,2.0,0.0,1.0,1.0,A01
201800012390,2.0,7,0,0.0,2.0,1.0,15.0,A01
201800012390,2.0,7,0,0.0,2.0,1.0,1.0,B01
201800012391,1.0,7,0,2.0,0.0,8.0,13.0,A01
201800012392,2.0,7,0,0.0,2.0,2.0,15.0,A01
201800012392,1.0,33,0,0.0,2.0,1.0,2.0,B01
201800012393,1.0,33,0,7.0,0.0,0.0,14.0,A01
201800012394,2.0,7,0,2.0,0.0,7.0,13.0,A01
201800012395,1.0,7,0,6.0,2.0,8.0,1.0,B01
201800012395,2.0,7,0,0.0,2.0,1.0,1.0,A01
201800012396,1.0,1,0,0.0,2.0,4.0,1.0,B01
201800012396,1.0,10,0,0.0,2.0,2.0,9.0,A01
201800012397,1.0,33,0,0.0,2.0,3.0,1.0,A01
201800012397,2.0,10,0,0.0,2.0,3.0,1.0,B01
201800012398,2.0,33,0,0.0,2.0,3.0,12.0,A01
201800012398,2.0,7,0,0.0,2.0,2.0,12.0,B01
201800012399,2.0,33,0,13.0,0.0,1.0,1.0,A01
201800012400,1.0,3,0,13.0,0.0,2.0,14.0,A01
201800012401,2.0,21,0,0.0,2.0,8.0,15.0,A01
201800012401,2.0,33,0,0.0,2.0,1.0,17.0,B01
201800012402,1.0,7,0,0.0,2.0,1.0,1.0,A01
201800012402,2.0,7,0,0.0,2.0,7.0,1.0,B01
201800012403,1.0,7,0,13.0,0.0,2.0,1.0,A01
201800012404,1.0,7,0,13.0,0.0,1.0,21.0,A01
201800012405,2.0,7,0,0.0,2.0,2.0,11.0,A01
201800012405,2.0,7,0,0.0,2.0,6.0,1.0,B01
201800012406,1.0,7,0,0.0,2.0,3.0,1.0,A01
201800012406,1.0,7,0,0.0,2.0,1.0,19.0,B01
201800012407,2.0,7,0,1.0,0.0,1.0,14.0,A01
201800012407,2.0,15,0,0.0,2.0,4.0,24.0,B01
201800012408,1.0,7,0,0.0,1.0,2.0,1.0,A01
201800012409,1.0,2,0,0.0,2.0,1.0,1.0,B01
201800012409,2.0,10,0,0.0,2.0,2.0,15.0,A01
201800012410,2.0,33,0,13.0,0.0,1.0,1.0,A01
201800012411,2.0,7,0,1.0,0.0,1.0,0.0,A01
201800012412,2.0,10,0,15.0,0.0,3.0,13.0,A01
201800012413,2.0,7,0,1.0,0.0,1.0,1.0,A01
201800012414,1.0,7,0,2.0,2.0,3.0,5.0,A01
201800012414,2.0,7,0,0.0,2.0,8.0,1.0,B01
201800012415,2.0,33,0,3.0,0.0,1.0,2.0,A01
201800012416,1.0,2,0,14.0,0.0,1.0,1.0,A01
201800012417,1.0,7,0,0.0,1.0,3.0,1.0,A01
201800012418,2.0,7,0,0.0,0.0,9.0,1.0,A01
201800012419,2.0,2,0,6.0,0.0,1.0,1.0,A01
201800012420,2.0,7,0,0.0,2.0,3.0,13.0,A01
201800012420,1.0,7,0,0.0,2.0,3.0,1.0,B01
201800012421,1.0,2,0,12.0,0.0,1.0,1.0,A01
201800012422,2.0,7,0,0.0,2.0,1.0,17.0,A01
201800012422,2.0,7,0,0.0,2.0,4.0,1.0,B01
201800012423,1.0,7,0,0.0,2.0,1.0,1.0,B01
201800012423,2.0,7,0,0.0,2.0,1.0,13.0,A01
201800012424,2.0,2,0,0.0,2.0,8.0,1.0,A01
201800012424,2.0,33,0,0.0,2.0,7.0,1.0,B01
201800012425,1.0,14,0,6.0,0.0,1.0,1.0,A01