Num_Acc,senc,catv,occutc,obs,obsm,choc,manv,num_veh
201800012426,1.0,7,0,2.0,0.0,1.0,1.0,A01
201800012427,1.0,7,0,6.0,0.0,1.0,0.0,A01
201800012428,2.0,7,0,2.0,0.0,1.0,19.0,A01
201800012429,1.0,7,0,0.0,2.0,1.0,1.0,B01
201800012429,2.0,7,0,0.0,2.0,7.0,19.0,A01
201800012430,2.0,7,0,0.0,2.0,2.0,17.0,A01
201800012430,2.0,2,0,0.0,2.0,6.0,15.0,B01
201800012431,1.0,7,0,9.0,0.0,1.0,13.0,A01
201800012432,1.0,7,0,0.0,2.0,2.0,15.0,A01
201800012432,2.0,2,0,0.0,2.0,8.0,0.0,B01
201800012433,2.0,7,0,0.0,2.0,1.0,1.0,B01
201800012433,1.0,7,0,0.0,2.0,8.0,1.0,A01
201800012434,1.0,7,0,0.0,2.0,6.0,24.0,B01
201800012434,1.0,7,0,0.0,2.0,2.0,12.0,A01
201800012435,2.0,7,0,2.0,0.0,1.0,13.0,A01
201800012436,1.0,2,0,0.0,1.0,1.0,1.0,A01
201800012437,1.0,33,0,9.0,0.0,1.0,1.0,A01
201800012438,2.0,10,0,1.0,2.0,2.0,14.0,B01
201800012438,2.0,7,0,3.0,2.0,6.0,23.0,A01
201800012439,2.0,10,0,0.0,2.0,3.0,13.0,A01
201800012439,1.0,10,0,0.0,2.0,3.0,1.0,B01
201800012440,1.0,17,0,0.0,2.0,2.0,1.0,B01
201800012440,1.0,7,0,0.0,2.0,8.0,10.0,A01
201800012441,1.0,7,0,0.0,2.0,4.0,15.0,A01
201800012441,1.0,10,0,0.0,2.0,1.0,2.0,B01
201800012441,2.0,15,0,0.0,2.0,1.0,1.0,C01
201800012442,1.0,7,0,0.0,0.0,9.0,1.0,A01
201800012443,2.0,7,0,13.0,0.0,3.0,1.0,A01
201800012444,2.0,33,0,2.0,0.0,9.0,1.0,A01
201800012445,0.0,7,0,0.0,1.0,4.0,4.0,A01
201800012446,2.0,15,0,0.0,2.0,5.0,23.0,A01
201800012446,2.0,15,0,0.0,2.0,3.0,2.0,B01
201800012447,2.0,7,0,0.0,2.0,1.0,2.0,A01
201800012447,2.0,17,0,0.0,2.0,4.0,23.0,B01
201800012448,2.0,7,0,0.0,2.0,7.0,19.0,B01
201800012448,2.0,7,0,0.0,2.0,1.0,1.0,A01
201800012449,2.0,10,0,13.0,0.0,7.0,1.0,A01
201800012450,1.0,7,0,0.0,2.0,1.0,13.0,A01
201800012450,2.0,7,0,0.0,2.0,1.0,1.0,B01
201800012451,2.0,7,0,0.0,2.0,1.0,1.0,A01
201800012451,2.0,21,0,0.0,2.0,4.0,9.0,B01
201800012452,1.0,7,0,13.0,0.0,9.0,17.0,A01
201800012453,1.0,15,0,0.0,2.0,1.0,15.0,A01
201800012453,1.0,33,0,0.0,2.0,7.0,1.0,B01
201800012454,1.0,10,0,0.0,2.0,4.0,15.0,B01
201800012454,1.0,2,0,0.0,2.0,1.0,2.0,A01
201800012455,1.0,1,0,0.0,0.0,0.0,2.0,A01
201800012456,1.0,7,0,0.0,1.0,3.0,1.0,A01
201800012457,1.0,7,0,0.0,2.0,3.0,19.0,A01
201800012457,1.0,7,0,0.0,2.0,2.0,21.0,B01
201800012458,1.0,7,0,13.0,0.0,1.0,1.0,A01
201800012459,0.0,2,0,0.0,6.0,2.0,1.0,A01
201800012460,1.0,17,0,3.0,2.0,3.0,13.0,A01
201800012460,2.0,7,0,0.0,2.0,1.0,21.0,B01
201800012461,1.0,15,0,2.0,0.0,3.0,14.0,A01
201800012462,2.0,7,0,0.0,2.0,1.0,13.0,A01
201800012462,1.0,7,0,0.0,2.0,1.0,1.0,B01
201800012463,0.0,7,0,0.0,0.0,3.0,1.0,A01
201800012463,0.0,31,0,0.0,2.0,1.0,1.0,B01
201800012464,0.0,2,0,0.0,2.0,7.0,17.0,B01
201800012464,0.0,7,0,0.0,2.0,3.0,15.0,A01
201800012465,2.0,7,0,6.0,0.0,3.0,1.0,A01
201800012466,2.0,33,0,0.0,2.0,1.0,1.0,B01
201800012466,0.0,7,0,0.0,2.0,7.0,15.0,A01
201800012467,2.0,7,0,0.0,2.0,1.0,1.0,B01
201800012467,1.0,7,0,0.0,2.0,1.0,13.0,A01
201800012468,1.0,31,0,0.0,0.0,0.0,1.0,A01
201800012469,1.0,7,0,0.0,0.0,6.0,15.0,A01
201800012469,1.0,7,0,0.0,2.0,2.0,17.0,B01
201800012470,2.0,7,0,0.0,2.0,1.0,1.0,B01
201800012470,1.0,7,0,0.0,2.0,8.0,19.0,A01
201800012471,2.0,14,0,0.0,2.0,7.0,1.0,B01
201800012471,2.0,36,0,0.0,2.0,1.0,19.0,A01
201800012472,1.0,7,0,0.0,2.0,8.0,19.0,A01
201800012472,1.0,10,0,0.0,2.0,1.0,1.0,B01
201800012473,2.0,33,0,0.0,0.0,0.0,1.0,A01
201800012474,1.0,7,0,0.0,2.0,1.0,1.0,B01
201800012474,1.0,7,0,0.0,2.0,3.0,19.0,A01
201800012475,2.0,7,0,15.0,0.0,2.0,1.0,A01
201800012476,1.0,33,0,0.0,0.0,3.0,1.0,A01
201800012477,2.0,7,0,0.0,2.0,3.0,1.0,A01
201800012477,1.0,10,0,0.0,2.0,3.0,1.0,B01
201800012478,1.0,7,0,0.0,2.0,8.0,19.0,A01
201800012478,1.0,33,0,0.0,2.0,1.0,1.0,B01
201800012479,2.0,2,0,0.0,0.0,8.0,16.0,A01
201800012480,1.0,7,0,7.0,2.0,3.0,15.0,A01
201800012480,2.0,7,0,7.0,0.0,1.0,1.0,B01
201800012481,0.0,7,0,13.0,0.0,1.0,21.0,A01
201800012482,0.0,7,0,0.0,2.0,7.0,15.0,A01
201800012482,0.0,31,0,0.0,2.0,7.0,1.0,B01
201800012483,0.0,1,0,0.0,9.0,2.0,1.0,A01
201800012483,0.0,1,0,0.0,9.0,3.0,1.0,B01
201800012484,2.0,7,0,2.0,1.0,3.0,1.0,A01
201800012485,2.0,7,0,0.0,0.0,0.0,1.0,A01
201800012486,1.0,7,0,3.0,0.0,1.0,1.0,A01
201800012487,0.0,15,0,0.0,2.0,3.0,1.0,B01
201800012487,0.0,7,0,0.0,2.0,3.0,13.0,A01
201800012488,2.0,7,0,0.0,2.0,3.0,13.0,A01
201800012488,1.0,7,0,3.0,2.0,3.0,1.0,B01
201800012489,2.0,7,0,0.0,1.0,6.0,4.0,A01
201800012490,2.0,7,0,0.0,2.0,3.0,15.0,A01
201800012490,1.0,33,0,0.0,2.0,1.0,1.0,B01
201800012491,1.0,1,0,0.0,2.0,8.0,2.0,B01
201800012491,1.0,7,0,0.0,2.0,7.0,17.0,A01
201800012492,0.0,1,0,0.0,0.0,0.0,0.0,A01
201800012493,1.0,10,0,0.0,2.0,1.0,15.0,A01
201800012493,2.0,33,0,0.0,2.0,1.0,1.0,B01
201800012494,1.0,7,0,0.0,2.0,3.0,1.0,B01
201800012494,2.0,1,0,0.0,2.0,1.0,13.0,A01
201800012495,1.0,7,0,8.0,0.0,1.0,1.0,A01
201800012496,2.0,7,0,0.0,2.0,3.0,1.0,B01
201800012496,1.0,7,0,0.0,2.0,3.0,1.0,A01
201800012497,1.0,7,0,2.0,0.0,5.0,1.0,A01
201800012498,2.0,1,0,0.0,0.0,6.0,14.0,B01
201800012498,2.0,10,0,0.0,2.0,2.0,13.0,A01
201800012499,1.0,7,0,0.0,0.0,2.0,1.0,B01
201800012499,2.0,7,0,3.0,2.0,2.0,5.0,A01
201800012500,1.0,7,0,0.0,1.0,4.0,4.0,A01
201800012501,1.0,7,0,13.0,0.0,2.0,1.0,A01
201800012502,2.0,33,0,13.0,0.0,1.0,1.0,A01
201800012503,1.0,7,0,8.0,0.0,1.0,1.0,A01
201800012504,0.0,37,1,0.0,2.0,1.0,1.0,A01
201800012504,0.0,30,0,0.0,2.0,1.0,1.0,B01
201800012505,2.0,7,0,0.0,2.0,3.0,1.0,A01
201800012505,2.0,7,0,0.0,2.0,1.0,1.0,B01
201800012506,2.0,7,0,2.0,0.0,2.0,1.0,A01
201800012507,0.0,7,0,0.0,0.0,9.0,0.0,A01
201800012508,0.0,7,0,0.0,2.0,1.0,13.0,A01
201800012508,2.0,7,0,0.0,2.0,1.0,0.0,B01
201800012509,1.0,17,0,0.0,2.0,3.0,1.0,B01
201800012509,2.0,7,0,0.0,2.0,1.0,5.0,A01
201800012510,1.0,99,0,0.0,2.0,1.0,1.0,C01
201800012510,1.0,7,0,0.0,2.0,8.0,1.0,B01
201800012510,2.0,7,0,0.0,2.0,9.0,13.0,A01
201800012511,1.0,7,0,13.0,0.0,6.0,1.0,A01
201800012512,1.0,7,0,0.0,2.0,1.0,5.0,A01
201800012512,2.0,7,0,0.0,2.0,1.0,1.0,B01
201800012513,2.0,7,0,13.0,0.0,2.0,1.0,A01
201800012514,2.0,7,0,0.0,2.0,1.0,9.0,A01
201800012514,1.0,7,0,0.0,2.0,2.0,1.0,B01
201800012515,0.0,34,0,0.0,2.0,1.0,9.0,B01
201800012515,0.0,7,0,0.0,2.0,2.0,9.0,A01
201800012516,1.0,7,0,2.0,0.0,9.0,1.0,A01
201800012517,0.0,7,0,0.0,2.0,3.0,13.0,A01
201800012517,0.0,7,0,0.0,2.0,3.0,15.0,B01
201800012518,2.0,33,0,0.0,0.0,8.0,1.0,A01
201800012519,1.0,7,0,0.0,2.0,2.0,13.0,A01
201800012519,2.0,14,0,0.0,2.0,3.0,1.0,B01
201800012520,1.0,3,0,9.0,0.0,1.0,1.0,A01
201800012521,1.0,30,0,0.0,2.0,2.0,15.0,A01
201800012521,1.0,7,0,0.0,2.0,1.0,1.0,B01
201800012522,1.0,7,0,0.0,2.0,1.0,0.0,A01
201800012522,1.0,7,0,0.0,2.0,6.0,2.0,B01
201800012522,2.0,7,0,0.0,2.0,3.0,1.0,C01
201800012523,2.0,33,0,0.0,0.0,0.0,1.0,A01
201800012524,0.0,7,0,0.0,0.0,1.0,1.0,A01
201800012525,0.0,7,0,0.0,0.0,2.0,0.0,A01
201800012526,0.0,33,0,0.0,0.0,7.0,1.0,A01
201800012527,0.0,2,0,0.0,0.0,7.0,1.0,A01
201800012528,0.0,7,0,2.0,0.0,1.0,13.0,A01
201800012529,0.0,2,0,0.0,0.0,0.0,21.0,A01
201800012530,0.0,2,0,6.0,0.0,1.0,0.0,A01
201800012531,0.0,7,0,0.0,0.0,9.0,1.0,A01
201800012532,2.0,7,0,8.0,2.0,1.0,0.0,A01
201800012532,1.0,7,0,0.0,2.0,1.0,21.0,B01
201800012533,1.0,33,0,0.0,2.0,1.0,0.0,A01
201800012533,2.0,33,0,0.0,2.0,1.0,0.0,B01
201800012534,0.0,7,0,0.0,0.0,3.0,0.0,A01
201800012534,2.0,7,0,0.0,2.0,1.0,1.0,B01
201800012535,1.0,7,0,6.0,0.0,1.0,14.0,A01
201800012536,2.0,7,0,0.0,0.0,4.0,23.0,C01
201800012536,2.0,7,0,0.0,0.0,4.0,23.0,B01
201800012536,2.0,7,0,0.0,2.0,1.0,2.0,A01
201800012537,1.0,7,0,0.0,0.0,0.0,1.0,A01
201800012538,0.0,7,0,8.0,0.0,1.0,17.0,A01
201800012539,2.0,7,0,0.0,2.0,1.0,1.0,B01
201800012539,1.0,7,0,0.0,2.0,2.0,13.0,A01
201800012540,1.0,7,0,8.0,2.0,8.0,19.0,A01
201800012540,1.0,7,0,0.0,2.0,1.0,1.0,B01
201800012541,0.0,10,0,0.0,0.0,7.0,19.0,A01
201800012541,0.0,7,0,0.0,2.0,1.0,1.0,B01
201800012542,1.0,33,0,12.0,0.0,7.0,1.0,A01
201800012543,2.0,10,0,0.0,2.0,3.0,9.0,A01
201800012543,2.0,7,0,7.0,2.0,1.0,1.0,B01
201800012544,2.0,7,0,2.0,0.0,1.0,1.0,A01
201800012545,1.0,7,0,13.0,0.0,1.0,1.0,A01
201800012546,1.0,7,0,3.0,2.0,1.0,17.0,A01
201800012546,2.0,15,0,0.0,2.0,3.0,1.0,B01
201800012547,1.0,17,0,0.0,2.0,8.0,1.0,B01
201800012547,2.0,17,0,0.0,2.0,3.0,1.0,A01
201800012548,0.0,36,0,0.0,0.0,2.0,1.0,A01
201800012549,1.0,7,0,0.0,2.0,2.0,13.0,A01
201800012549,2.0,31,0,0.0,2.0,7.0,21.0,B01
201800012550,2.0,7,0,2.0,0.0,2.0,14.0,A01
201800012551,1.0,7,0,2.0,0.0,2.0,1.0,A01
201800012552,1.0,31,0,0.0,0.0,7.0,1.0,A01
201800012553,2.0,7,0,2.0,0.0,1.0,1.0,A01
201800012554,1.0,7,0,5.0,0.0,1.0,1.0,A01
201800012555,0.0,7,0,0.0,1.0,2.0,1.0,A01
201800012556,1.0,7,0,7.0,0.0,0.0,1.0,A01
201800012557,1.0,7,0,2.0,0.0,3.0,1.0,A01
201800012558,1.0,7,0,0.0,9.0,1.0,2.0,A01
201800012558,1.0,21,0,0.0,2.0,4.0,2.0,B01
201800012559,1.0,7,0,6.0,0.0,2.0,13.0,A01
201800012560,0.0,7,0,0.0,2.0,1.0,1.0,A01
201800012560,0.0,1,0,0.0,0.0,8.0,1.0,B01
201800012561,1.0,2,0,0.0,2.0,1.0,15.0,A01
201800012561,2.0,7,0,0.0,2.0,3.0,1.0,B01
201800012562,1.0,33,0,0.0,2.0,1.0,2.0,A01
201800012562,1.0,7,0,0.0,0.0,4.0,2.0,B01
201800012563,1.0,7,0,8.0,0.0,2.0,1.0,A01
201800012564,0.0,1,0,0.0,0.0,2.0,13.0,A01
201800012564,2.0,7,0,0.0,2.0,2.0,17.0,B01
201800012565,1.0,7,0,0.0,4.0,7.0,0.0,A01
201800012565,1.0,39,153,0.0,2.0,1.0,1.0,B01
201800012566,2.0,7,0,6.0,0.0,1.0,1.0,A01
201800012567,0.0,7,0,0.0,0.0,0.0,15.0,A01
201800012568,0.0,7,0,2.0,0.0,1.0,0.0,A01
201800012569,1.0,7,0,2.0,0.0,1.0,13.0,A01
201800012570,2.0,7,0,13.0,0.0,1.0,1.0,A01
201800012571,2.0,7,0,2.0,0.0,1.0,1.0,A01
201800012572,1.0,33,0,0.0,2.0,9.0,17.0,A01
201800012573,2.0,7,0,6.0,0.0,9.0,17.0,A01
201800012574,1.0,7,0,0.0,0.0,9.0,1.0,A01
201800012575,1.0,7,0,0.0,2.0,8.0,1.0,B01
201800012575,2.0,33,0,0.0,2.0,8.0,13.0,A01
201800012576,1.0,21,0,0.0,2.0,6.0,1.0,B01
201800012576,2.0,30,0,0.0,2.0,8.0,1.0,A01
201800012577,2.0,33,0,0.0,2.0,1.0,17.0,A01
201800012577,2.0,7,0,0.0,2.0,6.0,15.0,B01
201800012578,2.0,33,0,15.0,0.0,1.0,1.0,A01
201800012579,1.0,7,0,13.0,0.0,9.0,1.0,A01
201800012580,1.0,10,0,6.0,0.0,3.0,1.0,A01
201800012581,2.0,10,0,0.0,2.0,3.0,1.0,A01
201800012581,1.0,13,0,0.0,2.0,3.0,1.0,B01
201800012582,2.0,7,0,0.0,2.0,1.0,2.0,A01
201800012582,2.0,7,0,0.0,2.0,4.0,1.0,B01
201800012583,1.0,7,0,15.0,0.0,2.0,1.0,A01
201800012584,1.0,31,0,0.0,0.0,7.0,1.0,A01
201800012585,1.0,31,0,14.0,0.0,1.0,1.0,A01
201800012586,2.0,33,0,13.0,0.0,1.0,1.0,A01
201800012587,2.0,7,0,2.0,0.0,1.0,1.0,A01
201800012588,1.0,33,0,13.0,0.0,1.0,1.0,A01
201800012589,1.0,7,0,0.0,2.0,2.0,17.0,A01
201800012589,1.0,2,0,0.0,2.0,4.0,15.0,B01
201800012590,2.0,30,0,15.0,0.0,1.0,1.0,A01
201800012591,1.0,10,0,0.0,1.0,1.0,15.0,A01
201800012592,1.0,33,0,0.0,0.0,0.0,1.0,A01
201800012593,1.0,7,0,2.0,0.0,1.0,1.0,A01
201800012594,2.0,7,0,0.0,5.0,1.0,1.0,A01
201800012594,1.0,15,0,0.0,2.0,1.0,1.0,B01
201800012595,1.0,7,0,0.0,2.0,1.0,1.0,B01
201800012595,1.0,7,0,0.0,2.0,8.0,4.0,A01
201800012596,2.0,7,0,16.0,0.0,9.0,1.0,A01
201800012597,1.0,15,0,0.0,2.0,3.0,1.0,B01
201800012597,2.0,7,0,0.0,2.0,1.0,13.0,A01
201800012597,2.0,7,0,0.0,2.0,2.0,2.0,C01
201800012598,1.0,7,0,16.0,0.0,9.0,1.0,A01
201800012599,2.0,31,0,6.0,0.0,7.0,1.0,A01
201800012600,2.0,21,0,0.0,0.0,0.0,1.0,A01
201800012600,1.0,7,0,13.0,0.0,1.0,21.0,B01
201800012601,1.0,10,0,0.0,2.0,3.0,13.0,A01
201800012601,2.0,7,0,0.0,2.0,3.0,1.0,B01
201800012602,1.0,7,0,0.0,2.0,1.0,20.0,A01
201800012602,1.0,7,0,0.0,2.0,3.0,1.0,B01
201800012603,2.0,7,0,0.0,2.0,3.0,1.0,B01
201800012603,1.0,1,0,0.0,2.0,3.0,13.0,A01
201800012604,1.0,7,0,2.0,0.0,3.0,1.0,A01
201800012605,1.0,30,0,0.0,2.0,8.0,13.0,A01
201800012605,2.0,7,0,0.0,2.0,1.0,1.0,B01
201800012606,1.0,7,0,0.0,1.0,3.0,17.0,A01
201800012607,1.0,7,0,6.0,0.0,3.0,13.0,A01
201800012608,2.0,10,0,0.0,2.0,3.0,1.0,B01
201800012608,1.0,30,0,0.0,2.0,3.0,13.0,A01
201800012609,1.0,7,0,0.0,2.0,3.0,15.0,A01
201800012609,2.0,2,0,0.0,2.0,3.0,1.0,B01
201800012610,2.0,7,0,0.0,1.0,1.0,1.0,A01
201800012611,2.0,7,0,0.0,2.0,1.0,1.0,B01
201800012611,1.0,7,0,0.0,2.0,1.0,15.0,A01
201800012612,2.0,33,0,13.0,0.0,7.0,1.0,A01
201800012613,2.0,10,0,0.0,2.0,8.0,15.0,A01
201800012613,1.0,1,0,0.0,2.0,1.0,1.0,B01
201800012614,1.0,7,0,0.0,2.0,8.0,13.0,A01
201800012614,2.0,7,0,0.0,2.0,8.0,1.0,B01
201800012615,1.0,33,0,16.0,0.0,0.0,1.0,A01
201800012616,1.0,7,0,16.0,0.0,9.0,1.0,A01
201800012617,2.0,7,0,0.0,2.0,3.0,13.0,A01
201800012617,1.0,7,0,13.0,2.0,1.0,1.0,B01
201800012618,1.0,1,0,0.0,2.0,1.0,1.0,A01
201800012618,1.0,7,0,0.0,0.0,3.0,16.0,B01
201800012619,1.0,7,0,0.0,2.0,2.0,15.0,A01
201800012619,2.0,7,0,0.0,2.0,3.0,1.0,B01
201800012620,1.0,7,0,0.0,2.0,3.0,13.0,A01
201800012620,2.0,7,0,13.0,2.0,3.0,1.0,B01
201800012621,2.0,7,0,14.0,0.0,2.0,1.0,A01
201800012622,1.0,2,0,1.0,0.0,1.0,1.0,A01
201800012623,2.0,7,0,0.0,2.0,1.0,1.0,B01
201800012623,1.0,7,0,0.0,2.0,8.0,15.0,A01
201800012624,2.0,7,0,0.0,2.0,1.0,13.0,A01
201800012624,1.0,7,0,0.0,2.0,1.0,21.0,B01
201800012625,1.0,7,0,0.0,2.0,1.0,13.0,A01
201800012625,2.0,7,0,0.0,2.0,1.0,1.0,B01
201800012626,1.0,7,0,0.0,2.0,1.0,23.0,B01
201800012626,1.0,7,0,0.0,2.0,1.0,2.0,A01
201800012626,1.0,7,0,0.0,0.0,4.0,23.0,C01
201800012627,1.0,7,0,0.0,1.0,3.0,1.0,A01
201800012628,1.0,10,0,0.0,2.0,1.0,1.0,A01
201800012628,2.0,7,0,0.0,2.0,1.0,1.0,B01
201800012629,2.0,15,0,0.0,2.0,2.0,13.0,A01
201800012629,1.0,7,0,0.0,2.0,2.0,1.0,B01
201800012630,1.0,7,0,0.0,2.0,3.0,17.0,A01
201800012630,2.0,7,0,3.0,2.0,1.0,1.0,B01
201800012631,1.0,10,0,9.0,0.0,1.0,1.0,A01
201800012632,2.0,7,0,16.0,0.0,9.0,1.0,A01
201800012633,1.0,36,0,16.0,0.0,7.0,1.0,A01
201800012634,1.0,7,0,0.0,2.0,1.0,1.0,B01
201800012634,2.0,7,0,0.0,2.0,3.0,13.0,A01
201800012635,1.0,7,0,0.0,2.0,1.0,1.0,B01
201800012635,2.0,7,0,0.0,2.0,1.0,17.0,A01
201800012636,1.0,31,0,0.0,2.0,1.0,13.0,A01
201800012636,2.0,7,0,0.0,2.0,3.0,1.0,B01
201800012637,1.0,7,0,0.0,1.0,2.0,1.0,A01
201800012638,1.0,14,0,0.0,2.0,1.0,1.0,B01
201800012638,2.0,7,0,13.0,2.0,1.0,13.0,A01
201800012639,2.0,15,0,0.0,2.0,3.0,1.0,B01
201800012639,1.0,7,0,0.0,2.0,1.0,13.0,A01
201800012640,2.0,7,0,2.0,0.0,3.0,1.0,A01
201800012641,1.0,7,0,3.0,0.0,2.0,1.0,A01
201800012642,1.0,7,0,0.0,1.0,7.0,1.0,A01
201800012643,2.0,7,0,0.0,2.0,8.0,9.0,A01
201800012643,1.0,30,0,0.0,2.0,7.0,1.0,B01
201800012644,1.0,1,0,0.0,2.0,1.0,13.0,A01
201800012644,2.0,7,0,0.0,2.0,3.0,1.0,B01
201800012645,1.0,33,0,0.0,2.0,1.0,2.0,A01
201800012645,1.0,7,0,0.0,0.0,6.0,1.0,B01
201800012646,1.0,14,0,0.0,2.0,1.0,17.0,A01
201800012646,2.0,1,0,0.0,2.0,1.0,1.0,B01
201800012647,1.0,7,0,0.0,1.0,2.0,1.0,A01
201800012648,1.0,7,0,1.0,1.0,3.0,1.0,A01
201800012649,1.0,21,0,13.0,0.0,1.0,1.0,A01
201800012650,1.0,1,0,0.0,1.0,1.0,1.0,A01
201800012651,1.0,7,0,0.0,2.0,1.0,13.0,A01
201800012651,2.0,34,0,0.0,2.0,1.0,1.0,B01
201800012652,1.0,7,0,15.0,1.0,1.0,1.0,A01
201800012653,1.0,33,0,13.0,0.0,1.0,17.0,A01
201800012654,2.0,10,0,0.0,0.0,4.0,1.0,B01
201800012654,2.0,7,0,0.0,2.0,1.0,2.0,A01
201800012655,1.0,7,0,0.0,2.0,1.0,2.0,C01
201800012655,1.0,10,0,0.0,2.0,8.0,1.0,B01
201800012655,2.0,10,0,3.0,2.0,7.0,1.0,A01
201800012656,2.0,7,0,0.0,2.0,1.0,1.0,B01
201800012656,1.0,7,0,0.0,2.0,1.0,13.0,A01
201800012657,1.0,7,0,2.0,0.0,2.0,1.0,A01
201800012658,1.0,7,0,0.0,1.0,1.0,1.0,A01
201800012659,2.0,7,0,2.0,0.0,1.0,1.0,A01
201800012660,2.0,7,0,0.0,2.0,2.0,1.0,B01
201800012660,1.0,7,0,0.0,2.0,2.0,13.0,A01
201800012661,1.0,35,0,16.0,0.0,0.0,1.0,A01
201800012662,2.0,7,0,0.0,1.0,8.0,15.0,A01
201800012663,1.0,1,0,0.0,0.0,0.0,1.0,A01
201800012664,1.0,7,0,0.0,2.0,1.0,1.0,B01
201800012664,2.0,7,0,0.0,2.0,1.0,1.0,A01
201800012665,1.0,7,0,2.0,0.0,3.0,1.0,A01
201800012666,1.0,7,0,0.0,1.0,3.0,16.0,A01
201800012667,2.0,7,0,0.0,2.0,3.0,13.0,A01
201800012667,1.0,7,0,0.0,2.0,2.0,1.0,B01
201800012668,2.0,7,0,6.0,0.0,1.0,17.0,A01
201800012669,1.0,7,0,2.0,0.0,1.0,1.0,A01
201800012670,2.0,7,0,0.0,2.0,7.0,13.0,A01
201800012670,1.0,7,0,0.0,2.0,1.0,1.0,B01
201800012671,2.0,31,0,0.0,0.0,7.0,1.0,A01
201800012672,1.0,7,0,0.0,2.0,3.0,1.0,B01
201800012672,2.0,7,0,0.0,2.0,1.0,13.0,A01
201800012673,1.0,7,0,0.0,2.0,2.0,1.0,A01
201800012673,1.0,30,0,0.0,2.0,4.0,1.0,B01
201800012674,2.0,2,0,7.0,0.0,1.0,1.0,A01
201800012675,1.0,7,0,0.0,2.0,3.0,13.0,A01
201800012675,2.0,15,0,0.0,2.0,3.0,1.0,B01
201800012676,1.0,1,0,0.0,2.0,6.0,1.0,B01
201800012676,1.0,7,0,0.0,9.0,2.0,1.0,A01
201800012677,1.0,7,0,2.0,0.0,1.0,13.0,A01
201800012678,2.0,33,0,0.0,2.0,1.0,1.0,B01
201800012678,2.0,7,0,0.0,2.0,6.0,1.0,A01
201800012679,1.0,7,0,16.0,0.0,9.0,13.0,A01
201800012680,2.0,7,0,16.0,0.0,1.0,1.0,A01
201800012681,2.0,7,0,6.0,0.0,1.0,1.0,A01
201800012682,1.0,7,0,8.0,0.0,9.0,1.0,A01
201800012683,1.0,7,0,0.0,2.0,3.0,1.0,C01
201800012683,1.0,7,0,0.0,2.0,0.0,17.0,A01
201800012683,2.0,7,0,0.0,2.0,3.0,1.0,B01
201800012684,2.0,7,0,0.0,2.0,3.0,1.0,A01
201800012684,1.0,10,0,0.0,2.0,8.0,1.0,B01
201800012685,1.0,7,0,0.0,2.0,3.0,1.0,B01
201800012685,2.0,2,0,0.0,2.0,1.0,15.0,A01
201800012686,1.0,7,0,13.0,0.0,3.0,1.0,A01
201800012687,2.0,7,0,2.0,0.0,1.0,13.0,A01
201800012688,1.0,7,0,13.0,0.0,8.0,1.0,A01
201800012689,2.0,7,0,0.0,2.0,3.0,1.0,A01
201800012689,1.0,15,0,0.0,2.0,8.0,1.0,B01
201800012690,1.0,7,0,2.0,0.0,3.0,13.0,A01
201800012691,2.0,7,0,0.0,2.0,7.0,15.0,A01
201800012691,1.0,33,0,0.0,2.0,7.0,1.0,B01
201800012692,1.0,10,0,0.0,1.0,2.0,1.0,A01
201800012693,2.0,7,0,0.0,2.0,1.0,10.0,A01
201800012693,1.0,7,0,0.0,2.0,1.0,1.0,B01
201800012694,1.0,7,0,6.0,0.0,3.0,16.0,A01
201800012695,0.0,2,0,7.0,0.0,1.0,2.0,A01
201800012696,0.0,7,0,0.0,0.0,0.0,21.0,A01
201800012697,1.0,7,0,6.0,0.0,2.0,1.0,A01
201800012698,1.0,7,0,2.0,0.0,7.0,13.0,A01
201800012699,1.0,7,0,0.0,2.0,2.0,2.0,A01
201800012699,1.0,1,0,0.0,0.0,4.0,2.0,B01
201800012700,2.0,7,0,6.0,0.0,8.0,1.0,A01
201800012701,2.0,7,0,0.0,2.0,8.0,15.0,B01
201800012701,2.0,7,0,0.0,2.0,1.0,17.0,A01
201800012702,1.0,7,0,0.0,2.0,1.0,1.0,A01
201800012702,1.0,2,0,0.0,2.0,7.0,19.0,B01
201800012703,0.0,1,0,0.0,2.0,8.0,19.0,A01
201800012703,2.0,7,0,0.0,2.0,3.0,1.0,B01
201800012704,1.0,1,0,0.0,2.0,0.0,1.0,B01
201800012704,1.0,1,0,0.0,0.0,0.0,1.0,C01
201800012704,1.0,7,0,0.0,2.0,8.0,16.0,A01
201800012705,1.0,1,0,0.0,0.0,6.0,15.0,B01
201800012705,1.0,7,0,0.0,2.0,2.0,17.0,A01
201800012706,0.0,1,0,0.0,0.0,0.0,17.0,B01
201800012706,0.0,1,0,0.0,0.0,0.0,2.0,A01
201800012707,1.0,7,0,0.0,1.0,1.0,1.0,A01
201800012708,0.0,7,0,14.0,2.0,5.0,17.0,A01
201800012708,1.0,21,0,0.0,2.0,3.0,15.0,B01
201800012709,1.0,7,0,2.0,0.0,1.0,1.0,A01
201800012710,0.0,7,0,0.0,1.0,2.0,1.0,A01
201800012711,2.0,2,0,3.0,0.0,1.0,0.0,A01
201800012712,2.0,33,0,2.0,0.0,7.0,1.0,A01
201800012713,1.0,7,0,0.0,2.0,3.0,1.0,B01
201800012713,0.0,3,0,0.0,2.0,1.0,1.0,A01
201800012714,0.0,10,0,6.0,0.0,8.0,0.0,A01