Num_Acc,senc,catv,occutc,obs,obsm,choc,manv,num_veh
201800012715,0.0,3,0,0.0,2.0,3.0,9.0,A01
201800012715,2.0,7,0,0.0,2.0,1.0,2.0,B01
201800012715,1.0,7,0,0.0,2.0,3.0,15.0,C01
201800012716,0.0,7,0,0.0,2.0,2.0,1.0,A01
201800012716,0.0,7,0,0.0,2.0,2.0,1.0,B01
201800012717,1.0,10,0,0.0,2.0,1.0,2.0,A01
201800012717,1.0,7,0,0.0,2.0,8.0,15.0,B01
201800012718,0.0,7,0,15.0,0.0,1.0,1.0,A01
201800012719,2.0,10,0,3.0,2.0,3.0,1.0,B01
201800012719,2.0,7,0,3.0,2.0,3.0,1.0,A01
201800012720,0.0,7,0,2.0,0.0,8.0,1.0,A01
201800012721,1.0,15,0,0.0,2.0,1.0,1.0,B01
201800012721,1.0,7,0,0.0,2.0,1.0,13.0,A01
201800012722,1.0,7,0,0.0,9.0,1.0,1.0,C01
201800012722,2.0,7,0,0.0,2.0,8.0,1.0,A01
201800012722,1.0,14,0,0.0,2.0,1.0,1.0,B01
201800012723,0.0,7,0,0.0,1.0,1.0,20.0,A01
201800012724,2.0,1,0,0.0,2.0,7.0,1.0,B01
201800012724,0.0,7,0,0.0,9.0,1.0,15.0,A01
201800012725,2.0,15,0,0.0,2.0,1.0,21.0,B01
201800012725,1.0,7,0,0.0,2.0,1.0,13.0,A01
201800012726,2.0,7,0,0.0,2.0,8.0,13.0,A01
201800012726,1.0,7,0,0.0,2.0,8.0,1.0,B01
201800012727,1.0,33,0,0.0,2.0,1.0,1.0,B01
201800012727,2.0,7,0,0.0,2.0,2.0,15.0,A01
201800012728,1.0,7,0,13.0,0.0,1.0,1.0,A01
201800012729,1.0,7,0,0.0,2.0,3.0,1.0,B01
201800012729,2.0,7,0,0.0,2.0,3.0,13.0,A01
201800012730,1.0,10,0,13.0,0.0,1.0,1.0,A01
201800012731,2.0,17,0,0.0,2.0,1.0,1.0,B01
201800012731,1.0,7,0,0.0,2.0,1.0,13.0,A01
201800012732,0.0,7,0,0.0,2.0,4.0,4.0,A01
201800012732,0.0,1,0,0.0,2.0,1.0,23.0,B01
201800012733,2.0,15,0,0.0,2.0,1.0,1.0,B01
201800012733,1.0,7,0,0.0,2.0,1.0,13.0,A01
201800012734,1.0,7,0,0.0,2.0,1.0,17.0,A01
201800012734,2.0,15,0,0.0,2.0,1.0,1.0,B01
201800012735,1.0,7,0,8.0,0.0,6.0,1.0,A01
201800012736,1.0,7,0,0.0,0.0,4.0,2.0,B01
201800012736,1.0,14,0,0.0,2.0,1.0,2.0,A01
201800012737,2.0,7,0,0.0,1.0,2.0,1.0,A01
201800012738,1.0,7,0,0.0,2.0,2.0,13.0,B01
201800012738,2.0,7,0,0.0,2.0,2.0,1.0,A01
201800012739,2.0,7,0,0.0,2.0,3.0,13.0,A01
201800012739,1.0,7,0,0.0,2.0,3.0,21.0,B01
201800012740,2.0,13,0,0.0,2.0,3.0,1.0,B01
201800012740,1.0,7,0,0.0,2.0,3.0,1.0,A01
201800012741,1.0,20,0,0.0,2.0,8.0,15.0,B01
201800012741,1.0,17,0,0.0,2.0,1.0,17.0,A01
201800012742,0.0,7,0,0.0,2.0,1.0,15.0,A01
201800012742,0.0,2,0,0.0,2.0,7.0,1.0,B01
201800012743,0.0,7,0,0.0,0.0,0.0,15.0,A01
201800012744,1.0,17,0,13.0,0.0,1.0,14.0,A01
201800012745,1.0,10,0,0.0,1.0,2.0,1.0,A01
201800012746,1.0,7,0,2.0,0.0,0.0,1.0,A01
201800012747,1.0,7,0,0.0,2.0,3.0,19.0,B01
201800012747,2.0,7,0,0.0,2.0,1.0,1.0,A01
201800012748,2.0,1,0,0.0,0.0,0.0,1.0,A01
201800012749,2.0,7,0,13.0,0.0,1.0,13.0,A01
201800012750,1.0,1,0,0.0,0.0,1.0,1.0,A01
201800012751,2.0,7,0,13.0,0.0,0.0,1.0,A01
201800012752,0.0,7,0,2.0,0.0,1.0,1.0,A01
201800012753,0.0,7,0,15.0,0.0,1.0,1.0,A01
201800012754,1.0,7,0,2.0,0.0,3.0,1.0,A01
201800012755,1.0,21,0,0.0,0.0,4.0,1.0,B01
201800012755,1.0,7,0,0.0,2.0,1.0,1.0,A01
201800012756,1.0,7,0,0.0,2.0,3.0,15.0,A01
201800012756,1.0,30,0,0.0,2.0,1.0,11.0,B01
201800012757,0.0,36,0,16.0,0.0,9.0,1.0,A01
201800012758,2.0,31,0,0.0,0.0,7.0,1.0,A01
201800012759,1.0,7,0,0.0,2.0,6.0,1.0,A01
201800012759,0.0,1,0,0.0,2.0,1.0,1.0,B01
201800012760,1.0,33,0,6.0,0.0,1.0,0.0,A01
201800012761,1.0,36,0,0.0,0.0,0.0,1.0,A01
201800012762,0.0,7,0,0.0,2.0,2.0,1.0,A01
201800012762,0.0,1,0,0.0,2.0,5.0,2.0,B01
201800012763,2.0,7,0,0.0,2.0,5.0,1.0,B01
201800012763,2.0,7,0,0.0,2.0,1.0,1.0,A01
201800012764,2.0,7,0,0.0,1.0,3.0,13.0,A01
201800012765,1.0,7,0,0.0,1.0,3.0,1.0,A01
201800012766,1.0,7,0,0.0,1.0,1.0,1.0,A01
201800012767,0.0,33,0,0.0,2.0,5.0,0.0,A01
201800012767,0.0,7,0,0.0,2.0,3.0,18.0,B01
201800012768,1.0,7,0,0.0,2.0,1.0,1.0,A01
201800012768,2.0,10,0,0.0,2.0,1.0,13.0,B01
201800012769,1.0,33,0,15.0,0.0,3.0,17.0,A01
201800012770,1.0,33,0,0.0,2.0,3.0,13.0,B01
201800012770,1.0,33,0,0.0,0.0,7.0,1.0,D01
201800012770,1.0,33,0,0.0,2.0,1.0,1.0,C01
201800012770,2.0,33,0,0.0,2.0,3.0,13.0,A01
201800012771,1.0,7,0,0.0,2.0,3.0,1.0,B01
201800012771,2.0,33,0,0.0,2.0,1.0,13.0,A01
201800012772,1.0,1,0,0.0,2.0,4.0,1.0,B01
201800012772,1.0,7,0,0.0,2.0,2.0,9.0,A01
201800012773,1.0,7,0,0.0,2.0,2.0,14.0,A01
201800012773,1.0,1,0,0.0,2.0,4.0,1.0,B01
201800012774,2.0,7,0,0.0,2.0,3.0,9.0,A01
201800012774,1.0,2,0,0.0,2.0,1.0,1.0,B01
201800012775,1.0,7,0,0.0,2.0,2.0,17.0,A01
201800012775,1.0,1,0,0.0,2.0,8.0,1.0,B01
201800012776,1.0,1,0,0.0,2.0,1.0,19.0,A01
201800012776,2.0,7,0,0.0,2.0,3.0,19.0,B01
201800012777,0.0,10,0,0.0,2.0,1.0,1.0,B01
201800012777,0.0,7,0,0.0,2.0,1.0,5.0,A01
201800012778,1.0,33,0,0.0,2.0,0.0,1.0,B01
201800012778,2.0,7,0,0.0,2.0,2.0,17.0,A01
201800012779,2.0,10,0,0.0,2.0,1.0,1.0,B01
201800012779,1.0,33,0,0.0,2.0,1.0,13.0,A01
201800012780,1.0,1,0,0.0,0.0,4.0,2.0,A01
201800012780,1.0,1,0,0.0,2.0,1.0,2.0,B01
201800012781,2.0,7,0,0.0,2.0,1.0,1.0,A01
201800012781,2.0,7,0,0.0,2.0,4.0,23.0,C01
201800012781,2.0,7,0,1.0,2.0,4.0,23.0,B01
201800012782,1.0,2,0,0.0,2.0,1.0,5.0,A01
201800012782,2.0,7,0,0.0,2.0,1.0,1.0,B01
201800012783,1.0,21,0,0.0,0.0,0.0,13.0,A01
201800012784,1.0,7,0,0.0,2.0,3.0,1.0,A01
201800012784,2.0,7,0,0.0,2.0,3.0,13.0,B01
201800012785,2.0,7,0,0.0,1.0,2.0,2.0,A01
201800012786,1.0,7,0,0.0,2.0,5.0,1.0,A01
201800012786,0.0,1,0,0.0,2.0,1.0,1.0,B01
201800012787,2.0,7,0,0.0,0.0,4.0,23.0,A01
201800012787,2.0,7,0,0.0,2.0,1.0,2.0,B01
201800012788,1.0,7,0,0.0,0.0,7.0,15.0,A01
201800012788,2.0,33,0,0.0,2.0,1.0,1.0,B01
201800012789,2.0,7,0,6.0,0.0,2.0,1.0,A01
201800012790,1.0,2,0,0.0,2.0,1.0,1.0,B01
201800012790,2.0,2,0,0.0,2.0,1.0,5.0,A01
201800012791,2.0,31,0,0.0,2.0,1.0,1.0,B01
201800012791,1.0,7,0,0.0,2.0,7.0,15.0,A01
201800012792,1.0,7,0,0.0,2.0,3.0,16.0,B01
201800012792,1.0,1,0,0.0,0.0,5.0,1.0,A01
201800012793,2.0,7,0,0.0,2.0,1.0,1.0,B01
201800012793,1.0,7,0,0.0,2.0,2.0,15.0,A01
201800012794,2.0,7,0,0.0,2.0,3.0,13.0,A01
201800012794,1.0,7,0,0.0,2.0,3.0,13.0,B01
201800012795,1.0,7,0,0.0,2.0,5.0,15.0,A01
201800012795,2.0,31,0,0.0,2.0,1.0,1.0,B01
201800012796,1.0,36,0,15.0,0.0,1.0,14.0,A01
201800012797,1.0,33,0,0.0,0.0,0.0,1.0,B01
201800012797,1.0,21,0,0.0,0.0,0.0,9.0,A01
201800012798,2.0,7,0,0.0,2.0,2.0,17.0,A01
201800012798,2.0,7,0,0.0,2.0,6.0,1.0,B01
201800012798,2.0,7,0,0.0,2.0,4.0,1.0,C01
201800012799,0.0,7,0,0.0,2.0,4.0,4.0,A01
201800012799,2.0,1,0,0.0,2.0,2.0,1.0,B01
201800012800,2.0,33,0,0.0,0.0,8.0,1.0,A01
201800012801,1.0,7,0,0.0,2.0,1.0,13.0,A01
201800012801,2.0,7,0,0.0,2.0,1.0,1.0,B01
201800012802,0.0,7,0,0.0,2.0,1.0,1.0,A01
201800012802,0.0,1,0,0.0,2.0,8.0,19.0,B01
201800012803,1.0,7,0,0.0,2.0,1.0,21.0,B01
201800012803,2.0,2,0,0.0,2.0,1.0,13.0,A01
201800012804,2.0,33,0,0.0,2.0,1.0,1.0,A01
201800012804,1.0,31,0,0.0,2.0,1.0,1.0,B01
201800012805,0.0,99,0,0.0,2.0,2.0,1.0,B01
201800012805,0.0,2,0,0.0,2.0,1.0,13.0,A01
201800012806,1.0,7,0,0.0,2.0,6.0,9.0,A01
201800012806,2.0,30,0,0.0,2.0,1.0,1.0,B01
201800012807,1.0,1,0,0.0,2.0,7.0,1.0,B01
201800012807,1.0,10,0,0.0,2.0,3.0,16.0,A01
201800012808,2.0,2,0,0.0,0.0,0.0,0.0,A01
201800012809,0.0,7,0,0.0,2.0,7.0,2.0,B01
201800012809,0.0,1,0,0.0,2.0,8.0,2.0,A01
201800012810,2.0,7,0,13.0,0.0,2.0,1.0,A01
201800012811,1.0,33,0,3.0,0.0,0.0,1.0,A01
201800012812,2.0,2,0,0.0,2.0,1.0,1.0,A01
201800012812,1.0,7,0,0.0,0.0,5.0,11.0,B01
201800012813,1.0,7,0,0.0,2.0,4.0,1.0,B01
201800012813,1.0,7,0,0.0,2.0,1.0,1.0,A01
201800012814,1.0,7,0,0.0,2.0,3.0,1.0,B01
201800012814,2.0,7,0,0.0,2.0,3.0,1.0,A01
201800012815,0.0,36,0,0.0,0.0,8.0,16.0,A01
201800012816,1.0,7,0,0.0,1.0,2.0,1.0,A01
201800012817,0.0,7,0,8.0,0.0,5.0,0.0,A01
201800012818,0.0,7,0,0.0,1.0,5.0,4.0,A01
201800012819,1.0,7,0,0.0,2.0,2.0,15.0,A01
201800012819,2.0,33,0,0.0,2.0,1.0,1.0,B01
201800012820,0.0,7,0,0.0,2.0,3.0,13.0,A01
201800012820,0.0,7,0,0.0,2.0,3.0,1.0,B01
201800012821,2.0,7,0,5.0,2.0,1.0,13.0,A01
201800012821,1.0,7,0,0.0,2.0,1.0,1.0,B01
201800012822,0.0,7,0,1.0,1.0,1.0,0.0,A01
201800012823,0.0,1,0,0.0,2.0,1.0,0.0,B01
201800012823,0.0,33,0,0.0,2.0,1.0,13.0,A01
201800012824,1.0,33,0,6.0,0.0,1.0,13.0,A01
201800012825,1.0,7,0,0.0,9.0,1.0,1.0,B01
201800012825,2.0,10,0,0.0,0.0,0.0,1.0,A01
201800012826,2.0,7,0,0.0,2.0,2.0,15.0,A01
201800012826,1.0,7,0,0.0,2.0,1.0,1.0,B01
201800012827,1.0,7,0,0.0,1.0,3.0,1.0,A01
201800012828,1.0,7,0,0.0,2.0,3.0,13.0,A01
201800012828,2.0,7,0,0.0,2.0,3.0,14.0,B01
201800012829,1.0,7,0,0.0,2.0,1.0,1.0,A01
201800012829,2.0,7,0,0.0,2.0,1.0,1.0,B01
201800012830,0.0,7,0,0.0,2.0,3.0,9.0,A01
201800012830,0.0,7,0,0.0,2.0,3.0,2.0,B01
201800012831,1.0,7,0,7.0,0.0,1.0,0.0,A01
201800012832,1.0,7,0,0.0,2.0,3.0,1.0,A01
201800012832,2.0,1,0,0.0,2.0,0.0,10.0,B01
201800012833,2.0,7,0,2.0,0.0,3.0,1.0,A01
201800012834,1.0,7,0,12.0,0.0,3.0,13.0,A01
201800012835,0.0,2,0,0.0,0.0,0.0,0.0,A01
201800012836,2.0,7,0,8.0,0.0,1.0,1.0,A01
201800012837,1.0,7,0,0.0,2.0,2.0,15.0,B01
201800012837,2.0,7,0,0.0,2.0,2.0,2.0,A01
201800012838,1.0,1,0,0.0,2.0,4.0,11.0,B01
201800012838,1.0,7,0,0.0,2.0,2.0,2.0,A01
201800012839,0.0,33,0,0.0,5.0,1.0,1.0,A01
201800012840,2.0,7,0,0.0,2.0,3.0,1.0,B01
201800012840,0.0,7,0,0.0,2.0,2.0,9.0,A01
201800012840,0.0,21,0,0.0,2.0,3.0,23.0,C01
201800012841,1.0,7,0,0.0,2.0,1.0,17.0,A01
201800012841,1.0,7,0,0.0,2.0,8.0,15.0,B01
201800012842,1.0,7,0,6.0,0.0,6.0,1.0,A01
201800012843,1.0,7,0,0.0,2.0,3.0,1.0,C01
201800012843,1.0,7,0,0.0,2.0,6.0,1.0,B01
201800012843,2.0,7,0,0.0,2.0,3.0,1.0,A01
201800012844,2.0,7,0,0.0,2.0,4.0,23.0,C01
201800012844,2.0,7,0,0.0,2.0,2.0,2.0,A01
201800012844,2.0,7,0,0.0,2.0,6.0,23.0,B01
201800012845,2.0,7,0,0.0,2.0,3.0,15.0,B01
201800012845,2.0,2,0,0.0,2.0,8.0,1.0,A01
201800012846,1.0,7,0,0.0,2.0,1.0,1.0,B01
201800012846,2.0,7,0,3.0,2.0,1.0,5.0,A01
201800012847,0.0,34,0,0.0,0.0,1.0,1.0,B01
201800012847,0.0,10,0,0.0,0.0,2.0,15.0,A01
201800012848,2.0,7,0,0.0,2.0,5.0,1.0,A01
201800012848,2.0,7,0,0.0,2.0,1.0,1.0,B01
201800012849,1.0,7,0,13.0,0.0,1.0,1.0,A01
201800012850,1.0,34,0,0.0,6.0,1.0,1.0,A01
201800012851,1.0,7,0,6.0,0.0,2.0,1.0,A01
201800012851,1.0,7,0,0.0,9.0,7.0,2.0,B01
201800012852,2.0,2,0,0.0,2.0,1.0,1.0,B01
201800012852,0.0,10,0,0.0,2.0,3.0,19.0,A01
201800012853,0.0,7,0,8.0,0.0,1.0,1.0,A01
201800012854,2.0,33,0,0.0,0.0,0.0,21.0,A01
201800012854,2.0,7,0,0.0,0.0,0.0,9.0,B01
201800012855,1.0,7,0,0.0,1.0,1.0,1.0,A01
201800012856,2.0,33,0,0.0,2.0,1.0,1.0,A01
201800012856,0.0,10,0,0.0,2.0,6.0,15.0,B01
201800012857,1.0,33,0,2.0,0.0,1.0,1.0,A01
201800012858,0.0,7,0,0.0,1.0,1.0,9.0,A01
201800012859,0.0,31,0,0.0,2.0,4.0,10.0,A01
201800012859,0.0,7,0,0.0,2.0,1.0,2.0,Z01
201800012860,2.0,7,0,13.0,0.0,3.0,21.0,A01
201800012861,2.0,7,0,0.0,1.0,2.0,1.0,A01
201800012862,1.0,7,0,0.0,2.0,6.0,15.0,A01
201800012862,1.0,2,0,0.0,2.0,1.0,1.0,B01
201800012863,2.0,7,0,6.0,0.0,3.0,1.0,A01
201800012864,0.0,10,0,0.0,9.0,3.0,1.0,A01
201800012864,0.0,1,0,0.0,2.0,1.0,1.0,B01
201800012865,2.0,7,0,16.0,0.0,0.0,0.0,A01
201800012866,2.0,1,0,0.0,2.0,7.0,2.0,B01
201800012866,1.0,7,0,0.0,2.0,3.0,9.0,A01
201800012867,0.0,7,0,9.0,0.0,1.0,0.0,A01
201800012868,2.0,34,0,0.0,2.0,1.0,1.0,B01
201800012868,1.0,7,0,0.0,2.0,5.0,15.0,A01
201800012869,1.0,7,0,0.0,0.0,1.0,15.0,B01
201800012869,1.0,1,0,0.0,0.0,4.0,18.0,A01
201800012870,1.0,2,0,0.0,2.0,1.0,1.0,A01
201800012870,1.0,7,0,0.0,2.0,2.0,9.0,B01
201800012871,1.0,7,0,6.0,0.0,1.0,1.0,A01
201800012872,1.0,7,0,8.0,0.0,1.0,1.0,A01
201800012873,0.0,7,0,0.0,0.0,3.0,0.0,B01
201800012873,0.0,2,0,0.0,0.0,7.0,0.0,A01
201800012874,0.0,7,0,0.0,2.0,1.0,1.0,A01
201800012874,0.0,7,0,0.0,2.0,8.0,1.0,B01
201800012875,1.0,7,0,0.0,2.0,1.0,13.0,A01
201800012875,2.0,7,0,0.0,2.0,1.0,13.0,B01
201800012876,2.0,1,0,0.0,2.0,7.0,1.0,B01
201800012876,0.0,7,0,0.0,9.0,1.0,19.0,A01
201800012877,2.0,7,0,0.0,2.0,2.0,1.0,B01
201800012877,1.0,7,0,0.0,2.0,2.0,13.0,A01
201800012878,1.0,33,0,0.0,2.0,8.0,1.0,B01
201800012878,2.0,7,0,0.0,2.0,3.0,15.0,A01
201800012879,1.0,7,0,6.0,0.0,1.0,1.0,A01
201800012880,1.0,10,0,3.0,2.0,8.0,0.0,A01
201800012880,2.0,10,0,3.0,2.0,8.0,0.0,B01
201800012881,1.0,7,0,0.0,1.0,1.0,2.0,A01
201800012882,1.0,7,0,14.0,1.0,3.0,1.0,A01
201800012883,2.0,7,0,0.0,2.0,1.0,1.0,B01
201800012883,1.0,7,0,13.0,2.0,7.0,13.0,A01
201800012884,1.0,7,0,0.0,2.0,8.0,0.0,A01
201800012884,2.0,31,0,0.0,2.0,8.0,0.0,B01
201800012885,1.0,7,0,0.0,2.0,3.0,1.0,B01
201800012885,2.0,7,0,0.0,2.0,3.0,1.0,A01
201800012886,2.0,7,0,0.0,2.0,1.0,15.0,A01
201800012886,1.0,33,0,0.0,2.0,1.0,1.0,B01
201800012887,1.0,7,0,15.0,0.0,0.0,1.0,A01
201800012888,2.0,7,0,0.0,2.0,1.0,1.0,B01
201800012888,1.0,1,0,0.0,2.0,0.0,13.0,A01
201800012889,1.0,14,0,13.0,0.0,2.0,14.0,A01
201800012890,0.0,7,0,0.0,1.0,4.0,4.0,A01
201800012891,0.0,2,0,0.0,2.0,1.0,13.0,A01
201800012891,0.0,10,0,0.0,2.0,2.0,1.0,B01
201800012892,2.0,7,0,0.0,2.0,3.0,13.0,A01
201800012892,1.0,10,0,0.0,2.0,8.0,1.0,B01
201800012893,1.0,7,0,0.0,2.0,2.0,1.0,A01
201800012893,2.0,7,0,0.0,2.0,3.0,1.0,B01
201800012894,2.0,7,0,0.0,2.0,3.0,1.0,B01
201800012894,1.0,2,0,0.0,2.0,8.0,17.0,A01
201800012895,2.0,34,0,0.0,2.0,1.0,1.0,B01
201800012895,1.0,7,0,0.0,0.0,7.0,15.0,A01
201800012896,1.0,7,0,0.0,2.0,1.0,1.0,B01
201800012896,2.0,36,0,0.0,2.0,1.0,13.0,A01
201800012897,1.0,33,0,0.0,0.0,8.0,1.0,A01
201800012898,2.0,33,0,8.0,0.0,2.0,1.0,A01
201800012899,0.0,2,0,0.0,2.0,1.0,13.0,A01
201800012899,0.0,7,0,0.0,2.0,3.0,1.0,B01
201800012900,1.0,33,0,0.0,2.0,1.0,2.0,A01
201800012900,1.0,7,0,0.0,9.0,3.0,11.0,B01
201800012901,1.0,7,0,0.0,2.0,2.0,15.0,A01
201800012901,2.0,2,0,0.0,2.0,1.0,1.0,B01
201800012902,2.0,1,0,0.0,2.0,8.0,1.0,A01
201800012902,2.0,1,0,0.0,2.0,8.0,1.0,B01
201800012902,2.0,99,0,0.0,2.0,5.0,17.0,C01
201800012903,2.0,7,0,0.0,2.0,1.0,1.0,B01
201800012903,1.0,7,0,0.0,2.0,1.0,15.0,A01
201800012904,0.0,7,0,0.0,2.0,3.0,1.0,A01
201800012904,0.0,7,0,0.0,2.0,1.0,1.0,B01
201800012905,2.0,7,0,0.0,1.0,1.0,1.0,A01
201800012906,1.0,33,0,0.0,2.0,2.0,2.0,A01
201800012906,1.0,7,0,0.0,2.0,3.0,2.0,B01
201800012907,1.0,7,0,2.0,0.0,9.0,1.0,A01
201800012908,1.0,2,0,0.0,2.0,1.0,2.0,A01
201800012908,1.0,7,0,0.0,0.0,5.0,23.0,B01
201800012909,1.0,7,0,0.0,1.0,2.0,1.0,A01
201800012910,0.0,7,0,2.0,0.0,1.0,1.0,A01
201800012911,0.0,2,0,12.0,0.0,1.0,1.0,A01
201800012912,0.0,7,0,0.0,2.0,1.0,16.0,A01
201800012912,0.0,30,0,0.0,2.0,1.0,15.0,B01
201800012913,1.0,7,0,0.0,2.0,1.0,1.0,B01
201800012913,0.0,2,0,0.0,2.0,7.0,0.0,A01
201800012914,1.0,7,0,7.0,0.0,3.0,1.0,A01
201800012915,1.0,7,0,0.0,2.0,8.0,13.0,A01
201800012915,2.0,7,0,0.0,2.0,8.0,1.0,B01
201800012916,2.0,2,0,0.0,2.0,3.0,1.0,B01
201800012916,1.0,7,0,0.0,2.0,3.0,13.0,A01
201800012917,2.0,99,0,0.0,1.0,1.0,1.0,A01
201800012918,1.0,2,0,0.0,0.0,7.0,1.0,B01
201800012918,0.0,7,0,0.0,0.0,0.0,15.0,A01
201800012919,1.0,33,0,0.0,0.0,8.0,1.0,D01
201800012919,2.0,7,0,0.0,2.0,1.0,1.0,C01
201800012919,2.0,7,0,0.0,2.0,4.0,1.0,B01
201800012919,2.0,7,0,0.0,0.0,5.0,1.0,A01
201800012920,2.0,2,0,0.0,2.0,1.0,13.0,A01
201800012920,1.0,7,0,0.0,2.0,1.0,1.0,B01
201800012921,2.0,7,0,0.0,0.0,1.0,13.0,A01
201800012921,1.0,7,0,0.0,0.0,3.0,1.0,B01
201800012922,2.0,10,0,0.0,2.0,8.0,1.0,B01
201800012922,1.0,33,0,0.0,2.0,8.0,13.0,A01
201800012923,1.0,7,0,0.0,2.0,3.0,13.0,A01
201800012923,2.0,10,0,0.0,2.0,3.0,1.0,B01
201800012924,2.0,33,0,13.0,0.0,2.0,1.0,A01
201800012925,2.0,7,0,0.0,1.0,1.0,2.0,A01
201800012926,2.0,7,0,8.0,0.0,7.0,14.0,A01
201800012927,1.0,7,0,0.0,2.0,3.0,13.0,B01
201800012927,2.0,33,0,0.0,2.0,0.0,1.0,A01
201800012928,1.0,7,0,0.0,2.0,1.0,1.0,B01
201800012928,2.0,1,0,0.0,2.0,1.0,1.0,A01
201800012929,2.0,1,0,0.0,2.0,1.0,1.0,B01
201800012929,1.0,7,0,0.0,2.0,3.0,9.0,A01
201800012930,0.0,21,0,0.0,0.0,9.0,0.0,A01
201800012931,0.0,2,0,0.0,2.0,1.0,1.0,B01
201800012931,0.0,7,0,0.0,2.0,3.0,15.0,A01
201800012932,1.0,7,0,13.0,0.0,3.0,13.0,A01
201800012933,0.0,7,0,0.0,1.0,2.0,1.0,A01
201800012934,2.0,33,0,0.0,0.0,7.0,1.0,A01
201800012935,2.0,33,0,13.0,0.0,1.0,1.0,A01
201800012936,2.0,7,0,0.0,2.0,1.0,9.0,A01
201800012936,2.0,7,0,0.0,2.0,2.0,1.0,B01
201800012937,2.0,7,0,13.0,0.0,3.0,16.0,A01
201800012938,2.0,33,0,0.0,2.0,1.0,1.0,B01
201800012938,0.0,7,0,0.0,2.0,3.0,15.0,A01
201800012939,2.0,33,0,0.0,0.0,8.0,1.0,A01
201800012940,1.0,10,0,0.0,9.0,2.0,2.0,B01
201800012940,1.0,1,0,0.0,0.0,8.0,1.0,A01
201800012941,1.0,33,0,0.0,0.0,8.0,1.0,A01
201800012942,1.0,33,0,0.0,0.0,0.0,15.0,A01
201800012943,1.0,7,0,0.0,0.0,2.0,14.0,A01
201800012944,1.0,7,0,13.0,0.0,1.0,13.0,A01
201800012945,1.0,7,0,0.0,2.0,1.0,1.0,B01
201800012945,2.0,7,0,0.0,2.0,1.0,13.0,A01
201800012946,0.0,7,0,0.0,0.0,9.0,1.0,A01
201800012947,1.0,7,0,0.0,2.0,2.0,17.0,A01
201800012947,2.0,7,0,0.0,2.0,1.0,1.0,B01
201800012948,0.0,2,0,0.0,2.0,8.0,13.0,A01
201800012948,0.0,10,0,0.0,2.0,6.0,1.0,B01
201800012949,2.0,7,0,0.0,0.0,1.0,1.0,B01
201800012949,2.0,7,0,0.0,0.0,8.0,9.0,A01
201800012950,2.0,33,0,5.0,0.0,1.0,1.0,A01
201800012950,1.0,7,0,0.0,0.0,0.0,13.0,B01
201800012951,1.0,31,0,0.0,0.0,0.0,1.0,A01
201800012952,0.0,1,0,0.0,0.0,0.0,1.0,A01
201800012953,1.0,7,0,0.0,1.0,7.0,1.0,A01
201800012954,1.0,7,0,4.0,0.0,0.0,1.0,A01
201800012955,1.0,7,0,0.0,2.0,3.0,13.0,A01
201800012955,2.0,15,0,0.0,2.0,3.0,0.0,B01
201800012956,1.0,7,0,0.0,2.0,2.0,11.0,B01
201800012956,2.0,7,0,0.0,2.0,1.0,11.0,A01
201800012957,1.0,31,0,0.0,9.0,7.0,1.0,B01
201800012957,1.0,1,0,0.0,2.0,8.0,1.0,A01
201800012958,1.0,7,0,13.0,0.0,1.0,0.0,A01
201800012959,1.0,15,0,0.0,9.0,7.0,13.0,A01
201800012959,0.0,20,0,0.0,2.0,4.0,0.0,B01
201800012960,0.0,2,0,14.0,0.0,2.0,0.0,A01
201800012961,0.0,7,0,2.0,0.0,0.0,0.0,A01
201800012962,2.0,33,0,0.0,2.0,1.0,17.0,B01
201800012962,2.0,7,0,0.0,2.0,8.0,15.0,A01
201800012963,1.0,7,0,3.0,0.0,1.0,14.0,A01
201800012964,0.0,7,0,13.0,0.0,1.0,1.0,A01
201800012965,1.0,33,0,5.0,0.0,1.0,1.0,A01
201800012966,2.0,7,0,2.0,0.0,1.0,1.0,A01
201800012967,1.0,7,0,0.0,2.0,3.0,1.0,B01
201800012967,2.0,7,0,0.0,2.0,3.0,1.0,A01
201800012968,2.0,7,0,0.0,2.0,3.0,1.0,B01
201800012968,1.0,7,0,0.0,2.0,2.0,1.0,A01
201800012969,1.0,7,0,2.0,0.0,1.0,1.0,A01
201800012970,1.0,33,0,0.0,2.0,3.0,19.0,B01
201800012970,1.0,7,0,0.0,2.0,2.0,1.0,A01
201800012971,1.0,2,0,16.0,0.0,0.0,1.0,A01
201800012972,1.0,7,0,6.0,0.0,3.0,1.0,A01
201800012973,2.0,7,0,0.0,2.0,3.0,17.0,A01
201800012973,1.0,14,0,0.0,2.0,3.0,1.0,B01
201800012974,1.0,7,0,0.0,1.0,3.0,1.0,A01
201800012975,0.0,1,0,1.0,0.0,1.0,1.0,A01
201800012976,0.0,7,0,0.0,2.0,3.0,13.0,A01
201800012976,0.0,7,0,0.0,2.0,3.0,1.0,B01
201800012977,0.0,7,0,0.0,2.0,1.0,0.0,A01
201800012977,0.0,7,0,0.0,0.0,1.0,0.0,B01
201800012978,2.0,33,0,13.0,0.0,0.0,1.0,A01
201800012979,1.0,7,0,8.0,0.0,1.0,13.0,A01
201800012980,1.0,33,0,0.0,2.0,1.0,13.0,A01
201800012980,1.0,7,0,0.0,2.0,3.0,1.0,B01