Num_Acc,senc,catv,occutc,obs,obsm,choc,manv,num_veh
201800012980,1.0,7,0,13.0,2.0,2.0,1.0,C01
201800012981,2.0,7,0,2.0,0.0,8.0,1.0,A01
201800012982,1.0,7,0,0.0,9.0,3.0,2.0,A01
201800012982,1.0,1,0,0.0,0.0,4.0,1.0,B01
201800012983,0.0,7,0,0.0,2.0,3.0,0.0,B01
201800012983,0.0,7,0,0.0,2.0,3.0,0.0,A01
201800012984,1.0,7,0,16.0,0.0,1.0,1.0,A01
201800012985,1.0,7,0,0.0,2.0,2.0,19.0,A01
201800012985,1.0,33,0,0.0,2.0,1.0,1.0,B01
201800012986,1.0,1,0,0.0,0.0,0.0,0.0,A01
201800012987,2.0,7,0,0.0,2.0,3.0,5.0,A01
201800012987,1.0,7,0,0.0,2.0,3.0,1.0,B01
201800012988,1.0,33,0,13.0,0.0,1.0,14.0,A01
201800012989,1.0,7,0,13.0,0.0,6.0,13.0,A01
201800012990,2.0,2,0,0.0,6.0,1.0,2.0,A01
201800012991,2.0,10,0,0.0,2.0,2.0,17.0,A01
201800012991,2.0,1,0,0.0,2.0,8.0,2.0,B01
201800012992,0.0,7,0,0.0,2.0,1.0,1.0,B01
201800012992,0.0,7,0,0.0,2.0,2.0,15.0,A01
201800012993,0.0,7,0,2.0,0.0,3.0,0.0,A01
201800012994,2.0,1,0,0.0,0.0,0.0,1.0,A01
201800012995,2.0,7,0,6.0,0.0,3.0,0.0,A01
201800012996,2.0,7,0,13.0,0.0,1.0,14.0,A01
201800012997,1.0,7,0,0.0,0.0,9.0,2.0,A01
201800012998,2.0,10,0,2.0,0.0,1.0,0.0,A01
201800012999,1.0,10,0,13.0,0.0,0.0,0.0,A01
201800013000,1.0,31,0,0.0,2.0,1.0,2.0,A01
201800013000,1.0,7,0,0.0,0.0,5.0,23.0,B01
201800013001,0.0,7,0,0.0,2.0,1.0,1.0,B01
201800013001,0.0,7,0,0.0,2.0,7.0,19.0,A01
201800013002,2.0,7,0,13.0,0.0,2.0,16.0,A01
201800013003,2.0,7,0,0.0,2.0,1.0,13.0,A01
201800013003,1.0,17,0,0.0,2.0,2.0,1.0,B01
201800013004,0.0,33,0,8.0,0.0,1.0,0.0,A01
201800013005,0.0,33,0,0.0,0.0,8.0,0.0,A01
201800013006,1.0,10,0,0.0,0.0,2.0,5.0,A01
201800013007,2.0,7,0,0.0,2.0,2.0,2.0,A01
201800013007,2.0,1,0,0.0,0.0,4.0,1.0,B01
201800013008,2.0,38,47,0.0,2.0,8.0,1.0,B01
201800013008,1.0,10,0,0.0,2.0,8.0,1.0,A01
201800013009,1.0,7,0,0.0,2.0,3.0,13.0,A01
201800013009,1.0,7,0,0.0,2.0,3.0,1.0,B01
201800013010,1.0,7,0,2.0,0.0,3.0,1.0,A01
201800013011,1.0,7,0,13.0,0.0,1.0,1.0,A01
201800013012,2.0,7,0,16.0,0.0,9.0,1.0,A01
201800013013,1.0,10,0,13.0,0.0,1.0,1.0,A01
201800013014,1.0,7,0,0.0,1.0,1.0,1.0,A01
201800013015,1.0,7,0,0.0,9.0,1.0,17.0,A01
201800013015,1.0,1,0,0.0,0.0,6.0,1.0,B01
201800013016,1.0,10,0,0.0,2.0,1.0,19.0,A01
201800013016,1.0,7,0,0.0,2.0,8.0,1.0,B01
201800013017,1.0,7,0,0.0,2.0,1.0,5.0,A01
201800013017,2.0,7,0,0.0,2.0,1.0,1.0,B01
201800013018,2.0,7,0,13.0,0.0,6.0,1.0,A01
201800013019,1.0,7,0,0.0,0.0,3.0,19.0,A01
201800013019,1.0,7,0,0.0,2.0,2.0,1.0,B01
201800013020,1.0,7,0,6.0,0.0,2.0,1.0,A01
201800013021,2.0,7,0,2.0,0.0,3.0,14.0,A01
201800013022,1.0,7,0,0.0,2.0,1.0,13.0,A01
201800013022,2.0,17,0,0.0,2.0,1.0,1.0,B01
201800013023,1.0,7,0,13.0,0.0,6.0,1.0,A01
201800013024,1.0,7,0,0.0,2.0,2.0,5.0,A01
201800013024,1.0,7,0,0.0,2.0,2.0,21.0,B01
201800013025,2.0,17,0,0.0,0.0,8.0,1.0,B01
201800013025,1.0,7,0,0.0,2.0,8.0,5.0,A01
201800013025,2.0,17,0,0.0,0.0,8.0,1.0,C01
201800013026,1.0,2,0,0.0,0.0,0.0,0.0,A01
201800013027,0.0,7,0,0.0,2.0,6.0,19.0,A01
201800013027,0.0,33,0,0.0,2.0,1.0,1.0,B01
201800013028,1.0,7,0,0.0,0.0,2.0,1.0,A01
201800013029,1.0,7,0,6.0,0.0,1.0,1.0,A01
201800013030,2.0,7,0,8.0,0.0,6.0,1.0,A01
201800013031,1.0,2,0,7.0,0.0,3.0,21.0,A01
201800013032,1.0,7,0,0.0,2.0,1.0,13.0,A01
201800013032,1.0,7,0,0.0,2.0,3.0,1.0,B01
201800013033,1.0,7,0,0.0,2.0,8.0,1.0,B01
201800013033,0.0,7,0,0.0,2.0,1.0,19.0,A01
201800013034,0.0,7,0,0.0,2.0,1.0,1.0,B01
201800013034,0.0,7,0,0.0,2.0,1.0,15.0,A01
201800013035,0.0,31,0,0.0,0.0,0.0,0.0,A01
201800013036,0.0,7,0,0.0,1.0,4.0,4.0,A01
201800013037,1.0,33,0,0.0,2.0,1.0,1.0,A01
201800013037,1.0,7,0,0.0,0.0,5.0,1.0,B01
201800013038,2.0,34,0,8.0,0.0,7.0,1.0,A01
201800013039,1.0,2,0,0.0,2.0,2.0,21.0,B01
201800013039,0.0,7,0,0.0,2.0,2.0,19.0,A01
201800013040,1.0,7,0,0.0,1.0,1.0,1.0,A01
201800013041,2.0,7,0,16.0,0.0,9.0,0.0,A01
201800013042,1.0,7,0,0.0,2.0,3.0,13.0,A01
201800013042,2.0,38,57,0.0,2.0,3.0,1.0,B01
201800013043,0.0,33,0,0.0,2.0,2.0,15.0,A01
201800013043,0.0,33,0,0.0,0.0,8.0,15.0,B01
201800013044,2.0,7,0,6.0,0.0,1.0,1.0,A01
201800013045,2.0,33,0,16.0,0.0,0.0,0.0,A01
201800013046,2.0,7,0,7.0,0.0,3.0,1.0,A01
201800013047,1.0,7,0,0.0,2.0,1.0,13.0,B01
201800013047,2.0,7,0,0.0,2.0,1.0,1.0,C01
201800013047,0.0,7,0,0.0,0.0,0.0,16.0,A01
201800013048,0.0,2,0,0.0,2.0,1.0,1.0,A01
201800013048,0.0,7,0,0.0,2.0,7.0,16.0,B01
201800013049,1.0,10,0,0.0,1.0,3.0,1.0,A01
201800013050,0.0,7,0,13.0,0.0,1.0,1.0,A01
201800013051,2.0,7,0,0.0,2.0,3.0,1.0,B01
201800013051,1.0,7,0,0.0,2.0,3.0,15.0,A01
201800013052,2.0,7,0,0.0,2.0,4.0,2.0,C01
201800013052,2.0,7,0,0.0,2.0,4.0,2.0,B01
201800013052,2.0,7,0,0.0,2.0,1.0,2.0,A01
201800013053,0.0,7,0,6.0,0.0,2.0,1.0,A01
201800013054,0.0,7,0,0.0,1.0,4.0,20.0,A01
201800013055,0.0,33,0,0.0,2.0,1.0,17.0,B01
201800013055,0.0,33,0,0.0,2.0,1.0,17.0,C01
201800013055,0.0,20,0,0.0,0.0,8.0,15.0,A01
201800013056,1.0,33,0,0.0,2.0,1.0,1.0,B01
201800013056,,7,0,0.0,0.0,2.0,15.0,A01
201800013057,0.0,10,0,0.0,0.0,8.0,1.0,B01
201800013057,0.0,7,0,0.0,2.0,3.0,1.0,A01
201800013058,0.0,33,0,7.0,0.0,1.0,1.0,B01
201800013058,0.0,7,0,0.0,0.0,0.0,15.0,A01
201800013059,0.0,2,0,6.0,0.0,1.0,15.0,A01
201800013060,0.0,7,0,13.0,0.0,2.0,1.0,A01
201800013061,0.0,2,0,13.0,0.0,4.0,1.0,A01
201800013062,2.0,7,0,0.0,2.0,3.0,11.0,B01
201800013062,1.0,33,0,0.0,2.0,3.0,1.0,A01
201800013063,0.0,36,0,0.0,0.0,6.0,0.0,B01
201800013063,0.0,33,0,0.0,0.0,7.0,1.0,A01
201800013064,0.0,33,0,0.0,2.0,1.0,2.0,A01
201800013064,0.0,10,0,0.0,0.0,4.0,2.0,B01
201800013065,0.0,2,0,3.0,0.0,2.0,0.0,A01
201800013066,0.0,7,0,0.0,2.0,2.0,0.0,A01
201800013066,0.0,1,0,0.0,2.0,0.0,0.0,B01
201800013067,1.0,1,0,0.0,9.0,1.0,1.0,A01
201800013068,0.0,7,0,2.0,0.0,2.0,13.0,A01
201800013069,0.0,15,0,0.0,2.0,1.0,9.0,A01
201800013069,0.0,7,0,15.0,2.0,7.0,0.0,B01
201800013070,0.0,7,0,0.0,2.0,4.0,2.0,B01
201800013070,0.0,7,0,0.0,2.0,1.0,2.0,A01
201800013071,0.0,7,0,2.0,0.0,7.0,1.0,A01
201800013072,0.0,7,0,0.0,2.0,1.0,2.0,A01
201800013072,0.0,7,0,0.0,0.0,4.0,23.0,B01
201800013073,0.0,7,0,13.0,0.0,1.0,1.0,A01
201800013074,0.0,10,0,0.0,1.0,3.0,1.0,A01
201800013075,1.0,7,0,12.0,0.0,3.0,9.0,A01
201800013076,1.0,7,0,0.0,2.0,3.0,1.0,A01
201800013076,0.0,7,0,0.0,2.0,2.0,1.0,B01
201800013077,1.0,33,0,15.0,0.0,1.0,1.0,A01
201800013078,0.0,33,0,12.0,0.0,7.0,5.0,A01
201800013079,1.0,7,0,6.0,0.0,3.0,13.0,A01
201800013080,0.0,7,0,8.0,0.0,1.0,16.0,A01
201800013081,0.0,7,0,0.0,2.0,2.0,5.0,A01
201800013081,0.0,7,0,0.0,2.0,3.0,1.0,B01
201800013082,1.0,7,0,0.0,2.0,3.0,1.0,B01
201800013082,2.0,7,0,0.0,2.0,3.0,13.0,A01
201800013083,2.0,7,0,0.0,2.0,5.0,1.0,B01
201800013083,2.0,7,0,0.0,2.0,1.0,9.0,A01
201800013084,0.0,7,0,0.0,1.0,1.0,15.0,A01
201800013085,0.0,2,0,0.0,2.0,0.0,16.0,A01
201800013085,0.0,7,0,0.0,2.0,1.0,1.0,B01
201800013086,1.0,7,0,3.0,0.0,5.0,1.0,B01
201800013086,1.0,7,0,3.0,2.0,3.0,18.0,A01
201800013087,1.0,7,0,0.0,2.0,3.0,13.0,A01
201800013087,2.0,15,0,0.0,2.0,3.0,0.0,B01
201800013088,2.0,7,0,0.0,2.0,1.0,13.0,A01
201800013088,2.0,7,0,0.0,2.0,1.0,1.0,C01
201800013088,1.0,7,0,0.0,2.0,1.0,1.0,B01
201800013089,0.0,7,0,0.0,2.0,7.0,13.0,A01
201800013089,0.0,7,0,0.0,2.0,1.0,1.0,B01
201800013090,2.0,7,0,0.0,2.0,3.0,19.0,A01
201800013090,2.0,33,0,0.0,2.0,1.0,1.0,B01
201800013091,1.0,7,0,0.0,2.0,6.0,2.0,B01
201800013091,1.0,7,0,0.0,2.0,2.0,2.0,A01
201800013092,1.0,7,0,2.0,0.0,2.0,1.0,A01
201800013093,1.0,33,0,2.0,0.0,7.0,1.0,A01
201800013094,0.0,7,0,0.0,2.0,1.0,1.0,A01
201800013094,0.0,7,0,0.0,2.0,3.0,1.0,B02
201800013095,1.0,1,0,0.0,2.0,4.0,1.0,C01
201800013095,1.0,1,0,0.0,2.0,4.0,1.0,B01
201800013095,1.0,14,0,0.0,2.0,1.0,1.0,A01
201800013096,1.0,7,0,0.0,2.0,1.0,2.0,B01
201800013096,1.0,7,0,0.0,0.0,6.0,15.0,A01
201800013097,2.0,7,0,6.0,0.0,8.0,1.0,A01
201800013098,0.0,7,0,13.0,0.0,0.0,0.0,A01
201800013099,0.0,10,0,0.0,0.0,1.0,1.0,B01
201800013099,0.0,7,0,0.0,0.0,2.0,15.0,A01
201800013100,1.0,7,0,0.0,2.0,3.0,1.0,B01
201800013100,2.0,7,0,0.0,2.0,7.0,1.0,A01
201800013101,1.0,7,0,13.0,0.0,1.0,1.0,A01
201800013102,0.0,7,0,16.0,0.0,4.0,1.0,A01
201800013102,0.0,7,0,0.0,0.0,1.0,1.0,B01
201800013103,0.0,7,0,7.0,0.0,5.0,15.0,B01
201800013103,0.0,7,0,0.0,2.0,3.0,2.0,A01
201800013104,1.0,7,0,2.0,0.0,9.0,1.0,A01
201800013105,0.0,2,0,0.0,2.0,1.0,19.0,B01
201800013105,0.0,7,0,0.0,2.0,1.0,1.0,A01
201800013106,0.0,33,0,14.0,0.0,8.0,1.0,A01
201800013107,0.0,7,0,13.0,0.0,1.0,1.0,A01
201800013108,0.0,33,0,0.0,2.0,1.0,1.0,A01
201800013108,0.0,7,0,0.0,2.0,3.0,15.0,B01
201800013109,2.0,7,0,0.0,0.0,8.0,15.0,A01
201800013109,1.0,15,0,0.0,2.0,1.0,1.0,B01
201800013110,2.0,10,0,0.0,2.0,3.0,0.0,B01
201800013110,1.0,33,0,0.0,0.0,4.0,0.0,A01
201800013111,0.0,7,0,2.0,0.0,1.0,19.0,A01
201800013112,0.0,7,0,0.0,1.0,1.0,15.0,A01
201800013113,0.0,7,0,1.0,0.0,2.0,2.0,A01
201800013113,0.0,1,0,0.0,0.0,4.0,2.0,B01
201800013114,2.0,7,0,0.0,2.0,8.0,15.0,A01
201800013114,0.0,33,0,0.0,2.0,1.0,1.0,B01
201800013115,2.0,2,0,0.0,2.0,1.0,1.0,B01
201800013115,1.0,7,0,0.0,2.0,3.0,11.0,A01
201800013116,0.0,7,0,6.0,0.0,1.0,1.0,A01
201800013117,1.0,10,0,0.0,2.0,3.0,1.0,A01
201800013117,2.0,7,0,0.0,2.0,3.0,1.0,B01
201800013118,2.0,2,0,0.0,1.0,0.0,1.0,A01
201800013119,2.0,13,0,0.0,0.0,1.0,2.0,B01
201800013119,2.0,7,0,0.0,0.0,4.0,15.0,A01
201800013120,2.0,7,0,0.0,1.0,2.0,0.0,A01
201800013121,0.0,7,0,6.0,1.0,1.0,0.0,A01
201800013122,2.0,7,0,0.0,2.0,1.0,15.0,A01
201800013122,2.0,7,0,0.0,2.0,2.0,1.0,B01
201800013123,0.0,30,0,16.0,0.0,8.0,1.0,A01
201800013124,0.0,7,0,13.0,0.0,3.0,1.0,A01
201800013125,2.0,33,0,0.0,2.0,3.0,1.0,B01
201800013125,1.0,7,0,0.0,2.0,3.0,17.0,A01
201800013126,0.0,1,0,12.0,0.0,0.0,0.0,A01
201800013127,2.0,7,0,0.0,1.0,1.0,1.0,A01
201800013128,2.0,2,0,0.0,2.0,7.0,17.0,B01
201800013128,2.0,21,0,0.0,0.0,6.0,15.0,A01
201800013129,0.0,7,0,0.0,2.0,8.0,15.0,A01
201800013129,0.0,33,0,0.0,2.0,1.0,17.0,B01
201800013130,0.0,21,0,0.0,2.0,3.0,1.0,B01
201800013130,0.0,7,0,0.0,2.0,1.0,13.0,A01
201800013131,2.0,33,0,7.0,2.0,8.0,19.0,A01
201800013131,0.0,7,0,0.0,2.0,1.0,1.0,B01
201800013132,1.0,7,0,2.0,0.0,1.0,13.0,A01
201800013133,0.0,7,0,0.0,0.0,9.0,0.0,A01
201800013134,0.0,30,0,0.0,0.0,8.0,1.0,B01
201800013134,0.0,7,0,0.0,2.0,1.0,1.0,A01
201800013135,0.0,10,0,0.0,2.0,2.0,2.0,A01
201800013135,0.0,1,0,0.0,2.0,4.0,2.0,B01
201800013136,1.0,7,0,0.0,1.0,2.0,1.0,A01
201800013137,0.0,7,0,0.0,0.0,0.0,1.0,A01
201800013138,1.0,7,0,6.0,0.0,8.0,1.0,A01
201800013139,0.0,33,0,0.0,2.0,0.0,1.0,A01
201800013139,0.0,17,0,0.0,2.0,1.0,1.0,B01
201800013140,0.0,2,0,12.0,0.0,0.0,20.0,A01
201800013141,1.0,2,0,1.0,0.0,0.0,1.0,A01
201800013142,0.0,1,0,0.0,2.0,1.0,1.0,A01
201800013142,0.0,7,0,0.0,2.0,1.0,15.0,B01
201800013143,1.0,7,0,4.0,0.0,2.0,0.0,A01
201800013144,2.0,15,0,6.0,2.0,1.0,13.0,A01
201800013144,1.0,15,0,0.0,0.0,1.0,1.0,B01
201800013145,2.0,30,0,0.0,2.0,1.0,6.0,B01
201800013145,0.0,15,0,0.0,2.0,8.0,1.0,A01
201800013146,2.0,7,0,0.0,0.0,8.0,10.0,B01
201800013146,2.0,33,0,0.0,2.0,1.0,15.0,A01
201800013147,2.0,7,0,13.0,2.0,1.0,0.0,B01
201800013147,1.0,7,0,13.0,2.0,7.0,0.0,A01
201800013148,1.0,7,0,0.0,2.0,1.0,13.0,A01
201800013148,2.0,7,0,0.0,2.0,3.0,1.0,B01
201800013149,2.0,7,0,3.0,0.0,8.0,13.0,A01
201800013150,0.0,2,0,0.0,2.0,8.0,19.0,B01
201800013150,0.0,7,0,0.0,2.0,2.0,1.0,A01
201800013151,0.0,1,0,12.0,0.0,1.0,15.0,A01
201800013152,0.0,7,0,13.0,0.0,6.0,1.0,A01
201800013153,2.0,33,0,0.0,0.0,2.0,1.0,A01
201800013154,0.0,1,0,0.0,0.0,4.0,1.0,B01
201800013154,0.0,2,0,0.0,2.0,4.0,1.0,A01
201800013155,0.0,20,0,3.0,2.0,3.0,5.0,A01
201800013155,0.0,10,0,0.0,2.0,1.0,5.0,B01
201800013156,0.0,1,0,0.0,2.0,4.0,1.0,B01
201800013156,0.0,7,0,0.0,2.0,2.0,1.0,A01
201800013157,0.0,2,0,0.0,2.0,1.0,3.0,A01
201800013157,0.0,7,0,0.0,2.0,6.0,1.0,B01
201800013158,0.0,32,0,0.0,2.0,1.0,1.0,B01
201800013158,0.0,38,2,0.0,2.0,3.0,13.0,A01
201800013159,2.0,2,0,0.0,2.0,1.0,1.0,A01
201800013159,1.0,7,0,0.0,2.0,2.0,15.0,B01
201800013160,0.0,7,0,0.0,2.0,5.0,17.0,A01
201800013160,0.0,2,0,0.0,2.0,8.0,1.0,B01
201800013161,0.0,3,0,0.0,1.0,1.0,1.0,A01
201800013162,0.0,7,0,0.0,0.0,1.0,0.0,A01
201800013162,0.0,1,0,0.0,0.0,1.0,0.0,B01
201800013163,0.0,7,0,0.0,2.0,3.0,0.0,A01
201800013163,0.0,7,0,0.0,2.0,3.0,0.0,B01
201800013164,0.0,33,0,0.0,0.0,0.0,1.0,A01
201800013165,2.0,7,0,0.0,2.0,1.0,1.0,B01
201800013165,0.0,7,0,0.0,2.0,3.0,19.0,A01
201800013166,2.0,33,0,0.0,2.0,8.0,1.0,B01
201800013166,1.0,7,0,0.0,2.0,2.0,19.0,A01
201800013167,1.0,7,0,0.0,2.0,3.0,9.0,A01
201800013167,1.0,33,0,0.0,2.0,2.0,0.0,B01
201800013168,0.0,2,0,12.0,0.0,1.0,1.0,A01
201800013169,0.0,33,0,0.0,2.0,1.0,5.0,A01
201800013169,0.0,33,0,0.0,2.0,1.0,1.0,B01
201800013170,0.0,1,0,0.0,2.0,1.0,1.0,B01
201800013170,0.0,7,0,0.0,9.0,8.0,1.0,A01
201800013171,1.0,15,0,0.0,1.0,2.0,2.0,A01
201800013172,0.0,36,0,5.0,0.0,1.0,1.0,A01
201800013173,0.0,7,0,0.0,2.0,2.0,1.0,A01
201800013173,0.0,2,0,0.0,2.0,0.0,2.0,B01
201800013174,2.0,7,0,2.0,0.0,3.0,1.0,A01
201800013175,0.0,31,0,0.0,2.0,2.0,1.0,B01
201800013175,0.0,7,0,0.0,2.0,3.0,9.0,A01
201800013176,0.0,7,0,0.0,1.0,3.0,1.0,A01
201800013177,0.0,7,0,0.0,1.0,2.0,1.0,A01
201800013178,0.0,7,0,0.0,1.0,0.0,0.0,A01
201800013179,2.0,7,0,0.0,2.0,3.0,5.0,A01
201800013179,1.0,7,0,0.0,2.0,3.0,1.0,C01
201800013179,1.0,7,0,0.0,2.0,8.0,1.0,B01
201800013180,1.0,33,0,0.0,2.0,2.0,1.0,A01
201800013180,2.0,7,0,0.0,2.0,1.0,1.0,B01
201800013181,1.0,7,0,0.0,2.0,1.0,1.0,B01
201800013181,2.0,33,0,0.0,2.0,1.0,17.0,A01
201800013182,2.0,33,0,0.0,2.0,1.0,17.0,A01
201800013182,1.0,7,0,0.0,2.0,3.0,1.0,B01
201800013183,1.0,33,0,3.0,0.0,0.0,1.0,A01
201800013184,1.0,7,0,0.0,2.0,3.0,13.0,A01
201800013184,2.0,7,0,0.0,2.0,2.0,1.0,B01
201800013185,2.0,7,0,13.0,2.0,5.0,14.0,B01
201800013185,1.0,2,0,0.0,2.0,1.0,1.0,A01
201800013186,2.0,7,0,0.0,2.0,1.0,17.0,A01
201800013186,2.0,7,0,0.0,2.0,1.0,1.0,B01
201800013187,0.0,7,0,1.0,0.0,2.0,1.0,A01
201800013188,0.0,30,0,0.0,2.0,1.0,16.0,B01
201800013188,0.0,21,0,0.0,2.0,8.0,15.0,A01
201800013189,1.0,7,0,0.0,2.0,1.0,13.0,A01
201800013189,2.0,7,0,0.0,2.0,1.0,1.0,B01
201800013190,1.0,7,0,0.0,2.0,1.0,15.0,A01
201800013190,2.0,7,0,0.0,2.0,1.0,1.0,B01
201800013191,1.0,33,0,0.0,2.0,1.0,13.0,A01
201800013191,2.0,7,0,0.0,2.0,1.0,1.0,B01
201800013192,1.0,7,0,13.0,0.0,9.0,1.0,A01
201800013193,1.0,7,0,16.0,0.0,0.0,1.0,A01
201800013194,2.0,7,0,8.0,0.0,1.0,14.0,A01
201800013195,2.0,7,0,0.0,2.0,1.0,15.0,A01
201800013195,1.0,7,0,0.0,2.0,1.0,1.0,B01
201800013196,2.0,31,0,0.0,2.0,1.0,13.0,A01
201800013196,2.0,7,0,0.0,2.0,2.0,1.0,B01
201800013197,1.0,7,0,13.0,0.0,1.0,11.0,A01
201800013198,2.0,7,0,0.0,2.0,3.0,1.0,B01
201800013198,2.0,7,0,0.0,2.0,3.0,1.0,A01
201800013199,2.0,7,0,0.0,2.0,3.0,13.0,A01
201800013199,1.0,7,0,0.0,2.0,3.0,1.0,B01
201800013200,2.0,7,0,2.0,0.0,0.0,2.0,A01
201800013201,1.0,7,0,0.0,2.0,6.0,2.0,B01
201800013201,2.0,7,0,0.0,2.0,1.0,17.0,A01
201800013201,2.0,7,0,0.0,2.0,3.0,1.0,C01
201800013202,2.0,7,0,0.0,2.0,7.0,13.0,A01
201800013202,1.0,7,0,0.0,2.0,3.0,1.0,B01
201800013203,1.0,10,0,2.0,0.0,8.0,1.0,A01
201800013204,1.0,33,0,0.0,2.0,1.0,1.0,B01
201800013204,2.0,7,0,0.0,2.0,1.0,15.0,A01
201800013205,0.0,7,0,0.0,2.0,8.0,19.0,A01
201800013205,1.0,33,0,0.0,2.0,1.0,1.0,B01
201800013206,2.0,7,0,0.0,2.0,5.0,19.0,A01
201800013206,1.0,7,0,0.0,2.0,3.0,1.0,B01
201800013207,2.0,33,0,2.0,0.0,1.0,1.0,A01
201800013208,1.0,7,0,0.0,2.0,3.0,1.0,B01
201800013208,2.0,7,0,0.0,2.0,2.0,9.0,A01
201800013209,2.0,7,0,4.0,2.0,8.0,15.0,A01
201800013209,2.0,7,0,4.0,2.0,7.0,17.0,B01
201800013210,1.0,33,0,0.0,0.0,0.0,13.0,A01
201800013211,2.0,21,0,0.0,2.0,3.0,13.0,B01
201800013211,2.0,7,0,0.0,2.0,1.0,17.0,A01
201800013212,2.0,2,0,0.0,9.0,0.0,19.0,A01
201800013212,1.0,1,0,0.0,9.0,4.0,1.0,B01
201800013212,1.0,1,0,0.0,2.0,1.0,0.0,C01
201800013213,2.0,7,0,0.0,0.0,0.0,1.0,A01
201800013214,2.0,7,0,0.0,2.0,4.0,13.0,A01
201800013214,1.0,7,0,0.0,2.0,8.0,1.0,B01
201800013214,1.0,7,0,0.0,2.0,1.0,1.0,C01
201800013215,2.0,7,0,0.0,2.0,1.0,1.0,A01
201800013215,1.0,7,0,0.0,2.0,1.0,1.0,B01
201800013216,1.0,7,0,2.0,0.0,1.0,1.0,A01
201800013217,2.0,1,0,3.0,0.0,1.0,1.0,A01
201800013218,1.0,7,0,0.0,2.0,5.0,15.0,A01
201800013218,2.0,33,0,0.0,2.0,1.0,1.0,B01
201800013219,2.0,14,0,0.0,1.0,3.0,1.0,A01
201800013220,2.0,7,0,0.0,2.0,8.0,19.0,A01
201800013220,1.0,7,0,0.0,2.0,1.0,1.0,B01
201800013221,2.0,33,0,0.0,2.0,1.0,13.0,B01
201800013221,1.0,7,0,0.0,2.0,3.0,1.0,A01
201800013222,2.0,33,0,3.0,0.0,1.0,16.0,A01
201800013223,1.0,7,0,0.0,2.0,1.0,1.0,B01
201800013223,2.0,7,0,5.0,2.0,7.0,5.0,A01
201800013224,2.0,7,0,0.0,2.0,3.0,13.0,B01
201800013224,1.0,33,0,0.0,2.0,1.0,3.0,A01
201800013225,2.0,7,0,0.0,2.0,3.0,2.0,A01
201800013225,1.0,33,0,0.0,2.0,1.0,1.0,C01
201800013225,2.0,7,0,0.0,0.0,4.0,15.0,B01
201800013226,1.0,33,0,0.0,2.0,8.0,0.0,A01
201800013226,2.0,7,0,0.0,2.0,3.0,1.0,B01
201800013227,1.0,7,0,0.0,0.0,8.0,15.0,A01
201800013227,1.0,34,0,0.0,2.0,1.0,18.0,B01
201800013228,1.0,7,0,2.0,0.0,8.0,0.0,A01
201800013229,1.0,10,0,0.0,0.0,7.0,10.0,A01
201800013229,2.0,7,0,0.0,2.0,1.0,1.0,B01
201800013230,0.0,14,0,0.0,2.0,3.0,1.0,B01
201800013230,0.0,7,0,0.0,2.0,1.0,17.0,A01
201800013231,2.0,17,0,3.0,2.0,3.0,1.0,B01
201800013231,1.0,10,0,3.0,2.0,3.0,13.0,A01
201800013232,1.0,7,0,2.0,0.0,2.0,1.0,A01
201800013233,1.0,7,0,2.0,0.0,1.0,16.0,A01
201800013234,1.0,33,0,16.0,0.0,9.0,16.0,A01
201800013235,0.0,7,0,0.0,2.0,3.0,17.0,A01
201800013235,0.0,7,0,0.0,2.0,3.0,1.0,B01
201800013236,1.0,7,0,2.0,0.0,3.0,1.0,A01
201800013237,2.0,33,0,13.0,0.0,1.0,13.0,A01
201800013238,1.0,2,0,0.0,0.0,8.0,1.0,A01
201800013239,1.0,33,0,6.0,0.0,1.0,1.0,A01
201800013240,1.0,33,0,13.0,0.0,7.0,1.0,A01
201800013241,1.0,33,0,13.0,0.0,7.0,0.0,A01
201800013242,1.0,1,0,13.0,0.0,0.0,1.0,A01
201800013243,2.0,1,0,0.0,9.0,4.0,13.0,B01
201800013243,2.0,33,0,0.0,9.0,1.0,17.0,A01
201800013244,2.0,1,0,0.0,2.0,1.0,9.0,C01
201800013244,2.0,1,0,0.0,2.0,2.0,1.0,A01
201800013244,2.0,1,0,0.0,2.0,1.0,1.0,B01
201800013245,2.0,1,0,0.0,0.0,0.0,13.0,A01
201800013246,1.0,1,0,0.0,0.0,0.0,1.0,A01
201800013247,1.0,7,0,0.0,0.0,1.0,1.0,A01
201800013248,1.0,7,0,0.0,2.0,2.0,15.0,A01
201800013248,2.0,31,0,0.0,2.0,1.0,1.0,B01
201800013249,2.0,7,0,0.0,2.0,1.0,15.0,A01
201800013249,1.0,7,0,0.0,2.0,3.0,1.0,B01
201800013250,0.0,7,0,2.0,0.0,1.0,2.0,A01
201800013251,2.0,33,0,0.0,0.0,8.0,1.0,A01
201800013252,1.0,7,0,2.0,0.0,1.0,1.0,A01
201800013253,0.0,10,0,0.0,1.0,1.0,1.0,A01
201800013254,1.0,7,0,3.0,0.0,1.0,1.0,A01
201800013255,2.0,7,0,0.0,2.0,3.0,9.0,A01
201800013255,2.0,7,0,0.0,2.0,2.0,21.0,B01
201800013256,1.0,2,0,0.0,2.0,1.0,13.0,A01
201800013256,2.0,10,0,0.0,2.0,3.0,1.0,B01
201800013257,1.0,7,0,0.0,0.0,8.0,0.0,A01
201800013257,1.0,1,0,0.0,2.0,1.0,1.0,B01