Num_Acc,senc,catv,occutc,obs,obsm,choc,manv,num_veh
201800013518,1.0,33,0,13.0,0.0,1.0,1.0,A01
201800013519,1.0,33,0,8.0,0.0,1.0,1.0,A01
201800013520,1.0,1,0,0.0,0.0,1.0,1.0,A01
201800013521,2.0,7,0,10.0,0.0,1.0,1.0,A01
201800013522,2.0,33,0,13.0,0.0,1.0,1.0,A01
201800013523,1.0,7,0,0.0,2.0,3.0,11.0,A01
201800013523,2.0,2,0,0.0,2.0,1.0,1.0,B01
201800013524,2.0,7,0,2.0,0.0,1.0,1.0,A01
201800013525,2.0,31,0,0.0,2.0,1.0,21.0,B01
201800013525,0.0,7,0,0.0,2.0,3.0,19.0,A01
201800013526,2.0,33,0,0.0,6.0,1.0,1.0,A01
201800013527,0.0,7,0,0.0,1.0,1.0,1.0,A01
201800013528,2.0,7,0,0.0,1.0,2.0,17.0,A01
201800013529,1.0,7,0,6.0,0.0,1.0,1.0,A01
201800013530,2.0,7,0,13.0,2.0,1.0,1.0,B01
201800013530,1.0,7,0,7.0,2.0,1.0,13.0,A01
201800013531,1.0,2,0,0.0,0.0,8.0,1.0,A01
201800013532,1.0,7,0,0.0,0.0,0.0,0.0,A01
201800013532,1.0,30,0,0.0,0.0,0.0,2.0,B01
201800013533,0.0,7,0,0.0,2.0,1.0,1.0,A01
201800013533,0.0,7,0,0.0,2.0,9.0,19.0,B01
201800013534,2.0,7,0,0.0,2.0,2.0,1.0,B01
201800013534,0.0,7,0,0.0,2.0,7.0,15.0,A01
201800013535,2.0,7,0,6.0,0.0,1.0,13.0,A01
201800013536,0.0,7,0,0.0,2.0,2.0,1.0,A01
201800013536,0.0,30,0,0.0,2.0,2.0,13.0,B01
201800013537,1.0,7,0,0.0,2.0,8.0,1.0,B01
201800013537,1.0,33,0,0.0,2.0,1.0,19.0,A01
201800013538,1.0,7,0,0.0,0.0,1.0,13.0,A01
201800013539,1.0,2,0,1.0,0.0,1.0,1.0,A01
201800013539,1.0,14,0,0.0,0.0,4.0,23.0,B01
201800013540,0.0,7,0,0.0,0.0,1.0,1.0,A01
201800013541,0.0,7,0,0.0,2.0,7.0,1.0,A01
201800013541,0.0,7,0,0.0,2.0,1.0,19.0,B01
201800013542,0.0,10,0,6.0,0.0,1.0,1.0,A01
201800013543,0.0,2,0,0.0,2.0,1.0,1.0,A01
201800013543,0.0,7,0,0.0,2.0,3.0,15.0,B01
201800013544,1.0,7,0,0.0,1.0,1.0,1.0,A01
201800013545,2.0,7,0,0.0,2.0,1.0,1.0,B01
201800013545,0.0,7,0,0.0,2.0,2.0,19.0,A01
201800013546,1.0,7,0,0.0,2.0,2.0,1.0,A01
201800013546,1.0,2,0,0.0,2.0,4.0,16.0,B01
201800013547,2.0,7,0,8.0,0.0,1.0,14.0,A01
201800013548,1.0,33,0,3.0,0.0,1.0,1.0,A01
201800013549,0.0,7,0,0.0,2.0,3.0,15.0,A01
201800013549,0.0,7,0,0.0,2.0,3.0,16.0,B01
201800013550,1.0,7,0,0.0,2.0,8.0,5.0,A01
201800013550,2.0,7,0,0.0,2.0,8.0,1.0,B01
201800013551,1.0,1,0,0.0,2.0,3.0,23.0,B01
201800013551,1.0,7,0,0.0,2.0,5.0,17.0,A01
201800013552,0.0,7,0,0.0,0.0,9.0,14.0,A01
201800013553,0.0,2,0,16.0,0.0,2.0,1.0,A01
201800013554,2.0,7,0,0.0,2.0,2.0,1.0,B01
201800013554,1.0,7,0,2.0,0.0,3.0,17.0,A01
201800013555,1.0,7,0,0.0,2.0,7.0,1.0,A01
201800013555,0.0,7,0,0.0,2.0,3.0,19.0,B01
201800013556,2.0,7,0,2.0,0.0,3.0,17.0,A01
201800013557,1.0,33,0,0.0,0.0,7.0,1.0,A01
201800013558,2.0,7,0,0.0,2.0,3.0,15.0,B01
201800013558,2.0,7,0,0.0,2.0,1.0,1.0,A01
201800013559,2.0,7,0,2.0,0.0,1.0,1.0,A01
201800013560,0.0,33,0,0.0,2.0,1.0,1.0,B01
201800013560,0.0,7,0,0.0,2.0,2.0,20.0,A01
201800013561,1.0,7,0,0.0,2.0,7.0,15.0,A01
201800013561,2.0,10,0,0.0,2.0,1.0,1.0,B01
201800013562,1.0,7,0,0.0,2.0,1.0,13.0,A01
201800013562,2.0,2,0,0.0,2.0,8.0,1.0,B01
201800013563,1.0,7,0,0.0,1.0,1.0,1.0,A01
201800013564,2.0,7,0,0.0,2.0,3.0,1.0,D01
201800013564,2.0,15,0,0.0,2.0,6.0,1.0,C01
201800013564,1.0,7,0,0.0,2.0,8.0,1.0,B01
201800013564,1.0,7,0,0.0,2.0,3.0,17.0,A01
201800013565,1.0,7,0,0.0,0.0,0.0,19.0,A01
201800013565,2.0,33,0,0.0,0.0,0.0,21.0,B01
201800013566,1.0,7,0,0.0,1.0,1.0,1.0,A01
201800013567,1.0,33,0,0.0,2.0,8.0,1.0,B01
201800013567,2.0,7,0,0.0,2.0,3.0,19.0,A01
201800013568,1.0,7,0,13.0,0.0,2.0,13.0,A01
201800013569,2.0,7,0,6.0,0.0,1.0,2.0,A01
201800013570,2.0,33,0,13.0,0.0,1.0,1.0,A01
201800013571,1.0,7,0,6.0,0.0,0.0,0.0,A01
201800013572,1.0,7,0,8.0,0.0,1.0,1.0,A01
201800013573,1.0,7,0,0.0,2.0,1.0,1.0,B01
201800013573,2.0,2,0,0.0,2.0,1.0,13.0,A01
201800013574,2.0,7,0,0.0,2.0,7.0,15.0,A01
201800013574,1.0,33,0,0.0,2.0,1.0,1.0,B01
201800013575,1.0,7,0,0.0,2.0,3.0,1.0,B01
201800013575,2.0,7,0,0.0,2.0,3.0,13.0,A01
201800013576,1.0,7,0,13.0,0.0,1.0,0.0,A01
201800013577,1.0,7,0,2.0,0.0,1.0,13.0,A01
201800013578,2.0,7,0,0.0,1.0,2.0,1.0,A01
201800013579,1.0,7,0,0.0,2.0,1.0,13.0,A01
201800013579,2.0,7,0,0.0,2.0,1.0,1.0,B01
201800013580,2.0,7,0,0.0,2.0,3.0,10.0,A01
201800013580,2.0,33,0,0.0,2.0,1.0,1.0,B01
201800013581,1.0,7,0,2.0,0.0,1.0,13.0,A01
201800013582,1.0,33,0,0.0,0.0,0.0,1.0,A01
201800013583,1.0,7,0,0.0,2.0,1.0,2.0,A01
201800013583,1.0,7,0,0.0,0.0,6.0,15.0,B01
201800013584,1.0,7,0,0.0,2.0,3.0,1.0,B01
201800013584,2.0,7,0,0.0,2.0,3.0,13.0,A01
201800013585,0.0,7,0,13.0,0.0,3.0,17.0,A01
201800013586,1.0,10,0,0.0,2.0,5.0,15.0,A01
201800013586,2.0,33,0,0.0,2.0,7.0,1.0,B01
201800013587,1.0,31,0,8.0,0.0,1.0,2.0,A01
201800013588,2.0,1,0,0.0,0.0,4.0,15.0,B01
201800013588,2.0,10,0,0.0,2.0,2.0,17.0,A01
201800013589,2.0,7,0,0.0,0.0,7.0,17.0,A01
201800013589,2.0,1,0,0.0,0.0,8.0,1.0,B01
201800013590,1.0,7,0,0.0,2.0,1.0,1.0,B01
201800013590,2.0,7,0,0.0,2.0,7.0,15.0,A01
201800013591,2.0,14,0,0.0,2.0,1.0,1.0,B01
201800013591,1.0,7,0,0.0,2.0,1.0,11.0,A01
201800013592,1.0,7,0,0.0,2.0,3.0,13.0,A01
201800013592,2.0,7,0,0.0,2.0,3.0,1.0,B01
201800013593,1.0,10,0,16.0,0.0,1.0,21.0,A01
201800013594,2.0,7,0,7.0,0.0,9.0,1.0,A01
201800013595,2.0,33,0,1.0,0.0,7.0,1.0,B01
201800013595,2.0,33,0,1.0,2.0,1.0,1.0,A01
201800013596,2.0,33,0,2.0,0.0,1.0,1.0,A01
201800013597,2.0,7,0,0.0,2.0,1.0,15.0,A01
201800013597,1.0,7,0,8.0,2.0,1.0,1.0,B01
201800013598,1.0,2,0,0.0,2.0,1.0,1.0,B01
201800013598,1.0,7,0,0.0,2.0,1.0,1.0,A01
201800013599,2.0,7,0,13.0,0.0,7.0,10.0,A01
201800013600,1.0,7,0,0.0,2.0,8.0,15.0,B01
201800013600,1.0,2,0,0.0,0.0,1.0,17.0,A01
201800013601,2.0,7,0,13.0,0.0,9.0,1.0,A01
201800013602,1.0,7,0,6.0,0.0,2.0,21.0,A01
201800013603,1.0,2,0,0.0,2.0,1.0,1.0,A01
201800013603,1.0,7,0,0.0,2.0,4.0,1.0,B01
201800013604,2.0,33,0,3.0,0.0,2.0,14.0,A01
201800013605,2.0,34,0,1.0,0.0,1.0,21.0,A01
201800013606,2.0,2,0,0.0,0.0,0.0,21.0,A01
201800013607,0.0,2,0,0.0,0.0,2.0,1.0,A01
201800013608,1.0,7,0,13.0,0.0,3.0,13.0,A01
201800013609,1.0,33,0,0.0,0.0,1.0,1.0,A01
201800013610,0.0,2,0,8.0,0.0,0.0,1.0,A01
201800013611,2.0,7,0,13.0,0.0,5.0,1.0,A01
201800013612,0.0,33,0,0.0,2.0,1.0,1.0,A01
201800013612,0.0,21,0,0.0,2.0,1.0,1.0,B01
201800013613,0.0,33,0,0.0,2.0,1.0,1.0,A01
201800013613,0.0,7,0,0.0,2.0,6.0,15.0,B01
201800013614,1.0,31,0,16.0,0.0,8.0,13.0,A01
201800013615,1.0,33,0,13.0,0.0,8.0,1.0,A01
201800013616,1.0,33,0,2.0,0.0,1.0,1.0,A01
201800013617,1.0,7,0,13.0,0.0,3.0,21.0,A01
201800013618,0.0,10,0,0.0,1.0,2.0,15.0,A01
201800013619,1.0,7,0,0.0,2.0,6.0,2.0,B01
201800013619,1.0,7,0,2.0,2.0,2.0,17.0,A01
201800013620,1.0,7,0,6.0,0.0,1.0,1.0,A01
201800013621,1.0,2,0,0.0,2.0,3.0,10.0,A01
201800013621,1.0,7,0,0.0,2.0,5.0,17.0,B01
201800013622,1.0,7,0,0.0,9.0,2.0,15.0,A01
201800013622,2.0,1,0,0.0,2.0,1.0,1.0,B01
201800013623,2.0,7,0,0.0,2.0,3.0,1.0,B01
201800013623,1.0,7,0,0.0,2.0,3.0,13.0,A01
201800013624,1.0,7,0,0.0,2.0,1.0,1.0,B01
201800013624,2.0,7,0,0.0,2.0,3.0,15.0,A01
201800013625,1.0,7,0,0.0,2.0,1.0,1.0,B01
201800013625,1.0,7,0,0.0,2.0,8.0,10.0,A01
201800013626,2.0,7,0,0.0,1.0,4.0,4.0,A01
201800013627,1.0,7,0,0.0,2.0,8.0,13.0,A01
201800013627,2.0,7,0,0.0,2.0,1.0,1.0,B01
201800013627,1.0,17,0,0.0,2.0,2.0,17.0,C01
201800013628,1.0,7,0,6.0,0.0,1.0,14.0,A01
201800013629,2.0,7,0,0.0,9.0,6.0,23.0,C01
201800013629,2.0,1,0,0.0,2.0,6.0,1.0,B01
201800013629,1.0,7,0,0.0,9.0,1.0,15.0,A01
201800013630,1.0,33,0,0.0,0.0,7.0,16.0,A01
201800013631,0.0,7,0,6.0,0.0,2.0,1.0,A01
201800013632,1.0,7,0,0.0,0.0,3.0,16.0,A01
201800013632,1.0,2,0,0.0,2.0,1.0,1.0,B01
201800013633,1.0,7,0,0.0,2.0,6.0,15.0,B01
201800013633,1.0,33,0,0.0,2.0,1.0,17.0,A01
201800013634,1.0,7,0,8.0,0.0,1.0,13.0,A01
201800013635,2.0,7,0,0.0,2.0,2.0,17.0,A01
201800013635,2.0,2,0,0.0,2.0,4.0,15.0,B01
201800013636,1.0,2,0,0.0,2.0,1.0,1.0,B01
201800013636,2.0,7,0,0.0,2.0,2.0,15.0,A01
201800013637,1.0,7,0,0.0,0.0,4.0,23.0,B01
201800013637,1.0,7,0,0.0,2.0,1.0,2.0,A01
201800013638,2.0,7,0,0.0,2.0,2.0,13.0,B01
201800013638,2.0,7,0,0.0,2.0,2.0,13.0,A01
201800013639,1.0,7,0,0.0,9.0,1.0,1.0,C01
201800013639,2.0,10,0,0.0,2.0,3.0,13.0,A01
201800013639,1.0,7,0,0.0,2.0,3.0,1.0,B01
201800013640,2.0,7,0,13.0,0.0,1.0,21.0,A01
201800013641,0.0,31,0,0.0,0.0,7.0,1.0,A01
201800013642,1.0,7,0,13.0,0.0,1.0,1.0,A01
201800013643,2.0,7,0,0.0,2.0,1.0,13.0,A01
201800013643,1.0,7,0,0.0,2.0,1.0,1.0,B01
201800013644,1.0,2,0,0.0,0.0,1.0,1.0,A01
201800013645,0.0,7,0,2.0,0.0,2.0,1.0,A01
201800013646,2.0,33,0,16.0,0.0,0.0,1.0,A01
201800013647,2.0,21,0,0.0,0.0,4.0,16.0,B01
201800013647,2.0,17,0,0.0,2.0,4.0,2.0,A01
201800013648,1.0,33,0,0.0,0.0,0.0,1.0,A01
201800013649,2.0,33,0,0.0,2.0,1.0,13.0,A01
201800013649,1.0,7,0,0.0,2.0,5.0,4.0,B01
201800013650,1.0,7,0,2.0,0.0,2.0,1.0,A01
201800013651,1.0,2,0,6.0,0.0,1.0,14.0,A01
201800013652,1.0,7,0,0.0,2.0,7.0,23.0,A01
201800013652,1.0,33,0,1.0,0.0,8.0,18.0,B01
201800013653,2.0,7,0,0.0,2.0,6.0,1.0,A01
201800013653,2.0,7,0,13.0,2.0,2.0,17.0,B01
201800013654,1.0,7,0,0.0,0.0,9.0,1.0,A01
201800013655,2.0,7,0,0.0,2.0,1.0,9.0,A01
201800013655,1.0,1,0,0.0,2.0,4.0,2.0,B01
201800013656,2.0,7,0,0.0,1.0,3.0,15.0,A01
201800013657,1.0,7,0,0.0,2.0,3.0,1.0,B01
201800013657,2.0,7,0,0.0,2.0,2.0,19.0,A01
201800013658,2.0,2,0,0.0,0.0,0.0,2.0,A01
201800013659,1.0,7,0,8.0,0.0,3.0,13.0,A01
201800013660,1.0,7,0,7.0,2.0,7.0,19.0,A01
201800013660,1.0,7,0,0.0,2.0,1.0,1.0,B01
201800013661,1.0,7,0,6.0,0.0,3.0,13.0,A01
201800013662,1.0,2,0,0.0,0.0,1.0,1.0,A01
201800013663,0.0,7,0,0.0,2.0,1.0,1.0,A01
201800013663,0.0,34,0,0.0,2.0,7.0,19.0,B01
201800013664,0.0,7,0,0.0,2.0,5.0,1.0,A01
201800013664,0.0,7,0,0.0,2.0,1.0,15.0,B01
201800013665,2.0,7,0,0.0,2.0,1.0,13.0,A01
201800013665,1.0,33,0,0.0,2.0,1.0,13.0,B01
201800013666,2.0,30,0,0.0,2.0,1.0,13.0,A01
201800013666,1.0,7,0,0.0,2.0,3.0,1.0,B01
201800013667,0.0,7,0,0.0,2.0,3.0,5.0,A01
201800013667,1.0,33,0,4.0,2.0,2.0,1.0,B01
201800013668,1.0,15,0,0.0,2.0,6.0,1.0,D01
201800013668,1.0,15,0,0.0,2.0,6.0,1.0,C01
201800013668,2.0,7,0,0.0,2.0,1.0,1.0,B01
201800013668,1.0,7,0,0.0,2.0,1.0,5.0,A01
201800013669,0.0,7,0,0.0,9.0,8.0,9.0,A01
201800013669,0.0,1,0,0.0,2.0,8.0,1.0,B01
201800013670,0.0,7,0,8.0,0.0,9.0,0.0,A01
201800013671,0.0,7,0,0.0,2.0,1.0,17.0,A01
201800013671,0.0,7,0,0.0,2.0,1.0,1.0,B01
201800013672,2.0,34,0,0.0,2.0,2.0,5.0,A01
201800013673,0.0,7,0,0.0,1.0,2.0,1.0,A01
201800013674,0.0,7,0,0.0,1.0,2.0,1.0,A01
201800013675,0.0,7,0,4.0,2.0,1.0,2.0,A01
201800013675,0.0,7,0,0.0,2.0,1.0,13.0,B01
201800013676,0.0,33,0,14.0,0.0,8.0,1.0,A01
201800013677,0.0,7,0,0.0,2.0,7.0,16.0,A01
201800013677,0.0,32,0,0.0,2.0,1.0,1.0,B01
201800013678,2.0,33,0,0.0,2.0,2.0,18.0,A01
201800013678,1.0,7,0,0.0,2.0,7.0,15.0,B01
201800013679,0.0,7,0,0.0,1.0,3.0,1.0,A01
201800013680,0.0,7,0,0.0,2.0,3.0,13.0,A01
201800013680,0.0,7,0,0.0,2.0,3.0,1.0,B01
201800013681,0.0,2,0,0.0,2.0,8.0,1.0,A01
201800013681,0.0,2,0,0.0,2.0,7.0,1.0,B01
201800013682,0.0,37,3,0.0,2.0,3.0,23.0,A01
201800013682,0.0,7,0,0.0,0.0,4.0,23.0,B01
201800013683,0.0,7,0,0.0,9.0,3.0,1.0,A01
201800013683,0.0,1,0,0.0,0.0,4.0,1.0,B01
201800013684,0.0,10,0,0.0,2.0,2.0,0.0,A01
201800013684,0.0,34,0,0.0,2.0,4.0,0.0,B01
201800013684,0.0,7,0,0.0,2.0,4.0,0.0,C01
201800013685,0.0,7,0,0.0,2.0,6.0,9.0,A01
201800013685,0.0,34,0,0.0,2.0,1.0,2.0,B01
201800013686,0.0,7,0,0.0,2.0,3.0,1.0,A01
201800013686,0.0,32,0,0.0,2.0,1.0,13.0,B01
201800013687,2.0,7,0,0.0,9.0,7.0,16.0,A01
201800013687,2.0,1,0,0.0,2.0,8.0,2.0,B01
201800013688,0.0,33,0,0.0,2.0,8.0,0.0,A01
201800013688,0.0,7,0,0.0,2.0,3.0,5.0,B01
201800013689,1.0,2,0,0.0,2.0,1.0,5.0,A01
201800013689,1.0,7,0,0.0,2.0,8.0,0.0,B01
201800013690,1.0,3,0,0.0,1.0,3.0,1.0,A01
201800013691,0.0,7,0,0.0,2.0,3.0,17.0,A01
201800013691,0.0,2,0,0.0,2.0,1.0,1.0,B01
201800013692,2.0,2,0,0.0,1.0,2.0,1.0,A01
201800013693,1.0,7,0,0.0,2.0,8.0,10.0,A01
201800013693,2.0,30,0,0.0,2.0,1.0,2.0,B01
201800013694,0.0,7,0,0.0,9.0,1.0,15.0,A01
201800013694,0.0,1,0,0.0,2.0,1.0,1.0,B01
201800013695,1.0,7,0,0.0,2.0,1.0,1.0,A01
201800013695,1.0,7,0,0.0,0.0,4.0,15.0,B01
201800013695,2.0,7,0,0.0,0.0,3.0,1.0,C01
201800013696,0.0,33,0,0.0,2.0,1.0,1.0,A01
201800013696,0.0,10,0,0.0,2.0,5.0,15.0,B01
201800013697,1.0,33,0,0.0,0.0,7.0,1.0,A01
201800013698,1.0,7,0,0.0,1.0,0.0,1.0,A01
201800013699,0.0,7,0,0.0,2.0,2.0,13.0,A01
201800013699,0.0,7,0,0.0,2.0,2.0,1.0,B01
201800013700,1.0,33,0,0.0,2.0,3.0,1.0,A01
201800013700,2.0,7,0,0.0,2.0,8.0,1.0,B01
201800013701,0.0,7,0,0.0,2.0,3.0,9.0,A01
201800013701,0.0,34,0,0.0,2.0,2.0,1.0,B01
201800013702,2.0,31,0,0.0,5.0,0.0,1.0,A01
201800013703,2.0,1,0,0.0,2.0,0.0,1.0,A01
201800013703,0.0,20,0,0.0,2.0,0.0,15.0,B01
201800013704,1.0,7,0,0.0,9.0,3.0,15.0,A01
201800013704,2.0,1,0,0.0,2.0,8.0,1.0,B01
201800013705,2.0,2,0,0.0,1.0,1.0,1.0,A01
201800013706,0.0,1,0,0.0,0.0,0.0,1.0,A01
201800013706,0.0,13,0,0.0,0.0,0.0,9.0,B01
201800013707,2.0,33,0,0.0,2.0,1.0,1.0,A01
201800013707,2.0,7,0,0.0,0.0,6.0,1.0,B01
201800013708,2.0,7,0,13.0,0.0,9.0,1.0,A01
201800013709,0.0,7,0,0.0,0.0,2.0,15.0,A01
201800013709,0.0,1,0,0.0,2.0,1.0,0.0,B01
201800013710,2.0,31,0,0.0,2.0,1.0,1.0,A01
201800013710,1.0,17,0,0.0,2.0,3.0,1.0,B01
201800013711,1.0,32,0,0.0,2.0,1.0,2.0,A01
201800013711,1.0,7,0,0.0,2.0,6.0,15.0,B01
201800013712,2.0,7,0,6.0,0.0,1.0,1.0,A01
201800013713,0.0,7,0,0.0,2.0,1.0,17.0,A01
201800013713,0.0,7,0,0.0,2.0,8.0,15.0,B01
201800013714,1.0,7,0,0.0,2.0,1.0,5.0,A01
201800013714,2.0,7,0,0.0,2.0,1.0,1.0,B01
201800013715,1.0,7,0,0.0,2.0,3.0,0.0,A01
201800013715,2.0,34,0,0.0,2.0,1.0,1.0,B01
201800013716,2.0,33,0,0.0,0.0,3.0,1.0,A01
201800013717,0.0,1,0,6.0,0.0,1.0,1.0,A01
201800013718,0.0,7,0,0.0,2.0,3.0,0.0,A01
201800013718,0.0,7,0,0.0,2.0,8.0,0.0,B01
201800013719,1.0,7,0,1.0,2.0,3.0,13.0,A01
201800013719,2.0,7,0,0.0,2.0,3.0,1.0,B01
201800013720,2.0,7,0,0.0,2.0,3.0,0.0,A01
201800013720,1.0,33,0,0.0,2.0,2.0,17.0,B01
201800013721,1.0,7,0,0.0,2.0,3.0,1.0,A01
201800013721,2.0,33,0,0.0,2.0,1.0,5.0,B01
201800013722,2.0,7,0,0.0,1.0,1.0,6.0,A01
201800013723,1.0,33,0,3.0,0.0,2.0,0.0,A01
201800013724,0.0,7,0,9.0,0.0,2.0,14.0,A01
201800013725,2.0,33,0,0.0,0.0,3.0,0.0,A01
201800013726,1.0,7,0,0.0,2.0,5.0,1.0,A01
201800013726,2.0,7,0,0.0,2.0,1.0,1.0,B01
201800013727,2.0,7,0,6.0,0.0,1.0,1.0,A01
201800013728,2.0,33,0,0.0,2.0,1.0,17.0,A01
201800013728,1.0,7,0,0.0,2.0,1.0,1.0,B01
201800013729,0.0,7,0,15.0,0.0,2.0,14.0,A01
201800013730,0.0,7,0,0.0,2.0,3.0,1.0,A01
201800013731,1.0,33,0,0.0,2.0,1.0,2.0,A01
201800013731,1.0,33,0,0.0,2.0,1.0,2.0,B01
201800013731,2.0,7,0,0.0,9.0,1.0,1.0,C01
201800013732,0.0,7,0,13.0,0.0,3.0,1.0,A01
201800013733,0.0,7,0,0.0,2.0,3.0,1.0,A01
201800013733,0.0,7,0,0.0,2.0,3.0,1.0,B01
201800013734,0.0,33,0,0.0,2.0,7.0,17.0,A01
201800013734,0.0,7,0,0.0,2.0,8.0,1.0,B01
201800013735,0.0,2,0,0.0,9.0,0.0,1.0,A01
201800013736,0.0,33,0,13.0,0.0,1.0,1.0,A01
201800013737,0.0,7,0,0.0,2.0,3.0,13.0,A01
201800013737,0.0,2,0,0.0,2.0,1.0,1.0,B01
201800013738,2.0,1,0,0.0,2.0,1.0,2.0,A01
201800013738,2.0,7,0,0.0,0.0,6.0,23.0,B01
201800013738,1.0,38,2,0.0,2.0,6.0,1.0,C01
201800013739,0.0,33,0,0.0,2.0,2.0,19.0,A01
201800013739,0.0,2,0,0.0,2.0,1.0,1.0,B01
201800013740,1.0,2,0,0.0,2.0,1.0,9.0,A01
201800013740,1.0,7,0,0.0,2.0,7.0,1.0,B01
201800013741,1.0,33,0,0.0,0.0,4.0,16.0,A01
201800013741,1.0,7,0,0.0,2.0,1.0,16.0,B01
201800013742,0.0,33,0,0.0,0.0,6.0,1.0,A01
201800013742,0.0,7,0,0.0,2.0,2.0,0.0,B01
201800013743,0.0,33,0,0.0,0.0,3.0,1.0,B01
201800013743,0.0,7,0,0.0,2.0,2.0,12.0,A01
201800013744,1.0,7,0,0.0,9.0,4.0,4.0,A01
201800013744,1.0,1,0,0.0,2.0,1.0,2.0,B01
201800013745,1.0,31,0,0.0,0.0,0.0,1.0,A01
201800013745,1.0,13,0,0.0,0.0,0.0,1.0,B01
201800013746,1.0,33,0,0.0,1.0,1.0,1.0,A01
201800013746,2.0,7,0,0.0,2.0,3.0,1.0,B01
201800013747,0.0,34,0,0.0,2.0,1.0,1.0,A01
201800013747,0.0,7,0,0.0,2.0,8.0,1.0,B01
201800013748,1.0,7,0,0.0,2.0,2.0,12.0,A01
201800013748,1.0,33,0,0.0,2.0,3.0,1.0,B01
201800013749,0.0,32,0,0.0,2.0,1.0,0.0,A01
201800013749,0.0,7,0,0.0,2.0,3.0,1.0,B01
201800013750,1.0,33,0,0.0,2.0,2.0,1.0,A01
201800013750,2.0,7,0,0.0,0.0,6.0,15.0,B01
201800013751,0.0,34,0,0.0,9.0,8.0,17.0,A01
201800013752,0.0,33,0,0.0,2.0,0.0,13.0,A01
201800013752,0.0,7,0,0.0,2.0,2.0,9.0,B01
201800013753,0.0,33,0,0.0,0.0,8.0,1.0,A01
201800013754,0.0,7,0,0.0,1.0,3.0,1.0,A01
201800013755,2.0,2,0,0.0,0.0,0.0,0.0,A01
201800013756,1.0,7,0,0.0,0.0,4.0,1.0,A01
201800013756,1.0,7,0,0.0,2.0,1.0,1.0,B01
201800013757,0.0,33,0,0.0,0.0,9.0,0.0,A01
201800013758,0.0,33,0,0.0,2.0,1.0,5.0,A01
201800013758,0.0,7,0,0.0,2.0,3.0,1.0,B01
201800013759,0.0,32,0,1.0,0.0,1.0,17.0,A01
201800013759,0.0,7,0,0.0,0.0,6.0,23.0,B01
201800013760,0.0,34,0,12.0,0.0,1.0,17.0,A01
201800013761,2.0,7,0,4.0,0.0,2.0,1.0,A01
201800013762,0.0,7,0,6.0,0.0,2.0,1.0,A01
201800013763,2.0,33,0,0.0,2.0,1.0,1.0,B01
201800013763,1.0,7,0,0.0,2.0,3.0,1.0,A01
201800013764,0.0,7,0,4.0,0.0,1.0,1.0,A01
201800013765,2.0,33,0,0.0,9.0,1.0,0.0,A01
201800013766,1.0,33,0,3.0,0.0,2.0,0.0,A01
201800013767,2.0,7,0,6.0,0.0,1.0,1.0,A01
201800013768,1.0,7,0,0.0,1.0,3.0,1.0,A01
201800013769,0.0,7,0,0.0,1.0,3.0,16.0,A01
201800013770,1.0,10,0,0.0,2.0,2.0,9.0,A01
201800013770,1.0,7,0,0.0,2.0,6.0,1.0,B01
201800013771,2.0,15,0,0.0,0.0,0.0,1.0,A01
201800013771,1.0,33,0,0.0,9.0,1.0,1.0,B01
201800013771,1.0,33,0,0.0,9.0,1.0,1.0,C01
201800013772,2.0,33,0,4.0,0.0,8.0,0.0,A01
201800013773,2.0,33,0,13.0,0.0,8.0,1.0,A01
201800013774,2.0,33,0,0.0,0.0,8.0,15.0,A01
201800013775,2.0,7,0,0.0,2.0,3.0,17.0,A01
201800013775,1.0,7,0,0.0,2.0,3.0,1.0,B01
201800013776,1.0,33,0,0.0,0.0,8.0,1.0,A01
201800013777,1.0,33,0,0.0,0.0,9.0,1.0,A01
201800013778,,7,0,0.0,2.0,3.0,1.0,A01
201800013778,,7,0,8.0,0.0,2.0,1.0,B01
201800013779,2.0,7,0,0.0,2.0,3.0,17.0,A01
201800013779,1.0,14,0,0.0,2.0,3.0,1.0,B01
201800013780,2.0,7,0,0.0,2.0,1.0,1.0,A01
201800013780,1.0,7,0,0.0,2.0,3.0,1.0,B01
201800013781,2.0,7,0,0.0,1.0,1.0,1.0,A01
201800013782,2.0,7,0,8.0,0.0,1.0,14.0,A01
201800013783,2.0,7,0,0.0,2.0,6.0,15.0,A01
201800013783,1.0,31,0,0.0,2.0,1.0,1.0,B01
201800013784,0.0,2,0,0.0,2.0,8.0,1.0,A01
201800013784,0.0,7,0,0.0,2.0,3.0,1.0,B01
201800013785,1.0,33,0,13.0,0.0,1.0,1.0,A01
201800013786,1.0,15,0,0.0,2.0,3.0,1.0,B01
201800013786,2.0,7,0,0.0,2.0,1.0,13.0,A01
201800013787,0.0,31,0,0.0,0.0,8.0,1.0,A01
201800013788,0.0,7,0,0.0,2.0,8.0,13.0,A01
201800013788,0.0,33,0,0.0,2.0,3.0,13.0,B01
201800013789,1.0,31,0,13.0,0.0,3.0,1.0,A01
201800013790,0.0,7,0,15.0,0.0,1.0,1.0,A01
201800013791,0.0,31,0,0.0,2.0,1.0,1.0,B01
201800013791,0.0,7,0,0.0,2.0,6.0,19.0,A01
201800013792,1.0,7,0,13.0,0.0,3.0,13.0,A01
201800013793,1.0,10,0,0.0,2.0,0.0,1.0,B01
201800013793,2.0,15,0,0.0,2.0,3.0,1.0,D01