Num_Acc,senc,catv,occutc,obs,obsm,choc,manv,num_veh
201800013793,1.0,7,0,0.0,2.0,3.0,13.0,A01
201800013793,2.0,7,0,0.0,2.0,1.0,1.0,C01
201800013794,1.0,15,0,0.0,2.0,3.0,1.0,B01
201800013794,2.0,7,0,0.0,2.0,3.0,1.0,A01
201800013794,1.0,7,0,0.0,2.0,0.0,1.0,C01
201800013795,2.0,7,0,0.0,2.0,8.0,15.0,B01
201800013795,2.0,33,0,0.0,2.0,1.0,17.0,A01
201800013796,2.0,33,0,2.0,0.0,1.0,0.0,A01
201800013797,1.0,1,0,0.0,0.0,4.0,1.0,B01
201800013797,1.0,10,0,0.0,9.0,2.0,2.0,A01
201800013798,0.0,7,0,0.0,2.0,3.0,1.0,B01
201800013798,0.0,1,0,0.0,2.0,8.0,13.0,A01
201800013799,2.0,7,0,13.0,0.0,2.0,1.0,A01
201800013800,2.0,13,0,0.0,0.0,6.0,1.0,B01
201800013800,1.0,7,0,0.0,0.0,1.0,1.0,C01
201800013800,1.0,7,0,0.0,2.0,3.0,1.0,A01
201800013801,0.0,7,0,0.0,2.0,3.0,1.0,A01
201800013801,0.0,7,0,0.0,2.0,3.0,1.0,B01
201800013802,0.0,33,0,0.0,2.0,7.0,1.0,A01
201800013802,0.0,7,0,0.0,2.0,1.0,1.0,B01
201800013803,0.0,2,0,5.0,0.0,8.0,0.0,A01
201800013804,1.0,1,0,0.0,0.0,0.0,1.0,A01
201800013805,2.0,7,0,0.0,2.0,1.0,1.0,B01
201800013805,1.0,7,0,0.0,2.0,2.0,13.0,A01
201800013806,0.0,7,0,13.0,0.0,1.0,1.0,A01
201800013807,1.0,7,0,0.0,0.0,5.0,1.0,A01
201800013807,1.0,7,0,0.0,2.0,3.0,2.0,B01
201800013808,2.0,7,0,0.0,2.0,1.0,1.0,B01
201800013808,1.0,10,0,0.0,2.0,1.0,13.0,A01
201800013809,0.0,33,0,0.0,0.0,7.0,1.0,A01
201800013810,2.0,7,0,13.0,0.0,1.0,1.0,A01
201800013811,1.0,7,0,0.0,2.0,3.0,19.0,A01
201800013811,1.0,7,0,0.0,2.0,1.0,1.0,B01
201800013811,1.0,17,0,0.0,2.0,3.0,24.0,C01
201800013812,1.0,7,0,7.0,2.0,7.0,1.0,A01
201800013812,1.0,7,0,8.0,2.0,1.0,1.0,B01
201800013813,1.0,33,0,0.0,2.0,1.0,0.0,B01
201800013813,1.0,7,0,0.0,2.0,3.0,15.0,A01
201800013814,1.0,3,0,0.0,2.0,1.0,1.0,B01
201800013814,0.0,7,0,0.0,2.0,1.0,13.0,A01
201800013815,1.0,7,0,0.0,2.0,6.0,15.0,A01
201800013815,1.0,7,0,0.0,2.0,8.0,1.0,B01
201800013815,1.0,7,0,0.0,2.0,3.0,1.0,C01
201800013816,1.0,7,0,0.0,2.0,9.0,2.0,A01
201800013816,1.0,7,0,0.0,2.0,5.0,2.0,B01
201800013816,1.0,13,0,0.0,2.0,3.0,1.0,C01
201800013817,1.0,7,0,0.0,2.0,3.0,1.0,A01
201800013817,1.0,33,0,0.0,2.0,8.0,1.0,B01
201800013817,1.0,33,0,0.0,2.0,8.0,1.0,C01
201800013818,1.0,2,0,0.0,0.0,0.0,0.0,A01
201800013819,0.0,7,0,0.0,2.0,3.0,21.0,A01
201800013819,0.0,1,0,0.0,2.0,3.0,17.0,C01
201800013819,0.0,1,0,0.0,2.0,8.0,1.0,B01
201800013820,0.0,21,0,0.0,2.0,2.0,13.0,B01
201800013820,0.0,33,0,0.0,2.0,1.0,1.0,A01
201800013821,2.0,7,0,0.0,1.0,3.0,1.0,A01
201800013822,2.0,1,0,1.0,0.0,1.0,0.0,A01
201800013823,1.0,7,0,0.0,2.0,2.0,1.0,B01
201800013823,2.0,7,0,0.0,2.0,2.0,5.0,A01
201800013824,2.0,7,0,0.0,2.0,1.0,13.0,A01
201800013824,1.0,7,0,0.0,2.0,1.0,1.0,B01
201800013825,0.0,7,0,0.0,2.0,2.0,1.0,A01
201800013825,0.0,7,0,0.0,2.0,1.0,1.0,B01
201800013826,2.0,7,0,0.0,2.0,6.0,1.0,A01
201800013826,2.0,2,0,0.0,2.0,1.0,1.0,B01
201800013827,0.0,33,0,0.0,0.0,0.0,1.0,A01
201800013828,0.0,7,0,13.0,0.0,1.0,1.0,A01
201800013829,1.0,10,0,2.0,2.0,1.0,1.0,A01
201800013829,1.0,7,0,0.0,0.0,6.0,1.0,B01
201800013830,0.0,7,0,0.0,1.0,2.0,1.0,A01
201800013831,1.0,31,0,0.0,2.0,1.0,1.0,B01
201800013831,2.0,7,0,0.0,2.0,2.0,15.0,A01
201800013832,2.0,7,0,3.0,0.0,9.0,0.0,A01
201800013833,1.0,7,0,13.0,0.0,6.0,1.0,A01
201800013834,1.0,7,0,12.0,0.0,1.0,0.0,A01
201800013835,1.0,7,0,13.0,0.0,3.0,0.0,A01
201800013836,1.0,7,0,0.0,2.0,4.0,23.0,B01
201800013836,1.0,7,0,0.0,2.0,1.0,2.0,A01
201800013836,1.0,7,0,0.0,2.0,4.0,2.0,C01
201800013836,1.0,7,0,0.0,2.0,4.0,2.0,D01
201800013837,0.0,7,0,0.0,1.0,3.0,15.0,A01
201800013838,0.0,7,0,8.0,0.0,3.0,1.0,A01
201800013839,1.0,7,0,,2.0,1.0,13.0,A01
201800013839,2.0,7,0,,2.0,1.0,1.0,B01
201800013840,2.0,33,0,0.0,6.0,1.0,1.0,A01
201800013841,1.0,2,0,12.0,0.0,2.0,1.0,A01
201800013842,2.0,7,0,0.0,0.0,5.0,1.0,B01
201800013842,2.0,7,0,0.0,2.0,1.0,1.0,A01
201800013843,1.0,7,0,15.0,0.0,2.0,1.0,A01
201800013844,1.0,7,0,0.0,2.0,3.0,1.0,B01
201800013844,1.0,7,0,0.0,2.0,7.0,19.0,A01
201800013845,1.0,7,0,0.0,2.0,1.0,1.0,B01
201800013845,2.0,7,0,0.0,2.0,1.0,5.0,A01
201800013846,0.0,33,0,0.0,2.0,2.0,0.0,A01
201800013846,0.0,7,0,0.0,2.0,2.0,19.0,B01
201800013847,2.0,33,0,0.0,2.0,3.0,17.0,A01
201800013847,2.0,7,0,0.0,2.0,3.0,17.0,B01
201800013847,2.0,21,0,0.0,0.0,0.0,1.0,C01
201800013848,2.0,33,0,0.0,0.0,7.0,1.0,A01
201800013849,0.0,7,0,0.0,2.0,8.0,9.0,A01
201800013849,0.0,2,0,0.0,2.0,1.0,1.0,B01
201800013850,1.0,10,0,0.0,2.0,3.0,10.0,A01
201800013850,2.0,33,0,0.0,2.0,1.0,1.0,B01
201800013851,2.0,10,0,0.0,2.0,8.0,15.0,B01
201800013851,1.0,33,0,0.0,2.0,1.0,17.0,A01
201800013852,1.0,14,0,0.0,2.0,8.0,1.0,B01
201800013852,2.0,7,0,0.0,2.0,3.0,1.0,A01
201800013853,2.0,7,0,2.0,0.0,7.0,1.0,A01
201800013854,1.0,33,0,0.0,2.0,1.0,1.0,B01
201800013854,1.0,7,0,0.0,2.0,1.0,5.0,A01
201800013855,0.0,7,0,0.0,2.0,2.0,17.0,A01
201800013855,0.0,2,0,0.0,2.0,8.0,15.0,B01
201800013856,2.0,31,0,0.0,0.0,8.0,1.0,B01
201800013856,1.0,7,0,0.0,2.0,1.0,15.0,A01
201800013857,1.0,7,0,13.0,0.0,2.0,1.0,A01
201800013858,2.0,2,0,0.0,1.0,1.0,1.0,A01
201800013859,0.0,1,0,0.0,0.0,0.0,1.0,A01
201800013860,2.0,2,0,0.0,2.0,1.0,13.0,A01
201800013860,1.0,7,0,0.0,2.0,1.0,1.0,B01
201800013861,2.0,7,0,8.0,0.0,7.0,1.0,A01
201800013862,1.0,1,0,0.0,2.0,8.0,1.0,B01
201800013862,1.0,7,0,0.0,9.0,2.0,14.0,A01
201800013863,0.0,7,0,0.0,0.0,8.0,0.0,A01
201800013864,0.0,33,0,0.0,0.0,7.0,14.0,A01
201800013865,1.0,2,0,13.0,0.0,7.0,1.0,A01
201800013866,1.0,2,0,1.0,0.0,1.0,2.0,A01
201800013867,0.0,1,0,0.0,2.0,1.0,1.0,B01
201800013867,1.0,15,0,0.0,2.0,6.0,1.0,A01
201800013868,1.0,33,0,0.0,9.0,1.0,1.0,B01
201800013868,1.0,1,0,0.0,0.0,4.0,11.0,A01
201800013869,2.0,7,0,0.0,2.0,3.0,1.0,B01
201800013869,1.0,7,0,0.0,2.0,3.0,13.0,A01
201800013870,1.0,7,0,0.0,2.0,3.0,1.0,B01
201800013870,2.0,31,0,0.0,2.0,1.0,13.0,A01
201800013870,1.0,7,0,0.0,9.0,1.0,1.0,C01
201800013871,0.0,7,0,0.0,1.0,3.0,1.0,A01
201800013872,1.0,2,0,0.0,0.0,8.0,0.0,A01
201800013873,0.0,7,0,14.0,4.0,2.0,1.0,A01
201800013873,2.0,39,60,0.0,2.0,8.0,1.0,B01
201800013874,0.0,2,0,0.0,2.0,8.0,15.0,B01
201800013874,0.0,2,0,0.0,2.0,1.0,1.0,A01
201800013875,0.0,10,0,0.0,1.0,4.0,1.0,A01
201800013876,1.0,7,0,0.0,1.0,1.0,20.0,A01
201800013877,2.0,7,0,0.0,2.0,1.0,0.0,B01
201800013877,1.0,7,0,0.0,2.0,3.0,13.0,A01
201800013878,1.0,7,0,0.0,0.0,8.0,1.0,B01
201800013878,1.0,7,0,0.0,0.0,1.0,19.0,A01
201800013879,1.0,1,0,0.0,2.0,8.0,1.0,B01
201800013879,1.0,17,0,0.0,9.0,5.0,17.0,A01
201800013880,1.0,7,0,0.0,2.0,3.0,13.0,A01
201800013880,2.0,7,0,0.0,2.0,3.0,1.0,B01
201800013881,1.0,7,0,0.0,2.0,1.0,15.0,B01
201800013881,1.0,7,0,8.0,0.0,1.0,17.0,A01
201800013882,0.0,7,0,0.0,1.0,1.0,16.0,A01
201800013883,1.0,7,0,0.0,2.0,2.0,15.0,A01
201800013883,2.0,7,0,0.0,2.0,1.0,1.0,B01
201800013884,1.0,7,0,0.0,1.0,2.0,1.0,A01
201800013885,2.0,7,0,0.0,2.0,1.0,1.0,B01
201800013885,1.0,17,0,0.0,2.0,1.0,1.0,A01
201800013886,2.0,2,0,0.0,1.0,1.0,1.0,A01
201800013887,1.0,33,0,13.0,0.0,8.0,0.0,A01
201800013888,0.0,33,0,0.0,2.0,1.0,1.0,B01
201800013888,0.0,7,0,0.0,2.0,3.0,15.0,A01
201800013889,0.0,7,0,0.0,1.0,1.0,15.0,A01
201800013890,1.0,7,0,0.0,0.0,1.0,1.0,A01
201800013891,1.0,7,0,0.0,2.0,3.0,15.0,A01
201800013891,2.0,7,0,0.0,2.0,3.0,1.0,B01
201800013892,1.0,33,0,0.0,0.0,1.0,0.0,A01
201800013893,0.0,2,0,0.0,0.0,8.0,0.0,A01
201800013894,0.0,7,0,0.0,0.0,3.0,0.0,A01
201800013895,1.0,7,0,13.0,0.0,1.0,0.0,A01
201800013896,1.0,33,0,13.0,0.0,1.0,1.0,A01
201800013897,0.0,3,0,13.0,0.0,3.0,1.0,A01
201800013898,1.0,7,0,0.0,0.0,4.0,1.0,A01
201800013898,1.0,33,0,0.0,2.0,1.0,1.0,B01
201800013899,1.0,2,0,12.0,0.0,7.0,0.0,A01
201800013900,0.0,7,0,6.0,0.0,1.0,0.0,A01
201800013901,1.0,7,0,0.0,2.0,7.0,17.0,A01
201800013901,2.0,1,0,0.0,2.0,8.0,2.0,B01
201800013902,2.0,7,0,0.0,5.0,1.0,0.0,A01
201800013903,1.0,7,0,8.0,0.0,4.0,1.0,A01
201800013904,0.0,7,0,13.0,0.0,3.0,1.0,A01
201800013905,1.0,33,0,0.0,2.0,1.0,1.0,A01
201800013905,1.0,7,0,0.0,0.0,4.0,1.0,B01
201800013906,2.0,7,0,0.0,2.0,2.0,1.0,A01
201800013906,1.0,15,0,0.0,2.0,1.0,1.0,D01
201800013906,1.0,99,0,0.0,2.0,1.0,1.0,C01
201800013906,2.0,7,0,0.0,0.0,4.0,15.0,B01
201800013907,1.0,7,0,6.0,0.0,2.0,1.0,A01
201800013908,0.0,33,0,0.0,0.0,8.0,1.0,A01
201800013909,1.0,10,0,13.0,0.0,3.0,13.0,A01
201800013910,1.0,7,0,8.0,0.0,1.0,1.0,A01
201800013911,2.0,7,0,0.0,6.0,1.0,1.0,A01
201800013912,1.0,33,0,0.0,2.0,1.0,1.0,A01
201800013912,2.0,7,0,0.0,2.0,3.0,19.0,B01
201800013913,1.0,7,0,0.0,2.0,1.0,1.0,A01
201800013913,2.0,7,0,0.0,2.0,1.0,15.0,B01
201800013914,1.0,3,0,0.0,2.0,2.0,19.0,A01
201800013914,2.0,7,0,0.0,2.0,1.0,1.0,B01
201800013915,0.0,7,0,0.0,1.0,1.0,1.0,A01
201800013916,0.0,7,0,6.0,0.0,1.0,1.0,A01
201800013917,2.0,7,0,0.0,2.0,3.0,1.0,B01
201800013917,0.0,7,0,0.0,2.0,2.0,9.0,A01
201800013918,0.0,33,0,6.0,0.0,1.0,1.0,A01
201800013919,0.0,7,0,5.0,0.0,6.0,16.0,A01
201800013920,0.0,7,0,0.0,0.0,1.0,2.0,A01
201800013920,1.0,2,0,0.0,2.0,6.0,2.0,B01
201800013921,1.0,7,0,0.0,1.0,2.0,1.0,A01
201800013922,1.0,36,0,13.0,0.0,1.0,17.0,A01
201800013923,1.0,33,0,13.0,0.0,1.0,1.0,A01
201800013924,0.0,1,0,8.0,0.0,8.0,16.0,A01
201800013925,1.0,7,0,9.0,0.0,1.0,14.0,A01
201800013926,2.0,7,0,15.0,0.0,9.0,1.0,A01
201800013927,0.0,7,0,13.0,0.0,1.0,1.0,A01
201800013928,0.0,2,0,12.0,0.0,1.0,1.0,A01
201800013929,2.0,7,0,13.0,0.0,2.0,1.0,A01
201800013930,,7,0,0.0,0.0,1.0,1.0,A01
201800013930,,7,0,8.0,0.0,2.0,1.0,B01
201800013931,1.0,7,0,0.0,2.0,4.0,15.0,B01
201800013931,1.0,7,0,0.0,2.0,1.0,1.0,A01
201800013932,1.0,7,0,0.0,1.0,2.0,9.0,A01
201800013933,2.0,7,0,13.0,0.0,1.0,1.0,A01
201800013934,2.0,7,0,0.0,5.0,1.0,1.0,A01
201800013935,0.0,7,0,0.0,6.0,3.0,1.0,A01
201800013936,0.0,7,0,2.0,0.0,7.0,1.0,A01
201800013937,1.0,7,0,2.0,0.0,1.0,1.0,A01
201800013938,1.0,10,0,0.0,1.0,3.0,1.0,A01
201800013939,0.0,33,0,2.0,0.0,1.0,18.0,A01
201800013940,1.0,7,0,6.0,0.0,1.0,1.0,A01
201800013941,0.0,33,0,0.0,2.0,1.0,13.0,A01
201800013941,0.0,7,0,0.0,2.0,1.0,1.0,B01
201800013942,1.0,13,0,0.0,2.0,1.0,1.0,B01
201800013942,2.0,7,0,0.0,2.0,2.0,13.0,A01
201800013943,0.0,7,0,6.0,0.0,2.0,0.0,A01
201800013944,0.0,7,0,0.0,2.0,3.0,19.0,B01
201800013944,0.0,7,0,0.0,2.0,1.0,1.0,A01
201800013945,1.0,7,0,6.0,0.0,1.0,1.0,A01
201800013946,2.0,2,0,0.0,2.0,1.0,5.0,A01
201800013946,1.0,7,0,0.0,2.0,3.0,1.0,B01
201800013947,2.0,1,0,0.0,6.0,3.0,1.0,A01
201800013948,2.0,7,0,13.0,0.0,3.0,13.0,A01
201800013949,1.0,7,0,0.0,2.0,8.0,19.0,B01
201800013949,1.0,33,0,0.0,2.0,1.0,1.0,A01
201800013950,1.0,33,0,0.0,0.0,1.0,1.0,A01
201800013951,2.0,33,0,13.0,0.0,2.0,1.0,A01
201800013952,2.0,33,0,13.0,0.0,1.0,1.0,A01
201800013953,2.0,7,0,13.0,0.0,1.0,1.0,A01
201800013954,2.0,2,0,0.0,0.0,1.0,1.0,A01
201800013955,2.0,7,0,0.0,2.0,3.0,19.0,A01
201800013955,2.0,33,0,0.0,2.0,7.0,1.0,B01
201800013956,1.0,7,0,0.0,1.0,7.0,1.0,A01
201800013957,1.0,21,0,0.0,0.0,0.0,11.0,B01
201800013957,2.0,33,0,0.0,0.0,2.0,17.0,A01
201800013958,2.0,7,0,0.0,2.0,3.0,1.0,A01
201800013958,2.0,7,0,0.0,2.0,2.0,1.0,B01
201800013959,1.0,7,0,2.0,0.0,0.0,1.0,A01
201800013960,1.0,7,0,0.0,1.0,3.0,1.0,A01
201800013961,0.0,1,0,0.0,2.0,1.0,15.0,A01
201800013961,0.0,7,0,0.0,2.0,1.0,1.0,B01
201800013962,1.0,7,0,0.0,1.0,0.0,1.0,A01
201800013963,1.0,7,0,0.0,1.0,1.0,1.0,A01
201800013964,1.0,7,0,0.0,2.0,6.0,15.0,A01
201800013964,2.0,7,0,0.0,2.0,3.0,1.0,B01
201800013965,1.0,7,0,0.0,1.0,1.0,1.0,A01
201800013966,1.0,7,0,12.0,9.0,7.0,1.0,B01
201800013966,2.0,17,0,0.0,2.0,1.0,1.0,A01
201800013967,2.0,31,0,0.0,0.0,0.0,2.0,A01
201800013968,1.0,7,0,0.0,0.0,8.0,1.0,A01
201800013969,1.0,7,0,0.0,1.0,2.0,1.0,A01
201800013970,0.0,30,0,0.0,2.0,2.0,1.0,B01
201800013970,0.0,7,0,0.0,2.0,3.0,17.0,A01
201800013971,2.0,7,0,3.0,0.0,3.0,3.0,A01
201800013972,1.0,7,0,2.0,0.0,1.0,1.0,A01
201800013973,1.0,2,0,0.0,2.0,1.0,0.0,A01
201800013973,2.0,15,0,0.0,2.0,1.0,1.0,B01
201800013974,1.0,3,0,16.0,0.0,2.0,1.0,A01
201800013975,2.0,7,0,3.0,0.0,3.0,0.0,A01
201800013976,1.0,7,0,13.0,0.0,2.0,1.0,A01
201800013977,2.0,38,1,0.0,0.0,2.0,1.0,B01
201800013977,1.0,7,0,0.0,0.0,1.0,5.0,A01
201800013978,2.0,33,0,1.0,1.0,1.0,15.0,A01
201800013979,1.0,7,0,13.0,0.0,3.0,1.0,A01
201800013980,2.0,7,0,0.0,1.0,2.0,1.0,A01
201800013981,2.0,7,0,0.0,2.0,8.0,19.0,A01
201800013981,2.0,7,0,0.0,2.0,2.0,1.0,B01
201800013982,1.0,7,0,0.0,1.0,2.0,1.0,A01
201800013983,2.0,33,0,0.0,0.0,7.0,1.0,A01
201800013984,1.0,33,0,0.0,2.0,7.0,1.0,B01
201800013984,2.0,7,0,0.0,2.0,2.0,20.0,A01
201800013985,1.0,32,0,0.0,2.0,5.0,23.0,B01
201800013985,1.0,7,0,0.0,2.0,3.0,2.0,C01
201800013985,1.0,7,0,0.0,0.0,4.0,23.0,A01
201800013986,1.0,10,0,7.0,0.0,1.0,1.0,A01
201800013987,1.0,7,0,0.0,2.0,2.0,9.0,B01
201800013987,1.0,7,0,0.0,2.0,1.0,15.0,A01
201800013988,1.0,7,0,2.0,0.0,1.0,1.0,A01
201800013989,1.0,36,0,6.0,0.0,1.0,16.0,A01
201800013990,2.0,7,0,5.0,0.0,2.0,2.0,A01
201800013991,2.0,7,0,16.0,0.0,1.0,17.0,A01
201800013992,1.0,7,0,0.0,2.0,1.0,1.0,B01
201800013992,2.0,7,0,0.0,2.0,8.0,15.0,A01
201800013993,1.0,7,0,2.0,0.0,3.0,13.0,A01
201800013994,1.0,7,0,0.0,0.0,8.0,1.0,A01
201800013995,1.0,2,0,12.0,0.0,2.0,1.0,A01
201800013996,2.0,33,0,0.0,0.0,1.0,16.0,A01
201800013997,1.0,31,0,0.0,0.0,4.0,15.0,B01
201800013997,1.0,2,0,0.0,2.0,1.0,1.0,A01
201800013998,2.0,7,0,0.0,1.0,1.0,1.0,A01
201800013999,2.0,7,0,2.0,0.0,8.0,0.0,A01
201800014000,2.0,99,0,0.0,0.0,1.0,15.0,A01
201800014000,2.0,7,0,2.0,0.0,1.0,17.0,B01
201800014001,0.0,17,0,0.0,1.0,2.0,0.0,A01
201800014002,0.0,7,0,0.0,1.0,1.0,16.0,A01
201800014003,0.0,7,0,0.0,0.0,0.0,1.0,A01
201800014004,1.0,7,0,0.0,0.0,6.0,15.0,A01
201800014004,2.0,1,0,7.0,2.0,1.0,1.0,B01
201800014005,2.0,7,0,0.0,2.0,3.0,13.0,A01
201800014005,1.0,7,0,0.0,2.0,3.0,1.0,B01
201800014006,1.0,7,0,6.0,0.0,1.0,0.0,A01
201800014007,1.0,7,0,0.0,2.0,3.0,2.0,C01
201800014007,1.0,7,0,0.0,2.0,1.0,1.0,B01
201800014007,1.0,7,0,0.0,2.0,1.0,1.0,D01
201800014007,1.0,7,0,0.0,2.0,1.0,5.0,A01
201800014008,2.0,1,0,0.0,2.0,1.0,15.0,A01
201800014008,2.0,7,0,0.0,2.0,2.0,17.0,B01
201800014009,2.0,7,0,0.0,0.0,5.0,2.0,A01
201800014009,2.0,33,0,0.0,2.0,4.0,2.0,B01
201800014009,2.0,33,0,0.0,0.0,0.0,2.0,D01
201800014009,2.0,33,0,0.0,2.0,1.0,2.0,C01
201800014010,0.0,7,0,0.0,2.0,8.0,9.0,A01
201800014010,1.0,33,0,0.0,2.0,1.0,1.0,B01
201800014011,2.0,33,0,0.0,0.0,3.0,1.0,A01
201800014012,2.0,33,0,6.0,0.0,0.0,0.0,A01
201800014013,1.0,7,0,0.0,1.0,3.0,1.0,A01
201800014014,1.0,7,0,0.0,1.0,1.0,1.0,A01
201800014015,1.0,7,0,15.0,0.0,8.0,13.0,A01
201800014016,0.0,30,0,0.0,2.0,1.0,1.0,B01
201800014016,0.0,7,0,0.0,2.0,2.0,15.0,A01
201800014017,0.0,39,0,0.0,2.0,1.0,1.0,A01
201800014017,2.0,10,0,14.0,4.0,8.0,23.0,B01
201800014018,0.0,7,0,0.0,2.0,3.0,15.0,B01
201800014018,0.0,30,0,0.0,2.0,1.0,1.0,A01
201800014019,2.0,7,0,0.0,2.0,4.0,23.0,A01
201800014019,2.0,10,0,0.0,2.0,1.0,2.0,C01
201800014019,2.0,7,0,0.0,2.0,4.0,23.0,B01
201800014020,2.0,7,0,8.0,0.0,3.0,13.0,A01
201800014021,2.0,7,0,0.0,2.0,6.0,19.0,A01
201800014021,1.0,7,0,0.0,2.0,3.0,1.0,B01
201800014022,1.0,7,0,0.0,2.0,1.0,1.0,A01
201800014022,1.0,7,0,0.0,2.0,4.0,23.0,B01
201800014023,0.0,7,0,9.0,1.0,1.0,14.0,A01
201800014024,2.0,7,0,13.0,0.0,3.0,14.0,A01
201800014025,2.0,7,0,2.0,0.0,1.0,13.0,A01
201800014026,2.0,7,0,13.0,0.0,2.0,17.0,A01
201800014027,1.0,7,0,0.0,2.0,1.0,1.0,B01
201800014027,1.0,20,0,0.0,2.0,7.0,19.0,A01
201800014028,1.0,10,0,0.0,2.0,1.0,2.0,A01
201800014028,1.0,7,0,0.0,2.0,4.0,2.0,B01
201800014029,0.0,7,0,1.0,0.0,9.0,2.0,A01
201800014030,1.0,7,0,0.0,2.0,2.0,19.0,B01
201800014030,1.0,7,0,0.0,2.0,3.0,1.0,A01
201800014031,1.0,7,0,0.0,2.0,8.0,1.0,B01
201800014031,1.0,7,0,0.0,2.0,1.0,19.0,A01
201800014032,0.0,7,0,15.0,0.0,9.0,0.0,A01
201800014033,1.0,7,0,0.0,1.0,3.0,20.0,A01
201800014034,0.0,7,0,0.0,2.0,5.0,0.0,A01
201800014034,0.0,7,0,0.0,2.0,1.0,1.0,B01
201800014035,0.0,15,0,0.0,1.0,3.0,0.0,A01
201800014036,0.0,1,0,0.0,2.0,1.0,1.0,B01
201800014036,0.0,10,0,0.0,2.0,1.0,1.0,A01
201800014037,1.0,31,0,0.0,2.0,0.0,0.0,B01
201800014037,0.0,7,0,0.0,2.0,3.0,9.0,A01
201800014038,1.0,3,0,1.0,0.0,2.0,14.0,A01
201800014039,0.0,7,0,0.0,1.0,1.0,0.0,A01
201800014040,0.0,7,0,0.0,0.0,9.0,1.0,A01
201800014041,1.0,7,0,0.0,1.0,7.0,1.0,A01
201800014042,0.0,7,0,0.0,2.0,1.0,1.0,B01
201800014042,0.0,7,0,0.0,2.0,3.0,15.0,A01
201800014043,0.0,7,0,0.0,1.0,1.0,0.0,A01
201800014044,1.0,7,0,1.0,0.0,2.0,1.0,A01
201800014045,0.0,10,0,0.0,2.0,9.0,0.0,B01
201800014045,0.0,10,0,0.0,2.0,2.0,0.0,A01
201800014046,2.0,7,0,0.0,2.0,3.0,0.0,B01
201800014046,1.0,7,0,0.0,2.0,3.0,13.0,A01
201800014047,0.0,7,0,0.0,2.0,3.0,19.0,A01
201800014047,0.0,2,0,0.0,2.0,1.0,1.0,B01
201800014048,0.0,7,0,9.0,0.0,1.0,16.0,A01
201800014049,0.0,7,0,0.0,2.0,7.0,16.0,A01
201800014049,0.0,99,0,0.0,2.0,6.0,0.0,B01
201800014050,1.0,15,0,0.0,1.0,6.0,24.0,B01
201800014050,1.0,7,0,0.0,2.0,2.0,0.0,A01
201800014051,0.0,7,0,0.0,2.0,3.0,1.0,A01
201800014051,0.0,99,0,0.0,2.0,1.0,19.0,B01
201800014052,1.0,7,0,0.0,1.0,2.0,1.0,A01
201800014053,1.0,10,0,0.0,4.0,3.0,1.0,A01
201800014053,1.0,39,1,0.0,2.0,2.0,1.0,B01
201800014054,2.0,7,0,13.0,2.0,3.0,0.0,B01
201800014054,1.0,7,0,0.0,2.0,3.0,13.0,A01
201800014055,0.0,7,0,8.0,0.0,2.0,0.0,A01
201800014056,2.0,7,0,2.0,0.0,1.0,1.0,A01
201800014057,0.0,2,0,0.0,2.0,1.0,5.0,B01
201800014057,0.0,7,0,0.0,2.0,2.0,1.0,A01
201800014058,2.0,7,0,3.0,0.0,1.0,0.0,A01
201800014059,1.0,3,0,0.0,1.0,3.0,1.0,A01
201800014060,1.0,7,0,0.0,2.0,8.0,9.0,A01
201800014060,2.0,7,0,0.0,2.0,1.0,1.0,B01
201800014061,1.0,31,0,0.0,2.0,0.0,1.0,B01
201800014061,1.0,7,0,0.0,0.0,6.0,0.0,A01
201800014062,0.0,33,0,0.0,2.0,1.0,1.0,B01
201800014062,0.0,7,0,0.0,2.0,8.0,10.0,A01
201800014063,1.0,1,0,12.0,0.0,4.0,1.0,B01
201800014063,1.0,7,0,0.0,9.0,2.0,17.0,A01
201800014064,2.0,33,0,0.0,2.0,8.0,1.0,B01
201800014064,1.0,7,0,0.0,2.0,3.0,15.0,A01
201800014065,0.0,7,0,2.0,0.0,1.0,1.0,A01
201800014066,0.0,7,0,13.0,0.0,2.0,1.0,A01
201800014067,1.0,7,0,0.0,2.0,1.0,19.0,A01
201800014067,1.0,33,0,0.0,2.0,7.0,1.0,B01
201800014068,2.0,7,0,0.0,2.0,2.0,1.0,A01
201800014068,1.0,7,0,0.0,2.0,3.0,13.0,B01
201800014069,1.0,31,0,12.0,0.0,0.0,1.0,A01
201800014070,0.0,33,0,0.0,2.0,1.0,1.0,B01
201800014070,0.0,7,0,0.0,2.0,1.0,15.0,A01
201800014071,2.0,7,0,0.0,2.0,1.0,1.0,B01
201800014071,1.0,7,0,0.0,2.0,1.0,5.0,A01
201800014072,2.0,7,0,0.0,2.0,1.0,13.0,A01
201800014072,1.0,7,0,0.0,2.0,1.0,21.0,B01
201800014073,2.0,7,0,0.0,2.0,3.0,13.0,A01
201800014073,1.0,7,0,0.0,2.0,3.0,1.0,C01
201800014073,1.0,7,0,0.0,2.0,3.0,1.0,B01
201800014074,1.0,10,0,0.0,2.0,1.0,0.0,C01
201800014074,2.0,10,0,0.0,2.0,7.0,15.0,A01
201800014074,1.0,33,0,0.0,2.0,1.0,1.0,B01
201800014075,2.0,7,0,0.0,2.0,3.0,1.0,B01
201800014075,1.0,7,0,0.0,2.0,3.0,1.0,A01
201800014076,1.0,7,0,0.0,1.0,0.0,,A01