Num_Acc,senc,catv,occutc,obs,obsm,choc,manv,num_veh
201800014077,2.0,33,0,3.0,2.0,3.0,1.0,B01
201800014077,2.0,7,0,0.0,2.0,3.0,13.0,A01
201800014078,2.0,7,0,0.0,2.0,7.0,1.0,A01
201800014078,1.0,14,0,0.0,2.0,1.0,1.0,B01
201800014079,1.0,7,0,0.0,2.0,3.0,1.0,B01
201800014079,2.0,7,0,0.0,2.0,2.0,15.0,A01
201800014080,2.0,1,0,0.0,2.0,3.0,1.0,A01
201800014080,1.0,7,0,0.0,9.0,3.0,21.0,B01
201800014081,2.0,33,0,0.0,2.0,3.0,1.0,A01
201800014081,1.0,33,0,0.0,2.0,2.0,1.0,B01
201800014082,2.0,7,0,2.0,0.0,2.0,0.0,A01
201800014083,1.0,33,0,0.0,0.0,3.0,13.0,A01
201800014083,2.0,7,0,0.0,0.0,3.0,21.0,B01
201800014084,2.0,7,0,2.0,0.0,1.0,0.0,A01
201800014085,2.0,7,0,0.0,2.0,1.0,1.0,B01
201800014085,1.0,7,0,0.0,2.0,3.0,1.0,A01
201800014086,1.0,10,0,3.0,0.0,1.0,14.0,A01
201800014087,2.0,7,0,15.0,0.0,1.0,16.0,A01
201800014088,2.0,7,0,0.0,2.0,1.0,1.0,A01
201800014088,1.0,7,0,0.0,2.0,1.0,13.0,B01
201800014089,1.0,7,0,13.0,0.0,1.0,13.0,A01
201800014090,2.0,7,0,0.0,2.0,3.0,1.0,B01
201800014090,1.0,7,0,0.0,2.0,3.0,15.0,A01
201800014091,2.0,15,0,4.0,0.0,0.0,13.0,A01
201800014092,2.0,7,0,0.0,2.0,3.0,0.0,B01
201800014092,1.0,14,0,0.0,2.0,3.0,1.0,A01
201800014093,2.0,7,0,6.0,0.0,7.0,1.0,A01
201800014094,1.0,7,0,0.0,1.0,2.0,1.0,A01
201800014095,1.0,7,0,0.0,2.0,1.0,15.0,A01
201800014095,2.0,7,0,13.0,2.0,1.0,1.0,B01
201800014095,1.0,7,0,0.0,2.0,1.0,23.0,C01
201800014095,1.0,7,0,0.0,2.0,3.0,1.0,D01
201800014096,2.0,7,0,0.0,6.0,1.0,1.0,A01
201800014097,1.0,10,0,0.0,2.0,1.0,1.0,A01
201800014097,1.0,7,0,0.0,2.0,9.0,1.0,B01
201800014097,1.0,7,0,0.0,0.0,6.0,23.0,C01
201800014098,1.0,7,0,0.0,2.0,1.0,1.0,B01
201800014098,2.0,3,0,0.0,2.0,1.0,13.0,A01
201800014099,1.0,7,0,0.0,1.0,4.0,4.0,A01
201800014100,2.0,7,0,0.0,2.0,1.0,1.0,D01
201800014100,2.0,7,0,0.0,2.0,8.0,1.0,B01
201800014100,1.0,7,0,0.0,2.0,8.0,13.0,A01
201800014100,2.0,7,0,0.0,2.0,1.0,1.0,C01
201800014101,2.0,7,0,0.0,2.0,2.0,11.0,B01
201800014101,1.0,7,0,0.0,2.0,1.0,1.0,A01
201800014102,1.0,33,0,0.0,2.0,8.0,1.0,B01
201800014102,2.0,7,0,0.0,2.0,2.0,15.0,A01
201800014103,0.0,2,0,0.0,1.0,1.0,1.0,A01
201800014104,0.0,7,0,13.0,0.0,2.0,1.0,A01
201800014105,2.0,7,0,0.0,2.0,2.0,2.0,A01
201800014105,2.0,1,0,0.0,2.0,8.0,2.0,B01
201800014106,1.0,7,0,0.0,6.0,0.0,1.0,A01
201800014107,1.0,7,0,13.0,0.0,3.0,1.0,A01
201800014108,1.0,10,0,0.0,2.0,1.0,17.0,A01
201800014108,1.0,7,0,0.0,0.0,0.0,23.0,C01
201800014108,2.0,10,0,0.0,2.0,1.0,1.0,B01
201800014109,2.0,7,0,0.0,2.0,1.0,13.0,A01
201800014109,2.0,33,0,13.0,0.0,0.0,1.0,C01
201800014109,1.0,7,0,0.0,2.0,1.0,1.0,B01
201800014110,0.0,7,0,1.0,0.0,1.0,2.0,A01
201800014111,2.0,7,0,0.0,2.0,1.0,17.0,A01
201800014111,2.0,7,0,0.0,0.0,6.0,15.0,B01
201800014112,0.0,2,0,0.0,1.0,1.0,1.0,A01
201800014113,1.0,7,0,0.0,1.0,3.0,1.0,A01
201800014114,1.0,7,0,9.0,0.0,1.0,1.0,A01
201800014115,1.0,7,0,0.0,2.0,2.0,17.0,A01
201800014115,1.0,15,0,0.0,0.0,6.0,1.0,B01
201800014116,1.0,7,0,0.0,1.0,3.0,17.0,A01
201800014117,2.0,7,0,0.0,2.0,3.0,1.0,A01
201800014117,1.0,7,0,0.0,2.0,3.0,1.0,B01
201800014118,0.0,7,0,0.0,2.0,1.0,1.0,B01
201800014118,2.0,7,0,8.0,2.0,1.0,15.0,A01
201800014119,1.0,7,0,0.0,2.0,4.0,15.0,B01
201800014119,1.0,15,0,0.0,2.0,1.0,2.0,A01
201800014120,1.0,7,0,13.0,0.0,9.0,1.0,A01
201800014121,2.0,7,0,0.0,9.0,8.0,15.0,A01
201800014121,2.0,15,0,3.0,2.0,2.0,17.0,B01
201800014122,1.0,7,0,0.0,2.0,1.0,17.0,A01
201800014122,2.0,7,0,0.0,2.0,1.0,1.0,B01
201800014123,2.0,31,0,0.0,2.0,3.0,13.0,A01
201800014123,1.0,15,0,0.0,2.0,8.0,1.0,B01
201800014124,2.0,2,0,0.0,2.0,1.0,1.0,B01
201800014124,1.0,7,0,0.0,2.0,8.0,15.0,A01
201800014125,0.0,7,0,2.0,0.0,3.0,1.0,A01
201800014126,2.0,2,0,0.0,2.0,1.0,1.0,A01
201800014126,1.0,7,0,0.0,2.0,7.0,1.0,B01
201800014127,2.0,7,0,13.0,0.0,1.0,2.0,A01
201800014128,0.0,2,0,0.0,2.0,8.0,13.0,A01
201800014128,0.0,21,0,0.0,2.0,6.0,1.0,B01
201800014129,2.0,7,0,0.0,2.0,1.0,1.0,B01
201800014129,1.0,7,0,3.0,2.0,1.0,13.0,A01
201800014130,1.0,7,0,0.0,1.0,4.0,20.0,A01
201800014131,2.0,3,0,0.0,2.0,1.0,15.0,A01
201800014131,1.0,7,0,0.0,2.0,3.0,1.0,B01
201800014132,1.0,7,0,0.0,2.0,1.0,1.0,B01
201800014132,2.0,7,0,0.0,2.0,8.0,1.0,A01
201800014133,0.0,7,0,1.0,2.0,3.0,13.0,A01
201800014133,0.0,7,0,0.0,2.0,3.0,1.0,B01
201800014134,0.0,7,0,0.0,2.0,3.0,0.0,A01
201800014134,0.0,34,0,0.0,2.0,1.0,1.0,B01
201800014135,1.0,33,0,15.0,1.0,8.0,1.0,A01
201800014136,2.0,7,0,0.0,2.0,3.0,10.0,B01
201800014136,1.0,2,0,0.0,2.0,1.0,1.0,A01
201800014137,0.0,33,0,8.0,0.0,7.0,1.0,A01
201800014138,1.0,7,0,0.0,0.0,9.0,1.0,A01
201800014139,0.0,7,0,0.0,2.0,3.0,1.0,A01
201800014139,0.0,7,0,0.0,2.0,1.0,1.0,B01
201800014140,0.0,7,0,1.0,0.0,1.0,6.0,A01
201800014141,0.0,7,0,0.0,1.0,1.0,1.0,A01
201800014142,0.0,7,0,0.0,2.0,1.0,1.0,A01
201800014142,0.0,7,0,0.0,2.0,2.0,15.0,B01
201800014143,1.0,7,0,2.0,0.0,1.0,1.0,A01
201800014144,1.0,33,0,0.0,0.0,0.0,1.0,A01
201800014145,2.0,7,0,6.0,0.0,1.0,9.0,A01
201800014146,1.0,7,0,2.0,0.0,3.0,15.0,A01
201800014147,1.0,7,0,2.0,0.0,1.0,11.0,A01
201800014148,2.0,33,0,0.0,2.0,1.0,17.0,A01
201800014148,0.0,7,0,0.0,2.0,2.0,9.0,B01
201800014149,2.0,33,0,0.0,2.0,1.0,13.0,A01
201800014149,1.0,7,0,0.0,2.0,3.0,1.0,B01
201800014150,1.0,7,0,2.0,0.0,1.0,13.0,A01
201800014151,1.0,33,0,0.0,0.0,0.0,0.0,A01
201800014152,0.0,21,0,0.0,0.0,9.0,1.0,A01
201800014153,2.0,7,0,0.0,2.0,7.0,2.0,B01
201800014153,2.0,2,0,0.0,2.0,8.0,2.0,A01
201800014154,2.0,14,0,15.0,0.0,8.0,0.0,A01
201800014155,1.0,10,0,0.0,2.0,3.0,1.0,A01
201800014155,2.0,17,0,0.0,2.0,3.0,1.0,B01
201800014156,1.0,7,0,6.0,0.0,0.0,1.0,A01
201800014157,2.0,99,0,0.0,0.0,9.0,1.0,A01
201800014158,0.0,2,0,0.0,0.0,0.0,1.0,A01
201800014159,0.0,7,0,0.0,2.0,1.0,13.0,B01
201800014159,0.0,13,0,0.0,2.0,1.0,16.0,A01
201800014160,0.0,7,0,13.0,0.0,1.0,1.0,A01
201800014161,2.0,7,0,0.0,2.0,1.0,13.0,A01
201800014161,1.0,7,0,0.0,2.0,1.0,1.0,B01
201800014162,0.0,7,0,0.0,2.0,1.0,1.0,B01
201800014162,0.0,7,0,0.0,2.0,1.0,1.0,A01
201800014163,2.0,7,0,16.0,0.0,3.0,1.0,A01
201800014164,1.0,7,0,12.0,0.0,1.0,2.0,A01
201800014165,1.0,7,0,0.0,9.0,1.0,1.0,A01
201800014166,0.0,36,0,0.0,0.0,0.0,1.0,A01
201800014167,1.0,2,0,0.0,0.0,7.0,1.0,A01
201800014168,1.0,7,0,2.0,0.0,1.0,1.0,A01
201800014169,0.0,21,0,0.0,2.0,3.0,1.0,B01
201800014169,0.0,1,0,0.0,2.0,0.0,17.0,A01
201800014170,0.0,33,0,2.0,2.0,1.0,13.0,A01
201800014170,0.0,7,0,0.0,0.0,6.0,1.0,B01
201800014171,2.0,7,0,0.0,2.0,1.0,1.0,B01
201800014171,1.0,7,0,0.0,2.0,1.0,5.0,A01
201800014172,1.0,7,0,13.0,0.0,3.0,1.0,A01
201800014173,0.0,7,0,0.0,0.0,0.0,13.0,A01
201800014173,0.0,7,0,13.0,0.0,3.0,1.0,B01
201800014174,1.0,15,0,0.0,2.0,2.0,11.0,B01
201800014174,2.0,3,0,0.0,2.0,2.0,13.0,A01
201800014175,1.0,7,0,13.0,0.0,9.0,13.0,A01
201800014176,0.0,15,0,13.0,0.0,0.0,1.0,A01
201800014177,2.0,7,0,2.0,0.0,1.0,0.0,A01
201800014178,1.0,7,0,13.0,2.0,2.0,1.0,A01
201800014178,0.0,7,0,0.0,2.0,2.0,0.0,B01
201800014179,2.0,7,0,0.0,2.0,1.0,13.0,A01
201800014179,1.0,21,0,0.0,2.0,1.0,1.0,B01
201800014180,2.0,7,0,13.0,2.0,3.0,13.0,A01
201800014180,1.0,7,0,0.0,2.0,8.0,1.0,B01
201800014181,0.0,7,0,13.0,0.0,3.0,1.0,A01
201800014182,1.0,10,0,0.0,1.0,2.0,2.0,A01
201800014183,1.0,14,0,0.0,9.0,7.0,17.0,A01
201800014183,1.0,1,0,0.0,2.0,4.0,13.0,B01
201800014184,2.0,7,0,0.0,0.0,9.0,1.0,A01
201800014185,0.0,7,0,0.0,1.0,3.0,1.0,A01
201800014186,2.0,7,0,6.0,0.0,1.0,0.0,A01
201800014187,0.0,33,0,0.0,0.0,2.0,0.0,A01
201800014188,1.0,7,0,0.0,2.0,3.0,13.0,A01
201800014188,1.0,7,0,0.0,2.0,3.0,1.0,B01
201800014189,2.0,33,0,0.0,9.0,1.0,1.0,A01
201800014189,0.0,1,0,0.0,2.0,3.0,0.0,B01
201800014190,2.0,1,0,0.0,2.0,1.0,17.0,A01
201800014190,1.0,7,0,0.0,9.0,3.0,1.0,B01
201800014191,2.0,7,0,8.0,0.0,2.0,1.0,A01
201800014192,2.0,7,0,0.0,2.0,7.0,2.0,A01
201800014192,1.0,7,0,0.0,2.0,3.0,1.0,B01
201800014193,2.0,7,0,6.0,0.0,2.0,2.0,A01
201800014194,2.0,7,0,0.0,2.0,3.0,23.0,B01
201800014194,1.0,7,0,0.0,2.0,3.0,13.0,A01
201800014194,2.0,7,0,0.0,2.0,3.0,23.0,C01
201800014195,2.0,2,0,0.0,2.0,8.0,2.0,B01
201800014195,1.0,7,0,0.0,2.0,2.0,2.0,A01
201800014196,1.0,7,0,0.0,2.0,1.0,15.0,A01
201800014196,2.0,7,0,0.0,2.0,2.0,1.0,B01
201800014197,2.0,7,0,0.0,0.0,1.0,1.0,A01
201800014198,1.0,7,0,6.0,0.0,1.0,0.0,A01
201800014199,0.0,7,0,0.0,2.0,2.0,1.0,A01
201800014199,0.0,2,0,0.0,0.0,8.0,9.0,B01
201800014200,0.0,7,0,0.0,2.0,3.0,1.0,A01
201800014200,0.0,30,0,0.0,2.0,8.0,5.0,B01
201800014201,0.0,7,0,0.0,2.0,2.0,15.0,A01
201800014201,0.0,2,0,0.0,2.0,1.0,1.0,B01
201800014202,1.0,2,0,0.0,1.0,1.0,17.0,A01
201800014203,2.0,7,0,0.0,2.0,1.0,2.0,A01
201800014203,2.0,7,0,0.0,2.0,4.0,2.0,B01
201800014203,2.0,7,0,0.0,0.0,4.0,2.0,C01
201800014204,1.0,7,0,0.0,2.0,7.0,1.0,A01
201800014204,2.0,31,0,0.0,2.0,1.0,1.0,B01
201800014205,1.0,7,0,0.0,2.0,1.0,5.0,A01
201800014205,2.0,7,0,0.0,2.0,1.0,5.0,B01
201800014206,1.0,7,0,3.0,2.0,1.0,13.0,A01
201800014206,2.0,7,0,0.0,2.0,1.0,2.0,B01
201800014207,2.0,7,0,0.0,2.0,3.0,1.0,A01
201800014207,1.0,7,0,0.0,2.0,1.0,1.0,B01
201800014208,1.0,7,0,0.0,2.0,2.0,0.0,A01
201800014208,2.0,7,0,0.0,2.0,1.0,0.0,B01
201800014209,1.0,33,0,0.0,1.0,1.0,1.0,A01
201800014210,0.0,7,0,0.0,2.0,3.0,9.0,A01
201800014210,0.0,7,0,0.0,2.0,1.0,1.0,B01
201800014211,2.0,7,0,13.0,0.0,0.0,1.0,A01
201800014212,2.0,7,0,0.0,2.0,3.0,1.0,B01
201800014212,2.0,7,0,0.0,2.0,3.0,17.0,A01
201800014212,1.0,7,0,0.0,2.0,3.0,1.0,C01
201800014212,2.0,7,0,0.0,2.0,3.0,1.0,D01
201800014213,2.0,7,0,0.0,0.0,4.0,2.0,A01
201800014213,2.0,7,0,0.0,2.0,1.0,2.0,C01
201800014213,2.0,7,0,0.0,0.0,0.0,2.0,B01
201800014214,0.0,7,0,7.0,2.0,1.0,1.0,B01
201800014214,0.0,7,0,0.0,2.0,1.0,19.0,A01
201800014215,0.0,7,0,0.0,2.0,1.0,1.0,A01
201800014215,0.0,7,0,0.0,0.0,4.0,23.0,B01
201800014216,0.0,7,0,0.0,2.0,8.0,19.0,A01
201800014216,0.0,7,0,0.0,2.0,1.0,1.0,B01
201800014217,1.0,7,0,0.0,1.0,7.0,1.0,A01
201800014218,2.0,2,0,0.0,2.0,1.0,1.0,B01
201800014218,1.0,7,0,0.0,2.0,2.0,15.0,A01
201800014219,2.0,7,0,6.0,0.0,1.0,1.0,A01
201800014220,0.0,7,0,0.0,0.0,1.0,1.0,A01
201800014220,1.0,1,0,0.0,2.0,2.0,15.0,B01
201800014221,2.0,7,0,0.0,9.0,1.0,13.0,A01
201800014221,1.0,21,0,0.0,2.0,1.0,1.0,B01
201800014222,1.0,7,0,0.0,2.0,9.0,0.0,A01
201800014222,2.0,7,0,0.0,0.0,1.0,1.0,B01
201800014223,1.0,10,0,0.0,2.0,2.0,15.0,A01
201800014223,2.0,31,0,0.0,2.0,1.0,1.0,B01
201800014224,2.0,7,0,0.0,2.0,2.0,15.0,A01
201800014224,1.0,33,0,0.0,2.0,1.0,1.0,B01
201800014225,1.0,7,0,13.0,0.0,1.0,1.0,A01
201800014226,0.0,33,0,0.0,1.0,8.0,0.0,A01
201800014227,2.0,7,0,0.0,2.0,1.0,13.0,A01
201800014227,1.0,7,0,0.0,2.0,1.0,1.0,B01
201800014228,1.0,7,0,2.0,0.0,1.0,0.0,A01
201800014229,1.0,7,0,0.0,2.0,8.0,19.0,A01
201800014229,1.0,7,0,0.0,2.0,1.0,1.0,B01
201800014230,2.0,7,0,7.0,0.0,1.0,11.0,A01
201800014231,2.0,2,0,0.0,0.0,2.0,14.0,A01
201800014232,2.0,7,0,0.0,2.0,1.0,1.0,A01
201800014232,1.0,7,0,0.0,2.0,1.0,13.0,B01
201800014233,2.0,31,0,0.0,6.0,1.0,1.0,A01
201800014234,1.0,33,0,13.0,0.0,0.0,1.0,A01
201800014234,1.0,33,0,0.0,2.0,1.0,2.0,B01
201800014235,1.0,7,0,0.0,2.0,3.0,15.0,A01
201800014235,2.0,2,0,0.0,2.0,1.0,1.0,B01
201800014236,1.0,7,0,0.0,2.0,1.0,1.0,A01
201800014236,2.0,7,0,0.0,2.0,1.0,1.0,B01
201800014237,1.0,7,0,0.0,2.0,3.0,11.0,A01
201800014237,2.0,7,0,0.0,2.0,3.0,1.0,B01
201800014238,1.0,7,0,0.0,2.0,1.0,1.0,A01
201800014238,2.0,7,0,0.0,2.0,7.0,19.0,B01
201800014239,2.0,10,0,0.0,2.0,3.0,13.0,A01
201800014239,1.0,7,0,0.0,2.0,3.0,1.0,B01
201800014240,2.0,1,0,13.0,0.0,0.0,0.0,A01
201800014241,0.0,33,0,0.0,2.0,8.0,5.0,A01
201800014241,0.0,7,0,0.0,2.0,8.0,5.0,B01
201800014242,2.0,33,0,3.0,0.0,0.0,1.0,A01
201800014243,0.0,35,0,0.0,0.0,0.0,0.0,A01
201800014244,1.0,7,0,6.0,0.0,2.0,1.0,A01
201800014245,1.0,7,0,8.0,0.0,3.0,15.0,A01
201800014246,0.0,7,0,16.0,0.0,9.0,14.0,A01
201800014247,2.0,7,0,0.0,2.0,4.0,23.0,A01
201800014247,2.0,7,0,14.0,2.0,1.0,2.0,B01
201800014248,2.0,7,0,13.0,0.0,1.0,1.0,A01
201800014249,1.0,31,0,2.0,0.0,7.0,1.0,A01
201800014250,0.0,7,0,0.0,2.0,2.0,21.0,A01
201800014250,0.0,1,0,0.0,2.0,1.0,21.0,B01
201800014251,1.0,2,0,0.0,2.0,1.0,1.0,A01
201800014251,1.0,7,0,0.0,0.0,4.0,0.0,B01
201800014252,2.0,33,0,13.0,0.0,1.0,1.0,A01
201800014253,2.0,1,0,13.0,0.0,1.0,1.0,A01
201800014254,2.0,7,0,2.0,0.0,1.0,13.0,A01
201800014255,1.0,7,0,0.0,9.0,3.0,9.0,A01
201800014255,1.0,1,0,0.0,2.0,7.0,1.0,B01
201800014256,1.0,14,0,0.0,2.0,2.0,1.0,B01
201800014256,2.0,7,0,0.0,2.0,1.0,13.0,A01
201800014257,2.0,7,0,8.0,0.0,3.0,1.0,A01
201800014258,0.0,7,0,0.0,2.0,3.0,1.0,A01
201800014258,0.0,7,0,0.0,2.0,3.0,1.0,B01
201800014259,1.0,33,0,6.0,0.0,2.0,1.0,A01
201800014260,2.0,7,0,0.0,9.0,1.0,1.0,A01
201800014260,1.0,14,0,0.0,0.0,0.0,1.0,B01
201800014261,1.0,7,0,2.0,0.0,1.0,1.0,A01
201800014262,1.0,10,0,0.0,2.0,3.0,1.0,B01
201800014262,2.0,7,0,4.0,2.0,1.0,13.0,A01
201800014263,2.0,7,0,0.0,2.0,1.0,13.0,A01
201800014263,1.0,7,0,0.0,2.0,1.0,2.0,B01
201800014264,0.0,7,0,0.0,1.0,0.0,1.0,A01
201800014265,1.0,7,0,0.0,2.0,3.0,0.0,B01
201800014265,2.0,33,0,0.0,2.0,1.0,13.0,A01
201800014266,1.0,7,0,0.0,2.0,3.0,13.0,A01
201800014266,2.0,7,0,0.0,2.0,8.0,1.0,B01
201800014266,2.0,7,0,0.0,2.0,8.0,1.0,C01
201800014267,1.0,7,0,0.0,2.0,3.0,2.0,B01
201800014267,1.0,1,0,0.0,2.0,4.0,2.0,A01
201800014268,1.0,31,0,0.0,0.0,0.0,1.0,A01
201800014269,2.0,7,0,14.0,0.0,1.0,14.0,A01
201800014270,2.0,7,0,13.0,0.0,1.0,13.0,A01
201800014271,0.0,7,0,0.0,0.0,9.0,16.0,A01
201800014272,1.0,33,0,0.0,0.0,1.0,1.0,A01
201800014273,2.0,33,0,13.0,0.0,1.0,1.0,A01
201800014274,1.0,7,0,0.0,0.0,0.0,1.0,A01
201800014275,0.0,2,0,0.0,2.0,8.0,13.0,A01
201800014275,0.0,7,0,0.0,2.0,3.0,1.0,B01
201800014276,2.0,3,0,13.0,0.0,9.0,1.0,A01
201800014277,2.0,7,0,0.0,0.0,0.0,2.0,A01
201800014278,2.0,7,0,0.0,0.0,0.0,1.0,A01
201800014279,2.0,33,0,13.0,0.0,2.0,1.0,A01
201800014280,0.0,2,0,0.0,2.0,1.0,1.0,A01
201800014280,0.0,10,0,0.0,2.0,3.0,1.0,B01
201800014281,2.0,17,0,0.0,2.0,3.0,1.0,B01
201800014281,1.0,33,0,0.0,2.0,3.0,1.0,A01
201800014282,1.0,7,0,0.0,2.0,2.0,15.0,A01
201800014282,1.0,7,0,0.0,2.0,2.0,23.0,B01
201800014283,1.0,7,0,6.0,0.0,1.0,1.0,A01
201800014284,2.0,33,0,6.0,0.0,1.0,1.0,A01
201800014285,1.0,7,0,0.0,2.0,3.0,21.0,B01
201800014285,0.0,7,0,0.0,2.0,2.0,19.0,A01
201800014286,2.0,10,0,2.0,0.0,1.0,1.0,A01
201800014287,1.0,7,0,16.0,0.0,1.0,0.0,A01
201800014288,2.0,1,0,0.0,2.0,6.0,2.0,B01
201800014288,2.0,10,0,0.0,2.0,2.0,17.0,A01
201800014289,2.0,1,0,0.0,0.0,8.0,1.0,B01
201800014289,2.0,10,0,0.0,2.0,7.0,1.0,A01
201800014290,2.0,1,0,0.0,2.0,4.0,2.0,B01
201800014290,2.0,7,0,0.0,2.0,2.0,1.0,A01
201800014291,2.0,7,0,0.0,2.0,2.0,13.0,A01
201800014291,2.0,2,0,0.0,0.0,6.0,15.0,B01
201800014292,2.0,7,0,0.0,2.0,6.0,13.0,A01
201800014292,2.0,7,0,0.0,2.0,8.0,1.0,C01
201800014292,2.0,15,0,0.0,2.0,6.0,1.0,D01
201800014292,1.0,7,0,0.0,2.0,3.0,1.0,B01
201800014293,1.0,7,0,4.0,2.0,3.0,0.0,A01
201800014293,2.0,10,0,13.0,0.0,3.0,1.0,B01
201800014294,2.0,7,0,13.0,0.0,1.0,1.0,A01
201800014295,1.0,1,0,0.0,2.0,1.0,19.0,A01
201800014295,1.0,7,0,0.0,2.0,2.0,1.0,B01
201800014296,2.0,7,0,13.0,0.0,9.0,1.0,A01
201800014297,1.0,7,0,0.0,2.0,3.0,1.0,B01
201800014297,2.0,7,0,0.0,2.0,3.0,17.0,A01
201800014298,2.0,7,0,15.0,0.0,1.0,1.0,A01
201800014299,1.0,7,0,0.0,0.0,1.0,1.0,A01
201800014300,2.0,10,0,13.0,0.0,1.0,1.0,A01
201800014301,2.0,10,0,0.0,2.0,3.0,5.0,A01
201800014301,1.0,17,0,0.0,2.0,6.0,1.0,B01
201800014302,2.0,7,0,0.0,2.0,3.0,13.0,A01
201800014302,1.0,17,0,0.0,2.0,3.0,1.0,B01
201800014302,2.0,7,0,0.0,2.0,3.0,1.0,C01
201800014303,2.0,10,0,0.0,2.0,3.0,13.0,A01
201800014303,1.0,7,0,0.0,2.0,3.0,1.0,B01
201800014304,2.0,7,0,0.0,2.0,3.0,13.0,A01
201800014304,1.0,7,0,0.0,2.0,3.0,0.0,B01
201800014305,1.0,38,36,13.0,0.0,2.0,1.0,A01
201800014306,1.0,7,0,2.0,0.0,2.0,1.0,A01
201800014307,2.0,7,0,0.0,2.0,3.0,9.0,A01
201800014307,2.0,33,0,0.0,2.0,1.0,1.0,B01
201800014308,0.0,7,0,0.0,1.0,7.0,14.0,A01
201800014309,1.0,7,0,2.0,0.0,2.0,0.0,A01
201800014310,1.0,7,0,6.0,0.0,1.0,1.0,A01
201800014311,1.0,7,0,0.0,2.0,7.0,13.0,A01
201800014311,2.0,15,0,0.0,2.0,1.0,1.0,B01
201800014312,2.0,33,0,0.0,2.0,7.0,2.0,B01
201800014312,2.0,33,0,0.0,2.0,8.0,2.0,A01
201800014312,2.0,1,0,0.0,2.0,8.0,2.0,C01
201800014313,2.0,7,0,0.0,2.0,2.0,1.0,B01
201800014313,0.0,2,0,0.0,2.0,1.0,19.0,A01
201800014314,2.0,1,0,0.0,2.0,1.0,15.0,A01
201800014314,2.0,7,0,0.0,2.0,1.0,2.0,B01
201800014314,2.0,7,0,0.0,2.0,7.0,1.0,C01
201800014315,2.0,13,0,0.0,2.0,3.0,1.0,B01
201800014315,1.0,7,0,0.0,2.0,3.0,1.0,A01
201800014316,1.0,37,25,0.0,0.0,7.0,17.0,B01
201800014316,1.0,1,0,0.0,9.0,8.0,13.0,A01
201800014317,0.0,35,0,0.0,0.0,1.0,1.0,A01
201800014318,1.0,7,0,1.0,0.0,2.0,14.0,A01
201800014319,2.0,15,0,0.0,2.0,1.0,2.0,A01
201800014319,2.0,10,0,3.0,2.0,4.0,2.0,B01
201800014319,2.0,7,0,0.0,2.0,6.0,1.0,D01
201800014319,2.0,7,0,0.0,2.0,4.0,1.0,C01
201800014320,1.0,30,0,0.0,2.0,7.0,15.0,A01
201800014320,2.0,7,0,0.0,2.0,3.0,1.0,B01
201800014321,1.0,7,0,0.0,1.0,1.0,1.0,A01
201800014322,2.0,10,0,13.0,0.0,8.0,13.0,A01
201800014323,2.0,10,0,0.0,2.0,3.0,13.0,A01
201800014323,1.0,10,0,0.0,2.0,3.0,1.0,B01
201800014324,1.0,7,0,0.0,0.0,0.0,1.0,A01
201800014325,1.0,7,0,0.0,0.0,0.0,1.0,A01
201800014326,2.0,7,0,0.0,2.0,2.0,2.0,A01
201800014326,2.0,1,0,0.0,2.0,4.0,2.0,B01
201800014327,2.0,7,0,0.0,1.0,3.0,1.0,A01
201800014328,2.0,2,0,0.0,2.0,0.0,16.0,B01
201800014328,2.0,7,0,0.0,2.0,3.0,16.0,A01
201800014329,1.0,33,0,0.0,0.0,0.0,1.0,A01
201800014330,2.0,33,0,0.0,0.0,0.0,1.0,A01
201800014331,1.0,7,0,0.0,0.0,1.0,1.0,A01
201800014332,1.0,33,0,0.0,2.0,7.0,1.0,B01
201800014332,2.0,14,0,0.0,0.0,5.0,15.0,A01
201800014333,0.0,33,0,0.0,2.0,1.0,1.0,B01
201800014333,0.0,7,0,0.0,2.0,1.0,0.0,A01
201800014334,1.0,7,0,2.0,0.0,1.0,1.0,A01
201800014335,2.0,7,0,0.0,2.0,7.0,2.0,A01
201800014335,2.0,7,0,0.0,2.0,1.0,2.0,B01
201800014336,1.0,15,0,8.0,0.0,0.0,16.0,A01
201800014337,2.0,7,0,0.0,2.0,1.0,1.0,B01
201800014337,1.0,7,0,0.0,2.0,1.0,13.0,A01
201800014338,2.0,15,0,6.0,0.0,2.0,0.0,A01
201800014339,2.0,7,0,0.0,2.0,3.0,13.0,A01
201800014339,2.0,17,0,0.0,2.0,3.0,13.0,B01
201800014339,2.0,7,0,14.0,2.0,1.0,2.0,C01
201800014340,1.0,15,0,0.0,0.0,5.0,1.0,B01
201800014340,1.0,7,0,0.0,2.0,1.0,2.0,A01
201800014341,1.0,15,0,0.0,2.0,1.0,1.0,B01
201800014341,2.0,7,0,0.0,2.0,1.0,11.0,A01
201800014342,2.0,7,0,0.0,0.0,6.0,15.0,B01
201800014342,2.0,17,0,0.0,2.0,1.0,2.0,A01
201800014343,1.0,17,0,0.0,2.0,3.0,1.0,B01
201800014343,2.0,7,0,0.0,2.0,3.0,13.0,A01
201800014344,1.0,7,0,4.0,0.0,1.0,13.0,A01
201800014345,2.0,7,0,0.0,2.0,4.0,2.0,C01
201800014345,2.0,17,0,0.0,2.0,2.0,2.0,A01
201800014345,2.0,7,0,0.0,2.0,5.0,2.0,B01
201800014345,2.0,7,0,0.0,2.0,4.0,2.0,D01
201800014346,2.0,7,0,0.0,2.0,8.0,1.0,C01