Num_Acc,senc,catv,occutc,obs,obsm,choc,manv,num_veh
201800014625,1.0,7,0,0.0,2.0,9.0,13.0,A01
201800014625,2.0,17,0,0.0,2.0,8.0,1.0,B01
201800014625,2.0,17,0,0.0,2.0,1.0,1.0,C01
201800014626,1.0,7,0,0.0,2.0,2.0,15.0,A01
201800014626,0.0,7,0,0.0,2.0,1.0,1.0,B01
201800014627,1.0,7,0,3.0,0.0,1.0,14.0,A01
201800014628,1.0,7,0,13.0,0.0,1.0,1.0,A01
201800014629,2.0,10,0,0.0,2.0,3.0,15.0,A01
201800014629,1.0,33,0,0.0,2.0,1.0,1.0,B01
201800014630,2.0,33,0,0.0,2.0,7.0,0.0,B01
201800014630,2.0,7,0,0.0,2.0,3.0,9.0,A01
201800014631,2.0,7,0,8.0,0.0,1.0,1.0,A01
201800014632,1.0,7,0,7.0,9.0,1.0,14.0,A01
201800014633,2.0,7,0,0.0,2.0,7.0,1.0,C01
201800014633,2.0,7,0,0.0,2.0,7.0,1.0,B01
201800014633,1.0,7,0,0.0,2.0,1.0,1.0,D01
201800014633,0.0,10,0,0.0,2.0,1.0,1.0,A01
201800014634,1.0,2,0,6.0,0.0,2.0,1.0,A01
201800014635,1.0,7,0,0.0,0.0,0.0,1.0,A01
201800014636,0.0,2,0,0.0,0.0,0.0,1.0,A01
201800014637,2.0,7,0,0.0,0.0,0.0,1.0,A01
201800014638,2.0,7,0,2.0,0.0,1.0,17.0,A01
201800014639,1.0,2,0,16.0,0.0,0.0,13.0,A01
201800014640,1.0,7,0,6.0,0.0,2.0,1.0,A01
201800014641,1.0,7,0,13.0,0.0,3.0,1.0,A01
201800014642,0.0,31,0,6.0,0.0,1.0,1.0,A01
201800014642,0.0,7,0,0.0,0.0,0.0,15.0,B01
201800014643,0.0,7,0,0.0,1.0,2.0,9.0,A01
201800014644,1.0,7,0,0.0,2.0,1.0,13.0,A01
201800014644,2.0,7,0,0.0,2.0,1.0,1.0,B01
201800014645,2.0,7,0,0.0,2.0,7.0,1.0,B01
201800014645,2.0,17,0,0.0,2.0,2.0,9.0,A01
201800014646,2.0,7,0,2.0,0.0,1.0,2.0,A01
201800014647,1.0,1,0,0.0,2.0,1.0,2.0,A01
201800014647,1.0,7,0,0.0,2.0,6.0,2.0,B01
201800014648,2.0,7,0,0.0,2.0,7.0,17.0,B01
201800014648,2.0,7,0,0.0,2.0,3.0,17.0,A01
201800014649,0.0,31,0,0.0,2.0,1.0,1.0,A01
201800014649,0.0,7,0,0.0,2.0,1.0,1.0,B01
201800014650,0.0,7,0,8.0,0.0,3.0,1.0,A01
201800014651,1.0,7,0,6.0,0.0,3.0,1.0,A01
201800014652,1.0,7,0,0.0,1.0,2.0,1.0,A01
201800014653,1.0,2,0,0.0,0.0,7.0,1.0,A01
201800014654,0.0,36,0,2.0,0.0,2.0,1.0,A01
201800014655,1.0,7,0,2.0,0.0,7.0,1.0,A01
201800014656,0.0,33,0,0.0,0.0,8.0,1.0,A01
201800014657,1.0,14,0,0.0,9.0,2.0,2.0,A01
201800014657,1.0,1,0,0.0,2.0,8.0,2.0,B01
201800014658,2.0,7,0,0.0,2.0,1.0,1.0,B01
201800014658,1.0,7,0,0.0,2.0,1.0,1.0,A01
201800014659,1.0,7,0,8.0,0.0,1.0,13.0,A01
201800014660,2.0,33,0,0.0,2.0,1.0,1.0,B01
201800014660,1.0,7,0,0.0,2.0,2.0,13.0,A01
201800014661,2.0,7,0,0.0,2.0,3.0,1.0,B01
201800014661,1.0,7,0,0.0,2.0,1.0,13.0,A01
201800014662,2.0,7,0,0.0,2.0,8.0,0.0,A01
201800014662,1.0,33,0,0.0,2.0,8.0,0.0,B01
201800014663,1.0,7,0,0.0,2.0,3.0,0.0,B01
201800014663,2.0,33,0,0.0,2.0,1.0,13.0,A01
201800014664,0.0,10,0,14.0,9.0,0.0,1.0,A01
201800014664,0.0,1,0,0.0,0.0,3.0,0.0,B01
201800014665,2.0,7,0,0.0,2.0,1.0,13.0,A01
201800014665,1.0,15,0,0.0,2.0,1.0,1.0,B01
201800014666,1.0,7,0,0.0,2.0,1.0,1.0,A01
201800014666,2.0,7,0,0.0,2.0,7.0,1.0,B01
201800014667,2.0,7,0,8.0,0.0,1.0,0.0,A01
201800014668,2.0,7,0,0.0,0.0,9.0,1.0,A01
201800014669,0.0,30,0,0.0,0.0,8.0,1.0,A01
201800014670,2.0,7,0,0.0,2.0,3.0,13.0,A01
201800014670,1.0,7,0,0.0,2.0,3.0,1.0,B01
201800014671,2.0,7,0,15.0,2.0,3.0,13.0,A01
201800014671,1.0,7,0,15.0,2.0,3.0,1.0,B01
201800014672,2.0,7,0,2.0,0.0,1.0,13.0,A01
201800014673,1.0,7,0,6.0,0.0,3.0,1.0,A01
201800014674,2.0,21,0,0.0,2.0,0.0,1.0,B01
201800014674,1.0,21,0,0.0,2.0,0.0,0.0,A01
201800014675,1.0,31,0,0.0,0.0,0.0,1.0,A01
201800014676,2.0,1,0,0.0,2.0,1.0,1.0,A01
201800014676,1.0,7,0,0.0,9.0,2.0,15.0,B01
201800014677,2.0,13,0,0.0,2.0,3.0,1.0,B01
201800014677,1.0,7,0,0.0,2.0,3.0,1.0,A01
201800014678,1.0,33,0,0.0,2.0,1.0,17.0,A01
201800014678,1.0,13,0,0.0,2.0,8.0,15.0,B01
201800014679,2.0,33,0,0.0,0.0,0.0,1.0,A01
201800014679,0.0,7,0,0.0,0.0,0.0,19.0,B01
201800014680,2.0,7,0,0.0,2.0,3.0,0.0,B01
201800014680,1.0,7,0,0.0,2.0,1.0,13.0,A01
201800014681,2.0,7,0,0.0,2.0,2.0,2.0,B01
201800014681,1.0,7,0,0.0,2.0,2.0,2.0,A01
201800014682,2.0,1,0,0.0,2.0,1.0,1.0,B01
201800014682,1.0,7,0,0.0,9.0,2.0,16.0,A01
201800014683,2.0,2,0,0.0,2.0,3.0,23.0,B01
201800014683,1.0,7,0,1.0,0.0,3.0,15.0,A01
201800014684,2.0,7,0,0.0,2.0,3.0,13.0,B01
201800014684,1.0,7,0,0.0,2.0,3.0,1.0,A01
201800014685,0.0,2,0,0.0,0.0,8.0,0.0,A01
201800014686,0.0,7,0,0.0,1.0,2.0,1.0,A01
201800014687,2.0,7,0,13.0,0.0,0.0,1.0,A01
201800014688,2.0,15,0,0.0,2.0,2.0,1.0,A01
201800014688,1.0,7,0,0.0,2.0,2.0,13.0,B01
201800014689,1.0,7,0,0.0,2.0,3.0,1.0,B01
201800014689,2.0,7,0,0.0,2.0,3.0,17.0,A01
201800014690,2.0,15,0,0.0,1.0,2.0,1.0,A01
201800014691,2.0,10,0,0.0,2.0,2.0,1.0,B01
201800014691,1.0,7,0,13.0,2.0,3.0,1.0,A01
201800014692,0.0,2,0,0.0,2.0,1.0,13.0,A01
201800014692,0.0,7,0,0.0,2.0,1.0,1.0,B01
201800014693,1.0,7,0,0.0,0.0,0.0,1.0,A01
201800014694,2.0,7,0,0.0,2.0,6.0,17.0,A01
201800014694,2.0,33,0,0.0,2.0,2.0,17.0,B01
201800014695,1.0,33,0,16.0,0.0,1.0,0.0,A01
201800014696,0.0,7,0,0.0,2.0,1.0,1.0,B01
201800014696,0.0,7,0,0.0,2.0,3.0,15.0,A01
201800014697,1.0,2,0,13.0,0.0,7.0,1.0,A01
201800014698,1.0,21,0,0.0,0.0,8.0,1.0,A01
201800014699,1.0,33,0,13.0,0.0,7.0,1.0,A01
201800014700,2.0,33,0,13.0,0.0,1.0,1.0,A01
201800014701,1.0,7,0,0.0,2.0,3.0,15.0,A01
201800014701,2.0,2,0,0.0,2.0,1.0,1.0,B01
201800014702,1.0,21,0,0.0,2.0,8.0,13.0,A01
201800014702,2.0,20,0,13.0,0.0,8.0,1.0,B01
201800014703,0.0,2,0,8.0,0.0,1.0,1.0,A01
201800014704,1.0,7,0,0.0,2.0,3.0,1.0,A01
201800014704,2.0,7,0,0.0,2.0,3.0,14.0,B01
201800014705,2.0,7,0,0.0,2.0,3.0,14.0,B01
201800014705,1.0,7,0,0.0,2.0,3.0,13.0,A01
201800014706,1.0,32,0,0.0,2.0,1.0,13.0,B01
201800014706,2.0,7,0,0.0,2.0,6.0,19.0,A01
201800014707,2.0,7,0,13.0,0.0,0.0,14.0,A01
201800014708,2.0,1,0,0.0,2.0,7.0,1.0,C01
201800014708,1.0,7,0,0.0,2.0,7.0,1.0,A01
201800014709,0.0,31,0,12.0,0.0,7.0,1.0,A01
201800014710,1.0,33,0,0.0,0.0,8.0,1.0,A01
201800014711,2.0,7,0,13.0,0.0,9.0,1.0,A01
201800014712,2.0,7,0,0.0,2.0,3.0,1.0,A01
201800014712,1.0,2,0,0.0,2.0,1.0,1.0,B01
201800014713,2.0,7,0,2.0,0.0,9.0,1.0,A01
201800014714,1.0,33,0,0.0,0.0,0.0,1.0,A01
201800014715,1.0,33,0,0.0,0.0,8.0,2.0,A01
201800014716,1.0,2,0,0.0,0.0,0.0,0.0,A01
201800014717,2.0,33,0,0.0,2.0,1.0,1.0,B01
201800014717,1.0,7,0,0.0,2.0,1.0,15.0,A01
201800014718,2.0,31,0,0.0,2.0,2.0,21.0,A01
201800014718,2.0,10,0,0.0,0.0,6.0,2.0,B01
201800014719,2.0,7,0,13.0,2.0,7.0,17.0,A01
201800014719,2.0,7,0,0.0,2.0,8.0,17.0,B01
201800014720,1.0,7,0,0.0,2.0,3.0,1.0,A01
201800014720,2.0,7,0,0.0,2.0,3.0,1.0,B01
201800014721,2.0,7,0,9.0,0.0,8.0,1.0,A01
201800014722,1.0,7,0,2.0,0.0,2.0,1.0,A01
201800014723,1.0,2,0,0.0,2.0,1.0,13.0,A01
201800014723,2.0,10,0,0.0,2.0,2.0,1.0,B01
201800014724,2.0,7,0,0.0,1.0,3.0,1.0,A01
201800014725,2.0,2,0,0.0,2.0,1.0,1.0,A01
201800014725,2.0,7,0,0.0,0.0,4.0,15.0,B01
201800014726,2.0,33,0,0.0,2.0,1.0,13.0,B01
201800014726,1.0,38,1,0.0,2.0,2.0,1.0,A01
201800014727,0.0,30,0,6.0,0.0,1.0,0.0,A01
201800014728,2.0,7,0,0.0,0.0,1.0,1.0,A01
201800014729,2.0,34,0,0.0,2.0,8.0,13.0,A01
201800014729,2.0,33,0,0.0,2.0,8.0,1.0,B01
201800014730,2.0,7,0,0.0,2.0,3.0,1.0,B01
201800014730,1.0,7,0,0.0,2.0,3.0,13.0,A01
201800014731,0.0,33,0,0.0,0.0,0.0,1.0,A01
201800014732,1.0,7,0,13.0,0.0,3.0,13.0,A01
201800014733,0.0,7,0,0.0,1.0,1.0,0.0,A01
201800014734,0.0,7,0,8.0,0.0,1.0,1.0,A01
201800014735,1.0,31,0,2.0,0.0,0.0,1.0,A01
201800014736,0.0,7,0,0.0,1.0,4.0,0.0,A01
201800014737,0.0,31,0,12.0,0.0,3.0,0.0,A01
201800014738,1.0,7,0,2.0,0.0,1.0,1.0,A01
201800014739,1.0,7,0,13.0,0.0,9.0,1.0,A01
201800014740,0.0,7,0,0.0,1.0,2.0,21.0,A01
201800014741,1.0,7,0,0.0,2.0,3.0,15.0,A01
201800014741,1.0,33,0,0.0,2.0,1.0,17.0,B01
201800014742,0.0,10,0,0.0,1.0,3.0,9.0,A01
201800014743,0.0,33,0,0.0,0.0,4.0,1.0,A01
201800014743,0.0,7,0,0.0,2.0,3.0,9.0,B01
201800014744,2.0,7,0,0.0,1.0,0.0,1.0,A01
201800014745,0.0,33,0,0.0,0.0,1.0,1.0,A01
201800014745,0.0,7,0,0.0,0.0,3.0,15.0,B01
201800014746,0.0,2,0,14.0,0.0,0.0,2.0,A01
201800014747,2.0,33,0,13.0,0.0,1.0,17.0,A01
201800014748,1.0,7,0,0.0,2.0,1.0,1.0,A01
201800014748,1.0,7,0,0.0,2.0,1.0,1.0,B01
201800014749,1.0,7,0,13.0,0.0,2.0,1.0,A01
201800014750,0.0,7,0,0.0,9.0,3.0,1.0,A01
201800014750,0.0,1,0,0.0,2.0,1.0,13.0,B01
201800014751,1.0,7,0,15.0,0.0,9.0,1.0,A01
201800014752,1.0,7,0,7.0,0.0,2.0,1.0,A01
201800014753,1.0,33,0,0.0,2.0,1.0,2.0,A01
201800014753,1.0,7,0,0.0,2.0,6.0,15.0,B01
201800014754,1.0,7,0,2.0,0.0,3.0,0.0,A01
201800014755,2.0,7,0,0.0,2.0,3.0,13.0,A01
201800014755,1.0,37,1,0.0,2.0,3.0,1.0,B01
201800014756,1.0,7,0,8.0,0.0,1.0,1.0,A01
201800014757,2.0,1,0,0.0,2.0,3.0,13.0,A01
201800014757,1.0,7,0,0.0,2.0,3.0,1.0,B01
201800014758,2.0,10,0,2.0,0.0,7.0,13.0,A01
201800014759,1.0,37,22,0.0,2.0,3.0,1.0,B01
201800014759,2.0,7,0,0.0,2.0,3.0,1.0,A01
201800014760,1.0,7,0,6.0,0.0,1.0,1.0,A01
201800014761,1.0,7,0,0.0,0.0,8.0,1.0,A01
201800014762,2.0,33,0,0.0,2.0,2.0,1.0,B01
201800014762,1.0,7,0,0.0,2.0,3.0,9.0,A01
201800014763,2.0,33,0,16.0,0.0,7.0,17.0,A01
201800014764,1.0,7,0,0.0,2.0,3.0,1.0,B01
201800014764,2.0,7,0,0.0,2.0,3.0,13.0,A01
201800014765,,31,0,2.0,0.0,1.0,14.0,A01
201800014766,2.0,7,0,0.0,2.0,8.0,1.0,A01
201800014766,1.0,7,0,0.0,2.0,3.0,1.0,B01
201800014767,2.0,7,0,13.0,0.0,3.0,21.0,A01
201800014768,1.0,33,0,0.0,0.0,7.0,0.0,A01
201800014769,1.0,7,0,0.0,2.0,1.0,1.0,A01
201800014769,1.0,7,0,0.0,2.0,4.0,15.0,B01
201800014770,2.0,7,0,0.0,2.0,1.0,9.0,A01
201800014770,2.0,7,0,0.0,2.0,7.0,1.0,B01
201800014771,1.0,7,0,0.0,2.0,2.0,1.0,C01
201800014771,2.0,7,0,0.0,2.0,3.0,1.0,B01
201800014771,1.0,7,0,0.0,2.0,3.0,13.0,A01
201800014772,2.0,7,0,0.0,2.0,1.0,13.0,A01
201800014772,2.0,14,0,0.0,0.0,4.0,1.0,C01
201800014772,1.0,7,0,0.0,2.0,1.0,1.0,B01
201800014772,2.0,37,1,0.0,2.0,1.0,1.0,D01
201800014773,2.0,7,0,0.0,2.0,2.0,1.0,B01
201800014773,1.0,7,0,0.0,2.0,1.0,5.0,A01
201800014774,2.0,7,0,7.0,2.0,1.0,1.0,A01
201800014774,1.0,7,0,8.0,0.0,8.0,1.0,B01
201800014775,1.0,33,0,2.0,0.0,1.0,2.0,A01
201800014776,1.0,7,0,16.0,0.0,9.0,0.0,A01
201800014777,1.0,7,0,0.0,2.0,1.0,13.0,A01
201800014777,2.0,15,0,0.0,2.0,1.0,1.0,B01
201800014778,2.0,31,0,6.0,0.0,1.0,1.0,A01
201800014779,2.0,7,0,6.0,0.0,1.0,1.0,A01
201800014780,1.0,2,0,3.0,0.0,2.0,14.0,A01
201800014781,1.0,7,0,0.0,2.0,2.0,21.0,C01
201800014781,2.0,10,0,0.0,2.0,3.0,13.0,A01
201800014781,1.0,7,0,0.0,2.0,3.0,1.0,B01
201800014782,2.0,7,0,8.0,0.0,3.0,1.0,A01
201800014783,1.0,7,0,0.0,0.0,5.0,23.0,B01
201800014783,1.0,15,0,0.0,2.0,3.0,1.0,A01
201800014784,1.0,21,0,0.0,2.0,8.0,15.0,B01
201800014784,1.0,2,0,0.0,2.0,1.0,17.0,A01
201800014785,1.0,7,0,0.0,2.0,3.0,13.0,A01
201800014785,2.0,15,0,0.0,2.0,3.0,1.0,B01
201800014786,2.0,7,0,0.0,2.0,2.0,1.0,B01
201800014786,1.0,33,0,0.0,2.0,1.0,1.0,A01
201800014787,2.0,7,0,0.0,2.0,3.0,1.0,B01
201800014787,2.0,7,0,0.0,2.0,1.0,19.0,A01
201800014788,2.0,7,0,0.0,2.0,7.0,1.0,A01
201800014788,1.0,7,0,0.0,2.0,1.0,1.0,B01
201800014789,2.0,2,0,0.0,0.0,0.0,2.0,A01
201800014790,2.0,7,0,1.0,0.0,1.0,1.0,A01
201800014790,1.0,7,0,0.0,0.0,1.0,23.0,B01
201800014791,2.0,7,0,3.0,0.0,9.0,5.0,A01
201800014792,1.0,7,0,6.0,9.0,3.0,13.0,A01
201800014793,2.0,7,0,15.0,0.0,9.0,1.0,A01
201800014794,1.0,7,0,0.0,1.0,1.0,1.0,A01
201800014795,1.0,33,0,0.0,1.0,7.0,0.0,A01
201800014796,1.0,36,0,13.0,0.0,1.0,19.0,A01
201800014797,2.0,10,0,0.0,2.0,3.0,1.0,A01
201800014797,1.0,15,0,0.0,2.0,3.0,1.0,B01
201800014798,1.0,7,0,0.0,2.0,3.0,1.0,A01
201800014798,1.0,99,0,0.0,2.0,7.0,14.0,B01
201800014799,2.0,7,0,0.0,0.0,3.0,1.0,A01
201800014800,2.0,7,0,0.0,0.0,1.0,1.0,A01
201800014801,2.0,7,0,0.0,2.0,8.0,19.0,A01
201800014801,2.0,7,0,0.0,2.0,1.0,1.0,B01
201800014802,1.0,1,0,12.0,2.0,1.0,2.0,B01
201800014802,1.0,7,0,0.0,2.0,2.0,2.0,A01
201800014803,1.0,7,0,0.0,2.0,3.0,1.0,B01
201800014803,1.0,10,0,0.0,2.0,2.0,15.0,A01
201800014804,1.0,1,0,0.0,2.0,4.0,1.0,B01
201800014804,1.0,7,0,0.0,2.0,2.0,2.0,A01
201800014805,0.0,7,0,15.0,1.0,8.0,4.0,A01
201800014806,2.0,7,0,0.0,2.0,2.0,15.0,A01
201800014806,2.0,7,0,0.0,2.0,1.0,1.0,B01
201800014807,2.0,33,0,15.0,0.0,0.0,1.0,A01
201800014808,2.0,33,0,3.0,0.0,9.0,1.0,A01
201800014809,2.0,7,0,13.0,0.0,2.0,1.0,A01
201800014810,1.0,7,0,13.0,0.0,1.0,1.0,A01
201800014811,2.0,7,0,0.0,9.0,2.0,2.0,A01
201800014811,2.0,1,0,0.0,2.0,3.0,1.0,B01
201800014812,1.0,7,0,0.0,2.0,3.0,15.0,A01
201800014812,2.0,30,0,0.0,2.0,1.0,1.0,B01
201800014813,2.0,7,0,0.0,2.0,4.0,2.0,B01
201800014813,2.0,7,0,0.0,2.0,1.0,2.0,A01
201800014814,2.0,7,0,15.0,0.0,1.0,1.0,A01
201800014815,1.0,7,0,0.0,0.0,3.0,1.0,A01
201800014815,1.0,17,0,0.0,0.0,3.0,1.0,B01
201800014816,1.0,7,0,0.0,1.0,8.0,1.0,A01
201800014817,2.0,7,0,0.0,2.0,1.0,21.0,B01
201800014817,2.0,7,0,0.0,2.0,5.0,19.0,A01
201800014818,1.0,7,0,4.0,0.0,3.0,1.0,A01
201800014819,1.0,7,0,0.0,0.0,9.0,1.0,A01
201800014820,1.0,7,0,0.0,2.0,3.0,1.0,B01
201800014820,2.0,2,0,0.0,2.0,1.0,5.0,A01
201800014821,1.0,7,0,0.0,2.0,2.0,2.0,A01
201800014821,1.0,1,0,0.0,0.0,4.0,2.0,C01
201800014821,1.0,1,0,0.0,0.0,4.0,1.0,B01
201800014822,1.0,10,0,0.0,2.0,3.0,0.0,B01
201800014822,2.0,7,0,0.0,2.0,1.0,5.0,A01
201800014823,1.0,1,0,0.0,2.0,0.0,2.0,A01
201800014823,1.0,1,0,0.0,2.0,0.0,2.0,D01
201800014823,1.0,1,0,0.0,2.0,0.0,2.0,C01
201800014823,1.0,1,0,0.0,2.0,0.0,2.0,B01
201800014824,1.0,7,0,0.0,0.0,4.0,1.0,B01
201800014824,1.0,7,0,0.0,2.0,1.0,2.0,A01
201800014825,1.0,21,0,0.0,0.0,6.0,1.0,B01
201800014825,1.0,7,0,0.0,2.0,2.0,17.0,A01
201800014826,2.0,7,0,13.0,0.0,8.0,1.0,A01
201800014827,2.0,33,0,0.0,2.0,1.0,1.0,B01
201800014827,1.0,7,0,0.0,2.0,1.0,15.0,A01
201800014828,1.0,7,0,0.0,2.0,1.0,2.0,A01
201800014828,1.0,7,0,0.0,0.0,4.0,2.0,B01
201800014829,1.0,10,0,0.0,0.0,5.0,1.0,B01
201800014829,1.0,33,0,1.0,2.0,3.0,18.0,A01
201800014830,2.0,7,0,0.0,2.0,3.0,15.0,A01
201800014830,1.0,33,0,0.0,2.0,1.0,1.0,B01
201800014831,1.0,7,0,6.0,0.0,3.0,0.0,A01
201800014832,2.0,10,0,0.0,2.0,1.0,1.0,B01
201800014832,1.0,10,0,0.0,2.0,3.0,13.0,A01
201800014833,1.0,7,0,13.0,0.0,3.0,1.0,A01
201800014834,1.0,7,0,6.0,0.0,1.0,1.0,A01
201800014835,1.0,7,0,0.0,2.0,7.0,13.0,A01
201800014835,2.0,7,0,0.0,2.0,1.0,1.0,B01
201800014836,2.0,7,0,13.0,0.0,2.0,1.0,A01
201800014837,1.0,7,0,6.0,0.0,5.0,13.0,A01
201800014838,2.0,1,0,0.0,2.0,8.0,13.0,A01
201800014838,0.0,7,0,0.0,0.0,0.0,9.0,B01
201800014838,2.0,7,0,0.0,2.0,7.0,17.0,C01
201800014839,1.0,15,0,0.0,0.0,0.0,17.0,A01
201800014839,1.0,36,0,13.0,0.0,2.0,14.0,B01
201800014840,2.0,7,0,0.0,2.0,2.0,1.0,B01
201800014840,1.0,10,0,0.0,2.0,3.0,15.0,A01
201800014841,1.0,7,0,0.0,0.0,1.0,13.0,A01
201800014842,1.0,7,0,0.0,1.0,2.0,15.0,A01
201800014843,2.0,7,0,16.0,0.0,9.0,1.0,A01
201800014844,2.0,7,0,0.0,2.0,3.0,13.0,A01
201800014844,1.0,13,0,0.0,2.0,3.0,1.0,B01
201800014845,1.0,7,0,13.0,0.0,7.0,1.0,A01
201800014846,2.0,35,0,0.0,2.0,8.0,15.0,B01
201800014846,2.0,7,0,0.0,2.0,2.0,17.0,A01
201800014847,1.0,7,0,0.0,1.0,1.0,1.0,A01
201800014848,1.0,2,0,0.0,0.0,4.0,1.0,B01
201800014848,1.0,10,0,0.0,2.0,2.0,1.0,A01
201800014849,2.0,7,0,0.0,0.0,1.0,1.0,A01
201800014850,1.0,7,0,0.0,0.0,4.0,2.0,A01
201800014850,1.0,15,0,0.0,2.0,1.0,2.0,B01
201800014851,2.0,7,0,0.0,1.0,0.0,20.0,A01
201800014852,1.0,7,0,2.0,0.0,8.0,1.0,A01
201800014853,1.0,33,0,0.0,2.0,1.0,5.0,A01
201800014853,2.0,7,0,0.0,2.0,3.0,1.0,B01
201800014854,1.0,7,0,0.0,2.0,1.0,2.0,A01
201800014854,1.0,7,0,0.0,0.0,4.0,1.0,C01
201800014854,1.0,7,0,0.0,2.0,4.0,1.0,B01
201800014855,2.0,7,0,0.0,2.0,3.0,1.0,B01
201800014855,1.0,31,0,0.0,2.0,0.0,1.0,A01
201800014856,1.0,13,0,0.0,1.0,2.0,2.0,A01
201800014857,1.0,7,0,0.0,2.0,3.0,1.0,B01
201800014857,2.0,7,0,0.0,2.0,2.0,13.0,A01
201800014858,1.0,7,0,0.0,2.0,1.0,1.0,A01
201800014858,1.0,7,0,0.0,2.0,4.0,23.0,C01
201800014858,1.0,7,0,0.0,2.0,4.0,23.0,B01
201800014859,1.0,7,0,0.0,2.0,0.0,13.0,A01
201800014859,2.0,7,0,0.0,2.0,6.0,1.0,B01
201800014860,2.0,33,0,5.0,0.0,1.0,1.0,A01
201800014861,1.0,7,0,0.0,2.0,1.0,1.0,A01
201800014861,2.0,7,0,0.0,2.0,1.0,1.0,B01
201800014862,1.0,1,0,0.0,0.0,1.0,1.0,A01
201800014863,2.0,7,0,1.0,0.0,4.0,23.0,B01
201800014863,2.0,7,0,0.0,2.0,1.0,2.0,A01
201800014864,1.0,3,0,6.0,0.0,1.0,14.0,A01
201800014865,1.0,7,0,6.0,0.0,1.0,1.0,A01
201800014866,1.0,7,0,1.0,2.0,1.0,2.0,A01
201800014866,1.0,7,0,0.0,0.0,5.0,2.0,B01
201800014867,2.0,7,0,4.0,0.0,1.0,13.0,A01
201800014868,1.0,33,0,0.0,2.0,2.0,17.0,B01
201800014868,1.0,31,0,0.0,2.0,1.0,11.0,A01
201800014869,2.0,2,0,12.0,0.0,1.0,1.0,A01
201800014870,2.0,7,0,0.0,2.0,1.0,1.0,B01
201800014870,1.0,7,0,0.0,2.0,2.0,15.0,A01
201800014871,1.0,33,0,13.0,0.0,0.0,1.0,A01
201800014872,2.0,7,0,0.0,2.0,3.0,1.0,B01
201800014872,1.0,7,0,0.0,2.0,1.0,1.0,A01
201800014873,2.0,7,0,0.0,2.0,6.0,1.0,B01
201800014873,2.0,7,0,0.0,2.0,2.0,2.0,A01
201800014874,1.0,32,0,1.0,0.0,1.0,1.0,A01
201800014875,1.0,7,0,0.0,2.0,1.0,1.0,B01
201800014875,2.0,7,0,0.0,2.0,1.0,17.0,A01
201800014876,2.0,7,0,0.0,2.0,1.0,2.0,A01
201800014876,2.0,15,0,0.0,2.0,4.0,2.0,B01
201800014877,2.0,7,0,13.0,0.0,9.0,1.0,A01
201800014878,2.0,7,0,15.0,0.0,1.0,1.0,A01
201800014879,2.0,7,0,0.0,2.0,8.0,17.0,A01
201800014879,1.0,7,0,0.0,2.0,1.0,1.0,B01
201800014879,2.0,10,0,0.0,9.0,0.0,1.0,C01
201800014880,1.0,7,0,0.0,2.0,2.0,1.0,B01
201800014880,0.0,7,0,0.0,2.0,3.0,19.0,A01
201800014881,1.0,10,0,4.0,0.0,3.0,1.0,A01
201800014882,1.0,2,0,0.0,2.0,4.0,1.0,B01
201800014882,0.0,7,0,0.0,2.0,3.0,1.0,A01
201800014883,1.0,7,0,3.0,9.0,7.0,2.0,D01
201800014883,1.0,17,0,3.0,0.0,2.0,1.0,A01
201800014883,1.0,7,0,0.0,2.0,1.0,1.0,C01
201800014883,1.0,7,0,0.0,9.0,1.0,1.0,B01
201800014884,1.0,2,0,0.0,2.0,4.0,2.0,A01
201800014884,1.0,7,0,0.0,2.0,1.0,2.0,B01
201800014885,2.0,7,0,0.0,2.0,1.0,1.0,B01
201800014885,2.0,33,0,0.0,0.0,0.0,1.0,A01
201800014886,1.0,7,0,2.0,0.0,3.0,1.0,A01
201800014887,1.0,7,0,0.0,2.0,3.0,1.0,B01
201800014887,2.0,7,0,0.0,2.0,1.0,5.0,A01
201800014888,0.0,7,0,0.0,2.0,3.0,13.0,A01
201800014888,0.0,7,0,0.0,2.0,3.0,1.0,B01
201800014889,2.0,32,0,4.0,0.0,2.0,1.0,A01
201800014890,2.0,7,0,0.0,0.0,9.0,1.0,A01
201800014891,1.0,33,0,0.0,0.0,7.0,1.0,A01
201800014892,2.0,15,0,0.0,2.0,8.0,1.0,B01
201800014892,1.0,7,0,0.0,2.0,3.0,1.0,A01
201800014893,2.0,17,0,0.0,0.0,4.0,1.0,C01
201800014893,2.0,15,0,0.0,2.0,4.0,1.0,B01
201800014893,2.0,15,0,0.0,2.0,1.0,1.0,A01
201800014894,1.0,7,0,0.0,2.0,1.0,1.0,B01
201800014894,1.0,1,0,0.0,2.0,7.0,1.0,A01
201800014895,1.0,7,0,15.0,0.0,2.0,1.0,A01
201800014896,2.0,7,0,0.0,0.0,3.0,0.0,A01
201800014897,0.0,2,0,0.0,2.0,6.0,15.0,A01
201800014897,2.0,7,0,0.0,2.0,1.0,1.0,B01
201800014898,2.0,7,0,13.0,0.0,9.0,0.0,A01
201800014899,1.0,2,0,0.0,0.0,0.0,0.0,A01
201800014900,2.0,33,0,0.0,2.0,8.0,1.0,A01
201800014900,1.0,14,0,0.0,2.0,3.0,9.0,B01
201800014901,1.0,7,0,0.0,1.0,3.0,1.0,A01
201800014902,2.0,36,0,0.0,0.0,7.0,10.0,A01
201800014903,1.0,33,0,0.0,2.0,4.0,2.0,B01