Num_Acc,senc,catv,occutc,obs,obsm,choc,manv,num_veh
201800014903,1.0,7,0,0.0,2.0,1.0,2.0,A01
201800014904,2.0,17,0,0.0,2.0,2.0,1.0,B01
201800014904,1.0,30,0,0.0,2.0,8.0,19.0,A01
201800014905,1.0,7,0,6.0,0.0,2.0,1.0,A01
201800014906,0.0,7,0,0.0,0.0,1.0,0.0,A01
201800014906,0.0,7,0,0.0,0.0,1.0,0.0,B01
201800014907,1.0,7,0,0.0,2.0,1.0,15.0,A01
201800014907,2.0,7,0,0.0,2.0,3.0,1.0,B01
201800014908,1.0,7,0,2.0,0.0,1.0,1.0,A01
201800014909,0.0,7,0,1.0,0.0,0.0,0.0,A01
201800014909,0.0,7,0,0.0,0.0,0.0,0.0,B01
201800014910,0.0,33,0,0.0,2.0,1.0,13.0,A01
201800014910,0.0,7,0,0.0,0.0,4.0,15.0,B01
201800014911,2.0,7,0,0.0,2.0,7.0,1.0,B01
201800014911,0.0,7,0,0.0,2.0,2.0,9.0,A01
201800014912,2.0,7,0,0.0,2.0,1.0,17.0,A01
201800014912,1.0,7,0,0.0,2.0,1.0,21.0,B01
201800014913,0.0,1,0,0.0,0.0,4.0,1.0,B01
201800014913,1.0,7,0,0.0,2.0,1.0,2.0,A01
201800014914,0.0,7,0,6.0,0.0,1.0,6.0,A01
201800014915,1.0,32,0,0.0,0.0,0.0,1.0,A01
201800014916,0.0,7,0,2.0,0.0,1.0,1.0,A01
201800014917,0.0,7,0,0.0,1.0,1.0,1.0,A01
201800014918,2.0,7,0,16.0,2.0,8.0,1.0,A01
201800014918,1.0,7,0,3.0,2.0,8.0,13.0,B01
201800014919,2.0,7,0,0.0,2.0,1.0,1.0,A01
201800014919,1.0,7,0,0.0,2.0,1.0,1.0,B01
201800014920,2.0,7,0,0.0,1.0,1.0,1.0,A01
201800014921,2.0,7,0,0.0,2.0,2.0,13.0,A01
201800014921,1.0,7,0,0.0,0.0,3.0,1.0,B01
201800014922,2.0,7,0,0.0,2.0,1.0,13.0,A01
201800014922,1.0,7,0,0.0,2.0,2.0,1.0,B01
201800014923,2.0,7,0,0.0,9.0,6.0,10.0,A01
201800014923,2.0,1,0,0.0,2.0,2.0,1.0,B01
201800014924,1.0,31,0,4.0,0.0,1.0,0.0,A01
201800014925,2.0,2,0,0.0,2.0,3.0,2.0,A01
201800014925,2.0,2,0,0.0,0.0,5.0,2.0,B01
201800014926,2.0,33,0,13.0,0.0,1.0,2.0,A01
201800014927,0.0,31,0,0.0,2.0,1.0,5.0,A01
201800014927,0.0,7,0,0.0,2.0,1.0,1.0,B01
201800014928,2.0,33,0,13.0,0.0,1.0,1.0,A01
201800014929,2.0,7,0,0.0,2.0,1.0,13.0,A01
201800014929,1.0,7,0,0.0,2.0,1.0,1.0,B01
201800014930,2.0,2,0,8.0,0.0,1.0,13.0,A01
201800014931,0.0,7,0,0.0,1.0,3.0,0.0,A01
201800014932,1.0,7,0,0.0,2.0,1.0,13.0,A01
201800014932,2.0,7,0,0.0,2.0,1.0,1.0,B01
201800014933,1.0,33,0,0.0,2.0,8.0,1.0,A01
201800014933,2.0,33,0,0.0,2.0,8.0,1.0,B01
201800014934,2.0,7,0,0.0,2.0,2.0,16.0,A01
201800014934,2.0,33,0,0.0,2.0,3.0,18.0,B01
201800014935,0.0,7,0,0.0,2.0,3.0,1.0,A01
201800014935,0.0,31,0,0.0,2.0,1.0,1.0,B01
201800014936,1.0,33,0,3.0,0.0,2.0,1.0,A01
201800014937,1.0,33,0,3.0,0.0,0.0,1.0,A01
201800014938,2.0,7,0,0.0,2.0,3.0,15.0,A01
201800014938,1.0,33,0,0.0,2.0,1.0,1.0,B01
201800014939,2.0,7,0,13.0,0.0,1.0,1.0,A01
201800014940,1.0,1,0,0.0,2.0,7.0,16.0,A01
201800014940,1.0,7,0,0.0,9.0,3.0,16.0,B01
201800014941,2.0,7,0,0.0,1.0,1.0,1.0,A01
201800014942,0.0,7,0,15.0,0.0,2.0,2.0,A01
201800014943,2.0,7,0,0.0,0.0,6.0,16.0,A01
201800014943,2.0,7,0,0.0,0.0,2.0,1.0,B01
201800014944,0.0,7,0,2.0,0.0,1.0,1.0,A01
201800014945,0.0,7,0,0.0,2.0,1.0,15.0,A01
201800014945,2.0,33,0,0.0,2.0,8.0,15.0,B01
201800014946,1.0,7,0,0.0,1.0,2.0,1.0,A01
201800014947,2.0,7,0,0.0,2.0,1.0,1.0,B01
201800014947,0.0,2,0,0.0,2.0,8.0,0.0,A01
201800014948,1.0,7,0,0.0,0.0,0.0,20.0,A01
201800014948,1.0,7,0,6.0,0.0,3.0,21.0,B01
201800014949,0.0,7,0,2.0,0.0,8.0,1.0,A01
201800014950,1.0,7,0,0.0,2.0,1.0,17.0,A01
201800014950,2.0,7,0,0.0,2.0,1.0,1.0,B01
201800014951,1.0,1,0,0.0,2.0,1.0,1.0,B01
201800014951,1.0,7,0,0.0,2.0,6.0,19.0,A01
201800014952,1.0,7,0,0.0,2.0,1.0,13.0,A01
201800014952,2.0,7,0,0.0,2.0,1.0,1.0,B01
201800014953,2.0,7,0,0.0,2.0,7.0,15.0,A01
201800014953,1.0,1,0,0.0,0.0,7.0,1.0,B01
201800014954,1.0,7,0,0.0,2.0,1.0,0.0,A01
201800014954,2.0,7,0,0.0,2.0,1.0,23.0,B01
201800014955,1.0,7,0,6.0,0.0,7.0,1.0,A01
201800014956,1.0,33,0,15.0,0.0,2.0,1.0,A01
201800014957,2.0,7,0,9.0,0.0,2.0,1.0,A01
201800014958,1.0,7,0,0.0,2.0,1.0,17.0,A01
201800014958,1.0,7,0,8.0,0.0,8.0,15.0,B01
201800014959,2.0,7,0,2.0,0.0,3.0,0.0,A01
201800014960,0.0,7,0,0.0,2.0,2.0,9.0,A01
201800014960,1.0,31,0,0.0,2.0,1.0,1.0,B01
201800014960,0.0,3,0,0.0,2.0,3.0,23.0,C01
201800014961,2.0,7,0,0.0,2.0,2.0,15.0,A01
201800014961,1.0,33,0,0.0,2.0,1.0,1.0,B01
201800014961,1.0,7,0,0.0,2.0,3.0,23.0,C01
201800014962,1.0,7,0,0.0,2.0,2.0,13.0,A01
201800014962,2.0,7,0,0.0,2.0,1.0,1.0,B01
201800014962,1.0,7,0,0.0,2.0,6.0,1.0,C01
201800014963,2.0,7,0,0.0,9.0,2.0,1.0,A01
201800014963,0.0,1,0,0.0,2.0,8.0,16.0,B01
201800014964,2.0,2,0,0.0,2.0,0.0,17.0,A01
201800014964,2.0,2,0,0.0,0.0,8.0,1.0,B01
201800014965,2.0,7,0,0.0,1.0,1.0,1.0,A01
201800014966,2.0,7,0,0.0,2.0,3.0,13.0,A01
201800014966,1.0,7,0,0.0,2.0,3.0,1.0,B01
201800014967,1.0,7,0,0.0,2.0,3.0,15.0,A01
201800014967,2.0,7,0,0.0,2.0,1.0,1.0,B01
201800014968,1.0,7,0,0.0,2.0,6.0,15.0,A01
201800014968,1.0,2,0,0.0,2.0,2.0,17.0,B01
201800014969,2.0,7,0,0.0,1.0,1.0,1.0,A01
201800014970,2.0,7,0,8.0,0.0,7.0,0.0,A01
201800014971,0.0,7,0,0.0,2.0,3.0,16.0,A01
201800014971,0.0,7,0,0.0,2.0,3.0,15.0,B01
201800014972,1.0,7,0,0.0,2.0,1.0,2.0,A01
201800014972,1.0,7,0,0.0,0.0,4.0,2.0,B01
201800014973,0.0,7,0,0.0,1.0,1.0,1.0,A01
201800014974,1.0,7,0,0.0,2.0,1.0,13.0,A01
201800014974,2.0,7,0,0.0,2.0,3.0,1.0,B01
201800014974,1.0,7,0,0.0,2.0,1.0,1.0,C01
201800014975,0.0,7,0,0.0,2.0,3.0,1.0,A01
201800014975,0.0,7,0,8.0,2.0,3.0,1.0,B01
201800014976,1.0,7,0,0.0,1.0,2.0,1.0,A01
201800014977,1.0,7,0,0.0,2.0,3.0,1.0,A01
201800014977,2.0,7,0,0.0,2.0,1.0,0.0,B01
201800014978,0.0,7,0,0.0,2.0,3.0,20.0,A01
201800014978,0.0,30,0,0.0,2.0,2.0,1.0,B01
201800014979,0.0,7,0,0.0,9.0,2.0,16.0,A01
201800014979,0.0,1,0,6.0,2.0,7.0,1.0,B01
201800014980,1.0,1,0,6.0,9.0,2.0,1.0,A01
201800014981,0.0,7,0,0.0,0.0,8.0,1.0,A01
201800014981,0.0,1,0,0.0,2.0,8.0,1.0,B01
201800014982,1.0,34,0,0.0,0.0,0.0,1.0,A01
201800014982,2.0,7,0,0.0,0.0,0.0,15.0,B01
201800014983,1.0,7,0,0.0,2.0,3.0,13.0,A01
201800014983,2.0,10,0,0.0,2.0,8.0,1.0,B01
201800014984,1.0,13,0,0.0,2.0,3.0,11.0,A01
201800014984,2.0,7,0,0.0,2.0,3.0,1.0,B01
201800014985,1.0,2,0,14.0,9.0,0.0,17.0,A01
201800014986,2.0,7,0,0.0,2.0,3.0,19.0,A01
201800014986,2.0,31,0,0.0,2.0,7.0,1.0,B01
201800014986,2.0,2,0,0.0,2.0,1.0,1.0,C01
201800014987,0.0,10,0,8.0,2.0,3.0,1.0,A01
201800014987,0.0,10,0,0.0,2.0,8.0,1.0,B01
201800014988,2.0,7,0,0.0,2.0,7.0,15.0,A01
201800014988,1.0,30,0,0.0,2.0,1.0,0.0,B01
201800014989,1.0,7,0,5.0,0.0,1.0,6.0,A01
201800014990,0.0,33,0,12.0,0.0,2.0,15.0,A01
201800014991,0.0,7,0,0.0,2.0,2.0,1.0,A01
201800014991,0.0,7,0,0.0,0.0,3.0,1.0,B01
201800014992,2.0,33,0,13.0,0.0,8.0,1.0,A01
201800014993,0.0,7,0,0.0,2.0,1.0,9.0,A01
201800014993,2.0,34,0,0.0,2.0,7.0,1.0,B01
201800014994,0.0,7,0,6.0,0.0,1.0,0.0,A01
201800014995,2.0,1,0,0.0,0.0,9.0,1.0,B01
201800014995,1.0,7,0,0.0,0.0,0.0,15.0,A01
201800014996,1.0,1,0,12.0,0.0,2.0,1.0,A01
201800014997,1.0,1,0,0.0,0.0,0.0,1.0,A01
201800014998,0.0,36,0,15.0,0.0,7.0,1.0,A01
201800014999,1.0,7,0,0.0,1.0,3.0,1.0,A01
201800015000,0.0,7,0,0.0,2.0,2.0,1.0,A01
201800015000,0.0,2,0,0.0,2.0,8.0,13.0,B01
201800015001,0.0,2,0,13.0,0.0,1.0,1.0,A01
201800015002,1.0,31,0,0.0,0.0,7.0,1.0,A01
201800015003,2.0,1,0,0.0,2.0,3.0,2.0,A01
201800015003,2.0,10,0,0.0,0.0,5.0,1.0,B01
201800015004,0.0,7,0,2.0,0.0,1.0,13.0,A01
201800015005,0.0,7,0,8.0,0.0,7.0,1.0,A01
201800015006,1.0,7,0,0.0,2.0,1.0,1.0,A01
201800015006,1.0,7,0,0.0,2.0,8.0,15.0,B01
201800015007,2.0,7,0,0.0,2.0,1.0,13.0,A01
201800015007,1.0,7,0,0.0,2.0,1.0,1.0,B01
201800015008,2.0,7,0,0.0,2.0,9.0,21.0,A01
201800015008,1.0,7,0,0.0,1.0,1.0,23.0,B01
201800015008,1.0,33,0,0.0,2.0,8.0,23.0,C01
201800015008,2.0,7,0,0.0,0.0,4.0,2.0,D01
201800015009,0.0,14,0,0.0,0.0,9.0,1.0,A01
201800015010,0.0,7,0,0.0,9.0,5.0,1.0,A01
201800015010,0.0,1,0,0.0,2.0,1.0,16.0,B01
201800015011,1.0,7,0,0.0,2.0,5.0,15.0,A01
201800015011,2.0,1,0,0.0,2.0,1.0,5.0,B01
201800015012,1.0,33,0,0.0,2.0,8.0,1.0,B01
201800015012,1.0,7,0,0.0,2.0,1.0,15.0,A01
201800015013,2.0,2,0,0.0,0.0,3.0,1.0,A01
201800015013,1.0,7,0,0.0,2.0,0.0,0.0,B01
201800015014,0.0,30,0,0.0,0.0,2.0,23.0,A01
201800015015,1.0,7,0,13.0,0.0,9.0,1.0,A01
201800015016,2.0,31,0,11.0,2.0,7.0,2.0,A01
201800015016,2.0,14,0,0.0,0.0,6.0,21.0,B01
201800015017,0.0,33,0,6.0,0.0,1.0,16.0,A01
201800015018,1.0,7,0,0.0,1.0,1.0,1.0,A01
201800015019,2.0,7,0,0.0,2.0,2.0,13.0,A01
201800015019,1.0,7,0,0.0,2.0,3.0,1.0,B01
201800015020,2.0,1,0,0.0,0.0,4.0,0.0,A01
201800015020,2.0,7,0,0.0,2.0,3.0,0.0,B01
201800015021,2.0,7,0,16.0,0.0,1.0,1.0,A01
201800015022,0.0,7,0,8.0,0.0,2.0,2.0,A01
201800015023,2.0,10,0,0.0,2.0,2.0,15.0,A01
201800015023,0.0,2,0,0.0,2.0,7.0,1.0,B01
201800015024,1.0,7,0,0.0,2.0,8.0,1.0,B01
201800015024,2.0,7,0,0.0,2.0,1.0,1.0,A01
201800015025,1.0,7,0,0.0,2.0,8.0,13.0,A01
201800015025,2.0,10,0,0.0,2.0,3.0,1.0,B01
201800015026,2.0,7,0,0.0,2.0,1.0,1.0,A01
201800015026,2.0,7,0,0.0,0.0,8.0,1.0,B01
201800015027,1.0,7,0,2.0,0.0,5.0,14.0,A01
201800015028,2.0,21,0,0.0,0.0,3.0,13.0,A01
201800015028,1.0,33,0,0.0,0.0,3.0,1.0,B01
201800015029,2.0,33,0,0.0,2.0,1.0,1.0,A01
201800015029,1.0,7,0,0.0,2.0,3.0,15.0,B01
201800015030,0.0,1,0,0.0,2.0,3.0,9.0,A01
201800015030,0.0,7,0,0.0,9.0,5.0,1.0,B01
201800015031,2.0,7,0,0.0,2.0,2.0,5.0,A01
201800015031,1.0,7,0,0.0,2.0,2.0,1.0,B01
201800015032,2.0,7,0,0.0,2.0,1.0,5.0,A01
201800015032,1.0,7,0,0.0,2.0,3.0,21.0,B01
201800015032,1.0,7,0,0.0,2.0,1.0,1.0,C01
201800015033,1.0,7,0,0.0,2.0,2.0,19.0,B01
201800015033,1.0,7,0,0.0,2.0,1.0,1.0,A01
201800015034,0.0,7,0,2.0,0.0,2.0,14.0,A01
201800015035,1.0,10,0,0.0,2.0,2.0,1.0,A01
201800015035,0.0,7,0,0.0,2.0,3.0,9.0,B01
201800015036,1.0,33,0,3.0,0.0,8.0,0.0,A01
201800015037,2.0,7,0,0.0,2.0,1.0,13.0,A01
201800015037,1.0,7,0,0.0,2.0,1.0,1.0,B01
201800015038,1.0,7,0,2.0,0.0,7.0,14.0,A01
201800015039,1.0,2,0,0.0,0.0,7.0,0.0,A01
201800015040,2.0,7,0,0.0,2.0,3.0,0.0,A01
201800015040,2.0,7,0,0.0,2.0,1.0,1.0,B01
201800015041,1.0,7,0,0.0,0.0,0.0,1.0,A01
201800015042,2.0,7,0,8.0,0.0,0.0,1.0,A01
201800015043,1.0,7,0,0.0,2.0,3.0,1.0,A01
201800015043,2.0,7,0,0.0,2.0,3.0,1.0,B01
201800015044,1.0,7,0,0.0,1.0,1.0,1.0,A01
201800015045,0.0,30,0,0.0,2.0,3.0,1.0,A01
201800015045,0.0,7,0,0.0,2.0,5.0,5.0,B01
201800015046,1.0,7,0,2.0,0.0,1.0,2.0,A01
201800015047,2.0,32,0,0.0,2.0,3.0,1.0,B01
201800015047,1.0,7,0,0.0,2.0,3.0,1.0,A01
201800015048,1.0,2,0,3.0,0.0,5.0,1.0,A01
201800015049,2.0,7,0,6.0,0.0,1.0,1.0,A01
201800015050,0.0,31,0,12.0,0.0,7.0,1.0,A01
201800015051,1.0,7,0,0.0,2.0,2.0,19.0,A01
201800015051,1.0,33,0,0.0,2.0,2.0,21.0,B01
201800015052,2.0,7,0,0.0,2.0,2.0,1.0,A01
201800015052,2.0,7,0,0.0,2.0,8.0,16.0,B01
201800015053,0.0,7,0,16.0,0.0,1.0,1.0,A01
201800015054,1.0,7,0,0.0,2.0,7.0,13.0,A01
201800015054,2.0,7,0,0.0,2.0,1.0,1.0,B01
201800015055,1.0,7,0,15.0,0.0,1.0,1.0,A01
201800015056,2.0,7,0,0.0,2.0,1.0,1.0,B01
201800015056,2.0,7,0,0.0,2.0,3.0,9.0,A01
201800015057,2.0,7,0,13.0,0.0,2.0,1.0,A01
201800015058,1.0,3,0,0.0,1.0,1.0,1.0,A01
201800015059,1.0,33,0,0.0,0.0,4.0,1.0,B01
201800015059,1.0,7,0,0.0,2.0,1.0,1.0,A01
201800015060,1.0,7,0,0.0,2.0,8.0,1.0,A01
201800015060,0.0,31,0,0.0,2.0,1.0,5.0,B01
201800015061,2.0,7,0,0.0,2.0,2.0,1.0,A01
201800015061,1.0,7,0,0.0,2.0,3.0,19.0,B01
201800015062,0.0,10,0,0.0,2.0,2.0,1.0,A01
201800015062,0.0,1,0,0.0,2.0,8.0,1.0,B01
201800015063,0.0,36,0,0.0,0.0,3.0,16.0,A01
201800015064,2.0,7,0,15.0,0.0,1.0,1.0,A01
201800015065,0.0,7,0,0.0,2.0,8.0,1.0,A01
201800015065,0.0,10,0,0.0,0.0,2.0,1.0,B01
201800015066,1.0,7,0,0.0,2.0,1.0,9.0,A01
201800015066,2.0,7,0,0.0,2.0,1.0,17.0,B01
201800015067,1.0,10,0,0.0,2.0,2.0,19.0,A01
201800015067,1.0,7,0,0.0,2.0,2.0,1.0,B01
201800015068,2.0,7,0,0.0,1.0,3.0,2.0,A01
201800015069,0.0,7,0,0.0,1.0,2.0,16.0,A01
201800015070,2.0,7,0,0.0,2.0,3.0,15.0,A01
201800015070,1.0,33,0,0.0,2.0,1.0,1.0,B01
201800015071,2.0,7,0,0.0,2.0,2.0,19.0,A01
201800015071,1.0,33,0,0.0,2.0,8.0,1.0,B01
201800015072,1.0,7,0,0.0,2.0,3.0,13.0,A01
201800015072,2.0,7,0,0.0,2.0,3.0,1.0,B01
201800015073,2.0,31,0,0.0,0.0,6.0,1.0,B01
201800015073,1.0,7,0,0.0,2.0,3.0,19.0,A01
201800015074,0.0,7,0,8.0,0.0,1.0,1.0,A01
201800015075,2.0,7,0,0.0,0.0,0.0,15.0,B01
201800015075,1.0,7,0,6.0,0.0,1.0,1.0,A01
201800015076,0.0,7,0,0.0,2.0,1.0,1.0,A01
201800015076,0.0,7,0,0.0,2.0,8.0,1.0,B01
201800015077,2.0,10,0,0.0,2.0,3.0,13.0,A01
201800015077,1.0,7,0,0.0,2.0,1.0,1.0,B01
201800015078,2.0,7,0,0.0,2.0,1.0,1.0,A01
201800015078,1.0,33,0,0.0,2.0,1.0,5.0,B01
201800015079,2.0,3,0,0.0,0.0,0.0,1.0,A01
201800015080,1.0,7,0,0.0,2.0,3.0,1.0,A01
201800015080,2.0,7,0,0.0,2.0,2.0,9.0,B01
201800015081,2.0,7,0,0.0,2.0,2.0,17.0,A01
201800015081,2.0,7,0,0.0,2.0,7.0,17.0,B01
201800015081,2.0,7,0,6.0,2.0,6.0,1.0,C01
201800015082,0.0,7,0,0.0,2.0,1.0,1.0,B01
201800015082,0.0,7,0,0.0,2.0,2.0,19.0,A01
201800015083,1.0,7,0,0.0,2.0,2.0,17.0,A01
201800015083,1.0,21,0,0.0,2.0,3.0,15.0,B01
201800015084,1.0,7,0,0.0,2.0,1.0,1.0,B01
201800015084,2.0,7,0,0.0,2.0,1.0,5.0,A01
201800015085,2.0,7,0,8.0,0.0,8.0,1.0,A01
201800015086,2.0,7,0,13.0,0.0,9.0,13.0,A01
201800015087,1.0,7,0,0.0,2.0,1.0,11.0,A01
201800015087,2.0,7,0,0.0,2.0,1.0,1.0,B01
201800015088,1.0,7,0,0.0,2.0,3.0,1.0,A01
201800015088,2.0,7,0,13.0,2.0,3.0,1.0,B01
201800015089,1.0,7,0,0.0,2.0,2.0,13.0,A01
201800015089,2.0,7,0,0.0,2.0,2.0,21.0,B01
201800015090,0.0,2,0,6.0,0.0,3.0,1.0,A01
201800015091,2.0,33,0,0.0,2.0,1.0,1.0,B01
201800015091,0.0,7,0,0.0,0.0,3.0,19.0,A01
201800015092,2.0,7,0,0.0,2.0,3.0,1.0,A01
201800015092,0.0,7,0,0.0,2.0,7.0,19.0,B01
201800015093,1.0,7,0,0.0,2.0,3.0,13.0,A01
201800015093,1.0,7,0,0.0,2.0,2.0,17.0,B01
201800015093,1.0,7,0,0.0,2.0,8.0,2.0,C01
201800015094,0.0,7,0,8.0,0.0,2.0,1.0,A01
201800015095,2.0,7,0,0.0,9.0,6.0,15.0,A01
201800015095,2.0,1,0,0.0,2.0,1.0,17.0,B01
201800015096,2.0,7,0,0.0,2.0,2.0,1.0,A01
201800015096,1.0,7,0,0.0,2.0,3.0,1.0,B01
201800015097,1.0,1,0,0.0,2.0,1.0,1.0,B01
201800015097,2.0,7,0,0.0,9.0,8.0,1.0,A01
201800015098,0.0,35,0,0.0,0.0,0.0,2.0,A01
201800015099,1.0,7,0,2.0,0.0,1.0,0.0,A01
201800015100,2.0,7,0,0.0,2.0,1.0,1.0,B01
201800015100,1.0,3,0,9.0,2.0,2.0,1.0,A01
201800015101,2.0,1,0,0.0,2.0,1.0,16.0,A01
201800015101,1.0,7,0,0.0,2.0,3.0,1.0,B01
201800015102,2.0,7,0,3.0,0.0,4.0,13.0,A01
201800015103,0.0,7,0,0.0,2.0,1.0,0.0,A01
201800015103,0.0,7,0,16.0,2.0,3.0,19.0,B01
201800015104,2.0,33,0,14.0,0.0,1.0,1.0,A01
201800015105,2.0,1,0,0.0,2.0,1.0,1.0,C01
201800015105,2.0,1,0,0.0,2.0,1.0,1.0,B01
201800015105,1.0,99,0,0.0,2.0,0.0,1.0,A01
201800015106,0.0,33,0,0.0,2.0,1.0,1.0,A01
201800015106,0.0,7,0,0.0,2.0,7.0,19.0,B01
201800015107,1.0,7,0,6.0,2.0,1.0,14.0,A01
201800015107,2.0,7,0,0.0,0.0,8.0,23.0,B01
201800015107,2.0,7,0,0.0,2.0,1.0,23.0,C01
201800015108,2.0,7,0,16.0,0.0,9.0,1.0,A01
201800015109,2.0,31,0,0.0,2.0,1.0,2.0,A01
201800015109,2.0,7,0,0.0,2.0,7.0,20.0,B01
201800015110,1.0,7,0,8.0,0.0,3.0,1.0,A01
201800015110,2.0,7,0,0.0,2.0,1.0,15.0,B01
201800015111,1.0,33,0,14.0,0.0,6.0,1.0,A01
201800015112,2.0,7,0,0.0,2.0,1.0,13.0,A01
201800015112,1.0,7,0,0.0,2.0,3.0,1.0,B01
201800015113,1.0,33,0,0.0,2.0,1.0,1.0,B01
201800015113,0.0,7,0,0.0,2.0,8.0,9.0,A01
201800015114,0.0,33,0,8.0,0.0,1.0,14.0,A01
201800015115,0.0,7,0,0.0,1.0,1.0,1.0,A01
201800015116,1.0,7,0,0.0,1.0,1.0,1.0,A01
201800015117,1.0,10,0,14.0,0.0,8.0,1.0,A01
201800015117,1.0,7,0,14.0,0.0,3.0,17.0,B01
201800015118,0.0,7,0,0.0,2.0,1.0,9.0,A01
201800015118,0.0,30,0,0.0,2.0,7.0,1.0,B01
201800015119,2.0,2,0,2.0,0.0,1.0,1.0,A01
201800015120,2.0,33,0,0.0,2.0,1.0,1.0,A01
201800015120,2.0,7,0,0.0,0.0,6.0,15.0,B01
201800015121,1.0,7,0,0.0,0.0,8.0,1.0,A01
201800015121,1.0,7,0,2.0,2.0,7.0,3.0,B01
201800015122,1.0,7,0,0.0,2.0,2.0,1.0,B01
201800015122,2.0,7,0,0.0,2.0,7.0,13.0,A01
201800015123,1.0,7,0,3.0,2.0,3.0,1.0,B01
201800015123,2.0,7,0,3.0,2.0,2.0,13.0,A01
201800015124,1.0,7,0,0.0,2.0,3.0,13.0,A01
201800015124,2.0,7,0,0.0,2.0,3.0,1.0,B01
201800015125,1.0,33,0,0.0,2.0,1.0,3.0,A01
201800015125,0.0,7,0,0.0,2.0,3.0,15.0,B01
201800015126,0.0,7,0,0.0,2.0,4.0,2.0,B01
201800015126,0.0,7,0,0.0,0.0,4.0,2.0,C01
201800015126,0.0,13,0,0.0,2.0,1.0,2.0,A01
201800015127,1.0,7,0,0.0,2.0,2.0,2.0,A01
201800015127,1.0,30,0,0.0,0.0,6.0,2.0,B01
201800015128,2.0,2,0,0.0,2.0,1.0,17.0,A01
201800015128,2.0,21,0,0.0,2.0,3.0,15.0,B01
201800015129,2.0,1,0,0.0,2.0,8.0,15.0,A01
201800015129,2.0,10,0,0.0,2.0,1.0,1.0,B01
201800015130,2.0,7,0,0.0,2.0,3.0,15.0,B01
201800015130,2.0,32,0,0.0,2.0,2.0,17.0,A01
201800015131,1.0,34,0,0.0,0.0,7.0,3.0,A01
201800015132,1.0,7,0,0.0,2.0,3.0,10.0,A01
201800015132,1.0,33,0,0.0,2.0,1.0,17.0,B01
201800015133,0.0,2,0,14.0,0.0,0.0,1.0,A01
201800015134,0.0,7,0,0.0,9.0,1.0,1.0,B01
201800015134,2.0,1,0,0.0,2.0,1.0,1.0,A01
201800015135,2.0,7,0,0.0,2.0,2.0,1.0,B01
201800015135,1.0,7,0,0.0,2.0,3.0,9.0,A01
201800015136,1.0,7,0,13.0,0.0,1.0,2.0,A01
201800015137,2.0,7,0,0.0,1.0,1.0,1.0,A01
201800015138,1.0,1,0,0.0,2.0,8.0,2.0,B01
201800015138,1.0,7,0,0.0,2.0,7.0,2.0,A01
201800015139,0.0,2,0,0.0,2.0,1.0,1.0,B01
201800015139,0.0,7,0,0.0,2.0,3.0,13.0,A01
201800015140,0.0,7,0,0.0,2.0,1.0,0.0,A01
201800015140,0.0,7,0,0.0,0.0,3.0,23.0,B01
201800015141,1.0,10,0,0.0,2.0,1.0,13.0,A01
201800015141,2.0,10,0,0.0,2.0,1.0,1.0,B01
201800015142,0.0,7,0,0.0,2.0,1.0,0.0,A01
201800015142,0.0,33,0,0.0,2.0,8.0,1.0,B01
201800015143,1.0,1,0,0.0,2.0,3.0,1.0,B01
201800015143,2.0,7,0,0.0,2.0,3.0,17.0,A01
201800015144,0.0,7,0,13.0,2.0,3.0,1.0,A01
201800015144,0.0,7,0,13.0,2.0,3.0,1.0,B01
201800015145,2.0,33,0,0.0,2.0,7.0,17.0,B01
201800015145,1.0,7,0,0.0,2.0,8.0,11.0,A01
201800015146,1.0,7,0,0.0,2.0,1.0,17.0,B01
201800015146,2.0,7,0,0.0,2.0,1.0,1.0,A01
201800015147,0.0,7,0,0.0,1.0,2.0,1.0,A01
201800015148,1.0,7,0,0.0,2.0,7.0,13.0,A01
201800015148,2.0,7,0,0.0,2.0,1.0,1.0,B01
201800015149,2.0,7,0,16.0,0.0,3.0,1.0,A01
201800015150,2.0,7,0,0.0,2.0,3.0,15.0,B01
201800015150,2.0,34,0,0.0,2.0,0.0,17.0,A01
201800015151,0.0,7,0,0.0,2.0,3.0,9.0,A01
201800015151,0.0,33,0,0.0,2.0,7.0,1.0,B01
201800015152,0.0,7,0,13.0,0.0,1.0,1.0,A01
201800015153,2.0,7,0,2.0,0.0,7.0,13.0,A01
201800015154,2.0,7,0,0.0,1.0,1.0,15.0,A01
201800015155,1.0,7,0,0.0,2.0,1.0,1.0,B01
201800015155,1.0,7,0,0.0,2.0,1.0,17.0,A01
201800015156,1.0,33,0,0.0,2.0,8.0,1.0,A01
201800015156,2.0,7,0,0.0,2.0,1.0,19.0,B01
201800015157,1.0,7,0,6.0,0.0,2.0,14.0,A01
201800015158,1.0,7,0,2.0,0.0,2.0,1.0,A01
201800015159,2.0,7,0,0.0,2.0,3.0,1.0,B01
201800015159,1.0,33,0,0.0,2.0,3.0,13.0,A01
201800015160,1.0,7,0,0.0,1.0,2.0,1.0,A01
201800015161,2.0,10,0,0.0,6.0,1.0,21.0,A01
201800015162,1.0,33,0,0.0,0.0,1.0,1.0,A01
201800015163,0.0,7,0,0.0,2.0,8.0,15.0,A01
201800015163,1.0,7,0,0.0,2.0,1.0,1.0,B01
201800015164,1.0,7,0,0.0,2.0,2.0,19.0,B01