Num_Acc,senc,catv,occutc,obs,obsm,choc,manv,num_veh
201800015455,2.0,7,0,0.0,0.0,5.0,15.0,A01
201800015455,2.0,7,0,6.0,2.0,1.0,1.0,B01
201800015455,2.0,7,0,0.0,2.0,1.0,1.0,C01
201800015456,1.0,2,0,0.0,2.0,4.0,15.0,A01
201800015456,1.0,7,0,0.0,2.0,1.0,17.0,B01
201800015457,0.0,7,0,0.0,1.0,2.0,2.0,A01
201800015458,0.0,7,0,0.0,1.0,4.0,4.0,A01
201800015459,0.0,7,0,0.0,2.0,7.0,15.0,A01
201800015459,0.0,7,0,0.0,2.0,1.0,1.0,B01
201800015460,1.0,7,0,0.0,5.0,2.0,3.0,A01
201800015461,2.0,10,0,2.0,0.0,3.0,1.0,A01
201800015462,1.0,7,0,0.0,2.0,3.0,1.0,B01
201800015462,0.0,7,0,6.0,2.0,2.0,19.0,A01
201800015463,1.0,7,0,0.0,2.0,3.0,1.0,A01
201800015463,2.0,15,0,0.0,2.0,3.0,0.0,B01
201800015464,0.0,7,0,2.0,0.0,3.0,2.0,A01
201800015465,0.0,21,0,0.0,9.0,4.0,4.0,A01
201800015465,0.0,1,0,0.0,2.0,2.0,1.0,B01
201800015466,1.0,33,0,13.0,0.0,0.0,1.0,A01
201800015467,1.0,7,0,0.0,2.0,1.0,19.0,A01
201800015467,1.0,7,0,0.0,2.0,8.0,23.0,C01
201800015467,1.0,7,0,0.0,2.0,8.0,1.0,B01
201800015468,1.0,7,0,5.0,0.0,1.0,1.0,A01
201800015469,1.0,7,0,0.0,2.0,1.0,5.0,A01
201800015469,2.0,7,0,0.0,2.0,1.0,0.0,B01
201800015470,2.0,7,0,0.0,2.0,2.0,1.0,A01
201800015470,2.0,1,0,0.0,2.0,4.0,1.0,B01
201800015471,2.0,7,0,0.0,2.0,4.0,23.0,A01
201800015471,2.0,7,0,0.0,2.0,4.0,23.0,B01
201800015471,2.0,14,0,0.0,2.0,1.0,1.0,C01
201800015472,0.0,7,0,0.0,2.0,1.0,13.0,A01
201800015472,0.0,21,0,8.0,2.0,1.0,1.0,B01
201800015473,1.0,7,0,0.0,2.0,3.0,1.0,A01
201800015473,1.0,7,0,0.0,2.0,3.0,1.0,B01
201800015474,1.0,7,0,0.0,2.0,6.0,13.0,A01
201800015474,1.0,7,0,0.0,2.0,1.0,17.0,B01
201800015474,2.0,7,0,0.0,2.0,1.0,1.0,C01
201800015475,1.0,7,0,0.0,2.0,7.0,16.0,A01
201800015475,1.0,1,0,0.0,2.0,1.0,1.0,B01
201800015476,1.0,33,0,0.0,2.0,1.0,17.0,A01
201800015476,1.0,7,0,0.0,2.0,5.0,23.0,B01
201800015477,1.0,7,0,0.0,2.0,3.0,1.0,A01
201800015477,2.0,7,0,0.0,2.0,2.0,15.0,B01
201800015478,1.0,33,0,0.0,2.0,8.0,15.0,A01
201800015478,1.0,33,0,0.0,2.0,1.0,21.0,B01
201800015479,2.0,7,0,0.0,1.0,2.0,1.0,A01
201800015480,0.0,7,0,0.0,1.0,2.0,1.0,A01
201800015481,1.0,10,0,0.0,2.0,3.0,19.0,A01
201800015481,1.0,10,0,0.0,2.0,2.0,1.0,B01
201800015482,2.0,7,0,0.0,2.0,2.0,19.0,A01
201800015482,1.0,7,0,0.0,9.0,1.0,1.0,B01
201800015483,1.0,2,0,0.0,2.0,1.0,1.0,B01
201800015483,0.0,7,0,0.0,2.0,3.0,15.0,A01
201800015484,1.0,7,0,0.0,2.0,3.0,1.0,A01
201800015484,0.0,1,0,0.0,2.0,8.0,19.0,B01
201800015485,1.0,7,0,0.0,1.0,3.0,1.0,A01
201800015486,2.0,7,0,15.0,0.0,1.0,1.0,A01
201800015487,0.0,21,0,0.0,2.0,6.0,1.0,A01
201800015487,2.0,10,0,0.0,2.0,3.0,1.0,B01
201800015488,2.0,7,0,0.0,1.0,8.0,1.0,A01
201800015489,1.0,33,0,5.0,0.0,8.0,1.0,A01
201800015490,1.0,7,0,0.0,2.0,7.0,1.0,A01
201800015490,1.0,1,0,0.0,2.0,8.0,1.0,B01
201800015491,0.0,7,0,0.0,0.0,0.0,0.0,A01
201800015492,2.0,7,0,0.0,2.0,3.0,1.0,A01
201800015492,1.0,7,0,0.0,2.0,1.0,1.0,B01
201800015493,1.0,7,0,2.0,0.0,1.0,1.0,A01
201800015494,2.0,7,0,0.0,2.0,3.0,1.0,B01
201800015494,0.0,33,0,0.0,2.0,1.0,1.0,A01
201800015495,0.0,1,0,0.0,0.0,2.0,1.0,A01
201800015496,0.0,10,0,10.0,0.0,2.0,1.0,A01
201800015497,0.0,7,0,0.0,0.0,5.0,15.0,A01
201800015497,0.0,1,0,0.0,0.0,1.0,1.0,B01
201800015498,0.0,7,0,0.0,2.0,1.0,15.0,A01
201800015498,0.0,33,0,0.0,2.0,7.0,1.0,B01
201800015499,1.0,7,0,0.0,2.0,2.0,17.0,A01
201800015499,1.0,1,0,0.0,0.0,4.0,1.0,B01
201800015500,1.0,10,0,2.0,0.0,1.0,1.0,A01
201800015501,0.0,30,0,0.0,2.0,1.0,1.0,B01
201800015501,0.0,7,0,0.0,2.0,6.0,15.0,A01
201800015502,1.0,7,0,0.0,9.0,1.0,17.0,A01
201800015502,1.0,1,0,0.0,2.0,8.0,15.0,B01
201800015503,1.0,10,0,0.0,0.0,0.0,1.0,A01
201800015503,0.0,7,0,0.0,9.0,7.0,23.0,B01
201800015504,1.0,7,0,3.0,0.0,1.0,0.0,A01
201800015505,1.0,2,0,6.0,0.0,2.0,1.0,A01
201800015506,2.0,31,0,0.0,2.0,1.0,1.0,A01
201800015506,1.0,21,0,0.0,2.0,1.0,15.0,B01
201800015507,0.0,7,0,0.0,1.0,2.0,16.0,A01
201800015508,2.0,33,0,16.0,0.0,0.0,1.0,A01
201800015509,1.0,7,0,3.0,0.0,2.0,1.0,A01
201800015510,1.0,31,0,0.0,2.0,7.0,1.0,A01
201800015510,1.0,7,0,0.0,2.0,1.0,9.0,B01
201800015511,0.0,7,0,0.0,1.0,3.0,1.0,A01
201800015512,1.0,15,0,3.0,0.0,0.0,1.0,A01
201800015513,2.0,31,0,0.0,2.0,1.0,1.0,A01
201800015513,0.0,13,0,0.0,0.0,6.0,15.0,B01
201800015514,2.0,2,0,0.0,2.0,1.0,1.0,A01
201800015514,2.0,7,0,0.0,2.0,5.0,4.0,B01
201800015515,0.0,7,0,6.0,0.0,1.0,1.0,A01
201800015516,2.0,7,0,0.0,2.0,5.0,13.0,A01
201800015516,1.0,7,0,0.0,2.0,2.0,1.0,B01
201800015517,1.0,2,0,0.0,6.0,3.0,1.0,A01
201800015518,2.0,7,0,0.0,1.0,2.0,1.0,A01
201800015519,1.0,7,0,0.0,2.0,1.0,1.0,B01
201800015519,0.0,7,0,0.0,0.0,3.0,23.0,C01
201800015519,0.0,7,0,0.0,2.0,2.0,19.0,A01
201800015520,1.0,1,0,0.0,0.0,0.0,1.0,A01
201800015520,1.0,7,0,0.0,9.0,7.0,17.0,B01
201800015521,1.0,7,0,0.0,0.0,1.0,2.0,A01
201800015521,1.0,2,0,0.0,0.0,4.0,2.0,B01
201800015522,0.0,7,0,0.0,1.0,2.0,1.0,A01
201800015523,2.0,32,0,3.0,0.0,0.0,1.0,A01
201800015524,1.0,7,0,0.0,2.0,1.0,12.0,A01
201800015524,2.0,34,0,0.0,2.0,2.0,11.0,B01
201800015525,0.0,33,0,0.0,2.0,1.0,17.0,A01
201800015525,0.0,7,0,0.0,0.0,8.0,10.0,B01
201800015526,1.0,7,0,4.0,0.0,8.0,13.0,A01
201800015527,0.0,7,0,0.0,2.0,6.0,1.0,A01
201800015527,0.0,33,0,0.0,2.0,7.0,1.0,B01
201800015528,2.0,33,0,0.0,2.0,2.0,1.0,A01
201800015528,0.0,37,7,0.0,0.0,8.0,19.0,B01
201800015529,1.0,7,0,0.0,1.0,1.0,15.0,A01
201800015530,1.0,7,0,0.0,2.0,1.0,1.0,B01
201800015530,2.0,7,0,0.0,2.0,1.0,13.0,A01
201800015531,0.0,10,0,0.0,2.0,1.0,13.0,A01
201800015531,0.0,7,0,0.0,2.0,3.0,1.0,B01
201800015532,2.0,33,0,13.0,2.0,7.0,2.0,B01
201800015532,2.0,33,0,13.0,2.0,1.0,21.0,A01
201800015533,2.0,7,0,0.0,2.0,7.0,1.0,B01
201800015533,2.0,1,0,0.0,2.0,8.0,9.0,A01
201800015534,0.0,10,0,1.0,1.0,1.0,0.0,A01
201800015535,1.0,7,0,13.0,0.0,2.0,1.0,A01
201800015536,0.0,7,0,0.0,2.0,1.0,1.0,B01
201800015536,0.0,7,0,0.0,2.0,8.0,9.0,A01
201800015537,2.0,1,0,0.0,2.0,8.0,1.0,B01
201800015537,2.0,21,0,0.0,2.0,5.0,17.0,A01
201800015538,1.0,7,0,13.0,0.0,8.0,1.0,A01
201800015539,0.0,7,0,13.0,0.0,1.0,13.0,A01
201800015540,1.0,7,0,0.0,2.0,1.0,1.0,B01
201800015540,1.0,7,0,0.0,2.0,3.0,19.0,A01
201800015541,1.0,15,0,0.0,2.0,4.0,23.0,A01
201800015541,1.0,7,0,0.0,2.0,1.0,1.0,B01
201800015542,1.0,2,0,8.0,0.0,1.0,2.0,A01
201800015543,2.0,7,0,0.0,2.0,1.0,1.0,B01
201800015543,1.0,7,0,0.0,2.0,1.0,1.0,A01
201800015544,2.0,33,0,13.0,0.0,0.0,1.0,A01
201800015545,2.0,7,0,0.0,2.0,1.0,13.0,A01
201800015545,1.0,7,0,0.0,2.0,1.0,1.0,B01
201800015546,1.0,7,0,0.0,2.0,2.0,2.0,A01
201800015546,1.0,1,0,0.0,2.0,8.0,1.0,B02
201800015547,1.0,7,0,13.0,0.0,2.0,1.0,A01
201800015548,2.0,33,0,0.0,5.0,2.0,1.0,A01
201800015549,2.0,20,0,0.0,1.0,2.0,1.0,A01
201800015550,2.0,7,0,0.0,2.0,2.0,1.0,B01
201800015550,1.0,7,0,0.0,2.0,3.0,13.0,A01
201800015551,1.0,2,0,13.0,0.0,0.0,0.0,A01
201800015552,2.0,7,0,0.0,1.0,1.0,1.0,A01
201800015553,1.0,33,0,0.0,2.0,1.0,1.0,A01
201800015553,2.0,7,0,0.0,2.0,3.0,15.0,B01
201800015554,2.0,7,0,13.0,0.0,3.0,13.0,A01
201800015555,2.0,1,0,0.0,2.0,3.0,1.0,A01
201800015555,1.0,14,0,0.0,2.0,0.0,1.0,B01
201800015556,2.0,7,0,0.0,2.0,1.0,1.0,B01
201800015556,1.0,7,0,0.0,2.0,2.0,15.0,A01
201800015557,1.0,7,0,0.0,2.0,5.0,16.0,A01
201800015557,1.0,1,0,0.0,2.0,1.0,1.0,B01
201800015558,1.0,7,0,11.0,0.0,1.0,1.0,A01
201800015559,1.0,7,0,0.0,2.0,2.0,15.0,A01
201800015559,2.0,33,0,0.0,2.0,1.0,1.0,B01
201800015560,2.0,7,0,0.0,2.0,7.0,15.0,A01
201800015560,1.0,2,0,0.0,2.0,1.0,1.0,B01
201800015561,2.0,1,0,0.0,2.0,8.0,2.0,B01
201800015561,2.0,10,0,0.0,2.0,7.0,17.0,A01
201800015562,1.0,33,0,0.0,2.0,1.0,1.0,B01
201800015562,2.0,7,0,0.0,2.0,2.0,15.0,A01
201800015563,1.0,10,0,2.0,0.0,2.0,1.0,A01
201800015564,1.0,7,0,1.0,1.0,1.0,1.0,A01
201800015565,2.0,7,0,0.0,1.0,1.0,1.0,A01
201800015566,2.0,7,0,13.0,0.0,1.0,1.0,A01
201800015567,2.0,7,0,0.0,1.0,2.0,1.0,A01
201800015568,1.0,7,0,13.0,0.0,9.0,1.0,A01
201800015569,1.0,7,0,13.0,0.0,3.0,1.0,A01
201800015570,1.0,1,0,0.0,2.0,7.0,1.0,B01
201800015570,1.0,7,0,0.0,2.0,1.0,15.0,A01
201800015571,1.0,7,0,2.0,0.0,7.0,1.0,A01
201800015572,2.0,7,0,13.0,0.0,9.0,17.0,A01
201800015573,0.0,10,0,13.0,0.0,1.0,1.0,A01
201800015574,0.0,7,0,0.0,1.0,2.0,1.0,A01
201800015575,1.0,7,0,0.0,1.0,2.0,1.0,A01
201800015576,0.0,2,0,0.0,2.0,1.0,1.0,A01
201800015576,0.0,7,0,0.0,2.0,5.0,17.0,B01
201800015577,1.0,7,0,0.0,2.0,1.0,2.0,A01
201800015577,1.0,7,0,0.0,2.0,4.0,1.0,B01
201800015578,2.0,7,0,0.0,2.0,2.0,21.0,B01
201800015578,0.0,2,0,0.0,2.0,3.0,16.0,A01
201800015579,2.0,7,0,13.0,0.0,3.0,1.0,A01
201800015580,2.0,7,0,13.0,0.0,3.0,13.0,A01
201800015581,2.0,7,0,0.0,2.0,2.0,19.0,B01
201800015581,1.0,1,0,0.0,2.0,1.0,1.0,A01
201800015582,1.0,7,0,0.0,2.0,3.0,1.0,B01
201800015582,2.0,7,0,0.0,2.0,3.0,13.0,A01
201800015583,1.0,7,0,0.0,2.0,2.0,1.0,B01
201800015583,1.0,10,0,0.0,2.0,3.0,19.0,A01
201800015584,2.0,7,0,0.0,2.0,7.0,17.0,B01
201800015584,1.0,1,0,0.0,2.0,8.0,1.0,A01
201800015585,0.0,2,0,12.0,0.0,1.0,1.0,A01
201800015586,2.0,7,0,0.0,1.0,8.0,1.0,A01
201800015587,1.0,7,0,0.0,2.0,3.0,24.0,A01
201800015587,1.0,1,0,1.0,0.0,3.0,13.0,B01
201800015587,1.0,1,0,1.0,0.0,3.0,13.0,C01
201800015588,2.0,33,0,0.0,2.0,1.0,1.0,A01
201800015588,0.0,7,0,0.0,2.0,3.0,19.0,B01
201800015589,0.0,2,0,2.0,0.0,1.0,1.0,A01
201800015590,2.0,7,0,0.0,2.0,4.0,1.0,B01
201800015590,2.0,7,0,0.0,2.0,1.0,1.0,A01
201800015591,1.0,7,0,0.0,2.0,2.0,2.0,A01
201800015591,1.0,34,0,0.0,2.0,4.0,2.0,B01
201800015592,2.0,7,0,13.0,0.0,1.0,1.0,A01
201800015593,1.0,33,0,0.0,0.0,9.0,1.0,A01
201800015594,1.0,31,0,0.0,0.0,8.0,1.0,A01
201800015595,1.0,7,0,13.0,0.0,1.0,1.0,A01
201800015596,1.0,7,0,0.0,2.0,3.0,1.0,A01
201800015596,2.0,2,0,0.0,2.0,8.0,19.0,B01
201800015597,1.0,10,0,0.0,1.0,2.0,1.0,A01
201800015598,0.0,7,0,0.0,1.0,1.0,1.0,A01
201800015599,2.0,7,0,0.0,2.0,1.0,1.0,A01
201800015599,1.0,7,0,0.0,2.0,3.0,13.0,B01
201800015600,1.0,7,0,2.0,0.0,2.0,1.0,A01
201800015601,2.0,7,0,0.0,2.0,3.0,13.0,A01
201800015601,1.0,38,1,0.0,2.0,3.0,1.0,B01
201800015602,2.0,7,0,13.0,0.0,1.0,16.0,A01
201800015603,2.0,7,0,0.0,2.0,1.0,1.0,A01
201800015603,0.0,7,0,0.0,2.0,8.0,19.0,B01
201800015604,1.0,7,0,1.0,0.0,1.0,1.0,A01
201800015605,1.0,2,0,0.0,2.0,1.0,1.0,B01
201800015605,2.0,7,0,0.0,2.0,2.0,19.0,A01
201800015606,0.0,7,0,2.0,0.0,2.0,2.0,A01
201800015607,2.0,7,0,0.0,2.0,6.0,15.0,B01
201800015607,2.0,33,0,0.0,2.0,3.0,2.0,A01
201800015608,2.0,7,0,0.0,2.0,1.0,13.0,A01
201800015608,1.0,7,0,0.0,2.0,1.0,1.0,B01
201800015609,0.0,7,0,0.0,0.0,4.0,2.0,B01
201800015609,0.0,7,0,0.0,2.0,1.0,2.0,A01
201800015610,0.0,7,0,13.0,0.0,2.0,1.0,A01
201800015611,1.0,31,0,0.0,2.0,1.0,1.0,B01
201800015611,2.0,10,0,0.0,2.0,7.0,15.0,A01
201800015612,2.0,7,0,0.0,6.0,3.0,1.0,A01
201800015613,1.0,31,0,0.0,0.0,0.0,1.0,A01
201800015614,0.0,2,0,0.0,2.0,3.0,21.0,B01
201800015614,0.0,7,0,0.0,2.0,3.0,20.0,A01
201800015615,1.0,7,0,0.0,1.0,1.0,1.0,A01
201800015616,1.0,10,0,0.0,2.0,1.0,2.0,A01
201800015616,1.0,1,0,0.0,2.0,4.0,1.0,B01
201800015617,1.0,1,0,0.0,2.0,7.0,1.0,B01
201800015617,2.0,7,0,0.0,2.0,2.0,1.0,A01
201800015618,2.0,7,0,0.0,2.0,3.0,1.0,C01
201800015618,1.0,7,0,0.0,2.0,7.0,13.0,A01
201800015618,2.0,10,0,0.0,2.0,3.0,1.0,B01
201800015619,2.0,7,0,0.0,2.0,3.0,19.0,A01
201800015619,2.0,7,0,0.0,2.0,1.0,14.0,B01
201800015620,0.0,7,0,0.0,1.0,3.0,15.0,A01
201800015621,0.0,7,0,0.0,1.0,1.0,1.0,A01
201800015622,1.0,7,0,0.0,2.0,8.0,1.0,A01
201800015622,2.0,7,0,0.0,2.0,1.0,19.0,B01
201800015623,1.0,7,0,16.0,0.0,9.0,14.0,A01
201800015624,2.0,1,0,0.0,2.0,3.0,1.0,B01
201800015624,1.0,7,0,0.0,9.0,3.0,15.0,A01
201800015625,1.0,17,0,0.0,2.0,4.0,2.0,B01
201800015625,1.0,17,0,0.0,2.0,1.0,2.0,A01
201800015626,1.0,33,0,0.0,2.0,4.0,1.0,A01
201800015626,1.0,7,0,0.0,2.0,2.0,2.0,B01
201800015627,2.0,1,0,0.0,2.0,0.0,1.0,A01
201800015627,2.0,15,0,0.0,2.0,0.0,17.0,B01
201800015628,1.0,7,0,0.0,0.0,1.0,1.0,C01
201800015628,2.0,7,0,0.0,2.0,1.0,1.0,A01
201800015628,2.0,7,0,0.0,2.0,4.0,15.0,B01
201800015629,0.0,1,0,0.0,2.0,1.0,13.0,A01
201800015629,0.0,7,0,0.0,2.0,2.0,1.0,B01
201800015630,2.0,31,0,0.0,2.0,1.0,1.0,B01
201800015630,0.0,7,0,0.0,2.0,6.0,15.0,A01
201800015631,0.0,39,77,1.0,0.0,1.0,1.0,B01
201800015631,0.0,7,0,0.0,4.0,1.0,23.0,A01
201800015632,0.0,7,0,0.0,1.0,2.0,1.0,A01
201800015633,2.0,7,0,0.0,1.0,3.0,1.0,A01
201800015634,0.0,2,0,0.0,1.0,1.0,1.0,A01
201800015635,1.0,7,0,0.0,2.0,1.0,1.0,A01
201800015635,1.0,7,0,0.0,2.0,3.0,19.0,B01
201800015636,1.0,7,0,0.0,2.0,2.0,15.0,A01
201800015636,2.0,7,0,0.0,2.0,1.0,1.0,B01
201800015637,1.0,7,0,8.0,0.0,1.0,1.0,A01
201800015638,2.0,7,0,5.0,0.0,9.0,1.0,A01
201800015639,1.0,33,0,0.0,2.0,1.0,1.0,B01
201800015639,1.0,7,0,0.0,2.0,3.0,15.0,A01
201800015640,2.0,7,0,0.0,2.0,5.0,16.0,A01
201800015640,2.0,17,0,0.0,2.0,3.0,2.0,B01
201800015641,1.0,32,0,12.0,0.0,0.0,16.0,A01
201800015642,2.0,7,0,0.0,2.0,1.0,1.0,B01
201800015642,1.0,7,0,0.0,2.0,2.0,15.0,A01
201800015643,1.0,7,0,0.0,2.0,1.0,1.0,A01
201800015643,0.0,7,0,0.0,2.0,7.0,19.0,B01
201800015644,1.0,15,0,0.0,2.0,4.0,1.0,C01
201800015644,1.0,7,0,0.0,2.0,3.0,2.0,B01
201800015644,1.0,7,0,0.0,2.0,1.0,2.0,A01
201800015645,1.0,7,0,0.0,1.0,2.0,1.0,A01
201800015646,1.0,7,0,0.0,2.0,4.0,1.0,B01
201800015646,1.0,7,0,0.0,2.0,4.0,2.0,C01
201800015646,1.0,7,0,0.0,2.0,1.0,2.0,A01
201800015647,1.0,7,0,0.0,2.0,7.0,13.0,A01
201800015647,2.0,7,0,0.0,2.0,1.0,1.0,B01
201800015648,2.0,7,0,3.0,0.0,1.0,1.0,A01
201800015649,1.0,33,0,0.0,2.0,1.0,1.0,A01
201800015649,0.0,7,0,0.0,2.0,3.0,16.0,B01
201800015650,1.0,7,0,0.0,2.0,2.0,15.0,A01
201800015650,2.0,7,0,0.0,2.0,2.0,1.0,B01
201800015651,0.0,7,0,0.0,2.0,2.0,1.0,B01
201800015651,0.0,7,0,0.0,2.0,3.0,1.0,A01
201800015652,2.0,7,0,2.0,0.0,1.0,1.0,A01
201800015653,0.0,7,0,0.0,1.0,4.0,4.0,A01
201800015654,1.0,7,0,0.0,2.0,3.0,1.0,A01
201800015654,1.0,7,0,0.0,2.0,3.0,13.0,B01
201800015655,2.0,7,0,12.0,0.0,7.0,1.0,A01
201800015656,2.0,33,0,5.0,9.0,8.0,1.0,A01
201800015657,1.0,33,0,0.0,2.0,3.0,13.0,A01
201800015657,2.0,7,0,0.0,2.0,8.0,1.0,B01
201800015658,2.0,7,0,0.0,2.0,3.0,15.0,A01
201800015658,1.0,7,0,0.0,2.0,3.0,1.0,B01
201800015659,2.0,7,0,0.0,1.0,0.0,1.0,A01
201800015660,2.0,7,0,15.0,0.0,3.0,1.0,A01
201800015661,1.0,1,0,0.0,1.0,1.0,1.0,A01
201800015662,2.0,7,0,0.0,2.0,5.0,2.0,A01
201800015662,2.0,2,0,13.0,2.0,3.0,1.0,B01
201800015663,1.0,7,0,0.0,2.0,3.0,13.0,A01
201800015663,2.0,7,0,0.0,2.0,3.0,1.0,B01
201800015664,2.0,7,0,0.0,2.0,1.0,15.0,A01
201800015664,1.0,7,0,0.0,2.0,2.0,1.0,B01
201800015665,2.0,31,0,0.0,2.0,1.0,0.0,B01
201800015665,2.0,7,0,0.0,2.0,6.0,0.0,A01
201800015666,2.0,2,0,0.0,2.0,1.0,1.0,A01
201800015666,1.0,7,0,0.0,2.0,6.0,15.0,B01
201800015667,2.0,7,0,0.0,2.0,4.0,2.0,A01
201800015667,2.0,33,0,0.0,2.0,1.0,1.0,B01
201800015668,1.0,30,0,0.0,0.0,1.0,0.0,B01
201800015668,0.0,7,0,0.0,0.0,0.0,16.0,A01
201800015669,1.0,7,0,0.0,2.0,1.0,11.0,A01
201800015669,2.0,7,0,0.0,2.0,1.0,1.0,B01
201800015670,2.0,7,0,0.0,2.0,2.0,15.0,A01
201800015670,1.0,2,0,0.0,2.0,1.0,1.0,B01
201800015671,2.0,10,0,0.0,2.0,1.0,17.0,A01
201800015671,1.0,10,0,0.0,2.0,1.0,1.0,B01
201800015672,1.0,33,0,0.0,2.0,1.0,1.0,A01
201800015672,2.0,7,0,0.0,0.0,7.0,15.0,B01
201800015673,1.0,7,0,0.0,9.0,3.0,1.0,A01
201800015673,1.0,1,0,0.0,2.0,1.0,1.0,B01
201800015674,2.0,7,0,0.0,1.0,2.0,21.0,A01
201800015675,1.0,7,0,6.0,0.0,9.0,1.0,A01
201800015676,0.0,7,0,0.0,0.0,0.0,1.0,A01
201800015677,2.0,7,0,0.0,1.0,3.0,1.0,A01
201800015678,2.0,7,0,13.0,0.0,3.0,6.0,A01
201800015679,2.0,7,0,0.0,2.0,1.0,1.0,B01
201800015679,2.0,7,0,0.0,2.0,7.0,19.0,A01
201800015680,1.0,7,0,0.0,2.0,3.0,1.0,A01
201800015680,2.0,7,0,0.0,2.0,3.0,1.0,B01
201800015681,0.0,36,0,0.0,0.0,0.0,1.0,A01
201800015682,2.0,7,0,0.0,1.0,1.0,1.0,A01
201800015683,1.0,7,0,13.0,0.0,1.0,1.0,A01
201800015684,2.0,7,0,6.0,0.0,8.0,1.0,A01
201800015685,0.0,7,0,0.0,2.0,1.0,19.0,A01
201800015685,0.0,7,0,6.0,2.0,3.0,1.0,B01
201800015686,1.0,7,0,0.0,2.0,1.0,2.0,A01
201800015686,1.0,3,0,16.0,0.0,4.0,2.0,B01
201800015687,1.0,7,0,0.0,1.0,1.0,1.0,A01
201800015688,2.0,7,0,13.0,0.0,3.0,1.0,A01
201800015689,1.0,7,0,0.0,2.0,1.0,1.0,A01
201800015689,2.0,7,0,0.0,2.0,3.0,1.0,B01
201800015690,2.0,7,0,2.0,0.0,3.0,13.0,A01
201800015691,1.0,10,0,13.0,0.0,1.0,1.0,A01
201800015692,0.0,7,0,0.0,1.0,1.0,1.0,A01
201800015693,1.0,2,0,0.0,2.0,1.0,19.0,A01
201800015693,1.0,10,0,0.0,9.0,2.0,1.0,B01
201800015694,2.0,7,0,0.0,2.0,1.0,13.0,A01
201800015694,1.0,7,0,0.0,2.0,1.0,1.0,B01
201800015695,1.0,7,0,0.0,1.0,3.0,1.0,A01
201800015696,1.0,7,0,6.0,0.0,7.0,13.0,A01
201800015697,1.0,7,0,0.0,2.0,3.0,13.0,A01
201800015697,2.0,7,0,0.0,2.0,1.0,1.0,B01
201800015698,2.0,7,0,0.0,2.0,1.0,1.0,B01
201800015698,1.0,7,0,0.0,2.0,3.0,5.0,A01
201800015699,0.0,7,0,0.0,2.0,8.0,1.0,B01
201800015699,0.0,2,0,0.0,2.0,1.0,9.0,A01
201800015700,0.0,1,0,1.0,0.0,2.0,17.0,B01
201800015700,0.0,7,0,0.0,0.0,0.0,24.0,A01
201800015701,1.0,7,0,0.0,2.0,3.0,13.0,A01
201800015701,2.0,2,0,0.0,2.0,3.0,1.0,B01
201800015702,1.0,10,0,2.0,0.0,1.0,1.0,A01
201800015703,1.0,2,0,0.0,2.0,1.0,17.0,A01
201800015703,2.0,7,0,0.0,2.0,1.0,1.0,B01
201800015704,2.0,7,0,0.0,2.0,5.0,15.0,B01
201800015704,1.0,33,0,0.0,2.0,1.0,1.0,A01
201800015705,0.0,7,0,0.0,2.0,8.0,16.0,A01
201800015705,0.0,1,0,0.0,2.0,7.0,1.0,B01
201800015706,1.0,13,0,0.0,1.0,1.0,15.0,A01
201800015707,0.0,7,0,0.0,2.0,3.0,9.0,B01
201800015707,0.0,2,0,0.0,2.0,2.0,9.0,A01
201800015708,1.0,7,0,0.0,0.0,6.0,23.0,B01
201800015708,1.0,33,0,0.0,2.0,1.0,17.0,A01
201800015709,2.0,33,0,0.0,2.0,2.0,17.0,A01
201800015709,2.0,21,0,0.0,2.0,3.0,15.0,B01
201800015710,2.0,7,0,0.0,2.0,1.0,1.0,A01
201800015710,2.0,7,0,0.0,2.0,1.0,1.0,B01
201800015711,1.0,33,0,0.0,2.0,1.0,1.0,B01
201800015711,2.0,7,0,0.0,2.0,3.0,15.0,A01
201800015712,2.0,7,0,0.0,2.0,3.0,1.0,B01
201800015712,1.0,7,0,0.0,2.0,3.0,13.0,A01
201800015713,2.0,7,0,3.0,2.0,3.0,1.0,B01
201800015713,2.0,7,0,0.0,2.0,7.0,1.0,C01
201800015713,1.0,7,0,3.0,2.0,1.0,13.0,A01
201800015714,1.0,7,0,0.0,2.0,1.0,1.0,A01
201800015714,2.0,10,0,0.0,2.0,1.0,1.0,B01
201800015715,1.0,1,0,0.0,2.0,8.0,1.0,B01
201800015715,1.0,7,0,0.0,9.0,7.0,1.0,A01
201800015716,1.0,7,0,0.0,0.0,4.0,23.0,A01
201800015716,1.0,1,0,0.0,2.0,1.0,23.0,B01
201800015717,2.0,7,0,0.0,2.0,3.0,1.0,B01
201800015717,1.0,33,0,0.0,2.0,1.0,13.0,A01
201800015718,1.0,7,0,0.0,0.0,8.0,15.0,A01
201800015718,1.0,31,0,0.0,2.0,1.0,17.0,B01
201800015719,1.0,7,0,0.0,0.0,4.0,2.0,C01
201800015719,1.0,7,0,0.0,2.0,1.0,1.0,A01
201800015719,1.0,7,0,0.0,2.0,4.0,2.0,B01
201800015720,2.0,7,0,0.0,2.0,3.0,19.0,B01
201800015720,2.0,33,0,0.0,2.0,1.0,1.0,A01
201800015721,1.0,7,0,0.0,2.0,1.0,1.0,B01
201800015721,2.0,7,0,2.0,2.0,1.0,13.0,A01
201800015721,1.0,7,0,0.0,2.0,8.0,1.0,C01