Num_Acc,senc,catv,occutc,obs,obsm,choc,manv,num_veh
201800016262,1.0,7,0,0.0,0.0,2.0,15.0,A01
201800016263,2.0,1,0,0.0,2.0,1.0,1.0,B01
201800016263,2.0,7,0,0.0,0.0,6.0,17.0,A01
201800016264,1.0,33,0,4.0,0.0,2.0,1.0,A01
201800016265,1.0,33,0,0.0,2.0,4.0,1.0,A01
201800016265,2.0,1,0,0.0,2.0,1.0,1.0,B01
201800016266,1.0,7,0,12.0,0.0,2.0,16.0,A01
201800016267,2.0,7,0,2.0,0.0,1.0,0.0,A01
201800016268,2.0,7,0,0.0,2.0,3.0,0.0,A01
201800016268,1.0,7,0,0.0,2.0,5.0,0.0,B01
201800016268,1.0,7,0,0.0,2.0,1.0,0.0,C01
201800016269,2.0,7,0,2.0,0.0,1.0,13.0,A01
201800016270,0.0,7,0,2.0,0.0,1.0,1.0,A01
201800016271,1.0,7,0,13.0,0.0,2.0,1.0,A01
201800016271,2.0,7,0,0.0,1.0,1.0,1.0,B01
201800016272,2.0,7,0,13.0,0.0,4.0,0.0,A01
201800016273,2.0,7,0,2.0,0.0,2.0,1.0,A01
201800016274,2.0,13,0,0.0,9.0,1.0,5.0,A01
201800016274,1.0,33,0,0.0,2.0,1.0,1.0,B01
201800016275,2.0,14,0,0.0,2.0,1.0,1.0,A01
201800016275,1.0,33,0,0.0,2.0,1.0,13.0,B01
201800016276,1.0,1,0,0.0,0.0,4.0,2.0,A01
201800016276,1.0,7,0,0.0,2.0,2.0,1.0,B01
201800016277,2.0,15,0,0.0,0.0,0.0,1.0,A01
201800016277,1.0,7,0,0.0,9.0,1.0,1.0,B01
201800016278,1.0,7,0,0.0,2.0,2.0,17.0,A01
201800016278,1.0,31,0,0.0,2.0,8.0,15.0,B01
201800016279,1.0,7,0,2.0,0.0,0.0,0.0,A01
201800016280,1.0,7,0,13.0,0.0,3.0,1.0,A01
201800016281,0.0,7,0,0.0,2.0,1.0,1.0,A01
201800016281,0.0,33,0,0.0,2.0,8.0,1.0,B01
201800016282,2.0,33,0,0.0,2.0,8.0,1.0,B01
201800016282,1.0,7,0,0.0,2.0,3.0,13.0,A01
201800016283,1.0,7,0,0.0,0.0,2.0,0.0,A01
201800016283,2.0,7,0,0.0,2.0,1.0,2.0,B01
201800016284,2.0,33,0,6.0,0.0,0.0,0.0,A01
201800016285,2.0,33,0,13.0,0.0,3.0,1.0,A01
201800016286,0.0,7,0,2.0,0.0,1.0,13.0,A01
201800016287,1.0,7,0,0.0,2.0,2.0,10.0,A01
201800016287,2.0,33,0,0.0,2.0,1.0,1.0,B01
201800016288,1.0,7,0,0.0,0.0,1.0,1.0,A01
201800016289,1.0,7,0,3.0,0.0,1.0,13.0,A01
201800016290,2.0,33,0,0.0,0.0,1.0,1.0,A01
201800016291,1.0,7,0,0.0,0.0,0.0,1.0,A01
201800016292,1.0,7,0,8.0,0.0,1.0,0.0,A01
201800016293,1.0,7,0,0.0,2.0,3.0,15.0,A01
201800016293,2.0,1,0,0.0,2.0,1.0,1.0,B01
201800016294,2.0,21,0,0.0,0.0,0.0,1.0,A01
201800016295,1.0,7,0,0.0,2.0,3.0,17.0,B01
201800016295,2.0,7,0,0.0,2.0,3.0,1.0,A01
201800016296,1.0,7,0,0.0,2.0,3.0,13.0,A01
201800016296,2.0,7,0,0.0,2.0,3.0,1.0,B01
201800016297,2.0,33,0,0.0,0.0,0.0,1.0,A01
201800016297,2.0,7,0,0.0,9.0,5.0,11.0,B01
201800016298,2.0,7,0,0.0,2.0,1.0,13.0,A01
201800016298,1.0,33,0,0.0,2.0,8.0,1.0,B01
201800016299,2.0,7,0,13.0,0.0,2.0,1.0,A01
201800016300,1.0,7,0,0.0,2.0,1.0,1.0,B01
201800016300,1.0,7,0,0.0,2.0,3.0,19.0,A01
201800016301,0.0,1,0,0.0,0.0,4.0,0.0,A01
201800016301,0.0,7,0,0.0,2.0,2.0,0.0,B01
201800016302,2.0,7,0,2.0,0.0,1.0,15.0,A01
201800016303,2.0,7,0,0.0,2.0,1.0,1.0,B01
201800016303,1.0,7,0,0.0,2.0,1.0,1.0,A01
201800016304,2.0,7,0,2.0,0.0,1.0,1.0,A01
201800016305,2.0,7,0,0.0,1.0,2.0,1.0,A01
201800016306,0.0,13,0,0.0,1.0,1.0,0.0,A01
201800016307,1.0,2,0,2.0,0.0,1.0,1.0,A01
201800016308,2.0,7,0,0.0,2.0,3.0,1.0,B01
201800016308,1.0,7,0,0.0,2.0,3.0,1.0,A01
201800016309,1.0,7,0,0.0,2.0,1.0,17.0,A01
201800016309,1.0,7,0,0.0,2.0,6.0,15.0,B01
201800016310,0.0,7,0,13.0,0.0,9.0,14.0,A01
201800016311,2.0,10,0,0.0,1.0,7.0,1.0,A01
201800016312,2.0,7,0,0.0,1.0,1.0,1.0,A01
201800016313,1.0,34,0,0.0,0.0,0.0,1.0,A01
201800016314,1.0,7,0,2.0,0.0,1.0,1.0,A01
201800016315,0.0,7,0,13.0,0.0,3.0,1.0,A01
201800016316,0.0,7,0,2.0,0.0,8.0,2.0,A01
201800016317,0.0,2,0,0.0,0.0,0.0,1.0,A01
201800016318,0.0,7,0,13.0,0.0,2.0,21.0,A01
201800016319,0.0,33,0,13.0,0.0,1.0,1.0,A01
201800016320,1.0,7,0,15.0,0.0,1.0,1.0,A01
201800016321,0.0,31,0,0.0,2.0,3.0,1.0,A01
201800016321,0.0,7,0,0.0,2.0,6.0,1.0,B01
201800016322,0.0,34,0,0.0,0.0,7.0,20.0,A01
201800016323,0.0,31,0,10.0,0.0,2.0,1.0,A01
201800016324,0.0,7,0,0.0,0.0,5.0,15.0,A01
201800016324,0.0,2,0,0.0,0.0,1.0,1.0,B01
201800016325,1.0,7,0,0.0,2.0,1.0,1.0,A01
201800016325,1.0,38,1,0.0,2.0,1.0,1.0,B01
201800016326,2.0,7,0,0.0,9.0,1.0,1.0,A01
201800016326,2.0,1,0,0.0,9.0,4.0,1.0,B01
201800016327,0.0,7,0,1.0,1.0,6.0,20.0,A01
201800016328,1.0,10,0,0.0,0.0,8.0,16.0,A01
201800016328,2.0,10,0,0.0,2.0,1.0,1.0,B01
201800016329,1.0,7,0,0.0,0.0,3.0,1.0,A01
201800016330,1.0,33,0,0.0,2.0,1.0,1.0,A01
201800016330,2.0,7,0,0.0,2.0,8.0,9.0,B01
201800016331,2.0,10,0,0.0,2.0,3.0,13.0,A01
201800016331,1.0,7,0,0.0,2.0,3.0,1.0,B01
201800016332,1.0,7,0,0.0,2.0,3.0,1.0,A01
201800016332,0.0,7,0,0.0,2.0,8.0,15.0,B01
201800016333,1.0,7,0,0.0,2.0,2.0,1.0,A01
201800016333,1.0,2,0,0.0,0.0,4.0,15.0,B01
201800016334,1.0,7,0,2.0,0.0,1.0,1.0,A01
201800016335,0.0,7,0,0.0,2.0,1.0,1.0,A01
201800016335,0.0,2,0,0.0,2.0,4.0,1.0,B01
201800016335,0.0,7,0,0.0,2.0,1.0,1.0,C01
201800016336,2.0,10,0,2.0,0.0,1.0,1.0,A01
201800016337,1.0,7,0,0.0,2.0,3.0,21.0,A01
201800016337,2.0,7,0,0.0,2.0,3.0,13.0,B01
201800016338,1.0,7,0,0.0,2.0,3.0,19.0,B01
201800016338,0.0,7,0,0.0,2.0,2.0,1.0,A01
201800016339,1.0,7,0,13.0,0.0,8.0,1.0,A01
201800016340,0.0,33,0,0.0,0.0,0.0,1.0,A01
201800016341,1.0,7,0,2.0,0.0,2.0,0.0,A01
201800016342,1.0,7,0,0.0,1.0,3.0,1.0,A01
201800016343,2.0,7,0,15.0,0.0,2.0,14.0,A01
201800016344,2.0,7,0,2.0,0.0,2.0,2.0,A01
201800016345,1.0,7,0,0.0,1.0,2.0,15.0,A01
201800016346,1.0,7,0,15.0,0.0,2.0,15.0,A01
201800016347,2.0,7,0,13.0,0.0,3.0,1.0,A01
201800016348,1.0,7,0,0.0,1.0,2.0,9.0,A01
201800016349,2.0,7,0,0.0,2.0,1.0,15.0,A01
201800016349,1.0,31,0,0.0,2.0,1.0,1.0,B01
201800016350,0.0,7,0,0.0,2.0,8.0,15.0,A01
201800016350,0.0,2,0,0.0,2.0,1.0,1.0,B01
201800016351,0.0,2,0,0.0,2.0,1.0,0.0,B01
201800016351,0.0,7,0,1.0,2.0,2.0,0.0,A01
201800016352,1.0,7,0,0.0,1.0,1.0,1.0,A01
201800016353,1.0,7,0,0.0,2.0,8.0,1.0,C01
201800016353,1.0,7,0,0.0,2.0,1.0,1.0,B01
201800016353,2.0,7,0,0.0,2.0,1.0,13.0,A01
201800016354,1.0,1,0,0.0,2.0,1.0,9.0,B01
201800016354,1.0,7,0,0.0,2.0,7.0,1.0,A01
201800016355,0.0,7,0,0.0,2.0,3.0,17.0,A01
201800016355,0.0,31,0,0.0,2.0,1.0,1.0,B01
201800016356,2.0,1,0,1.0,0.0,1.0,1.0,A01
201800016357,2.0,7,0,0.0,1.0,3.0,1.0,A01
201800016358,0.0,7,0,9.0,0.0,0.0,1.0,A01
201800016359,2.0,7,0,0.0,1.0,2.0,1.0,A01
201800016360,0.0,31,0,6.0,0.0,7.0,15.0,A01
201800016361,0.0,2,0,0.0,0.0,7.0,1.0,A01
201800016362,0.0,7,0,0.0,1.0,2.0,1.0,A01
201800016363,0.0,7,0,0.0,0.0,0.0,10.0,B01
201800016363,0.0,33,0,0.0,0.0,1.0,1.0,A01
201800016364,0.0,7,0,0.0,0.0,3.0,1.0,A01
201800016364,0.0,7,0,13.0,0.0,7.0,1.0,B01
201800016365,2.0,7,0,0.0,2.0,3.0,1.0,A01
201800016365,1.0,7,0,0.0,2.0,3.0,1.0,B01
201800016366,1.0,7,0,0.0,0.0,0.0,1.0,A01
201800016367,2.0,7,0,0.0,2.0,2.0,17.0,A01
201800016367,2.0,7,0,0.0,2.0,6.0,1.0,B01
201800016367,1.0,7,0,0.0,2.0,1.0,1.0,C01
201800016368,0.0,7,0,0.0,1.0,1.0,1.0,A01
201800016369,0.0,32,0,0.0,2.0,1.0,3.0,A01
201800016369,0.0,7,0,0.0,2.0,6.0,1.0,B01
201800016369,0.0,7,0,0.0,2.0,3.0,1.0,C01
201800016370,1.0,7,0,5.0,9.0,8.0,1.0,A01
201800016371,0.0,7,0,0.0,2.0,1.0,5.0,A01
201800016371,0.0,7,0,0.0,2.0,1.0,1.0,B01
201800016372,0.0,7,0,6.0,0.0,3.0,1.0,A01
201800016373,0.0,7,0,0.0,2.0,1.0,2.0,B01
201800016373,0.0,17,0,0.0,0.0,4.0,2.0,A01
201800016374,2.0,7,0,8.0,0.0,1.0,13.0,A01
201800016375,2.0,7,0,0.0,2.0,1.0,13.0,A01
201800016375,1.0,7,0,0.0,2.0,1.0,1.0,B01
201800016376,1.0,10,0,13.0,0.0,2.0,1.0,A01
201800016377,2.0,7,0,0.0,2.0,8.0,15.0,A01
201800016377,1.0,33,0,0.0,2.0,1.0,1.0,B01
201800016378,2.0,7,0,0.0,2.0,6.0,17.0,A01
201800016378,2.0,33,0,0.0,2.0,7.0,17.0,B01
201800016379,2.0,7,0,7.0,0.0,1.0,1.0,A01
201800016380,1.0,10,0,0.0,2.0,3.0,13.0,A01
201800016380,2.0,7,0,0.0,2.0,3.0,21.0,B01
201800016381,1.0,7,0,0.0,0.0,7.0,15.0,A01
201800016381,2.0,33,0,0.0,2.0,1.0,1.0,B01
201800016382,2.0,7,0,0.0,2.0,3.0,15.0,A01
201800016382,1.0,2,0,0.0,2.0,1.0,1.0,B01
201800016383,2.0,7,0,0.0,2.0,1.0,13.0,A01
201800016383,1.0,7,0,0.0,2.0,1.0,1.0,B01
201800016384,2.0,7,0,8.0,0.0,0.0,1.0,A01
201800016385,2.0,7,0,0.0,2.0,0.0,2.0,A01
201800016385,2.0,7,0,0.0,2.0,5.0,2.0,B01
201800016386,0.0,30,0,0.0,2.0,2.0,1.0,B01
201800016386,0.0,7,0,0.0,2.0,3.0,13.0,A01
201800016387,1.0,7,0,0.0,2.0,4.0,2.0,C01
201800016387,1.0,7,0,0.0,2.0,1.0,2.0,A01
201800016387,1.0,7,0,0.0,0.0,4.0,2.0,B01
201800016388,1.0,7,0,0.0,2.0,2.0,15.0,A01
201800016388,2.0,31,0,0.0,2.0,3.0,1.0,B01
201800016389,2.0,7,0,2.0,0.0,3.0,1.0,A01
201800016390,1.0,33,0,8.0,0.0,0.0,1.0,A01
201800016391,0.0,7,0,0.0,2.0,3.0,15.0,A01
201800016391,0.0,30,0,0.0,2.0,7.0,1.0,B01
201800016392,2.0,1,0,0.0,2.0,1.0,1.0,B01
201800016392,1.0,7,0,0.0,0.0,8.0,19.0,A01
201800016393,1.0,7,0,2.0,0.0,1.0,14.0,A01
201800016394,2.0,7,0,6.0,0.0,1.0,1.0,A01
201800016395,1.0,7,0,13.0,0.0,2.0,1.0,A01
201800016396,0.0,7,0,0.0,2.0,3.0,1.0,A01
201800016396,0.0,33,0,0.0,2.0,7.0,1.0,B01
201800016397,2.0,7,0,0.0,1.0,2.0,1.0,A01
201800016398,0.0,7,0,0.0,2.0,8.0,1.0,B01
201800016398,1.0,7,0,0.0,2.0,1.0,19.0,A01
201800016399,1.0,7,0,2.0,0.0,1.0,13.0,A01
201800016400,0.0,36,0,12.0,0.0,1.0,16.0,A01
201800016401,2.0,7,0,0.0,2.0,5.0,15.0,A01
201800016401,2.0,33,0,0.0,0.0,1.0,1.0,B01
201800016402,1.0,7,0,0.0,2.0,7.0,17.0,B01
201800016402,2.0,7,0,0.0,2.0,0.0,5.0,C01
201800016402,2.0,7,0,0.0,2.0,0.0,5.0,D01
201800016402,1.0,7,0,0.0,2.0,8.0,17.0,A01
201800016403,1.0,7,0,0.0,0.0,3.0,0.0,A01
201800016404,1.0,7,0,0.0,2.0,1.0,19.0,A01
201800016404,1.0,7,0,7.0,2.0,3.0,1.0,B01
201800016405,2.0,7,0,13.0,2.0,3.0,1.0,B01
201800016405,0.0,7,0,13.0,2.0,7.0,19.0,A01
201800016406,2.0,7,0,16.0,2.0,1.0,1.0,A01
201800016406,0.0,7,0,0.0,2.0,3.0,1.0,B01
201800016407,0.0,7,0,0.0,1.0,1.0,1.0,A01
201800016408,2.0,7,0,0.0,1.0,1.0,1.0,A01
201800016409,0.0,10,0,13.0,0.0,2.0,1.0,A01
201800016410,1.0,33,0,0.0,6.0,3.0,21.0,A01
201800016411,2.0,7,0,13.0,0.0,0.0,1.0,A01
201800016412,1.0,7,0,13.0,0.0,2.0,1.0,A01
201800016413,0.0,7,0,0.0,2.0,2.0,15.0,A01
201800016413,0.0,7,0,0.0,2.0,1.0,1.0,B01
201800016414,1.0,1,0,0.0,0.0,5.0,1.0,A01
201800016414,1.0,7,0,0.0,9.0,2.0,0.0,B01
201800016415,1.0,7,0,0.0,1.0,1.0,1.0,A01
201800016416,2.0,7,0,0.0,2.0,2.0,1.0,B01
201800016416,2.0,7,0,0.0,2.0,3.0,9.0,A01
201800016417,2.0,15,0,0.0,2.0,6.0,1.0,A01
201800016417,1.0,7,0,0.0,2.0,3.0,1.0,B01
201800016418,2.0,7,0,0.0,2.0,1.0,17.0,A01
201800016418,1.0,7,0,0.0,0.0,1.0,1.0,B01
201800016418,1.0,17,0,0.0,2.0,8.0,1.0,C01
201800016419,0.0,7,0,0.0,1.0,3.0,1.0,A01
201800016420,1.0,7,0,2.0,0.0,7.0,1.0,A01
201800016421,1.0,7,0,0.0,2.0,3.0,1.0,B01
201800016421,0.0,7,0,0.0,2.0,8.0,19.0,A01
201800016422,0.0,34,0,0.0,2.0,7.0,17.0,B01
201800016422,0.0,7,0,0.0,2.0,8.0,15.0,A01
201800016423,2.0,7,0,0.0,2.0,3.0,13.0,A01
201800016423,1.0,7,0,0.0,2.0,3.0,1.0,B01
201800016424,0.0,2,0,0.0,0.0,1.0,21.0,A01
201800016425,2.0,17,0,0.0,1.0,1.0,16.0,A01
201800016426,1.0,7,0,0.0,0.0,0.0,0.0,A01
201800016427,1.0,7,0,0.0,1.0,1.0,13.0,A01
201800016428,1.0,2,0,0.0,2.0,1.0,13.0,A01
201800016428,2.0,7,0,0.0,2.0,3.0,1.0,B01
201800016429,0.0,7,0,0.0,0.0,9.0,1.0,A01
201800016430,0.0,7,0,0.0,0.0,2.0,1.0,B01
201800016430,0.0,7,0,0.0,0.0,6.0,1.0,A01
201800016430,0.0,7,0,13.0,0.0,3.0,1.0,C01
201800016431,1.0,7,0,0.0,1.0,3.0,1.0,A01
201800016432,0.0,7,0,15.0,9.0,1.0,1.0,A01
201800016433,1.0,7,0,0.0,0.0,9.0,14.0,A01
201800016434,1.0,7,0,0.0,2.0,1.0,13.0,A01
201800016434,2.0,7,0,0.0,2.0,1.0,1.0,B01
201800016435,1.0,7,0,0.0,2.0,8.0,10.0,A01
201800016435,1.0,2,0,0.0,2.0,1.0,1.0,B01
201800016436,1.0,7,0,0.0,0.0,4.0,16.0,B01
201800016436,1.0,2,0,0.0,2.0,1.0,1.0,A01
201800016437,2.0,31,0,0.0,0.0,4.0,2.0,B01
201800016437,2.0,7,0,0.0,2.0,2.0,2.0,A01
201800016438,2.0,7,0,0.0,2.0,3.0,1.0,B01
201800016438,0.0,7,0,0.0,2.0,2.0,9.0,A01
201800016439,1.0,7,0,0.0,2.0,3.0,17.0,A01
201800016439,1.0,33,0,0.0,2.0,2.0,17.0,B01
201800016440,0.0,7,0,15.0,0.0,3.0,1.0,A01
201800016441,0.0,2,0,0.0,2.0,1.0,2.0,A01
201800016441,0.0,7,0,0.0,0.0,4.0,2.0,B01
201800016442,1.0,7,0,8.0,0.0,3.0,13.0,A01
201800016443,0.0,7,0,8.0,0.0,2.0,13.0,A01
201800016444,0.0,35,0,13.0,0.0,1.0,15.0,A01
201800016445,1.0,7,0,13.0,0.0,1.0,2.0,A01
201800016446,2.0,7,0,8.0,0.0,1.0,1.0,A01
201800016447,2.0,7,0,2.0,0.0,1.0,1.0,A01
201800016448,1.0,7,0,0.0,0.0,8.0,15.0,B01
201800016448,1.0,7,0,0.0,2.0,1.0,17.0,A01
201800016449,2.0,7,0,12.0,0.0,1.0,1.0,A01
201800016450,1.0,7,0,2.0,0.0,1.0,13.0,A01
201800016451,1.0,7,0,13.0,0.0,1.0,1.0,A01
201800016452,1.0,7,0,0.0,2.0,3.0,15.0,A01
201800016452,1.0,33,0,0.0,2.0,1.0,17.0,B01
201800016453,1.0,7,0,0.0,2.0,1.0,1.0,C01
201800016453,2.0,7,0,0.0,2.0,1.0,13.0,A01
201800016453,1.0,15,0,0.0,0.0,6.0,1.0,B01
201800016454,1.0,36,0,0.0,0.0,7.0,15.0,A01
201800016455,2.0,10,0,0.0,2.0,3.0,1.0,A01
201800016455,1.0,15,0,0.0,2.0,3.0,1.0,B01
201800016456,1.0,7,0,2.0,0.0,8.0,1.0,A01
201800016457,1.0,7,0,16.0,0.0,8.0,1.0,A01
201800016458,1.0,7,0,0.0,2.0,3.0,1.0,A01
201800016458,1.0,2,0,0.0,2.0,5.0,1.0,B01
201800016459,2.0,2,0,0.0,6.0,0.0,13.0,A01
201800016460,0.0,36,0,8.0,0.0,1.0,1.0,A01
201800016461,1.0,2,0,16.0,0.0,0.0,1.0,A01
201800016462,2.0,7,0,0.0,2.0,3.0,1.0,C01
201800016462,1.0,15,0,0.0,2.0,6.0,1.0,A01
201800016462,1.0,15,0,0.0,2.0,3.0,1.0,B01
201800016463,0.0,7,0,0.0,1.0,3.0,15.0,A01
201800016464,0.0,7,0,13.0,0.0,2.0,1.0,A01
201800016465,2.0,15,0,0.0,2.0,3.0,1.0,B01
201800016465,1.0,7,0,0.0,2.0,1.0,13.0,A01
201800016466,1.0,7,0,13.0,0.0,1.0,1.0,A01
201800016467,1.0,33,0,0.0,0.0,3.0,1.0,A01
201800016468,1.0,7,0,1.0,0.0,1.0,1.0,A01
201800016469,1.0,7,0,8.0,0.0,2.0,1.0,A01
201800016470,2.0,17,0,0.0,2.0,1.0,1.0,B01
201800016470,1.0,7,0,0.0,2.0,1.0,13.0,A01
201800016471,0.0,2,0,0.0,0.0,0.0,1.0,A01
201800016472,1.0,21,0,13.0,0.0,2.0,1.0,A01
201800016473,1.0,7,0,0.0,2.0,8.0,15.0,A01
201800016473,2.0,7,0,0.0,2.0,1.0,1.0,B01
201800016474,1.0,7,0,0.0,2.0,1.0,15.0,A01
201800016474,1.0,7,0,0.0,2.0,2.0,1.0,B01
201800016475,1.0,7,0,0.0,1.0,3.0,1.0,A01
201800016476,1.0,7,0,0.0,2.0,2.0,1.0,B01
201800016476,1.0,36,0,0.0,2.0,3.0,19.0,A01
201800016477,2.0,14,0,0.0,2.0,8.0,0.0,B01
201800016477,1.0,10,0,0.0,2.0,8.0,1.0,A01
201800016478,1.0,7,0,0.0,2.0,8.0,17.0,A01
201800016478,2.0,33,0,0.0,2.0,8.0,1.0,B01
201800016479,2.0,7,0,0.0,0.0,2.0,1.0,A01
201800016480,1.0,7,0,0.0,2.0,1.0,1.0,B01
201800016480,1.0,7,0,0.0,0.0,8.0,19.0,A01
201800016481,2.0,33,0,0.0,2.0,1.0,16.0,A01
201800016481,2.0,17,0,0.0,2.0,5.0,1.0,B01
201800016482,2.0,7,0,0.0,2.0,5.0,1.0,C01
201800016482,2.0,7,0,0.0,2.0,3.0,1.0,B01
201800016482,1.0,7,0,0.0,2.0,1.0,13.0,A01
201800016483,2.0,7,0,0.0,2.0,1.0,1.0,C01
201800016483,2.0,7,0,0.0,2.0,1.0,13.0,A01
201800016483,1.0,7,0,0.0,2.0,1.0,1.0,B01
201800016484,2.0,10,0,0.0,2.0,1.0,1.0,B01
201800016484,1.0,7,0,0.0,2.0,1.0,13.0,A01
201800016485,1.0,7,0,13.0,0.0,1.0,14.0,A01
201800016486,2.0,7,0,13.0,0.0,1.0,1.0,A01
201800016487,2.0,2,0,0.0,2.0,1.0,1.0,B01
201800016487,1.0,7,0,0.0,2.0,3.0,15.0,A01
201800016488,1.0,7,0,0.0,2.0,8.0,15.0,A01
201800016488,2.0,33,0,0.0,2.0,1.0,1.0,B01
201800016489,1.0,7,0,0.0,2.0,1.0,1.0,C01
201800016489,2.0,7,0,0.0,2.0,1.0,2.0,A01
201800016489,2.0,2,0,0.0,0.0,4.0,1.0,B01
201800016490,1.0,7,0,13.0,0.0,7.0,14.0,A01
201800016491,1.0,7,0,3.0,2.0,3.0,1.0,B01
201800016491,2.0,7,0,0.0,2.0,3.0,13.0,A01
201800016492,1.0,7,0,13.0,0.0,1.0,14.0,A01
201800016493,2.0,7,0,0.0,2.0,2.0,1.0,A01
201800016493,1.0,7,0,0.0,2.0,2.0,1.0,B01
201800016494,0.0,7,0,0.0,1.0,3.0,13.0,A01
201800016495,1.0,7,0,0.0,2.0,1.0,1.0,B01
201800016495,2.0,7,0,0.0,2.0,1.0,13.0,A01
201800016496,1.0,7,0,13.0,0.0,1.0,1.0,A01
201800016497,1.0,7,0,0.0,2.0,3.0,15.0,A01
201800016497,1.0,2,0,0.0,2.0,1.0,1.0,B01
201800016498,1.0,7,0,0.0,2.0,1.0,5.0,A01
201800016498,2.0,7,0,0.0,2.0,1.0,1.0,B01
201800016499,0.0,7,0,2.0,0.0,2.0,14.0,A01
201800016500,2.0,7,0,2.0,0.0,8.0,13.0,A01
201800016501,2.0,10,0,0.0,2.0,3.0,17.0,A01
201800016501,1.0,7,0,0.0,2.0,8.0,1.0,B01
201800016502,1.0,7,0,0.0,2.0,1.0,1.0,A01
201800016502,1.0,7,0,13.0,2.0,8.0,1.0,B01
201800016503,1.0,7,0,13.0,0.0,3.0,13.0,A01
201800016504,1.0,15,0,0.0,0.0,0.0,1.0,A01
201800016504,2.0,7,0,14.0,9.0,1.0,1.0,B01
201800016505,1.0,7,0,13.0,0.0,1.0,1.0,A01
201800016506,2.0,7,0,0.0,1.0,1.0,1.0,A01
201800016507,2.0,7,0,0.0,2.0,6.0,15.0,A01
201800016507,2.0,33,0,0.0,2.0,1.0,1.0,B01
201800016508,1.0,33,0,0.0,0.0,9.0,1.0,A01
201800016509,1.0,7,0,0.0,1.0,2.0,1.0,A01
201800016510,1.0,7,0,13.0,0.0,2.0,1.0,A01
201800016511,1.0,7,0,0.0,2.0,1.0,1.0,B01
201800016511,2.0,7,0,0.0,2.0,1.0,5.0,A01
201800016512,0.0,2,0,0.0,0.0,1.0,16.0,A01
201800016512,0.0,7,0,0.0,0.0,3.0,1.0,B01
201800016513,1.0,2,0,0.0,2.0,8.0,10.0,A01
201800016513,1.0,7,0,0.0,2.0,7.0,17.0,B01
201800016514,1.0,7,0,8.0,0.0,4.0,2.0,B01
201800016514,1.0,7,0,0.0,2.0,1.0,2.0,A01
201800016515,0.0,33,0,0.0,0.0,0.0,1.0,A01
201800016516,2.0,15,0,0.0,2.0,2.0,17.0,A01
201800016516,2.0,21,0,0.0,2.0,3.0,15.0,B01
201800016517,2.0,7,0,3.0,0.0,9.0,0.0,A01
201800016518,2.0,7,0,0.0,0.0,3.0,1.0,A01
201800016519,1.0,7,0,7.0,0.0,0.0,0.0,A01
201800016520,1.0,7,0,0.0,2.0,4.0,15.0,B01
201800016520,2.0,7,0,0.0,2.0,1.0,1.0,C01
201800016520,1.0,7,0,0.0,2.0,1.0,1.0,A01
201800016521,1.0,7,0,0.0,9.0,7.0,9.0,A01
201800016521,1.0,2,0,0.0,2.0,8.0,13.0,B01
201800016522,1.0,7,0,2.0,0.0,0.0,0.0,A01
201800016523,1.0,7,0,2.0,0.0,3.0,1.0,A01
201800016524,1.0,7,0,13.0,0.0,1.0,14.0,A01
201800016525,2.0,7,0,2.0,0.0,3.0,13.0,A01
201800016526,1.0,7,0,0.0,2.0,3.0,1.0,B01
201800016526,1.0,7,0,0.0,2.0,7.0,19.0,A01
201800016527,2.0,7,0,0.0,2.0,1.0,13.0,A01
201800016527,1.0,7,0,0.0,2.0,3.0,1.0,B01
201800016528,1.0,7,0,8.0,0.0,1.0,1.0,A01
201800016529,2.0,7,0,7.0,2.0,4.0,23.0,A01
201800016529,2.0,7,0,0.0,2.0,1.0,13.0,B01
201800016529,1.0,7,0,0.0,2.0,3.0,1.0,C01
201800016530,1.0,7,0,15.0,0.0,2.0,14.0,A01
201800016531,1.0,7,0,6.0,0.0,1.0,1.0,A01
201800016532,1.0,7,0,2.0,0.0,1.0,13.0,A01
201800016533,0.0,7,0,0.0,1.0,3.0,1.0,A01
201800016534,0.0,2,0,0.0,2.0,1.0,1.0,A01
201800016534,0.0,7,0,0.0,2.0,3.0,1.0,B01
201800016535,1.0,7,0,0.0,0.0,5.0,19.0,B01
201800016535,2.0,33,0,0.0,2.0,1.0,1.0,A01
201800016536,1.0,7,0,0.0,2.0,7.0,19.0,A01
201800016536,1.0,15,0,0.0,2.0,3.0,1.0,B01
201800016537,1.0,7,0,0.0,2.0,1.0,17.0,A01
201800016537,1.0,7,0,0.0,0.0,4.0,1.0,B01
201800016538,2.0,15,0,0.0,2.0,1.0,1.0,A01
201800016538,1.0,7,0,0.0,2.0,1.0,13.0,B01
201800016539,0.0,7,0,0.0,1.0,1.0,1.0,A01
201800016540,1.0,2,0,0.0,2.0,7.0,17.0,A01
201800016540,1.0,7,0,0.0,2.0,3.0,15.0,B01
201800016541,1.0,2,0,0.0,2.0,1.0,1.0,A01
201800016541,1.0,7,0,0.0,2.0,7.0,15.0,B01
201800016542,0.0,10,0,0.0,2.0,1.0,1.0,B01
201800016542,0.0,10,0,0.0,2.0,1.0,13.0,A01
201800016543,0.0,33,0,12.0,0.0,1.0,13.0,A01
201800016544,0.0,7,0,0.0,2.0,3.0,15.0,A01
201800016544,0.0,2,0,0.0,2.0,1.0,1.0,B01
201800016545,1.0,2,0,0.0,2.0,7.0,1.0,A01