Num_Acc,senc,catv,occutc,obs,obsm,choc,manv,num_veh
201800016545,2.0,7,0,0.0,2.0,1.0,1.0,B01
201800016546,1.0,33,0,0.0,0.0,7.0,1.0,A01
201800016547,0.0,7,0,0.0,2.0,1.0,13.0,A01
201800016547,0.0,2,0,0.0,2.0,1.0,1.0,B01
201800016548,2.0,7,0,0.0,2.0,2.0,1.0,B01
201800016548,1.0,1,0,0.0,2.0,8.0,15.0,A01
201800016549,1.0,7,0,0.0,2.0,2.0,1.0,A01
201800016549,1.0,7,0,0.0,2.0,1.0,1.0,B01
201800016550,1.0,7,0,0.0,2.0,3.0,15.0,B01
201800016550,1.0,33,0,0.0,2.0,1.0,17.0,A01
201800016551,2.0,2,0,0.0,2.0,1.0,15.0,A01
201800016551,1.0,37,4,0.0,0.0,8.0,1.0,B01
201800016552,1.0,7,0,6.0,0.0,3.0,1.0,A01
201800016553,0.0,7,0,16.0,0.0,1.0,16.0,A01
201800016554,1.0,7,0,0.0,2.0,3.0,1.0,B01
201800016554,1.0,7,0,0.0,2.0,2.0,9.0,A01
201800016555,1.0,7,0,0.0,2.0,1.0,1.0,C01
201800016555,2.0,7,0,0.0,0.0,3.0,24.0,D01
201800016555,2.0,7,0,0.0,2.0,1.0,1.0,B01
201800016555,2.0,7,0,13.0,2.0,8.0,9.0,A01
201800016556,1.0,7,0,0.0,1.0,1.0,1.0,A01
201800016557,2.0,2,0,0.0,2.0,1.0,1.0,A01
201800016557,1.0,7,0,0.0,2.0,3.0,1.0,B01
201800016558,1.0,7,0,8.0,0.0,1.0,13.0,A01
201800016559,2.0,2,0,0.0,2.0,7.0,15.0,B01
201800016559,2.0,10,0,0.0,2.0,3.0,9.0,A01
201800016560,2.0,7,0,13.0,0.0,1.0,1.0,A01
201800016561,2.0,7,0,0.0,2.0,2.0,9.0,A01
201800016561,2.0,7,0,0.0,2.0,1.0,1.0,B01
201800016562,0.0,7,0,0.0,0.0,1.0,0.0,A01
201800016563,1.0,7,0,13.0,0.0,2.0,14.0,A01
201800016564,1.0,7,0,2.0,0.0,3.0,13.0,A01
201800016565,2.0,1,0,0.0,2.0,1.0,1.0,B01
201800016565,1.0,7,0,0.0,2.0,2.0,15.0,A01
201800016566,2.0,7,0,0.0,2.0,0.0,13.0,B01
201800016566,1.0,7,0,0.0,2.0,1.0,1.0,A01
201800016567,1.0,33,0,0.0,0.0,7.0,1.0,A01
201800016568,2.0,7,0,0.0,0.0,0.0,14.0,A01
201800016569,1.0,10,0,8.0,0.0,1.0,13.0,A01
201800016570,1.0,1,0,0.0,2.0,4.0,1.0,B01
201800016570,1.0,7,0,0.0,9.0,2.0,2.0,A01
201800016571,1.0,7,0,16.0,0.0,9.0,13.0,A01
201800016572,1.0,7,0,13.0,0.0,1.0,13.0,A01
201800016573,1.0,7,0,13.0,0.0,2.0,14.0,A01
201800016574,2.0,2,0,8.0,0.0,1.0,13.0,A01
201800016575,0.0,36,0,6.0,0.0,3.0,13.0,A01
201800016576,1.0,10,0,0.0,1.0,6.0,20.0,A01
201800016577,2.0,7,0,0.0,2.0,1.0,1.0,B01
201800016577,1.0,33,0,0.0,2.0,1.0,13.0,A01
201800016578,1.0,7,0,0.0,1.0,2.0,1.0,A01
201800016579,2.0,7,0,6.0,0.0,1.0,13.0,A01
201800016580,1.0,7,0,5.0,0.0,0.0,13.0,A01
201800016581,2.0,7,0,2.0,0.0,3.0,14.0,A01
201800016582,0.0,2,0,0.0,0.0,0.0,1.0,A01
201800016583,1.0,33,0,0.0,0.0,8.0,1.0,A01
201800016583,2.0,7,0,0.0,2.0,3.0,19.0,B01
201800016584,2.0,7,0,0.0,2.0,2.0,1.0,A01
201800016584,0.0,1,0,0.0,2.0,1.0,15.0,B01
201800016585,2.0,7,0,0.0,2.0,2.0,15.0,A01
201800016585,1.0,7,0,0.0,2.0,2.0,1.0,B01
201800016586,1.0,7,0,15.0,0.0,1.0,14.0,A01
201800016587,2.0,7,0,16.0,0.0,9.0,13.0,A01
201800016588,1.0,7,0,0.0,2.0,2.0,13.0,A01
201800016588,2.0,7,0,0.0,2.0,7.0,21.0,B01
201800016589,2.0,7,0,2.0,0.0,3.0,13.0,A01
201800016590,1.0,33,0,0.0,2.0,1.0,2.0,A01
201800016590,1.0,7,0,0.0,0.0,6.0,2.0,B01
201800016590,2.0,7,0,0.0,2.0,8.0,1.0,C01
201800016590,2.0,7,0,0.0,2.0,3.0,1.0,D01
201800016591,0.0,3,0,0.0,1.0,2.0,1.0,A01
201800016592,1.0,7,0,0.0,2.0,2.0,17.0,A01
201800016592,1.0,10,0,0.0,2.0,8.0,15.0,B01
201800016593,2.0,7,0,0.0,2.0,2.0,1.0,B01
201800016593,0.0,1,0,0.0,2.0,7.0,6.0,A01
201800016594,2.0,7,0,0.0,2.0,3.0,1.0,A01
201800016594,2.0,33,0,0.0,2.0,7.0,1.0,B01
201800016595,2.0,7,0,0.0,2.0,3.0,16.0,A01
201800016595,2.0,33,0,0.0,2.0,1.0,1.0,B01
201800016596,1.0,7,0,2.0,0.0,1.0,13.0,A01
201800016597,1.0,33,0,0.0,2.0,1.0,1.0,B01
201800016597,2.0,7,0,0.0,2.0,6.0,15.0,A01
201800016598,1.0,33,0,0.0,0.0,7.0,14.0,A01
201800016599,1.0,10,0,0.0,2.0,2.0,17.0,A01
201800016599,1.0,30,0,0.0,2.0,8.0,15.0,B01
201800016600,1.0,7,0,0.0,2.0,1.0,1.0,B01
201800016600,2.0,33,0,0.0,2.0,1.0,17.0,A01
201800016601,2.0,7,0,0.0,1.0,2.0,1.0,A01
201800016602,1.0,7,0,0.0,2.0,1.0,1.0,B01
201800016602,2.0,7,0,0.0,2.0,4.0,1.0,A01
201800016603,1.0,7,0,0.0,1.0,1.0,1.0,A01
201800016604,0.0,7,0,0.0,1.0,3.0,24.0,A01
201800016605,2.0,7,0,3.0,0.0,1.0,15.0,A01
201800016606,1.0,7,0,0.0,2.0,6.0,1.0,B01
201800016606,2.0,33,0,0.0,2.0,3.0,13.0,A01
201800016606,1.0,7,0,0.0,2.0,6.0,1.0,C01
201800016606,1.0,7,0,0.0,2.0,8.0,1.0,D01
201800016607,2.0,33,0,0.0,0.0,0.0,1.0,A01
201800016608,1.0,7,0,0.0,2.0,3.0,0.0,A01
201800016608,2.0,7,0,0.0,2.0,6.0,0.0,C01
201800016608,1.0,7,0,0.0,2.0,1.0,0.0,B01
201800016609,2.0,7,0,2.0,0.0,1.0,1.0,A01
201800016610,0.0,31,0,0.0,0.0,0.0,1.0,A01
201800016611,1.0,2,0,0.0,2.0,1.0,1.0,A01
201800016611,0.0,10,0,0.0,2.0,3.0,19.0,B01
201800016612,1.0,7,0,0.0,2.0,0.0,0.0,A01
201800016612,2.0,7,0,0.0,2.0,1.0,1.0,B01
201800016613,0.0,7,0,0.0,2.0,1.0,15.0,A01
201800016613,0.0,33,0,0.0,2.0,7.0,1.0,B01
201800016614,1.0,7,0,0.0,2.0,3.0,15.0,A01
201800016614,2.0,1,0,0.0,2.0,8.0,1.0,B01
201800016615,1.0,31,0,12.0,0.0,1.0,0.0,A01
201800016616,2.0,1,0,0.0,2.0,1.0,1.0,B01
201800016616,1.0,7,0,0.0,2.0,1.0,13.0,A01
201800016617,1.0,7,0,0.0,2.0,1.0,5.0,A01
201800016617,1.0,7,0,0.0,2.0,1.0,1.0,C01
201800016617,2.0,7,0,0.0,2.0,7.0,1.0,B01
201800016618,2.0,7,0,0.0,2.0,1.0,2.0,A01
201800016618,2.0,7,0,0.0,2.0,4.0,2.0,B01
201800016619,2.0,7,0,0.0,0.0,1.0,1.0,A01
201800016620,0.0,7,0,3.0,0.0,1.0,14.0,A01
201800016621,1.0,7,0,13.0,0.0,9.0,1.0,A01
201800016622,1.0,7,0,0.0,0.0,9.0,0.0,A01
201800016623,1.0,7,0,0.0,2.0,1.0,5.0,A01
201800016623,1.0,15,0,0.0,2.0,1.0,1.0,B01
201800016624,1.0,33,0,0.0,0.0,2.0,2.0,A01
201800016625,1.0,7,0,0.0,1.0,2.0,0.0,A01
201800016626,0.0,2,0,16.0,0.0,3.0,1.0,A01
201800016627,2.0,7,0,6.0,0.0,1.0,1.0,A01
201800016628,0.0,7,0,0.0,2.0,3.0,16.0,A01
201800016628,0.0,2,0,0.0,2.0,1.0,13.0,B01
201800016629,2.0,33,0,0.0,2.0,8.0,1.0,B01
201800016629,1.0,7,0,0.0,2.0,1.0,1.0,A01
201800016630,1.0,7,0,13.0,0.0,2.0,0.0,A01
201800016631,1.0,7,0,6.0,0.0,9.0,0.0,A01
201800016632,2.0,7,0,6.0,0.0,9.0,0.0,A01
201800016633,0.0,7,0,0.0,1.0,1.0,0.0,A01
201800016634,0.0,7,0,0.0,1.0,4.0,4.0,A01
201800016635,0.0,7,0,0.0,2.0,2.0,1.0,A01
201800016635,0.0,7,0,0.0,2.0,3.0,15.0,B01
201800016636,0.0,7,0,9.0,0.0,2.0,1.0,A01
201800016637,1.0,7,0,13.0,0.0,2.0,0.0,A01
201800016638,2.0,7,0,0.0,2.0,3.0,15.0,A01
201800016638,0.0,7,0,0.0,2.0,3.0,1.0,B01
201800016639,1.0,7,0,9.0,0.0,1.0,13.0,A01
201800016640,1.0,33,0,13.0,0.0,8.0,1.0,A01
201800016641,1.0,10,0,0.0,9.0,7.0,17.0,A01
201800016641,1.0,1,0,0.0,2.0,8.0,1.0,B01
201800016642,1.0,7,0,2.0,0.0,7.0,1.0,A01
201800016643,2.0,7,0,0.0,0.0,7.0,17.0,A01
201800016643,2.0,1,0,0.0,0.0,8.0,15.0,B01
201800016644,2.0,7,0,0.0,0.0,7.0,15.0,A01
201800016644,1.0,2,0,0.0,0.0,1.0,1.0,B01
201800016645,2.0,33,0,0.0,0.0,7.0,1.0,A01
201800016646,2.0,7,0,13.0,0.0,3.0,1.0,A01
201800016647,1.0,2,0,0.0,0.0,1.0,1.0,A01
201800016648,2.0,31,0,13.0,0.0,2.0,0.0,A01
201800016649,2.0,10,0,0.0,2.0,1.0,21.0,A01
201800016649,1.0,7,0,0.0,2.0,1.0,13.0,B01
201800016650,1.0,2,0,0.0,2.0,1.0,2.0,A01
201800016650,1.0,2,0,0.0,0.0,4.0,2.0,B01
201800016651,0.0,33,0,13.0,0.0,1.0,1.0,A01
201800016652,0.0,7,0,0.0,1.0,2.0,1.0,A01
201800016653,0.0,33,0,0.0,0.0,0.0,15.0,A01
201800016654,2.0,7,0,3.0,2.0,3.0,1.0,B01
201800016654,1.0,7,0,0.0,2.0,3.0,1.0,A01
201800016655,2.0,7,0,0.0,2.0,3.0,1.0,A01
201800016655,1.0,7,0,0.0,2.0,3.0,1.0,B01
201800016656,2.0,7,0,6.0,,7.0,1.0,A01
201800016657,0.0,7,0,0.0,2.0,1.0,1.0,A01
201800016657,0.0,7,0,0.0,2.0,3.0,1.0,B01
201800016658,1.0,7,0,0.0,2.0,7.0,13.0,A01
201800016658,2.0,7,0,0.0,2.0,1.0,1.0,B01
201800016659,1.0,7,0,0.0,2.0,2.0,13.0,A01
201800016659,1.0,7,0,0.0,2.0,3.0,2.0,B01
201800016660,0.0,33,0,0.0,1.0,1.0,1.0,A01
201800016661,0.0,7,0,13.0,0.0,9.0,1.0,A01
201800016662,0.0,33,0,0.0,2.0,1.0,1.0,A01
201800016662,1.0,7,0,0.0,2.0,8.0,15.0,B01
201800016663,0.0,31,0,0.0,2.0,1.0,9.0,B01
201800016663,0.0,7,0,0.0,2.0,1.0,9.0,A01
201800016664,2.0,33,0,0.0,0.0,7.0,23.0,A01
201800016665,2.0,7,0,0.0,2.0,3.0,1.0,A01
201800016665,1.0,2,0,0.0,2.0,1.0,1.0,B01
201800016666,0.0,7,0,0.0,1.0,3.0,1.0,A01
201800016667,0.0,7,0,0.0,2.0,1.0,1.0,B01
201800016667,0.0,7,0,0.0,2.0,5.0,15.0,A01
201800016668,0.0,7,0,8.0,0.0,3.0,0.0,A01
201800016669,2.0,7,0,0.0,2.0,8.0,1.0,A01
201800016669,1.0,33,0,0.0,2.0,8.0,13.0,B01
201800016670,1.0,7,0,0.0,1.0,0.0,0.0,A01
201800016671,1.0,7,0,13.0,0.0,1.0,13.0,A01
201800016672,1.0,7,0,0.0,2.0,1.0,15.0,B01
201800016672,1.0,7,0,0.0,2.0,3.0,2.0,C01
201800016672,1.0,7,0,0.0,2.0,1.0,1.0,A01
201800016673,1.0,7,0,2.0,0.0,9.0,1.0,A01
201800016674,0.0,7,0,0.0,1.0,2.0,1.0,A01
201800016675,1.0,7,0,0.0,2.0,1.0,13.0,A01
201800016675,2.0,7,0,0.0,2.0,1.0,1.0,B01
201800016676,0.0,2,0,0.0,0.0,8.0,1.0,A01
201800016677,1.0,10,0,0.0,1.0,3.0,1.0,A01
201800016678,0.0,10,0,0.0,0.0,2.0,2.0,A01
201800016678,0.0,1,0,0.0,0.0,4.0,2.0,B01
201800016679,0.0,7,0,2.0,0.0,4.0,1.0,A01
201800016680,1.0,7,0,0.0,2.0,2.0,13.0,A01
201800016680,2.0,7,0,0.0,2.0,2.0,1.0,B01
201800016681,1.0,7,0,0.0,2.0,5.0,1.0,A01
201800016681,1.0,7,0,0.0,2.0,1.0,1.0,B01
201800016682,0.0,33,0,8.0,0.0,1.0,1.0,A01
201800016683,0.0,2,0,0.0,0.0,0.0,1.0,A01
201800016683,0.0,7,0,0.0,0.0,0.0,20.0,B01
201800016684,2.0,2,0,0.0,2.0,1.0,1.0,B01
201800016684,1.0,7,0,0.0,2.0,6.0,15.0,A01
201800016685,1.0,7,0,0.0,1.0,3.0,9.0,A01
201800016686,1.0,7,0,0.0,2.0,2.0,15.0,A01
201800016686,2.0,33,0,0.0,2.0,7.0,1.0,B01
201800016687,0.0,10,0,0.0,0.0,7.0,15.0,A01
201800016687,0.0,33,0,0.0,2.0,2.0,1.0,B01
201800016688,2.0,7,0,0.0,2.0,1.0,1.0,A01
201800016688,1.0,7,0,0.0,2.0,3.0,1.0,B01
201800016689,2.0,33,0,3.0,2.0,4.0,1.0,B01
201800016689,2.0,7,0,0.0,2.0,1.0,1.0,A01
201800016690,1.0,7,0,0.0,2.0,3.0,13.0,A01
201800016690,2.0,7,0,0.0,2.0,3.0,1.0,B01
201800016691,2.0,31,0,0.0,2.0,1.0,1.0,B01
201800016691,1.0,7,0,0.0,2.0,3.0,15.0,A01
201800016692,2.0,7,0,2.0,0.0,3.0,1.0,A01
201800016693,1.0,7,0,0.0,2.0,2.0,19.0,A01
201800016693,1.0,7,0,0.0,2.0,3.0,1.0,B01
201800016694,0.0,7,0,0.0,2.0,1.0,19.0,A01
201800016694,0.0,7,0,8.0,2.0,8.0,1.0,B01
201800016695,0.0,7,0,0.0,2.0,3.0,1.0,A01
201800016695,0.0,7,0,0.0,2.0,3.0,1.0,B01
201800016696,0.0,7,0,0.0,2.0,1.0,1.0,A01
201800016696,0.0,30,0,0.0,2.0,1.0,13.0,B01
201800016697,1.0,30,0,0.0,0.0,8.0,0.0,A01
201800016698,1.0,33,0,0.0,2.0,1.0,1.0,B01
201800016698,2.0,7,0,0.0,2.0,3.0,15.0,A01
201800016699,1.0,17,0,0.0,2.0,6.0,1.0,A01
201800016699,2.0,7,0,0.0,2.0,3.0,1.0,B01
201800016700,1.0,33,0,0.0,2.0,1.0,16.0,C01
201800016700,1.0,17,0,0.0,2.0,6.0,1.0,A01
201800016701,2.0,7,0,0.0,2.0,3.0,13.0,A01
201800016701,1.0,14,0,0.0,2.0,6.0,1.0,B01
201800016702,2.0,7,0,13.0,2.0,9.0,1.0,A01
201800016702,2.0,7,0,0.0,2.0,8.0,1.0,B01
201800016702,1.0,15,0,13.0,2.0,3.0,1.0,C01
201800016703,1.0,33,0,0.0,2.0,3.0,1.0,A01
201800016703,2.0,14,0,0.0,2.0,2.0,0.0,B01
201800016704,1.0,7,0,13.0,0.0,1.0,13.0,A01
201800016705,1.0,33,0,0.0,2.0,3.0,1.0,B01
201800016705,2.0,7,0,0.0,2.0,8.0,15.0,A01
201800016706,2.0,33,0,0.0,2.0,3.0,1.0,A01
201800016706,1.0,99,0,0.0,2.0,8.0,1.0,B01
201800016707,1.0,7,0,0.0,2.0,1.0,17.0,A01
201800016707,2.0,7,0,0.0,2.0,1.0,1.0,B01
201800016707,1.0,21,0,8.0,0.0,2.0,14.0,C01
201800016708,2.0,10,0,0.0,0.0,2.0,15.0,A01
201800016708,1.0,33,0,0.0,2.0,1.0,1.0,B01
201800016709,1.0,33,0,13.0,0.0,2.0,14.0,A01
201800016710,2.0,33,0,0.0,2.0,1.0,1.0,A01
201800016710,2.0,7,0,0.0,2.0,8.0,15.0,B01
201800016711,1.0,7,0,5.0,0.0,9.0,1.0,A01
201800016712,1.0,2,0,0.0,2.0,1.0,1.0,A01
201800016712,1.0,7,0,0.0,0.0,6.0,1.0,B01
201800016712,2.0,7,0,0.0,2.0,3.0,1.0,C01
201800016713,0.0,7,0,0.0,2.0,3.0,1.0,B01
201800016713,0.0,7,0,0.0,2.0,1.0,13.0,A01
201800016714,1.0,7,0,0.0,2.0,3.0,1.0,A01
201800016714,2.0,7,0,0.0,2.0,3.0,1.0,B01
201800016715,2.0,7,0,0.0,1.0,2.0,1.0,A01
201800016716,0.0,1,0,0.0,2.0,1.0,1.0,B01
201800016716,0.0,7,0,0.0,9.0,2.0,1.0,A01
201800016717,2.0,7,0,0.0,2.0,1.0,13.0,A01
201800016717,1.0,99,0,0.0,0.0,1.0,1.0,B01
201800016718,1.0,7,0,0.0,1.0,2.0,1.0,A01
201800016719,2.0,7,0,0.0,2.0,1.0,21.0,A01
201800016719,1.0,7,0,0.0,2.0,1.0,1.0,B01
201800016720,2.0,7,0,0.0,2.0,1.0,13.0,A01
201800016720,1.0,10,0,0.0,2.0,1.0,1.0,B01
201800016721,0.0,7,0,0.0,2.0,8.0,19.0,A01
201800016721,0.0,10,0,0.0,2.0,2.0,1.0,B01
201800016722,1.0,7,0,0.0,2.0,3.0,11.0,A01
201800016722,2.0,10,0,0.0,2.0,3.0,1.0,B01
201800016722,1.0,13,0,0.0,9.0,1.0,1.0,C01
201800016723,1.0,7,0,0.0,0.0,0.0,17.0,A01
201800016723,2.0,7,0,0.0,9.0,6.0,1.0,B01
201800016723,1.0,1,0,0.0,2.0,8.0,13.0,C01
201800016724,1.0,7,0,0.0,2.0,3.0,13.0,A01
201800016724,2.0,7,0,0.0,2.0,3.0,1.0,B01
201800016725,2.0,7,0,0.0,2.0,1.0,17.0,A01
201800016725,1.0,7,0,0.0,2.0,1.0,1.0,B01
201800016726,2.0,33,0,0.0,2.0,1.0,1.0,A01
201800016726,2.0,15,0,0.0,2.0,6.0,17.0,B01
201800016727,2.0,7,0,0.0,9.0,2.0,1.0,A01
201800016727,0.0,1,0,0.0,2.0,1.0,1.0,B01
201800016728,2.0,7,0,0.0,2.0,2.0,1.0,A01
201800016728,2.0,33,0,0.0,0.0,4.0,15.0,B01
201800016729,2.0,7,0,0.0,2.0,7.0,19.0,A01
201800016729,1.0,7,0,0.0,2.0,1.0,1.0,B01
201800016730,0.0,7,0,2.0,0.0,2.0,1.0,A01
201800016731,1.0,2,0,0.0,2.0,2.0,1.0,A01
201800016731,0.0,10,0,0.0,2.0,6.0,4.0,B01
201800016732,2.0,7,0,12.0,0.0,1.0,9.0,A01
201800016733,1.0,7,0,0.0,1.0,1.0,1.0,A01
201800016734,1.0,7,0,2.0,0.0,1.0,1.0,A01
201800016735,2.0,7,0,13.0,0.0,2.0,1.0,A01
201800016736,0.0,21,0,6.0,0.0,0.0,0.0,A01
201800016737,0.0,7,0,0.0,2.0,3.0,1.0,A01
201800016737,0.0,7,0,0.0,2.0,3.0,1.0,B01
201800016738,2.0,33,0,0.0,0.0,2.0,0.0,A01
201800016739,2.0,7,0,13.0,0.0,7.0,1.0,A01
201800016740,1.0,37,1,0.0,2.0,8.0,1.0,B01
201800016740,2.0,33,0,0.0,2.0,8.0,13.0,A01
201800016741,2.0,1,0,0.0,2.0,2.0,1.0,B01
201800016741,2.0,1,0,0.0,2.0,2.0,1.0,C01
201800016741,1.0,7,0,0.0,9.0,3.0,13.0,A01
201800016742,0.0,10,0,0.0,0.0,4.0,1.0,A01
201800016743,2.0,7,0,0.0,2.0,1.0,1.0,A01
201800016743,1.0,7,0,0.0,0.0,1.0,1.0,B01
201800016744,2.0,10,0,2.0,0.0,3.0,13.0,A01
201800016745,1.0,7,0,0.0,1.0,3.0,1.0,A01
201800016746,1.0,7,0,13.0,0.0,2.0,14.0,A01
201800016747,2.0,7,0,15.0,0.0,2.0,0.0,A01
201800016748,2.0,7,0,13.0,0.0,3.0,1.0,A01
201800016749,2.0,1,0,0.0,2.0,1.0,1.0,A01
201800016749,0.0,37,1,0.0,2.0,3.0,1.0,B01
201800016750,1.0,7,0,2.0,0.0,1.0,0.0,A01
201800016751,2.0,7,0,3.0,0.0,2.0,0.0,A01
201800016752,1.0,10,0,0.0,0.0,1.0,13.0,A01
201800016753,2.0,7,0,0.0,2.0,1.0,0.0,B01
201800016753,1.0,7,0,0.0,2.0,8.0,0.0,A01
201800016754,1.0,7,0,0.0,2.0,8.0,0.0,B01
201800016754,1.0,7,0,0.0,2.0,1.0,0.0,A01
201800016755,1.0,7,0,13.0,0.0,9.0,2.0,A01
201800016756,2.0,7,0,2.0,0.0,1.0,1.0,A01
201800016757,1.0,7,0,0.0,1.0,1.0,1.0,A01
201800016758,1.0,33,0,0.0,0.0,0.0,1.0,A01
201800016759,1.0,15,0,0.0,0.0,7.0,15.0,A01
201800016760,1.0,7,0,16.0,0.0,9.0,1.0,A01
201800016761,1.0,7,0,2.0,0.0,2.0,1.0,A01
201800016762,0.0,7,0,2.0,0.0,3.0,5.0,A01
201800016763,2.0,7,0,0.0,2.0,6.0,2.0,C01
201800016763,1.0,10,0,0.0,2.0,1.0,2.0,D01
201800016763,2.0,7,0,0.0,2.0,1.0,5.0,A01
201800016763,1.0,7,0,0.0,2.0,1.0,1.0,B01
201800016764,0.0,31,0,0.0,0.0,8.0,1.0,A01
201800016765,2.0,10,0,0.0,2.0,8.0,17.0,A01
201800016765,2.0,33,0,16.0,2.0,7.0,17.0,B01
201800016766,1.0,7,0,13.0,9.0,9.0,1.0,A01
201800016767,1.0,7,0,0.0,2.0,2.0,1.0,B01
201800016767,2.0,7,0,0.0,2.0,1.0,15.0,A01
201800016768,1.0,7,0,0.0,2.0,2.0,1.0,A01
201800016768,1.0,7,0,15.0,2.0,4.0,1.0,B01
201800016769,1.0,33,0,0.0,0.0,0.0,19.0,A01
201800016770,1.0,33,0,2.0,0.0,0.0,13.0,A01
201800016771,2.0,7,0,10.0,0.0,1.0,0.0,A01
201800016772,1.0,7,0,0.0,2.0,2.0,13.0,A01
201800016772,2.0,7,0,0.0,2.0,3.0,1.0,B01
201800016773,1.0,2,0,0.0,0.0,0.0,0.0,A01
201800016774,0.0,7,0,0.0,0.0,2.0,1.0,A01
201800016775,1.0,7,0,0.0,2.0,3.0,19.0,B01
201800016775,2.0,7,0,0.0,2.0,2.0,1.0,A01
201800016776,2.0,7,0,0.0,1.0,1.0,1.0,A01
201800016777,0.0,7,0,0.0,1.0,7.0,1.0,A01
201800016778,2.0,7,0,0.0,2.0,3.0,9.0,A01
201800016778,1.0,33,0,0.0,2.0,1.0,17.0,B01
201800016779,1.0,7,0,0.0,2.0,5.0,13.0,A01
201800016779,2.0,7,0,0.0,2.0,1.0,1.0,B01
201800016780,1.0,7,0,8.0,0.0,1.0,13.0,A01
201800016781,2.0,10,0,16.0,2.0,3.0,13.0,A01
201800016781,1.0,1,0,0.0,2.0,1.0,1.0,B01
201800016782,1.0,7,0,0.0,1.0,8.0,1.0,A01
201800016783,2.0,7,0,13.0,0.0,4.0,1.0,A01
201800016784,1.0,7,0,0.0,9.0,7.0,15.0,A01
201800016784,2.0,1,0,0.0,2.0,1.0,1.0,B01
201800016785,2.0,7,0,0.0,9.0,1.0,21.0,A01
201800016785,2.0,1,0,0.0,2.0,4.0,0.0,B01
201800016785,2.0,1,0,0.0,2.0,4.0,0.0,C01
201800016785,2.0,1,0,0.0,2.0,4.0,0.0,D01
201800016786,2.0,1,0,3.0,0.0,1.0,1.0,A01
201800016787,2.0,7,0,0.0,0.0,0.0,1.0,A01
201800016788,0.0,10,0,0.0,2.0,3.0,1.0,A01
201800016788,0.0,7,0,0.0,2.0,3.0,1.0,B01
201800016789,2.0,7,0,16.0,0.0,1.0,1.0,A01
201800016790,0.0,1,0,0.0,2.0,0.0,23.0,C01
201800016790,1.0,21,0,6.0,0.0,2.0,1.0,A01
201800016790,0.0,1,0,0.0,2.0,7.0,23.0,B01
201800016791,2.0,33,0,0.0,0.0,7.0,1.0,A01
201800016792,2.0,7,0,3.0,2.0,1.0,1.0,B01
201800016792,1.0,7,0,0.0,2.0,1.0,1.0,A01
201800016793,2.0,7,0,10.0,0.0,1.0,1.0,A01
201800016794,0.0,31,0,0.0,0.0,3.0,1.0,A01
201800016795,2.0,7,0,0.0,0.0,1.0,0.0,A01
201800016796,0.0,7,0,0.0,2.0,7.0,19.0,A01
201800016796,1.0,7,0,0.0,2.0,3.0,1.0,B01
201800016797,1.0,33,0,13.0,0.0,8.0,1.0,A01
201800016798,0.0,33,0,13.0,0.0,0.0,1.0,A01
201800016799,0.0,7,0,0.0,2.0,2.0,19.0,A01
201800016799,0.0,7,0,0.0,2.0,1.0,1.0,B01
201800016800,0.0,7,0,0.0,2.0,3.0,1.0,B01
201800016800,0.0,2,0,0.0,2.0,1.0,13.0,A01
201800016801,0.0,7,0,0.0,1.0,2.0,1.0,A01
201800016802,0.0,2,0,0.0,2.0,8.0,17.0,A01
201800016802,0.0,7,0,0.0,2.0,8.0,1.0,B01
201800016803,2.0,7,0,13.0,0.0,8.0,1.0,B01
201800016803,1.0,7,0,13.0,2.0,8.0,13.0,A01
201800016804,1.0,10,0,0.0,2.0,2.0,1.0,B01
201800016804,2.0,31,0,0.0,2.0,1.0,17.0,A01
201800016805,0.0,7,0,13.0,0.0,3.0,0.0,A01
201800016806,0.0,7,0,0.0,0.0,7.0,15.0,A01
201800016806,0.0,33,0,1.0,0.0,8.0,0.0,B01
201800016807,0.0,10,0,0.0,2.0,8.0,15.0,A01
201800016807,1.0,10,0,0.0,2.0,1.0,1.0,B01
201800016808,1.0,7,0,0.0,2.0,3.0,1.0,B01
201800016808,2.0,7,0,0.0,2.0,3.0,13.0,A01
201800016809,0.0,7,0,13.0,0.0,1.0,1.0,A01
201800016810,2.0,7,0,0.0,2.0,1.0,5.0,A01
201800016810,1.0,7,0,0.0,2.0,1.0,1.0,B01
201800016811,0.0,7,0,7.0,9.0,3.0,1.0,A01
201800016812,0.0,7,0,0.0,2.0,7.0,19.0,A01
201800016812,0.0,7,0,0.0,2.0,1.0,1.0,B01
201800016813,0.0,7,0,0.0,2.0,3.0,5.0,A01
201800016813,0.0,10,0,0.0,2.0,3.0,1.0,B01
201800016814,1.0,2,0,8.0,0.0,1.0,1.0,A01
201800016815,1.0,2,0,0.0,2.0,8.0,10.0,B01
201800016815,2.0,7,0,0.0,2.0,2.0,1.0,A01
201800016816,1.0,7,0,0.0,2.0,1.0,13.0,A01
201800016816,2.0,7,0,0.0,2.0,1.0,1.0,B01
201800016817,1.0,33,0,0.0,2.0,7.0,1.0,B01
201800016817,1.0,10,0,0.0,2.0,1.0,1.0,A01
201800016818,1.0,7,0,0.0,2.0,1.0,1.0,A01
201800016818,1.0,7,0,0.0,0.0,4.0,23.0,B01
201800016818,1.0,10,0,0.0,0.0,4.0,15.0,C01
201800016819,0.0,7,0,0.0,2.0,3.0,1.0,B01
201800016819,0.0,2,0,0.0,2.0,1.0,17.0,A01
201800016820,0.0,7,0,2.0,0.0,8.0,2.0,A01