Num_Acc,senc,catv,occutc,obs,obsm,choc,manv,num_veh
201800016821,1.0,7,0,0.0,2.0,1.0,1.0,B01
201800016821,2.0,7,0,0.0,2.0,1.0,13.0,A01
201800016822,2.0,7,0,6.0,0.0,1.0,6.0,A01
201800016823,0.0,7,0,0.0,2.0,1.0,13.0,A01
201800016823,0.0,7,0,0.0,2.0,1.0,1.0,B01
201800016824,1.0,7,0,0.0,2.0,2.0,13.0,A01
201800016824,2.0,10,0,0.0,2.0,3.0,1.0,B01
201800016825,1.0,33,0,0.0,0.0,4.0,1.0,B01
201800016825,1.0,33,0,0.0,2.0,1.0,1.0,A01
201800016826,0.0,1,0,0.0,2.0,1.0,17.0,B01
201800016826,0.0,7,0,0.0,2.0,1.0,1.0,A01
201800016827,1.0,2,0,0.0,2.0,1.0,1.0,B01
201800016827,2.0,7,0,0.0,2.0,3.0,1.0,A01
201800016828,0.0,7,0,0.0,2.0,1.0,1.0,A01
201800016828,0.0,1,0,0.0,2.0,8.0,0.0,B01
201800016829,2.0,7,0,0.0,2.0,2.0,1.0,A01
201800016829,2.0,1,0,0.0,0.0,4.0,0.0,B01
201800016830,2.0,33,0,0.0,2.0,1.0,1.0,B01
201800016830,1.0,7,0,0.0,2.0,7.0,15.0,A01
201800016831,0.0,7,0,0.0,1.0,3.0,1.0,A01
201800016832,0.0,7,0,16.0,0.0,0.0,1.0,A01
201800016833,2.0,7,0,0.0,2.0,3.0,1.0,A01
201800016833,1.0,7,0,0.0,2.0,1.0,1.0,C01
201800016833,1.0,7,0,0.0,2.0,3.0,1.0,B01
201800016834,2.0,7,0,0.0,1.0,7.0,1.0,A01
201800016835,0.0,7,0,8.0,0.0,1.0,14.0,A01
201800016836,1.0,33,0,0.0,2.0,2.0,17.0,B01
201800016836,1.0,7,0,0.0,0.0,6.0,15.0,A01
201800016837,2.0,21,0,0.0,2.0,6.0,15.0,B01
201800016837,2.0,33,0,0.0,2.0,1.0,17.0,A01
201800016838,1.0,2,0,1.0,0.0,7.0,1.0,A01
201800016839,2.0,7,0,0.0,2.0,3.0,14.0,B01
201800016839,1.0,10,0,0.0,2.0,2.0,17.0,A01
201800016840,0.0,7,0,0.0,2.0,3.0,1.0,B01
201800016840,0.0,30,0,0.0,2.0,7.0,1.0,A01
201800016841,0.0,7,0,16.0,0.0,1.0,1.0,A01
201800016842,0.0,7,0,2.0,0.0,3.0,2.0,A01
201800016843,2.0,7,0,13.0,0.0,1.0,2.0,A01
201800016844,0.0,2,0,13.0,0.0,1.0,15.0,A01
201800016845,2.0,7,0,0.0,2.0,1.0,13.0,A01
201800016845,1.0,7,0,0.0,2.0,1.0,0.0,B01
201800016846,0.0,33,0,0.0,2.0,1.0,1.0,B01
201800016846,0.0,7,0,0.0,2.0,3.0,19.0,A01
201800016847,1.0,7,0,0.0,9.0,2.0,1.0,A01
201800016847,1.0,1,0,0.0,0.0,4.0,1.0,B01
201800016848,1.0,7,0,2.0,0.0,2.0,1.0,A01
201800016849,0.0,99,0,0.0,2.0,0.0,0.0,R01
201800016849,2.0,10,0,0.0,2.0,2.0,2.0,A01
201800016850,1.0,10,0,2.0,0.0,2.0,1.0,A01
201800016851,1.0,7,0,0.0,2.0,3.0,1.0,B01
201800016851,1.0,32,0,0.0,2.0,1.0,1.0,A01
201800016852,1.0,7,0,13.0,0.0,1.0,1.0,A01
201800016853,0.0,33,0,0.0,0.0,0.0,0.0,A01
201800016854,0.0,7,0,0.0,2.0,1.0,15.0,A01
201800016854,0.0,33,0,0.0,2.0,1.0,1.0,B01
201800016855,0.0,7,0,13.0,0.0,0.0,0.0,A01
201800016856,0.0,1,0,0.0,2.0,7.0,19.0,A01
201800016856,0.0,7,0,0.0,9.0,1.0,1.0,B01
201800016857,2.0,33,0,13.0,0.0,9.0,1.0,A01
201800016858,1.0,7,0,0.0,0.0,2.0,1.0,A01
201800016858,2.0,2,0,0.0,2.0,1.0,5.0,B01
201800016859,2.0,7,0,6.0,0.0,7.0,0.0,A01
201800016860,0.0,7,0,0.0,2.0,1.0,19.0,A01
201800016860,1.0,33,0,0.0,2.0,7.0,1.0,B01
201800016861,0.0,7,0,0.0,9.0,5.0,17.0,A01
201800016861,0.0,1,0,0.0,2.0,6.0,0.0,B01
201800016862,2.0,33,0,0.0,2.0,3.0,1.0,B01
201800016862,1.0,7,0,0.0,2.0,7.0,15.0,A01
201800016863,0.0,7,0,4.0,0.0,3.0,1.0,A01
201800016864,0.0,2,0,0.0,2.0,3.0,1.0,A01
201800016864,0.0,7,0,0.0,2.0,3.0,17.0,B01
201800016865,0.0,30,0,0.0,2.0,1.0,1.0,B01
201800016865,0.0,7,0,0.0,2.0,7.0,15.0,A01
201800016866,0.0,7,0,0.0,1.0,2.0,1.0,A01
201800016867,2.0,2,0,0.0,0.0,8.0,1.0,A01
201800016868,0.0,7,0,0.0,2.0,1.0,1.0,B01
201800016868,0.0,2,0,0.0,2.0,1.0,1.0,A01
201800016869,0.0,33,0,0.0,2.0,8.0,1.0,B01
201800016869,0.0,7,0,0.0,2.0,3.0,15.0,A01
201800016870,2.0,7,0,13.0,0.0,1.0,1.0,A01
201800016871,0.0,7,0,5.0,0.0,0.0,0.0,A01
201800016872,0.0,33,0,0.0,2.0,1.0,1.0,B01
201800016872,0.0,7,0,0.0,2.0,2.0,15.0,A01
201800016873,0.0,31,0,0.0,2.0,8.0,1.0,A01
201800016873,0.0,10,0,0.0,2.0,1.0,1.0,B01
201800016874,0.0,7,0,2.0,0.0,2.0,2.0,A01
201800016875,0.0,7,0,0.0,2.0,8.0,15.0,A01
201800016875,0.0,1,0,0.0,2.0,8.0,1.0,B01
201800016876,0.0,33,0,0.0,0.0,0.0,0.0,A01
201800016877,0.0,7,0,0.0,2.0,1.0,1.0,B01
201800016877,0.0,7,0,0.0,2.0,2.0,15.0,A01
201800016878,2.0,7,0,0.0,2.0,1.0,1.0,C01
201800016878,1.0,7,0,0.0,2.0,2.0,13.0,A01
201800016878,2.0,7,0,0.0,2.0,2.0,13.0,B01
201800016879,2.0,2,0,6.0,0.0,1.0,2.0,A01
201800016880,1.0,7,0,0.0,2.0,3.0,5.0,A01
201800016880,2.0,7,0,0.0,2.0,3.0,1.0,B01
201800016881,0.0,7,0,2.0,0.0,2.0,1.0,A01
201800016882,0.0,7,0,8.0,0.0,8.0,1.0,A01
201800016883,0.0,2,0,0.0,2.0,1.0,15.0,A01
201800016883,0.0,10,0,0.0,2.0,2.0,1.0,B01
201800016884,1.0,7,0,0.0,2.0,8.0,1.0,C01
201800016884,2.0,7,0,0.0,2.0,3.0,1.0,B01
201800016884,1.0,7,0,3.0,2.0,3.0,13.0,A01
201800016885,2.0,7,0,0.0,9.0,7.0,1.0,A01
201800016885,2.0,1,0,0.0,2.0,8.0,1.0,C01
201800016885,2.0,7,0,0.0,9.0,2.0,1.0,B01
201800016886,0.0,2,0,0.0,0.0,0.0,0.0,A01
201800016887,2.0,7,0,0.0,2.0,2.0,2.0,C01
201800016887,2.0,7,0,0.0,2.0,8.0,1.0,B01
201800016887,1.0,7,0,0.0,2.0,3.0,1.0,A01
201800016888,2.0,31,0,0.0,6.0,1.0,0.0,A01
201800016889,1.0,7,0,0.0,2.0,2.0,1.0,C01
201800016889,1.0,7,0,0.0,2.0,2.0,1.0,A01
201800016889,1.0,7,0,2.0,0.0,6.0,1.0,B01
201800016890,1.0,7,0,2.0,0.0,7.0,13.0,A01
201800016891,1.0,7,0,0.0,2.0,1.0,1.0,B01
201800016891,1.0,7,0,7.0,2.0,7.0,2.0,A01
201800016892,0.0,38,1,0.0,1.0,2.0,9.0,A01
201800016893,1.0,7,0,0.0,9.0,3.0,16.0,B01
201800016893,1.0,1,0,0.0,2.0,2.0,1.0,A01
201800016894,0.0,7,0,0.0,2.0,8.0,1.0,B01
201800016894,0.0,7,0,0.0,2.0,1.0,1.0,A01
201800016895,0.0,7,0,0.0,9.0,1.0,1.0,B01
201800016895,0.0,1,0,0.0,2.0,7.0,0.0,A01
201800016896,0.0,7,0,13.0,0.0,2.0,1.0,A01
201800016897,0.0,7,0,0.0,9.0,1.0,15.0,A01
201800016897,0.0,1,0,0.0,2.0,1.0,1.0,B01
201800016898,1.0,21,0,13.0,0.0,4.0,1.0,A01
201800016899,0.0,3,0,0.0,2.0,1.0,15.0,B01
201800016899,0.0,7,0,0.0,2.0,5.0,1.0,A01
201800016900,2.0,7,0,0.0,2.0,1.0,1.0,B01
201800016900,1.0,7,0,0.0,2.0,7.0,13.0,A01
201800016901,1.0,7,0,13.0,0.0,1.0,1.0,A01
201800016902,0.0,32,0,13.0,0.0,8.0,1.0,A01
201800016903,1.0,7,0,0.0,2.0,1.0,9.0,A01
201800016903,0.0,2,0,0.0,2.0,7.0,1.0,B01
201800016904,0.0,7,0,0.0,2.0,2.0,1.0,B01
201800016904,0.0,7,0,3.0,2.0,3.0,17.0,A01
201800016905,2.0,7,0,8.0,9.0,2.0,0.0,A01
201800016906,1.0,7,0,13.0,0.0,1.0,1.0,A01
201800016907,2.0,33,0,0.0,0.0,4.0,1.0,B01
201800016907,2.0,7,0,0.0,2.0,1.0,1.0,A01
201800016908,0.0,1,0,0.0,2.0,0.0,19.0,B01
201800016908,0.0,7,0,0.0,2.0,2.0,1.0,A01
201800016909,1.0,7,0,0.0,2.0,3.0,1.0,B01
201800016909,2.0,10,0,0.0,2.0,3.0,5.0,A01
201800016910,0.0,2,0,0.0,2.0,1.0,1.0,A01
201800016910,0.0,7,0,0.0,0.0,5.0,15.0,B01
201800016911,0.0,7,0,0.0,2.0,3.0,20.0,B01
201800016911,0.0,33,0,0.0,2.0,1.0,1.0,A01
201800016912,0.0,10,0,0.0,0.0,3.0,1.0,A01
201800016912,0.0,33,0,0.0,0.0,8.0,13.0,B01
201800016913,0.0,1,0,0.0,2.0,8.0,15.0,A01
201800016913,0.0,7,0,0.0,9.0,2.0,1.0,B01
201800016914,1.0,7,0,13.0,0.0,0.0,1.0,A01
201800016915,1.0,7,0,0.0,0.0,9.0,1.0,A01
201800016916,0.0,7,0,0.0,2.0,2.0,1.0,A01
201800016916,0.0,1,0,0.0,2.0,8.0,19.0,B01
201800016917,2.0,7,0,0.0,0.0,3.0,24.0,B01
201800016917,2.0,7,0,1.0,1.0,2.0,14.0,A01
201800016918,1.0,7,0,0.0,2.0,3.0,1.0,B01
201800016918,1.0,7,0,0.0,2.0,2.0,19.0,A01
201800016919,2.0,33,0,0.0,0.0,0.0,1.0,A01
201800016920,0.0,7,0,0.0,2.0,3.0,19.0,A01
201800016920,0.0,7,0,13.0,2.0,2.0,1.0,B01
201800016921,0.0,33,0,0.0,0.0,0.0,0.0,A01
201800016922,0.0,2,0,14.0,0.0,1.0,1.0,A01
201800016923,1.0,7,0,0.0,2.0,3.0,1.0,B01
201800016923,2.0,7,0,0.0,2.0,3.0,13.0,A01
201800016924,0.0,33,0,0.0,0.0,8.0,12.0,A01
201800016925,0.0,7,0,0.0,1.0,2.0,1.0,A01
201800016926,0.0,7,0,0.0,2.0,1.0,5.0,A01
201800016926,0.0,7,0,0.0,2.0,1.0,1.0,B01
201800016927,1.0,7,0,0.0,1.0,3.0,1.0,B01
201800016928,0.0,7,0,0.0,2.0,2.0,1.0,C01
201800016928,0.0,7,0,3.0,2.0,1.0,1.0,B01
201800016928,0.0,7,0,0.0,2.0,1.0,13.0,A01
201800016929,2.0,7,0,0.0,9.0,2.0,2.0,A01
201800016929,2.0,1,0,0.0,2.0,6.0,1.0,B01
201800016930,0.0,7,0,0.0,1.0,3.0,1.0,A01
201800016931,0.0,7,0,0.0,2.0,3.0,1.0,B01
201800016931,0.0,7,0,0.0,0.0,8.0,23.0,C01
201800016931,0.0,10,0,0.0,2.0,8.0,15.0,A01
201800016932,0.0,33,0,0.0,2.0,1.0,1.0,B01
201800016932,0.0,7,0,0.0,2.0,8.0,15.0,A01
201800016933,0.0,33,0,0.0,2.0,3.0,1.0,B01
201800016933,0.0,7,0,0.0,2.0,2.0,15.0,A01
201800016934,0.0,7,0,0.0,2.0,1.0,1.0,B01
201800016934,0.0,7,0,0.0,0.0,8.0,15.0,A01
201800016935,0.0,2,0,0.0,2.0,1.0,1.0,B01
201800016935,0.0,7,0,0.0,2.0,3.0,1.0,A01
201800016936,1.0,33,0,0.0,6.0,1.0,1.0,A01
201800016937,0.0,7,0,0.0,1.0,1.0,16.0,A01
201800016938,1.0,7,0,0.0,2.0,1.0,13.0,A01
201800016938,2.0,7,0,0.0,2.0,1.0,1.0,B01
201800016939,1.0,7,0,0.0,0.0,2.0,16.0,A01
201800016939,1.0,30,0,0.0,2.0,1.0,18.0,B01
201800016940,1.0,7,0,0.0,1.0,1.0,1.0,A01
201800016941,2.0,7,0,0.0,1.0,3.0,1.0,A01
201800016942,2.0,2,0,0.0,2.0,1.0,13.0,A01
201800016942,1.0,7,0,0.0,2.0,3.0,1.0,B01
201800016943,2.0,7,0,2.0,0.0,1.0,0.0,A01
201800016944,1.0,3,0,0.0,1.0,1.0,1.0,A01
201800016945,2.0,7,0,14.0,0.0,1.0,1.0,A01
201800016946,2.0,2,0,0.0,2.0,3.0,1.0,B01
201800016946,1.0,7,0,0.0,2.0,2.0,1.0,A01
201800016947,2.0,7,0,0.0,1.0,2.0,13.0,A01
201800016948,1.0,7,0,0.0,2.0,3.0,1.0,A01
201800016948,2.0,10,0,0.0,2.0,3.0,1.0,B01
201800016949,1.0,7,0,0.0,1.0,1.0,1.0,A01
201800016950,0.0,7,0,0.0,1.0,2.0,2.0,A01
201800016951,2.0,31,0,0.0,6.0,1.0,1.0,A01
201800016952,1.0,7,0,0.0,2.0,1.0,1.0,A01
201800016952,0.0,10,0,0.0,2.0,8.0,9.0,B01
201800016953,0.0,33,0,6.0,0.0,8.0,9.0,A01
201800016954,0.0,31,0,0.0,0.0,7.0,1.0,B01
201800016954,0.0,7,0,0.0,2.0,1.0,9.0,A01
201800016955,2.0,7,0,13.0,0.0,1.0,0.0,A01
201800016956,1.0,7,0,0.0,0.0,3.0,1.0,A01
201800016957,2.0,7,0,0.0,1.0,3.0,1.0,A01
201800016958,1.0,7,0,2.0,0.0,3.0,1.0,A01
201800016959,1.0,7,0,13.0,0.0,1.0,1.0,A01
201800016960,1.0,34,0,3.0,0.0,7.0,0.0,A01
201800016961,1.0,36,0,13.0,0.0,8.0,1.0,A01
201800016962,2.0,33,0,0.0,2.0,1.0,2.0,A01
201800016962,2.0,7,0,0.0,2.0,4.0,2.0,B01
201800016963,1.0,7,0,13.0,0.0,1.0,1.0,A01
201800016964,1.0,99,0,0.0,2.0,2.0,1.0,A01
201800016964,1.0,1,0,0.0,2.0,4.0,1.0,B01
201800016965,1.0,33,0,0.0,0.0,0.0,14.0,A01
201800016966,2.0,7,0,2.0,0.0,2.0,0.0,A01
201800016967,1.0,33,0,0.0,2.0,1.0,17.0,A01
201800016967,1.0,21,0,0.0,0.0,3.0,15.0,B01
201800016968,2.0,7,0,0.0,2.0,2.0,13.0,A01
201800016968,2.0,7,0,0.0,2.0,1.0,1.0,B01
201800016969,1.0,7,0,13.0,0.0,1.0,17.0,A01
201800016970,1.0,33,0,0.0,0.0,0.0,1.0,A01
201800016971,2.0,7,0,0.0,2.0,2.0,1.0,B01
201800016971,1.0,7,0,0.0,2.0,3.0,19.0,A01
201800016972,2.0,7,0,4.0,2.0,3.0,1.0,B01
201800016972,1.0,10,0,0.0,2.0,3.0,1.0,A01
201800016973,1.0,7,0,2.0,0.0,3.0,1.0,A01
201800016974,1.0,7,0,2.0,0.0,1.0,1.0,A01
201800016975,1.0,7,0,13.0,0.0,8.0,0.0,A01
201800016976,2.0,7,0,2.0,0.0,1.0,0.0,A01
201800016977,1.0,7,0,6.0,0.0,2.0,0.0,A01
201800016978,1.0,7,0,0.0,0.0,0.0,0.0,A01
201800016979,1.0,33,0,0.0,2.0,2.0,1.0,B01
201800016979,2.0,7,0,0.0,2.0,1.0,15.0,A01
201800016980,2.0,15,0,0.0,0.0,4.0,15.0,B01
201800016980,2.0,10,0,13.0,0.0,1.0,2.0,A01
201800016981,2.0,7,0,6.0,0.0,2.0,0.0,A01
201800016982,2.0,7,0,0.0,2.0,1.0,11.0,A01
201800016982,1.0,7,0,0.0,2.0,1.0,14.0,B01
201800016983,0.0,21,0,0.0,0.0,0.0,1.0,A01
201800016984,0.0,31,0,0.0,0.0,1.0,1.0,A01
201800016985,0.0,2,0,1.0,0.0,7.0,1.0,A01
201800016986,2.0,7,0,2.0,0.0,9.0,13.0,A01
201800016987,0.0,7,0,13.0,0.0,1.0,14.0,A01
201800016988,1.0,7,0,15.0,2.0,0.0,17.0,B01
201800016988,1.0,10,0,0.0,2.0,6.0,1.0,C01
201800016989,2.0,7,0,0.0,2.0,3.0,13.0,A01
201800016989,1.0,7,0,0.0,2.0,3.0,1.0,B01
201800016990,2.0,7,0,0.0,2.0,1.0,19.0,A01
201800016990,1.0,7,0,0.0,2.0,8.0,1.0,B01
201800016991,1.0,33,0,3.0,0.0,1.0,1.0,A01
201800016992,2.0,7,0,0.0,2.0,2.0,15.0,A01
201800016992,1.0,7,0,0.0,2.0,1.0,1.0,B01
201800016993,2.0,7,0,15.0,0.0,2.0,21.0,A01
201800016994,0.0,7,0,0.0,2.0,3.0,1.0,A01
201800016994,0.0,2,0,0.0,2.0,1.0,13.0,B01
201800016995,0.0,1,0,0.0,0.0,0.0,1.0,A01
201800016996,1.0,7,0,0.0,2.0,2.0,1.0,B01
201800016996,0.0,7,0,0.0,2.0,3.0,16.0,A01
201800016997,1.0,7,0,0.0,2.0,7.0,17.0,A01
201800016997,1.0,7,0,0.0,2.0,8.0,15.0,B01
201800016998,1.0,7,0,0.0,2.0,3.0,1.0,A01
201800016998,0.0,21,0,0.0,0.0,6.0,15.0,B01
201800016999,2.0,7,0,15.0,0.0,9.0,14.0,A01
201800017000,1.0,7,0,13.0,0.0,1.0,14.0,A01
201800017001,1.0,2,0,0.0,2.0,1.0,2.0,A01
201800017001,1.0,7,0,0.0,2.0,5.0,23.0,B01
201800017002,0.0,2,0,0.0,2.0,3.0,1.0,A01
201800017002,0.0,10,0,0.0,2.0,3.0,15.0,B01
201800017003,2.0,7,0,0.0,2.0,1.0,1.0,A01
201800017003,2.0,7,0,0.0,2.0,4.0,15.0,B01
201800017004,2.0,7,0,0.0,1.0,2.0,1.0,A01
201800017005,0.0,33,0,0.0,0.0,0.0,1.0,A01
201800017006,1.0,10,0,0.0,2.0,3.0,1.0,A01
201800017006,2.0,10,0,0.0,2.0,2.0,15.0,B01
201800017006,2.0,7,0,0.0,2.0,3.0,1.0,C01
201800017007,2.0,7,0,13.0,0.0,1.0,1.0,A01
201800017008,1.0,7,0,15.0,0.0,1.0,14.0,A01
201800017009,2.0,7,0,0.0,2.0,1.0,1.0,A01
201800017009,1.0,7,0,0.0,2.0,1.0,13.0,B01
201800017010,2.0,7,0,0.0,1.0,2.0,1.0,A01
201800017011,1.0,7,0,2.0,0.0,0.0,14.0,A01
201800017012,2.0,1,0,16.0,0.0,7.0,1.0,A01
201800017013,1.0,10,0,0.0,2.0,1.0,1.0,B01
201800017013,1.0,7,0,0.0,2.0,8.0,19.0,A01
201800017014,2.0,7,0,8.0,0.0,1.0,1.0,A01
201800017015,1.0,33,0,15.0,0.0,7.0,1.0,A01
201800017016,1.0,7,0,0.0,2.0,2.0,13.0,A01
201800017016,2.0,7,0,0.0,2.0,1.0,1.0,B01
201800017017,2.0,7,0,0.0,1.0,3.0,1.0,A01
201800017018,1.0,7,0,0.0,2.0,4.0,15.0,A01
201800017018,1.0,7,0,0.0,2.0,1.0,1.0,B01
201800017019,2.0,7,0,0.0,1.0,2.0,16.0,A01
201800017020,1.0,7,0,8.0,0.0,3.0,13.0,A01
201800017021,0.0,1,0,0.0,0.0,0.0,1.0,A01
201800017022,0.0,33,0,2.0,0.0,1.0,1.0,A01
201800017023,2.0,7,0,5.0,0.0,3.0,0.0,A01
201800017024,2.0,2,0,0.0,2.0,1.0,13.0,A01
201800017024,1.0,7,0,0.0,2.0,2.0,1.0,B01
201800017025,2.0,2,0,0.0,2.0,1.0,1.0,A01
201800017025,1.0,7,0,0.0,2.0,2.0,15.0,B01
201800017026,1.0,7,0,13.0,0.0,7.0,14.0,A01
201800017027,2.0,7,0,0.0,2.0,3.0,13.0,A01
201800017027,1.0,17,0,0.0,2.0,3.0,1.0,B01
201800017028,2.0,7,0,3.0,0.0,7.0,21.0,A01
201800017029,2.0,7,0,0.0,2.0,1.0,15.0,A01
201800017029,2.0,7,0,0.0,2.0,7.0,1.0,B01
201800017030,2.0,7,0,0.0,2.0,1.0,1.0,B01
201800017030,1.0,7,0,0.0,2.0,1.0,15.0,A01
201800017031,2.0,7,0,0.0,2.0,1.0,13.0,A01
201800017031,1.0,33,0,0.0,2.0,1.0,1.0,B01
201800017031,1.0,33,0,0.0,2.0,1.0,1.0,C01
201800017032,2.0,7,0,2.0,0.0,1.0,13.0,A01
201800017033,2.0,7,0,0.0,9.0,2.0,1.0,B01
201800017033,1.0,1,0,0.0,2.0,1.0,15.0,A01
201800017034,1.0,2,0,0.0,2.0,4.0,1.0,A01
201800017034,1.0,7,0,0.0,2.0,2.0,17.0,B01
201800017035,1.0,7,0,0.0,2.0,3.0,13.0,A01
201800017035,2.0,17,0,0.0,2.0,3.0,1.0,B01
201800017036,1.0,7,0,13.0,0.0,1.0,1.0,A01
201800017037,1.0,33,0,0.0,2.0,4.0,1.0,B01
201800017037,1.0,7,0,0.0,2.0,2.0,15.0,A01
201800017038,1.0,33,0,13.0,0.0,7.0,1.0,A01
201800017039,1.0,7,0,16.0,0.0,2.0,1.0,A01
201800017040,1.0,7,0,0.0,2.0,8.0,15.0,A01
201800017040,2.0,7,0,0.0,2.0,1.0,1.0,B01
201800017041,2.0,30,0,8.0,0.0,1.0,14.0,A01
201800017042,1.0,7,0,2.0,0.0,1.0,1.0,A01
201800017043,0.0,7,0,16.0,0.0,9.0,1.0,A01
201800017044,0.0,7,0,0.0,1.0,1.0,1.0,A01
201800017045,2.0,7,0,0.0,2.0,2.0,2.0,A01
201800017045,2.0,1,0,0.0,2.0,4.0,1.0,B01
201800017046,2.0,10,0,0.0,2.0,1.0,1.0,B01
201800017046,1.0,7,0,0.0,2.0,7.0,19.0,A01
201800017047,2.0,7,0,2.0,0.0,1.0,13.0,A01
201800017048,1.0,33,0,0.0,6.0,1.0,1.0,A01
201800017049,2.0,7,0,6.0,0.0,9.0,1.0,A01
201800017050,1.0,7,0,13.0,9.0,2.0,1.0,A01
201800017051,1.0,7,0,6.0,0.0,2.0,14.0,A01
201800017052,1.0,7,0,1.0,0.0,9.0,14.0,A01
201800017053,0.0,7,0,0.0,1.0,2.0,1.0,A01
201800017054,1.0,7,0,0.0,2.0,3.0,15.0,A01
201800017054,1.0,33,0,0.0,2.0,1.0,16.0,B01
201800017055,1.0,7,0,0.0,2.0,2.0,1.0,A01
201800017055,1.0,1,0,0.0,2.0,6.0,2.0,B01
201800017055,1.0,1,0,0.0,2.0,6.0,2.0,C01
201800017055,1.0,1,0,0.0,2.0,6.0,2.0,D01
201800017055,1.0,1,0,0.0,2.0,6.0,2.0,E01
201800017056,2.0,33,0,0.0,0.0,7.0,1.0,A01
201800017057,1.0,7,0,0.0,2.0,1.0,14.0,A01
201800017057,2.0,1,0,0.0,2.0,8.0,1.0,B01
201800017058,2.0,7,0,0.0,2.0,1.0,1.0,B01
201800017058,0.0,2,0,0.0,2.0,8.0,5.0,A01
201800017059,2.0,7,0,0.0,1.0,2.0,1.0,B01
201800017060,2.0,7,0,0.0,2.0,1.0,17.0,A01
201800017060,1.0,7,0,0.0,2.0,1.0,1.0,B01
201800017061,2.0,7,0,13.0,0.0,2.0,14.0,A01
201800017062,2.0,1,0,0.0,0.0,1.0,1.0,A01
201800017063,1.0,1,0,15.0,0.0,7.0,1.0,A01
201800017064,2.0,7,0,13.0,0.0,2.0,1.0,A01
201800017065,1.0,7,0,0.0,1.0,2.0,1.0,A01
201800017066,2.0,2,0,16.0,0.0,8.0,1.0,A01
201800017067,1.0,7,0,0.0,2.0,7.0,17.0,A01
201800017067,2.0,33,0,0.0,2.0,2.0,1.0,B01
201800017068,1.0,7,0,2.0,0.0,2.0,1.0,A01
201800017069,1.0,7,0,2.0,0.0,7.0,1.0,A01
201800017070,1.0,7,0,0.0,2.0,8.0,18.0,A01
201800017070,1.0,15,0,0.0,2.0,7.0,17.0,B01
201800017071,1.0,7,0,15.0,0.0,1.0,14.0,A01
201800017072,2.0,7,0,0.0,2.0,3.0,1.0,B01
201800017072,0.0,7,0,0.0,2.0,3.0,15.0,A01
201800017073,1.0,7,0,13.0,0.0,2.0,14.0,A01
201800017074,2.0,7,0,0.0,2.0,8.0,19.0,A01
201800017074,2.0,15,0,0.0,2.0,1.0,1.0,B01
201800017075,1.0,7,0,13.0,0.0,2.0,1.0,A01
201800017076,2.0,33,0,0.0,2.0,1.0,1.0,B01
201800017076,1.0,7,0,0.0,2.0,8.0,19.0,A01
201800017077,1.0,7,0,13.0,0.0,1.0,14.0,A01
201800017078,2.0,7,0,3.0,0.0,1.0,9.0,A01
201800017079,2.0,7,0,0.0,2.0,1.0,13.0,A01
201800017079,1.0,7,0,0.0,2.0,1.0,1.0,B01
201800017079,2.0,7,0,13.0,2.0,1.0,1.0,C01
201800017079,1.0,7,0,0.0,2.0,1.0,1.0,D01
201800017079,1.0,7,0,0.0,2.0,3.0,1.0,E01
201800017080,2.0,7,0,0.0,2.0,1.0,1.0,A01
201800017080,1.0,7,0,0.0,2.0,1.0,13.0,B01
201800017081,1.0,7,0,3.0,0.0,7.0,14.0,A01
201800017082,1.0,7,0,2.0,0.0,1.0,15.0,A01
201800017083,2.0,10,0,0.0,2.0,5.0,17.0,A01
201800017083,2.0,2,0,0.0,2.0,3.0,1.0,B01
201800017084,1.0,7,0,0.0,2.0,2.0,2.0,A01
201800017084,1.0,1,0,0.0,2.0,4.0,1.0,B01
201800017085,2.0,7,0,13.0,0.0,2.0,14.0,A01
201800017086,1.0,7,0,9.0,0.0,9.0,1.0,A01
201800017087,0.0,7,0,2.0,0.0,1.0,14.0,A01
201800017088,2.0,7,0,0.0,2.0,1.0,2.0,A01
201800017088,2.0,7,0,0.0,2.0,4.0,1.0,B01
201800017089,1.0,7,0,0.0,2.0,8.0,15.0,A01
201800017089,1.0,14,0,0.0,2.0,1.0,1.0,B01
201800017090,0.0,10,0,0.0,1.0,1.0,1.0,A01
201800017091,1.0,7,0,13.0,0.0,3.0,13.0,A01
201800017092,2.0,7,0,2.0,0.0,1.0,14.0,A01
201800017093,1.0,7,0,8.0,0.0,1.0,14.0,A01
201800017094,2.0,7,0,0.0,1.0,1.0,1.0,A01
201800017095,1.0,7,0,13.0,0.0,1.0,14.0,A01
201800017096,1.0,7,0,0.0,0.0,9.0,1.0,A01
201800017097,1.0,7,0,0.0,2.0,8.0,15.0,A01
201800017097,1.0,7,0,0.0,2.0,1.0,1.0,B01
201800017098,2.0,7,0,0.0,2.0,1.0,13.0,A01
201800017098,1.0,7,0,0.0,2.0,3.0,1.0,B01
201800017099,1.0,7,0,0.0,2.0,1.0,13.0,A01
201800017099,2.0,7,0,0.0,2.0,3.0,1.0,B01
201800017100,2.0,2,0,14.0,0.0,1.0,21.0,A01
201800017101,1.0,7,0,2.0,0.0,1.0,14.0,A01
201800017102,1.0,7,0,1.0,0.0,1.0,1.0,A01
201800017103,2.0,7,0,8.0,0.0,1.0,14.0,A01
201800017104,1.0,2,0,0.0,2.0,1.0,1.0,A01
201800017104,2.0,37,2,0.0,2.0,8.0,20.0,B01
201800017105,2.0,10,0,0.0,2.0,1.0,13.0,A01