Num_Acc,senc,catv,occutc,obs,obsm,choc,manv,num_veh
201800017396,1.0,7,0,0.0,0.0,3.0,9.0,A01
201800017396,1.0,15,0,0.0,0.0,2.0,1.0,B01
201800017397,1.0,7,0,1.0,1.0,1.0,0.0,A01
201800017398,2.0,10,0,2.0,0.0,1.0,1.0,A01
201800017399,1.0,7,0,0.0,2.0,1.0,1.0,B01
201800017399,0.0,7,0,0.0,2.0,3.0,19.0,A01
201800017400,2.0,10,0,13.0,0.0,1.0,2.0,A01
201800017401,1.0,7,0,0.0,2.0,2.0,1.0,B01
201800017401,0.0,10,0,0.0,2.0,1.0,15.0,A01
201800017402,2.0,7,0,0.0,2.0,3.0,19.0,A01
201800017402,2.0,7,0,0.0,2.0,3.0,1.0,B01
201800017403,2.0,33,0,0.0,0.0,0.0,1.0,A01
201800017404,1.0,7,0,0.0,2.0,3.0,9.0,A01
201800017404,1.0,33,0,0.0,2.0,1.0,1.0,B01
201800017405,2.0,7,0,0.0,2.0,3.0,0.0,A01
201800017405,1.0,7,0,0.0,0.0,8.0,1.0,B01
201800017406,0.0,10,0,0.0,0.0,0.0,2.0,A01
201800017406,0.0,1,0,0.0,2.0,7.0,0.0,C01
201800017407,2.0,7,0,0.0,0.0,0.0,1.0,A01
201800017408,1.0,7,0,0.0,2.0,1.0,13.0,A01
201800017408,2.0,7,0,0.0,2.0,1.0,21.0,B01
201800017409,0.0,7,0,0.0,2.0,3.0,16.0,A01
201800017409,0.0,7,0,0.0,2.0,2.0,1.0,B01
201800017410,2.0,7,0,0.0,2.0,3.0,13.0,A01
201800017410,1.0,7,0,0.0,2.0,3.0,1.0,B01
201800017411,2.0,33,0,0.0,0.0,2.0,17.0,A01
201800017412,0.0,33,0,0.0,2.0,1.0,1.0,B01
201800017412,0.0,7,0,0.0,2.0,7.0,15.0,A01
201800017413,1.0,7,0,16.0,0.0,0.0,14.0,A01
201800017414,1.0,7,0,13.0,0.0,1.0,1.0,A01
201800017415,2.0,7,0,0.0,2.0,4.0,1.0,A01
201800017415,1.0,7,0,0.0,2.0,1.0,1.0,B01
201800017416,2.0,7,0,0.0,2.0,8.0,13.0,A01
201800017416,1.0,15,0,0.0,2.0,9.0,21.0,B01
201800017417,1.0,7,0,0.0,2.0,3.0,1.0,B01
201800017417,2.0,2,0,0.0,2.0,1.0,13.0,A01
201800017418,0.0,33,0,13.0,0.0,3.0,1.0,A01
201800017419,0.0,7,0,0.0,2.0,1.0,1.0,A01
201800017419,0.0,2,0,0.0,0.0,4.0,16.0,B01
201800017420,0.0,36,0,6.0,0.0,1.0,1.0,A01
201800017421,2.0,7,0,0.0,2.0,8.0,9.0,A01
201800017421,1.0,33,0,0.0,2.0,7.0,1.0,B01
201800017422,2.0,7,0,0.0,2.0,6.0,19.0,A01
201800017422,2.0,30,0,0.0,2.0,1.0,1.0,B01
201800017423,0.0,7,0,0.0,2.0,2.0,1.0,A01
201800017423,0.0,33,0,0.0,2.0,8.0,15.0,B01
201800017424,2.0,2,0,0.0,2.0,8.0,1.0,B01
201800017424,2.0,7,0,0.0,2.0,1.0,1.0,A01
201800017425,0.0,7,0,0.0,2.0,1.0,2.0,A01
201800017425,0.0,7,0,0.0,0.0,4.0,2.0,B01
201800017426,1.0,7,0,0.0,2.0,1.0,1.0,C01
201800017426,2.0,7,0,0.0,2.0,1.0,5.0,A01
201800017426,1.0,7,0,0.0,2.0,1.0,1.0,B01
201800017427,1.0,7,0,0.0,2.0,3.0,15.0,A01
201800017427,2.0,2,0,0.0,2.0,1.0,1.0,B01
201800017428,1.0,2,0,8.0,0.0,1.0,1.0,A01
201800017429,1.0,7,0,0.0,1.0,2.0,19.0,A01
201800017430,2.0,7,0,0.0,0.0,4.0,0.0,B01
201800017430,2.0,7,0,0.0,2.0,1.0,2.0,A01
201800017431,0.0,7,0,0.0,1.0,1.0,15.0,A01
201800017432,0.0,10,0,0.0,1.0,6.0,4.0,A01
201800017433,0.0,7,0,13.0,0.0,2.0,1.0,A01
201800017434,2.0,7,0,0.0,2.0,3.0,15.0,A01
201800017434,2.0,7,0,0.0,2.0,1.0,1.0,B01
201800017435,2.0,7,0,13.0,0.0,9.0,1.0,A01
201800017436,0.0,7,0,13.0,0.0,2.0,1.0,A01
201800017437,1.0,7,0,13.0,0.0,1.0,1.0,A01
201800017438,1.0,15,0,0.0,1.0,1.0,1.0,A01
201800017439,0.0,7,0,2.0,0.0,1.0,1.0,A01
201800017440,1.0,7,0,0.0,2.0,8.0,0.0,A01
201800017440,2.0,7,0,0.0,2.0,1.0,1.0,B01
201800017441,0.0,2,0,1.0,2.0,7.0,1.0,A01
201800017441,0.0,7,0,0.0,2.0,1.0,1.0,B01
201800017442,0.0,2,0,0.0,0.0,7.0,1.0,A01
201800017443,1.0,7,0,0.0,1.0,2.0,15.0,A01
201800017444,2.0,7,0,0.0,2.0,1.0,2.0,A01
201800017444,2.0,7,0,0.0,0.0,4.0,1.0,B01
201800017445,0.0,33,0,0.0,0.0,1.0,1.0,B01
201800017445,0.0,7,0,0.0,0.0,1.0,9.0,A01
201800017446,0.0,7,0,0.0,1.0,1.0,15.0,A01
201800017447,1.0,10,0,13.0,0.0,3.0,0.0,A01
201800017448,0.0,2,0,13.0,0.0,0.0,1.0,A01
201800017449,1.0,7,0,0.0,2.0,1.0,13.0,A01
201800017449,2.0,15,0,0.0,2.0,1.0,1.0,B01
201800017450,2.0,7,0,0.0,1.0,2.0,16.0,A01
201800017451,1.0,7,0,0.0,2.0,1.0,1.0,A01
201800017451,1.0,1,0,0.0,0.0,4.0,1.0,C01
201800017451,1.0,1,0,0.0,0.0,4.0,1.0,B01
201800017452,0.0,7,0,0.0,2.0,1.0,0.0,B01
201800017452,0.0,2,0,0.0,2.0,1.0,11.0,A01
201800017453,1.0,1,0,0.0,0.0,0.0,1.0,A01
201800017454,1.0,99,0,0.0,1.0,2.0,17.0,A01
201800017455,0.0,7,0,0.0,2.0,2.0,1.0,B01
201800017455,0.0,7,0,0.0,2.0,1.0,1.0,A01
201800017456,2.0,7,0,13.0,0.0,1.0,1.0,A01
201800017457,0.0,2,0,0.0,0.0,7.0,16.0,A01
201800017458,0.0,3,0,1.0,0.0,1.0,0.0,A01
201800017459,0.0,7,0,0.0,1.0,2.0,1.0,A01
201800017460,2.0,7,0,8.0,0.0,1.0,5.0,A01
201800017461,0.0,7,0,0.0,1.0,1.0,15.0,A01
201800017462,1.0,36,0,15.0,0.0,7.0,1.0,A01
201800017463,0.0,10,0,0.0,2.0,3.0,1.0,B01
201800017463,0.0,7,0,0.0,2.0,3.0,1.0,A01
201800017464,1.0,7,0,0.0,0.0,3.0,13.0,A01
201800017464,2.0,15,0,0.0,0.0,3.0,1.0,B01
201800017465,2.0,10,0,0.0,2.0,3.0,0.0,A01
201800017465,1.0,7,0,0.0,2.0,3.0,1.0,B01
201800017466,0.0,7,0,0.0,2.0,7.0,19.0,A01
201800017466,1.0,33,0,0.0,2.0,2.0,1.0,B01
201800017467,0.0,33,0,0.0,0.0,1.0,1.0,A01
201800017468,2.0,7,0,0.0,2.0,0.0,23.0,B01
201800017468,1.0,7,0,14.0,0.0,1.0,1.0,A01
201800017469,1.0,10,0,0.0,2.0,8.0,1.0,B01
201800017469,2.0,7,0,0.0,2.0,3.0,1.0,A01
201800017470,0.0,1,0,0.0,9.0,1.0,1.0,A01
201800017470,0.0,1,0,0.0,9.0,1.0,1.0,B01
201800017471,1.0,1,0,0.0,1.0,1.0,1.0,A01
201800017472,0.0,33,0,12.0,0.0,7.0,1.0,A01
201800017473,0.0,1,0,12.0,0.0,1.0,1.0,A01
201800017474,0.0,7,0,0.0,1.0,1.0,1.0,A01
201800017475,0.0,7,0,6.0,0.0,1.0,1.0,A01
201800017476,2.0,33,0,14.0,0.0,7.0,14.0,A01
201800017477,0.0,7,0,0.0,2.0,7.0,15.0,A01
201800017477,0.0,1,0,0.0,2.0,1.0,0.0,B01
201800017478,2.0,7,0,13.0,0.0,3.0,1.0,A01
201800017479,2.0,2,0,0.0,0.0,7.0,1.0,B01
201800017479,1.0,7,0,0.0,2.0,2.0,15.0,A01
201800017480,1.0,33,0,12.0,0.0,0.0,1.0,A01
201800017481,1.0,33,0,0.0,2.0,2.0,17.0,B01
201800017481,1.0,21,0,0.0,2.0,8.0,15.0,A01
201800017482,0.0,7,0,6.0,0.0,3.0,1.0,A01
201800017483,1.0,7,0,0.0,2.0,1.0,1.0,B01
201800017483,2.0,7,0,0.0,2.0,1.0,13.0,A01
201800017484,0.0,7,0,0.0,0.0,3.0,1.0,A01
201800017485,0.0,37,2,0.0,2.0,2.0,1.0,B01
201800017485,0.0,7,0,0.0,2.0,1.0,13.0,A01
201800017486,1.0,15,0,0.0,0.0,4.0,23.0,B01
201800017486,1.0,15,0,0.0,2.0,1.0,1.0,A01
201800017487,0.0,7,0,13.0,0.0,2.0,1.0,A01
201800017488,0.0,14,0,2.0,0.0,3.0,1.0,A01
201800017489,1.0,33,0,3.0,0.0,2.0,1.0,A01
201800017490,2.0,34,0,0.0,2.0,1.0,1.0,B01
201800017490,1.0,14,0,0.0,2.0,1.0,13.0,A01
201800017491,1.0,17,0,0.0,2.0,1.0,13.0,A01
201800017491,1.0,7,0,0.0,2.0,1.0,1.0,B01
201800017492,2.0,10,0,13.0,2.0,1.0,1.0,B01
201800017492,1.0,7,0,13.0,2.0,2.0,1.0,A01
201800017493,1.0,7,0,0.0,2.0,1.0,1.0,B01
201800017493,2.0,7,0,0.0,2.0,7.0,19.0,A01
201800017494,1.0,7,0,6.0,0.0,9.0,1.0,A01
201800017495,1.0,33,0,0.0,2.0,1.0,1.0,B01
201800017495,0.0,10,0,0.0,2.0,7.0,19.0,A01
201800017496,1.0,33,0,0.0,2.0,1.0,17.0,A01
201800017496,1.0,7,0,0.0,2.0,6.0,15.0,B01
201800017497,1.0,33,0,0.0,0.0,3.0,1.0,B01
201800017497,1.0,33,0,0.0,0.0,2.0,1.0,A01
201800017498,1.0,7,0,0.0,2.0,6.0,23.0,A01
201800017498,1.0,2,0,1.0,0.0,1.0,2.0,B01
201800017499,2.0,7,0,5.0,0.0,2.0,1.0,A01
201800017500,0.0,33,0,0.0,2.0,1.0,1.0,B01
201800017500,0.0,33,0,0.0,2.0,3.0,9.0,A01
201800017501,2.0,7,0,0.0,2.0,7.0,1.0,B01
201800017501,2.0,33,0,0.0,2.0,3.0,9.0,A01
201800017502,2.0,33,0,2.0,0.0,9.0,1.0,A01
201800017503,0.0,99,0,0.0,0.0,0.0,1.0,A01
201800017504,0.0,7,0,8.0,0.0,1.0,14.0,A01
201800017505,0.0,7,0,2.0,0.0,1.0,1.0,A01
201800017506,1.0,31,0,0.0,2.0,1.0,1.0,A01
201800017506,1.0,14,0,0.0,2.0,4.0,23.0,B01
201800017507,1.0,7,0,0.0,9.0,2.0,2.0,A01
201800017507,1.0,1,0,0.0,2.0,1.0,2.0,B01
201800017508,0.0,33,0,13.0,0.0,8.0,1.0,A01
201800017509,1.0,7,0,0.0,2.0,1.0,1.0,B01
201800017509,2.0,7,0,0.0,2.0,1.0,15.0,A01
201800017510,1.0,7,0,2.0,0.0,3.0,1.0,A01
201800017511,1.0,7,0,0.0,2.0,2.0,1.0,B01
201800017511,2.0,7,0,6.0,2.0,2.0,17.0,A01
201800017512,1.0,7,0,16.0,0.0,9.0,1.0,A01
201800017513,2.0,7,0,0.0,2.0,1.0,1.0,B01
201800017513,2.0,7,0,0.0,2.0,8.0,1.0,A01
201800017514,1.0,10,0,8.0,0.0,1.0,1.0,A01
201800017515,1.0,2,0,0.0,0.0,8.0,1.0,A01
201800017516,1.0,7,0,15.0,0.0,9.0,1.0,A01
201800017517,0.0,2,0,0.0,2.0,8.0,1.0,B01
201800017517,0.0,7,0,0.0,2.0,8.0,1.0,A01
201800017518,0.0,10,0,9.0,1.0,8.0,0.0,A01
201800017519,1.0,7,0,13.0,0.0,1.0,1.0,A01
201800017520,1.0,31,0,13.0,2.0,5.0,13.0,A01
201800017520,2.0,7,0,0.0,0.0,2.0,1.0,B01
201800017521,0.0,2,0,0.0,2.0,1.0,17.0,B01
201800017521,0.0,2,0,0.0,2.0,8.0,15.0,A01
201800017522,0.0,2,0,8.0,0.0,1.0,15.0,A01
201800017523,0.0,7,0,0.0,2.0,1.0,1.0,A01
201800017523,2.0,30,0,0.0,2.0,8.0,1.0,B01
201800017524,1.0,2,0,0.0,0.0,8.0,1.0,A01
201800017525,0.0,7,0,6.0,0.0,1.0,1.0,A01
201800017526,1.0,7,0,0.0,2.0,1.0,2.0,A01
201800017526,1.0,7,0,0.0,2.0,4.0,2.0,B01
201800017527,0.0,7,0,0.0,1.0,8.0,1.0,A01
201800017528,0.0,33,0,0.0,0.0,0.0,23.0,A01
201800017529,0.0,7,0,13.0,0.0,3.0,1.0,A01
201800017530,0.0,7,0,13.0,0.0,1.0,1.0,A01
201800017531,1.0,7,0,0.0,2.0,1.0,5.0,A01
201800017531,1.0,7,0,0.0,2.0,1.0,1.0,B01
201800017532,0.0,10,0,0.0,2.0,3.0,1.0,B01
201800017532,0.0,7,0,0.0,2.0,3.0,1.0,A01
201800017533,1.0,15,0,15.0,2.0,8.0,13.0,A01
201800017533,2.0,15,0,0.0,0.0,3.0,1.0,B01
201800017534,1.0,2,0,0.0,2.0,1.0,2.0,A01
201800017534,1.0,7,0,0.0,0.0,6.0,2.0,B01
201800017535,1.0,33,0,12.0,0.0,0.0,1.0,A01
201800017536,1.0,7,0,0.0,2.0,1.0,1.0,A01
201800017536,2.0,15,0,0.0,2.0,1.0,1.0,B01
201800017537,1.0,2,0,0.0,2.0,8.0,1.0,B01
201800017537,1.0,7,0,0.0,2.0,7.0,11.0,A01
201800017538,2.0,7,0,2.0,0.0,0.0,1.0,A01
201800017539,2.0,7,0,0.0,2.0,8.0,15.0,B01
201800017539,2.0,7,0,13.0,2.0,2.0,17.0,A01
201800017540,1.0,7,0,15.0,0.0,9.0,1.0,A01
201800017541,2.0,7,0,0.0,2.0,3.0,15.0,B01
201800017541,1.0,33,0,0.0,2.0,2.0,1.0,A01
201800017542,1.0,7,0,8.0,0.0,8.0,0.0,A01
201800017543,2.0,7,0,13.0,0.0,1.0,13.0,A01
201800017544,1.0,13,0,0.0,0.0,3.0,1.0,A01
201800017544,1.0,2,0,0.0,0.0,4.0,1.0,B01
201800017545,1.0,7,0,0.0,2.0,3.0,15.0,B01
201800017545,1.0,2,0,15.0,2.0,2.0,17.0,A01
201800017546,0.0,7,0,0.0,2.0,1.0,1.0,C01
201800017546,0.0,7,0,0.0,2.0,3.0,13.0,A01
201800017546,0.0,7,0,0.0,2.0,3.0,1.0,B01
201800017547,0.0,7,0,13.0,0.0,0.0,1.0,A01
201800017548,0.0,7,0,0.0,2.0,3.0,13.0,A01
201800017548,0.0,7,0,0.0,2.0,1.0,1.0,B01
201800017549,0.0,33,0,8.0,0.0,1.0,1.0,A01
201800017550,2.0,7,0,6.0,0.0,1.0,1.0,A01
201800017551,0.0,7,0,0.0,0.0,8.0,15.0,A01
201800017551,0.0,2,0,0.0,2.0,2.0,1.0,B01
201800017552,0.0,33,0,0.0,2.0,1.0,1.0,A01
201800017552,0.0,7,0,0.0,0.0,4.0,1.0,B01
201800017553,1.0,2,0,0.0,2.0,1.0,13.0,A01
201800017553,2.0,7,0,0.0,2.0,2.0,1.0,B01
201800017554,2.0,7,0,8.0,0.0,1.0,13.0,A01
201800017555,2.0,7,0,0.0,2.0,2.0,2.0,A01
201800017555,2.0,2,0,0.0,2.0,4.0,2.0,B01
201800017556,0.0,7,0,0.0,2.0,7.0,19.0,A01
201800017556,0.0,7,0,0.0,2.0,1.0,1.0,B01
201800017557,2.0,7,0,0.0,2.0,3.0,13.0,A01
201800017557,1.0,7,0,0.0,0.0,3.0,1.0,B01
201800017558,1.0,33,0,0.0,2.0,1.0,21.0,B01
201800017558,2.0,7,0,0.0,2.0,1.0,9.0,A01
201800017559,2.0,2,0,0.0,0.0,2.0,1.0,A01
201800017560,1.0,7,0,2.0,0.0,9.0,0.0,A01
201800017561,1.0,33,0,0.0,0.0,3.0,0.0,A01
201800017562,2.0,33,0,0.0,2.0,1.0,1.0,B01
201800017562,1.0,7,0,0.0,2.0,1.0,15.0,A01
201800017563,2.0,7,0,0.0,0.0,4.0,15.0,B01
201800017563,2.0,7,0,0.0,2.0,1.0,1.0,A01
201800017564,2.0,33,0,0.0,0.0,0.0,1.0,A01
201800017565,1.0,7,0,0.0,0.0,1.0,1.0,A01
201800017566,1.0,7,0,2.0,0.0,1.0,1.0,A01
201800017567,2.0,7,0,0.0,2.0,8.0,1.0,B01
201800017567,1.0,1,0,0.0,2.0,1.0,1.0,A01
201800017568,1.0,7,0,2.0,0.0,3.0,1.0,A01
201800017569,1.0,33,0,10.0,0.0,1.0,1.0,A01
201800017569,1.0,33,0,10.0,0.0,1.0,1.0,B01
201800017570,1.0,10,0,0.0,2.0,1.0,1.0,A01
201800017570,2.0,10,0,0.0,2.0,1.0,13.0,B01
201800017571,1.0,33,0,7.0,9.0,7.0,16.0,A01
201800017572,1.0,7,0,13.0,0.0,1.0,1.0,A01
201800017573,1.0,7,0,0.0,2.0,3.0,13.0,B01
201800017573,2.0,33,0,0.0,2.0,1.0,1.0,A01
201800017574,0.0,7,0,0.0,1.0,3.0,1.0,A01
201800017575,1.0,7,0,0.0,1.0,2.0,1.0,A01
201800017576,1.0,2,0,0.0,2.0,2.0,19.0,B01
201800017576,2.0,7,0,0.0,2.0,3.0,1.0,A01
201800017577,1.0,7,0,0.0,2.0,1.0,13.0,A01
201800017577,2.0,7,0,0.0,2.0,8.0,1.0,B01
201800017578,2.0,33,0,0.0,2.0,1.0,17.0,B01
201800017578,2.0,3,0,0.0,2.0,3.0,15.0,A01
201800017579,1.0,7,0,0.0,0.0,2.0,1.0,A01
201800017580,1.0,7,0,2.0,0.0,1.0,14.0,A01
201800017581,2.0,7,0,0.0,0.0,0.0,1.0,A01
201800017582,1.0,7,0,2.0,0.0,9.0,17.0,A01
201800017583,1.0,7,0,2.0,0.0,9.0,14.0,A01
201800017584,1.0,7,0,2.0,0.0,2.0,1.0,A01
201800017585,1.0,2,0,0.0,0.0,0.0,21.0,A01
201800017586,1.0,7,0,0.0,2.0,3.0,1.0,B01
201800017586,2.0,7,0,0.0,2.0,9.0,1.0,A01
201800017587,2.0,7,0,2.0,0.0,3.0,1.0,A01
201800017588,1.0,7,0,6.0,0.0,1.0,13.0,A01
201800017589,0.0,7,0,0.0,1.0,2.0,15.0,A01
201800017590,2.0,7,0,0.0,2.0,1.0,13.0,B01
201800017590,1.0,7,0,0.0,0.0,3.0,1.0,A01
201800017591,2.0,7,0,13.0,0.0,2.0,1.0,A01
201800017592,1.0,2,0,0.0,2.0,3.0,1.0,A01
201800017592,2.0,7,0,0.0,2.0,3.0,1.0,B01
201800017593,1.0,7,0,7.0,0.0,0.0,2.0,A01
201800017594,1.0,10,0,0.0,2.0,2.0,1.0,B01
201800017594,2.0,7,0,0.0,2.0,5.0,13.0,A01
201800017595,2.0,7,0,0.0,2.0,3.0,1.0,B01
201800017595,1.0,1,0,13.0,2.0,3.0,1.0,A01
201800017596,2.0,1,0,12.0,2.0,4.0,2.0,B01
201800017596,2.0,7,0,0.0,9.0,2.0,2.0,A01
201800017597,1.0,7,0,2.0,0.0,2.0,1.0,A01
201800017598,2.0,7,0,5.0,0.0,1.0,13.0,A01
201800017599,2.0,10,0,13.0,0.0,1.0,5.0,A01
201800017600,1.0,7,0,13.0,0.0,2.0,2.0,A01
201800017601,1.0,7,0,0.0,2.0,3.0,11.0,A01
201800017601,2.0,7,0,0.0,2.0,3.0,1.0,B01
201800017602,2.0,7,0,6.0,0.0,2.0,1.0,A01
201800017603,0.0,7,0,0.0,2.0,1.0,9.0,A01
201800017603,0.0,1,0,0.0,2.0,2.0,1.0,B01
201800017604,1.0,21,0,0.0,0.0,6.0,15.0,B01
201800017604,1.0,33,0,0.0,2.0,1.0,17.0,A01
201800017605,2.0,7,0,1.0,0.0,1.0,14.0,A01
201800017606,1.0,33,0,0.0,2.0,1.0,2.0,B01
201800017606,1.0,7,0,0.0,0.0,5.0,2.0,A01
201800017607,2.0,7,0,0.0,2.0,1.0,1.0,B01
201800017607,1.0,7,0,0.0,2.0,8.0,19.0,A01
201800017608,1.0,33,0,2.0,0.0,1.0,0.0,A01
201800017609,1.0,1,0,0.0,2.0,4.0,1.0,B01
201800017609,1.0,7,0,0.0,9.0,1.0,1.0,A01
201800017610,0.0,7,0,0.0,2.0,6.0,1.0,A01
201800017610,0.0,32,0,0.0,2.0,1.0,1.0,B01
201800017611,2.0,7,0,0.0,2.0,1.0,1.0,B01
201800017611,1.0,10,0,0.0,2.0,1.0,13.0,A01
201800017612,0.0,7,0,0.0,1.0,0.0,20.0,A01
201800017613,0.0,7,0,0.0,1.0,3.0,1.0,A01
201800017614,0.0,7,0,0.0,9.0,1.0,1.0,A01
201800017614,0.0,1,0,0.0,2.0,1.0,5.0,B01
201800017615,1.0,7,0,0.0,2.0,1.0,1.0,B01
201800017615,,7,0,0.0,2.0,3.0,19.0,A01
201800017616,2.0,2,0,0.0,2.0,1.0,13.0,B01
201800017616,1.0,7,0,0.0,2.0,1.0,0.0,A01
201800017617,0.0,31,0,0.0,0.0,8.0,1.0,A01
201800017618,1.0,7,0,0.0,2.0,3.0,1.0,B01
201800017618,2.0,7,0,0.0,2.0,1.0,1.0,A01
201800017619,2.0,7,0,0.0,2.0,3.0,13.0,A01
201800017619,2.0,10,0,0.0,2.0,2.0,1.0,B01
201800017620,2.0,7,0,0.0,0.0,9.0,0.0,A01
201800017621,2.0,7,0,0.0,2.0,3.0,10.0,A01
201800017621,2.0,2,0,0.0,2.0,1.0,1.0,B01
201800017622,2.0,7,0,13.0,0.0,1.0,1.0,A01
201800017623,1.0,10,0,0.0,1.0,1.0,1.0,A01
201800017624,1.0,2,0,0.0,6.0,1.0,1.0,A01
201800017625,2.0,7,0,0.0,1.0,1.0,1.0,A01
201800017626,2.0,7,0,0.0,2.0,7.0,1.0,B01
201800017626,1.0,32,0,0.0,2.0,7.0,19.0,A01
201800017627,2.0,7,0,0.0,2.0,1.0,1.0,B01
201800017627,1.0,33,0,0.0,2.0,1.0,1.0,A01
201800017628,1.0,7,0,2.0,0.0,3.0,2.0,A01
201800017629,1.0,7,0,0.0,9.0,3.0,15.0,B01
201800017629,1.0,33,0,14.0,2.0,1.0,1.0,A01
201800017630,1.0,33,0,12.0,0.0,1.0,1.0,A01
201800017631,2.0,7,0,15.0,0.0,9.0,0.0,A01
201800017632,2.0,7,0,0.0,2.0,2.0,19.0,A01
201800017632,2.0,33,0,0.0,2.0,1.0,1.0,B01
201800017633,2.0,7,0,0.0,1.0,2.0,1.0,A01
201800017634,0.0,7,0,2.0,0.0,8.0,1.0,A01
201800017635,0.0,33,0,0.0,0.0,0.0,13.0,A01
201800017636,2.0,7,0,0.0,2.0,1.0,15.0,A01
201800017636,1.0,33,0,0.0,2.0,1.0,1.0,B01
201800017637,2.0,7,0,0.0,1.0,2.0,2.0,A01
201800017638,1.0,7,0,0.0,2.0,8.0,15.0,B01
201800017638,1.0,7,0,0.0,2.0,2.0,17.0,A01
201800017639,2.0,7,0,0.0,2.0,7.0,13.0,A01
201800017639,1.0,7,0,0.0,2.0,2.0,1.0,B01
201800017640,2.0,7,0,0.0,2.0,1.0,1.0,B01
201800017640,2.0,7,0,0.0,2.0,2.0,21.0,C01
201800017640,1.0,7,0,0.0,2.0,1.0,13.0,A01
201800017641,0.0,7,0,0.0,1.0,6.0,20.0,A01
201800017642,0.0,7,0,1.0,0.0,4.0,20.0,A01
201800017642,0.0,7,0,0.0,2.0,3.0,22.0,B01
201800017643,1.0,7,0,0.0,2.0,1.0,13.0,A01
201800017643,2.0,7,0,0.0,2.0,1.0,1.0,B01
201800017644,2.0,10,0,0.0,2.0,3.0,13.0,A01
201800017644,1.0,7,0,0.0,2.0,3.0,1.0,B01
201800017645,1.0,7,0,0.0,2.0,1.0,13.0,A01
201800017645,2.0,17,0,0.0,2.0,1.0,1.0,B01
201800017646,2.0,7,0,13.0,0.0,0.0,14.0,A01
201800017647,2.0,7,0,15.0,0.0,1.0,14.0,A01
201800017648,1.0,7,0,0.0,2.0,8.0,1.0,C01
201800017648,2.0,7,0,8.0,2.0,8.0,13.0,A01
201800017648,1.0,7,0,0.0,2.0,8.0,1.0,B01
201800017649,2.0,7,0,0.0,2.0,8.0,1.0,B01
201800017649,0.0,7,0,0.0,2.0,1.0,19.0,A01
201800017650,2.0,99,0,0.0,0.0,0.0,13.0,A01
201800017650,1.0,7,0,0.0,0.0,9.0,21.0,B01
201800017651,2.0,17,0,0.0,2.0,1.0,1.0,B01
201800017651,1.0,7,0,0.0,2.0,1.0,13.0,A01
201800017652,2.0,7,0,1.0,0.0,2.0,1.0,A01
201800017653,2.0,7,0,0.0,2.0,6.0,1.0,B01
201800017653,1.0,3,0,0.0,2.0,1.0,13.0,A01
201800017653,2.0,7,0,0.0,2.0,1.0,1.0,D01
201800017653,2.0,7,0,0.0,2.0,2.0,1.0,C01
201800017654,2.0,7,0,0.0,2.0,8.0,2.0,D01
201800017654,2.0,7,0,3.0,2.0,2.0,2.0,A01
201800017654,2.0,7,0,0.0,2.0,2.0,2.0,B01
201800017654,2.0,7,0,0.0,2.0,1.0,2.0,C01
201800017655,1.0,7,0,3.0,2.0,2.0,1.0,A01
201800017655,1.0,10,0,0.0,2.0,1.0,1.0,C01
201800017655,1.0,7,0,0.0,2.0,4.0,23.0,B01
201800017656,1.0,7,0,0.0,2.0,2.0,15.0,A01
201800017656,2.0,33,0,0.0,2.0,1.0,1.0,B01
201800017657,2.0,7,0,0.0,1.0,2.0,1.0,A01
201800017658,1.0,15,0,0.0,1.0,1.0,1.0,A01
201800017659,1.0,7,0,8.0,0.0,2.0,0.0,A01
201800017660,1.0,7,0,0.0,2.0,3.0,1.0,B01
201800017660,2.0,7,0,0.0,2.0,3.0,13.0,A01
201800017661,1.0,7,0,0.0,2.0,3.0,1.0,B01
201800017661,2.0,7,0,0.0,2.0,3.0,13.0,A01
201800017662,1.0,7,0,2.0,0.0,2.0,1.0,A01
201800017663,1.0,7,0,0.0,1.0,2.0,1.0,A01
201800017664,1.0,7,0,0.0,9.0,8.0,1.0,C01
201800017664,1.0,15,0,0.0,2.0,8.0,1.0,B01
201800017664,2.0,7,0,0.0,2.0,1.0,13.0,A01
201800017665,1.0,7,0,0.0,2.0,3.0,13.0,A01
201800017665,2.0,33,0,0.0,2.0,1.0,1.0,B01
201800017666,1.0,7,0,0.0,2.0,1.0,1.0,B01
201800017666,2.0,7,0,0.0,2.0,1.0,13.0,A01
201800017667,2.0,7,0,2.0,0.0,2.0,14.0,A01
201800017668,2.0,15,0,2.0,0.0,0.0,1.0,A01
201800017668,2.0,7,0,0.0,9.0,0.0,1.0,C01
201800017668,1.0,7,0,2.0,9.0,1.0,1.0,B01
201800017669,0.0,7,0,0.0,1.0,4.0,20.0,A01
201800017670,2.0,7,0,2.0,0.0,1.0,14.0,A01
201800017671,2.0,7,0,0.0,2.0,3.0,13.0,A01
201800017671,1.0,7,0,0.0,2.0,3.0,1.0,B01
201800017672,0.0,10,0,0.0,2.0,0.0,17.0,A01
201800017672,0.0,1,0,0.0,2.0,8.0,1.0,B01
201800017673,0.0,7,0,0.0,2.0,1.0,1.0,B01
201800017673,0.0,7,0,0.0,2.0,3.0,1.0,A01
201800017674,1.0,10,0,0.0,2.0,2.0,14.0,A01
201800017674,1.0,20,0,0.0,0.0,6.0,2.0,B01
201800017675,1.0,7,0,7.0,0.0,9.0,13.0,A01