Num_Acc,senc,catv,occutc,obs,obsm,choc,manv,num_veh
201800017676,0.0,7,0,0.0,0.0,3.0,13.0,A01
201800017677,1.0,2,0,13.0,0.0,1.0,1.0,A01
201800017678,1.0,7,0,13.0,0.0,0.0,1.0,A01
201800017679,0.0,7,0,0.0,1.0,1.0,1.0,A01
201800017680,2.0,37,50,0.0,2.0,3.0,1.0,B01
201800017680,0.0,7,0,0.0,2.0,2.0,19.0,A01
201800017681,1.0,7,0,13.0,0.0,1.0,1.0,A01
201800017682,2.0,7,0,0.0,1.0,3.0,13.0,A01
201800017683,1.0,7,0,0.0,2.0,1.0,13.0,A01
201800017683,2.0,7,0,0.0,2.0,1.0,1.0,B01
201800017684,1.0,7,0,3.0,0.0,9.0,1.0,A01
201800017685,2.0,7,0,0.0,1.0,2.0,9.0,A01
201800017686,1.0,7,0,0.0,2.0,1.0,1.0,B01
201800017686,2.0,7,0,0.0,2.0,2.0,15.0,A01
201800017686,0.0,7,0,0.0,2.0,1.0,23.0,C01
201800017687,0.0,21,0,0.0,0.0,9.0,1.0,A01
201800017688,1.0,7,0,0.0,2.0,3.0,13.0,A01
201800017688,2.0,7,0,0.0,2.0,3.0,1.0,B01
201800017689,2.0,7,0,0.0,2.0,3.0,19.0,A01
201800017689,0.0,7,0,0.0,2.0,2.0,1.0,B01
201800017690,2.0,33,0,16.0,0.0,9.0,14.0,A01
201800017691,2.0,17,0,2.0,2.0,7.0,1.0,A01
201800017691,1.0,7,0,2.0,2.0,8.0,1.0,B01
201800017692,2.0,7,0,2.0,0.0,1.0,14.0,A01
201800017693,1.0,2,0,8.0,0.0,0.0,1.0,A01
201800017694,2.0,7,0,0.0,0.0,0.0,1.0,A01
201800017695,1.0,7,0,2.0,0.0,3.0,1.0,A01
201800017696,1.0,7,0,0.0,2.0,1.0,15.0,A01
201800017696,2.0,7,0,0.0,2.0,1.0,1.0,B01
201800017697,1.0,7,0,0.0,2.0,1.0,1.0,B01
201800017697,1.0,7,0,0.0,2.0,8.0,19.0,A01
201800017698,1.0,7,0,0.0,1.0,2.0,1.0,A01
201800017699,1.0,10,0,2.0,0.0,3.0,13.0,A01
201800017700,1.0,7,0,6.0,0.0,3.0,1.0,A01
201800017701,1.0,7,0,16.0,0.0,0.0,1.0,A01
201800017702,1.0,7,0,0.0,2.0,7.0,1.0,B01
201800017702,0.0,7,0,0.0,2.0,1.0,15.0,A01
201800017703,0.0,2,0,0.0,0.0,9.0,1.0,A01
201800017704,2.0,7,0,0.0,2.0,1.0,15.0,A01
201800017704,1.0,33,0,12.0,2.0,3.0,1.0,B01
201800017705,1.0,99,0,0.0,2.0,8.0,1.0,D01
201800017705,1.0,7,0,0.0,2.0,8.0,1.0,B01
201800017705,2.0,33,0,0.0,2.0,8.0,1.0,A01
201800017705,1.0,7,0,0.0,2.0,8.0,1.0,C01
201800017706,1.0,7,0,0.0,2.0,1.0,1.0,A01
201800017706,1.0,7,0,0.0,2.0,4.0,1.0,C01
201800017706,1.0,7,0,0.0,2.0,4.0,1.0,B01
201800017707,2.0,33,0,0.0,2.0,1.0,17.0,A01
201800017707,2.0,7,0,0.0,2.0,6.0,15.0,B01
201800017708,1.0,7,0,13.0,0.0,7.0,1.0,A01
201800017709,2.0,7,0,0.0,2.0,3.0,13.0,A01
201800017709,1.0,7,0,5.0,2.0,8.0,1.0,B01
201800017710,2.0,7,0,10.0,0.0,1.0,1.0,A01
201800017711,2.0,33,0,0.0,2.0,1.0,17.0,A01
201800017711,1.0,7,0,0.0,0.0,5.0,15.0,B01
201800017712,1.0,7,0,2.0,0.0,1.0,13.0,A01
201800017713,1.0,7,0,0.0,2.0,1.0,1.0,A01
201800017713,2.0,7,0,0.0,2.0,8.0,9.0,B01
201800017714,2.0,7,0,0.0,2.0,3.0,13.0,A01
201800017714,1.0,10,0,0.0,2.0,3.0,1.0,B01
201800017715,1.0,7,0,0.0,2.0,3.0,13.0,A01
201800017715,2.0,7,0,0.0,2.0,1.0,1.0,B01
201800017716,1.0,7,0,2.0,0.0,1.0,1.0,A01
201800017717,1.0,10,0,0.0,2.0,2.0,1.0,C01
201800017717,2.0,10,0,0.0,2.0,3.0,16.0,A01
201800017717,2.0,7,0,0.0,2.0,7.0,21.0,B01
201800017718,2.0,7,0,14.0,2.0,1.0,1.0,A01
201800017718,2.0,15,0,10.0,0.0,4.0,15.0,B01
201800017719,1.0,7,0,0.0,2.0,1.0,1.0,B01
201800017719,2.0,7,0,0.0,2.0,1.0,13.0,A01
201800017720,1.0,7,0,2.0,0.0,7.0,14.0,A01
201800017721,2.0,36,0,0.0,0.0,0.0,0.0,A01
201800017722,2.0,7,0,0.0,2.0,1.0,1.0,B01
201800017722,1.0,7,0,0.0,2.0,1.0,13.0,A01
201800017723,1.0,7,0,0.0,1.0,7.0,1.0,A01
201800017724,2.0,21,0,0.0,2.0,3.0,13.0,A01
201800017724,1.0,7,0,0.0,2.0,3.0,1.0,B01
201800017725,1.0,7,0,8.0,0.0,1.0,0.0,A01
201800017726,2.0,7,0,0.0,2.0,3.0,1.0,B01
201800017726,1.0,7,0,0.0,2.0,3.0,13.0,A01
201800017727,1.0,7,0,0.0,1.0,2.0,1.0,A01
201800017728,2.0,7,0,13.0,0.0,9.0,1.0,A01
201800017729,1.0,7,0,13.0,0.0,1.0,1.0,A01
201800017730,2.0,33,0,7.0,0.0,1.0,16.0,A01
201800017731,1.0,7,0,4.0,0.0,9.0,13.0,A01
201800017732,0.0,7,0,2.0,0.0,3.0,14.0,A01
201800017733,1.0,10,0,13.0,0.0,1.0,19.0,A01
201800017734,2.0,7,0,0.0,2.0,1.0,1.0,A01
201800017734,1.0,7,0,0.0,2.0,1.0,11.0,B01
201800017735,1.0,7,0,2.0,0.0,1.0,1.0,A01
201800017736,2.0,33,0,0.0,2.0,1.0,17.0,A01
201800017736,2.0,7,0,0.0,2.0,3.0,15.0,B01
201800017737,1.0,7,0,0.0,0.0,2.0,15.0,A01
201800017737,2.0,2,0,0.0,0.0,1.0,1.0,B01
201800017738,2.0,2,0,0.0,0.0,1.0,17.0,B01
201800017738,2.0,7,0,0.0,2.0,8.0,15.0,A01
201800017739,2.0,7,0,0.0,2.0,5.0,15.0,A01
201800017739,2.0,2,0,0.0,2.0,1.0,1.0,B01
201800017740,1.0,7,0,16.0,0.0,9.0,1.0,A01
201800017741,2.0,33,0,2.0,0.0,1.0,1.0,A01
201800017742,2.0,33,0,0.0,0.0,7.0,1.0,A01
201800017743,0.0,1,0,0.0,2.0,1.0,1.0,A01
201800017743,0.0,7,0,0.0,2.0,8.0,1.0,B01
201800017744,1.0,1,0,0.0,2.0,4.0,2.0,B01
201800017744,1.0,7,0,0.0,2.0,2.0,1.0,A01
201800017745,2.0,33,0,13.0,0.0,8.0,14.0,A01
201800017746,1.0,1,0,0.0,0.0,4.0,1.0,C01
201800017746,1.0,1,0,0.0,0.0,4.0,1.0,D01
201800017746,1.0,1,0,0.0,0.0,4.0,1.0,B01
201800017746,1.0,7,0,0.0,9.0,5.0,1.0,A01
201800017747,0.0,7,0,15.0,0.0,7.0,1.0,A01
201800017748,1.0,7,0,3.0,0.0,3.0,1.0,A01
201800017749,1.0,7,0,2.0,0.0,8.0,1.0,A01
201800017750,0.0,7,0,2.0,0.0,2.0,1.0,A01
201800017751,2.0,7,0,0.0,2.0,1.0,0.0,B01
201800017751,1.0,7,0,0.0,2.0,7.0,0.0,A01
201800017752,2.0,7,0,0.0,1.0,8.0,1.0,A01
201800017753,2.0,7,0,2.0,0.0,1.0,1.0,A01
201800017754,0.0,7,0,0.0,2.0,3.0,1.0,B01
201800017754,0.0,7,0,0.0,2.0,1.0,1.0,C01
201800017754,0.0,7,0,0.0,2.0,1.0,13.0,A01
201800017755,1.0,7,0,0.0,2.0,2.0,10.0,A01
201800017755,2.0,33,0,1.0,2.0,1.0,1.0,B01
201800017756,1.0,34,0,0.0,2.0,1.0,17.0,B01
201800017756,1.0,7,0,0.0,0.0,3.0,15.0,A01
201800017757,2.0,7,0,0.0,2.0,1.0,13.0,A01
201800017757,1.0,7,0,0.0,2.0,1.0,1.0,B01
201800017758,1.0,7,0,2.0,0.0,1.0,0.0,A01
201800017759,1.0,7,0,0.0,2.0,1.0,17.0,B01
201800017759,1.0,2,0,0.0,0.0,6.0,15.0,A01
201800017760,2.0,7,0,0.0,2.0,3.0,17.0,A01
201800017760,1.0,7,0,0.0,2.0,3.0,1.0,B01
201800017761,1.0,7,0,0.0,2.0,8.0,15.0,A01
201800017761,1.0,7,0,0.0,2.0,1.0,1.0,B01
201800017762,1.0,7,0,0.0,2.0,3.0,15.0,A01
201800017762,1.0,7,0,0.0,2.0,2.0,1.0,B01
201800017763,0.0,7,0,0.0,1.0,3.0,15.0,A01
201800017764,1.0,7,0,6.0,0.0,1.0,0.0,A01
201800017765,0.0,7,0,0.0,1.0,2.0,20.0,A01
201800017766,0.0,7,0,0.0,1.0,7.0,1.0,B01
201800017767,0.0,7,0,0.0,1.0,2.0,19.0,A01
201800017768,1.0,7,0,8.0,0.0,2.0,1.0,A01
201800017769,0.0,7,0,0.0,9.0,3.0,16.0,A01
201800017769,0.0,1,0,0.0,2.0,1.0,1.0,B01
201800017770,1.0,10,0,0.0,9.0,8.0,9.0,A01
201800017770,1.0,1,0,0.0,2.0,1.0,0.0,B01
201800017771,1.0,7,0,0.0,9.0,2.0,15.0,A01
201800017771,1.0,1,0,0.0,2.0,1.0,1.0,B01
201800017772,0.0,7,0,0.0,1.0,3.0,1.0,A01
201800017773,1.0,7,0,0.0,1.0,1.0,1.0,A01
201800017774,0.0,7,0,0.0,1.0,1.0,1.0,A01
201800017775,1.0,99,0,0.0,0.0,7.0,12.0,B01
201800017775,1.0,7,0,0.0,2.0,1.0,0.0,A01
201800017776,1.0,7,0,0.0,2.0,3.0,13.0,A01
201800017776,2.0,7,0,0.0,2.0,3.0,1.0,B01
201800017777,0.0,7,0,13.0,0.0,0.0,1.0,A01
201800017778,0.0,10,0,0.0,2.0,1.0,5.0,A01
201800017778,1.0,10,0,0.0,0.0,1.0,1.0,B01
201800017779,1.0,33,0,0.0,2.0,1.0,1.0,A01
201800017779,1.0,7,0,0.0,2.0,4.0,1.0,B01
201800017780,0.0,7,0,0.0,1.0,8.0,15.0,A01
201800017781,0.0,35,0,0.0,2.0,3.0,13.0,A01
201800017781,0.0,7,0,0.0,2.0,3.0,1.0,B01
201800017782,1.0,7,0,7.0,0.0,0.0,1.0,A01
201800017782,2.0,99,0,0.0,0.0,0.0,13.0,B01
201800017783,1.0,7,0,0.0,9.0,1.0,5.0,A01
201800017783,2.0,1,0,0.0,2.0,1.0,1.0,B01
201800017783,1.0,7,0,0.0,0.0,4.0,1.0,C01
201800017784,2.0,1,0,0.0,2.0,1.0,1.0,A01
201800017784,1.0,21,0,0.0,2.0,5.0,15.0,B01
201800017785,1.0,7,0,0.0,2.0,6.0,16.0,A01
201800017785,1.0,7,0,0.0,2.0,1.0,1.0,B01
201800017786,1.0,7,0,0.0,2.0,1.0,1.0,A01
201800017786,2.0,7,0,0.0,2.0,1.0,0.0,B01
201800017787,2.0,7,0,13.0,2.0,1.0,13.0,A01
201800017787,1.0,7,0,13.0,2.0,1.0,1.0,B01
201800017788,1.0,7,0,0.0,2.0,1.0,1.0,C01
201800017788,1.0,7,0,0.0,2.0,8.0,1.0,D01
201800017788,2.0,7,0,0.0,2.0,4.0,1.0,B01
201800017788,2.0,7,0,0.0,2.0,1.0,1.0,A01
201800017789,2.0,7,0,2.0,0.0,1.0,1.0,A01
201800017790,1.0,33,0,0.0,2.0,1.0,1.0,A01
201800017790,2.0,7,0,0.0,9.0,7.0,15.0,B01
201800017791,0.0,2,0,0.0,2.0,3.0,1.0,A01
201800017791,0.0,7,0,0.0,2.0,1.0,1.0,B01
201800017792,0.0,7,0,0.0,2.0,1.0,9.0,A01
201800017792,0.0,2,0,0.0,2.0,1.0,1.0,B01
201800017793,1.0,7,0,6.0,0.0,1.0,14.0,A01
201800017794,0.0,7,0,0.0,2.0,4.0,16.0,A01
201800017794,0.0,2,0,0.0,2.0,1.0,1.0,B01
201800017795,1.0,2,0,0.0,2.0,1.0,1.0,A01
201800017795,0.0,7,0,0.0,2.0,3.0,15.0,B01
201800017796,1.0,7,0,0.0,2.0,3.0,1.0,A01
201800017796,2.0,7,0,0.0,2.0,3.0,15.0,B01
201800017797,2.0,10,0,0.0,2.0,3.0,1.0,A01
201800017797,2.0,10,0,0.0,2.0,8.0,1.0,B01
201800017797,1.0,10,0,0.0,2.0,2.0,13.0,C01
201800017798,2.0,7,0,0.0,2.0,6.0,13.0,A01
201800017798,1.0,14,0,0.0,2.0,1.0,1.0,B01
201800017799,1.0,7,0,0.0,1.0,2.0,1.0,A01
201800017800,0.0,2,0,0.0,1.0,0.0,1.0,A01
201800017801,2.0,7,0,2.0,0.0,1.0,1.0,A01
201800017802,0.0,1,0,0.0,1.0,1.0,1.0,B01
201800017803,1.0,7,0,0.0,2.0,6.0,1.0,C01
201800017803,1.0,7,0,0.0,2.0,3.0,1.0,B01
201800017803,2.0,7,0,0.0,2.0,3.0,17.0,A01
201800017803,2.0,7,0,0.0,2.0,8.0,1.0,D01
201800017804,2.0,7,0,0.0,2.0,1.0,1.0,B01
201800017804,1.0,33,0,0.0,2.0,1.0,13.0,A01
201800017805,2.0,2,0,0.0,2.0,8.0,15.0,B01
201800017805,2.0,7,0,0.0,2.0,7.0,17.0,A01
201800017806,1.0,7,0,0.0,2.0,2.0,1.0,B01
201800017806,2.0,2,0,9.0,2.0,1.0,13.0,A01
201800017807,2.0,33,0,0.0,2.0,1.0,2.0,A01
201800017807,2.0,7,0,0.0,2.0,4.0,2.0,B01
201800017808,0.0,7,0,0.0,2.0,8.0,1.0,B01
201800017808,0.0,34,0,0.0,2.0,8.0,13.0,A01
201800017809,1.0,7,0,6.0,0.0,3.0,14.0,A01
201800017810,0.0,7,0,0.0,1.0,4.0,4.0,A01
201800017811,2.0,2,0,0.0,2.0,1.0,1.0,B01
201800017811,2.0,7,0,0.0,2.0,3.0,1.0,A01
201800017812,2.0,7,0,0.0,1.0,1.0,1.0,A01
201800017813,1.0,7,0,0.0,1.0,2.0,1.0,A01
201800017814,1.0,7,0,8.0,0.0,6.0,1.0,A01
201800017815,2.0,7,0,0.0,2.0,2.0,15.0,B01
201800017815,2.0,7,0,0.0,2.0,1.0,1.0,A01
201800017816,1.0,7,0,8.0,0.0,7.0,1.0,A01
201800017817,1.0,99,0,6.0,0.0,1.0,0.0,A01
201800017818,1.0,33,0,0.0,2.0,1.0,1.0,B01
201800017818,2.0,7,0,0.0,0.0,7.0,15.0,A01
201800017819,2.0,7,0,0.0,2.0,2.0,1.0,A01
201800017819,1.0,7,0,0.0,2.0,1.0,13.0,B02
201800017820,1.0,17,0,1.0,0.0,5.0,1.0,B01
201800017820,1.0,7,0,0.0,0.0,8.0,24.0,A01
201800017821,2.0,7,0,2.0,0.0,3.0,0.0,A01
201800017822,1.0,7,0,6.0,0.0,1.0,1.0,A01
201800017823,1.0,7,0,13.0,0.0,3.0,1.0,A01
201800017824,2.0,7,0,13.0,6.0,3.0,21.0,A01
201800017825,1.0,7,0,0.0,1.0,1.0,14.0,A01
201800017826,1.0,7,0,2.0,0.0,1.0,0.0,A01
201800017827,1.0,7,0,13.0,0.0,0.0,1.0,A01
201800017828,0.0,7,0,0.0,1.0,3.0,5.0,A01
201800017829,1.0,7,0,6.0,0.0,1.0,1.0,A01
201800017830,2.0,7,0,13.0,0.0,1.0,21.0,A01
201800017831,1.0,7,0,0.0,0.0,5.0,1.0,A01
201800017831,1.0,7,0,13.0,2.0,1.0,1.0,B01
201800017832,2.0,21,0,0.0,2.0,6.0,15.0,B01
201800017832,2.0,33,0,0.0,2.0,1.0,17.0,A01
201800017833,2.0,7,0,13.0,0.0,7.0,1.0,A01
201800017834,2.0,2,0,13.0,0.0,0.0,1.0,A01
201800017835,2.0,7,0,2.0,0.0,7.0,13.0,A01
201800017836,1.0,7,0,2.0,0.0,3.0,1.0,A01
201800017837,2.0,31,0,7.0,0.0,1.0,1.0,A01
201800017838,1.0,7,0,13.0,2.0,1.0,13.0,A01
201800017838,2.0,15,0,0.0,2.0,2.0,1.0,B01
201800017839,1.0,7,0,0.0,2.0,3.0,1.0,B01
201800017839,2.0,7,0,0.0,2.0,3.0,13.0,A01
201800017840,1.0,7,0,0.0,2.0,1.0,1.0,B01
201800017840,1.0,7,0,0.0,2.0,1.0,1.0,A01
201800017841,2.0,7,0,0.0,0.0,0.0,1.0,A01
201800017842,1.0,33,0,6.0,2.0,2.0,17.0,A01
201800017842,1.0,7,0,0.0,2.0,8.0,15.0,B01
201800017843,1.0,1,0,0.0,2.0,4.0,10.0,B01
201800017843,1.0,7,0,9.0,2.0,3.0,2.0,A01
201800017844,2.0,1,0,0.0,2.0,7.0,1.0,B01
201800017844,0.0,13,0,0.0,9.0,1.0,9.0,A01
201800017845,2.0,30,0,0.0,2.0,1.0,1.0,A01
201800017845,2.0,7,0,0.0,2.0,4.0,4.0,B01
201800017846,1.0,7,0,0.0,2.0,7.0,1.0,B01
201800017846,1.0,10,0,0.0,2.0,1.0,19.0,A01
201800017847,2.0,30,0,0.0,2.0,1.0,17.0,A01
201800017847,1.0,7,0,0.0,2.0,3.0,1.0,B01
201800017848,1.0,7,0,6.0,0.0,3.0,1.0,A01
201800017849,1.0,7,0,15.0,0.0,0.0,1.0,A01
201800017850,1.0,7,0,13.0,0.0,3.0,1.0,A01
201800017851,2.0,7,0,0.0,2.0,1.0,13.0,A01
201800017851,1.0,7,0,0.0,2.0,1.0,1.0,B01
201800017852,1.0,7,0,2.0,0.0,1.0,1.0,A01
201800017853,1.0,7,0,7.0,0.0,1.0,0.0,A01
201800017854,2.0,7,0,0.0,1.0,3.0,1.0,A01
201800017855,2.0,7,0,16.0,6.0,1.0,21.0,A01
201800017856,2.0,33,0,13.0,0.0,1.0,1.0,A01
201800017857,2.0,1,0,0.0,2.0,1.0,0.0,B01
201800017857,1.0,7,0,0.0,2.0,1.0,16.0,A01
201800017858,2.0,10,0,0.0,2.0,3.0,13.0,A01
201800017858,1.0,7,0,0.0,2.0,2.0,1.0,B01
201800017859,0.0,7,0,0.0,1.0,3.0,1.0,A01
201800017860,1.0,7,0,0.0,2.0,3.0,15.0,A01
201800017860,2.0,33,0,0.0,2.0,8.0,1.0,B01
201800017861,2.0,33,0,0.0,2.0,8.0,1.0,B01
201800017861,1.0,7,0,9.0,2.0,3.0,1.0,A01
201800017862,0.0,7,0,4.0,0.0,1.0,20.0,A01
201800017863,2.0,7,0,0.0,1.0,2.0,0.0,A01
201800017864,0.0,7,0,2.0,0.0,2.0,1.0,A01
201800017865,2.0,33,0,7.0,0.0,8.0,1.0,A01
201800017866,1.0,7,0,8.0,0.0,2.0,13.0,A01
201800017867,2.0,7,0,0.0,2.0,1.0,1.0,B01
201800017867,2.0,30,0,0.0,2.0,8.0,9.0,A01
201800017868,2.0,1,0,0.0,2.0,8.0,0.0,C01
201800017868,2.0,10,0,0.0,2.0,1.0,2.0,B01
201800017868,2.0,7,0,0.0,2.0,4.0,1.0,A01
201800017869,1.0,7,0,0.0,2.0,1.0,1.0,A01
201800017869,1.0,1,0,0.0,2.0,8.0,19.0,B01
201800017870,1.0,7,0,0.0,2.0,1.0,1.0,B01
201800017870,2.0,7,0,0.0,2.0,1.0,13.0,A01
201800017871,2.0,10,0,0.0,2.0,8.0,1.0,B01
201800017871,1.0,30,0,0.0,2.0,1.0,13.0,A01
201800017872,2.0,7,0,0.0,0.0,3.0,10.0,A01
201800017872,2.0,33,0,0.0,2.0,1.0,1.0,B01
201800017873,2.0,7,0,0.0,2.0,1.0,1.0,B01
201800017873,1.0,2,0,0.0,2.0,1.0,15.0,A01
201800017874,2.0,7,0,0.0,2.0,3.0,15.0,B01
201800017874,1.0,7,0,0.0,2.0,3.0,9.0,A01
201800017875,2.0,37,50,0.0,2.0,2.0,1.0,B01
201800017875,1.0,7,0,0.0,2.0,3.0,1.0,A01
201800017876,1.0,7,0,6.0,2.0,1.0,1.0,A01
201800017876,2.0,10,0,0.0,2.0,7.0,1.0,B01
201800017877,1.0,7,0,0.0,2.0,3.0,13.0,A01
201800017877,2.0,7,0,0.0,2.0,3.0,1.0,B01
201800017878,0.0,10,0,13.0,0.0,2.0,2.0,A01
201800017879,1.0,7,0,0.0,2.0,1.0,1.0,B01
201800017879,2.0,7,0,0.0,2.0,1.0,13.0,A01
201800017880,2.0,7,0,6.0,2.0,2.0,17.0,A01
201800017880,2.0,21,0,0.0,2.0,8.0,15.0,B01
201800017881,1.0,3,0,0.0,1.0,2.0,1.0,A01
201800017882,1.0,7,0,0.0,1.0,2.0,1.0,A01
201800017883,2.0,7,0,0.0,2.0,2.0,1.0,A01
201800017883,2.0,7,0,0.0,2.0,1.0,15.0,B01
201800017884,2.0,7,0,0.0,2.0,1.0,15.0,A01
201800017884,1.0,7,0,0.0,2.0,3.0,1.0,B01
201800017885,2.0,7,0,0.0,2.0,1.0,1.0,B01
201800017885,2.0,7,0,0.0,2.0,8.0,15.0,A01
201800017886,1.0,33,0,16.0,0.0,0.0,17.0,A01
201800017886,1.0,10,0,0.0,0.0,0.0,17.0,B01
201800017887,2.0,7,0,0.0,2.0,1.0,1.0,B01
201800017887,1.0,7,0,0.0,2.0,7.0,13.0,A01
201800017888,1.0,7,0,0.0,2.0,7.0,15.0,A01
201800017888,2.0,33,0,0.0,2.0,1.0,0.0,B01
201800017889,1.0,1,0,0.0,2.0,1.0,13.0,B01
201800017889,2.0,7,0,0.0,2.0,3.0,1.0,A01
201800017890,2.0,31,0,0.0,2.0,1.0,1.0,B01
201800017890,2.0,7,0,0.0,2.0,3.0,15.0,A01
201800017891,2.0,33,0,0.0,0.0,0.0,1.0,A01
201800017891,1.0,7,0,0.0,2.0,3.0,1.0,B01
201800017892,2.0,1,0,0.0,1.0,1.0,1.0,A01
201800017893,2.0,7,0,0.0,2.0,5.0,9.0,B01
201800017893,2.0,7,0,0.0,2.0,2.0,1.0,A01
201800017894,1.0,7,0,0.0,0.0,9.0,0.0,A01
201800017895,1.0,7,0,0.0,2.0,3.0,16.0,A01
201800017895,1.0,2,0,0.0,2.0,1.0,1.0,B01
201800017896,1.0,7,0,0.0,2.0,3.0,1.0,B01
201800017896,2.0,7,0,0.0,2.0,3.0,1.0,A01
201800017897,1.0,10,0,0.0,2.0,1.0,1.0,A01
201800017897,1.0,1,0,0.0,2.0,5.0,1.0,B01
201800017898,,2,0,0.0,2.0,8.0,19.0,A01
201800017898,1.0,7,0,0.0,9.0,2.0,1.0,B01
201800017899,1.0,7,0,0.0,1.0,1.0,1.0,A01
201800017900,0.0,7,0,13.0,0.0,1.0,1.0,A01
201800017901,1.0,33,0,0.0,2.0,0.0,0.0,A01
201800017901,2.0,7,0,0.0,2.0,3.0,0.0,B01
201800017902,2.0,1,0,16.0,0.0,0.0,1.0,A01
201800017903,1.0,33,0,4.0,0.0,2.0,1.0,A01
201800017904,1.0,7,0,0.0,2.0,4.0,1.0,B01
201800017904,1.0,33,0,0.0,2.0,1.0,1.0,A01
201800017905,2.0,7,0,13.0,0.0,2.0,1.0,A01
201800017906,2.0,1,0,0.0,0.0,0.0,1.0,A01
201800017907,0.0,7,0,6.0,0.0,1.0,1.0,A01
201800017908,2.0,7,0,13.0,0.0,9.0,1.0,A01
201800017909,2.0,7,0,0.0,2.0,3.0,1.0,A01
201800017909,1.0,7,0,0.0,2.0,3.0,1.0,B01
201800017910,0.0,7,0,0.0,2.0,1.0,0.0,A01
201800017910,0.0,7,0,0.0,2.0,7.0,1.0,B01
201800017911,2.0,34,0,1.0,2.0,3.0,1.0,B01
201800017911,0.0,7,0,0.0,2.0,3.0,23.0,C01
201800017911,1.0,7,0,0.0,2.0,2.0,19.0,A01
201800017912,2.0,10,0,6.0,0.0,3.0,1.0,A01
201800017913,1.0,33,0,0.0,2.0,1.0,1.0,B01
201800017913,2.0,7,0,0.0,2.0,3.0,15.0,A01
201800017914,2.0,33,0,0.0,2.0,3.0,1.0,B01
201800017914,2.0,7,0,0.0,2.0,2.0,19.0,A01
201800017915,0.0,7,0,0.0,2.0,1.0,1.0,B01
201800017915,0.0,10,0,0.0,2.0,1.0,13.0,A01
201800017916,1.0,10,0,0.0,2.0,1.0,1.0,B01
201800017916,2.0,7,0,0.0,2.0,7.0,17.0,A01
201800017917,1.0,7,0,0.0,1.0,2.0,1.0,A01
201800017918,2.0,7,0,3.0,0.0,1.0,2.0,A01
201800017919,1.0,33,0,3.0,2.0,6.0,12.0,A01
201800017919,1.0,7,0,0.0,2.0,2.0,1.0,B01
201800017920,2.0,2,0,0.0,0.0,1.0,1.0,A01
201800017921,1.0,7,0,2.0,0.0,7.0,1.0,A01
201800017922,0.0,7,0,0.0,1.0,1.0,1.0,A01
201800017923,1.0,7,0,2.0,0.0,7.0,1.0,A01
201800017924,1.0,7,0,0.0,2.0,3.0,17.0,A01
201800017924,1.0,7,0,8.0,0.0,8.0,15.0,B01
201800017925,1.0,7,0,6.0,0.0,2.0,1.0,A01
201800017926,2.0,31,0,0.0,0.0,0.0,0.0,A01
201800017927,0.0,31,0,0.0,0.0,0.0,1.0,A01
201800017928,1.0,7,0,0.0,2.0,1.0,19.0,A01
201800017928,1.0,7,0,0.0,2.0,7.0,1.0,B01
201800017928,2.0,7,0,0.0,2.0,3.0,1.0,C01
201800017929,1.0,33,0,13.0,0.0,1.0,1.0,A01
201800017930,1.0,14,0,2.0,0.0,0.0,1.0,A01
201800017931,1.0,33,0,8.0,0.0,0.0,1.0,A01
201800017931,2.0,7,0,0.0,0.0,0.0,17.0,B01
201800017932,1.0,7,0,13.0,0.0,1.0,1.0,A01
201800017933,1.0,7,0,0.0,2.0,1.0,5.0,B01
201800017933,2.0,7,0,0.0,2.0,1.0,1.0,A01
201800017934,1.0,7,0,0.0,2.0,1.0,2.0,A01
201800017934,1.0,7,0,0.0,2.0,4.0,15.0,B01
201800017935,2.0,33,0,0.0,0.0,8.0,1.0,A01
201800017936,1.0,7,0,8.0,2.0,3.0,0.0,A01
201800017936,1.0,10,0,0.0,2.0,1.0,1.0,B01
201800017937,1.0,33,0,0.0,0.0,7.0,1.0,A01
201800017938,1.0,7,0,0.0,2.0,3.0,17.0,A01
201800017938,2.0,7,0,0.0,2.0,3.0,1.0,B01
201800017939,1.0,7,0,0.0,2.0,3.0,1.0,B01
201800017939,2.0,7,0,0.0,2.0,3.0,13.0,A01
201800017940,2.0,15,0,0.0,2.0,5.0,17.0,A01
201800017940,2.0,1,0,0.0,2.0,3.0,1.0,B01
201800017941,1.0,7,0,0.0,2.0,8.0,19.0,A01
201800017941,1.0,13,0,0.0,2.0,1.0,1.0,B01
201800017942,0.0,7,0,13.0,0.0,1.0,15.0,A01
201800017943,2.0,7,0,2.0,0.0,2.0,2.0,A01
201800017944,1.0,7,0,2.0,0.0,2.0,1.0,A01
201800017945,1.0,7,0,6.0,0.0,1.0,1.0,A01
201800017946,1.0,32,0,14.0,0.0,1.0,0.0,A01
201800017947,0.0,7,0,13.0,0.0,1.0,1.0,A01
201800017948,1.0,7,0,0.0,2.0,3.0,5.0,A01
201800017948,2.0,7,0,0.0,2.0,3.0,1.0,B01
201800017949,1.0,7,0,2.0,0.0,1.0,1.0,A01
201800017950,1.0,7,0,2.0,0.0,2.0,5.0,A01
201800017951,1.0,7,0,2.0,0.0,1.0,1.0,A01
201800017952,0.0,7,0,0.0,2.0,5.0,17.0,A01
201800017952,0.0,31,0,0.0,2.0,1.0,1.0,B01
201800017953,1.0,7,0,2.0,0.0,1.0,14.0,A01
201800017954,2.0,7,0,0.0,1.0,3.0,1.0,A01