Num_Acc,senc,catv,occutc,obs,obsm,choc,manv,num_veh
201800017954,2.0,7,0,0.0,1.0,3.0,1.0,B01
201800017955,0.0,7,0,0.0,2.0,3.0,1.0,A01
201800017955,0.0,14,0,8.0,2.0,3.0,1.0,B01
201800017956,1.0,7,0,10.0,0.0,2.0,1.0,A01
201800017957,2.0,7,0,0.0,2.0,8.0,15.0,A01
201800017957,2.0,33,0,13.0,2.0,7.0,17.0,B01
201800017958,2.0,7,0,2.0,0.0,1.0,1.0,A01
201800017959,1.0,7,0,13.0,0.0,2.0,1.0,A01
201800017960,1.0,7,0,0.0,2.0,1.0,2.0,A01
201800017960,1.0,32,0,0.0,0.0,4.0,1.0,B01
201800017961,1.0,7,0,0.0,2.0,1.0,1.0,B01
201800017961,0.0,7,0,0.0,2.0,8.0,19.0,A01
201800017962,2.0,33,0,0.0,2.0,1.0,1.0,A01
201800017962,2.0,7,0,0.0,0.0,6.0,1.0,B01
201800017963,1.0,7,0,2.0,0.0,1.0,1.0,A01
201800017964,1.0,7,0,8.0,0.0,3.0,17.0,A01
201800017965,1.0,7,0,2.0,0.0,9.0,1.0,A01
201800017966,1.0,7,0,0.0,2.0,1.0,1.0,A01
201800017966,0.0,7,0,0.0,2.0,6.0,9.0,B01
201800017967,1.0,7,0,8.0,0.0,1.0,1.0,A01
201800017968,1.0,2,0,3.0,0.0,1.0,0.0,A01
201800017969,2.0,7,0,8.0,0.0,1.0,1.0,A01
201800017970,0.0,7,0,0.0,9.0,2.0,2.0,A01
201800017970,0.0,1,0,0.0,2.0,4.0,2.0,B01
201800017971,2.0,1,0,0.0,0.0,3.0,1.0,A01
201800017972,1.0,10,0,0.0,2.0,1.0,1.0,B01
201800017972,0.0,7,0,0.0,2.0,2.0,19.0,A01
201800017973,2.0,7,0,0.0,2.0,2.0,2.0,A01
201800017973,2.0,21,0,0.0,0.0,6.0,2.0,B01
201800017974,2.0,7,0,2.0,0.0,2.0,1.0,A01
201800017975,2.0,7,0,2.0,0.0,1.0,1.0,A01
201800017976,1.0,7,0,0.0,2.0,1.0,13.0,A01
201800017976,2.0,14,0,0.0,2.0,1.0,14.0,B01
201800017977,1.0,7,0,2.0,0.0,1.0,19.0,A01
201800017978,2.0,7,0,2.0,0.0,7.0,1.0,A01
201800017979,1.0,7,0,2.0,0.0,3.0,1.0,A01
201800017980,1.0,7,0,2.0,0.0,7.0,1.0,A01
201800017981,1.0,7,0,0.0,2.0,1.0,13.0,A01
201800017981,2.0,7,0,0.0,2.0,1.0,1.0,B01
201800017982,1.0,7,0,0.0,2.0,3.0,17.0,A01
201800017982,2.0,7,0,8.0,2.0,3.0,1.0,B01
201800017983,2.0,7,0,7.0,0.0,1.0,1.0,A01
201800017984,1.0,7,0,0.0,2.0,1.0,1.0,B01
201800017984,2.0,7,0,0.0,2.0,8.0,13.0,A01
201800017985,2.0,7,0,15.0,0.0,1.0,1.0,A01
201800017986,2.0,33,0,7.0,0.0,1.0,1.0,A01
201800017987,2.0,7,0,0.0,1.0,7.0,1.0,A01
201800017988,2.0,10,0,0.0,2.0,6.0,1.0,B01
201800017988,2.0,2,0,0.0,2.0,1.0,1.0,A01
201800017989,2.0,7,0,0.0,0.0,3.0,1.0,A01
201800017990,2.0,33,0,0.0,2.0,7.0,1.0,A01
201800017990,2.0,33,0,0.0,2.0,8.0,2.0,B01
201800017991,1.0,10,0,0.0,1.0,2.0,1.0,A01
201800017992,2.0,10,0,0.0,2.0,3.0,3.0,A01
201800017992,1.0,7,0,0.0,2.0,3.0,1.0,B01
201800017993,1.0,33,0,15.0,0.0,1.0,14.0,A01
201800017994,1.0,33,0,13.0,0.0,2.0,1.0,A01
201800017995,2.0,7,0,2.0,0.0,1.0,1.0,A01
201800017996,1.0,7,0,0.0,2.0,8.0,19.0,B01
201800017996,2.0,7,0,0.0,2.0,1.0,21.0,A01
201800017997,2.0,7,0,13.0,0.0,1.0,1.0,A01
201800017998,2.0,7,0,8.0,0.0,1.0,1.0,A01
201800017999,1.0,7,0,2.0,0.0,1.0,14.0,A01
201800018000,1.0,7,0,2.0,0.0,1.0,1.0,A01
201800018001,0.0,10,0,13.0,0.0,1.0,1.0,A01
201800018002,2.0,33,0,2.0,0.0,8.0,1.0,A01
201800018003,1.0,30,0,0.0,2.0,1.0,1.0,B01
201800018003,1.0,7,0,0.0,2.0,8.0,15.0,A01
201800018004,1.0,1,0,0.0,2.0,4.0,1.0,B01
201800018004,1.0,7,0,0.0,2.0,2.0,1.0,A01
201800018005,1.0,7,0,0.0,2.0,3.0,0.0,A01
201800018005,2.0,7,0,0.0,2.0,3.0,0.0,B01
201800018006,2.0,7,0,0.0,2.0,8.0,15.0,A01
201800018006,2.0,33,0,0.0,2.0,1.0,17.0,B01
201800018007,1.0,7,0,13.0,0.0,8.0,1.0,A01
201800018008,2.0,14,0,0.0,2.0,1.0,1.0,A01
201800018008,2.0,33,0,0.0,2.0,4.0,23.0,B01
201800018009,0.0,7,0,0.0,1.0,1.0,20.0,A01
201800018010,2.0,7,0,2.0,0.0,3.0,11.0,A01
201800018011,1.0,7,0,0.0,2.0,7.0,15.0,A01
201800018011,2.0,33,0,0.0,2.0,1.0,1.0,B01
201800018012,1.0,7,0,0.0,2.0,3.0,15.0,A01
201800018012,2.0,7,0,0.0,2.0,3.0,1.0,B01
201800018013,2.0,7,0,1.0,1.0,1.0,1.0,A01
201800018014,0.0,7,0,1.0,0.0,1.0,13.0,A01
201800018015,0.0,7,0,0.0,9.0,3.0,1.0,A01
201800018015,0.0,1,0,0.0,2.0,3.0,1.0,B01
201800018016,2.0,7,0,0.0,2.0,1.0,1.0,A01
201800018016,2.0,21,0,0.0,2.0,1.0,13.0,B01
201800018016,1.0,10,0,0.0,2.0,3.0,1.0,C01
201800018017,2.0,7,0,0.0,2.0,3.0,13.0,A01
201800018017,1.0,7,0,0.0,2.0,3.0,1.0,B01
201800018017,0.0,7,0,0.0,0.0,0.0,0.0,C01
201800018018,0.0,7,0,0.0,2.0,6.0,15.0,A01
201800018018,2.0,10,0,0.0,2.0,3.0,21.0,B01
201800018019,2.0,7,0,0.0,2.0,1.0,19.0,A01
201800018019,1.0,7,0,0.0,2.0,2.0,1.0,B01
201800018020,0.0,34,0,13.0,2.0,4.0,1.0,A01
201800018020,0.0,21,0,0.0,2.0,3.0,1.0,B01
201800018021,2.0,7,0,0.0,0.0,1.0,1.0,A01
201800018022,1.0,7,0,0.0,2.0,3.0,1.0,B01
201800018022,0.0,2,0,0.0,2.0,1.0,1.0,A01
201800018023,1.0,7,0,7.0,2.0,1.0,1.0,B01
201800018023,1.0,7,0,0.0,2.0,1.0,15.0,A01
201800018024,0.0,7,0,0.0,2.0,3.0,1.0,B01
201800018024,0.0,7,0,0.0,2.0,3.0,13.0,A01
201800018025,2.0,33,0,0.0,0.0,0.0,1.0,A01
201800018026,1.0,7,0,2.0,0.0,7.0,1.0,A01
201800018027,1.0,33,0,0.0,0.0,0.0,1.0,A01
201800018028,1.0,7,0,0.0,0.0,1.0,1.0,B01
201800018028,1.0,7,0,0.0,0.0,1.0,15.0,A01
201800018029,0.0,7,0,0.0,2.0,3.0,13.0,A01
201800018029,0.0,10,0,0.0,2.0,8.0,1.0,B01
201800018030,1.0,2,0,0.0,9.0,1.0,0.0,A01
201800018031,0.0,7,0,0.0,0.0,8.0,5.0,B01
201800018031,0.0,7,0,0.0,0.0,2.0,1.0,A01
201800018032,1.0,10,0,12.0,0.0,1.0,14.0,A01
201800018032,2.0,7,0,12.0,0.0,8.0,1.0,B01
201800018033,2.0,7,0,0.0,2.0,3.0,1.0,A01
201800018033,1.0,7,0,0.0,2.0,3.0,1.0,B01
201800018034,1.0,7,0,2.0,0.0,7.0,0.0,A01
201800018035,1.0,7,0,0.0,2.0,2.0,11.0,A01
201800018035,1.0,7,0,0.0,0.0,6.0,1.0,B01
201800018035,2.0,33,0,0.0,2.0,1.0,1.0,C01
201800018035,2.0,33,0,0.0,2.0,1.0,1.0,D01
201800018036,2.0,2,0,12.0,0.0,1.0,1.0,A01
201800018037,2.0,7,0,2.0,0.0,1.0,1.0,A01
201800018038,1.0,10,0,0.0,2.0,2.0,1.0,A01
201800018038,2.0,7,0,0.0,2.0,3.0,9.0,B01
201800018039,1.0,7,0,0.0,2.0,8.0,19.0,A01
201800018039,1.0,7,0,0.0,2.0,1.0,1.0,B01
201800018040,1.0,7,0,13.0,0.0,2.0,1.0,A01
201800018041,1.0,7,0,0.0,1.0,3.0,1.0,A01
201800018042,1.0,33,0,13.0,0.0,7.0,1.0,A01
201800018043,2.0,7,0,0.0,0.0,1.0,0.0,A01
201800018043,1.0,7,0,0.0,0.0,1.0,1.0,B01
201800018044,2.0,7,0,8.0,0.0,9.0,15.0,A01
201800018044,1.0,7,0,0.0,2.0,1.0,1.0,B01
201800018045,2.0,33,0,0.0,2.0,1.0,17.0,A01
201800018045,2.0,7,0,0.0,2.0,3.0,15.0,B01
201800018046,1.0,7,0,0.0,2.0,1.0,5.0,A01
201800018046,2.0,10,0,6.0,0.0,1.0,1.0,B01
201800018047,2.0,7,0,0.0,2.0,1.0,5.0,A01
201800018047,1.0,7,0,0.0,2.0,1.0,1.0,B01
201800018048,1.0,7,0,0.0,2.0,3.0,17.0,A01
201800018048,2.0,7,0,0.0,2.0,3.0,1.0,B01
201800018048,2.0,7,0,0.0,2.0,8.0,1.0,C01
201800018049,1.0,7,0,0.0,2.0,1.0,1.0,A01
201800018049,1.0,7,0,0.0,2.0,1.0,1.0,B01
201800018049,1.0,7,0,0.0,0.0,4.0,1.0,C01
201800018050,2.0,7,0,0.0,2.0,8.0,19.0,A01
201800018050,2.0,33,0,0.0,2.0,1.0,1.0,B01
201800018051,1.0,7,0,0.0,2.0,3.0,1.0,A01
201800018051,2.0,7,0,0.0,2.0,3.0,1.0,B01
201800018052,1.0,33,0,0.0,0.0,7.0,2.0,A01
201800018053,1.0,7,0,7.0,0.0,2.0,1.0,A01
201800018054,1.0,7,0,0.0,2.0,2.0,2.0,A01
201800018054,1.0,3,0,0.0,2.0,4.0,1.0,B01
201800018055,1.0,7,0,0.0,2.0,1.0,1.0,A01
201800018055,2.0,7,0,0.0,2.0,1.0,1.0,B01
201800018056,1.0,7,0,6.0,0.0,1.0,14.0,A01
201800018057,1.0,7,0,0.0,2.0,1.0,1.0,A01
201800018057,2.0,10,0,0.0,0.0,7.0,1.0,B01
201800018058,2.0,7,0,1.0,0.0,2.0,14.0,A01
201800018058,1.0,7,0,0.0,0.0,2.0,24.0,B01
201800018059,2.0,33,0,13.0,0.0,1.0,1.0,A01
201800018060,2.0,7,0,0.0,2.0,2.0,17.0,A01
201800018060,2.0,7,0,0.0,2.0,8.0,1.0,B01
201800018061,0.0,7,0,0.0,2.0,8.0,19.0,A01
201800018061,1.0,17,0,0.0,2.0,1.0,1.0,B01
201800018062,2.0,7,0,0.0,1.0,1.0,1.0,A01
201800018063,1.0,33,0,8.0,0.0,1.0,1.0,A01
201800018064,1.0,33,0,0.0,6.0,1.0,0.0,A01
201800018065,1.0,33,0,0.0,0.0,7.0,1.0,A01
201800018066,0.0,2,0,12.0,0.0,7.0,0.0,A01
201800018067,2.0,7,0,0.0,2.0,8.0,19.0,A01
201800018067,1.0,7,0,0.0,2.0,1.0,1.0,B01
201800018068,0.0,7,0,0.0,2.0,1.0,13.0,A01
201800018068,0.0,7,0,0.0,2.0,8.0,1.0,B01
201800018068,0.0,7,0,0.0,2.0,3.0,1.0,C01
201800018069,2.0,7,0,0.0,2.0,3.0,19.0,A01
201800018069,1.0,7,0,0.0,2.0,1.0,1.0,B01
201800018070,1.0,7,0,2.0,0.0,3.0,14.0,A01
201800018071,1.0,7,0,0.0,2.0,1.0,13.0,A01
201800018071,2.0,7,0,0.0,2.0,3.0,1.0,B01
201800018071,2.0,7,0,0.0,2.0,1.0,1.0,C01
201800018071,2.0,7,0,0.0,2.0,6.0,1.0,D01
201800018072,1.0,33,0,0.0,2.0,1.0,1.0,B01
201800018072,1.0,7,0,14.0,9.0,4.0,19.0,A01
201800018073,2.0,7,0,2.0,0.0,1.0,1.0,A01
201800018074,0.0,7,0,2.0,0.0,1.0,1.0,A01
201800018075,2.0,7,0,0.0,2.0,8.0,15.0,A01
201800018075,2.0,30,0,0.0,2.0,1.0,17.0,B01
201800018076,0.0,21,0,8.0,0.0,1.0,1.0,A01
201800018077,1.0,7,0,0.0,2.0,8.0,1.0,B01
201800018077,1.0,10,0,0.0,2.0,1.0,19.0,A01
201800018078,0.0,7,0,0.0,1.0,2.0,1.0,A01
201800018079,0.0,2,0,0.0,2.0,2.0,17.0,A01
201800018079,0.0,7,0,0.0,2.0,8.0,15.0,B01
201800018080,1.0,7,0,0.0,1.0,2.0,2.0,A01
201800018081,0.0,7,0,2.0,0.0,1.0,1.0,A01
201800018082,1.0,7,0,1.0,2.0,6.0,1.0,A01
201800018082,0.0,2,0,0.0,2.0,1.0,19.0,B01
201800018083,1.0,7,0,0.0,2.0,2.0,19.0,A01
201800018083,2.0,33,0,0.0,2.0,1.0,1.0,B01
201800018084,1.0,7,0,0.0,2.0,2.0,15.0,A01
201800018084,2.0,2,0,0.0,2.0,1.0,1.0,B01
201800018085,0.0,7,0,0.0,1.0,6.0,4.0,A01
201800018086,1.0,7,0,1.0,0.0,1.0,0.0,A01
201800018087,0.0,7,0,0.0,2.0,1.0,1.0,B01
201800018087,0.0,7,0,0.0,2.0,7.0,9.0,A01
201800018088,2.0,7,0,13.0,0.0,1.0,1.0,A01
201800018089,1.0,7,0,0.0,2.0,3.0,1.0,A01
201800018089,2.0,7,0,0.0,2.0,3.0,1.0,B01
201800018090,1.0,7,0,0.0,2.0,3.0,13.0,A01
201800018090,1.0,7,0,0.0,2.0,8.0,1.0,B01
201800018091,1.0,7,0,14.0,0.0,1.0,1.0,A01
201800018091,1.0,7,0,14.0,0.0,1.0,1.0,B01
201800018092,2.0,7,0,0.0,0.0,0.0,1.0,A01
201800018093,0.0,10,0,0.0,2.0,3.0,1.0,A01
201800018093,0.0,7,0,0.0,0.0,3.0,23.0,B01
201800018094,2.0,7,0,8.0,0.0,8.0,1.0,A01
201800018095,1.0,7,0,0.0,2.0,3.0,13.0,B01
201800018095,2.0,7,0,0.0,2.0,3.0,14.0,A01
201800018096,1.0,17,0,15.0,0.0,2.0,1.0,A01
201800018097,1.0,7,0,0.0,2.0,1.0,13.0,A01
201800018097,2.0,7,0,0.0,2.0,1.0,1.0,B01
201800018098,1.0,7,0,0.0,9.0,2.0,15.0,A01
201800018098,2.0,1,0,0.0,2.0,1.0,1.0,B01
201800018099,1.0,7,0,2.0,0.0,3.0,0.0,A01
201800018100,0.0,33,0,16.0,0.0,8.0,1.0,A01
201800018101,1.0,7,0,0.0,2.0,1.0,15.0,A01
201800018101,1.0,33,0,0.0,2.0,8.0,1.0,B01
201800018102,1.0,7,0,0.0,0.0,6.0,1.0,B01
201800018102,1.0,7,0,0.0,2.0,1.0,19.0,A01
201800018103,0.0,7,0,2.0,0.0,8.0,1.0,A01
201800018104,0.0,7,0,0.0,1.0,3.0,1.0,A01
201800018105,0.0,7,0,0.0,1.0,2.0,1.0,A01
201800018106,1.0,7,0,0.0,2.0,1.0,2.0,A01
201800018106,1.0,7,0,0.0,2.0,4.0,23.0,B01
201800018106,2.0,10,0,0.0,2.0,1.0,1.0,C01
201800018107,1.0,36,0,9.0,0.0,1.0,1.0,A01
201800018108,0.0,7,0,0.0,0.0,8.0,9.0,A01
201800018108,0.0,33,0,0.0,2.0,1.0,1.0,B01
201800018109,2.0,31,0,0.0,2.0,1.0,1.0,A01
201800018109,2.0,7,0,1.0,0.0,8.0,20.0,B01
201800018110,2.0,7,0,0.0,1.0,7.0,1.0,A01
201800018111,1.0,33,0,0.0,2.0,6.0,1.0,B02
201800018111,2.0,10,0,0.0,2.0,8.0,5.0,A01
201800018112,1.0,7,0,0.0,0.0,0.0,1.0,A01
201800018113,2.0,7,0,2.0,0.0,8.0,1.0,A01
201800018114,0.0,7,0,0.0,1.0,1.0,1.0,A01
201800018115,2.0,10,0,0.0,2.0,7.0,13.0,A01
201800018115,1.0,7,0,0.0,2.0,2.0,21.0,B01
201800018116,1.0,7,0,0.0,2.0,3.0,13.0,A01
201800018116,2.0,7,0,0.0,2.0,3.0,1.0,B01
201800018117,0.0,36,0,0.0,2.0,3.0,19.0,A01
201800018117,2.0,7,0,0.0,2.0,2.0,1.0,B01
201800018118,1.0,7,0,0.0,5.0,1.0,1.0,A01
201800018118,1.0,7,0,0.0,5.0,2.0,1.0,B01
201800018119,1.0,33,0,0.0,0.0,7.0,1.0,A01
201800018120,0.0,7,0,15.0,0.0,2.0,13.0,A01
201800018121,0.0,33,0,0.0,2.0,8.0,1.0,A01
201800018121,0.0,10,0,0.0,9.0,2.0,1.0,B01
201800018122,1.0,33,0,0.0,0.0,0.0,1.0,A01
201800018123,1.0,7,0,0.0,2.0,6.0,15.0,A01
201800018123,0.0,2,0,0.0,2.0,1.0,1.0,B01
201800018124,1.0,7,0,2.0,0.0,6.0,1.0,A01
201800018125,0.0,7,0,1.0,0.0,1.0,1.0,A01
201800018126,1.0,7,0,0.0,0.0,0.0,2.0,A01
201800018127,1.0,7,0,3.0,0.0,1.0,15.0,A01
201800018128,2.0,10,0,0.0,2.0,2.0,1.0,A01
201800018128,1.0,1,0,0.0,2.0,1.0,19.0,B01
201800018129,0.0,30,0,0.0,0.0,0.0,2.0,A01
201800018130,1.0,7,0,0.0,2.0,3.0,13.0,A01
201800018130,2.0,7,0,0.0,2.0,3.0,1.0,B01
201800018131,2.0,13,0,0.0,2.0,1.0,2.0,B01
201800018131,0.0,7,0,0.0,2.0,4.0,16.0,A01
201800018132,0.0,30,0,0.0,2.0,1.0,9.0,A01
201800018132,0.0,10,0,0.0,2.0,5.0,2.0,B01
201800018133,1.0,7,0,0.0,2.0,3.0,1.0,A01
201800018133,2.0,7,0,0.0,2.0,3.0,1.0,B01
201800018133,2.0,7,0,0.0,2.0,1.0,1.0,C01
201800018134,2.0,7,0,15.0,0.0,0.0,1.0,A01
201800018135,1.0,7,0,2.0,0.0,0.0,2.0,A01
201800018136,1.0,7,0,0.0,2.0,3.0,1.0,A01
201800018136,2.0,7,0,0.0,2.0,3.0,1.0,B01
201800018137,1.0,15,0,0.0,2.0,3.0,1.0,B01
201800018137,2.0,7,0,0.0,2.0,2.0,19.0,A01
201800018138,2.0,2,0,0.0,2.0,2.0,19.0,A01
201800018138,1.0,7,0,0.0,0.0,3.0,0.0,B01
201800018139,1.0,7,0,0.0,2.0,1.0,1.0,B01
201800018139,0.0,7,0,0.0,2.0,7.0,15.0,A01
201800018140,1.0,7,0,0.0,0.0,2.0,1.0,A01
201800018141,2.0,7,0,0.0,2.0,2.0,9.0,A01
201800018141,2.0,3,0,0.0,2.0,3.0,1.0,B01
201800018142,1.0,36,0,6.0,0.0,1.0,1.0,A01
201800018143,1.0,2,0,1.0,0.0,2.0,1.0,A01
201800018144,0.0,7,0,6.0,0.0,1.0,1.0,A01
201800018145,1.0,31,0,0.0,0.0,8.0,1.0,A01
201800018146,2.0,33,0,0.0,0.0,7.0,21.0,A01
201800018147,2.0,7,0,0.0,2.0,1.0,19.0,A01
201800018147,2.0,7,0,0.0,2.0,2.0,1.0,B01
201800018148,2.0,15,0,0.0,2.0,1.0,1.0,A01
201800018148,2.0,21,0,0.0,0.0,4.0,1.0,B01
201800018149,1.0,2,0,0.0,0.0,9.0,1.0,A01
201800018150,2.0,17,0,0.0,0.0,8.0,1.0,A01
201800018151,2.0,7,0,13.0,0.0,2.0,1.0,A01
201800018152,2.0,7,0,0.0,1.0,1.0,15.0,A01
201800018153,2.0,7,0,0.0,1.0,1.0,1.0,A01
201800018154,0.0,2,0,0.0,2.0,1.0,1.0,A01
201800018154,0.0,7,0,0.0,2.0,5.0,1.0,B01
201800018155,2.0,7,0,13.0,0.0,1.0,1.0,A01
201800018156,1.0,7,0,0.0,2.0,8.0,5.0,A01
201800018156,2.0,7,0,0.0,2.0,1.0,1.0,B01
201800018157,2.0,7,0,0.0,2.0,8.0,1.0,B01
201800018157,1.0,20,0,0.0,2.0,8.0,0.0,A01
201800018158,1.0,7,0,0.0,2.0,6.0,1.0,A01
201800018158,2.0,7,0,0.0,2.0,1.0,1.0,B01
201800018159,1.0,7,0,8.0,0.0,1.0,13.0,A01
201800018160,1.0,7,0,2.0,0.0,3.0,1.0,A01
201800018161,2.0,33,0,13.0,0.0,1.0,2.0,A01
201800018162,1.0,2,0,0.0,2.0,1.0,17.0,A01
201800018162,1.0,7,0,0.0,2.0,3.0,10.0,B02
201800018163,1.0,7,0,6.0,0.0,1.0,0.0,A01
201800018164,1.0,7,0,13.0,0.0,2.0,0.0,A01
201800018165,2.0,7,0,0.0,2.0,1.0,5.0,A01
201800018165,1.0,17,0,0.0,2.0,1.0,1.0,B01
201800018166,1.0,10,0,0.0,2.0,1.0,1.0,A01
201800018166,1.0,7,0,0.0,2.0,4.0,23.0,B01
201800018166,1.0,7,0,0.0,2.0,4.0,23.0,C01
201800018167,2.0,7,0,0.0,2.0,2.0,2.0,A01
201800018167,2.0,2,0,0.0,2.0,4.0,1.0,B01
201800018168,2.0,7,0,0.0,2.0,2.0,1.0,A01
201800018168,1.0,7,0,0.0,2.0,1.0,1.0,B01
201800018169,0.0,10,0,0.0,2.0,5.0,19.0,A01
201800018169,2.0,2,0,0.0,2.0,7.0,1.0,B01
201800018170,1.0,7,0,0.0,0.0,4.0,15.0,A01
201800018170,1.0,7,0,14.0,0.0,1.0,1.0,B01
201800018171,2.0,10,0,13.0,0.0,3.0,13.0,A01
201800018172,0.0,33,0,0.0,6.0,1.0,1.0,A01
201800018173,2.0,7,0,0.0,2.0,3.0,1.0,B01
201800018173,1.0,7,0,0.0,2.0,2.0,19.0,A01
201800018174,2.0,15,0,0.0,9.0,3.0,21.0,A01
201800018174,1.0,1,0,0.0,2.0,1.0,13.0,B01
201800018175,1.0,7,0,0.0,2.0,3.0,1.0,A01
201800018175,1.0,7,0,0.0,2.0,1.0,1.0,B01
201800018176,2.0,7,0,0.0,2.0,1.0,1.0,B01
201800018176,1.0,7,0,0.0,2.0,8.0,1.0,A01
201800018177,0.0,7,0,0.0,1.0,2.0,1.0,A01
201800018178,2.0,7,0,6.0,0.0,1.0,5.0,A01
201800018179,1.0,7,0,0.0,1.0,2.0,1.0,A01
201800018180,0.0,7,0,2.0,0.0,1.0,0.0,A01
201800018181,1.0,7,0,0.0,2.0,1.0,1.0,B01
201800018181,0.0,7,0,0.0,0.0,8.0,19.0,A01
201800018182,1.0,7,0,0.0,1.0,1.0,1.0,A01
201800018183,0.0,7,0,2.0,0.0,3.0,1.0,A01
201800018184,0.0,1,0,0.0,0.0,0.0,1.0,A01
201800018185,1.0,7,0,0.0,0.0,0.0,1.0,A01
201800018186,1.0,7,0,0.0,0.0,4.0,23.0,A01
201800018186,1.0,3,0,0.0,2.0,4.0,23.0,B01
201800018186,1.0,7,0,0.0,2.0,1.0,2.0,C01
201800018186,1.0,7,0,0.0,2.0,1.0,2.0,D01
201800018187,1.0,2,0,0.0,2.0,2.0,2.0,A01
201800018187,1.0,7,0,0.0,2.0,8.0,11.0,B01
201800018188,0.0,10,0,0.0,2.0,6.0,2.0,B01
201800018188,0.0,7,0,0.0,2.0,1.0,2.0,A01
201800018189,2.0,10,0,0.0,2.0,3.0,15.0,A01
201800018189,2.0,2,0,0.0,2.0,1.0,12.0,B01
201800018190,1.0,33,0,0.0,0.0,0.0,1.0,A01
201800018191,0.0,2,0,1.0,0.0,1.0,1.0,A01
201800018192,2.0,7,0,7.0,0.0,1.0,17.0,A01
201800018193,0.0,7,0,6.0,0.0,1.0,1.0,A01
201800018194,2.0,7,0,16.0,0.0,1.0,1.0,A01
201800018195,1.0,10,0,0.0,1.0,1.0,1.0,A01
201800018196,2.0,7,0,0.0,1.0,2.0,20.0,A01
201800018197,0.0,7,0,0.0,9.0,2.0,1.0,A01
201800018197,0.0,1,0,0.0,2.0,4.0,19.0,B01
201800018198,2.0,7,0,0.0,0.0,9.0,0.0,A01
201800018199,0.0,7,0,0.0,1.0,4.0,0.0,A01
201800018200,2.0,3,0,0.0,2.0,1.0,15.0,A01
201800018200,1.0,2,0,0.0,2.0,1.0,1.0,B01
201800018201,2.0,7,0,0.0,2.0,1.0,1.0,B01
201800018201,1.0,7,0,2.0,2.0,5.0,13.0,A01
201800018202,2.0,33,0,0.0,2.0,8.0,13.0,A01
201800018202,1.0,33,0,0.0,2.0,8.0,1.0,B01
201800018203,2.0,10,0,0.0,2.0,3.0,0.0,A01
201800018203,1.0,15,0,0.0,2.0,3.0,21.0,B01
201800018204,1.0,7,0,0.0,1.0,2.0,1.0,A01
201800018205,0.0,7,0,0.0,0.0,0.0,1.0,A01
201800018206,0.0,7,0,0.0,1.0,2.0,1.0,A01
201800018207,0.0,7,0,0.0,0.0,0.0,0.0,A01
201800018208,0.0,7,0,0.0,1.0,2.0,20.0,A01
201800018209,0.0,1,0,0.0,2.0,1.0,1.0,C01
201800018209,0.0,7,0,0.0,2.0,1.0,1.0,B01
201800018209,0.0,7,0,0.0,9.0,4.0,0.0,A01
201800018210,2.0,7,0,0.0,0.0,0.0,0.0,A01
201800018211,2.0,31,0,0.0,1.0,3.0,3.0,A01
201800018212,2.0,7,0,13.0,0.0,2.0,1.0,A01
201800018213,2.0,33,0,0.0,0.0,7.0,1.0,A01
201800018214,1.0,1,0,0.0,2.0,1.0,13.0,A01
201800018214,2.0,13,0,0.0,0.0,6.0,1.0,B01
201800018215,2.0,33,0,0.0,0.0,1.0,1.0,A01
201800018216,1.0,33,0,0.0,0.0,8.0,1.0,A01
201800018217,1.0,7,0,2.0,0.0,1.0,13.0,A01
201800018218,1.0,7,0,6.0,0.0,1.0,14.0,A01
201800018219,2.0,7,0,0.0,2.0,8.0,13.0,A01
201800018219,1.0,33,0,0.0,2.0,1.0,1.0,B01
201800018220,1.0,7,0,10.0,0.0,1.0,14.0,A01
201800018221,1.0,33,0,13.0,0.0,3.0,19.0,A01
201800018222,1.0,33,0,0.0,0.0,1.0,1.0,B01
201800018222,2.0,7,0,0.0,2.0,3.0,13.0,A01
201800018223,1.0,7,0,0.0,2.0,1.0,2.0,A01
201800018223,1.0,7,0,0.0,2.0,4.0,2.0,B01
201800018224,1.0,33,0,0.0,2.0,1.0,17.0,A01
201800018224,2.0,7,0,0.0,2.0,3.0,1.0,B01
201800018225,1.0,7,0,0.0,2.0,3.0,13.0,A01
201800018225,2.0,7,0,0.0,2.0,3.0,13.0,B01
201800018226,1.0,7,0,0.0,2.0,6.0,21.0,A01
201800018226,1.0,34,0,0.0,2.0,1.0,1.0,B01
201800018227,1.0,10,0,0.0,2.0,5.0,2.0,A01
201800018227,1.0,10,0,0.0,2.0,5.0,2.0,B01
201800018227,1.0,7,0,0.0,2.0,1.0,2.0,C01
201800018228,1.0,7,0,6.0,0.0,9.0,13.0,A01
201800018229,2.0,7,0,4.0,2.0,1.0,13.0,A01
201800018229,1.0,14,0,0.0,2.0,1.0,1.0,B01
201800018230,2.0,7,0,0.0,1.0,1.0,1.0,A01
201800018231,2.0,10,0,15.0,9.0,1.0,14.0,A01
201800018232,2.0,7,0,0.0,0.0,9.0,14.0,A01
201800018233,2.0,33,0,0.0,2.0,7.0,1.0,B01
201800018233,2.0,7,0,0.0,2.0,1.0,19.0,A01
201800018234,1.0,33,0,0.0,6.0,7.0,21.0,A01
201800018235,2.0,2,0,0.0,2.0,1.0,14.0,A01
201800018235,1.0,10,0,0.0,0.0,8.0,23.0,B01
201800018236,2.0,7,0,0.0,2.0,1.0,15.0,A01
201800018236,1.0,7,0,0.0,2.0,3.0,1.0,B01