Num_Acc,senc,catv,occutc,obs,obsm,choc,manv,num_veh
201800018236,1.0,7,0,0.0,2.0,1.0,1.0,C01
201800018236,2.0,7,0,0.0,2.0,6.0,1.0,D01
201800018237,1.0,33,0,0.0,2.0,7.0,17.0,B01
201800018237,2.0,7,0,0.0,2.0,3.0,19.0,A01
201800018238,1.0,7,0,0.0,2.0,3.0,13.0,A01
201800018238,2.0,33,0,0.0,2.0,3.0,13.0,B01
201800018239,1.0,7,0,0.0,2.0,3.0,13.0,A01
201800018239,2.0,7,0,0.0,2.0,8.0,1.0,B01
201800018239,2.0,7,0,0.0,2.0,8.0,1.0,C01
201800018240,1.0,7,0,0.0,0.0,4.0,1.0,A01
201800018240,1.0,7,0,0.0,2.0,1.0,2.0,B01
201800018241,1.0,10,0,2.0,0.0,2.0,1.0,A01
201800018242,2.0,7,0,0.0,2.0,2.0,15.0,A01
201800018242,1.0,33,0,0.0,2.0,1.0,1.0,B01
201800018243,1.0,10,0,0.0,2.0,1.0,13.0,A01
201800018243,2.0,7,0,0.0,2.0,1.0,1.0,B01
201800018244,2.0,7,0,0.0,2.0,1.0,2.0,A01
201800018244,2.0,7,0,0.0,0.0,4.0,2.0,B01
201800018245,0.0,7,0,0.0,1.0,5.0,4.0,A01
201800018246,0.0,7,0,13.0,0.0,1.0,14.0,A01
201800018247,0.0,10,0,0.0,0.0,4.0,2.0,C01
201800018247,0.0,2,0,0.0,2.0,1.0,1.0,A01
201800018247,0.0,99,0,0.0,2.0,1.0,13.0,B01
201800018248,1.0,7,0,0.0,2.0,7.0,13.0,A01
201800018248,2.0,7,0,0.0,2.0,1.0,1.0,B01
201800018249,1.0,7,0,0.0,2.0,2.0,19.0,A01
201800018249,1.0,33,0,8.0,2.0,1.0,1.0,B01
201800018250,0.0,2,0,0.0,0.0,9.0,0.0,A01
201800018251,0.0,33,0,13.0,0.0,9.0,14.0,A01
201800018252,1.0,7,0,0.0,0.0,1.0,14.0,A01
201800018253,1.0,7,0,0.0,2.0,3.0,13.0,A01
201800018253,2.0,7,0,0.0,2.0,3.0,13.0,B01
201800018254,2.0,34,0,0.0,1.0,1.0,0.0,A01
201800018255,1.0,7,0,10.0,0.0,1.0,14.0,A01
201800018256,1.0,7,0,0.0,2.0,7.0,15.0,A01
201800018256,2.0,99,0,0.0,2.0,1.0,1.0,B01
201800018257,1.0,7,0,0.0,2.0,1.0,1.0,B01
201800018257,2.0,7,0,0.0,2.0,8.0,9.0,A01
201800018258,2.0,7,0,0.0,0.0,0.0,14.0,A01
201800018259,2.0,10,0,0.0,2.0,3.0,13.0,A01
201800018259,1.0,7,0,0.0,2.0,3.0,1.0,B01
201800018260,0.0,7,0,1.0,0.0,1.0,14.0,A01
201800018260,0.0,7,0,0.0,0.0,1.0,24.0,B01
201800018260,0.0,7,0,0.0,0.0,1.0,24.0,C01
201800018261,0.0,7,0,0.0,1.0,1.0,1.0,A01
201800018262,2.0,7,0,0.0,5.0,1.0,1.0,A01
201800018263,2.0,7,0,13.0,0.0,2.0,14.0,A01
201800018264,1.0,7,0,0.0,2.0,3.0,13.0,A01
201800018264,2.0,7,0,0.0,2.0,3.0,1.0,B01
201800018265,1.0,7,0,0.0,2.0,3.0,13.0,A01
201800018265,2.0,7,0,0.0,2.0,3.0,1.0,B01
201800018266,0.0,7,0,0.0,1.0,2.0,0.0,A01
201800018267,1.0,33,0,0.0,0.0,8.0,1.0,A01
201800018268,1.0,7,0,3.0,0.0,3.0,19.0,A01
201800018269,1.0,7,0,0.0,0.0,6.0,0.0,A01
201800018269,1.0,33,0,0.0,2.0,2.0,2.0,B01
201800018270,2.0,7,0,0.0,2.0,3.0,1.0,A01
201800018270,1.0,7,0,0.0,2.0,1.0,13.0,B01
201800018271,1.0,7,0,2.0,0.0,1.0,13.0,A01
201800018272,0.0,7,0,6.0,0.0,1.0,20.0,A01
201800018273,0.0,33,0,0.0,0.0,7.0,1.0,A01
201800018274,0.0,32,0,10.0,0.0,3.0,14.0,A01
201800018275,1.0,33,0,15.0,0.0,1.0,14.0,A01
201800018276,0.0,7,0,0.0,1.0,1.0,1.0,A01
201800018277,1.0,32,0,15.0,0.0,1.0,0.0,A01
201800018278,1.0,7,0,0.0,2.0,1.0,1.0,B01
201800018278,1.0,7,0,0.0,2.0,4.0,15.0,A01
201800018279,2.0,7,0,0.0,1.0,5.0,1.0,A01
201800018280,2.0,33,0,0.0,2.0,1.0,13.0,A01
201800018280,1.0,7,0,0.0,2.0,1.0,1.0,B01
201800018281,2.0,7,0,2.0,0.0,1.0,1.0,A01
201800018282,2.0,7,0,0.0,2.0,5.0,21.0,B01
201800018282,1.0,7,0,6.0,2.0,3.0,17.0,A01
201800018283,1.0,37,1,0.0,2.0,3.0,13.0,A01
201800018283,1.0,7,0,2.0,2.0,2.0,17.0,B01
201800018284,1.0,7,0,0.0,2.0,1.0,1.0,A01
201800018284,1.0,7,0,0.0,2.0,4.0,23.0,B01
201800018284,1.0,7,0,0.0,0.0,4.0,23.0,C01
201800018285,0.0,7,0,0.0,2.0,1.0,1.0,A01
201800018285,0.0,7,0,0.0,2.0,8.0,0.0,B01
201800018286,2.0,7,0,2.0,0.0,1.0,14.0,A01
201800018287,2.0,7,0,0.0,2.0,1.0,6.0,A01
201800018287,1.0,7,0,0.0,2.0,3.0,1.0,B01
201800018288,2.0,33,0,12.0,0.0,8.0,13.0,A01
201800018289,2.0,7,0,2.0,0.0,1.0,19.0,A01
201800018290,2.0,7,0,0.0,2.0,3.0,13.0,A01
201800018290,1.0,7,0,0.0,2.0,3.0,1.0,B01
201800018291,2.0,33,0,0.0,2.0,3.0,1.0,B01
201800018291,1.0,10,0,0.0,2.0,2.0,19.0,A01
201800018292,1.0,7,0,0.0,2.0,3.0,13.0,A01
201800018292,2.0,10,0,0.0,2.0,3.0,1.0,B01
201800018293,0.0,7,0,0.0,0.0,7.0,1.0,A01
201800018293,0.0,7,0,0.0,2.0,1.0,1.0,B01
201800018294,2.0,7,0,0.0,2.0,1.0,1.0,B01
201800018294,1.0,7,0,0.0,2.0,8.0,13.0,A01
201800018295,1.0,7,0,0.0,2.0,8.0,10.0,A01
201800018295,1.0,33,0,0.0,0.0,1.0,2.0,B01
201800018296,2.0,7,0,0.0,2.0,7.0,13.0,A01
201800018296,1.0,7,0,0.0,2.0,1.0,1.0,B01
201800018297,2.0,7,0,0.0,2.0,3.0,9.0,A01
201800018297,2.0,34,0,0.0,2.0,1.0,1.0,B01
201800018298,1.0,33,0,0.0,2.0,1.0,17.0,A01
201800018298,2.0,7,0,0.0,0.0,7.0,15.0,B01
201800018299,2.0,2,0,8.0,0.0,1.0,14.0,A01
201800018300,2.0,38,1,0.0,2.0,1.0,2.0,A01
201800018300,2.0,7,0,0.0,0.0,6.0,1.0,B01
201800018301,2.0,7,0,0.0,2.0,3.0,13.0,A01
201800018301,1.0,7,0,0.0,2.0,3.0,1.0,B01
201800018302,1.0,33,0,0.0,2.0,1.0,1.0,A01
201800018302,2.0,7,0,0.0,2.0,1.0,1.0,B01
201800018302,1.0,33,0,0.0,2.0,1.0,1.0,C01
201800018303,2.0,7,0,0.0,2.0,1.0,13.0,A01
201800018303,1.0,10,0,0.0,2.0,1.0,1.0,B01
201800018304,2.0,33,0,0.0,0.0,7.0,1.0,A01
201800018305,0.0,10,0,0.0,1.0,0.0,5.0,A01
201800018306,1.0,7,0,0.0,2.0,1.0,15.0,A01
201800018306,1.0,7,0,0.0,0.0,1.0,16.0,B01
201800018307,1.0,14,0,0.0,2.0,6.0,4.0,A01
201800018307,1.0,7,0,0.0,2.0,7.0,1.0,B01
201800018308,2.0,33,0,0.0,2.0,1.0,1.0,A01
201800018308,2.0,7,0,0.0,0.0,6.0,15.0,B01
201800018309,2.0,7,0,0.0,2.0,7.0,1.0,A01
201800018309,1.0,7,0,0.0,2.0,2.0,1.0,B01
201800018310,1.0,7,0,0.0,2.0,3.0,15.0,A01
201800018310,1.0,31,0,0.0,2.0,2.0,17.0,B01
201800018311,2.0,7,0,13.0,0.0,3.0,21.0,A01
201800018312,2.0,33,0,0.0,2.0,7.0,17.0,A01
201800018312,2.0,7,0,0.0,2.0,8.0,1.0,B01
201800018313,1.0,7,0,0.0,2.0,3.0,11.0,A01
201800018313,2.0,33,0,0.0,2.0,1.0,1.0,B01
201800018314,1.0,7,0,0.0,2.0,3.0,1.0,A01
201800018314,2.0,7,0,0.0,2.0,3.0,13.0,B01
201800018315,0.0,7,0,1.0,1.0,1.0,0.0,A01
201800018316,2.0,7,0,0.0,2.0,3.0,15.0,A01
201800018316,1.0,33,0,0.0,2.0,1.0,1.0,B01
201800018317,1.0,7,0,0.0,2.0,1.0,5.0,A01
201800018317,2.0,7,0,0.0,2.0,3.0,1.0,B01
201800018318,2.0,7,0,0.0,2.0,1.0,13.0,A01
201800018318,1.0,7,0,0.0,2.0,1.0,1.0,B01
201800018319,2.0,7,0,0.0,2.0,8.0,17.0,A01
201800018319,2.0,33,0,0.0,2.0,9.0,17.0,B01
201800018320,2.0,33,0,0.0,0.0,4.0,0.0,A01
201800018320,2.0,33,0,0.0,2.0,1.0,1.0,B01
201800018321,0.0,2,0,0.0,0.0,1.0,1.0,A01
201800018322,2.0,33,0,0.0,2.0,1.0,13.0,A01
201800018322,1.0,7,0,0.0,2.0,3.0,1.0,B01
201800018323,1.0,31,0,12.0,0.0,2.0,1.0,A01
201800018324,1.0,33,0,3.0,0.0,7.0,1.0,A01
201800018325,2.0,7,0,0.0,2.0,3.0,1.0,A01
201800018325,1.0,7,0,0.0,2.0,3.0,1.0,B01
201800018326,1.0,33,0,12.0,0.0,9.0,1.0,A01
201800018327,2.0,33,0,0.0,2.0,3.0,17.0,A01
201800018327,1.0,10,0,0.0,0.0,3.0,15.0,B01
201800018328,2.0,7,0,0.0,2.0,8.0,19.0,A01
201800018328,1.0,10,0,0.0,2.0,1.0,1.0,B01
201800018329,2.0,10,0,0.0,2.0,1.0,13.0,A01
201800018329,1.0,14,0,0.0,2.0,1.0,1.0,B01
201800018330,2.0,7,0,0.0,2.0,5.0,13.0,A01
201800018330,2.0,13,0,0.0,2.0,1.0,1.0,B01
201800018331,1.0,7,0,0.0,2.0,2.0,15.0,A01
201800018331,2.0,31,0,0.0,2.0,1.0,1.0,B01
201800018332,1.0,1,0,12.0,0.0,1.0,1.0,A01
201800018333,1.0,7,0,13.0,0.0,8.0,13.0,A01
201800018334,1.0,33,0,0.0,2.0,1.0,13.0,A01
201800018334,2.0,10,0,0.0,2.0,1.0,1.0,B01
201800018335,1.0,33,0,0.0,0.0,8.0,14.0,A01
201800018336,1.0,33,0,2.0,0.0,9.0,17.0,A01
201800018337,2.0,7,0,0.0,2.0,3.0,11.0,A01
201800018337,1.0,7,0,13.0,2.0,3.0,1.0,B01
201800018338,1.0,31,0,0.0,0.0,1.0,1.0,A01
201800018339,1.0,33,0,2.0,0.0,1.0,1.0,A01
201800018340,1.0,10,0,0.0,2.0,1.0,10.0,A01
201800018340,1.0,33,0,0.0,2.0,2.0,17.0,B01
201800018341,1.0,33,0,7.0,0.0,8.0,13.0,A01
201800018342,2.0,7,0,8.0,0.0,9.0,1.0,A01
201800018343,2.0,7,0,13.0,0.0,9.0,1.0,A01
201800018344,1.0,7,0,0.0,2.0,1.0,1.0,A01
201800018344,0.0,7,0,0.0,0.0,6.0,9.0,B01
201800018345,0.0,7,0,2.0,0.0,9.0,1.0,A01
201800018346,0.0,2,0,0.0,5.0,1.0,1.0,A01
201800018347,1.0,7,0,0.0,2.0,3.0,1.0,B01
201800018347,2.0,7,0,0.0,2.0,3.0,1.0,A01
201800018348,1.0,7,0,0.0,2.0,1.0,1.0,A01
201800018348,2.0,7,0,0.0,2.0,8.0,1.0,B01
201800018349,2.0,7,0,0.0,2.0,3.0,1.0,B01
201800018349,1.0,7,0,0.0,2.0,3.0,13.0,A01
201800018350,1.0,7,0,0.0,2.0,1.0,1.0,B01
201800018350,2.0,7,0,6.0,2.0,1.0,1.0,A01
201800018351,0.0,21,0,0.0,2.0,6.0,15.0,B01
201800018351,0.0,33,0,0.0,2.0,1.0,1.0,A01
201800018352,0.0,7,0,0.0,9.0,1.0,1.0,B01
201800018352,0.0,31,0,0.0,2.0,1.0,1.0,A01
201800018353,1.0,7,0,8.0,0.0,2.0,1.0,A01
201800018354,1.0,7,0,2.0,0.0,1.0,1.0,A01
201800018355,2.0,33,0,0.0,2.0,7.0,1.0,B01
201800018355,0.0,7,0,0.0,2.0,8.0,1.0,A01
201800018356,1.0,21,0,0.0,2.0,4.0,2.0,B01
201800018356,1.0,7,0,0.0,2.0,1.0,2.0,A01
201800018357,1.0,7,0,2.0,0.0,3.0,13.0,A01
201800018358,2.0,7,0,2.0,0.0,2.0,14.0,A01
201800018359,0.0,7,0,0.0,9.0,1.0,23.0,C01
201800018359,0.0,2,0,0.0,2.0,1.0,1.0,B01
201800018359,0.0,7,0,0.0,2.0,2.0,19.0,A01
201800018360,0.0,7,0,13.0,0.0,1.0,1.0,A01
201800018361,0.0,7,0,0.0,1.0,2.0,1.0,A01
201800018362,0.0,7,0,0.0,1.0,0.0,1.0,A01
201800018363,2.0,7,0,6.0,2.0,3.0,1.0,A01
201800018363,0.0,7,0,6.0,2.0,2.0,1.0,B01
201800018364,1.0,7,0,0.0,2.0,1.0,3.0,A01
201800018364,2.0,7,0,0.0,2.0,6.0,21.0,B01
201800018365,0.0,7,0,2.0,0.0,1.0,1.0,A01
201800018366,1.0,7,0,9.0,0.0,1.0,1.0,A01
201800018367,0.0,7,0,0.0,2.0,1.0,1.0,B01
201800018367,0.0,33,0,0.0,2.0,1.0,1.0,A01
201800018368,0.0,2,0,9.0,0.0,1.0,1.0,A01
201800018369,2.0,2,0,0.0,2.0,0.0,2.0,A01
201800018369,2.0,21,0,0.0,0.0,4.0,16.0,C01
201800018369,2.0,7,0,0.0,0.0,6.0,2.0,B01
201800018370,1.0,2,0,16.0,0.0,7.0,14.0,A01
201800018371,0.0,2,0,0.0,0.0,2.0,1.0,A01
201800018372,2.0,15,0,0.0,2.0,3.0,1.0,B01
201800018372,1.0,33,0,0.0,2.0,3.0,13.0,A01
201800018373,0.0,7,0,0.0,2.0,3.0,0.0,A01
201800018373,0.0,2,0,0.0,2.0,1.0,1.0,B01
201800018374,1.0,7,0,0.0,2.0,4.0,1.0,B01
201800018374,1.0,7,0,6.0,2.0,1.0,1.0,A01
201800018375,0.0,7,0,13.0,0.0,1.0,16.0,A01
201800018376,2.0,7,0,13.0,0.0,2.0,1.0,A01
201800018377,0.0,7,0,0.0,2.0,3.0,15.0,A01
201800018377,2.0,2,0,0.0,2.0,1.0,1.0,B01
201800018378,0.0,33,0,13.0,0.0,1.0,1.0,A01
201800018379,2.0,31,0,0.0,2.0,1.0,1.0,B01
201800018379,1.0,7,0,0.0,2.0,8.0,1.0,A01
201800018380,0.0,7,0,6.0,0.0,1.0,1.0,A01
201800018381,2.0,7,0,13.0,0.0,1.0,2.0,A01
201800018382,2.0,33,0,0.0,0.0,9.0,1.0,A01
201800018383,1.0,7,0,13.0,0.0,2.0,21.0,A01
201800018384,1.0,7,0,13.0,0.0,9.0,1.0,A01
201800018385,1.0,7,0,0.0,2.0,3.0,1.0,B01
201800018385,0.0,7,0,0.0,2.0,2.0,15.0,A01
201800018386,0.0,33,0,13.0,0.0,1.0,1.0,A01
201800018387,1.0,7,0,0.0,2.0,3.0,1.0,B01
201800018387,0.0,7,0,0.0,2.0,3.0,16.0,A01
201800018388,2.0,10,0,0.0,2.0,3.0,1.0,B01
201800018388,1.0,2,0,0.0,2.0,3.0,13.0,A01
201800018389,0.0,7,0,0.0,2.0,1.0,15.0,A01
201800018389,0.0,2,0,0.0,2.0,1.0,1.0,B01
201800018390,1.0,1,0,0.0,2.0,8.0,15.0,B01
201800018390,2.0,7,0,0.0,2.0,1.0,1.0,A01
201800018391,1.0,7,0,8.0,0.0,0.0,1.0,A01
201800018392,1.0,10,0,0.0,2.0,1.0,1.0,A01
201800018392,2.0,7,0,0.0,2.0,7.0,13.0,B01
201800018393,1.0,33,0,12.0,0.0,1.0,1.0,B01
201800018393,0.0,7,0,0.0,0.0,0.0,15.0,A01
201800018394,2.0,17,0,0.0,0.0,2.0,1.0,A01
201800018395,2.0,7,0,0.0,2.0,8.0,19.0,A01
201800018395,1.0,15,0,0.0,2.0,1.0,0.0,B01
201800018396,1.0,7,0,7.0,2.0,5.0,19.0,A01
201800018396,2.0,7,0,0.0,2.0,1.0,0.0,B01
201800018397,2.0,7,0,13.0,0.0,3.0,1.0,A01
201800018398,0.0,14,0,8.0,0.0,8.0,0.0,A01
201800018399,0.0,10,0,0.0,2.0,1.0,19.0,A01
201800018399,0.0,7,0,0.0,2.0,7.0,1.0,B01
201800018400,0.0,7,0,0.0,2.0,1.0,1.0,B01
201800018400,0.0,7,0,0.0,2.0,1.0,13.0,A01
201800018400,0.0,7,0,0.0,2.0,8.0,1.0,C01
201800018401,0.0,2,0,0.0,2.0,7.0,1.0,B01
201800018401,0.0,7,0,0.0,2.0,2.0,15.0,A01
201800018402,1.0,7,0,6.0,0.0,1.0,1.0,A01
201800018403,1.0,7,0,0.0,2.0,3.0,1.0,B01
201800018403,2.0,7,0,0.0,2.0,3.0,13.0,A01
201800018404,0.0,31,0,0.0,0.0,8.0,1.0,B01
201800018404,0.0,7,0,0.0,2.0,3.0,20.0,A01
201800018405,2.0,7,0,0.0,2.0,3.0,0.0,B01
201800018405,1.0,7,0,0.0,2.0,3.0,0.0,A01
201800018406,2.0,7,0,2.0,0.0,1.0,14.0,A01
201800018407,1.0,2,0,0.0,0.0,0.0,1.0,A01
201800018408,2.0,1,0,0.0,2.0,7.0,15.0,B01
201800018408,2.0,7,0,0.0,2.0,8.0,1.0,A01
201800018409,2.0,7,0,0.0,2.0,1.0,1.0,B01
201800018409,2.0,7,0,0.0,1.0,4.0,1.0,A01
201800018410,1.0,7,0,0.0,2.0,1.0,13.0,B01
201800018410,2.0,7,0,0.0,2.0,1.0,1.0,A01
201800018411,2.0,7,0,0.0,2.0,2.0,1.0,B01
201800018411,1.0,7,0,0.0,2.0,2.0,13.0,A01
201800018412,1.0,7,0,13.0,0.0,1.0,1.0,A01
201800018413,2.0,7,0,2.0,0.0,2.0,13.0,A01
201800018414,0.0,7,0,0.0,1.0,2.0,1.0,A01
201800018415,0.0,1,0,0.0,0.0,0.0,1.0,A01
201800018416,2.0,7,0,0.0,2.0,1.0,1.0,A01
201800018416,0.0,7,0,0.0,2.0,8.0,19.0,B01
201800018417,1.0,7,0,0.0,2.0,1.0,1.0,B01
201800018417,2.0,7,0,0.0,2.0,1.0,13.0,A01
201800018418,1.0,7,0,13.0,2.0,1.0,1.0,B01
201800018418,2.0,7,0,0.0,2.0,7.0,13.0,A01
201800018419,1.0,1,0,0.0,9.0,1.0,2.0,A01
201800018420,2.0,7,0,0.0,2.0,1.0,1.0,A01
201800018420,1.0,7,0,0.0,2.0,1.0,17.0,B01
201800018421,0.0,7,0,0.0,9.0,1.0,1.0,B01
201800018421,0.0,2,0,0.0,2.0,5.0,13.0,A01
201800018422,0.0,7,0,0.0,2.0,3.0,14.0,A01
201800018422,0.0,2,0,0.0,2.0,0.0,0.0,B01
201800018423,2.0,2,0,13.0,0.0,0.0,0.0,A01
201800018424,0.0,2,0,0.0,0.0,0.0,1.0,A01
201800018425,1.0,2,0,11.0,0.0,1.0,1.0,A01
201800018426,1.0,7,0,0.0,2.0,3.0,5.0,A01
201800018426,2.0,7,0,0.0,2.0,3.0,1.0,B01
201800018427,1.0,7,0,0.0,2.0,3.0,1.0,B01
201800018427,2.0,7,0,0.0,2.0,1.0,17.0,A01
201800018428,1.0,7,0,0.0,2.0,3.0,13.0,A01
201800018428,2.0,7,0,0.0,2.0,3.0,1.0,B01
201800018429,1.0,7,0,6.0,0.0,2.0,1.0,A01
201800018430,2.0,7,0,2.0,0.0,2.0,13.0,A01
201800018431,2.0,33,0,0.0,2.0,1.0,2.0,B01
201800018431,2.0,7,0,13.0,0.0,6.0,1.0,A01
201800018432,2.0,2,0,0.0,0.0,1.0,1.0,A01
201800018433,2.0,7,0,0.0,2.0,1.0,13.0,B01
201800018433,1.0,7,0,0.0,2.0,1.0,1.0,A01
201800018434,1.0,7,0,0.0,1.0,3.0,1.0,A01
201800018435,1.0,2,0,0.0,2.0,1.0,21.0,B01
201800018435,1.0,10,0,0.0,2.0,5.0,15.0,A01
201800018436,0.0,7,0,0.0,1.0,6.0,4.0,A01
201800018437,1.0,7,0,0.0,2.0,1.0,13.0,A01
201800018437,2.0,15,0,0.0,2.0,1.0,1.0,B01
201800018438,2.0,33,0,0.0,2.0,1.0,17.0,A01
201800018438,1.0,7,0,0.0,2.0,3.0,21.0,B01
201800018439,2.0,7,0,4.0,0.0,1.0,13.0,A01
201800018440,1.0,7,0,0.0,2.0,3.0,21.0,B01
201800018440,2.0,7,0,0.0,2.0,3.0,13.0,A01
201800018441,1.0,7,0,0.0,2.0,1.0,1.0,C01
201800018441,2.0,7,0,0.0,2.0,1.0,13.0,D01
201800018441,1.0,7,0,0.0,2.0,8.0,1.0,B01
201800018441,1.0,7,0,0.0,2.0,8.0,0.0,A01
201800018442,0.0,36,0,13.0,0.0,1.0,13.0,A01
201800018443,2.0,7,0,0.0,0.0,1.0,2.0,A01
201800018444,1.0,7,0,0.0,2.0,2.0,5.0,B01
201800018444,2.0,7,0,0.0,2.0,7.0,1.0,A01
201800018445,1.0,1,0,0.0,2.0,7.0,1.0,B01
201800018445,2.0,7,0,0.0,9.0,1.0,15.0,A01
201800018446,1.0,7,0,13.0,0.0,2.0,1.0,A01
201800018447,1.0,7,0,8.0,0.0,8.0,1.0,A01
201800018448,1.0,1,0,0.0,2.0,7.0,1.0,B01
201800018448,2.0,21,0,0.0,2.0,8.0,1.0,A01
201800018449,1.0,31,0,0.0,2.0,8.0,13.0,A01
201800018449,2.0,21,0,0.0,0.0,6.0,1.0,B01
201800018450,1.0,2,0,5.0,0.0,1.0,1.0,A01
201800018451,1.0,2,0,0.0,0.0,0.0,0.0,A01
201800018452,1.0,33,0,3.0,0.0,0.0,1.0,A01
201800018453,1.0,33,0,3.0,0.0,1.0,1.0,A01
201800018454,1.0,7,0,0.0,2.0,1.0,1.0,B01
201800018454,0.0,7,0,0.0,0.0,7.0,1.0,A01
201800018455,2.0,7,0,0.0,0.0,9.0,1.0,A01
201800018456,1.0,7,0,0.0,2.0,1.0,1.0,B01
201800018456,2.0,7,0,0.0,2.0,2.0,15.0,A01
201800018457,1.0,33,0,0.0,2.0,2.0,17.0,A01
201800018457,1.0,7,0,0.0,9.0,3.0,15.0,B01
201800018458,2.0,33,0,16.0,0.0,9.0,1.0,A01
201800018459,1.0,7,0,0.0,2.0,7.0,1.0,B01
201800018459,0.0,33,0,0.0,2.0,3.0,15.0,A01
201800018460,2.0,7,0,13.0,0.0,2.0,1.0,A01
201800018461,1.0,7,0,0.0,2.0,1.0,1.0,B01
201800018461,2.0,7,0,0.0,2.0,1.0,5.0,A01
201800018462,1.0,7,0,8.0,0.0,9.0,14.0,A01
201800018463,2.0,7,0,0.0,2.0,8.0,1.0,B01
201800018463,2.0,7,0,0.0,2.0,9.0,17.0,E01
201800018463,2.0,10,0,0.0,2.0,3.0,1.0,A01
201800018463,2.0,7,0,0.0,2.0,4.0,17.0,F01
201800018463,2.0,7,0,0.0,2.0,9.0,1.0,C01
201800018463,2.0,7,0,0.0,2.0,6.0,1.0,G01
201800018463,2.0,7,0,0.0,2.0,1.0,1.0,D01
201800018464,1.0,7,0,0.0,2.0,8.0,5.0,A01
201800018464,2.0,33,0,0.0,2.0,1.0,21.0,B01
201800018465,2.0,33,0,0.0,2.0,1.0,1.0,B01
201800018465,1.0,2,0,0.0,2.0,8.0,9.0,A01
201800018466,2.0,7,0,0.0,2.0,1.0,1.0,B01
201800018466,0.0,7,0,0.0,2.0,3.0,15.0,A01
201800018467,1.0,7,0,8.0,0.0,1.0,1.0,A01
201800018468,0.0,15,0,0.0,2.0,1.0,1.0,B01
201800018468,0.0,7,0,0.0,2.0,1.0,13.0,A01
201800018469,1.0,7,0,7.0,0.0,3.0,1.0,A01
201800018469,1.0,7,0,0.0,2.0,1.0,1.0,B01
201800018470,0.0,7,0,0.0,2.0,3.0,1.0,A01
201800018470,0.0,7,0,0.0,2.0,3.0,1.0,B01
201800018471,1.0,31,0,0.0,2.0,5.0,15.0,A01
201800018471,1.0,33,0,0.0,2.0,7.0,1.0,B01
201800018472,0.0,7,0,0.0,2.0,3.0,1.0,B01
201800018472,0.0,2,0,0.0,2.0,1.0,1.0,A01
201800018473,1.0,33,0,12.0,0.0,0.0,1.0,A01
201800018474,2.0,7,0,0.0,2.0,1.0,13.0,B01
201800018474,1.0,7,0,0.0,0.0,8.0,1.0,A01
201800018475,1.0,7,0,0.0,2.0,2.0,1.0,B01
201800018475,2.0,7,0,0.0,2.0,2.0,17.0,A01
201800018476,2.0,7,0,0.0,9.0,3.0,1.0,A01
201800018476,0.0,1,0,0.0,2.0,0.0,19.0,B01
201800018477,0.0,7,0,0.0,2.0,1.0,1.0,A01
201800018477,0.0,33,0,0.0,2.0,7.0,1.0,B01
201800018478,1.0,7,0,0.0,2.0,3.0,1.0,B01
201800018478,1.0,7,0,0.0,2.0,3.0,5.0,A01
201800018479,1.0,7,0,0.0,1.0,8.0,1.0,A01
201800018480,1.0,7,0,6.0,0.0,1.0,0.0,A01
201800018481,0.0,7,0,6.0,1.0,1.0,6.0,A01
201800018482,1.0,7,0,0.0,2.0,7.0,20.0,A01
201800018482,2.0,2,0,0.0,2.0,3.0,1.0,B01
201800018483,2.0,7,0,0.0,2.0,1.0,1.0,C01
201800018483,1.0,7,0,0.0,2.0,3.0,1.0,B01
201800018483,2.0,7,0,0.0,2.0,3.0,15.0,A01
201800018484,2.0,14,0,0.0,1.0,2.0,16.0,A01
201800018485,1.0,15,0,0.0,2.0,3.0,1.0,B01
201800018485,2.0,7,0,0.0,2.0,1.0,13.0,A01
201800018486,1.0,7,0,0.0,2.0,1.0,1.0,A01
201800018486,2.0,7,0,0.0,2.0,7.0,13.0,B01
201800018487,1.0,33,0,0.0,2.0,2.0,17.0,A01
201800018487,1.0,7,0,0.0,2.0,8.0,15.0,B01
201800018488,2.0,33,0,0.0,0.0,0.0,1.0,A01
201800018489,1.0,15,0,0.0,2.0,3.0,0.0,A01
201800018489,2.0,7,0,0.0,2.0,1.0,13.0,B01
201800018490,1.0,7,0,0.0,1.0,1.0,1.0,A01
201800018491,1.0,16,0,0.0,0.0,2.0,15.0,A01
201800018491,1.0,33,0,0.0,2.0,1.0,17.0,B01
201800018492,2.0,33,0,5.0,0.0,7.0,1.0,A01
201800018493,2.0,2,0,0.0,2.0,1.0,1.0,A01
201800018493,0.0,7,0,0.0,2.0,3.0,9.0,B01
201800018494,1.0,7,0,13.0,0.0,1.0,1.0,A01
201800018495,2.0,33,0,0.0,2.0,1.0,2.0,A01
201800018495,2.0,10,0,0.0,0.0,8.0,2.0,B01
201800018496,2.0,7,0,0.0,2.0,3.0,13.0,A01
201800018496,1.0,7,0,0.0,2.0,1.0,1.0,B01
201800018497,2.0,7,0,0.0,2.0,2.0,15.0,A01
201800018497,1.0,33,0,0.0,2.0,1.0,1.0,B01
201800018498,0.0,32,0,15.0,0.0,1.0,0.0,A01
201800018499,1.0,1,0,0.0,2.0,8.0,13.0,A01
201800018499,1.0,33,0,0.0,2.0,7.0,17.0,B01
201800018499,2.0,7,0,0.0,2.0,8.0,1.0,C01
201800018500,1.0,7,0,0.0,2.0,1.0,13.0,A01
201800018500,2.0,7,0,0.0,2.0,1.0,1.0,B01