Num_Acc,senc,catv,occutc,obs,obsm,choc,manv,num_veh
201800018501,2.0,7,0,0.0,2.0,1.0,1.0,B01
201800018501,0.0,7,0,0.0,2.0,8.0,19.0,A01
201800018502,1.0,7,0,0.0,2.0,2.0,1.0,B01
201800018502,1.0,7,0,0.0,2.0,8.0,9.0,A01
201800018503,1.0,7,0,0.0,2.0,1.0,1.0,B01
201800018503,2.0,7,0,0.0,2.0,1.0,17.0,A01
201800018504,1.0,33,0,0.0,2.0,1.0,1.0,B01
201800018504,2.0,7,0,0.0,2.0,5.0,1.0,A01
201800018505,2.0,1,0,0.0,2.0,1.0,1.0,B01
201800018505,1.0,10,0,0.0,9.0,3.0,17.0,A01
201800018506,2.0,31,0,0.0,2.0,8.0,1.0,B01
201800018506,2.0,7,0,0.0,2.0,1.0,0.0,A01
201800018506,1.0,7,0,0.0,2.0,8.0,23.0,C01
201800018507,2.0,32,0,0.0,6.0,1.0,0.0,A01
201800018508,1.0,7,0,5.0,1.0,4.0,1.0,A01
201800018508,1.0,7,0,0.0,2.0,1.0,1.0,B01
201800018509,2.0,7,0,0.0,0.0,2.0,0.0,A01
201800018510,1.0,38,1,0.0,2.0,3.0,1.0,B01
201800018510,1.0,7,0,0.0,2.0,2.0,19.0,A01
201800018511,1.0,7,0,0.0,2.0,5.0,1.0,A01
201800018511,0.0,7,0,0.0,2.0,1.0,1.0,B01
201800018512,0.0,33,0,0.0,2.0,7.0,1.0,B01
201800018512,0.0,20,0,0.0,2.0,3.0,19.0,A01
201800018513,1.0,7,0,0.0,2.0,3.0,1.0,B01
201800018513,2.0,2,0,0.0,2.0,3.0,1.0,A01
201800018514,2.0,33,0,13.0,2.0,7.0,1.0,B01
201800018514,0.0,7,0,0.0,2.0,1.0,9.0,A01
201800018515,2.0,14,0,0.0,2.0,8.0,1.0,B01
201800018515,1.0,33,0,0.0,2.0,3.0,1.0,A01
201800018516,1.0,3,0,0.0,1.0,1.0,1.0,A01
201800018517,0.0,33,0,3.0,0.0,7.0,1.0,A01
201800018518,1.0,33,0,0.0,2.0,2.0,2.0,B01
201800018518,1.0,7,0,0.0,2.0,5.0,15.0,A01
201800018519,1.0,7,0,0.0,2.0,2.0,1.0,A01
201800018519,1.0,2,0,0.0,0.0,4.0,15.0,B01
201800018520,2.0,1,0,0.0,2.0,1.0,1.0,B01
201800018520,1.0,7,0,0.0,9.0,5.0,1.0,A01
201800018521,1.0,21,0,0.0,2.0,3.0,15.0,B01
201800018521,1.0,2,0,0.0,2.0,1.0,17.0,A01
201800018522,2.0,33,0,0.0,0.0,9.0,13.0,A01
201800018523,2.0,33,0,0.0,2.0,1.0,17.0,A01
201800018523,2.0,7,0,0.0,2.0,8.0,15.0,B01
201800018524,0.0,7,0,2.0,0.0,1.0,1.0,A01
201800018525,1.0,31,0,0.0,2.0,1.0,1.0,B01
201800018525,2.0,31,0,0.0,2.0,1.0,1.0,A01
201800018526,2.0,7,0,0.0,2.0,2.0,15.0,A01
201800018526,1.0,7,0,0.0,2.0,2.0,1.0,B01
201800018527,1.0,7,0,0.0,2.0,2.0,1.0,A01
201800018527,2.0,2,0,0.0,2.0,3.0,1.0,B01
201800018528,1.0,7,0,0.0,2.0,3.0,2.0,A01
201800018528,1.0,2,0,0.0,2.0,4.0,13.0,B01
201800018529,2.0,7,0,0.0,0.0,4.0,1.0,B01
201800018529,2.0,7,0,0.0,2.0,1.0,2.0,A01
201800018530,1.0,7,0,0.0,2.0,3.0,1.0,B01
201800018530,2.0,7,0,0.0,2.0,3.0,5.0,A01
201800018531,1.0,7,0,0.0,2.0,1.0,1.0,B01
201800018531,2.0,7,0,0.0,2.0,1.0,13.0,A01
201800018532,1.0,31,0,0.0,2.0,1.0,19.0,A01
201800018532,0.0,7,0,0.0,2.0,3.0,1.0,B01
201800018533,2.0,33,0,0.0,0.0,1.0,1.0,C01
201800018533,1.0,33,0,0.0,0.0,1.0,13.0,B01
201800018533,1.0,33,0,0.0,0.0,4.0,2.0,A01
201800018534,1.0,7,0,0.0,2.0,5.0,1.0,B01
201800018534,1.0,7,0,0.0,2.0,2.0,1.0,A01
201800018535,1.0,33,0,0.0,2.0,7.0,15.0,A01
201800018535,2.0,33,0,0.0,2.0,1.0,1.0,B01
201800018536,2.0,7,0,0.0,2.0,1.0,1.0,A01
201800018536,1.0,7,0,0.0,2.0,7.0,1.0,B01
201800018537,1.0,7,0,0.0,2.0,3.0,13.0,A01
201800018537,2.0,7,0,0.0,2.0,3.0,1.0,B01
201800018538,1.0,7,0,0.0,2.0,3.0,1.0,B01
201800018538,2.0,7,0,0.0,2.0,3.0,13.0,A01
201800018539,0.0,7,0,0.0,0.0,9.0,1.0,A01
201800018540,1.0,2,0,8.0,0.0,1.0,2.0,A01
201800018541,2.0,2,0,0.0,2.0,8.0,19.0,A01
201800018541,2.0,7,0,0.0,2.0,7.0,1.0,B01
201800018542,1.0,7,0,0.0,2.0,1.0,13.0,A01
201800018542,2.0,7,0,0.0,2.0,1.0,1.0,B01
201800018543,2.0,33,0,0.0,2.0,1.0,1.0,C01
201800018543,2.0,33,0,0.0,2.0,2.0,1.0,B01
201800018543,0.0,7,0,0.0,2.0,1.0,1.0,A01
201800018544,2.0,31,0,0.0,0.0,7.0,1.0,A01
201800018545,0.0,7,0,0.0,1.0,2.0,1.0,A01
201800018546,1.0,33,0,0.0,0.0,7.0,1.0,A01
201800018547,2.0,7,0,13.0,0.0,2.0,1.0,A01
201800018548,2.0,15,0,0.0,2.0,2.0,1.0,B01
201800018548,1.0,7,0,0.0,2.0,4.0,0.0,A01
201800018549,1.0,33,0,2.0,0.0,1.0,1.0,A01
201800018550,1.0,7,0,0.0,2.0,3.0,1.0,B01
201800018550,2.0,7,0,0.0,2.0,3.0,0.0,A01
201800018551,2.0,33,0,13.0,0.0,1.0,0.0,A01
201800018552,1.0,7,0,13.0,0.0,2.0,13.0,A01
201800018553,2.0,7,0,0.0,2.0,3.0,1.0,B01
201800018553,1.0,7,0,0.0,2.0,1.0,13.0,A01
201800018554,2.0,7,0,0.0,2.0,8.0,15.0,B01
201800018554,2.0,33,0,0.0,2.0,1.0,17.0,A01
201800018555,1.0,7,0,0.0,2.0,1.0,1.0,B01
201800018555,2.0,7,0,0.0,2.0,3.0,15.0,A01
201800018556,1.0,17,0,0.0,0.0,8.0,2.0,A01
201800018557,0.0,33,0,0.0,2.0,2.0,1.0,A01
201800018557,0.0,7,0,0.0,2.0,2.0,15.0,B01
201800018558,2.0,36,0,0.0,1.0,1.0,0.0,A01
201800018559,2.0,2,0,0.0,2.0,1.0,9.0,A01
201800018559,1.0,7,0,0.0,2.0,2.0,1.0,B01
201800018560,0.0,7,0,0.0,2.0,1.0,9.0,B01
201800018560,1.0,7,0,0.0,5.0,3.0,1.0,A01
201800018561,2.0,33,0,0.0,2.0,1.0,1.0,A01
201800018561,1.0,7,0,0.0,2.0,2.0,1.0,B01
201800018562,0.0,7,0,0.0,1.0,2.0,1.0,A01
201800018563,2.0,33,0,6.0,2.0,3.0,9.0,A01
201800018563,1.0,7,0,0.0,2.0,6.0,5.0,B01
201800018564,1.0,7,0,13.0,0.0,1.0,0.0,A01
201800018565,0.0,7,0,13.0,0.0,3.0,2.0,A01
201800018565,0.0,7,0,0.0,2.0,3.0,13.0,B01
201800018566,0.0,33,0,13.0,0.0,1.0,0.0,A01
201800018567,0.0,7,0,0.0,0.0,5.0,15.0,A01
201800018567,0.0,33,0,0.0,2.0,1.0,1.0,B01
201800018568,0.0,7,0,2.0,0.0,3.0,1.0,A01
201800018569,2.0,21,0,0.0,9.0,1.0,1.0,A01
201800018570,0.0,1,0,0.0,2.0,8.0,0.0,B01
201800018570,0.0,7,0,0.0,2.0,2.0,9.0,A01
201800018571,2.0,7,0,2.0,0.0,1.0,1.0,A01
201800018572,2.0,7,0,0.0,2.0,6.0,1.0,B01
201800018572,1.0,3,0,0.0,2.0,3.0,13.0,A01
201800018573,0.0,7,0,0.0,2.0,3.0,13.0,A01
201800018573,1.0,7,0,0.0,2.0,3.0,0.0,B01
201800018574,0.0,7,0,6.0,0.0,1.0,1.0,A01
201800018575,2.0,2,0,0.0,2.0,3.0,1.0,A01
201800018575,1.0,7,0,0.0,2.0,3.0,1.0,B01
201800018576,0.0,7,0,0.0,2.0,1.0,9.0,A01
201800018576,2.0,1,0,0.0,2.0,7.0,2.0,B01
201800018577,0.0,33,0,0.0,0.0,1.0,2.0,A01
201800018577,0.0,33,0,0.0,0.0,4.0,2.0,B01
201800018578,2.0,7,0,6.0,0.0,1.0,9.0,A01
201800018579,1.0,3,0,0.0,0.0,4.0,1.0,B01
201800018579,1.0,7,0,0.0,0.0,4.0,1.0,A01
201800018579,1.0,7,0,0.0,2.0,1.0,1.0,C01
201800018580,0.0,7,0,0.0,2.0,1.0,1.0,B01
201800018580,0.0,7,0,0.0,2.0,1.0,19.0,A01
201800018581,0.0,7,0,2.0,0.0,3.0,14.0,A01
201800018582,0.0,1,0,0.0,2.0,3.0,19.0,B01
201800018582,0.0,7,0,0.0,2.0,1.0,1.0,A01
201800018583,0.0,2,0,0.0,0.0,0.0,0.0,A01
201800018584,0.0,16,0,0.0,2.0,3.0,15.0,A01
201800018584,0.0,2,0,0.0,2.0,1.0,17.0,B01
201800018585,1.0,1,0,0.0,2.0,1.0,1.0,B01
201800018585,0.0,7,0,0.0,2.0,3.0,17.0,A01
201800018585,0.0,7,0,0.0,2.0,3.0,1.0,C01
201800018586,0.0,33,0,0.0,0.0,0.0,1.0,A01
201800018587,1.0,7,0,0.0,2.0,1.0,5.0,A01
201800018587,2.0,7,0,0.0,2.0,1.0,1.0,B01
201800018588,0.0,32,0,0.0,0.0,7.0,0.0,A01
201800018589,2.0,33,0,0.0,2.0,2.0,1.0,B01
201800018589,1.0,7,0,0.0,2.0,3.0,15.0,A01
201800018590,2.0,7,0,0.0,2.0,3.0,17.0,B01
201800018590,1.0,7,0,0.0,2.0,3.0,1.0,A01
201800018591,0.0,7,0,0.0,0.0,0.0,1.0,A01
201800018592,2.0,7,0,0.0,0.0,0.0,0.0,C01
201800018592,2.0,7,0,0.0,2.0,9.0,17.0,A01
201800018592,1.0,2,0,0.0,9.0,0.0,1.0,B01
201800018593,1.0,17,0,0.0,2.0,6.0,1.0,A01
201800018593,1.0,7,0,0.0,0.0,6.0,23.0,B01
201800018593,2.0,17,0,0.0,2.0,3.0,1.0,C01
201800018594,1.0,7,0,0.0,0.0,3.0,21.0,B01
201800018594,1.0,7,0,0.0,2.0,1.0,19.0,A01
201800018595,2.0,7,0,0.0,2.0,5.0,19.0,A01
201800018595,2.0,7,0,0.0,2.0,1.0,1.0,B01
201800018596,2.0,7,0,13.0,0.0,2.0,14.0,A01
201800018597,1.0,7,0,0.0,2.0,1.0,1.0,B01
201800018597,2.0,7,0,0.0,2.0,1.0,15.0,A01
201800018598,2.0,33,0,0.0,6.0,1.0,1.0,A01
201800018599,2.0,7,0,0.0,2.0,1.0,17.0,A01
201800018599,1.0,7,0,0.0,2.0,1.0,1.0,B01
201800018600,2.0,7,0,0.0,2.0,3.0,13.0,A01
201800018600,1.0,7,0,0.0,2.0,3.0,1.0,B01
201800018601,2.0,7,0,0.0,2.0,2.0,1.0,B01
201800018601,1.0,7,0,0.0,2.0,3.0,1.0,A01
201800018602,1.0,7,0,0.0,2.0,3.0,13.0,A01
201800018602,2.0,7,0,0.0,2.0,3.0,1.0,B01
201800018603,1.0,7,0,0.0,2.0,1.0,15.0,A01
201800018603,2.0,7,0,0.0,2.0,3.0,1.0,B01
201800018604,1.0,7,0,0.0,2.0,3.0,1.0,A01
201800018604,2.0,7,0,0.0,2.0,9.0,13.0,B01
201800018605,1.0,99,0,0.0,0.0,5.0,23.0,A01
201800018605,1.0,2,0,0.0,2.0,1.0,2.0,B01
201800018606,2.0,7,0,2.0,0.0,3.0,1.0,A01
201800018607,2.0,7,0,0.0,2.0,3.0,1.0,A01
201800018607,1.0,33,0,0.0,0.0,1.0,0.0,B01
201800018608,1.0,30,0,0.0,2.0,3.0,13.0,A01
201800018608,2.0,7,0,0.0,2.0,3.0,1.0,B01
201800018609,2.0,10,0,0.0,2.0,2.0,19.0,B01
201800018609,1.0,33,0,0.0,2.0,1.0,1.0,A01
201800018610,2.0,7,0,0.0,0.0,8.0,1.0,A01
201800018610,2.0,7,0,0.0,2.0,1.0,19.0,B01
201800018611,2.0,7,0,0.0,2.0,3.0,19.0,A01
201800018611,2.0,7,0,0.0,2.0,1.0,1.0,B01
201800018612,2.0,7,0,0.0,2.0,3.0,1.0,B01
201800018612,1.0,7,0,0.0,2.0,1.0,1.0,A01
201800018613,2.0,33,0,0.0,0.0,9.0,14.0,A01
201800018614,1.0,7,0,0.0,2.0,1.0,15.0,A01
201800018614,2.0,7,0,0.0,2.0,2.0,1.0,B01
201800018615,2.0,7,0,13.0,0.0,0.0,1.0,A01
201800018616,2.0,7,0,6.0,0.0,1.0,1.0,A01
201800018617,1.0,33,0,0.0,2.0,1.0,1.0,A01
201800018617,2.0,7,0,0.0,2.0,3.0,13.0,B01
201800018617,2.0,7,0,0.0,9.0,2.0,1.0,C01
201800018618,1.0,7,0,0.0,1.0,3.0,1.0,A01
201800018618,2.0,7,0,0.0,1.0,2.0,1.0,B01
201800018619,2.0,7,0,0.0,2.0,1.0,1.0,B01
201800018619,1.0,7,0,0.0,2.0,1.0,13.0,A01
201800018620,1.0,33,0,12.0,0.0,1.0,1.0,A01
201800018621,1.0,7,0,2.0,0.0,1.0,21.0,A01
201800018622,1.0,33,0,0.0,2.0,1.0,0.0,A01
201800018622,1.0,7,0,0.0,0.0,3.0,9.0,B01
201800018623,1.0,33,0,8.0,0.0,0.0,2.0,A01
201800018624,1.0,2,0,0.0,2.0,2.0,15.0,A01
201800018624,2.0,7,0,0.0,2.0,1.0,1.0,B01
201800018625,2.0,33,0,7.0,0.0,3.0,1.0,A01
201800018626,2.0,7,0,0.0,1.0,2.0,19.0,A01
201800018627,2.0,33,0,0.0,0.0,1.0,1.0,A01
201800018628,0.0,2,0,0.0,2.0,3.0,1.0,A01
201800018628,0.0,7,0,0.0,0.0,1.0,19.0,B01
201800018629,0.0,7,0,6.0,0.0,3.0,1.0,A01
201800018630,2.0,1,0,0.0,0.0,8.0,1.0,A01
201800018630,0.0,10,0,0.0,2.0,2.0,1.0,B01
201800018631,2.0,7,0,0.0,1.0,3.0,1.0,A01
201800018632,0.0,33,0,0.0,2.0,1.0,2.0,B01
201800018632,0.0,7,0,0.0,2.0,6.0,10.0,A01
201800018633,1.0,33,0,0.0,2.0,1.0,1.0,A01
201800018633,1.0,7,0,0.0,2.0,8.0,10.0,B01
201800018634,1.0,10,0,0.0,2.0,3.0,1.0,B01
201800018634,2.0,33,0,0.0,2.0,1.0,13.0,A01
201800018635,1.0,7,0,0.0,2.0,6.0,2.0,B01
201800018635,2.0,2,0,0.0,2.0,1.0,2.0,A01
201800018636,1.0,7,0,0.0,2.0,3.0,1.0,A01
201800018636,2.0,33,0,0.0,2.0,1.0,13.0,B01
201800018637,1.0,1,0,0.0,2.0,8.0,2.0,B01
201800018637,1.0,7,0,0.0,9.0,7.0,2.0,A01
201800018638,1.0,33,0,8.0,0.0,1.0,1.0,A01
201800018639,2.0,7,0,0.0,0.0,4.0,2.0,B01
201800018639,2.0,7,0,0.0,0.0,4.0,2.0,C01
201800018639,2.0,7,0,0.0,2.0,1.0,2.0,A01
201800018640,0.0,7,0,0.0,0.0,1.0,0.0,A01
201800018641,1.0,2,0,0.0,2.0,1.0,13.0,A01
201800018641,2.0,7,0,0.0,2.0,1.0,1.0,B01
201800018642,2.0,10,0,0.0,9.0,8.0,1.0,B01
201800018642,1.0,1,0,0.0,2.0,8.0,1.0,A01
201800018643,1.0,7,0,2.0,0.0,1.0,0.0,A01
201800018644,0.0,7,0,0.0,9.0,3.0,11.0,A01
201800018644,0.0,1,0,12.0,2.0,1.0,1.0,B01
201800018645,2.0,33,0,0.0,2.0,1.0,1.0,A01
201800018645,1.0,7,0,7.0,0.0,5.0,19.0,B01
201800018646,0.0,1,0,0.0,2.0,3.0,1.0,B01
201800018646,0.0,7,0,0.0,2.0,6.0,19.0,A01
201800018647,1.0,7,0,9.0,0.0,1.0,1.0,A01
201800018648,1.0,33,0,0.0,2.0,2.0,15.0,A01
201800018648,2.0,7,0,0.0,2.0,3.0,1.0,B01
201800018649,2.0,7,0,0.0,2.0,3.0,15.0,A01
201800018649,2.0,33,0,0.0,2.0,2.0,2.0,B01
201800018650,2.0,7,0,0.0,2.0,3.0,11.0,A01
201800018650,2.0,7,0,0.0,2.0,7.0,1.0,B01
201800018651,0.0,33,0,0.0,1.0,1.0,17.0,A01
201800018652,2.0,33,0,0.0,2.0,1.0,0.0,A01
201800018652,2.0,7,0,0.0,0.0,4.0,2.0,B01
201800018653,2.0,7,0,13.0,0.0,2.0,0.0,A01
201800018654,2.0,7,0,6.0,0.0,3.0,0.0,A01
201800018655,1.0,7,0,0.0,2.0,3.0,1.0,B01
201800018655,2.0,7,0,0.0,2.0,3.0,17.0,A01
201800018656,1.0,7,0,0.0,1.0,2.0,0.0,A01
201800018657,1.0,7,0,2.0,0.0,1.0,13.0,A01
201800018658,1.0,7,0,0.0,2.0,3.0,13.0,A01
201800018658,2.0,7,0,0.0,2.0,3.0,1.0,B01
201800018659,2.0,10,0,0.0,2.0,3.0,23.0,C01
201800018659,2.0,10,0,0.0,2.0,2.0,15.0,B01
201800018659,1.0,2,0,0.0,2.0,0.0,1.0,A01
201800018660,1.0,10,0,0.0,0.0,0.0,19.0,A01
201800018660,1.0,33,0,0.0,0.0,0.0,1.0,B01
201800018661,1.0,7,0,2.0,0.0,1.0,2.0,A01
201800018662,0.0,7,0,0.0,1.0,1.0,1.0,A01
201800018663,2.0,7,0,0.0,2.0,3.0,5.0,A01
201800018663,1.0,7,0,7.0,2.0,3.0,1.0,B01
201800018664,0.0,99,0,0.0,2.0,1.0,17.0,A01
201800018664,0.0,7,0,0.0,2.0,3.0,1.0,B01
201800018665,2.0,7,0,0.0,2.0,3.0,13.0,B01
201800018665,2.0,33,0,0.0,2.0,2.0,3.0,A01
201800018666,2.0,7,0,16.0,0.0,3.0,0.0,A01
201800018666,1.0,7,0,16.0,0.0,3.0,0.0,B01
201800018667,2.0,7,0,0.0,0.0,3.0,1.0,B01
201800018667,1.0,2,0,0.0,0.0,1.0,15.0,A01
201800018668,1.0,3,0,0.0,1.0,3.0,1.0,A01
201800018669,1.0,33,0,0.0,6.0,3.0,1.0,A01
201800018670,2.0,7,0,0.0,2.0,3.0,13.0,A01
201800018670,1.0,7,0,0.0,0.0,1.0,1.0,B01
201800018671,1.0,7,0,0.0,2.0,3.0,1.0,A01
201800018671,2.0,2,0,0.0,2.0,1.0,15.0,B01
201800018672,0.0,10,0,0.0,2.0,1.0,19.0,A01
201800018672,0.0,10,0,0.0,2.0,1.0,1.0,B01
201800018673,2.0,7,0,3.0,0.0,5.0,15.0,A01
201800018673,1.0,7,0,0.0,0.0,2.0,1.0,B01
201800018674,2.0,7,0,0.0,1.0,2.0,1.0,A01
201800018675,0.0,7,0,6.0,0.0,1.0,1.0,A01
201800018676,1.0,7,0,0.0,2.0,1.0,13.0,B01
201800018676,2.0,7,0,0.0,2.0,3.0,1.0,A01
201800018677,1.0,7,0,0.0,2.0,3.0,1.0,B01
201800018677,2.0,7,0,0.0,2.0,1.0,13.0,A01
201800018678,0.0,2,0,0.0,2.0,2.0,9.0,A01
201800018678,0.0,7,0,0.0,2.0,5.0,1.0,B01
201800018679,0.0,2,0,0.0,0.0,1.0,0.0,B01
201800018679,0.0,7,0,0.0,2.0,1.0,1.0,A01
201800018680,1.0,1,0,0.0,0.0,0.0,2.0,A01
201800018681,1.0,7,0,0.0,2.0,2.0,9.0,A01
201800018681,1.0,33,0,0.0,2.0,8.0,1.0,B01
201800018682,1.0,7,0,0.0,2.0,4.0,2.0,A01
201800018682,1.0,7,0,0.0,2.0,1.0,2.0,B01
201800018683,0.0,1,0,0.0,2.0,1.0,1.0,B01
201800018683,2.0,7,0,0.0,2.0,3.0,15.0,A01
201800018684,2.0,7,0,0.0,2.0,3.0,1.0,A01
201800018684,1.0,7,0,0.0,2.0,1.0,13.0,B01
201800018685,1.0,33,0,0.0,0.0,8.0,1.0,A01
201800018686,1.0,7,0,6.0,0.0,2.0,1.0,A01
201800018687,2.0,7,0,0.0,2.0,6.0,1.0,B01
201800018687,2.0,7,0,0.0,2.0,2.0,17.0,A01
201800018688,1.0,7,0,0.0,2.0,3.0,13.0,A01
201800018688,2.0,7,0,0.0,2.0,2.0,0.0,B01
201800018689,1.0,99,0,0.0,1.0,2.0,1.0,A01
201800018690,1.0,33,0,13.0,0.0,1.0,17.0,A01
201800018691,0.0,7,0,0.0,2.0,3.0,19.0,A01
201800018691,0.0,1,0,0.0,2.0,1.0,0.0,B01
201800018692,0.0,7,0,0.0,1.0,3.0,2.0,A01
201800018693,2.0,33,0,0.0,2.0,8.0,21.0,A01
201800018693,1.0,10,0,0.0,2.0,3.0,1.0,B01
201800018694,2.0,33,0,1.0,0.0,1.0,13.0,A01
201800018694,1.0,7,0,0.0,0.0,0.0,0.0,B01
201800018695,1.0,7,0,0.0,6.0,9.0,1.0,A01
201800018696,2.0,7,0,6.0,0.0,3.0,19.0,A01
201800018697,2.0,32,0,0.0,6.0,1.0,0.0,A01
201800018698,2.0,2,0,0.0,2.0,1.0,1.0,A01
201800018698,2.0,7,0,0.0,2.0,8.0,1.0,B01
201800018699,2.0,33,0,0.0,2.0,1.0,1.0,B01
201800018699,1.0,7,0,0.0,2.0,8.0,19.0,A01
201800018700,2.0,7,0,0.0,1.0,1.0,1.0,A01
201800018701,1.0,31,0,0.0,2.0,1.0,18.0,A01
201800018701,1.0,10,0,0.0,2.0,2.0,16.0,B01
201800018702,0.0,1,0,0.0,2.0,4.0,1.0,B01
201800018702,0.0,7,0,0.0,2.0,1.0,1.0,A01
201800018702,0.0,7,0,0.0,2.0,8.0,1.0,C01
201800018703,1.0,7,0,0.0,2.0,1.0,1.0,A01
201800018703,2.0,7,0,0.0,2.0,1.0,1.0,B01
201800018703,2.0,7,0,0.0,2.0,1.0,1.0,C01
201800018704,1.0,7,0,6.0,0.0,1.0,0.0,A01
201800018705,2.0,7,0,0.0,1.0,3.0,1.0,A01
201800018706,1.0,14,0,0.0,0.0,7.0,0.0,A01
201800018707,0.0,7,0,0.0,0.0,0.0,1.0,A01
201800018708,2.0,7,0,0.0,2.0,2.0,21.0,A01
201800018708,2.0,33,0,0.0,0.0,4.0,1.0,B01
201800018709,2.0,3,0,0.0,2.0,1.0,13.0,A01
201800018709,2.0,3,0,0.0,2.0,1.0,1.0,B01
201800018710,1.0,33,0,0.0,2.0,7.0,17.0,A01
201800018710,1.0,7,0,0.0,2.0,3.0,15.0,B01
201800018711,2.0,7,0,0.0,2.0,1.0,5.0,A01
201800018711,1.0,15,0,0.0,2.0,1.0,21.0,B01
201800018712,0.0,15,0,0.0,2.0,0.0,0.0,B01
201800018712,1.0,33,0,0.0,2.0,0.0,0.0,A01
201800018713,1.0,7,0,0.0,2.0,3.0,15.0,A01
201800018713,2.0,7,0,0.0,2.0,3.0,1.0,B01
201800018714,2.0,7,0,0.0,2.0,6.0,0.0,A01
201800018714,1.0,7,0,8.0,2.0,3.0,1.0,B01
201800018715,1.0,33,0,0.0,2.0,1.0,1.0,A01
201800018715,2.0,7,0,0.0,2.0,3.0,1.0,B01
201800018716,1.0,7,0,0.0,2.0,8.0,1.0,D01
201800018716,2.0,33,0,0.0,2.0,3.0,17.0,A01
201800018716,2.0,33,0,0.0,2.0,3.0,17.0,B01
201800018716,1.0,7,0,0.0,2.0,3.0,1.0,C01
201800018717,1.0,15,0,0.0,9.0,1.0,0.0,A01
201800018718,2.0,7,0,13.0,2.0,1.0,17.0,A01
201800018718,2.0,7,0,0.0,2.0,3.0,15.0,B01
201800018719,1.0,7,0,0.0,2.0,2.0,17.0,A01
201800018719,1.0,1,0,0.0,2.0,8.0,13.0,B01
201800018720,2.0,33,0,0.0,2.0,1.0,13.0,A01
201800018720,1.0,7,0,0.0,2.0,1.0,0.0,B01
201800018721,1.0,2,0,0.0,2.0,1.0,1.0,A01
201800018721,2.0,10,0,0.0,2.0,4.0,15.0,B01
201800018722,1.0,7,0,0.0,1.0,1.0,0.0,A01
201800018723,2.0,7,0,2.0,0.0,1.0,0.0,A01
201800018724,1.0,13,0,0.0,2.0,3.0,1.0,B01
201800018724,2.0,7,0,0.0,2.0,1.0,13.0,A01
201800018725,0.0,2,0,12.0,0.0,1.0,1.0,A01
201800018726,2.0,7,0,2.0,9.0,8.0,13.0,A01
201800018727,1.0,7,0,0.0,2.0,3.0,1.0,B01
201800018727,2.0,7,0,0.0,2.0,3.0,15.0,A01
201800018728,2.0,7,0,0.0,2.0,1.0,13.0,A01
201800018728,1.0,7,0,0.0,2.0,1.0,1.0,B01
201800018729,2.0,7,0,0.0,1.0,2.0,13.0,A01
201800018730,2.0,10,0,0.0,2.0,3.0,15.0,B01
201800018730,1.0,31,0,0.0,2.0,3.0,1.0,A01
201800018731,1.0,10,0,0.0,2.0,2.0,17.0,A01
201800018731,1.0,1,0,0.0,0.0,6.0,1.0,B01
201800018732,1.0,7,0,0.0,1.0,1.0,1.0,A01
201800018733,2.0,7,0,0.0,2.0,1.0,5.0,A01
201800018733,1.0,7,0,0.0,2.0,1.0,1.0,B01
201800018734,1.0,1,0,0.0,2.0,0.0,16.0,B01
201800018734,1.0,7,0,0.0,2.0,3.0,16.0,A01
201800018735,0.0,7,0,15.0,0.0,1.0,1.0,A01
201800018736,2.0,7,0,0.0,2.0,1.0,1.0,B01
201800018736,1.0,7,0,0.0,2.0,1.0,15.0,A01
201800018737,0.0,7,0,0.0,2.0,7.0,15.0,A01
201800018737,0.0,1,0,0.0,2.0,1.0,1.0,B01
201800018738,0.0,7,0,9.0,0.0,3.0,13.0,A01
201800018739,2.0,7,0,1.0,0.0,2.0,0.0,A01
201800018740,1.0,7,0,0.0,2.0,3.0,1.0,B01
201800018740,2.0,2,0,0.0,2.0,1.0,13.0,A01
201800018741,0.0,7,0,0.0,2.0,1.0,15.0,A01
201800018741,1.0,31,0,0.0,2.0,7.0,1.0,B01
201800018742,0.0,2,0,0.0,0.0,0.0,2.0,A01
201800018743,2.0,7,0,0.0,2.0,2.0,15.0,A01
201800018743,1.0,2,0,0.0,2.0,1.0,5.0,B01
201800018744,0.0,30,0,0.0,2.0,1.0,1.0,B01
201800018744,0.0,7,0,0.0,2.0,1.0,15.0,A01
201800018745,1.0,7,0,0.0,0.0,6.0,15.0,A01
201800018745,1.0,33,0,0.0,2.0,1.0,1.0,B01
201800018746,1.0,7,0,0.0,1.0,4.0,4.0,A01
201800018747,1.0,2,0,0.0,2.0,0.0,0.0,A01
201800018747,1.0,2,0,0.0,2.0,0.0,0.0,B01
201800018747,1.0,2,0,13.0,0.0,1.0,1.0,C01
201800018748,1.0,7,0,0.0,2.0,3.0,13.0,A01
201800018748,2.0,7,0,0.0,2.0,3.0,1.0,B01
201800018749,2.0,7,0,0.0,2.0,3.0,13.0,A01
201800018749,1.0,7,0,0.0,2.0,3.0,1.0,B01
201800018750,0.0,7,0,0.0,1.0,4.0,14.0,A01
201800018751,2.0,33,0,0.0,2.0,1.0,17.0,A01
201800018751,1.0,33,0,7.0,2.0,1.0,1.0,B01
201800018752,1.0,7,0,13.0,0.0,9.0,0.0,A01
201800018753,2.0,7,0,12.0,0.0,9.0,1.0,A01
201800018754,0.0,7,0,16.0,0.0,1.0,1.0,A01
201800018755,1.0,7,0,0.0,1.0,1.0,17.0,A01