Num_Acc,senc,catv,occutc,obs,obsm,choc,manv,num_veh
201800019041,1.0,7,0,2.0,0.0,2.0,13.0,A01
201800019042,2.0,7,0,6.0,0.0,1.0,1.0,A01
201800019043,2.0,7,0,13.0,0.0,3.0,1.0,A01
201800019044,0.0,7,0,0.0,2.0,2.0,19.0,A01
201800019044,1.0,33,0,0.0,2.0,1.0,15.0,B01
201800019045,0.0,33,0,0.0,2.0,2.0,1.0,A01
201800019045,2.0,7,0,0.0,2.0,3.0,9.0,B01
201800019046,0.0,7,0,0.0,2.0,3.0,1.0,B01
201800019046,0.0,2,0,0.0,2.0,1.0,1.0,A01
201800019047,1.0,7,0,13.0,0.0,2.0,1.0,A01
201800019048,1.0,7,0,0.0,9.0,2.0,1.0,A01
201800019048,2.0,1,0,0.0,2.0,1.0,15.0,B01
201800019049,2.0,7,0,0.0,2.0,3.0,13.0,B01
201800019049,1.0,7,0,0.0,2.0,3.0,1.0,A01
201800019050,2.0,7,0,0.0,0.0,1.0,1.0,B01
201800019050,1.0,7,0,0.0,0.0,5.0,1.0,A01
201800019051,2.0,7,0,0.0,2.0,2.0,15.0,A01
201800019051,1.0,10,0,0.0,2.0,1.0,1.0,B01
201800019052,0.0,7,0,0.0,1.0,1.0,21.0,A01
201800019053,2.0,7,0,0.0,2.0,3.0,0.0,B01
201800019053,1.0,10,0,0.0,2.0,2.0,13.0,A01
201800019054,1.0,36,0,1.0,0.0,2.0,16.0,A01
201800019055,1.0,7,0,8.0,0.0,1.0,1.0,A01
201800019056,2.0,7,0,0.0,2.0,1.0,1.0,B01
201800019056,1.0,7,0,0.0,2.0,3.0,13.0,A01
201800019057,1.0,2,0,6.0,0.0,2.0,1.0,A01
201800019058,2.0,7,0,0.0,2.0,1.0,1.0,B01
201800019058,1.0,7,0,0.0,0.0,7.0,13.0,A01
201800019059,2.0,1,0,13.0,5.0,1.0,21.0,B01
201800019060,2.0,7,0,0.0,2.0,3.0,13.0,A01
201800019060,1.0,7,0,0.0,2.0,3.0,1.0,B01
201800019061,2.0,33,0,0.0,2.0,1.0,13.0,A01
201800019061,1.0,7,0,0.0,2.0,3.0,1.0,B01
201800019062,1.0,7,0,0.0,0.0,0.0,1.0,B01
201800019062,1.0,30,0,12.0,0.0,0.0,1.0,A01
201800019063,2.0,7,0,0.0,2.0,2.0,15.0,B01
201800019063,2.0,2,0,0.0,2.0,1.0,1.0,A01
201800019064,1.0,7,0,0.0,0.0,0.0,1.0,C01
201800019064,2.0,7,0,0.0,2.0,3.0,13.0,A01
201800019064,1.0,31,0,0.0,2.0,1.0,1.0,B01
201800019065,1.0,7,0,12.0,0.0,1.0,0.0,A01
201800019066,2.0,31,0,0.0,2.0,1.0,5.0,B01
201800019066,1.0,7,0,0.0,0.0,6.0,15.0,A01
201800019067,2.0,7,0,0.0,2.0,7.0,15.0,A01
201800019067,2.0,33,0,0.0,2.0,1.0,1.0,B01
201800019068,2.0,7,0,0.0,9.0,3.0,1.0,B01
201800019068,1.0,33,0,0.0,2.0,1.0,13.0,A01
201800019069,1.0,2,0,0.0,2.0,1.0,2.0,A01
201800019069,2.0,7,0,0.0,2.0,3.0,5.0,C01
201800019069,1.0,7,0,0.0,0.0,6.0,2.0,B01
201800019070,0.0,7,0,0.0,0.0,3.0,0.0,A01
201800019071,1.0,7,0,2.0,0.0,3.0,13.0,A01
201800019072,0.0,15,0,0.0,2.0,3.0,1.0,B01
201800019072,0.0,7,0,0.0,2.0,3.0,13.0,A01
201800019073,0.0,7,0,13.0,0.0,2.0,1.0,A01
201800019074,1.0,7,0,0.0,2.0,3.0,17.0,A01
201800019074,1.0,7,0,0.0,2.0,8.0,1.0,B01
201800019074,2.0,10,0,0.0,2.0,8.0,1.0,D01
201800019074,2.0,7,0,0.0,2.0,9.0,1.0,C01
201800019075,1.0,7,0,0.0,1.0,1.0,1.0,A01
201800019076,0.0,36,0,0.0,0.0,0.0,1.0,A01
201800019077,2.0,2,0,6.0,0.0,1.0,0.0,A01
201800019078,1.0,7,0,0.0,9.0,5.0,1.0,A01
201800019078,1.0,1,0,0.0,2.0,0.0,5.0,B01
201800019079,1.0,33,0,0.0,0.0,0.0,0.0,A01
201800019079,1.0,33,0,0.0,0.0,0.0,1.0,B01
201800019080,2.0,7,0,13.0,2.0,3.0,5.0,A01
201800019080,1.0,7,0,0.0,0.0,3.0,1.0,B01
201800019081,1.0,7,0,0.0,2.0,1.0,14.0,A01
201800019081,2.0,7,0,0.0,2.0,2.0,14.0,B01
201800019082,2.0,7,0,0.0,0.0,9.0,1.0,A01
201800019083,1.0,38,1,0.0,0.0,1.0,1.0,A01
201800019083,0.0,1,0,0.0,0.0,7.0,15.0,B01
201800019084,2.0,2,0,0.0,2.0,1.0,1.0,B01
201800019084,1.0,7,0,0.0,2.0,3.0,1.0,A01
201800019085,2.0,7,0,0.0,0.0,0.0,1.0,A01
201800019086,1.0,7,0,8.0,0.0,9.0,1.0,A01
201800019087,1.0,31,0,3.0,0.0,3.0,13.0,A01
201800019088,1.0,2,0,1.0,0.0,1.0,0.0,A01
201800019089,1.0,1,0,0.0,2.0,3.0,15.0,A01
201800019089,1.0,17,0,0.0,2.0,5.0,1.0,B01
201800019090,0.0,7,0,13.0,0.0,0.0,2.0,A01
201800019091,2.0,7,0,0.0,1.0,1.0,1.0,A01
201800019092,0.0,7,0,13.0,0.0,9.0,13.0,A01
201800019093,0.0,7,0,0.0,0.0,1.0,0.0,B01
201800019093,0.0,7,0,0.0,0.0,1.0,0.0,A01
201800019094,0.0,7,0,13.0,0.0,3.0,0.0,A01
201800019095,0.0,33,0,0.0,9.0,1.0,1.0,C01
201800019095,0.0,7,0,0.0,0.0,4.0,1.0,A01
201800019096,1.0,14,0,0.0,2.0,1.0,2.0,C01
201800019096,2.0,7,0,0.0,2.0,1.0,5.0,A01
201800019096,1.0,7,0,0.0,2.0,1.0,1.0,B01
201800019097,0.0,15,0,0.0,0.0,8.0,1.0,B01
201800019097,0.0,7,0,4.0,2.0,1.0,17.0,A01
201800019098,0.0,33,0,16.0,0.0,0.0,0.0,A01
201800019099,0.0,21,0,0.0,2.0,6.0,15.0,B01
201800019099,0.0,7,0,0.0,2.0,3.0,17.0,A01
201800019100,0.0,7,0,0.0,0.0,7.0,1.0,A01
201800019100,0.0,1,0,0.0,2.0,1.0,5.0,B01
201800019101,0.0,33,0,0.0,0.0,0.0,0.0,A01
201800019102,1.0,7,0,0.0,2.0,1.0,17.0,B01
201800019102,1.0,7,0,0.0,2.0,3.0,15.0,A01
201800019103,0.0,7,0,0.0,1.0,3.0,1.0,A01
201800019104,0.0,7,0,0.0,1.0,2.0,1.0,A01
201800019105,0.0,7,0,6.0,0.0,1.0,1.0,A01
201800019106,0.0,15,0,0.0,0.0,0.0,0.0,A01
201800019107,1.0,7,0,2.0,0.0,9.0,13.0,A01
201800019108,2.0,2,0,0.0,2.0,1.0,1.0,A01
201800019108,1.0,7,0,0.0,2.0,2.0,15.0,B01
201800019109,1.0,36,0,0.0,0.0,0.0,1.0,A01
201800019110,1.0,10,0,0.0,2.0,3.0,1.0,B01
201800019110,2.0,7,0,0.0,2.0,3.0,5.0,A01
201800019111,2.0,7,0,0.0,2.0,1.0,1.0,A01
201800019111,2.0,7,0,0.0,2.0,1.0,1.0,C01
201800019111,1.0,17,0,0.0,2.0,1.0,1.0,B01
201800019112,1.0,15,0,0.0,1.0,2.0,2.0,A01
201800019113,1.0,7,0,6.0,0.0,3.0,1.0,A01
201800019114,1.0,7,0,0.0,2.0,2.0,15.0,A01
201800019114,0.0,7,0,0.0,2.0,3.0,0.0,B01
201800019115,2.0,7,0,0.0,0.0,0.0,0.0,A01
201800019116,1.0,7,0,0.0,2.0,2.0,5.0,B01
201800019116,2.0,7,0,0.0,2.0,2.0,5.0,A01
201800019116,1.0,7,0,0.0,2.0,1.0,2.0,C01
201800019117,1.0,7,0,0.0,0.0,9.0,1.0,A01
201800019118,0.0,7,0,0.0,0.0,9.0,1.0,A01
201800019119,2.0,7,0,13.0,0.0,3.0,0.0,A01
201800019120,1.0,7,0,12.0,0.0,7.0,15.0,A01
201800019120,2.0,33,0,0.0,2.0,1.0,1.0,B01
201800019121,1.0,1,0,0.0,2.0,8.0,2.0,B01
201800019121,1.0,7,0,0.0,9.0,7.0,2.0,A01
201800019122,1.0,1,0,0.0,2.0,6.0,1.0,B01
201800019122,1.0,7,0,0.0,9.0,2.0,1.0,A01
201800019123,1.0,7,0,0.0,9.0,2.0,1.0,B01
201800019123,2.0,1,0,0.0,2.0,1.0,1.0,A01
201800019124,1.0,33,0,0.0,6.0,1.0,1.0,A01
201800019125,2.0,33,0,8.0,0.0,1.0,0.0,A01
201800019126,1.0,7,0,0.0,0.0,9.0,14.0,A01
201800019127,2.0,17,0,0.0,2.0,1.0,1.0,B01
201800019127,1.0,7,0,0.0,2.0,1.0,13.0,A01
201800019128,1.0,1,0,0.0,0.0,4.0,2.0,C01
201800019128,1.0,7,0,0.0,9.0,2.0,2.0,A01
201800019128,1.0,1,0,0.0,0.0,4.0,2.0,B01
201800019129,1.0,33,0,0.0,2.0,1.0,1.0,B01
201800019129,2.0,7,0,0.0,2.0,3.0,19.0,A01
201800019129,1.0,33,0,0.0,2.0,1.0,1.0,C01
201800019130,1.0,7,0,1.0,0.0,1.0,1.0,B01
201800019130,2.0,7,0,0.0,9.0,6.0,13.0,A01
201800019131,0.0,31,0,0.0,5.0,0.0,1.0,A01
201800019132,1.0,7,0,0.0,2.0,7.0,1.0,B01
201800019132,1.0,17,0,0.0,2.0,5.0,1.0,A01
201800019133,2.0,7,0,13.0,0.0,9.0,17.0,A01
201800019134,2.0,15,0,0.0,2.0,1.0,1.0,B01
201800019134,1.0,7,0,0.0,2.0,1.0,5.0,A01
201800019135,1.0,7,0,0.0,1.0,3.0,1.0,A01
201800019136,2.0,33,0,16.0,0.0,2.0,13.0,A01
201800019137,2.0,7,0,13.0,0.0,2.0,14.0,A01
201800019138,1.0,7,0,0.0,2.0,1.0,11.0,A01
201800019138,2.0,7,0,0.0,2.0,1.0,1.0,B01
201800019139,1.0,7,0,0.0,2.0,2.0,15.0,A01
201800019139,2.0,7,0,0.0,2.0,1.0,1.0,B01
201800019140,0.0,7,0,0.0,2.0,1.0,1.0,B01
201800019140,0.0,7,0,0.0,2.0,7.0,19.0,A01
201800019141,2.0,7,0,2.0,0.0,1.0,13.0,A01
201800019142,2.0,7,0,0.0,0.0,9.0,0.0,A01
201800019143,2.0,7,0,0.0,2.0,1.0,19.0,A01
201800019143,1.0,13,0,0.0,2.0,8.0,1.0,B01
201800019144,0.0,2,0,0.0,0.0,2.0,1.0,A01
201800019145,1.0,1,0,0.0,2.0,3.0,2.0,B01
201800019145,1.0,7,0,0.0,2.0,2.0,2.0,A01
201800019146,0.0,7,0,0.0,9.0,8.0,1.0,B01
201800019146,0.0,1,0,0.0,2.0,1.0,0.0,A01
201800019147,2.0,7,0,6.0,0.0,1.0,1.0,A01
201800019148,2.0,10,0,0.0,2.0,1.0,1.0,A01
201800019148,2.0,7,0,0.0,0.0,4.0,23.0,B01
201800019149,2.0,2,0,0.0,2.0,1.0,1.0,A01
201800019149,1.0,2,0,5.0,2.0,1.0,1.0,B01
201800019150,0.0,2,0,0.0,0.0,7.0,1.0,A01
201800019151,2.0,7,0,0.0,2.0,3.0,19.0,A01
201800019151,2.0,7,0,7.0,2.0,1.0,1.0,B01
201800019152,2.0,7,0,0.0,2.0,3.0,1.0,B01
201800019152,1.0,31,0,0.0,2.0,1.0,13.0,A01
201800019153,1.0,7,0,2.0,0.0,3.0,13.0,A01
201800019154,1.0,33,0,7.0,0.0,1.0,13.0,A01
201800019155,2.0,7,0,13.0,0.0,1.0,1.0,A01
201800019156,2.0,32,0,1.0,0.0,3.0,1.0,A01
201800019157,1.0,33,0,13.0,0.0,1.0,19.0,A01
201800019158,2.0,7,0,2.0,0.0,1.0,0.0,A01
201800019159,1.0,7,0,2.0,0.0,1.0,0.0,A01
201800019160,1.0,7,0,0.0,2.0,1.0,1.0,B01
201800019160,2.0,7,0,0.0,2.0,1.0,13.0,A01
201800019161,1.0,7,0,5.0,0.0,1.0,1.0,A01
201800019162,0.0,10,0,0.0,2.0,1.0,0.0,A01
201800019162,0.0,10,0,0.0,2.0,8.0,0.0,B01
201800019163,1.0,7,0,0.0,2.0,3.0,19.0,A01
201800019163,2.0,33,0,0.0,2.0,1.0,1.0,B01
201800019164,1.0,32,0,0.0,2.0,1.0,13.0,A01
201800019164,2.0,14,0,0.0,2.0,2.0,1.0,B01
201800019165,1.0,7,0,13.0,0.0,0.0,1.0,A01
201800019166,2.0,7,0,0.0,2.0,3.0,1.0,A01
201800019166,1.0,33,0,0.0,2.0,1.0,1.0,B01
201800019167,1.0,3,0,0.0,2.0,3.0,13.0,A01
201800019167,2.0,7,0,0.0,2.0,3.0,1.0,B01
201800019168,1.0,31,0,0.0,2.0,1.0,1.0,B01
201800019168,0.0,7,0,0.0,2.0,7.0,1.0,A01
201800019169,0.0,7,0,0.0,2.0,1.0,19.0,A01
201800019169,0.0,7,0,2.0,0.0,7.0,1.0,B01
201800019170,2.0,15,0,0.0,2.0,1.0,1.0,B01
201800019170,2.0,3,0,0.0,2.0,1.0,13.0,A01
201800019171,1.0,7,0,0.0,2.0,5.0,15.0,A01
201800019171,2.0,1,0,0.0,2.0,1.0,1.0,B01
201800019172,1.0,7,0,0.0,2.0,1.0,1.0,B01
201800019172,2.0,7,0,0.0,2.0,5.0,0.0,A01
201800019173,2.0,7,0,16.0,0.0,3.0,1.0,A01
201800019174,1.0,7,0,0.0,2.0,1.0,1.0,B01
201800019174,2.0,7,0,0.0,2.0,1.0,13.0,A01
201800019175,2.0,7,0,0.0,2.0,3.0,13.0,A01
201800019175,2.0,7,0,15.0,2.0,2.0,17.0,B01
201800019176,1.0,14,0,13.0,0.0,1.0,1.0,A01
201800019177,2.0,7,0,2.0,0.0,9.0,13.0,A01
201800019178,2.0,7,0,2.0,0.0,1.0,1.0,A01
201800019179,1.0,31,0,0.0,0.0,0.0,0.0,A01
201800019180,2.0,7,0,0.0,2.0,3.0,1.0,B01
201800019180,1.0,7,0,0.0,2.0,3.0,5.0,A01
201800019180,2.0,7,0,0.0,2.0,1.0,1.0,C01
201800019181,2.0,2,0,0.0,2.0,6.0,1.0,B01
201800019181,1.0,7,0,0.0,2.0,3.0,15.0,A01
201800019182,1.0,7,0,0.0,9.0,8.0,16.0,A01
201800019182,1.0,1,0,0.0,2.0,7.0,1.0,B01
201800019183,1.0,30,0,1.0,0.0,1.0,1.0,B01
201800019183,1.0,15,0,0.0,2.0,6.0,1.0,A01
201800019184,2.0,7,0,8.0,0.0,2.0,0.0,A01
201800019185,2.0,7,0,3.0,0.0,1.0,1.0,A01
201800019186,1.0,7,0,2.0,0.0,3.0,14.0,A01
201800019187,2.0,7,0,0.0,0.0,8.0,1.0,B01
201800019187,1.0,7,0,0.0,2.0,9.0,1.0,A01
201800019188,2.0,7,0,7.0,0.0,3.0,1.0,B01
201800019188,2.0,7,0,7.0,2.0,1.0,15.0,A01
201800019189,0.0,20,0,0.0,9.0,2.0,2.0,A01
201800019189,0.0,1,0,0.0,0.0,4.0,2.0,B01
201800019189,0.0,1,0,0.0,0.0,4.0,2.0,C01
201800019190,2.0,15,0,0.0,0.0,2.0,24.0,B01
201800019190,1.0,7,0,1.0,0.0,1.0,13.0,A01
201800019191,1.0,1,0,0.0,0.0,4.0,2.0,A01
201800019191,1.0,7,0,0.0,2.0,1.0,1.0,B01
201800019192,2.0,7,0,0.0,0.0,3.0,1.0,B01
201800019192,1.0,7,0,0.0,2.0,3.0,13.0,A01
201800019193,0.0,7,0,2.0,0.0,8.0,1.0,A01
201800019194,2.0,7,0,0.0,2.0,1.0,1.0,A01
201800019194,1.0,1,0,0.0,2.0,8.0,14.0,B01
201800019195,1.0,7,0,13.0,0.0,1.0,1.0,A01
201800019196,1.0,7,0,0.0,2.0,8.0,10.0,A01
201800019196,1.0,21,0,0.0,2.0,1.0,11.0,B01
201800019197,1.0,7,0,0.0,2.0,8.0,15.0,A01
201800019197,1.0,37,1,0.0,2.0,1.0,17.0,B01
201800019198,1.0,7,0,8.0,0.0,1.0,1.0,A01
201800019199,0.0,7,0,0.0,9.0,3.0,1.0,A01
201800019200,2.0,33,0,14.0,2.0,1.0,17.0,A01
201800019200,2.0,7,0,0.0,2.0,4.0,15.0,B01
201800019201,1.0,31,0,0.0,2.0,1.0,1.0,A01
201800019201,1.0,31,0,0.0,0.0,4.0,14.0,B01
201800019202,2.0,7,0,15.0,1.0,1.0,1.0,A01
201800019203,2.0,7,0,0.0,0.0,1.0,15.0,A01
201800019203,1.0,7,0,0.0,2.0,1.0,1.0,B01
201800019204,1.0,7,0,2.0,0.0,1.0,1.0,A01
201800019205,1.0,7,0,0.0,2.0,2.0,15.0,A01
201800019205,2.0,7,0,0.0,2.0,3.0,1.0,B01
201800019206,2.0,7,0,0.0,2.0,1.0,2.0,A01
201800019206,1.0,7,0,2.0,2.0,1.0,5.0,B01
201800019207,2.0,7,0,0.0,2.0,1.0,0.0,A01
201800019207,1.0,7,0,0.0,2.0,7.0,1.0,B01
201800019207,1.0,7,0,0.0,2.0,1.0,1.0,C01
201800019207,1.0,7,0,0.0,2.0,2.0,1.0,D01
201800019208,2.0,7,0,2.0,0.0,1.0,1.0,A01
201800019209,1.0,15,0,0.0,2.0,3.0,1.0,B01
201800019209,2.0,15,0,0.0,2.0,6.0,1.0,A01
201800019210,1.0,7,0,16.0,0.0,1.0,1.0,A01
201800019211,1.0,33,0,0.0,6.0,1.0,0.0,A01
201800019212,2.0,7,0,0.0,2.0,3.0,1.0,B01
201800019212,1.0,10,0,0.0,2.0,3.0,1.0,A01
201800019213,1.0,10,0,0.0,2.0,1.0,1.0,A01
201800019213,1.0,10,0,0.0,2.0,3.0,15.0,B01
201800019214,1.0,2,0,0.0,2.0,1.0,1.0,B01
201800019214,1.0,7,0,0.0,2.0,4.0,11.0,A01
201800019215,0.0,7,0,13.0,2.0,6.0,1.0,A01
201800019215,0.0,7,0,0.0,2.0,2.0,2.0,B01
201800019216,2.0,7,0,12.0,2.0,2.0,13.0,A01
201800019216,1.0,7,0,0.0,2.0,2.0,1.0,B01
201800019217,0.0,10,0,0.0,1.0,7.0,1.0,A01
201800019218,1.0,33,0,0.0,0.0,9.0,17.0,A01
201800019219,0.0,7,0,13.0,2.0,3.0,1.0,B01
201800019219,0.0,7,0,0.0,2.0,1.0,15.0,A01
201800019220,0.0,7,0,0.0,2.0,1.0,5.0,A01
201800019220,0.0,7,0,0.0,2.0,1.0,1.0,B01
201800019221,0.0,7,0,0.0,1.0,4.0,4.0,A01
201800019222,0.0,7,0,0.0,2.0,3.0,13.0,A01
201800019222,0.0,7,0,0.0,2.0,1.0,1.0,B01
201800019223,0.0,7,0,0.0,2.0,1.0,15.0,A01
201800019223,0.0,1,0,0.0,2.0,1.0,1.0,B01
201800019224,1.0,7,0,1.0,1.0,1.0,1.0,A01
201800019225,0.0,32,0,0.0,2.0,1.0,3.0,A01
201800019225,0.0,14,0,0.0,2.0,3.0,1.0,C01
201800019225,0.0,33,0,0.0,0.0,9.0,3.0,B01
201800019226,0.0,33,0,0.0,2.0,1.0,2.0,B01
201800019226,0.0,7,0,0.0,0.0,6.0,10.0,A01
201800019227,0.0,7,0,0.0,2.0,1.0,17.0,A01
201800019227,0.0,33,0,0.0,2.0,1.0,1.0,B01
201800019228,0.0,7,0,0.0,1.0,2.0,1.0,A01
201800019229,1.0,7,0,0.0,2.0,6.0,15.0,B01
201800019229,1.0,1,0,0.0,2.0,1.0,1.0,A01
201800019230,0.0,7,0,0.0,2.0,6.0,1.0,A01
201800019230,0.0,32,0,0.0,2.0,1.0,2.0,B01
201800019231,0.0,7,0,7.0,0.0,2.0,1.0,A01
201800019232,0.0,7,0,0.0,1.0,3.0,1.0,A01
201800019233,1.0,33,0,0.0,2.0,1.0,1.0,B01
201800019233,0.0,7,0,0.0,2.0,8.0,15.0,A01
201800019234,2.0,2,0,0.0,2.0,4.0,9.0,A01
201800019234,1.0,7,0,0.0,2.0,3.0,1.0,B01
201800019235,2.0,7,0,0.0,1.0,3.0,1.0,A01
201800019236,1.0,33,0,0.0,2.0,1.0,1.0,B01
201800019236,1.0,7,0,0.0,0.0,4.0,2.0,A01
201800019237,2.0,33,0,0.0,2.0,1.0,1.0,A01
201800019237,1.0,7,0,0.0,2.0,3.0,13.0,B01
201800019238,1.0,33,0,16.0,0.0,9.0,1.0,A01
201800019239,0.0,1,0,16.0,0.0,1.0,1.0,A01
201800019240,2.0,7,0,0.0,0.0,1.0,1.0,B01
201800019240,1.0,7,0,0.0,2.0,1.0,13.0,A01
201800019241,2.0,7,0,1.0,0.0,2.0,1.0,A01
201800019241,2.0,7,0,0.0,2.0,4.0,23.0,B01
201800019242,1.0,7,0,0.0,2.0,3.0,15.0,A01
201800019242,1.0,2,0,0.0,2.0,1.0,1.0,B01
201800019243,2.0,7,0,0.0,2.0,8.0,10.0,A01
201800019243,1.0,30,0,0.0,2.0,1.0,1.0,B01
201800019244,1.0,7,0,2.0,0.0,8.0,13.0,A01
201800019245,0.0,7,0,0.0,2.0,3.0,2.0,A01
201800019245,0.0,7,0,0.0,2.0,4.0,2.0,B01
201800019245,0.0,7,0,0.0,2.0,1.0,1.0,C01
201800019246,1.0,33,0,0.0,2.0,1.0,1.0,A01
201800019246,2.0,7,0,0.0,2.0,1.0,23.0,B01
201800019247,2.0,7,0,0.0,2.0,5.0,10.0,A01
201800019247,1.0,33,0,0.0,2.0,1.0,1.0,B01
201800019248,1.0,7,0,13.0,0.0,3.0,0.0,A01
201800019249,0.0,7,0,0.0,2.0,7.0,1.0,A01
201800019249,0.0,7,0,0.0,2.0,1.0,1.0,B01
201800019250,2.0,7,0,0.0,0.0,0.0,21.0,A01
201800019251,1.0,7,0,2.0,0.0,2.0,0.0,A01
201800019252,1.0,15,0,9.0,0.0,8.0,16.0,A01
201800019253,1.0,7,0,0.0,2.0,1.0,1.0,A01
201800019253,1.0,7,0,0.0,2.0,4.0,0.0,B01
201800019254,2.0,38,29,2.0,0.0,2.0,1.0,A01
201800019255,1.0,33,0,0.0,2.0,1.0,1.0,C01
201800019255,1.0,33,0,0.0,2.0,1.0,17.0,A01
201800019255,2.0,7,0,0.0,2.0,1.0,1.0,B01
201800019256,1.0,7,0,0.0,0.0,0.0,17.0,A01
201800019256,1.0,7,0,8.0,0.0,1.0,17.0,B01
201800019257,2.0,7,0,2.0,2.0,5.0,17.0,B01
201800019257,2.0,7,0,0.0,2.0,3.0,17.0,A01
201800019258,2.0,33,0,3.0,0.0,2.0,1.0,A01
201800019259,2.0,33,0,0.0,2.0,4.0,2.0,B01
201800019259,2.0,99,0,0.0,2.0,2.0,2.0,A01
201800019260,1.0,7,0,13.0,0.0,9.0,13.0,A01
201800019261,1.0,33,0,0.0,2.0,1.0,0.0,B01
201800019261,2.0,7,0,0.0,2.0,1.0,11.0,A01
201800019262,2.0,7,0,0.0,0.0,0.0,13.0,A01
201800019262,1.0,16,0,13.0,0.0,2.0,21.0,B01
201800019263,1.0,33,0,3.0,0.0,0.0,1.0,A01
201800019264,2.0,7,0,0.0,0.0,6.0,15.0,B01
201800019264,2.0,7,0,0.0,2.0,2.0,1.0,A01
201800019265,2.0,7,0,0.0,2.0,3.0,1.0,B01
201800019265,1.0,10,0,0.0,2.0,3.0,17.0,A01
201800019266,0.0,7,0,13.0,0.0,1.0,10.0,A01
201800019267,1.0,7,0,0.0,2.0,3.0,13.0,A01
201800019267,2.0,7,0,0.0,2.0,3.0,1.0,B01
201800019268,2.0,7,0,0.0,2.0,1.0,13.0,A01
201800019268,2.0,7,0,0.0,2.0,8.0,1.0,B01
201800019268,2.0,7,0,0.0,2.0,1.0,1.0,C01
201800019269,1.0,7,0,0.0,0.0,1.0,1.0,A01
201800019270,0.0,2,0,0.0,0.0,0.0,1.0,A01
201800019271,1.0,7,0,0.0,0.0,0.0,0.0,A01
201800019272,1.0,7,0,0.0,2.0,1.0,1.0,B01
201800019272,2.0,7,0,15.0,2.0,2.0,13.0,A01
201800019273,2.0,7,0,0.0,2.0,3.0,13.0,A01
201800019273,1.0,7,0,0.0,2.0,1.0,1.0,C01
201800019273,1.0,7,0,0.0,2.0,3.0,1.0,B01
201800019274,2.0,7,0,13.0,0.0,1.0,1.0,A01
201800019275,2.0,7,0,0.0,2.0,3.0,1.0,B01
201800019275,2.0,7,0,0.0,2.0,1.0,19.0,A01
201800019276,1.0,7,0,0.0,9.0,2.0,15.0,A01
201800019276,2.0,33,0,0.0,2.0,1.0,0.0,B01
201800019277,1.0,10,0,0.0,2.0,1.0,5.0,A01
201800019277,1.0,7,0,0.0,2.0,1.0,1.0,B01
201800019278,2.0,7,0,0.0,2.0,1.0,1.0,B01
201800019278,1.0,7,0,0.0,2.0,1.0,13.0,A01
201800019279,1.0,7,0,0.0,1.0,3.0,2.0,A01
201800019280,2.0,7,0,13.0,0.0,9.0,1.0,A01
201800019281,0.0,7,0,14.0,2.0,2.0,13.0,A01
201800019281,0.0,7,0,14.0,2.0,1.0,1.0,B01
201800019282,2.0,7,0,0.0,2.0,3.0,13.0,A01
201800019282,1.0,7,0,0.0,0.0,3.0,1.0,B01
201800019283,2.0,30,0,0.0,2.0,1.0,5.0,A01
201800019283,2.0,7,0,0.0,2.0,2.0,5.0,B01
201800019284,1.0,10,0,0.0,2.0,3.0,1.0,A01
201800019284,2.0,7,0,0.0,2.0,2.0,17.0,B01
201800019285,0.0,7,0,0.0,2.0,0.0,1.0,A01
201800019285,0.0,1,0,0.0,2.0,0.0,10.0,B01
201800019286,1.0,7,0,0.0,1.0,7.0,1.0,A01
201800019287,1.0,7,0,0.0,2.0,8.0,1.0,A01
201800019287,1.0,33,0,0.0,2.0,7.0,17.0,B01
201800019288,0.0,7,0,0.0,2.0,1.0,15.0,A01
201800019288,1.0,33,0,0.0,2.0,3.0,1.0,B01
201800019289,2.0,7,0,6.0,9.0,3.0,0.0,A01
201800019290,1.0,7,0,0.0,9.0,1.0,15.0,A01
201800019290,1.0,1,0,0.0,2.0,1.0,1.0,B01
201800019291,1.0,7,0,0.0,2.0,3.0,1.0,A01
201800019291,2.0,7,0,5.0,2.0,3.0,1.0,B01
201800019292,2.0,7,0,15.0,2.0,3.0,2.0,A01
201800019292,2.0,7,0,0.0,2.0,5.0,15.0,B01
201800019292,1.0,7,0,0.0,2.0,1.0,1.0,C01
201800019293,1.0,7,0,0.0,2.0,3.0,9.0,A01
201800019293,1.0,7,0,0.0,2.0,2.0,1.0,B01
201800019294,1.0,7,0,0.0,0.0,1.0,1.0,A01
201800019295,1.0,2,0,0.0,0.0,2.0,1.0,A01
201800019296,2.0,7,0,0.0,2.0,5.0,10.0,A01
201800019296,1.0,31,0,0.0,2.0,3.0,1.0,B01
201800019297,1.0,7,0,3.0,0.0,2.0,1.0,A01
201800019298,1.0,7,0,0.0,0.0,0.0,1.0,A01
201800019299,1.0,7,0,0.0,2.0,1.0,1.0,A01
201800019299,2.0,7,0,0.0,2.0,3.0,1.0,B01
201800019300,2.0,7,0,3.0,0.0,1.0,0.0,A01
201800019301,2.0,33,0,3.0,0.0,1.0,2.0,A01
201800019302,1.0,7,0,0.0,2.0,1.0,17.0,A01
201800019302,2.0,7,0,0.0,0.0,1.0,1.0,B01
201800019303,1.0,7,0,0.0,2.0,3.0,9.0,A01
201800019303,1.0,30,0,0.0,2.0,8.0,2.0,B01
201800019304,1.0,33,0,3.0,0.0,7.0,1.0,A01
201800019305,2.0,7,0,13.0,0.0,0.0,1.0,A01