Num_Acc,senc,catv,occutc,obs,obsm,choc,manv,num_veh
201800019306,1.0,7,0,2.0,0.0,1.0,13.0,A01
201800019307,2.0,7,0,0.0,0.0,9.0,1.0,A01
201800019308,1.0,7,0,0.0,2.0,5.0,15.0,A01
201800019308,2.0,32,0,0.0,2.0,1.0,1.0,B01
201800019309,1.0,7,0,6.0,0.0,3.0,0.0,A01
201800019310,1.0,7,0,16.0,0.0,1.0,1.0,A01
201800019311,1.0,99,0,0.0,2.0,1.0,1.0,B01
201800019311,2.0,7,0,0.0,2.0,1.0,5.0,A01
201800019312,1.0,7,0,13.0,0.0,1.0,1.0,A01
201800019313,2.0,7,0,2.0,0.0,3.0,13.0,A01
201800019314,1.0,7,0,8.0,0.0,8.0,1.0,A01
201800019315,1.0,7,0,13.0,0.0,1.0,0.0,A01
201800019316,2.0,33,0,0.0,2.0,1.0,17.0,A01
201800019316,2.0,7,0,0.0,0.0,6.0,15.0,B01
201800019317,0.0,2,0,3.0,0.0,1.0,1.0,A01
201800019318,2.0,7,0,0.0,4.0,1.0,1.0,A01
201800019318,1.0,39,60,0.0,2.0,2.0,1.0,B01
201800019319,1.0,33,0,0.0,0.0,8.0,1.0,A01
201800019320,2.0,33,0,0.0,2.0,1.0,1.0,B01
201800019320,1.0,21,0,0.0,0.0,1.0,1.0,C01
201800019320,0.0,7,0,0.0,2.0,1.0,15.0,A01
201800019321,0.0,7,0,0.0,1.0,1.0,1.0,A01
201800019322,1.0,7,0,0.0,2.0,1.0,2.0,A01
201800019322,1.0,7,0,0.0,2.0,4.0,1.0,B01
201800019322,1.0,7,0,0.0,2.0,4.0,1.0,C01
201800019323,1.0,7,0,0.0,0.0,0.0,17.0,A01
201800019323,1.0,1,0,0.0,0.0,0.0,2.0,B01
201800019324,2.0,7,0,0.0,2.0,1.0,0.0,A01
201800019324,1.0,7,0,0.0,2.0,3.0,0.0,B01
201800019325,1.0,7,0,0.0,1.0,2.0,1.0,A01
201800019326,2.0,17,0,0.0,0.0,6.0,5.0,B01
201800019326,2.0,7,0,0.0,2.0,0.0,5.0,D01
201800019326,1.0,7,0,0.0,2.0,3.0,13.0,A01
201800019326,2.0,7,0,0.0,2.0,1.0,5.0,C01
201800019327,0.0,7,0,8.0,0.0,1.0,1.0,A01
201800019328,2.0,7,0,3.0,0.0,3.0,0.0,A01
201800019329,2.0,7,0,0.0,2.0,1.0,1.0,B01
201800019329,1.0,7,0,0.0,0.0,1.0,5.0,A01
201800019330,1.0,7,0,9.0,0.0,1.0,0.0,A01
201800019331,1.0,7,0,0.0,2.0,7.0,13.0,A01
201800019331,2.0,7,0,0.0,2.0,3.0,1.0,B01
201800019332,1.0,7,0,2.0,0.0,1.0,1.0,A01
201800019333,1.0,7,0,6.0,0.0,1.0,1.0,A01
201800019334,1.0,7,0,0.0,1.0,7.0,1.0,A01
201800019335,1.0,7,0,0.0,2.0,1.0,13.0,A01
201800019335,2.0,7,0,0.0,2.0,1.0,1.0,B01
201800019336,1.0,33,0,0.0,0.0,2.0,1.0,A01
201800019337,1.0,7,0,0.0,1.0,4.0,4.0,A01
201800019338,2.0,7,0,0.0,2.0,1.0,19.0,A01
201800019338,1.0,36,0,0.0,2.0,1.0,1.0,B01
201800019339,0.0,7,0,0.0,1.0,4.0,20.0,A01
201800019340,1.0,7,0,3.0,0.0,2.0,1.0,A01
201800019341,1.0,7,0,3.0,0.0,0.0,0.0,A01
201800019342,2.0,7,0,0.0,1.0,3.0,0.0,A01
201800019343,1.0,7,0,0.0,1.0,7.0,1.0,A01
201800019344,2.0,10,0,0.0,2.0,2.0,15.0,A01
201800019344,1.0,2,0,0.0,2.0,1.0,1.0,B01
201800019345,1.0,7,0,0.0,2.0,1.0,1.0,B01
201800019345,2.0,7,0,0.0,0.0,8.0,19.0,A01
201800019346,1.0,1,0,0.0,0.0,4.0,1.0,B01
201800019346,1.0,7,0,0.0,9.0,2.0,14.0,A01
201800019347,0.0,7,0,0.0,0.0,7.0,17.0,A01
201800019347,0.0,1,0,0.0,0.0,3.0,1.0,B01
201800019348,0.0,7,0,10.0,0.0,1.0,1.0,A01
201800019349,0.0,7,0,2.0,0.0,3.0,0.0,A01
201800019350,2.0,7,0,0.0,2.0,7.0,1.0,A01
201800019350,1.0,7,0,0.0,2.0,3.0,1.0,B01
201800019351,1.0,7,0,0.0,2.0,1.0,10.0,A01
201800019351,1.0,33,0,0.0,2.0,1.0,1.0,B01
201800019352,1.0,33,0,12.0,0.0,1.0,1.0,A01
201800019353,1.0,7,0,0.0,1.0,2.0,1.0,A01
201800019354,2.0,7,0,0.0,2.0,3.0,13.0,A01
201800019354,1.0,7,0,0.0,2.0,3.0,1.0,B01
201800019355,1.0,33,0,2.0,0.0,0.0,13.0,A01
201800019356,2.0,7,0,0.0,2.0,3.0,15.0,B01
201800019356,2.0,7,0,2.0,2.0,5.0,17.0,A01
201800019357,1.0,7,0,0.0,1.0,2.0,1.0,A01
201800019358,2.0,7,0,0.0,2.0,1.0,5.0,A01
201800019358,1.0,7,0,0.0,2.0,1.0,1.0,B01
201800019359,2.0,7,0,0.0,2.0,1.0,15.0,A01
201800019359,1.0,2,0,0.0,2.0,1.0,1.0,B01
201800019360,1.0,7,0,6.0,2.0,3.0,1.0,A01
201800019360,2.0,7,0,6.0,2.0,3.0,1.0,B01
201800019361,0.0,33,0,0.0,2.0,1.0,1.0,B01
201800019361,1.0,7,0,0.0,2.0,8.0,9.0,A01
201800019362,0.0,33,0,0.0,2.0,1.0,0.0,B01
201800019362,0.0,7,0,0.0,2.0,3.0,15.0,A01
201800019363,2.0,7,0,0.0,0.0,3.0,0.0,A01
201800019363,1.0,33,0,0.0,0.0,1.0,1.0,B01
201800019364,2.0,7,0,2.0,0.0,1.0,1.0,A01
201800019365,1.0,33,0,0.0,0.0,1.0,17.0,A01
201800019366,1.0,7,0,8.0,0.0,5.0,17.0,A01
201800019367,2.0,7,0,0.0,2.0,3.0,15.0,B01
201800019367,2.0,31,0,0.0,2.0,1.0,17.0,A01
201800019368,0.0,2,0,0.0,2.0,1.0,1.0,A01
201800019368,0.0,7,0,0.0,2.0,3.0,19.0,B01
201800019369,0.0,1,0,1.0,0.0,1.0,1.0,A01
201800019370,2.0,7,0,0.0,2.0,1.0,13.0,A01
201800019370,1.0,7,0,0.0,2.0,1.0,1.0,B01
201800019371,0.0,7,0,0.0,2.0,1.0,15.0,A01
201800019371,0.0,2,0,0.0,2.0,1.0,1.0,B01
201800019372,1.0,7,0,0.0,2.0,3.0,1.0,A01
201800019372,2.0,31,0,0.0,2.0,5.0,1.0,B01
201800019373,2.0,10,0,0.0,2.0,3.0,1.0,B01
201800019373,1.0,10,0,0.0,2.0,1.0,5.0,A01
201800019374,1.0,7,0,0.0,1.0,3.0,2.0,A01
201800019375,0.0,33,0,0.0,2.0,0.0,0.0,B01
201800019375,0.0,14,0,0.0,2.0,3.0,1.0,A01
201800019376,2.0,31,0,0.0,2.0,1.0,17.0,B01
201800019376,2.0,7,0,0.0,2.0,8.0,1.0,C01
201800019376,1.0,7,0,0.0,2.0,3.0,15.0,A01
201800019377,0.0,7,0,0.0,2.0,1.0,2.0,B01
201800019377,0.0,7,0,0.0,0.0,4.0,23.0,A01
201800019378,2.0,2,0,15.0,0.0,0.0,1.0,A01
201800019379,2.0,7,0,13.0,2.0,1.0,1.0,C01
201800019379,2.0,7,0,13.0,0.0,4.0,1.0,A01
201800019379,2.0,7,0,0.0,2.0,5.0,1.0,B01
201800019380,2.0,7,0,3.0,0.0,1.0,13.0,A01
201800019381,1.0,7,0,0.0,2.0,3.0,1.0,A01
201800019381,2.0,38,2,0.0,2.0,3.0,1.0,B01
201800019382,1.0,17,0,0.0,2.0,1.0,13.0,A01
201800019382,2.0,17,0,0.0,2.0,1.0,1.0,B01
201800019382,2.0,15,0,0.0,2.0,1.0,1.0,C01
201800019382,1.0,17,0,0.0,2.0,8.0,1.0,D01
201800019382,1.0,17,0,6.0,2.0,3.0,1.0,E01
201800019383,1.0,7,0,0.0,2.0,3.0,13.0,A01
201800019383,2.0,38,44,0.0,2.0,3.0,1.0,B01
201800019384,2.0,38,26,13.0,0.0,7.0,1.0,A01
201800019385,0.0,7,0,0.0,0.0,4.0,1.0,A01
201800019385,0.0,33,0,0.0,2.0,1.0,1.0,B01
201800019386,0.0,7,0,13.0,2.0,2.0,1.0,B01
201800019386,0.0,7,0,13.0,2.0,3.0,13.0,A01
201800019387,0.0,7,0,0.0,2.0,1.0,13.0,A01
201800019387,0.0,7,0,0.0,2.0,1.0,1.0,B01
201800019388,1.0,7,0,13.0,0.0,2.0,1.0,A01
201800019389,0.0,7,0,0.0,0.0,9.0,1.0,A01
201800019390,0.0,7,0,0.0,0.0,2.0,1.0,A01
201800019391,0.0,7,0,0.0,0.0,2.0,1.0,A01
201800019391,0.0,2,0,0.0,0.0,3.0,1.0,B01
201800019392,1.0,7,0,0.0,2.0,1.0,13.0,A01
201800019392,2.0,15,0,13.0,2.0,1.0,1.0,B01
201800019393,0.0,7,0,0.0,1.0,2.0,1.0,A01
201800019394,0.0,7,0,0.0,2.0,2.0,1.0,A01
201800019394,0.0,7,0,0.0,0.0,2.0,1.0,B01
201800019395,0.0,7,0,0.0,1.0,5.0,4.0,A01
201800019396,1.0,7,0,0.0,2.0,3.0,18.0,A01
201800019396,1.0,7,0,0.0,2.0,2.0,18.0,B01
201800019397,2.0,7,0,0.0,2.0,3.0,10.0,A01
201800019397,2.0,33,0,0.0,2.0,7.0,17.0,B01
201800019398,2.0,7,0,0.0,0.0,4.0,2.0,B01
201800019398,2.0,7,0,0.0,2.0,1.0,2.0,A01
201800019399,1.0,15,0,0.0,1.0,3.0,5.0,A01
201800019400,2.0,7,0,0.0,2.0,5.0,2.0,B01
201800019400,2.0,7,0,0.0,2.0,3.0,2.0,A01
201800019401,1.0,7,0,0.0,2.0,1.0,1.0,B01
201800019401,1.0,7,0,2.0,0.0,4.0,1.0,A01
201800019402,0.0,7,0,13.0,0.0,3.0,1.0,A01
201800019403,1.0,33,0,0.0,2.0,1.0,1.0,B01
201800019403,2.0,7,0,0.0,2.0,2.0,15.0,A01
201800019404,2.0,2,0,8.0,0.0,1.0,1.0,A01
201800019405,1.0,7,0,0.0,2.0,7.0,9.0,B01
201800019405,1.0,33,0,0.0,2.0,1.0,1.0,A01
201800019406,1.0,7,0,0.0,1.0,0.0,1.0,A01
201800019407,1.0,30,0,0.0,2.0,2.0,17.0,B01
201800019407,1.0,7,0,0.0,2.0,8.0,15.0,A01
201800019408,2.0,7,0,0.0,2.0,3.0,0.0,A01
201800019408,1.0,7,0,0.0,2.0,3.0,1.0,B01
201800019409,0.0,7,0,0.0,2.0,6.0,4.0,A01
201800019409,0.0,33,0,0.0,2.0,8.0,1.0,B01
201800019410,2.0,7,0,0.0,2.0,2.0,15.0,A01
201800019410,1.0,2,0,0.0,2.0,1.0,1.0,B01
201800019411,1.0,7,0,13.0,0.0,1.0,0.0,A01
201800019412,1.0,7,0,2.0,0.0,0.0,1.0,A01
201800019413,0.0,7,0,0.0,1.0,1.0,1.0,A01
201800019414,1.0,7,0,0.0,0.0,1.0,1.0,D01
201800019414,1.0,7,0,0.0,0.0,3.0,1.0,B01
201800019414,2.0,7,0,0.0,2.0,3.0,17.0,A01
201800019414,2.0,7,0,0.0,0.0,6.0,1.0,C01
201800019415,1.0,7,0,0.0,1.0,1.0,1.0,A01
201800019416,2.0,7,0,0.0,2.0,3.0,1.0,B01
201800019416,2.0,7,0,0.0,2.0,3.0,17.0,A01
201800019417,1.0,7,0,0.0,2.0,3.0,0.0,A01
201800019417,2.0,34,0,0.0,2.0,1.0,0.0,B01
201800019418,1.0,7,0,12.0,2.0,2.0,15.0,B01
201800019418,2.0,7,0,12.0,2.0,3.0,1.0,A01
201800019419,1.0,7,0,0.0,2.0,3.0,5.0,A01
201800019419,2.0,7,0,0.0,2.0,3.0,1.0,B01
201800019420,1.0,7,0,0.0,2.0,3.0,1.0,B01
201800019420,2.0,7,0,0.0,2.0,3.0,13.0,A01
201800019421,1.0,7,0,0.0,0.0,1.0,15.0,B01
201800019421,1.0,7,0,0.0,0.0,3.0,1.0,A01
201800019422,1.0,7,0,0.0,0.0,3.0,15.0,A01
201800019422,2.0,31,0,0.0,0.0,0.0,1.0,B01
201800019423,2.0,7,0,13.0,0.0,1.0,1.0,A01
201800019424,1.0,1,0,6.0,0.0,1.0,0.0,A01
201800019425,1.0,7,0,13.0,0.0,9.0,0.0,A01
201800019426,2.0,7,0,0.0,2.0,1.0,5.0,A01
201800019426,1.0,7,0,0.0,2.0,1.0,2.0,C01
201800019426,1.0,7,0,0.0,2.0,6.0,2.0,B01
201800019427,2.0,2,0,0.0,2.0,1.0,19.0,A01
201800019427,1.0,7,0,0.0,2.0,1.0,1.0,B01
201800019428,1.0,7,0,2.0,0.0,1.0,14.0,A01
201800019429,0.0,7,0,0.0,2.0,8.0,16.0,A01
201800019429,0.0,33,0,0.0,2.0,2.0,16.0,B01
201800019430,2.0,7,0,0.0,2.0,4.0,23.0,C01
201800019430,2.0,14,0,0.0,2.0,1.0,2.0,D01
201800019430,2.0,7,0,0.0,2.0,4.0,23.0,A01
201800019430,2.0,7,0,0.0,2.0,4.0,23.0,B01
201800019431,1.0,7,0,0.0,0.0,4.0,23.0,C01
201800019431,1.0,7,0,0.0,2.0,1.0,1.0,A01
201800019431,1.0,7,0,0.0,2.0,4.0,23.0,B01
201800019432,1.0,33,0,15.0,0.0,1.0,1.0,A01
201800019433,1.0,7,0,0.0,2.0,5.0,14.0,A01
201800019433,2.0,10,0,0.0,2.0,1.0,1.0,B01
201800019434,1.0,7,0,2.0,0.0,3.0,13.0,A01
201800019435,2.0,2,0,0.0,2.0,1.0,1.0,B01
201800019435,0.0,7,0,0.0,2.0,2.0,15.0,A01
201800019436,1.0,7,0,8.0,0.0,7.0,17.0,A01
201800019437,2.0,7,0,13.0,2.0,3.0,1.0,B01
201800019437,1.0,7,0,0.0,2.0,1.0,17.0,A01
201800019438,2.0,33,0,0.0,2.0,2.0,1.0,A01
201800019438,2.0,7,0,0.0,2.0,3.0,15.0,B01
201800019439,2.0,21,0,0.0,0.0,1.0,15.0,B01
201800019439,1.0,33,0,0.0,0.0,1.0,1.0,A01
201800019440,2.0,33,0,8.0,0.0,1.0,1.0,A01
201800019441,1.0,7,0,0.0,0.0,0.0,21.0,C01
201800019441,2.0,7,0,0.0,2.0,7.0,17.0,B01
201800019441,2.0,7,0,0.0,2.0,8.0,17.0,A01
201800019442,2.0,7,0,0.0,2.0,2.0,5.0,A01
201800019442,1.0,7,0,0.0,2.0,2.0,1.0,B01
201800019443,2.0,7,0,3.0,2.0,1.0,0.0,A01
201800019443,1.0,7,0,0.0,2.0,1.0,0.0,B01
201800019444,1.0,2,0,0.0,2.0,8.0,1.0,B01
201800019444,2.0,7,0,0.0,2.0,3.0,1.0,A01
201800019445,0.0,36,0,0.0,9.0,0.0,0.0,A01
201800019446,1.0,7,0,13.0,0.0,0.0,1.0,A01
201800019447,2.0,7,0,0.0,2.0,3.0,1.0,A01
201800019447,2.0,20,0,13.0,0.0,5.0,15.0,B01
201800019448,1.0,7,0,2.0,0.0,3.0,1.0,A01
201800019449,0.0,7,0,0.0,1.0,4.0,0.0,A01
201800019450,0.0,7,0,0.0,9.0,1.0,1.0,A01
201800019451,1.0,7,0,0.0,2.0,1.0,15.0,A01
201800019451,2.0,7,0,0.0,2.0,1.0,1.0,B01
201800019451,2.0,30,0,0.0,2.0,1.0,1.0,C01
201800019452,2.0,7,0,0.0,2.0,3.0,1.0,B01
201800019452,1.0,7,0,0.0,2.0,3.0,1.0,A01
201800019453,0.0,7,0,11.0,0.0,3.0,1.0,A01
201800019454,0.0,33,0,0.0,2.0,1.0,17.0,B01
201800019454,0.0,7,0,0.0,2.0,3.0,10.0,A01
201800019455,0.0,32,0,0.0,2.0,1.0,1.0,A01
201800019455,0.0,7,0,0.0,2.0,1.0,1.0,B01
201800019456,1.0,2,0,0.0,2.0,3.0,10.0,A01
201800019456,1.0,7,0,0.0,9.0,2.0,1.0,B01
201800019457,2.0,1,0,0.0,2.0,3.0,0.0,B01
201800019457,2.0,7,0,0.0,9.0,3.0,15.0,A01
201800019458,1.0,7,0,0.0,2.0,1.0,1.0,B01
201800019458,2.0,7,0,0.0,2.0,1.0,13.0,A01
201800019459,2.0,33,0,0.0,2.0,1.0,2.0,A01
201800019459,2.0,7,0,0.0,9.0,3.0,15.0,B01
201800019460,1.0,7,0,0.0,2.0,8.0,9.0,A01
201800019460,2.0,34,0,0.0,2.0,1.0,1.0,B01
201800019461,1.0,33,0,0.0,2.0,1.0,13.0,A01
201800019461,2.0,1,0,0.0,2.0,1.0,1.0,B01
201800019462,2.0,7,0,0.0,0.0,6.0,13.0,B01
201800019462,2.0,33,0,0.0,2.0,1.0,17.0,A01
201800019463,2.0,7,0,13.0,0.0,3.0,1.0,A01
201800019464,0.0,7,0,0.0,2.0,8.0,9.0,A01
201800019464,0.0,1,0,0.0,2.0,7.0,21.0,B01
201800019465,2.0,7,0,0.0,1.0,2.0,1.0,A01
201800019466,0.0,2,0,0.0,1.0,1.0,0.0,A01
201800019467,2.0,7,0,0.0,0.0,8.0,13.0,A01
201800019467,1.0,2,0,0.0,2.0,8.0,1.0,B01
201800019468,1.0,7,0,0.0,2.0,1.0,13.0,A01
201800019468,2.0,7,0,0.0,2.0,6.0,1.0,B01
201800019468,2.0,10,0,2.0,2.0,3.0,1.0,C01
201800019469,1.0,7,0,0.0,2.0,3.0,13.0,A01
201800019469,2.0,7,0,13.0,2.0,3.0,1.0,B01
201800019470,1.0,7,0,0.0,2.0,3.0,19.0,A01
201800019470,2.0,7,0,0.0,2.0,2.0,1.0,B01
201800019471,2.0,7,0,6.0,0.0,1.0,0.0,A01
201800019472,1.0,7,0,13.0,0.0,1.0,13.0,A01
201800019473,2.0,7,0,0.0,2.0,1.0,13.0,A01
201800019473,1.0,17,0,0.0,2.0,3.0,1.0,B01
201800019474,1.0,7,0,0.0,2.0,8.0,1.0,A01
201800019474,1.0,7,0,0.0,2.0,1.0,1.0,B01
201800019474,1.0,7,0,0.0,2.0,5.0,1.0,C01
201800019475,2.0,14,0,0.0,2.0,1.0,2.0,A01
201800019475,2.0,7,0,0.0,2.0,9.0,23.0,B01
201800019475,2.0,17,0,0.0,0.0,4.0,23.0,D01
201800019476,2.0,33,0,0.0,0.0,7.0,1.0,A01
201800019477,1.0,15,0,4.0,0.0,3.0,13.0,A01
201800019478,1.0,7,0,0.0,2.0,3.0,1.0,C01
201800019478,1.0,7,0,0.0,2.0,3.0,1.0,A01
201800019478,1.0,33,0,0.0,2.0,4.0,1.0,B01
201800019479,1.0,7,0,0.0,2.0,2.0,15.0,A01
201800019479,0.0,7,0,0.0,2.0,1.0,1.0,B01
201800019480,1.0,7,0,0.0,9.0,8.0,17.0,A01
201800019480,2.0,1,0,0.0,2.0,8.0,1.0,B01
201800019481,1.0,7,0,0.0,9.0,1.0,15.0,A01
201800019481,2.0,1,0,0.0,2.0,8.0,1.0,B01
201800019482,1.0,33,0,0.0,2.0,7.0,17.0,A01
201800019482,1.0,7,0,0.0,2.0,8.0,15.0,B01
201800019483,1.0,7,0,0.0,1.0,3.0,1.0,A01
201800019484,2.0,3,0,0.0,0.0,9.0,1.0,A01
201800019485,0.0,7,0,0.0,2.0,2.0,15.0,A01
201800019485,0.0,2,0,0.0,2.0,1.0,1.0,B01
201800019486,2.0,7,0,8.0,0.0,0.0,1.0,A01
201800019487,0.0,2,0,0.0,2.0,5.0,16.0,A01
201800019487,0.0,7,0,0.0,2.0,3.0,0.0,B01
201800019488,0.0,7,0,0.0,9.0,2.0,1.0,A01
201800019488,0.0,1,0,0.0,2.0,3.0,0.0,B01
201800019489,1.0,7,0,15.0,2.0,1.0,1.0,B01
201800019489,2.0,7,0,0.0,2.0,1.0,13.0,A01
201800019490,0.0,7,0,3.0,0.0,9.0,1.0,A01
201800019491,0.0,7,0,0.0,1.0,2.0,1.0,A01
201800019492,1.0,33,0,0.0,2.0,7.0,1.0,A01
201800019492,0.0,7,0,0.0,2.0,1.0,15.0,B01
201800019493,2.0,7,0,0.0,2.0,1.0,1.0,B01
201800019493,1.0,7,0,0.0,2.0,1.0,13.0,A01
201800019494,2.0,10,0,0.0,1.0,1.0,1.0,A01
201800019495,1.0,37,50,0.0,1.0,6.0,1.0,A01
201800019496,0.0,30,0,0.0,2.0,1.0,23.0,B01
201800019496,1.0,7,0,0.0,2.0,3.0,1.0,A01
201800019497,2.0,7,0,6.0,0.0,1.0,1.0,A01
201800019498,2.0,7,0,0.0,1.0,1.0,1.0,A01
201800019499,2.0,7,0,1.0,0.0,2.0,1.0,A01
201800019499,2.0,17,0,0.0,2.0,6.0,24.0,B01
201800019500,1.0,7,0,0.0,1.0,1.0,1.0,A01
201800019501,1.0,7,0,2.0,0.0,2.0,13.0,A01
201800019502,0.0,7,0,0.0,1.0,4.0,20.0,A01
201800019503,1.0,7,0,16.0,0.0,7.0,1.0,A01
201800019504,1.0,7,0,0.0,2.0,1.0,13.0,A01
201800019504,2.0,7,0,0.0,2.0,3.0,1.0,B01
201800019505,1.0,7,0,1.0,0.0,2.0,21.0,A01
201800019506,2.0,7,0,0.0,2.0,7.0,10.0,B01
201800019506,1.0,33,0,0.0,2.0,1.0,1.0,A01
201800019507,2.0,7,0,0.0,2.0,4.0,2.0,A01
201800019507,2.0,14,0,0.0,2.0,1.0,2.0,B01
201800019508,1.0,7,0,0.0,2.0,1.0,13.0,A01
201800019508,2.0,7,0,0.0,2.0,1.0,1.0,B01
201800019509,1.0,7,0,0.0,2.0,1.0,13.0,A01
201800019509,2.0,33,0,0.0,2.0,1.0,2.0,B01
201800019510,1.0,7,0,0.0,1.0,1.0,1.0,A01
201800019511,2.0,7,0,0.0,2.0,6.0,15.0,A01
201800019511,2.0,33,0,0.0,2.0,1.0,17.0,B01
201800019512,1.0,7,0,0.0,2.0,1.0,13.0,A01
201800019512,2.0,7,0,0.0,2.0,1.0,1.0,B01
201800019513,1.0,7,0,0.0,1.0,1.0,23.0,A01
201800019513,1.0,7,0,0.0,2.0,1.0,1.0,B01
201800019514,1.0,33,0,1.0,0.0,1.0,14.0,A01
201800019515,1.0,14,0,0.0,2.0,4.0,4.0,A01
201800019515,1.0,30,0,0.0,2.0,1.0,1.0,B01
201800019516,2.0,2,0,16.0,0.0,1.0,1.0,A01
201800019517,2.0,7,0,6.0,0.0,3.0,1.0,A01
201800019518,2.0,7,0,0.0,2.0,3.0,1.0,A01
201800019518,2.0,30,0,0.0,2.0,1.0,1.0,B01
201800019519,2.0,7,0,3.0,0.0,1.0,21.0,A01
201800019519,1.0,7,0,,,,5.0,B02
201800019520,1.0,7,0,0.0,2.0,1.0,1.0,A01
201800019520,2.0,7,0,0.0,2.0,3.0,1.0,B01
201800019521,2.0,1,0,0.0,2.0,1.0,5.0,A01
201800019521,1.0,7,0,0.0,2.0,1.0,1.0,B01
201800019522,1.0,7,0,8.0,0.0,1.0,14.0,A01
201800019523,1.0,1,0,0.0,1.0,1.0,1.0,A01
201800019524,2.0,30,0,0.0,2.0,3.0,17.0,A01
201800019524,2.0,37,2,0.0,2.0,3.0,15.0,B01
201800019525,2.0,7,0,0.0,2.0,3.0,20.0,A01
201800019525,2.0,30,0,0.0,2.0,2.0,2.0,B01
201800019526,2.0,7,0,0.0,2.0,1.0,2.0,A01
201800019526,2.0,7,0,0.0,2.0,4.0,23.0,B01
201800019527,2.0,7,0,1.0,0.0,1.0,1.0,A01
201800019527,1.0,1,0,0.0,2.0,7.0,23.0,B01
201800019528,2.0,1,0,12.0,0.0,1.0,14.0,A01
201800019529,1.0,1,0,0.0,2.0,4.0,1.0,B01
201800019529,1.0,7,0,0.0,2.0,0.0,0.0,A01
201800019530,2.0,7,0,16.0,0.0,2.0,15.0,A01
201800019531,1.0,7,0,1.0,2.0,1.0,19.0,A01
201800019531,1.0,7,0,6.0,2.0,7.0,1.0,B01
201800019532,1.0,2,0,0.0,2.0,1.0,15.0,B01
201800019532,2.0,7,0,0.0,2.0,8.0,16.0,A01
201800019533,2.0,2,0,0.0,2.0,1.0,1.0,B01
201800019533,2.0,7,0,0.0,2.0,3.0,16.0,A01
201800019534,2.0,7,0,0.0,2.0,1.0,17.0,A01
201800019534,2.0,7,0,0.0,2.0,8.0,15.0,B01
201800019535,1.0,7,0,1.0,0.0,1.0,1.0,A01
201800019535,1.0,7,0,0.0,0.0,4.0,23.0,B01
201800019535,1.0,7,0,0.0,2.0,8.0,24.0,C01
201800019536,2.0,33,0,0.0,1.0,1.0,1.0,A01
201800019537,1.0,7,0,0.0,2.0,7.0,15.0,A01
201800019537,2.0,1,0,0.0,2.0,1.0,1.0,B01
201800019537,1.0,7,0,0.0,2.0,3.0,23.0,C01
201800019538,1.0,10,0,0.0,2.0,1.0,1.0,A01
201800019538,1.0,7,0,0.0,2.0,7.0,1.0,B01
201800019539,1.0,30,0,12.0,0.0,9.0,1.0,A01
201800019540,1.0,7,0,0.0,2.0,1.0,2.0,A01
201800019540,1.0,7,0,0.0,2.0,4.0,2.0,B01
201800019541,2.0,33,0,0.0,2.0,1.0,1.0,B01
201800019541,2.0,7,0,0.0,2.0,5.0,15.0,A01
201800019542,1.0,7,0,0.0,2.0,1.0,15.0,A01
201800019542,2.0,2,0,0.0,2.0,1.0,1.0,B01
201800019543,0.0,31,0,0.0,0.0,0.0,0.0,A01
201800019544,1.0,7,0,13.0,0.0,3.0,1.0,A01
201800019545,2.0,7,0,13.0,0.0,2.0,1.0,A01
201800019546,0.0,21,0,0.0,2.0,6.0,4.0,A01
201800019546,0.0,1,0,0.0,2.0,1.0,0.0,B01
201800019547,2.0,7,0,0.0,2.0,2.0,1.0,B01
201800019547,0.0,7,0,9.0,0.0,8.0,1.0,A01
201800019548,1.0,7,0,0.0,1.0,2.0,15.0,A01
201800019549,0.0,7,0,0.0,2.0,1.0,19.0,B01
201800019549,0.0,31,0,0.0,2.0,3.0,1.0,A01
201800019550,0.0,7,0,0.0,1.0,6.0,20.0,A01
201800019551,1.0,7,0,0.0,2.0,2.0,9.0,A01
201800019551,2.0,30,0,0.0,2.0,1.0,1.0,B01
201800019552,0.0,7,0,0.0,2.0,3.0,15.0,A01
201800019552,0.0,31,0,0.0,2.0,1.0,1.0,B01
201800019553,0.0,33,0,0.0,2.0,1.0,3.0,B01
201800019553,0.0,7,0,0.0,2.0,1.0,6.0,A01
201800019554,1.0,7,0,0.0,2.0,3.0,1.0,B01
201800019554,2.0,7,0,0.0,2.0,3.0,13.0,A01
201800019555,2.0,20,0,0.0,2.0,3.0,1.0,B01
201800019555,2.0,7,0,0.0,9.0,2.0,1.0,A01
201800019556,2.0,7,0,0.0,2.0,3.0,15.0,A01
201800019556,2.0,33,0,0.0,2.0,1.0,1.0,B01
201800019557,2.0,7,0,0.0,0.0,2.0,13.0,A01
201800019558,1.0,33,0,1.0,9.0,2.0,2.0,A01
201800019559,2.0,20,0,0.0,1.0,3.0,0.0,A01
201800019560,0.0,7,0,0.0,1.0,2.0,1.0,A01
201800019561,0.0,7,0,0.0,2.0,3.0,15.0,A01
201800019561,0.0,32,0,7.0,2.0,3.0,1.0,B01
201800019562,0.0,7,0,0.0,2.0,2.0,10.0,A01
201800019562,0.0,31,0,0.0,2.0,1.0,1.0,B01
201800019563,1.0,7,0,6.0,0.0,1.0,13.0,A01
201800019564,1.0,1,0,0.0,2.0,7.0,1.0,B01
201800019564,1.0,7,0,0.0,2.0,1.0,9.0,A01
201800019565,1.0,3,0,0.0,2.0,1.0,13.0,A01
201800019565,2.0,7,0,0.0,2.0,3.0,1.0,B01