Num_Acc,senc,catv,occutc,obs,obsm,choc,manv,num_veh
201800019566,1.0,33,0,0.0,1.0,1.0,1.0,A01
201800019567,2.0,7,0,0.0,2.0,1.0,13.0,A01
201800019567,1.0,7,0,0.0,2.0,1.0,1.0,B01
201800019568,2.0,7,0,0.0,2.0,1.0,1.0,B01
201800019568,0.0,7,0,0.0,2.0,3.0,15.0,A01
201800019569,1.0,33,0,16.0,0.0,8.0,14.0,A01
201800019570,2.0,7,0,0.0,2.0,5.0,1.0,A01
201800019570,2.0,1,0,0.0,2.0,8.0,1.0,B01
201800019571,1.0,7,0,0.0,1.0,1.0,1.0,A01
201800019572,2.0,35,0,8.0,0.0,1.0,14.0,A01
201800019573,2.0,7,0,2.0,0.0,1.0,1.0,A01
201800019574,1.0,7,0,0.0,1.0,1.0,1.0,Z01
201800019575,2.0,7,0,0.0,2.0,3.0,13.0,A01
201800019575,1.0,7,0,0.0,2.0,2.0,1.0,B01
201800019576,2.0,7,0,0.0,2.0,1.0,1.0,A01
201800019576,0.0,99,0,0.0,2.0,8.0,19.0,B01
201800019577,2.0,33,0,0.0,2.0,1.0,2.0,A01
201800019577,2.0,7,0,0.0,2.0,4.0,1.0,B01
201800019578,2.0,7,0,0.0,2.0,2.0,9.0,A01
201800019578,0.0,1,0,0.0,2.0,5.0,1.0,B01
201800019579,1.0,1,0,0.0,2.0,7.0,1.0,B01
201800019579,2.0,7,0,0.0,2.0,1.0,9.0,A01
201800019580,2.0,7,0,0.0,2.0,3.0,13.0,A01
201800019580,1.0,7,0,0.0,2.0,3.0,1.0,B01
201800019581,1.0,33,0,0.0,2.0,1.0,1.0,A01
201800019581,2.0,7,0,0.0,2.0,5.0,15.0,B01
201800019582,1.0,7,0,0.0,1.0,3.0,16.0,A01
201800019583,1.0,7,0,0.0,2.0,3.0,9.0,A01
201800019583,2.0,1,0,0.0,2.0,4.0,16.0,B01
201800019584,1.0,1,0,1.0,0.0,1.0,1.0,A01
201800019585,1.0,7,0,1.0,0.0,2.0,2.0,A01
201800019586,1.0,1,0,2.0,2.0,1.0,13.0,A01
201800019586,2.0,1,0,2.0,2.0,1.0,1.0,B01
201800019587,1.0,7,0,0.0,1.0,7.0,1.0,A01
201800019588,1.0,7,0,0.0,1.0,1.0,1.0,A01
201800019589,1.0,7,0,0.0,2.0,2.0,2.0,A01
201800019589,1.0,7,0,3.0,2.0,2.0,2.0,B01
201800019589,1.0,7,0,0.0,2.0,4.0,2.0,C01
201800019590,1.0,7,0,0.0,2.0,1.0,9.0,A01
201800019590,1.0,1,0,0.0,2.0,7.0,2.0,B01
201800019591,2.0,7,0,0.0,2.0,1.0,2.0,A01
201800019591,2.0,7,0,0.0,2.0,4.0,2.0,B01
201800019591,2.0,7,0,0.0,2.0,4.0,2.0,C01
201800019591,2.0,7,0,0.0,2.0,4.0,2.0,D01
201800019592,1.0,34,0,0.0,2.0,5.0,16.0,B01
201800019592,1.0,10,0,0.0,2.0,3.0,9.0,A01
201800019593,1.0,7,0,0.0,2.0,1.0,1.0,A01
201800019593,1.0,7,0,0.0,2.0,4.0,1.0,B01
201800019594,1.0,7,0,0.0,2.0,4.0,9.0,A01
201800019594,1.0,7,0,0.0,2.0,1.0,9.0,B01
201800019595,1.0,7,0,0.0,2.0,1.0,2.0,A01
201800019595,1.0,7,0,0.0,2.0,4.0,2.0,B01
201800019596,1.0,7,0,0.0,0.0,9.0,13.0,A01
201800019597,1.0,7,0,0.0,2.0,3.0,13.0,A01
201800019597,2.0,33,0,0.0,2.0,3.0,1.0,B01
201800019598,1.0,7,0,0.0,2.0,2.0,15.0,A01
201800019598,2.0,1,0,0.0,2.0,1.0,1.0,B01
201800019599,1.0,7,0,0.0,1.0,1.0,2.0,A01
201800019600,1.0,30,0,0.0,9.0,1.0,1.0,A01
201800019600,2.0,1,0,0.0,2.0,8.0,15.0,B01
201800019601,1.0,7,0,0.0,9.0,5.0,1.0,A01
201800019601,1.0,37,10,0.0,2.0,3.0,11.0,B01
201800019602,1.0,7,0,0.0,1.0,5.0,4.0,A01
201800019603,1.0,7,0,1.0,2.0,4.0,20.0,A01
201800019603,1.0,2,0,1.0,2.0,1.0,19.0,B01
201800019604,2.0,7,0,2.0,0.0,1.0,14.0,A01
201800019605,1.0,34,0,0.0,2.0,1.0,0.0,A01
201800019605,1.0,1,0,0.0,2.0,7.0,19.0,B01
201800019606,1.0,7,0,0.0,2.0,8.0,15.0,A01
201800019606,2.0,7,0,0.0,2.0,3.0,1.0,B01
201800019607,1.0,7,0,0.0,2.0,3.0,9.0,A01
201800019607,1.0,31,0,0.0,2.0,7.0,1.0,B01
201800019608,1.0,7,0,0.0,2.0,1.0,2.0,A01
201800019608,1.0,7,0,0.0,2.0,4.0,2.0,B01
201800019608,1.0,7,0,0.0,2.0,4.0,2.0,C01
201800019609,1.0,30,0,11.0,2.0,2.0,2.0,A01
201800019609,1.0,7,0,0.0,2.0,3.0,2.0,B01
201800019610,2.0,7,0,0.0,2.0,2.0,2.0,A01
201800019610,2.0,7,0,0.0,2.0,6.0,2.0,B01
201800019611,1.0,7,0,0.0,2.0,6.0,2.0,A01
201800019611,1.0,7,0,0.0,2.0,1.0,2.0,B01
201800019612,1.0,30,0,0.0,2.0,1.0,17.0,A01
201800019612,1.0,7,0,0.0,2.0,3.0,15.0,B01
201800019613,1.0,31,0,0.0,2.0,1.0,7.0,A01
201800019613,1.0,7,0,0.0,2.0,5.0,16.0,B01
201800019614,1.0,1,0,0.0,2.0,1.0,2.0,A01
201800019614,1.0,7,0,0.0,2.0,5.0,2.0,B01
201800019615,1.0,1,0,0.0,2.0,3.0,23.0,A01
201800019615,1.0,7,0,0.0,2.0,3.0,16.0,B01
201800019616,1.0,7,0,0.0,2.0,2.0,21.0,A01
201800019616,1.0,1,0,0.0,2.0,5.0,19.0,B01
201800019617,1.0,7,0,0.0,1.0,1.0,2.0,A01
201800019618,1.0,7,0,0.0,0.0,3.0,13.0,A01
201800019619,2.0,7,0,0.0,2.0,5.0,15.0,A01
201800019619,1.0,30,0,0.0,2.0,1.0,1.0,B01
201800019620,2.0,7,0,3.0,0.0,2.0,14.0,A01
201800019621,1.0,7,0,0.0,2.0,3.0,10.0,A01
201800019621,1.0,30,0,1.0,2.0,1.0,1.0,B01
201800019622,1.0,7,0,0.0,2.0,1.0,2.0,A01
201800019622,1.0,10,0,0.0,2.0,4.0,2.0,B01
201800019623,2.0,34,0,0.0,2.0,1.0,2.0,B01
201800019623,2.0,7,0,0.0,2.0,8.0,15.0,A01
201800019624,1.0,7,0,0.0,2.0,3.0,9.0,A01
201800019624,1.0,30,0,0.0,2.0,7.0,2.0,B01
201800019625,1.0,1,0,0.0,1.0,1.0,1.0,A01
201800019626,2.0,7,0,0.0,2.0,3.0,15.0,A01
201800019626,1.0,1,0,0.0,2.0,1.0,1.0,B01
201800019627,1.0,7,0,0.0,2.0,7.0,0.0,A01
201800019627,2.0,2,0,0.0,2.0,1.0,0.0,B01
201800019628,1.0,7,0,0.0,2.0,1.0,2.0,A01
201800019628,1.0,7,0,0.0,2.0,4.0,2.0,B01
201800019629,1.0,7,0,0.0,1.0,2.0,1.0,A01
201800019630,2.0,7,0,0.0,2.0,3.0,0.0,A01
201800019630,2.0,2,0,0.0,2.0,2.0,2.0,B01
201800019631,1.0,7,0,0.0,2.0,1.0,2.0,A01
201800019631,1.0,7,0,0.0,2.0,4.0,2.0,B01
201800019631,1.0,7,0,0.0,2.0,4.0,2.0,C01
201800019632,2.0,30,0,1.0,1.0,1.0,2.0,A01
201800019633,1.0,7,0,0.0,2.0,1.0,2.0,A01
201800019633,1.0,7,0,0.0,2.0,4.0,2.0,B01
201800019634,0.0,99,0,0.0,2.0,1.0,1.0,A01
201800019634,0.0,99,0,0.0,2.0,1.0,1.0,B01
201800019635,1.0,10,0,0.0,1.0,4.0,20.0,A01
201800019636,1.0,7,0,0.0,2.0,1.0,0.0,A01
201800019636,1.0,7,0,0.0,2.0,1.0,0.0,B01
201800019636,1.0,7,0,0.0,2.0,4.0,2.0,C01
201800019637,1.0,10,0,0.0,2.0,1.0,2.0,A01
201800019637,1.0,2,0,0.0,2.0,4.0,2.0,B01
201800019638,2.0,30,0,0.0,2.0,1.0,1.0,A01
201800019638,2.0,1,0,0.0,2.0,7.0,1.0,B01
201800019639,2.0,30,0,0.0,2.0,8.0,17.0,A01
201800019639,1.0,7,0,1.0,0.0,3.0,17.0,B01
201800019640,1.0,1,0,0.0,1.0,1.0,1.0,A01
201800019641,1.0,30,0,0.0,1.0,1.0,1.0,A01
201800019642,1.0,7,0,0.0,2.0,4.0,0.0,A01
201800019642,1.0,10,0,0.0,2.0,1.0,0.0,B01
201800019643,1.0,7,0,0.0,2.0,1.0,15.0,A01
201800019643,1.0,7,0,0.0,2.0,8.0,1.0,B01
201800019644,1.0,3,0,0.0,2.0,2.0,0.0,B01
201800019644,2.0,30,0,0.0,2.0,1.0,19.0,A01
201800019645,1.0,34,0,0.0,0.0,8.0,1.0,A01
201800019646,1.0,7,0,0.0,2.0,2.0,15.0,A01
201800019646,2.0,33,0,0.0,2.0,1.0,1.0,B01
201800019647,1.0,7,0,0.0,2.0,4.0,23.0,A01
201800019647,1.0,7,0,0.0,2.0,4.0,2.0,B01
201800019647,1.0,7,0,0.0,2.0,1.0,2.0,C01
201800019648,1.0,14,0,0.0,2.0,1.0,2.0,A01
201800019648,1.0,7,0,0.0,2.0,4.0,2.0,B01
201800019648,1.0,7,0,0.0,2.0,4.0,2.0,C01
201800019648,1.0,7,0,0.0,2.0,5.0,0.0,D01
201800019649,0.0,7,0,0.0,1.0,5.0,0.0,A01
201800019650,2.0,7,0,0.0,2.0,6.0,1.0,A01
201800019650,2.0,7,0,0.0,2.0,2.0,11.0,B01
201800019651,1.0,10,0,0.0,2.0,1.0,15.0,A01
201800019651,2.0,1,0,0.0,2.0,8.0,1.0,B01
201800019652,2.0,30,0,0.0,2.0,5.0,16.0,A01
201800019652,1.0,7,0,0.0,2.0,5.0,0.0,B01
201800019653,1.0,7,0,0.0,2.0,1.0,2.0,A01
201800019653,1.0,7,0,0.0,2.0,4.0,2.0,B01
201800019653,1.0,7,0,0.0,2.0,8.0,2.0,C01
201800019653,1.0,34,0,0.0,2.0,1.0,2.0,D01
201800019654,1.0,7,0,0.0,2.0,6.0,9.0,A01
201800019654,1.0,1,0,0.0,2.0,1.0,1.0,B01
201800019655,0.0,7,0,0.0,1.0,0.0,20.0,A01
201800019656,2.0,7,0,0.0,2.0,3.0,15.0,A01
201800019656,1.0,7,0,0.0,2.0,3.0,1.0,B01
201800019657,1.0,7,0,0.0,2.0,1.0,2.0,A01
201800019657,1.0,7,0,0.0,2.0,4.0,2.0,B01
201800019658,1.0,7,0,0.0,2.0,1.0,15.0,B01
201800019658,1.0,7,0,0.0,2.0,7.0,2.0,A01
201800019659,1.0,2,0,0.0,2.0,2.0,1.0,B01
201800019659,1.0,7,0,0.0,2.0,1.0,15.0,A01
201800019660,1.0,7,0,0.0,1.0,1.0,9.0,A01
201800019661,1.0,7,0,0.0,2.0,1.0,1.0,A01
201800019661,1.0,7,0,0.0,2.0,4.0,2.0,B01
201800019662,1.0,7,0,0.0,0.0,9.0,1.0,A01
201800019663,2.0,7,0,4.0,0.0,1.0,13.0,A01
201800019664,1.0,2,0,0.0,2.0,1.0,2.0,A01
201800019664,1.0,7,0,0.0,2.0,4.0,2.0,B01
201800019665,0.0,7,0,0.0,1.0,2.0,0.0,A01
201800019666,2.0,7,0,0.0,2.0,2.0,16.0,B01
201800019666,1.0,1,0,0.0,2.0,1.0,5.0,A01
201800019667,2.0,10,0,0.0,2.0,2.0,14.0,A01
201800019667,2.0,14,0,0.0,2.0,6.0,23.0,B01
201800019668,1.0,31,0,0.0,2.0,2.0,1.0,A01
201800019668,1.0,10,0,0.0,2.0,3.0,16.0,B01
201800019669,1.0,7,0,0.0,2.0,3.0,19.0,A01
201800019669,1.0,34,0,0.0,2.0,1.0,1.0,B01
201800019670,1.0,7,0,0.0,2.0,3.0,0.0,A01
201800019670,2.0,7,0,0.0,2.0,2.0,0.0,B01
201800019671,1.0,1,0,0.0,2.0,7.0,1.0,B01
201800019671,1.0,7,0,0.0,2.0,1.0,15.0,A01
201800019672,2.0,33,0,0.0,2.0,1.0,2.0,A01
201800019672,2.0,7,0,0.0,2.0,3.0,2.0,B01
201800019673,1.0,1,0,0.0,1.0,8.0,1.0,Z01
201800019674,1.0,34,0,8.0,0.0,1.0,1.0,A01
201800019675,2.0,30,0,0.0,0.0,0.0,0.0,A01
201800019676,1.0,33,0,11.0,0.0,1.0,17.0,A01
201800019677,2.0,99,0,0.0,1.0,0.0,0.0,A01
201800019678,0.0,30,0,0.0,0.0,7.0,0.0,A01
201800019679,1.0,32,0,1.0,0.0,2.0,14.0,A01
201800019680,1.0,2,0,0.0,2.0,8.0,1.0,B01
201800019680,1.0,7,0,0.0,2.0,1.0,1.0,A01
201800019681,1.0,34,0,0.0,2.0,7.0,17.0,A01
201800019681,1.0,7,0,0.0,2.0,8.0,13.0,B01
201800019682,2.0,7,0,5.0,1.0,2.0,2.0,A01
201800019683,1.0,7,0,0.0,2.0,3.0,0.0,A01
201800019683,1.0,31,0,0.0,2.0,0.0,0.0,B01
201800019684,1.0,7,0,4.0,0.0,1.0,2.0,A01
201800019685,2.0,7,0,0.0,2.0,2.0,15.0,A01
201800019685,1.0,7,0,0.0,2.0,3.0,1.0,B01
201800019686,1.0,7,0,15.0,1.0,3.0,0.0,A01
201800019687,2.0,32,0,12.0,0.0,1.0,1.0,A01
201800019688,1.0,33,0,0.0,2.0,7.0,2.0,A01
201800019688,1.0,7,0,0.0,2.0,6.0,2.0,B01
201800019688,1.0,7,0,0.0,2.0,7.0,1.0,C01
201800019689,2.0,7,0,0.0,2.0,7.0,15.0,A01
201800019689,2.0,34,0,0.0,2.0,1.0,1.0,B01
201800019690,1.0,1,0,0.0,0.0,0.0,0.0,A01
201800019691,,99,0,0.0,0.0,0.0,0.0,A01
201800019692,1.0,7,0,0.0,1.0,1.0,0.0,A01
201800019693,1.0,33,0,0.0,1.0,1.0,3.0,A01
201800019694,2.0,7,0,0.0,2.0,1.0,1.0,A01
201800019694,2.0,7,0,0.0,2.0,4.0,23.0,B01
201800019694,2.0,7,0,0.0,2.0,4.0,23.0,C01
201800019695,2.0,7,0,1.0,2.0,1.0,21.0,A01
201800019695,2.0,2,0,0.0,2.0,4.0,0.0,B01
201800019695,0.0,7,0,0.0,2.0,8.0,24.0,C01
201800019696,1.0,33,0,0.0,0.0,2.0,16.0,A01
201800019697,2.0,7,0,0.0,2.0,1.0,1.0,A01
201800019697,0.0,1,0,0.0,2.0,8.0,19.0,B01
201800019698,1.0,1,0,0.0,1.0,1.0,0.0,A01
201800019699,2.0,7,0,0.0,2.0,3.0,15.0,A01
201800019699,1.0,1,0,0.0,2.0,8.0,1.0,B01
201800019700,1.0,7,0,0.0,2.0,1.0,2.0,A01
201800019700,1.0,7,0,0.0,2.0,4.0,2.0,B01
201800019700,1.0,7,0,0.0,2.0,4.0,2.0,C01
201800019701,2.0,13,0,7.0,0.0,1.0,1.0,A01
201800019702,1.0,10,0,0.0,2.0,2.0,17.0,A01
201800019702,1.0,1,0,0.0,0.0,8.0,2.0,B01
201800019703,1.0,30,0,0.0,2.0,1.0,2.0,A01
201800019703,1.0,7,0,0.0,2.0,4.0,2.0,B01
201800019704,1.0,7,0,0.0,2.0,1.0,2.0,A01
201800019704,1.0,7,0,0.0,2.0,4.0,2.0,B01
201800019705,1.0,7,0,0.0,2.0,4.0,2.0,B01
201800019705,1.0,7,0,0.0,2.0,1.0,2.0,A01
201800019706,1.0,30,0,0.0,2.0,1.0,17.0,A01
201800019706,1.0,7,0,0.0,2.0,8.0,15.0,B01
201800019707,1.0,7,0,0.0,2.0,3.0,1.0,B01
201800019707,1.0,32,0,0.0,2.0,1.0,19.0,A01
201800019708,2.0,7,0,0.0,2.0,8.0,1.0,B01
201800019708,1.0,7,0,0.0,2.0,1.0,5.0,A01
201800019709,1.0,30,0,0.0,0.0,7.0,16.0,A01
201800019710,1.0,7,0,0.0,2.0,8.0,2.0,A01
201800019710,1.0,1,0,0.0,2.0,0.0,0.0,B01
201800019711,1.0,7,0,0.0,2.0,1.0,1.0,B01
201800019711,2.0,7,0,0.0,2.0,6.0,19.0,A01
201800019712,1.0,7,0,0.0,2.0,1.0,15.0,A01
201800019712,2.0,7,0,0.0,2.0,3.0,1.0,B01
201800019713,2.0,7,0,8.0,0.0,2.0,1.0,A01
201800019714,2.0,32,0,0.0,2.0,7.0,2.0,A01
201800019714,2.0,7,0,0.0,2.0,8.0,15.0,B01
201800019715,2.0,30,0,0.0,2.0,1.0,2.0,A01
201800019715,2.0,7,0,0.0,2.0,2.0,2.0,B01
201800019716,0.0,33,0,0.0,0.0,7.0,12.0,A01
201800019717,1.0,33,0,0.0,2.0,4.0,2.0,A01
201800019717,1.0,7,0,0.0,2.0,4.0,2.0,B01
201800019718,1.0,7,0,0.0,2.0,3.0,15.0,A01
201800019718,1.0,32,0,0.0,2.0,3.0,15.0,B01
201800019719,1.0,7,0,0.0,2.0,5.0,1.0,A01
201800019719,1.0,1,0,0.0,2.0,7.0,1.0,B01
201800019720,1.0,7,0,0.0,2.0,1.0,1.0,A01
201800019720,1.0,7,0,0.0,2.0,6.0,2.0,B01
201800019720,1.0,7,0,1.0,2.0,8.0,24.0,C01
201800019721,1.0,7,0,0.0,2.0,7.0,15.0,A01
201800019721,2.0,1,0,0.0,2.0,2.0,5.0,B01
201800019722,1.0,1,0,0.0,2.0,1.0,5.0,B01
201800019722,2.0,7,0,0.0,2.0,2.0,16.0,A01
201800019723,1.0,33,0,0.0,2.0,2.0,17.0,A01
201800019723,1.0,17,0,0.0,2.0,6.0,2.0,B01
201800019724,2.0,7,0,0.0,2.0,1.0,2.0,A01
201800019724,2.0,37,1,0.0,2.0,4.0,2.0,B01
201800019725,1.0,7,0,0.0,2.0,4.0,1.0,A01
201800019725,1.0,7,0,0.0,2.0,1.0,2.0,B01
201800019725,1.0,7,0,0.0,2.0,1.0,2.0,C01
201800019726,2.0,99,0,0.0,2.0,2.0,15.0,B01
201800019726,1.0,33,0,0.0,2.0,1.0,17.0,A01
201800019727,1.0,7,0,0.0,2.0,8.0,2.0,A01
201800019727,1.0,7,0,0.0,2.0,2.0,2.0,B01
201800019728,1.0,30,0,9.0,0.0,1.0,0.0,A01
201800019729,1.0,32,0,0.0,2.0,1.0,1.0,A01
201800019729,2.0,7,0,0.0,2.0,5.0,15.0,B01
201800019730,2.0,2,0,0.0,2.0,8.0,1.0,B01
201800019730,1.0,7,0,0.0,2.0,1.0,19.0,A01
201800019731,2.0,7,0,12.0,2.0,5.0,1.0,B01
201800019731,1.0,7,0,0.0,2.0,1.0,1.0,A01
201800019732,1.0,7,0,0.0,2.0,1.0,1.0,B01
201800019732,2.0,7,0,0.0,2.0,7.0,1.0,A01
201800019733,1.0,7,0,0.0,2.0,7.0,10.0,A01
201800019733,2.0,33,0,0.0,2.0,1.0,1.0,B01
201800019734,1.0,10,0,8.0,0.0,1.0,14.0,A01
201800019735,1.0,1,0,0.0,2.0,1.0,13.0,A01
201800019735,2.0,1,0,0.0,2.0,1.0,2.0,B01
201800019736,1.0,7,0,0.0,2.0,1.0,1.0,A01
201800019736,1.0,7,0,0.0,2.0,7.0,0.0,B01
201800019737,1.0,32,0,0.0,0.0,7.0,0.0,A01
201800019738,2.0,7,0,0.0,2.0,1.0,1.0,A01
201800019738,1.0,1,0,0.0,2.0,1.0,15.0,B01
201800019739,1.0,7,0,0.0,1.0,2.0,1.0,A01
201800019740,2.0,7,0,0.0,2.0,1.0,2.0,A01
201800019740,2.0,7,0,0.0,2.0,6.0,2.0,B01
201800019741,2.0,7,0,0.0,2.0,2.0,9.0,B01
201800019741,2.0,1,0,0.0,2.0,1.0,0.0,A01
201800019742,1.0,20,0,0.0,2.0,2.0,16.0,A01
201800019742,2.0,1,0,0.0,2.0,1.0,1.0,B01
201800019743,1.0,30,0,14.0,0.0,1.0,13.0,A01
201800019744,1.0,7,0,0.0,0.0,1.0,15.0,A01
201800019745,2.0,7,0,0.0,1.0,1.0,16.0,A01
201800019746,1.0,7,0,0.0,2.0,3.0,11.0,A01
201800019746,1.0,15,0,0.0,2.0,2.0,1.0,B01
201800019747,2.0,1,0,0.0,2.0,1.0,1.0,B01
201800019747,2.0,10,0,0.0,2.0,1.0,1.0,A01
201800019748,1.0,1,0,0.0,2.0,1.0,19.0,A01
201800019748,1.0,7,0,0.0,2.0,2.0,2.0,B01
201800019749,1.0,7,0,0.0,2.0,1.0,1.0,A01
201800019749,1.0,7,0,0.0,2.0,1.0,0.0,B01
201800019750,1.0,10,0,0.0,2.0,3.0,1.0,A01
201800019750,1.0,7,0,0.0,2.0,8.0,15.0,B01
201800019751,1.0,1,0,0.0,0.0,1.0,1.0,A01
201800019752,1.0,30,0,0.0,0.0,0.0,0.0,A01
201800019753,1.0,37,1,0.0,1.0,1.0,21.0,A01
201800019754,1.0,7,0,0.0,2.0,1.0,2.0,A01
201800019754,1.0,1,0,0.0,2.0,4.0,2.0,B01
201800019755,1.0,7,0,0.0,2.0,1.0,1.0,A01
201800019755,1.0,7,0,0.0,2.0,1.0,0.0,B01
201800019755,1.0,7,0,0.0,2.0,4.0,1.0,C01
201800019756,2.0,7,0,0.0,2.0,4.0,2.0,A01
201800019756,2.0,30,0,0.0,2.0,1.0,2.0,B01
201800019757,1.0,2,0,0.0,2.0,1.0,1.0,B01
201800019757,1.0,7,0,0.0,2.0,3.0,15.0,A01
201800019758,2.0,7,0,0.0,2.0,1.0,9.0,A01
201800019758,2.0,2,0,0.0,2.0,7.0,1.0,B01
201800019759,2.0,7,0,0.0,1.0,1.0,1.0,A01
201800019760,1.0,33,0,0.0,2.0,3.0,9.0,A01
201800019760,1.0,7,0,0.0,2.0,2.0,14.0,B01
201800019761,1.0,1,0,2.0,2.0,4.0,23.0,A01
201800019761,1.0,1,0,2.0,2.0,1.0,1.0,B01
201800019762,1.0,30,0,1.0,0.0,7.0,0.0,A01
201800019762,1.0,7,0,0.0,2.0,8.0,0.0,B01
201800019763,1.0,7,0,0.0,2.0,3.0,1.0,A01
201800019763,2.0,7,0,0.0,2.0,3.0,1.0,B01
201800019764,1.0,7,0,0.0,1.0,2.0,1.0,A01
201800019765,2.0,31,0,0.0,0.0,3.0,21.0,A01
201800019766,1.0,7,0,0.0,2.0,6.0,2.0,A01
201800019766,1.0,7,0,0.0,2.0,2.0,2.0,B01
201800019767,2.0,7,0,0.0,1.0,3.0,1.0,A01
201800019768,0.0,1,0,12.0,0.0,1.0,1.0,A01
201800019769,2.0,30,0,0.0,2.0,3.0,1.0,B01
201800019769,2.0,7,0,0.0,2.0,3.0,1.0,A01
201800019770,1.0,7,0,1.0,2.0,2.0,1.0,A01
201800019770,1.0,7,0,0.0,2.0,1.0,1.0,B01
201800019770,1.0,7,0,6.0,2.0,8.0,24.0,C01
201800019771,2.0,7,0,1.0,0.0,2.0,14.0,A01
201800019772,2.0,10,0,0.0,2.0,4.0,9.0,A01
201800019772,2.0,10,0,0.0,2.0,1.0,2.0,B01
201800019773,1.0,2,0,0.0,2.0,2.0,1.0,B01
201800019773,2.0,10,0,0.0,2.0,1.0,19.0,A01
201800019774,0.0,7,0,0.0,0.0,1.0,14.0,A01
201800019775,1.0,7,0,8.0,0.0,3.0,0.0,A01
201800019776,1.0,10,0,0.0,2.0,1.0,9.0,A01
201800019776,1.0,7,0,0.0,2.0,2.0,1.0,B01
201800019777,1.0,30,0,0.0,2.0,0.0,21.0,A01
201800019778,2.0,7,0,0.0,2.0,3.0,15.0,A01
201800019778,2.0,32,0,0.0,2.0,5.0,17.0,B01
201800019779,2.0,7,0,0.0,2.0,3.0,16.0,A01
201800019779,1.0,7,0,0.0,2.0,3.0,2.0,B01
201800019780,1.0,7,0,0.0,1.0,1.0,1.0,A01
201800019781,1.0,7,0,3.0,2.0,2.0,2.0,A01
201800019781,1.0,7,0,3.0,2.0,6.0,23.0,B01
201800019782,1.0,7,0,3.0,2.0,9.0,21.0,A01
201800019782,1.0,7,0,3.0,2.0,4.0,23.0,B01
201800019783,1.0,7,0,0.0,2.0,1.0,1.0,A01
201800019783,1.0,1,0,0.0,2.0,0.0,9.0,Z01
201800019784,1.0,30,0,0.0,0.0,0.0,17.0,A01
201800019785,2.0,7,0,0.0,2.0,1.0,2.0,A01
201800019785,2.0,7,0,0.0,2.0,4.0,23.0,B01
201800019786,1.0,37,1,0.0,1.0,1.0,1.0,A01
201800019787,1.0,7,0,0.0,2.0,1.0,2.0,A01
201800019787,1.0,7,0,0.0,2.0,4.0,23.0,B01
201800019788,1.0,7,0,0.0,2.0,7.0,1.0,B01
201800019788,2.0,7,0,0.0,2.0,1.0,1.0,A01
201800019789,1.0,30,0,12.0,0.0,3.0,15.0,A01
201800019790,1.0,7,0,0.0,2.0,3.0,9.0,A01
201800019790,1.0,33,0,0.0,2.0,0.0,1.0,B01
201800019791,1.0,7,0,0.0,2.0,5.0,4.0,A01
201800019791,2.0,30,0,0.0,2.0,1.0,2.0,B01
201800019792,1.0,7,0,0.0,2.0,1.0,2.0,A01
201800019792,1.0,7,0,0.0,2.0,9.0,2.0,B01
201800019792,1.0,7,0,0.0,2.0,5.0,2.0,C01
201800019793,1.0,7,0,0.0,2.0,1.0,12.0,A01
201800019793,1.0,7,0,0.0,2.0,4.0,23.0,B01
201800019793,1.0,7,0,0.0,2.0,4.0,23.0,C01
201800019794,2.0,7,0,0.0,2.0,2.0,2.0,A01
201800019794,2.0,1,0,12.0,0.0,8.0,13.0,B01
201800019795,1.0,7,0,2.0,0.0,1.0,14.0,A01
201800019796,1.0,7,0,3.0,0.0,1.0,9.0,A01
201800019797,1.0,32,0,0.0,2.0,1.0,2.0,A01
201800019797,1.0,7,0,0.0,2.0,5.0,2.0,B01
201800019798,1.0,1,0,0.0,2.0,6.0,1.0,A01
201800019798,2.0,7,0,0.0,2.0,3.0,1.0,B01
201800019799,1.0,7,0,0.0,2.0,1.0,9.0,A01
201800019799,2.0,1,0,0.0,2.0,2.0,0.0,B01
201800019800,1.0,7,0,0.0,2.0,4.0,2.0,A01
201800019800,1.0,7,0,0.0,2.0,2.0,2.0,B01
201800019801,1.0,7,0,0.0,1.0,1.0,1.0,A01
201800019802,2.0,7,0,6.0,0.0,2.0,1.0,A01
201800019803,2.0,7,0,0.0,2.0,1.0,9.0,A01
201800019803,2.0,7,0,0.0,2.0,4.0,1.0,B01
201800019804,2.0,7,0,0.0,2.0,4.0,1.0,A01
201800019804,2.0,7,0,0.0,2.0,4.0,1.0,B01
201800019804,2.0,7,0,0.0,2.0,1.0,1.0,C01
201800019805,1.0,7,0,0.0,2.0,1.0,1.0,A01
201800019805,2.0,7,0,0.0,2.0,7.0,1.0,B01
201800019805,2.0,7,0,0.0,2.0,3.0,1.0,C01
201800019806,1.0,7,0,0.0,2.0,1.0,2.0,A01
201800019806,1.0,7,0,0.0,2.0,4.0,2.0,B01
201800019806,1.0,7,0,0.0,2.0,4.0,2.0,C01
201800019806,1.0,7,0,0.0,2.0,4.0,2.0,D01
201800019807,1.0,7,0,0.0,2.0,1.0,2.0,A01
201800019807,1.0,7,0,0.0,2.0,4.0,2.0,B01
201800019808,1.0,7,0,0.0,2.0,1.0,9.0,A01
201800019808,2.0,1,0,0.0,2.0,7.0,1.0,B01
201800019809,1.0,32,0,0.0,0.0,0.0,1.0,A01
201800019810,0.0,1,0,0.0,0.0,1.0,1.0,A01
201800019811,0.0,1,0,0.0,0.0,0.0,0.0,A01
201800019812,1.0,7,0,0.0,2.0,2.0,1.0,B01
201800019812,2.0,2,0,0.0,2.0,3.0,1.0,A01