Num_Acc,senc,catv,occutc,obs,obsm,choc,manv,num_veh
201800020075,1.0,7,0,0.0,0.0,3.0,16.0,A01
201800020076,2.0,7,0,0.0,2.0,1.0,1.0,B01
201800020076,0.0,7,0,0.0,2.0,8.0,19.0,A01
201800020077,0.0,31,0,13.0,0.0,1.0,1.0,A01
201800020078,0.0,2,0,0.0,2.0,1.0,1.0,A01
201800020078,0.0,7,0,0.0,2.0,8.0,10.0,B01
201800020079,1.0,7,0,2.0,0.0,4.0,0.0,A01
201800020080,1.0,7,0,0.0,1.0,2.0,1.0,A01
201800020081,0.0,14,0,0.0,2.0,8.0,19.0,B01
201800020081,0.0,10,0,0.0,2.0,1.0,19.0,A01
201800020082,1.0,14,0,0.0,2.0,3.0,1.0,B01
201800020082,2.0,10,0,0.0,2.0,3.0,13.0,A01
201800020083,2.0,7,0,7.0,0.0,1.0,1.0,A01
201800020084,2.0,7,0,0.0,0.0,8.0,1.0,A01
201800020084,2.0,7,0,4.0,2.0,3.0,1.0,B01
201800020085,1.0,15,0,0.0,2.0,2.0,2.0,A01
201800020085,1.0,15,0,0.0,2.0,4.0,0.0,B01
201800020085,1.0,15,0,0.0,2.0,1.0,0.0,C01
201800020085,1.0,7,0,0.0,2.0,0.0,0.0,D01
201800020085,1.0,7,0,0.0,2.0,0.0,0.0,E01
201800020085,1.0,7,0,0.0,2.0,0.0,0.0,F01
201800020085,1.0,7,0,0.0,2.0,0.0,0.0,G01
201800020085,1.0,7,0,0.0,2.0,0.0,0.0,H01
201800020085,1.0,10,0,0.0,2.0,0.0,0.0,I01
201800020085,1.0,7,0,0.0,2.0,4.0,0.0,J01
201800020085,1.0,7,0,0.0,2.0,0.0,0.0,K01
201800020085,1.0,7,0,0.0,2.0,0.0,0.0,L01
201800020086,1.0,7,0,3.0,0.0,1.0,0.0,A01
201800020087,1.0,7,0,6.0,0.0,3.0,0.0,A01
201800020088,2.0,7,0,0.0,0.0,6.0,1.0,A01
201800020089,2.0,7,0,7.0,0.0,0.0,1.0,A01
201800020090,1.0,7,0,0.0,2.0,1.0,2.0,A01
201800020090,1.0,7,0,0.0,2.0,4.0,2.0,B01
201800020091,1.0,15,0,0.0,1.0,3.0,2.0,A01
201800020092,1.0,33,0,0.0,0.0,0.0,1.0,A01
201800020093,2.0,7,0,0.0,0.0,0.0,13.0,A01
201800020094,0.0,33,0,7.0,0.0,1.0,1.0,A01
201800020095,1.0,7,0,13.0,0.0,3.0,1.0,A01
201800020096,0.0,7,0,0.0,2.0,1.0,10.0,A01
201800020096,0.0,33,0,0.0,2.0,7.0,1.0,B01
201800020097,1.0,7,0,0.0,2.0,2.0,15.0,A01
201800020097,2.0,34,0,0.0,2.0,1.0,1.0,B01
201800020098,1.0,32,0,0.0,2.0,1.0,1.0,A01
201800020098,0.0,7,0,0.0,2.0,1.0,15.0,B01
201800020099,0.0,2,0,0.0,2.0,1.0,1.0,B01
201800020099,0.0,10,0,0.0,2.0,2.0,15.0,A01
201800020100,1.0,7,0,0.0,0.0,7.0,19.0,A01
201800020100,2.0,1,0,0.0,2.0,1.0,1.0,B01
201800020101,0.0,30,0,0.0,0.0,6.0,15.0,B01
201800020101,0.0,33,0,0.0,2.0,1.0,13.0,A01
201800020102,0.0,7,0,0.0,2.0,1.0,9.0,A01
201800020102,0.0,1,0,0.0,2.0,7.0,1.0,B01
201800020103,1.0,2,0,0.0,0.0,1.0,1.0,B01
201800020103,2.0,7,0,0.0,0.0,2.0,11.0,A01
201800020104,2.0,7,0,0.0,2.0,1.0,1.0,B01
201800020104,1.0,31,0,0.0,2.0,3.0,13.0,A01
201800020105,0.0,7,0,0.0,1.0,1.0,1.0,A01
201800020106,1.0,1,0,0.0,0.0,0.0,1.0,A01
201800020106,0.0,7,0,0.0,0.0,0.0,15.0,B01
201800020107,2.0,7,0,0.0,0.0,6.0,23.0,B01
201800020107,2.0,2,0,1.0,0.0,1.0,1.0,A01
201800020108,2.0,7,0,0.0,2.0,1.0,13.0,A01
201800020108,1.0,7,0,0.0,2.0,1.0,1.0,B01
201800020109,1.0,7,0,0.0,2.0,1.0,13.0,A01
201800020109,2.0,7,0,0.0,2.0,1.0,1.0,B01
201800020110,1.0,13,0,16.0,0.0,7.0,1.0,A01
201800020111,2.0,7,0,13.0,0.0,9.0,1.0,A01
201800020112,1.0,7,0,13.0,0.0,1.0,5.0,A01
201800020113,1.0,7,0,2.0,0.0,0.0,0.0,A01
201800020114,1.0,7,0,0.0,1.0,2.0,21.0,A01
201800020115,1.0,7,0,0.0,9.0,8.0,1.0,C01
201800020115,1.0,7,0,0.0,2.0,3.0,1.0,B01
201800020115,2.0,7,0,0.0,2.0,3.0,13.0,A01
201800020116,0.0,7,0,13.0,0.0,9.0,1.0,A01
201800020117,1.0,7,0,0.0,2.0,3.0,10.0,A01
201800020117,1.0,7,0,2.0,2.0,7.0,1.0,B01
201800020118,2.0,7,0,2.0,0.0,3.0,19.0,A01
201800020119,2.0,7,0,0.0,1.0,1.0,1.0,A01
201800020120,2.0,7,0,0.0,2.0,3.0,15.0,A01
201800020120,2.0,33,0,0.0,2.0,2.0,17.0,B01
201800020121,1.0,7,0,8.0,0.0,1.0,14.0,A01
201800020122,2.0,7,0,0.0,2.0,3.0,1.0,A01
201800020122,2.0,36,0,0.0,0.0,5.0,15.0,B01
201800020123,1.0,14,0,0.0,1.0,3.0,0.0,A01
201800020124,1.0,7,0,8.0,0.0,9.0,6.0,A01
201800020125,1.0,7,0,13.0,0.0,1.0,1.0,A01
201800020126,2.0,15,0,16.0,0.0,8.0,14.0,A01
201800020126,2.0,10,0,14.0,2.0,1.0,1.0,B01
201800020127,2.0,33,0,13.0,0.0,1.0,1.0,A01
201800020128,1.0,7,0,13.0,0.0,0.0,1.0,A01
201800020129,2.0,1,0,13.0,0.0,1.0,1.0,A01
201800020130,1.0,10,0,0.0,2.0,1.0,1.0,B01
201800020130,0.0,7,0,0.0,0.0,8.0,0.0,A01
201800020131,2.0,17,0,0.0,2.0,1.0,1.0,A01
201800020131,2.0,7,0,0.0,0.0,4.0,23.0,D01
201800020131,2.0,7,0,0.0,0.0,4.0,1.0,B01
201800020131,2.0,7,0,0.0,0.0,4.0,1.0,C01
201800020132,0.0,7,0,0.0,1.0,1.0,0.0,A01
201800020133,2.0,7,0,0.0,2.0,1.0,15.0,A01
201800020133,1.0,2,0,0.0,2.0,7.0,1.0,B01
201800020134,0.0,7,0,0.0,2.0,1.0,1.0,A01
201800020134,0.0,7,0,0.0,2.0,1.0,1.0,B01
201800020135,1.0,7,0,2.0,0.0,1.0,1.0,A01
201800020136,1.0,7,0,2.0,0.0,2.0,21.0,A01
201800020137,2.0,7,0,2.0,0.0,1.0,1.0,A01
201800020138,1.0,2,0,0.0,2.0,1.0,13.0,A01
201800020138,1.0,7,0,0.0,2.0,2.0,1.0,B01
201800020139,1.0,7,0,13.0,0.0,3.0,13.0,A01
201800020140,1.0,38,5,9.0,2.0,3.0,13.0,A01
201800020140,2.0,7,0,0.0,2.0,1.0,1.0,B01
201800020141,1.0,2,0,0.0,2.0,4.0,1.0,B01
201800020141,2.0,7,0,0.0,2.0,0.0,9.0,A01
201800020142,1.0,7,0,3.0,0.0,2.0,0.0,A01
201800020143,2.0,2,0,0.0,0.0,0.0,1.0,A01
201800020144,2.0,7,0,0.0,2.0,3.0,15.0,A01
201800020144,1.0,33,0,0.0,2.0,1.0,1.0,B01
201800020145,1.0,7,0,13.0,0.0,3.0,13.0,A01
201800020146,2.0,7,0,0.0,1.0,1.0,1.0,A01
201800020147,1.0,2,0,0.0,2.0,1.0,1.0,B01
201800020147,0.0,21,0,0.0,2.0,2.0,19.0,A01
201800020148,2.0,7,0,2.0,0.0,2.0,1.0,A01
201800020149,0.0,7,0,0.0,0.0,0.0,0.0,A01
201800020150,2.0,7,0,6.0,0.0,1.0,1.0,A01
201800020151,1.0,7,0,0.0,1.0,2.0,0.0,A01
201800020152,2.0,10,0,0.0,2.0,3.0,13.0,A01
201800020152,1.0,15,0,0.0,2.0,1.0,1.0,B01
201800020153,1.0,10,0,0.0,2.0,3.0,1.0,A01
201800020153,2.0,17,0,0.0,0.0,0.0,1.0,B01
201800020154,1.0,7,0,0.0,2.0,1.0,5.0,A01
201800020154,2.0,7,0,0.0,2.0,1.0,1.0,B01
201800020155,1.0,7,0,0.0,2.0,1.0,1.0,A01
201800020155,2.0,13,0,0.0,2.0,1.0,1.0,B01
201800020156,1.0,7,0,0.0,2.0,1.0,5.0,A01
201800020156,2.0,7,0,0.0,2.0,1.0,1.0,B01
201800020157,0.0,7,0,0.0,1.0,3.0,5.0,A01
201800020158,1.0,7,0,0.0,2.0,1.0,15.0,A01
201800020158,2.0,7,0,0.0,2.0,1.0,1.0,B01
201800020159,2.0,7,0,0.0,2.0,3.0,1.0,A01
201800020159,1.0,7,0,0.0,2.0,3.0,1.0,B01
201800020160,1.0,7,0,6.0,0.0,1.0,1.0,A01
201800020161,1.0,7,0,13.0,0.0,1.0,1.0,A01
201800020162,2.0,21,0,0.0,2.0,8.0,15.0,A01
201800020162,2.0,7,0,0.0,2.0,2.0,17.0,B01
201800020163,2.0,7,0,0.0,2.0,1.0,5.0,A01
201800020163,1.0,7,0,0.0,2.0,1.0,1.0,B01
201800020164,1.0,31,0,0.0,0.0,1.0,1.0,B01
201800020164,0.0,7,0,0.0,2.0,3.0,10.0,A01
201800020165,1.0,7,0,0.0,2.0,1.0,1.0,B01
201800020165,1.0,10,0,0.0,2.0,3.0,16.0,A01
201800020166,1.0,33,0,0.0,2.0,2.0,17.0,A01
201800020166,1.0,10,0,0.0,0.0,8.0,15.0,B01
201800020167,1.0,33,0,0.0,2.0,1.0,1.0,A01
201800020167,0.0,7,0,0.0,0.0,8.0,1.0,B01
201800020168,2.0,7,0,0.0,2.0,2.0,1.0,A01
201800020168,0.0,7,0,0.0,2.0,3.0,16.0,B01
201800020169,0.0,7,0,13.0,0.0,3.0,1.0,A01
201800020170,2.0,7,0,0.0,1.0,3.0,9.0,A01
201800020171,0.0,7,0,0.0,0.0,8.0,23.0,C01
201800020171,0.0,17,0,0.0,0.0,3.0,1.0,B01
201800020171,0.0,33,0,0.0,2.0,1.0,13.0,A01
201800020172,2.0,10,0,2.0,0.0,1.0,1.0,A01
201800020173,0.0,7,0,0.0,0.0,2.0,1.0,A01
201800020173,0.0,1,0,0.0,2.0,1.0,13.0,B01
201800020174,1.0,7,0,0.0,2.0,1.0,13.0,A01
201800020174,2.0,7,0,0.0,2.0,1.0,1.0,B01
201800020175,2.0,7,0,2.0,0.0,2.0,1.0,A01
201800020176,0.0,7,0,0.0,2.0,8.0,1.0,A01
201800020176,0.0,34,0,0.0,2.0,8.0,13.0,B01
201800020177,2.0,38,1,0.0,0.0,0.0,17.0,B01
201800020177,2.0,1,0,0.0,0.0,0.0,1.0,A01
201800020178,1.0,7,0,4.0,0.0,2.0,1.0,A01
201800020179,2.0,7,0,13.0,0.0,1.0,5.0,A01
201800020180,0.0,7,0,2.0,0.0,0.0,0.0,A01
201800020181,0.0,7,0,2.0,0.0,1.0,0.0,A01
201800020182,2.0,33,0,14.0,9.0,1.0,6.0,A01
201800020183,1.0,7,0,0.0,2.0,7.0,19.0,B01
201800020183,2.0,7,0,0.0,2.0,1.0,1.0,A01
201800020184,2.0,33,0,0.0,2.0,1.0,17.0,A01
201800020184,1.0,7,0,0.0,2.0,2.0,1.0,B01
201800020185,0.0,7,0,0.0,1.0,1.0,1.0,A01
201800020186,1.0,7,0,0.0,2.0,8.0,17.0,A01
201800020186,1.0,7,0,2.0,2.0,9.0,17.0,B01
201800020187,1.0,7,0,0.0,2.0,1.0,13.0,A01
201800020187,2.0,7,0,0.0,2.0,2.0,1.0,C01
201800020187,2.0,7,0,0.0,2.0,1.0,1.0,B01
201800020188,1.0,7,0,0.0,0.0,1.0,1.0,A01
201800020189,1.0,7,0,0.0,2.0,7.0,5.0,A01
201800020189,2.0,14,0,0.0,2.0,2.0,1.0,B01
201800020190,1.0,13,0,2.0,2.0,3.0,1.0,B01
201800020190,2.0,7,0,0.0,2.0,1.0,13.0,A01
201800020191,0.0,7,0,2.0,0.0,4.0,1.0,A01
201800020192,1.0,7,0,13.0,0.0,1.0,1.0,A01
201800020193,0.0,7,0,0.0,0.0,5.0,15.0,B01
201800020193,0.0,30,0,0.0,0.0,1.0,1.0,A01
201800020194,2.0,7,0,2.0,0.0,1.0,14.0,A01
201800020195,0.0,7,0,0.0,1.0,2.0,1.0,A01
201800020196,2.0,7,0,13.0,0.0,1.0,0.0,A01
201800020197,2.0,7,0,0.0,2.0,3.0,15.0,A01
201800020197,1.0,33,0,0.0,2.0,1.0,1.0,B01
201800020198,1.0,7,0,0.0,2.0,3.0,1.0,B01
201800020198,2.0,7,0,0.0,2.0,3.0,13.0,A01
201800020199,1.0,7,0,0.0,2.0,3.0,13.0,A01
201800020199,2.0,10,0,0.0,2.0,3.0,1.0,B01
201800020200,2.0,7,0,0.0,0.0,1.0,1.0,B01
201800020200,1.0,7,0,0.0,2.0,8.0,1.0,A01
201800020201,0.0,7,0,0.0,0.0,1.0,0.0,A01
201800020202,1.0,7,0,0.0,0.0,4.0,2.0,B01
201800020202,1.0,7,0,0.0,2.0,5.0,2.0,A01
201800020202,1.0,31,0,0.0,2.0,1.0,2.0,C01
201800020203,1.0,7,0,2.0,0.0,1.0,1.0,A01
201800020204,1.0,7,0,0.0,2.0,4.0,2.0,B01
201800020204,1.0,38,1,0.0,2.0,1.0,2.0,A01
201800020205,0.0,7,0,0.0,2.0,6.0,2.0,A01
201800020205,0.0,33,0,0.0,2.0,2.0,2.0,B01
201800020206,1.0,10,0,0.0,2.0,8.0,10.0,A01
201800020206,1.0,33,0,0.0,2.0,1.0,2.0,B01
201800020207,2.0,7,0,0.0,2.0,1.0,15.0,A01
201800020207,1.0,7,0,0.0,2.0,2.0,1.0,B01
201800020208,1.0,7,0,0.0,2.0,1.0,13.0,A01
201800020208,2.0,7,0,0.0,2.0,1.0,21.0,B01
201800020209,0.0,7,0,0.0,2.0,6.0,0.0,A01
201800020209,0.0,33,0,0.0,2.0,1.0,1.0,B01
201800020210,0.0,7,0,0.0,0.0,3.0,15.0,A01
201800020210,0.0,1,0,0.0,0.0,7.0,1.0,B01
201800020211,2.0,7,0,0.0,0.0,1.0,1.0,A01
201800020212,2.0,7,0,0.0,2.0,7.0,15.0,A01
201800020212,1.0,2,0,0.0,2.0,1.0,0.0,B01
201800020213,1.0,7,0,0.0,2.0,3.0,17.0,A01
201800020213,1.0,31,0,0.0,2.0,2.0,1.0,B01
201800020214,2.0,7,0,0.0,2.0,3.0,9.0,B01
201800020214,1.0,33,0,0.0,2.0,1.0,1.0,A01
201800020215,1.0,7,0,6.0,0.0,1.0,2.0,A01
201800020216,2.0,1,0,0.0,0.0,0.0,17.0,A01
201800020217,0.0,7,0,13.0,0.0,9.0,1.0,A01
201800020218,1.0,7,0,0.0,0.0,7.0,1.0,A01
201800020219,1.0,33,0,13.0,0.0,8.0,15.0,A01
201800020220,1.0,33,0,4.0,0.0,2.0,1.0,A01
201800020221,0.0,7,0,2.0,0.0,0.0,1.0,A01
201800020222,2.0,7,0,13.0,0.0,1.0,1.0,A01
201800020223,1.0,10,0,0.0,2.0,3.0,1.0,A01
201800020223,2.0,33,0,0.0,2.0,1.0,13.0,B01
201800020224,0.0,21,0,0.0,1.0,5.0,0.0,A01
201800020225,1.0,31,0,13.0,0.0,8.0,1.0,A01
201800020226,2.0,7,0,12.0,0.0,3.0,0.0,A01
201800020227,2.0,31,0,3.0,0.0,0.0,1.0,A01
201800020228,1.0,7,0,0.0,1.0,8.0,19.0,A01
201800020229,0.0,7,0,12.0,0.0,8.0,16.0,A01
201800020230,2.0,7,0,0.0,1.0,2.0,1.0,A01
201800020231,2.0,7,0,8.0,0.0,2.0,19.0,A01
201800020231,1.0,7,0,8.0,0.0,3.0,1.0,B01
201800020232,2.0,7,0,0.0,1.0,8.0,16.0,A01
201800020233,1.0,7,0,0.0,1.0,7.0,0.0,A01
201800020234,0.0,1,0,0.0,2.0,8.0,1.0,B01
201800020234,0.0,7,0,0.0,2.0,3.0,15.0,A01
201800020235,1.0,7,0,0.0,2.0,8.0,19.0,A01
201800020235,1.0,33,0,0.0,2.0,1.0,2.0,B01
201800020236,1.0,33,0,0.0,2.0,8.0,1.0,B01
201800020236,1.0,10,0,0.0,2.0,7.0,19.0,A01
201800020237,1.0,10,0,0.0,2.0,3.0,1.0,B01
201800020237,0.0,30,0,0.0,2.0,1.0,17.0,A01
201800020238,1.0,7,0,0.0,2.0,6.0,0.0,A01
201800020238,1.0,33,0,0.0,2.0,1.0,17.0,Z01
201800020239,1.0,7,0,0.0,2.0,4.0,2.0,B01
201800020239,1.0,7,0,0.0,2.0,1.0,2.0,A01
201800020240,1.0,34,0,1.0,0.0,1.0,0.0,A01
201800020241,1.0,33,0,0.0,2.0,1.0,1.0,B01
201800020241,2.0,7,0,0.0,2.0,5.0,15.0,A01
201800020242,0.0,2,0,0.0,2.0,1.0,13.0,B01
201800020242,1.0,7,0,0.0,2.0,3.0,16.0,A01
201800020243,0.0,7,0,1.0,0.0,4.0,0.0,B01
201800020243,0.0,7,0,8.0,0.0,4.0,0.0,C01
201800020243,1.0,7,0,1.0,0.0,1.0,14.0,A01
201800020244,2.0,7,0,0.0,1.0,7.0,2.0,A01
201800020245,2.0,7,0,1.0,1.0,2.0,17.0,A01
201800020246,2.0,7,0,0.0,2.0,3.0,0.0,A01
201800020246,1.0,7,0,0.0,2.0,3.0,1.0,B01
201800020247,0.0,7,0,2.0,0.0,1.0,13.0,A01
201800020248,1.0,7,0,0.0,2.0,4.0,23.0,B01
201800020248,1.0,2,0,0.0,2.0,1.0,0.0,A01
201800020249,1.0,7,0,0.0,1.0,1.0,1.0,A01
201800020250,1.0,10,0,0.0,1.0,1.0,1.0,A01
201800020251,1.0,7,0,6.0,0.0,1.0,13.0,A01
201800020252,0.0,10,0,2.0,0.0,1.0,13.0,A01
201800020253,2.0,1,0,0.0,2.0,4.0,2.0,B01
201800020253,2.0,14,0,0.0,2.0,2.0,2.0,A01
201800020254,0.0,7,0,8.0,0.0,2.0,5.0,A01
201800020255,2.0,7,0,0.0,2.0,1.0,2.0,A01
201800020255,2.0,7,0,8.0,0.0,4.0,23.0,B01
201800020255,1.0,7,0,0.0,2.0,1.0,1.0,C01
201800020256,1.0,7,0,0.0,2.0,5.0,11.0,A01
201800020256,1.0,33,0,0.0,2.0,1.0,1.0,B01
201800020257,1.0,7,0,8.0,0.0,8.0,1.0,B01
201800020257,1.0,7,0,0.0,2.0,1.0,1.0,A01
201800020258,1.0,10,0,0.0,2.0,7.0,16.0,B01
201800020258,0.0,33,0,0.0,2.0,1.0,3.0,A01
201800020259,0.0,33,0,0.0,2.0,3.0,5.0,A01
201800020259,0.0,7,0,0.0,2.0,1.0,15.0,B01
201800020260,1.0,1,0,0.0,2.0,1.0,1.0,B01
201800020260,2.0,30,0,0.0,2.0,1.0,1.0,A01
201800020261,2.0,2,0,0.0,2.0,1.0,1.0,B01
201800020261,1.0,7,0,0.0,2.0,1.0,1.0,A01
201800020262,2.0,1,0,0.0,2.0,4.0,1.0,B01
201800020262,2.0,1,0,0.0,2.0,4.0,1.0,C01
201800020262,2.0,7,0,0.0,2.0,3.0,21.0,A01
201800020263,1.0,7,0,0.0,1.0,1.0,11.0,A01
201800020264,0.0,7,0,0.0,1.0,2.0,0.0,A01
201800020265,0.0,1,0,0.0,2.0,1.0,1.0,A01
201800020265,0.0,7,0,0.0,6.0,1.0,15.0,B01
201800020266,1.0,10,0,0.0,2.0,1.0,2.0,A01
201800020266,1.0,10,0,0.0,2.0,1.0,1.0,B01
201800020266,1.0,10,0,0.0,2.0,4.0,2.0,C01
201800020267,1.0,7,0,0.0,2.0,8.0,15.0,A01
201800020267,2.0,2,0,0.0,2.0,1.0,1.0,B01
201800020268,2.0,17,0,1.0,0.0,4.0,1.0,C01
201800020268,2.0,17,0,1.0,0.0,4.0,24.0,B01
201800020268,2.0,17,0,0.0,2.0,1.0,1.0,D01
201800020268,2.0,17,0,0.0,0.0,4.0,23.0,A01
201800020269,0.0,7,0,6.0,2.0,3.0,13.0,A01
201800020269,0.0,7,0,0.0,2.0,1.0,1.0,B01
201800020270,2.0,7,0,8.0,0.0,7.0,1.0,A01
201800020271,1.0,7,0,0.0,2.0,3.0,1.0,B01
201800020271,2.0,7,0,0.0,2.0,3.0,13.0,A01
201800020272,0.0,33,0,0.0,0.0,8.0,1.0,A01
201800020273,1.0,2,0,0.0,0.0,0.0,15.0,A01
201800020274,2.0,33,0,13.0,0.0,1.0,1.0,A01
201800020275,2.0,7,0,0.0,2.0,8.0,19.0,A01
201800020275,1.0,7,0,0.0,2.0,1.0,1.0,B01
201800020276,2.0,7,0,0.0,2.0,2.0,17.0,A01
201800020276,2.0,7,0,0.0,2.0,6.0,1.0,B01
201800020277,1.0,7,0,4.0,0.0,1.0,1.0,A01
201800020278,1.0,7,0,0.0,2.0,1.0,1.0,A01
201800020278,1.0,7,0,0.0,2.0,4.0,1.0,B01
201800020279,1.0,7,0,3.0,2.0,6.0,14.0,B01
201800020279,1.0,7,0,0.0,2.0,2.0,21.0,A01
201800020280,2.0,7,0,16.0,0.0,9.0,1.0,A01
201800020281,1.0,7,0,0.0,0.0,4.0,2.0,B01
201800020281,1.0,7,0,0.0,2.0,1.0,2.0,A01
201800020282,1.0,7,0,13.0,0.0,1.0,0.0,A01
201800020283,1.0,7,0,3.0,0.0,8.0,17.0,A01
201800020284,2.0,7,0,0.0,2.0,3.0,13.0,A01
201800020284,1.0,15,0,0.0,2.0,3.0,1.0,B01
201800020284,1.0,7,0,0.0,2.0,3.0,1.0,D01
201800020285,2.0,7,0,3.0,0.0,7.0,21.0,A01
201800020286,1.0,7,0,0.0,2.0,1.0,1.0,A01
201800020286,1.0,17,0,0.0,0.0,4.0,1.0,B01
201800020287,2.0,7,0,13.0,0.0,9.0,13.0,A01
201800020288,1.0,2,0,0.0,2.0,0.0,2.0,B01
201800020288,1.0,7,0,0.0,2.0,2.0,2.0,A01
201800020289,1.0,14,0,3.0,0.0,2.0,1.0,A01
201800020290,1.0,7,0,13.0,0.0,9.0,1.0,A01
201800020291,1.0,33,0,0.0,2.0,1.0,2.0,A01
201800020291,1.0,99,0,0.0,2.0,4.0,2.0,B01
201800020292,1.0,7,0,3.0,2.0,7.0,12.0,A01
201800020292,1.0,7,0,0.0,2.0,8.0,1.0,B01
201800020293,1.0,7,0,0.0,2.0,1.0,1.0,B01
201800020293,2.0,7,0,0.0,2.0,1.0,0.0,A01
201800020294,2.0,7,0,0.0,2.0,1.0,1.0,A01
201800020294,2.0,15,0,0.0,0.0,4.0,1.0,B01
201800020295,1.0,10,0,0.0,2.0,2.0,1.0,D01
201800020295,1.0,7,0,0.0,0.0,3.0,2.0,B01
201800020295,1.0,7,0,3.0,2.0,1.0,2.0,A01
201800020295,1.0,7,0,0.0,2.0,2.0,2.0,C01
201800020296,2.0,7,0,11.0,0.0,1.0,1.0,A01
201800020297,1.0,7,0,8.0,0.0,8.0,1.0,A01
201800020298,2.0,7,0,2.0,0.0,5.0,1.0,A01
201800020299,1.0,7,0,3.0,2.0,3.0,1.0,B01
201800020299,2.0,7,0,3.0,2.0,3.0,1.0,A01
201800020300,2.0,7,0,0.0,2.0,3.0,1.0,C01
201800020300,1.0,7,0,0.0,2.0,8.0,13.0,A01
201800020300,2.0,7,0,0.0,2.0,3.0,1.0,B01
201800020301,1.0,2,0,0.0,2.0,1.0,1.0,B01
201800020301,2.0,7,0,0.0,2.0,1.0,15.0,A01
201800020302,0.0,7,0,13.0,2.0,8.0,0.0,B01
201800020302,2.0,10,0,8.0,2.0,1.0,1.0,A01
201800020303,1.0,7,0,13.0,0.0,1.0,1.0,A01
201800020304,1.0,17,0,6.0,0.0,1.0,13.0,A01
201800020305,1.0,17,0,0.0,0.0,1.0,1.0,B01
201800020305,2.0,7,0,0.0,2.0,8.0,13.0,A01
201800020306,2.0,7,0,0.0,2.0,6.0,15.0,B01
201800020306,2.0,32,0,12.0,2.0,7.0,17.0,A01
201800020307,1.0,7,0,0.0,2.0,1.0,17.0,A01
201800020307,2.0,15,0,0.0,2.0,1.0,1.0,B01
201800020308,2.0,7,0,16.0,0.0,0.0,1.0,A01
201800020309,1.0,7,0,0.0,2.0,1.0,1.0,B01
201800020309,2.0,7,0,0.0,2.0,1.0,13.0,A01
201800020310,2.0,7,0,2.0,0.0,3.0,13.0,A01
201800020311,1.0,15,0,3.0,2.0,4.0,1.0,B01
201800020311,1.0,7,0,3.0,2.0,1.0,0.0,A01
201800020312,1.0,7,0,3.0,2.0,1.0,14.0,A01
201800020312,1.0,15,0,0.0,2.0,4.0,2.0,B01
201800020313,1.0,7,0,0.0,2.0,1.0,2.0,A01
201800020313,1.0,38,7,0.0,2.0,4.0,2.0,B01
201800020314,1.0,17,0,1.0,0.0,4.0,2.0,A01
201800020314,1.0,10,0,1.0,0.0,9.0,2.0,B01
201800020314,1.0,10,0,0.0,0.0,9.0,2.0,C01
201800020314,1.0,10,0,0.0,2.0,9.0,2.0,D01
201800020314,1.0,17,0,1.0,2.0,1.0,2.0,E01
201800020315,2.0,10,0,0.0,2.0,2.0,2.0,A01
201800020315,2.0,7,0,0.0,0.0,6.0,2.0,B01
201800020316,2.0,7,0,0.0,2.0,3.0,2.0,A01
201800020316,2.0,7,0,0.0,0.0,4.0,2.0,B01
201800020317,2.0,7,0,1.0,1.0,1.0,0.0,B01
201800020317,2.0,7,0,1.0,2.0,3.0,1.0,A01
201800020318,2.0,7,0,0.0,2.0,1.0,5.0,A01
201800020318,1.0,17,0,0.0,2.0,1.0,1.0,B01
201800020319,2.0,7,0,3.0,0.0,9.0,1.0,A01
201800020320,2.0,7,0,13.0,0.0,9.0,1.0,A01
201800020321,1.0,15,0,0.0,2.0,4.0,1.0,B01
201800020321,1.0,7,0,0.0,2.0,1.0,2.0,A01
201800020322,2.0,10,0,3.0,0.0,3.0,1.0,A01
201800020323,2.0,7,0,3.0,0.0,2.0,2.0,A01
201800020324,2.0,7,0,0.0,2.0,4.0,1.0,B01
201800020324,2.0,7,0,0.0,2.0,1.0,2.0,A01
201800020325,1.0,7,0,3.0,0.0,1.0,1.0,A01
201800020326,1.0,7,0,4.0,0.0,8.0,0.0,A01
201800020327,1.0,7,0,13.0,0.0,2.0,1.0,A01
201800020328,1.0,7,0,0.0,2.0,1.0,2.0,A01
201800020328,1.0,7,0,13.0,2.0,4.0,2.0,B01
201800020329,1.0,7,0,3.0,0.0,3.0,0.0,A01
201800020330,1.0,33,0,0.0,0.0,9.0,2.0,A01
201800020331,1.0,7,0,3.0,2.0,0.0,0.0,A01
201800020331,1.0,7,0,0.0,0.0,2.0,1.0,B01
201800020332,1.0,10,0,4.0,0.0,3.0,13.0,A01
201800020332,1.0,7,0,0.0,2.0,3.0,2.0,B01
201800020333,1.0,7,0,0.0,2.0,3.0,2.0,A01
201800020333,1.0,7,0,0.0,2.0,4.0,2.0,B01
201800020333,1.0,7,0,0.0,0.0,4.0,2.0,C01
201800020334,2.0,7,0,0.0,2.0,1.0,2.0,A01
201800020334,2.0,7,0,0.0,2.0,4.0,2.0,B01
201800020334,2.0,7,0,0.0,2.0,5.0,2.0,C01
201800020334,2.0,7,0,0.0,2.0,4.0,2.0,D01
201800020334,2.0,7,0,0.0,0.0,4.0,2.0,E01
201800020335,1.0,7,0,3.0,0.0,1.0,17.0,A01
201800020336,1.0,7,0,0.0,2.0,1.0,2.0,A01
201800020336,1.0,7,0,0.0,0.0,4.0,2.0,B01
201800020337,1.0,7,0,0.0,2.0,1.0,1.0,B01