Num_Acc,senc,catv,occutc,obs,obsm,choc,manv,num_veh
201800020337,1.0,17,0,0.0,2.0,6.0,17.0,A01
201800020338,2.0,7,0,7.0,0.0,1.0,1.0,A01
201800020339,2.0,7,0,0.0,2.0,3.0,1.0,B01
201800020339,2.0,7,0,0.0,2.0,1.0,1.0,C01
201800020339,2.0,7,0,3.0,0.0,1.0,1.0,A01
201800020340,1.0,7,0,4.0,0.0,2.0,1.0,A01
201800020341,1.0,7,0,13.0,0.0,2.0,1.0,A01
201800020342,1.0,7,0,4.0,0.0,1.0,1.0,A01
201800020342,1.0,7,0,0.0,2.0,1.0,1.0,B01
201800020343,1.0,7,0,15.0,0.0,9.0,21.0,A01
201800020344,1.0,7,0,0.0,2.0,4.0,23.0,C01
201800020344,1.0,7,0,14.0,0.0,1.0,1.0,B01
201800020344,1.0,7,0,0.0,2.0,1.0,1.0,D01
201800020344,1.0,7,0,3.0,0.0,1.0,1.0,A01
201800020345,1.0,7,0,0.0,2.0,2.0,11.0,A01
201800020345,1.0,7,0,0.0,0.0,6.0,1.0,B01
201800020346,1.0,7,0,0.0,2.0,3.0,1.0,A01
201800020346,1.0,7,0,0.0,0.0,5.0,1.0,B01
201800020347,2.0,7,0,0.0,2.0,0.0,17.0,A01
201800020347,2.0,7,0,0.0,2.0,0.0,1.0,B01
201800020348,1.0,7,0,3.0,0.0,2.0,1.0,A01
201800020349,1.0,7,0,2.0,0.0,7.0,1.0,A01
201800020350,2.0,7,0,6.0,0.0,1.0,2.0,A01
201800020351,1.0,10,0,4.0,0.0,2.0,14.0,A01
201800020352,2.0,7,0,0.0,2.0,1.0,5.0,A01
201800020352,1.0,7,0,0.0,2.0,3.0,1.0,C01
201800020352,1.0,7,0,0.0,2.0,1.0,1.0,B01
201800020353,2.0,33,0,0.0,0.0,8.0,1.0,A01
201800020354,2.0,7,0,0.0,2.0,5.0,2.0,B01
201800020354,2.0,14,0,0.0,2.0,3.0,2.0,A01
201800020355,1.0,7,0,3.0,2.0,3.0,17.0,B01
201800020355,1.0,7,0,0.0,2.0,8.0,1.0,A01
201800020356,1.0,10,0,4.0,2.0,4.0,2.0,B01
201800020356,1.0,7,0,0.0,2.0,2.0,2.0,A01
201800020357,1.0,7,0,4.0,2.0,1.0,1.0,A01
201800020357,1.0,7,0,0.0,0.0,4.0,1.0,B01
201800020358,1.0,7,0,16.0,0.0,1.0,1.0,A01
201800020359,1.0,7,0,0.0,2.0,3.0,1.0,B01
201800020359,1.0,7,0,3.0,0.0,2.0,1.0,A01
201800020360,1.0,10,0,0.0,0.0,4.0,24.0,B01
201800020360,1.0,7,0,0.0,2.0,1.0,14.0,A01
201800020361,1.0,7,0,3.0,2.0,1.0,17.0,B01
201800020361,1.0,7,0,3.0,2.0,4.0,13.0,A01
201800020362,1.0,7,0,0.0,2.0,1.0,2.0,A01
201800020362,1.0,7,0,0.0,2.0,9.0,2.0,B01
201800020363,1.0,7,0,0.0,2.0,1.0,2.0,A01
201800020363,1.0,7,0,0.0,2.0,6.0,2.0,B01
201800020363,1.0,7,0,14.0,0.0,1.0,11.0,C01
201800020363,1.0,7,0,14.0,0.0,2.0,13.0,D01
201800020364,1.0,10,0,3.0,2.0,3.0,2.0,A01
201800020364,1.0,7,0,0.0,2.0,7.0,17.0,C01
201800020364,1.0,7,0,0.0,2.0,5.0,2.0,B01
201800020365,2.0,7,0,0.0,9.0,7.0,13.0,B01
201800020365,1.0,7,0,4.0,0.0,3.0,17.0,A01
201800020366,1.0,17,0,0.0,0.0,0.0,24.0,B01
201800020366,1.0,7,0,0.0,2.0,1.0,1.0,A01
201800020367,2.0,17,0,0.0,2.0,6.0,1.0,B01
201800020367,2.0,7,0,0.0,2.0,2.0,0.0,A01
201800020368,1.0,7,0,0.0,2.0,2.0,2.0,A01
201800020368,1.0,33,0,0.0,0.0,6.0,2.0,B01
201800020369,1.0,7,0,2.0,0.0,1.0,14.0,A01
201800020370,1.0,7,0,1.0,0.0,6.0,24.0,B01
201800020370,1.0,7,0,1.0,1.0,3.0,1.0,A01
201800020371,2.0,7,0,4.0,0.0,3.0,1.0,A01
201800020372,2.0,7,0,13.0,0.0,6.0,2.0,B01
201800020372,2.0,7,0,0.0,2.0,2.0,2.0,A01
201800020373,2.0,15,0,3.0,0.0,2.0,13.0,A01
201800020373,2.0,7,0,1.0,9.0,7.0,0.0,C01
201800020373,2.0,7,0,1.0,0.0,1.0,1.0,D01
201800020373,2.0,15,0,0.0,2.0,2.0,0.0,B01
201800020374,0.0,21,0,0.0,0.0,9.0,1.0,A01
201800020375,1.0,7,0,0.0,2.0,1.0,17.0,A01
201800020375,2.0,7,0,0.0,2.0,3.0,1.0,B01
201800020376,0.0,33,0,0.0,0.0,0.0,0.0,A01
201800020377,1.0,7,0,0.0,2.0,2.0,1.0,A01
201800020377,0.0,1,0,0.0,2.0,8.0,2.0,B01
201800020378,0.0,1,0,0.0,2.0,1.0,15.0,B01
201800020378,0.0,7,0,0.0,9.0,3.0,1.0,A01
201800020379,1.0,7,0,0.0,1.0,2.0,19.0,A01
201800020380,2.0,7,0,0.0,2.0,2.0,17.0,A01
201800020380,2.0,1,0,0.0,0.0,4.0,1.0,B01
201800020381,0.0,14,0,0.0,2.0,1.0,15.0,A01
201800020381,0.0,2,0,0.0,2.0,1.0,1.0,B01
201800020382,1.0,1,0,0.0,0.0,1.0,0.0,B01
201800020382,2.0,7,0,0.0,0.0,0.0,0.0,A01
201800020383,1.0,7,0,0.0,1.0,1.0,0.0,A01
201800020384,0.0,7,0,0.0,1.0,1.0,1.0,A01
201800020385,2.0,10,0,0.0,0.0,7.0,15.0,A01
201800020385,1.0,14,0,0.0,2.0,1.0,1.0,B01
201800020386,1.0,7,0,13.0,0.0,3.0,1.0,A01
201800020387,1.0,33,0,3.0,0.0,8.0,16.0,A01
201800020388,2.0,7,0,0.0,0.0,2.0,1.0,A01
201800020389,2.0,17,0,2.0,0.0,7.0,1.0,A01
201800020390,2.0,7,0,0.0,2.0,1.0,1.0,A01
201800020390,1.0,14,0,0.0,2.0,3.0,1.0,B01
201800020391,2.0,7,0,3.0,0.0,9.0,1.0,A01
201800020392,1.0,7,0,3.0,0.0,1.0,1.0,A01
201800020393,1.0,7,0,0.0,2.0,2.0,2.0,A01
201800020393,1.0,2,0,0.0,0.0,6.0,2.0,B01
201800020394,1.0,7,0,14.0,0.0,4.0,23.0,D01
201800020394,1.0,7,0,0.0,0.0,4.0,23.0,B01
201800020394,1.0,7,0,14.0,0.0,5.0,23.0,C01
201800020394,1.0,7,0,14.0,0.0,6.0,23.0,E01
201800020394,1.0,10,0,0.0,2.0,4.0,23.0,F01
201800020394,1.0,7,0,0.0,0.0,4.0,23.0,A01
201800020394,1.0,10,0,14.0,2.0,3.0,2.0,G01
201800020395,1.0,10,0,13.0,2.0,3.0,9.0,A01
201800020395,1.0,7,0,0.0,2.0,2.0,1.0,C01
201800020395,1.0,7,0,3.0,2.0,2.0,1.0,B01
201800020396,1.0,7,0,0.0,0.0,4.0,2.0,B01
201800020396,1.0,7,0,0.0,2.0,1.0,2.0,A01
201800020397,1.0,7,0,0.0,0.0,4.0,1.0,A01
201800020397,1.0,7,0,0.0,2.0,1.0,1.0,B01
201800020398,2.0,33,0,0.0,2.0,1.0,2.0,C01
201800020398,2.0,7,0,0.0,2.0,1.0,1.0,B01
201800020398,2.0,7,0,0.0,2.0,1.0,1.0,A01
201800020399,1.0,7,0,0.0,2.0,3.0,1.0,B01
201800020399,2.0,7,0,0.0,2.0,3.0,1.0,A01
201800020400,2.0,7,0,3.0,0.0,7.0,1.0,A01
201800020401,2.0,33,0,0.0,2.0,1.0,17.0,A01
201800020401,1.0,14,0,0.0,2.0,2.0,1.0,B01
201800020402,1.0,33,0,0.0,2.0,8.0,1.0,B01
201800020402,1.0,7,0,0.0,2.0,7.0,12.0,A01
201800020403,2.0,38,1,0.0,9.0,8.0,1.0,A01
201800020403,0.0,1,0,0.0,2.0,1.0,1.0,B01
201800020404,1.0,7,0,0.0,6.0,1.0,1.0,A01
201800020405,2.0,7,0,2.0,0.0,7.0,1.0,A01
201800020406,1.0,7,0,7.0,0.0,7.0,1.0,A01
201800020407,2.0,7,0,0.0,0.0,4.0,2.0,B01
201800020407,2.0,7,0,0.0,2.0,1.0,1.0,A01
201800020408,1.0,7,0,0.0,2.0,7.0,17.0,C01
201800020408,1.0,17,0,0.0,2.0,3.0,1.0,B01
201800020408,1.0,7,0,0.0,2.0,4.0,9.0,A01
201800020409,2.0,2,0,0.0,0.0,4.0,1.0,A01
201800020409,2.0,15,0,0.0,2.0,2.0,2.0,B01
201800020410,1.0,2,0,0.0,2.0,1.0,1.0,B01
201800020410,1.0,7,0,0.0,2.0,3.0,13.0,A01
201800020411,1.0,2,0,0.0,2.0,1.0,1.0,B01
201800020411,1.0,7,0,0.0,2.0,5.0,15.0,A01
201800020412,2.0,7,0,0.0,2.0,2.0,1.0,B01
201800020412,0.0,7,0,0.0,2.0,1.0,1.0,A01
201800020413,1.0,7,0,0.0,2.0,3.0,1.0,B01
201800020413,2.0,7,0,0.0,2.0,3.0,13.0,A01
201800020414,1.0,33,0,0.0,2.0,1.0,17.0,A01
201800020414,1.0,7,0,0.0,2.0,6.0,15.0,B01
201800020415,2.0,7,0,0.0,2.0,3.0,1.0,B01
201800020415,1.0,7,0,0.0,2.0,3.0,13.0,A01
201800020416,1.0,7,0,0.0,0.0,5.0,19.0,A01
201800020416,1.0,31,0,0.0,2.0,1.0,1.0,B01
201800020417,1.0,7,0,0.0,2.0,3.0,1.0,B01
201800020417,2.0,7,0,0.0,2.0,3.0,13.0,A01
201800020418,2.0,7,0,0.0,0.0,0.0,1.0,C01
201800020418,1.0,7,0,0.0,2.0,1.0,1.0,D01
201800020418,2.0,33,0,0.0,2.0,1.0,1.0,B01
201800020418,1.0,33,0,0.0,2.0,1.0,17.0,A01
201800020419,1.0,2,0,7.0,0.0,1.0,13.0,A01
201800020420,2.0,7,0,13.0,0.0,2.0,1.0,A01
201800020421,0.0,31,0,0.0,2.0,1.0,1.0,B01
201800020421,0.0,7,0,0.0,2.0,8.0,15.0,A01
201800020422,0.0,10,0,0.0,1.0,3.0,1.0,A01
201800020423,0.0,7,0,13.0,0.0,8.0,1.0,A01
201800020424,0.0,7,0,2.0,0.0,1.0,1.0,A01
201800020425,1.0,7,0,0.0,1.0,1.0,1.0,A01
201800020426,1.0,17,0,0.0,2.0,4.0,2.0,A01
201800020426,1.0,7,0,0.0,2.0,1.0,2.0,B01
201800020427,1.0,7,0,7.0,0.0,1.0,14.0,A01
201800020428,2.0,10,0,0.0,2.0,2.0,2.0,C01
201800020428,2.0,7,0,0.0,2.0,1.0,2.0,A01
201800020428,2.0,7,0,0.0,2.0,4.0,2.0,B01
201800020429,0.0,33,0,0.0,2.0,4.0,23.0,A01
201800020429,0.0,7,0,0.0,2.0,1.0,2.0,B01
201800020430,2.0,7,0,13.0,0.0,6.0,2.0,A01
201800020430,2.0,7,0,0.0,2.0,2.0,2.0,B01
201800020431,2.0,7,0,13.0,1.0,4.0,0.0,A01
201800020432,2.0,10,0,16.0,0.0,1.0,1.0,A01
201800020433,2.0,7,0,0.0,2.0,2.0,11.0,A01
201800020433,2.0,7,0,0.0,2.0,7.0,1.0,B01
201800020434,2.0,7,0,3.0,1.0,0.0,1.0,A01
201800020435,2.0,7,0,4.0,0.0,3.0,13.0,A01
201800020436,2.0,7,0,3.0,0.0,2.0,1.0,A01
201800020437,2.0,7,0,0.0,2.0,8.0,0.0,A01
201800020437,2.0,14,0,0.0,2.0,3.0,1.0,B01
201800020438,1.0,7,0,2.0,0.0,2.0,1.0,A01
201800020439,2.0,7,0,1.0,0.0,2.0,14.0,A01
201800020439,2.0,15,0,0.0,2.0,6.0,24.0,B01
201800020440,2.0,7,0,1.0,2.0,3.0,2.0,A01
201800020440,2.0,7,0,0.0,2.0,1.0,1.0,C01
201800020441,1.0,7,0,13.0,0.0,1.0,1.0,A01
201800020442,2.0,7,0,0.0,2.0,1.0,12.0,A01
201800020442,2.0,7,0,3.0,0.0,4.0,16.0,B01
201800020443,1.0,10,0,1.0,0.0,1.0,1.0,A01
201800020443,1.0,10,0,0.0,0.0,4.0,24.0,B01
201800020444,1.0,7,0,2.0,2.0,2.0,21.0,A01
201800020444,1.0,7,0,0.0,2.0,8.0,1.0,B01
201800020445,2.0,7,0,13.0,0.0,2.0,17.0,A01
201800020445,2.0,7,0,0.0,2.0,7.0,13.0,B01
201800020446,1.0,7,0,3.0,2.0,1.0,12.0,A01
201800020446,1.0,3,0,0.0,0.0,4.0,1.0,B01
201800020447,2.0,7,0,9.0,0.0,2.0,1.0,A01
201800020448,2.0,7,0,13.0,0.0,2.0,14.0,A01
201800020449,2.0,10,0,3.0,9.0,3.0,0.0,A01
201800020450,2.0,7,0,13.0,0.0,9.0,1.0,A01
201800020451,2.0,7,0,0.0,2.0,3.0,5.0,A01
201800020451,1.0,10,0,0.0,2.0,3.0,1.0,B01
201800020452,1.0,7,0,7.0,0.0,7.0,14.0,A01
201800020453,1.0,7,0,0.0,2.0,3.0,3.0,A01
201800020453,1.0,21,0,0.0,0.0,4.0,2.0,B01
201800020454,2.0,7,0,13.0,0.0,9.0,1.0,A01
201800020455,1.0,7,0,13.0,0.0,9.0,1.0,A01
201800020456,1.0,7,0,0.0,2.0,1.0,1.0,B01
201800020456,1.0,7,0,0.0,2.0,7.0,19.0,A01
201800020457,2.0,7,0,1.0,0.0,9.0,13.0,A01
201800020458,2.0,7,0,0.0,2.0,5.0,15.0,A01
201800020458,1.0,7,0,0.0,2.0,1.0,1.0,B01
201800020459,2.0,10,0,0.0,2.0,3.0,15.0,B01
201800020459,2.0,33,0,0.0,2.0,1.0,1.0,A01
201800020460,2.0,7,0,0.0,2.0,1.0,1.0,B01
201800020460,1.0,7,0,0.0,2.0,1.0,13.0,A01
201800020461,0.0,10,0,0.0,2.0,6.0,0.0,B01
201800020461,1.0,34,0,1.0,0.0,1.0,14.0,A01
201800020462,1.0,30,0,0.0,2.0,7.0,19.0,A01
201800020462,1.0,30,0,0.0,2.0,1.0,1.0,B01
201800020463,2.0,1,0,0.0,0.0,0.0,0.0,A01
201800020464,2.0,7,0,0.0,2.0,1.0,17.0,A01
201800020464,2.0,38,1,0.0,0.0,6.0,15.0,C01
201800020464,2.0,7,0,0.0,0.0,6.0,1.0,B01
201800020465,0.0,7,0,0.0,2.0,4.0,2.0,B01
201800020465,0.0,7,0,0.0,2.0,1.0,2.0,A01
201800020466,1.0,7,0,0.0,1.0,3.0,0.0,A01
201800020467,1.0,37,1,0.0,1.0,1.0,15.0,A01
201800020468,2.0,7,0,0.0,6.0,1.0,0.0,A01
201800020468,2.0,1,0,0.0,2.0,8.0,1.0,B01
201800020469,2.0,7,0,13.0,0.0,1.0,19.0,A01
201800020470,2.0,10,0,0.0,2.0,8.0,16.0,A01
201800020470,2.0,31,0,0.0,2.0,1.0,1.0,B01
201800020471,2.0,10,0,0.0,6.0,1.0,1.0,A01
201800020471,0.0,1,0,0.0,2.0,8.0,1.0,B01
201800020472,1.0,10,0,0.0,2.0,3.0,15.0,A01
201800020472,2.0,31,0,0.0,2.0,1.0,1.0,B01
201800020473,0.0,7,0,0.0,1.0,1.0,17.0,A01
201800020474,1.0,7,0,0.0,2.0,1.0,1.0,B01
201800020474,2.0,7,0,0.0,2.0,1.0,13.0,A01
201800020475,1.0,1,0,0.0,2.0,3.0,1.0,A01
201800020475,2.0,7,0,0.0,2.0,1.0,15.0,B01
201800020476,2.0,7,0,0.0,0.0,8.0,22.0,A01
201800020476,1.0,2,0,1.0,0.0,1.0,1.0,B01
201800020477,2.0,7,0,0.0,2.0,3.0,13.0,A01
201800020477,2.0,7,0,0.0,2.0,3.0,1.0,B01
201800020478,0.0,36,0,13.0,0.0,1.0,1.0,A01
201800020479,1.0,3,0,13.0,0.0,2.0,1.0,A01
201800020480,0.0,7,0,13.0,0.0,7.0,0.0,A01
201800020481,2.0,7,0,0.0,2.0,5.0,15.0,A01
201800020481,0.0,7,0,0.0,2.0,1.0,16.0,B01
201800020482,1.0,2,0,0.0,2.0,2.0,1.0,A01
201800020482,2.0,31,0,0.0,2.0,1.0,1.0,B01
201800020483,1.0,7,0,0.0,2.0,1.0,15.0,A01
201800020483,2.0,33,0,0.0,2.0,3.0,1.0,B01
201800020484,0.0,7,0,0.0,2.0,3.0,1.0,A01
201800020484,0.0,2,0,0.0,2.0,1.0,1.0,B01
201800020485,1.0,14,0,0.0,2.0,2.0,15.0,B01
201800020485,1.0,31,0,0.0,2.0,3.0,1.0,A01
201800020486,1.0,1,0,0.0,2.0,8.0,15.0,B01
201800020486,1.0,7,0,0.0,2.0,1.0,1.0,A01
201800020487,0.0,7,0,0.0,2.0,1.0,19.0,B01
201800020487,2.0,7,0,13.0,2.0,8.0,1.0,A01
201800020488,0.0,99,0,0.0,1.0,7.0,2.0,A01
201800020489,0.0,7,0,0.0,2.0,1.0,23.0,C01
201800020489,0.0,7,0,0.0,2.0,1.0,1.0,B01
201800020489,0.0,7,0,0.0,2.0,1.0,19.0,A01
201800020490,0.0,2,0,0.0,2.0,1.0,1.0,B01
201800020490,0.0,7,0,0.0,2.0,3.0,21.0,A01
201800020491,2.0,7,0,13.0,2.0,1.0,1.0,B01
201800020491,1.0,7,0,0.0,2.0,3.0,1.0,A01
201800020492,2.0,1,0,0.0,5.0,1.0,1.0,A01
201800020493,0.0,7,0,0.0,9.0,2.0,15.0,A01
201800020493,0.0,1,0,0.0,2.0,1.0,1.0,B01
201800020494,0.0,7,0,0.0,2.0,3.0,15.0,A01
201800020494,0.0,33,0,0.0,2.0,1.0,5.0,B01
201800020495,1.0,7,0,0.0,2.0,3.0,15.0,B01
201800020495,1.0,33,0,0.0,2.0,1.0,1.0,A01
201800020496,1.0,7,0,13.0,0.0,9.0,1.0,A01
201800020497,0.0,7,0,0.0,2.0,1.0,19.0,A01
201800020497,0.0,7,0,0.0,2.0,1.0,1.0,B01
201800020498,1.0,7,0,15.0,0.0,9.0,1.0,A01
201800020499,1.0,7,0,0.0,2.0,1.0,1.0,A01
201800020499,1.0,2,0,0.0,2.0,4.0,1.0,B01
201800020500,1.0,7,0,13.0,0.0,1.0,1.0,B01
201800020500,1.0,7,0,0.0,0.0,0.0,1.0,A01
201800020501,0.0,33,0,0.0,2.0,1.0,1.0,B01
201800020501,0.0,7,0,0.0,0.0,6.0,1.0,A01
201800020502,0.0,7,0,16.0,0.0,3.0,21.0,A01
201800020503,0.0,33,0,0.0,2.0,2.0,0.0,B01
201800020503,0.0,7,0,0.0,0.0,6.0,0.0,A01
201800020504,1.0,2,0,8.0,0.0,0.0,0.0,A01
201800020505,1.0,7,0,8.0,0.0,9.0,1.0,A01
201800020506,2.0,7,0,0.0,2.0,1.0,1.0,A01
201800020506,2.0,16,0,0.0,2.0,1.0,1.0,B01
201800020507,2.0,7,0,0.0,2.0,3.0,1.0,C01
201800020507,1.0,7,0,0.0,2.0,5.0,23.0,B01
201800020507,1.0,7,0,0.0,2.0,1.0,1.0,A01
201800020508,1.0,7,0,0.0,1.0,3.0,1.0,A01
201800020509,1.0,33,0,0.0,2.0,1.0,2.0,B01
201800020509,1.0,10,0,0.0,2.0,4.0,2.0,A01
201800020510,2.0,10,0,0.0,2.0,3.0,16.0,A01
201800020510,1.0,10,0,0.0,2.0,2.0,1.0,B01
201800020511,0.0,2,0,0.0,2.0,0.0,1.0,B01
201800020511,1.0,7,0,0.0,2.0,0.0,0.0,A01
201800020512,2.0,7,0,13.0,0.0,2.0,1.0,A01
201800020513,1.0,7,0,0.0,2.0,3.0,1.0,A01
201800020513,2.0,1,0,0.0,2.0,1.0,1.0,B01
201800020514,0.0,7,0,0.0,2.0,3.0,5.0,A01
201800020514,0.0,7,0,0.0,2.0,3.0,5.0,B01
201800020515,2.0,7,0,13.0,0.0,2.0,1.0,A01
201800020516,1.0,7,0,,2.0,1.0,,C01
201800020516,2.0,7,0,,,,15.0,B01
201800020516,2.0,7,0,0.0,2.0,1.0,2.0,A01
201800020517,1.0,7,0,0.0,2.0,2.0,15.0,A01
201800020517,2.0,10,0,0.0,2.0,1.0,1.0,B01
201800020518,1.0,7,0,0.0,0.0,6.0,1.0,A01
201800020518,1.0,7,0,0.0,2.0,1.0,2.0,B01
201800020519,0.0,7,0,0.0,0.0,8.0,23.0,A01
201800020519,0.0,7,0,12.0,2.0,1.0,1.0,B01
201800020520,1.0,7,0,13.0,0.0,7.0,1.0,A01
201800020521,,7,0,,,,,A01
201800020522,2.0,7,0,0.0,1.0,1.0,1.0,A01
201800020523,2.0,33,0,13.0,0.0,0.0,1.0,A01
201800020524,2.0,7,0,0.0,2.0,2.0,1.0,B01
201800020524,2.0,7,0,0.0,2.0,3.0,0.0,A01
201800020525,2.0,7,0,2.0,0.0,3.0,17.0,A01
201800020526,1.0,7,0,0.0,2.0,6.0,19.0,A01
201800020526,2.0,31,0,0.0,2.0,1.0,1.0,B01
201800020527,2.0,7,0,0.0,2.0,7.0,19.0,A01
201800020527,2.0,33,0,0.0,2.0,1.0,1.0,B01
201800020528,1.0,1,0,0.0,0.0,0.0,1.0,A01
201800020529,1.0,7,0,0.0,2.0,1.0,1.0,B01
201800020529,2.0,7,0,0.0,2.0,1.0,5.0,A01
201800020530,0.0,7,0,0.0,2.0,1.0,9.0,A01
201800020530,1.0,1,0,0.0,2.0,8.0,1.0,B01
201800020531,0.0,7,0,0.0,2.0,1.0,1.0,B01
201800020531,0.0,1,0,0.0,2.0,1.0,1.0,A01
201800020532,0.0,7,0,0.0,0.0,3.0,0.0,B01
201800020532,2.0,7,0,1.0,0.0,3.0,1.0,A01
201800020533,1.0,2,0,0.0,1.0,1.0,19.0,A01
201800020534,2.0,7,0,1.0,0.0,2.0,1.0,A01
201800020535,1.0,34,0,0.0,0.0,2.0,1.0,A01
201800020536,1.0,7,0,0.0,1.0,1.0,1.0,A01
201800020537,0.0,7,0,0.0,1.0,1.0,19.0,A01
201800020538,1.0,7,0,13.0,0.0,1.0,1.0,A01
201800020539,1.0,7,0,0.0,0.0,6.0,1.0,B01
201800020539,1.0,7,0,0.0,0.0,3.0,1.0,C01
201800020539,2.0,7,0,0.0,2.0,3.0,13.0,A01
201800020540,2.0,7,0,0.0,2.0,3.0,13.0,A01
201800020540,1.0,7,0,0.0,2.0,3.0,1.0,B01
201800020540,1.0,7,0,0.0,2.0,2.0,1.0,C01
201800020541,1.0,33,0,15.0,0.0,7.0,1.0,A01
201800020542,2.0,7,0,0.0,2.0,1.0,1.0,C01
201800020542,2.0,7,0,0.0,2.0,6.0,1.0,B01
201800020542,1.0,7,0,0.0,2.0,1.0,19.0,A01
201800020543,2.0,7,0,0.0,2.0,2.0,1.0,A01
201800020543,2.0,7,0,0.0,2.0,3.0,9.0,B01
201800020544,2.0,33,0,0.0,9.0,3.0,1.0,B01
201800020544,1.0,33,0,0.0,2.0,0.0,1.0,A01
201800020545,1.0,7,0,0.0,2.0,7.0,17.0,A01
201800020545,1.0,7,0,0.0,2.0,8.0,13.0,B01
201800020546,2.0,7,0,13.0,0.0,2.0,0.0,A01
201800020547,0.0,1,0,0.0,0.0,3.0,1.0,B01
201800020547,0.0,7,0,0.0,9.0,2.0,17.0,A01
201800020548,1.0,32,0,12.0,0.0,0.0,1.0,A01
201800020549,0.0,33,0,13.0,0.0,1.0,1.0,A01
201800020550,0.0,7,0,2.0,0.0,0.0,1.0,A01
201800020551,0.0,7,0,14.0,2.0,1.0,17.0,B01
201800020551,0.0,7,0,14.0,2.0,3.0,15.0,A01
201800020552,0.0,7,0,0.0,2.0,3.0,1.0,A01
201800020552,0.0,7,0,0.0,2.0,3.0,5.0,B01
201800020553,0.0,7,0,0.0,1.0,1.0,1.0,A01
201800020554,0.0,7,0,0.0,1.0,5.0,1.0,A01
201800020555,1.0,38,7,0.0,2.0,3.0,1.0,A01
201800020555,2.0,36,0,0.0,2.0,3.0,13.0,B01
201800020556,1.0,2,0,12.0,0.0,1.0,1.0,A01
201800020557,1.0,7,0,0.0,2.0,1.0,1.0,A01
201800020557,1.0,7,0,0.0,2.0,4.0,23.0,B01
201800020558,1.0,7,0,0.0,2.0,3.0,11.0,A01
201800020558,1.0,31,0,0.0,2.0,0.0,1.0,B01
201800020559,1.0,7,0,0.0,2.0,1.0,1.0,A01
201800020559,2.0,7,0,0.0,2.0,4.0,1.0,B01
201800020560,1.0,7,0,0.0,1.0,1.0,1.0,A01
201800020561,1.0,7,0,13.0,0.0,9.0,1.0,A01
201800020562,2.0,7,0,0.0,1.0,7.0,1.0,A01
201800020563,2.0,1,0,0.0,2.0,1.0,17.0,B01
201800020563,1.0,10,0,0.0,2.0,8.0,9.0,A01
201800020564,1.0,7,0,0.0,1.0,4.0,4.0,A01
201800020565,1.0,7,0,0.0,2.0,7.0,15.0,A01
201800020565,1.0,7,0,0.0,2.0,1.0,1.0,B01
201800020566,1.0,7,0,0.0,2.0,1.0,2.0,A01
201800020566,1.0,7,0,0.0,2.0,4.0,23.0,B01
201800020567,2.0,33,0,0.0,2.0,1.0,1.0,B01
201800020567,1.0,3,0,0.0,2.0,1.0,15.0,A01
201800020568,2.0,7,0,6.0,0.0,1.0,1.0,A01
201800020569,2.0,2,0,0.0,2.0,1.0,1.0,B01
201800020569,2.0,7,0,0.0,2.0,1.0,9.0,A01
201800020570,1.0,33,0,0.0,2.0,4.0,2.0,B01
201800020570,1.0,33,0,0.0,2.0,1.0,2.0,A01
201800020571,1.0,7,0,9.0,0.0,1.0,1.0,A01
201800020572,2.0,7,0,0.0,2.0,7.0,15.0,A01
201800020572,2.0,7,0,0.0,2.0,1.0,1.0,B01
201800020573,2.0,30,0,0.0,2.0,5.0,1.0,B01
201800020573,2.0,7,0,0.0,2.0,3.0,9.0,A01
201800020574,1.0,7,0,0.0,1.0,1.0,1.0,A01
201800020575,1.0,7,0,0.0,2.0,4.0,23.0,B01
201800020575,1.0,30,0,0.0,2.0,1.0,2.0,A01
201800020576,2.0,7,0,0.0,2.0,7.0,1.0,B01
201800020576,2.0,7,0,0.0,2.0,1.0,9.0,A01
201800020577,1.0,7,0,0.0,2.0,4.0,23.0,B01
201800020577,1.0,30,0,0.0,2.0,1.0,2.0,A01
201800020578,2.0,7,0,0.0,2.0,4.0,23.0,B01
201800020578,2.0,7,0,0.0,2.0,1.0,2.0,A01
201800020579,2.0,7,0,0.0,2.0,4.0,23.0,B01
201800020579,2.0,10,0,0.0,2.0,1.0,2.0,A01
201800020580,2.0,7,0,0.0,2.0,2.0,1.0,B01
201800020580,2.0,7,0,0.0,2.0,3.0,19.0,A01
201800020581,1.0,7,0,15.0,0.0,2.0,1.0,A01
201800020582,0.0,7,0,0.0,2.0,1.0,9.0,A01
201800020582,0.0,33,0,0.0,2.0,7.0,1.0,B01
201800020583,0.0,7,0,8.0,0.0,1.0,1.0,A01
201800020584,2.0,32,0,0.0,2.0,1.0,17.0,B01
201800020584,2.0,7,0,0.0,2.0,2.0,9.0,A01
201800020585,1.0,7,0,0.0,2.0,1.0,2.0,A01
201800020585,1.0,7,0,0.0,2.0,4.0,23.0,B01
201800020586,1.0,7,0,0.0,2.0,1.0,1.0,A01
201800020586,2.0,7,0,0.0,2.0,8.0,19.0,B01
201800020587,2.0,33,0,0.0,2.0,4.0,23.0,B01
201800020587,2.0,7,0,0.0,2.0,1.0,2.0,A01
201800020588,1.0,30,0,0.0,2.0,1.0,2.0,A01
201800020588,1.0,7,0,0.0,2.0,4.0,1.0,B01
201800020589,2.0,7,0,0.0,2.0,7.0,1.0,B01
201800020589,2.0,30,0,0.0,2.0,1.0,1.0,A01