Num_Acc,senc,catv,occutc,obs,obsm,choc,manv,num_veh
201800020846,2.0,7,0,0.0,2.0,4.0,1.0,B01
201800020846,2.0,31,0,0.0,2.0,1.0,1.0,A01
201800020847,2.0,7,0,0.0,2.0,1.0,2.0,A01
201800020847,2.0,7,0,0.0,2.0,4.0,2.0,B01
201800020847,2.0,7,0,0.0,2.0,4.0,2.0,C01
201800020848,2.0,7,0,5.0,0.0,7.0,14.0,A01
201800020849,1.0,7,0,0.0,1.0,1.0,9.0,A01
201800020850,1.0,7,0,6.0,0.0,1.0,1.0,A01
201800020851,2.0,1,0,0.0,2.0,2.0,1.0,B01
201800020851,1.0,7,0,0.0,2.0,1.0,1.0,A01
201800020852,2.0,31,0,0.0,0.0,0.0,1.0,B01
201800020852,1.0,10,0,0.0,2.0,0.0,1.0,A01
201800020853,0.0,7,0,0.0,2.0,2.0,0.0,A01
201800020853,0.0,33,0,0.0,2.0,6.0,23.0,B01
201800020854,1.0,10,0,0.0,1.0,0.0,1.0,A01
201800020855,1.0,7,0,1.0,0.0,1.0,1.0,A01
201800020856,2.0,30,0,1.0,0.0,3.0,13.0,A01
201800020857,2.0,7,0,0.0,2.0,2.0,1.0,B01
201800020857,2.0,7,0,0.0,2.0,2.0,1.0,A01
201800020858,2.0,1,0,1.0,0.0,1.0,1.0,A01
201800020859,1.0,33,0,0.0,0.0,8.0,1.0,A01
201800020859,1.0,7,0,0.0,0.0,0.0,1.0,B01
201800020860,1.0,1,0,0.0,2.0,4.0,16.0,A01
201800020860,1.0,7,0,0.0,2.0,1.0,2.0,Z01
201800020861,2.0,7,0,0.0,2.0,3.0,1.0,B01
201800020861,1.0,33,0,0.0,2.0,7.0,16.0,A01
201800020862,0.0,7,0,0.0,2.0,1.0,13.0,A01
201800020862,0.0,7,0,0.0,2.0,1.0,1.0,B01
201800020862,0.0,7,0,0.0,2.0,3.0,21.0,C01
201800020863,0.0,10,0,0.0,2.0,3.0,9.0,A01
201800020863,0.0,1,0,0.0,2.0,1.0,1.0,B01
201800020864,2.0,14,0,6.0,1.0,1.0,23.0,A01
201800020865,1.0,33,0,0.0,0.0,8.0,1.0,A01
201800020866,0.0,1,0,0.0,2.0,0.0,2.0,A01
201800020866,0.0,7,0,0.0,2.0,7.0,2.0,Z01
201800020867,2.0,7,0,0.0,2.0,2.0,14.0,A01
201800020867,2.0,7,0,0.0,2.0,6.0,1.0,B01
201800020868,1.0,2,0,0.0,2.0,1.0,18.0,A01
201800020868,2.0,7,0,0.0,2.0,2.0,16.0,B01
201800020869,2.0,7,0,0.0,2.0,1.0,13.0,A01
201800020869,1.0,7,0,0.0,2.0,1.0,1.0,B01
201800020870,2.0,7,0,0.0,2.0,4.0,0.0,A01
201800020870,1.0,2,0,0.0,2.0,1.0,1.0,B01
201800020871,2.0,7,0,0.0,2.0,2.0,0.0,A01
201800020871,2.0,34,0,0.0,2.0,1.0,1.0,B01
201800020872,1.0,32,0,0.0,0.0,0.0,1.0,A01
201800020873,1.0,7,0,0.0,1.0,1.0,16.0,A01
201800020874,1.0,2,0,0.0,2.0,3.0,0.0,B01
201800020874,2.0,10,0,0.0,2.0,3.0,0.0,A01
201800020875,2.0,7,0,0.0,2.0,3.0,13.0,A01
201800020875,2.0,7,0,0.0,2.0,2.0,11.0,B01
201800020876,1.0,14,0,0.0,2.0,1.0,2.0,A01
201800020876,1.0,7,0,0.0,2.0,5.0,23.0,B01
201800020877,1.0,7,0,13.0,0.0,1.0,1.0,A01
201800020878,1.0,1,0,0.0,2.0,5.0,1.0,B01
201800020878,1.0,10,0,0.0,2.0,3.0,9.0,A01
201800020879,0.0,7,0,0.0,2.0,2.0,1.0,A01
201800020879,0.0,7,0,0.0,2.0,3.0,1.0,B01
201800020880,1.0,7,0,0.0,2.0,1.0,6.0,A01
201800020880,2.0,7,0,0.0,2.0,1.0,1.0,B01
201800020881,1.0,7,0,0.0,1.0,1.0,1.0,A01
201800020882,0.0,7,0,0.0,2.0,2.0,0.0,A01
201800020882,0.0,7,0,0.0,2.0,3.0,1.0,B01
201800020883,2.0,7,0,0.0,2.0,8.0,13.0,A01
201800020883,2.0,7,0,0.0,2.0,2.0,1.0,B01
201800020884,2.0,1,0,0.0,1.0,1.0,1.0,C01
201800020885,1.0,7,0,0.0,2.0,8.0,1.0,A01
201800020885,1.0,1,0,0.0,2.0,1.0,1.0,B01
201800020886,0.0,1,0,0.0,2.0,1.0,9.0,A01
201800020886,0.0,7,0,0.0,2.0,2.0,1.0,B01
201800020887,2.0,7,0,0.0,2.0,7.0,14.0,A01
201800020887,2.0,1,0,0.0,2.0,8.0,1.0,B01
201800020888,2.0,7,0,0.0,2.0,3.0,15.0,A01
201800020888,1.0,33,0,0.0,2.0,8.0,1.0,B01
201800020889,1.0,1,0,0.0,0.0,7.0,1.0,A01
201800020890,2.0,7,0,0.0,2.0,3.0,15.0,A01
201800020890,1.0,33,0,0.0,2.0,1.0,1.0,B01
201800020891,0.0,7,0,1.0,0.0,8.0,15.0,A01
201800020891,0.0,2,0,0.0,2.0,7.0,15.0,B01
201800020892,1.0,31,0,0.0,2.0,1.0,1.0,A01
201800020892,1.0,7,0,0.0,2.0,4.0,1.0,B01
201800020893,2.0,10,0,0.0,2.0,4.0,1.0,B01
201800020893,2.0,7,0,0.0,2.0,3.0,1.0,C01
201800020893,2.0,10,0,0.0,2.0,8.0,0.0,D01
201800020893,2.0,7,0,0.0,2.0,0.0,0.0,Z01
201800020894,2.0,2,0,0.0,2.0,4.0,1.0,B01
201800020894,2.0,7,0,0.0,2.0,1.0,1.0,A01
201800020895,2.0,7,0,0.0,1.0,3.0,1.0,A01
201800020896,0.0,7,0,0.0,2.0,8.0,22.0,A01
201800020896,0.0,1,0,1.0,0.0,1.0,1.0,B01
201800020897,1.0,7,0,0.0,2.0,5.0,15.0,A01
201800020897,2.0,2,0,0.0,2.0,1.0,1.0,B01
201800020898,0.0,7,0,0.0,2.0,3.0,15.0,A01
201800020898,0.0,2,0,0.0,2.0,1.0,1.0,B01
201800020899,0.0,7,0,0.0,2.0,4.0,23.0,A01
201800020899,0.0,10,0,0.0,2.0,1.0,1.0,Z01
201800020900,0.0,7,0,0.0,1.0,2.0,1.0,A01
201800020901,0.0,7,0,1.0,2.0,1.0,1.0,A01
201800020901,0.0,7,0,0.0,2.0,1.0,24.0,B01
201800020902,2.0,7,0,0.0,2.0,4.0,1.0,A01
201800020902,2.0,7,0,0.0,2.0,1.0,2.0,B01
201800020903,0.0,7,0,0.0,1.0,7.0,21.0,A01
201800020904,2.0,7,0,0.0,2.0,1.0,1.0,A01
201800020904,1.0,10,0,0.0,2.0,3.0,1.0,B01
201800020905,1.0,7,0,0.0,1.0,7.0,1.0,A01
201800020906,0.0,7,0,0.0,1.0,3.0,1.0,A01
201800020907,1.0,7,0,0.0,2.0,1.0,2.0,A01
201800020907,1.0,33,0,0.0,2.0,4.0,23.0,B01
201800020908,2.0,7,0,0.0,2.0,3.0,9.0,A01
201800020908,1.0,7,0,0.0,2.0,2.0,1.0,B01
201800020909,1.0,7,0,0.0,2.0,8.0,10.0,A01
201800020909,1.0,7,0,0.0,2.0,1.0,1.0,B01
201800020910,2.0,7,0,0.0,1.0,1.0,15.0,A01
201800020911,2.0,7,0,0.0,1.0,8.0,1.0,A01
201800020912,1.0,7,0,0.0,2.0,6.0,19.0,A01
201800020912,2.0,7,0,0.0,2.0,1.0,1.0,B01
201800020913,0.0,7,0,6.0,0.0,1.0,0.0,A01
201800020914,0.0,7,0,0.0,2.0,2.0,1.0,B01
201800020914,0.0,32,0,0.0,2.0,1.0,9.0,A01
201800020915,1.0,7,0,0.0,2.0,2.0,1.0,A01
201800020915,0.0,7,0,0.0,2.0,8.0,1.0,B01
201800020916,2.0,30,0,0.0,2.0,5.0,1.0,B01
201800020916,2.0,10,0,0.0,2.0,3.0,16.0,A01
201800020917,2.0,13,0,0.0,1.0,1.0,2.0,A01
201800020918,0.0,7,0,0.0,1.0,1.0,1.0,A01
201800020919,1.0,30,0,0.0,0.0,1.0,13.0,A01
201800020920,1.0,7,0,0.0,2.0,8.0,15.0,B01
201800020920,1.0,7,0,0.0,2.0,7.0,17.0,A01
201800020921,0.0,7,0,0.0,6.0,1.0,16.0,A01
201800020921,0.0,1,0,0.0,2.0,0.0,1.0,B01
201800020922,0.0,7,0,0.0,1.0,6.0,4.0,A01
201800020923,1.0,10,0,0.0,1.0,3.0,15.0,A01
201800020924,1.0,7,0,0.0,2.0,3.0,15.0,A01
201800020924,2.0,2,0,0.0,2.0,1.0,1.0,B01
201800020925,1.0,2,0,0.0,2.0,1.0,0.0,B01
201800020925,1.0,10,0,0.0,2.0,2.0,15.0,A01
201800020926,1.0,10,0,0.0,1.0,1.0,15.0,A01
201800020927,2.0,30,0,0.0,2.0,1.0,21.0,A01
201800020927,1.0,10,0,0.0,2.0,3.0,15.0,B01
201800020928,2.0,32,0,0.0,2.0,8.0,1.0,B01
201800020928,1.0,7,0,0.0,2.0,3.0,15.0,A01
201800020929,0.0,7,0,0.0,1.0,3.0,15.0,A01
201800020930,1.0,10,0,1.0,2.0,1.0,1.0,A01
201800020930,1.0,7,0,0.0,1.0,1.0,23.0,B01
201800020931,2.0,7,0,0.0,2.0,1.0,17.0,A01
201800020931,2.0,14,0,0.0,2.0,8.0,15.0,B01
201800020932,1.0,33,0,0.0,2.0,1.0,1.0,B01
201800020932,0.0,7,0,0.0,2.0,8.0,15.0,A01
201800020933,1.0,10,0,0.0,1.0,1.0,1.0,A01
201800020934,1.0,7,0,8.0,0.0,1.0,14.0,A01
201800020935,0.0,33,0,0.0,0.0,7.0,1.0,A01
201800020935,1.0,1,0,15.0,0.0,1.0,19.0,B01
201800020936,1.0,7,0,0.0,1.0,3.0,0.0,A01
201800020937,1.0,33,0,0.0,2.0,2.0,0.0,B01
201800020937,1.0,7,0,0.0,2.0,2.0,0.0,A01
201800020938,1.0,14,0,0.0,2.0,4.0,23.0,A01
201800020938,1.0,7,0,0.0,2.0,1.0,23.0,B01
201800020938,1.0,7,0,0.0,2.0,1.0,1.0,Z01
201800020939,1.0,7,0,0.0,2.0,6.0,1.0,A01
201800020939,1.0,1,0,0.0,2.0,8.0,1.0,B01
201800020940,1.0,31,0,0.0,2.0,1.0,14.0,A01
201800020940,1.0,7,0,0.0,2.0,6.0,2.0,B01
201800020941,0.0,7,0,0.0,1.0,2.0,15.0,A01
201800020942,1.0,10,0,0.0,2.0,5.0,15.0,A01
201800020942,1.0,2,0,0.0,2.0,1.0,1.0,B01
201800020943,1.0,7,0,0.0,2.0,3.0,15.0,A01
201800020943,2.0,33,0,0.0,2.0,1.0,1.0,B01
201800020944,1.0,7,0,0.0,0.0,9.0,14.0,A01
201800020945,1.0,31,0,0.0,2.0,1.0,1.0,B01
201800020945,1.0,10,0,0.0,2.0,3.0,15.0,A01
201800020946,1.0,7,0,1.0,0.0,7.0,1.0,B01
201800020946,1.0,7,0,0.0,2.0,1.0,19.0,A01
201800020947,2.0,7,0,0.0,1.0,1.0,1.0,A01
201800020948,0.0,7,0,0.0,2.0,1.0,1.0,A01
201800020948,0.0,7,0,0.0,2.0,1.0,1.0,B01
201800020949,1.0,7,0,4.0,0.0,1.0,13.0,A01
201800020950,2.0,7,0,9.0,0.0,3.0,13.0,A01
201800020950,1.0,7,0,3.0,0.0,2.0,21.0,B01
201800020951,1.0,7,0,0.0,1.0,0.0,0.0,A01
201800020952,1.0,37,1,0.0,2.0,8.0,1.0,B01
201800020952,2.0,7,0,0.0,2.0,9.0,13.0,A01
201800020953,0.0,7,0,0.0,2.0,1.0,1.0,Z01
201800020953,0.0,7,0,0.0,2.0,3.0,15.0,A01
201800020954,1.0,7,0,0.0,1.0,7.0,1.0,A01
201800020955,2.0,30,0,0.0,2.0,1.0,2.0,A01
201800020955,2.0,7,0,0.0,2.0,4.0,2.0,B01
201800020956,2.0,7,0,0.0,2.0,3.0,15.0,A01
201800020956,0.0,7,0,0.0,2.0,3.0,1.0,B01
201800020957,1.0,37,60,0.0,1.0,7.0,0.0,A01
201800020958,0.0,7,0,15.0,0.0,9.0,1.0,A01
201800020959,1.0,30,0,12.0,0.0,1.0,1.0,A01
201800020960,0.0,31,0,0.0,2.0,1.0,1.0,B01
201800020960,0.0,7,0,0.0,2.0,8.0,19.0,A01
201800020961,2.0,7,0,0.0,1.0,2.0,15.0,A01
201800020962,1.0,17,0,0.0,2.0,1.0,2.0,A01
201800020962,1.0,32,0,0.0,2.0,4.0,23.0,B01
201800020963,1.0,7,0,9.0,0.0,1.0,7.0,A01
201800020964,2.0,7,0,0.0,2.0,1.0,2.0,A01
201800020964,2.0,7,0,0.0,2.0,4.0,2.0,B01
201800020965,1.0,37,30,0.0,1.0,1.0,1.0,A01
201800020966,1.0,7,0,0.0,2.0,1.0,15.0,A01
201800020966,2.0,7,0,0.0,2.0,1.0,1.0,B01
201800020967,2.0,7,0,0.0,2.0,2.0,15.0,A01
201800020967,1.0,7,0,0.0,2.0,1.0,1.0,B01
201800020968,1.0,7,0,12.0,,2.0,14.0,A01
201800020968,1.0,30,0,,,,1.0,B01
201800020969,1.0,7,0,0.0,1.0,2.0,9.0,A01
201800020970,0.0,7,0,0.0,1.0,4.0,4.0,A01
201800020971,2.0,99,0,0.0,2.0,1.0,2.0,A01
201800020971,2.0,1,0,0.0,2.0,4.0,2.0,B01
201800020972,2.0,7,0,0.0,1.0,0.0,1.0,Z01
201800020973,0.0,7,0,0.0,2.0,7.0,1.0,A01
201800020973,0.0,7,0,0.0,2.0,1.0,15.0,B01
201800020974,0.0,30,0,0.0,2.0,0.0,0.0,A01
201800020974,0.0,7,0,0.0,2.0,8.0,0.0,B01
201800020975,1.0,33,0,0.0,2.0,2.0,17.0,A01
201800020975,1.0,7,0,0.0,2.0,3.0,15.0,B01
201800020976,1.0,7,0,8.0,0.0,1.0,1.0,A01
201800020977,1.0,7,0,0.0,1.0,2.0,1.0,A01
201800020978,1.0,7,0,4.0,2.0,3.0,11.0,A01
201800020978,1.0,15,0,0.0,2.0,2.0,11.0,B01
201800020979,0.0,7,0,0.0,2.0,3.0,9.0,A01
201800020979,0.0,1,0,0.0,2.0,1.0,1.0,B01
201800020980,1.0,7,0,0.0,2.0,3.0,0.0,C01
201800020980,1.0,7,0,0.0,2.0,4.0,2.0,A01
201800020980,1.0,7,0,0.0,2.0,1.0,16.0,B01
201800020981,1.0,7,0,0.0,2.0,1.0,2.0,A01
201800020981,1.0,7,0,0.0,0.0,4.0,23.0,B01
201800020982,1.0,7,0,0.0,2.0,1.0,1.0,A01
201800020982,1.0,7,0,0.0,2.0,4.0,23.0,B01
201800020983,0.0,7,0,0.0,1.0,3.0,9.0,A01
201800020984,0.0,7,0,0.0,2.0,1.0,0.0,A01
201800020984,0.0,1,0,0.0,2.0,0.0,0.0,B01
201800020985,1.0,10,0,0.0,2.0,7.0,1.0,B01
201800020985,1.0,10,0,0.0,2.0,1.0,15.0,A01
201800020986,1.0,33,0,0.0,2.0,1.0,2.0,A01
201800020986,1.0,10,0,0.0,2.0,4.0,1.0,B01
201800020987,1.0,7,0,0.0,2.0,3.0,9.0,A01
201800020987,0.0,7,0,0.0,2.0,2.0,1.0,B01
201800020988,1.0,7,0,0.0,2.0,3.0,9.0,A01
201800020988,1.0,7,0,0.0,2.0,2.0,1.0,B01
201800020989,2.0,7,0,0.0,2.0,1.0,1.0,B01
201800020989,1.0,7,0,0.0,2.0,5.0,11.0,A01
201800020990,1.0,10,0,0.0,2.0,1.0,0.0,A01
201800020990,2.0,1,0,0.0,2.0,1.0,0.0,B01
201800020991,0.0,2,0,0.0,2.0,1.0,1.0,A01
201800020991,0.0,7,0,0.0,2.0,2.0,0.0,B01
201800020992,0.0,7,0,0.0,2.0,1.0,0.0,B01
201800020992,0.0,10,0,0.0,2.0,1.0,1.0,A01
201800020993,2.0,15,0,0.0,2.0,0.0,0.0,A01
201800020993,2.0,7,0,0.0,2.0,0.0,2.0,B01
201800020994,0.0,30,0,0.0,6.0,8.0,17.0,Z01
201800020994,0.0,1,0,0.0,2.0,8.0,1.0,B01
201800020995,1.0,33,0,0.0,2.0,1.0,21.0,A01
201800020995,1.0,7,0,0.0,2.0,6.0,1.0,B01
201800020996,1.0,7,0,0.0,2.0,1.0,1.0,A01
201800020996,1.0,7,0,0.0,2.0,4.0,1.0,B01
201800020997,0.0,1,0,0.0,2.0,0.0,0.0,A01
201800020997,0.0,7,0,0.0,2.0,2.0,0.0,B01
201800020998,1.0,10,0,0.0,2.0,1.0,1.0,Z01
201800020998,0.0,1,0,0.0,2.0,7.0,19.0,A01
201800020999,1.0,33,0,0.0,0.0,0.0,0.0,Z01
201800021000,1.0,7,0,0.0,2.0,1.0,0.0,A01
201800021000,1.0,7,0,0.0,2.0,4.0,0.0,B01
201800021001,1.0,7,0,0.0,2.0,1.0,2.0,A01
201800021001,1.0,7,0,0.0,2.0,4.0,2.0,B01
201800021002,2.0,10,0,0.0,2.0,8.0,15.0,A01
201800021002,2.0,33,0,0.0,2.0,1.0,1.0,B01
201800021003,2.0,7,0,12.0,0.0,3.0,21.0,A01
201800021004,0.0,7,0,1.0,0.0,1.0,1.0,A01
201800021004,0.0,7,0,1.0,0.0,4.0,0.0,B01
201800021004,0.0,7,0,0.0,2.0,4.0,0.0,C01
201800021005,1.0,30,0,0.0,1.0,0.0,0.0,A01
201800021006,1.0,1,0,0.0,2.0,1.0,1.0,A01
201800021006,1.0,7,0,16.0,0.0,1.0,1.0,B01
201800021007,2.0,1,0,0.0,2.0,1.0,0.0,B01
201800021007,2.0,7,0,0.0,2.0,3.0,9.0,A01
201800021008,2.0,20,0,0.0,6.0,7.0,16.0,A01
201800021008,2.0,1,0,0.0,2.0,0.0,0.0,B01
201800021009,2.0,7,0,0.0,1.0,1.0,0.0,Z01
201800021010,0.0,7,0,9.0,2.0,1.0,8.0,A01
201800021010,0.0,7,0,0.0,2.0,1.0,15.0,B01
201800021011,2.0,7,0,0.0,2.0,3.0,9.0,A01
201800021011,2.0,33,0,0.0,2.0,2.0,1.0,B01
201800021012,1.0,7,0,0.0,2.0,0.0,15.0,A01
201800021012,1.0,30,0,,,,,B01
201800021013,1.0,7,0,0.0,1.0,0.0,15.0,A01
201800021014,2.0,7,0,0.0,2.0,3.0,15.0,A01
201800021014,1.0,34,0,0.0,2.0,7.0,17.0,B01
201800021015,0.0,7,0,0.0,2.0,6.0,11.0,B01
201800021015,0.0,7,0,0.0,2.0,1.0,15.0,A01
201800021016,0.0,10,0,0.0,2.0,2.0,1.0,A01
201800021016,0.0,1,0,0.0,2.0,1.0,2.0,B01
201800021017,1.0,7,0,0.0,2.0,4.0,1.0,A01
201800021017,1.0,7,0,0.0,2.0,1.0,1.0,B01
201800021018,1.0,10,0,0.0,2.0,2.0,0.0,A01
201800021018,2.0,7,0,0.0,2.0,1.0,1.0,B01
201800021019,2.0,7,0,0.0,2.0,3.0,13.0,A01
201800021019,1.0,7,0,1.0,2.0,8.0,1.0,B01
201800021020,0.0,7,0,0.0,1.0,2.0,0.0,A01
201800021021,0.0,7,0,0.0,2.0,2.0,0.0,A01
201800021021,0.0,33,0,0.0,2.0,8.0,0.0,B01
201800021022,2.0,7,0,0.0,2.0,1.0,2.0,A01
201800021022,2.0,33,0,0.0,2.0,4.0,1.0,B01
201800021023,1.0,7,0,0.0,2.0,1.0,2.0,A01
201800021023,1.0,7,0,0.0,2.0,4.0,23.0,B01
201800021024,0.0,7,0,0.0,2.0,8.0,24.0,A01
201800021024,0.0,1,0,1.0,0.0,7.0,2.0,B01
201800021025,2.0,7,0,0.0,6.0,6.0,15.0,A01
201800021025,2.0,1,0,0.0,2.0,1.0,13.0,B01
201800021026,2.0,7,0,0.0,2.0,1.0,13.0,A01
201800021026,1.0,7,0,0.0,2.0,1.0,1.0,B01
201800021027,0.0,7,0,0.0,2.0,1.0,11.0,A01
201800021027,0.0,1,0,0.0,2.0,1.0,1.0,B01
201800021028,1.0,10,0,9.0,0.0,2.0,1.0,A01
201800021029,2.0,99,0,0.0,1.0,5.0,1.0,Z01
201800021030,1.0,7,0,15.0,0.0,9.0,14.0,A01
201800021031,0.0,32,0,0.0,2.0,7.0,0.0,B01
201800021031,2.0,7,0,0.0,2.0,3.0,0.0,A01
201800021032,2.0,7,0,0.0,2.0,7.0,0.0,A01
201800021032,2.0,1,0,0.0,2.0,8.0,0.0,B01
201800021033,2.0,7,0,0.0,1.0,2.0,0.0,A01
201800021034,2.0,10,0,14.0,0.0,0.0,0.0,A01
201800021034,2.0,7,0,14.0,0.0,0.0,0.0,B01
201800021034,2.0,17,0,14.0,0.0,0.0,0.0,C01
201800021035,1.0,7,0,4.0,0.0,2.0,17.0,A01
201800021036,1.0,7,0,0.0,2.0,5.0,15.0,B01
201800021036,1.0,33,0,0.0,2.0,2.0,1.0,A01
201800021037,2.0,7,0,0.0,2.0,2.0,15.0,A01
201800021037,1.0,2,0,0.0,2.0,1.0,1.0,B01
201800021038,1.0,7,0,12.0,0.0,1.0,0.0,A01
201800021039,1.0,7,0,0.0,2.0,2.0,0.0,A01
201800021039,2.0,1,0,0.0,2.0,1.0,0.0,B01
201800021040,0.0,7,0,0.0,1.0,3.0,1.0,A01
201800021041,2.0,7,0,0.0,2.0,2.0,15.0,A01
201800021041,1.0,7,0,0.0,2.0,3.0,1.0,B01
201800021041,1.0,7,0,0.0,2.0,3.0,23.0,C01
201800021042,1.0,7,0,0.0,2.0,3.0,13.0,A01
201800021042,1.0,1,0,0.0,0.0,0.0,0.0,B01
201800021043,0.0,7,0,4.0,0.0,2.0,14.0,A01
201800021044,2.0,7,0,0.0,2.0,2.0,1.0,B01
201800021044,1.0,10,0,0.0,2.0,1.0,15.0,A01
201800021044,2.0,7,0,0.0,2.0,1.0,23.0,C01
201800021045,0.0,37,4,0.0,0.0,0.0,0.0,A01
201800021045,0.0,7,0,0.0,2.0,1.0,0.0,B01
201800021046,1.0,7,0,14.0,0.0,1.0,0.0,A01
201800021046,1.0,7,0,0.0,0.0,4.0,23.0,B01
201800021047,2.0,32,0,0.0,2.0,3.0,2.0,B01
201800021047,2.0,7,0,0.0,2.0,2.0,12.0,Z01
201800021048,2.0,10,0,0.0,4.0,5.0,1.0,A01
201800021048,2.0,40,1,0.0,2.0,1.0,1.0,B01
201800021049,1.0,7,0,0.0,2.0,1.0,2.0,A01
201800021049,1.0,7,0,0.0,2.0,4.0,2.0,B01
201800021050,1.0,7,0,0.0,2.0,1.0,0.0,A01
201800021050,1.0,7,0,0.0,2.0,4.0,1.0,B01
201800021051,1.0,7,0,0.0,2.0,0.0,0.0,A01
201800021051,1.0,7,0,0.0,2.0,0.0,0.0,B01
201800021051,1.0,7,0,0.0,2.0,0.0,0.0,C01
201800021052,0.0,37,1,0.0,2.0,2.0,15.0,A01
201800021052,0.0,1,0,0.0,2.0,0.0,0.0,B01
201800021053,0.0,7,0,0.0,2.0,1.0,15.0,A01
201800021053,0.0,2,0,0.0,2.0,1.0,1.0,B01
201800021054,1.0,7,0,0.0,2.0,1.0,0.0,A01
201800021054,1.0,7,0,0.0,2.0,4.0,1.0,B01
201800021054,1.0,7,0,0.0,2.0,6.0,1.0,C01
201800021055,0.0,10,0,0.0,1.0,1.0,0.0,A01
201800021056,0.0,7,0,0.0,2.0,3.0,9.0,A01
201800021056,0.0,33,0,0.0,2.0,8.0,1.0,B01
201800021057,1.0,7,0,0.0,2.0,0.0,11.0,A01
201800021057,1.0,7,0,0.0,2.0,2.0,1.0,B01
201800021058,0.0,7,0,0.0,2.0,1.0,2.0,A01
201800021058,0.0,1,0,0.0,2.0,0.0,0.0,B01
201800021059,2.0,7,0,0.0,2.0,7.0,17.0,A01
201800021059,2.0,17,0,0.0,2.0,2.0,1.0,B01
201800021060,1.0,7,0,0.0,2.0,1.0,15.0,A01
201800021060,2.0,7,0,0.0,2.0,1.0,1.0,B01
201800021061,2.0,7,0,15.0,0.0,1.0,13.0,A01
201800021062,2.0,7,0,0.0,0.0,1.0,9.0,A01
201800021063,1.0,7,0,0.0,1.0,1.0,1.0,A01
201800021064,0.0,7,0,0.0,2.0,1.0,1.0,A01
201800021064,0.0,7,0,0.0,2.0,4.0,1.0,B01
201800021065,0.0,7,0,0.0,2.0,1.0,1.0,A01
201800021065,0.0,7,0,0.0,2.0,4.0,1.0,B01
201800021066,1.0,7,0,,,,,A01
201800021067,1.0,7,0,0.0,2.0,8.0,19.0,B01
201800021067,1.0,7,0,12.0,2.0,1.0,19.0,A01
201800021068,2.0,7,0,0.0,2.0,8.0,10.0,A01
201800021068,1.0,10,0,0.0,2.0,1.0,1.0,B01
201800021069,0.0,7,0,0.0,2.0,1.0,11.0,A01
201800021069,0.0,7,0,0.0,2.0,1.0,19.0,B01
201800021070,1.0,7,0,0.0,1.0,1.0,15.0,A01
201800021071,2.0,7,0,0.0,1.0,1.0,19.0,A01
201800021072,1.0,7,0,0.0,1.0,3.0,1.0,A01
201800021073,1.0,7,0,0.0,2.0,6.0,1.0,A01
201800021073,1.0,7,0,12.0,2.0,1.0,1.0,B01
201800021074,1.0,7,0,0.0,1.0,7.0,9.0,A01
201800021075,1.0,7,0,0.0,1.0,1.0,11.0,A01
201800021076,1.0,7,0,0.0,1.0,1.0,1.0,A01
201800021077,1.0,33,0,0.0,1.0,1.0,21.0,A01
201800021078,1.0,7,0,0.0,1.0,2.0,0.0,A01
201800021079,1.0,14,0,0.0,2.0,3.0,15.0,A01
201800021079,1.0,2,0,0.0,2.0,0.0,0.0,B01
201800021080,1.0,7,0,0.0,1.0,3.0,1.0,A01
201800021081,2.0,7,0,0.0,2.0,2.0,15.0,A01
201800021081,1.0,33,0,0.0,2.0,1.0,19.0,B01
201800021082,1.0,33,0,0.0,2.0,1.0,1.0,B01
201800021082,2.0,7,0,0.0,2.0,3.0,15.0,A01
201800021083,0.0,7,0,0.0,2.0,7.0,2.0,A01
201800021083,0.0,33,0,0.0,2.0,8.0,2.0,B01
201800021084,1.0,7,0,0.0,1.0,3.0,19.0,A01
201800021085,1.0,30,0,0.0,2.0,0.0,0.0,A01
201800021085,1.0,1,0,0.0,2.0,0.0,0.0,B01
201800021086,2.0,7,0,0.0,2.0,3.0,13.0,A01
201800021086,1.0,13,0,0.0,2.0,3.0,21.0,B01
201800021087,0.0,7,0,0.0,1.0,1.0,0.0,A01
201800021088,1.0,7,0,0.0,1.0,1.0,0.0,A01
201800021089,1.0,7,0,0.0,2.0,2.0,15.0,A01
201800021089,2.0,7,0,0.0,2.0,3.0,1.0,B01
201800021090,1.0,7,0,0.0,2.0,2.0,15.0,A01
201800021090,2.0,7,0,0.0,2.0,2.0,13.0,B01
201800021091,2.0,7,0,0.0,2.0,1.0,13.0,A01
201800021091,1.0,20,0,3.0,2.0,1.0,2.0,B01
201800021092,2.0,7,0,0.0,1.0,5.0,2.0,B01
201800021093,1.0,7,0,6.0,0.0,1.0,19.0,A01
201800021094,0.0,7,0,0.0,1.0,1.0,15.0,A01
201800021095,1.0,2,0,0.0,2.0,1.0,0.0,B01
201800021095,2.0,7,0,0.0,2.0,3.0,9.0,A01
201800021096,1.0,7,0,0.0,1.0,3.0,0.0,A01
201800021097,0.0,7,0,0.0,2.0,2.0,9.0,B01
201800021097,0.0,1,0,0.0,0.0,0.0,0.0,A01
201800021098,2.0,30,0,0.0,2.0,3.0,18.0,A01
201800021098,2.0,7,0,0.0,2.0,2.0,16.0,B01
201800021099,1.0,30,0,0.0,2.0,1.0,21.0,A01
201800021099,2.0,7,0,0.0,2.0,8.0,19.0,B01
201800021100,1.0,7,0,0.0,1.0,1.0,1.0,A01
201800021101,2.0,7,0,0.0,2.0,1.0,9.0,A01
201800021101,1.0,7,0,0.0,2.0,4.0,23.0,B01