Num_Acc,senc,catv,occutc,obs,obsm,choc,manv,num_veh
201800021624,2.0,7,0,0.0,2.0,2.0,2.0,A01
201800021624,2.0,15,0,0.0,0.0,6.0,2.0,B01
201800021625,1.0,7,0,0.0,2.0,6.0,1.0,B01
201800021625,2.0,7,0,0.0,2.0,1.0,5.0,A01
201800021625,1.0,10,0,0.0,2.0,3.0,2.0,C01
201800021626,1.0,7,0,0.0,9.0,1.0,1.0,B01
201800021626,2.0,7,0,0.0,0.0,0.0,1.0,A01
201800021627,2.0,7,0,3.0,2.0,2.0,17.0,A01
201800021627,2.0,17,0,0.0,0.0,6.0,2.0,B01
201800021627,2.0,7,0,0.0,2.0,1.0,2.0,C01
201800021628,2.0,7,0,3.0,2.0,2.0,12.0,A01
201800021628,2.0,17,0,0.0,0.0,6.0,2.0,B01
201800021629,2.0,7,0,15.0,0.0,1.0,13.0,A01
201800021630,1.0,33,0,0.0,2.0,1.0,1.0,B01
201800021630,2.0,7,0,0.0,2.0,8.0,15.0,A01
201800021631,2.0,7,0,0.0,1.0,3.0,15.0,A01
201800021632,0.0,99,0,0.0,0.0,0.0,0.0,A01
201800021633,1.0,99,0,0.0,1.0,2.0,15.0,A01
201800021634,1.0,7,0,0.0,2.0,1.0,2.0,A01
201800021634,1.0,1,0,0.0,2.0,1.0,19.0,B01
201800021635,1.0,38,5,0.0,1.0,2.0,2.0,A01
201800021636,1.0,7,0,0.0,2.0,3.0,9.0,A01
201800021636,1.0,30,0,0.0,2.0,1.0,2.0,B01
201800021637,0.0,30,0,0.0,2.0,1.0,1.0,A01
201800021637,0.0,10,0,0.0,2.0,2.0,16.0,B01
201800021638,1.0,7,0,0.0,6.0,6.0,11.0,A01
201800021638,1.0,2,0,0.0,2.0,1.0,2.0,B01
201800021639,1.0,7,0,0.0,1.0,2.0,15.0,Z01
201800021640,1.0,7,0,0.0,2.0,4.0,2.0,B01
201800021640,1.0,33,0,0.0,2.0,1.0,2.0,A01
201800021641,2.0,7,0,0.0,2.0,1.0,0.0,B01
201800021641,1.0,7,0,0.0,2.0,1.0,15.0,A01
201800021642,1.0,2,0,0.0,2.0,1.0,13.0,B01
201800021642,2.0,7,0,0.0,2.0,2.0,9.0,A01
201800021643,2.0,1,0,0.0,2.0,0.0,1.0,B01
201800021643,2.0,21,0,0.0,2.0,6.0,1.0,A01
201800021644,0.0,7,0,0.0,2.0,6.0,11.0,A01
201800021644,0.0,2,0,0.0,2.0,1.0,1.0,B01
201800021645,0.0,1,0,0.0,0.0,0.0,1.0,B01
201800021645,1.0,15,0,0.0,0.0,0.0,24.0,A01
201800021646,0.0,33,0,0.0,2.0,1.0,1.0,A01
201800021646,0.0,1,0,0.0,2.0,7.0,19.0,B01
201800021647,0.0,7,0,0.0,2.0,8.0,2.0,B01
201800021647,1.0,31,0,0.0,2.0,3.0,2.0,A01
201800021648,0.0,1,0,0.0,2.0,1.0,1.0,B01
201800021648,1.0,10,0,0.0,2.0,2.0,0.0,A01
201800021649,2.0,7,0,0.0,2.0,1.0,0.0,B01
201800021649,1.0,7,0,0.0,2.0,1.0,13.0,A01
201800021650,2.0,17,0,0.0,2.0,5.0,0.0,A01
201800021650,1.0,7,0,0.0,2.0,2.0,0.0,B01
201800021651,1.0,7,0,0.0,2.0,2.0,1.0,A01
201800021652,0.0,33,0,8.0,0.0,0.0,17.0,A01
201800021653,2.0,7,0,0.0,6.0,4.0,0.0,A01
201800021653,2.0,30,0,0.0,2.0,0.0,1.0,B01
201800021654,1.0,7,0,0.0,1.0,3.0,0.0,A01
201800021655,2.0,7,0,1.0,1.0,1.0,0.0,A01
201800021656,1.0,7,0,0.0,1.0,1.0,0.0,A01
201800021657,0.0,7,0,,1.0,,,A01
201800021658,1.0,7,0,0.0,6.0,2.0,19.0,A01
201800021658,1.0,32,0,0.0,6.0,2.0,1.0,B01
201800021659,2.0,7,0,2.0,0.0,1.0,17.0,A01
201800021660,1.0,7,0,0.0,2.0,1.0,1.0,B01
201800021660,0.0,7,0,9.0,2.0,7.0,9.0,A01
201800021661,1.0,21,0,2.0,0.0,3.0,1.0,A01
201800021662,2.0,7,0,0.0,2.0,7.0,17.0,A01
201800021662,2.0,1,0,0.0,2.0,8.0,13.0,B01
201800021663,1.0,7,0,6.0,0.0,1.0,0.0,A01
201800021664,0.0,7,0,6.0,0.0,1.0,1.0,A01
201800021665,1.0,7,0,0.0,2.0,3.0,5.0,A01
201800021665,2.0,7,0,0.0,2.0,1.0,21.0,B01
201800021666,1.0,2,0,0.0,2.0,1.0,1.0,B01
201800021666,0.0,10,0,0.0,2.0,2.0,15.0,A01
201800021667,1.0,17,0,0.0,2.0,1.0,0.0,E01
201800021667,2.0,7,0,0.0,2.0,6.0,0.0,B01
201800021668,2.0,7,0,0.0,2.0,3.0,13.0,A01
201800021668,1.0,10,0,0.0,0.0,3.0,1.0,B01
201800021669,2.0,7,0,0.0,1.0,2.0,16.0,A01
201800021670,0.0,7,0,0.0,1.0,5.0,20.0,A01
201800021671,2.0,7,0,0.0,2.0,3.0,15.0,A01
201800021671,1.0,7,0,0.0,2.0,1.0,1.0,B01
201800021672,,7,0,0.0,1.0,3.0,15.0,A01
201800021673,1.0,7,0,0.0,2.0,3.0,13.0,A01
201800021673,0.0,7,0,0.0,2.0,3.0,1.0,B01
201800021673,0.0,7,0,0.0,2.0,3.0,2.0,C01
201800021674,2.0,7,0,0.0,2.0,3.0,0.0,B01
201800021674,1.0,7,0,0.0,2.0,3.0,13.0,A01
201800021675,2.0,33,0,0.0,2.0,3.0,0.0,A01
201800021675,2.0,7,0,0.0,2.0,6.0,1.0,B01
201800021676,0.0,7,0,1.0,1.0,4.0,20.0,A01
201800021677,1.0,7,0,0.0,1.0,1.0,9.0,A01
201800021678,1.0,7,0,4.0,0.0,3.0,1.0,A01
201800021679,1.0,33,0,0.0,2.0,1.0,2.0,A01
201800021679,1.0,7,0,0.0,0.0,4.0,1.0,B01
201800021680,1.0,7,0,4.0,0.0,3.0,1.0,A01
201800021681,1.0,15,0,3.0,2.0,8.0,1.0,B01
201800021681,1.0,7,0,0.0,2.0,7.0,14.0,A01
201800021682,2.0,7,0,13.0,0.0,1.0,14.0,A01
201800021683,1.0,7,0,0.0,2.0,2.0,2.0,A01
201800021683,1.0,17,0,0.0,2.0,6.0,1.0,B01
201800021684,1.0,7,0,0.0,1.0,1.0,1.0,B01
201800021684,1.0,7,0,0.0,1.0,1.0,1.0,C01
201800021685,2.0,7,0,4.0,0.0,3.0,1.0,A01
201800021686,2.0,33,0,0.0,9.0,5.0,1.0,A01
201800021687,1.0,7,0,0.0,2.0,1.0,1.0,B01
201800021687,2.0,7,0,0.0,2.0,1.0,13.0,A01
201800021688,2.0,7,0,3.0,2.0,7.0,14.0,A01
201800021688,2.0,7,0,4.0,2.0,8.0,1.0,B01
201800021689,1.0,7,0,0.0,2.0,7.0,1.0,B01
201800021689,0.0,7,0,0.0,2.0,1.0,19.0,A01
201800021690,2.0,7,0,0.0,2.0,2.0,12.0,A01
201800021690,2.0,7,0,0.0,0.0,6.0,1.0,B01
201800021691,0.0,7,0,0.0,9.0,3.0,1.0,A01
201800021691,0.0,1,0,0.0,2.0,7.0,1.0,B01
201800021692,0.0,32,0,0.0,2.0,1.0,1.0,A01
201800021692,0.0,7,0,0.0,2.0,6.0,1.0,B01
201800021693,0.0,7,0,0.0,2.0,2.0,2.0,B01
201800021693,0.0,32,0,0.0,2.0,3.0,1.0,A01
201800021694,2.0,7,0,0.0,2.0,5.0,2.0,B01
201800021694,2.0,7,0,0.0,2.0,1.0,2.0,A01
201800021695,1.0,7,0,0.0,2.0,1.0,1.0,B01
201800021695,2.0,7,0,0.0,2.0,1.0,1.0,A01
201800021696,0.0,7,0,0.0,9.0,1.0,1.0,A01
201800021696,0.0,1,0,0.0,2.0,4.0,1.0,B01
201800021697,2.0,7,0,13.0,0.0,0.0,1.0,C01
201800021697,2.0,7,0,0.0,0.0,3.0,13.0,A01
201800021697,1.0,7,0,0.0,0.0,3.0,1.0,B01
201800021698,1.0,7,0,16.0,0.0,0.0,0.0,A01
201800021699,1.0,33,0,14.0,0.0,0.0,17.0,A01
201800021700,0.0,7,0,13.0,0.0,1.0,0.0,A01
201800021701,2.0,33,0,0.0,2.0,1.0,1.0,B01
201800021701,1.0,7,0,0.0,2.0,1.0,10.0,A01
201800021702,0.0,7,0,0.0,1.0,2.0,1.0,A01
201800021703,0.0,1,0,0.0,2.0,7.0,1.0,B01
201800021703,0.0,7,0,0.0,9.0,3.0,1.0,A01
201800021704,1.0,7,0,0.0,1.0,2.0,2.0,A01
201800021705,2.0,7,0,0.0,2.0,1.0,1.0,A01
201800021705,1.0,7,0,0.0,2.0,2.0,1.0,B01
201800021706,0.0,16,0,0.0,2.0,2.0,16.0,A01
201800021706,0.0,1,0,0.0,2.0,0.0,0.0,B01
201800021707,2.0,2,0,0.0,2.0,1.0,13.0,B01
201800021707,1.0,7,0,0.0,2.0,3.0,1.0,C01
201800021707,1.0,7,0,0.0,2.0,3.0,17.0,A01
201800021708,1.0,7,0,0.0,2.0,2.0,1.0,A01
201800021708,2.0,7,0,0.0,0.0,1.0,23.0,C01
201800021708,0.0,7,0,0.0,2.0,1.0,15.0,B01
201800021709,2.0,7,0,11.0,0.0,9.0,17.0,A01
201800021710,1.0,33,0,13.0,0.0,3.0,14.0,A01
201800021711,2.0,7,0,0.0,2.0,5.0,19.0,A01
201800021711,1.0,2,0,0.0,2.0,1.0,1.0,B01
201800021712,2.0,7,0,13.0,0.0,1.0,1.0,A01
201800021713,2.0,7,0,0.0,2.0,3.0,6.0,A01
201800021713,1.0,7,0,0.0,2.0,2.0,1.0,B01
201800021714,0.0,7,0,13.0,0.0,7.0,21.0,A01
201800021715,0.0,7,0,0.0,1.0,5.0,2.0,A01
201800021716,1.0,7,0,13.0,0.0,1.0,11.0,A01
201800021717,2.0,7,0,6.0,0.0,1.0,1.0,A01
201800021718,1.0,7,0,0.0,1.0,1.0,1.0,A01
201800021719,1.0,7,0,0.0,2.0,1.0,17.0,A01
201800021719,2.0,33,0,0.0,2.0,1.0,1.0,B01
201800021720,1.0,17,0,3.0,0.0,3.0,1.0,A01
201800021721,2.0,7,0,3.0,2.0,1.0,21.0,A01
201800021721,2.0,7,0,3.0,0.0,5.0,23.0,B01
201800021722,2.0,7,0,3.0,0.0,1.0,1.0,A01
201800021722,2.0,7,0,0.0,2.0,1.0,1.0,B01
201800021723,2.0,7,0,3.0,0.0,1.0,1.0,A01
201800021724,2.0,7,0,3.0,0.0,1.0,1.0,A01
201800021725,2.0,7,0,13.0,0.0,7.0,1.0,A01
201800021726,1.0,7,0,13.0,0.0,1.0,1.0,A01
201800021726,1.0,7,0,0.0,9.0,1.0,1.0,B01
201800021727,2.0,7,0,0.0,2.0,1.0,2.0,A01
201800021727,2.0,7,0,0.0,2.0,4.0,2.0,B01
201800021728,2.0,7,0,0.0,1.0,7.0,21.0,A01
201800021729,2.0,7,0,0.0,2.0,5.0,12.0,A01
201800021729,2.0,33,0,0.0,2.0,8.0,12.0,B01
201800021730,2.0,7,0,13.0,0.0,9.0,14.0,A01
201800021731,1.0,7,0,0.0,2.0,1.0,1.0,A01
201800021731,1.0,7,0,0.0,0.0,4.0,1.0,B01
201800021732,2.0,7,0,13.0,0.0,2.0,17.0,A01
201800021733,1.0,7,0,0.0,2.0,1.0,2.0,A01
201800021733,1.0,7,0,0.0,0.0,4.0,2.0,B01
201800021734,2.0,7,0,16.0,0.0,8.0,16.0,A01
201800021735,1.0,7,0,0.0,0.0,4.0,1.0,A01
201800021735,1.0,7,0,0.0,2.0,1.0,1.0,B01
201800021736,1.0,17,0,0.0,0.0,8.0,1.0,C01
201800021736,1.0,7,0,0.0,0.0,4.0,1.0,B01
201800021736,1.0,7,0,0.0,2.0,1.0,1.0,A01
201800021736,1.0,7,0,0.0,2.0,1.0,1.0,D01
201800021737,1.0,7,0,2.0,0.0,8.0,1.0,A01
201800021738,1.0,7,0,0.0,2.0,3.0,1.0,B01
201800021738,1.0,7,0,0.0,0.0,4.0,2.0,C01
201800021738,1.0,7,0,0.0,2.0,1.0,2.0,A01
201800021739,1.0,7,0,1.0,0.0,1.0,1.0,A01
201800021739,1.0,7,0,0.0,0.0,4.0,24.0,B01
201800021740,1.0,7,0,13.0,0.0,2.0,1.0,A01
201800021741,1.0,7,0,13.0,0.0,2.0,14.0,A01
201800021742,2.0,36,0,0.0,0.0,3.0,16.0,A01
201800021743,2.0,7,0,0.0,2.0,5.0,17.0,A01
201800021743,2.0,15,0,13.0,2.0,3.0,1.0,B01
201800021744,2.0,7,0,0.0,0.0,4.0,2.0,A01
201800021744,2.0,7,0,0.0,2.0,1.0,2.0,B01
201800021745,2.0,7,0,0.0,2.0,1.0,2.0,A01
201800021745,2.0,7,0,0.0,2.0,4.0,2.0,B01
201800021746,2.0,7,0,13.0,0.0,1.0,2.0,A01
201800021746,2.0,7,0,0.0,2.0,8.0,24.0,B01
201800021746,2.0,7,0,0.0,0.0,5.0,21.0,C01
201800021746,2.0,7,0,1.0,2.0,7.0,21.0,D01
201800021747,2.0,7,0,3.0,2.0,2.0,0.0,A01
201800021747,2.0,10,0,13.0,0.0,6.0,0.0,B01
201800021748,1.0,10,0,0.0,2.0,1.0,2.0,B01
201800021748,1.0,7,0,0.0,0.0,6.0,1.0,A01
201800021748,1.0,7,0,0.0,0.0,1.0,2.0,C01
201800021749,1.0,7,0,3.0,2.0,2.0,2.0,A01
201800021749,1.0,17,0,0.0,0.0,6.0,2.0,B01
201800021750,2.0,7,0,3.0,0.0,3.0,1.0,A01
201800021751,1.0,7,0,0.0,2.0,1.0,2.0,A01
201800021751,1.0,10,0,0.0,0.0,4.0,2.0,B01
201800021752,1.0,7,0,0.0,2.0,4.0,1.0,A01
201800021752,1.0,7,0,3.0,2.0,4.0,1.0,B01
201800021752,1.0,7,0,0.0,2.0,4.0,1.0,C01
201800021753,1.0,7,0,3.0,0.0,1.0,13.0,A01
201800021754,2.0,7,0,0.0,0.0,4.0,0.0,C01
201800021754,2.0,7,0,0.0,2.0,4.0,0.0,B01
201800021754,2.0,7,0,0.0,2.0,1.0,0.0,A01
201800021755,1.0,7,0,0.0,2.0,4.0,23.0,B01
201800021755,1.0,7,0,0.0,2.0,1.0,0.0,A01
201800021755,1.0,7,0,0.0,0.0,4.0,23.0,C01
201800021756,2.0,7,0,3.0,2.0,3.0,17.0,A01
201800021756,2.0,17,0,0.0,2.0,3.0,1.0,B01
201800021757,1.0,7,0,13.0,0.0,1.0,0.0,A01
201800021758,1.0,7,0,13.0,0.0,6.0,1.0,A01
201800021759,2.0,7,0,0.0,2.0,7.0,0.0,A01
201800021759,2.0,7,0,3.0,0.0,9.0,2.0,B01
201800021760,1.0,7,0,0.0,0.0,3.0,2.0,A01
201800021760,1.0,7,0,0.0,2.0,1.0,2.0,B01
201800021760,1.0,7,0,0.0,2.0,4.0,2.0,C01
201800021760,1.0,7,0,0.0,2.0,1.0,1.0,D01
201800021761,1.0,7,0,13.0,0.0,2.0,1.0,A01
201800021762,1.0,10,0,0.0,5.0,1.0,1.0,A01
201800021763,2.0,7,0,13.0,0.0,2.0,1.0,A01
201800021764,1.0,7,0,0.0,2.0,1.0,17.0,A01
201800021764,1.0,7,0,0.0,0.0,4.0,2.0,B01
201800021765,1.0,7,0,0.0,5.0,2.0,1.0,A01
201800021765,1.0,7,0,0.0,5.0,1.0,1.0,B01
201800021765,1.0,7,0,0.0,5.0,1.0,1.0,C01
201800021765,1.0,7,0,0.0,5.0,7.0,1.0,D01
201800021765,1.0,7,0,0.0,5.0,1.0,1.0,E01
201800021765,1.0,7,0,0.0,5.0,3.0,1.0,F01
201800021766,1.0,7,0,0.0,0.0,9.0,1.0,A01
201800021767,1.0,7,0,0.0,2.0,1.0,1.0,A01
201800021767,1.0,7,0,0.0,2.0,4.0,1.0,B01
201800021768,2.0,7,0,0.0,0.0,4.0,23.0,B01
201800021768,2.0,7,0,0.0,2.0,1.0,1.0,A01
201800021769,2.0,20,0,2.0,0.0,2.0,1.0,A01
201800021770,1.0,10,0,0.0,0.0,4.0,1.0,B01
201800021770,1.0,10,0,0.0,2.0,1.0,2.0,A01
201800021771,2.0,7,0,13.0,0.0,1.0,1.0,A01
201800021772,2.0,33,0,0.0,2.0,4.0,1.0,A01
201800021772,2.0,33,0,0.0,2.0,1.0,2.0,B01
201800021773,1.0,7,0,14.0,0.0,1.0,2.0,B01
201800021773,1.0,7,0,14.0,0.0,1.0,2.0,G01
201800021773,1.0,7,0,14.0,0.0,1.0,2.0,F01
201800021773,1.0,7,0,14.0,0.0,1.0,2.0,I01
201800021773,1.0,16,0,0.0,0.0,0.0,1.0,J01
201800021773,1.0,7,0,14.0,0.0,1.0,2.0,E01
201800021773,1.0,7,0,14.0,0.0,1.0,2.0,H01
201800021773,1.0,7,0,14.0,0.0,1.0,1.0,A01
201800021773,1.0,7,0,14.0,0.0,1.0,2.0,C01
201800021773,1.0,7,0,14.0,0.0,1.0,2.0,D01
201800021774,1.0,31,0,0.0,2.0,1.0,3.0,A01
201800021774,1.0,7,0,0.0,2.0,2.0,12.0,B01
201800021775,1.0,7,0,7.0,0.0,2.0,14.0,A01
201800021776,1.0,10,0,13.0,0.0,2.0,1.0,A01
201800021777,1.0,15,0,0.0,2.0,8.0,1.0,B01
201800021777,1.0,7,0,0.0,2.0,1.0,17.0,A01
201800021778,1.0,7,0,0.0,2.0,1.0,1.0,B01
201800021778,1.0,7,0,0.0,2.0,4.0,9.0,A01
201800021779,1.0,7,0,0.0,2.0,8.0,1.0,B01
201800021779,1.0,7,0,0.0,2.0,2.0,12.0,A01
201800021780,2.0,7,0,0.0,2.0,6.0,1.0,B01
201800021780,2.0,7,0,0.0,2.0,2.0,1.0,A01
201800021781,1.0,14,0,6.0,0.0,2.0,1.0,A01
201800021782,2.0,7,0,0.0,2.0,4.0,1.0,B01
201800021782,2.0,33,0,0.0,0.0,1.0,1.0,A01
201800021783,2.0,10,0,4.0,0.0,0.0,1.0,A01
201800021784,2.0,7,0,0.0,0.0,9.0,17.0,A01
201800021785,1.0,14,0,4.0,0.0,3.0,2.0,A01
201800021786,2.0,7,0,0.0,2.0,7.0,13.0,A01
201800021786,1.0,17,0,0.0,2.0,1.0,1.0,B01
201800021787,2.0,7,0,0.0,2.0,3.0,13.0,A01
201800021787,1.0,7,0,0.0,2.0,3.0,1.0,B01
201800021788,2.0,7,0,0.0,2.0,1.0,1.0,A01
201800021788,1.0,7,0,0.0,2.0,1.0,5.0,B01
201800021789,1.0,7,0,16.0,0.0,9.0,1.0,A01
201800021790,1.0,7,0,0.0,0.0,4.0,1.0,A01
201800021790,1.0,7,0,0.0,2.0,1.0,1.0,B01
201800021791,0.0,1,0,0.0,2.0,7.0,16.0,B01
201800021791,0.0,7,0,0.0,2.0,3.0,9.0,A01
201800021792,0.0,33,0,0.0,0.0,0.0,1.0,A01
201800021793,2.0,33,0,0.0,0.0,0.0,1.0,A01
201800021794,0.0,7,0,15.0,1.0,5.0,1.0,A01
201800021795,1.0,7,0,0.0,0.0,5.0,19.0,A01
201800021795,2.0,33,0,0.0,2.0,1.0,1.0,B01
201800021796,2.0,7,0,2.0,0.0,1.0,1.0,A01
201800021797,2.0,7,0,13.0,2.0,3.0,0.0,A01
201800021797,1.0,7,0,0.0,2.0,2.0,1.0,B01
201800021798,0.0,31,0,0.0,1.0,2.0,1.0,A01
201800021799,0.0,33,0,14.0,2.0,1.0,6.0,A01
201800021799,0.0,7,0,0.0,0.0,8.0,1.0,B01
201800021800,1.0,7,0,0.0,2.0,1.0,2.0,A01
201800021800,1.0,7,0,0.0,2.0,4.0,2.0,B01
201800021801,1.0,7,0,2.0,0.0,1.0,1.0,A01
201800021802,1.0,7,0,4.0,2.0,9.0,0.0,A01
201800021802,1.0,7,0,0.0,2.0,2.0,1.0,B01
201800021802,1.0,7,0,0.0,2.0,1.0,1.0,C01
201800021803,1.0,7,0,16.0,0.0,1.0,1.0,A01
201800021804,1.0,7,0,0.0,0.0,0.0,0.0,A01
201800021805,1.0,2,0,0.0,2.0,1.0,17.0,B01
201800021805,1.0,7,0,0.0,0.0,3.0,1.0,A01
201800021806,2.0,15,0,3.0,0.0,7.0,15.0,A01
201800021807,0.0,7,0,0.0,1.0,1.0,15.0,A01
201800021808,1.0,7,0,0.0,0.0,0.0,0.0,A01
201800021809,1.0,7,0,1.0,0.0,4.0,2.0,A01
201800021809,1.0,7,0,1.0,0.0,1.0,2.0,B01
201800021810,1.0,7,0,0.0,0.0,0.0,1.0,A01
201800021811,0.0,7,0,8.0,0.0,1.0,1.0,A01
201800021812,1.0,7,0,0.0,2.0,3.0,1.0,B01
201800021812,2.0,3,0,0.0,2.0,3.0,2.0,A01
201800021813,1.0,7,0,0.0,2.0,2.0,2.0,A01
201800021813,1.0,2,0,0.0,2.0,1.0,2.0,B01
201800021814,2.0,7,0,0.0,2.0,1.0,17.0,A01
201800021814,2.0,7,0,0.0,2.0,1.0,1.0,B01
201800021815,1.0,7,0,0.0,1.0,3.0,1.0,A01
201800021816,0.0,7,0,0.0,0.0,5.0,15.0,A01
201800021816,0.0,1,0,0.0,2.0,1.0,1.0,B01
201800021817,1.0,7,0,0.0,2.0,1.0,11.0,A01
201800021817,2.0,7,0,0.0,2.0,1.0,1.0,B01
201800021818,0.0,10,0,6.0,1.0,1.0,23.0,A01
201800021819,2.0,33,0,0.0,0.0,8.0,1.0,A01
201800021820,0.0,99,0,0.0,2.0,0.0,0.0,R01
201800021820,1.0,7,0,0.0,2.0,1.0,1.0,A01
201800021821,0.0,7,0,0.0,2.0,4.0,2.0,C01
201800021821,0.0,7,0,0.0,2.0,1.0,2.0,A01
201800021821,0.0,7,0,0.0,2.0,4.0,2.0,B01
201800021822,2.0,7,0,0.0,2.0,1.0,13.0,A01
201800021822,1.0,7,0,0.0,2.0,3.0,1.0,B01
201800021823,2.0,2,0,11.0,0.0,1.0,6.0,A01
201800021824,1.0,2,0,0.0,2.0,7.0,1.0,B01
201800021824,1.0,7,0,0.0,2.0,3.0,15.0,A01
201800021825,1.0,33,0,0.0,2.0,1.0,17.0,A01
201800021825,1.0,7,0,0.0,2.0,3.0,15.0,B01
201800021826,1.0,7,0,0.0,2.0,2.0,18.0,A01
201800021826,1.0,1,0,0.0,2.0,8.0,13.0,B01
201800021827,1.0,7,0,8.0,0.0,7.0,0.0,A01
201800021828,0.0,7,0,0.0,0.0,8.0,10.0,A01
201800021828,2.0,32,0,0.0,2.0,1.0,10.0,B01
201800021829,2.0,7,0,0.0,2.0,1.0,1.0,B01
201800021829,1.0,2,0,0.0,2.0,1.0,17.0,A01
201800021830,1.0,33,0,0.0,1.0,1.0,1.0,A01
201800021831,1.0,7,0,0.0,1.0,1.0,0.0,A01
201800021832,0.0,1,0,0.0,0.0,1.0,1.0,A01
201800021833,2.0,7,0,0.0,2.0,8.0,1.0,A01
201800021833,1.0,2,0,0.0,2.0,3.0,1.0,B01
201800021834,1.0,7,0,0.0,2.0,7.0,10.0,A01
201800021834,2.0,33,0,0.0,2.0,1.0,1.0,B01
201800021835,2.0,7,0,0.0,2.0,3.0,1.0,A01
201800021835,1.0,7,0,0.0,2.0,3.0,1.0,B01
201800021836,1.0,7,0,2.0,0.0,2.0,1.0,A01
201800021837,0.0,7,0,0.0,2.0,1.0,1.0,A01
201800021837,0.0,7,0,0.0,2.0,3.0,16.0,B01
201800021838,1.0,7,0,0.0,2.0,1.0,1.0,A01
201800021838,2.0,31,0,0.0,2.0,1.0,13.0,B01
201800021839,2.0,10,0,0.0,2.0,1.0,19.0,A01
201800021839,1.0,1,0,0.0,2.0,7.0,1.0,B01
201800021840,1.0,7,0,2.0,0.0,8.0,1.0,A01
201800021841,1.0,7,0,0.0,2.0,2.0,17.0,B01
201800021841,1.0,7,0,0.0,2.0,3.0,15.0,A01
201800021842,2.0,7,0,0.0,2.0,2.0,15.0,A01
201800021842,1.0,7,0,0.0,2.0,1.0,1.0,B01
201800021843,2.0,33,0,0.0,6.0,1.0,1.0,A01
201800021844,1.0,7,0,2.0,0.0,3.0,19.0,A01
201800021845,1.0,7,0,0.0,2.0,1.0,15.0,B01
201800021845,1.0,7,0,0.0,2.0,8.0,15.0,A01
201800021846,1.0,15,0,0.0,2.0,6.0,19.0,A01
201800021846,2.0,7,0,0.0,2.0,1.0,1.0,B01
201800021847,2.0,2,0,0.0,1.0,1.0,17.0,A01
201800021848,1.0,7,0,16.0,0.0,1.0,1.0,A01
201800021849,0.0,36,0,13.0,0.0,2.0,1.0,A01
201800021850,2.0,33,0,0.0,2.0,1.0,1.0,A01
201800021850,0.0,7,0,0.0,2.0,8.0,19.0,B01
201800021851,2.0,21,0,0.0,2.0,0.0,0.0,B01
201800021851,1.0,7,0,0.0,2.0,1.0,1.0,A01
201800021852,0.0,3,0,1.0,0.0,1.0,1.0,A01
201800021853,1.0,7,0,2.0,0.0,7.0,1.0,A01
201800021854,1.0,7,0,0.0,0.0,9.0,1.0,A01
201800021855,1.0,7,0,0.0,2.0,2.0,1.0,A01
201800021855,1.0,1,0,0.0,9.0,4.0,2.0,C01
201800021855,1.0,1,0,0.0,2.0,4.0,2.0,B01
201800021856,1.0,17,0,0.0,2.0,3.0,1.0,B01
201800021856,2.0,7,0,0.0,2.0,3.0,13.0,A01
201800021857,2.0,7,0,0.0,1.0,2.0,1.0,A01
201800021858,1.0,7,0,0.0,2.0,2.0,15.0,A01
201800021858,2.0,7,0,0.0,2.0,1.0,1.0,B01
201800021859,1.0,21,0,0.0,2.0,4.0,15.0,A01
201800021859,1.0,7,0,0.0,2.0,1.0,2.0,B01
201800021860,1.0,1,0,0.0,2.0,9.0,1.0,B01
201800021860,2.0,7,0,0.0,2.0,2.0,19.0,A01
201800021861,2.0,7,0,3.0,0.0,9.0,1.0,A01
201800021862,0.0,7,0,0.0,1.0,2.0,1.0,A01
201800021863,2.0,7,0,3.0,2.0,4.0,2.0,B01
201800021863,2.0,7,0,3.0,2.0,1.0,2.0,A01
201800021864,2.0,7,0,4.0,0.0,3.0,1.0,A01
201800021865,2.0,7,0,2.0,2.0,1.0,13.0,A01
201800021865,1.0,17,0,0.0,2.0,1.0,1.0,B01
201800021866,1.0,7,0,0.0,2.0,3.0,13.0,A01
201800021866,2.0,17,0,0.0,2.0,3.0,1.0,B01
201800021867,2.0,7,0,0.0,9.0,7.0,17.0,A01
201800021867,2.0,1,0,0.0,2.0,8.0,13.0,B01
201800021868,2.0,7,0,0.0,2.0,2.0,15.0,A01
201800021868,1.0,7,0,0.0,2.0,6.0,1.0,B01
201800021869,0.0,7,0,0.0,2.0,2.0,19.0,A01
201800021869,0.0,1,0,0.0,2.0,8.0,1.0,B01
201800021870,1.0,7,0,0.0,2.0,3.0,17.0,A01
201800021870,2.0,1,0,0.0,2.0,1.0,1.0,B01
201800021870,2.0,1,0,0.0,2.0,1.0,1.0,C01
201800021871,1.0,7,0,0.0,2.0,3.0,1.0,A01
201800021871,2.0,10,0,0.0,2.0,3.0,1.0,B01
201800021872,0.0,33,0,0.0,2.0,1.0,1.0,B01
201800021872,0.0,3,0,0.0,9.0,2.0,19.0,A01
201800021873,1.0,7,0,6.0,0.0,1.0,0.0,A01
201800021874,0.0,1,0,0.0,2.0,2.0,23.0,B01
201800021874,0.0,10,0,0.0,9.0,3.0,0.0,A01
201800021875,1.0,7,0,15.0,2.0,3.0,0.0,A01
201800021875,2.0,7,0,13.0,2.0,3.0,21.0,B01
201800021876,1.0,7,0,16.0,0.0,9.0,1.0,A01
201800021877,1.0,7,0,0.0,2.0,2.0,14.0,A01
201800021877,1.0,15,0,0.0,0.0,0.0,1.0,B01
201800021878,1.0,7,0,13.0,0.0,1.0,1.0,A01