Num_Acc,senc,catv,occutc,obs,obsm,choc,manv,num_veh
201800021879,1.0,10,0,3.0,0.0,3.0,17.0,A01
201800021880,1.0,10,0,0.0,2.0,3.0,2.0,A01
201800021880,1.0,7,0,0.0,2.0,5.0,2.0,B01
201800021881,2.0,33,0,4.0,0.0,0.0,0.0,A01
201800021882,1.0,7,0,3.0,0.0,6.0,9.0,A01
201800021882,1.0,7,0,0.0,2.0,1.0,1.0,B01
201800021883,1.0,7,0,0.0,2.0,3.0,1.0,B01
201800021883,1.0,7,0,0.0,2.0,3.0,21.0,A01
201800021884,2.0,10,0,0.0,0.0,6.0,1.0,A01
201800021884,2.0,10,0,0.0,2.0,2.0,11.0,B01
201800021885,1.0,17,0,0.0,0.0,0.0,2.0,B01
201800021885,1.0,10,0,0.0,0.0,1.0,2.0,A01
201800021886,2.0,7,0,3.0,0.0,1.0,3.0,A01
201800021887,1.0,33,0,0.0,0.0,0.0,1.0,A01
201800021888,1.0,10,0,0.0,2.0,1.0,2.0,A01
201800021888,1.0,7,0,0.0,0.0,4.0,2.0,B01
201800021889,1.0,7,0,3.0,2.0,1.0,2.0,A01
201800021889,1.0,7,0,3.0,0.0,4.0,2.0,B01
201800021890,1.0,7,0,4.0,0.0,3.0,1.0,A01
201800021891,1.0,10,0,0.0,2.0,6.0,1.0,A01
201800021891,1.0,10,0,0.0,2.0,2.0,21.0,B01
201800021892,2.0,7,0,0.0,0.0,0.0,14.0,A01
201800021893,1.0,7,0,0.0,2.0,3.0,13.0,A01
201800021893,2.0,7,0,0.0,2.0,3.0,1.0,B01
201800021894,1.0,7,0,0.0,2.0,1.0,1.0,B01
201800021894,0.0,1,0,0.0,2.0,7.0,19.0,A01
201800021895,0.0,10,0,0.0,0.0,9.0,1.0,A01
201800021896,2.0,2,0,7.0,0.0,0.0,1.0,A01
201800021897,2.0,7,0,2.0,0.0,2.0,1.0,A01
201800021898,1.0,33,0,3.0,0.0,7.0,1.0,A01
201800021899,2.0,7,0,13.0,0.0,7.0,1.0,A01
201800021900,2.0,7,0,13.0,0.0,1.0,0.0,A01
201800021901,1.0,7,0,0.0,2.0,7.0,13.0,A01
201800021901,2.0,7,0,0.0,2.0,2.0,1.0,B01
201800021902,1.0,33,0,0.0,0.0,0.0,1.0,A01
201800021903,0.0,7,0,0.0,2.0,3.0,9.0,A01
201800021903,1.0,7,0,0.0,2.0,2.0,1.0,B01
201800021904,2.0,7,0,2.0,0.0,1.0,1.0,A01
201800021905,1.0,7,0,0.0,0.0,9.0,1.0,A01
201800021906,1.0,32,0,0.0,2.0,1.0,0.0,A01
201800021906,1.0,7,0,0.0,2.0,3.0,1.0,B01
201800021907,2.0,7,0,0.0,2.0,3.0,1.0,B01
201800021907,1.0,7,0,0.0,2.0,3.0,1.0,A01
201800021908,0.0,7,0,15.0,0.0,2.0,9.0,A01
201800021909,1.0,7,0,0.0,1.0,1.0,9.0,A01
201800021910,2.0,7,0,0.0,1.0,3.0,1.0,A01
201800021911,1.0,33,0,3.0,0.0,1.0,1.0,A01
201800021912,1.0,15,0,0.0,9.0,5.0,16.0,A01
201800021912,1.0,1,0,0.0,2.0,8.0,23.0,B01
201800021913,0.0,7,0,2.0,0.0,3.0,1.0,A01
201800021914,0.0,7,0,0.0,1.0,2.0,1.0,A01
201800021915,2.0,7,0,0.0,2.0,3.0,13.0,A01
201800021915,1.0,7,0,0.0,2.0,3.0,1.0,B01
201800021916,1.0,7,0,0.0,2.0,1.0,13.0,A01
201800021916,2.0,7,0,0.0,2.0,1.0,1.0,B01
201800021917,2.0,7,0,0.0,2.0,8.0,1.0,A01
201800021917,1.0,14,0,0.0,2.0,8.0,1.0,B01
201800021917,1.0,14,0,0.0,2.0,8.0,1.0,C01
201800021918,1.0,7,0,6.0,0.0,2.0,1.0,A01
201800021919,1.0,33,0,3.0,2.0,0.0,17.0,A01
201800021919,2.0,7,0,0.0,2.0,1.0,1.0,B01
201800021920,1.0,7,0,0.0,2.0,3.0,13.0,A01
201800021920,2.0,7,0,0.0,2.0,1.0,1.0,B01
201800021920,2.0,7,0,0.0,2.0,1.0,1.0,C01
201800021921,2.0,7,0,0.0,2.0,1.0,13.0,A01
201800021921,1.0,7,0,0.0,2.0,1.0,1.0,B01
201800021922,1.0,7,0,0.0,2.0,3.0,13.0,A01
201800021922,2.0,10,0,0.0,2.0,1.0,21.0,B01
201800021923,0.0,31,0,2.0,0.0,1.0,0.0,A01
201800021924,2.0,7,0,0.0,2.0,3.0,13.0,A01
201800021924,1.0,7,0,0.0,2.0,3.0,1.0,B01
201800021925,2.0,7,0,0.0,2.0,2.0,15.0,A01
201800021925,1.0,31,0,0.0,2.0,1.0,1.0,B01
201800021926,2.0,7,0,0.0,1.0,2.0,1.0,A01
201800021927,1.0,7,0,0.0,1.0,2.0,1.0,A01
201800021928,2.0,7,0,16.0,0.0,9.0,1.0,A01
201800021929,1.0,17,0,0.0,2.0,6.0,1.0,A01
201800021929,2.0,10,0,0.0,2.0,3.0,1.0,B01
201800021929,2.0,7,0,0.0,9.0,1.0,1.0,C01
201800021930,0.0,7,0,0.0,2.0,2.0,1.0,B01
201800021930,0.0,7,0,0.0,2.0,3.0,9.0,A01
201800021931,0.0,7,0,0.0,2.0,1.0,13.0,A01
201800021931,0.0,7,0,0.0,2.0,3.0,1.0,B01
201800021932,2.0,7,0,0.0,1.0,3.0,1.0,A01
201800021933,1.0,33,0,0.0,2.0,2.0,21.0,A01
201800021933,0.0,7,0,0.0,2.0,1.0,15.0,B01
201800021934,1.0,7,0,0.0,2.0,8.0,16.0,A01
201800021934,1.0,33,0,0.0,2.0,7.0,2.0,B01
201800021935,1.0,7,0,10.0,0.0,1.0,1.0,A01
201800021936,1.0,7,0,0.0,1.0,2.0,16.0,A01
201800021937,1.0,7,0,13.0,0.0,9.0,1.0,A01
201800021938,1.0,1,0,0.0,0.0,1.0,1.0,A01
201800021939,0.0,7,0,2.0,0.0,1.0,1.0,A01
201800021940,2.0,1,0,0.0,2.0,3.0,15.0,B01
201800021940,1.0,7,0,0.0,2.0,3.0,1.0,A01
201800021941,2.0,7,0,6.0,0.0,1.0,1.0,A01
201800021942,2.0,7,0,0.0,2.0,2.0,14.0,A01
201800021942,1.0,99,0,0.0,0.0,2.0,5.0,B01
201800021943,1.0,7,0,7.0,0.0,4.0,15.0,A01
201800021943,1.0,7,0,13.0,2.0,1.0,17.0,B01
201800021944,2.0,7,0,0.0,2.0,1.0,17.0,A01
201800021944,2.0,1,0,0.0,0.0,8.0,15.0,B01
201800021945,1.0,15,0,0.0,2.0,1.0,1.0,B01
201800021945,1.0,7,0,0.0,0.0,4.0,9.0,A01
201800021946,2.0,7,0,1.0,0.0,1.0,1.0,A01
201800021946,1.0,7,0,0.0,0.0,1.0,24.0,B01
201800021947,1.0,7,0,2.0,0.0,1.0,1.0,A01
201800021948,1.0,7,0,15.0,0.0,1.0,1.0,A01
201800021949,0.0,7,0,0.0,1.0,1.0,1.0,A01
201800021950,2.0,7,0,0.0,0.0,4.0,1.0,A01
201800021950,2.0,7,0,0.0,2.0,1.0,1.0,B01
201800021951,2.0,31,0,0.0,2.0,1.0,17.0,B01
201800021951,2.0,7,0,0.0,2.0,8.0,15.0,A01
201800021952,2.0,2,0,0.0,2.0,1.0,1.0,B01
201800021952,1.0,7,0,0.0,2.0,7.0,15.0,A01
201800021953,2.0,7,0,2.0,0.0,1.0,1.0,A01
201800021954,2.0,7,0,0.0,2.0,1.0,15.0,A01
201800021954,2.0,7,0,0.0,0.0,1.0,1.0,B01
201800021955,1.0,10,0,6.0,0.0,3.0,1.0,A01
201800021956,1.0,10,0,0.0,2.0,3.0,5.0,A01
201800021956,2.0,7,0,0.0,2.0,3.0,1.0,B02
201800021957,1.0,7,0,0.0,2.0,3.0,1.0,A01
201800021957,2.0,7,0,0.0,2.0,3.0,1.0,B01
201800021958,2.0,7,0,0.0,2.0,2.0,1.0,A01
201800021958,1.0,7,0,0.0,2.0,1.0,1.0,B01
201800021959,2.0,7,0,0.0,2.0,3.0,1.0,B01
201800021959,1.0,7,0,0.0,2.0,2.0,1.0,A01
201800021960,1.0,7,0,0.0,2.0,2.0,1.0,A01
201800021960,0.0,7,0,0.0,2.0,3.0,9.0,B01
201800021961,0.0,7,0,0.0,2.0,1.0,0.0,B01
201800021961,0.0,1,0,0.0,2.0,1.0,0.0,A01
201800021962,1.0,33,0,0.0,2.0,7.0,1.0,A01
201800021962,0.0,10,0,0.0,2.0,1.0,9.0,B01
201800021963,2.0,2,0,11.0,0.0,1.0,5.0,A01
201800021963,2.0,33,0,0.0,0.0,0.0,1.0,B01
201800021963,2.0,33,0,0.0,0.0,0.0,1.0,C01
201800021964,0.0,31,0,0.0,2.0,1.0,5.0,A01
201800021964,0.0,7,0,0.0,2.0,1.0,1.0,B01
201800021965,1.0,7,0,0.0,0.0,8.0,1.0,A01
201800021966,0.0,2,0,0.0,0.0,1.0,1.0,A01
201800021967,1.0,7,0,6.0,2.0,2.0,13.0,A01
201800021967,2.0,7,0,0.0,2.0,2.0,1.0,B01
201800021968,0.0,7,0,0.0,2.0,1.0,2.0,A01
201800021968,0.0,7,0,0.0,0.0,4.0,1.0,B01
201800021969,0.0,7,0,0.0,2.0,8.0,15.0,A01
201800021969,0.0,2,0,0.0,2.0,8.0,17.0,B01
201800021970,2.0,7,0,0.0,2.0,1.0,1.0,B01
201800021970,1.0,7,0,0.0,2.0,1.0,5.0,A01
201800021971,1.0,2,0,0.0,0.0,0.0,1.0,A01
201800021972,2.0,33,0,0.0,0.0,1.0,1.0,A01
201800021973,0.0,1,0,0.0,2.0,4.0,1.0,A01
201800021973,2.0,7,0,0.0,2.0,3.0,1.0,B01
201800021974,2.0,10,0,6.0,0.0,3.0,1.0,A01
201800021975,2.0,33,0,0.0,2.0,1.0,1.0,B01
201800021975,1.0,7,0,0.0,2.0,8.0,15.0,A01
201800021976,2.0,33,0,0.0,2.0,1.0,17.0,A01
201800021976,2.0,7,0,0.0,0.0,8.0,15.0,B01
201800021977,1.0,21,0,0.0,0.0,4.0,1.0,B01
201800021977,1.0,7,0,0.0,2.0,1.0,1.0,A01
201800021978,2.0,7,0,0.0,2.0,1.0,5.0,B01
201800021978,1.0,7,0,0.0,2.0,1.0,5.0,A01
201800021979,1.0,7,0,0.0,2.0,1.0,2.0,B01
201800021979,1.0,7,0,0.0,2.0,7.0,9.0,A01
201800021979,0.0,7,0,0.0,2.0,3.0,1.0,C01
201800021980,0.0,7,0,0.0,2.0,3.0,19.0,A01
201800021980,2.0,2,0,0.0,0.0,7.0,1.0,B01
201800021981,1.0,7,0,0.0,2.0,1.0,13.0,A01
201800021981,2.0,7,0,0.0,2.0,9.0,1.0,C01
201800021981,2.0,7,0,0.0,2.0,9.0,1.0,B01
201800021982,1.0,7,0,0.0,1.0,2.0,0.0,A01
201800021983,1.0,15,0,0.0,2.0,2.0,1.0,B01
201800021983,2.0,7,0,0.0,2.0,1.0,13.0,A01
201800021984,0.0,2,0,0.0,2.0,1.0,1.0,B01
201800021984,0.0,7,0,0.0,2.0,3.0,9.0,A01
201800021985,1.0,33,0,0.0,2.0,1.0,1.0,A01
201800021985,2.0,7,0,0.0,2.0,3.0,1.0,D01
201800021985,2.0,7,0,0.0,2.0,3.0,1.0,B01
201800021985,2.0,7,0,0.0,2.0,1.0,1.0,C01
201800021986,0.0,7,0,0.0,2.0,1.0,9.0,A01
201800021986,0.0,7,0,0.0,2.0,6.0,9.0,B01
201800021987,1.0,7,0,0.0,1.0,2.0,1.0,A01
201800021988,0.0,7,0,0.0,2.0,1.0,1.0,A01
201800021988,0.0,7,0,0.0,2.0,4.0,1.0,B01
201800021989,1.0,31,0,0.0,1.0,1.0,1.0,A01
201800021990,0.0,7,0,0.0,1.0,1.0,1.0,A01
201800021991,0.0,7,0,0.0,1.0,1.0,1.0,A01
201800021992,1.0,7,0,0.0,2.0,1.0,10.0,A01
201800021992,1.0,33,0,0.0,2.0,1.0,1.0,B01
201800021993,0.0,7,0,0.0,1.0,1.0,1.0,A01
201800021994,1.0,32,0,0.0,2.0,1.0,11.0,A01
201800021994,1.0,7,0,0.0,2.0,5.0,1.0,B01
201800021995,1.0,7,0,0.0,1.0,1.0,1.0,A01
201800021996,1.0,7,0,0.0,2.0,1.0,9.0,A01
201800021996,1.0,7,0,0.0,2.0,8.0,1.0,B01
201800021997,1.0,7,0,0.0,2.0,0.0,15.0,A01
201800021997,2.0,1,0,0.0,2.0,1.0,1.0,B01
201800021998,1.0,7,0,0.0,1.0,1.0,15.0,A01
201800021999,2.0,7,0,0.0,2.0,1.0,1.0,B01
201800021999,2.0,7,0,0.0,2.0,1.0,10.0,A01
201800022000,0.0,7,0,0.0,1.0,1.0,1.0,A01
201800022001,1.0,7,0,0.0,1.0,1.0,1.0,A01
201800022002,2.0,7,0,0.0,2.0,1.0,1.0,B01
201800022002,0.0,7,0,0.0,2.0,3.0,9.0,A01
201800022003,1.0,7,0,0.0,0.0,0.0,15.0,A01
201800022003,2.0,1,0,0.0,0.0,0.0,18.0,B01
201800022004,0.0,34,0,0.0,1.0,0.0,1.0,A01
201800022005,2.0,13,0,0.0,2.0,1.0,9.0,A01
201800022005,1.0,31,0,0.0,2.0,7.0,1.0,B01
201800022006,0.0,7,0,0.0,2.0,1.0,1.0,A01
201800022006,0.0,7,0,0.0,2.0,4.0,0.0,B01
201800022007,1.0,7,0,0.0,2.0,2.0,1.0,A01
201800022007,1.0,7,0,0.0,2.0,3.0,1.0,B01
201800022008,0.0,7,0,0.0,2.0,1.0,1.0,B01
201800022008,0.0,7,0,0.0,2.0,1.0,1.0,A01
201800022009,1.0,34,0,0.0,2.0,1.0,2.0,A01
201800022009,1.0,7,0,0.0,2.0,4.0,23.0,B01
201800022010,0.0,2,0,0.0,2.0,1.0,1.0,B01
201800022010,0.0,7,0,0.0,2.0,2.0,15.0,A01
201800022011,1.0,7,0,7.0,0.0,2.0,1.0,A01
201800022012,1.0,7,0,1.0,0.0,1.0,14.0,B01
201800022012,1.0,7,0,0.0,0.0,0.0,9.0,A01
201800022013,1.0,7,0,1.0,2.0,1.0,17.0,A01
201800022013,1.0,7,0,0.0,2.0,2.0,1.0,B01
201800022014,1.0,7,0,0.0,2.0,3.0,1.0,B01
201800022015,0.0,1,0,0.0,2.0,1.0,1.0,A01
201800022015,0.0,7,0,0.0,2.0,1.0,1.0,B01
201800022016,0.0,7,0,0.0,1.0,1.0,1.0,A01
201800022017,1.0,33,0,0.0,2.0,1.0,2.0,A01
201800022017,1.0,7,0,0.0,2.0,4.0,2.0,B01
201800022018,1.0,7,0,0.0,2.0,2.0,0.0,A01
201800022018,1.0,7,0,0.0,2.0,6.0,1.0,B01
201800022019,1.0,7,0,0.0,2.0,3.0,9.0,A01
201800022019,1.0,1,0,0.0,2.0,8.0,1.0,B01
201800022020,0.0,7,0,0.0,1.0,1.0,1.0,A01
201800022021,1.0,3,0,0.0,2.0,1.0,1.0,A01
201800022021,1.0,7,0,0.0,2.0,1.0,1.0,B01
201800022022,1.0,7,0,0.0,2.0,1.0,2.0,A01
201800022022,1.0,7,0,0.0,2.0,4.0,1.0,B01
201800022023,1.0,7,0,0.0,2.0,7.0,19.0,B01
201800022023,1.0,2,0,0.0,2.0,1.0,19.0,A01
201800022024,1.0,7,0,0.0,1.0,1.0,1.0,A01
201800022025,1.0,7,0,8.0,0.0,1.0,13.0,A01
201800022026,1.0,7,0,6.0,0.0,1.0,0.0,A01
201800022027,1.0,7,0,0.0,2.0,0.0,2.0,A01
201800022027,1.0,30,0,0.0,2.0,4.0,1.0,B01
201800022028,1.0,31,0,0.0,2.0,8.0,1.0,B01
201800022028,1.0,7,0,0.0,2.0,1.0,1.0,A01
201800022029,1.0,7,0,1.0,0.0,2.0,1.0,A01
201800022030,1.0,37,5,0.0,2.0,7.0,1.0,B01
201800022030,1.0,7,0,0.0,2.0,1.0,15.0,A01
201800022031,0.0,7,0,0.0,1.0,1.0,1.0,A01
201800022032,0.0,7,0,0.0,2.0,1.0,1.0,A01
201800022032,0.0,1,0,0.0,2.0,4.0,2.0,B01
201800022033,0.0,7,0,0.0,2.0,3.0,0.0,A01
201800022033,0.0,7,0,0.0,2.0,3.0,0.0,B01
201800022034,1.0,7,0,0.0,2.0,5.0,1.0,A01
201800022034,1.0,33,0,0.0,2.0,1.0,1.0,B01
201800022035,1.0,7,0,4.0,0.0,1.0,1.0,A01
201800022036,0.0,2,0,0.0,2.0,7.0,2.0,A01
201800022036,0.0,7,0,0.0,2.0,4.0,1.0,B01
201800022037,1.0,30,0,0.0,2.0,1.0,7.0,A01
201800022037,1.0,7,0,0.0,2.0,3.0,15.0,B01
201800022038,2.0,33,0,0.0,2.0,7.0,15.0,B01
201800022038,0.0,7,0,0.0,2.0,1.0,9.0,A01
201800022039,1.0,7,0,0.0,2.0,1.0,1.0,B01
201800022039,1.0,7,0,0.0,2.0,1.0,1.0,A01
201800022040,1.0,7,0,0.0,4.0,2.0,19.0,A01
201800022040,1.0,40,10,0.0,2.0,1.0,1.0,B01
201800022041,1.0,7,0,0.0,1.0,4.0,4.0,A01
201800022042,0.0,21,0,4.0,6.0,0.0,0.0,A01
201800022043,0.0,7,0,8.0,0.0,1.0,1.0,A01
201800022044,0.0,10,0,0.0,2.0,6.0,1.0,B01
201800022044,0.0,1,0,0.0,2.0,6.0,1.0,A01
201800022045,0.0,7,0,0.0,2.0,8.0,9.0,A01
201800022045,0.0,7,0,0.0,2.0,1.0,9.0,B01
201800022046,1.0,34,0,0.0,2.0,3.0,18.0,A01
201800022046,1.0,7,0,0.0,2.0,2.0,16.0,B01
201800022047,0.0,7,0,0.0,1.0,0.0,1.0,A01
201800022048,1.0,30,0,0.0,1.0,1.0,1.0,A01
201800022049,0.0,7,0,0.0,2.0,8.0,15.0,A01
201800022049,0.0,31,0,0.0,2.0,1.0,1.0,B01
201800022050,0.0,7,0,0.0,2.0,3.0,9.0,A01
201800022050,0.0,33,0,0.0,2.0,4.0,1.0,B01
201800022051,1.0,7,0,0.0,2.0,2.0,1.0,A01
201800022051,1.0,7,0,0.0,0.0,0.0,0.0,B01
201800022052,1.0,10,0,0.0,6.0,7.0,19.0,A01
201800022052,1.0,1,0,0.0,2.0,1.0,19.0,B01
201800022053,1.0,7,0,0.0,1.0,1.0,1.0,Z01
201800022054,0.0,99,0,0.0,1.0,0.0,0.0,A01
201800022055,1.0,2,0,0.0,1.0,1.0,1.0,A01
201800022056,0.0,7,0,0.0,2.0,1.0,17.0,A01
201800022056,0.0,7,0,0.0,2.0,3.0,19.0,B01
201800022057,1.0,10,0,0.0,2.0,1.0,2.0,A01
201800022057,1.0,7,0,0.0,2.0,4.0,2.0,B01
201800022058,0.0,7,0,0.0,0.0,4.0,23.0,A01
201800022058,0.0,7,0,0.0,0.0,0.0,0.0,B01
201800022058,0.0,7,0,0.0,0.0,4.0,0.0,C01
201800022058,0.0,7,0,0.0,0.0,1.0,0.0,D01
201800022059,1.0,7,0,0.0,2.0,1.0,19.0,A01
201800022059,1.0,7,0,0.0,2.0,2.0,1.0,B01
201800022060,1.0,7,0,0.0,2.0,1.0,2.0,A01
201800022060,1.0,7,0,0.0,2.0,4.0,2.0,B01
201800022061,0.0,7,0,0.0,2.0,1.0,9.0,A01
201800022061,0.0,7,0,0.0,2.0,7.0,1.0,B01
201800022062,0.0,7,0,0.0,2.0,3.0,15.0,A01
201800022062,0.0,30,0,0.0,2.0,8.0,21.0,B01
201800022063,1.0,2,0,0.0,2.0,1.0,0.0,B01
201800022063,1.0,7,0,0.0,2.0,3.0,9.0,A01
201800022064,0.0,31,0,0.0,2.0,1.0,2.0,A01
201800022064,0.0,7,0,0.0,2.0,4.0,1.0,B01
201800022065,2.0,7,0,0.0,1.0,2.0,1.0,A01
201800022066,0.0,7,0,1.0,0.0,1.0,1.0,A01
201800022067,0.0,7,0,0.0,2.0,1.0,2.0,A01
201800022067,0.0,7,0,0.0,2.0,4.0,1.0,B01
201800022068,1.0,10,0,0.0,2.0,1.0,12.0,A01
201800022068,1.0,7,0,0.0,2.0,1.0,2.0,B01
201800022069,1.0,7,0,0.0,2.0,3.0,1.0,B01
201800022069,1.0,7,0,0.0,2.0,2.0,1.0,A01
201800022070,2.0,7,0,0.0,2.0,1.0,2.0,A01
201800022070,2.0,7,0,0.0,2.0,4.0,2.0,B01
201800022070,2.0,7,0,0.0,2.0,4.0,2.0,C01
201800022071,2.0,7,0,0.0,2.0,1.0,2.0,A01
201800022071,2.0,7,0,0.0,2.0,4.0,2.0,B01
201800022072,1.0,7,0,0.0,2.0,2.0,16.0,A01
201800022072,1.0,1,0,0.0,2.0,8.0,1.0,B01
201800022073,1.0,31,0,6.0,2.0,1.0,2.0,A01
201800022073,1.0,7,0,0.0,2.0,4.0,23.0,B01
201800022074,0.0,7,0,0.0,1.0,4.0,4.0,A01
201800022075,1.0,7,0,0.0,1.0,1.0,1.0,A01
201800022076,1.0,7,0,0.0,2.0,2.0,12.0,A01
201800022076,1.0,7,0,0.0,2.0,3.0,1.0,B01
201800022076,1.0,7,0,0.0,2.0,3.0,1.0,C01
201800022077,2.0,2,0,1.0,2.0,3.0,2.0,A01
201800022077,2.0,10,0,0.0,2.0,4.0,2.0,B01
201800022078,0.0,7,0,0.0,2.0,3.0,9.0,A01
201800022078,0.0,30,0,0.0,2.0,7.0,9.0,B01
201800022079,1.0,7,0,0.0,1.0,1.0,16.0,Z01
201800022080,0.0,7,0,0.0,2.0,1.0,2.0,A01
201800022080,0.0,7,0,0.0,2.0,4.0,1.0,B01
201800022081,1.0,7,0,0.0,2.0,1.0,2.0,A01
201800022081,1.0,7,0,0.0,2.0,4.0,2.0,B01
201800022082,0.0,7,0,0.0,1.0,1.0,1.0,A01
201800022083,1.0,7,0,0.0,2.0,1.0,17.0,A01
201800022083,2.0,7,0,0.0,2.0,1.0,1.0,B01
201800022084,1.0,7,0,0.0,2.0,3.0,19.0,B01
201800022084,1.0,30,0,0.0,2.0,1.0,19.0,A01
201800022085,2.0,7,0,0.0,2.0,1.0,13.0,A01
201800022085,1.0,7,0,0.0,2.0,1.0,1.0,B01
201800022086,1.0,7,0,0.0,1.0,1.0,1.0,A01
201800022087,1.0,30,0,0.0,0.0,0.0,0.0,A01
201800022088,0.0,7,0,0.0,2.0,1.0,2.0,A01
201800022088,0.0,7,0,0.0,2.0,4.0,1.0,C01
201800022088,0.0,7,0,0.0,2.0,1.0,1.0,B01
201800022089,0.0,30,0,0.0,2.0,3.0,1.0,B01
201800022089,0.0,7,0,0.0,2.0,7.0,2.0,A01
201800022090,1.0,7,0,0.0,1.0,8.0,1.0,A01
201800022091,2.0,7,0,0.0,2.0,1.0,2.0,A01
201800022091,2.0,7,0,0.0,2.0,2.0,2.0,B01
201800022092,0.0,7,0,0.0,2.0,1.0,9.0,A01
201800022092,0.0,30,0,0.0,2.0,2.0,9.0,B01
201800022093,0.0,7,0,0.0,4.0,1.0,15.0,A01
201800022093,0.0,40,70,0.0,2.0,1.0,0.0,B01
201800022094,1.0,7,0,0.0,2.0,1.0,2.0,A01
201800022094,1.0,7,0,0.0,2.0,4.0,1.0,B01
201800022095,1.0,7,0,0.0,2.0,1.0,2.0,A01
201800022095,1.0,7,0,0.0,2.0,4.0,2.0,B01
201800022096,1.0,34,0,0.0,2.0,2.0,17.0,A01
201800022096,1.0,7,0,0.0,2.0,8.0,15.0,B01
201800022097,1.0,7,0,0.0,2.0,1.0,9.0,A01
201800022097,0.0,7,0,0.0,2.0,7.0,1.0,B01
201800022098,0.0,7,0,0.0,2.0,1.0,9.0,B01
201800022098,1.0,2,0,0.0,2.0,1.0,15.0,A01
201800022099,1.0,7,0,6.0,0.0,8.0,1.0,A01
201800022100,1.0,7,0,1.0,2.0,1.0,1.0,A01
201800022100,1.0,7,0,0.0,2.0,0.0,0.0,B01
201800022101,0.0,7,0,0.0,2.0,2.0,17.0,A01
201800022101,0.0,2,0,0.0,0.0,0.0,0.0,B01
201800022101,0.0,7,0,0.0,2.0,8.0,0.0,C01
201800022102,0.0,7,0,0.0,2.0,3.0,1.0,A01
201800022102,0.0,7,0,0.0,0.0,1.0,0.0,B01
201800022103,0.0,7,0,0.0,2.0,1.0,2.0,A01
201800022103,1.0,7,0,0.0,2.0,4.0,1.0,B01
201800022103,1.0,7,0,0.0,2.0,4.0,16.0,C01
201800022104,0.0,7,0,0.0,2.0,5.0,6.0,A01
201800022104,0.0,7,0,0.0,2.0,1.0,6.0,B01
201800022105,1.0,1,0,0.0,2.0,0.0,0.0,B01
201800022105,1.0,10,0,0.0,2.0,3.0,0.0,A01
201800022106,1.0,10,0,0.0,2.0,2.0,15.0,A01
201800022106,2.0,1,0,0.0,2.0,1.0,1.0,B01
201800022107,1.0,7,0,0.0,1.0,2.0,1.0,A01
201800022108,1.0,7,0,0.0,1.0,1.0,1.0,A01
201800022109,1.0,7,0,0.0,2.0,1.0,13.0,A01
201800022109,2.0,7,0,0.0,2.0,1.0,1.0,B01
201800022110,1.0,7,0,0.0,2.0,3.0,9.0,A01
201800022110,1.0,31,0,0.0,2.0,1.0,1.0,B01
201800022111,0.0,7,0,0.0,1.0,4.0,0.0,A01
201800022112,1.0,7,0,0.0,2.0,1.0,15.0,A01
201800022112,1.0,30,0,0.0,2.0,7.0,1.0,B01
201800022113,0.0,30,0,0.0,1.0,3.0,1.0,A01
201800022114,1.0,10,0,0.0,2.0,1.0,9.0,A01
201800022114,1.0,1,0,0.0,2.0,7.0,1.0,B01
201800022115,0.0,7,0,0.0,2.0,3.0,20.0,A01
201800022115,0.0,1,0,0.0,2.0,1.0,1.0,B01
201800022116,1.0,7,0,0.0,2.0,2.0,15.0,A01
201800022116,1.0,7,0,8.0,2.0,3.0,1.0,B01
201800022117,1.0,7,0,1.0,0.0,2.0,0.0,A01
201800022117,1.0,7,0,1.0,2.0,3.0,0.0,B01
201800022118,0.0,10,0,0.0,2.0,3.0,2.0,A01
201800022118,1.0,7,0,0.0,2.0,4.0,1.0,B01
201800022119,0.0,7,0,0.0,1.0,1.0,1.0,A01
201800022120,1.0,7,0,0.0,2.0,7.0,15.0,A01
201800022120,1.0,7,0,0.0,2.0,1.0,1.0,B01
201800022121,0.0,7,0,0.0,2.0,1.0,13.0,A01
201800022121,0.0,33,0,0.0,2.0,1.0,1.0,B01
201800022122,0.0,40,1,0.0,1.0,3.0,1.0,A01
201800022123,1.0,7,0,0.0,1.0,1.0,16.0,A01
201800022124,1.0,7,0,0.0,2.0,1.0,9.0,A01
201800022124,1.0,1,0,0.0,2.0,5.0,1.0,B01
201800022125,1.0,33,0,0.0,0.0,2.0,1.0,A01
201800022126,1.0,7,0,0.0,2.0,1.0,1.0,A01
201800022126,2.0,7,0,0.0,2.0,4.0,4.0,B01
201800022127,0.0,7,0,1.0,0.0,0.0,0.0,A01
201800022128,1.0,7,0,0.0,1.0,1.0,0.0,Z01
201800022129,1.0,7,0,0.0,2.0,2.0,9.0,A01
201800022129,1.0,1,0,0.0,2.0,7.0,15.0,B01
201800022130,0.0,2,0,0.0,2.0,7.0,1.0,B01
201800022130,0.0,7,0,0.0,2.0,1.0,9.0,A01
201800022131,0.0,7,0,0.0,2.0,8.0,1.0,B01
201800022131,0.0,14,0,0.0,2.0,2.0,21.0,A01
201800022132,1.0,7,0,0.0,2.0,1.0,15.0,A01
201800022132,2.0,7,0,8.0,2.0,8.0,0.0,B01
201800022133,0.0,10,0,0.0,2.0,2.0,6.0,A01
201800022133,0.0,1,0,0.0,2.0,4.0,0.0,B01
201800022134,0.0,7,0,0.0,2.0,3.0,9.0,A01
201800022134,0.0,2,0,0.0,2.0,0.0,0.0,B01
201800022135,1.0,40,50,0.0,2.0,7.0,1.0,B01
201800022135,1.0,2,0,0.0,4.0,1.0,19.0,A01