Num_Acc,senc,catv,occutc,obs,obsm,choc,manv,num_veh
201800022136,1.0,7,0,0.0,2.0,1.0,2.0,A01
201800022136,1.0,10,0,0.0,2.0,1.0,2.0,B01
201800022136,1.0,7,0,0.0,2.0,4.0,1.0,C01
201800022137,1.0,7,0,0.0,2.0,1.0,1.0,A01
201800022137,1.0,7,0,0.0,2.0,4.0,1.0,B01
201800022138,0.0,7,0,0.0,2.0,1.0,1.0,A01
201800022138,0.0,33,0,0.0,2.0,7.0,1.0,B01
201800022139,0.0,7,0,0.0,1.0,7.0,1.0,A01
201800022140,0.0,7,0,0.0,2.0,1.0,1.0,A01
201800022140,0.0,7,0,0.0,2.0,4.0,1.0,B01
201800022140,0.0,7,0,0.0,2.0,1.0,1.0,C01
201800022141,2.0,7,0,0.0,2.0,1.0,1.0,A01
201800022141,2.0,7,0,0.0,2.0,3.0,1.0,B01
201800022141,2.0,7,0,0.0,2.0,1.0,1.0,C01
201800022142,1.0,30,0,0.0,2.0,1.0,1.0,A01
201800022142,1.0,7,0,0.0,2.0,3.0,1.0,B01
201800022143,1.0,7,0,1.0,0.0,1.0,1.0,A01
201800022144,1.0,7,0,0.0,1.0,1.0,14.0,A01
201800022145,0.0,7,0,0.0,2.0,8.0,9.0,A01
201800022145,0.0,1,0,0.0,2.0,7.0,1.0,B01
201800022146,1.0,7,0,0.0,2.0,8.0,1.0,B01
201800022146,1.0,7,0,0.0,2.0,1.0,19.0,A01
201800022147,1.0,31,0,0.0,0.0,1.0,1.0,A01
201800022147,0.0,31,0,0.0,0.0,1.0,1.0,B01
201800022147,1.0,7,0,0.0,0.0,0.0,0.0,Z01
201800022148,1.0,7,0,0.0,2.0,1.0,2.0,A01
201800022148,1.0,7,0,0.0,2.0,0.0,0.0,B01
201800022149,0.0,7,0,0.0,2.0,1.0,1.0,B01
201800022149,0.0,7,0,0.0,2.0,1.0,15.0,A01
201800022150,0.0,7,0,0.0,2.0,0.0,0.0,Z01
201800022150,0.0,30,0,0.0,0.0,0.0,0.0,A01
201800022151,1.0,7,0,0.0,2.0,1.0,1.0,A01
201800022151,1.0,10,0,0.0,2.0,4.0,1.0,C01
201800022151,1.0,7,0,0.0,2.0,4.0,1.0,B01
201800022152,1.0,7,0,0.0,2.0,1.0,1.0,A01
201800022152,2.0,7,0,0.0,2.0,4.0,23.0,B01
201800022153,0.0,7,0,0.0,2.0,3.0,5.0,A01
201800022153,0.0,7,0,0.0,2.0,8.0,1.0,B01
201800022154,0.0,3,0,1.0,0.0,1.0,1.0,A01
201800022154,0.0,7,0,0.0,0.0,4.0,0.0,B01
201800022155,1.0,7,0,0.0,1.0,1.0,1.0,A01
201800022156,0.0,30,0,0.0,2.0,1.0,0.0,A01
201800022156,0.0,7,0,0.0,2.0,0.0,0.0,B01
201800022157,1.0,7,0,1.0,0.0,1.0,1.0,A01
201800022158,1.0,7,0,0.0,1.0,1.0,1.0,A01
201800022159,1.0,30,0,0.0,2.0,1.0,9.0,A01
201800022159,1.0,1,0,0.0,2.0,0.0,0.0,B01
201800022160,1.0,7,0,0.0,1.0,1.0,2.0,A01
201800022161,1.0,7,0,0.0,1.0,1.0,1.0,A01
201800022162,0.0,7,0,0.0,1.0,1.0,1.0,A01
201800022163,0.0,33,0,0.0,1.0,1.0,1.0,A01
201800022164,1.0,7,0,6.0,0.0,1.0,1.0,A01
201800022165,0.0,7,0,0.0,1.0,1.0,1.0,A01
201800022166,0.0,7,0,0.0,1.0,1.0,1.0,A01
201800022167,0.0,2,0,0.0,2.0,8.0,1.0,B01
201800022167,0.0,7,0,0.0,2.0,3.0,15.0,A01
201800022168,1.0,30,0,0.0,2.0,1.0,1.0,B01
201800022168,1.0,7,0,0.0,2.0,8.0,15.0,A01
201800022169,1.0,7,0,0.0,2.0,2.0,2.0,A01
201800022169,1.0,7,0,0.0,2.0,8.0,2.0,B01
201800022170,0.0,7,0,0.0,2.0,1.0,15.0,B01
201800022170,0.0,7,0,0.0,2.0,4.0,24.0,D01
201800022170,0.0,7,0,0.0,2.0,3.0,1.0,A01
201800022171,0.0,10,0,0.0,2.0,3.0,1.0,A01
201800022171,0.0,7,0,0.0,0.0,0.0,0.0,B01
201800022172,1.0,7,0,0.0,2.0,1.0,9.0,A01
201800022172,1.0,1,0,0.0,2.0,1.0,9.0,B01
201800022173,1.0,7,0,0.0,2.0,8.0,10.0,A01
201800022173,1.0,32,0,0.0,2.0,1.0,2.0,B01
201800022174,1.0,7,0,13.0,0.0,1.0,14.0,A01
201800022175,1.0,7,0,13.0,0.0,1.0,14.0,A01
201800022176,1.0,7,0,4.0,0.0,1.0,13.0,A01
201800022177,1.0,7,0,0.0,2.0,3.0,13.0,A01
201800022177,2.0,14,0,0.0,2.0,3.0,21.0,B01
201800022178,1.0,10,0,0.0,2.0,3.0,13.0,A01
201800022178,2.0,15,0,3.0,2.0,3.0,21.0,B01
201800022179,1.0,7,0,4.0,0.0,8.0,14.0,A01
201800022180,1.0,7,0,0.0,2.0,1.0,15.0,A01
201800022180,2.0,30,0,0.0,2.0,1.0,1.0,B01
201800022181,1.0,7,0,3.0,0.0,1.0,13.0,A01
201800022182,1.0,30,0,0.0,2.0,4.0,2.0,A01
201800022183,1.0,2,0,0.0,0.0,7.0,1.0,A01
201800022184,1.0,7,0,0.0,2.0,3.0,0.0,A01
201800022184,2.0,7,0,0.0,2.0,3.0,0.0,B01
201800022185,2.0,7,0,16.0,0.0,2.0,14.0,A01
201800022186,2.0,30,0,0.0,0.0,7.0,1.0,A01
201800022187,1.0,7,0,0.0,1.0,7.0,1.0,A01
201800022188,1.0,7,0,8.0,0.0,2.0,14.0,A01
201800022189,1.0,2,0,0.0,2.0,3.0,13.0,A01
201800022189,2.0,7,0,0.0,2.0,6.0,0.0,B01
201800022190,2.0,7,0,0.0,2.0,2.0,1.0,B01
201800022190,2.0,7,0,0.0,2.0,8.0,19.0,A01
201800022191,1.0,7,0,0.0,2.0,1.0,1.0,A01
201800022191,1.0,7,0,0.0,2.0,4.0,23.0,B01
201800022192,1.0,7,0,15.0,0.0,2.0,1.0,A01
201800022193,1.0,7,0,0.0,1.0,2.0,1.0,A01
201800022194,1.0,10,0,6.0,0.0,0.0,13.0,A01
201800022195,1.0,7,0,0.0,0.0,1.0,14.0,A01
201800022196,2.0,7,0,0.0,2.0,1.0,1.0,A01
201800022196,2.0,37,1,0.0,2.0,4.0,23.0,B01
201800022197,1.0,30,0,0.0,0.0,0.0,1.0,A01
201800022198,1.0,10,0,0.0,2.0,1.0,1.0,A01
201800022198,2.0,7,0,0.0,2.0,4.0,1.0,B01
201800022199,1.0,32,0,0.0,2.0,1.0,17.0,A01
201800022199,1.0,7,0,0.0,2.0,3.0,15.0,B01
201800022200,0.0,7,0,15.0,0.0,1.0,9.0,A01
201800022200,0.0,2,0,0.0,2.0,7.0,1.0,B01
201800022201,1.0,7,0,3.0,0.0,8.0,11.0,A01
201800022202,1.0,7,0,16.0,0.0,9.0,0.0,A01
201800022203,2.0,7,0,0.0,2.0,2.0,15.0,A01
201800022203,1.0,34,0,0.0,2.0,1.0,1.0,B01
201800022204,2.0,7,0,3.0,0.0,2.0,14.0,A01
201800022205,1.0,10,0,0.0,2.0,3.0,9.0,A01
201800022205,1.0,2,0,0.0,2.0,2.0,1.0,B01
201800022206,1.0,7,0,0.0,2.0,1.0,2.0,A01
201800022206,1.0,7,0,0.0,2.0,4.0,2.0,B01
201800022206,1.0,7,0,0.0,2.0,4.0,1.0,C01
201800022207,0.0,7,0,0.0,2.0,1.0,5.0,A01
201800022207,0.0,1,0,0.0,2.0,0.0,0.0,B01
201800022208,0.0,10,0,0.0,2.0,1.0,16.0,A01
201800022208,0.0,1,0,0.0,2.0,1.0,1.0,B01
201800022209,2.0,32,0,8.0,0.0,1.0,14.0,A01
201800022210,2.0,1,0,0.0,2.0,7.0,1.0,B01
201800022210,2.0,7,0,0.0,6.0,3.0,9.0,A01
201800022211,2.0,7,0,0.0,2.0,1.0,1.0,A01
201800022211,2.0,7,0,0.0,0.0,4.0,1.0,B01
201800022212,2.0,30,0,0.0,0.0,7.0,2.0,A01
201800022213,2.0,7,0,8.0,0.0,1.0,1.0,A01
201800022214,1.0,10,0,0.0,2.0,3.0,1.0,A01
201800022214,2.0,10,0,1.0,0.0,3.0,13.0,B01
201800022214,0.0,13,0,1.0,0.0,2.0,0.0,C01
201800022215,1.0,7,0,0.0,2.0,7.0,1.0,B01
201800022215,0.0,7,0,0.0,2.0,3.0,16.0,A01
201800022216,0.0,10,0,0.0,2.0,4.0,20.0,A01
201800022216,2.0,2,0,0.0,2.0,7.0,1.0,B01
201800022217,2.0,2,0,0.0,0.0,3.0,1.0,A01
201800022218,1.0,7,0,0.0,2.0,2.0,17.0,A01
201800022218,1.0,7,0,0.0,2.0,6.0,1.0,B01
201800022219,1.0,1,0,0.0,0.0,3.0,1.0,A01
201800022220,1.0,30,0,0.0,0.0,3.0,1.0,A01
201800022221,1.0,7,0,13.0,0.0,1.0,14.0,A01
201800022222,2.0,14,0,1.0,1.0,0.0,23.0,A01
201800022222,2.0,1,0,0.0,1.0,1.0,17.0,B01
201800022223,2.0,10,0,0.0,1.0,2.0,1.0,A01
201800022224,1.0,7,0,0.0,2.0,1.0,7.0,A01
201800022224,1.0,7,0,0.0,2.0,6.0,2.0,B01
201800022225,2.0,7,0,0.0,2.0,1.0,1.0,A01
201800022225,0.0,99,0,0.0,2.0,0.0,0.0,R01
201800022226,1.0,7,0,0.0,0.0,2.0,17.0,A01
201800022227,1.0,7,0,13.0,0.0,8.0,1.0,A01
201800022228,1.0,7,0,16.0,0.0,7.0,14.0,A01
201800022229,0.0,7,0,0.0,1.0,1.0,0.0,A01
201800022230,1.0,7,0,0.0,1.0,8.0,0.0,A01
201800022231,1.0,7,0,15.0,0.0,1.0,20.0,A01
201800022232,0.0,7,0,0.0,2.0,1.0,2.0,A01
201800022232,0.0,7,0,0.0,0.0,4.0,2.0,B01
201800022233,0.0,7,0,0.0,2.0,2.0,0.0,A01
201800022233,0.0,7,0,0.0,2.0,3.0,1.0,B01
201800022234,2.0,7,0,0.0,2.0,2.0,21.0,B01
201800022234,0.0,7,0,0.0,2.0,2.0,15.0,A01
201800022235,1.0,33,0,0.0,2.0,7.0,2.0,A01
201800022235,1.0,7,0,0.0,2.0,6.0,1.0,B01
201800022236,1.0,7,0,0.0,6.0,1.0,0.0,A01
201800022236,1.0,7,0,2.0,0.0,0.0,0.0,B01
201800022237,2.0,17,0,0.0,0.0,4.0,1.0,B01
201800022237,2.0,7,0,0.0,2.0,1.0,2.0,A01
201800022238,1.0,7,0,4.0,0.0,2.0,1.0,A01
201800022239,1.0,7,0,0.0,0.0,4.0,2.0,C01
201800022239,1.0,7,0,0.0,2.0,1.0,1.0,A01
201800022239,1.0,7,0,0.0,2.0,4.0,2.0,B01
201800022240,2.0,7,0,0.0,0.0,0.0,2.0,A01
201800022241,2.0,10,0,0.0,0.0,4.0,2.0,B01
201800022241,2.0,10,0,0.0,2.0,1.0,2.0,A01
201800022242,2.0,7,0,4.0,0.0,2.0,1.0,A01
201800022243,2.0,33,0,0.0,0.0,4.0,2.0,B01
201800022243,2.0,7,0,0.0,2.0,1.0,2.0,A01
201800022244,1.0,33,0,12.0,0.0,1.0,16.0,A01
201800022245,2.0,7,0,0.0,2.0,1.0,2.0,A01
201800022245,2.0,17,0,0.0,0.0,4.0,2.0,B01
201800022246,2.0,33,0,0.0,0.0,1.0,17.0,A01
201800022246,2.0,17,0,0.0,0.0,6.0,2.0,B01
201800022247,2.0,10,0,15.0,0.0,7.0,1.0,A01
201800022248,0.0,1,0,0.0,2.0,1.0,19.0,A01
201800022248,0.0,7,0,0.0,2.0,7.0,1.0,B01
201800022249,2.0,7,0,1.0,0.0,2.0,1.0,A01
201800022250,1.0,33,0,0.0,0.0,7.0,1.0,A01
201800022251,1.0,7,0,1.0,0.0,1.0,1.0,A01
201800022252,1.0,7,0,0.0,2.0,3.0,1.0,A01
201800022252,2.0,7,0,0.0,2.0,3.0,1.0,B01
201800022253,2.0,7,0,0.0,2.0,3.0,1.0,A01
201800022253,1.0,7,0,0.0,2.0,3.0,1.0,B01
201800022254,1.0,7,0,0.0,1.0,3.0,1.0,A01
201800022255,0.0,2,0,0.0,0.0,0.0,1.0,A01
201800022256,2.0,33,0,0.0,2.0,1.0,1.0,B01
201800022256,1.0,7,0,0.0,2.0,2.0,15.0,A01
201800022257,1.0,7,0,0.0,2.0,8.0,13.0,A01
201800022257,1.0,17,0,0.0,2.0,3.0,1.0,C01
201800022257,2.0,17,0,0.0,2.0,1.0,1.0,B01
201800022258,2.0,17,0,3.0,2.0,1.0,11.0,A01
201800022258,1.0,10,0,0.0,2.0,3.0,1.0,B01
201800022258,1.0,7,0,0.0,2.0,3.0,21.0,C01
201800022258,1.0,7,0,0.0,2.0,1.0,21.0,D01
201800022259,1.0,15,0,3.0,0.0,8.0,2.0,A01
201800022260,2.0,7,0,3.0,0.0,9.0,1.0,A01
201800022261,2.0,10,0,13.0,0.0,0.0,1.0,A01
201800022262,2.0,10,0,0.0,2.0,2.0,1.0,B01
201800022262,2.0,17,0,0.0,0.0,6.0,1.0,A01
201800022263,1.0,14,0,13.0,0.0,9.0,1.0,A01
201800022264,1.0,7,0,13.0,0.0,1.0,0.0,A01
201800022265,1.0,31,0,0.0,2.0,7.0,17.0,A01
201800022265,1.0,37,2,0.0,2.0,8.0,15.0,B01
201800022266,1.0,7,0,2.0,0.0,1.0,1.0,A01
201800022266,2.0,7,0,0.0,9.0,6.0,2.0,B01
201800022267,2.0,7,0,0.0,2.0,8.0,19.0,A01
201800022267,1.0,33,0,0.0,2.0,1.0,21.0,B01
201800022268,1.0,7,0,0.0,2.0,1.0,15.0,A01
201800022268,2.0,7,0,0.0,2.0,1.0,1.0,B01
201800022269,1.0,7,0,0.0,1.0,8.0,15.0,A01
201800022270,1.0,1,0,0.0,2.0,8.0,2.0,A01
201800022270,1.0,99,0,,,,,B02
201800022271,0.0,34,0,0.0,1.0,1.0,9.0,A01
201800022272,1.0,7,0,0.0,2.0,1.0,2.0,A01
201800022272,1.0,7,0,0.0,2.0,1.0,2.0,B01
201800022272,1.0,7,0,0.0,2.0,4.0,2.0,C01
201800022273,2.0,7,0,8.0,0.0,3.0,13.0,A01
201800022274,1.0,7,0,0.0,1.0,3.0,1.0,A01
201800022275,1.0,7,0,13.0,0.0,1.0,14.0,A01
201800022276,1.0,7,0,0.0,2.0,4.0,1.0,A01
201800022276,2.0,7,0,0.0,2.0,1.0,2.0,B01
201800022277,1.0,7,0,0.0,2.0,4.0,1.0,A01
201800022277,1.0,7,0,0.0,2.0,1.0,1.0,B01
201800022278,2.0,7,0,0.0,1.0,1.0,1.0,A01
201800022279,1.0,7,0,0.0,0.0,1.0,14.0,A01
201800022280,0.0,7,0,0.0,2.0,1.0,21.0,A01
201800022280,0.0,7,0,0.0,2.0,4.0,21.0,B01
201800022281,1.0,2,0,0.0,0.0,0.0,1.0,A01
201800022282,2.0,7,0,0.0,2.0,1.0,2.0,A01
201800022282,2.0,7,0,0.0,2.0,4.0,23.0,B01
201800022283,1.0,31,0,0.0,1.0,7.0,1.0,A01
201800022284,1.0,7,0,16.0,2.0,1.0,13.0,A01
201800022284,1.0,7,0,0.0,2.0,8.0,1.0,B01
201800022285,1.0,2,0,0.0,0.0,0.0,1.0,A01
201800022286,2.0,7,0,0.0,2.0,3.0,19.0,A01
201800022286,1.0,2,0,0.0,2.0,8.0,1.0,B01
201800022287,2.0,31,0,0.0,2.0,1.0,1.0,A01
201800022287,1.0,10,0,0.0,2.0,8.0,15.0,B01
201800022288,1.0,7,0,8.0,0.0,9.0,14.0,A01
201800022289,1.0,7,0,0.0,2.0,4.0,16.0,A01
201800022289,1.0,7,0,0.0,2.0,1.0,16.0,B01
201800022290,1.0,7,0,0.0,2.0,1.0,9.0,A01
201800022290,1.0,7,0,8.0,0.0,7.0,21.0,B01
201800022291,2.0,7,0,13.0,0.0,1.0,14.0,A01
201800022292,2.0,30,0,0.0,0.0,0.0,2.0,A01
201800022293,1.0,7,0,0.0,2.0,3.0,1.0,A01
201800022293,1.0,7,0,0.0,2.0,1.0,9.0,B01
201800022294,0.0,7,0,0.0,2.0,3.0,1.0,A01
201800022294,0.0,2,0,0.0,2.0,1.0,13.0,B01
201800022295,1.0,7,0,0.0,2.0,3.0,9.0,A01
201800022295,1.0,31,0,0.0,2.0,7.0,0.0,B01
201800022296,1.0,7,0,0.0,1.0,1.0,1.0,A01
201800022297,1.0,7,0,13.0,9.0,1.0,14.0,A01
201800022298,2.0,7,0,0.0,2.0,1.0,9.0,A01
201800022298,1.0,7,0,0.0,2.0,7.0,2.0,B01
201800022299,1.0,7,0,13.0,0.0,1.0,13.0,A01
201800022300,1.0,30,0,15.0,0.0,7.0,2.0,A01
201800022301,1.0,31,0,0.0,0.0,0.0,16.0,A01
201800022302,1.0,7,0,0.0,0.0,3.0,23.0,A01
201800022303,2.0,7,0,2.0,0.0,2.0,14.0,A01
201800022304,0.0,2,0,0.0,0.0,0.0,16.0,A01
201800022305,1.0,7,0,0.0,2.0,4.0,2.0,A01
201800022305,1.0,10,0,0.0,2.0,1.0,2.0,B01
201800022306,1.0,7,0,0.0,1.0,4.0,20.0,A01
201800022307,1.0,7,0,0.0,2.0,4.0,2.0,A01
201800022307,1.0,30,0,0.0,2.0,1.0,2.0,B01
201800022308,1.0,7,0,0.0,2.0,1.0,2.0,B01
201800022308,1.0,7,0,0.0,2.0,4.0,1.0,A01
201800022308,1.0,7,0,0.0,2.0,4.0,20.0,C01
201800022309,1.0,7,0,0.0,2.0,3.0,11.0,A01
201800022309,1.0,33,0,0.0,2.0,7.0,17.0,B01
201800022310,1.0,7,0,0.0,2.0,8.0,9.0,A01
201800022310,1.0,7,0,0.0,2.0,1.0,1.0,B01
201800022311,1.0,7,0,0.0,2.0,1.0,2.0,A01
201800022311,1.0,7,0,0.0,2.0,4.0,23.0,B01
201800022312,1.0,2,0,0.0,0.0,8.0,0.0,A01
201800022313,1.0,7,0,5.0,0.0,2.0,14.0,A01
201800022314,1.0,7,0,0.0,2.0,0.0,0.0,A01
201800022314,1.0,7,0,0.0,6.0,3.0,0.0,B01
201800022315,0.0,1,0,0.0,2.0,0.0,0.0,B01
201800022316,2.0,7,0,0.0,2.0,1.0,2.0,A01
201800022316,2.0,7,0,0.0,2.0,4.0,23.0,B01
201800022317,1.0,7,0,0.0,2.0,1.0,1.0,A01
201800022317,1.0,10,0,0.0,2.0,4.0,1.0,B01
201800022318,1.0,7,0,0.0,1.0,2.0,15.0,A01
201800022319,1.0,1,0,0.0,2.0,1.0,1.0,A01
201800022319,1.0,10,0,0.0,2.0,5.0,1.0,B01
201800022320,1.0,7,0,0.0,2.0,6.0,13.0,A01
201800022320,1.0,7,0,3.0,2.0,2.0,17.0,B01
201800022321,0.0,2,0,0.0,0.0,0.0,9.0,A01
201800022322,1.0,7,0,0.0,2.0,1.0,2.0,A01
201800022322,1.0,7,0,0.0,2.0,3.0,9.0,B01
201800022323,1.0,7,0,0.0,1.0,1.0,1.0,A01
201800022324,1.0,7,0,0.0,2.0,1.0,1.0,A01
201800022324,1.0,1,0,0.0,2.0,8.0,19.0,B01
201800022325,0.0,7,0,0.0,2.0,8.0,15.0,A01
201800022325,0.0,2,0,0.0,2.0,7.0,17.0,B01
201800022326,2.0,31,0,3.0,0.0,1.0,1.0,A01
201800022327,1.0,7,0,0.0,2.0,3.0,15.0,A01
201800022327,1.0,33,0,0.0,2.0,7.0,1.0,B01
201800022328,1.0,13,0,13.0,0.0,7.0,14.0,A01
201800022329,1.0,7,0,0.0,2.0,0.0,13.0,A01
201800022329,2.0,7,0,0.0,2.0,0.0,0.0,B01
201800022330,1.0,7,0,3.0,0.0,1.0,16.0,A01
201800022331,2.0,1,0,0.0,2.0,1.0,1.0,B01
201800022331,1.0,7,0,0.0,6.0,3.0,9.0,A01
201800022332,0.0,30,0,0.0,2.0,1.0,2.0,A01
201800022332,0.0,7,0,0.0,2.0,0.0,0.0,B01
201800022333,1.0,7,0,0.0,2.0,8.0,22.0,A01
201800022333,1.0,1,0,1.0,0.0,8.0,0.0,B01
201800022334,1.0,10,0,0.0,2.0,1.0,2.0,A01
201800022334,1.0,10,0,0.0,2.0,4.0,2.0,B01
201800022334,1.0,10,0,0.0,2.0,4.0,2.0,C01
201800022335,0.0,7,0,13.0,0.0,2.0,14.0,A01
201800022336,1.0,10,0,0.0,2.0,2.0,1.0,A01
201800022336,2.0,33,0,0.0,2.0,1.0,1.0,B01
201800022337,2.0,7,0,0.0,1.0,1.0,0.0,A01
201800022338,1.0,7,0,0.0,2.0,3.0,15.0,A01
201800022338,1.0,31,0,0.0,2.0,1.0,1.0,B01
201800022339,2.0,10,0,4.0,0.0,2.0,1.0,A01
201800022340,0.0,30,0,0.0,2.0,1.0,2.0,A01
201800022340,0.0,7,0,0.0,2.0,6.0,2.0,B01
201800022341,0.0,7,0,6.0,0.0,8.0,0.0,A01
201800022342,2.0,17,0,0.0,2.0,2.0,9.0,A01
201800022342,2.0,7,0,0.0,2.0,8.0,2.0,B01
201800022343,2.0,7,0,5.0,0.0,1.0,1.0,A01
201800022344,1.0,31,0,0.0,0.0,0.0,1.0,A01
201800022345,2.0,7,0,0.0,1.0,1.0,1.0,A01
201800022346,0.0,7,0,0.0,2.0,1.0,19.0,A01
201800022346,0.0,10,0,0.0,2.0,7.0,1.0,B01
201800022347,2.0,7,0,4.0,0.0,2.0,1.0,A01
201800022348,1.0,7,0,0.0,2.0,2.0,16.0,A01
201800022348,1.0,31,0,0.0,2.0,1.0,15.0,B01
201800022349,0.0,7,0,0.0,2.0,6.0,24.0,B01
201800022349,1.0,7,0,1.0,0.0,2.0,14.0,A01
201800022350,0.0,7,0,0.0,2.0,1.0,19.0,A01
201800022350,0.0,7,0,0.0,2.0,3.0,19.0,B01
201800022351,1.0,7,0,9.0,0.0,1.0,14.0,A01
201800022352,2.0,33,0,11.0,0.0,2.0,21.0,A01
201800022353,1.0,38,1,1.0,1.0,6.0,4.0,A01
201800022354,1.0,2,0,0.0,2.0,8.0,15.0,A01
201800022354,1.0,7,0,0.0,2.0,2.0,16.0,B01
201800022355,0.0,7,0,0.0,2.0,4.0,23.0,A01
201800022355,0.0,7,0,0.0,2.0,4.0,23.0,B01
201800022355,0.0,7,0,0.0,2.0,1.0,2.0,C01
201800022356,1.0,33,0,0.0,2.0,1.0,18.0,A01
201800022356,1.0,7,0,0.0,2.0,4.0,16.0,B01
201800022357,0.0,7,0,0.0,2.0,3.0,15.0,A01
201800022357,0.0,33,0,0.0,2.0,1.0,0.0,B01
201800022358,2.0,1,0,0.0,2.0,3.0,5.0,A01
201800022358,1.0,7,0,0.0,2.0,2.0,12.0,B01
201800022359,1.0,7,0,15.0,0.0,2.0,19.0,A01
201800022360,1.0,7,0,11.0,0.0,2.0,1.0,A01
201800022361,1.0,7,0,0.0,0.0,4.0,15.0,A01
201800022361,1.0,7,0,0.0,2.0,1.0,0.0,B01
201800022362,1.0,1,0,0.0,2.0,1.0,2.0,A01
201800022362,1.0,10,0,0.0,2.0,4.0,2.0,B01
201800022363,1.0,30,0,0.0,0.0,1.0,1.0,A01
201800022364,0.0,7,0,0.0,1.0,1.0,15.0,A01
201800022365,1.0,7,0,2.0,0.0,8.0,14.0,A01
201800022366,1.0,10,0,4.0,0.0,3.0,13.0,A01
201800022367,2.0,34,0,0.0,2.0,2.0,2.0,A01
201800022367,2.0,7,0,0.0,2.0,6.0,1.0,B01
201800022368,2.0,7,0,13.0,0.0,0.0,0.0,A01
201800022369,2.0,30,0,0.0,0.0,1.0,0.0,A01
201800022370,1.0,7,0,0.0,2.0,1.0,0.0,A01
201800022370,1.0,7,0,0.0,0.0,4.0,1.0,B01
201800022371,1.0,7,0,0.0,1.0,2.0,1.0,A01
201800022372,1.0,33,0,0.0,0.0,8.0,16.0,A01
201800022373,0.0,7,0,0.0,2.0,8.0,10.0,A01
201800022373,1.0,7,0,0.0,2.0,2.0,1.0,B01
201800022374,1.0,7,0,13.0,0.0,1.0,13.0,A01
201800022375,1.0,7,0,13.0,0.0,1.0,14.0,A01
201800022376,1.0,7,0,4.0,0.0,1.0,0.0,A01
201800022377,0.0,30,0,16.0,0.0,3.0,15.0,A01
201800022378,1.0,2,0,0.0,2.0,2.0,0.0,A01
201800022378,1.0,7,0,0.0,0.0,4.0,1.0,B01
201800022379,0.0,7,0,6.0,0.0,1.0,1.0,A01
201800022380,1.0,7,0,0.0,1.0,2.0,1.0,A01
201800022381,1.0,7,0,0.0,2.0,2.0,9.0,A01
201800022381,1.0,2,0,0.0,2.0,3.0,1.0,B01
201800022382,1.0,7,0,2.0,0.0,2.0,14.0,A01
201800022383,1.0,7,0,0.0,2.0,7.0,12.0,A01
201800022383,1.0,7,0,0.0,2.0,6.0,1.0,B01
201800022384,1.0,7,0,13.0,0.0,2.0,14.0,A01
201800022385,0.0,7,0,0.0,1.0,2.0,15.0,A01
201800022386,2.0,7,0,0.0,0.0,0.0,0.0,A01
201800022386,2.0,31,0,0.0,2.0,1.0,1.0,B01
201800022387,2.0,7,0,0.0,1.0,3.0,0.0,A01
201800022388,2.0,7,0,13.0,0.0,2.0,1.0,A01
201800022389,2.0,3,0,0.0,0.0,0.0,1.0,A01
201800022390,2.0,7,0,1.0,0.0,2.0,0.0,A01
201800022390,0.0,7,0,1.0,0.0,8.0,0.0,B01
201800022390,0.0,7,0,1.0,0.0,8.0,0.0,C01
201800022391,0.0,15,0,12.0,0.0,7.0,0.0,A01
201800022392,1.0,7,0,13.0,0.0,0.0,1.0,A01
201800022393,1.0,31,0,12.0,0.0,8.0,16.0,A01
201800022394,1.0,7,0,0.0,1.0,3.0,16.0,A01
201800022395,2.0,7,0,0.0,2.0,3.0,15.0,A01
201800022395,1.0,2,0,0.0,2.0,1.0,1.0,B01
201800022396,0.0,7,0,0.0,1.0,1.0,16.0,A01
201800022397,2.0,30,0,0.0,2.0,4.0,1.0,A01
201800022397,2.0,7,0,0.0,6.0,4.0,20.0,B01
201800022398,2.0,7,0,6.0,0.0,5.0,20.0,A01
201800022399,1.0,13,0,0.0,2.0,2.0,13.0,A01
201800022399,1.0,37,1,0.0,2.0,6.0,1.0,B01
201800022400,1.0,7,0,0.0,2.0,5.0,1.0,A01
201800022400,1.0,7,0,0.0,2.0,6.0,21.0,B01
201800022401,1.0,7,0,1.0,0.0,2.0,0.0,A01
201800022402,1.0,7,0,13.0,0.0,1.0,14.0,A01
201800022403,1.0,7,0,0.0,0.0,4.0,0.0,A01
201800022404,1.0,7,0,0.0,2.0,8.0,1.0,B01
201800022404,1.0,1,0,0.0,2.0,1.0,19.0,A01
201800022405,1.0,7,0,8.0,0.0,1.0,14.0,A01
201800022406,0.0,7,0,8.0,0.0,3.0,15.0,A01
201800022407,1.0,7,0,0.0,1.0,1.0,1.0,A01
201800022408,0.0,7,0,0.0,1.0,1.0,0.0,A01
201800022409,2.0,7,0,0.0,2.0,3.0,15.0,A01
201800022409,2.0,2,0,0.0,2.0,1.0,1.0,B01
201800022410,1.0,7,0,0.0,2.0,4.0,1.0,A01
201800022410,1.0,7,0,0.0,2.0,1.0,2.0,B01
201800022411,2.0,7,0,0.0,2.0,0.0,13.0,A01
201800022411,1.0,7,0,0.0,2.0,1.0,1.0,B01
201800022411,1.0,15,0,0.0,2.0,8.0,1.0,C01
201800022411,1.0,7,0,0.0,2.0,3.0,21.0,D01
201800022411,1.0,10,0,0.0,2.0,9.0,21.0,E01
201800022412,1.0,30,0,0.0,2.0,4.0,1.0,A01
201800022413,2.0,7,0,0.0,0.0,0.0,14.0,A01