Num_Acc,senc,catv,occutc,obs,obsm,choc,manv,num_veh
201800022414,0.0,10,0,0.0,2.0,1.0,2.0,A01
201800022414,2.0,30,0,0.0,2.0,4.0,1.0,B01
201800022415,1.0,7,0,3.0,0.0,2.0,2.0,A01
201800022416,1.0,30,0,0.0,2.0,2.0,16.0,A01
201800022416,1.0,7,0,0.0,2.0,3.0,16.0,B01
201800022417,1.0,32,0,0.0,0.0,7.0,1.0,A01
201800022418,1.0,7,0,0.0,1.0,3.0,16.0,A01
201800022419,1.0,7,0,0.0,1.0,3.0,0.0,A01
201800022420,1.0,33,0,3.0,0.0,1.0,14.0,A01
201800022421,2.0,7,0,0.0,2.0,1.0,1.0,A01
201800022421,2.0,7,0,0.0,2.0,4.0,23.0,B01
201800022421,2.0,7,0,0.0,2.0,4.0,23.0,C01
201800022422,0.0,30,0,16.0,0.0,3.0,16.0,A01
201800022423,2.0,7,0,4.0,0.0,1.0,2.0,A01
201800022424,0.0,1,0,15.0,0.0,1.0,15.0,A01
201800022425,0.0,7,0,0.0,2.0,3.0,15.0,A01
201800022425,0.0,1,0,0.0,2.0,6.0,1.0,B01
201800022426,2.0,7,0,13.0,2.0,2.0,13.0,A01
201800022426,2.0,7,0,0.0,2.0,3.0,0.0,B01
201800022426,2.0,10,0,0.0,2.0,1.0,0.0,C01
201800022427,1.0,7,0,0.0,1.0,2.0,1.0,A01
201800022428,1.0,10,0,6.0,0.0,2.0,1.0,A01
201800022429,2.0,7,0,0.0,0.0,4.0,0.0,C01
201800022429,2.0,7,0,0.0,2.0,4.0,0.0,B01
201800022429,2.0,7,0,0.0,2.0,1.0,0.0,A01
201800022430,1.0,7,0,0.0,1.0,2.0,15.0,A01
201800022431,1.0,7,0,0.0,1.0,2.0,1.0,A01
201800022432,0.0,10,0,0.0,1.0,3.0,1.0,A01
201800022433,1.0,7,0,0.0,1.0,4.0,20.0,A01
201800022434,0.0,7,0,3.0,0.0,4.0,1.0,A01
201800022435,1.0,7,0,0.0,1.0,1.0,0.0,A01
201800022436,0.0,2,0,0.0,0.0,8.0,0.0,A01
201800022437,1.0,7,0,13.0,0.0,9.0,1.0,A01
201800022438,2.0,7,0,2.0,0.0,8.0,0.0,A01
201800022439,1.0,1,0,0.0,2.0,1.0,1.0,B01
201800022439,1.0,7,0,0.0,9.0,3.0,15.0,A01
201800022440,2.0,7,0,0.0,2.0,2.0,17.0,A01
201800022440,2.0,21,0,0.0,2.0,3.0,15.0,B01
201800022441,2.0,7,0,0.0,2.0,2.0,1.0,A01
201800022441,1.0,7,0,0.0,2.0,1.0,1.0,B01
201800022442,1.0,7,0,2.0,0.0,1.0,14.0,A01
201800022443,0.0,7,0,0.0,0.0,9.0,0.0,A01
201800022444,2.0,7,0,0.0,2.0,1.0,1.0,B01
201800022444,1.0,7,0,0.0,2.0,1.0,13.0,A01
201800022445,2.0,7,0,2.0,0.0,3.0,14.0,A01
201800022446,0.0,7,0,0.0,1.0,2.0,1.0,A01
201800022447,1.0,7,0,0.0,2.0,7.0,15.0,A01
201800022447,2.0,33,0,0.0,2.0,0.0,1.0,B01
201800022448,1.0,33,0,0.0,0.0,9.0,1.0,A01
201800022449,2.0,33,0,13.0,0.0,1.0,1.0,A01
201800022450,2.0,36,0,0.0,0.0,0.0,1.0,A01
201800022451,1.0,7,0,15.0,0.0,9.0,14.0,A01
201800022452,1.0,7,0,3.0,0.0,6.0,11.0,A01
201800022452,1.0,7,0,0.0,2.0,2.0,1.0,B01
201800022453,1.0,33,0,0.0,2.0,2.0,21.0,A01
201800022453,2.0,7,0,0.0,2.0,8.0,1.0,C01
201800022453,2.0,7,0,0.0,2.0,2.0,21.0,B01
201800022454,1.0,7,0,7.0,0.0,9.0,1.0,A01
201800022455,2.0,7,0,4.0,0.0,3.0,1.0,A01
201800022456,1.0,7,0,0.0,2.0,7.0,13.0,A01
201800022456,2.0,7,0,0.0,2.0,1.0,1.0,B01
201800022457,2.0,7,0,0.0,0.0,0.0,5.0,A01
201800022458,2.0,33,0,0.0,0.0,3.0,0.0,A01
201800022458,1.0,7,0,0.0,0.0,3.0,1.0,B01
201800022459,0.0,2,0,15.0,0.0,1.0,0.0,A01
201800022460,2.0,7,0,0.0,2.0,1.0,19.0,B01
201800022460,0.0,7,0,0.0,2.0,8.0,0.0,A01
201800022461,0.0,7,0,0.0,2.0,2.0,1.0,A01
201800022461,0.0,1,0,0.0,2.0,2.0,1.0,B01
201800022462,0.0,7,0,0.0,0.0,3.0,9.0,A01
201800022462,0.0,33,0,0.0,2.0,1.0,9.0,B01
201800022463,0.0,7,0,13.0,0.0,1.0,16.0,A01
201800022464,0.0,7,0,0.0,1.0,2.0,16.0,A01
201800022465,2.0,17,0,0.0,2.0,1.0,1.0,B01
201800022465,0.0,10,0,8.0,0.0,7.0,19.0,A01
201800022466,0.0,7,0,6.0,0.0,2.0,0.0,A01
201800022467,2.0,7,0,0.0,2.0,9.0,13.0,A01
201800022467,1.0,7,0,0.0,2.0,8.0,1.0,D01
201800022467,2.0,7,0,0.0,2.0,9.0,1.0,B02
201800022467,1.0,7,0,0.0,2.0,8.0,1.0,E01
201800022467,1.0,31,0,0.0,2.0,8.0,1.0,F01
201800022467,2.0,7,0,0.0,2.0,9.0,14.0,C01
201800022468,2.0,7,0,2.0,0.0,3.0,13.0,A01
201800022469,2.0,7,0,0.0,2.0,3.0,9.0,A01
201800022469,1.0,1,0,0.0,2.0,2.0,1.0,B01
201800022470,1.0,7,0,0.0,1.0,3.0,1.0,A01
201800022471,1.0,7,0,0.0,9.0,1.0,1.0,B01
201800022471,2.0,31,0,0.0,2.0,1.0,5.0,A01
201800022472,1.0,7,0,0.0,2.0,3.0,1.0,B01
201800022472,2.0,7,0,0.0,2.0,1.0,5.0,A01
201800022473,2.0,7,0,0.0,2.0,2.0,15.0,A01
201800022473,1.0,2,0,0.0,2.0,1.0,14.0,B01
201800022474,1.0,7,0,0.0,2.0,3.0,13.0,A01
201800022474,2.0,7,0,0.0,2.0,8.0,1.0,B01
201800022475,2.0,7,0,15.0,0.0,1.0,14.0,A01
201800022476,1.0,10,0,0.0,2.0,2.0,9.0,A01
201800022476,2.0,10,0,0.0,2.0,7.0,15.0,B01
201800022477,2.0,33,0,1.0,0.0,1.0,14.0,A01
201800022477,2.0,7,0,0.0,2.0,6.0,24.0,B01
201800022478,2.0,10,0,0.0,1.0,1.0,1.0,A01
201800022479,1.0,33,0,0.0,2.0,1.0,1.0,B01
201800022479,0.0,1,0,0.0,2.0,7.0,19.0,A01
201800022480,2.0,10,0,0.0,2.0,1.0,13.0,A01
201800022480,1.0,7,0,0.0,2.0,1.0,1.0,B01
201800022481,2.0,7,0,0.0,2.0,1.0,2.0,A01
201800022481,2.0,7,0,14.0,0.0,1.0,2.0,B01
201800022482,2.0,2,0,0.0,1.0,1.0,1.0,A01
201800022483,1.0,7,0,0.0,2.0,1.0,1.0,B01
201800022483,2.0,7,0,0.0,2.0,1.0,17.0,A01
201800022484,1.0,7,0,0.0,2.0,1.0,13.0,A01
201800022484,2.0,7,0,0.0,2.0,1.0,1.0,B01
201800022485,2.0,33,0,0.0,2.0,1.0,2.0,A01
201800022485,2.0,10,0,0.0,2.0,4.0,2.0,B01
201800022486,1.0,7,0,8.0,0.0,1.0,6.0,A01
201800022487,0.0,7,0,0.0,2.0,1.0,1.0,B01
201800022487,0.0,7,0,0.0,2.0,2.0,5.0,A01
201800022488,0.0,7,0,0.0,1.0,4.0,4.0,A01
201800022489,1.0,30,0,0.0,0.0,0.0,1.0,A01
201800022490,2.0,7,0,8.0,0.0,1.0,11.0,A01
201800022491,2.0,33,0,0.0,2.0,1.0,1.0,A01
201800022491,1.0,7,0,0.0,2.0,5.0,23.0,B01
201800022492,1.0,34,0,0.0,2.0,0.0,2.0,A01
201800022492,1.0,13,0,0.0,0.0,0.0,0.0,B01
201800022493,2.0,99,0,0.0,0.0,7.0,1.0,A01
201800022494,2.0,2,0,0.0,2.0,4.0,2.0,B01
201800022494,2.0,33,0,0.0,2.0,1.0,2.0,A01
201800022495,0.0,7,0,0.0,2.0,1.0,0.0,B01
201800022495,0.0,30,0,0.0,2.0,1.0,5.0,A01
201800022496,2.0,7,0,0.0,2.0,3.0,13.0,A01
201800022496,2.0,33,0,0.0,2.0,9.0,1.0,B01
201800022497,1.0,7,0,0.0,0.0,9.0,14.0,A01
201800022498,1.0,32,0,0.0,2.0,3.0,13.0,A01
201800022498,2.0,7,0,0.0,2.0,3.0,1.0,B01
201800022499,2.0,34,0,9.0,2.0,1.0,17.0,A01
201800022499,2.0,32,0,0.0,2.0,6.0,0.0,B01
201800022500,0.0,7,0,0.0,2.0,8.0,1.0,B01
201800022500,1.0,1,0,0.0,2.0,3.0,1.0,A01
201800022501,0.0,33,0,0.0,2.0,2.0,1.0,B01
201800022501,0.0,7,0,0.0,2.0,6.0,11.0,A01
201800022502,1.0,7,0,0.0,1.0,1.0,2.0,A01
201800022503,2.0,7,0,13.0,0.0,1.0,5.0,A01
201800022504,1.0,7,0,0.0,1.0,1.0,1.0,A01
201800022505,1.0,7,0,0.0,2.0,1.0,0.0,A01
201800022505,1.0,7,0,0.0,2.0,7.0,1.0,B01
201800022506,1.0,7,0,0.0,6.0,1.0,1.0,B01
201800022506,1.0,30,0,0.0,2.0,1.0,1.0,A01
201800022507,0.0,7,0,6.0,0.0,3.0,13.0,A01
201800022508,2.0,7,0,0.0,1.0,4.0,4.0,A01
201800022509,1.0,30,0,0.0,2.0,6.0,1.0,A01
201800022509,1.0,7,0,0.0,2.0,6.0,15.0,B01
201800022510,0.0,17,0,0.0,2.0,8.0,1.0,B01
201800022510,0.0,7,0,0.0,2.0,2.0,12.0,A01
201800022511,1.0,7,0,0.0,2.0,1.0,15.0,A01
201800022511,1.0,10,0,0.0,2.0,8.0,1.0,B01
201800022512,1.0,7,0,0.0,1.0,1.0,1.0,A01
201800022513,1.0,7,0,14.0,0.0,9.0,1.0,A01
201800022514,2.0,7,0,0.0,1.0,1.0,1.0,A01
201800022515,2.0,7,0,0.0,2.0,1.0,0.0,A01
201800022515,0.0,2,0,0.0,2.0,7.0,1.0,B01
201800022516,0.0,10,0,0.0,1.0,1.0,1.0,A01
201800022517,2.0,7,0,6.0,0.0,1.0,1.0,A01
201800022518,0.0,7,0,0.0,2.0,1.0,16.0,A01
201800022518,0.0,7,0,0.0,2.0,8.0,15.0,B01
201800022519,1.0,7,0,0.0,2.0,1.0,1.0,B01
201800022519,2.0,10,0,0.0,2.0,1.0,17.0,A01
201800022520,2.0,99,0,0.0,1.0,1.0,1.0,A01
201800022521,0.0,10,0,0.0,1.0,1.0,1.0,A01
201800022522,1.0,7,0,0.0,1.0,1.0,1.0,A01
201800022523,2.0,7,0,0.0,2.0,4.0,15.0,B01
201800022523,2.0,7,0,0.0,2.0,1.0,2.0,A01
201800022524,1.0,7,0,0.0,2.0,1.0,1.0,B01
201800022524,2.0,7,0,9.0,2.0,8.0,19.0,A01
201800022525,1.0,7,0,0.0,1.0,5.0,0.0,A01
201800022526,1.0,7,0,0.0,1.0,2.0,1.0,A01
201800022527,1.0,33,0,0.0,0.0,2.0,17.0,A01
201800022528,2.0,7,0,0.0,1.0,1.0,1.0,A01
201800022529,1.0,7,0,0.0,2.0,3.0,15.0,A01
201800022529,1.0,7,0,0.0,2.0,3.0,8.0,B01
201800022530,0.0,1,0,0.0,2.0,3.0,1.0,B01
201800022530,0.0,7,0,0.0,2.0,2.0,15.0,A01
201800022531,1.0,7,0,0.0,1.0,2.0,1.0,A01
201800022532,1.0,7,0,2.0,0.0,1.0,0.0,A01
201800022533,1.0,10,0,0.0,2.0,7.0,1.0,A01
201800022533,2.0,7,0,0.0,2.0,1.0,1.0,B01
201800022534,1.0,30,0,0.0,2.0,1.0,7.0,B01
201800022534,1.0,7,0,0.0,2.0,7.0,16.0,A01
201800022535,0.0,7,0,13.0,2.0,1.0,1.0,B01
201800022535,0.0,7,0,0.0,2.0,0.0,13.0,A01
201800022536,0.0,7,0,0.0,1.0,1.0,1.0,A01
201800022537,0.0,7,0,0.0,1.0,3.0,1.0,A01
201800022538,2.0,7,0,0.0,2.0,1.0,1.0,A01
201800022538,1.0,7,0,0.0,2.0,8.0,15.0,B01
201800022539,1.0,7,0,0.0,2.0,3.0,15.0,A01
201800022539,1.0,33,0,1.0,2.0,5.0,17.0,B01
201800022540,2.0,7,0,8.0,2.0,3.0,1.0,A01
201800022540,2.0,7,0,0.0,2.0,1.0,1.0,B01
201800022541,0.0,31,0,0.0,2.0,1.0,1.0,B01
201800022541,0.0,10,0,0.0,2.0,5.0,1.0,A01
201800022542,1.0,7,0,2.0,0.0,7.0,1.0,A01
201800022543,2.0,7,0,0.0,2.0,1.0,2.0,A01
201800022543,2.0,7,0,0.0,2.0,4.0,2.0,B01
201800022543,2.0,7,0,0.0,2.0,6.0,2.0,C01
201800022544,2.0,7,0,0.0,2.0,1.0,14.0,A01
201800022544,1.0,7,0,8.0,2.0,1.0,1.0,B01
201800022545,0.0,7,0,6.0,1.0,7.0,20.0,A01
201800022546,2.0,7,0,16.0,0.0,1.0,1.0,A01
201800022547,0.0,7,0,0.0,1.0,0.0,1.0,A01
201800022548,1.0,7,0,0.0,1.0,0.0,1.0,A01
201800022549,1.0,7,0,0.0,1.0,1.0,16.0,A01
201800022550,1.0,33,0,12.0,2.0,5.0,12.0,A01
201800022550,1.0,7,0,0.0,2.0,3.0,15.0,B01
201800022551,2.0,33,0,0.0,2.0,7.0,7.0,B01
201800022551,2.0,7,0,0.0,2.0,1.0,9.0,A01
201800022552,2.0,33,0,4.0,2.0,3.0,1.0,B01
201800022552,2.0,7,0,0.0,2.0,7.0,12.0,A01
201800022553,1.0,7,0,0.0,2.0,1.0,1.0,A01
201800022553,1.0,7,0,0.0,2.0,3.0,15.0,B01
201800022554,1.0,7,0,0.0,1.0,4.0,20.0,A01
201800022555,1.0,7,0,0.0,2.0,3.0,13.0,A01
201800022555,1.0,1,0,0.0,2.0,1.0,15.0,B01
201800022556,0.0,32,0,0.0,2.0,6.0,1.0,B01
201800022556,0.0,7,0,0.0,2.0,1.0,1.0,A01
201800022557,2.0,7,0,0.0,2.0,3.0,11.0,A01
201800022557,2.0,7,0,0.0,2.0,8.0,23.0,D01
201800022557,1.0,7,0,0.0,2.0,3.0,23.0,C01
201800022557,2.0,7,0,8.0,2.0,2.0,1.0,B01
201800022558,2.0,10,0,0.0,1.0,4.0,4.0,A01
201800022559,1.0,7,0,0.0,2.0,5.0,10.0,A01
201800022559,2.0,33,0,0.0,2.0,1.0,1.0,B01
201800022560,0.0,7,0,0.0,2.0,3.0,13.0,A01
201800022560,0.0,7,0,0.0,2.0,3.0,21.0,B01
201800022561,1.0,7,0,0.0,2.0,1.0,15.0,A01
201800022561,2.0,7,0,0.0,2.0,5.0,1.0,B01
201800022562,0.0,7,0,0.0,1.0,2.0,0.0,A01
201800022563,1.0,7,0,0.0,6.0,4.0,0.0,B01
201800022563,1.0,1,0,0.0,2.0,1.0,0.0,A01
201800022564,0.0,7,0,0.0,2.0,8.0,15.0,B01
201800022564,0.0,33,0,0.0,2.0,1.0,17.0,A01
201800022565,2.0,7,0,0.0,2.0,0.0,0.0,E01
201800022565,2.0,7,0,6.0,2.0,5.0,1.0,D01
201800022565,1.0,7,0,0.0,2.0,1.0,1.0,B01
201800022565,2.0,7,0,0.0,2.0,0.0,1.0,F01
201800022565,2.0,7,0,0.0,2.0,0.0,1.0,C01
201800022565,1.0,14,0,0.0,2.0,1.0,13.0,A01
201800022566,0.0,33,0,12.0,0.0,0.0,0.0,A01
201800022567,1.0,7,0,0.0,2.0,3.0,15.0,A01
201800022567,2.0,7,0,0.0,2.0,1.0,1.0,B01
201800022568,0.0,31,0,0.0,2.0,7.0,16.0,B01
201800022568,0.0,7,0,0.0,2.0,2.0,16.0,A01
201800022569,2.0,30,0,8.0,2.0,1.0,8.0,A01
201800022569,1.0,7,0,0.0,2.0,1.0,9.0,B01
201800022570,0.0,7,0,0.0,1.0,2.0,10.0,A01
201800022571,1.0,32,0,0.0,2.0,1.0,1.0,B01
201800022571,1.0,7,0,0.0,2.0,3.0,0.0,A01
201800022572,0.0,7,0,0.0,1.0,0.0,21.0,A01
201800022573,1.0,1,0,0.0,2.0,8.0,5.0,A01
201800022573,2.0,7,0,0.0,6.0,1.0,1.0,B01
201800022574,0.0,10,0,0.0,2.0,3.0,1.0,B01
201800022574,0.0,32,0,0.0,2.0,1.0,1.0,A01
201800022575,2.0,7,0,0.0,1.0,2.0,1.0,A01
201800022576,1.0,20,0,0.0,2.0,1.0,1.0,A01
201800022576,1.0,20,0,0.0,0.0,4.0,11.0,B01
201800022577,0.0,1,0,0.0,2.0,1.0,1.0,B01
201800022577,1.0,7,0,0.0,2.0,1.0,15.0,A01
201800022578,2.0,7,0,0.0,2.0,7.0,15.0,A01
201800022578,1.0,1,0,0.0,2.0,1.0,1.0,B01
201800022579,1.0,7,0,7.0,0.0,1.0,1.0,A01
201800022580,1.0,10,0,0.0,2.0,6.0,15.0,B01
201800022580,1.0,7,0,0.0,2.0,1.0,17.0,A01
201800022581,0.0,7,0,0.0,1.0,1.0,1.0,A01
201800022582,1.0,1,0,0.0,2.0,7.0,1.0,B01
201800022582,2.0,7,0,0.0,6.0,1.0,1.0,A01
201800022583,1.0,7,0,12.0,2.0,3.0,13.0,A01
201800022583,1.0,7,0,0.0,2.0,5.0,1.0,B01
201800022584,1.0,10,0,0.0,1.0,4.0,4.0,A01
201800022585,1.0,10,0,0.0,2.0,3.0,1.0,C01
201800022585,1.0,7,0,0.0,2.0,1.0,1.0,A01
201800022585,1.0,7,0,0.0,2.0,2.0,1.0,B01
201800022586,1.0,7,0,0.0,2.0,2.0,0.0,B01
201800022586,2.0,7,0,0.0,2.0,3.0,1.0,A01
201800022587,0.0,7,0,0.0,1.0,3.0,1.0,B01
201800022588,0.0,7,0,0.0,2.0,3.0,1.0,A01
201800022588,0.0,32,0,0.0,2.0,1.0,16.0,B01
201800022589,2.0,7,0,0.0,1.0,3.0,0.0,A01
201800022590,1.0,33,0,0.0,2.0,7.0,2.0,B01
201800022590,1.0,7,0,0.0,2.0,3.0,2.0,A01
201800022591,1.0,34,0,0.0,2.0,1.0,13.0,A01
201800022591,1.0,7,0,0.0,2.0,3.0,1.0,B01
201800022592,1.0,33,0,0.0,2.0,2.0,17.0,A01
201800022592,1.0,7,0,0.0,2.0,3.0,15.0,B01
201800022593,0.0,7,0,0.0,1.0,3.0,15.0,A01
201800022594,0.0,7,0,0.0,2.0,3.0,19.0,A01
201800022594,0.0,7,0,0.0,2.0,3.0,15.0,B01
201800022595,0.0,7,0,0.0,2.0,2.0,5.0,A01
201800022595,0.0,7,0,0.0,2.0,2.0,1.0,B01
201800022596,1.0,7,0,0.0,2.0,2.0,21.0,A01
201800022596,1.0,7,0,0.0,2.0,8.0,0.0,B01
201800022596,1.0,7,0,0.0,2.0,1.0,0.0,C01
201800022597,2.0,10,0,0.0,2.0,1.0,5.0,A01
201800022597,1.0,7,0,0.0,2.0,3.0,1.0,B01
201800022598,0.0,7,0,0.0,2.0,7.0,19.0,A01
201800022598,2.0,2,0,0.0,2.0,1.0,1.0,B01
201800022599,1.0,1,0,0.0,2.0,1.0,1.0,B01
201800022599,1.0,7,0,0.0,2.0,3.0,15.0,A01
201800022600,2.0,31,0,0.0,2.0,1.0,13.0,A01
201800022600,1.0,7,0,0.0,2.0,3.0,1.0,B01
201800022601,2.0,7,0,0.0,2.0,3.0,15.0,B01
201800022601,2.0,7,0,9.0,2.0,2.0,17.0,A01
201800022602,2.0,7,0,0.0,2.0,1.0,1.0,A01
201800022602,2.0,7,0,0.0,2.0,5.0,1.0,B01
201800022603,1.0,7,0,0.0,2.0,1.0,2.0,A01
201800022603,1.0,7,0,0.0,2.0,4.0,0.0,B01
201800022604,1.0,7,0,0.0,1.0,0.0,4.0,A01
201800022605,0.0,7,0,0.0,1.0,2.0,0.0,A01
201800022606,1.0,7,0,0.0,2.0,1.0,13.0,A01
201800022606,1.0,7,0,1.0,2.0,1.0,1.0,B01
201800022607,0.0,7,0,0.0,2.0,8.0,13.0,A01
201800022607,1.0,33,0,8.0,2.0,1.0,1.0,B01
201800022608,1.0,7,0,0.0,2.0,1.0,15.0,A01
201800022608,1.0,7,0,6.0,2.0,1.0,1.0,B01
201800022609,1.0,7,0,0.0,6.0,6.0,0.0,C01
201800022609,2.0,7,0,0.0,6.0,7.0,1.0,B01
201800022609,0.0,1,0,0.0,0.0,0.0,0.0,A01
201800022610,1.0,7,0,0.0,1.0,1.0,1.0,A01
201800022611,2.0,7,0,0.0,2.0,3.0,13.0,A01
201800022611,2.0,1,0,10.0,2.0,4.0,0.0,B01
201800022612,0.0,7,0,0.0,2.0,2.0,15.0,A01
201800022612,0.0,7,0,0.0,2.0,1.0,1.0,B01
201800022613,2.0,7,0,0.0,2.0,1.0,0.0,A01
201800022613,2.0,33,0,0.0,2.0,4.0,23.0,B01
201800022614,2.0,7,0,0.0,1.0,2.0,9.0,A01
201800022615,1.0,7,0,0.0,1.0,6.0,15.0,A01
201800022616,2.0,1,0,0.0,2.0,2.0,1.0,A01
201800022616,1.0,7,0,0.0,6.0,2.0,15.0,B01
201800022617,2.0,7,0,0.0,1.0,1.0,0.0,A01
201800022618,0.0,33,0,12.0,0.0,0.0,0.0,A01
201800022619,2.0,7,0,0.0,1.0,1.0,1.0,A01
201800022620,1.0,7,0,0.0,1.0,1.0,1.0,A01
201800022621,0.0,7,0,0.0,1.0,2.0,8.0,A01
201800022622,2.0,7,0,0.0,2.0,1.0,1.0,A01
201800022622,1.0,7,0,0.0,2.0,8.0,1.0,B01
201800022623,0.0,7,0,0.0,1.0,1.0,0.0,A01
201800022624,1.0,7,0,0.0,2.0,3.0,5.0,A01
201800022624,2.0,37,1,0.0,2.0,3.0,1.0,B01
201800022625,2.0,99,0,0.0,2.0,1.0,13.0,A01
201800022625,1.0,7,0,0.0,2.0,3.0,1.0,B01
201800022626,0.0,7,0,0.0,1.0,3.0,1.0,A01
201800022627,2.0,10,0,0.0,2.0,3.0,15.0,A01
201800022627,1.0,31,0,0.0,2.0,3.0,1.0,B01
201800022628,1.0,7,0,0.0,2.0,1.0,2.0,A01
201800022628,1.0,7,0,0.0,2.0,4.0,2.0,B01
201800022629,0.0,7,0,0.0,1.0,3.0,16.0,A01
201800022630,1.0,34,0,8.0,0.0,1.0,13.0,A01
201800022631,2.0,7,0,8.0,0.0,2.0,1.0,A01
201800022632,2.0,7,0,8.0,0.0,1.0,14.0,A01
201800022633,1.0,7,0,0.0,1.0,3.0,1.0,A01
201800022634,1.0,33,0,0.0,2.0,1.0,1.0,B01
201800022634,1.0,10,0,0.0,2.0,2.0,10.0,A01
201800022635,0.0,7,0,0.0,1.0,1.0,1.0,A01
201800022636,2.0,31,0,0.0,2.0,1.0,17.0,A01
201800022636,2.0,10,0,0.0,2.0,8.0,13.0,B01
201800022637,1.0,7,0,0.0,2.0,3.0,15.0,A01
201800022637,1.0,33,0,0.0,2.0,1.0,5.0,B01
201800022638,1.0,33,0,0.0,2.0,4.0,2.0,B01
201800022638,1.0,7,0,0.0,2.0,1.0,2.0,A01
201800022639,1.0,7,0,0.0,2.0,1.0,1.0,A01
201800022639,2.0,10,0,0.0,2.0,3.0,1.0,B01
201800022640,1.0,7,0,0.0,2.0,8.0,1.0,A01
201800022640,2.0,7,0,0.0,2.0,8.0,15.0,B01
201800022641,1.0,7,0,8.0,0.0,3.0,0.0,A01
201800022642,0.0,7,0,0.0,1.0,1.0,1.0,A01
201800022643,0.0,7,0,0.0,2.0,0.0,0.0,C01
201800022643,0.0,7,0,0.0,2.0,0.0,0.0,B01
201800022643,0.0,7,0,0.0,2.0,0.0,0.0,A01
201800022643,0.0,7,0,0.0,2.0,0.0,0.0,D01
201800022644,2.0,7,0,13.0,0.0,2.0,1.0,A01
201800022645,2.0,7,0,0.0,2.0,1.0,15.0,A01
201800022645,1.0,7,0,0.0,2.0,3.0,1.0,B01
201800022646,1.0,7,0,0.0,2.0,2.0,0.0,A01
201800022646,2.0,7,0,0.0,2.0,2.0,0.0,B01
201800022647,0.0,7,0,0.0,0.0,4.0,0.0,A01
201800022647,0.0,7,0,0.0,2.0,1.0,1.0,B01
201800022648,1.0,7,0,13.0,0.0,8.0,13.0,A01
201800022649,1.0,7,0,0.0,2.0,3.0,13.0,A01
201800022649,2.0,10,0,0.0,2.0,2.0,21.0,B01
201800022650,0.0,7,0,9.0,0.0,8.0,0.0,A01
201800022651,0.0,32,0,0.0,0.0,8.0,1.0,A01
201800022652,2.0,7,0,0.0,0.0,4.0,15.0,A01
201800022652,2.0,2,0,14.0,0.0,1.0,2.0,B01
201800022653,2.0,7,0,0.0,2.0,1.0,13.0,A01
201800022653,1.0,7,0,0.0,2.0,1.0,1.0,B01
201800022654,2.0,2,0,0.0,0.0,3.0,1.0,B01
201800022654,1.0,7,0,0.0,0.0,2.0,15.0,A01
201800022655,2.0,7,0,13.0,0.0,9.0,13.0,A01
201800022656,2.0,7,0,2.0,0.0,2.0,2.0,A01
201800022657,1.0,7,0,3.0,0.0,3.0,5.0,A01
201800022658,1.0,7,0,0.0,2.0,3.0,13.0,A01
201800022658,2.0,7,0,0.0,2.0,3.0,1.0,B01
201800022659,1.0,7,0,6.0,9.0,1.0,14.0,A01
201800022660,1.0,7,0,0.0,2.0,1.0,13.0,A01
201800022660,2.0,33,0,0.0,2.0,1.0,1.0,B01
201800022661,1.0,7,0,2.0,0.0,1.0,1.0,A01
201800022662,1.0,7,0,0.0,2.0,3.0,13.0,A01
201800022662,2.0,7,0,0.0,2.0,3.0,1.0,B01
201800022663,1.0,7,0,0.0,0.0,5.0,15.0,A01
201800022663,2.0,33,0,0.0,2.0,1.0,1.0,B01
201800022664,1.0,7,0,13.0,0.0,1.0,1.0,A01
201800022665,1.0,7,0,0.0,2.0,2.0,15.0,A01
201800022665,2.0,31,0,0.0,2.0,1.0,1.0,B01
201800022666,1.0,33,0,13.0,0.0,1.0,1.0,A01
201800022667,1.0,7,0,0.0,2.0,1.0,1.0,B01
201800022667,2.0,7,0,0.0,2.0,1.0,19.0,A01
201800022668,1.0,7,0,0.0,2.0,3.0,13.0,A01
201800022668,2.0,15,0,0.0,2.0,3.0,1.0,B01
201800022669,2.0,10,0,1.0,0.0,1.0,2.0,A01
201800022669,2.0,10,0,0.0,0.0,4.0,24.0,B01
201800022670,2.0,7,0,13.0,0.0,3.0,14.0,A01
201800022671,1.0,33,0,2.0,0.0,1.0,1.0,A01
201800022672,1.0,7,0,0.0,2.0,1.0,1.0,B01
201800022672,0.0,7,0,0.0,0.0,8.0,19.0,A01
201800022673,2.0,7,0,0.0,0.0,3.0,23.0,B01
201800022673,1.0,7,0,0.0,2.0,3.0,15.0,A01
201800022673,2.0,33,0,0.0,0.0,8.0,1.0,C01
201800022674,0.0,7,0,0.0,2.0,3.0,19.0,A01
201800022674,0.0,7,0,0.0,0.0,2.0,1.0,B01
201800022675,2.0,7,0,0.0,2.0,3.0,13.0,A01
201800022675,1.0,7,0,0.0,2.0,3.0,1.0,B01
201800022676,2.0,33,0,16.0,0.0,0.0,0.0,A01
201800022677,1.0,7,0,0.0,2.0,1.0,19.0,A01
201800022677,2.0,7,0,0.0,2.0,1.0,1.0,B01
201800022677,2.0,7,0,0.0,2.0,8.0,1.0,C01
201800022678,1.0,7,0,0.0,2.0,1.0,1.0,B01
201800022678,1.0,7,0,0.0,2.0,2.0,17.0,A01
201800022679,1.0,7,0,3.0,2.0,8.0,1.0,B01
201800022679,1.0,17,0,3.0,2.0,8.0,13.0,A01