Num_Acc,senc,catv,occutc,obs,obsm,choc,manv,num_veh
201800022930,0.0,1,0,0.0,2.0,8.0,1.0,B01
201800022931,0.0,7,0,0.0,2.0,3.0,16.0,B01
201800022931,0.0,31,0,0.0,2.0,1.0,1.0,A01
201800022932,1.0,7,0,0.0,1.0,1.0,1.0,A01
201800022933,0.0,7,0,0.0,1.0,3.0,1.0,A01
201800022934,0.0,33,0,0.0,2.0,0.0,0.0,B01
201800022934,0.0,10,0,0.0,2.0,6.0,11.0,A01
201800022935,2.0,7,0,0.0,2.0,1.0,9.0,B01
201800022935,1.0,2,0,0.0,2.0,2.0,17.0,A01
201800022936,0.0,10,0,0.0,2.0,8.0,23.0,A01
201800022936,1.0,31,0,1.0,0.0,1.0,1.0,B01
201800022937,1.0,33,0,0.0,2.0,1.0,17.0,A01
201800022937,1.0,7,0,0.0,2.0,8.0,15.0,B01
201800022938,1.0,7,0,0.0,1.0,3.0,1.0,A01
201800022939,1.0,7,0,0.0,2.0,2.0,15.0,A01
201800022939,2.0,31,0,0.0,2.0,9.0,1.0,B01
201800022940,1.0,7,0,0.0,2.0,0.0,1.0,B01
201800022940,1.0,33,0,0.0,2.0,1.0,1.0,A01
201800022941,1.0,7,0,0.0,2.0,1.0,9.0,A01
201800022941,1.0,33,0,0.0,2.0,9.0,1.0,B01
201800022941,1.0,7,0,0.0,2.0,8.0,24.0,C01
201800022942,1.0,7,0,0.0,9.0,9.0,1.0,A01
201800022943,1.0,14,0,0.0,1.0,8.0,1.0,A01
201800022944,1.0,7,0,0.0,2.0,1.0,1.0,A01
201800022944,1.0,7,0,0.0,2.0,3.0,15.0,B01
201800022945,2.0,1,0,0.0,2.0,1.0,1.0,B01
201800022945,1.0,7,0,0.0,2.0,1.0,13.0,A01
201800022946,1.0,7,0,0.0,2.0,3.0,1.0,B01
201800022946,1.0,7,0,0.0,2.0,2.0,1.0,A01
201800022947,1.0,7,0,0.0,2.0,4.0,1.0,B01
201800022947,1.0,33,0,0.0,2.0,1.0,1.0,A01
201800022948,1.0,33,0,0.0,9.0,0.0,15.0,A01
201800022949,1.0,7,0,0.0,1.0,1.0,1.0,A01
201800022950,1.0,7,0,0.0,9.0,9.0,1.0,A01
201800022951,1.0,1,0,0.0,2.0,8.0,1.0,B01
201800022951,1.0,7,0,0.0,2.0,2.0,16.0,A01
201800022952,1.0,7,0,0.0,2.0,1.0,9.0,A01
201800022952,1.0,33,0,0.0,2.0,3.0,1.0,B01
201800022953,1.0,14,0,0.0,2.0,1.0,12.0,A01
201800022953,1.0,7,0,0.0,2.0,8.0,1.0,B01
201800022953,1.0,7,0,0.0,2.0,2.0,1.0,C01
201800022954,1.0,7,0,0.0,2.0,3.0,9.0,A01
201800022954,1.0,33,0,0.0,2.0,8.0,1.0,B01
201800022954,2.0,7,0,0.0,2.0,1.0,1.0,C01
201800022955,1.0,33,0,0.0,1.0,1.0,1.0,A01
201800022956,1.0,7,0,0.0,1.0,3.0,1.0,B01
201800022957,1.0,7,0,0.0,2.0,7.0,15.0,A01
201800022957,2.0,33,0,0.0,2.0,1.0,1.0,B01
201800022958,1.0,7,0,0.0,0.0,9.0,0.0,A01
201800022959,2.0,7,0,0.0,2.0,1.0,1.0,B01
201800022959,1.0,10,0,0.0,2.0,3.0,13.0,A01
201800022960,2.0,7,0,0.0,2.0,3.0,1.0,B01
201800022960,1.0,2,0,0.0,2.0,3.0,13.0,A01
201800022961,1.0,7,0,0.0,2.0,1.0,14.0,A01
201800022961,1.0,7,0,0.0,2.0,8.0,14.0,B01
201800022962,1.0,7,0,0.0,2.0,2.0,1.0,A01
201800022962,1.0,7,0,0.0,2.0,6.0,1.0,B01
201800022963,1.0,7,0,0.0,2.0,3.0,1.0,B01
201800022963,1.0,7,0,3.0,2.0,9.0,1.0,A01
201800022964,1.0,7,0,0.0,2.0,1.0,1.0,A01
201800022964,1.0,7,0,0.0,2.0,8.0,1.0,B01
201800022965,1.0,7,0,0.0,2.0,1.0,5.0,A01
201800022965,1.0,7,0,0.0,2.0,1.0,1.0,B01
201800022966,1.0,7,0,0.0,2.0,1.0,5.0,A01
201800022966,2.0,7,0,0.0,2.0,1.0,1.0,B01
201800022967,1.0,33,0,0.0,0.0,8.0,16.0,A01
201800022968,1.0,10,0,0.0,1.0,4.0,4.0,A01
201800022969,1.0,7,0,0.0,1.0,3.0,1.0,A01
201800022970,1.0,33,0,0.0,2.0,1.0,2.0,B01
201800022970,1.0,7,0,0.0,2.0,6.0,1.0,A01
201800022971,1.0,7,0,0.0,1.0,1.0,1.0,A01
201800022972,1.0,7,0,0.0,2.0,1.0,1.0,A01
201800022972,1.0,7,0,0.0,2.0,1.0,1.0,C01
201800022972,1.0,7,0,0.0,2.0,9.0,1.0,B01
201800022973,2.0,7,0,0.0,2.0,1.0,1.0,B01
201800022973,1.0,1,0,0.0,2.0,9.0,19.0,A01
201800022974,1.0,7,0,0.0,2.0,1.0,15.0,B01
201800022974,1.0,2,0,0.0,2.0,7.0,17.0,A01
201800022975,2.0,1,0,0.0,2.0,1.0,1.0,B01
201800022975,1.0,10,0,0.0,2.0,2.0,15.0,A01
201800022976,1.0,37,0,0.0,1.0,2.0,1.0,A01
201800022977,1.0,7,0,0.0,2.0,3.0,15.0,A01
201800022977,1.0,1,0,0.0,2.0,1.0,1.0,B01
201800022978,1.0,7,0,0.0,2.0,1.0,2.0,A01
201800022978,1.0,7,0,0.0,2.0,4.0,2.0,B01
201800022979,1.0,7,0,0.0,2.0,1.0,1.0,A01
201800022979,2.0,1,0,0.0,2.0,1.0,17.0,B01
201800022980,1.0,7,0,0.0,2.0,4.0,2.0,D01
201800022980,1.0,10,0,0.0,2.0,1.0,2.0,A01
201800022980,1.0,7,0,0.0,2.0,4.0,2.0,C01
201800022980,1.0,7,0,0.0,2.0,4.0,2.0,E01
201800022980,1.0,7,0,0.0,2.0,4.0,2.0,B01
201800022981,1.0,7,0,0.0,2.0,4.0,2.0,B01
201800022981,1.0,7,0,0.0,2.0,1.0,2.0,A01
201800022981,1.0,7,0,0.0,2.0,1.0,2.0,C01
201800022981,1.0,7,0,0.0,2.0,1.0,2.0,D01
201800022982,1.0,33,0,0.0,2.0,1.0,1.0,A01
201800022982,2.0,7,0,0.0,2.0,7.0,15.0,B01
201800022983,2.0,2,0,0.0,2.0,1.0,13.0,A01
201800022983,1.0,7,0,0.0,2.0,2.0,1.0,B01
201800022984,1.0,7,0,4.0,0.0,1.0,1.0,A01
201800022985,1.0,10,0,0.0,2.0,2.0,15.0,A01
201800022985,2.0,33,0,0.0,2.0,1.0,1.0,B01
201800022986,1.0,7,0,0.0,2.0,1.0,2.0,A01
201800022986,1.0,10,0,0.0,2.0,4.0,2.0,C01
201800022986,1.0,7,0,0.0,2.0,4.0,2.0,B01
201800022987,1.0,34,0,0.0,2.0,1.0,2.0,A01
201800022987,1.0,7,0,0.0,2.0,5.0,2.0,B01
201800022988,1.0,7,0,0.0,2.0,1.0,1.0,A01
201800022988,0.0,1,0,0.0,2.0,7.0,19.0,B01
201800022989,1.0,7,0,0.0,2.0,7.0,1.0,A01
201800022989,1.0,7,0,0.0,9.0,0.0,2.0,C01
201800022989,1.0,7,0,0.0,2.0,1.0,1.0,B01
201800022990,2.0,2,0,12.0,0.0,1.0,1.0,A01
201800022991,1.0,7,0,0.0,2.0,0.0,1.0,Z01
201800022991,1.0,2,0,0.0,2.0,8.0,1.0,A01
201800022992,1.0,7,0,0.0,2.0,4.0,2.0,C01
201800022992,1.0,7,0,0.0,2.0,1.0,2.0,A01
201800022992,1.0,7,0,0.0,2.0,4.0,2.0,B01
201800022993,1.0,10,0,1.0,0.0,1.0,1.0,A01
201800022993,1.0,15,0,0.0,2.0,4.0,23.0,B01
201800022994,1.0,7,0,0.0,2.0,2.0,5.0,A01
201800022994,2.0,31,0,0.0,2.0,1.0,1.0,B01
201800022995,1.0,7,0,0.0,1.0,3.0,1.0,A01
201800022996,1.0,7,0,0.0,2.0,1.0,2.0,A01
201800022996,1.0,7,0,0.0,2.0,4.0,2.0,B01
201800022997,2.0,7,0,0.0,2.0,3.0,1.0,B01
201800022997,1.0,7,0,0.0,2.0,3.0,13.0,A01
201800022998,1.0,7,0,0.0,2.0,3.0,15.0,A01
201800022998,1.0,2,0,0.0,2.0,1.0,17.0,B01
201800022999,1.0,37,0,0.0,1.0,1.0,1.0,A01
201800023000,1.0,7,0,0.0,2.0,1.0,1.0,A01
201800023000,1.0,7,0,0.0,2.0,4.0,1.0,B01
201800023001,1.0,33,0,0.0,2.0,1.0,3.0,A01
201800023001,1.0,7,0,0.0,2.0,8.0,1.0,B01
201800023002,2.0,1,0,0.0,2.0,1.0,1.0,B01
201800023002,1.0,7,0,0.0,2.0,2.0,15.0,A01
201800023003,1.0,7,0,0.0,2.0,8.0,1.0,B01
201800023003,1.0,7,0,0.0,2.0,1.0,16.0,A01
201800023004,1.0,7,0,0.0,2.0,0.0,0.0,Z01
201800023004,1.0,7,0,0.0,2.0,7.0,1.0,A01
201800023005,0.0,7,0,0.0,1.0,1.0,1.0,A01
201800023006,0.0,7,0,0.0,2.0,8.0,9.0,A01
201800023006,0.0,33,0,0.0,2.0,1.0,3.0,B01
201800023007,1.0,7,0,0.0,2.0,6.0,15.0,B01
201800023007,1.0,7,0,0.0,2.0,2.0,7.0,A01
201800023008,2.0,2,0,13.0,0.0,7.0,0.0,A01
201800023009,2.0,7,0,0.0,2.0,5.0,2.0,B01
201800023009,2.0,7,0,0.0,2.0,1.0,2.0,A01
201800023010,1.0,7,0,0.0,2.0,7.0,1.0,C01
201800023010,1.0,7,0,0.0,2.0,9.0,1.0,B01
201800023010,1.0,7,0,0.0,2.0,1.0,18.0,A01
201800023011,1.0,7,0,1.0,0.0,7.0,1.0,A01
201800023012,1.0,33,0,0.0,2.0,1.0,1.0,A01
201800023012,1.0,7,0,0.0,2.0,5.0,1.0,B01
201800023013,1.0,33,0,0.0,2.0,1.0,1.0,B01
201800023013,1.0,7,0,0.0,2.0,8.0,11.0,A01
201800023014,1.0,33,0,0.0,2.0,1.0,2.0,A01
201800023014,1.0,7,0,0.0,2.0,6.0,1.0,B01
201800023015,1.0,33,0,15.0,0.0,2.0,13.0,A01
201800023016,1.0,7,0,0.0,1.0,1.0,17.0,A01
201800023017,1.0,2,0,0.0,2.0,1.0,17.0,A01
201800023017,1.0,7,0,0.0,2.0,3.0,15.0,B01
201800023018,1.0,7,0,0.0,1.0,1.0,1.0,A01
201800023019,1.0,7,0,0.0,2.0,4.0,0.0,D01
201800023019,1.0,7,0,0.0,2.0,1.0,2.0,A01
201800023019,1.0,7,0,0.0,2.0,4.0,2.0,B01
201800023019,1.0,7,0,0.0,2.0,4.0,2.0,C01
201800023020,1.0,7,0,0.0,2.0,2.0,12.0,A01
201800023020,1.0,33,0,0.0,2.0,3.0,1.0,B01
201800023021,1.0,7,0,0.0,2.0,5.0,15.0,A01
201800023021,1.0,7,0,0.0,2.0,1.0,1.0,C01
201800023021,2.0,7,0,0.0,2.0,1.0,1.0,B01
201800023022,1.0,7,0,0.0,1.0,1.0,1.0,A01
201800023023,1.0,7,0,0.0,2.0,4.0,1.0,B01
201800023023,1.0,33,0,0.0,2.0,1.0,2.0,A01
201800023024,2.0,7,0,4.0,0.0,3.0,14.0,A01
201800023025,1.0,7,0,0.0,2.0,9.0,1.0,B01
201800023025,1.0,7,0,0.0,2.0,4.0,1.0,A01
201800023025,1.0,7,0,0.0,2.0,1.0,9.0,C01
201800023026,1.0,7,0,0.0,2.0,3.0,15.0,B01
201800023026,2.0,1,0,0.0,2.0,6.0,1.0,A01
201800023027,1.0,10,0,0.0,2.0,3.0,1.0,B01
201800023027,1.0,7,0,0.0,2.0,2.0,1.0,A01
201800023028,2.0,7,0,0.0,2.0,4.0,2.0,B01
201800023028,2.0,7,0,0.0,2.0,1.0,2.0,A01
201800023029,1.0,33,0,0.0,0.0,0.0,0.0,C01
201800023029,1.0,7,0,0.0,2.0,1.0,13.0,A01
201800023029,1.0,7,0,0.0,2.0,3.0,1.0,B01
201800023030,1.0,31,0,0.0,2.0,1.0,17.0,B01
201800023030,1.0,7,0,0.0,2.0,8.0,10.0,A01
201800023031,2.0,7,0,0.0,2.0,5.0,1.0,C01
201800023031,2.0,33,0,0.0,2.0,8.0,3.0,A01
201800023031,2.0,7,0,0.0,2.0,7.0,1.0,B01
201800023032,1.0,33,0,0.0,2.0,8.0,1.0,B01
201800023032,1.0,14,0,0.0,2.0,0.0,1.0,C01
201800023032,1.0,7,0,0.0,2.0,2.0,12.0,A01
201800023033,1.0,7,0,0.0,2.0,7.0,14.0,A01
201800023033,1.0,7,0,0.0,2.0,2.0,1.0,D01
201800023033,1.0,14,0,0.0,2.0,3.0,1.0,B01
201800023033,1.0,7,0,0.0,2.0,4.0,1.0,C01
201800023034,1.0,7,0,0.0,2.0,7.0,12.0,Z01
201800023034,1.0,1,0,0.0,2.0,4.0,1.0,B01
201800023034,1.0,31,0,0.0,2.0,8.0,1.0,A01
201800023035,1.0,31,0,0.0,2.0,1.0,2.0,A01
201800023035,1.0,7,0,0.0,2.0,6.0,2.0,B01
201800023036,1.0,32,0,0.0,2.0,3.0,7.0,A01
201800023036,1.0,7,0,1.0,2.0,2.0,14.0,B01
201800023037,0.0,7,0,2.0,0.0,3.0,13.0,A01
201800023038,1.0,7,0,0.0,2.0,7.0,15.0,A01
201800023038,2.0,34,0,0.0,2.0,1.0,1.0,B01
201800023039,1.0,7,0,0.0,2.0,3.0,9.0,A01
201800023039,1.0,34,0,0.0,2.0,7.0,1.0,B01
201800023040,1.0,1,0,0.0,2.0,1.0,1.0,B01
201800023040,1.0,7,0,0.0,2.0,2.0,1.0,A01
201800023041,1.0,7,0,0.0,2.0,4.0,1.0,D01
201800023041,1.0,7,0,0.0,2.0,1.0,17.0,A01
201800023041,1.0,7,0,0.0,2.0,1.0,2.0,C01
201800023041,1.0,7,0,0.0,2.0,3.0,1.0,B01
201800023042,1.0,7,0,4.0,0.0,3.0,1.0,A01
201800023042,1.0,7,0,0.0,2.0,6.0,1.0,B01
201800023043,2.0,7,0,0.0,2.0,1.0,1.0,C01
201800023043,0.0,7,0,0.0,2.0,3.0,24.0,A01
201800023043,1.0,7,0,0.0,2.0,1.0,1.0,B01
201800023044,1.0,7,0,0.0,2.0,2.0,15.0,A01
201800023044,2.0,1,0,0.0,2.0,1.0,1.0,B01
201800023045,1.0,7,0,0.0,2.0,0.0,15.0,Z01
201800023045,2.0,1,0,0.0,2.0,1.0,1.0,B01
201800023046,1.0,7,0,0.0,2.0,3.0,9.0,A01
201800023046,1.0,1,0,0.0,2.0,1.0,1.0,B01
201800023047,1.0,7,0,0.0,1.0,0.0,16.0,A01
201800023048,1.0,7,0,0.0,1.0,2.0,13.0,A01
201800023049,1.0,33,0,0.0,2.0,1.0,9.0,B01
201800023049,1.0,7,0,0.0,2.0,3.0,1.0,A01
201800023050,1.0,10,0,0.0,2.0,1.0,1.0,B01
201800023050,1.0,99,0,0.0,2.0,0.0,18.0,Z01
201800023051,0.0,7,0,0.0,1.0,4.0,0.0,A01
201800023052,0.0,7,0,0.0,1.0,4.0,4.0,A01
201800023053,1.0,7,0,0.0,2.0,6.0,13.0,A01
201800023053,1.0,34,0,0.0,2.0,1.0,1.0,B01
201800023054,1.0,7,0,0.0,2.0,1.0,2.0,A01
201800023054,1.0,7,0,0.0,2.0,4.0,2.0,B01
201800023055,1.0,7,0,0.0,2.0,3.0,13.0,A01
201800023055,2.0,7,0,0.0,2.0,8.0,1.0,B01
201800023056,1.0,7,0,0.0,2.0,6.0,2.0,B01
201800023056,2.0,1,0,0.0,2.0,8.0,1.0,C01
201800023056,2.0,7,0,0.0,2.0,2.0,13.0,A01
201800023057,1.0,14,0,0.0,1.0,2.0,1.0,A01
201800023058,1.0,7,0,0.0,2.0,1.0,2.0,A01
201800023058,1.0,7,0,0.0,2.0,4.0,2.0,B01
201800023059,1.0,7,0,8.0,0.0,3.0,1.0,A01
201800023060,1.0,7,0,0.0,1.0,8.0,1.0,A01
201800023061,1.0,7,0,11.0,0.0,3.0,17.0,A01
201800023062,1.0,7,0,0.0,1.0,7.0,21.0,A01
201800023063,0.0,32,0,0.0,2.0,9.0,0.0,B01
201800023063,1.0,7,0,0.0,2.0,2.0,15.0,A01
201800023064,2.0,7,0,0.0,1.0,7.0,1.0,A01
201800023065,1.0,7,0,0.0,1.0,4.0,4.0,A01
201800023066,2.0,1,0,0.0,2.0,8.0,19.0,B01
201800023066,1.0,33,0,0.0,2.0,1.0,1.0,A01
201800023067,1.0,7,0,0.0,1.0,0.0,1.0,A01
201800023068,1.0,7,0,0.0,2.0,8.0,1.0,B01
201800023068,1.0,10,0,0.0,2.0,1.0,11.0,A01
201800023069,1.0,1,0,0.0,2.0,7.0,1.0,B01
201800023069,1.0,7,0,0.0,2.0,1.0,9.0,A01
201800023070,1.0,7,0,0.0,1.0,1.0,1.0,A01
201800023071,1.0,2,0,0.0,2.0,3.0,1.0,B01
201800023071,1.0,7,0,0.0,2.0,6.0,15.0,A01
201800023072,2.0,7,0,0.0,2.0,1.0,2.0,C01
201800023072,2.0,7,0,0.0,2.0,4.0,1.0,A01
201800023072,2.0,7,0,0.0,2.0,4.0,2.0,B01
201800023073,1.0,33,0,0.0,2.0,2.0,9.0,B01
201800023073,1.0,7,0,0.0,2.0,1.0,15.0,A01
201800023074,1.0,7,0,0.0,2.0,4.0,2.0,B01
201800023074,1.0,7,0,0.0,2.0,4.0,2.0,C01
201800023074,1.0,10,0,0.0,2.0,1.0,2.0,A01
201800023075,1.0,7,0,0.0,2.0,6.0,9.0,A01
201800023075,1.0,7,0,0.0,2.0,0.0,9.0,Z01
201800023076,2.0,7,0,0.0,2.0,7.0,1.0,A01
201800023076,2.0,33,0,0.0,2.0,7.0,2.0,B01
201800023077,1.0,7,0,15.0,0.0,1.0,13.0,A01
201800023078,1.0,7,0,0.0,2.0,4.0,2.0,E01
201800023078,1.0,7,0,0.0,2.0,4.0,2.0,D01
201800023078,1.0,7,0,0.0,2.0,4.0,2.0,F01
201800023078,1.0,7,0,0.0,2.0,4.0,2.0,B01
201800023078,1.0,7,0,0.0,2.0,4.0,2.0,C01
201800023078,1.0,17,0,0.0,2.0,1.0,1.0,A01
201800023079,1.0,31,0,0.0,2.0,6.0,0.0,B01
201800023079,1.0,7,0,0.0,2.0,7.0,15.0,A01
201800023080,1.0,7,0,0.0,2.0,7.0,1.0,A01
201800023080,0.0,1,0,0.0,2.0,1.0,9.0,B01
201800023081,1.0,10,0,8.0,0.0,1.0,1.0,A01
201800023082,1.0,7,0,0.0,2.0,0.0,0.0,C01
201800023082,1.0,34,0,0.0,2.0,8.0,0.0,B01
201800023082,1.0,34,0,0.0,2.0,1.0,0.0,A01
201800023083,2.0,7,0,0.0,1.0,7.0,1.0,A01
201800023084,1.0,7,0,0.0,2.0,1.0,1.0,A01
201800023084,1.0,7,0,0.0,2.0,4.0,1.0,B01
201800023085,1.0,1,0,0.0,2.0,8.0,1.0,A01
201800023085,1.0,1,0,0.0,2.0,1.0,9.0,B01
201800023086,2.0,7,0,0.0,2.0,4.0,2.0,B01
201800023086,2.0,7,0,0.0,2.0,1.0,2.0,A01
201800023087,1.0,1,0,0.0,1.0,1.0,1.0,A01
201800023088,1.0,7,0,0.0,2.0,1.0,9.0,A01
201800023088,1.0,34,0,0.0,2.0,7.0,1.0,B01
201800023089,2.0,2,0,0.0,2.0,1.0,2.0,A01
201800023089,2.0,7,0,0.0,2.0,4.0,15.0,B01
201800023090,0.0,31,0,0.0,2.0,9.0,1.0,A01
201800023090,0.0,10,0,0.0,2.0,4.0,1.0,B01
201800023091,1.0,7,0,0.0,2.0,4.0,2.0,A01
201800023091,1.0,10,0,0.0,2.0,1.0,2.0,B01
201800023092,1.0,7,0,2.0,0.0,3.0,13.0,A01
201800023093,2.0,34,0,14.0,0.0,7.0,0.0,A01
201800023094,1.0,7,0,0.0,2.0,7.0,15.0,A01
201800023094,2.0,2,0,0.0,2.0,1.0,17.0,B01
201800023095,2.0,7,0,0.0,1.0,1.0,1.0,A01
201800023096,1.0,7,0,0.0,1.0,1.0,1.0,Z01
201800023097,1.0,7,0,0.0,2.0,1.0,17.0,A01
201800023097,1.0,7,0,0.0,2.0,4.0,1.0,C01
201800023097,1.0,7,0,0.0,2.0,4.0,2.0,B01
201800023098,1.0,7,0,0.0,2.0,3.0,13.0,A01
201800023098,2.0,7,0,0.0,2.0,1.0,1.0,B01
201800023099,1.0,7,0,0.0,2.0,1.0,5.0,A01
201800023099,2.0,10,0,0.0,2.0,2.0,1.0,B01
201800023100,1.0,32,0,0.0,2.0,6.0,18.0,A01
201800023100,1.0,1,0,0.0,2.0,1.0,1.0,B01
201800023101,0.0,7,0,0.0,2.0,1.0,15.0,A01
201800023101,0.0,33,0,0.0,2.0,1.0,1.0,B01
201800023102,0.0,7,0,0.0,1.0,1.0,1.0,A01
201800023103,0.0,7,0,0.0,2.0,8.0,1.0,B01
201800023103,0.0,33,0,0.0,2.0,8.0,14.0,A01
201800023104,1.0,7,0,0.0,1.0,1.0,1.0,A01
201800023105,1.0,7,0,0.0,2.0,1.0,1.0,A01
201800023105,1.0,7,0,0.0,2.0,4.0,1.0,C01
201800023105,1.0,7,0,0.0,2.0,4.0,1.0,B01
201800023106,1.0,33,0,0.0,2.0,7.0,17.0,B01
201800023106,1.0,7,0,0.0,2.0,3.0,10.0,A01
201800023107,1.0,15,0,0.0,2.0,3.0,9.0,B01
201800023107,1.0,15,0,0.0,2.0,7.0,9.0,A01
201800023108,1.0,33,0,0.0,2.0,1.0,17.0,A01
201800023108,1.0,7,0,0.0,2.0,6.0,15.0,B01
201800023109,1.0,7,0,0.0,1.0,3.0,1.0,A01
201800023110,2.0,7,0,0.0,2.0,3.0,15.0,A01
201800023110,1.0,1,0,0.0,2.0,0.0,1.0,B01
201800023111,1.0,7,0,0.0,2.0,7.0,12.0,A01
201800023111,1.0,7,0,0.0,2.0,3.0,1.0,B01
201800023112,2.0,33,0,0.0,2.0,1.0,2.0,A01
201800023112,2.0,7,0,0.0,2.0,4.0,2.0,B01
201800023113,2.0,1,0,0.0,2.0,0.0,1.0,A01
201800023113,2.0,7,0,0.0,2.0,7.0,16.0,Z01
201800023114,1.0,10,0,0.0,1.0,4.0,4.0,A01
201800023115,2.0,7,0,4.0,0.0,7.0,0.0,A01
201800023116,1.0,31,0,8.0,0.0,1.0,1.0,A01
201800023117,1.0,99,0,,1.0,,,Z01
201800023118,1.0,34,0,0.0,1.0,1.0,1.0,A01
201800023119,2.0,7,0,0.0,1.0,1.0,1.0,A01
201800023120,2.0,7,0,0.0,2.0,4.0,1.0,B01
201800023120,2.0,7,0,4.0,2.0,1.0,2.0,A01
201800023121,1.0,7,0,0.0,2.0,1.0,1.0,B01
201800023121,2.0,30,0,0.0,2.0,1.0,9.0,A01
201800023122,1.0,7,0,0.0,2.0,1.0,13.0,A01
201800023122,2.0,7,0,0.0,2.0,2.0,24.0,B01
201800023123,1.0,7,0,0.0,2.0,8.0,9.0,A01
201800023123,2.0,1,0,0.0,2.0,8.0,1.0,C01
201800023123,1.0,7,0,0.0,2.0,1.0,1.0,B01
201800023124,2.0,7,0,0.0,1.0,1.0,1.0,A01
201800023125,1.0,7,0,0.0,2.0,0.0,9.0,A01
201800023125,1.0,1,0,0.0,2.0,1.0,1.0,B01
201800023126,1.0,1,0,0.0,2.0,0.0,1.0,B01
201800023126,1.0,7,0,0.0,2.0,5.0,9.0,A01
201800023127,1.0,7,0,0.0,1.0,2.0,1.0,A01
201800023128,1.0,7,0,0.0,2.0,4.0,2.0,B01
201800023128,1.0,7,0,0.0,2.0,4.0,2.0,C01
201800023128,1.0,7,0,0.0,2.0,1.0,2.0,A01
201800023129,1.0,7,0,0.0,1.0,4.0,4.0,A01
201800023130,1.0,7,0,0.0,2.0,1.0,1.0,A01
201800023130,1.0,7,0,0.0,2.0,7.0,1.0,B01
201800023131,1.0,7,0,0.0,1.0,4.0,4.0,A01
201800023132,1.0,7,0,0.0,1.0,2.0,1.0,A01
201800023133,1.0,31,0,0.0,2.0,1.0,17.0,A01
201800023133,1.0,7,0,0.0,2.0,8.0,15.0,B01
201800023134,1.0,34,0,0.0,2.0,1.0,17.0,A01
201800023134,1.0,7,0,0.0,2.0,6.0,1.0,B01
201800023135,1.0,10,0,0.0,1.0,4.0,4.0,A01
201800023136,1.0,7,0,0.0,2.0,1.0,15.0,A01
201800023136,2.0,33,0,0.0,2.0,1.0,1.0,B01
201800023137,2.0,7,0,0.0,2.0,1.0,1.0,B01
201800023137,1.0,7,0,0.0,2.0,8.0,0.0,A01
201800023138,1.0,7,0,0.0,0.0,9.0,1.0,A01
201800023139,1.0,7,0,0.0,1.0,0.0,0.0,Z01
201800023140,2.0,7,0,0.0,2.0,3.0,1.0,B01
201800023140,1.0,1,0,0.0,2.0,1.0,13.0,A01
201800023141,1.0,10,0,0.0,2.0,1.0,1.0,B01
201800023141,1.0,2,0,0.0,2.0,0.0,0.0,A01
201800023142,1.0,7,0,0.0,2.0,1.0,15.0,B01
201800023142,1.0,1,0,0.0,2.0,1.0,5.0,A01
201800023143,1.0,7,0,0.0,1.0,3.0,1.0,A01
201800023144,1.0,1,0,0.0,1.0,0.0,1.0,Z01
201800023145,1.0,31,0,0.0,2.0,8.0,3.0,B01
201800023145,1.0,7,0,0.0,2.0,2.0,12.0,A01
201800023146,0.0,10,0,0.0,1.0,3.0,1.0,A01
201800023147,1.0,7,0,12.0,0.0,2.0,14.0,A01
201800023148,1.0,7,0,2.0,0.0,1.0,14.0,A01
201800023149,2.0,7,0,6.0,0.0,1.0,14.0,A01
201800023150,1.0,2,0,0.0,2.0,1.0,1.0,B01
201800023150,2.0,7,0,0.0,2.0,2.0,15.0,A01
201800023151,2.0,31,0,0.0,2.0,1.0,17.0,A01
201800023151,1.0,7,0,0.0,2.0,1.0,15.0,B01
201800023152,1.0,7,0,15.0,0.0,8.0,14.0,A01
201800023153,2.0,2,0,0.0,1.0,1.0,1.0,A01
201800023154,2.0,7,0,0.0,1.0,1.0,1.0,A01
201800023155,2.0,10,0,0.0,2.0,1.0,2.0,A01
201800023155,2.0,7,0,0.0,2.0,4.0,2.0,B01
201800023156,2.0,33,0,0.0,2.0,8.0,1.0,A01
201800023156,2.0,7,0,0.0,0.0,0.0,0.0,Z01
201800023157,2.0,7,0,0.0,2.0,8.0,1.0,B01
201800023157,1.0,7,0,0.0,2.0,7.0,1.0,A01
201800023158,0.0,7,0,0.0,2.0,0.0,9.0,A01
201800023158,1.0,1,0,0.0,2.0,1.0,1.0,B01
201800023158,1.0,1,0,0.0,2.0,1.0,1.0,C01
201800023159,1.0,7,0,0.0,2.0,2.0,16.0,B01
201800023159,1.0,2,0,0.0,2.0,1.0,18.0,A01
201800023160,1.0,7,0,0.0,2.0,2.0,1.0,A01
201800023160,1.0,10,0,0.0,2.0,3.0,1.0,B01
201800023161,2.0,7,0,0.0,2.0,6.0,1.0,B01
201800023161,1.0,7,0,0.0,2.0,8.0,18.0,A01
201800023162,1.0,7,0,0.0,2.0,2.0,15.0,A01
201800023162,2.0,2,0,0.0,2.0,1.0,5.0,B01
201800023163,2.0,31,0,0.0,2.0,7.0,15.0,A01
201800023163,2.0,7,0,0.0,2.0,1.0,1.0,B01
201800023164,1.0,7,0,0.0,1.0,4.0,4.0,A01
201800023165,2.0,7,0,0.0,2.0,0.0,0.0,Z01
201800023165,2.0,1,0,0.0,2.0,7.0,19.0,A01
201800023166,1.0,32,0,0.0,2.0,1.0,2.0,A01
201800023166,1.0,7,0,0.0,2.0,4.0,1.0,B01
201800023167,1.0,7,0,0.0,2.0,1.0,1.0,A01
201800023167,2.0,1,0,0.0,2.0,8.0,19.0,B01