Num_Acc,senc,catv,occutc,obs,obsm,choc,manv,num_veh
201800023168,1.0,31,0,0.0,2.0,1.0,9.0,A01
201800023168,2.0,7,0,0.0,2.0,8.0,1.0,B01
201800023169,1.0,7,0,0.0,2.0,3.0,9.0,A01
201800023169,1.0,1,0,0.0,2.0,7.0,1.0,B01
201800023170,1.0,7,0,0.0,2.0,3.0,1.0,B01
201800023170,1.0,34,0,0.0,2.0,9.0,17.0,A01
201800023171,2.0,30,0,0.0,2.0,1.0,1.0,B01
201800023171,1.0,7,0,0.0,2.0,1.0,15.0,A01
201800023172,1.0,7,0,0.0,2.0,2.0,1.0,B01
201800023172,1.0,10,0,0.0,2.0,1.0,9.0,A01
201800023173,1.0,7,0,0.0,2.0,4.0,1.0,B01
201800023173,1.0,7,0,0.0,2.0,1.0,1.0,A01
201800023174,1.0,32,0,0.0,2.0,1.0,0.0,A01
201800023174,1.0,10,0,0.0,2.0,6.0,1.0,B01
201800023175,1.0,7,0,0.0,2.0,4.0,1.0,B01
201800023175,1.0,7,0,0.0,1.0,1.0,14.0,A01
201800023176,1.0,7,0,0.0,2.0,1.0,1.0,A01
201800023176,1.0,7,0,0.0,2.0,4.0,1.0,B01
201800023177,1.0,7,0,0.0,2.0,1.0,2.0,A01
201800023177,1.0,7,0,0.0,2.0,4.0,2.0,B01
201800023178,1.0,7,0,0.0,2.0,9.0,1.0,B01
201800023178,2.0,15,0,0.0,2.0,2.0,12.0,A01
201800023179,1.0,7,0,0.0,1.0,1.0,1.0,A01
201800023180,2.0,7,0,0.0,2.0,1.0,1.0,A01
201800023180,0.0,7,0,0.0,2.0,9.0,1.0,B01
201800023181,1.0,7,0,0.0,1.0,0.0,1.0,Z01
201800023182,1.0,7,0,0.0,1.0,2.0,1.0,A01
201800023183,1.0,7,0,0.0,2.0,1.0,1.0,B01
201800023183,1.0,7,0,0.0,2.0,4.0,1.0,A01
201800023184,0.0,1,0,0.0,2.0,1.0,1.0,A01
201800023184,0.0,7,0,0.0,2.0,0.0,9.0,B01
201800023185,1.0,7,0,0.0,2.0,0.0,0.0,A01
201800023185,1.0,7,0,0.0,2.0,0.0,1.0,B01
201800023186,0.0,1,0,0.0,2.0,1.0,1.0,B01
201800023186,0.0,7,0,0.0,2.0,3.0,9.0,A01
201800023187,0.0,7,0,0.0,2.0,3.0,13.0,A01
201800023187,0.0,7,0,0.0,2.0,1.0,1.0,B01
201800023188,0.0,7,0,0.0,2.0,3.0,1.0,B01
201800023188,0.0,2,0,0.0,2.0,7.0,9.0,A01
201800023189,0.0,34,0,0.0,2.0,1.0,8.0,B01
201800023189,0.0,7,0,0.0,2.0,2.0,15.0,A01
201800023190,1.0,7,0,0.0,2.0,4.0,1.0,A01
201800023190,1.0,7,0,0.0,2.0,1.0,2.0,Z01
201800023191,1.0,7,0,6.0,0.0,1.0,14.0,A01
201800023192,2.0,7,0,0.0,2.0,1.0,17.0,A01
201800023192,0.0,7,0,0.0,2.0,8.0,10.0,B01
201800023193,1.0,7,0,0.0,2.0,2.0,15.0,A01
201800023193,2.0,7,0,0.0,2.0,8.0,1.0,B01
201800023194,2.0,7,0,0.0,2.0,5.0,10.0,A01
201800023194,1.0,33,0,0.0,,1.0,1.0,B01
201800023195,1.0,7,0,0.0,2.0,1.0,2.0,A01
201800023195,1.0,37,5,0.0,2.0,4.0,1.0,B01
201800023196,1.0,7,0,0.0,2.0,1.0,13.0,A01
201800023196,1.0,7,0,0.0,2.0,1.0,1.0,B01
201800023197,0.0,10,0,0.0,2.0,0.0,1.0,B01
201800023197,0.0,1,0,0.0,2.0,1.0,1.0,A01
201800023198,1.0,2,0,0.0,2.0,1.0,1.0,B01
201800023198,2.0,10,0,0.0,2.0,2.0,15.0,A01
201800023199,0.0,1,0,0.0,2.0,8.0,9.0,A01
201800023199,2.0,31,0,0.0,2.0,8.0,23.0,B01
201800023200,1.0,10,0,0.0,1.0,4.0,4.0,A01
201800023201,1.0,7,0,0.0,2.0,4.0,1.0,B01
201800023201,1.0,7,0,0.0,2.0,1.0,1.0,A01
201800023202,1.0,7,0,0.0,2.0,3.0,18.0,A01
201800023202,1.0,7,0,0.0,2.0,5.0,1.0,B01
201800023203,1.0,7,0,0.0,2.0,6.0,9.0,A01
201800023203,1.0,34,0,0.0,2.0,1.0,1.0,B01
201800023204,2.0,7,0,0.0,2.0,2.0,16.0,A01
201800023204,2.0,2,0,0.0,2.0,8.0,7.0,B01
201800023205,2.0,33,0,0.0,2.0,7.0,1.0,B01
201800023205,2.0,7,0,0.0,2.0,3.0,12.0,A01
201800023206,2.0,31,0,0.0,2.0,1.0,9.0,B01
201800023206,1.0,31,0,0.0,2.0,8.0,9.0,A01
201800023207,1.0,33,0,0.0,2.0,1.0,1.0,A01
201800023207,1.0,7,0,0.0,2.0,1.0,1.0,C01
201800023207,1.0,7,0,0.0,2.0,4.0,2.0,B01
201800023208,2.0,31,0,0.0,2.0,1.0,1.0,B01
201800023208,2.0,7,0,0.0,2.0,3.0,15.0,A01
201800023209,1.0,10,0,0.0,2.0,3.0,1.0,A01
201800023209,1.0,7,0,0.0,2.0,6.0,15.0,B01
201800023210,1.0,7,0,1.0,0.0,3.0,13.0,A01
201800023211,1.0,7,0,0.0,2.0,9.0,1.0,B01
201800023211,1.0,7,0,0.0,2.0,4.0,1.0,C01
201800023211,1.0,10,0,0.0,2.0,0.0,0.0,Z01
201800023211,1.0,7,0,0.0,2.0,9.0,1.0,A01
201800023212,1.0,7,0,4.0,0.0,1.0,13.0,A01
201800023212,1.0,7,0,0.0,2.0,1.0,1.0,B01
201800023213,2.0,7,0,0.0,2.0,0.0,0.0,Z01
201800023213,1.0,32,0,0.0,2.0,2.0,1.0,A01
201800023214,0.0,30,0,0.0,2.0,1.0,1.0,A01
201800023214,0.0,7,0,0.0,2.0,3.0,15.0,B01
201800023215,0.0,14,0,0.0,2.0,4.0,4.0,A01
201800023215,0.0,32,0,0.0,2.0,1.0,1.0,B01
201800023216,1.0,34,0,0.0,2.0,7.0,1.0,B01
201800023216,1.0,10,0,0.0,2.0,0.0,16.0,A01
201800023217,1.0,7,0,0.0,2.0,1.0,1.0,B01
201800023217,0.0,1,0,0.0,2.0,2.0,0.0,A01
201800023218,1.0,2,0,0.0,1.0,1.0,1.0,A01
201800023219,0.0,10,0,0.0,2.0,3.0,11.0,B01
201800023219,0.0,34,0,0.0,2.0,7.0,1.0,A01
201800023220,0.0,7,0,0.0,2.0,5.0,1.0,B01
201800023220,0.0,34,0,0.0,2.0,1.0,11.0,A01
201800023221,1.0,7,0,0.0,2.0,9.0,1.0,C01
201800023221,1.0,10,0,0.0,2.0,4.0,1.0,D01
201800023221,1.0,7,0,0.0,2.0,9.0,1.0,B01
201800023221,1.0,14,0,0.0,2.0,1.0,1.0,A01
201800023222,0.0,7,0,8.0,0.0,1.0,1.0,A01
201800023223,1.0,7,0,0.0,2.0,7.0,16.0,B01
201800023223,1.0,34,0,0.0,2.0,1.0,7.0,A01
201800023224,2.0,7,0,0.0,2.0,7.0,1.0,B01
201800023224,2.0,7,0,0.0,2.0,5.0,1.0,C01
201800023224,2.0,7,0,0.0,2.0,2.0,1.0,A01
201800023225,0.0,7,0,10.0,2.0,9.0,0.0,A01
201800023225,0.0,7,0,0.0,2.0,3.0,1.0,B01
201800023226,0.0,1,0,0.0,2.0,1.0,1.0,B01
201800023226,0.0,7,0,0.0,2.0,3.0,16.0,A01
201800023227,1.0,1,0,0.0,2.0,1.0,1.0,A01
201800023227,1.0,7,0,0.0,2.0,1.0,1.0,B01
201800023228,1.0,31,0,0.0,2.0,3.0,1.0,A01
201800023228,1.0,1,0,0.0,2.0,1.0,19.0,B01
201800023229,1.0,7,0,0.0,2.0,1.0,1.0,A01
201800023229,1.0,7,0,0.0,2.0,5.0,15.0,B01
201800023230,1.0,34,0,0.0,2.0,7.0,1.0,B01
201800023230,1.0,7,0,0.0,2.0,3.0,15.0,A01
201800023231,1.0,1,0,0.0,2.0,1.0,1.0,B01
201800023231,1.0,7,0,0.0,2.0,1.0,23.0,A01
201800023232,1.0,1,0,0.0,2.0,1.0,19.0,B01
201800023232,1.0,7,0,0.0,2.0,1.0,1.0,A01
201800023233,1.0,7,0,0.0,1.0,3.0,1.0,A01
201800023234,1.0,7,0,0.0,2.0,9.0,1.0,B01
201800023234,1.0,7,0,0.0,2.0,1.0,1.0,C01
201800023234,1.0,7,0,0.0,2.0,4.0,1.0,A01
201800023235,1.0,7,0,0.0,1.0,1.0,1.0,A01
201800023236,0.0,7,0,0.0,2.0,6.0,1.0,A01
201800023236,1.0,33,0,0.0,2.0,1.0,17.0,B01
201800023237,2.0,7,0,0.0,2.0,7.0,1.0,C01
201800023237,2.0,7,0,0.0,2.0,3.0,1.0,A01
201800023237,2.0,7,0,0.0,2.0,4.0,1.0,B01
201800023237,2.0,7,0,0.0,2.0,4.0,1.0,D01
201800023238,1.0,15,0,0.0,2.0,1.0,2.0,A01
201800023238,2.0,7,0,0.0,2.0,4.0,2.0,B01
201800023239,2.0,1,0,0.0,2.0,1.0,9.0,A01
201800023239,1.0,7,0,0.0,2.0,2.0,9.0,Z01
201800023240,2.0,10,0,0.0,2.0,1.0,2.0,A01
201800023240,2.0,7,0,0.0,2.0,5.0,1.0,D01
201800023240,2.0,7,0,0.0,2.0,3.0,0.0,C01
201800023240,2.0,10,0,0.0,2.0,4.0,1.0,B01
201800023241,1.0,7,0,0.0,1.0,1.0,1.0,A01
201800023242,1.0,7,0,0.0,2.0,1.0,1.0,A01
201800023242,1.0,2,0,0.0,2.0,1.0,5.0,B01
201800023243,1.0,34,0,0.0,2.0,8.0,1.0,A01
201800023243,1.0,7,0,0.0,2.0,2.0,1.0,B01
201800023244,2.0,32,0,0.0,2.0,1.0,1.0,B01
201800023244,1.0,7,0,0.0,2.0,1.0,15.0,A01
201800023245,1.0,7,0,0.0,1.0,1.0,1.0,A01
201800023246,2.0,2,0,0.0,2.0,7.0,17.0,A01
201800023246,2.0,7,0,0.0,2.0,3.0,11.0,B01
201800023247,1.0,1,0,0.0,2.0,1.0,13.0,A01
201800023247,2.0,1,0,0.0,2.0,1.0,1.0,B01
201800023248,1.0,7,0,0.0,1.0,2.0,14.0,A01
201800023249,1.0,7,0,0.0,1.0,2.0,1.0,A01
201800023250,1.0,7,0,0.0,2.0,9.0,16.0,A01
201800023250,1.0,7,0,0.0,2.0,3.0,1.0,B01
201800023251,1.0,2,0,0.0,2.0,4.0,1.0,A01
201800023251,1.0,7,0,0.0,2.0,1.0,2.0,B01
201800023252,1.0,7,0,0.0,1.0,1.0,1.0,A01
201800023252,1.0,7,0,0.0,2.0,8.0,1.0,Z01
201800023252,0.0,10,0,0.0,2.0,0.0,24.0,B01
201800023253,1.0,7,0,0.0,2.0,0.0,0.0,Z01
201800023253,2.0,7,0,0.0,2.0,6.0,1.0,A01
201800023254,0.0,7,0,0.0,1.0,1.0,1.0,A01
201800023255,0.0,7,0,0.0,2.0,3.0,10.0,A01
201800023255,0.0,7,0,0.0,2.0,1.0,1.0,B01
201800023256,1.0,14,0,0.0,2.0,0.0,0.0,Z01
201800023256,1.0,34,0,0.0,2.0,7.0,9.0,A01
201800023257,0.0,7,0,0.0,1.0,4.0,4.0,A01
201800023258,0.0,7,0,0.0,2.0,4.0,1.0,D01
201800023258,0.0,10,0,0.0,2.0,9.0,1.0,B01
201800023258,0.0,7,0,0.0,2.0,9.0,1.0,C01
201800023258,0.0,10,0,0.0,2.0,1.0,1.0,A01
201800023259,0.0,7,0,0.0,2.0,3.0,24.0,A01
201800023259,0.0,1,0,1.0,0.0,1.0,1.0,B01
201800023260,0.0,1,0,0.0,2.0,1.0,19.0,A01
201800023260,0.0,10,0,0.0,2.0,3.0,1.0,B01
201800023261,1.0,33,0,0.0,2.0,7.0,1.0,A01
201800023261,1.0,7,0,0.0,2.0,8.0,13.0,Z01
201800023262,1.0,7,0,0.0,1.0,1.0,1.0,A01
201800023263,0.0,1,0,0.0,2.0,3.0,19.0,A01
201800023263,0.0,7,0,0.0,2.0,2.0,16.0,B01
201800023264,0.0,7,0,0.0,2.0,4.0,1.0,A01
201800023264,0.0,7,0,0.0,2.0,4.0,2.0,C01
201800023264,0.0,7,0,0.0,2.0,4.0,2.0,B01
201800023265,0.0,30,0,0.0,2.0,1.0,17.0,A01
201800023265,0.0,7,0,0.0,2.0,1.0,15.0,B01
201800023266,0.0,1,0,0.0,2.0,1.0,19.0,B01
201800023266,1.0,7,0,0.0,2.0,1.0,1.0,A01
201800023267,0.0,7,0,0.0,2.0,1.0,1.0,B01
201800023267,0.0,31,0,0.0,2.0,1.0,15.0,A01
201800023268,2.0,31,0,0.0,2.0,8.0,3.0,A01
201800023268,2.0,7,0,0.0,2.0,7.0,12.0,B01
201800023269,2.0,7,0,0.0,2.0,4.0,1.0,B01
201800023269,1.0,31,0,0.0,2.0,1.0,2.0,A01
201800023270,1.0,10,0,0.0,2.0,3.0,15.0,A01
201800023270,1.0,1,0,0.0,2.0,1.0,17.0,B01
201800023271,0.0,7,0,0.0,1.0,3.0,15.0,Z01
201800023272,1.0,7,0,0.0,2.0,1.0,1.0,A01
201800023272,1.0,7,0,0.0,2.0,9.0,1.0,B01
201800023272,1.0,10,0,0.0,2.0,9.0,1.0,C01
201800023272,0.0,7,0,0.0,2.0,4.0,1.0,D01
201800023273,0.0,1,0,0.0,2.0,7.0,9.0,B01
201800023273,2.0,7,0,0.0,2.0,1.0,9.0,A01
201800023274,0.0,10,0,0.0,2.0,1.0,2.0,A01
201800023274,0.0,7,0,0.0,2.0,4.0,2.0,B01
201800023275,0.0,7,0,0.0,1.0,3.0,1.0,A01
201800023276,2.0,10,0,0.0,2.0,6.0,10.0,A01
201800023276,2.0,31,0,0.0,2.0,1.0,17.0,B01
201800023277,2.0,10,0,0.0,2.0,6.0,1.0,B01
201800023277,2.0,2,0,0.0,2.0,1.0,2.0,A01
201800023278,2.0,1,0,0.0,2.0,1.0,1.0,B01
201800023278,1.0,7,0,0.0,2.0,7.0,15.0,A01
201800023279,2.0,33,0,0.0,2.0,1.0,17.0,B01
201800023279,2.0,7,0,0.0,2.0,8.0,15.0,A01
201800023280,2.0,32,0,0.0,2.0,0.0,1.0,A01
201800023281,2.0,10,0,0.0,2.0,8.0,15.0,B01
201800023281,2.0,32,0,0.0,2.0,8.0,17.0,A01
201800023282,2.0,1,0,0.0,1.0,1.0,1.0,A01
201800023283,1.0,1,0,0.0,2.0,1.0,2.0,A01
201800023283,0.0,7,0,0.0,2.0,4.0,1.0,B01
201800023284,2.0,7,0,0.0,2.0,1.0,1.0,A01
201800023284,2.0,1,0,0.0,2.0,8.0,19.0,B01
201800023285,0.0,1,0,0.0,2.0,4.0,1.0,B01
201800023285,0.0,7,0,0.0,2.0,3.0,9.0,A01
201800023286,2.0,33,0,0.0,2.0,1.0,17.0,A01
201800023286,1.0,15,0,0.0,2.0,4.0,1.0,B01
201800023287,0.0,2,0,0.0,2.0,8.0,13.0,A01
201800023287,0.0,7,0,0.0,2.0,3.0,1.0,B01
201800023288,1.0,33,0,0.0,2.0,1.0,17.0,A01
201800023288,1.0,7,0,0.0,2.0,8.0,15.0,B01
201800023289,1.0,30,0,0.0,2.0,8.0,1.0,A01
201800023289,1.0,7,0,0.0,2.0,7.0,14.0,Z01
201800023290,1.0,10,0,0.0,2.0,9.0,1.0,A01
201800023290,1.0,7,0,0.0,2.0,4.0,1.0,D01
201800023290,1.0,7,0,0.0,2.0,9.0,1.0,C01
201800023290,1.0,7,0,0.0,2.0,9.0,1.0,B01
201800023291,1.0,7,0,4.0,0.0,9.0,1.0,A01
201800023292,1.0,7,0,0.0,2.0,1.0,1.0,B01
201800023292,1.0,7,0,0.0,2.0,8.0,15.0,A01
201800023293,2.0,33,0,0.0,2.0,1.0,2.0,A01
201800023293,2.0,7,0,0.0,2.0,7.0,1.0,B01
201800023294,0.0,7,0,0.0,1.0,1.0,1.0,A01
201800023295,0.0,7,0,0.0,2.0,6.0,1.0,B01
201800023295,0.0,13,0,0.0,2.0,3.0,21.0,A01
201800023296,1.0,33,0,0.0,2.0,1.0,1.0,A01
201800023296,1.0,1,0,0.0,2.0,1.0,9.0,B01
201800023297,1.0,7,0,0.0,2.0,1.0,9.0,A01
201800023297,1.0,7,0,0.0,2.0,8.0,1.0,B01
201800023298,1.0,7,0,12.0,0.0,7.0,14.0,A01
201800023299,0.0,7,0,0.0,2.0,7.0,1.0,B01
201800023299,2.0,1,0,0.0,2.0,1.0,9.0,A01
201800023300,1.0,10,0,0.0,2.0,1.0,1.0,A01
201800023300,1.0,7,0,0.0,2.0,8.0,1.0,B01
201800023301,1.0,7,0,0.0,2.0,1.0,15.0,A01
201800023301,2.0,34,0,0.0,2.0,9.0,1.0,B01
201800023302,0.0,7,0,0.0,2.0,9.0,1.0,A01
201800023302,0.0,7,0,0.0,2.0,0.0,0.0,Z01
201800023303,1.0,7,0,0.0,2.0,3.0,10.0,A01
201800023303,1.0,32,0,0.0,2.0,1.0,1.0,B01
201800023304,0.0,37,1,0.0,1.0,0.0,15.0,A01
201800023305,1.0,1,0,0.0,2.0,1.0,1.0,A01
201800023305,2.0,7,0,0.0,2.0,2.0,15.0,Z01
201800023306,1.0,10,0,0.0,2.0,5.0,10.0,A01
201800023306,2.0,34,0,0.0,2.0,1.0,1.0,B01
201800023307,1.0,7,0,0.0,1.0,1.0,1.0,A01
201800023308,2.0,33,0,0.0,2.0,1.0,2.0,A01
201800023308,2.0,7,0,0.0,2.0,4.0,2.0,B01
201800023309,1.0,7,0,0.0,1.0,7.0,1.0,A01
201800023310,1.0,14,0,0.0,2.0,3.0,1.0,A01
201800023310,1.0,33,0,0.0,2.0,9.0,2.0,B01
201800023311,0.0,10,0,0.0,1.0,0.0,1.0,A01
201800023312,0.0,14,0,0.0,1.0,4.0,4.0,A01
201800023313,0.0,7,0,0.0,2.0,1.0,15.0,A01
201800023313,0.0,1,0,0.0,2.0,8.0,1.0,B01
201800023314,0.0,1,0,0.0,2.0,1.0,2.0,B01
201800023314,0.0,7,0,0.0,2.0,4.0,23.0,A01
201800023315,0.0,30,0,0.0,1.0,1.0,1.0,A01
201800023316,2.0,7,0,0.0,1.0,0.0,0.0,Z01
201800023317,0.0,7,0,0.0,0.0,9.0,1.0,A01
201800023318,0.0,7,0,0.0,2.0,4.0,2.0,B01
201800023318,0.0,10,0,0.0,2.0,1.0,2.0,A01
201800023319,2.0,7,0,0.0,2.0,1.0,2.0,A01
201800023319,2.0,7,0,0.0,2.0,4.0,2.0,B01
201800023320,2.0,7,0,0.0,2.0,1.0,2.0,A01
201800023320,2.0,7,0,0.0,2.0,6.0,2.0,B01
201800023320,2.0,7,0,0.0,2.0,4.0,2.0,C01
201800023321,0.0,7,0,0.0,0.0,0.0,0.0,Z01
201800023321,2.0,2,0,0.0,2.0,1.0,2.0,A01
201800023322,1.0,34,0,0.0,2.0,8.0,1.0,A01
201800023322,0.0,7,0,0.0,2.0,0.0,0.0,Z01
201800023323,1.0,1,0,0.0,2.0,1.0,1.0,A01
201800023323,0.0,40,1,0.0,4.0,1.0,1.0,B02
201800023324,2.0,7,0,0.0,2.0,3.0,10.0,A01
201800023324,2.0,33,0,0.0,2.0,1.0,1.0,B01
201800023325,0.0,7,0,0.0,2.0,4.0,2.0,D01
201800023325,2.0,10,0,0.0,2.0,1.0,2.0,A01
201800023325,2.0,7,0,0.0,2.0,5.0,2.0,B01
201800023325,2.0,7,0,0.0,2.0,5.0,2.0,C01
201800023326,0.0,7,0,0.0,2.0,7.0,15.0,A01
201800023326,0.0,1,0,0.0,2.0,8.0,1.0,B01
201800023327,2.0,7,0,0.0,4.0,7.0,1.0,A01
201800023327,0.0,39,50,0.0,2.0,1.0,1.0,B01
201800023328,2.0,32,0,0.0,2.0,8.0,1.0,B01
201800023328,1.0,7,0,0.0,2.0,1.0,15.0,Z01
201800023329,0.0,40,9,0.0,2.0,1.0,1.0,B01
201800023329,0.0,14,0,0.0,4.0,1.0,1.0,A01
201800023330,0.0,7,0,0.0,1.0,4.0,4.0,A01
201800023331,2.0,7,0,0.0,2.0,1.0,1.0,B01
201800023331,1.0,7,0,0.0,2.0,7.0,13.0,A01
201800023332,2.0,7,0,0.0,2.0,3.0,15.0,A01
201800023332,1.0,1,0,0.0,2.0,1.0,1.0,B01
201800023333,0.0,7,0,0.0,1.0,4.0,4.0,A01
201800023334,0.0,10,0,0.0,1.0,4.0,4.0,A01
201800023335,1.0,33,0,0.0,2.0,1.0,17.0,A01
201800023335,1.0,7,0,0.0,2.0,8.0,15.0,B01
201800023336,0.0,7,0,0.0,2.0,3.0,15.0,A01
201800023336,0.0,1,0,0.0,2.0,1.0,1.0,B01
201800023337,1.0,10,0,0.0,1.0,1.0,1.0,A01
201800023338,0.0,7,0,0.0,2.0,4.0,1.0,B01
201800023338,0.0,7,0,0.0,2.0,1.0,1.0,A01
201800023339,0.0,10,0,0.0,2.0,3.0,23.0,D01
201800023339,1.0,99,0,0.0,2.0,1.0,2.0,Z01
201800023339,0.0,7,0,0.0,2.0,5.0,23.0,C01
201800023339,0.0,7,0,0.0,2.0,6.0,23.0,A01
201800023339,0.0,7,0,0.0,2.0,5.0,23.0,B01
201800023340,0.0,7,0,0.0,2.0,2.0,1.0,B01
201800023340,0.0,7,0,0.0,2.0,7.0,15.0,A01
201800023341,0.0,7,0,0.0,1.0,1.0,16.0,A01
201800023342,0.0,7,0,0.0,2.0,0.0,0.0,B01
201800023342,0.0,10,0,0.0,2.0,1.0,2.0,A01
201800023342,0.0,7,0,0.0,2.0,4.0,2.0,C01
201800023343,1.0,7,0,0.0,2.0,1.0,1.0,A01
201800023343,1.0,7,0,0.0,2.0,4.0,1.0,C01
201800023343,1.0,7,0,0.0,2.0,9.0,1.0,B01
201800023344,0.0,7,0,0.0,2.0,1.0,1.0,A01
201800023344,0.0,33,0,0.0,2.0,8.0,1.0,B01
201800023345,0.0,2,0,0.0,2.0,1.0,17.0,B01
201800023345,0.0,7,0,0.0,2.0,1.0,15.0,A01
201800023346,0.0,1,0,0.0,2.0,9.0,18.0,B01
201800023346,1.0,14,0,0.0,2.0,7.0,16.0,A01
201800023347,1.0,7,0,0.0,2.0,1.0,2.0,A01
201800023347,1.0,7,0,0.0,2.0,4.0,2.0,B01
201800023348,1.0,33,0,0.0,2.0,1.0,17.0,A01
201800023348,1.0,7,0,0.0,2.0,8.0,15.0,B01
201800023349,0.0,7,0,0.0,2.0,2.0,1.0,B01
201800023349,0.0,7,0,0.0,2.0,3.0,9.0,A01
201800023350,0.0,10,0,0.0,2.0,3.0,1.0,B01
201800023350,0.0,31,0,0.0,2.0,1.0,16.0,A01
201800023351,0.0,7,0,0.0,2.0,3.0,15.0,A01
201800023351,0.0,33,0,0.0,2.0,1.0,17.0,B01
201800023352,0.0,31,0,0.0,0.0,9.0,1.0,A01
201800023353,1.0,7,0,0.0,2.0,4.0,2.0,B01
201800023353,1.0,7,0,0.0,2.0,1.0,2.0,A01
201800023354,1.0,7,0,0.0,2.0,6.0,9.0,C01
201800023354,1.0,7,0,0.0,2.0,2.0,14.0,A01
201800023354,1.0,7,0,0.0,2.0,9.0,1.0,B01
201800023355,2.0,7,0,0.0,2.0,1.0,1.0,A01
201800023355,2.0,21,0,0.0,2.0,6.0,1.0,B01
201800023355,2.0,7,0,0.0,2.0,8.0,1.0,C01
201800023355,2.0,7,0,0.0,2.0,4.0,1.0,D01
201800023356,0.0,7,0,0.0,0.0,9.0,0.0,A01
201800023357,0.0,31,0,0.0,2.0,4.0,2.0,B01
201800023357,0.0,7,0,0.0,2.0,4.0,2.0,C01
201800023357,0.0,7,0,0.0,2.0,1.0,1.0,A01
201800023358,0.0,34,0,0.0,2.0,1.0,1.0,B01
201800023358,0.0,7,0,0.0,2.0,7.0,12.0,A01
201800023359,1.0,10,0,0.0,2.0,0.0,1.0,A01
201800023359,1.0,7,0,0.0,2.0,0.0,0.0,D01
201800023359,2.0,15,0,0.0,2.0,0.0,1.0,B01
201800023359,2.0,31,0,0.0,2.0,4.0,1.0,C01
201800023360,1.0,7,0,0.0,2.0,0.0,9.0,A01
201800023360,2.0,1,0,0.0,2.0,0.0,9.0,B01
201800023361,1.0,7,0,0.0,2.0,4.0,1.0,B01
201800023361,1.0,7,0,0.0,2.0,1.0,1.0,A01
201800023362,2.0,7,0,0.0,2.0,1.0,1.0,A01
201800023362,1.0,7,0,0.0,2.0,2.0,15.0,B01
201800023363,1.0,10,0,0.0,2.0,3.0,15.0,A01
201800023363,2.0,33,0,0.0,2.0,1.0,1.0,B01
201800023364,2.0,10,0,0.0,2.0,0.0,15.0,A01
201800023364,1.0,33,0,0.0,2.0,1.0,1.0,B01
201800023365,0.0,1,0,0.0,2.0,7.0,19.0,B01
201800023365,0.0,10,0,0.0,2.0,1.0,9.0,A01
201800023366,2.0,10,0,0.0,2.0,6.0,23.0,B01
201800023366,2.0,33,0,0.0,2.0,1.0,2.0,A01
201800023367,1.0,1,0,0.0,2.0,8.0,1.0,B01
201800023367,1.0,31,0,0.0,2.0,0.0,16.0,A01
201800023368,1.0,7,0,0.0,2.0,1.0,1.0,B01
201800023368,0.0,3,0,0.0,2.0,3.0,9.0,A01
201800023369,1.0,10,0,0.0,1.0,1.0,15.0,A01
201800023370,0.0,34,0,0.0,1.0,2.0,1.0,A01
201800023370,0.0,7,0,0.0,1.0,3.0,23.0,B01
201800023371,2.0,40,10,0.0,2.0,1.0,1.0,B01
201800023371,1.0,7,0,0.0,4.0,3.0,17.0,A01
201800023372,2.0,7,0,0.0,2.0,4.0,2.0,C01
201800023372,2.0,33,0,0.0,2.0,4.0,2.0,B01
201800023372,2.0,10,0,0.0,2.0,2.0,2.0,A01
201800023373,1.0,7,0,0.0,2.0,4.0,2.0,B01
201800023373,1.0,7,0,0.0,2.0,1.0,2.0,D01
201800023373,1.0,7,0,0.0,2.0,4.0,2.0,C01
201800023373,1.0,10,0,0.0,2.0,4.0,1.0,A01
201800023374,0.0,7,0,12.0,0.0,0.0,14.0,A01
201800023375,2.0,7,0,0.0,2.0,0.0,0.0,Z01
201800023375,1.0,1,0,0.0,2.0,4.0,1.0,A01
201800023376,1.0,34,0,0.0,2.0,6.0,0.0,A01
201800023376,2.0,99,0,0.0,2.0,0.0,0.0,Z01
201800023377,1.0,1,0,0.0,2.0,1.0,0.0,A01
201800023377,0.0,7,0,0.0,2.0,0.0,9.0,B01
201800023378,1.0,7,0,0.0,2.0,3.0,15.0,A01
201800023378,2.0,2,0,0.0,2.0,8.0,1.0,B01
201800023379,0.0,7,0,0.0,2.0,1.0,15.0,A01
201800023379,0.0,31,0,0.0,2.0,1.0,1.0,B01
201800023380,1.0,7,0,0.0,2.0,1.0,2.0,A01
201800023380,1.0,7,0,0.0,2.0,3.0,2.0,B01
201800023381,1.0,34,0,0.0,2.0,4.0,1.0,B01
201800023381,1.0,7,0,0.0,2.0,1.0,1.0,A01
201800023382,0.0,33,0,12.0,0.0,1.0,14.0,A01
201800023383,2.0,7,0,0.0,2.0,8.0,23.0,D01
201800023383,2.0,7,0,0.0,2.0,1.0,2.0,A01
201800023383,2.0,7,0,0.0,2.0,4.0,23.0,B01
201800023383,2.0,7,0,0.0,2.0,6.0,23.0,C01
201800023383,2.0,7,0,0.0,2.0,5.0,23.0,E01
201800023384,0.0,7,0,0.0,2.0,1.0,9.0,A01
201800023384,0.0,1,0,0.0,2.0,7.0,1.0,B01
201800023385,2.0,10,0,0.0,2.0,1.0,1.0,B01
201800023385,1.0,32,0,0.0,2.0,0.0,1.0,A01
201800023386,1.0,7,0,0.0,1.0,7.0,15.0,A01
201800023387,1.0,7,0,0.0,1.0,1.0,1.0,A01
201800023388,0.0,34,0,0.0,2.0,7.0,1.0,B01