Num_Acc,senc,catv,occutc,obs,obsm,choc,manv,num_veh
201800023661,2.0,7,0,0.0,6.0,1.0,1.0,B01
201800023661,1.0,1,0,0.0,2.0,8.0,9.0,A01
201800023662,0.0,7,0,0.0,1.0,1.0,1.0,A01
201800023663,0.0,7,0,0.0,1.0,2.0,15.0,A01
201800023664,1.0,2,0,0.0,2.0,2.0,3.0,B01
201800023664,0.0,7,0,0.0,2.0,3.0,9.0,A01
201800023665,0.0,7,0,8.0,0.0,0.0,0.0,A01
201800023666,0.0,7,0,0.0,1.0,2.0,1.0,A01
201800023667,2.0,7,0,0.0,1.0,1.0,1.0,A01
201800023668,1.0,7,0,0.0,1.0,3.0,1.0,A01
201800023669,1.0,7,0,13.0,0.0,8.0,0.0,A01
201800023670,1.0,7,0,0.0,2.0,1.0,13.0,A01
201800023670,2.0,7,0,0.0,2.0,3.0,1.0,B01
201800023671,1.0,7,0,0.0,2.0,1.0,13.0,A01
201800023671,2.0,7,0,0.0,2.0,3.0,1.0,B01
201800023672,2.0,7,0,13.0,0.0,0.0,13.0,A01
201800023673,1.0,7,0,0.0,2.0,1.0,1.0,A01
201800023673,2.0,7,0,0.0,2.0,1.0,1.0,B01
201800023674,2.0,33,0,0.0,6.0,1.0,1.0,A01
201800023675,2.0,1,0,0.0,2.0,3.0,19.0,A01
201800023675,0.0,7,0,0.0,2.0,2.0,1.0,B01
201800023676,2.0,7,0,2.0,0.0,0.0,1.0,A01
201800023677,1.0,7,0,0.0,0.0,0.0,5.0,A01
201800023678,0.0,7,0,13.0,0.0,9.0,1.0,A01
201800023679,2.0,34,0,0.0,2.0,8.0,9.0,A01
201800023679,1.0,7,0,0.0,2.0,1.0,1.0,B01
201800023680,0.0,21,0,0.0,0.0,0.0,16.0,A01
201800023681,1.0,7,0,0.0,2.0,3.0,1.0,A01
201800023681,2.0,7,0,0.0,2.0,3.0,1.0,B01
201800023681,2.0,7,0,0.0,0.0,0.0,1.0,C01
201800023682,2.0,7,0,0.0,0.0,4.0,0.0,B01
201800023682,2.0,7,0,1.0,0.0,1.0,0.0,A01
201800023683,2.0,7,0,0.0,0.0,9.0,2.0,A01
201800023684,2.0,17,0,1.0,2.0,3.0,1.0,A01
201800023684,2.0,7,0,3.0,2.0,6.0,23.0,B01
201800023685,2.0,7,0,13.0,0.0,6.0,9.0,B01
201800023685,2.0,7,0,13.0,2.0,2.0,12.0,A01
201800023686,2.0,7,0,0.0,2.0,2.0,18.0,A01
201800023686,2.0,13,0,0.0,0.0,6.0,1.0,B01
201800023687,1.0,7,0,0.0,0.0,1.0,1.0,A01
201800023688,1.0,7,0,13.0,0.0,1.0,1.0,A01
201800023689,1.0,7,0,0.0,2.0,7.0,5.0,D01
201800023689,2.0,7,0,0.0,2.0,9.0,1.0,A01
201800023689,2.0,7,0,0.0,2.0,1.0,1.0,B01
201800023689,2.0,7,0,0.0,2.0,8.0,1.0,C01
201800023690,1.0,17,0,0.0,0.0,6.0,1.0,A01
201800023690,1.0,17,0,3.0,2.0,1.0,2.0,B01
201800023690,1.0,17,0,4.0,2.0,1.0,2.0,C01
201800023691,1.0,7,0,4.0,2.0,5.0,1.0,B01
201800023691,1.0,7,0,4.0,2.0,3.0,21.0,A01
201800023692,2.0,7,0,0.0,2.0,2.0,15.0,A01
201800023692,1.0,33,0,0.0,2.0,3.0,1.0,B01
201800023693,1.0,7,0,6.0,0.0,1.0,1.0,A01
201800023694,2.0,33,0,0.0,2.0,1.0,1.0,A01
201800023694,0.0,7,0,0.0,2.0,6.0,19.0,B01
201800023695,1.0,7,0,0.0,1.0,2.0,1.0,A01
201800023696,1.0,34,0,0.0,2.0,1.0,17.0,B01
201800023696,1.0,7,0,0.0,2.0,6.0,15.0,A01
201800023697,0.0,33,0,0.0,0.0,8.0,0.0,A01
201800023698,2.0,10,0,0.0,2.0,1.0,9.0,A01
201800023698,2.0,1,0,0.0,2.0,3.0,0.0,B01
201800023699,0.0,7,0,0.0,0.0,0.0,0.0,B01
201800023699,0.0,31,0,8.0,0.0,0.0,0.0,A01
201800023700,2.0,7,0,2.0,0.0,1.0,14.0,A01
201800023701,0.0,7,0,0.0,0.0,0.0,9.0,A01
201800023701,0.0,33,0,7.0,0.0,0.0,21.0,B01
201800023702,2.0,7,0,3.0,0.0,2.0,1.0,A01
201800023703,1.0,7,0,0.0,1.0,3.0,1.0,A01
201800023704,2.0,7,0,0.0,2.0,1.0,15.0,B01
201800023704,1.0,2,0,0.0,2.0,1.0,1.0,A01
201800023705,2.0,7,0,0.0,2.0,3.0,1.0,B01
201800023705,1.0,7,0,0.0,2.0,3.0,13.0,A01
201800023706,1.0,7,0,13.0,0.0,1.0,1.0,A01
201800023707,2.0,7,0,0.0,2.0,6.0,17.0,A01
201800023707,1.0,7,0,0.0,2.0,2.0,1.0,B01
201800023707,0.0,7,0,0.0,0.0,3.0,23.0,C01
201800023708,1.0,7,0,13.0,0.0,9.0,21.0,A01
201800023709,2.0,33,0,0.0,2.0,1.0,17.0,B01
201800023709,2.0,7,0,0.0,0.0,3.0,15.0,A01
201800023710,2.0,10,0,7.0,2.0,2.0,1.0,A01
201800023710,2.0,7,0,0.0,2.0,1.0,1.0,B01
201800023711,2.0,7,0,0.0,2.0,1.0,1.0,B01
201800023711,1.0,33,0,0.0,2.0,1.0,13.0,A01
201800023712,1.0,7,0,0.0,2.0,8.0,15.0,B01
201800023712,1.0,32,0,13.0,2.0,1.0,17.0,A01
201800023713,0.0,7,0,0.0,2.0,3.0,9.0,A01
201800023713,1.0,2,0,0.0,2.0,2.0,1.0,B01
201800023714,2.0,7,0,0.0,2.0,1.0,1.0,B01
201800023714,1.0,7,0,0.0,2.0,7.0,15.0,A01
201800023715,1.0,7,0,0.0,2.0,1.0,2.0,B01
201800023715,1.0,7,0,2.0,2.0,1.0,14.0,A01
201800023716,0.0,33,0,0.0,2.0,1.0,17.0,B01
201800023716,0.0,7,0,0.0,2.0,8.0,2.0,A01
201800023717,0.0,7,0,0.0,2.0,2.0,1.0,A01
201800023717,0.0,37,30,0.0,2.0,3.0,1.0,B01
201800023718,2.0,7,0,2.0,0.0,7.0,0.0,A01
201800023719,0.0,33,0,15.0,2.0,1.0,1.0,B01
201800023719,0.0,7,0,0.0,2.0,3.0,15.0,A01
201800023720,2.0,7,0,0.0,2.0,8.0,1.0,B01
201800023720,1.0,7,0,0.0,2.0,1.0,1.0,A01
201800023721,2.0,2,0,0.0,0.0,7.0,1.0,A01
201800023722,1.0,2,0,0.0,0.0,2.0,1.0,A01
201800023723,1.0,7,0,0.0,2.0,1.0,1.0,B01
201800023723,2.0,7,0,0.0,2.0,3.0,1.0,C01
201800023723,1.0,7,0,0.0,2.0,2.0,1.0,A01
201800023724,1.0,1,0,0.0,2.0,0.0,21.0,C01
201800023724,1.0,1,0,0.0,2.0,0.0,21.0,D01
201800023724,1.0,7,0,0.0,0.0,0.0,15.0,A01
201800023724,1.0,1,0,0.0,2.0,1.0,21.0,B01
201800023725,2.0,2,0,0.0,2.0,1.0,13.0,A01
201800023725,1.0,7,0,0.0,2.0,3.0,1.0,B01
201800023726,0.0,33,0,0.0,6.0,2.0,1.0,A01
201800023727,2.0,32,0,0.0,0.0,5.0,1.0,B01
201800023727,1.0,2,0,0.0,0.0,0.0,15.0,A01
201800023728,0.0,7,0,0.0,2.0,1.0,1.0,B01
201800023728,0.0,33,0,0.0,2.0,1.0,1.0,A01
201800023729,0.0,7,0,0.0,9.0,1.0,15.0,A01
201800023729,0.0,1,0,0.0,2.0,1.0,1.0,B01
201800023730,1.0,7,0,0.0,2.0,2.0,1.0,B01
201800023730,1.0,1,0,0.0,0.0,8.0,2.0,A01
201800023731,1.0,1,0,0.0,2.0,4.0,1.0,B01
201800023731,1.0,7,0,0.0,1.0,2.0,1.0,A01
201800023732,2.0,7,0,0.0,2.0,1.0,1.0,B01
201800023732,1.0,7,0,0.0,2.0,2.0,15.0,A01
201800023733,2.0,7,0,12.0,0.0,2.0,1.0,A01
201800023734,2.0,1,0,0.0,0.0,4.0,2.0,B01
201800023734,2.0,7,0,0.0,9.0,1.0,1.0,A01
201800023735,1.0,31,0,15.0,0.0,0.0,0.0,A01
201800023736,1.0,7,0,13.0,0.0,1.0,0.0,A01
201800023737,1.0,7,0,0.0,2.0,3.0,15.0,A01
201800023737,2.0,1,0,0.0,2.0,2.0,0.0,B01
201800023738,2.0,33,0,0.0,0.0,1.0,1.0,B01
201800023738,2.0,33,0,0.0,0.0,4.0,1.0,A01
201800023739,0.0,2,0,0.0,2.0,3.0,10.0,A01
201800023739,0.0,2,0,0.0,2.0,2.0,1.0,B01
201800023740,2.0,33,0,0.0,0.0,1.0,1.0,A01
201800023741,1.0,1,0,0.0,2.0,1.0,13.0,A01
201800023741,2.0,7,0,0.0,9.0,1.0,1.0,B01
201800023742,1.0,1,0,0.0,2.0,1.0,13.0,B01
201800023742,2.0,33,0,0.0,2.0,1.0,1.0,A01
201800023743,2.0,99,0,0.0,0.0,2.0,15.0,A01
201800023743,1.0,7,0,0.0,2.0,1.0,1.0,B01
201800023744,0.0,1,0,11.0,2.0,7.0,1.0,B01
201800023744,0.0,7,0,0.0,9.0,0.0,1.0,A01
201800023745,0.0,7,0,0.0,1.0,3.0,15.0,A01
201800023746,1.0,7,0,0.0,2.0,2.0,15.0,A01
201800023746,2.0,2,0,0.0,2.0,1.0,1.0,B01
201800023747,0.0,7,0,0.0,2.0,7.0,15.0,B01
201800023747,0.0,2,0,0.0,2.0,1.0,1.0,A01
201800023748,0.0,7,0,0.0,0.0,1.0,1.0,A01
201800023748,0.0,1,0,0.0,0.0,4.0,2.0,B01
201800023749,0.0,33,0,0.0,2.0,8.0,2.0,A01
201800023749,0.0,7,0,0.0,2.0,2.0,15.0,B01
201800023750,0.0,33,0,0.0,2.0,4.0,0.0,A01
201800023750,0.0,7,0,0.0,2.0,3.0,0.0,B01
201800023751,0.0,7,0,0.0,1.0,3.0,1.0,A01
201800023752,0.0,7,0,0.0,2.0,5.0,4.0,A01
201800023752,0.0,31,0,0.0,2.0,3.0,1.0,B01
201800023753,0.0,7,0,0.0,1.0,1.0,1.0,A01
201800023754,0.0,33,0,0.0,0.0,0.0,16.0,A01
201800023755,0.0,7,0,0.0,2.0,1.0,1.0,A01
201800023755,0.0,33,0,0.0,2.0,8.0,23.0,B01
201800023755,0.0,7,0,0.0,2.0,8.0,23.0,C01
201800023755,0.0,7,0,0.0,2.0,3.0,23.0,D01
201800023756,0.0,7,0,0.0,1.0,4.0,4.0,A01
201800023757,0.0,33,0,0.0,2.0,1.0,17.0,A01
201800023757,0.0,7,0,0.0,2.0,1.0,1.0,B01
201800023758,0.0,7,0,0.0,2.0,1.0,1.0,B01
201800023758,0.0,7,0,0.0,2.0,1.0,13.0,A01
201800023759,0.0,7,0,0.0,2.0,3.0,15.0,A01
201800023759,0.0,34,0,0.0,2.0,1.0,1.0,B01
201800023760,0.0,33,0,0.0,2.0,7.0,1.0,B01
201800023760,0.0,13,0,0.0,2.0,1.0,9.0,A01
201800023761,0.0,33,0,0.0,2.0,1.0,1.0,B01
201800023761,0.0,7,0,0.0,2.0,6.0,10.0,A01
201800023762,0.0,7,0,0.0,0.0,6.0,1.0,B01
201800023762,0.0,31,0,0.0,2.0,1.0,2.0,A01
201800023763,1.0,7,0,13.0,9.0,1.0,1.0,A01
201800023764,2.0,2,0,15.0,0.0,1.0,1.0,A01
201800023765,1.0,33,0,0.0,2.0,1.0,13.0,A01
201800023765,1.0,7,0,0.0,0.0,8.0,15.0,B01
201800023766,2.0,7,0,0.0,1.0,4.0,20.0,A01
201800023767,1.0,99,0,0.0,0.0,0.0,18.0,B01
201800023767,1.0,7,0,8.0,0.0,9.0,1.0,A01
201800023768,2.0,7,0,0.0,1.0,2.0,1.0,A01
201800023769,2.0,7,0,0.0,2.0,3.0,1.0,B01
201800023769,1.0,7,0,0.0,2.0,3.0,13.0,A01
201800023770,2.0,7,0,0.0,1.0,3.0,1.0,A01
201800023771,0.0,7,0,0.0,2.0,2.0,1.0,A01
201800023771,0.0,1,0,0.0,2.0,1.0,19.0,B01
201800023772,0.0,31,0,7.0,2.0,1.0,6.0,B01
201800023772,0.0,7,0,0.0,0.0,3.0,1.0,A01
201800023773,1.0,33,0,0.0,0.0,4.0,23.0,B01
201800023773,1.0,33,0,0.0,2.0,1.0,1.0,A01
201800023774,2.0,7,0,0.0,0.0,0.0,1.0,C01
201800023774,1.0,7,0,0.0,2.0,1.0,1.0,B01
201800023774,2.0,7,0,0.0,2.0,2.0,13.0,A01
201800023775,0.0,7,0,8.0,0.0,8.0,1.0,A01
201800023776,0.0,7,0,13.0,0.0,1.0,1.0,A01
201800023777,0.0,33,0,13.0,0.0,0.0,1.0,A01
201800023778,1.0,7,0,0.0,9.0,7.0,1.0,A01
201800023778,1.0,1,0,0.0,2.0,8.0,1.0,B01
201800023779,1.0,33,0,0.0,6.0,7.0,1.0,A01
201800023780,0.0,7,0,0.0,2.0,2.0,1.0,B01
201800023780,0.0,1,0,0.0,2.0,1.0,5.0,A01
201800023781,1.0,2,0,0.0,2.0,7.0,1.0,B01
201800023781,1.0,7,0,0.0,2.0,1.0,9.0,A01
201800023782,0.0,33,0,0.0,2.0,1.0,17.0,A01
201800023782,0.0,7,0,0.0,2.0,6.0,1.0,B01
201800023783,0.0,2,0,0.0,6.0,1.0,21.0,A01
201800023784,2.0,7,0,0.0,0.0,2.0,0.0,A01
201800023785,1.0,7,0,0.0,1.0,1.0,1.0,A01
201800023786,2.0,7,0,0.0,6.0,1.0,1.0,A01
201800023787,0.0,7,0,0.0,2.0,1.0,1.0,B01
201800023787,0.0,7,0,0.0,2.0,1.0,1.0,A01
201800023788,2.0,33,0,0.0,2.0,1.0,5.0,A01
201800023788,1.0,7,0,0.0,2.0,3.0,1.0,B01
201800023789,1.0,33,0,0.0,2.0,1.0,1.0,B01
201800023789,1.0,7,0,0.0,2.0,8.0,16.0,A01
201800023790,1.0,7,0,1.0,0.0,2.0,14.0,A01
201800023790,1.0,7,0,0.0,0.0,6.0,24.0,B01
201800023791,0.0,7,0,0.0,1.0,4.0,4.0,A01
201800023792,2.0,7,0,0.0,2.0,1.0,13.0,A01
201800023792,1.0,30,0,0.0,2.0,1.0,1.0,B01
201800023793,1.0,10,0,0.0,2.0,1.0,15.0,A01
201800023793,2.0,31,0,0.0,2.0,2.0,1.0,B01
201800023794,1.0,10,0,0.0,1.0,3.0,15.0,A01
201800023795,2.0,7,0,0.0,2.0,3.0,1.0,B01
201800023795,1.0,7,0,0.0,2.0,1.0,13.0,A01
201800023796,2.0,7,0,0.0,2.0,5.0,10.0,A01
201800023796,1.0,33,0,0.0,2.0,1.0,1.0,B01
201800023797,2.0,7,0,0.0,1.0,0.0,20.0,B01
201800023798,2.0,34,0,0.0,2.0,1.0,17.0,B01
201800023798,2.0,7,0,0.0,2.0,3.0,15.0,A01
201800023799,2.0,7,0,0.0,2.0,5.0,15.0,A01
201800023799,1.0,33,0,0.0,2.0,1.0,1.0,B01
201800023800,1.0,7,0,0.0,2.0,1.0,1.0,A01
201800023800,1.0,33,0,15.0,2.0,1.0,1.0,B01
201800023801,2.0,7,0,0.0,1.0,1.0,1.0,A01
201800023802,1.0,7,0,0.0,2.0,3.0,1.0,B01
201800023802,2.0,33,0,0.0,5.0,3.0,13.0,A01
201800023803,2.0,7,0,0.0,2.0,3.0,1.0,B01
201800023803,1.0,1,0,0.0,2.0,3.0,0.0,A01
201800023804,1.0,34,0,0.0,1.0,1.0,1.0,A01
201800023805,1.0,1,0,0.0,2.0,3.0,15.0,A01
201800023805,2.0,30,0,0.0,2.0,1.0,1.0,B01
201800023806,1.0,30,0,0.0,2.0,1.0,1.0,A01
201800023806,1.0,7,0,0.0,0.0,0.0,0.0,B01
201800023807,2.0,7,0,0.0,1.0,1.0,1.0,A01
201800023808,1.0,7,0,0.0,2.0,4.0,23.0,A01
201800023808,1.0,33,0,0.0,2.0,1.0,1.0,B01
201800023809,2.0,7,0,0.0,2.0,2.0,13.0,A01
201800023809,1.0,7,0,0.0,2.0,2.0,1.0,B01
201800023810,1.0,7,0,13.0,0.0,3.0,13.0,A01
201800023811,,7,0,0.0,1.0,7.0,1.0,A01
201800023812,1.0,7,0,0.0,1.0,2.0,1.0,A01
201800023813,2.0,7,0,6.0,0.0,2.0,1.0,A01
201800023814,0.0,10,0,0.0,1.0,7.0,1.0,A01
201800023815,2.0,7,0,0.0,2.0,1.0,2.0,C01
201800023815,2.0,7,0,0.0,2.0,9.0,1.0,B01
201800023815,2.0,7,0,0.0,0.0,4.0,1.0,A01
201800023816,2.0,7,0,0.0,2.0,1.0,1.0,C01
201800023816,2.0,7,0,0.0,2.0,1.0,1.0,B01
201800023816,1.0,7,0,0.0,2.0,1.0,13.0,A01
201800023817,2.0,7,0,3.0,0.0,2.0,14.0,A01
201800023818,1.0,7,0,0.0,0.0,9.0,13.0,A01
201800023819,1.0,7,0,0.0,2.0,1.0,15.0,A01
201800023819,1.0,33,0,0.0,2.0,7.0,17.0,B01
201800023820,1.0,33,0,0.0,0.0,9.0,13.0,A01
201800023821,2.0,10,0,0.0,2.0,2.0,1.0,A01
201800023821,1.0,1,0,0.0,2.0,1.0,21.0,B01
201800023822,2.0,1,0,0.0,9.0,9.0,1.0,A01
201800023823,1.0,7,0,9.0,0.0,1.0,14.0,A01
201800023824,1.0,33,0,0.0,0.0,1.0,1.0,A01
201800023825,1.0,7,0,0.0,2.0,3.0,13.0,A01
201800023825,2.0,7,0,0.0,2.0,6.0,1.0,B01
201800023826,2.0,7,0,2.0,0.0,1.0,19.0,A01
201800023827,1.0,10,0,0.0,1.0,0.0,16.0,A01
201800023828,1.0,33,0,0.0,2.0,7.0,1.0,B01
201800023828,1.0,7,0,0.0,2.0,3.0,9.0,A01
201800023829,1.0,7,0,0.0,2.0,1.0,1.0,A01
201800023829,2.0,34,0,0.0,2.0,3.0,1.0,B01
201800023830,2.0,7,0,0.0,1.0,1.0,1.0,A01
201800023831,1.0,7,0,0.0,1.0,1.0,1.0,A01
201800023832,1.0,32,0,0.0,0.0,7.0,1.0,A01
201800023832,1.0,7,0,0.0,2.0,3.0,1.0,B01
201800023833,1.0,7,0,0.0,2.0,2.0,1.0,A01
201800023833,1.0,37,3,0.0,2.0,1.0,1.0,B01
201800023834,1.0,7,0,0.0,2.0,6.0,1.0,B01
201800023834,2.0,7,0,0.0,2.0,3.0,1.0,Z01
201800023835,2.0,7,0,10.0,0.0,2.0,1.0,A01
201800023836,1.0,7,0,0.0,2.0,1.0,1.0,B01
201800023836,1.0,1,0,0.0,2.0,1.0,1.0,A01
201800023837,2.0,7,0,12.0,2.0,1.0,19.0,A01
201800023837,2.0,7,0,0.0,0.0,6.0,1.0,B01
201800023838,2.0,32,0,0.0,1.0,1.0,1.0,A01
201800023839,2.0,7,0,0.0,9.0,1.0,1.0,A01
201800023840,2.0,31,0,0.0,2.0,6.0,16.0,A01
201800023840,2.0,7,0,0.0,2.0,1.0,1.0,B01
201800023841,1.0,33,0,0.0,2.0,1.0,21.0,A01
201800023841,1.0,37,42,0.0,0.0,2.0,1.0,B01
201800023842,2.0,1,0,0.0,2.0,4.0,1.0,B01
201800023842,2.0,10,0,8.0,2.0,1.0,14.0,A01
201800023843,1.0,7,0,0.0,1.0,3.0,1.0,A01
201800023844,1.0,7,0,0.0,2.0,8.0,15.0,B01
201800023844,1.0,7,0,0.0,2.0,1.0,1.0,A01
201800023845,1.0,40,100,0.0,1.0,2.0,1.0,A01
201800023846,1.0,7,0,0.0,2.0,1.0,0.0,B01
201800023846,1.0,7,0,0.0,2.0,1.0,0.0,A01
201800023847,2.0,40,200,0.0,0.0,1.0,1.0,B01
201800023847,1.0,10,0,0.0,4.0,3.0,19.0,A01
201800023848,1.0,7,0,0.0,1.0,1.0,1.0,A01
201800023849,1.0,7,0,0.0,0.0,5.0,20.0,A01
201800023849,1.0,31,0,0.0,2.0,8.0,7.0,B01
201800023850,1.0,7,0,0.0,0.0,4.0,1.0,B01
201800023850,1.0,7,0,0.0,2.0,1.0,1.0,A01
201800023851,1.0,7,0,0.0,1.0,1.0,1.0,Z01
201800023852,1.0,7,0,0.0,2.0,1.0,17.0,Z01
201800023852,2.0,7,0,0.0,0.0,1.0,15.0,A01
201800023853,2.0,1,0,0.0,2.0,4.0,9.0,B01
201800023853,2.0,7,0,0.0,2.0,1.0,1.0,A01
201800023854,1.0,7,0,0.0,2.0,6.0,24.0,A01
201800023854,1.0,7,0,1.0,0.0,2.0,1.0,Z01
201800023855,1.0,7,0,0.0,1.0,1.0,1.0,A01
201800023856,1.0,7,0,0.0,1.0,1.0,1.0,A01
201800023857,2.0,7,0,0.0,1.0,1.0,1.0,A01
201800023858,1.0,33,0,0.0,2.0,2.0,17.0,B01
201800023858,1.0,7,0,0.0,2.0,6.0,15.0,A01
201800023859,2.0,7,0,0.0,2.0,1.0,1.0,B01
201800023859,1.0,7,0,0.0,0.0,7.0,15.0,A01
201800023860,2.0,7,0,9.0,0.0,1.0,14.0,A01
201800023861,1.0,31,0,0.0,1.0,1.0,1.0,Z01
201800023862,1.0,33,0,0.0,2.0,1.0,1.0,B01
201800023862,1.0,7,0,0.0,2.0,2.0,15.0,A01
201800023863,1.0,30,0,0.0,2.0,1.0,1.0,B01
201800023863,1.0,7,0,0.0,2.0,1.0,5.0,A01
201800023864,1.0,7,0,0.0,2.0,5.0,15.0,B01
201800023864,2.0,33,0,0.0,0.0,8.0,1.0,A01
201800023865,1.0,7,0,0.0,2.0,1.0,1.0,A01
201800023865,1.0,10,0,0.0,0.0,4.0,23.0,B01
201800023866,1.0,7,0,0.0,1.0,2.0,1.0,A01
201800023867,1.0,7,0,0.0,1.0,1.0,15.0,A01
201800023868,1.0,7,0,0.0,1.0,1.0,1.0,A01
201800023869,2.0,7,0,0.0,2.0,1.0,15.0,A01
201800023869,1.0,30,0,0.0,2.0,8.0,1.0,B01
201800023870,2.0,3,0,0.0,2.0,3.0,1.0,B01
201800023870,1.0,7,0,0.0,2.0,1.0,13.0,A01
201800023871,1.0,7,0,0.0,1.0,1.0,21.0,A01
201800023872,1.0,2,0,0.0,2.0,1.0,1.0,A01
201800023872,2.0,7,0,0.0,2.0,2.0,15.0,B01
201800023873,2.0,7,0,1.0,0.0,9.0,1.0,A01
201800023874,1.0,7,0,6.0,0.0,1.0,13.0,A01
201800023875,1.0,33,0,0.0,1.0,1.0,1.0,A01
201800023876,1.0,7,0,0.0,1.0,1.0,1.0,A01
201800023877,2.0,7,0,0.0,1.0,3.0,1.0,A01
201800023878,1.0,30,0,0.0,2.0,1.0,1.0,A01
201800023878,1.0,37,20,0.0,2.0,7.0,1.0,B01
201800023879,1.0,7,0,0.0,1.0,1.0,1.0,A01
201800023880,1.0,7,0,0.0,2.0,3.0,15.0,B01
201800023880,1.0,33,0,0.0,2.0,1.0,17.0,A01
201800023881,2.0,33,0,0.0,2.0,1.0,13.0,A01
201800023881,1.0,7,0,0.0,0.0,3.0,1.0,B01
201800023882,1.0,1,0,0.0,1.0,1.0,1.0,A01
201800023883,1.0,31,0,0.0,2.0,1.0,1.0,B01
201800023883,2.0,7,0,0.0,2.0,1.0,15.0,A01
201800023884,1.0,40,200,0.0,2.0,2.0,1.0,B01
201800023884,2.0,7,0,9.0,4.0,3.0,1.0,A01
201800023885,2.0,7,0,2.0,0.0,1.0,1.0,A01
201800023886,1.0,7,0,0.0,2.0,1.0,1.0,B01
201800023886,1.0,7,0,0.0,2.0,1.0,1.0,A01
201800023887,1.0,14,0,0.0,0.0,1.0,1.0,B01
201800023887,2.0,7,0,6.0,2.0,1.0,13.0,A01
201800023888,2.0,1,0,0.0,1.0,1.0,5.0,A01
201800023889,1.0,7,0,0.0,1.0,1.0,1.0,A01
201800023890,1.0,33,0,0.0,2.0,1.0,1.0,B01
201800023890,2.0,7,0,0.0,2.0,6.0,15.0,A01
201800023891,1.0,7,0,0.0,0.0,3.0,1.0,B01
201800023891,1.0,34,0,0.0,2.0,1.0,15.0,A01
201800023892,1.0,7,0,0.0,2.0,2.0,7.0,Z01
201800023892,1.0,1,0,0.0,2.0,8.0,1.0,A01
201800023893,2.0,7,0,0.0,0.0,3.0,15.0,B01
201800023893,2.0,34,0,0.0,2.0,1.0,3.0,A01
201800023894,1.0,7,0,0.0,2.0,3.0,15.0,Z01
201800023894,2.0,32,0,0.0,2.0,3.0,1.0,A01
201800023895,2.0,7,0,6.0,0.0,1.0,21.0,A01
201800023895,1.0,7,0,0.0,0.0,0.0,15.0,B01
201800023896,1.0,7,0,0.0,1.0,2.0,1.0,A01
201800023897,2.0,7,0,0.0,2.0,3.0,10.0,B01
201800023897,1.0,32,0,0.0,2.0,3.0,1.0,A01
201800023898,1.0,7,0,0.0,1.0,1.0,1.0,A01
201800023899,1.0,7,0,0.0,2.0,4.0,1.0,B01
201800023899,1.0,7,0,0.0,1.0,1.0,1.0,A01
201800023900,1.0,17,0,13.0,0.0,1.0,14.0,A01
201800023901,2.0,37,20,0.0,1.0,2.0,1.0,A01
201800023902,1.0,40,100,0.0,1.0,1.0,1.0,A01
201800023903,1.0,7,0,0.0,1.0,3.0,1.0,A01
201800023904,1.0,7,0,0.0,2.0,4.0,4.0,A01
201800023904,1.0,7,0,0.0,2.0,1.0,1.0,B01
201800023905,1.0,33,0,0.0,2.0,0.0,1.0,B01
201800023905,1.0,7,0,0.0,2.0,0.0,5.0,A01
201800023906,2.0,7,0,0.0,2.0,1.0,1.0,A01
201800023906,2.0,7,0,0.0,2.0,4.0,1.0,B01
201800023907,1.0,7,0,0.0,1.0,7.0,1.0,A01
201800023908,1.0,33,0,1.0,0.0,1.0,1.0,A01
201800023909,1.0,40,1,0.0,1.0,2.0,1.0,A01
201800023910,2.0,1,0,0.0,2.0,1.0,19.0,B01
201800023910,1.0,32,0,0.0,2.0,1.0,1.0,A01
201800023911,2.0,7,0,,2.0,1.0,9.0,A01
201800023911,1.0,7,0,7.0,2.0,3.0,1.0,B01
201800023912,1.0,7,0,0.0,4.0,1.0,1.0,A01
201800023912,1.0,40,1,0.0,2.0,1.0,1.0,B01
201800023913,1.0,7,0,0.0,2.0,1.0,15.0,A01
201800023913,2.0,30,0,0.0,2.0,1.0,1.0,B01
201800023914,1.0,7,0,0.0,2.0,2.0,16.0,B01
201800023914,1.0,33,0,0.0,2.0,1.0,18.0,A01
201800023915,2.0,7,0,0.0,2.0,1.0,1.0,A01
201800023915,2.0,7,0,0.0,2.0,4.0,23.0,B01
201800023915,2.0,7,0,0.0,2.0,4.0,23.0,D01
201800023915,2.0,7,0,0.0,2.0,4.0,23.0,C01
201800023916,2.0,40,200,0.0,1.0,2.0,1.0,A01
201800023917,1.0,7,0,0.0,2.0,2.0,15.0,B01
201800023917,2.0,34,0,0.0,2.0,1.0,1.0,A01
201800023918,1.0,7,0,6.0,2.0,2.0,1.0,B01
201800023918,1.0,10,0,0.0,2.0,1.0,1.0,A01
201800023919,2.0,14,0,0.0,2.0,2.0,15.0,A01
201800023919,1.0,1,0,0.0,2.0,1.0,1.0,B01
201800023920,1.0,40,100,0.0,2.0,2.0,1.0,B01
201800023920,1.0,1,0,0.0,4.0,3.0,19.0,A01
201800023921,1.0,33,0,6.0,0.0,1.0,1.0,A01
201800023922,2.0,7,0,0.0,2.0,4.0,23.0,B01
201800023922,2.0,7,0,0.0,2.0,1.0,1.0,A01
201800023923,2.0,40,100,0.0,1.0,2.0,1.0,A01
201800023924,1.0,30,0,12.0,0.0,2.0,1.0,A01
201800023925,1.0,7,0,0.0,1.0,2.0,17.0,A01
201800023926,1.0,10,0,0.0,1.0,1.0,1.0,A01
201800023927,1.0,13,0,1.0,1.0,5.0,1.0,A01