Num_Acc,senc,catv,occutc,obs,obsm,choc,manv,num_veh
201800023928,1.0,2,0,1.0,0.0,1.0,1.0,A01
201800023929,1.0,7,0,0.0,0.0,0.0,12.0,Z01
201800023929,1.0,33,0,0.0,0.0,8.0,1.0,A01
201800023930,2.0,1,0,15.0,0.0,1.0,0.0,A01
201800023931,1.0,7,0,0.0,2.0,2.0,1.0,Z01
201800023931,1.0,7,0,0.0,2.0,3.0,1.0,A01
201800023932,1.0,40,150,0.0,1.0,1.0,1.0,A01
201800023933,1.0,7,0,0.0,1.0,3.0,1.0,A01
201800023934,1.0,33,0,0.0,2.0,3.0,1.0,A01
201800023934,2.0,7,0,0.0,2.0,3.0,15.0,B01
201800023935,1.0,40,100,0.0,2.0,3.0,1.0,B01
201800023935,1.0,7,0,0.0,4.0,2.0,1.0,A01
201800023936,1.0,7,0,0.0,2.0,7.0,1.0,B01
201800023936,1.0,7,0,1.0,2.0,1.0,1.0,A01
201800023937,1.0,1,0,0.0,2.0,3.0,1.0,B01
201800023937,1.0,14,0,0.0,2.0,7.0,16.0,A01
201800023938,2.0,10,0,0.0,2.0,1.0,1.0,B01
201800023938,1.0,34,0,11.0,2.0,1.0,13.0,A01
201800023938,2.0,7,0,0.0,2.0,1.0,1.0,C01
201800023939,1.0,7,0,0.0,1.0,1.0,15.0,A01
201800023940,2.0,7,0,0.0,2.0,1.0,15.0,Z01
201800023940,1.0,2,0,0.0,2.0,2.0,1.0,A01
201800023941,1.0,7,0,0.0,2.0,3.0,9.0,A01
201800023941,2.0,1,0,0.0,2.0,4.0,1.0,B01
201800023942,1.0,7,0,0.0,2.0,8.0,1.0,B01
201800023942,1.0,7,0,0.0,2.0,1.0,1.0,A01
201800023943,2.0,7,0,0.0,2.0,1.0,1.0,A01
201800023943,2.0,1,0,0.0,2.0,8.0,19.0,B01
201800023944,1.0,7,0,0.0,1.0,2.0,1.0,A01
201800023945,1.0,7,0,0.0,2.0,8.0,1.0,B01
201800023945,2.0,7,0,1.0,2.0,3.0,13.0,A01
201800023946,2.0,10,0,0.0,2.0,3.0,15.0,A01
201800023946,2.0,34,0,0.0,2.0,2.0,3.0,B01
201800023947,1.0,7,0,1.0,2.0,5.0,23.0,B01
201800023947,1.0,7,0,0.0,2.0,1.0,1.0,A01
201800023948,1.0,7,0,0.0,2.0,2.0,17.0,A01
201800023948,1.0,7,0,0.0,2.0,1.0,1.0,C01
201800023948,1.0,7,0,0.0,2.0,1.0,1.0,B01
201800023949,1.0,1,0,0.0,4.0,1.0,19.0,B01
201800023949,1.0,40,1,0.0,2.0,2.0,1.0,A01
201800023950,2.0,37,1,0.0,2.0,5.0,1.0,B01
201800023950,2.0,1,0,0.0,2.0,1.0,1.0,A01
201800023951,1.0,7,0,0.0,1.0,2.0,1.0,A01
201800023952,1.0,33,0,8.0,0.0,1.0,1.0,A01
201800023953,2.0,7,0,0.0,2.0,5.0,15.0,B01
201800023953,2.0,33,0,0.0,2.0,3.0,1.0,A01
201800023954,1.0,7,0,0.0,1.0,1.0,1.0,A01
201800023955,1.0,30,0,0.0,2.0,6.0,23.0,A01
201800023955,1.0,7,0,0.0,2.0,1.0,1.0,Z01
201800023956,1.0,1,0,0.0,2.0,3.0,19.0,A01
201800023956,2.0,7,0,0.0,2.0,7.0,1.0,B01
201800023957,1.0,33,0,0.0,2.0,1.0,1.0,B01
201800023957,2.0,7,0,0.0,2.0,2.0,15.0,A01
201800023958,1.0,7,0,0.0,1.0,2.0,1.0,A01
201800023959,2.0,7,0,0.0,1.0,1.0,1.0,A01
201800023960,1.0,33,0,0.0,2.0,1.0,1.0,A01
201800023960,2.0,33,0,0.0,2.0,3.0,16.0,B01
201800023961,1.0,10,0,0.0,2.0,7.0,16.0,B01
201800023961,1.0,30,0,0.0,2.0,1.0,18.0,A01
201800023962,1.0,7,0,0.0,1.0,1.0,1.0,A01
201800023963,2.0,7,0,0.0,2.0,1.0,1.0,B01
201800023963,1.0,7,0,0.0,2.0,3.0,13.0,A01
201800023964,1.0,7,0,0.0,1.0,1.0,15.0,A01
201800023965,2.0,7,0,0.0,2.0,1.0,1.0,A01
201800023965,1.0,31,0,0.0,2.0,1.0,1.0,B01
201800023966,1.0,33,0,12.0,2.0,7.0,1.0,B01
201800023966,1.0,7,0,0.0,2.0,1.0,15.0,A01
201800023967,1.0,7,0,0.0,2.0,5.0,1.0,A01
201800023967,1.0,7,0,0.0,2.0,1.0,1.0,B01
201800023968,2.0,7,0,0.0,2.0,1.0,1.0,B01
201800023968,1.0,7,0,0.0,2.0,1.0,5.0,A01
201800023969,1.0,33,0,0.0,2.0,7.0,1.0,B01
201800023969,1.0,1,0,0.0,2.0,8.0,13.0,A01
201800023970,1.0,7,0,0.0,2.0,6.0,16.0,A01
201800023970,2.0,7,0,0.0,2.0,8.0,1.0,B01
201800023971,1.0,7,0,8.0,0.0,1.0,13.0,A01
201800023972,1.0,37,1,0.0,1.0,2.0,7.0,A01
201800023973,2.0,7,0,0.0,2.0,1.0,1.0,Z01
201800023973,2.0,2,0,0.0,2.0,4.0,15.0,B01
201800023974,2.0,7,0,0.0,2.0,8.0,1.0,B01
201800023974,1.0,7,0,0.0,2.0,1.0,5.0,A01
201800023975,1.0,32,0,0.0,2.0,0.0,1.0,B01
201800023975,2.0,7,0,0.0,0.0,8.0,9.0,A01
201800023976,1.0,7,0,0.0,2.0,1.0,2.0,Z01
201800023976,1.0,33,0,0.0,2.0,4.0,23.0,A01
201800023977,2.0,32,0,0.0,2.0,1.0,1.0,B01
201800023977,1.0,7,0,0.0,2.0,2.0,15.0,A01
201800023978,1.0,7,0,0.0,0.0,4.0,23.0,B01
201800023978,1.0,7,0,0.0,2.0,1.0,1.0,Z01
201800023978,1.0,7,0,0.0,2.0,4.0,23.0,A01
201800023979,0.0,33,0,1.0,2.0,3.0,13.0,A01
201800023979,0.0,7,0,0.0,0.0,0.0,0.0,C01
201800023979,0.0,7,0,0.0,0.0,7.0,1.0,B01
201800023980,0.0,7,0,0.0,2.0,0.0,1.0,Z01
201800023980,0.0,1,0,0.0,2.0,0.0,16.0,A01
201800023981,0.0,7,0,0.0,1.0,7.0,4.0,A01
201800023982,1.0,1,0,0.0,4.0,8.0,19.0,B01
201800023982,1.0,40,100,0.0,2.0,3.0,1.0,A01
201800023983,1.0,7,0,0.0,0.0,1.0,1.0,Z01
201800023984,1.0,7,0,0.0,4.0,2.0,1.0,A01
201800023984,1.0,40,100,0.0,2.0,3.0,1.0,B01
201800023985,2.0,32,0,0.0,2.0,3.0,1.0,B01
201800023985,2.0,7,0,0.0,2.0,3.0,10.0,A01
201800023986,1.0,2,0,0.0,2.0,1.0,1.0,A01
201800023986,1.0,7,0,0.0,2.0,2.0,23.0,C01
201800023986,1.0,7,0,0.0,2.0,8.0,23.0,B01
201800023987,1.0,7,0,0.0,2.0,2.0,23.0,C01
201800023987,1.0,2,0,0.0,2.0,1.0,1.0,A01
201800023987,1.0,7,0,0.0,2.0,8.0,23.0,B01
201800023988,0.0,1,0,0.0,2.0,0.0,0.0,B01
201800023988,0.0,7,0,0.0,6.0,7.0,1.0,A01
201800023989,1.0,30,0,0.0,2.0,2.0,1.0,B01
201800023989,1.0,10,0,0.0,2.0,5.0,1.0,A01
201800023990,2.0,7,0,0.0,2.0,1.0,1.0,B01
201800023990,1.0,7,0,0.0,2.0,1.0,13.0,A01
201800023991,1.0,37,1,0.0,2.0,3.0,15.0,B01
201800023991,1.0,30,0,0.0,2.0,1.0,17.0,A01
201800023992,1.0,33,0,0.0,2.0,1.0,1.0,B01
201800023992,1.0,7,0,0.0,2.0,7.0,1.0,A01
201800023993,2.0,7,0,0.0,2.0,1.0,13.0,A01
201800023993,1.0,7,0,0.0,2.0,1.0,1.0,B01
201800023994,1.0,37,1,0.0,1.0,7.0,1.0,A01
201800023995,1.0,30,0,0.0,1.0,8.0,5.0,A01
201800023996,2.0,1,0,0.0,2.0,2.0,1.0,A01
201800023996,2.0,7,0,0.0,2.0,0.0,1.0,Z01
201800023997,2.0,7,0,0.0,1.0,4.0,4.0,A01
201800023998,1.0,7,0,0.0,2.0,1.0,1.0,B01
201800023998,1.0,1,0,0.0,2.0,2.0,19.0,A01
201800023999,1.0,7,0,0.0,2.0,3.0,1.0,B01
201800023999,1.0,31,0,0.0,2.0,3.0,17.0,A01
201800024000,1.0,7,0,0.0,2.0,3.0,15.0,A01
201800024000,2.0,32,0,0.0,2.0,1.0,1.0,B01
201800024001,0.0,30,0,0.0,0.0,4.0,2.0,B01
201800024001,0.0,7,0,0.0,2.0,2.0,2.0,A01
201800024002,0.0,7,0,0.0,2.0,4.0,23.0,B01
201800024002,0.0,2,0,0.0,2.0,1.0,1.0,A01
201800024003,0.0,40,100,0.0,1.0,0.0,1.0,A01
201800024004,0.0,30,0,0.0,2.0,0.0,0.0,A01
201800024005,0.0,37,1,1.0,1.0,1.0,1.0,A01
201800024006,1.0,7,0,0.0,2.0,3.0,9.0,A01
201800024006,0.0,1,0,0.0,2.0,1.0,1.0,B01
201800024007,0.0,7,0,0.0,2.0,4.0,1.0,A01
201800024007,0.0,7,0,8.0,0.0,1.0,1.0,B01
201800024008,0.0,7,0,0.0,1.0,3.0,1.0,A01
201800024009,1.0,33,0,8.0,2.0,7.0,1.0,B01
201800024009,1.0,7,0,0.0,2.0,3.0,9.0,A01
201800024010,2.0,7,0,0.0,2.0,7.0,1.0,A01
201800024010,2.0,7,0,0.0,2.0,0.0,0.0,Z01
201800024011,2.0,31,0,0.0,2.0,3.0,1.0,B01
201800024011,1.0,7,0,0.0,2.0,3.0,15.0,A01
201800024012,1.0,7,0,8.0,0.0,7.0,1.0,A01
201800024013,2.0,7,0,0.0,1.0,4.0,4.0,Z01
201800024014,0.0,1,0,0.0,2.0,7.0,1.0,B01
201800024014,0.0,7,0,0.0,2.0,5.0,1.0,A01
201800024015,1.0,14,0,0.0,1.0,1.0,1.0,A01
201800024016,0.0,7,0,0.0,1.0,1.0,1.0,A01
201800024017,2.0,7,0,1.0,0.0,2.0,5.0,A01
201800024018,2.0,30,0,0.0,2.0,1.0,2.0,A01
201800024018,2.0,10,0,0.0,2.0,4.0,0.0,B01
201800024019,1.0,1,0,0.0,2.0,1.0,1.0,A01
201800024019,2.0,7,0,0.0,0.0,7.0,1.0,B01
201800024020,1.0,7,0,14.0,0.0,1.0,2.0,A01
201800024020,1.0,7,0,0.0,0.0,4.0,2.0,C01
201800024020,1.0,7,0,14.0,0.0,4.0,2.0,B01
201800024021,0.0,7,0,14.0,2.0,1.0,5.0,A01
201800024021,0.0,7,0,14.0,2.0,1.0,1.0,B01
201800024022,1.0,10,0,0.0,1.0,1.0,16.0,A01
201800024023,0.0,1,0,0.0,2.0,1.0,1.0,B01
201800024023,0.0,7,0,0.0,2.0,2.0,1.0,A01
201800024024,0.0,7,0,1.0,1.0,3.0,1.0,A01
201800024025,0.0,7,0,0.0,2.0,3.0,1.0,B01
201800024025,0.0,7,0,0.0,2.0,2.0,19.0,A01
201800024026,2.0,33,0,0.0,2.0,3.0,1.0,B01
201800024026,1.0,30,0,0.0,2.0,7.0,1.0,A01
201800024027,2.0,7,0,0.0,2.0,7.0,16.0,B01
201800024027,2.0,1,0,0.0,2.0,8.0,1.0,A01
201800024028,0.0,7,0,0.0,2.0,2.0,1.0,A01
201800024028,0.0,31,0,0.0,2.0,1.0,1.0,B01
201800024029,0.0,7,0,0.0,2.0,2.0,1.0,B01
201800024029,0.0,7,0,0.0,2.0,3.0,1.0,C01
201800024029,0.0,7,0,0.0,2.0,1.0,1.0,A01
201800024030,0.0,31,0,0.0,2.0,7.0,1.0,B01
201800024030,0.0,1,0,0.0,2.0,1.0,1.0,A01
201800024031,0.0,7,0,8.0,0.0,1.0,1.0,A01
201800024032,2.0,1,0,0.0,2.0,1.0,1.0,A01
201800024032,2.0,7,0,0.0,2.0,2.0,1.0,B01
201800024033,0.0,33,0,0.0,2.0,1.0,1.0,A01
201800024033,0.0,7,0,0.0,2.0,4.0,1.0,B01
201800024034,0.0,1,0,0.0,4.0,1.0,9.0,B01
201800024034,0.0,40,1,0.0,2.0,2.0,1.0,A01
201800024035,0.0,1,0,0.0,2.0,1.0,1.0,A01
201800024035,0.0,7,0,0.0,2.0,2.0,16.0,B01
201800024036,1.0,30,0,0.0,0.0,1.0,1.0,A01
201800024037,0.0,7,0,0.0,1.0,1.0,1.0,A01
201800024038,0.0,40,1,0.0,1.0,5.0,1.0,A01
201800024039,0.0,2,0,0.0,0.0,0.0,0.0,Z01
201800024039,0.0,1,0,0.0,2.0,1.0,1.0,A01
201800024040,0.0,7,0,1.0,1.0,1.0,16.0,A01
201800024041,1.0,7,0,0.0,1.0,1.0,1.0,A01
201800024042,0.0,7,0,0.0,2.0,1.0,1.0,A01
201800024042,0.0,7,0,0.0,2.0,7.0,1.0,B01
201800024043,2.0,7,0,0.0,1.0,1.0,1.0,A01
201800024044,0.0,7,0,0.0,2.0,3.0,1.0,A01
201800024044,0.0,1,0,0.0,2.0,1.0,1.0,B01
201800024045,2.0,7,0,0.0,1.0,3.0,1.0,A01
201800024046,2.0,14,0,0.0,2.0,3.0,16.0,A01
201800024046,2.0,1,0,0.0,2.0,1.0,17.0,B01
201800024047,0.0,31,0,0.0,2.0,7.0,1.0,B01
201800024047,0.0,7,0,0.0,2.0,3.0,1.0,A01
201800024048,0.0,7,0,0.0,2.0,3.0,1.0,C01
201800024048,0.0,31,0,0.0,2.0,3.0,1.0,A01
201800024048,2.0,7,0,0.0,2.0,6.0,15.0,B01
201800024049,1.0,7,0,0.0,1.0,2.0,17.0,A01
201800024050,0.0,7,0,0.0,1.0,0.0,9.0,A01
201800024051,0.0,99,0,0.0,2.0,1.0,19.0,A01
201800024051,0.0,7,0,0.0,0.0,2.0,1.0,B01
201800024052,1.0,7,0,0.0,2.0,1.0,14.0,A01
201800024052,2.0,7,0,0.0,2.0,1.0,1.0,B01
201800024053,1.0,7,0,0.0,1.0,1.0,1.0,A01
201800024054,0.0,31,0,0.0,2.0,1.0,1.0,A01
201800024054,0.0,7,0,0.0,2.0,1.0,1.0,B01
201800024055,1.0,30,0,1.0,2.0,1.0,1.0,A01
201800024055,1.0,7,0,0.0,2.0,0.0,10.0,Z01
201800024056,0.0,7,0,0.0,1.0,1.0,1.0,A01
201800024057,2.0,7,0,0.0,2.0,3.0,9.0,B01
201800024057,1.0,30,0,0.0,2.0,2.0,1.0,A01
201800024058,1.0,33,0,0.0,2.0,1.0,1.0,B01
201800024058,2.0,7,0,0.0,2.0,7.0,15.0,A01
201800024059,0.0,30,0,0.0,1.0,1.0,1.0,A01
201800024060,0.0,7,0,0.0,1.0,1.0,1.0,A01
201800024061,1.0,1,0,0.0,2.0,4.0,1.0,B01
201800024061,1.0,7,0,0.0,2.0,1.0,14.0,A01
201800024062,0.0,7,0,14.0,0.0,1.0,0.0,A01
201800024063,2.0,7,0,0.0,2.0,3.0,1.0,B01
201800024063,1.0,1,0,0.0,2.0,1.0,1.0,A01
201800024064,0.0,7,0,0.0,1.0,2.0,1.0,A01
201800024065,0.0,7,0,0.0,0.0,6.0,0.0,B01
201800024065,0.0,7,0,0.0,2.0,1.0,0.0,A01
201800024066,2.0,33,0,0.0,2.0,3.0,1.0,B01
201800024066,0.0,7,0,0.0,2.0,1.0,9.0,A01
201800024067,2.0,7,0,0.0,2.0,2.0,15.0,A01
201800024067,1.0,7,0,0.0,2.0,1.0,1.0,B01
201800024068,2.0,37,1,0.0,1.0,1.0,1.0,A01
201800024069,2.0,7,0,0.0,5.0,5.0,1.0,A01
201800024069,1.0,2,0,0.0,2.0,1.0,1.0,B01
201800024070,2.0,7,0,0.0,2.0,7.0,15.0,B01
201800024070,1.0,33,0,0.0,2.0,1.0,1.0,A01
201800024071,1.0,1,0,0.0,5.0,8.0,19.0,B01
201800024071,2.0,2,0,0.0,5.0,1.0,1.0,A01
201800024072,0.0,7,0,9.0,0.0,3.0,0.0,A01
201800024073,0.0,7,0,14.0,0.0,2.0,1.0,A01
201800024074,2.0,7,0,0.0,2.0,2.0,1.0,A01
201800024074,1.0,7,0,0.0,2.0,8.0,1.0,C01
201800024074,2.0,7,0,0.0,2.0,8.0,16.0,B01
201800024075,0.0,7,0,0.0,2.0,1.0,15.0,B01
201800024075,0.0,30,0,0.0,2.0,1.0,1.0,A01
201800024076,2.0,7,0,0.0,2.0,3.0,13.0,A01
201800024076,1.0,7,0,0.0,2.0,3.0,1.0,B01
201800024077,2.0,7,0,0.0,2.0,7.0,23.0,A01
201800024077,2.0,33,0,0.0,2.0,8.0,3.0,B01
201800024077,2.0,7,0,0.0,2.0,6.0,23.0,C01
201800024078,2.0,33,0,0.0,1.0,1.0,1.0,A01
201800024079,2.0,7,0,0.0,2.0,1.0,21.0,A01
201800024079,2.0,1,0,0.0,2.0,4.0,23.0,B01
201800024079,2.0,7,0,0.0,2.0,7.0,23.0,C01
201800024080,2.0,32,0,12.0,0.0,3.0,21.0,A01
201800024081,2.0,7,0,0.0,1.0,3.0,1.0,A01
201800024082,1.0,7,0,0.0,2.0,1.0,1.0,A01
201800024082,1.0,7,0,0.0,2.0,4.0,23.0,B01
201800024083,1.0,7,0,0.0,2.0,3.0,23.0,B01
201800024083,2.0,7,0,1.0,2.0,1.0,5.0,A01
201800024084,0.0,7,0,0.0,1.0,2.0,1.0,A01
201800024085,2.0,7,0,0.0,2.0,4.0,15.0,A01
201800024085,2.0,7,0,0.0,2.0,1.0,1.0,B01
201800024086,1.0,30,0,0.0,2.0,7.0,1.0,A01
201800024086,1.0,10,0,0.0,2.0,8.0,11.0,B01
201800024087,1.0,34,0,0.0,2.0,6.0,1.0,A01
201800024087,2.0,7,0,0.0,2.0,3.0,15.0,B01
201800024088,2.0,7,0,0.0,2.0,7.0,22.0,A01
201800024088,2.0,1,0,0.0,2.0,8.0,1.0,B01
201800024089,1.0,7,0,0.0,2.0,7.0,16.0,A01
201800024089,1.0,1,0,0.0,2.0,1.0,1.0,B01
201800024090,1.0,7,0,0.0,1.0,3.0,1.0,A01
201800024091,2.0,7,0,0.0,1.0,1.0,1.0,A01
201800024092,1.0,7,0,1.0,1.0,3.0,1.0,A01
201800024093,0.0,10,0,0.0,1.0,0.0,0.0,A01
201800024094,2.0,1,0,0.0,2.0,8.0,1.0,A01
201800024094,2.0,7,0,0.0,2.0,7.0,1.0,B01
201800024095,1.0,1,0,0.0,2.0,1.0,1.0,A01
201800024095,1.0,7,0,0.0,2.0,5.0,16.0,B01
201800024096,1.0,1,0,0.0,2.0,5.0,1.0,A01
201800024096,0.0,7,0,0.0,2.0,1.0,9.0,Z01
201800024097,2.0,7,0,0.0,2.0,7.0,23.0,A01
201800024097,2.0,1,0,0.0,2.0,1.0,1.0,B01
201800024098,2.0,7,0,0.0,2.0,4.0,4.0,A01
201800024098,2.0,7,0,0.0,2.0,1.0,23.0,B01
201800024099,2.0,7,0,0.0,1.0,1.0,1.0,A01
201800024100,1.0,1,0,0.0,1.0,1.0,1.0,A01
201800024101,2.0,7,0,0.0,2.0,1.0,1.0,B01
201800024101,2.0,1,0,0.0,2.0,4.0,23.0,A01
201800024102,2.0,7,0,,2.0,4.0,23.0,B02
201800024102,2.0,7,0,,2.0,1.0,2.0,A01
201800024103,2.0,1,0,,2.0,8.0,1.0,A01
201800024103,1.0,7,0,,2.0,3.0,1.0,B02
201800024104,1.0,30,0,,2.0,,1.0,A01
201800024104,1.0,7,0,,2.0,,16.0,B02
201800024105,1.0,7,0,0.0,2.0,8.0,1.0,A01
201800024105,2.0,7,0,0.0,2.0,1.0,1.0,B01
201800024106,1.0,7,0,,2.0,2.0,9.0,A01
201800024106,2.0,1,0,,2.0,1.0,1.0,B02
201800024107,1.0,7,0,,1.0,2.0,1.0,A01
201800024108,2.0,14,0,9.0,2.0,6.0,1.0,A01
201800024108,1.0,7,0,0.0,2.0,8.0,15.0,B01
201800024109,1.0,7,0,,2.0,4.0,23.0,B02
201800024109,2.0,7,0,,2.0,1.0,1.0,A01
201800024110,1.0,7,0,,2.0,3.0,13.0,A01
201800024110,1.0,32,0,,2.0,1.0,1.0,B02
201800024111,1.0,7,0,,2.0,4.0,23.0,B02
201800024111,1.0,7,0,,2.0,1.0,1.0,A01
201800024112,1.0,7,0,,2.0,1.0,1.0,A01
201800024112,,1,0,,2.0,2.0,19.0,B02
201800024113,1.0,7,0,,1.0,4.0,4.0,A01
201800024114,1.0,1,0,0.0,2.0,8.0,15.0,B01
201800024114,1.0,7,0,0.0,2.0,2.0,17.0,A01
201800024115,2.0,1,0,0.0,2.0,1.0,1.0,B01
201800024115,2.0,7,0,0.0,2.0,5.0,16.0,A01
201800024116,1.0,7,0,0.0,2.0,3.0,1.0,A01
201800024116,2.0,1,0,0.0,2.0,2.0,15.0,B01
201800024117,1.0,7,0,0.0,2.0,6.0,10.0,A01
201800024117,1.0,32,0,0.0,2.0,1.0,17.0,B01
201800024118,2.0,1,0,0.0,2.0,6.0,5.0,B01
201800024118,2.0,7,0,0.0,2.0,1.0,1.0,A01
201800024119,0.0,99,0,0.0,2.0,0.0,0.0,R01
201800024119,2.0,1,0,0.0,2.0,1.0,1.0,A01
201800024120,1.0,7,0,,2.0,1.0,1.0,B02
201800024120,2.0,32,0,,2.0,4.0,1.0,A01
201800024121,2.0,30,0,,1.0,1.0,17.0,A01
201800024122,1.0,30,0,,1.0,1.0,1.0,A01
201800024123,1.0,7,0,,2.0,,17.0,A01
201800024123,1.0,1,0,,2.0,4.0,1.0,B02
201800024124,2.0,7,0,,2.0,5.0,15.0,B01
201800024124,2.0,30,0,,2.0,1.0,1.0,A01
201800024125,1.0,7,0,,1.0,3.0,15.0,A01
201800024126,2.0,7,0,,0.0,,9.0,A01
201800024126,2.0,1,0,,,8.0,21.0,B02
201800024127,1.0,2,0,0.0,2.0,8.0,9.0,A01
201800024127,2.0,7,0,0.0,2.0,2.0,1.0,B01
201800024128,1.0,7,0,13.0,2.0,0.0,17.0,A01
201800024128,1.0,7,0,13.0,2.0,0.0,1.0,B01
201800024129,0.0,33,0,0.0,6.0,1.0,1.0,A01
201800024130,0.0,7,0,13.0,0.0,9.0,14.0,A01
201800024131,0.0,31,0,7.0,0.0,9.0,1.0,A01
201800024132,0.0,7,0,0.0,1.0,1.0,20.0,A01
201800024133,0.0,7,0,0.0,2.0,1.0,15.0,A01
201800024133,0.0,7,0,0.0,2.0,3.0,1.0,B01
201800024134,0.0,7,0,0.0,2.0,1.0,1.0,B01
201800024134,0.0,7,0,13.0,2.0,7.0,0.0,A01
201800024135,0.0,7,0,13.0,0.0,1.0,1.0,A01
201800024136,1.0,7,0,0.0,2.0,3.0,1.0,B01
201800024136,1.0,2,0,0.0,2.0,7.0,1.0,A01
201800024137,0.0,7,0,0.0,9.0,6.0,1.0,B01
201800024137,0.0,1,0,0.0,2.0,8.0,19.0,A01
201800024138,0.0,33,0,0.0,0.0,8.0,1.0,B01
201800024138,0.0,7,0,0.0,2.0,1.0,15.0,A01
201800024139,0.0,7,0,0.0,2.0,2.0,19.0,A01
201800024139,0.0,33,0,0.0,2.0,1.0,1.0,B01
201800024140,0.0,10,0,0.0,1.0,2.0,1.0,A01
201800024141,0.0,7,0,0.0,2.0,3.0,15.0,B01
201800024141,0.0,7,0,0.0,2.0,1.0,1.0,A01
201800024142,2.0,7,0,2.0,0.0,3.0,1.0,A01
201800024143,2.0,7,0,6.0,0.0,1.0,1.0,A01
201800024144,2.0,33,0,0.0,2.0,8.0,19.0,B01
201800024144,2.0,7,0,0.0,2.0,1.0,1.0,A01
201800024145,0.0,33,0,0.0,0.0,2.0,1.0,A01
201800024146,1.0,7,0,2.0,0.0,8.0,1.0,B01
201800024146,2.0,7,0,0.0,2.0,3.0,13.0,A01
201800024147,1.0,7,0,0.0,9.0,3.0,15.0,A01
201800024147,0.0,1,0,0.0,2.0,8.0,10.0,B01
201800024148,2.0,7,0,0.0,2.0,1.0,21.0,A01
201800024148,1.0,7,0,0.0,2.0,1.0,21.0,B01
201800024149,1.0,1,0,0.0,0.0,2.0,1.0,B01
201800024149,2.0,7,0,0.0,2.0,3.0,9.0,A01
201800024150,1.0,7,0,0.0,2.0,3.0,17.0,A01
201800024150,2.0,7,0,0.0,2.0,3.0,1.0,B01
201800024151,1.0,7,0,1.0,1.0,2.0,1.0,B01
201800024152,0.0,7,0,0.0,2.0,2.0,15.0,A01
201800024152,0.0,2,0,0.0,2.0,8.0,1.0,B01
201800024153,0.0,33,0,0.0,2.0,2.0,17.0,A01
201800024153,0.0,7,0,0.0,2.0,3.0,16.0,B01
201800024154,2.0,7,0,0.0,0.0,7.0,16.0,A01
201800024154,2.0,7,0,0.0,2.0,3.0,1.0,B01
201800024155,0.0,2,0,0.0,2.0,1.0,1.0,A01
201800024155,0.0,7,0,0.0,2.0,4.0,1.0,B01
201800024156,0.0,7,0,0.0,2.0,3.0,10.0,A01
201800024156,0.0,32,0,0.0,2.0,1.0,1.0,B01
201800024157,1.0,7,0,0.0,2.0,2.0,1.0,A01
201800024157,1.0,7,0,0.0,2.0,4.0,21.0,B01
201800024157,1.0,7,0,0.0,2.0,4.0,1.0,C01
201800024158,2.0,33,0,0.0,0.0,4.0,2.0,A01
201800024158,2.0,7,0,0.0,2.0,3.0,2.0,B01
201800024159,0.0,7,0,0.0,2.0,2.0,22.0,A01
201800024159,0.0,2,0,0.0,2.0,1.0,22.0,B01
201800024160,0.0,7,0,1.0,1.0,3.0,0.0,A01
201800024161,0.0,33,0,4.0,0.0,1.0,0.0,A01
201800024161,0.0,7,0,0.0,0.0,4.0,1.0,B01
201800024162,1.0,33,0,0.0,0.0,8.0,1.0,A01
201800024163,0.0,7,0,0.0,0.0,2.0,16.0,A01
201800024163,0.0,32,0,0.0,2.0,1.0,18.0,B01
201800024164,1.0,7,0,0.0,2.0,5.0,15.0,A01
201800024164,2.0,33,0,0.0,2.0,1.0,1.0,B01
201800024164,2.0,33,0,0.0,0.0,8.0,21.0,C01
201800024165,0.0,33,0,0.0,2.0,7.0,12.0,A01
201800024165,0.0,7,0,0.0,2.0,8.0,13.0,B01
201800024166,1.0,31,0,0.0,2.0,1.0,17.0,A01
201800024166,1.0,7,0,0.0,2.0,8.0,15.0,B01
201800024167,0.0,7,0,0.0,2.0,2.0,15.0,A01
201800024167,0.0,33,0,0.0,2.0,1.0,1.0,B01
201800024168,2.0,36,0,0.0,0.0,3.0,1.0,A01
201800024169,0.0,31,0,0.0,2.0,7.0,3.0,B01
201800024169,0.0,7,0,0.0,2.0,3.0,19.0,A01
201800024170,0.0,7,0,0.0,1.0,1.0,1.0,A01
201800024171,0.0,7,0,0.0,1.0,1.0,0.0,A01
201800024172,0.0,7,0,0.0,2.0,3.0,13.0,A01
201800024172,0.0,30,0,0.0,2.0,1.0,17.0,B01
201800024173,0.0,2,0,0.0,1.0,1.0,13.0,A01
201800024174,1.0,7,0,0.0,2.0,1.0,13.0,A01
201800024174,0.0,7,0,0.0,2.0,1.0,1.0,B01
201800024174,2.0,10,0,0.0,2.0,8.0,1.0,C01
201800024175,0.0,7,0,0.0,2.0,7.0,15.0,A01
201800024175,0.0,34,0,0.0,2.0,1.0,1.0,B01
201800024176,0.0,7,0,0.0,2.0,1.0,5.0,A01
201800024176,0.0,33,0,0.0,2.0,1.0,1.0,B01
201800024177,0.0,7,0,0.0,1.0,1.0,2.0,A01
201800024177,0.0,7,0,0.0,2.0,4.0,23.0,B01
201800024178,0.0,31,0,0.0,2.0,1.0,9.0,A01
201800024178,0.0,7,0,0.0,2.0,2.0,1.0,B01
201800024179,1.0,7,0,0.0,2.0,3.0,0.0,A01
201800024179,1.0,31,0,0.0,2.0,7.0,17.0,B01