Num_Acc,senc,catv,occutc,obs,obsm,choc,manv,num_veh
201800024180,0.0,10,0,0.0,1.0,8.0,16.0,A01
201800024181,0.0,7,0,0.0,2.0,6.0,1.0,B01
201800024181,0.0,7,0,0.0,2.0,3.0,13.0,A01
201800024182,0.0,30,0,2.0,0.0,1.0,1.0,A01
201800024183,0.0,7,0,0.0,1.0,1.0,16.0,A01
201800024184,0.0,7,0,0.0,1.0,1.0,1.0,A01
201800024185,0.0,1,0,0.0,2.0,1.0,19.0,A01
201800024185,0.0,7,0,0.0,2.0,3.0,1.0,B01
201800024186,2.0,30,0,0.0,2.0,1.0,1.0,B01
201800024186,1.0,7,0,0.0,2.0,3.0,9.0,A01
201800024187,2.0,7,0,0.0,1.0,1.0,9.0,Z01
201800024188,2.0,30,0,0.0,2.0,8.0,1.0,B01
201800024188,1.0,7,0,0.0,2.0,2.0,15.0,A01
201800024189,2.0,7,0,0.0,1.0,1.0,1.0,A01
201800024190,2.0,7,0,0.0,1.0,1.0,1.0,A01
201800024191,2.0,7,0,1.0,2.0,1.0,1.0,B01
201800024191,1.0,7,0,0.0,2.0,1.0,13.0,A01
201800024192,2.0,7,0,0.0,1.0,8.0,1.0,A01
201800024193,2.0,7,0,0.0,1.0,1.0,1.0,A01
201800024194,1.0,7,0,0.0,1.0,0.0,1.0,A01
201800024195,1.0,7,0,0.0,2.0,1.0,13.0,A01
201800024195,2.0,7,0,0.0,2.0,2.0,1.0,B01
201800024196,2.0,7,0,0.0,1.0,1.0,1.0,A01
201800024197,1.0,7,0,0.0,2.0,1.0,1.0,A01
201800024197,1.0,33,0,0.0,2.0,4.0,1.0,B01
201800024198,1.0,33,0,0.0,2.0,1.0,9.0,A01
201800024198,1.0,7,0,0.0,2.0,8.0,1.0,B01
201800024199,1.0,7,0,0.0,1.0,1.0,1.0,A01
201800024200,1.0,7,0,0.0,2.0,1.0,2.0,A01
201800024200,1.0,7,0,3.0,2.0,4.0,1.0,B01
201800024200,2.0,15,0,0.0,2.0,6.0,1.0,C01
201800024201,1.0,7,0,0.0,1.0,1.0,1.0,A01
201800024202,1.0,7,0,0.0,2.0,1.0,0.0,B01
201800024202,1.0,7,0,0.0,2.0,1.0,0.0,Z01
201800024203,0.0,7,0,0.0,1.0,1.0,1.0,A01
201800024204,1.0,7,0,0.0,2.0,6.0,1.0,B01
201800024204,1.0,33,0,0.0,2.0,1.0,1.0,A01
201800024205,2.0,7,0,0.0,2.0,1.0,15.0,A01
201800024205,1.0,2,0,0.0,2.0,1.0,1.0,B01
201800024206,2.0,33,0,2.0,0.0,1.0,1.0,A01
201800024207,1.0,99,0,0.0,2.0,5.0,1.0,B01
201800024207,2.0,7,0,0.0,6.0,2.0,1.0,A01
201800024208,2.0,10,0,0.0,1.0,1.0,1.0,A01
201800024209,0.0,7,0,0.0,2.0,8.0,15.0,A01
201800024209,0.0,7,0,0.0,2.0,1.0,1.0,B01
201800024210,1.0,7,0,0.0,1.0,3.0,1.0,A01
201800024211,1.0,30,0,0.0,2.0,1.0,9.0,A01
201800024211,1.0,7,0,0.0,2.0,3.0,16.0,B01
201800024212,1.0,2,0,0.0,2.0,8.0,19.0,B01
201800024212,1.0,32,0,0.0,2.0,1.0,17.0,A01
201800024213,2.0,7,0,1.0,0.0,9.0,0.0,A01
201800024214,1.0,36,0,0.0,2.0,7.0,1.0,B01
201800024214,1.0,7,0,0.0,2.0,1.0,0.0,Z01
201800024215,2.0,7,0,2.0,0.0,1.0,1.0,A01
201800024216,1.0,7,0,0.0,1.0,1.0,15.0,A01
201800024217,2.0,7,0,0.0,1.0,7.0,1.0,A01
201800024218,2.0,1,0,0.0,2.0,1.0,1.0,A01
201800024218,1.0,10,0,0.0,2.0,5.0,16.0,B01
201800024219,2.0,30,0,0.0,2.0,1.0,1.0,A01
201800024219,2.0,7,0,0.0,2.0,4.0,1.0,B01
201800024220,1.0,7,0,0.0,2.0,8.0,1.0,A01
201800024220,2.0,2,0,0.0,2.0,1.0,1.0,B01
201800024221,1.0,10,0,0.0,2.0,8.0,9.0,A01
201800024221,1.0,33,0,0.0,2.0,1.0,1.0,B01
201800024222,2.0,7,0,0.0,1.0,2.0,0.0,A01
201800024223,2.0,33,0,0.0,2.0,7.0,17.0,B01
201800024223,2.0,7,0,0.0,2.0,8.0,15.0,A01
201800024224,1.0,7,0,0.0,1.0,1.0,1.0,A01
201800024225,2.0,2,0,0.0,2.0,1.0,13.0,A01
201800024225,2.0,10,0,0.0,2.0,4.0,1.0,B01
201800024226,2.0,20,0,0.0,1.0,6.0,1.0,A01
201800024227,0.0,7,0,3.0,2.0,7.0,13.0,A01
201800024227,0.0,7,0,0.0,2.0,1.0,1.0,B01
201800024228,1.0,7,0,0.0,2.0,4.0,15.0,A01
201800024228,1.0,30,0,0.0,2.0,1.0,1.0,B01
201800024229,1.0,7,0,5.0,1.0,2.0,1.0,A01
201800024230,1.0,7,0,0.0,2.0,1.0,2.0,A01
201800024230,1.0,33,0,0.0,2.0,4.0,16.0,B01
201800024231,1.0,1,0,0.0,2.0,1.0,19.0,A01
201800024231,1.0,7,0,0.0,2.0,7.0,16.0,B01
201800024232,1.0,7,0,0.0,2.0,4.0,2.0,B01
201800024232,1.0,7,0,0.0,2.0,1.0,1.0,A01
201800024233,1.0,7,0,0.0,2.0,1.0,15.0,A01
201800024233,1.0,34,0,0.0,2.0,3.0,15.0,B01
201800024234,1.0,1,0,0.0,2.0,7.0,19.0,A01
201800024234,2.0,7,0,0.0,9.0,1.0,1.0,B01
201800024235,2.0,7,0,0.0,2.0,4.0,1.0,B01
201800024235,2.0,7,0,0.0,2.0,1.0,2.0,A01
201800024236,1.0,30,0,0.0,2.0,1.0,1.0,B01
201800024236,1.0,7,0,0.0,2.0,3.0,15.0,A01
201800024237,1.0,7,0,0.0,2.0,3.0,15.0,A01
201800024237,1.0,34,0,0.0,2.0,1.0,17.0,B01
201800024238,1.0,7,0,0.0,1.0,4.0,4.0,A01
201800024239,1.0,34,0,0.0,2.0,1.0,1.0,B01
201800024239,2.0,7,0,0.0,2.0,3.0,15.0,A01
201800024240,1.0,7,0,0.0,1.0,1.0,17.0,A01
201800024241,1.0,7,0,0.0,1.0,1.0,1.0,A01
201800024242,1.0,7,0,13.0,0.0,1.0,21.0,A01
201800024243,2.0,31,0,0.0,2.0,1.0,1.0,A01
201800024243,0.0,99,0,0.0,2.0,0.0,0.0,R01
201800024244,2.0,7,0,2.0,1.0,1.0,0.0,A01
201800024245,1.0,7,0,0.0,2.0,2.0,10.0,A01
201800024245,2.0,34,0,0.0,2.0,1.0,1.0,C01
201800024245,1.0,31,0,0.0,2.0,1.0,11.0,B01
201800024246,0.0,7,0,9.0,0.0,1.0,1.0,A01
201800024247,1.0,7,0,0.0,1.0,1.0,20.0,A01
201800024248,2.0,7,0,0.0,1.0,3.0,15.0,A01
201800024249,1.0,7,0,0.0,2.0,1.0,1.0,A01
201800024249,1.0,7,0,0.0,1.0,1.0,1.0,B01
201800024250,2.0,7,0,4.0,0.0,1.0,1.0,A01
201800024251,1.0,7,0,0.0,1.0,7.0,1.0,A01
201800024252,2.0,7,0,0.0,2.0,1.0,1.0,A01
201800024252,2.0,7,0,0.0,2.0,4.0,11.0,B01
201800024253,1.0,7,0,0.0,2.0,2.0,1.0,B01
201800024253,1.0,30,0,0.0,2.0,1.0,15.0,A01
201800024254,1.0,7,0,0.0,2.0,4.0,1.0,C01
201800024254,1.0,7,0,0.0,2.0,1.0,1.0,A01
201800024254,1.0,7,0,0.0,2.0,4.0,1.0,B01
201800024255,1.0,33,0,0.0,2.0,1.0,1.0,B01
201800024255,1.0,7,0,0.0,2.0,0.0,16.0,A01
201800024256,1.0,31,0,0.0,0.0,8.0,0.0,A01
201800024257,1.0,7,0,0.0,1.0,1.0,1.0,A01
201800024258,2.0,7,0,6.0,0.0,2.0,14.0,A01
201800024259,0.0,30,0,0.0,2.0,0.0,13.0,A01
201800024259,1.0,7,0,0.0,2.0,3.0,15.0,B01
201800024260,1.0,7,0,0.0,2.0,5.0,0.0,B01
201800024260,1.0,31,0,0.0,2.0,1.0,0.0,A01
201800024261,1.0,7,0,0.0,1.0,2.0,1.0,A01
201800024262,1.0,31,0,0.0,2.0,1.0,1.0,B01
201800024262,1.0,7,0,0.0,2.0,6.0,15.0,A01
201800024263,2.0,7,0,0.0,1.0,1.0,1.0,A01
201800024264,1.0,7,0,0.0,1.0,1.0,1.0,A01
201800024265,1.0,37,0,0.0,1.0,0.0,0.0,B01
201800024266,2.0,10,0,0.0,2.0,1.0,1.0,A01
201800024266,1.0,7,0,0.0,2.0,1.0,15.0,B01
201800024267,0.0,33,0,0.0,0.0,1.0,1.0,A01
201800024268,1.0,7,0,0.0,2.0,2.0,15.0,A01
201800024268,2.0,31,0,0.0,2.0,1.0,1.0,B01
201800024269,2.0,7,0,0.0,1.0,1.0,15.0,A01
201800024270,2.0,7,0,0.0,2.0,1.0,1.0,A01
201800024270,2.0,7,0,0.0,2.0,4.0,1.0,B01
201800024271,1.0,33,0,0.0,1.0,1.0,1.0,A01
201800024272,1.0,33,0,0.0,2.0,1.0,17.0,A01
201800024272,1.0,7,0,0.0,2.0,8.0,15.0,B01
201800024273,1.0,31,0,0.0,2.0,1.0,1.0,A01
201800024273,1.0,10,0,0.0,2.0,3.0,15.0,B01
201800024274,1.0,7,0,0.0,2.0,4.0,1.0,B01
201800024274,1.0,7,0,0.0,2.0,1.0,2.0,A01
201800024275,2.0,7,0,0.0,2.0,0.0,1.0,A01
201800024275,1.0,7,0,0.0,2.0,1.0,19.0,B01
201800024276,1.0,14,0,0.0,2.0,1.0,11.0,A01
201800024276,2.0,7,0,0.0,2.0,7.0,1.0,B01
201800024277,2.0,7,0,0.0,2.0,2.0,1.0,A01
201800024277,2.0,7,0,0.0,2.0,6.0,9.0,B01
201800024278,0.0,7,0,0.0,2.0,1.0,1.0,B01
201800024278,0.0,7,0,0.0,2.0,7.0,1.0,A01
201800024279,2.0,7,0,0.0,2.0,2.0,2.0,A01
201800024279,2.0,7,0,0.0,2.0,3.0,0.0,B01
201800024280,0.0,7,0,6.0,0.0,2.0,15.0,A01
201800024281,0.0,32,0,0.0,2.0,7.0,1.0,A01
201800024281,1.0,7,0,0.0,2.0,1.0,1.0,B01
201800024282,1.0,10,0,0.0,2.0,1.0,15.0,A01
201800024282,2.0,33,0,7.0,2.0,1.0,1.0,B01
201800024282,1.0,1,0,0.0,2.0,0.0,0.0,C01
201800024282,1.0,7,0,1.0,9.0,4.0,0.0,D01
201800024283,1.0,7,0,0.0,2.0,3.0,15.0,A01
201800024283,1.0,32,0,0.0,2.0,2.0,17.0,B01
201800024284,1.0,7,0,12.0,0.0,2.0,1.0,A01
201800024285,2.0,7,0,0.0,2.0,1.0,5.0,A01
201800024285,1.0,7,0,0.0,2.0,1.0,1.0,B01
201800024286,1.0,7,0,0.0,2.0,1.0,1.0,B01
201800024286,1.0,10,0,0.0,2.0,8.0,13.0,A01
201800024287,2.0,7,0,2.0,0.0,8.0,0.0,A01
201800024288,1.0,30,0,0.0,1.0,1.0,1.0,A01
201800024289,1.0,7,0,9.0,0.0,2.0,1.0,A01
201800024290,1.0,10,0,0.0,0.0,0.0,1.0,B01
201800024290,1.0,34,0,0.0,2.0,0.0,18.0,A01
201800024291,1.0,7,0,0.0,2.0,1.0,2.0,A01
201800024291,1.0,7,0,0.0,2.0,4.0,15.0,B01
201800024292,0.0,7,0,4.0,0.0,1.0,1.0,A01
201800024293,2.0,7,0,0.0,2.0,6.0,1.0,B01
201800024293,1.0,33,0,0.0,2.0,1.0,12.0,A01
201800024294,2.0,10,0,0.0,1.0,1.0,1.0,A01
201800024295,1.0,7,0,0.0,1.0,2.0,1.0,A01
201800024296,0.0,7,0,0.0,1.0,4.0,20.0,A01
201800024297,1.0,7,0,0.0,1.0,2.0,1.0,A01
201800024298,2.0,7,0,0.0,2.0,4.0,2.0,B01
201800024298,2.0,7,0,0.0,2.0,4.0,2.0,C01
201800024298,2.0,7,0,0.0,2.0,1.0,2.0,A01
201800024299,2.0,7,0,12.0,1.0,1.0,21.0,Z01
201800024300,1.0,10,0,0.0,2.0,3.0,15.0,A01
201800024300,1.0,7,0,0.0,2.0,4.0,15.0,B01
201800024301,1.0,30,0,12.0,0.0,1.0,0.0,A01
201800024302,0.0,7,0,0.0,2.0,3.0,15.0,A01
201800024302,0.0,7,0,0.0,2.0,3.0,1.0,B01
201800024303,1.0,7,0,2.0,0.0,1.0,14.0,A01
201800024304,2.0,7,0,0.0,1.0,5.0,2.0,A01
201800024305,0.0,7,0,0.0,2.0,1.0,1.0,B01
201800024305,0.0,7,0,0.0,2.0,1.0,15.0,A01
201800024306,1.0,10,0,0.0,1.0,2.0,1.0,A01
201800024307,1.0,7,0,0.0,1.0,3.0,1.0,A01
201800024308,2.0,7,0,0.0,2.0,1.0,15.0,B01
201800024308,0.0,34,0,0.0,2.0,1.0,17.0,A01
201800024309,0.0,7,0,0.0,1.0,2.0,15.0,A01
201800024310,0.0,1,0,0.0,2.0,1.0,1.0,B01
201800024310,0.0,7,0,0.0,2.0,2.0,19.0,A01
201800024311,0.0,33,0,0.0,2.0,7.0,12.0,A01
201800024311,0.0,7,0,0.0,2.0,3.0,1.0,B01
201800024312,0.0,40,2,0.0,2.0,2.0,1.0,B01
201800024312,0.0,7,0,8.0,4.0,3.0,1.0,A01
201800024313,1.0,7,0,8.0,0.0,0.0,1.0,A01
201800024314,1.0,7,0,0.0,2.0,1.0,1.0,B01
201800024314,2.0,7,0,7.0,2.0,1.0,1.0,A01
201800024315,1.0,7,0,0.0,2.0,1.0,15.0,A01
201800024315,1.0,32,0,0.0,2.0,1.0,0.0,B01
201800024316,0.0,10,0,0.0,1.0,4.0,4.0,A01
201800024317,0.0,7,0,0.0,1.0,0.0,0.0,A01
201800024318,2.0,7,0,0.0,2.0,1.0,1.0,A01
201800024318,2.0,7,0,0.0,0.0,4.0,1.0,B01
201800024319,1.0,10,0,0.0,1.0,2.0,1.0,Z01
201800024320,1.0,7,0,0.0,2.0,6.0,1.0,C01
201800024320,2.0,33,0,1.0,2.0,1.0,2.0,B01
201800024320,2.0,7,0,0.0,2.0,3.0,10.0,A01
201800024321,2.0,7,0,0.0,2.0,3.0,13.0,A01
201800024321,1.0,7,0,0.0,2.0,3.0,1.0,B01
201800024322,0.0,7,0,0.0,1.0,0.0,1.0,A01
201800024323,0.0,33,0,0.0,2.0,2.0,1.0,B01
201800024323,0.0,7,0,0.0,2.0,7.0,15.0,A01
201800024324,2.0,7,0,0.0,2.0,1.0,1.0,B01
201800024324,1.0,32,0,0.0,2.0,2.0,1.0,A01
201800024325,2.0,32,0,0.0,1.0,1.0,17.0,B01
201800024326,0.0,7,0,0.0,2.0,3.0,15.0,A01
201800024326,0.0,32,0,0.0,2.0,3.0,0.0,B01
201800024327,0.0,33,0,0.0,0.0,7.0,16.0,A01
201800024328,0.0,33,0,9.0,0.0,1.0,17.0,A01
201800024329,2.0,7,0,0.0,1.0,8.0,1.0,A01
201800024330,0.0,7,0,0.0,1.0,4.0,20.0,A01
201800024331,0.0,2,0,0.0,2.0,3.0,15.0,A01
201800024331,0.0,30,0,0.0,2.0,2.0,17.0,B01
201800024332,1.0,7,0,0.0,2.0,2.0,15.0,A01
201800024332,2.0,33,0,1.0,2.0,7.0,17.0,B01
201800024333,1.0,7,0,0.0,1.0,1.0,1.0,B01
201800024334,2.0,7,0,0.0,2.0,7.0,15.0,A01
201800024334,1.0,34,0,0.0,2.0,1.0,1.0,B01
201800024335,1.0,33,0,0.0,2.0,1.0,0.0,A01
201800024335,1.0,7,0,0.0,0.0,4.0,1.0,B01
201800024336,2.0,7,0,2.0,0.0,1.0,1.0,A01
201800024337,0.0,7,0,0.0,2.0,1.0,15.0,A01
201800024337,0.0,34,0,0.0,2.0,1.0,1.0,B01
201800024338,2.0,7,0,0.0,2.0,1.0,16.0,B01
201800024338,1.0,99,0,0.0,2.0,1.0,5.0,A01
201800024339,1.0,7,0,0.0,2.0,8.0,18.0,Z01
201800024339,0.0,7,0,0.0,0.0,3.0,15.0,B01
201800024340,0.0,7,0,0.0,2.0,1.0,15.0,A01
201800024340,1.0,32,0,0.0,2.0,1.0,1.0,B01
201800024341,1.0,7,0,0.0,2.0,2.0,19.0,A01
201800024341,1.0,7,0,0.0,2.0,5.0,1.0,B01
201800024342,1.0,33,0,0.0,2.0,1.0,2.0,A01
201800024342,2.0,7,0,0.0,2.0,5.0,15.0,B01
201800024343,0.0,7,0,6.0,6.0,9.0,1.0,A01
201800024344,2.0,7,0,7.0,0.0,3.0,14.0,A01
201800024345,0.0,7,0,0.0,2.0,2.0,16.0,B01
201800024345,0.0,7,0,0.0,2.0,3.0,13.0,A01
201800024346,1.0,30,0,1.0,0.0,1.0,14.0,A01
201800024346,1.0,7,0,0.0,2.0,5.0,24.0,B01
201800024347,2.0,10,0,0.0,2.0,1.0,1.0,A01
201800024347,2.0,10,0,0.0,2.0,4.0,1.0,B01
201800024348,2.0,33,0,0.0,2.0,3.0,1.0,B01
201800024348,0.0,7,0,0.0,2.0,2.0,0.0,A01
201800024349,1.0,32,0,0.0,1.0,0.0,0.0,Y01
201800024350,2.0,7,0,0.0,2.0,3.0,2.0,B01
201800024350,2.0,1,0,0.0,2.0,1.0,13.0,A01
201800024351,1.0,7,0,0.0,1.0,1.0,2.0,B01
201800024352,2.0,33,0,0.0,2.0,8.0,1.0,B01
201800024352,1.0,7,0,0.0,2.0,1.0,19.0,A01
201800024353,1.0,33,0,0.0,2.0,1.0,17.0,B01
201800024353,1.0,7,0,0.0,2.0,8.0,1.0,C01
201800024353,2.0,7,0,0.0,2.0,3.0,15.0,A01
201800024354,2.0,7,0,0.0,2.0,1.0,1.0,B01
201800024354,1.0,7,0,0.0,2.0,8.0,0.0,A01
201800024355,1.0,10,0,0.0,2.0,3.0,15.0,A01
201800024355,2.0,33,0,0.0,2.0,8.0,1.0,B01
201800024356,1.0,13,0,0.0,2.0,2.0,16.0,A01
201800024356,1.0,33,0,0.0,2.0,1.0,0.0,B01
201800024357,1.0,10,0,0.0,2.0,2.0,1.0,A01
201800024357,1.0,1,0,0.0,2.0,3.0,1.0,B01
201800024358,0.0,7,0,0.0,2.0,5.0,1.0,B01
201800024358,0.0,7,0,0.0,2.0,1.0,5.0,A01
201800024359,2.0,7,0,0.0,2.0,7.0,1.0,B01
201800024359,1.0,7,0,0.0,2.0,3.0,15.0,C01
201800024359,1.0,7,0,0.0,2.0,1.0,19.0,A01
201800024360,0.0,7,0,13.0,0.0,1.0,16.0,A01
201800024361,2.0,7,0,0.0,1.0,7.0,1.0,A01
201800024362,0.0,7,0,0.0,2.0,8.0,1.0,A01
201800024362,2.0,33,0,0.0,2.0,1.0,1.0,B01
201800024363,0.0,34,0,0.0,2.0,3.0,13.0,A01
201800024363,0.0,7,0,0.0,2.0,5.0,17.0,B01
201800024364,1.0,7,0,0.0,2.0,3.0,23.0,C01
201800024364,2.0,1,0,0.0,2.0,8.0,1.0,B01
201800024364,2.0,7,0,0.0,2.0,2.0,13.0,A01
201800024365,1.0,32,0,15.0,0.0,1.0,14.0,A01
201800024366,2.0,99,0,0.0,2.0,6.0,23.0,C01
201800024366,1.0,32,0,0.0,2.0,1.0,1.0,D01
201800024366,2.0,7,0,0.0,2.0,1.0,1.0,A01
201800024366,2.0,7,0,0.0,2.0,4.0,23.0,B01
201800024367,2.0,7,0,0.0,2.0,3.0,1.0,B01
201800024367,0.0,7,0,0.0,2.0,6.0,0.0,C01
201800024367,1.0,7,0,0.0,2.0,3.0,15.0,A01
201800024368,1.0,1,0,0.0,2.0,1.0,19.0,A01
201800024368,2.0,1,0,0.0,2.0,1.0,1.0,B01
201800024369,2.0,7,0,2.0,0.0,1.0,14.0,A01
201800024370,1.0,7,0,8.0,2.0,1.0,1.0,A01
201800024370,1.0,7,0,0.0,0.0,4.0,1.0,C01
201800024370,1.0,7,0,0.0,2.0,5.0,1.0,B01
201800024371,2.0,7,0,10.0,2.0,2.0,17.0,A01
201800024372,1.0,7,0,0.0,2.0,2.0,16.0,A01
201800024372,1.0,1,0,0.0,2.0,1.0,1.0,B01
201800024373,0.0,7,0,0.0,1.0,2.0,0.0,A01
201800024374,1.0,7,0,0.0,2.0,1.0,1.0,D01
201800024374,1.0,7,0,0.0,2.0,1.0,0.0,A01
201800024374,1.0,7,0,0.0,2.0,5.0,2.0,C01
201800024374,1.0,7,0,0.0,2.0,2.0,1.0,B01
201800024375,1.0,7,0,0.0,2.0,4.0,2.0,B01
201800024375,1.0,7,0,0.0,2.0,1.0,2.0,A01
201800024376,2.0,7,0,0.0,1.0,2.0,2.0,A01
201800024377,0.0,7,0,0.0,2.0,4.0,23.0,F01
201800024377,0.0,7,0,0.0,2.0,4.0,23.0,G01
201800024377,1.0,7,0,0.0,2.0,2.0,23.0,D01
201800024377,1.0,7,0,0.0,2.0,4.0,23.0,C01
201800024377,1.0,7,0,0.0,2.0,6.0,23.0,B01
201800024377,1.0,7,0,0.0,2.0,4.0,23.0,E01
201800024377,1.0,7,0,0.0,2.0,1.0,1.0,A01
201800024378,1.0,7,0,0.0,1.0,3.0,15.0,A01
201800024379,1.0,7,0,0.0,2.0,1.0,2.0,A01
201800024379,1.0,7,0,0.0,2.0,6.0,0.0,B01
201800024380,1.0,7,0,12.0,2.0,1.0,19.0,A01
201800024380,2.0,7,0,0.0,2.0,1.0,1.0,B01
201800024381,1.0,32,0,0.0,2.0,3.0,17.0,A01
201800024382,2.0,7,0,0.0,2.0,3.0,13.0,A01
201800024382,2.0,33,0,0.0,2.0,2.0,2.0,B01
201800024383,1.0,1,0,0.0,2.0,1.0,1.0,B01
201800024383,0.0,10,0,0.0,2.0,0.0,0.0,A01
201800024384,1.0,7,0,0.0,2.0,1.0,1.0,B01
201800024384,2.0,7,0,12.0,0.0,5.0,15.0,A01
201800024385,1.0,7,0,0.0,1.0,2.0,1.0,A01
201800024386,1.0,1,0,0.0,2.0,1.0,1.0,B01
201800024386,1.0,10,0,0.0,2.0,1.0,9.0,A01
201800024387,1.0,7,0,0.0,2.0,3.0,1.0,A01
201800024387,1.0,7,0,0.0,2.0,5.0,1.0,B01
201800024388,0.0,30,0,8.0,0.0,1.0,14.0,A01
201800024389,2.0,7,0,0.0,2.0,4.0,1.0,B01
201800024389,1.0,7,0,0.0,2.0,1.0,0.0,A01
201800024390,0.0,10,0,0.0,2.0,6.0,0.0,B01
201800024390,0.0,10,0,0.0,2.0,1.0,0.0,C01
201800024390,0.0,33,0,0.0,2.0,1.0,16.0,A01
201800024391,2.0,7,0,0.0,2.0,7.0,15.0,A01
201800024391,1.0,32,0,0.0,2.0,1.0,1.0,B01
201800024392,1.0,7,0,0.0,2.0,3.0,15.0,A01
201800024392,2.0,31,0,0.0,2.0,8.0,1.0,B01
201800024393,1.0,7,0,0.0,6.0,5.0,1.0,B01
201800024393,0.0,1,0,0.0,2.0,1.0,19.0,A01
201800024394,0.0,10,0,0.0,2.0,4.0,2.0,B01
201800024394,0.0,10,0,0.0,2.0,1.0,2.0,A01
201800024395,1.0,33,0,0.0,2.0,1.0,2.0,A01
201800024395,0.0,7,0,0.0,0.0,4.0,23.0,B01
201800024396,2.0,33,0,0.0,2.0,1.0,7.0,A01
201800024396,2.0,7,0,0.0,2.0,2.0,16.0,B01
201800024397,2.0,7,0,0.0,1.0,1.0,16.0,A01
201800024398,2.0,10,0,3.0,0.0,1.0,16.0,A01
201800024399,1.0,7,0,0.0,1.0,2.0,1.0,A01
201800024400,2.0,7,0,0.0,2.0,3.0,16.0,A01
201800024400,2.0,7,0,0.0,2.0,2.0,16.0,Z01
201800024401,0.0,7,0,0.0,2.0,1.0,1.0,B01
201800024401,0.0,7,0,0.0,2.0,7.0,1.0,A01
201800024402,2.0,7,0,0.0,0.0,4.0,23.0,B01
201800024402,2.0,7,0,0.0,2.0,1.0,1.0,A01
201800024403,1.0,32,0,0.0,2.0,2.0,1.0,B01
201800024403,2.0,7,0,0.0,2.0,2.0,15.0,A01
201800024404,2.0,31,0,0.0,2.0,2.0,1.0,A01
201800024404,1.0,7,0,0.0,2.0,1.0,1.0,B01
201800024405,0.0,14,0,0.0,2.0,5.0,16.0,B01
201800024405,2.0,1,0,0.0,2.0,1.0,0.0,A01
201800024406,1.0,7,0,0.0,2.0,1.0,2.0,A01
201800024406,1.0,7,0,0.0,2.0,4.0,2.0,B01
201800024407,2.0,7,0,0.0,2.0,2.0,1.0,B01
201800024407,0.0,33,0,0.0,2.0,6.0,23.0,A01
201800024408,2.0,7,0,0.0,2.0,8.0,1.0,B01
201800024408,1.0,7,0,0.0,2.0,3.0,13.0,A01
201800024408,2.0,7,0,0.0,2.0,3.0,1.0,C01
201800024409,0.0,1,0,0.0,2.0,1.0,0.0,A01
201800024409,2.0,7,0,0.0,2.0,5.0,16.0,B01
201800024410,0.0,32,0,0.0,2.0,1.0,1.0,B01
201800024410,0.0,7,0,0.0,2.0,2.0,19.0,A01
201800024411,1.0,7,0,0.0,1.0,2.0,1.0,A01
201800024412,1.0,7,0,0.0,2.0,4.0,2.0,C01
201800024412,1.0,7,0,0.0,2.0,4.0,2.0,B01
201800024412,1.0,10,0,0.0,2.0,1.0,2.0,A01
201800024413,0.0,7,0,0.0,2.0,1.0,0.0,A01
201800024413,0.0,7,0,0.0,2.0,0.0,0.0,B01
201800024414,1.0,7,0,0.0,2.0,4.0,2.0,B01
201800024414,1.0,7,0,0.0,2.0,1.0,2.0,A01
201800024415,1.0,7,0,0.0,2.0,8.0,1.0,C01
201800024415,2.0,7,0,11.0,1.0,1.0,17.0,A01
201800024416,2.0,32,0,0.0,2.0,1.0,2.0,A01
201800024416,2.0,7,0,0.0,0.0,6.0,23.0,B01
201800024417,0.0,33,0,0.0,0.0,0.0,0.0,A01
201800024418,1.0,7,0,0.0,1.0,2.0,1.0,A01
201800024419,2.0,34,0,0.0,1.0,1.0,1.0,A01
201800024420,2.0,7,0,0.0,1.0,1.0,1.0,A01
201800024421,1.0,7,0,0.0,1.0,1.0,17.0,A01
201800024422,0.0,7,0,0.0,2.0,2.0,14.0,A01
201800024422,0.0,7,0,0.0,2.0,6.0,1.0,B01
201800024423,2.0,33,0,0.0,1.0,1.0,17.0,A01
201800024424,0.0,7,0,0.0,2.0,1.0,15.0,A01
201800024424,0.0,7,0,0.0,2.0,3.0,1.0,B01
201800024425,1.0,34,0,0.0,1.0,1.0,1.0,A01
201800024426,0.0,7,0,0.0,2.0,1.0,2.0,A01
201800024426,0.0,7,0,0.0,0.0,4.0,2.0,B01
201800024427,1.0,40,1,0.0,2.0,1.0,1.0,B01
201800024427,1.0,7,0,0.0,4.0,2.0,0.0,A01
201800024428,0.0,7,0,0.0,1.0,2.0,2.0,A01
201800024429,2.0,1,0,14.0,0.0,8.0,1.0,B01
201800024429,2.0,7,0,0.0,6.0,7.0,22.0,A01
201800024430,0.0,10,0,0.0,2.0,3.0,0.0,B01
201800024430,0.0,1,0,0.0,2.0,1.0,19.0,A01
201800024431,0.0,1,0,0.0,2.0,1.0,5.0,A01
201800024431,0.0,7,0,0.0,2.0,8.0,15.0,B01
201800024432,0.0,7,0,0.0,2.0,1.0,5.0,A01
201800024432,0.0,33,0,0.0,2.0,1.0,1.0,B01
201800024433,0.0,1,0,0.0,2.0,4.0,1.0,B01
201800024433,0.0,7,0,0.0,2.0,6.0,9.0,A01
201800024434,0.0,30,0,13.0,0.0,0.0,0.0,A01
201800024435,1.0,37,1,0.0,1.0,1.0,0.0,A01
201800024436,2.0,1,0,0.0,1.0,1.0,1.0,A01
201800024437,1.0,33,0,0.0,2.0,3.0,1.0,B01