Num_Acc,senc,catv,occutc,obs,obsm,choc,manv,num_veh
201800024437,0.0,7,0,0.0,2.0,3.0,15.0,A01
201800024438,2.0,33,0,0.0,2.0,2.0,2.0,B01
201800024438,2.0,7,0,0.0,2.0,8.0,11.0,A01
201800024439,2.0,10,0,0.0,1.0,1.0,1.0,A01
201800024440,1.0,7,0,0.0,2.0,3.0,1.0,B01
201800024440,2.0,7,0,0.0,2.0,1.0,1.0,A01
201800024441,1.0,7,0,0.0,2.0,4.0,0.0,B01
201800024441,2.0,33,0,0.0,2.0,1.0,2.0,A01
201800024442,2.0,10,0,2.0,0.0,2.0,14.0,A01
201800024443,2.0,32,0,0.0,1.0,1.0,17.0,A01
201800024444,1.0,10,0,0.0,2.0,2.0,1.0,Z01
201800024444,2.0,1,0,0.0,2.0,2.0,0.0,A01
201800024445,2.0,7,0,0.0,1.0,1.0,1.0,A01
201800024446,0.0,32,0,0.0,2.0,2.0,1.0,B01
201800024446,0.0,10,0,0.0,2.0,3.0,20.0,A01
201800024447,1.0,10,0,0.0,2.0,1.0,1.0,B01
201800024447,1.0,99,0,0.0,2.0,8.0,19.0,A01
201800024448,1.0,34,0,0.0,1.0,1.0,17.0,A01
201800024449,2.0,7,0,0.0,0.0,4.0,2.0,B01
201800024449,2.0,7,0,0.0,2.0,1.0,2.0,A01
201800024450,0.0,7,0,0.0,0.0,9.0,1.0,A01
201800024451,1.0,7,0,0.0,1.0,1.0,1.0,A01
201800024452,1.0,1,0,0.0,2.0,7.0,19.0,A01
201800024452,1.0,7,0,0.0,2.0,1.0,1.0,B01
201800024453,1.0,40,1,0.0,1.0,2.0,1.0,A01
201800024454,0.0,7,0,0.0,2.0,3.0,15.0,A01
201800024454,0.0,33,0,0.0,2.0,1.0,1.0,B01
201800024455,2.0,7,0,0.0,2.0,4.0,1.0,B01
201800024455,2.0,7,0,0.0,2.0,1.0,1.0,A01
201800024456,2.0,7,0,1.0,0.0,2.0,15.0,A01
201800024456,2.0,7,0,0.0,2.0,6.0,24.0,C01
201800024456,0.0,7,0,0.0,2.0,3.0,24.0,B01
201800024457,2.0,7,0,0.0,2.0,2.0,1.0,A01
201800024457,2.0,7,0,0.0,2.0,2.0,1.0,B01
201800024458,1.0,7,0,0.0,2.0,2.0,16.0,A01
201800024458,1.0,32,0,0.0,2.0,3.0,1.0,B01
201800024459,2.0,7,0,0.0,2.0,3.0,10.0,A01
201800024459,2.0,33,0,0.0,2.0,2.0,17.0,B01
201800024460,2.0,40,1,0.0,2.0,2.0,1.0,B01
201800024460,1.0,1,0,0.0,4.0,2.0,19.0,A01
201800024461,1.0,10,0,0.0,0.0,6.0,23.0,B01
201800024461,1.0,7,0,0.0,2.0,2.0,1.0,A01
201800024462,2.0,7,0,0.0,2.0,8.0,15.0,A01
201800024462,2.0,32,0,0.0,2.0,1.0,1.0,B01
201800024463,1.0,7,0,1.0,1.0,4.0,20.0,A01
201800024464,1.0,7,0,0.0,2.0,3.0,1.0,A01
201800024464,1.0,1,0,0.0,2.0,4.0,1.0,B01
201800024465,1.0,40,30,0.0,2.0,5.0,1.0,B01
201800024465,1.0,7,0,0.0,4.0,1.0,1.0,A01
201800024466,1.0,7,0,0.0,2.0,8.0,22.0,A01
201800024466,2.0,2,0,0.0,2.0,1.0,17.0,B01
201800024467,1.0,7,0,0.0,2.0,2.0,15.0,A01
201800024467,1.0,32,0,0.0,2.0,8.0,1.0,B01
201800024468,2.0,10,0,0.0,2.0,2.0,16.0,B01
201800024468,0.0,7,0,1.0,0.0,8.0,0.0,C01
201800024468,2.0,33,0,0.0,2.0,3.0,18.0,A01
201800024469,2.0,32,0,0.0,0.0,7.0,1.0,A01
201800024470,2.0,33,0,0.0,2.0,1.0,1.0,A01
201800024470,2.0,7,0,0.0,0.0,6.0,15.0,B01
201800024471,0.0,10,0,0.0,2.0,8.0,0.0,A01
201800024471,1.0,2,0,0.0,2.0,2.0,17.0,B01
201800024472,1.0,7,0,0.0,1.0,1.0,1.0,A01
201800024473,1.0,7,0,0.0,1.0,3.0,1.0,A01
201800024474,0.0,10,0,0.0,1.0,4.0,20.0,A01
201800024475,1.0,33,0,0.0,2.0,1.0,0.0,A01
201800024475,1.0,7,0,0.0,2.0,1.0,0.0,B01
201800024476,1.0,7,0,0.0,2.0,1.0,2.0,B01
201800024476,1.0,30,0,8.0,2.0,1.0,19.0,A01
201800024477,1.0,7,0,0.0,1.0,3.0,19.0,A01
201800024478,0.0,7,0,0.0,2.0,1.0,2.0,A01
201800024478,0.0,7,0,0.0,2.0,4.0,2.0,B01
201800024479,0.0,10,0,0.0,1.0,4.0,4.0,A01
201800024480,2.0,7,0,15.0,4.0,1.0,23.0,C01
201800024480,1.0,10,0,0.0,2.0,8.0,15.0,A01
201800024480,1.0,40,1,0.0,2.0,2.0,1.0,B01
201800024481,2.0,7,0,0.0,1.0,1.0,1.0,A01
201800024482,1.0,7,0,0.0,1.0,1.0,1.0,A01
201800024483,0.0,7,0,0.0,1.0,3.0,11.0,A01
201800024484,1.0,7,0,0.0,1.0,3.0,19.0,A01
201800024485,2.0,7,0,0.0,2.0,1.0,1.0,B01
201800024485,1.0,7,0,0.0,2.0,8.0,15.0,A01
201800024486,1.0,30,0,12.0,0.0,8.0,1.0,A01
201800024487,1.0,7,0,0.0,2.0,8.0,10.0,A01
201800024487,1.0,32,0,0.0,2.0,1.0,1.0,B01
201800024488,0.0,1,0,0.0,2.0,2.0,1.0,B01
201800024488,0.0,7,0,0.0,2.0,3.0,0.0,A01
201800024489,2.0,7,0,8.0,0.0,1.0,14.0,A01
201800024490,2.0,7,0,0.0,2.0,5.0,1.0,B01
201800024490,1.0,7,0,0.0,2.0,1.0,0.0,A01
201800024491,1.0,7,0,9.0,0.0,1.0,13.0,A01
201800024492,2.0,7,0,0.0,2.0,1.0,1.0,A01
201800024492,2.0,31,0,0.0,0.0,4.0,23.0,B01
201800024493,2.0,7,0,0.0,2.0,4.0,23.0,B01
201800024493,1.0,7,0,0.0,0.0,4.0,23.0,C01
201800024493,1.0,7,0,0.0,2.0,1.0,1.0,A01
201800024494,1.0,7,0,0.0,2.0,3.0,1.0,B01
201800024494,1.0,7,0,0.0,2.0,8.0,15.0,Z01
201800024495,2.0,33,0,8.0,0.0,1.0,13.0,A01
201800024496,2.0,7,0,0.0,2.0,5.0,16.0,B01
201800024496,2.0,30,0,0.0,2.0,1.0,1.0,A01
201800024497,2.0,7,0,0.0,2.0,1.0,15.0,A01
201800024497,2.0,33,0,0.0,2.0,8.0,1.0,B01
201800024498,2.0,7,0,0.0,2.0,2.0,19.0,A01
201800024498,1.0,32,0,0.0,2.0,1.0,1.0,B01
201800024499,0.0,7,0,0.0,2.0,1.0,1.0,A01
201800024499,0.0,7,0,0.0,0.0,4.0,1.0,B01
201800024500,0.0,31,0,0.0,2.0,1.0,17.0,A01
201800024500,1.0,7,0,0.0,2.0,1.0,1.0,B01
201800024501,1.0,10,0,0.0,2.0,7.0,15.0,A01
201800024501,2.0,33,0,0.0,2.0,1.0,1.0,B01
201800024502,2.0,1,0,8.0,2.0,1.0,1.0,A01
201800024502,1.0,7,0,0.0,2.0,1.0,1.0,B01
201800024503,0.0,7,0,0.0,2.0,3.0,1.0,B01
201800024503,0.0,33,0,0.0,2.0,7.0,16.0,A01
201800024504,0.0,30,0,0.0,2.0,1.0,1.0,A01
201800024504,0.0,7,0,0.0,2.0,4.0,2.0,B01
201800024505,1.0,1,0,0.0,2.0,6.0,13.0,A01
201800024505,1.0,7,0,0.0,6.0,2.0,0.0,B01
201800024506,1.0,7,0,0.0,2.0,8.0,15.0,A01
201800024506,1.0,32,0,0.0,2.0,2.0,17.0,B01
201800024507,0.0,31,0,0.0,0.0,0.0,1.0,A01
201800024508,0.0,7,0,0.0,1.0,2.0,1.0,A01
201800024509,1.0,30,0,0.0,2.0,1.0,2.0,A01
201800024509,1.0,7,0,0.0,2.0,4.0,23.0,B01
201800024510,0.0,33,0,0.0,0.0,7.0,1.0,A01
201800024511,2.0,7,0,0.0,2.0,6.0,13.0,A01
201800024511,2.0,33,0,0.0,2.0,1.0,1.0,B01
201800024512,0.0,33,0,1.0,1.0,3.0,13.0,A01
201800024513,1.0,7,0,0.0,2.0,8.0,13.0,A01
201800024513,2.0,7,0,0.0,2.0,8.0,1.0,B01
201800024514,0.0,7,0,0.0,1.0,2.0,16.0,A01
201800024515,0.0,34,0,0.0,1.0,1.0,1.0,A01
201800024516,2.0,7,0,0.0,1.0,2.0,1.0,B01
201800024517,1.0,10,0,0.0,1.0,1.0,1.0,A01
201800024518,2.0,1,0,0.0,2.0,8.0,0.0,B01
201800024518,1.0,7,0,0.0,2.0,1.0,13.0,A01
201800024519,0.0,7,0,0.0,1.0,2.0,1.0,A01
201800024520,1.0,7,0,8.0,0.0,1.0,1.0,A01
201800024521,0.0,7,0,0.0,2.0,2.0,20.0,B01
201800024521,2.0,7,0,0.0,2.0,1.0,1.0,A01
201800024522,1.0,7,0,0.0,1.0,1.0,2.0,A01
201800024523,1.0,7,0,8.0,0.0,9.0,13.0,A01
201800024524,2.0,33,0,0.0,2.0,1.0,1.0,A01
201800024524,1.0,7,0,0.0,2.0,7.0,15.0,B01
201800024525,2.0,2,0,0.0,2.0,1.0,1.0,B01
201800024525,2.0,7,0,0.0,2.0,8.0,15.0,A01
201800024526,2.0,7,0,0.0,1.0,2.0,1.0,A01
201800024527,1.0,7,0,0.0,2.0,5.0,15.0,A01
201800024527,2.0,33,0,0.0,2.0,9.0,1.0,B01
201800024528,2.0,7,0,0.0,1.0,4.0,4.0,A01
201800024529,1.0,7,0,0.0,2.0,1.0,0.0,A01
201800024529,1.0,32,0,0.0,2.0,0.0,2.0,B01
201800024529,1.0,7,0,0.0,2.0,2.0,2.0,C01
201800024530,0.0,7,0,0.0,1.0,0.0,2.0,A01
201800024531,1.0,2,0,0.0,1.0,2.0,1.0,A01
201800024532,2.0,7,0,0.0,2.0,1.0,1.0,A01
201800024532,2.0,7,0,8.0,2.0,2.0,1.0,B01
201800024533,1.0,10,0,0.0,2.0,3.0,13.0,A01
201800024533,1.0,10,0,0.0,2.0,1.0,1.0,D01
201800024533,1.0,10,0,0.0,2.0,8.0,1.0,B01
201800024533,1.0,7,0,0.0,2.0,3.0,1.0,C01
201800024534,2.0,7,0,0.0,2.0,1.0,19.0,A01
201800024534,1.0,2,0,0.0,2.0,1.0,1.0,B01
201800024535,1.0,7,0,0.0,2.0,1.0,15.0,A01
201800024535,2.0,33,0,0.0,2.0,3.0,1.0,B01
201800024536,2.0,7,0,0.0,1.0,3.0,1.0,A01
201800024537,0.0,7,0,14.0,0.0,1.0,19.0,A01
201800024538,1.0,7,0,0.0,2.0,1.0,1.0,A01
201800024538,1.0,7,0,0.0,2.0,7.0,1.0,B01
201800024539,2.0,32,0,0.0,2.0,1.0,1.0,B01
201800024539,1.0,7,0,0.0,2.0,1.0,13.0,A01
201800024540,2.0,7,0,0.0,2.0,3.0,2.0,A01
201800024540,2.0,7,0,0.0,2.0,6.0,1.0,B01
201800024541,2.0,10,0,0.0,2.0,3.0,13.0,A01
201800024541,1.0,7,0,0.0,2.0,3.0,0.0,B01
201800024542,2.0,2,0,0.0,1.0,1.0,17.0,A01
201800024543,2.0,37,3,0.0,1.0,7.0,20.0,A01
201800024544,2.0,7,0,0.0,1.0,1.0,1.0,A01
201800024545,0.0,7,0,0.0,2.0,1.0,1.0,Z01
201800024545,2.0,7,0,0.0,2.0,3.0,15.0,B01
201800024546,1.0,7,0,0.0,2.0,6.0,15.0,B01
201800024546,1.0,33,0,0.0,2.0,6.0,17.0,A01
201800024547,1.0,7,0,0.0,2.0,0.0,20.0,A01
201800024547,1.0,7,0,0.0,2.0,2.0,1.0,B01
201800024548,2.0,7,0,0.0,2.0,3.0,9.0,B01
201800024548,2.0,7,0,0.0,2.0,2.0,1.0,Z01
201800024549,0.0,10,0,0.0,2.0,1.0,11.0,A01
201800024549,0.0,10,0,0.0,2.0,6.0,15.0,B01
201800024550,1.0,1,0,0.0,2.0,1.0,1.0,B01
201800024550,1.0,7,0,0.0,2.0,1.0,15.0,A01
201800024551,0.0,7,0,0.0,2.0,1.0,5.0,A01
201800024551,0.0,7,0,0.0,2.0,1.0,1.0,B01
201800024552,1.0,31,0,0.0,2.0,1.0,1.0,B01
201800024552,0.0,7,0,0.0,2.0,1.0,13.0,A01
201800024553,0.0,7,0,0.0,1.0,1.0,15.0,A01
201800024554,1.0,7,0,0.0,2.0,1.0,13.0,A01
201800024554,2.0,7,0,0.0,2.0,1.0,0.0,B01
201800024555,2.0,7,0,0.0,2.0,3.0,13.0,A01
201800024556,1.0,33,0,4.0,0.0,0.0,14.0,A01
201800024557,0.0,7,0,0.0,2.0,1.0,15.0,A01
201800024557,0.0,30,0,0.0,2.0,1.0,1.0,B01
201800024557,0.0,30,0,0.0,2.0,1.0,1.0,C01
201800024558,2.0,7,0,0.0,2.0,3.0,1.0,B01
201800024558,1.0,7,0,0.0,2.0,2.0,13.0,A01
201800024559,0.0,7,0,0.0,1.0,1.0,1.0,A01
201800024560,1.0,15,0,0.0,2.0,5.0,16.0,A01
201800024560,1.0,30,0,0.0,2.0,1.0,1.0,B01
201800024561,0.0,33,0,0.0,0.0,7.0,0.0,A01
201800024562,0.0,7,0,0.0,2.0,1.0,1.0,A01
201800024562,0.0,32,0,0.0,2.0,1.0,13.0,B01
201800024563,0.0,31,0,0.0,2.0,2.0,14.0,A01
201800024563,0.0,32,0,0.0,2.0,8.0,1.0,B01
201800024564,0.0,7,0,0.0,2.0,1.0,13.0,A01
201800024564,0.0,7,0,0.0,2.0,1.0,1.0,B01
201800024564,0.0,7,0,0.0,2.0,1.0,1.0,C01
201800024565,0.0,7,0,0.0,2.0,2.0,15.0,A01
201800024565,0.0,33,0,0.0,2.0,1.0,1.0,B01
201800024566,0.0,7,0,0.0,2.0,3.0,19.0,B01
201800024566,2.0,7,0,0.0,2.0,2.0,1.0,A01
201800024567,1.0,10,0,0.0,2.0,0.0,11.0,A01
201800024567,2.0,38,15,0.0,2.0,2.0,0.0,B01
201800024567,1.0,34,0,0.0,2.0,1.0,21.0,C01
201800024568,0.0,7,0,0.0,2.0,1.0,19.0,A01
201800024568,0.0,2,0,0.0,2.0,1.0,1.0,B01
201800024569,0.0,33,0,0.0,2.0,2.0,17.0,A01
201800024569,0.0,7,0,0.0,2.0,6.0,17.0,B01
201800024570,0.0,7,0,0.0,2.0,1.0,13.0,A01
201800024570,0.0,7,0,0.0,2.0,8.0,1.0,B01
201800024570,0.0,7,0,0.0,2.0,3.0,1.0,C01
201800024571,2.0,7,0,0.0,2.0,5.0,15.0,A01
201800024571,2.0,34,0,0.0,2.0,1.0,21.0,B01
201800024572,0.0,34,0,0.0,2.0,1.0,0.0,A01
201800024572,0.0,7,0,0.0,2.0,3.0,1.0,B01
201800024573,1.0,7,0,0.0,2.0,1.0,15.0,A01
201800024573,1.0,7,0,0.0,2.0,1.0,1.0,B01
201800024574,1.0,2,0,0.0,1.0,3.0,1.0,A01
201800024575,2.0,7,0,0.0,1.0,1.0,1.0,A01
201800024576,1.0,7,0,6.0,0.0,3.0,0.0,A01
201800024577,1.0,7,0,0.0,2.0,1.0,2.0,A01
201800024577,1.0,7,0,0.0,2.0,4.0,0.0,B01
201800024578,2.0,30,0,0.0,2.0,1.0,19.0,A01
201800024578,2.0,7,0,0.0,2.0,8.0,1.0,B01
201800024579,1.0,1,0,0.0,2.0,1.0,13.0,B01
201800024579,2.0,7,0,0.0,2.0,3.0,1.0,A01
201800024580,0.0,7,0,0.0,1.0,1.0,20.0,A01
201800024581,2.0,33,0,0.0,1.0,1.0,21.0,A01
201800024582,1.0,7,0,0.0,2.0,1.0,19.0,A01
201800024582,2.0,7,0,0.0,2.0,7.0,1.0,B01
201800024583,1.0,7,0,0.0,1.0,7.0,21.0,A01
201800024584,1.0,7,0,0.0,1.0,2.0,1.0,A01
201800024585,0.0,30,0,0.0,2.0,0.0,0.0,B01
201800024585,0.0,30,0,0.0,2.0,0.0,0.0,A01
201800024586,0.0,7,0,0.0,1.0,4.0,4.0,A01
201800024587,2.0,7,0,0.0,2.0,7.0,15.0,A01
201800024587,2.0,7,0,0.0,2.0,1.0,1.0,B01
201800024588,0.0,1,0,0.0,2.0,7.0,1.0,B01
201800024588,0.0,7,0,0.0,2.0,0.0,22.0,Z01
201800024589,1.0,7,0,0.0,2.0,4.0,2.0,B01
201800024589,1.0,7,0,0.0,2.0,1.0,1.0,A01
201800024590,0.0,7,0,14.0,0.0,0.0,1.0,A01
201800024591,2.0,7,0,0.0,2.0,3.0,15.0,B01
201800024591,2.0,7,0,6.0,2.0,2.0,17.0,Z01
201800024592,1.0,7,0,0.0,1.0,1.0,1.0,A01
201800024593,2.0,7,0,0.0,2.0,2.0,1.0,B01
201800024593,0.0,7,0,0.0,2.0,8.0,9.0,A01
201800024594,2.0,30,0,0.0,2.0,8.0,19.0,A01
201800024594,2.0,2,0,0.0,2.0,2.0,1.0,B01
201800024595,0.0,7,0,0.0,2.0,1.0,2.0,A01
201800024595,0.0,7,0,0.0,2.0,4.0,1.0,B01
201800024595,0.0,7,0,0.0,2.0,4.0,1.0,C01
201800024596,0.0,10,0,0.0,1.0,1.0,1.0,A01
201800024597,1.0,10,0,0.0,1.0,4.0,4.0,A01
201800024598,0.0,7,0,8.0,0.0,1.0,13.0,A01
201800024599,1.0,7,0,0.0,6.0,9.0,1.0,A01
201800024600,,1,0,0.0,2.0,5.0,1.0,B01
201800024600,0.0,7,0,0.0,2.0,8.0,16.0,A01
201800024601,2.0,7,0,0.0,2.0,6.0,15.0,B01
201800024601,1.0,33,0,0.0,2.0,1.0,1.0,A01
201800024602,2.0,7,0,0.0,2.0,4.0,1.0,B01
201800024602,2.0,7,0,0.0,2.0,1.0,2.0,D01
201800024602,2.0,7,0,0.0,2.0,1.0,2.0,C01
201800024602,2.0,7,0,0.0,2.0,0.0,1.0,E01
201800024602,2.0,7,0,0.0,2.0,0.0,1.0,F02
201800024602,2.0,7,0,0.0,2.0,1.0,2.0,A01
201800024603,0.0,7,0,0.0,2.0,4.0,23.0,B01
201800024603,0.0,7,0,0.0,2.0,3.0,23.0,C01
201800024603,0.0,33,0,0.0,2.0,1.0,2.0,A01
201800024604,1.0,7,0,0.0,2.0,4.0,1.0,B01
201800024604,1.0,7,0,3.0,2.0,1.0,2.0,A01
201800024605,0.0,33,0,0.0,0.0,0.0,0.0,A01
201800024606,1.0,1,0,0.0,2.0,1.0,1.0,B01
201800024606,1.0,7,0,0.0,2.0,8.0,16.0,A01
201800024607,2.0,7,0,0.0,2.0,1.0,2.0,A01
201800024607,2.0,7,0,0.0,2.0,4.0,1.0,B01
201800024608,0.0,7,0,0.0,2.0,4.0,1.0,B01
201800024608,0.0,10,0,0.0,2.0,1.0,2.0,A01
201800024609,2.0,7,0,0.0,2.0,2.0,15.0,A01
201800024609,1.0,2,0,0.0,2.0,1.0,1.0,B01
201800024610,0.0,7,0,0.0,2.0,4.0,1.0,B01
201800024610,0.0,7,0,0.0,2.0,1.0,2.0,A01
201800024611,0.0,10,0,0.0,1.0,1.0,,A01
201800024612,2.0,7,0,0.0,1.0,1.0,15.0,A01
201800024613,1.0,7,0,0.0,2.0,1.0,2.0,A01
201800024613,1.0,7,0,0.0,2.0,4.0,1.0,B01
201800024614,1.0,7,0,0.0,0.0,1.0,1.0,B01
201800024614,2.0,7,0,0.0,2.0,7.0,15.0,A01
201800024615,0.0,7,0,0.0,2.0,7.0,15.0,A01
201800024615,0.0,7,0,0.0,2.0,3.0,1.0,B01
201800024616,2.0,7,0,0.0,2.0,1.0,2.0,A01
201800024616,2.0,7,0,0.0,2.0,4.0,23.0,B01
201800024617,1.0,7,0,0.0,1.0,1.0,1.0,Z01
201800024618,0.0,7,0,0.0,2.0,7.0,19.0,A01
201800024618,0.0,7,0,0.0,2.0,3.0,1.0,B01
201800024619,2.0,7,0,0.0,2.0,7.0,16.0,A01
201800024619,2.0,1,0,0.0,2.0,3.0,1.0,B01
201800024620,0.0,1,0,0.0,2.0,7.0,1.0,B01
201800024620,0.0,7,0,0.0,2.0,6.0,9.0,A01
201800024621,0.0,7,0,0.0,2.0,1.0,2.0,A01
201800024621,0.0,7,0,0.0,2.0,4.0,23.0,B01
201800024622,0.0,7,0,0.0,1.0,4.0,20.0,A01
201800024623,1.0,37,2,0.0,2.0,2.0,1.0,B01
201800024623,1.0,7,0,0.0,2.0,3.0,15.0,A01
201800024624,0.0,7,0,0.0,1.0,8.0,1.0,A01
201800024625,0.0,1,0,0.0,2.0,8.0,1.0,B01
201800024625,0.0,7,0,0.0,2.0,7.0,14.0,A01
201800024626,1.0,17,0,1.0,0.0,9.0,14.0,A01
201800024627,0.0,7,0,0.0,2.0,8.0,16.0,A01
201800024627,0.0,7,0,0.0,2.0,2.0,1.0,B01
201800024628,1.0,7,0,0.0,2.0,1.0,2.0,D01
201800024628,1.0,7,0,0.0,2.0,4.0,1.0,B01
201800024628,1.0,7,0,0.0,2.0,1.0,2.0,A01
201800024628,1.0,7,0,0.0,2.0,4.0,1.0,C01
201800024629,0.0,7,0,0.0,1.0,1.0,15.0,A01
201800024630,1.0,7,0,0.0,2.0,1.0,2.0,A01
201800024630,1.0,7,0,0.0,2.0,4.0,1.0,B01
201800024631,0.0,7,0,0.0,1.0,1.0,1.0,A01
201800024632,1.0,7,0,0.0,2.0,1.0,9.0,A01
201800024632,1.0,7,0,0.0,2.0,4.0,1.0,B01
201800024633,2.0,7,0,12.0,0.0,3.0,1.0,A01
201800024634,0.0,1,0,0.0,2.0,5.0,1.0,B01
201800024634,0.0,7,0,0.0,2.0,5.0,9.0,A01
201800024635,2.0,7,0,0.0,2.0,1.0,1.0,B01
201800024635,1.0,7,0,3.0,2.0,2.0,14.0,A01
201800024636,2.0,7,0,0.0,2.0,0.0,2.0,C01
201800024636,2.0,7,0,0.0,2.0,0.0,2.0,E01
201800024636,2.0,7,0,0.0,2.0,0.0,2.0,D01
201800024636,2.0,7,0,0.0,2.0,9.0,2.0,F02
201800024636,2.0,7,0,0.0,2.0,0.0,2.0,B01
201800024636,2.0,7,0,0.0,2.0,0.0,1.0,A01
201800024637,0.0,7,0,7.0,1.0,2.0,0.0,A01
201800024638,0.0,7,0,0.0,1.0,1.0,1.0,A01
201800024639,0.0,2,0,0.0,2.0,4.0,1.0,B01
201800024639,0.0,7,0,0.0,2.0,1.0,2.0,A01
201800024640,0.0,7,0,0.0,2.0,8.0,10.0,B01
201800024640,0.0,2,0,0.0,2.0,1.0,17.0,A01
201800024641,0.0,7,0,9.0,0.0,1.0,13.0,A01
201800024642,0.0,7,0,0.0,1.0,3.0,1.0,A01
201800024643,0.0,7,0,0.0,2.0,3.0,13.0,A01
201800024643,0.0,37,2,0.0,2.0,1.0,1.0,B01
201800024644,0.0,7,0,9.0,2.0,2.0,1.0,A01
201800024644,0.0,7,0,0.0,2.0,1.0,1.0,B01
201800024645,1.0,7,0,0.0,2.0,6.0,13.0,A01
201800024645,1.0,7,0,0.0,2.0,2.0,1.0,B01
201800024646,0.0,33,0,0.0,2.0,1.0,2.0,A01
201800024646,0.0,7,0,0.0,2.0,4.0,1.0,B01
201800024647,1.0,7,0,0.0,2.0,1.0,2.0,A01
201800024647,1.0,7,0,0.0,2.0,4.0,1.0,B01
201800024648,2.0,7,0,0.0,1.0,1.0,1.0,A01
201800024649,2.0,7,0,0.0,2.0,4.0,1.0,B01
201800024649,2.0,7,0,0.0,2.0,1.0,2.0,A01
201800024650,0.0,7,0,0.0,2.0,3.0,1.0,B01
201800024650,0.0,7,0,0.0,2.0,3.0,5.0,A01
201800024651,0.0,7,0,9.0,0.0,1.0,1.0,A01
201800024652,0.0,1,0,0.0,2.0,1.0,1.0,A01
201800024652,0.0,7,0,0.0,2.0,7.0,16.0,B01
201800024653,1.0,7,0,0.0,2.0,3.0,13.0,A01
201800024653,2.0,3,0,0.0,2.0,1.0,1.0,B01
201800024654,2.0,7,0,0.0,2.0,6.0,10.0,B01
201800024654,2.0,33,0,0.0,2.0,1.0,17.0,A01
201800024655,0.0,7,0,0.0,2.0,7.0,15.0,A01
201800024655,0.0,7,0,0.0,2.0,1.0,1.0,B01
201800024656,0.0,7,0,0.0,2.0,3.0,9.0,A01
201800024656,0.0,31,0,0.0,2.0,1.0,1.0,B01
201800024657,0.0,2,0,0.0,0.0,0.0,1.0,A01
201800024658,0.0,2,0,0.0,0.0,0.0,1.0,A01
201800024659,0.0,7,0,0.0,2.0,2.0,1.0,B01
201800024659,0.0,7,0,0.0,2.0,1.0,1.0,A01
201800024660,2.0,7,0,0.0,2.0,2.0,15.0,A01
201800024660,1.0,1,0,0.0,2.0,0.0,1.0,B01
201800024661,1.0,7,0,0.0,2.0,4.0,1.0,C01
201800024661,1.0,7,0,0.0,2.0,1.0,2.0,A01
201800024661,1.0,7,0,0.0,2.0,4.0,1.0,D01
201800024661,1.0,7,0,0.0,2.0,9.0,1.0,B01
201800024662,1.0,34,0,0.0,0.0,1.0,1.0,A01
201800024663,2.0,7,0,10.0,2.0,2.0,1.0,A01
201800024663,2.0,7,0,0.0,2.0,8.0,15.0,B01
201800024664,1.0,7,0,0.0,1.0,7.0,1.0,A01
201800024665,0.0,7,0,0.0,2.0,8.0,15.0,B01
201800024665,0.0,2,0,0.0,2.0,1.0,17.0,A01
201800024666,1.0,7,0,0.0,2.0,4.0,23.0,B01
201800024666,1.0,7,0,0.0,2.0,1.0,2.0,A01
201800024667,1.0,7,0,0.0,2.0,4.0,9.0,A01
201800024667,1.0,7,0,0.0,2.0,1.0,1.0,B01
201800024668,2.0,7,0,0.0,2.0,4.0,23.0,C01
201800024668,2.0,7,0,0.0,2.0,1.0,1.0,A01
201800024668,2.0,7,0,0.0,2.0,4.0,23.0,B01
201800024669,0.0,7,0,0.0,1.0,4.0,4.0,A01
201800024670,0.0,2,0,0.0,2.0,1.0,17.0,A01
201800024670,0.0,7,0,0.0,2.0,1.0,1.0,B01
201800024671,0.0,7,0,0.0,1.0,2.0,1.0,A01
201800024672,2.0,7,0,0.0,2.0,4.0,23.0,A01
201800024672,2.0,7,0,0.0,2.0,1.0,2.0,B01
201800024673,0.0,7,0,0.0,1.0,1.0,1.0,A01
201800024674,0.0,7,0,0.0,1.0,1.0,1.0,A01
201800024675,0.0,7,0,0.0,9.0,1.0,1.0,B01
201800024675,0.0,10,0,0.0,2.0,0.0,1.0,A01
201800024676,0.0,2,0,0.0,2.0,1.0,1.0,B01
201800024676,0.0,1,0,0.0,2.0,8.0,19.0,A01
201800024677,2.0,7,0,0.0,0.0,1.0,1.0,A01
201800024678,0.0,7,0,0.0,2.0,1.0,2.0,A01
201800024678,0.0,7,0,0.0,2.0,4.0,23.0,B01
201800024679,0.0,7,0,0.0,1.0,2.0,20.0,A01
201800024680,1.0,7,0,0.0,2.0,4.0,10.0,A01
201800024680,2.0,2,0,0.0,2.0,1.0,21.0,B01
201800024681,2.0,7,0,0.0,2.0,4.0,23.0,C01
201800024681,2.0,7,0,0.0,2.0,4.0,23.0,B01
201800024681,2.0,7,0,0.0,2.0,1.0,2.0,A01
201800024682,2.0,7,0,0.0,2.0,1.0,2.0,A01
201800024682,2.0,7,0,0.0,2.0,4.0,15.0,C01
201800024682,2.0,7,0,0.0,2.0,4.0,23.0,B01
201800024683,2.0,7,0,0.0,0.0,9.0,1.0,A01
201800024684,2.0,7,0,0.0,2.0,1.0,1.0,A01
201800024684,2.0,7,0,0.0,2.0,4.0,1.0,B01
201800024685,1.0,2,0,0.0,0.0,9.0,1.0,A01
201800024686,0.0,99,0,0.0,1.0,1.0,0.0,A01
201800024687,0.0,1,0,0.0,2.0,1.0,1.0,A01