Num_Acc,senc,catv,occutc,obs,obsm,choc,manv,num_veh
201800024687,0.0,7,0,0.0,2.0,4.0,23.0,B01
201800024688,1.0,7,0,1.0,0.0,1.0,21.0,A01
201800024689,0.0,7,0,0.0,2.0,2.0,15.0,A01
201800024689,0.0,33,0,0.0,2.0,1.0,1.0,B01
201800024690,1.0,7,0,0.0,2.0,4.0,1.0,B01
201800024690,1.0,10,0,0.0,2.0,1.0,2.0,A01
201800024691,0.0,7,0,0.0,1.0,1.0,17.0,A01
201800024692,2.0,7,0,0.0,2.0,4.0,23.0,B01
201800024692,2.0,7,0,0.0,2.0,1.0,2.0,A01
201800024693,1.0,7,0,0.0,2.0,3.0,9.0,A01
201800024693,1.0,2,0,0.0,2.0,1.0,1.0,B01
201800024694,1.0,10,0,0.0,2.0,1.0,1.0,C01
201800024694,1.0,7,0,0.0,2.0,1.0,1.0,E01
201800024694,1.0,7,0,0.0,2.0,4.0,14.0,D01
201800024694,1.0,10,0,0.0,2.0,4.0,14.0,B01
201800024694,1.0,7,0,0.0,2.0,4.0,1.0,A01
201800024695,1.0,7,0,0.0,2.0,1.0,2.0,A01
201800024695,1.0,7,0,0.0,2.0,4.0,23.0,B01
201800024696,1.0,1,0,0.0,0.0,0.0,1.0,A01
201800024697,0.0,7,0,0.0,2.0,1.0,1.0,B01
201800024697,0.0,7,0,0.0,2.0,8.0,15.0,A01
201800024698,0.0,7,0,0.0,2.0,4.0,23.0,B01
201800024698,0.0,7,0,0.0,2.0,1.0,2.0,A01
201800024699,0.0,7,0,0.0,1.0,1.0,1.0,A01
201800024700,2.0,7,0,0.0,0.0,9.0,14.0,A01
201800024701,0.0,7,0,0.0,2.0,1.0,15.0,A01
201800024701,0.0,7,0,0.0,2.0,8.0,1.0,B01
201800024702,0.0,1,0,0.0,2.0,8.0,18.0,B01
201800024702,0.0,7,0,0.0,2.0,2.0,1.0,A01
201800024703,0.0,7,0,13.0,0.0,1.0,1.0,A01
201800024704,0.0,13,0,0.0,2.0,2.0,16.0,B01
201800024704,0.0,1,0,0.0,2.0,0.0,1.0,A01
201800024705,0.0,7,0,8.0,0.0,1.0,1.0,A01
201800024706,2.0,7,0,3.0,0.0,1.0,1.0,A01
201800024707,0.0,7,0,0.0,2.0,1.0,2.0,A01
201800024707,0.0,1,0,0.0,2.0,4.0,15.0,B01
201800024708,0.0,7,0,0.0,1.0,3.0,1.0,A01
201800024709,0.0,1,0,0.0,2.0,4.0,1.0,B01
201800024709,0.0,7,0,0.0,2.0,2.0,9.0,A01
201800024710,0.0,1,0,0.0,2.0,8.0,19.0,B01
201800024710,0.0,7,0,0.0,2.0,1.0,1.0,A01
201800024711,0.0,1,0,0.0,2.0,8.0,16.0,B01
201800024711,0.0,7,0,0.0,2.0,1.0,1.0,A01
201800024712,1.0,33,0,12.0,0.0,1.0,1.0,A01
201800024713,0.0,7,0,0.0,1.0,1.0,1.0,A01
201800024714,0.0,2,0,0.0,2.0,1.0,1.0,B01
201800024714,1.0,7,0,0.0,2.0,8.0,1.0,A01
201800024715,0.0,7,0,0.0,2.0,4.0,2.0,B01
201800024715,0.0,7,0,0.0,2.0,1.0,2.0,A01
201800024716,1.0,7,0,0.0,1.0,2.0,0.0,A01
201800024717,1.0,7,0,0.0,2.0,1.0,2.0,A01
201800024717,1.0,15,0,0.0,2.0,4.0,2.0,B01
201800024718,1.0,37,1,0.0,1.0,1.0,8.0,A01
201800024719,1.0,33,0,0.0,0.0,0.0,0.0,A01
201800024720,1.0,7,0,0.0,2.0,4.0,2.0,B01
201800024720,1.0,7,0,0.0,2.0,1.0,2.0,A01
201800024721,0.0,10,0,0.0,2.0,1.0,2.0,A01
201800024721,0.0,10,0,0.0,2.0,4.0,0.0,B01
201800024721,0.0,10,0,0.0,2.0,4.0,2.0,C01
201800024722,2.0,7,0,0.0,2.0,8.0,1.0,B01
201800024722,1.0,7,0,0.0,2.0,1.0,15.0,A01
201800024723,0.0,7,0,0.0,1.0,1.0,0.0,A01
201800024724,0.0,37,1,0.0,2.0,2.0,1.0,B01
201800024724,0.0,7,0,0.0,2.0,3.0,1.0,A01
201800024725,0.0,7,0,0.0,2.0,2.0,12.0,A01
201800024725,0.0,7,0,0.0,2.0,6.0,1.0,B01
201800024726,1.0,7,0,13.0,0.0,1.0,0.0,A01
201800024727,0.0,33,0,0.0,0.0,9.0,16.0,A01
201800024728,1.0,7,0,0.0,2.0,4.0,1.0,B01
201800024728,1.0,7,0,0.0,2.0,1.0,2.0,A01
201800024728,1.0,7,0,0.0,2.0,4.0,1.0,C01
201800024729,0.0,7,0,0.0,2.0,3.0,15.0,A01
201800024729,0.0,1,0,0.0,2.0,8.0,1.0,B01
201800024730,0.0,7,0,0.0,2.0,8.0,1.0,A01
201800024730,0.0,1,0,0.0,2.0,1.0,1.0,B01
201800024731,2.0,33,0,0.0,2.0,7.0,17.0,A01
201800024731,2.0,7,0,0.0,2.0,3.0,13.0,B01
201800024732,2.0,7,0,0.0,1.0,1.0,1.0,A01
201800024733,1.0,7,0,8.0,2.0,6.0,23.0,B01
201800024733,2.0,7,0,8.0,2.0,1.0,15.0,A01
201800024734,1.0,10,0,0.0,2.0,4.0,2.0,B01
201800024734,1.0,10,0,0.0,2.0,1.0,2.0,A01
201800024735,1.0,7,0,0.0,1.0,1.0,0.0,A01
201800024736,2.0,7,0,0.0,2.0,8.0,17.0,A01
201800024736,2.0,31,0,0.0,2.0,7.0,17.0,B01
201800024737,2.0,7,0,0.0,2.0,3.0,22.0,A01
201800024737,2.0,1,0,1.0,0.0,1.0,1.0,B01
201800024738,1.0,7,0,0.0,2.0,2.0,15.0,A01
201800024738,2.0,1,0,0.0,2.0,3.0,1.0,B01
201800024739,2.0,1,0,1.0,,1.0,1.0,B01
201800024739,1.0,7,0,0.0,2.0,7.0,22.0,A01
201800024740,1.0,1,0,0.0,1.0,1.0,1.0,A01
201800024741,2.0,32,0,0.0,2.0,7.0,1.0,A01
201800024741,2.0,33,0,0.0,2.0,2.0,2.0,B01
201800024741,2.0,7,0,0.0,2.0,4.0,2.0,C01
201800024742,1.0,33,0,0.0,0.0,9.0,1.0,A01
201800024743,1.0,7,0,3.0,2.0,1.0,2.0,A01
201800024743,1.0,7,0,0.0,2.0,4.0,1.0,C01
201800024743,1.0,33,0,0.0,2.0,4.0,1.0,D01
201800024743,1.0,7,0,0.0,2.0,6.0,1.0,B01
201800024744,0.0,7,0,1.0,0.0,3.0,13.0,A01
201800024745,2.0,1,0,0.0,0.0,9.0,21.0,A01
201800024746,1.0,7,0,0.0,2.0,1.0,2.0,A01
201800024746,1.0,7,0,0.0,2.0,4.0,1.0,C01
201800024746,1.0,7,0,0.0,2.0,1.0,2.0,B01
201800024747,2.0,7,0,0.0,2.0,1.0,1.0,A01
201800024747,2.0,1,0,0.0,2.0,7.0,9.0,B01
201800024748,0.0,1,0,0.0,2.0,1.0,18.0,B01
201800024748,0.0,7,0,0.0,2.0,7.0,22.0,A01
201800024749,1.0,7,0,3.0,2.0,1.0,12.0,A01
201800024749,1.0,7,0,0.0,2.0,4.0,2.0,B01
201800024750,0.0,7,0,0.0,1.0,1.0,0.0,A01
201800024751,2.0,7,0,0.0,2.0,1.0,2.0,A01
201800024751,2.0,7,0,0.0,2.0,4.0,1.0,B01
201800024752,1.0,2,0,0.0,2.0,1.0,5.0,A01
201800024753,2.0,31,0,0.0,2.0,1.0,2.0,A01
201800024753,1.0,10,0,0.0,2.0,4.0,1.0,B01
201800024754,0.0,2,0,0.0,2.0,1.0,1.0,A01
201800024754,0.0,7,0,0.0,2.0,4.0,20.0,B01
201800024755,0.0,7,0,0.0,0.0,0.0,0.0,A01
201800024755,0.0,1,0,1.0,0.0,1.0,1.0,B01
201800024756,0.0,7,0,0.0,2.0,3.0,9.0,A01
201800024756,0.0,31,0,0.0,2.0,1.0,1.0,B01
201800024757,0.0,7,0,0.0,1.0,1.0,1.0,A01
201800024757,1.0,7,0,0.0,2.0,1.0,2.0,B01
201800024758,0.0,7,0,,2.0,3.0,15.0,B01
201800024758,0.0,1,0,0.0,2.0,0.0,15.0,A01
201800024759,1.0,7,0,0.0,2.0,3.0,9.0,A01
201800024759,0.0,37,50,0.0,2.0,2.0,15.0,B01
201800024760,0.0,7,0,8.0,0.0,8.0,8.0,A01
201800024761,1.0,7,0,12.0,0.0,3.0,1.0,A01
201800024762,1.0,34,0,0.0,2.0,1.0,2.0,A01
201800024762,1.0,7,0,0.0,2.0,4.0,1.0,B01
201800024763,0.0,10,0,0.0,0.0,0.0,0.0,B01
201800024763,1.0,10,0,0.0,2.0,1.0,19.0,A01
201800024764,1.0,10,0,0.0,2.0,4.0,2.0,B01
201800024764,1.0,10,0,0.0,2.0,4.0,2.0,C01
201800024764,1.0,10,0,0.0,2.0,1.0,9.0,A01
201800024764,1.0,10,0,0.0,2.0,4.0,2.0,D01
201800024765,0.0,1,0,0.0,2.0,1.0,1.0,A01
201800024765,0.0,7,0,0.0,2.0,5.0,1.0,B01
201800024766,0.0,30,0,0.0,2.0,7.0,19.0,A01
201800024766,0.0,37,25,0.0,2.0,1.0,1.0,B01
201800024767,1.0,7,0,0.0,0.0,4.0,2.0,B01
201800024767,0.0,37,35,0.0,2.0,1.0,2.0,A01
201800024768,1.0,7,0,3.0,0.0,7.0,14.0,A01
201800024769,0.0,7,0,0.0,2.0,1.0,0.0,A01
201800024769,0.0,14,0,0.0,2.0,4.0,20.0,B01
201800024770,1.0,7,0,0.0,2.0,7.0,1.0,A01
201800024770,1.0,1,0,0.0,2.0,8.0,11.0,B01
201800024771,1.0,7,0,0.0,2.0,8.0,24.0,A01
201800024771,1.0,1,0,1.0,0.0,1.0,1.0,B01
201800024772,0.0,33,0,0.0,2.0,8.0,0.0,B01
201800024772,0.0,7,0,0.0,0.0,2.0,0.0,A01
201800024773,0.0,7,0,0.0,1.0,1.0,0.0,A01
201800024774,0.0,34,0,0.0,1.0,1.0,0.0,A01
201800024775,1.0,7,0,0.0,2.0,4.0,23.0,B01
201800024775,1.0,17,0,0.0,2.0,2.0,14.0,A01
201800024776,2.0,33,0,0.0,2.0,1.0,1.0,B01
201800024776,1.0,7,0,0.0,2.0,5.0,4.0,A01
201800024777,2.0,7,0,9.0,0.0,3.0,14.0,A01
201800024778,0.0,1,0,0.0,2.0,7.0,1.0,B01
201800024778,0.0,7,0,0.0,2.0,1.0,9.0,A01
201800024779,0.0,7,0,2.0,2.0,0.0,1.0,B01
201800024779,0.0,10,0,0.0,2.0,0.0,9.0,A01
201800024780,0.0,7,0,0.0,2.0,7.0,1.0,B01
201800024780,0.0,7,0,0.0,2.0,7.0,0.0,A01
201800024781,1.0,7,0,0.0,2.0,2.0,16.0,A01
201800024781,2.0,1,0,0.0,2.0,8.0,1.0,B01
201800024782,1.0,2,0,0.0,2.0,7.0,1.0,A01
201800024782,1.0,7,0,0.0,2.0,3.0,9.0,B01
201800024783,1.0,1,0,0.0,2.0,1.0,1.0,B01
201800024783,0.0,7,0,0.0,2.0,3.0,16.0,A01
201800024784,1.0,7,0,0.0,2.0,7.0,14.0,A01
201800024784,1.0,15,0,0.0,2.0,8.0,1.0,B01
201800024785,0.0,30,0,0.0,2.0,3.0,17.0,A01
201800024785,0.0,7,0,0.0,2.0,3.0,15.0,B01
201800024786,1.0,15,0,0.0,2.0,1.0,2.0,A01
201800024786,1.0,7,0,0.0,2.0,4.0,2.0,B01
201800024787,0.0,1,0,0.0,2.0,4.0,0.0,B01
201800024787,0.0,7,0,0.0,6.0,2.0,0.0,A01
201800024788,1.0,34,0,4.0,2.0,2.0,9.0,A01
201800024788,1.0,7,0,0.0,2.0,6.0,1.0,B01
201800024789,0.0,99,0,0.0,2.0,1.0,19.0,A01
201800024789,0.0,7,0,0.0,0.0,0.0,0.0,B01
201800024790,2.0,1,0,0.0,2.0,1.0,1.0,B01
201800024790,1.0,7,0,0.0,2.0,1.0,15.0,A01
201800024791,0.0,30,0,0.0,0.0,8.0,15.0,A01
201800024792,0.0,7,0,0.0,2.0,8.0,16.0,A01
201800024792,0.0,34,0,0.0,2.0,2.0,21.0,B01
201800024793,1.0,15,0,0.0,5.0,5.0,2.0,A01
201800024793,1.0,1,0,0.0,2.0,3.0,2.0,B01
201800024794,0.0,1,0,9.0,0.0,1.0,16.0,A01
201800024795,1.0,1,0,0.0,2.0,1.0,1.0,B01
201800024795,1.0,10,0,0.0,2.0,2.0,16.0,A01
201800024796,0.0,7,0,0.0,0.0,4.0,24.0,B01
201800024796,0.0,7,0,1.0,0.0,2.0,1.0,A01
201800024797,0.0,7,0,0.0,2.0,1.0,1.0,B01
201800024797,0.0,7,0,0.0,2.0,2.0,15.0,A01
201800024798,1.0,1,0,0.0,1.0,3.0,1.0,A01
201800024799,0.0,7,0,1.0,0.0,3.0,16.0,A01
201800024800,0.0,7,0,0.0,2.0,6.0,23.0,B01
201800024800,0.0,31,0,14.0,2.0,1.0,9.0,A01
201800024801,0.0,1,0,0.0,2.0,1.0,0.0,A01
201800024801,0.0,7,0,0.0,2.0,2.0,1.0,B01
201800024802,1.0,30,0,0.0,2.0,1.0,1.0,B01
201800024802,1.0,10,0,0.0,2.0,4.0,1.0,A01
201800024803,0.0,31,0,0.0,2.0,1.0,1.0,A01
201800024803,0.0,7,0,0.0,2.0,5.0,20.0,B01
201800024804,1.0,7,0,0.0,2.0,4.0,1.0,B01
201800024804,1.0,10,0,0.0,2.0,1.0,2.0,A01
201800024805,0.0,7,0,0.0,2.0,3.0,15.0,B01
201800024805,0.0,1,0,0.0,2.0,1.0,0.0,A01
201800024806,1.0,7,0,3.0,0.0,2.0,2.0,B01
201800024806,1.0,17,0,0.0,2.0,1.0,2.0,A01
201800024807,1.0,7,0,0.0,1.0,3.0,1.0,A01
201800024808,0.0,7,0,10.0,1.0,2.0,16.0,A01
201800024809,1.0,7,0,3.0,2.0,6.0,1.0,B01
201800024809,1.0,7,0,0.0,2.0,2.0,14.0,A01
201800024810,2.0,7,0,0.0,2.0,1.0,1.0,A01
201800024810,0.0,7,0,0.0,2.0,4.0,23.0,B01
201800024810,0.0,7,0,0.0,2.0,4.0,23.0,C01
201800024810,2.0,7,0,0.0,0.0,4.0,23.0,D01
201800024811,2.0,7,0,0.0,1.0,3.0,1.0,A01
201800024812,2.0,7,0,0.0,1.0,3.0,1.0,A01
201800024813,1.0,1,0,1.0,1.0,1.0,0.0,A01
201800024814,0.0,32,0,0.0,2.0,3.0,0.0,B01
201800024814,1.0,7,0,0.0,2.0,2.0,0.0,A01
201800024815,1.0,7,0,0.0,2.0,7.0,22.0,A01
201800024815,0.0,1,0,1.0,0.0,0.0,0.0,B01
201800024816,1.0,7,0,0.0,2.0,2.0,15.0,A01
201800024816,0.0,34,0,14.0,2.0,1.0,1.0,B01
201800024817,0.0,7,0,8.0,1.0,2.0,14.0,A01
201800024818,0.0,7,0,0.0,2.0,7.0,0.0,B01
201800024818,0.0,7,0,0.0,2.0,1.0,0.0,A01
201800024819,1.0,7,0,14.0,1.0,1.0,19.0,A01
201800024820,2.0,32,0,14.0,0.0,1.0,1.0,A01
201800024821,2.0,7,0,0.0,2.0,4.0,2.0,B01
201800024821,2.0,16,0,0.0,2.0,1.0,1.0,A01
201800024821,2.0,7,0,0.0,2.0,4.0,2.0,C01
201800024822,1.0,32,0,0.0,0.0,1.0,0.0,A01
201800024822,1.0,7,0,0.0,0.0,5.0,1.0,B01
201800024823,0.0,10,0,0.0,1.0,1.0,0.0,A01
201800024824,1.0,30,0,1.0,2.0,1.0,0.0,A01
201800024824,1.0,7,0,0.0,2.0,7.0,2.0,B01
201800024825,0.0,1,0,0.0,2.0,7.0,16.0,A01
201800024825,,7,0,,,,,Z02
201800024826,1.0,7,0,0.0,2.0,0.0,0.0,B01
201800024826,1.0,7,0,0.0,2.0,1.0,2.0,A01
201800024827,0.0,10,0,0.0,2.0,1.0,5.0,A01
201800024827,0.0,10,0,0.0,2.0,1.0,5.0,B01
201800024828,1.0,7,0,0.0,2.0,1.0,9.0,B01
201800024828,1.0,7,0,0.0,2.0,8.0,19.0,A01
201800024829,1.0,7,0,0.0,2.0,2.0,17.0,A01
201800024829,1.0,7,0,0.0,2.0,3.0,1.0,B01
201800024830,0.0,1,0,0.0,2.0,1.0,0.0,A01
201800024830,0.0,33,0,0.0,0.0,0.0,0.0,B01
201800024831,1.0,7,0,11.0,0.0,8.0,1.0,A01
201800024832,0.0,31,0,0.0,2.0,8.0,1.0,A01
201800024832,0.0,3,0,0.0,2.0,0.0,9.0,B01
201800024833,1.0,15,0,0.0,1.0,1.0,16.0,A01
201800024834,1.0,10,0,0.0,2.0,8.0,1.0,B01
201800024834,1.0,7,0,9.0,2.0,1.0,1.0,Z01
201800024835,0.0,7,0,0.0,2.0,4.0,2.0,C01
201800024835,0.0,7,0,0.0,2.0,4.0,2.0,B01
201800024835,0.0,7,0,0.0,2.0,1.0,2.0,A01
201800024836,2.0,7,0,0.0,2.0,4.0,23.0,B01
201800024836,2.0,31,0,0.0,2.0,1.0,2.0,A01
201800024837,1.0,7,0,0.0,2.0,1.0,2.0,A01
201800024837,1.0,7,0,0.0,2.0,4.0,2.0,B01
201800024838,0.0,31,0,0.0,2.0,1.0,1.0,B01
201800024838,0.0,7,0,0.0,2.0,3.0,15.0,A01
201800024839,0.0,33,0,0.0,2.0,1.0,1.0,A01
201800024839,0.0,7,0,0.0,2.0,7.0,19.0,B01
201800024840,2.0,7,0,0.0,2.0,1.0,15.0,A01
201800024840,1.0,30,0,0.0,2.0,1.0,1.0,B01
201800024841,1.0,7,0,0.0,2.0,2.0,15.0,B01
201800024841,0.0,7,0,0.0,2.0,3.0,1.0,A01
201800024842,0.0,7,0,0.0,2.0,5.0,2.0,A01
201800024842,0.0,7,0,0.0,2.0,3.0,2.0,B01
201800024843,0.0,30,0,0.0,2.0,1.0,1.0,B01
201800024843,0.0,7,0,0.0,2.0,2.0,15.0,A01
201800024844,0.0,7,0,0.0,1.0,3.0,1.0,A01
201800024845,1.0,7,0,0.0,2.0,2.0,17.0,A01
201800024845,1.0,1,0,0.0,2.0,8.0,1.0,B01
201800024846,1.0,7,0,0.0,2.0,3.0,18.0,A01
201800024846,1.0,1,0,0.0,2.0,7.0,13.0,B01
201800024847,2.0,34,0,0.0,2.0,1.0,1.0,B01
201800024847,0.0,7,0,0.0,2.0,2.0,15.0,A01
201800024848,2.0,10,0,0.0,2.0,9.0,2.0,C01
201800024848,2.0,10,0,3.0,2.0,1.0,2.0,A01
201800024848,2.0,7,0,3.0,2.0,9.0,1.0,B01
201800024849,0.0,7,0,0.0,2.0,3.0,19.0,A01
201800024849,0.0,7,0,0.0,2.0,2.0,1.0,B01
201800024850,0.0,7,0,0.0,2.0,3.0,9.0,A01
201800024850,0.0,1,0,0.0,2.0,5.0,1.0,B01
201800024851,2.0,7,0,0.0,2.0,4.0,1.0,B01
201800024851,2.0,33,0,0.0,2.0,1.0,1.0,A01
201800024852,2.0,7,0,0.0,2.0,4.0,2.0,B01
201800024852,2.0,7,0,0.0,2.0,1.0,2.0,A01
201800024853,2.0,7,0,0.0,2.0,8.0,10.0,A01
201800024853,2.0,7,0,0.0,2.0,0.0,2.0,B01
201800024854,1.0,31,0,0.0,2.0,1.0,1.0,B01
201800024854,2.0,7,0,0.0,2.0,2.0,15.0,A01
201800024855,2.0,7,0,3.0,2.0,4.0,2.0,B01
201800024855,2.0,7,0,0.0,2.0,4.0,2.0,F01
201800024855,2.0,7,0,0.0,2.0,4.0,2.0,E01
201800024855,2.0,17,0,0.0,2.0,1.0,2.0,A01
201800024855,2.0,7,0,0.0,2.0,4.0,2.0,C01
201800024855,2.0,7,0,0.0,2.0,1.0,2.0,D01
201800024856,1.0,7,0,0.0,2.0,4.0,23.0,A01
201800024856,1.0,7,0,0.0,2.0,1.0,2.0,B01
201800024857,1.0,7,0,0.0,2.0,4.0,0.0,B01
201800024857,1.0,7,0,0.0,2.0,1.0,0.0,A01
201800024858,0.0,7,0,0.0,2.0,7.0,2.0,A01
201800024858,0.0,14,0,0.0,2.0,1.0,2.0,B01
201800024859,1.0,7,0,0.0,2.0,7.0,0.0,A01
201800024859,1.0,1,0,0.0,2.0,1.0,0.0,B01
201800024860,2.0,7,0,0.0,2.0,8.0,1.0,A01
201800024860,1.0,7,0,0.0,2.0,1.0,15.0,B01
201800024861,2.0,7,0,0.0,2.0,1.0,1.0,B01
201800024861,2.0,7,0,0.0,2.0,6.0,9.0,A01
201800024862,1.0,7,0,0.0,2.0,1.0,15.0,Z01
201800024862,2.0,7,0,0.0,2.0,3.0,1.0,B01
201800024863,0.0,2,0,0.0,2.0,9.0,21.0,B01
201800024863,0.0,7,0,0.0,2.0,0.0,0.0,Z01
201800024864,0.0,10,0,0.0,0.0,0.0,0.0,A01
201800024865,0.0,7,0,0.0,2.0,8.0,22.0,A01
201800024865,0.0,1,0,1.0,0.0,7.0,21.0,B01
201800024866,0.0,30,0,12.0,0.0,7.0,0.0,A01
201800024867,0.0,7,0,0.0,2.0,1.0,15.0,A01
201800024867,0.0,7,0,0.0,2.0,3.0,1.0,B01
201800024868,2.0,7,0,1.0,0.0,2.0,14.0,A01
201800024869,1.0,1,0,15.0,2.0,1.0,0.0,A01
201800024869,1.0,37,10,0.0,2.0,5.0,1.0,B01
201800024870,2.0,10,0,0.0,2.0,1.0,0.0,A01
201800024870,2.0,7,0,0.0,2.0,4.0,1.0,C01
201800024870,2.0,10,0,0.0,2.0,4.0,1.0,B01
201800024871,0.0,7,0,0.0,2.0,3.0,1.0,A01
201800024871,0.0,1,0,0.0,2.0,8.0,9.0,B01
201800024872,0.0,7,0,0.0,2.0,7.0,1.0,A01
201800024872,0.0,7,0,0.0,2.0,1.0,1.0,B01
201800024873,0.0,10,0,0.0,2.0,2.0,0.0,B01
201800024873,0.0,7,0,0.0,2.0,8.0,0.0,A01
201800024874,2.0,33,0,3.0,0.0,7.0,20.0,A01
201800024875,0.0,37,20,0.0,2.0,3.0,1.0,B01
201800024875,0.0,7,0,0.0,2.0,2.0,11.0,A01
201800024876,2.0,7,0,0.0,2.0,4.0,2.0,C01
201800024876,2.0,7,0,0.0,0.0,0.0,0.0,B01
201800024876,2.0,10,0,0.0,2.0,1.0,2.0,A01
201800024877,0.0,7,0,0.0,2.0,1.0,1.0,B01
201800024877,0.0,7,0,0.0,2.0,7.0,15.0,A01
201800024878,1.0,1,0,0.0,2.0,1.0,1.0,B01
201800024878,0.0,7,0,0.0,2.0,4.0,20.0,A01
201800024879,0.0,1,0,14.0,1.0,1.0,1.0,A01
201800024880,0.0,7,0,0.0,2.0,1.0,15.0,B01
201800024880,0.0,33,0,0.0,2.0,1.0,1.0,A01
201800024881,0.0,7,0,0.0,2.0,2.0,16.0,B01
201800024881,0.0,2,0,5.0,2.0,1.0,18.0,A01
201800024882,0.0,7,0,0.0,2.0,1.0,1.0,B01
201800024882,0.0,1,0,0.0,2.0,2.0,0.0,A01
201800024883,0.0,7,0,0.0,1.0,1.0,13.0,Z01
201800024884,1.0,7,0,0.0,0.0,4.0,1.0,E01
201800024884,1.0,7,0,0.0,2.0,1.0,1.0,B01
201800024884,1.0,7,0,0.0,2.0,3.0,1.0,A01
201800024884,1.0,7,0,0.0,2.0,1.0,1.0,D01
201800024884,1.0,7,0,0.0,2.0,1.0,1.0,C01
201800024885,0.0,7,0,0.0,2.0,4.0,23.0,B01
201800024885,0.0,7,0,0.0,2.0,1.0,2.0,A01
201800024886,0.0,37,15,0.0,0.0,0.0,21.0,A01
201800024887,0.0,7,0,0.0,2.0,1.0,0.0,A01
201800024887,0.0,7,0,0.0,2.0,4.0,2.0,B01
201800024888,0.0,30,0,0.0,5.0,0.0,0.0,A01
201800024889,0.0,37,1,0.0,1.0,2.0,21.0,A01
201800024890,2.0,7,0,0.0,2.0,1.0,0.0,A01
201800024890,2.0,7,0,0.0,0.0,0.0,0.0,B01
201800024891,0.0,1,0,0.0,0.0,9.0,21.0,A01
201800024892,1.0,7,0,1.0,0.0,1.0,13.0,A01
201800024892,0.0,7,0,0.0,2.0,8.0,24.0,B01
201800024893,1.0,7,0,0.0,2.0,1.0,19.0,A01
201800024893,1.0,7,0,0.0,2.0,7.0,1.0,B01
201800024894,2.0,10,0,0.0,1.0,2.0,0.0,A01
201800024895,2.0,7,0,0.0,2.0,1.0,1.0,A01
201800024895,2.0,33,0,0.0,0.0,4.0,1.0,B01
201800024896,2.0,1,0,0.0,2.0,1.0,1.0,B01
201800024896,1.0,7,0,0.0,2.0,8.0,1.0,A01
201800024897,2.0,34,0,0.0,2.0,1.0,17.0,B01
201800024897,1.0,7,0,0.0,2.0,3.0,10.0,A01
201800024898,0.0,7,0,0.0,1.0,2.0,1.0,A01
201800024899,0.0,7,0,0.0,2.0,0.0,0.0,A01
201800024899,0.0,7,0,0.0,2.0,7.0,19.0,B01
201800024900,1.0,14,0,0.0,2.0,1.0,2.0,A01
201800024900,1.0,10,0,0.0,2.0,4.0,2.0,B01
201800024901,0.0,10,0,0.0,2.0,1.0,19.0,A01
201800024901,0.0,1,0,14.0,2.0,7.0,19.0,B01
201800024902,1.0,7,0,0.0,2.0,4.0,2.0,A01
201800024902,1.0,7,0,0.0,2.0,1.0,2.0,B01
201800024903,1.0,7,0,0.0,2.0,3.0,1.0,B01
201800024903,0.0,7,0,0.0,2.0,2.0,15.0,A01
201800024904,2.0,7,0,0.0,2.0,2.0,0.0,A01
201800024904,2.0,7,0,0.0,2.0,4.0,2.0,C01
201800024904,2.0,7,0,0.0,2.0,4.0,2.0,D01
201800024904,2.0,7,0,0.0,2.0,1.0,2.0,B01
201800024905,0.0,7,0,0.0,0.0,0.0,4.0,A01
201800024905,0.0,33,0,0.0,2.0,1.0,1.0,B01
201800024906,0.0,7,0,0.0,2.0,4.0,1.0,A01
201800024906,0.0,7,0,0.0,2.0,1.0,2.0,B01
201800024906,0.0,7,0,0.0,2.0,1.0,2.0,C01
201800024907,2.0,33,0,0.0,2.0,0.0,0.0,A01
201800024907,0.0,7,0,0.0,2.0,3.0,0.0,B01
201800024908,0.0,7,0,0.0,1.0,1.0,1.0,A01
201800024909,0.0,7,0,0.0,1.0,2.0,1.0,A01
201800024910,1.0,99,0,0.0,2.0,1.0,1.0,A01
201800024910,1.0,7,0,0.0,2.0,4.0,1.0,B01
201800024911,1.0,7,0,0.0,1.0,3.0,1.0,A01
201800024912,0.0,7,0,0.0,1.0,1.0,0.0,A01
201800024913,2.0,7,0,0.0,1.0,2.0,1.0,A01
201800024914,0.0,1,0,0.0,2.0,1.0,13.0,B01
201800024914,0.0,7,0,0.0,2.0,7.0,1.0,A01
201800024915,2.0,1,0,0.0,2.0,3.0,1.0,B01
201800024915,1.0,10,0,0.0,2.0,1.0,1.0,Z01
201800024916,0.0,7,0,0.0,1.0,1.0,15.0,A01
201800024917,0.0,7,0,0.0,2.0,0.0,0.0,A01
201800024917,0.0,1,0,0.0,2.0,8.0,0.0,B01
201800024918,1.0,7,0,0.0,2.0,4.0,2.0,B01
201800024918,1.0,7,0,0.0,2.0,1.0,2.0,A01
201800024919,0.0,30,0,14.0,0.0,1.0,14.0,A01
201800024919,0.0,7,0,0.0,2.0,5.0,23.0,B01
201800024920,0.0,20,0,0.0,2.0,2.0,1.0,B01
201800024920,0.0,7,0,0.0,2.0,4.0,4.0,A01
201800024921,0.0,7,0,0.0,1.0,3.0,1.0,A01
201800024922,1.0,2,0,1.0,0.0,1.0,15.0,A01
201800024922,0.0,10,0,0.0,2.0,6.0,24.0,B01
201800024923,1.0,7,0,0.0,1.0,1.0,0.0,A01
201800024924,2.0,7,0,0.0,2.0,4.0,2.0,B01
201800024924,2.0,7,0,0.0,2.0,4.0,2.0,C01
201800024924,2.0,7,0,0.0,2.0,1.0,2.0,A01