Num_Acc,senc,catv,occutc,obs,obsm,choc,manv,num_veh
201800024925,0.0,10,0,0.0,2.0,2.0,9.0,A01
201800024925,0.0,33,0,8.0,2.0,3.0,1.0,B01
201800024926,1.0,7,0,0.0,2.0,1.0,1.0,B01
201800024926,0.0,7,0,0.0,2.0,3.0,16.0,A01
201800024927,0.0,1,0,0.0,2.0,7.0,1.0,B01
201800024927,0.0,7,0,0.0,2.0,1.0,9.0,A01
201800024928,2.0,32,0,1.0,2.0,1.0,21.0,B01
201800024928,2.0,7,0,0.0,2.0,3.0,15.0,A01
201800024929,2.0,7,0,0.0,1.0,3.0,1.0,A01
201800024930,1.0,7,0,0.0,2.0,4.0,1.0,C01
201800024930,1.0,10,0,0.0,2.0,1.0,1.0,A01
201800024930,1.0,7,0,0.0,2.0,4.0,1.0,B01
201800024931,1.0,7,0,0.0,0.0,4.0,2.0,B01
201800024931,1.0,15,0,0.0,2.0,1.0,2.0,A01
201800024932,2.0,7,0,0.0,2.0,1.0,15.0,A01
201800024932,2.0,7,0,0.0,2.0,6.0,15.0,B01
201800024933,1.0,1,0,0.0,2.0,7.0,0.0,B01
201800024933,1.0,7,0,0.0,2.0,2.0,21.0,A01
201800024934,0.0,30,0,0.0,0.0,9.0,1.0,A01
201800024935,1.0,7,0,0.0,1.0,1.0,1.0,A01
201800024936,2.0,7,0,0.0,1.0,2.0,0.0,A01
201800024937,0.0,7,0,0.0,1.0,1.0,1.0,A01
201800024938,2.0,1,0,0.0,2.0,7.0,1.0,B01
201800024938,2.0,7,0,0.0,2.0,1.0,9.0,A01
201800024939,0.0,1,0,0.0,2.0,6.0,1.0,B01
201800024939,0.0,7,0,0.0,2.0,1.0,15.0,A01
201800024940,0.0,1,0,0.0,0.0,0.0,0.0,B01
201800024940,0.0,7,0,0.0,2.0,1.0,12.0,A01
201800024941,2.0,7,0,0.0,2.0,5.0,1.0,D01
201800024941,2.0,7,0,0.0,2.0,1.0,2.0,A01
201800024941,2.0,7,0,0.0,2.0,5.0,1.0,B01
201800024941,2.0,7,0,0.0,2.0,5.0,2.0,E01
201800024941,2.0,7,0,0.0,2.0,4.0,2.0,C01
201800024942,1.0,33,0,0.0,1.0,1.0,0.0,A01
201800024943,0.0,7,0,0.0,2.0,1.0,0.0,B01
201800024943,0.0,7,0,0.0,2.0,1.0,0.0,C01
201800024944,1.0,7,0,0.0,1.0,1.0,1.0,A01
201800024945,0.0,7,0,0.0,1.0,0.0,0.0,A01
201800024946,2.0,7,0,0.0,2.0,1.0,2.0,A01
201800024946,2.0,7,0,0.0,2.0,4.0,2.0,B01
201800024947,2.0,7,0,8.0,0.0,8.0,13.0,A01
201800024948,1.0,7,0,0.0,1.0,1.0,15.0,A01
201800024949,1.0,7,0,0.0,2.0,7.0,15.0,A01
201800024949,2.0,33,0,0.0,2.0,1.0,1.0,B01
201800024950,0.0,1,0,0.0,2.0,1.0,1.0,B01
201800024950,0.0,7,0,0.0,2.0,3.0,0.0,A01
201800024951,0.0,7,0,0.0,1.0,3.0,1.0,A01
201800024952,0.0,7,0,0.0,2.0,3.0,1.0,B01
201800024952,1.0,7,0,0.0,1.0,6.0,19.0,A01
201800024953,2.0,1,0,0.0,2.0,7.0,1.0,B01
201800024953,2.0,7,0,0.0,2.0,1.0,15.0,A01
201800024954,0.0,2,0,0.0,2.0,3.0,1.0,B01
201800024954,0.0,7,0,0.0,2.0,1.0,9.0,A01
201800024955,2.0,32,0,0.0,2.0,2.0,17.0,B01
201800024955,2.0,7,0,0.0,2.0,3.0,15.0,A01
201800024956,1.0,7,0,0.0,2.0,4.0,23.0,B01
201800024956,1.0,7,0,0.0,2.0,1.0,1.0,A01
201800024957,2.0,7,0,13.0,0.0,9.0,1.0,A01
201800024958,1.0,7,0,0.0,2.0,4.0,15.0,B01
201800024958,1.0,1,0,0.0,2.0,1.0,2.0,A01
201800024959,0.0,34,0,0.0,2.0,1.0,1.0,B01
201800024959,0.0,7,0,0.0,2.0,3.0,11.0,A01
201800024960,0.0,1,0,0.0,2.0,1.0,0.0,B01
201800024960,0.0,7,0,0.0,2.0,0.0,0.0,A01
201800024961,1.0,7,0,0.0,2.0,3.0,2.0,B01
201800024961,1.0,7,0,0.0,2.0,2.0,2.0,A01
201800024962,0.0,7,0,0.0,0.0,2.0,0.0,A01
201800024962,0.0,7,0,0.0,2.0,1.0,16.0,B01
201800024963,1.0,7,0,0.0,2.0,8.0,2.0,B01
201800024963,1.0,7,0,0.0,2.0,1.0,19.0,A01
201800024964,0.0,7,0,13.0,0.0,7.0,1.0,A01
201800024965,0.0,7,0,0.0,1.0,8.0,1.0,A01
201800024966,1.0,7,0,3.0,0.0,1.0,1.0,A01
201800024967,0.0,33,0,0.0,2.0,1.0,17.0,A01
201800024967,0.0,7,0,0.0,2.0,6.0,10.0,B01
201800024968,0.0,1,0,12.0,0.0,1.0,2.0,A01
201800024969,0.0,7,0,0.0,2.0,4.0,2.0,B01
201800024969,0.0,30,0,0.0,2.0,1.0,11.0,A01
201800024970,1.0,7,0,4.0,0.0,1.0,13.0,A01
201800024971,0.0,7,0,5.0,0.0,3.0,1.0,A01
201800024972,0.0,1,0,0.0,2.0,1.0,1.0,A01
201800024972,0.0,10,0,0.0,2.0,2.0,15.0,Z01
201800024973,1.0,1,0,0.0,2.0,1.0,0.0,B01
201800024973,0.0,7,0,0.0,2.0,2.0,0.0,A01
201800024974,2.0,7,0,0.0,2.0,2.0,2.0,A01
201800024974,2.0,7,0,0.0,2.0,5.0,0.0,B01
201800024975,1.0,7,0,0.0,1.0,1.0,16.0,A01
201800024976,2.0,37,1,0.0,1.0,7.0,1.0,A01
201800024977,0.0,10,0,0.0,2.0,1.0,2.0,A01
201800024977,0.0,7,0,0.0,2.0,4.0,2.0,B01
201800024978,0.0,7,0,2.0,0.0,9.0,2.0,B01
201800024978,0.0,7,0,9.0,2.0,1.0,2.0,A01
201800024979,1.0,7,0,0.0,2.0,4.0,0.0,B01
201800024979,1.0,7,0,0.0,2.0,1.0,0.0,A01
201800024980,0.0,30,0,0.0,2.0,1.0,1.0,B01
201800024980,0.0,7,0,0.0,2.0,6.0,16.0,A01
201800024981,0.0,7,0,0.0,1.0,2.0,1.0,A01
201800024982,0.0,10,0,8.0,0.0,2.0,16.0,A01
201800024983,2.0,7,0,0.0,2.0,4.0,2.0,B01
201800024983,2.0,7,0,0.0,2.0,4.0,23.0,C01
201800024983,2.0,7,0,0.0,2.0,1.0,2.0,A01
201800024984,1.0,7,0,0.0,2.0,5.0,0.0,B01
201800024984,1.0,33,0,0.0,2.0,1.0,21.0,A01
201800024985,0.0,7,0,0.0,2.0,7.0,19.0,A01
201800024985,1.0,7,0,0.0,2.0,1.0,1.0,B01
201800024986,2.0,7,0,8.0,0.0,1.0,14.0,A01
201800024987,0.0,99,0,0.0,1.0,,0.0,A01
201800024988,2.0,7,0,3.0,0.0,1.0,1.0,A01
201800024989,0.0,7,0,0.0,2.0,1.0,1.0,A01
201800024989,0.0,7,0,0.0,2.0,4.0,2.0,C01
201800024989,0.0,7,0,0.0,2.0,4.0,2.0,B01
201800024990,0.0,10,0,0.0,1.0,2.0,1.0,A01
201800024991,1.0,10,0,0.0,2.0,1.0,2.0,A01
201800024991,1.0,7,0,0.0,2.0,5.0,23.0,C01
201800024991,1.0,10,0,0.0,2.0,4.0,23.0,B01
201800024992,0.0,30,0,0.0,2.0,1.0,7.0,A01
201800024992,0.0,7,0,0.0,2.0,8.0,1.0,B01
201800024993,2.0,7,0,0.0,2.0,1.0,1.0,A01
201800024993,1.0,7,0,0.0,2.0,3.0,1.0,B01
201800024994,0.0,7,0,0.0,1.0,2.0,1.0,Z01
201800024995,2.0,17,0,0.0,2.0,1.0,2.0,A01
201800024995,2.0,7,0,0.0,2.0,4.0,2.0,C01
201800024995,2.0,7,0,0.0,2.0,9.0,2.0,B01
201800024996,2.0,7,0,0.0,2.0,1.0,1.0,A01
201800024996,2.0,7,0,0.0,2.0,8.0,1.0,B01
201800024997,1.0,7,0,0.0,2.0,3.0,1.0,A01
201800024997,1.0,7,0,0.0,2.0,2.0,9.0,B01
201800024998,1.0,7,0,0.0,2.0,4.0,2.0,B01
201800024998,1.0,7,0,0.0,2.0,1.0,2.0,A01
201800024999,0.0,1,0,0.0,2.0,1.0,1.0,B01
201800024999,0.0,7,0,0.0,2.0,1.0,1.0,A01
201800025000,0.0,10,0,0.0,2.0,1.0,1.0,A01
201800025000,0.0,1,0,0.0,2.0,1.0,11.0,B01
201800025001,0.0,34,0,0.0,2.0,3.0,1.0,A01
201800025001,0.0,7,0,0.0,2.0,7.0,16.0,B01
201800025002,0.0,2,0,0.0,2.0,4.0,15.0,B01
201800025002,0.0,7,0,0.0,2.0,3.0,1.0,A01
201800025003,0.0,7,0,0.0,2.0,7.0,12.0,A01
201800025003,0.0,1,0,0.0,2.0,1.0,1.0,B01
201800025003,0.0,7,0,0.0,2.0,3.0,23.0,C01
201800025004,1.0,7,0,0.0,2.0,1.0,2.0,A01
201800025004,1.0,7,0,0.0,2.0,4.0,2.0,B01
201800025005,0.0,30,0,0.0,2.0,4.0,16.0,B01
201800025005,0.0,7,0,0.0,2.0,1.0,16.0,A01
201800025006,1.0,17,0,0.0,2.0,6.0,1.0,B01
201800025006,1.0,7,0,3.0,2.0,2.0,17.0,A01
201800025007,0.0,30,0,0.0,1.0,1.0,1.0,A01
201800025008,0.0,7,0,0.0,2.0,2.0,15.0,A01
201800025008,2.0,33,0,1.0,2.0,4.0,0.0,B01
201800025009,2.0,7,0,0.0,2.0,5.0,14.0,A01
201800025010,1.0,7,0,0.0,1.0,1.0,0.0,A01
201800025011,2.0,7,0,13.0,0.0,0.0,1.0,A01
201800025012,1.0,7,0,1.0,0.0,1.0,1.0,A01
201800025013,0.0,33,0,0.0,2.0,7.0,17.0,A01
201800025013,0.0,7,0,0.0,2.0,8.0,10.0,B01
201800025014,0.0,7,0,0.0,2.0,6.0,1.0,A01
201800025014,0.0,7,0,0.0,2.0,1.0,9.0,B01
201800025015,2.0,30,0,0.0,2.0,4.0,1.0,B01
201800025015,1.0,7,0,0.0,2.0,3.0,15.0,A01
201800025016,1.0,2,0,0.0,2.0,8.0,18.0,A01
201800025016,1.0,7,0,0.0,2.0,2.0,16.0,B01
201800025017,2.0,7,0,0.0,2.0,1.0,1.0,A01
201800025017,2.0,7,0,0.0,2.0,4.0,1.0,B01
201800025018,0.0,30,0,0.0,2.0,1.0,1.0,A01
201800025018,0.0,7,0,0.0,2.0,6.0,1.0,B01
201800025019,1.0,7,0,0.0,1.0,3.0,1.0,A01
201800025020,0.0,7,0,0.0,1.0,2.0,16.0,A01
201800025021,2.0,7,0,0.0,2.0,4.0,0.0,A01
201800025021,1.0,7,0,0.0,2.0,4.0,2.0,B01
201800025022,0.0,7,0,0.0,5.0,2.0,16.0,A01
201800025023,2.0,7,0,0.0,2.0,3.0,1.0,B01
201800025023,2.0,32,0,0.0,2.0,1.0,9.0,A01
201800025024,0.0,7,0,0.0,1.0,3.0,15.0,A01
201800025025,1.0,7,0,0.0,2.0,1.0,2.0,A01
201800025025,1.0,7,0,0.0,2.0,4.0,2.0,B01
201800025025,1.0,7,0,0.0,2.0,4.0,2.0,C01
201800025026,0.0,10,0,14.0,2.0,1.0,2.0,A01
201800025026,0.0,7,0,0.0,2.0,2.0,15.0,B01
201800025027,0.0,7,0,0.0,2.0,1.0,2.0,A01
201800025027,0.0,7,0,0.0,2.0,4.0,1.0,B01
201800025028,2.0,7,0,13.0,0.0,0.0,1.0,A01
201800025029,1.0,7,0,0.0,0.0,4.0,1.0,C01
201800025029,1.0,7,0,14.0,0.0,1.0,1.0,B01
201800025029,1.0,7,0,14.0,0.0,1.0,0.0,A01
201800025030,1.0,7,0,12.0,0.0,7.0,15.0,A01
201800025031,1.0,7,0,0.0,2.0,1.0,1.0,B01
201800025031,1.0,7,0,0.0,2.0,3.0,1.0,A01
201800025032,1.0,7,0,0.0,2.0,2.0,11.0,B01
201800025032,1.0,7,0,0.0,2.0,1.0,1.0,A01
201800025033,0.0,7,0,0.0,2.0,2.0,15.0,A01
201800025033,0.0,7,0,0.0,2.0,1.0,1.0,B01
201800025034,1.0,7,0,0.0,2.0,3.0,1.0,B01
201800025034,1.0,37,1,0.0,2.0,2.0,1.0,A01
201800025035,0.0,1,0,0.0,2.0,2.0,1.0,B01
201800025035,0.0,7,0,0.0,2.0,1.0,9.0,A01
201800025036,2.0,7,0,0.0,0.0,9.0,1.0,A01
201800025037,0.0,7,0,0.0,1.0,1.0,16.0,A01
201800025038,0.0,30,0,0.0,0.0,8.0,11.0,A01
201800025039,1.0,7,0,0.0,1.0,2.0,0.0,A01
201800025040,0.0,10,0,0.0,2.0,4.0,1.0,C01
201800025040,0.0,7,0,0.0,0.0,4.0,1.0,B01
201800025040,0.0,7,0,0.0,2.0,1.0,1.0,A01
201800025041,0.0,7,0,0.0,2.0,1.0,9.0,A01
201800025041,2.0,7,0,1.0,2.0,3.0,1.0,B01
201800025042,0.0,7,0,13.0,0.0,7.0,1.0,A01
201800025043,2.0,7,0,0.0,2.0,1.0,1.0,B01
201800025043,2.0,7,0,0.0,2.0,2.0,9.0,A01
201800025044,1.0,10,0,15.0,0.0,2.0,1.0,A01
201800025045,1.0,7,0,11.0,0.0,1.0,1.0,A01
201800025046,0.0,34,0,1.0,0.0,1.0,1.0,A01
201800025047,1.0,7,0,0.0,2.0,4.0,2.0,B01
201800025047,1.0,7,0,0.0,2.0,1.0,2.0,A01
201800025048,1.0,7,0,0.0,2.0,2.0,15.0,A01
201800025048,1.0,1,0,0.0,2.0,0.0,1.0,B01
201800025049,1.0,7,0,0.0,2.0,1.0,0.0,A01
201800025049,1.0,7,0,0.0,2.0,4.0,2.0,B01
201800025050,0.0,7,0,9.0,2.0,1.0,1.0,A01
201800025050,0.0,7,0,0.0,0.0,6.0,1.0,B01
201800025051,1.0,7,0,13.0,0.0,1.0,0.0,A01
201800025052,0.0,7,0,15.0,0.0,3.0,1.0,A01
201800025053,0.0,7,0,0.0,1.0,3.0,16.0,A01
201800025054,0.0,7,0,0.0,2.0,3.0,1.0,B01
201800025054,0.0,1,0,0.0,2.0,2.0,0.0,A01
201800025055,2.0,7,0,0.0,1.0,1.0,1.0,A01
201800025056,1.0,7,0,0.0,2.0,4.0,2.0,B01
201800025056,0.0,7,0,0.0,2.0,1.0,1.0,A01
201800025057,0.0,7,0,0.0,1.0,3.0,16.0,A01
201800025058,0.0,1,0,0.0,2.0,3.0,2.0,B01
201800025058,0.0,7,0,0.0,2.0,5.0,16.0,A01
201800025059,0.0,7,0,0.0,2.0,1.0,15.0,A01
201800025059,0.0,7,0,0.0,2.0,1.0,1.0,B01
201800025060,0.0,7,0,0.0,6.0,1.0,1.0,A01
201800025061,2.0,30,0,0.0,2.0,1.0,1.0,A01
201800025061,1.0,7,0,0.0,2.0,0.0,15.0,B01
201800025062,1.0,7,0,0.0,2.0,1.0,9.0,A01
201800025062,1.0,7,0,0.0,2.0,1.0,1.0,B01
201800025063,0.0,17,0,0.0,2.0,2.0,19.0,A01
201800025063,0.0,7,0,0.0,2.0,3.0,15.0,B01
201800025064,0.0,7,0,0.0,2.0,1.0,15.0,A01
201800025064,1.0,7,0,0.0,2.0,1.0,15.0,B01
201800025065,0.0,7,0,0.0,2.0,1.0,11.0,A01
201800025065,0.0,7,0,0.0,2.0,1.0,1.0,B01
201800025066,2.0,10,0,0.0,2.0,2.0,1.0,B01
201800025066,2.0,33,0,0.0,2.0,1.0,9.0,A01
201800025067,2.0,7,0,0.0,1.0,1.0,1.0,A01
201800025068,0.0,7,0,0.0,1.0,2.0,1.0,A01
201800025069,0.0,32,0,0.0,0.0,0.0,0.0,A01
201800025070,0.0,7,0,0.0,1.0,2.0,2.0,A01
201800025071,2.0,7,0,8.0,0.0,3.0,0.0,A01
201800025072,0.0,37,1,0.0,1.0,1.0,9.0,A01
201800025073,1.0,7,0,14.0,0.0,1.0,13.0,A01
201800025074,1.0,7,0,0.0,2.0,3.0,1.0,B01
201800025074,2.0,7,0,0.0,2.0,1.0,15.0,A01
201800025075,1.0,7,0,0.0,1.0,3.0,15.0,A01
201800025076,0.0,1,0,0.0,2.0,1.0,19.0,B01
201800025076,2.0,7,0,0.0,2.0,1.0,1.0,A01
201800025077,0.0,7,0,0.0,2.0,1.0,11.0,A01
201800025077,1.0,7,0,0.0,2.0,1.0,1.0,B01
201800025078,1.0,10,0,0.0,2.0,4.0,2.0,D01
201800025078,1.0,7,0,0.0,2.0,1.0,2.0,C01
201800025078,1.0,7,0,0.0,2.0,1.0,2.0,A01
201800025078,1.0,7,0,0.0,2.0,4.0,2.0,B01
201800025079,0.0,7,0,0.0,2.0,3.0,16.0,A01
201800025079,0.0,33,0,0.0,2.0,7.0,0.0,B01
201800025080,2.0,7,0,0.0,1.0,2.0,16.0,A01
201800025081,0.0,7,0,0.0,2.0,5.0,2.0,B01
201800025081,0.0,7,0,0.0,2.0,1.0,2.0,A01
201800025082,0.0,7,0,0.0,2.0,3.0,9.0,A01
201800025082,0.0,1,0,0.0,2.0,1.0,15.0,B01
201800025083,1.0,7,0,0.0,2.0,4.0,1.0,B01
201800025083,1.0,31,0,0.0,2.0,1.0,2.0,A01
201800025084,1.0,7,0,0.0,2.0,6.0,23.0,B01
201800025084,1.0,7,0,0.0,2.0,2.0,12.0,A01
201800025084,1.0,7,0,0.0,2.0,2.0,1.0,C01
201800025085,0.0,7,0,0.0,1.0,1.0,16.0,A01
201800025086,0.0,7,0,11.0,0.0,1.0,0.0,B01
201800025086,1.0,7,0,11.0,0.0,3.0,0.0,A01
201800025087,2.0,7,0,4.0,2.0,8.0,1.0,B01
201800025087,2.0,14,0,0.0,2.0,7.0,14.0,A01
201800025088,1.0,7,0,0.0,2.0,1.0,2.0,A01
201800025088,1.0,7,0,0.0,2.0,4.0,2.0,B01
201800025089,1.0,7,0,12.0,2.0,1.0,1.0,A01
201800025089,1.0,7,0,0.0,1.0,1.0,1.0,B01
201800025090,1.0,7,0,8.0,0.0,3.0,13.0,A01
201800025091,0.0,37,1,0.0,2.0,7.0,1.0,A01
201800025091,0.0,1,0,0.0,2.0,1.0,1.0,B01
201800025092,0.0,7,0,0.0,2.0,1.0,19.0,A01
201800025092,0.0,7,0,0.0,2.0,1.0,19.0,B01
201800025093,2.0,2,0,0.0,2.0,1.0,1.0,B01
201800025093,0.0,7,0,0.0,2.0,3.0,10.0,A01
201800025094,1.0,31,0,0.0,2.0,1.0,1.0,A01
201800025094,0.0,10,0,0.0,0.0,2.0,15.0,Z01
201800025095,2.0,32,0,0.0,2.0,1.0,1.0,B01
201800025095,1.0,7,0,0.0,2.0,2.0,15.0,A01
201800025096,1.0,7,0,0.0,2.0,1.0,2.0,A01
201800025096,1.0,7,0,0.0,2.0,4.0,23.0,C01
201800025096,1.0,7,0,0.0,2.0,4.0,2.0,B01
201800025097,,7,0,0.0,1.0,1.0,15.0,A01
201800025098,2.0,33,0,0.0,2.0,3.0,1.0,A01
201800025098,2.0,7,0,0.0,2.0,2.0,15.0,B01
201800025099,2.0,30,0,0.0,2.0,1.0,1.0,B01
201800025099,1.0,7,0,0.0,2.0,2.0,15.0,A01
201800025100,0.0,7,0,1.0,0.0,1.0,1.0,A01
201800025101,0.0,30,0,8.0,0.0,3.0,1.0,A01
201800025102,1.0,7,0,0.0,1.0,8.0,16.0,Z01
201800025103,2.0,10,0,2.0,1.0,3.0,15.0,A01
201800025104,0.0,7,0,2.0,0.0,7.0,14.0,A01
201800025105,2.0,15,0,0.0,1.0,1.0,1.0,A01
201800025106,0.0,2,0,0.0,2.0,1.0,2.0,B01
201800025106,2.0,7,0,0.0,2.0,2.0,15.0,A01
201800025107,2.0,1,0,0.0,2.0,1.0,1.0,A01
201800025107,1.0,7,0,0.0,2.0,6.0,1.0,B01
201800025108,0.0,7,0,0.0,1.0,3.0,2.0,A01
201800025109,2.0,7,0,0.0,2.0,2.0,15.0,A01
201800025109,2.0,30,0,0.0,2.0,1.0,2.0,B01
201800025110,0.0,1,0,0.0,2.0,8.0,1.0,B01
201800025110,0.0,7,0,0.0,2.0,1.0,15.0,A01
201800025111,2.0,7,0,0.0,2.0,5.0,15.0,A01
201800025111,1.0,33,0,0.0,2.0,1.0,1.0,B01
201800025112,2.0,7,0,0.0,2.0,6.0,23.0,A01
201800025112,2.0,30,0,0.0,2.0,2.0,21.0,B01
201800025113,2.0,7,0,0.0,2.0,1.0,17.0,B01
201800025113,1.0,7,0,0.0,2.0,1.0,5.0,A01
201800025114,2.0,7,0,0.0,1.0,2.0,1.0,A01
201800025115,0.0,7,0,0.0,1.0,2.0,1.0,A01
201800025116,1.0,2,0,0.0,2.0,1.0,1.0,B01
201800025116,1.0,7,0,0.0,2.0,3.0,19.0,A01
201800025117,1.0,3,0,0.0,1.0,3.0,15.0,A01
201800025118,2.0,7,0,0.0,2.0,3.0,15.0,B01
201800025118,0.0,31,0,0.0,2.0,1.0,1.0,A01
201800025119,1.0,7,0,0.0,2.0,8.0,15.0,A01
201800025119,1.0,7,0,0.0,2.0,2.0,9.0,B01
201800025120,,7,0,,,,,B01
201800025120,,7,0,,,,,A01
201800025121,0.0,7,0,0.0,2.0,1.0,1.0,A01
201800025121,0.0,33,0,0.0,2.0,4.0,2.0,B01
201800025122,0.0,31,0,16.0,0.0,7.0,9.0,A01
201800025123,0.0,2,0,0.0,0.0,7.0,9.0,A01
201800025124,0.0,7,0,0.0,2.0,3.0,1.0,A01
201800025124,0.0,7,0,0.0,2.0,1.0,1.0,B01
201800025125,2.0,7,0,0.0,1.0,7.0,1.0,A01
201800025126,0.0,7,0,0.0,2.0,2.0,1.0,A01
201800025126,0.0,7,0,0.0,2.0,3.0,1.0,B01
201800025127,1.0,7,0,0.0,1.0,2.0,1.0,A01
201800025128,0.0,7,0,3.0,0.0,9.0,1.0,A01
201800025129,0.0,7,0,0.0,2.0,2.0,1.0,B01
201800025129,0.0,1,0,0.0,2.0,2.0,1.0,A01
201800025130,1.0,33,0,0.0,0.0,7.0,1.0,A01
201800025131,0.0,7,0,0.0,1.0,2.0,1.0,A01
201800025132,0.0,7,0,0.0,2.0,3.0,9.0,A01
201800025132,0.0,7,0,0.0,2.0,7.0,1.0,B01
201800025133,1.0,7,0,0.0,2.0,1.0,1.0,A01
201800025133,1.0,7,0,0.0,2.0,4.0,1.0,B01
201800025134,0.0,2,0,0.0,2.0,1.0,2.0,A01
201800025134,0.0,7,0,0.0,2.0,4.0,2.0,B01
201800025135,1.0,30,0,0.0,0.0,0.0,1.0,A01
201800025136,0.0,7,0,0.0,2.0,3.0,16.0,A01
201800025136,0.0,7,0,0.0,2.0,1.0,1.0,B01
201800025137,2.0,7,0,0.0,2.0,1.0,1.0,A01
201800025137,2.0,7,0,0.0,2.0,9.0,2.0,C01
201800025137,2.0,7,0,0.0,2.0,9.0,2.0,B01
201800025137,2.0,7,0,0.0,2.0,4.0,15.0,D01
201800025138,0.0,30,0,0.0,2.0,1.0,5.0,A01
201800025138,0.0,7,0,0.0,2.0,1.0,1.0,B01
201800025139,2.0,7,0,0.0,2.0,4.0,20.0,B01
201800025139,2.0,32,0,0.0,2.0,1.0,2.0,A01
201800025140,0.0,7,0,0.0,2.0,4.0,1.0,B01
201800025140,0.0,30,0,0.0,2.0,1.0,1.0,A01
201800025141,1.0,38,1,0.0,2.0,3.0,15.0,A01
201800025141,2.0,33,0,0.0,2.0,1.0,1.0,B01
201800025142,0.0,7,0,0.0,2.0,1.0,19.0,B01
201800025142,0.0,7,0,0.0,2.0,7.0,1.0,A01
201800025143,0.0,7,0,0.0,2.0,1.0,1.0,A01
201800025143,0.0,1,0,0.0,2.0,7.0,1.0,B01
201800025144,0.0,7,0,1.0,0.0,1.0,14.0,A01
201800025145,0.0,7,0,0.0,1.0,1.0,1.0,A01
201800025146,2.0,7,0,16.0,0.0,9.0,14.0,A01
201800025147,0.0,7,0,8.0,0.0,1.0,14.0,A01
201800025148,2.0,7,0,0.0,2.0,9.0,1.0,C01
201800025148,2.0,7,0,0.0,0.0,0.0,0.0,D01
201800025148,2.0,7,0,0.0,2.0,1.0,1.0,A01
201800025148,2.0,7,0,0.0,2.0,9.0,1.0,B01
201800025149,0.0,7,0,12.0,0.0,7.0,1.0,A01
201800025150,0.0,7,0,0.0,1.0,1.0,1.0,A01
201800025151,0.0,2,0,0.0,0.0,7.0,17.0,A01
201800025152,0.0,7,0,0.0,1.0,1.0,16.0,A01
201800025153,0.0,1,0,0.0,2.0,8.0,15.0,B01
201800025153,0.0,7,0,0.0,2.0,2.0,15.0,A01
201800025154,0.0,1,0,0.0,2.0,2.0,1.0,B01
201800025154,0.0,7,0,0.0,2.0,8.0,20.0,A01
201800025155,2.0,7,0,2.0,0.0,1.0,13.0,A01
201800025156,2.0,7,0,13.0,0.0,1.0,13.0,A01
201800025157,2.0,7,0,0.0,0.0,9.0,14.0,A01
201800025158,0.0,7,0,0.0,2.0,2.0,16.0,A01
201800025158,0.0,1,0,0.0,2.0,3.0,18.0,B01
201800025159,0.0,7,0,0.0,1.0,7.0,1.0,A01
201800025160,0.0,7,0,0.0,2.0,2.0,15.0,A01
201800025160,0.0,7,0,0.0,2.0,1.0,1.0,B01
201800025161,0.0,7,0,0.0,2.0,1.0,1.0,A01
201800025161,0.0,7,0,0.0,2.0,5.0,1.0,B01
201800025162,0.0,1,0,0.0,2.0,3.0,15.0,B01
201800025162,0.0,7,0,0.0,2.0,1.0,15.0,A01
201800025163,1.0,7,0,0.0,2.0,8.0,16.0,A01
201800025163,2.0,1,0,0.0,2.0,7.0,16.0,B01
201800025164,0.0,7,0,0.0,2.0,8.0,13.0,A01
201800025164,0.0,7,0,0.0,2.0,8.0,1.0,B01
201800025165,1.0,7,0,15.0,0.0,1.0,13.0,A01
201800025166,1.0,7,0,0.0,2.0,3.0,24.0,A01
201800025166,1.0,30,0,1.0,0.0,2.0,1.0,B01
201800025167,0.0,7,0,0.0,2.0,5.0,20.0,B01
201800025167,0.0,1,0,0.0,2.0,1.0,0.0,A01
201800025168,0.0,7,0,0.0,1.0,1.0,1.0,A01
201800025169,0.0,31,0,0.0,2.0,1.0,1.0,B01
201800025169,0.0,7,0,0.0,2.0,7.0,15.0,A01
201800025170,2.0,7,0,1.0,0.0,1.0,14.0,A01
201800025171,0.0,7,0,0.0,2.0,4.0,16.0,B01
201800025171,0.0,7,0,0.0,2.0,1.0,1.0,A01
201800025172,0.0,7,0,8.0,0.0,2.0,14.0,A01
201800025173,0.0,7,0,10.0,0.0,2.0,14.0,A01
201800025174,2.0,7,0,0.0,1.0,7.0,2.0,A01
201800025175,0.0,7,0,0.0,1.0,8.0,13.0,A01
201800025176,1.0,7,0,0.0,2.0,4.0,2.0,A01
201800025176,1.0,7,0,0.0,2.0,2.0,2.0,B01
201800025177,1.0,7,0,4.0,0.0,1.0,1.0,A01
201800025177,1.0,7,0,0.0,2.0,1.0,2.0,B01
201800025177,1.0,7,0,0.0,2.0,0.0,2.0,C01
201800025177,1.0,7,0,0.0,2.0,1.0,2.0,D01
201800025178,1.0,7,0,0.0,1.0,5.0,4.0,A01
201800025179,2.0,10,0,0.0,2.0,1.0,19.0,A01
201800025179,2.0,7,0,12.0,2.0,8.0,1.0,B01
201800025180,1.0,1,0,0.0,2.0,1.0,2.0,B01
201800025180,1.0,7,0,0.0,9.0,7.0,16.0,A01
201800025181,1.0,10,0,0.0,1.0,4.0,4.0,A01
201800025182,0.0,31,0,0.0,0.0,0.0,0.0,A01
201800025183,2.0,7,0,0.0,1.0,1.0,1.0,A01
201800025184,1.0,7,0,0.0,2.0,1.0,2.0,A01
201800025184,1.0,7,0,0.0,2.0,1.0,2.0,B01
201800025185,1.0,7,0,0.0,2.0,1.0,1.0,B01