Num_Acc,senc,catv,occutc,obs,obsm,choc,manv,num_veh
201800025450,1.0,1,0,6.0,0.0,1.0,0.0,A01
201800025451,2.0,7,0,0.0,2.0,1.0,19.0,Z01
201800025451,0.0,7,0,0.0,2.0,2.0,19.0,A01
201800025452,2.0,7,0,1.0,0.0,1.0,1.0,A01
201800025453,1.0,7,0,0.0,2.0,1.0,16.0,A01
201800025453,1.0,7,0,0.0,2.0,8.0,1.0,B01
201800025454,1.0,31,0,0.0,0.0,8.0,1.0,A01
201800025455,2.0,7,0,0.0,2.0,1.0,2.0,A01
201800025455,2.0,7,0,0.0,2.0,4.0,1.0,B01
201800025455,2.0,7,0,0.0,2.0,5.0,2.0,C01
201800025456,1.0,33,0,0.0,0.0,0.0,0.0,A01
201800025457,2.0,32,0,0.0,2.0,8.0,18.0,A01
201800025457,2.0,7,0,0.0,2.0,7.0,22.0,B01
201800025458,2.0,7,0,2.0,0.0,1.0,16.0,A01
201800025459,1.0,1,0,0.0,2.0,4.0,15.0,A01
201800025459,1.0,7,0,0.0,2.0,1.0,1.0,B01
201800025460,1.0,30,0,0.0,2.0,1.0,1.0,A01
201800025460,1.0,7,0,0.0,2.0,4.0,1.0,B01
201800025461,1.0,7,0,2.0,0.0,2.0,13.0,A01
201800025462,2.0,1,0,0.0,2.0,7.0,19.0,A01
201800025462,1.0,7,0,0.0,2.0,2.0,16.0,B01
201800025463,1.0,1,0,0.0,1.0,1.0,1.0,A01
201800025464,0.0,7,0,0.0,2.0,6.0,15.0,A01
201800025464,0.0,7,0,0.0,2.0,3.0,1.0,B01
201800025465,1.0,20,0,0.0,2.0,3.0,0.0,A01
201800025465,1.0,30,0,0.0,2.0,1.0,0.0,B01
201800025466,2.0,7,0,0.0,2.0,1.0,1.0,A01
201800025466,1.0,7,0,0.0,2.0,7.0,1.0,B01
201800025467,2.0,7,0,0.0,2.0,1.0,9.0,A01
201800025467,2.0,1,0,0.0,2.0,7.0,1.0,B01
201800025468,1.0,1,0,0.0,0.0,1.0,1.0,A01
201800025469,1.0,1,0,0.0,2.0,1.0,1.0,B01
201800025469,1.0,7,0,0.0,2.0,3.0,15.0,A01
201800025470,1.0,7,0,0.0,2.0,7.0,10.0,A01
201800025470,2.0,33,0,0.0,2.0,1.0,1.0,B01
201800025471,1.0,7,0,0.0,1.0,2.0,1.0,A01
201800025472,1.0,7,0,1.0,2.0,2.0,1.0,A01
201800025473,1.0,1,0,0.0,2.0,2.0,19.0,A01
201800025473,1.0,7,0,0.0,2.0,2.0,1.0,B01
201800025474,1.0,7,0,0.0,2.0,3.0,13.0,A01
201800025474,2.0,7,0,0.0,2.0,3.0,1.0,B01
201800025475,2.0,33,0,0.0,2.0,1.0,1.0,A01
201800025475,0.0,7,0,0.0,2.0,2.0,20.0,B01
201800025476,1.0,7,0,0.0,0.0,3.0,1.0,B01
201800025476,1.0,1,0,0.0,2.0,1.0,1.0,A01
201800025477,1.0,33,0,12.0,0.0,2.0,1.0,A01
201800025478,1.0,7,0,0.0,2.0,1.0,15.0,A01
201800025478,1.0,7,0,0.0,2.0,3.0,1.0,B01
201800025479,1.0,7,0,0.0,1.0,4.0,4.0,A01
201800025480,2.0,7,0,0.0,2.0,1.0,2.0,A01
201800025480,2.0,10,0,0.0,2.0,4.0,2.0,B01
201800025481,0.0,99,0,0.0,2.0,0.0,2.0,A01
201800025481,0.0,33,0,0.0,2.0,4.0,2.0,B01
201800025482,2.0,7,0,0.0,2.0,1.0,1.0,A01
201800025482,2.0,7,0,0.0,2.0,4.0,15.0,B01
201800025483,2.0,7,0,0.0,2.0,3.0,24.0,A01
201800025483,2.0,1,0,0.0,2.0,1.0,2.0,B01
201800025484,2.0,10,0,0.0,2.0,1.0,2.0,A01
201800025484,2.0,31,0,0.0,2.0,4.0,2.0,B01
201800025485,0.0,7,0,0.0,2.0,7.0,20.0,A01
201800025485,0.0,2,0,0.0,2.0,1.0,1.0,B01
201800025486,0.0,7,0,0.0,2.0,1.0,2.0,A01
201800025486,0.0,2,0,0.0,2.0,4.0,2.0,B01
201800025487,1.0,1,0,0.0,0.0,1.0,1.0,A01
201800025488,1.0,7,0,0.0,1.0,1.0,13.0,A01
201800025489,1.0,7,0,0.0,1.0,8.0,1.0,A01
201800025490,2.0,7,0,13.0,0.0,1.0,1.0,A01
201800025491,1.0,1,0,0.0,2.0,1.0,1.0,A01
201800025491,1.0,7,0,0.0,2.0,3.0,15.0,B01
201800025492,1.0,7,0,0.0,2.0,2.0,1.0,A01
201800025492,1.0,7,0,0.0,2.0,1.0,1.0,B01
201800025493,1.0,7,0,6.0,0.0,1.0,9.0,A01
201800025494,2.0,1,0,0.0,2.0,1.0,1.0,A01
201800025494,2.0,7,0,0.0,2.0,3.0,1.0,B01
201800025495,2.0,7,0,0.0,1.0,7.0,2.0,A01
201800025496,1.0,7,0,0.0,2.0,1.0,2.0,A01
201800025496,1.0,33,0,0.0,0.0,4.0,23.0,B01
201800025497,1.0,10,0,0.0,2.0,8.0,15.0,A01
201800025497,1.0,2,0,0.0,2.0,1.0,2.0,B01
201800025498,2.0,32,0,0.0,2.0,8.0,17.0,A01
201800025498,2.0,7,0,0.0,2.0,8.0,1.0,B01
201800025499,2.0,7,0,0.0,1.0,1.0,1.0,A01
201800025500,1.0,33,0,0.0,2.0,1.0,1.0,B01
201800025500,1.0,7,0,0.0,0.0,3.0,15.0,A01
201800025501,1.0,31,0,0.0,0.0,3.0,15.0,A01
201800025502,2.0,1,0,0.0,2.0,7.0,1.0,B01
201800025502,0.0,7,0,0.0,2.0,1.0,1.0,A01
201800025503,1.0,33,0,0.0,2.0,1.0,1.0,B01
201800025503,2.0,7,0,0.0,2.0,5.0,15.0,A01
201800025504,1.0,7,0,8.0,0.0,8.0,1.0,A01
201800025505,2.0,7,0,0.0,2.0,1.0,1.0,A01
201800025505,2.0,7,0,0.0,2.0,4.0,1.0,B01
201800025506,0.0,7,0,0.0,2.0,1.0,1.0,A01
201800025506,0.0,7,0,0.0,2.0,8.0,1.0,B01
201800025507,1.0,2,0,0.0,2.0,1.0,15.0,A01
201800025507,2.0,7,0,0.0,2.0,1.0,1.0,B01
201800025508,2.0,1,0,0.0,2.0,7.0,18.0,A01
201800025508,2.0,10,0,0.0,2.0,2.0,1.0,B01
201800025509,1.0,37,3,9.0,0.0,3.0,0.0,A01
201800025510,1.0,1,0,0.0,1.0,1.0,0.0,A01
201800025511,2.0,10,0,0.0,2.0,7.0,12.0,A01
201800025511,2.0,33,0,0.0,2.0,1.0,1.0,B01
201800025512,2.0,33,0,0.0,2.0,1.0,1.0,A01
201800025512,1.0,7,0,0.0,2.0,1.0,15.0,B01
201800025513,0.0,7,0,0.0,0.0,0.0,15.0,A01
201800025513,0.0,2,0,0.0,0.0,2.0,1.0,B01
201800025514,1.0,32,0,0.0,0.0,8.0,1.0,A01
201800025515,1.0,7,0,0.0,1.0,3.0,15.0,A01
201800025516,1.0,7,0,0.0,1.0,2.0,1.0,A01
201800025517,0.0,1,0,0.0,0.0,1.0,1.0,A01
201800025518,0.0,10,0,0.0,2.0,7.0,15.0,A01
201800025518,0.0,1,0,0.0,0.0,8.0,16.0,B01
201800025519,1.0,7,0,0.0,2.0,1.0,2.0,A01
201800025519,1.0,7,0,0.0,2.0,2.0,1.0,B01
201800025520,1.0,31,0,0.0,1.0,1.0,1.0,A01
201800025521,2.0,7,0,0.0,2.0,4.0,15.0,A01
201800025521,1.0,7,0,0.0,2.0,1.0,1.0,B01
201800025522,0.0,7,0,0.0,2.0,5.0,15.0,A01
201800025522,0.0,2,0,0.0,2.0,1.0,1.0,B01
201800025523,1.0,7,0,0.0,2.0,7.0,1.0,A01
201800025523,1.0,7,0,0.0,2.0,1.0,1.0,B01
201800025524,1.0,14,0,0.0,2.0,1.0,1.0,A01
201800025524,1.0,7,0,0.0,2.0,4.0,1.0,B01
201800025525,1.0,7,0,0.0,1.0,3.0,1.0,A01
201800025526,1.0,32,0,0.0,0.0,8.0,21.0,A01
201800025527,0.0,2,0,0.0,2.0,1.0,1.0,A01
201800025527,0.0,7,0,0.0,2.0,3.0,16.0,B01
201800025528,2.0,7,0,0.0,2.0,8.0,15.0,A01
201800025528,2.0,33,0,0.0,2.0,1.0,17.0,B01
201800025529,2.0,7,0,0.0,2.0,1.0,1.0,B01
201800025529,2.0,1,0,0.0,2.0,1.0,2.0,A01
201800025530,1.0,7,0,0.0,2.0,1.0,1.0,A01
201800025530,0.0,7,0,0.0,2.0,8.0,15.0,B01
201800025531,0.0,7,0,0.0,2.0,1.0,2.0,A01
201800025531,0.0,7,0,0.0,2.0,4.0,2.0,B01
201800025531,0.0,10,0,0.0,2.0,4.0,2.0,C01
201800025532,1.0,30,0,0.0,2.0,1.0,15.0,A01
201800025532,1.0,7,0,0.0,2.0,8.0,15.0,B01
201800025533,0.0,7,0,0.0,2.0,1.0,1.0,B01
201800025533,0.0,7,0,0.0,2.0,1.0,15.0,A01
201800025534,0.0,10,0,0.0,2.0,1.0,2.0,A01
201800025534,0.0,7,0,0.0,2.0,4.0,2.0,B01
201800025534,0.0,7,0,0.0,2.0,4.0,2.0,C01
201800025534,0.0,7,0,0.0,2.0,4.0,2.0,D01
201800025535,1.0,30,0,0.0,0.0,8.0,16.0,A01
201800025536,2.0,7,0,0.0,2.0,1.0,1.0,A01
201800025536,2.0,2,0,0.0,2.0,8.0,0.0,B01
201800025537,0.0,2,0,0.0,0.0,8.0,15.0,A01
201800025538,1.0,17,0,0.0,2.0,1.0,2.0,A01
201800025538,1.0,13,0,0.0,2.0,4.0,2.0,B01
201800025539,1.0,10,0,0.0,0.0,0.0,0.0,A01
201800025539,1.0,33,0,0.0,6.0,3.0,1.0,B01
201800025540,1.0,33,0,0.0,2.0,2.0,1.0,B01
201800025540,1.0,7,0,0.0,2.0,3.0,9.0,A01
201800025541,2.0,10,0,0.0,2.0,1.0,1.0,A01
201800025541,1.0,13,0,0.0,2.0,7.0,1.0,B01
201800025542,0.0,7,0,0.0,2.0,1.0,15.0,A01
201800025542,0.0,2,0,0.0,2.0,1.0,1.0,B01
201800025543,2.0,7,0,2.0,0.0,1.0,14.0,A01
201800025544,0.0,7,0,15.0,1.0,4.0,4.0,A01
201800025545,1.0,7,0,0.0,0.0,4.0,14.0,B01
201800025545,1.0,7,0,0.0,2.0,1.0,1.0,A01
201800025546,1.0,14,0,0.0,1.0,1.0,1.0,B01
201800025547,1.0,31,0,0.0,0.0,0.0,1.0,A01
201800025548,1.0,7,0,0.0,1.0,1.0,17.0,A01
201800025549,0.0,33,0,0.0,0.0,0.0,1.0,A01
201800025550,1.0,7,0,0.0,2.0,1.0,1.0,A01
201800025550,1.0,7,0,0.0,2.0,4.0,15.0,B01
201800025551,0.0,33,0,0.0,0.0,9.0,1.0,A01
201800025552,0.0,7,0,0.0,1.0,1.0,1.0,A01
201800025553,1.0,33,0,0.0,2.0,8.0,9.0,A01
201800025553,2.0,10,0,0.0,2.0,5.0,15.0,B01
201800025554,1.0,7,0,0.0,2.0,1.0,2.0,A01
201800025554,1.0,7,0,0.0,2.0,1.0,2.0,B01
201800025554,1.0,7,0,0.0,0.0,4.0,2.0,C01
201800025555,2.0,14,0,0.0,2.0,4.0,17.0,A01
201800025555,0.0,7,0,0.0,2.0,3.0,1.0,B01
201800025556,2.0,32,0,0.0,2.0,1.0,1.0,A01
201800025556,1.0,34,0,0.0,2.0,8.0,0.0,B01
201800025557,2.0,7,0,0.0,1.0,3.0,15.0,A01
201800025558,1.0,33,0,0.0,2.0,1.0,1.0,A01
201800025558,2.0,7,0,0.0,2.0,8.0,1.0,B01
201800025559,1.0,30,0,0.0,2.0,2.0,0.0,A01
201800025559,1.0,7,0,0.0,2.0,3.0,1.0,B01
201800025560,0.0,7,0,0.0,2.0,1.0,1.0,A01
201800025560,0.0,7,0,0.0,2.0,8.0,1.0,B01
201800025561,0.0,7,0,0.0,2.0,1.0,2.0,A01
201800025561,0.0,7,0,0.0,0.0,4.0,23.0,B01
201800025562,1.0,7,0,0.0,2.0,3.0,1.0,A01
201800025562,1.0,1,0,0.0,2.0,8.0,19.0,B01
201800025563,1.0,7,0,0.0,2.0,2.0,1.0,B01
201800025563,2.0,7,0,0.0,2.0,3.0,1.0,A01
201800025564,0.0,10,0,0.0,2.0,1.0,1.0,A01
201800025564,0.0,7,0,0.0,2.0,4.0,1.0,B01
201800025564,0.0,7,0,0.0,2.0,4.0,1.0,C01
201800025565,0.0,7,0,0.0,1.0,2.0,1.0,A01
201800025566,2.0,7,0,0.0,1.0,1.0,1.0,A01
201800025567,0.0,7,0,0.0,2.0,1.0,1.0,A01
201800025567,0.0,7,0,0.0,2.0,4.0,1.0,B01
201800025568,0.0,30,0,0.0,2.0,1.0,5.0,A01
201800025568,0.0,99,0,0.0,2.0,1.0,1.0,B01
201800025569,2.0,15,0,0.0,2.0,2.0,12.0,A01
201800025569,2.0,7,0,0.0,2.0,3.0,1.0,B01
201800025570,1.0,1,0,0.0,1.0,1.0,1.0,A01
201800025571,1.0,1,0,0.0,0.0,0.0,1.0,A01
201800025572,2.0,7,0,0.0,1.0,1.0,15.0,A01
201800025573,2.0,7,0,0.0,2.0,3.0,1.0,B01
201800025573,2.0,10,0,0.0,2.0,2.0,19.0,A01
201800025574,2.0,7,0,0.0,4.0,8.0,15.0,A01
201800025574,2.0,40,1,0.0,2.0,2.0,2.0,B01
201800025575,2.0,7,0,0.0,2.0,2.0,1.0,A01
201800025576,1.0,7,0,0.0,1.0,1.0,1.0,A01
201800025577,2.0,7,0,0.0,2.0,3.0,6.0,A01
201800025577,0.0,30,0,0.0,2.0,7.0,6.0,B01
201800025578,0.0,7,0,0.0,2.0,3.0,13.0,A01
201800025578,0.0,7,0,0.0,2.0,3.0,1.0,B01
201800025579,1.0,32,0,0.0,0.0,7.0,0.0,A01
201800025580,2.0,7,0,3.0,0.0,8.0,17.0,A01
201800025581,1.0,1,0,0.0,2.0,1.0,1.0,B01
201800025581,2.0,7,0,0.0,2.0,3.0,16.0,A01
201800025582,1.0,7,0,0.0,1.0,2.0,15.0,A01
201800025583,0.0,7,0,0.0,2.0,1.0,2.0,A01
201800025583,0.0,7,0,0.0,2.0,4.0,2.0,B01
201800025583,0.0,7,0,0.0,2.0,4.0,2.0,C01
201800025584,2.0,7,0,0.0,2.0,1.0,1.0,A01
201800025584,2.0,7,0,0.0,2.0,7.0,1.0,B01
201800025585,1.0,7,0,0.0,1.0,1.0,1.0,Z01
201800025586,1.0,10,0,0.0,0.0,1.0,15.0,A01
201800025587,1.0,7,0,0.0,2.0,1.0,1.0,A01
201800025587,1.0,7,0,0.0,2.0,4.0,1.0,B01
201800025588,0.0,30,0,0.0,0.0,7.0,1.0,A01
201800025589,2.0,33,0,0.0,0.0,8.0,15.0,A01
201800025590,1.0,34,0,0.0,0.0,3.0,0.0,A01
201800025591,1.0,7,0,0.0,2.0,3.0,19.0,B01
201800025591,0.0,31,0,0.0,2.0,1.0,19.0,A01
201800025592,1.0,7,0,0.0,1.0,1.0,2.0,A01
201800025593,1.0,7,0,0.0,1.0,2.0,2.0,A01
201800025594,1.0,10,0,0.0,1.0,2.0,1.0,A01
201800025595,1.0,7,0,0.0,2.0,3.0,9.0,A01
201800025595,1.0,2,0,0.0,2.0,1.0,1.0,B01
201800025596,1.0,32,0,0.0,0.0,8.0,1.0,A01
201800025597,2.0,7,0,0.0,2.0,1.0,1.0,A01
201800025597,2.0,7,0,0.0,2.0,4.0,1.0,B01
201800025598,0.0,33,0,0.0,0.0,9.0,21.0,A01
201800025599,0.0,7,0,0.0,2.0,7.0,15.0,A01
201800025599,0.0,33,0,0.0,2.0,1.0,1.0,B01
201800025600,2.0,30,0,0.0,1.0,1.0,1.0,A01
201800025601,1.0,7,0,0.0,2.0,1.0,2.0,A01
201800025601,1.0,7,0,0.0,2.0,4.0,2.0,B01
201800025601,1.0,7,0,0.0,2.0,4.0,2.0,C01
201800025602,2.0,7,0,0.0,2.0,2.0,15.0,A01
201800025602,1.0,33,0,0.0,2.0,1.0,1.0,B01
201800025603,1.0,7,0,0.0,0.0,1.0,1.0,B01
201800025603,1.0,7,0,0.0,0.0,7.0,1.0,A01
201800025604,0.0,7,0,0.0,0.0,3.0,22.0,A01
201800025604,0.0,33,0,0.0,2.0,2.0,1.0,B01
201800025605,1.0,31,0,0.0,0.0,3.0,1.0,A01
201800025606,0.0,7,0,0.0,1.0,5.0,4.0,A01
201800025607,1.0,7,0,0.0,2.0,3.0,13.0,A01
201800025607,2.0,7,0,0.0,2.0,2.0,1.0,B01
201800025608,0.0,1,0,0.0,2.0,1.0,15.0,A01
201800025608,0.0,7,0,0.0,2.0,3.0,1.0,B01
201800025609,0.0,7,0,0.0,1.0,1.0,15.0,A01
201800025610,2.0,7,0,0.0,2.0,1.0,2.0,A01
201800025610,0.0,7,0,0.0,2.0,4.0,23.0,B01
201800025611,0.0,7,0,1.0,0.0,1.0,0.0,A01
201800025612,2.0,10,0,0.0,1.0,4.0,0.0,A01
201800025613,0.0,13,0,0.0,1.0,1.0,20.0,A01
201800025614,1.0,7,0,0.0,2.0,3.0,13.0,A01
201800025614,2.0,7,0,0.0,2.0,3.0,1.0,B01
201800025615,1.0,7,0,0.0,2.0,1.0,1.0,A01
201800025615,1.0,7,0,0.0,2.0,4.0,1.0,B01
201800025615,1.0,7,0,0.0,2.0,1.0,1.0,C01
201800025615,1.0,7,0,0.0,2.0,1.0,1.0,D01
201800025615,1.0,7,0,0.0,2.0,1.0,1.0,E01
201800025615,1.0,7,0,0.0,2.0,1.0,1.0,F01
201800025616,1.0,7,0,0.0,2.0,1.0,2.0,A01
201800025616,1.0,30,0,0.0,2.0,4.0,2.0,B01
201800025617,1.0,7,0,4.0,0.0,3.0,2.0,A01
201800025618,1.0,32,0,0.0,0.0,8.0,1.0,A01
201800025619,1.0,30,0,0.0,2.0,8.0,5.0,A01
201800025619,1.0,7,0,0.0,2.0,1.0,1.0,B01
201800025620,1.0,7,0,0.0,2.0,8.0,2.0,A01
201800025620,1.0,1,0,0.0,2.0,2.0,2.0,B01
201800025621,1.0,7,0,0.0,2.0,3.0,20.0,A01
201800025621,1.0,30,0,0.0,2.0,2.0,2.0,B01
201800025622,1.0,1,0,0.0,2.0,1.0,1.0,B01
201800025622,1.0,1,0,0.0,2.0,4.0,1.0,A01
201800025623,2.0,30,0,0.0,1.0,8.0,17.0,A01
201800025624,0.0,7,0,0.0,0.0,6.0,1.0,A01
201800025625,2.0,7,0,0.0,2.0,4.0,1.0,C01
201800025625,2.0,7,0,0.0,2.0,4.0,1.0,B01
201800025625,2.0,7,0,0.0,2.0,1.0,1.0,A01
201800025626,1.0,10,0,0.0,1.0,3.0,0.0,A01
201800025627,1.0,7,0,0.0,2.0,8.0,15.0,A01
201800025627,1.0,2,0,0.0,2.0,7.0,17.0,B01
201800025628,1.0,7,0,0.0,1.0,1.0,1.0,A01
201800025629,2.0,7,0,0.0,2.0,1.0,2.0,A01
201800025629,2.0,7,0,0.0,2.0,5.0,23.0,B01
201800025630,1.0,7,0,0.0,1.0,1.0,1.0,A01
201800025631,0.0,10,0,0.0,2.0,8.0,1.0,A01
201800025631,1.0,7,0,0.0,2.0,3.0,1.0,B01
201800025632,2.0,31,0,1.0,2.0,1.0,2.0,A01
201800025632,2.0,7,0,0.0,2.0,5.0,23.0,B01
201800025633,1.0,7,0,0.0,2.0,3.0,11.0,A01
201800025633,0.0,30,0,0.0,2.0,0.0,1.0,B01
201800025634,2.0,1,0,0.0,2.0,3.0,14.0,A01
201800025634,2.0,7,0,0.0,2.0,6.0,1.0,B01
201800025635,0.0,7,0,0.0,2.0,1.0,1.0,A01
201800025635,0.0,7,0,0.0,0.0,4.0,1.0,B01
201800025636,2.0,7,0,0.0,2.0,1.0,5.0,A01
201800025636,1.0,7,0,0.0,2.0,1.0,1.0,B01
201800025637,2.0,3,0,0.0,2.0,2.0,15.0,A01
201800025637,1.0,33,0,0.0,2.0,1.0,1.0,B01
201800025638,2.0,7,0,0.0,1.0,4.0,4.0,A01
201800025639,2.0,10,0,1.0,0.0,7.0,1.0,A01
201800025640,1.0,30,0,0.0,2.0,7.0,19.0,A01
201800025640,1.0,7,0,0.0,2.0,1.0,19.0,B01
201800025641,0.0,7,0,1.0,0.0,2.0,1.0,A01
201800025642,1.0,7,0,0.0,2.0,1.0,1.0,A01
201800025642,2.0,7,0,0.0,2.0,3.0,1.0,B01
201800025643,1.0,37,1,0.0,2.0,1.0,1.0,A01
201800025643,1.0,7,0,0.0,2.0,4.0,1.0,B01
201800025644,0.0,7,0,0.0,2.0,1.0,1.0,A01
201800025644,0.0,7,0,0.0,2.0,8.0,1.0,B01
201800025645,0.0,7,0,0.0,0.0,7.0,1.0,A01
201800025646,0.0,7,0,0.0,4.0,1.0,1.0,A01
201800025646,0.0,40,1,0.0,2.0,2.0,1.0,B01
201800025647,0.0,30,0,0.0,0.0,7.0,16.0,A01
201800025648,1.0,7,0,4.0,0.0,0.0,2.0,A01
201800025649,1.0,7,0,6.0,2.0,0.0,1.0,A01
201800025650,0.0,7,0,0.0,2.0,1.0,16.0,A01
201800025650,0.0,1,0,0.0,2.0,7.0,19.0,B01
201800025651,1.0,30,0,0.0,0.0,8.0,19.0,A01
201800025652,2.0,7,0,0.0,2.0,3.0,19.0,A01
201800025652,1.0,7,0,0.0,2.0,8.0,1.0,B01
201800025653,2.0,7,0,0.0,2.0,1.0,2.0,F01
201800025653,2.0,7,0,0.0,2.0,1.0,2.0,D01
201800025653,2.0,7,0,0.0,2.0,1.0,2.0,E01
201800025653,2.0,7,0,0.0,2.0,1.0,2.0,A01
201800025653,2.0,7,0,0.0,2.0,1.0,2.0,B01
201800025653,2.0,7,0,0.0,2.0,4.0,2.0,C01
201800025653,2.0,7,0,0.0,2.0,4.0,2.0,G01
201800025654,1.0,7,0,4.0,0.0,8.0,0.0,A01
201800025655,1.0,7,0,0.0,1.0,1.0,1.0,A01
201800025656,1.0,37,40,14.0,0.0,4.0,21.0,C01
201800025656,1.0,14,0,0.0,2.0,1.0,21.0,B01
201800025656,1.0,10,0,0.0,2.0,1.0,21.0,A01
201800025657,0.0,31,0,0.0,2.0,1.0,2.0,A01
201800025657,0.0,7,0,0.0,2.0,4.0,2.0,B01
201800025658,0.0,7,0,0.0,2.0,1.0,15.0,A01
201800025658,0.0,2,0,0.0,2.0,1.0,23.0,B01
201800025659,0.0,30,0,0.0,0.0,0.0,1.0,A01
201800025660,0.0,32,0,0.0,0.0,7.0,1.0,A01
201800025661,0.0,7,0,0.0,1.0,1.0,15.0,A01
201800025662,1.0,7,0,0.0,2.0,2.0,1.0,B01
201800025662,1.0,7,0,0.0,2.0,3.0,18.0,A01
201800025663,0.0,7,0,0.0,0.0,3.0,1.0,A01
201800025664,0.0,7,0,0.0,0.0,7.0,22.0,A01
201800025664,0.0,1,0,0.0,2.0,1.0,1.0,B01
201800025665,1.0,7,0,13.0,0.0,1.0,0.0,A01
201800025666,0.0,7,0,0.0,2.0,1.0,15.0,A01
201800025666,0.0,7,0,0.0,2.0,8.0,1.0,B01
201800025666,0.0,7,0,0.0,2.0,8.0,16.0,C01
201800025667,0.0,7,0,4.0,0.0,9.0,1.0,A01
201800025668,2.0,2,0,0.0,0.0,8.0,16.0,A01
201800025669,2.0,7,0,0.0,2.0,3.0,9.0,A01
201800025669,1.0,1,0,0.0,2.0,1.0,1.0,B01
201800025670,1.0,7,0,0.0,1.0,1.0,1.0,A01
201800025671,1.0,33,0,3.0,0.0,1.0,19.0,A01
201800025672,1.0,7,0,0.0,2.0,2.0,15.0,A01
201800025672,2.0,31,0,0.0,2.0,1.0,1.0,B01
201800025673,2.0,7,0,0.0,2.0,7.0,6.0,A01
201800025673,1.0,7,0,0.0,2.0,1.0,23.0,B01
201800025674,0.0,7,0,1.0,0.0,3.0,0.0,A01
201800025674,0.0,7,0,0.0,2.0,1.0,1.0,B01
201800025674,0.0,7,0,1.0,0.0,2.0,0.0,C01
201800025674,0.0,7,0,1.0,0.0,0.0,0.0,D01
201800025675,0.0,7,0,0.0,1.0,3.0,1.0,A01
201800025676,0.0,33,0,0.0,2.0,7.0,17.0,A01
201800025676,0.0,7,0,0.0,2.0,1.0,15.0,B01
201800025677,1.0,7,0,0.0,2.0,5.0,0.0,A01
201800025677,1.0,33,0,0.0,2.0,3.0,1.0,B01
201800025678,0.0,7,0,0.0,1.0,1.0,1.0,A01
201800025679,1.0,33,0,0.0,2.0,1.0,0.0,A01
201800025679,2.0,1,0,0.0,2.0,1.0,0.0,B01
201800025680,1.0,30,0,15.0,0.0,1.0,1.0,A01
201800025681,1.0,7,0,0.0,2.0,3.0,13.0,A01
201800025681,2.0,14,0,0.0,2.0,3.0,1.0,B01
201800025682,1.0,7,0,0.0,4.0,7.0,16.0,A01
201800025682,1.0,40,1,0.0,2.0,3.0,1.0,B01
201800025683,2.0,7,0,0.0,2.0,1.0,15.0,A01
201800025683,2.0,7,0,0.0,2.0,8.0,19.0,B01
201800025684,1.0,7,0,0.0,2.0,3.0,1.0,B01
201800025684,1.0,7,0,0.0,2.0,1.0,9.0,A01
201800025685,1.0,7,0,0.0,1.0,2.0,15.0,A01
201800025686,1.0,7,0,0.0,1.0,2.0,1.0,A01
201800025687,1.0,7,0,0.0,1.0,0.0,9.0,A01
201800025688,1.0,7,0,0.0,1.0,2.0,1.0,A01
201800025689,2.0,7,0,0.0,2.0,2.0,16.0,A01
201800025689,2.0,1,0,0.0,2.0,1.0,1.0,B01
201800025690,2.0,7,0,0.0,1.0,2.0,16.0,A01
201800025691,1.0,37,1,0.0,2.0,4.0,2.0,B01
201800025691,1.0,7,0,0.0,2.0,8.0,1.0,C01
201800025691,1.0,10,0,0.0,2.0,4.0,1.0,D01
201800025692,1.0,13,0,0.0,1.0,3.0,1.0,A01
201800025693,1.0,7,0,0.0,2.0,1.0,2.0,A01
201800025693,1.0,7,0,0.0,2.0,4.0,23.0,B01
201800025694,2.0,7,0,0.0,1.0,3.0,1.0,A01
201800025695,2.0,7,0,12.0,0.0,2.0,14.0,A01
201800025696,1.0,7,0,0.0,2.0,1.0,19.0,B01
201800025696,2.0,7,0,0.0,2.0,2.0,15.0,A01
201800025697,1.0,7,0,0.0,1.0,1.0,15.0,A01
201800025698,1.0,7,0,0.0,2.0,3.0,15.0,B01
201800025698,1.0,33,0,0.0,2.0,1.0,17.0,Z01
201800025699,2.0,10,0,0.0,2.0,3.0,9.0,A01
201800025699,1.0,33,0,0.0,2.0,1.0,1.0,B01
201800025700,1.0,7,0,0.0,2.0,1.0,2.0,A01
201800025700,1.0,33,0,0.0,2.0,4.0,23.0,B01
201800025701,1.0,7,0,3.0,2.0,4.0,1.0,A01
201800025701,2.0,7,0,0.0,2.0,1.0,1.0,B01
201800025701,1.0,7,0,0.0,2.0,1.0,1.0,Z01
201800025702,1.0,7,0,0.0,2.0,2.0,1.0,B01
201800025702,1.0,2,0,0.0,2.0,1.0,1.0,A01
201800025703,2.0,7,0,0.0,2.0,2.0,15.0,A01
201800025703,0.0,10,0,0.0,2.0,1.0,2.0,B01
201800025704,1.0,34,0,0.0,1.0,1.0,1.0,A01
201800025705,2.0,10,0,0.0,1.0,2.0,5.0,A01
201800025706,1.0,33,0,1.0,0.0,1.0,0.0,A01
201800025707,0.0,7,0,0.0,2.0,1.0,1.0,B01
201800025707,0.0,10,0,0.0,2.0,3.0,19.0,A01
201800025708,2.0,7,0,0.0,2.0,2.0,15.0,A01
201800025708,0.0,1,0,0.0,2.0,1.0,1.0,B01
201800025709,1.0,33,0,0.0,2.0,1.0,2.0,A01
201800025709,1.0,7,0,0.0,2.0,4.0,2.0,B01
201800025710,1.0,10,0,0.0,2.0,5.0,16.0,A01