Num_Acc,senc,catv,occutc,obs,obsm,choc,manv,num_veh
201800025710,2.0,1,0,0.0,2.0,1.0,2.0,B01
201800025711,0.0,7,0,0.0,4.0,8.0,15.0,A01
201800025711,0.0,40,1,0.0,2.0,1.0,1.0,B01
201800025712,1.0,7,0,0.0,2.0,2.0,13.0,A01
201800025712,2.0,31,0,0.0,2.0,1.0,0.0,B01
201800025713,1.0,7,0,0.0,2.0,1.0,16.0,A01
201800025713,0.0,99,0,0.0,2.0,0.0,0.0,R01
201800025714,2.0,7,0,0.0,1.0,1.0,1.0,A01
201800025715,1.0,1,0,0.0,2.0,8.0,19.0,A01
201800025715,1.0,7,0,0.0,2.0,1.0,1.0,B01
201800025716,2.0,7,0,0.0,1.0,2.0,1.0,A01
201800025717,0.0,7,0,0.0,2.0,2.0,1.0,B01
201800025717,0.0,30,0,0.0,2.0,1.0,0.0,A01
201800025718,2.0,10,0,0.0,2.0,2.0,17.0,A01
201800025718,2.0,1,0,0.0,2.0,0.0,1.0,B01
201800025719,1.0,10,0,0.0,2.0,2.0,19.0,A01
201800025719,2.0,33,0,0.0,2.0,1.0,2.0,B01
201800025720,1.0,7,0,0.0,2.0,7.0,15.0,A01
201800025720,1.0,7,0,0.0,2.0,1.0,1.0,B01
201800025721,0.0,34,0,0.0,1.0,1.0,1.0,A01
201800025722,1.0,7,0,0.0,0.0,0.0,0.0,A01
201800025722,1.0,1,0,0.0,0.0,0.0,0.0,B01
201800025723,1.0,7,0,0.0,0.0,0.0,0.0,A01
201800025723,2.0,33,0,0.0,0.0,0.0,0.0,B01
201800025724,0.0,30,0,0.0,1.0,1.0,1.0,Z01
201800025725,2.0,7,0,0.0,2.0,4.0,11.0,A01
201800025725,2.0,33,0,0.0,2.0,1.0,1.0,B01
201800025726,1.0,7,0,0.0,2.0,2.0,16.0,A01
201800025726,1.0,33,0,0.0,2.0,3.0,1.0,B01
201800025727,1.0,7,0,0.0,2.0,1.0,1.0,A01
201800025727,1.0,10,0,0.0,2.0,4.0,2.0,B01
201800025728,1.0,7,0,0.0,2.0,3.0,16.0,A01
201800025728,1.0,1,0,0.0,2.0,0.0,2.0,B01
201800025729,1.0,14,0,0.0,2.0,7.0,0.0,A01
201800025729,1.0,7,0,0.0,2.0,1.0,1.0,B01
201800025730,0.0,7,0,0.0,2.0,3.0,15.0,A01
201800025730,0.0,30,0,0.0,2.0,1.0,1.0,B01
201800025731,2.0,7,0,0.0,2.0,1.0,0.0,A01
201800025731,0.0,7,0,0.0,2.0,8.0,0.0,B01
201800025732,0.0,7,0,0.0,1.0,1.0,15.0,A01
201800025733,0.0,34,0,0.0,2.0,0.0,0.0,A01
201800025733,0.0,7,0,0.0,0.0,0.0,0.0,B01
201800025734,0.0,7,0,1.0,0.0,1.0,0.0,A01
201800025735,0.0,7,0,0.0,2.0,8.0,1.0,B01
201800025735,2.0,7,0,0.0,2.0,1.0,1.0,A01
201800025736,1.0,33,0,0.0,2.0,1.0,1.0,B01
201800025736,0.0,7,0,0.0,2.0,3.0,15.0,A01
201800025737,2.0,7,0,0.0,2.0,3.0,1.0,A01
201800025737,2.0,1,0,0.0,2.0,4.0,1.0,B01
201800025738,0.0,10,0,0.0,1.0,2.0,16.0,A01
201800025739,1.0,7,0,0.0,2.0,1.0,15.0,A01
201800025739,2.0,33,0,0.0,2.0,1.0,0.0,B01
201800025740,1.0,10,0,0.0,2.0,8.0,15.0,A01
201800025740,1.0,33,0,0.0,2.0,2.0,17.0,B01
201800025741,1.0,40,40,0.0,2.0,2.0,1.0,B01
201800025741,0.0,7,0,0.0,4.0,8.0,15.0,A01
201800025742,1.0,7,0,0.0,0.0,1.0,20.0,A01
201800025742,2.0,1,0,0.0,0.0,0.0,0.0,B01
201800025743,2.0,7,0,0.0,1.0,0.0,0.0,A01
201800025744,0.0,7,0,0.0,2.0,2.0,15.0,A01
201800025744,0.0,32,0,0.0,2.0,1.0,1.0,B01
201800025745,0.0,7,0,0.0,1.0,2.0,17.0,A01
201800025746,1.0,33,0,0.0,2.0,1.0,1.0,A01
201800025746,1.0,10,0,0.0,2.0,5.0,2.0,B01
201800025747,0.0,7,0,0.0,2.0,8.0,1.0,A01
201800025747,0.0,7,0,0.0,2.0,1.0,1.0,B01
201800025748,0.0,7,0,0.0,1.0,2.0,1.0,A01
201800025749,0.0,7,0,0.0,2.0,1.0,0.0,A01
201800025749,0.0,7,0,0.0,2.0,7.0,0.0,B01
201800025750,0.0,7,0,0.0,1.0,4.0,4.0,A01
201800025751,2.0,1,0,0.0,2.0,7.0,19.0,A01
201800025751,2.0,7,0,0.0,2.0,1.0,15.0,Z01
201800025752,0.0,7,0,1.0,0.0,0.0,0.0,A01
201800025752,0.0,7,0,0.0,0.0,0.0,0.0,Z01
201800025753,0.0,7,0,0.0,2.0,8.0,1.0,B01
201800025753,0.0,10,0,0.0,2.0,1.0,1.0,A01
201800025754,1.0,7,0,0.0,1.0,1.0,1.0,A01
201800025755,0.0,7,0,0.0,2.0,1.0,1.0,A01
201800025755,0.0,1,0,0.0,2.0,7.0,19.0,B01
201800025756,2.0,2,0,0.0,1.0,3.0,3.0,A01
201800025757,0.0,2,0,0.0,2.0,1.0,0.0,A01
201800025757,0.0,7,0,0.0,2.0,1.0,0.0,B01
201800025758,0.0,32,0,0.0,2.0,0.0,0.0,A01
201800025758,0.0,7,0,0.0,2.0,0.0,0.0,B01
201800025759,0.0,7,0,0.0,1.0,1.0,0.0,A01
201800025760,0.0,7,0,0.0,1.0,1.0,15.0,A01
201800025761,0.0,10,0,0.0,2.0,8.0,0.0,A01
201800025761,0.0,1,0,0.0,2.0,1.0,5.0,B01
201800025762,0.0,7,0,0.0,1.0,1.0,0.0,A01
201800025763,1.0,10,0,8.0,0.0,1.0,2.0,A01
201800025764,0.0,7,0,0.0,1.0,1.0,1.0,A01
201800025765,0.0,7,0,0.0,2.0,7.0,15.0,A01
201800025765,0.0,7,0,0.0,2.0,1.0,1.0,B01
201800025766,1.0,7,0,0.0,2.0,7.0,2.0,A01
201800025766,1.0,7,0,0.0,2.0,1.0,16.0,Z01
201800025767,1.0,37,1,0.0,1.0,2.0,0.0,A01
201800025768,0.0,7,0,0.0,2.0,1.0,0.0,A01
201800025768,0.0,7,0,0.0,2.0,3.0,0.0,B01
201800025769,0.0,7,0,0.0,1.0,1.0,1.0,A01
201800025770,1.0,7,0,0.0,2.0,1.0,1.0,B01
201800025770,2.0,7,0,0.0,2.0,1.0,1.0,A01
201800025771,0.0,7,0,0.0,2.0,1.0,2.0,B01
201800025771,0.0,30,0,0.0,2.0,1.0,2.0,A01
201800025772,1.0,10,0,0.0,1.0,2.0,16.0,A01
201800025773,2.0,7,0,0.0,0.0,8.0,21.0,A01
201800025774,1.0,7,0,0.0,2.0,5.0,15.0,A01
201800025774,2.0,33,0,0.0,2.0,1.0,1.0,B01
201800025775,0.0,7,0,0.0,2.0,0.0,0.0,A01
201800025775,0.0,7,0,0.0,2.0,0.0,0.0,B01
201800025776,0.0,13,0,2.0,0.0,1.0,0.0,A01
201800025777,0.0,7,0,0.0,0.0,0.0,0.0,A01
201800025777,0.0,7,0,0.0,0.0,8.0,0.0,B01
201800025777,0.0,7,0,0.0,0.0,0.0,0.0,C01
201800025778,2.0,7,0,0.0,2.0,1.0,0.0,A01
201800025778,2.0,7,0,0.0,2.0,4.0,23.0,B01
201800025778,2.0,7,0,0.0,2.0,4.0,23.0,C01
201800025779,0.0,10,0,8.0,2.0,1.0,2.0,A01
201800025779,0.0,10,0,0.0,2.0,5.0,10.0,B01
201800025780,2.0,10,0,0.0,1.0,2.0,2.0,A01
201800025781,0.0,7,0,0.0,2.0,0.0,0.0,A01
201800025781,0.0,7,0,0.0,2.0,1.0,0.0,B01
201800025782,1.0,7,0,0.0,2.0,3.0,9.0,B01
201800025782,1.0,7,0,8.0,2.0,2.0,1.0,A01
201800025783,2.0,7,0,0.0,0.0,0.0,9.0,A01
201800025784,1.0,7,0,0.0,2.0,2.0,15.0,A01
201800025784,1.0,7,0,0.0,2.0,1.0,1.0,B01
201800025784,2.0,7,0,0.0,2.0,1.0,1.0,C01
201800025785,0.0,10,0,0.0,1.0,4.0,20.0,A01
201800025786,1.0,7,0,0.0,1.0,2.0,1.0,A01
201800025787,2.0,10,0,0.0,2.0,3.0,13.0,A01
201800025787,1.0,7,0,0.0,2.0,3.0,1.0,B01
201800025788,0.0,33,0,0.0,0.0,1.0,1.0,A01
201800025789,2.0,7,0,0.0,2.0,1.0,2.0,A01
201800025789,2.0,7,0,0.0,2.0,4.0,2.0,B01
201800025790,0.0,33,0,0.0,2.0,1.0,1.0,A01
201800025790,0.0,7,0,0.0,2.0,3.0,1.0,B01
201800025791,0.0,7,0,0.0,2.0,1.0,1.0,A01
201800025791,0.0,7,0,0.0,2.0,8.0,1.0,B01
201800025792,2.0,7,0,4.0,0.0,8.0,1.0,A01
201800025793,0.0,7,0,0.0,2.0,7.0,15.0,A01
201800025793,0.0,31,0,0.0,2.0,1.0,1.0,B01
201800025794,1.0,33,0,0.0,2.0,4.0,1.0,A01
201800025794,1.0,7,0,0.0,2.0,4.0,1.0,B01
201800025795,2.0,15,0,0.0,2.0,3.0,1.0,A01
201800025795,1.0,7,0,0.0,2.0,3.0,13.0,B01
201800025796,2.0,7,0,0.0,2.0,1.0,1.0,A01
201800025796,1.0,7,0,0.0,2.0,1.0,15.0,B01
201800025797,0.0,7,0,8.0,1.0,2.0,1.0,A01
201800025798,1.0,7,0,0.0,1.0,8.0,0.0,Z01
201800025799,2.0,7,0,0.0,1.0,5.0,4.0,A01
201800025800,1.0,10,0,0.0,1.0,1.0,1.0,A01
201800025801,0.0,32,0,0.0,2.0,7.0,1.0,B01
201800025801,0.0,7,0,0.0,2.0,3.0,23.0,A01
201800025802,2.0,7,0,0.0,2.0,3.0,16.0,A01
201800025802,2.0,1,0,16.0,0.0,0.0,0.0,B01
201800025803,0.0,7,0,0.0,1.0,3.0,15.0,A01
201800025804,0.0,7,0,0.0,2.0,3.0,10.0,A01
201800025804,0.0,33,0,0.0,2.0,1.0,1.0,B01
201800025805,0.0,30,0,1.0,0.0,0.0,2.0,A01
201800025806,1.0,14,0,0.0,1.0,3.0,1.0,A01
201800025807,0.0,7,0,0.0,2.0,1.0,2.0,A01
201800025807,0.0,7,0,0.0,2.0,4.0,1.0,B01
201800025808,1.0,7,0,0.0,2.0,2.0,10.0,A01
201800025808,2.0,32,0,0.0,2.0,3.0,1.0,B01
201800025809,0.0,10,0,0.0,2.0,3.0,2.0,A01
201800025809,0.0,7,0,0.0,2.0,6.0,2.0,B01
201800025809,0.0,7,0,0.0,2.0,5.0,2.0,C01
201800025809,0.0,7,0,0.0,2.0,5.0,2.0,D01
201800025810,1.0,33,0,0.0,1.0,1.0,1.0,A01
201800025811,0.0,33,0,0.0,1.0,2.0,21.0,A01
201800025812,0.0,7,0,0.0,1.0,0.0,15.0,A01
201800025813,0.0,7,0,0.0,6.0,3.0,22.0,A01
201800025813,0.0,1,0,1.0,0.0,7.0,1.0,B01
201800025814,0.0,7,0,0.0,1.0,1.0,16.0,A01
201800025815,1.0,7,0,0.0,1.0,2.0,15.0,A01
201800025816,1.0,7,0,0.0,2.0,4.0,2.0,B01
201800025816,1.0,7,0,0.0,2.0,4.0,2.0,C01
201800025816,1.0,7,0,0.0,2.0,1.0,2.0,A01
201800025817,2.0,7,0,0.0,2.0,2.0,6.0,A01
201800025817,2.0,7,0,6.0,2.0,3.0,1.0,B01
201800025818,0.0,7,0,0.0,1.0,2.0,1.0,A01
201800025819,1.0,7,0,13.0,2.0,1.0,13.0,A01
201800025819,2.0,17,0,0.0,2.0,1.0,1.0,B01
201800025820,2.0,10,0,0.0,2.0,7.0,1.0,B01
201800025820,2.0,7,0,0.0,2.0,1.0,9.0,A01
201800025821,1.0,7,0,0.0,1.0,1.0,1.0,A01
201800025822,2.0,7,0,0.0,1.0,3.0,1.0,A01
201800025822,2.0,17,0,0.0,1.0,1.0,1.0,B01
201800025823,2.0,10,0,6.0,0.0,1.0,14.0,A01
201800025824,0.0,2,0,0.0,2.0,1.0,1.0,B01
201800025824,0.0,10,0,0.0,2.0,3.0,19.0,A01
201800025825,1.0,7,0,0.0,1.0,1.0,1.0,A01
201800025826,0.0,7,0,0.0,2.0,1.0,16.0,A01
201800025826,0.0,1,0,0.0,2.0,8.0,1.0,B01
201800025827,2.0,7,0,0.0,2.0,1.0,1.0,B01
201800025827,1.0,7,0,0.0,2.0,1.0,13.0,A01
201800025828,1.0,7,0,0.0,1.0,3.0,15.0,A01
201800025829,2.0,7,0,0.0,2.0,1.0,15.0,A01
201800025829,1.0,31,0,0.0,2.0,1.0,1.0,B01
201800025830,2.0,30,0,0.0,2.0,1.0,1.0,B01
201800025830,1.0,7,0,0.0,2.0,6.0,15.0,A01
201800025831,2.0,7,0,0.0,1.0,1.0,1.0,A01
201800025832,2.0,10,0,0.0,1.0,2.0,1.0,A01
201800025833,1.0,10,0,0.0,2.0,2.0,15.0,A01
201800025833,2.0,30,0,0.0,2.0,1.0,1.0,B01
201800025834,1.0,7,0,0.0,2.0,1.0,1.0,A01
201800025834,0.0,7,0,0.0,2.0,3.0,1.0,B01
201800025835,1.0,7,0,0.0,1.0,2.0,1.0,A01
201800025836,0.0,7,0,0.0,2.0,1.0,15.0,A01
201800025836,2.0,2,0,0.0,2.0,1.0,1.0,B01
201800025837,2.0,7,0,8.0,0.0,6.0,23.0,B01
201800025837,2.0,14,0,0.0,2.0,2.0,2.0,A01
201800025838,1.0,2,0,0.0,2.0,2.0,16.0,B01
201800025838,0.0,7,0,0.0,2.0,3.0,1.0,A01
201800025839,2.0,7,0,0.0,2.0,3.0,15.0,B01
201800025839,2.0,31,0,0.0,2.0,1.0,17.0,A01
201800025840,1.0,7,0,0.0,2.0,1.0,13.0,A01
201800025840,1.0,7,0,0.0,2.0,1.0,1.0,B01
201800025841,0.0,7,0,0.0,2.0,2.0,1.0,B01
201800025841,0.0,1,0,9.0,0.0,4.0,11.0,A01
201800025842,0.0,7,0,0.0,2.0,7.0,1.0,B01
201800025842,0.0,1,0,0.0,2.0,1.0,0.0,A01
201800025843,1.0,7,0,0.0,1.0,2.0,1.0,A01
201800025844,2.0,33,0,0.0,2.0,1.0,1.0,A01
201800025844,2.0,7,0,0.0,2.0,5.0,15.0,B01
201800025845,2.0,7,0,0.0,1.0,2.0,2.0,Z01
201800025846,1.0,7,0,0.0,2.0,3.0,15.0,B01
201800025846,1.0,33,0,0.0,2.0,1.0,1.0,A01
201800025847,1.0,7,0,8.0,0.0,1.0,13.0,A01
201800025848,0.0,30,0,8.0,0.0,7.0,1.0,A01
201800025849,0.0,7,0,0.0,2.0,3.0,9.0,A01
201800025849,0.0,33,0,0.0,2.0,1.0,1.0,B01
201800025850,2.0,30,0,0.0,2.0,3.0,1.0,B01
201800025850,2.0,7,0,0.0,2.0,7.0,16.0,A01
201800025851,0.0,7,0,0.0,2.0,3.0,15.0,A01
201800025851,0.0,30,0,0.0,2.0,1.0,1.0,B01
201800025852,1.0,33,0,0.0,2.0,9.0,1.0,B01
201800025852,0.0,7,0,0.0,2.0,3.0,15.0,A01
201800025853,2.0,1,0,0.0,2.0,1.0,1.0,B01
201800025853,2.0,3,0,0.0,2.0,7.0,16.0,A01
201800025854,1.0,32,0,0.0,2.0,1.0,17.0,A01
201800025854,1.0,10,0,0.0,2.0,8.0,15.0,B01
201800025855,1.0,7,0,0.0,2.0,1.0,1.0,B01
201800025855,1.0,7,0,0.0,2.0,1.0,13.0,A01
201800025856,1.0,7,0,0.0,1.0,2.0,1.0,A01
201800025857,1.0,7,0,0.0,2.0,1.0,13.0,A01
201800025857,2.0,10,0,0.0,2.0,1.0,11.0,B01
201800025858,0.0,33,0,0.0,2.0,1.0,13.0,A01
201800025858,0.0,7,0,0.0,2.0,3.0,15.0,B01
201800025859,2.0,33,0,11.0,0.0,1.0,17.0,A01
201800025859,2.0,7,0,0.0,0.0,0.0,1.0,B01
201800025860,1.0,7,0,0.0,1.0,3.0,1.0,A01
201800025861,1.0,7,0,0.0,1.0,2.0,1.0,A01
201800025862,0.0,7,0,0.0,2.0,4.0,23.0,B01
201800025862,0.0,30,0,0.0,2.0,1.0,2.0,A01
201800025863,1.0,10,0,0.0,2.0,1.0,19.0,A01
201800025863,2.0,2,0,0.0,2.0,7.0,1.0,B01
201800025864,1.0,7,0,0.0,0.0,0.0,9.0,A01
201800025864,1.0,34,0,0.0,0.0,0.0,0.0,B01
201800025865,0.0,7,0,1.0,1.0,3.0,0.0,A01
201800025866,0.0,7,0,0.0,2.0,3.0,1.0,B01
201800025866,0.0,7,0,0.0,2.0,3.0,15.0,A01
201800025867,2.0,7,0,0.0,2.0,2.0,1.0,B01
201800025867,1.0,7,0,0.0,2.0,1.0,1.0,A01
201800025868,1.0,30,0,0.0,2.0,1.0,19.0,A01
201800025868,1.0,33,0,0.0,2.0,8.0,1.0,B01
201800025869,1.0,7,0,2.0,0.0,9.0,1.0,A01
201800025870,1.0,7,0,0.0,2.0,2.0,1.0,B01
201800025870,2.0,7,0,0.0,2.0,3.0,17.0,A01
201800025871,2.0,7,0,1.0,0.0,3.0,1.0,A01
201800025872,1.0,2,0,0.0,0.0,7.0,1.0,A01
201800025873,0.0,31,0,0.0,0.0,0.0,0.0,A01
201800025874,0.0,7,0,0.0,2.0,1.0,0.0,A01
201800025874,0.0,7,0,0.0,2.0,1.0,0.0,B01
201800025875,1.0,7,0,0.0,2.0,6.0,1.0,A01
201800025875,2.0,7,0,0.0,2.0,3.0,1.0,B01
201800025876,2.0,7,0,0.0,0.0,9.0,1.0,A01
201800025877,1.0,7,0,0.0,1.0,2.0,1.0,A01
201800025878,0.0,7,0,0.0,2.0,1.0,0.0,A01
201800025878,0.0,1,0,0.0,2.0,1.0,0.0,B01
201800025879,1.0,10,0,1.0,2.0,1.0,1.0,B01
201800025879,2.0,7,0,0.0,2.0,7.0,1.0,A01
201800025880,1.0,7,0,8.0,2.0,3.0,10.0,A01
201800025880,2.0,7,0,0.0,2.0,2.0,1.0,B01
201800025881,0.0,7,0,0.0,2.0,6.0,9.0,A01
201800025881,0.0,2,0,0.0,2.0,7.0,1.0,B01
201800025882,2.0,7,0,0.0,2.0,1.0,2.0,A01
201800025882,2.0,15,0,0.0,2.0,4.0,2.0,B01
201800025883,1.0,31,0,0.0,2.0,8.0,13.0,A01
201800025883,1.0,7,0,0.0,2.0,7.0,1.0,B01
201800025884,0.0,7,0,0.0,1.0,0.0,,A01
201800025885,0.0,7,0,1.0,0.0,1.0,13.0,A01
201800025886,0.0,2,0,0.0,2.0,1.0,2.0,A01
201800025886,0.0,10,0,0.0,2.0,4.0,2.0,B01
201800025887,2.0,33,0,0.0,2.0,2.0,1.0,B01
201800025887,2.0,17,0,0.0,2.0,6.0,9.0,A01
201800025888,0.0,7,0,0.0,2.0,3.0,9.0,A01
201800025888,0.0,1,0,0.0,2.0,1.0,0.0,B01
201800025889,0.0,7,0,0.0,1.0,2.0,1.0,A01
201800025890,2.0,7,0,0.0,2.0,3.0,1.0,A01
201800025890,1.0,7,0,0.0,2.0,8.0,1.0,B01
201800025891,2.0,7,0,0.0,2.0,1.0,15.0,A01
201800025891,2.0,33,0,0.0,2.0,1.0,1.0,B01
201800025892,0.0,7,0,0.0,2.0,4.0,2.0,B01
201800025892,0.0,7,0,0.0,2.0,1.0,2.0,A01
201800025892,0.0,7,0,0.0,2.0,4.0,2.0,C01
201800025893,0.0,7,0,0.0,2.0,4.0,1.0,B01
201800025893,0.0,7,0,0.0,2.0,1.0,2.0,A01
201800025894,0.0,33,0,0.0,0.0,9.0,1.0,A01
201800025895,1.0,30,0,0.0,1.0,1.0,17.0,A01
201800025896,0.0,7,0,0.0,1.0,1.0,1.0,A01
201800025897,2.0,7,0,0.0,1.0,2.0,1.0,A01
201800025898,0.0,7,0,2.0,0.0,1.0,0.0,A01
201800025899,2.0,1,0,0.0,2.0,7.0,1.0,B01
201800025899,2.0,7,0,0.0,2.0,1.0,9.0,A01
201800025900,0.0,7,0,0.0,2.0,4.0,23.0,B01
201800025900,0.0,38,1,0.0,2.0,1.0,2.0,A01
201800025901,2.0,1,0,1.0,0.0,1.0,1.0,B01
201800025901,2.0,7,0,0.0,2.0,8.0,22.0,A01
201800025902,1.0,10,0,0.0,2.0,1.0,2.0,A01
201800025902,1.0,10,0,0.0,2.0,8.0,1.0,B01
201800025902,2.0,7,0,0.0,2.0,3.0,0.0,C01
201800025903,0.0,33,0,0.0,0.0,0.0,0.0,A01
201800025904,0.0,7,0,0.0,2.0,4.0,1.0,B01
201800025904,0.0,10,0,0.0,2.0,1.0,2.0,A01
201800025905,1.0,7,0,0.0,2.0,4.0,2.0,B01
201800025905,1.0,7,0,0.0,2.0,1.0,2.0,A01
201800025906,2.0,2,0,15.0,0.0,1.0,1.0,A01
201800025907,2.0,7,0,0.0,1.0,1.0,1.0,A01
201800025908,0.0,10,0,0.0,1.0,4.0,4.0,A01
201800025909,2.0,1,0,0.0,0.0,0.0,0.0,A01
201800025910,1.0,7,0,0.0,2.0,4.0,2.0,B01
201800025910,1.0,7,0,0.0,2.0,1.0,2.0,A01
201800025911,0.0,7,0,0.0,2.0,2.0,1.0,A01
201800025911,0.0,1,0,0.0,2.0,4.0,1.0,B01
201800025912,2.0,7,0,0.0,2.0,8.0,1.0,A01
201800025912,2.0,7,0,0.0,2.0,1.0,1.0,B01
201800025913,0.0,7,0,0.0,0.0,0.0,0.0,Z01
201800025913,1.0,2,0,0.0,2.0,3.0,1.0,B01
201800025914,1.0,7,0,0.0,2.0,3.0,1.0,A01
201800025914,1.0,1,0,0.0,2.0,5.0,9.0,B01
201800025915,1.0,33,0,0.0,0.0,9.0,1.0,A01
201800025916,1.0,2,0,6.0,0.0,1.0,1.0,A01
201800025917,0.0,1,0,0.0,0.0,0.0,0.0,A01
201800025918,2.0,10,0,8.0,0.0,9.0,1.0,A01
201800025919,0.0,7,0,1.0,0.0,2.0,1.0,A01
201800025920,0.0,7,0,0.0,2.0,3.0,11.0,A01
201800025920,0.0,33,0,0.0,2.0,1.0,1.0,B01
201800025921,0.0,7,0,6.0,0.0,1.0,19.0,A01
201800025922,0.0,30,0,0.0,2.0,1.0,2.0,A01
201800025922,0.0,7,0,0.0,2.0,6.0,1.0,B01
201800025923,0.0,2,0,0.0,0.0,8.0,1.0,A01
201800025924,0.0,7,0,0.0,2.0,4.0,23.0,B01
201800025924,0.0,7,0,0.0,2.0,1.0,2.0,A01
201800025925,2.0,31,0,0.0,2.0,2.0,1.0,B01
201800025925,2.0,7,0,0.0,2.0,2.0,15.0,A01
201800025926,2.0,7,0,0.0,2.0,3.0,1.0,B01
201800025926,1.0,7,0,0.0,2.0,3.0,13.0,A01
201800025927,1.0,7,0,2.0,0.0,3.0,1.0,A01
201800025928,2.0,2,0,0.0,2.0,1.0,1.0,B01
201800025928,1.0,7,0,0.0,2.0,7.0,15.0,A01
201800025929,0.0,7,0,0.0,1.0,2.0,1.0,A01
201800025930,1.0,2,0,0.0,2.0,1.0,1.0,A01
201800025930,1.0,7,0,0.0,2.0,4.0,1.0,B01
201800025931,1.0,30,0,0.0,0.0,1.0,0.0,A01
201800025932,0.0,7,0,0.0,2.0,4.0,0.0,C01
201800025932,0.0,7,0,0.0,2.0,4.0,2.0,B01
201800025932,0.0,7,0,0.0,2.0,4.0,2.0,A01
201800025933,1.0,7,0,6.0,0.0,1.0,1.0,A01
201800025934,1.0,3,0,0.0,2.0,4.0,2.0,B01
201800025934,1.0,7,0,0.0,2.0,1.0,2.0,A01
201800025935,1.0,7,0,0.0,2.0,2.0,15.0,A01
201800025935,2.0,31,0,0.0,2.0,1.0,1.0,B01
201800025936,0.0,1,0,0.0,2.0,0.0,9.0,B01
201800025936,1.0,7,0,0.0,2.0,1.0,9.0,A01
201800025937,0.0,7,0,6.0,0.0,2.0,1.0,A01
201800025938,2.0,7,0,0.0,1.0,1.0,1.0,Z01
201800025938,1.0,7,0,0.0,1.0,3.0,1.0,A01
201800025939,0.0,10,0,0.0,0.0,6.0,13.0,A01
201800025939,0.0,7,0,0.0,2.0,3.0,1.0,B01
201800025940,1.0,7,0,0.0,2.0,3.0,16.0,A01
201800025940,1.0,33,0,0.0,2.0,1.0,0.0,B01
201800025941,1.0,7,0,0.0,2.0,3.0,1.0,B01
201800025941,1.0,33,0,0.0,2.0,7.0,18.0,A01
201800025942,1.0,33,0,0.0,2.0,5.0,1.0,A01
201800025942,2.0,7,0,0.0,2.0,7.0,15.0,B01
201800025943,1.0,7,0,0.0,2.0,5.0,2.0,B01
201800025943,1.0,31,0,0.0,2.0,1.0,2.0,A01
201800025944,1.0,7,0,0.0,1.0,1.0,15.0,A01
201800025945,0.0,10,0,0.0,1.0,1.0,15.0,A01
201800025946,0.0,33,0,0.0,2.0,8.0,1.0,B01
201800025946,0.0,7,0,0.0,2.0,1.0,9.0,A01
201800025947,0.0,7,0,6.0,0.0,1.0,1.0,A01
201800025948,1.0,7,0,0.0,1.0,1.0,16.0,A01
201800025949,1.0,7,0,0.0,2.0,1.0,15.0,A01
201800025949,1.0,7,0,0.0,2.0,2.0,1.0,B01
201800025950,0.0,7,0,15.0,0.0,1.0,0.0,A01
201800025951,1.0,7,0,0.0,1.0,2.0,1.0,A01
201800025952,1.0,7,0,13.0,0.0,9.0,1.0,A01
201800025953,0.0,10,0,13.0,0.0,1.0,1.0,A01
201800025954,1.0,7,0,0.0,1.0,1.0,1.0,A01
201800025955,0.0,7,0,0.0,2.0,1.0,2.0,B01
201800025955,2.0,7,0,0.0,2.0,4.0,2.0,A01
201800025956,1.0,7,0,0.0,2.0,1.0,1.0,B01
201800025956,2.0,7,0,0.0,2.0,1.0,15.0,A01
201800025957,2.0,1,0,0.0,0.0,0.0,0.0,B01
201800025957,1.0,7,0,0.0,2.0,1.0,15.0,A01
201800025958,0.0,2,0,0.0,2.0,1.0,5.0,B01
201800025958,0.0,7,0,0.0,2.0,5.0,15.0,A01
201800025959,1.0,7,0,13.0,0.0,0.0,0.0,A01
201800025960,1.0,7,0,0.0,1.0,3.0,15.0,A01
201800025961,1.0,3,0,0.0,2.0,3.0,1.0,A01
201800025961,1.0,7,0,0.0,2.0,4.0,15.0,B01
201800025961,1.0,14,0,0.0,2.0,1.0,2.0,C01
201800025962,2.0,33,0,6.0,0.0,1.0,16.0,A01
201800025963,1.0,7,0,0.0,2.0,2.0,1.0,A01
201800025963,0.0,10,0,0.0,2.0,1.0,9.0,B01
201800025964,1.0,7,0,0.0,2.0,4.0,15.0,C01
201800025964,1.0,7,0,0.0,2.0,5.0,2.0,B01
201800025964,1.0,7,0,0.0,2.0,3.0,2.0,A01
201800025965,1.0,7,0,1.0,1.0,1.0,17.0,A01
201800025966,2.0,15,0,0.0,2.0,1.0,2.0,A01
201800025966,2.0,7,0,0.0,0.0,4.0,2.0,C01
201800025966,2.0,7,0,0.0,2.0,4.0,2.0,B01
201800025967,1.0,1,0,0.0,2.0,7.0,1.0,B01
201800025967,2.0,7,0,0.0,9.0,3.0,9.0,A01
201800025968,0.0,7,0,0.0,2.0,8.0,19.0,A01
201800025968,1.0,2,0,0.0,2.0,1.0,1.0,B01
201800025969,2.0,7,0,0.0,2.0,1.0,15.0,A01
201800025969,1.0,7,0,0.0,2.0,8.0,1.0,B01
201800025970,1.0,7,0,0.0,1.0,1.0,16.0,A01
201800025971,1.0,10,0,0.0,2.0,1.0,2.0,B01
201800025971,1.0,7,0,0.0,2.0,4.0,23.0,A01
201800025972,0.0,7,0,1.0,0.0,7.0,6.0,A01
201800025973,0.0,7,0,0.0,2.0,7.0,15.0,A01
201800025973,0.0,34,0,0.0,2.0,8.0,0.0,B01
201800025974,0.0,7,0,0.0,1.0,0.0,15.0,A01