Num_Acc,senc,catv,occutc,obs,obsm,choc,manv,num_veh
201800025975,0.0,3,0,0.0,1.0,3.0,15.0,A01
201800025976,1.0,7,0,0.0,2.0,1.0,1.0,C01
201800025976,1.0,7,0,0.0,2.0,1.0,1.0,B01
201800025976,1.0,7,0,0.0,2.0,4.0,1.0,D01
201800025976,1.0,7,0,0.0,2.0,1.0,1.0,A01
201800025977,2.0,7,0,15.0,2.0,3.0,1.0,B01
201800025977,1.0,7,0,0.0,2.0,3.0,15.0,A01
201800025978,0.0,7,0,1.0,1.0,1.0,20.0,A01
201800025979,1.0,7,0,0.0,1.0,1.0,0.0,Z01
201800025980,1.0,14,0,0.0,2.0,5.0,23.0,B01
201800025980,1.0,7,0,0.0,1.0,1.0,21.0,A01
201800025981,2.0,7,0,0.0,2.0,4.0,2.0,B01
201800025981,2.0,7,0,0.0,2.0,1.0,2.0,A01
201800025982,0.0,2,0,0.0,2.0,7.0,1.0,B01
201800025982,0.0,7,0,0.0,2.0,3.0,15.0,A01
201800025983,0.0,7,0,13.0,0.0,9.0,0.0,A01
201800025984,1.0,7,0,0.0,2.0,6.0,2.0,A01
201800025984,2.0,2,0,0.0,2.0,1.0,2.0,B01
201800025985,1.0,7,0,0.0,1.0,7.0,19.0,A01
201800025986,0.0,7,0,0.0,1.0,1.0,16.0,A01
201800025987,1.0,7,0,0.0,2.0,2.0,15.0,A01
201800025987,2.0,7,0,0.0,2.0,3.0,1.0,B01
201800025988,1.0,7,0,0.0,2.0,4.0,23.0,B01
201800025988,1.0,7,0,0.0,2.0,1.0,1.0,A01
201800025989,1.0,7,0,13.0,0.0,9.0,1.0,A01
201800025990,1.0,30,0,0.0,2.0,3.0,1.0,B01
201800025990,2.0,7,0,0.0,2.0,3.0,15.0,A01
201800025991,1.0,7,0,1.0,0.0,2.0,7.0,A01
201800025991,1.0,7,0,0.0,2.0,6.0,24.0,B01
201800025992,1.0,7,0,0.0,2.0,4.0,2.0,B01
201800025992,1.0,7,0,0.0,2.0,2.0,2.0,A01
201800025993,0.0,7,0,0.0,2.0,2.0,19.0,A01
201800025993,0.0,7,0,0.0,2.0,3.0,1.0,B01
201800025994,1.0,7,0,0.0,2.0,4.0,2.0,C01
201800025994,1.0,7,0,0.0,2.0,4.0,2.0,B01
201800025994,1.0,7,0,0.0,2.0,4.0,2.0,E01
201800025994,1.0,7,0,0.0,2.0,4.0,2.0,D01
201800025994,1.0,13,0,0.0,2.0,1.0,2.0,A01
201800025995,1.0,14,0,1.0,0.0,3.0,0.0,A01
201800025995,1.0,7,0,0.0,0.0,0.0,0.0,B01
201800025996,1.0,7,0,0.0,2.0,1.0,0.0,A01
201800025996,1.0,7,0,0.0,2.0,4.0,0.0,B01
201800025997,2.0,30,0,0.0,2.0,1.0,13.0,A01
201800025997,1.0,7,0,0.0,2.0,1.0,1.0,B01
201800025997,1.0,7,0,0.0,0.0,0.0,0.0,C01
201800025998,0.0,7,0,0.0,2.0,3.0,1.0,B01
201800025998,0.0,7,0,0.0,2.0,2.0,15.0,A01
201800025999,0.0,7,0,2.0,0.0,1.0,19.0,A01
201800026000,2.0,7,0,0.0,1.0,1.0,15.0,A01
201800026001,0.0,7,0,0.0,2.0,1.0,1.0,B01
201800026001,0.0,7,0,0.0,2.0,7.0,19.0,A01
201800026002,0.0,1,0,0.0,2.0,8.0,1.0,B01
201800026002,0.0,37,1,0.0,2.0,5.0,12.0,A01
201800026003,1.0,7,0,0.0,1.0,7.0,1.0,A01
201800026004,1.0,7,0,0.0,2.0,0.0,21.0,A01
201800026004,0.0,1,0,16.0,2.0,0.0,21.0,B01
201800026005,1.0,30,0,0.0,2.0,1.0,1.0,B01
201800026005,2.0,7,0,0.0,2.0,7.0,15.0,A01
201800026006,2.0,37,20,0.0,1.0,2.0,1.0,A01
201800026007,0.0,7,0,0.0,2.0,8.0,15.0,A01
201800026007,0.0,31,0,0.0,2.0,1.0,17.0,B01
201800026008,1.0,7,0,6.0,0.0,3.0,0.0,A01
201800026009,1.0,7,0,0.0,1.0,1.0,9.0,A01
201800026010,1.0,15,0,0.0,2.0,2.0,0.0,A01
201800026010,1.0,7,0,0.0,2.0,1.0,19.0,B01
201800026011,1.0,7,0,0.0,2.0,1.0,13.0,A01
201800026011,2.0,7,0,0.0,2.0,1.0,1.0,B01
201800026012,0.0,30,0,0.0,2.0,1.0,17.0,A01
201800026012,0.0,7,0,0.0,2.0,8.0,2.0,B01
201800026013,0.0,7,0,0.0,1.0,0.0,0.0,Z01
201800026014,0.0,33,0,0.0,2.0,1.0,1.0,B01
201800026014,0.0,7,0,0.0,2.0,2.0,19.0,A01
201800026015,2.0,7,0,0.0,2.0,3.0,1.0,B01
201800026015,1.0,7,0,0.0,2.0,1.0,13.0,A01
201800026016,2.0,7,0,0.0,1.0,2.0,16.0,A01
201800026017,1.0,7,0,0.0,1.0,3.0,1.0,A01
201800026018,0.0,7,0,8.0,0.0,1.0,2.0,A01
201800026019,2.0,34,0,0.0,2.0,1.0,1.0,B01
201800026019,1.0,7,0,0.0,2.0,6.0,10.0,A01
201800026020,1.0,99,0,0.0,1.0,0.0,0.0,A01
201800026021,2.0,10,0,0.0,2.0,4.0,0.0,C01
201800026021,2.0,10,0,0.0,2.0,4.0,23.0,B01
201800026021,2.0,10,0,0.0,2.0,1.0,0.0,A01
201800026022,1.0,7,0,0.0,2.0,7.0,1.0,B01
201800026022,2.0,7,0,0.0,2.0,1.0,19.0,A01
201800026023,0.0,1,0,0.0,2.0,1.0,19.0,A01
201800026023,0.0,7,0,0.0,0.0,1.0,0.0,B01
201800026024,0.0,7,0,0.0,1.0,8.0,0.0,A01
201800026025,2.0,10,0,4.0,0.0,3.0,13.0,A01
201800026026,2.0,2,0,0.0,2.0,0.0,0.0,A01
201800026026,0.0,7,0,0.0,2.0,2.0,0.0,B01
201800026027,0.0,7,0,0.0,2.0,5.0,0.0,B01
201800026027,1.0,2,0,0.0,1.0,0.0,0.0,A01
201800026028,1.0,7,0,0.0,2.0,2.0,1.0,B01
201800026028,1.0,7,0,0.0,2.0,1.0,15.0,A01
201800026029,1.0,7,0,0.0,2.0,3.0,15.0,A01
201800026029,2.0,30,0,0.0,2.0,1.0,0.0,B01
201800026030,1.0,7,0,0.0,2.0,2.0,15.0,A01
201800026030,2.0,1,0,0.0,2.0,0.0,0.0,B01
201800026031,1.0,7,0,0.0,2.0,3.0,15.0,B01
201800026031,1.0,7,0,0.0,2.0,7.0,15.0,A01
201800026032,1.0,7,0,0.0,2.0,1.0,1.0,B01
201800026032,2.0,7,0,0.0,2.0,7.0,1.0,A01
201800026033,2.0,2,0,0.0,2.0,1.0,0.0,B01
201800026033,1.0,7,0,0.0,2.0,3.0,9.0,A01
201800026034,2.0,7,0,0.0,1.0,1.0,0.0,A01
201800026035,2.0,7,0,0.0,2.0,3.0,1.0,C01
201800026035,2.0,7,0,0.0,2.0,1.0,1.0,D01
201800026035,1.0,7,0,0.0,2.0,1.0,1.0,B01
201800026035,1.0,7,0,0.0,2.0,1.0,17.0,A01
201800026036,0.0,7,0,2.0,0.0,1.0,14.0,A01
201800026037,2.0,7,0,1.0,2.0,1.0,10.0,A01
201800026037,1.0,7,0,9.0,0.0,8.0,0.0,B01
201800026038,2.0,7,0,0.0,2.0,0.0,0.0,B01
201800026038,1.0,7,0,0.0,2.0,1.0,1.0,A01
201800026039,1.0,7,0,0.0,1.0,2.0,19.0,A01
201800026040,0.0,7,0,0.0,0.0,0.0,0.0,B01
201800026040,1.0,7,0,0.0,2.0,1.0,1.0,A01
201800026041,0.0,7,0,0.0,2.0,3.0,19.0,A01
201800026041,0.0,30,0,0.0,0.0,0.0,0.0,B01
201800026042,1.0,7,0,0.0,2.0,2.0,0.0,A01
201800026043,2.0,7,0,0.0,1.0,1.0,1.0,A01
201800026044,1.0,7,0,0.0,2.0,1.0,0.0,A01
201800026044,1.0,7,0,0.0,0.0,4.0,23.0,B01
201800026045,1.0,7,0,0.0,2.0,8.0,13.0,A01
201800026045,2.0,7,0,0.0,2.0,8.0,1.0,B01
201800026046,2.0,7,0,0.0,1.0,2.0,0.0,A01
201800026047,2.0,30,0,0.0,2.0,1.0,1.0,B01
201800026047,2.0,7,0,0.0,6.0,3.0,19.0,A01
201800026048,1.0,7,0,0.0,6.0,2.0,9.0,A01
201800026048,1.0,32,0,0.0,2.0,2.0,0.0,B01
201800026049,2.0,7,0,0.0,2.0,3.0,19.0,A01
201800026049,2.0,32,0,0.0,2.0,1.0,1.0,B01
201800026050,1.0,7,0,8.0,2.0,6.0,9.0,A01
201800026050,0.0,7,0,0.0,2.0,2.0,0.0,B01
201800026051,1.0,33,0,6.0,0.0,1.0,17.0,A01
201800026052,0.0,7,0,0.0,2.0,2.0,0.0,A01
201800026052,0.0,1,0,0.0,2.0,7.0,0.0,B01
201800026053,0.0,10,0,0.0,2.0,1.0,21.0,B01
201800026053,0.0,2,0,0.0,2.0,1.0,13.0,A01
201800026054,0.0,7,0,0.0,0.0,4.0,23.0,D01
201800026054,0.0,7,0,0.0,2.0,4.0,1.0,C01
201800026054,0.0,7,0,0.0,2.0,1.0,1.0,B01
201800026054,0.0,7,0,0.0,2.0,1.0,1.0,A01
201800026055,0.0,7,0,0.0,2.0,7.0,1.0,B01
201800026055,0.0,7,0,0.0,2.0,1.0,15.0,A01
201800026056,1.0,33,0,0.0,2.0,1.0,2.0,A01
201800026056,1.0,7,0,0.0,0.0,6.0,2.0,B01
201800026057,1.0,7,0,0.0,2.0,1.0,9.0,A01
201800026057,1.0,2,0,0.0,2.0,7.0,1.0,B01
201800026058,0.0,7,0,0.0,2.0,1.0,15.0,A01
201800026058,0.0,1,0,0.0,2.0,7.0,1.0,B01
201800026059,2.0,7,0,0.0,2.0,8.0,0.0,B01
201800026059,1.0,7,0,0.0,2.0,2.0,15.0,A01
201800026060,1.0,7,0,0.0,2.0,1.0,15.0,A01
201800026060,2.0,2,0,0.0,2.0,8.0,1.0,B01
201800026061,2.0,7,0,0.0,1.0,2.0,1.0,A01
201800026062,1.0,17,0,0.0,2.0,3.0,0.0,B01
201800026062,2.0,7,0,0.0,2.0,3.0,13.0,A01
201800026063,0.0,7,0,0.0,1.0,1.0,1.0,A01
201800026064,2.0,10,0,0.0,2.0,3.0,1.0,B01
201800026064,2.0,7,0,0.0,2.0,1.0,15.0,A01
201800026065,0.0,31,0,0.0,0.0,0.0,0.0,A01
201800026066,2.0,3,0,0.0,2.0,1.0,19.0,A01
201800026066,1.0,10,0,0.0,2.0,8.0,19.0,B01
201800026067,1.0,34,0,6.0,0.0,3.0,1.0,A01
201800026068,2.0,7,0,0.0,2.0,3.0,1.0,B01
201800026068,1.0,7,0,0.0,2.0,3.0,13.0,A01
201800026068,2.0,7,0,0.0,2.0,3.0,1.0,C01
201800026069,2.0,7,0,0.0,1.0,1.0,1.0,A01
201800026070,2.0,2,0,0.0,2.0,0.0,5.0,Z01
201800026070,2.0,7,0,0.0,2.0,2.0,9.0,B01
201800026071,1.0,7,0,0.0,2.0,1.0,1.0,Z01
201800026071,1.0,7,0,0.0,2.0,8.0,1.0,B01
201800026072,2.0,7,0,0.0,2.0,8.0,1.0,B01
201800026072,1.0,7,0,0.0,2.0,8.0,13.0,A01
201800026073,2.0,40,2,0.0,1.0,2.0,1.0,A01
201800026074,1.0,7,0,0.0,1.0,2.0,1.0,A01
201800026075,2.0,2,0,0.0,2.0,1.0,1.0,B01
201800026075,2.0,7,0,0.0,2.0,3.0,15.0,A01
201800026076,1.0,7,0,0.0,2.0,1.0,9.0,A01
201800026076,1.0,7,0,12.0,2.0,7.0,1.0,B01
201800026077,2.0,7,0,0.0,0.0,9.0,15.0,A01
201800026078,2.0,7,0,0.0,1.0,3.0,19.0,A01
201800026079,2.0,7,0,0.0,1.0,2.0,11.0,A01
201800026080,1.0,7,0,0.0,1.0,1.0,19.0,A01
201800026081,1.0,7,0,0.0,1.0,4.0,20.0,A01
201800026082,1.0,7,0,0.0,2.0,0.0,1.0,A01
201800026083,1.0,7,0,0.0,2.0,1.0,1.0,B01
201800026083,2.0,7,0,0.0,2.0,7.0,9.0,A01
201800026084,1.0,1,0,0.0,2.0,6.0,1.0,B01
201800026084,2.0,7,0,0.0,2.0,2.0,17.0,Z01
201800026085,1.0,7,0,0.0,2.0,1.0,9.0,B01
201800026085,1.0,7,0,0.0,2.0,8.0,9.0,A01
201800026086,1.0,7,0,0.0,2.0,3.0,1.0,A01
201800026086,1.0,7,0,0.0,2.0,2.0,1.0,B01
201800026087,1.0,7,0,0.0,1.0,1.0,1.0,A01
201800026088,1.0,7,0,0.0,1.0,2.0,2.0,A01
201800026089,1.0,7,0,0.0,1.0,1.0,15.0,Z01
201800026090,1.0,34,0,0.0,2.0,2.0,15.0,A01
201800026090,2.0,7,0,0.0,2.0,1.0,1.0,B01
201800026091,1.0,1,0,0.0,1.0,1.0,2.0,A01
201800026092,1.0,7,0,0.0,2.0,4.0,2.0,B01
201800026092,1.0,7,0,0.0,2.0,1.0,2.0,A01
201800026093,2.0,37,1,0.0,2.0,1.0,1.0,B01
201800026093,2.0,7,0,0.0,2.0,8.0,9.0,A01
201800026094,2.0,7,0,0.0,2.0,5.0,2.0,B01
201800026094,2.0,2,0,0.0,2.0,1.0,2.0,A01
201800026095,1.0,7,0,0.0,2.0,1.0,19.0,A01
201800026095,2.0,7,0,0.0,2.0,3.0,1.0,B01
201800026096,2.0,31,0,0.0,2.0,4.0,2.0,B01
201800026096,2.0,7,0,0.0,2.0,1.0,2.0,A01
201800026097,2.0,7,0,0.0,2.0,1.0,1.0,B01
201800026097,1.0,7,0,0.0,2.0,5.0,1.0,A01
201800026098,1.0,1,0,0.0,2.0,4.0,1.0,B01
201800026098,1.0,7,0,0.0,2.0,1.0,1.0,Z01
201800026099,2.0,7,0,0.0,1.0,0.0,1.0,Z01
201800026100,2.0,7,0,0.0,1.0,3.0,1.0,A01
201800026101,1.0,7,0,0.0,2.0,8.0,1.0,B01
201800026101,1.0,7,0,0.0,2.0,1.0,9.0,A01
201800026102,1.0,7,0,0.0,2.0,1.0,9.0,A01
201800026102,2.0,7,0,0.0,2.0,6.0,1.0,B01
201800026103,2.0,1,0,0.0,2.0,4.0,16.0,A01
201800026103,1.0,7,0,0.0,2.0,2.0,1.0,B01
201800026104,2.0,10,0,0.0,2.0,1.0,1.0,A01
201800026104,2.0,7,0,0.0,2.0,4.0,23.0,D01
201800026104,2.0,7,0,0.0,2.0,4.0,23.0,B01
201800026104,2.0,7,0,0.0,2.0,4.0,23.0,C01
201800026105,1.0,7,0,0.0,1.0,0.0,0.0,Z01
201800026106,2.0,7,0,0.0,2.0,5.0,4.0,A01
201800026106,2.0,32,0,0.0,2.0,1.0,23.0,B01
201800026107,1.0,7,0,0.0,2.0,8.0,18.0,Z01
201800026107,1.0,1,0,0.0,2.0,7.0,1.0,B01
201800026108,2.0,7,0,0.0,2.0,2.0,1.0,B01
201800026108,2.0,7,0,1.0,2.0,7.0,1.0,A01
201800026109,1.0,7,0,0.0,2.0,1.0,9.0,A01
201800026109,1.0,7,0,0.0,2.0,8.0,9.0,B01
201800026110,1.0,7,0,0.0,2.0,1.0,1.0,Z01
201800026110,1.0,7,0,0.0,2.0,4.0,1.0,B01
201800026111,1.0,7,0,0.0,1.0,8.0,1.0,A01
201800026112,1.0,7,0,0.0,1.0,1.0,1.0,A01
201800026113,1.0,7,0,0.0,1.0,2.0,21.0,A01
201800026114,1.0,7,0,0.0,2.0,0.0,15.0,A01
201800026114,2.0,1,0,0.0,2.0,0.0,1.0,B01
201800026115,0.0,7,0,0.0,2.0,9.0,1.0,A01
201800026115,0.0,7,0,0.0,2.0,1.0,1.0,B01
201800026115,1.0,7,0,0.0,2.0,1.0,23.0,C01
201800026116,2.0,7,0,0.0,2.0,4.0,23.0,C01
201800026116,2.0,7,0,0.0,2.0,4.0,23.0,D01
201800026116,2.0,7,0,0.0,2.0,4.0,23.0,B01
201800026116,2.0,7,0,0.0,2.0,1.0,1.0,Z01
201800026117,2.0,7,0,0.0,1.0,3.0,0.0,A01
201800026118,1.0,1,0,0.0,1.0,1.0,0.0,A01
201800026119,2.0,7,0,0.0,1.0,1.0,15.0,A01
201800026120,1.0,33,0,11.0,0.0,1.0,1.0,A01
201800026121,1.0,1,0,0.0,2.0,4.0,1.0,B01
201800026121,1.0,7,0,0.0,2.0,2.0,2.0,A01
201800026122,2.0,7,0,0.0,2.0,0.0,16.0,A01
201800026122,2.0,1,0,0.0,2.0,0.0,1.0,B01
201800026123,1.0,17,0,0.0,2.0,5.0,9.0,A01
201800026123,1.0,7,0,0.0,2.0,1.0,9.0,B01
201800026124,2.0,7,0,0.0,1.0,1.0,0.0,A01
201800026125,2.0,7,0,0.0,2.0,2.0,1.0,B01
201800026125,1.0,7,0,0.0,2.0,1.0,1.0,A01
201800026126,1.0,7,0,0.0,2.0,3.0,1.0,A01
201800026126,2.0,7,0,0.0,2.0,1.0,1.0,B01
201800026127,2.0,32,0,11.0,0.0,1.0,1.0,A01
201800026128,2.0,10,0,0.0,1.0,1.0,1.0,A01
201800026129,0.0,7,0,0.0,2.0,2.0,0.0,A01
201800026129,0.0,33,0,0.0,2.0,1.0,0.0,B01
201800026130,1.0,1,0,1.0,0.0,1.0,22.0,B01
201800026130,1.0,7,0,1.0,0.0,1.0,0.0,A01
201800026131,1.0,7,0,0.0,2.0,4.0,16.0,Z01
201800026131,1.0,2,0,0.0,2.0,1.0,0.0,B01
201800026132,2.0,33,0,0.0,2.0,1.0,1.0,A01
201800026132,0.0,7,0,0.0,2.0,5.0,1.0,B01
201800026133,2.0,2,0,0.0,2.0,3.0,9.0,B01
201800026133,1.0,7,0,0.0,2.0,2.0,16.0,A01
201800026134,1.0,7,0,0.0,1.0,3.0,15.0,A01
201800026135,2.0,1,0,0.0,2.0,1.0,1.0,B01
201800026135,1.0,99,0,0.0,6.0,1.0,5.0,A01
201800026136,1.0,7,0,6.0,1.0,1.0,0.0,A01
201800026137,1.0,7,0,0.0,2.0,2.0,12.0,A01
201800026137,1.0,33,0,0.0,2.0,8.0,1.0,B01
201800026138,1.0,7,0,0.0,2.0,1.0,1.0,B01
201800026138,1.0,7,0,0.0,2.0,8.0,1.0,A01
201800026139,2.0,7,0,6.0,0.0,1.0,1.0,A01
201800026140,2.0,33,0,0.0,2.0,1.0,9.0,B01
201800026140,2.0,31,0,0.0,2.0,7.0,9.0,A01
201800026141,1.0,7,0,0.0,2.0,3.0,13.0,A01
201800026141,2.0,33,0,0.0,2.0,8.0,13.0,B01
201800026142,1.0,7,0,0.0,2.0,4.0,1.0,B01
201800026142,1.0,7,0,0.0,2.0,1.0,1.0,A01
201800026143,0.0,30,0,0.0,2.0,1.0,16.0,A01
201800026143,0.0,7,0,0.0,2.0,8.0,1.0,B01
201800026144,1.0,32,0,0.0,0.0,0.0,1.0,A01
201800026145,2.0,7,0,0.0,1.0,2.0,16.0,A01
201800026146,1.0,7,0,0.0,1.0,1.0,1.0,A01
201800026147,1.0,7,0,0.0,2.0,7.0,1.0,B01
201800026147,1.0,30,0,0.0,2.0,1.0,1.0,A01
201800026148,2.0,1,0,0.0,1.0,2.0,1.0,A01
201800026149,1.0,7,0,0.0,1.0,3.0,1.0,A01
201800026150,2.0,7,0,0.0,1.0,1.0,15.0,Z01
201800026151,1.0,7,0,0.0,1.0,1.0,15.0,A01
201800026152,2.0,7,0,0.0,1.0,3.0,15.0,A01
201800026153,2.0,7,0,0.0,2.0,8.0,13.0,A01
201800026153,1.0,7,0,0.0,2.0,8.0,15.0,B01
201800026154,0.0,7,0,0.0,2.0,0.0,0.0,A01
201800026154,0.0,7,0,0.0,2.0,0.0,0.0,B01
201800026155,2.0,7,0,0.0,2.0,1.0,1.0,B01
201800026155,1.0,7,0,0.0,2.0,8.0,1.0,A01
201800026156,1.0,7,0,0.0,1.0,2.0,1.0,A01
201800026157,1.0,7,0,6.0,0.0,1.0,1.0,A01
201800026158,1.0,7,0,0.0,2.0,7.0,15.0,A01
201800026158,2.0,31,0,0.0,2.0,1.0,1.0,B01
201800026159,2.0,33,0,0.0,0.0,1.0,1.0,A01
201800026160,2.0,7,0,0.0,1.0,2.0,1.0,A01
201800026161,2.0,7,0,1.0,2.0,6.0,16.0,B01
201800026161,2.0,7,0,0.0,2.0,2.0,1.0,A01
201800026162,1.0,40,1,0.0,1.0,1.0,1.0,A01
201800026163,2.0,7,0,0.0,1.0,2.0,1.0,A01
201800026164,2.0,7,0,0.0,2.0,2.0,15.0,A01
201800026164,1.0,7,0,0.0,2.0,3.0,1.0,B01
201800026165,0.0,7,0,0.0,1.0,1.0,1.0,A01
201800026166,1.0,7,0,0.0,2.0,8.0,15.0,B01
201800026166,1.0,33,0,0.0,2.0,1.0,17.0,A01
201800026167,2.0,7,0,0.0,2.0,3.0,13.0,A01
201800026167,1.0,7,0,0.0,2.0,3.0,1.0,B01
201800026168,2.0,31,0,0.0,0.0,0.0,0.0,A01
201800026169,1.0,7,0,0.0,2.0,4.0,1.0,B01
201800026169,1.0,7,0,0.0,6.0,4.0,1.0,C01
201800026169,1.0,7,0,0.0,2.0,1.0,2.0,A01
201800026170,2.0,10,0,0.0,2.0,1.0,0.0,A01
201800026170,1.0,7,0,0.0,2.0,3.0,0.0,B01
201800026171,2.0,7,0,0.0,1.0,2.0,1.0,A01
201800026172,1.0,31,0,0.0,2.0,1.0,1.0,B01
201800026172,1.0,7,0,0.0,2.0,3.0,16.0,A01
201800026173,2.0,7,0,0.0,1.0,2.0,2.0,A01
201800026174,1.0,7,0,0.0,1.0,2.0,13.0,A01
201800026175,2.0,7,0,1.0,0.0,7.0,1.0,B01
201800026175,1.0,7,0,0.0,2.0,1.0,16.0,A01
201800026176,2.0,7,0,0.0,2.0,2.0,10.0,A01
201800026176,2.0,33,0,0.0,2.0,1.0,1.0,B01
201800026177,1.0,7,0,0.0,2.0,4.0,1.0,B01
201800026177,1.0,7,0,0.0,2.0,1.0,0.0,A01
201800026178,2.0,7,0,0.0,1.0,4.0,4.0,A01
201800026179,1.0,7,0,0.0,1.0,3.0,15.0,A01
201800026180,1.0,7,0,0.0,2.0,6.0,0.0,B01
201800026180,1.0,30,0,1.0,0.0,1.0,1.0,A01
201800026181,1.0,7,0,0.0,2.0,7.0,16.0,B01
201800026181,1.0,33,0,0.0,2.0,8.0,18.0,A01
201800026182,1.0,7,0,0.0,1.0,1.0,0.0,A01
201800026183,1.0,7,0,0.0,1.0,2.0,0.0,A01
201800026184,2.0,10,0,0.0,2.0,4.0,1.0,B01
201800026184,2.0,10,0,0.0,2.0,1.0,0.0,A01
201800026185,2.0,10,0,0.0,1.0,3.0,0.0,A01
201800026186,1.0,7,0,0.0,2.0,9.0,1.0,A01
201800026186,2.0,7,0,0.0,2.0,8.0,1.0,B01
201800026187,2.0,36,0,1.0,0.0,1.0,1.0,A01
201800026187,0.0,7,0,0.0,2.0,3.0,20.0,B01
201800026188,0.0,7,0,0.0,2.0,2.0,1.0,A01
201800026188,0.0,7,0,0.0,0.0,3.0,20.0,B01
201800026189,0.0,7,0,0.0,2.0,1.0,2.0,B01
201800026189,0.0,7,0,0.0,2.0,3.0,0.0,C01
201800026189,0.0,7,0,1.0,2.0,4.0,20.0,A01
201800026190,2.0,7,0,0.0,1.0,1.0,0.0,A01
201800026191,1.0,7,0,0.0,2.0,8.0,15.0,B01
201800026191,1.0,31,0,0.0,2.0,7.0,17.0,A01
201800026192,2.0,10,0,0.0,2.0,2.0,15.0,A01
201800026192,1.0,7,0,0.0,2.0,8.0,1.0,B01
201800026193,2.0,7,0,0.0,1.0,2.0,1.0,A01
201800026194,0.0,7,0,0.0,2.0,2.0,17.0,A01
201800026194,1.0,33,0,0.0,2.0,0.0,15.0,B01
201800026195,0.0,10,0,13.0,0.0,3.0,14.0,A01
201800026196,0.0,7,0,0.0,2.0,2.0,1.0,A01
201800026196,0.0,7,0,0.0,2.0,5.0,0.0,B01
201800026197,0.0,33,0,0.0,2.0,1.0,2.0,A01
201800026197,0.0,7,0,0.0,0.0,6.0,10.0,B01
201800026198,1.0,20,0,0.0,6.0,3.0,0.0,A01
201800026198,2.0,1,0,0.0,2.0,1.0,13.0,B01
201800026199,2.0,7,0,0.0,6.0,3.0,10.0,A01
201800026199,1.0,2,0,0.0,2.0,1.0,2.0,B01
201800026200,1.0,10,0,0.0,2.0,5.0,13.0,B01
201800026200,1.0,99,0,0.0,2.0,0.0,0.0,A01
201800026201,2.0,7,0,0.0,2.0,4.0,1.0,C01
201800026201,2.0,7,0,0.0,2.0,1.0,5.0,A01
201800026201,1.0,7,0,0.0,2.0,3.0,16.0,B01
201800026201,2.0,7,0,0.0,2.0,0.0,1.0,T01
201800026202,1.0,7,0,0.0,2.0,6.0,0.0,A01
201800026202,1.0,7,0,0.0,2.0,1.0,1.0,B01
201800026203,2.0,7,0,0.0,2.0,3.0,15.0,B01
201800026203,2.0,7,0,0.0,2.0,2.0,17.0,A01
201800026204,2.0,7,0,14.0,0.0,4.0,1.0,A01
201800026204,2.0,7,0,0.0,2.0,1.0,1.0,C01
201800026204,2.0,7,0,0.0,2.0,4.0,1.0,B01
201800026205,0.0,7,0,0.0,1.0,2.0,0.0,A01
201800026206,2.0,7,0,0.0,2.0,3.0,13.0,A01
201800026206,1.0,7,0,0.0,2.0,3.0,1.0,B01
201800026207,0.0,7,0,0.0,2.0,3.0,1.0,B01
201800026207,0.0,7,0,0.0,2.0,3.0,1.0,A01
201800026208,2.0,2,0,0.0,2.0,5.0,1.0,B01
201800026208,1.0,7,0,0.0,2.0,5.0,15.0,A01
201800026209,0.0,7,0,0.0,1.0,0.0,0.0,A01
201800026210,1.0,7,0,0.0,1.0,1.0,1.0,A01
201800026211,1.0,7,0,0.0,1.0,0.0,15.0,A01
201800026212,2.0,7,0,6.0,0.0,3.0,1.0,A01
201800026213,2.0,7,0,0.0,1.0,1.0,1.0,A01
201800026214,2.0,1,0,0.0,1.0,1.0,1.0,A01
201800026215,1.0,33,0,0.0,2.0,1.0,1.0,B01
201800026215,1.0,7,0,0.0,2.0,3.0,15.0,A01
201800026216,1.0,7,0,0.0,1.0,3.0,1.0,A01
201800026217,1.0,7,0,0.0,2.0,8.0,19.0,B01
201800026217,1.0,30,0,0.0,2.0,1.0,1.0,A01
201800026218,1.0,7,0,0.0,2.0,6.0,23.0,B01
201800026218,1.0,2,0,0.0,2.0,8.0,21.0,A01
201800026219,1.0,7,0,0.0,1.0,1.0,1.0,A01
201800026220,1.0,7,0,0.0,2.0,3.0,1.0,A01
201800026220,1.0,7,0,0.0,2.0,1.0,1.0,B01
201800026221,2.0,2,0,0.0,1.0,3.0,21.0,A01
201800026222,2.0,2,0,0.0,2.0,7.0,17.0,A01
201800026222,2.0,7,0,0.0,2.0,8.0,15.0,B01
201800026223,2.0,7,0,0.0,1.0,2.0,16.0,A01
201800026224,1.0,31,0,0.0,2.0,1.0,1.0,B01
201800026224,1.0,7,0,0.0,2.0,2.0,19.0,A01
201800026225,0.0,30,0,6.0,0.0,8.0,21.0,A01
201800026226,1.0,7,0,0.0,2.0,1.0,20.0,A01
201800026226,2.0,33,0,0.0,2.0,8.0,1.0,B01
201800026227,1.0,1,0,0.0,5.0,1.0,1.0,A01
201800026228,2.0,7,0,0.0,2.0,3.0,15.0,A01
201800026228,2.0,33,0,0.0,2.0,1.0,1.0,B01
201800026229,2.0,33,0,0.0,2.0,3.0,2.0,A01
201800026229,2.0,7,0,0.0,2.0,4.0,1.0,B01
201800026230,1.0,7,0,0.0,1.0,3.0,1.0,A01
201800026231,1.0,30,0,0.0,1.0,1.0,1.0,A01
201800026232,1.0,10,0,0.0,1.0,1.0,20.0,A01
201800026233,1.0,7,0,0.0,2.0,1.0,1.0,A01