Num_Acc,senc,catv,occutc,obs,obsm,choc,manv,num_veh
201800026233,2.0,7,0,0.0,2.0,1.0,1.0,B01
201800026234,1.0,31,0,0.0,2.0,1.0,2.0,A01
201800026234,1.0,7,0,0.0,2.0,4.0,23.0,B01
201800026235,1.0,7,0,0.0,1.0,1.0,15.0,A01
201800026236,1.0,2,0,0.0,2.0,1.0,1.0,B01
201800026236,1.0,7,0,0.0,2.0,3.0,15.0,A01
201800026237,1.0,7,0,9.0,1.0,1.0,5.0,A01
201800026238,1.0,7,0,0.0,1.0,1.0,15.0,A01
201800026239,1.0,1,0,0.0,2.0,0.0,0.0,B01
201800026239,2.0,7,0,0.0,2.0,3.0,9.0,A01
201800026240,1.0,7,0,0.0,2.0,2.0,0.0,A01
201800026240,1.0,99,0,0.0,2.0,1.0,2.0,B01
201800026241,1.0,1,0,0.0,2.0,1.0,1.0,B01
201800026241,1.0,10,0,0.0,2.0,2.0,15.0,A01
201800026242,1.0,1,0,0.0,2.0,7.0,1.0,B01
201800026242,2.0,7,0,0.0,9.0,2.0,15.0,A01
201800026243,1.0,7,0,0.0,0.0,3.0,15.0,A01
201800026243,1.0,34,0,0.0,2.0,1.0,21.0,B01
201800026244,0.0,7,0,13.0,0.0,7.0,1.0,A01
201800026245,1.0,7,0,0.0,0.0,0.0,1.0,A01
201800026246,0.0,1,0,0.0,6.0,0.0,1.0,B01
201800026246,0.0,7,0,0.0,6.0,0.0,1.0,A01
201800026247,2.0,7,0,0.0,1.0,1.0,0.0,A01
201800026248,2.0,1,0,0.0,2.0,5.0,5.0,A01
201800026248,1.0,7,0,0.0,6.0,2.0,1.0,B01
201800026249,2.0,7,0,1.0,0.0,3.0,24.0,A01
201800026249,2.0,1,0,1.0,0.0,1.0,2.0,B01
201800026250,2.0,7,0,6.0,1.0,1.0,21.0,A01
201800026251,1.0,1,0,0.0,2.0,1.0,1.0,B01
201800026251,2.0,7,0,0.0,2.0,2.0,15.0,A01
201800026252,1.0,7,0,0.0,1.0,3.0,1.0,A01
201800026253,0.0,7,0,0.0,1.0,1.0,0.0,A01
201800026254,1.0,7,0,0.0,1.0,2.0,1.0,A01
201800026255,0.0,7,0,0.0,2.0,0.0,1.0,A01
201800026255,2.0,1,0,0.0,2.0,0.0,1.0,B01
201800026256,2.0,14,0,3.0,2.0,6.0,1.0,B01
201800026256,2.0,10,0,0.0,2.0,2.0,17.0,A01
201800026257,2.0,10,0,0.0,0.0,4.0,1.0,B01
201800026257,2.0,10,0,0.0,2.0,1.0,1.0,A01
201800026258,1.0,7,0,1.0,2.0,3.0,0.0,B01
201800026258,2.0,30,0,12.0,2.0,1.0,5.0,A01
201800026259,0.0,7,0,0.0,1.0,0.0,0.0,Z01
201800026260,1.0,7,0,2.0,0.0,1.0,14.0,A01
201800026261,0.0,7,0,0.0,2.0,0.0,0.0,A01
201800026261,0.0,31,0,0.0,2.0,0.0,1.0,B01
201800026262,1.0,7,0,0.0,1.0,1.0,1.0,A01
201800026263,1.0,7,0,0.0,2.0,1.0,2.0,B01
201800026263,1.0,7,0,3.0,9.0,4.0,23.0,A01
201800026264,1.0,7,0,0.0,1.0,2.0,1.0,A01
201800026265,0.0,7,0,0.0,1.0,1.0,1.0,A01
201800026266,0.0,7,0,0.0,1.0,1.0,1.0,A01
201800026267,0.0,7,0,0.0,2.0,1.0,1.0,A01
201800026267,0.0,99,0,0.0,2.0,0.0,0.0,R01
201800026268,0.0,7,0,0.0,2.0,1.0,13.0,A01
201800026268,0.0,7,0,0.0,2.0,1.0,1.0,B01
201800026269,0.0,7,0,0.0,9.0,3.0,11.0,A01
201800026269,0.0,33,0,15.0,2.0,1.0,1.0,B01
201800026270,0.0,7,0,0.0,1.0,1.0,1.0,A01
201800026271,0.0,7,0,0.0,2.0,1.0,1.0,B01
201800026271,0.0,7,0,0.0,2.0,1.0,13.0,A01
201800026272,0.0,7,0,0.0,1.0,2.0,1.0,A01
201800026273,0.0,7,0,0.0,2.0,1.0,1.0,B01
201800026273,0.0,7,0,6.0,2.0,7.0,1.0,A01
201800026274,0.0,7,0,0.0,1.0,1.0,1.0,A01
201800026275,0.0,7,0,0.0,2.0,1.0,6.0,A01
201800026275,0.0,7,0,0.0,2.0,1.0,1.0,B01
201800026276,0.0,7,0,1.0,0.0,1.0,1.0,A01
201800026276,0.0,7,0,0.0,2.0,8.0,24.0,B01
201800026277,1.0,7,0,0.0,2.0,4.0,13.0,B01
201800026277,1.0,7,0,0.0,2.0,1.0,17.0,A01
201800026277,1.0,7,0,3.0,2.0,1.0,1.0,C01
201800026278,0.0,7,0,0.0,2.0,1.0,13.0,A01
201800026278,0.0,7,0,0.0,2.0,1.0,1.0,C01
201800026278,0.0,7,0,0.0,2.0,2.0,1.0,B01
201800026279,0.0,40,25,0.0,1.0,1.0,1.0,A01
201800026280,0.0,10,0,0.0,2.0,0.0,23.0,A01
201800026280,0.0,7,0,1.0,0.0,0.0,1.0,Z01
201800026281,0.0,30,0,0.0,2.0,1.0,2.0,A01
201800026281,0.0,7,0,0.0,2.0,9.0,2.0,B01
201800026281,0.0,7,0,0.0,2.0,4.0,2.0,C01
201800026282,0.0,7,0,0.0,1.0,1.0,1.0,A01
201800026283,0.0,7,0,0.0,1.0,4.0,4.0,A01
201800026284,0.0,7,0,0.0,1.0,1.0,16.0,A01
201800026285,0.0,7,0,6.0,0.0,1.0,1.0,A01
201800026286,0.0,1,0,0.0,9.0,0.0,1.0,B01
201800026286,0.0,30,0,0.0,9.0,0.0,1.0,A01
201800026287,0.0,7,0,0.0,2.0,1.0,2.0,A01
201800026287,0.0,7,0,0.0,2.0,4.0,2.0,B01
201800026288,0.0,33,0,0.0,2.0,1.0,1.0,B01
201800026288,0.0,7,0,0.0,9.0,5.0,10.0,A01
201800026289,0.0,7,0,0.0,9.0,2.0,15.0,A01
201800026289,0.0,99,0,0.0,2.0,1.0,1.0,B01
201800026290,0.0,7,0,0.0,2.0,6.0,1.0,C01
201800026290,0.0,7,0,0.0,2.0,1.0,7.0,A01
201800026290,0.0,7,0,0.0,2.0,3.0,15.0,B01
201800026291,0.0,7,0,0.0,2.0,1.0,1.0,B01
201800026291,0.0,7,0,0.0,2.0,1.0,5.0,Z01
201800026292,0.0,7,0,0.0,1.0,1.0,1.0,A01
201800026293,0.0,7,0,0.0,2.0,0.0,1.0,Z01
201800026293,0.0,99,0,0.0,2.0,1.0,1.0,B01
201800026294,0.0,7,0,0.0,2.0,1.0,2.0,A01
201800026294,0.0,7,0,0.0,2.0,4.0,23.0,B01
201800026295,0.0,7,0,0.0,1.0,1.0,16.0,A01
201800026296,0.0,30,0,0.0,2.0,1.0,1.0,A01
201800026296,0.0,7,0,0.0,9.0,3.0,15.0,B01
201800026297,0.0,1,0,0.0,2.0,8.0,15.0,A01
201800026297,0.0,14,0,0.0,9.0,2.0,1.0,B01
201800026298,0.0,10,0,0.0,1.0,1.0,0.0,A01
201800026299,0.0,7,0,0.0,2.0,3.0,1.0,B01
201800026299,0.0,7,0,0.0,2.0,1.0,1.0,A01
201800026300,0.0,7,0,0.0,0.0,0.0,24.0,B01
201800026300,0.0,7,0,14.0,1.0,1.0,17.0,A01
201800026301,1.0,7,0,7.0,0.0,1.0,14.0,A01
201800026302,0.0,7,0,0.0,1.0,0.0,0.0,A01
201800026303,1.0,7,0,4.0,2.0,1.0,1.0,A01
201800026303,1.0,7,0,3.0,2.0,6.0,2.0,B01
201800026304,2.0,7,0,0.0,1.0,2.0,1.0,A01
201800026305,0.0,34,0,14.0,0.0,0.0,1.0,A01
201800026306,0.0,7,0,0.0,1.0,1.0,1.0,A01
201800026307,0.0,7,0,0.0,2.0,1.0,2.0,A01
201800026307,0.0,7,0,0.0,2.0,4.0,2.0,B01
201800026308,0.0,1,0,0.0,9.0,1.0,1.0,B01
201800026308,0.0,32,0,0.0,9.0,1.0,5.0,A01
201800026309,0.0,1,0,0.0,1.0,1.0,1.0,A01
201800026310,1.0,15,0,0.0,2.0,2.0,2.0,A01
201800026310,1.0,7,0,0.0,2.0,1.0,2.0,B01
201800026310,1.0,10,0,0.0,2.0,6.0,2.0,C01
201800026311,0.0,37,15,0.0,2.0,3.0,1.0,C01
201800026311,0.0,7,0,14.0,2.0,1.0,1.0,A01
201800026311,0.0,7,0,6.0,2.0,6.0,9.0,B01
201800026312,2.0,7,0,8.0,0.0,1.0,1.0,A01
201800026313,0.0,7,0,0.0,1.0,1.0,1.0,A01
201800026314,2.0,7,0,0.0,2.0,8.0,1.0,B01
201800026314,2.0,14,0,0.0,2.0,2.0,12.0,A01
201800026315,0.0,7,0,0.0,1.0,1.0,1.0,A01
201800026316,1.0,34,0,0.0,1.0,1.0,1.0,A01
201800026317,0.0,7,0,0.0,1.0,1.0,1.0,A01
201800026318,1.0,7,0,0.0,2.0,3.0,1.0,B01
201800026318,2.0,7,0,0.0,2.0,1.0,15.0,A01
201800026319,1.0,7,0,0.0,2.0,1.0,1.0,A01
201800026319,1.0,7,0,0.0,2.0,1.0,1.0,B01
201800026320,0.0,7,0,0.0,2.0,3.0,19.0,A01
201800026320,0.0,1,0,0.0,2.0,1.0,1.0,B01
201800026321,0.0,7,0,0.0,2.0,8.0,24.0,B01
201800026321,0.0,7,0,1.0,2.0,1.0,2.0,A01
201800026321,0.0,10,0,0.0,2.0,4.0,2.0,C01
201800026322,1.0,7,0,0.0,1.0,7.0,1.0,A01
201800026323,0.0,7,0,0.0,2.0,3.0,1.0,B01
201800026323,0.0,32,0,0.0,2.0,1.0,1.0,A01
201800026324,1.0,7,0,0.0,1.0,3.0,16.0,A01
201800026325,0.0,7,0,0.0,2.0,1.0,1.0,B01
201800026325,0.0,30,0,0.0,2.0,1.0,13.0,A01
201800026326,2.0,33,0,13.0,0.0,1.0,1.0,A01
201800026327,0.0,7,0,0.0,2.0,1.0,2.0,D01
201800026327,0.0,7,0,0.0,2.0,1.0,2.0,C01
201800026327,0.0,7,0,0.0,2.0,4.0,1.0,A01
201800026327,0.0,7,0,0.0,2.0,1.0,2.0,B01
201800026328,0.0,7,0,0.0,2.0,4.0,0.0,B01
201800026328,1.0,7,0,0.0,2.0,1.0,1.0,A01
201800026329,0.0,7,0,0.0,1.0,1.0,1.0,A01
201800026330,0.0,7,0,0.0,2.0,1.0,2.0,A01
201800026330,0.0,1,0,0.0,2.0,4.0,2.0,B01
201800026331,0.0,7,0,0.0,2.0,0.0,1.0,A01
201800026331,0.0,14,0,0.0,0.0,0.0,1.0,B01
201800026332,1.0,1,0,0.0,2.0,8.0,1.0,B01
201800026332,1.0,7,0,0.0,2.0,1.0,16.0,A01
201800026333,0.0,10,0,0.0,1.0,1.0,1.0,A01
201800026334,0.0,30,0,16.0,0.0,0.0,0.0,A01
201800026335,2.0,7,0,0.0,2.0,7.0,17.0,D01
201800026335,2.0,7,0,0.0,2.0,1.0,2.0,C01
201800026335,2.0,17,0,0.0,2.0,4.0,23.0,A01
201800026335,2.0,7,0,1.0,0.0,4.0,1.0,B01
201800026336,0.0,1,0,0.0,2.0,4.0,19.0,A01
201800026336,0.0,7,0,0.0,0.0,1.0,1.0,B01
201800026337,2.0,7,0,0.0,1.0,2.0,1.0,A01
201800026338,0.0,34,0,0.0,2.0,1.0,1.0,B01
201800026338,0.0,7,0,0.0,2.0,8.0,10.0,A01
201800026339,0.0,7,0,0.0,2.0,0.0,1.0,A01
201800026339,0.0,7,0,0.0,2.0,0.0,1.0,B01
201800026340,0.0,7,0,0.0,2.0,0.0,1.0,B01
201800026340,0.0,7,0,0.0,2.0,5.0,0.0,Z01
201800026341,1.0,99,0,0.0,2.0,6.0,0.0,A01
201800026341,1.0,1,0,0.0,2.0,7.0,0.0,B01
201800026342,1.0,31,0,0.0,0.0,0.0,1.0,A01
201800026343,1.0,1,0,0.0,2.0,8.0,1.0,B01
201800026343,1.0,99,0,0.0,2.0,0.0,1.0,A01
201800026344,0.0,7,0,0.0,1.0,4.0,4.0,Z01
201800026345,0.0,1,0,0.0,0.0,0.0,0.0,B01
201800026345,0.0,30,0,0.0,2.0,0.0,0.0,Z01
201800026346,1.0,7,0,0.0,1.0,1.0,1.0,A01
201800026347,0.0,7,0,0.0,0.0,4.0,0.0,B01
201800026347,0.0,1,0,0.0,2.0,1.0,1.0,A01
201800026348,0.0,7,0,0.0,1.0,1.0,17.0,A01
201800026349,0.0,7,0,0.0,1.0,0.0,1.0,A01
201800026350,0.0,7,0,2.0,0.0,1.0,1.0,A01
201800026351,0.0,7,0,0.0,2.0,4.0,2.0,B01
201800026351,0.0,7,0,0.0,2.0,1.0,2.0,A01
201800026352,1.0,1,0,0.0,2.0,1.0,1.0,B01
201800026352,0.0,7,0,0.0,9.0,2.0,23.0,A01
201800026353,0.0,30,0,0.0,2.0,7.0,21.0,B01
201800026353,1.0,7,0,0.0,6.0,1.0,9.0,A01
201800026354,0.0,7,0,0.0,2.0,1.0,1.0,A01
201800026354,0.0,33,0,0.0,2.0,2.0,1.0,B01
201800026355,0.0,7,0,0.0,2.0,4.0,1.0,B01
201800026355,0.0,2,0,0.0,2.0,8.0,1.0,A01
201800026356,0.0,30,0,8.0,0.0,1.0,0.0,A01
201800026357,0.0,7,0,0.0,2.0,0.0,1.0,Z01
201800026357,0.0,7,0,0.0,0.0,1.0,1.0,B01
201800026358,0.0,7,0,0.0,1.0,3.0,1.0,A01
201800026359,0.0,7,0,0.0,2.0,0.0,2.0,B01
201800026359,0.0,33,0,0.0,2.0,1.0,1.0,A01
201800026360,0.0,35,0,0.0,2.0,1.0,1.0,A01
201800026360,0.0,7,0,0.0,2.0,5.0,1.0,B01
201800026361,2.0,7,0,0.0,2.0,6.0,1.0,B01
201800026361,1.0,7,0,0.0,2.0,3.0,13.0,A01
201800026362,0.0,7,0,0.0,1.0,8.0,0.0,A01
201800026363,1.0,31,0,0.0,2.0,2.0,9.0,A01
201800026363,1.0,7,0,0.0,2.0,7.0,17.0,C01
201800026363,1.0,7,0,0.0,2.0,5.0,17.0,B01
201800026364,0.0,7,0,0.0,2.0,8.0,20.0,A01
201800026364,0.0,30,0,0.0,2.0,1.0,1.0,B01
201800026365,1.0,37,1,0.0,2.0,5.0,1.0,A01
201800026365,1.0,1,0,0.0,2.0,3.0,1.0,B01
201800026366,0.0,7,0,0.0,0.0,0.0,0.0,Z01
201800026366,1.0,7,0,0.0,2.0,1.0,1.0,B01
201800026367,0.0,31,0,0.0,2.0,2.0,1.0,B01
201800026367,0.0,7,0,0.0,2.0,2.0,1.0,A01
201800026368,0.0,30,0,0.0,1.0,1.0,1.0,A01
201800026369,1.0,7,0,0.0,1.0,6.0,4.0,A01
201800026370,0.0,1,0,0.0,2.0,1.0,1.0,B01
201800026370,0.0,10,0,0.0,2.0,7.0,20.0,A01
201800026371,1.0,7,0,0.0,2.0,4.0,2.0,B01
201800026371,1.0,7,0,0.0,2.0,4.0,1.0,D01
201800026371,1.0,7,0,0.0,2.0,4.0,1.0,C01
201800026371,1.0,7,0,0.0,2.0,1.0,2.0,A01
201800026372,0.0,33,0,0.0,2.0,1.0,1.0,B01
201800026372,0.0,7,0,0.0,2.0,6.0,10.0,A01
201800026373,0.0,7,0,0.0,2.0,1.0,15.0,A01
201800026373,0.0,1,0,0.0,2.0,1.0,1.0,B01
201800026374,0.0,7,0,0.0,2.0,1.0,9.0,Z01
201800026374,0.0,30,0,0.0,0.0,5.0,0.0,B01
201800026375,0.0,7,0,0.0,2.0,3.0,1.0,B01
201800026376,1.0,7,0,0.0,2.0,4.0,2.0,B01
201800026376,1.0,7,0,0.0,2.0,4.0,0.0,C01
201800026376,1.0,7,0,0.0,2.0,2.0,2.0,A01
201800026377,1.0,7,0,0.0,2.0,1.0,16.0,B01
201800026377,1.0,34,0,0.0,2.0,8.0,1.0,A01
201800026378,0.0,7,0,0.0,2.0,0.0,9.0,Z01
201800026378,0.0,30,0,0.0,0.0,1.0,1.0,B01
201800026379,0.0,7,0,0.0,2.0,1.0,0.0,Z01
201800026379,0.0,30,0,0.0,2.0,0.0,1.0,B01
201800026380,0.0,10,0,0.0,1.0,1.0,1.0,A01
201800026381,0.0,7,0,0.0,1.0,1.0,1.0,A01
201800026382,0.0,7,0,0.0,0.0,0.0,1.0,Z01
201800026382,0.0,7,0,0.0,2.0,0.0,1.0,B01
201800026383,0.0,40,1,0.0,1.0,0.0,1.0,A01
201800026384,1.0,1,0,0.0,2.0,1.0,1.0,B01
201800026384,1.0,7,0,0.0,2.0,2.0,15.0,A01
201800026385,0.0,7,0,0.0,0.0,0.0,0.0,B01
201800026385,0.0,7,0,0.0,0.0,0.0,0.0,Z01
201800026386,0.0,1,0,0.0,2.0,4.0,0.0,B01
201800026386,0.0,7,0,0.0,2.0,4.0,2.0,A01
201800026387,1.0,31,0,0.0,2.0,7.0,1.0,B01
201800026387,1.0,7,0,0.0,0.0,0.0,1.0,Z01
201800026388,0.0,33,0,0.0,2.0,2.0,1.0,A01
201800026388,0.0,1,0,0.0,2.0,6.0,1.0,B01
201800026389,0.0,1,0,0.0,2.0,0.0,1.0,B01
201800026389,0.0,10,0,0.0,2.0,4.0,4.0,A01
201800026390,1.0,33,0,8.0,0.0,8.0,1.0,A01
201800026391,1.0,7,0,0.0,2.0,4.0,0.0,B01
201800026391,1.0,7,0,0.0,2.0,5.0,1.0,C01
201800026391,1.0,10,0,0.0,2.0,2.0,1.0,A01
201800026392,1.0,7,0,0.0,2.0,4.0,1.0,B01
201800026392,1.0,7,0,0.0,0.0,0.0,1.0,Z01
201800026393,1.0,7,0,0.0,2.0,2.0,0.0,X01
201800026393,1.0,7,0,0.0,2.0,6.0,1.0,B01
201800026394,1.0,31,0,0.0,2.0,1.0,1.0,A01
201800026394,1.0,7,0,0.0,2.0,4.0,1.0,B01
201800026395,0.0,1,0,0.0,2.0,1.0,1.0,B01
201800026395,0.0,7,0,0.0,2.0,3.0,1.0,A01
201800026396,1.0,7,0,1.0,0.0,4.0,23.0,C01
201800026396,1.0,7,0,1.0,0.0,4.0,23.0,D01
201800026396,1.0,7,0,1.0,0.0,4.0,23.0,B01
201800026396,1.0,10,0,0.0,2.0,1.0,1.0,A01
201800026396,1.0,17,0,0.0,0.0,4.0,23.0,E01
201800026397,1.0,7,0,0.0,2.0,8.0,0.0,B01
201800026397,1.0,14,0,0.0,2.0,0.0,0.0,A01
201800026398,1.0,7,0,0.0,2.0,6.0,23.0,B01
201800026398,1.0,2,0,0.0,2.0,1.0,1.0,A01
201800026399,1.0,7,0,0.0,2.0,1.0,1.0,D01
201800026399,1.0,7,0,0.0,2.0,4.0,1.0,A01
201800026399,1.0,7,0,0.0,2.0,9.0,1.0,C01
201800026399,1.0,7,0,0.0,2.0,9.0,1.0,B01
201800026400,0.0,7,0,13.0,2.0,6.0,2.0,B01
201800026400,0.0,7,0,0.0,2.0,4.0,2.0,C01
201800026400,0.0,7,0,13.0,2.0,1.0,2.0,A01
201800026400,0.0,7,0,0.0,2.0,4.0,2.0,D01
201800026401,0.0,10,0,0.0,2.0,2.0,1.0,A01
201800026401,0.0,1,0,0.0,2.0,1.0,2.0,B01
201800026402,0.0,7,0,0.0,2.0,1.0,15.0,A01
201800026402,0.0,7,0,0.0,2.0,2.0,1.0,B01
201800026403,2.0,33,0,0.0,2.0,0.0,1.0,A01
201800026403,2.0,7,0,0.0,0.0,0.0,0.0,B01
201800026404,1.0,7,0,0.0,0.0,4.0,2.0,B01
201800026404,1.0,7,0,0.0,2.0,1.0,2.0,A01
201800026405,1.0,33,0,0.0,2.0,1.0,2.0,A01
201800026405,1.0,7,0,0.0,2.0,4.0,1.0,B01
201800026406,0.0,7,0,12.0,0.0,6.0,0.0,B01
201800026406,0.0,7,0,0.0,2.0,2.0,17.0,A01
201800026406,0.0,7,0,0.0,0.0,1.0,23.0,C01
201800026407,0.0,1,0,0.0,1.0,1.0,1.0,A01
201800026408,1.0,7,0,0.0,2.0,5.0,2.0,B01
201800026408,1.0,7,0,0.0,2.0,1.0,2.0,A01
201800026408,1.0,7,0,0.0,0.0,5.0,2.0,C01
201800026409,0.0,7,0,0.0,2.0,7.0,1.0,Z01
201800026409,0.0,1,0,0.0,2.0,1.0,1.0,A01
201800026410,0.0,30,0,14.0,0.0,1.0,1.0,A01
201800026411,0.0,40,25,0.0,1.0,3.0,24.0,A01
201800026412,0.0,1,0,0.0,0.0,0.0,1.0,B01
201800026412,0.0,31,0,0.0,2.0,0.0,1.0,A01
201800026413,1.0,7,0,0.0,2.0,4.0,1.0,C01
201800026413,1.0,7,0,0.0,2.0,4.0,1.0,B01
201800026413,1.0,7,0,0.0,2.0,1.0,1.0,A01
201800026414,0.0,33,0,0.0,6.0,0.0,1.0,B01
201800026414,0.0,1,0,0.0,2.0,0.0,15.0,A01
201800026415,0.0,33,0,0.0,0.0,1.0,1.0,B01
201800026415,0.0,7,0,0.0,2.0,8.0,9.0,A01
201800026416,0.0,7,0,0.0,2.0,1.0,13.0,A01
201800026416,0.0,7,0,0.0,0.0,1.0,1.0,B01
201800026417,0.0,7,0,0.0,0.0,8.0,1.0,B01
201800026417,0.0,7,0,0.0,2.0,1.0,1.0,A01
201800026418,0.0,1,0,1.0,1.0,1.0,21.0,A01
201800026419,1.0,7,0,0.0,2.0,1.0,1.0,B01
201800026419,1.0,7,0,0.0,2.0,1.0,1.0,A01
201800026420,0.0,1,0,0.0,0.0,0.0,0.0,B01
201800026420,0.0,7,0,0.0,2.0,0.0,11.0,A01
201800026421,0.0,7,0,0.0,1.0,1.0,1.0,A01
201800026422,0.0,7,0,0.0,2.0,0.0,0.0,Z01
201800026422,0.0,2,0,0.0,0.0,1.0,1.0,B01
201800026423,2.0,7,0,0.0,2.0,1.0,1.0,B01
201800026423,2.0,7,0,0.0,2.0,1.0,5.0,A01
201800026424,1.0,1,0,0.0,2.0,8.0,1.0,B01
201800026424,1.0,1,0,0.0,2.0,7.0,16.0,A01
201800026425,1.0,7,0,0.0,1.0,1.0,1.0,A01
201800026426,1.0,7,0,0.0,1.0,1.0,1.0,A01
201800026427,0.0,33,0,0.0,0.0,0.0,1.0,B01
201800026427,0.0,7,0,0.0,2.0,0.0,20.0,A01
201800026428,2.0,33,0,0.0,2.0,2.0,1.0,A01
201800026428,2.0,7,0,0.0,2.0,5.0,2.0,C01
201800026428,2.0,7,0,0.0,2.0,0.0,2.0,B01
201800026429,2.0,32,0,0.0,1.0,1.0,0.0,Z01
201800026430,0.0,34,0,0.0,0.0,1.0,1.0,B01
201800026430,0.0,7,0,0.0,2.0,1.0,13.0,A01
201800026431,0.0,7,0,0.0,1.0,0.0,1.0,A01
201800026432,1.0,7,0,0.0,2.0,4.0,1.0,B01
201800026432,1.0,7,0,0.0,2.0,1.0,1.0,A01
201800026433,0.0,7,0,0.0,1.0,0.0,0.0,Z01
201800026434,1.0,7,0,0.0,0.0,0.0,1.0,A01
201800026435,1.0,99,0,0.0,1.0,0.0,19.0,Z01
201800026436,0.0,7,0,0.0,2.0,0.0,1.0,A01
201800026436,0.0,34,0,0.0,0.0,0.0,1.0,C01
201800026436,0.0,34,0,0.0,0.0,0.0,1.0,B01
201800026437,1.0,7,0,0.0,1.0,1.0,1.0,A01
201800026438,1.0,7,0,0.0,2.0,5.0,1.0,B01
201800026438,1.0,7,0,0.0,2.0,4.0,1.0,D01
201800026438,1.0,7,0,0.0,2.0,1.0,1.0,C01
201800026438,1.0,7,0,0.0,2.0,1.0,1.0,A01
201800026438,1.0,7,0,0.0,2.0,1.0,1.0,E01
201800026439,1.0,1,0,0.0,2.0,1.0,15.0,A01
201800026439,1.0,37,1,0.0,2.0,6.0,1.0,B01
201800026440,1.0,10,0,0.0,2.0,8.0,15.0,A01
201800026440,1.0,37,1,0.0,2.0,2.0,1.0,B01
201800026441,1.0,1,0,0.0,2.0,7.0,1.0,B01
201800026441,1.0,7,0,0.0,2.0,7.0,16.0,A01
201800026442,1.0,7,0,0.0,2.0,0.0,1.0,Z01
201800026442,1.0,7,0,0.0,1.0,8.0,1.0,B01
201800026443,0.0,99,0,0.0,1.0,0.0,0.0,Z01
201800026444,1.0,7,0,0.0,2.0,1.0,1.0,A01
201800026444,0.0,7,0,0.0,2.0,3.0,1.0,B01
201800026445,1.0,7,0,0.0,2.0,2.0,1.0,A01
201800026445,1.0,7,0,0.0,2.0,6.0,1.0,B01
201800026446,1.0,7,0,0.0,0.0,4.0,1.0,B01
201800026446,1.0,33,0,0.0,2.0,1.0,1.0,A01
201800026447,1.0,10,0,0.0,2.0,1.0,1.0,A01
201800026447,1.0,7,0,0.0,2.0,4.0,1.0,C01
201800026447,1.0,7,0,0.0,2.0,4.0,1.0,B01
201800026448,1.0,34,0,0.0,2.0,1.0,1.0,B01
201800026448,2.0,7,0,0.0,2.0,1.0,15.0,A01
201800026449,1.0,7,0,0.0,2.0,7.0,16.0,B01
201800026449,1.0,33,0,0.0,2.0,8.0,18.0,A01
201800026450,0.0,7,0,0.0,2.0,3.0,23.0,B01
201800026450,0.0,30,0,0.0,2.0,1.0,1.0,A01
201800026451,1.0,7,0,0.0,2.0,4.0,1.0,C01
201800026451,1.0,7,0,0.0,2.0,1.0,1.0,A01
201800026451,1.0,7,0,0.0,2.0,4.0,1.0,B01
201800026452,0.0,32,0,0.0,1.0,1.0,1.0,A01
201800026453,1.0,1,0,0.0,2.0,7.0,1.0,B01
201800026453,1.0,10,0,0.0,2.0,3.0,9.0,A01
201800026454,0.0,7,0,0.0,0.0,4.0,2.0,B01
201800026454,0.0,7,0,0.0,2.0,1.0,2.0,A01
201800026455,1.0,7,0,0.0,2.0,3.0,9.0,A01
201800026455,1.0,1,0,0.0,0.0,7.0,1.0,B01
201800026456,0.0,7,0,0.0,2.0,1.0,2.0,A01
201800026456,0.0,7,0,0.0,2.0,1.0,2.0,B01
201800026456,0.0,7,0,0.0,0.0,4.0,2.0,C01
201800026457,0.0,1,0,0.0,0.0,1.0,1.0,B01
201800026457,0.0,7,0,0.0,2.0,0.0,1.0,A01
201800026458,0.0,31,0,0.0,0.0,3.0,1.0,A01
201800026459,0.0,7,0,0.0,2.0,1.0,1.0,A01
201800026459,0.0,1,0,0.0,0.0,3.0,1.0,B01
201800026460,1.0,99,0,0.0,2.0,0.0,16.0,Z01
201800026460,1.0,1,0,0.0,2.0,7.0,1.0,B01
201800026461,1.0,7,0,0.0,2.0,0.0,1.0,Z01
201800026461,1.0,7,0,0.0,2.0,5.0,1.0,B01
201800026462,1.0,7,0,0.0,1.0,0.0,2.0,B01
201800026463,1.0,7,0,10.0,0.0,8.0,17.0,A01
201800026464,0.0,1,0,0.0,1.0,0.0,0.0,Z01
201800026465,0.0,1,0,0.0,2.0,0.0,1.0,Z01
201800026465,0.0,1,0,0.0,0.0,0.0,1.0,B01
201800026466,0.0,30,0,0.0,2.0,1.0,1.0,A01
201800026466,0.0,7,0,0.0,0.0,0.0,1.0,B01
201800026467,0.0,7,0,0.0,2.0,8.0,10.0,A01
201800026467,0.0,33,0,0.0,0.0,1.0,0.0,B01
201800026468,0.0,2,0,0.0,2.0,1.0,15.0,A01
201800026468,0.0,7,0,0.0,2.0,3.0,1.0,B01
201800026469,0.0,7,0,0.0,2.0,1.0,1.0,A01
201800026469,0.0,1,0,0.0,0.0,7.0,1.0,B01
201800026470,0.0,7,0,0.0,1.0,1.0,1.0,A01
201800026471,0.0,7,0,0.0,1.0,0.0,1.0,A01
201800026472,0.0,7,0,0.0,1.0,0.0,1.0,Z01
201800026473,0.0,7,0,0.0,1.0,0.0,1.0,Z01
201800026474,0.0,7,0,0.0,1.0,0.0,1.0,Z01
201800026475,0.0,7,0,0.0,1.0,1.0,1.0,A01
201800026476,2.0,7,0,0.0,2.0,1.0,13.0,A01
201800026476,1.0,7,0,0.0,2.0,3.0,1.0,B01
201800026477,0.0,7,0,0.0,0.0,1.0,0.0,B01
201800026477,0.0,32,0,0.0,2.0,1.0,9.0,A01
201800026478,0.0,10,0,0.0,2.0,1.0,1.0,A01