Num_Acc,senc,catv,occutc,obs,obsm,choc,manv,num_veh
201800026478,0.0,1,0,0.0,2.0,4.0,1.0,B01
201800026479,0.0,7,0,6.0,0.0,1.0,1.0,A01
201800026480,1.0,1,0,0.0,2.0,0.0,0.0,B01
201800026480,1.0,7,0,0.0,2.0,8.0,22.0,A01
201800026481,0.0,7,0,0.0,0.0,1.0,1.0,B01
201800026481,0.0,7,0,0.0,2.0,3.0,16.0,A01
201800026482,2.0,7,0,0.0,2.0,1.0,9.0,A01
201800026482,2.0,7,0,1.0,0.0,4.0,23.0,B01
201800026483,0.0,7,0,0.0,1.0,0.0,1.0,Z01
201800026484,1.0,17,0,0.0,1.0,0.0,20.0,A01
201800026485,0.0,1,0,0.0,0.0,0.0,0.0,B01
201800026485,0.0,10,0,0.0,2.0,0.0,17.0,Z01
201800026486,0.0,7,0,0.0,1.0,1.0,1.0,A01
201800026487,2.0,7,0,0.0,1.0,0.0,16.0,A01
201800026488,0.0,7,0,0.0,1.0,0.0,0.0,A01
201800026489,0.0,7,0,0.0,1.0,2.0,1.0,A01
201800026490,0.0,30,0,0.0,2.0,1.0,5.0,Z01
201800026490,0.0,1,0,0.0,2.0,1.0,1.0,B01
201800026491,0.0,7,0,0.0,1.0,0.0,1.0,A01
201800026492,1.0,7,0,0.0,2.0,7.0,24.0,B01
201800026492,1.0,7,0,1.0,0.0,1.0,1.0,A01
201800026493,1.0,10,0,0.0,2.0,0.0,1.0,A01
201800026493,1.0,31,0,0.0,2.0,9.0,1.0,B01
201800026494,0.0,10,0,0.0,1.0,2.0,1.0,A01
201800026495,1.0,7,0,0.0,2.0,1.0,1.0,B01
201800026495,1.0,7,0,0.0,2.0,7.0,1.0,A01
201800026496,1.0,7,0,0.0,1.0,1.0,1.0,A01
201800026497,1.0,7,0,0.0,2.0,4.0,2.0,B01
201800026497,1.0,7,0,0.0,2.0,1.0,1.0,A01
201800026498,1.0,7,0,0.0,2.0,2.0,1.0,B01
201800026498,1.0,7,0,0.0,2.0,9.0,11.0,A01
201800026499,1.0,7,0,0.0,2.0,8.0,1.0,C01
201800026499,1.0,7,0,0.0,2.0,2.0,1.0,A01
201800026499,1.0,7,0,0.0,2.0,8.0,1.0,B01
201800026500,0.0,30,0,0.0,2.0,8.0,10.0,A01
201800026500,0.0,7,0,0.0,2.0,0.0,9.0,B01
201800026501,0.0,99,0,0.0,0.0,0.0,1.0,A01
201800026502,0.0,7,0,0.0,1.0,0.0,1.0,A01
201800026503,1.0,7,0,0.0,2.0,0.0,1.0,Z01
201800026503,0.0,1,0,0.0,0.0,0.0,1.0,B01
201800026504,2.0,7,0,0.0,2.0,6.0,2.0,D01
201800026504,2.0,15,0,0.0,0.0,0.0,2.0,C01
201800026504,2.0,7,0,0.0,2.0,7.0,2.0,B01
201800026504,2.0,7,0,0.0,2.0,4.0,17.0,A01
201800026505,1.0,7,0,0.0,2.0,1.0,1.0,C01
201800026505,1.0,7,0,0.0,2.0,1.0,1.0,B01
201800026505,1.0,7,0,0.0,2.0,4.0,1.0,A01
201800026506,1.0,7,0,0.0,1.0,1.0,1.0,A01
201800026507,1.0,37,1,0.0,1.0,0.0,23.0,A01
201800026508,1.0,99,0,0.0,1.0,0.0,0.0,A01
201800026509,0.0,7,0,0.0,1.0,2.0,1.0,A01
201800026510,2.0,7,0,0.0,1.0,1.0,1.0,A01
201800026511,0.0,7,0,0.0,1.0,2.0,1.0,A01
201800026512,1.0,7,0,0.0,2.0,8.0,1.0,B01
201800026512,1.0,34,0,0.0,2.0,1.0,1.0,A01
201800026513,1.0,2,0,0.0,2.0,1.0,1.0,A01
201800026513,2.0,7,0,0.0,2.0,3.0,4.0,B01
201800026514,,7,0,0.0,1.0,1.0,1.0,A01
201800026515,2.0,7,0,0.0,2.0,3.0,8.0,A01
201800026515,1.0,37,10,0.0,2.0,2.0,1.0,B01
201800026516,0.0,7,0,6.0,2.0,1.0,1.0,A01
201800026516,0.0,7,0,8.0,2.0,1.0,16.0,B01
201800026517,0.0,1,0,0.0,2.0,1.0,16.0,B01
201800026517,0.0,7,0,0.0,2.0,1.0,15.0,A01
201800026518,1.0,7,0,0.0,2.0,1.0,2.0,A01
201800026518,1.0,7,0,0.0,2.0,4.0,2.0,B01
201800026518,1.0,7,0,0.0,2.0,4.0,2.0,C01
201800026519,0.0,7,0,0.0,2.0,3.0,1.0,B01
201800026519,0.0,10,0,0.0,2.0,2.0,1.0,A01
201800026520,1.0,7,0,0.0,1.0,1.0,0.0,A01
201800026521,1.0,7,0,0.0,1.0,1.0,1.0,A01
201800026522,2.0,7,0,0.0,2.0,1.0,2.0,A01
201800026522,2.0,7,0,0.0,2.0,4.0,1.0,B01
201800026523,1.0,7,0,13.0,0.0,9.0,14.0,A01
201800026524,1.0,30,0,0.0,2.0,5.0,1.0,B01
201800026524,0.0,7,0,0.0,2.0,1.0,9.0,A01
201800026525,2.0,7,0,0.0,2.0,1.0,1.0,A01
201800026525,2.0,7,0,0.0,2.0,6.0,1.0,B01
201800026526,1.0,7,0,0.0,1.0,4.0,4.0,A01
201800026527,1.0,7,0,0.0,1.0,4.0,4.0,A01
201800026528,1.0,7,0,0.0,2.0,2.0,1.0,A01
201800026528,2.0,7,0,0.0,2.0,2.0,1.0,B01
201800026529,0.0,7,0,0.0,1.0,0.0,4.0,A01
201800026530,0.0,99,0,0.0,2.0,0.0,0.0,R01
201800026530,1.0,7,0,0.0,2.0,2.0,1.0,A01
201800026531,2.0,7,0,0.0,2.0,4.0,1.0,B01
201800026531,2.0,10,0,0.0,2.0,1.0,1.0,A01
201800026532,1.0,7,0,0.0,2.0,4.0,1.0,C01
201800026532,1.0,7,0,0.0,2.0,4.0,1.0,B01
201800026532,1.0,10,0,0.0,2.0,1.0,1.0,A01
201800026533,2.0,7,0,0.0,2.0,4.0,1.0,B01
201800026533,2.0,7,0,0.0,2.0,1.0,1.0,A01
201800026534,2.0,7,0,0.0,2.0,3.0,19.0,A01
201800026534,1.0,31,0,0.0,2.0,9.0,1.0,B01
201800026535,0.0,7,0,0.0,2.0,2.0,15.0,A01
201800026535,0.0,33,0,0.0,2.0,1.0,1.0,B01
201800026536,1.0,10,0,0.0,2.0,1.0,1.0,B01
201800026536,1.0,7,0,0.0,2.0,4.0,1.0,C01
201800026536,1.0,7,0,0.0,2.0,4.0,1.0,A01
201800026537,0.0,7,0,0.0,2.0,5.0,9.0,B01
201800026537,0.0,7,0,0.0,2.0,1.0,0.0,C01
201800026537,1.0,99,0,0.0,2.0,1.0,1.0,A01
201800026538,0.0,1,0,0.0,2.0,8.0,1.0,B01
201800026538,2.0,7,0,0.0,2.0,1.0,16.0,A01
201800026539,2.0,7,0,0.0,1.0,1.0,16.0,Z01
201800026540,1.0,7,0,0.0,2.0,2.0,1.0,A01
201800026540,1.0,31,0,0.0,2.0,1.0,1.0,B01
201800026541,0.0,32,0,0.0,2.0,1.0,1.0,B01
201800026541,0.0,37,1,0.0,2.0,3.0,15.0,A01
201800026542,0.0,2,0,0.0,2.0,1.0,1.0,B01
201800026542,0.0,7,0,0.0,2.0,5.0,4.0,A01
201800026543,1.0,7,0,0.0,2.0,8.0,1.0,B01
201800026543,1.0,33,0,0.0,2.0,2.0,9.0,A01
201800026544,0.0,7,0,0.0,2.0,1.0,1.0,A01
201800026544,0.0,1,0,0.0,2.0,1.0,15.0,B01
201800026545,2.0,7,0,0.0,2.0,2.0,1.0,B01
201800026545,1.0,30,0,1.0,2.0,1.0,9.0,A01
201800026546,0.0,7,0,0.0,2.0,4.0,1.0,B01
201800026546,0.0,17,0,0.0,2.0,1.0,2.0,A01
201800026546,0.0,7,0,0.0,2.0,4.0,20.0,C01
201800026547,0.0,7,0,0.0,2.0,6.0,1.0,A01
201800026547,0.0,37,4,0.0,2.0,2.0,1.0,B01
201800026548,2.0,7,0,0.0,2.0,6.0,10.0,A01
201800026548,2.0,33,0,0.0,2.0,1.0,1.0,B01
201800026549,1.0,7,0,0.0,2.0,7.0,16.0,B01
201800026549,1.0,2,0,0.0,2.0,1.0,18.0,A01
201800026550,2.0,33,0,0.0,2.0,7.0,1.0,B01
201800026550,2.0,7,0,0.0,2.0,6.0,16.0,A01
201800026551,1.0,7,0,0.0,2.0,7.0,1.0,B01
201800026551,1.0,7,0,0.0,2.0,1.0,1.0,A01
201800026552,1.0,7,0,0.0,2.0,3.0,15.0,A01
201800026552,0.0,33,0,0.0,2.0,1.0,3.0,B01
201800026553,1.0,7,0,0.0,1.0,1.0,1.0,A01
201800026554,0.0,7,0,0.0,2.0,1.0,1.0,A01
201800026554,0.0,7,0,0.0,2.0,0.0,1.0,B01
201800026555,1.0,33,0,0.0,2.0,1.0,1.0,A01
201800026555,1.0,10,0,0.0,2.0,2.0,1.0,B01
201800026556,1.0,1,0,1.0,0.0,7.0,1.0,B01
201800026556,2.0,7,0,0.0,2.0,3.0,22.0,A01
201800026557,0.0,31,0,1.0,2.0,3.0,1.0,B01
201800026557,0.0,7,0,0.0,2.0,2.0,10.0,A01
201800026558,0.0,7,0,0.0,1.0,1.0,1.0,A01
201800026559,2.0,33,0,0.0,0.0,0.0,1.0,A01
201800026560,1.0,7,0,0.0,2.0,6.0,19.0,A01
201800026560,0.0,7,0,0.0,2.0,3.0,16.0,C01
201800026560,1.0,37,1,0.0,2.0,1.0,1.0,B01
201800026561,2.0,7,0,9.0,1.0,7.0,5.0,A01
201800026562,1.0,7,0,0.0,2.0,6.0,1.0,B01
201800026562,2.0,7,0,0.0,2.0,1.0,1.0,A01
201800026563,1.0,7,0,0.0,1.0,1.0,16.0,A01
201800026564,1.0,7,0,0.0,2.0,3.0,1.0,A01
201800026564,1.0,2,0,0.0,2.0,2.0,16.0,Z01
201800026565,2.0,7,0,0.0,2.0,8.0,1.0,B01
201800026565,2.0,99,0,0.0,2.0,3.0,13.0,A01
201800026565,1.0,99,0,0.0,2.0,3.0,1.0,C01
201800026566,0.0,1,0,0.0,2.0,0.0,1.0,B01
201800026566,0.0,7,0,0.0,2.0,1.0,1.0,A01
201800026567,2.0,10,0,0.0,2.0,1.0,14.0,A01
201800026567,2.0,7,0,0.0,2.0,6.0,1.0,B01
201800026568,0.0,7,0,0.0,2.0,1.0,1.0,A01
201800026568,0.0,1,0,0.0,2.0,8.0,3.0,B01
201800026569,2.0,10,0,0.0,2.0,4.0,2.0,B01
201800026569,2.0,10,0,0.0,2.0,1.0,9.0,A01
201800026570,0.0,7,0,0.0,2.0,7.0,24.0,B01
201800026570,1.0,10,0,1.0,1.0,2.0,1.0,A01
201800026571,1.0,10,0,0.0,2.0,3.0,15.0,A01
201800026571,1.0,31,0,15.0,2.0,1.0,17.0,B01
201800026572,0.0,2,0,0.0,2.0,1.0,17.0,A01
201800026572,0.0,7,0,0.0,2.0,2.0,16.0,B01
201800026573,1.0,7,0,0.0,2.0,4.0,1.0,B01
201800026573,1.0,7,0,0.0,2.0,4.0,23.0,C01
201800026573,1.0,7,0,0.0,2.0,1.0,1.0,A01
201800026574,1.0,7,0,0.0,2.0,2.0,1.0,A01
201800026574,2.0,7,0,0.0,2.0,1.0,1.0,C01
201800026574,2.0,7,0,0.0,2.0,3.0,15.0,B01
201800026575,0.0,7,0,0.0,1.0,3.0,1.0,A01
201800026576,2.0,7,0,0.0,1.0,1.0,1.0,A01
201800026577,1.0,7,0,0.0,2.0,0.0,1.0,Z01
201800026577,2.0,1,0,0.0,2.0,1.0,1.0,A01
201800026578,2.0,7,0,0.0,2.0,2.0,14.0,A01
201800026578,2.0,1,0,0.0,2.0,6.0,1.0,B01
201800026579,1.0,7,0,0.0,1.0,2.0,16.0,A01
201800026580,1.0,30,0,0.0,2.0,2.0,9.0,A01
201800026580,1.0,7,0,0.0,2.0,2.0,1.0,B01
201800026581,2.0,7,0,0.0,2.0,1.0,1.0,A01
201800026581,2.0,1,0,0.0,2.0,1.0,19.0,B01
201800026582,1.0,32,0,0.0,2.0,1.0,3.0,A01
201800026582,1.0,7,0,0.0,2.0,3.0,15.0,B01
201800026583,0.0,10,0,0.0,2.0,3.0,1.0,B01
201800026583,0.0,1,0,0.0,2.0,1.0,1.0,A01
201800026584,2.0,7,0,0.0,2.0,4.0,1.0,D01
201800026584,2.0,7,0,0.0,2.0,0.0,1.0,C01
201800026584,2.0,7,0,0.0,2.0,4.0,1.0,E01
201800026584,2.0,10,0,0.0,2.0,1.0,2.0,A01
201800026584,2.0,7,0,0.0,2.0,4.0,0.0,B01
201800026585,2.0,7,0,0.0,2.0,1.0,1.0,B01
201800026585,1.0,7,0,0.0,2.0,2.0,15.0,A01
201800026586,1.0,7,0,0.0,1.0,0.0,23.0,C01
201800026586,1.0,7,0,0.0,2.0,0.0,23.0,B01
201800026586,1.0,10,0,0.0,2.0,1.0,1.0,A01
201800026587,2.0,10,0,0.0,2.0,4.0,1.0,B01
201800026587,2.0,10,0,0.0,2.0,4.0,1.0,C01
201800026587,2.0,10,0,0.0,2.0,1.0,1.0,A01
201800026588,1.0,7,0,0.0,1.0,0.0,1.0,Z01
201800026589,0.0,7,0,0.0,2.0,7.0,1.0,Z01
201800026589,0.0,30,0,13.0,0.0,6.0,1.0,A01
201800026590,0.0,2,0,0.0,2.0,1.0,2.0,A01
201800026590,0.0,7,0,0.0,2.0,6.0,2.0,B01
201800026591,1.0,7,0,0.0,1.0,1.0,1.0,A01
201800026592,0.0,2,0,0.0,2.0,0.0,1.0,B01
201800026592,0.0,7,0,0.0,2.0,5.0,11.0,A01
201800026593,1.0,7,0,0.0,1.0,4.0,4.0,A01
201800026594,0.0,10,0,0.0,2.0,1.0,1.0,B01
201800026594,0.0,10,0,0.0,2.0,2.0,15.0,A01
201800026595,2.0,7,0,3.0,0.0,1.0,1.0,A01
201800026596,0.0,7,0,0.0,1.0,8.0,13.0,A01
201800026597,0.0,7,0,0.0,1.0,1.0,16.0,A01
201800026598,0.0,1,0,0.0,2.0,8.0,1.0,B01
201800026598,0.0,7,0,0.0,2.0,3.0,15.0,A01
201800026599,2.0,2,0,0.0,2.0,4.0,1.0,B01
201800026599,2.0,7,0,0.0,2.0,2.0,1.0,A01
201800026599,2.0,7,0,0.0,2.0,1.0,1.0,C01
201800026600,0.0,7,0,0.0,2.0,3.0,15.0,A01
201800026600,0.0,7,0,0.0,2.0,2.0,1.0,B01
201800026601,0.0,7,0,0.0,1.0,1.0,1.0,A01
201800026602,0.0,99,0,0.0,6.0,1.0,1.0,A01
201800026602,0.0,99,0,0.0,2.0,0.0,1.0,B01
201800026603,1.0,7,0,0.0,1.0,2.0,1.0,A01
201800026604,0.0,7,0,0.0,2.0,8.0,10.0,A01
201800026604,0.0,7,0,0.0,2.0,2.0,2.0,B01
201800026605,1.0,2,0,0.0,2.0,1.0,1.0,B01
201800026605,2.0,7,0,0.0,2.0,1.0,15.0,A01
201800026606,1.0,2,0,0.0,2.0,4.0,2.0,B01
201800026606,1.0,7,0,0.0,2.0,1.0,2.0,A01
201800026607,1.0,7,0,0.0,1.0,1.0,1.0,Z01
201800026608,0.0,7,0,0.0,2.0,4.0,1.0,B01
201800026608,0.0,30,0,0.0,2.0,1.0,1.0,A01
201800026609,1.0,13,0,0.0,2.0,4.0,1.0,B01
201800026609,1.0,30,0,0.0,2.0,1.0,2.0,A01
201800026610,0.0,7,0,0.0,2.0,8.0,1.0,B01
201800026610,0.0,7,0,0.0,2.0,1.0,1.0,A01
201800026611,1.0,99,0,0.0,1.0,0.0,1.0,A01
201800026612,1.0,7,0,0.0,2.0,2.0,13.0,A01
201800026612,2.0,7,0,0.0,2.0,2.0,1.0,B01
201800026613,0.0,7,0,0.0,2.0,1.0,1.0,B01
201800026613,0.0,7,0,15.0,2.0,7.0,19.0,A01
201800026614,1.0,7,0,15.0,0.0,2.0,14.0,A01
201800026615,0.0,7,0,0.0,0.0,4.0,23.0,A01
201800026615,0.0,7,0,0.0,2.0,1.0,1.0,B01
201800026616,1.0,15,0,4.0,2.0,1.0,14.0,A01
201800026616,2.0,15,0,9.0,2.0,1.0,17.0,B01
201800026616,1.0,15,0,0.0,0.0,3.0,1.0,C01
201800026617,2.0,7,0,0.0,2.0,6.0,0.0,B01
201800026617,1.0,7,0,0.0,2.0,3.0,13.0,A01
201800026618,1.0,7,0,3.0,0.0,1.0,13.0,A01
201800026619,1.0,7,0,0.0,2.0,3.0,13.0,A01
201800026619,2.0,10,0,0.0,2.0,0.0,1.0,B01
201800026620,0.0,7,0,0.0,2.0,2.0,1.0,A01
201800026620,0.0,7,0,0.0,2.0,3.0,16.0,B01
201800026621,0.0,7,0,0.0,1.0,2.0,16.0,A01
201800026622,2.0,2,0,14.0,0.0,1.0,19.0,A01
201800026623,2.0,34,0,0.0,2.0,8.0,1.0,B01
201800026623,1.0,7,0,0.0,2.0,3.0,15.0,A01
201800026624,1.0,7,0,0.0,2.0,2.0,5.0,A01
201800026624,2.0,7,0,0.0,2.0,2.0,23.0,B01
201800026625,1.0,7,0,0.0,2.0,1.0,21.0,B01
201800026625,1.0,10,0,0.0,2.0,6.0,9.0,A01
201800026626,0.0,7,0,0.0,1.0,2.0,1.0,A01
201800026627,2.0,7,0,0.0,1.0,1.0,19.0,A01
201800026628,1.0,7,0,0.0,0.0,1.0,14.0,A01
201800026629,1.0,33,0,0.0,2.0,1.0,17.0,A01
201800026629,1.0,7,0,0.0,2.0,5.0,2.0,B01
201800026630,1.0,7,0,0.0,2.0,3.0,1.0,A01
201800026630,1.0,7,0,0.0,2.0,1.0,9.0,B01
201800026631,1.0,7,0,2.0,0.0,1.0,19.0,A01
201800026632,2.0,7,0,0.0,2.0,1.0,9.0,A01
201800026632,2.0,37,3,0.0,2.0,6.0,0.0,B01
201800026633,0.0,1,0,0.0,2.0,1.0,2.0,A01
201800026633,0.0,7,0,0.0,2.0,5.0,1.0,B01
201800026634,1.0,7,0,0.0,2.0,6.0,15.0,B01
201800026634,1.0,2,0,0.0,2.0,3.0,17.0,A01
201800026635,0.0,7,0,0.0,2.0,1.0,1.0,B01
201800026635,0.0,1,0,0.0,2.0,8.0,1.0,A01
201800026636,1.0,7,0,0.0,2.0,1.0,0.0,A01
201800026636,1.0,7,0,0.0,1.0,4.0,1.0,B01
201800026637,1.0,10,0,0.0,1.0,1.0,0.0,A01
201800026638,0.0,7,0,0.0,0.0,2.0,1.0,B01
201800026638,0.0,2,0,0.0,2.0,1.0,15.0,A01
201800026639,2.0,7,0,8.0,0.0,7.0,1.0,A01
201800026640,0.0,7,0,0.0,2.0,3.0,9.0,A01
201800026640,0.0,7,0,0.0,2.0,5.0,0.0,B01
201800026641,1.0,7,0,0.0,2.0,1.0,1.0,B01
201800026641,2.0,7,0,0.0,2.0,1.0,17.0,A01
201800026642,1.0,7,0,7.0,0.0,3.0,13.0,A01
201800026643,1.0,7,0,1.0,0.0,1.0,1.0,A01
201800026644,1.0,10,0,0.0,1.0,2.0,15.0,A01
201800026645,1.0,33,0,0.0,2.0,8.0,9.0,A01
201800026645,1.0,7,0,0.0,2.0,0.0,1.0,B01
201800026646,2.0,7,0,6.0,0.0,2.0,14.0,A01
201800026647,1.0,7,0,2.0,0.0,1.0,0.0,A01
201800026648,0.0,7,0,0.0,2.0,1.0,1.0,A01
201800026648,0.0,7,0,0.0,0.0,4.0,1.0,B01
201800026649,2.0,1,0,0.0,1.0,7.0,0.0,A01
201800026650,0.0,30,0,0.0,0.0,0.0,0.0,A01
201800026651,0.0,7,0,0.0,0.0,6.0,2.0,A01
201800026651,0.0,34,0,0.0,2.0,1.0,2.0,B01
201800026652,0.0,30,0,12.0,0.0,1.0,1.0,A01
201800026653,0.0,30,0,0.0,0.0,0.0,23.0,A01
201800026654,2.0,7,0,0.0,2.0,8.0,0.0,A01
201800026654,2.0,2,0,0.0,2.0,1.0,1.0,B01
201800026655,1.0,10,0,0.0,2.0,1.0,0.0,A01
201800026655,2.0,10,0,0.0,2.0,3.0,0.0,B01
201800026656,0.0,7,0,0.0,2.0,1.0,1.0,A01
201800026656,0.0,7,0,0.0,2.0,1.0,1.0,B01
201800026657,0.0,7,0,0.0,1.0,2.0,15.0,A01
201800026658,1.0,2,0,0.0,0.0,0.0,21.0,A01
201800026659,1.0,7,0,4.0,0.0,3.0,13.0,A01
201800026660,1.0,7,0,0.0,0.0,4.0,2.0,B01
201800026660,1.0,7,0,0.0,2.0,1.0,2.0,A01
201800026661,2.0,7,0,0.0,2.0,5.0,2.0,A01
201800026661,2.0,2,0,0.0,2.0,1.0,0.0,B01
201800026662,0.0,10,0,1.0,0.0,3.0,0.0,A01
201800026662,0.0,10,0,1.0,0.0,3.0,0.0,B01
201800026663,1.0,7,0,0.0,2.0,1.0,1.0,A01
201800026663,1.0,7,0,0.0,2.0,1.0,2.0,B01
201800026663,1.0,7,0,0.0,0.0,4.0,2.0,C01
201800026664,1.0,7,0,0.0,2.0,6.0,0.0,A01
201800026664,1.0,7,0,0.0,2.0,1.0,1.0,B01
201800026665,1.0,31,0,0.0,2.0,8.0,17.0,A01
201800026665,2.0,7,0,0.0,2.0,8.0,1.0,B01
201800026666,2.0,7,0,2.0,0.0,3.0,13.0,A01
201800026667,1.0,10,0,0.0,2.0,2.0,2.0,A01
201800026667,1.0,10,0,0.0,2.0,6.0,0.0,B01
201800026668,0.0,7,0,0.0,2.0,2.0,1.0,B01
201800026668,0.0,7,0,0.0,2.0,8.0,1.0,A01
201800026669,2.0,7,0,0.0,2.0,2.0,1.0,A01
201800026669,1.0,7,0,0.0,2.0,7.0,15.0,B01
201800026670,0.0,7,0,0.0,1.0,1.0,1.0,A01
201800026671,2.0,7,0,0.0,0.0,3.0,10.0,A01
201800026671,2.0,33,0,0.0,0.0,1.0,21.0,B01
201800026672,2.0,31,0,1.0,0.0,1.0,1.0,A01
201800026673,1.0,7,0,0.0,0.0,4.0,23.0,B01
201800026673,2.0,7,0,0.0,2.0,1.0,1.0,A01
201800026674,2.0,10,0,0.0,2.0,3.0,0.0,A01
201800026674,1.0,2,0,0.0,2.0,3.0,1.0,B01
201800026675,2.0,33,0,0.0,2.0,7.0,1.0,B01
201800026675,1.0,7,0,0.0,2.0,3.0,1.0,A01
201800026676,2.0,33,0,16.0,0.0,0.0,19.0,A01
201800026677,1.0,7,0,9.0,0.0,1.0,15.0,A01
201800026678,2.0,7,0,0.0,2.0,1.0,17.0,A01
201800026678,2.0,7,0,0.0,2.0,0.0,0.0,C01
201800026678,2.0,7,0,0.0,2.0,8.0,1.0,B01
201800026678,2.0,7,0,0.0,2.0,0.0,0.0,D01
201800026679,1.0,7,0,0.0,2.0,1.0,15.0,A01
201800026679,2.0,7,0,0.0,2.0,3.0,1.0,B01
201800026680,1.0,10,0,0.0,2.0,1.0,0.0,A01
201800026680,1.0,10,0,0.0,2.0,4.0,23.0,B01
201800026680,1.0,10,0,0.0,0.0,4.0,23.0,C01
201800026681,2.0,7,0,0.0,1.0,1.0,21.0,A01
201800026682,0.0,7,0,0.0,1.0,1.0,16.0,A01
201800026683,2.0,7,0,0.0,1.0,1.0,1.0,A01
201800026684,2.0,33,0,0.0,2.0,4.0,23.0,B01
201800026684,2.0,7,0,0.0,2.0,4.0,23.0,C01
201800026684,2.0,7,0,0.0,2.0,1.0,1.0,A01
201800026685,2.0,7,0,0.0,2.0,1.0,0.0,A01
201800026685,2.0,7,0,0.0,2.0,4.0,1.0,B01
201800026686,0.0,7,0,0.0,1.0,3.0,16.0,A01
201800026687,1.0,7,0,1.0,1.0,2.0,1.0,A01
201800026688,2.0,7,0,0.0,0.0,4.0,23.0,B01
201800026688,2.0,7,0,0.0,2.0,1.0,2.0,A01
201800026689,1.0,1,0,0.0,2.0,3.0,1.0,A01
201800026689,0.0,7,0,0.0,2.0,3.0,15.0,B01
201800026690,2.0,33,0,3.0,0.0,7.0,1.0,A01
201800026691,2.0,7,0,0.0,2.0,6.0,20.0,B01
201800026691,2.0,33,0,0.0,2.0,2.0,17.0,A01
201800026692,0.0,2,0,0.0,2.0,1.0,1.0,A01
201800026692,0.0,7,0,0.0,2.0,3.0,9.0,B01
201800026693,2.0,33,0,0.0,2.0,1.0,1.0,A01
201800026693,1.0,7,0,0.0,2.0,1.0,15.0,B01
201800026693,2.0,7,0,0.0,2.0,3.0,0.0,C01
201800026694,1.0,30,0,0.0,9.0,7.0,0.0,A01
201800026695,0.0,37,4,0.0,2.0,1.0,23.0,A01
201800026695,0.0,99,0,0.0,2.0,1.0,5.0,B01
201800026696,0.0,10,0,0.0,2.0,1.0,5.0,A01
201800026696,0.0,7,0,0.0,2.0,1.0,1.0,B01
201800026697,0.0,30,0,0.0,0.0,0.0,9.0,A01
201800026698,1.0,2,0,0.0,0.0,0.0,1.0,A01
201800026699,0.0,7,0,0.0,1.0,2.0,2.0,A01
201800026700,1.0,1,0,0.0,2.0,3.0,1.0,B01
201800026700,0.0,7,0,0.0,2.0,1.0,1.0,A01
201800026701,0.0,33,0,0.0,0.0,0.0,0.0,A01
201800026702,2.0,7,0,0.0,0.0,2.0,1.0,A01
201800026703,1.0,7,0,0.0,2.0,1.0,1.0,A01
201800026703,1.0,7,0,0.0,2.0,1.0,15.0,B01
201800026704,1.0,30,0,16.0,0.0,6.0,15.0,A01
201800026705,1.0,2,0,1.0,2.0,1.0,17.0,A01
201800026705,1.0,7,0,0.0,2.0,3.0,15.0,B01
201800026706,1.0,7,0,0.0,2.0,2.0,15.0,A01
201800026706,2.0,2,0,0.0,2.0,1.0,1.0,B01
201800026707,2.0,7,0,0.0,2.0,1.0,1.0,A01
201800026707,2.0,7,0,0.0,2.0,4.0,1.0,B01
201800026708,0.0,99,0,0.0,0.0,1.0,19.0,A01
201800026709,0.0,7,0,0.0,1.0,2.0,1.0,A01
201800026710,2.0,7,0,2.0,0.0,0.0,1.0,A01
201800026711,0.0,7,0,0.0,1.0,1.0,1.0,A01
201800026712,0.0,7,0,0.0,2.0,0.0,0.0,A01
201800026712,0.0,7,0,0.0,2.0,3.0,1.0,B01
201800026713,0.0,37,1,0.0,2.0,1.0,0.0,A01
201800026713,0.0,7,0,0.0,2.0,4.0,23.0,B01
201800026713,0.0,7,0,0.0,2.0,4.0,23.0,C01
201800026713,0.0,10,0,0.0,2.0,4.0,2.0,D01
201800026714,0.0,7,0,0.0,2.0,3.0,13.0,A01
201800026714,0.0,7,0,0.0,2.0,3.0,1.0,B01
201800026715,1.0,7,0,0.0,2.0,1.0,15.0,A01
201800026715,2.0,7,0,0.0,2.0,1.0,1.0,B01
201800026716,0.0,30,0,0.0,0.0,2.0,1.0,A01
201800026717,0.0,7,0,3.0,0.0,1.0,1.0,A01
201800026718,1.0,7,0,13.0,0.0,1.0,21.0,A01
201800026719,1.0,7,0,4.0,0.0,1.0,1.0,A01
201800026720,2.0,7,0,0.0,1.0,1.0,15.0,A01
201800026721,2.0,7,0,2.0,0.0,3.0,9.0,A01
201800026722,2.0,7,0,0.0,1.0,1.0,19.0,A01
201800026723,1.0,7,0,0.0,2.0,1.0,19.0,B01
201800026723,2.0,7,0,0.0,2.0,2.0,15.0,A01
201800026724,1.0,7,0,0.0,1.0,2.0,1.0,A01
201800026725,1.0,40,50,0.0,1.0,1.0,1.0,A01
201800026726,1.0,7,0,0.0,2.0,3.0,15.0,A01
201800026727,2.0,7,0,0.0,2.0,3.0,13.0,A01
201800026727,1.0,7,0,0.0,2.0,3.0,1.0,B01
201800026728,1.0,7,0,0.0,1.0,3.0,2.0,A01
201800026729,1.0,32,0,0.0,1.0,1.0,21.0,A01
201800026730,1.0,33,0,0.0,1.0,1.0,1.0,A01
201800026731,2.0,7,0,0.0,2.0,1.0,16.0,A01
201800026731,1.0,33,0,0.0,2.0,2.0,1.0,B01
201800026732,1.0,7,0,0.0,1.0,3.0,17.0,A01
201800026733,2.0,7,0,0.0,2.0,1.0,2.0,A01