Num_Acc,senc,catv,occutc,obs,obsm,choc,manv,num_veh
201800026733,2.0,7,0,0.0,2.0,4.0,2.0,B01
201800026734,1.0,7,0,0.0,2.0,3.0,9.0,A01
201800026734,1.0,1,0,0.0,2.0,1.0,1.0,B01
201800026735,1.0,7,0,0.0,2.0,2.0,16.0,A01
201800026735,1.0,30,0,0.0,2.0,1.0,18.0,B01
201800026736,2.0,7,0,9.0,0.0,1.0,9.0,A01
201800026737,1.0,7,0,8.0,0.0,2.0,7.0,A01
201800026738,1.0,7,0,0.0,2.0,1.0,21.0,A01
201800026738,1.0,7,0,0.0,2.0,4.0,2.0,B01
201800026739,1.0,7,0,1.0,2.0,3.0,9.0,A01
201800026739,1.0,7,0,1.0,2.0,3.0,21.0,B01
201800026740,1.0,7,0,0.0,2.0,6.0,9.0,A01
201800026740,1.0,1,0,0.0,2.0,7.0,1.0,B01
201800026741,1.0,1,0,0.0,2.0,8.0,16.0,B01
201800026741,1.0,14,0,0.0,2.0,7.0,16.0,A01
201800026742,2.0,33,0,0.0,0.0,8.0,13.0,A01
201800026743,1.0,7,0,0.0,2.0,0.0,14.0,A01
201800026743,1.0,7,0,0.0,2.0,4.0,1.0,C01
201800026743,1.0,7,0,0.0,2.0,4.0,2.0,D01
201800026743,1.0,7,0,0.0,2.0,8.0,2.0,E01
201800026743,1.0,7,0,0.0,2.0,5.0,2.0,F01
201800026743,1.0,7,0,0.0,2.0,8.0,2.0,B02
201800026744,1.0,7,0,7.0,2.0,3.0,19.0,A01
201800026744,1.0,7,0,0.0,2.0,3.0,19.0,B01
201800026745,2.0,7,0,0.0,2.0,1.0,9.0,A01
201800026745,1.0,37,10,0.0,2.0,2.0,15.0,B01
201800026746,2.0,7,0,0.0,2.0,2.0,2.0,A01
201800026746,2.0,7,0,0.0,2.0,8.0,15.0,B01
201800026747,2.0,7,0,6.0,0.0,1.0,13.0,A01
201800026748,2.0,1,0,0.0,2.0,1.0,2.0,A01
201800026748,2.0,7,0,0.0,2.0,4.0,23.0,B01
201800026749,1.0,7,0,0.0,2.0,2.0,12.0,A01
201800026749,1.0,7,0,0.0,2.0,8.0,1.0,B01
201800026750,1.0,7,0,0.0,1.0,1.0,19.0,A01
201800026751,1.0,2,0,14.0,0.0,1.0,1.0,A01
201800026752,1.0,7,0,0.0,2.0,7.0,1.0,A01
201800026752,2.0,7,0,0.0,2.0,1.0,19.0,B01
201800026753,1.0,1,0,0.0,2.0,1.0,19.0,A01
201800026753,1.0,7,0,0.0,2.0,7.0,2.0,B01
201800026754,0.0,33,0,0.0,2.0,3.0,2.0,A01
201800026754,0.0,7,0,0.0,2.0,3.0,23.0,B01
201800026755,1.0,7,0,0.0,0.0,1.0,2.0,A01
201800026756,1.0,1,0,0.0,1.0,3.0,1.0,A01
201800026757,1.0,7,0,0.0,1.0,8.0,15.0,A01
201800026758,1.0,7,0,1.0,0.0,4.0,2.0,C01
201800026759,1.0,7,0,0.0,2.0,1.0,2.0,A01
201800026759,1.0,7,0,0.0,2.0,4.0,2.0,B01
201800026760,1.0,33,0,0.0,0.0,7.0,1.0,A01
201800026761,1.0,30,0,15.0,0.0,8.0,13.0,A01
201800026762,0.0,1,0,0.0,2.0,8.0,19.0,B02
201800026762,1.0,7,0,0.0,2.0,1.0,0.0,A01
201800026763,1.0,7,0,0.0,2.0,1.0,13.0,A01
201800026763,1.0,7,0,4.0,2.0,1.0,1.0,B01
201800026764,0.0,2,0,0.0,2.0,0.0,0.0,A01
201800026764,0.0,7,0,0.0,2.0,3.0,0.0,B01
201800026765,1.0,7,0,0.0,2.0,1.0,1.0,B01
201800026765,0.0,7,0,0.0,2.0,2.0,19.0,A01
201800026766,0.0,7,0,0.0,2.0,1.0,1.0,B01
201800026766,0.0,7,0,0.0,2.0,7.0,0.0,A01
201800026767,2.0,7,0,0.0,2.0,7.0,0.0,A01
201800026767,1.0,7,0,0.0,2.0,1.0,1.0,B01
201800026768,1.0,15,0,0.0,2.0,1.0,1.0,A01
201800026768,1.0,7,0,0.0,2.0,3.0,1.0,B01
201800026769,1.0,33,0,0.0,2.0,1.0,2.0,A01
201800026769,1.0,7,0,0.0,2.0,5.0,23.0,B01
201800026770,1.0,7,0,0.0,2.0,3.0,15.0,B01
201800026770,1.0,7,0,0.0,2.0,1.0,1.0,A01
201800026771,0.0,33,0,15.0,0.0,1.0,15.0,A01
201800026772,1.0,7,0,8.0,0.0,3.0,16.0,A01
201800026773,1.0,7,0,0.0,2.0,1.0,1.0,B01
201800026773,2.0,7,0,0.0,2.0,1.0,15.0,A01
201800026774,2.0,7,0,0.0,2.0,3.0,13.0,A01
201800026774,1.0,7,0,0.0,2.0,3.0,1.0,B01
201800026775,1.0,7,0,0.0,1.0,8.0,1.0,A01
201800026776,2.0,10,0,0.0,2.0,1.0,13.0,A01
201800026776,1.0,17,0,0.0,2.0,8.0,14.0,B01
201800026777,,33,0,0.0,2.0,1.0,1.0,B01
201800026777,,7,0,0.0,2.0,2.0,15.0,A01
201800026778,1.0,7,0,2.0,0.0,1.0,13.0,A01
201800026779,1.0,30,0,0.0,2.0,7.0,17.0,B01
201800026779,2.0,7,0,0.0,2.0,3.0,15.0,A01
201800026780,0.0,7,0,0.0,1.0,2.0,1.0,A01
201800026781,1.0,30,0,0.0,2.0,1.0,1.0,B01
201800026781,2.0,33,0,0.0,2.0,1.0,15.0,A01
201800026782,1.0,7,0,15.0,1.0,2.0,0.0,A01
201800026783,1.0,7,0,0.0,2.0,1.0,0.0,A01
201800026783,1.0,17,0,0.0,2.0,4.0,0.0,B01
201800026784,2.0,7,0,0.0,2.0,2.0,1.0,A01
201800026784,0.0,7,0,0.0,2.0,3.0,1.0,B01
201800026785,0.0,1,0,0.0,2.0,7.0,19.0,A01
201800026785,0.0,7,0,0.0,2.0,1.0,1.0,B01
201800026786,2.0,7,0,0.0,2.0,2.0,2.0,A01
201800026786,1.0,1,0,12.0,2.0,1.0,1.0,B01
201800026787,2.0,1,0,0.0,2.0,7.0,19.0,A01
201800026787,0.0,7,0,0.0,0.0,1.0,1.0,B01
201800026788,1.0,2,0,0.0,2.0,1.0,19.0,A01
201800026788,2.0,7,0,0.0,2.0,8.0,1.0,B01
201800026789,2.0,7,0,6.0,0.0,3.0,1.0,A01
201800026790,1.0,7,0,0.0,2.0,1.0,2.0,A01
201800026790,1.0,7,0,0.0,2.0,5.0,2.0,B01
201800026791,2.0,10,0,0.0,2.0,1.0,2.0,A01
201800026791,2.0,7,0,0.0,2.0,4.0,2.0,B01
201800026792,2.0,33,0,8.0,0.0,1.0,0.0,A01
201800026793,0.0,7,0,0.0,2.0,6.0,20.0,A01
201800026793,0.0,33,0,0.0,2.0,2.0,1.0,B01
201800026794,1.0,40,20,0.0,4.0,1.0,1.0,A01
201800026794,2.0,99,0,0.0,4.0,1.0,5.0,B01
201800026795,1.0,7,0,0.0,1.0,2.0,16.0,A01
201800026796,2.0,31,0,0.0,1.0,1.0,1.0,A01
201800026797,2.0,7,0,0.0,2.0,1.0,19.0,A01
201800026797,2.0,7,0,0.0,2.0,2.0,1.0,B01
201800026798,2.0,7,0,0.0,2.0,1.0,2.0,A01
201800026798,1.0,2,0,0.0,0.0,7.0,1.0,B01
201800026799,1.0,33,0,0.0,2.0,8.0,1.0,B01
201800026799,1.0,7,0,0.0,2.0,6.0,9.0,A01
201800026800,0.0,7,0,16.0,0.0,1.0,0.0,A01
201800026801,2.0,40,1,0.0,1.0,1.0,1.0,A01
201800026802,2.0,7,0,0.0,1.0,7.0,1.0,A01
201800026803,2.0,33,0,3.0,0.0,1.0,13.0,A01
201800026804,2.0,7,0,0.0,2.0,6.0,11.0,A01
201800026804,2.0,10,0,4.0,2.0,2.0,1.0,B01
201800026804,2.0,7,0,0.0,2.0,7.0,1.0,C01
201800026805,1.0,10,0,0.0,2.0,1.0,2.0,A01
201800026805,1.0,7,0,0.0,2.0,4.0,23.0,B01
201800026806,0.0,30,0,0.0,2.0,2.0,17.0,B01
201800026806,0.0,7,0,0.0,2.0,1.0,15.0,A01
201800026807,0.0,7,0,0.0,4.0,7.0,1.0,A01
201800026807,0.0,40,40,0.0,2.0,1.0,1.0,B01
201800026808,1.0,10,0,0.0,2.0,1.0,2.0,A01
201800026808,1.0,10,0,0.0,0.0,4.0,2.0,B01
201800026809,2.0,1,0,0.0,2.0,1.0,0.0,A01
201800026809,2.0,3,0,0.0,2.0,3.0,15.0,B01
201800026810,2.0,7,0,0.0,2.0,1.0,15.0,A01
201800026810,2.0,33,0,0.0,2.0,1.0,1.0,B01
201800026811,2.0,1,0,0.0,2.0,1.0,1.0,B01
201800026811,2.0,7,0,0.0,2.0,8.0,23.0,A01
201800026812,1.0,7,0,0.0,2.0,1.0,1.0,A01
201800026812,1.0,2,0,0.0,2.0,8.0,1.0,B01
201800026813,0.0,33,0,15.0,0.0,1.0,0.0,A01
201800026814,0.0,7,0,0.0,2.0,7.0,19.0,A01
201800026814,0.0,7,0,0.0,2.0,1.0,1.0,B01
201800026815,0.0,7,0,0.0,2.0,5.0,1.0,B01
201800026815,0.0,7,0,0.0,2.0,1.0,9.0,A01
201800026816,0.0,7,0,0.0,2.0,2.0,0.0,B01
201800026816,0.0,1,0,0.0,2.0,2.0,1.0,A01
201800026817,1.0,7,0,0.0,2.0,3.0,9.0,A01
201800026817,1.0,15,0,0.0,2.0,2.0,1.0,B01
201800026818,1.0,7,0,0.0,2.0,1.0,2.0,A01
201800026818,1.0,7,0,0.0,0.0,4.0,2.0,B01
201800026819,0.0,7,0,0.0,1.0,5.0,4.0,A01
201800026820,0.0,7,0,0.0,2.0,3.0,15.0,A01
201800026820,1.0,32,0,0.0,2.0,1.0,1.0,B01
201800026821,1.0,7,0,0.0,1.0,3.0,15.0,A01
201800026822,0.0,33,0,0.0,0.0,7.0,15.0,A01
201800026823,,99,0,0.0,1.0,0.0,0.0,A01
201800026824,0.0,99,0,0.0,2.0,3.0,16.0,A01
201800026824,0.0,7,0,0.0,2.0,2.0,1.0,B01
201800026825,1.0,7,0,0.0,0.0,4.0,2.0,B01
201800026825,1.0,7,0,14.0,0.0,1.0,2.0,A01
201800026826,2.0,1,0,0.0,0.0,0.0,16.0,A01
201800026827,1.0,7,0,0.0,0.0,1.0,16.0,A01
201800026827,2.0,1,0,0.0,2.0,8.0,1.0,B01
201800026828,0.0,7,0,0.0,2.0,1.0,2.0,A01
201800026828,0.0,7,0,0.0,2.0,4.0,2.0,B01
201800026828,0.0,7,0,0.0,2.0,4.0,2.0,C01
201800026829,1.0,7,0,0.0,2.0,2.0,11.0,B01
201800026829,1.0,7,0,0.0,2.0,3.0,9.0,A01
201800026830,2.0,1,0,0.0,2.0,8.0,1.0,B01
201800026830,1.0,99,0,0.0,2.0,2.0,19.0,A01
201800026831,0.0,30,0,0.0,2.0,1.0,2.0,A01
201800026831,0.0,30,0,0.0,0.0,4.0,2.0,B01
201800026832,2.0,7,0,0.0,2.0,3.0,1.0,A01
201800026832,2.0,1,0,0.0,2.0,7.0,1.0,B01
201800026833,2.0,7,0,0.0,2.0,4.0,23.0,B01
201800026833,2.0,7,0,0.0,2.0,1.0,2.0,A01
201800026834,1.0,7,0,9.0,2.0,3.0,1.0,A01
201800026834,1.0,7,0,4.0,2.0,2.0,1.0,B01
201800026835,1.0,7,0,0.0,2.0,1.0,0.0,A01
201800026835,1.0,7,0,0.0,0.0,4.0,0.0,B01
201800026836,2.0,7,0,0.0,2.0,1.0,2.0,A01
201800026836,2.0,7,0,0.0,2.0,4.0,2.0,B01
201800026837,2.0,7,0,2.0,0.0,1.0,13.0,A01
201800026838,1.0,33,0,0.0,2.0,1.0,2.0,A01
201800026838,1.0,7,0,0.0,2.0,8.0,5.0,B01
201800026839,1.0,7,0,0.0,1.0,1.0,15.0,A01
201800026840,1.0,2,0,0.0,1.0,1.0,0.0,A01
201800026841,0.0,20,0,0.0,0.0,0.0,0.0,A01
201800026841,0.0,33,0,2.0,2.0,3.0,17.0,B01
201800026842,1.0,7,0,0.0,1.0,7.0,11.0,A01
201800026843,1.0,7,0,0.0,2.0,4.0,23.0,C01
201800026843,1.0,7,0,0.0,2.0,1.0,2.0,A01
201800026843,1.0,7,0,0.0,2.0,4.0,23.0,B01
201800026844,2.0,99,0,0.0,2.0,1.0,1.0,A01
201800026844,2.0,1,0,0.0,2.0,5.0,1.0,B01
201800026845,0.0,7,0,6.0,0.0,2.0,14.0,A01
201800026846,0.0,7,0,0.0,1.0,2.0,15.0,A01
201800026847,0.0,3,0,0.0,2.0,2.0,0.0,A01
201800026847,0.0,1,0,0.0,2.0,4.0,1.0,B01
201800026848,1.0,33,0,0.0,2.0,1.0,1.0,A01
201800026848,1.0,7,0,0.0,2.0,5.0,16.0,B01
201800026849,1.0,7,0,0.0,1.0,1.0,1.0,A01
201800026850,1.0,2,0,0.0,1.0,1.0,18.0,A01
201800026851,1.0,10,0,0.0,2.0,1.0,5.0,A01
201800026851,2.0,7,0,0.0,2.0,1.0,1.0,B01
201800026852,2.0,7,0,2.0,0.0,1.0,1.0,A01
201800026853,1.0,7,0,0.0,1.0,1.0,1.0,A01
201800026854,0.0,7,0,0.0,2.0,1.0,2.0,A01
201800026854,0.0,10,0,0.0,2.0,4.0,2.0,B01
201800026854,0.0,7,0,0.0,2.0,4.0,2.0,C01
201800026854,0.0,7,0,0.0,2.0,4.0,2.0,D01
201800026855,0.0,7,0,0.0,2.0,1.0,13.0,A01
201800026855,0.0,1,0,0.0,2.0,1.0,1.0,B01
201800026856,1.0,7,0,0.0,2.0,3.0,16.0,A01
201800026856,2.0,36,0,0.0,2.0,3.0,15.0,B01
201800026857,0.0,1,0,0.0,0.0,1.0,0.0,A01
201800026858,0.0,34,0,0.0,2.0,7.0,17.0,A01
201800026858,0.0,7,0,0.0,2.0,8.0,15.0,B01
201800026859,1.0,7,0,0.0,1.0,1.0,0.0,A01
201800026860,1.0,7,0,0.0,2.0,5.0,1.0,B01
201800026860,1.0,33,0,0.0,2.0,8.0,13.0,A01
201800026861,1.0,7,0,0.0,2.0,3.0,15.0,B01
201800026861,0.0,7,0,0.0,2.0,2.0,1.0,A01
201800026862,2.0,1,0,0.0,2.0,1.0,1.0,B01
201800026862,2.0,7,0,0.0,2.0,1.0,15.0,A01
201800026863,0.0,7,0,3.0,0.0,2.0,0.0,A01
201800026864,1.0,10,0,0.0,2.0,1.0,1.0,A01
201800026864,1.0,7,0,0.0,2.0,4.0,1.0,C01
201800026864,1.0,10,0,0.0,2.0,4.0,1.0,B01
201800026865,2.0,34,0,2.0,0.0,0.0,6.0,A01
201800026866,0.0,3,0,0.0,2.0,1.0,2.0,A01
201800026866,0.0,7,0,0.0,0.0,4.0,2.0,B01
201800026867,0.0,31,0,0.0,2.0,1.0,21.0,A01
201800026867,0.0,7,0,0.0,2.0,1.0,15.0,B01
201800026867,0.0,7,0,0.0,0.0,0.0,0.0,C01
201800026868,2.0,7,0,1.0,2.0,1.0,1.0,A01
201800026868,1.0,10,0,0.0,2.0,1.0,1.0,B01
201800026869,1.0,7,0,0.0,2.0,1.0,1.0,A01
201800026869,1.0,7,0,0.0,0.0,5.0,15.0,B01
201800026870,0.0,7,0,0.0,2.0,1.0,9.0,A01
201800026870,0.0,7,0,6.0,0.0,3.0,1.0,B01
201800026871,2.0,7,0,0.0,0.0,0.0,0.0,A01
201800026872,0.0,7,0,0.0,2.0,2.0,15.0,A01
201800026872,0.0,33,0,0.0,2.0,1.0,1.0,B01
201800026873,0.0,7,0,0.0,0.0,0.0,0.0,A01
201800026874,2.0,7,0,0.0,2.0,2.0,15.0,A01
201800026874,1.0,34,0,0.0,2.0,1.0,0.0,B01
201800026875,0.0,7,0,0.0,1.0,2.0,1.0,B01
201800026876,2.0,7,0,4.0,0.0,8.0,13.0,A01
201800026877,2.0,7,0,0.0,2.0,4.0,23.0,B01
201800026877,2.0,7,0,0.0,2.0,1.0,1.0,A01
201800026878,2.0,7,0,0.0,2.0,8.0,15.0,A01
201800026878,2.0,33,0,0.0,2.0,7.0,17.0,B01
201800026879,1.0,33,0,8.0,2.0,5.0,16.0,A01
201800026879,1.0,10,0,0.0,2.0,3.0,1.0,B01
201800026880,0.0,7,0,0.0,2.0,2.0,1.0,A01
201800026880,0.0,1,0,9.0,0.0,0.0,1.0,B01
201800026881,1.0,7,0,0.0,2.0,4.0,2.0,A01
201800026881,1.0,7,0,0.0,2.0,1.0,2.0,B01
201800026882,0.0,30,0,12.0,0.0,1.0,14.0,A01
201800026883,2.0,7,0,1.0,0.0,1.0,2.0,B01
201800026883,2.0,7,0,0.0,2.0,0.0,0.0,C01
201800026883,2.0,7,0,0.0,1.0,2.0,2.0,A01
201800026883,2.0,14,0,0.0,0.0,0.0,0.0,D01
201800026884,0.0,30,0,0.0,2.0,1.0,1.0,A01
201800026884,0.0,7,0,0.0,2.0,3.0,15.0,B01
201800026885,1.0,7,0,0.0,2.0,3.0,9.0,A01
201800026885,1.0,32,0,0.0,2.0,2.0,1.0,B01
201800026886,2.0,7,0,0.0,2.0,3.0,1.0,B01
201800026886,1.0,7,0,14.0,2.0,1.0,1.0,A01
201800026887,1.0,7,0,0.0,2.0,1.0,1.0,A01
201800026887,1.0,10,0,0.0,2.0,2.0,1.0,B01
201800026888,1.0,33,0,9.0,0.0,8.0,21.0,A01
201800026889,1.0,7,0,0.0,2.0,9.0,0.0,B01
201800026889,1.0,7,0,0.0,2.0,4.0,0.0,C01
201800026889,1.0,7,0,0.0,2.0,1.0,0.0,A01
201800026890,0.0,32,0,14.0,0.0,1.0,17.0,A01
201800026891,1.0,30,0,0.0,2.0,1.0,5.0,A01
201800026891,2.0,33,0,0.0,2.0,1.0,1.0,B01
201800026892,1.0,33,0,0.0,2.0,1.0,1.0,A01
201800026892,1.0,7,0,0.0,0.0,4.0,1.0,B01
201800026893,0.0,7,0,0.0,1.0,3.0,1.0,A01
201800026894,0.0,7,0,15.0,0.0,1.0,16.0,A01
201800026895,2.0,7,0,0.0,2.0,1.0,1.0,A01
201800026895,2.0,7,0,0.0,2.0,4.0,1.0,B01
201800026896,0.0,40,2,0.0,2.0,3.0,1.0,B01
201800026896,0.0,20,0,0.0,4.0,2.0,1.0,A01
201800026897,0.0,7,0,1.0,2.0,8.0,24.0,B01
201800026897,0.0,7,0,1.0,0.0,3.0,3.0,A01
201800026898,0.0,32,0,0.0,2.0,1.0,1.0,A01
201800026898,0.0,7,0,0.0,2.0,4.0,2.0,B01
201800026898,0.0,7,0,0.0,2.0,3.0,2.0,C01
201800026899,0.0,7,0,0.0,2.0,1.0,19.0,B01
201800026899,0.0,31,0,0.0,2.0,3.0,0.0,A01
201800026900,1.0,7,0,0.0,2.0,1.0,1.0,A01
201800026900,0.0,7,0,1.0,2.0,8.0,1.0,B01
201800026901,1.0,30,0,0.0,0.0,3.0,0.0,A01
201800026902,1.0,7,0,0.0,2.0,8.0,1.0,C01
201800026902,1.0,7,0,0.0,2.0,2.0,1.0,A01
201800026902,1.0,10,0,0.0,2.0,4.0,2.0,B01
201800026903,0.0,7,0,0.0,2.0,3.0,10.0,A01
201800026903,0.0,7,0,0.0,2.0,1.0,1.0,B01
201800026904,1.0,7,0,1.0,1.0,1.0,13.0,A01
201800026905,2.0,17,0,0.0,2.0,4.0,2.0,B01
201800026905,2.0,10,0,0.0,2.0,4.0,2.0,C01
201800026905,2.0,7,0,0.0,0.0,4.0,2.0,E01
201800026905,2.0,7,0,0.0,2.0,4.0,2.0,D01
201800026905,2.0,17,0,0.0,2.0,1.0,2.0,A01
201800026906,2.0,1,0,9.0,0.0,3.0,15.0,A01
201800026907,2.0,7,0,0.0,2.0,1.0,1.0,B01
201800026907,1.0,7,0,0.0,2.0,1.0,5.0,A01
201800026908,1.0,10,0,0.0,0.0,2.0,21.0,A01
201800026909,1.0,7,0,0.0,2.0,7.0,1.0,B01
201800026909,1.0,30,0,0.0,2.0,1.0,16.0,A01
201800026910,1.0,7,0,0.0,2.0,7.0,1.0,B01
201800026910,1.0,30,0,0.0,2.0,1.0,16.0,A01
201800026911,2.0,30,0,0.0,0.0,2.0,23.0,A01
201800026912,2.0,7,0,0.0,0.0,0.0,0.0,D01
201800026912,2.0,7,0,0.0,0.0,0.0,0.0,C01
201800026912,2.0,7,0,0.0,0.0,0.0,0.0,B01
201800026912,2.0,7,0,0.0,2.0,1.0,1.0,A01
201800026913,2.0,7,0,0.0,2.0,1.0,15.0,A01
201800026913,1.0,2,0,0.0,2.0,1.0,0.0,B01
201800026914,2.0,7,0,0.0,0.0,1.0,2.0,A01
201800026914,2.0,1,0,0.0,2.0,4.0,23.0,B01
201800026915,0.0,7,0,0.0,2.0,1.0,1.0,A01
201800026915,0.0,7,0,0.0,0.0,4.0,16.0,B01
201800026916,0.0,7,0,0.0,2.0,1.0,0.0,A01
201800026916,0.0,1,0,0.0,2.0,3.0,19.0,B01
201800026917,1.0,7,0,0.0,0.0,4.0,15.0,B01
201800026917,1.0,7,0,0.0,0.0,1.0,2.0,A01
201800026918,0.0,1,0,0.0,0.0,0.0,0.0,A01
201800026919,2.0,7,0,0.0,2.0,4.0,24.0,E01
201800026919,2.0,7,0,0.0,0.0,4.0,2.0,B01
201800026919,2.0,7,0,0.0,2.0,2.0,2.0,A01
201800026920,2.0,7,0,0.0,2.0,2.0,1.0,B01
201800026920,0.0,7,0,0.0,2.0,7.0,19.0,A01
201800026921,1.0,10,0,0.0,2.0,3.0,11.0,A01
201800026921,1.0,33,0,0.0,2.0,7.0,1.0,B01
201800026922,0.0,33,0,0.0,2.0,1.0,1.0,A01
201800026922,0.0,7,0,0.0,0.0,6.0,23.0,B01
201800026923,2.0,7,0,0.0,2.0,1.0,2.0,A01
201800026923,2.0,7,0,0.0,2.0,4.0,2.0,B01
201800026923,2.0,7,0,0.0,0.0,4.0,23.0,C01
201800026924,0.0,7,0,0.0,2.0,2.0,16.0,A01
201800026924,0.0,30,0,0.0,2.0,1.0,1.0,B01
201800026925,1.0,7,0,3.0,0.0,3.0,1.0,A01
201800026926,0.0,33,0,0.0,2.0,1.0,1.0,A01
201800026926,0.0,7,0,0.0,2.0,1.0,1.0,B01
201800026927,1.0,7,0,0.0,2.0,1.0,15.0,A01
201800026927,2.0,2,0,0.0,2.0,1.0,1.0,B01
201800026928,1.0,10,0,9.0,1.0,1.0,1.0,A01
201800026929,1.0,30,0,0.0,0.0,8.0,16.0,A01
201800026930,1.0,33,0,0.0,2.0,1.0,21.0,A01
201800026930,1.0,7,0,0.0,2.0,3.0,9.0,B01
201800026931,2.0,7,0,0.0,1.0,7.0,16.0,A01
201800026932,2.0,7,0,0.0,2.0,0.0,16.0,A01
201800026932,2.0,1,0,0.0,2.0,0.0,1.0,B01
201800026933,0.0,7,0,0.0,1.0,2.0,16.0,A01
201800026934,1.0,7,0,0.0,1.0,1.0,16.0,A01
201800026935,0.0,10,0,0.0,2.0,7.0,15.0,A01
201800026935,0.0,33,0,0.0,2.0,1.0,1.0,B01
201800026936,2.0,7,0,15.0,1.0,1.0,7.0,A01
201800026937,1.0,33,0,0.0,0.0,0.0,0.0,A01
201800026938,0.0,7,0,0.0,2.0,2.0,9.0,A01
201800026938,0.0,7,0,0.0,2.0,3.0,16.0,B01
201800026939,2.0,7,0,6.0,2.0,3.0,1.0,A01
201800026939,1.0,7,0,0.0,2.0,3.0,1.0,B01
201800026940,1.0,1,0,0.0,2.0,1.0,19.0,A01
201800026940,2.0,7,0,0.0,2.0,7.0,1.0,B01
201800026941,1.0,7,0,1.0,0.0,8.0,15.0,A01
201800026941,1.0,14,0,1.0,0.0,2.0,17.0,B01
201800026942,1.0,7,0,0.0,1.0,1.0,1.0,A01
201800026943,0.0,10,0,0.0,2.0,0.0,1.0,A01
201800026943,0.0,10,0,0.0,2.0,4.0,1.0,B01
201800026944,0.0,7,0,0.0,2.0,5.0,0.0,A01
201800026944,0.0,7,0,0.0,2.0,1.0,1.0,B01
201800026945,2.0,7,0,0.0,2.0,7.0,5.0,A01
201800026945,1.0,7,0,0.0,2.0,1.0,1.0,B01
201800026946,2.0,33,0,0.0,2.0,2.0,3.0,A01
201800026946,2.0,33,0,0.0,0.0,4.0,3.0,B01
201800026947,1.0,2,0,0.0,2.0,2.0,1.0,B01
201800026947,0.0,7,0,0.0,2.0,3.0,9.0,A01
201800026948,1.0,7,0,0.0,2.0,1.0,16.0,A01
201800026948,2.0,1,0,0.0,2.0,7.0,19.0,B01
201800026949,2.0,1,0,0.0,1.0,1.0,0.0,A01
201800026950,1.0,7,0,0.0,2.0,1.0,2.0,A01
201800026950,1.0,31,0,16.0,0.0,4.0,0.0,B01
201800026951,1.0,7,0,4.0,0.0,4.0,2.0,A01
201800026951,1.0,7,0,4.0,2.0,1.0,2.0,B01
201800026952,0.0,33,0,0.0,2.0,8.0,17.0,A01
201800026952,0.0,7,0,0.0,2.0,3.0,15.0,B01
201800026953,0.0,32,0,0.0,0.0,3.0,16.0,A01
201800026954,1.0,7,0,0.0,2.0,8.0,9.0,A01
201800026954,1.0,33,0,0.0,2.0,1.0,1.0,B01
201800026955,2.0,7,0,0.0,2.0,8.0,10.0,A01
201800026955,2.0,7,0,0.0,2.0,2.0,1.0,B01
201800026956,0.0,32,0,0.0,0.0,8.0,1.0,A01
201800026957,2.0,7,0,0.0,1.0,1.0,9.0,A01
201800026958,1.0,10,0,0.0,2.0,3.0,16.0,A01
201800026958,2.0,10,0,0.0,2.0,7.0,1.0,B01
201800026959,2.0,7,0,1.0,2.0,2.0,1.0,A01
201800026959,0.0,10,0,0.0,0.0,2.0,24.0,B01
201800026959,1.0,7,0,0.0,2.0,1.0,1.0,C01
201800026960,2.0,7,0,0.0,2.0,1.0,1.0,A01
201800026960,2.0,7,0,0.0,2.0,4.0,1.0,B01
201800026960,2.0,7,0,0.0,2.0,1.0,1.0,C01
201800026961,0.0,7,0,0.0,2.0,1.0,1.0,A01
201800026961,0.0,1,0,0.0,2.0,7.0,1.0,B01
201800026962,0.0,7,0,0.0,2.0,3.0,9.0,A01
201800026962,0.0,1,0,0.0,2.0,1.0,1.0,B01
201800026963,0.0,7,0,0.0,2.0,2.0,1.0,A01
201800026963,0.0,1,0,0.0,2.0,1.0,1.0,B01
201800026964,1.0,7,0,0.0,2.0,2.0,15.0,A01
201800026964,2.0,33,0,0.0,2.0,1.0,1.0,B01
201800026965,2.0,7,0,0.0,2.0,1.0,2.0,A01
201800026965,2.0,7,0,0.0,2.0,4.0,2.0,B01
201800026965,2.0,7,0,0.0,2.0,4.0,2.0,C01
201800026966,1.0,33,0,3.0,0.0,8.0,13.0,A01
201800026967,0.0,7,0,0.0,2.0,1.0,0.0,A01
201800026967,0.0,7,0,0.0,0.0,5.0,1.0,B01
201800026968,1.0,20,0,0.0,1.0,1.0,0.0,A01
201800026969,0.0,7,0,0.0,2.0,8.0,15.0,A01
201800026969,0.0,33,0,0.0,2.0,1.0,1.0,B01
201800026970,2.0,7,0,0.0,2.0,2.0,2.0,A01
201800026970,2.0,30,0,0.0,2.0,7.0,23.0,B01
201800026970,2.0,7,0,0.0,2.0,6.0,23.0,C01
201800026971,2.0,7,0,2.0,0.0,2.0,1.0,A01
201800026972,1.0,7,0,12.0,0.0,3.0,2.0,A01
201800026973,1.0,7,0,0.0,1.0,1.0,16.0,A01
201800026974,1.0,7,0,4.0,0.0,7.0,0.0,A01
201800026975,2.0,7,0,0.0,1.0,1.0,15.0,A01
201800026976,2.0,7,0,0.0,2.0,3.0,13.0,B01
201800026976,1.0,7,0,0.0,2.0,1.0,1.0,A01
201800026977,1.0,7,0,12.0,0.0,3.0,16.0,A01
201800026978,0.0,7,0,0.0,2.0,2.0,15.0,A01
201800026978,0.0,32,0,0.0,2.0,1.0,1.0,B01