Num_Acc,senc,catv,occutc,obs,obsm,choc,manv,num_veh
201800026979,2.0,7,0,0.0,2.0,6.0,13.0,A01
201800026979,1.0,7,0,0.0,2.0,8.0,1.0,B01
201800026980,0.0,7,0,0.0,1.0,4.0,4.0,A01
201800026981,0.0,33,0,0.0,2.0,5.0,2.0,A01
201800026981,0.0,7,0,0.0,0.0,5.0,2.0,B01
201800026982,1.0,7,0,0.0,1.0,2.0,15.0,A01
201800026983,1.0,7,0,0.0,2.0,3.0,1.0,B01
201800026983,2.0,7,0,0.0,2.0,3.0,19.0,A01
201800026984,1.0,7,0,0.0,1.0,2.0,15.0,A01
201800026985,2.0,33,0,0.0,2.0,7.0,1.0,B01
201800026985,2.0,7,0,0.0,2.0,8.0,11.0,A01
201800026986,2.0,33,0,0.0,2.0,1.0,2.0,A01
201800026987,1.0,7,0,0.0,2.0,3.0,1.0,A01
201800026987,1.0,7,0,0.0,2.0,4.0,20.0,B01
201800026987,1.0,7,0,2.0,2.0,4.0,24.0,C01
201800026988,1.0,7,0,4.0,0.0,1.0,13.0,A01
201800026989,0.0,7,0,0.0,2.0,3.0,13.0,A01
201800026989,0.0,7,0,0.0,2.0,3.0,1.0,B01
201800026990,2.0,7,0,3.0,0.0,3.0,14.0,A01
201800026991,1.0,33,0,3.0,2.0,7.0,0.0,A01
201800026991,1.0,7,0,0.0,2.0,3.0,9.0,B01
201800026992,1.0,30,0,0.0,2.0,1.0,1.0,B01
201800026992,2.0,7,0,0.0,2.0,2.0,15.0,A01
201800026993,0.0,7,0,0.0,1.0,2.0,15.0,A01
201800026994,2.0,7,0,0.0,2.0,3.0,1.0,A01
201800026994,1.0,7,0,0.0,2.0,3.0,1.0,B01
201800026995,2.0,7,0,0.0,2.0,1.0,1.0,B01
201800026995,2.0,7,0,0.0,2.0,1.0,2.0,C01
201800026995,2.0,7,0,0.0,2.0,1.0,1.0,D01
201800026995,2.0,7,0,0.0,2.0,1.0,2.0,E01
201800026995,2.0,7,0,0.0,2.0,4.0,1.0,A01
201800026996,2.0,7,0,9.0,2.0,7.0,15.0,A01
201800026996,1.0,7,0,0.0,2.0,1.0,1.0,B01
201800026997,1.0,7,0,0.0,2.0,1.0,16.0,A01
201800026997,1.0,7,0,0.0,2.0,2.0,0.0,B01
201800026998,1.0,2,0,0.0,2.0,1.0,2.0,A01
201800026998,1.0,7,0,0.0,0.0,4.0,2.0,B01
201800026999,1.0,15,0,0.0,2.0,8.0,11.0,A01
201800026999,1.0,10,0,0.0,2.0,2.0,17.0,B01
201800026999,1.0,7,0,0.0,2.0,3.0,0.0,C01
201800027000,0.0,31,0,0.0,0.0,7.0,21.0,A01
201800027001,1.0,7,0,0.0,2.0,1.0,15.0,A01
201800027001,1.0,1,0,0.0,2.0,8.0,19.0,B01
201800027002,1.0,7,0,0.0,2.0,1.0,15.0,A01
201800027002,1.0,7,0,0.0,2.0,8.0,1.0,B01
201800027003,1.0,30,0,0.0,2.0,1.0,2.0,A01
201800027003,1.0,7,0,0.0,2.0,5.0,1.0,B01
201800027004,2.0,7,0,0.0,2.0,3.0,1.0,A01
201800027004,1.0,7,0,0.0,2.0,8.0,15.0,B01
201800027005,1.0,7,0,0.0,2.0,7.0,11.0,A01
201800027005,2.0,7,0,0.0,2.0,3.0,1.0,B01
201800027006,0.0,1,0,0.0,0.0,0.0,1.0,A01
201800027007,1.0,7,0,0.0,0.0,0.0,0.0,A01
201800027007,1.0,2,0,0.0,2.0,0.0,1.0,B01
201800027008,0.0,7,0,8.0,0.0,1.0,19.0,A01
201800027009,2.0,7,0,0.0,2.0,1.0,1.0,A01
201800027009,2.0,7,0,0.0,2.0,4.0,1.0,B01
201800027009,2.0,7,0,0.0,2.0,4.0,1.0,C01
201800027009,2.0,7,0,0.0,2.0,1.0,1.0,Z01
201800027010,1.0,7,0,0.0,0.0,1.0,1.0,A01
201800027011,1.0,7,0,0.0,0.0,2.0,1.0,A01
201800027012,0.0,7,0,0.0,2.0,6.0,9.0,A01
201800027012,2.0,30,0,0.0,2.0,1.0,1.0,B01
201800027013,1.0,7,0,0.0,2.0,1.0,1.0,B01
201800027013,1.0,7,0,0.0,2.0,3.0,5.0,A01
201800027014,0.0,7,0,0.0,2.0,1.0,1.0,A01
201800027014,2.0,7,0,0.0,2.0,2.0,15.0,B01
201800027015,1.0,7,0,0.0,2.0,3.0,0.0,A01
201800027015,2.0,32,0,0.0,2.0,3.0,15.0,B01
201800027016,1.0,7,0,0.0,2.0,5.0,21.0,A01
201800027016,2.0,7,0,0.0,2.0,0.0,0.0,Z01
201800027017,1.0,7,0,14.0,0.0,1.0,0.0,A01
201800027018,1.0,7,0,0.0,2.0,2.0,1.0,A01
201800027018,1.0,7,0,0.0,0.0,6.0,15.0,B01
201800027019,0.0,7,0,0.0,1.0,2.0,23.0,A01
201800027020,1.0,30,0,0.0,1.0,1.0,1.0,A01
201800027021,1.0,7,0,3.0,2.0,3.0,9.0,A01
201800027021,1.0,7,0,3.0,2.0,2.0,1.0,B01
201800027022,2.0,7,0,13.0,0.0,9.0,1.0,A01
201800027022,2.0,7,0,3.0,2.0,2.0,1.0,B01
201800027022,2.0,7,0,0.0,0.0,0.0,0.0,Z01
201800027023,2.0,7,0,0.0,2.0,1.0,2.0,A01
201800027023,2.0,7,0,0.0,2.0,4.0,2.0,B01
201800027023,2.0,7,0,0.0,2.0,4.0,2.0,C01
201800027024,1.0,33,0,0.0,2.0,1.0,1.0,B01
201800027024,2.0,10,0,0.0,2.0,7.0,15.0,A01
201800027025,0.0,32,0,0.0,2.0,1.0,1.0,A01
201800027025,2.0,7,0,0.0,2.0,3.0,16.0,B01
201800027026,1.0,7,0,0.0,2.0,1.0,1.0,A01
201800027026,1.0,34,0,0.0,2.0,7.0,1.0,B01
201800027027,0.0,7,0,0.0,2.0,6.0,11.0,A01
201800027027,0.0,32,0,0.0,2.0,2.0,1.0,B01
201800027028,1.0,7,0,0.0,2.0,5.0,2.0,C01
201800027028,1.0,7,0,0.0,2.0,4.0,23.0,B01
201800027028,1.0,7,0,0.0,2.0,4.0,9.0,A01
201800027029,0.0,99,0,0.0,0.0,0.0,0.0,B01
201800027029,0.0,7,0,0.0,0.0,6.0,19.0,A01
201800027030,0.0,7,0,0.0,2.0,7.0,1.0,A01
201800027030,0.0,7,0,0.0,2.0,3.0,12.0,B01
201800027031,2.0,7,0,6.0,0.0,1.0,1.0,A01
201800027032,1.0,7,0,3.0,2.0,2.0,12.0,A01
201800027032,1.0,7,0,0.0,2.0,8.0,9.0,B01
201800027033,0.0,7,0,12.0,0.0,1.0,2.0,A01
201800027034,1.0,7,0,3.0,2.0,8.0,9.0,A01
201800027034,1.0,17,0,3.0,2.0,2.0,1.0,B01
201800027035,1.0,33,0,0.0,2.0,1.0,1.0,B01
201800027035,2.0,7,0,0.0,2.0,3.0,15.0,A01
201800027036,2.0,7,0,0.0,2.0,3.0,5.0,A01
201800027036,1.0,2,0,0.0,2.0,1.0,16.0,B01
201800027037,2.0,7,0,8.0,0.0,1.0,17.0,A01
201800027038,1.0,33,0,0.0,1.0,0.0,21.0,A01
201800027039,1.0,7,0,0.0,0.0,9.0,1.0,A01
201800027040,0.0,2,0,0.0,2.0,1.0,17.0,B01
201800027040,0.0,7,0,0.0,2.0,1.0,17.0,A01
201800027041,2.0,99,0,0.0,1.0,0.0,1.0,Z01
201800027042,2.0,7,0,6.0,0.0,1.0,1.0,A01
201800027043,1.0,7,0,13.0,0.0,1.0,14.0,A01
201800027044,0.0,10,0,0.0,1.0,6.0,4.0,A01
201800027045,2.0,7,0,0.0,1.0,1.0,1.0,A01
201800027046,1.0,7,0,0.0,1.0,1.0,1.0,A01
201800027046,1.0,7,0,0.0,2.0,4.0,1.0,B01
201800027047,1.0,7,0,0.0,1.0,1.0,1.0,A01
201800027048,0.0,33,0,0.0,2.0,1.0,1.0,A01
201800027048,0.0,7,0,0.0,2.0,5.0,1.0,B01
201800027049,1.0,7,0,0.0,2.0,3.0,13.0,A01
201800027049,2.0,7,0,0.0,2.0,2.0,1.0,B01
201800027050,1.0,7,0,0.0,2.0,3.0,13.0,A01
201800027050,1.0,15,0,0.0,2.0,3.0,1.0,B01
201800027051,2.0,7,0,0.0,2.0,1.0,1.0,B01
201800027051,1.0,7,0,0.0,2.0,1.0,6.0,A01
201800027052,1.0,7,0,0.0,2.0,1.0,1.0,A01
201800027052,1.0,30,0,0.0,2.0,1.0,1.0,B01
201800027053,2.0,7,0,0.0,2.0,1.0,13.0,A01
201800027053,1.0,7,0,16.0,0.0,0.0,1.0,C01
201800027053,1.0,7,0,0.0,2.0,1.0,1.0,B01
201800027054,1.0,7,0,0.0,2.0,3.0,13.0,A01
201800027054,1.0,7,0,0.0,2.0,8.0,1.0,B01
201800027055,0.0,7,0,1.0,0.0,1.0,1.0,A01
201800027056,0.0,7,0,0.0,2.0,1.0,1.0,B01
201800027056,0.0,7,0,0.0,2.0,2.0,15.0,A01
201800027057,2.0,7,0,0.0,1.0,1.0,1.0,A01
201800027058,1.0,7,0,0.0,2.0,5.0,1.0,B01
201800027058,1.0,30,0,0.0,2.0,1.0,1.0,A01
201800027059,0.0,7,0,0.0,2.0,3.0,1.0,B01
201800027059,0.0,33,0,0.0,2.0,1.0,14.0,A01
201800027060,0.0,30,0,0.0,2.0,1.0,1.0,A01
201800027060,0.0,7,0,0.0,2.0,5.0,2.0,B01
201800027061,1.0,7,0,0.0,2.0,1.0,13.0,A01
201800027061,2.0,7,0,0.0,2.0,1.0,1.0,B01
201800027062,0.0,7,0,0.0,1.0,1.0,19.0,A01
201800027063,0.0,33,0,0.0,2.0,1.0,1.0,B01
201800027063,0.0,7,0,0.0,2.0,3.0,15.0,A01
201800027064,2.0,7,0,0.0,1.0,1.0,1.0,A01
201800027065,0.0,1,0,0.0,2.0,7.0,14.0,A01
201800027065,0.0,7,0,0.0,2.0,8.0,2.0,B01
201800027066,0.0,2,0,0.0,2.0,1.0,2.0,B01
201800027066,0.0,7,0,0.0,2.0,8.0,16.0,A01
201800027067,1.0,2,0,0.0,2.0,4.0,0.0,B01
201800027067,1.0,7,0,0.0,2.0,1.0,2.0,Z01
201800027068,2.0,2,0,0.0,2.0,1.0,1.0,B01
201800027068,1.0,7,0,0.0,2.0,3.0,15.0,A01
201800027069,1.0,7,0,0.0,2.0,8.0,1.0,A01
201800027069,2.0,1,0,0.0,2.0,7.0,19.0,B01
201800027070,2.0,7,0,0.0,2.0,3.0,0.0,B01
201800027070,1.0,7,0,0.0,2.0,8.0,0.0,A01
201800027071,2.0,14,0,0.0,1.0,1.0,17.0,A01
201800027072,0.0,1,0,0.0,2.0,1.0,0.0,B01
201800027072,1.0,7,0,0.0,2.0,1.0,1.0,A01
201800027073,1.0,7,0,0.0,2.0,3.0,16.0,B01
201800027073,0.0,30,0,0.0,2.0,1.0,0.0,A01
201800027074,1.0,7,0,0.0,2.0,2.0,15.0,A01
201800027074,2.0,7,0,0.0,2.0,1.0,1.0,B01
201800027075,0.0,10,0,6.0,0.0,2.0,14.0,A01
201800027076,1.0,7,0,6.0,0.0,1.0,1.0,A01
201800027077,0.0,7,0,0.0,2.0,2.0,15.0,A01
201800027077,0.0,33,0,0.0,2.0,1.0,1.0,B01
201800027078,2.0,37,1,0.0,2.0,5.0,15.0,C01
201800027078,2.0,7,0,0.0,2.0,3.0,13.0,A01
201800027078,1.0,7,0,6.0,2.0,3.0,1.0,B01
201800027079,1.0,7,0,0.0,2.0,3.0,9.0,A01
201800027079,1.0,7,0,0.0,2.0,5.0,1.0,B01
201800027080,1.0,7,0,6.0,0.0,8.0,13.0,A01
201800027081,1.0,7,0,13.0,0.0,1.0,14.0,A01
201800027082,0.0,7,0,16.0,0.0,1.0,1.0,A01
201800027083,2.0,30,0,0.0,2.0,3.0,13.0,A01
201800027083,2.0,7,0,0.0,2.0,3.0,1.0,B01
201800027084,1.0,7,0,0.0,2.0,2.0,9.0,A01
201800027084,1.0,32,0,0.0,2.0,4.0,2.0,B01
201800027085,2.0,7,0,0.0,2.0,4.0,2.0,B01
201800027085,2.0,7,0,0.0,2.0,1.0,2.0,A01
201800027085,2.0,7,0,0.0,2.0,4.0,2.0,C01
201800027085,2.0,7,0,0.0,2.0,4.0,2.0,D01
201800027086,2.0,7,0,13.0,2.0,1.0,2.0,A01
201800027086,2.0,30,0,0.0,2.0,4.0,2.0,B01
201800027087,1.0,33,0,3.0,0.0,7.0,14.0,A01
201800027088,1.0,7,0,0.0,1.0,3.0,1.0,A01
201800027089,1.0,7,0,0.0,2.0,2.0,19.0,A01
201800027089,1.0,1,0,0.0,2.0,1.0,1.0,B01
201800027090,1.0,7,0,0.0,1.0,3.0,1.0,A01
201800027091,1.0,30,0,0.0,0.0,0.0,0.0,A01
201800027092,1.0,7,0,0.0,2.0,6.0,13.0,A01
201800027092,1.0,2,0,0.0,2.0,2.0,21.0,B01
201800027093,0.0,1,0,0.0,2.0,6.0,19.0,B01
201800027093,0.0,7,0,0.0,2.0,2.0,16.0,A01
201800027094,0.0,31,0,3.0,0.0,1.0,19.0,A01
201800027095,1.0,7,0,8.0,0.0,8.0,2.0,A01
201800027096,1.0,7,0,13.0,0.0,3.0,14.0,A01
201800027097,1.0,15,0,0.0,1.0,5.0,1.0,A01
201800027098,1.0,7,0,0.0,1.0,5.0,16.0,A01
201800027099,1.0,7,0,3.0,0.0,8.0,13.0,A01
201800027100,0.0,1,0,0.0,0.0,0.0,0.0,A01
201800027101,0.0,7,0,0.0,1.0,1.0,1.0,A01
201800027102,0.0,7,0,0.0,2.0,1.0,9.0,A01
201800027102,0.0,1,0,0.0,2.0,7.0,1.0,B01
201800027103,0.0,33,0,0.0,2.0,2.0,1.0,B01
201800027103,0.0,7,0,0.0,2.0,6.0,4.0,A01
201800027104,0.0,1,0,0.0,0.0,0.0,1.0,A01
201800027105,0.0,7,0,0.0,2.0,4.0,1.0,B01
201800027105,0.0,30,0,0.0,2.0,1.0,1.0,A01
201800027106,0.0,7,0,8.0,0.0,3.0,9.0,A01
201800027107,0.0,7,0,0.0,1.0,1.0,1.0,A01
201800027108,0.0,1,0,5.0,0.0,1.0,1.0,A01
201800027109,2.0,7,0,3.0,0.0,1.0,2.0,A01
201800027110,1.0,31,0,0.0,2.0,3.0,1.0,B01
201800027110,1.0,7,0,0.0,2.0,1.0,15.0,A01
201800027111,0.0,7,0,0.0,1.0,1.0,15.0,A01
201800027112,0.0,7,0,0.0,2.0,1.0,1.0,A01
201800027112,0.0,7,0,0.0,2.0,5.0,23.0,C01
201800027112,0.0,7,0,0.0,2.0,7.0,1.0,B01
201800027113,1.0,7,0,4.0,0.0,1.0,0.0,A01
201800027114,1.0,7,0,0.0,1.0,1.0,1.0,A01
201800027115,1.0,7,0,0.0,2.0,1.0,12.0,A01
201800027115,1.0,7,0,0.0,2.0,2.0,9.0,B01
201800027116,1.0,7,0,0.0,1.0,1.0,15.0,A01
201800027117,2.0,2,0,0.0,2.0,2.0,1.0,B01
201800027117,1.0,7,0,0.0,2.0,1.0,1.0,A01
201800027118,1.0,33,0,10.0,0.0,1.0,1.0,A01
201800027119,0.0,7,0,0.0,2.0,1.0,1.0,B01
201800027119,0.0,7,0,0.0,2.0,8.0,1.0,A01
201800027120,1.0,7,0,3.0,0.0,1.0,1.0,A01
201800027121,0.0,7,0,0.0,2.0,1.0,9.0,A01
201800027121,0.0,1,0,0.0,2.0,7.0,1.0,B01
201800027122,0.0,1,0,12.0,0.0,7.0,1.0,A01
201800027123,0.0,7,0,0.0,2.0,4.0,1.0,B01
201800027123,0.0,7,0,0.0,2.0,1.0,1.0,A01
201800027124,0.0,7,0,0.0,2.0,1.0,1.0,A01
201800027124,0.0,99,0,0.0,2.0,0.0,0.0,R01
201800027125,0.0,7,0,0.0,2.0,1.0,1.0,B01
201800027125,0.0,33,0,0.0,2.0,2.0,1.0,A01
201800027126,1.0,7,0,0.0,1.0,1.0,1.0,A01
201800027127,1.0,7,0,0.0,2.0,4.0,1.0,B01
201800027127,1.0,7,0,0.0,2.0,1.0,1.0,A01
201800027128,1.0,7,0,0.0,2.0,7.0,1.0,B01
201800027128,1.0,1,0,0.0,2.0,1.0,1.0,A01
201800027129,1.0,7,0,0.0,2.0,3.0,11.0,A01
201800027129,2.0,7,0,0.0,2.0,1.0,1.0,C01
201800027129,1.0,7,0,0.0,2.0,2.0,1.0,B01
201800027130,2.0,10,0,0.0,2.0,1.0,1.0,D01
201800027130,2.0,7,0,0.0,2.0,6.0,1.0,E01
201800027130,2.0,7,0,0.0,2.0,4.0,1.0,B01
201800027130,2.0,7,0,0.0,2.0,4.0,1.0,C01
201800027130,2.0,7,0,0.0,2.0,1.0,1.0,A01
201800027131,0.0,7,0,0.0,1.0,1.0,1.0,A01
201800027132,0.0,7,0,0.0,2.0,5.0,15.0,A01
201800027132,0.0,33,0,0.0,2.0,1.0,1.0,B01
201800027133,0.0,10,0,0.0,2.0,1.0,1.0,A01
201800027133,0.0,7,0,0.0,2.0,8.0,2.0,B01
201800027134,0.0,2,0,0.0,2.0,1.0,11.0,A01
201800027134,0.0,1,0,0.0,2.0,4.0,15.0,B01
201800027135,0.0,1,0,0.0,1.0,1.0,1.0,A01
201800027136,0.0,2,0,0.0,0.0,3.0,16.0,A01
201800027137,0.0,10,0,0.0,1.0,1.0,16.0,A01
201800027138,1.0,7,0,0.0,1.0,3.0,1.0,A01
201800027139,1.0,32,0,0.0,2.0,1.0,1.0,B01
201800027139,1.0,7,0,0.0,2.0,1.0,9.0,A01
201800027140,1.0,2,0,0.0,2.0,0.0,1.0,B01
201800027140,1.0,7,0,0.0,2.0,1.0,1.0,A01
201800027141,1.0,7,0,9.0,0.0,1.0,1.0,A01
201800027142,1.0,7,0,0.0,1.0,4.0,4.0,A01
201800027143,0.0,7,0,0.0,2.0,8.0,1.0,A01
201800027143,0.0,1,0,0.0,2.0,1.0,1.0,B01
201800027144,0.0,33,0,0.0,0.0,8.0,1.0,A01
201800027145,1.0,33,0,8.0,0.0,1.0,1.0,A01
201800027146,0.0,7,0,0.0,1.0,1.0,15.0,A01
201800027147,1.0,37,0,0.0,1.0,3.0,1.0,A01
201800027148,1.0,7,0,0.0,1.0,1.0,1.0,A01
201800027149,1.0,7,0,0.0,0.0,1.0,1.0,A01
201800027150,1.0,2,0,0.0,2.0,7.0,1.0,B01
201800027150,1.0,7,0,0.0,2.0,1.0,4.0,A01
201800027151,1.0,30,0,0.0,2.0,6.0,1.0,B01
201800027151,1.0,7,0,0.0,2.0,2.0,1.0,A01
201800027152,1.0,7,0,0.0,1.0,1.0,1.0,A01
201800027153,0.0,1,0,0.0,0.0,1.0,21.0,A01
201800027154,0.0,7,0,0.0,1.0,2.0,1.0,A01
201800027155,0.0,7,0,0.0,1.0,2.0,9.0,A01
201800027156,1.0,30,0,12.0,0.0,1.0,17.0,A01
201800027157,0.0,1,0,0.0,2.0,7.0,1.0,B01
201800027157,0.0,7,0,0.0,2.0,2.0,15.0,A01
201800027158,0.0,40,20,0.0,1.0,2.0,1.0,A01
201800027159,0.0,7,0,0.0,2.0,1.0,1.0,A01
201800027159,0.0,7,0,0.0,2.0,5.0,1.0,B01
201800027160,0.0,7,0,0.0,2.0,1.0,2.0,A01
201800027160,0.0,7,0,0.0,2.0,1.0,1.0,B01
201800027161,0.0,10,0,0.0,2.0,6.0,1.0,A01
201800027161,0.0,2,0,0.0,2.0,8.0,1.0,B01
201800027162,0.0,7,0,0.0,2.0,1.0,1.0,B01
201800027162,0.0,7,0,0.0,2.0,1.0,15.0,A01
201800027163,0.0,1,0,0.0,2.0,7.0,1.0,B01
201800027163,0.0,1,0,0.0,2.0,1.0,1.0,A01
201800027164,0.0,7,0,9.0,0.0,1.0,1.0,A01
201800027165,0.0,31,0,0.0,0.0,7.0,1.0,A01
201800027166,0.0,2,0,0.0,2.0,5.0,1.0,B01
201800027166,0.0,7,0,0.0,2.0,3.0,15.0,A01
201800027167,1.0,7,0,0.0,2.0,8.0,1.0,C01
201800027167,1.0,7,0,0.0,2.0,2.0,1.0,A01
201800027167,1.0,7,0,0.0,2.0,6.0,1.0,B01
201800027168,0.0,7,0,0.0,2.0,2.0,15.0,A01
201800027168,0.0,1,0,0.0,2.0,1.0,1.0,B01
201800027169,1.0,14,0,0.0,9.0,5.0,16.0,A01
201800027169,1.0,2,0,0.0,2.0,0.0,16.0,B01
201800027170,1.0,7,0,0.0,2.0,4.0,2.0,B01
201800027170,1.0,7,0,0.0,2.0,1.0,2.0,A01
201800027171,1.0,14,0,0.0,1.0,4.0,4.0,A01
201800027172,1.0,7,0,13.0,0.0,1.0,1.0,A01
201800027173,1.0,7,0,0.0,2.0,4.0,0.0,C01
201800027173,1.0,7,0,0.0,2.0,1.0,2.0,A01
201800027173,1.0,7,0,0.0,2.0,4.0,0.0,B01
201800027174,1.0,7,0,0.0,1.0,2.0,0.0,A01
201800027175,1.0,7,0,0.0,1.0,4.0,4.0,A01
201800027176,1.0,7,0,0.0,1.0,4.0,20.0,A01
201800027177,1.0,7,0,6.0,2.0,4.0,2.0,A01
201800027177,1.0,7,0,0.0,2.0,1.0,16.0,B01
201800027178,1.0,7,0,0.0,2.0,4.0,2.0,B01
201800027178,1.0,2,0,0.0,2.0,1.0,2.0,A01
201800027179,1.0,2,0,0.0,0.0,0.0,0.0,A01
201800027180,1.0,7,0,0.0,2.0,2.0,0.0,A01
201800027180,1.0,1,0,0.0,2.0,1.0,1.0,B01
201800027181,1.0,7,0,0.0,2.0,1.0,1.0,A01
201800027181,1.0,2,0,0.0,2.0,4.0,1.0,B01
201800027182,1.0,7,0,1.0,0.0,3.0,0.0,A01
201800027183,1.0,31,0,0.0,0.0,0.0,0.0,A01
201800027184,1.0,7,0,13.0,0.0,1.0,0.0,A01
201800027185,1.0,7,0,0.0,2.0,5.0,15.0,A01
201800027185,1.0,2,0,0.0,2.0,1.0,21.0,B01
201800027186,1.0,31,0,0.0,2.0,1.0,0.0,B01
201800027186,1.0,7,0,0.0,2.0,2.0,0.0,A01
201800027187,1.0,7,0,0.0,2.0,1.0,16.0,A01
201800027187,1.0,7,0,0.0,2.0,3.0,15.0,B01
201800027188,1.0,7,0,0.0,2.0,0.0,0.0,A01
201800027188,2.0,30,0,0.0,2.0,0.0,0.0,B01
201800027189,2.0,7,0,0.0,2.0,8.0,10.0,A01
201800027189,2.0,7,0,0.0,2.0,1.0,1.0,B01
201800027190,2.0,1,0,0.0,0.0,0.0,1.0,A01
201800027191,1.0,7,0,4.0,0.0,1.0,0.0,A01
201800027192,1.0,7,0,0.0,2.0,4.0,0.0,B01
201800027192,1.0,7,0,0.0,2.0,1.0,1.0,A01
201800027193,1.0,31,0,0.0,0.0,0.0,0.0,A01
201800027194,1.0,7,0,0.0,1.0,1.0,15.0,A01
201800027195,1.0,7,0,5.0,2.0,2.0,1.0,A01
201800027196,1.0,7,0,0.0,1.0,1.0,0.0,A01
201800027197,1.0,7,0,0.0,2.0,2.0,2.0,A01
201800027197,1.0,7,0,0.0,2.0,6.0,20.0,B01
201800027198,1.0,7,0,3.0,0.0,2.0,1.0,A01
201800027199,1.0,7,0,0.0,2.0,3.0,15.0,A01
201800027199,2.0,7,0,0.0,2.0,8.0,2.0,B01
201800027200,1.0,7,0,5.0,0.0,3.0,1.0,A01
201800027201,2.0,7,0,0.0,9.0,2.0,19.0,A01
201800027201,1.0,1,0,0.0,2.0,4.0,19.0,B01
201800027202,1.0,2,0,0.0,0.0,0.0,0.0,A01
201800027203,2.0,7,0,0.0,2.0,6.0,0.0,B01
201800027203,1.0,2,0,0.0,2.0,1.0,0.0,A01
201800027204,2.0,7,0,1.0,1.0,0.0,20.0,A01
201800027205,1.0,14,0,0.0,2.0,1.0,0.0,A01
201800027205,1.0,7,0,0.0,2.0,4.0,15.0,B01
201800027206,2.0,7,0,0.0,1.0,7.0,1.0,A01
201800027207,1.0,1,0,0.0,0.0,0.0,21.0,A01
201800027208,1.0,7,0,0.0,2.0,2.0,12.0,A01
201800027208,1.0,13,0,0.0,2.0,6.0,1.0,B01
201800027209,1.0,7,0,0.0,2.0,2.0,0.0,A01
201800027209,1.0,7,0,0.0,2.0,1.0,0.0,B01
201800027210,2.0,2,0,4.0,0.0,0.0,0.0,A01
201800027211,1.0,1,0,0.0,2.0,2.0,0.0,B01
201800027211,1.0,7,0,0.0,2.0,1.0,0.0,A01
201800027212,1.0,7,0,0.0,2.0,5.0,0.0,B01
201800027212,1.0,2,0,0.0,2.0,2.0,0.0,A01
201800027213,1.0,1,0,0.0,0.0,0.0,1.0,A01
201800027214,1.0,2,0,14.0,0.0,2.0,1.0,A01
201800027215,1.0,7,0,0.0,2.0,1.0,1.0,A01
201800027215,2.0,33,0,0.0,2.0,7.0,1.0,B01
201800027216,2.0,7,0,0.0,1.0,1.0,1.0,A01
201800027217,1.0,1,0,0.0,0.0,0.0,1.0,A01
201800027218,2.0,10,0,0.0,2.0,2.0,1.0,B01
201800027218,1.0,7,0,0.0,2.0,3.0,9.0,A01
201800027219,1.0,7,0,0.0,2.0,6.0,1.0,A01
201800027219,1.0,33,0,0.0,2.0,2.0,0.0,B01
201800027220,1.0,7,0,3.0,0.0,1.0,0.0,A01
201800027221,1.0,10,0,0.0,2.0,3.0,7.0,A01
201800027221,1.0,7,0,0.0,2.0,5.0,16.0,B01
201800027222,1.0,7,0,0.0,2.0,1.0,0.0,A01
201800027222,1.0,7,0,13.0,2.0,5.0,0.0,B01
201800027223,1.0,7,0,0.0,2.0,4.0,2.0,B01
201800027223,1.0,31,0,0.0,2.0,1.0,1.0,A01
201800027224,1.0,7,0,8.0,0.0,2.0,14.0,A01
201800027225,0.0,2,0,0.0,0.0,0.0,21.0,A01
201800027226,1.0,10,0,0.0,2.0,1.0,15.0,A01
201800027226,1.0,7,0,0.0,2.0,7.0,1.0,B01
201800027227,1.0,1,0,0.0,2.0,1.0,8.0,A01
201800027227,2.0,7,0,0.0,2.0,6.0,0.0,B01
201800027228,0.0,37,20,0.0,0.0,0.0,0.0,B01
201800027228,0.0,7,0,0.0,0.0,0.0,0.0,A01
201800027229,1.0,7,0,0.0,2.0,2.0,0.0,B01
201800027229,1.0,7,0,0.0,2.0,1.0,0.0,A01
201800027230,1.0,7,0,0.0,2.0,4.0,1.0,B01
201800027230,1.0,7,0,0.0,2.0,1.0,1.0,A01
201800027231,1.0,7,0,0.0,2.0,2.0,1.0,B01
201800027231,1.0,7,0,0.0,2.0,1.0,19.0,A01
201800027232,1.0,7,0,0.0,2.0,1.0,0.0,A01
201800027232,1.0,14,0,0.0,2.0,5.0,0.0,B01
201800027233,1.0,7,0,3.0,0.0,1.0,15.0,A01
201800027234,1.0,7,0,0.0,2.0,1.0,15.0,A01
201800027234,0.0,1,0,0.0,0.0,0.0,0.0,C01
201800027234,1.0,1,0,0.0,2.0,1.0,0.0,B01
201800027235,1.0,7,0,0.0,2.0,1.0,1.0,B01
201800027235,1.0,7,0,0.0,2.0,3.0,9.0,A01
201800027236,1.0,2,0,10.0,0.0,1.0,1.0,A01
201800027237,0.0,7,0,0.0,2.0,1.0,0.0,A01
201800027237,1.0,1,0,0.0,2.0,5.0,1.0,B01
201800027238,1.0,7,0,0.0,1.0,1.0,1.0,A01
201800027239,0.0,7,0,0.0,0.0,0.0,0.0,A01
201800027239,0.0,2,0,0.0,0.0,0.0,0.0,B01
201800027240,1.0,10,0,0.0,2.0,4.0,23.0,B01
201800027240,1.0,33,0,14.0,0.0,1.0,0.0,A01
201800027241,1.0,33,0,0.0,2.0,1.0,0.0,A01
201800027241,1.0,7,0,0.0,2.0,6.0,11.0,B01
201800027242,0.0,37,30,0.0,1.0,2.0,0.0,A01
201800027243,1.0,7,0,0.0,2.0,2.0,15.0,A01
201800027243,2.0,2,0,0.0,2.0,3.0,1.0,B01
201800027244,0.0,7,0,0.0,2.0,1.0,0.0,B01