Num_Acc,senc,catv,occutc,obs,obsm,choc,manv,num_veh
201800027782,0.0,33,0,16.0,0.0,0.0,13.0,A01
201800027783,0.0,7,0,0.0,2.0,6.0,4.0,A01
201800027783,0.0,7,0,0.0,2.0,8.0,1.0,B01
201800027784,0.0,1,0,0.0,2.0,1.0,2.0,A01
201800027784,0.0,7,0,0.0,2.0,4.0,16.0,B01
201800027785,0.0,7,0,0.0,2.0,1.0,2.0,A01
201800027785,0.0,7,0,0.0,2.0,5.0,1.0,B01
201800027786,0.0,7,0,0.0,1.0,1.0,1.0,A01
201800027787,2.0,2,0,0.0,2.0,3.0,18.0,A01
201800027787,2.0,2,0,1.0,2.0,4.0,1.0,B01
201800027788,1.0,31,0,0.0,2.0,1.0,1.0,A01
201800027788,2.0,7,0,0.0,2.0,3.0,15.0,B01
201800027789,0.0,7,0,13.0,0.0,9.0,1.0,A01
201800027790,2.0,2,0,0.0,2.0,2.0,17.0,A01
201800027790,2.0,37,30,0.0,2.0,6.0,1.0,B01
201800027791,0.0,7,0,0.0,1.0,3.0,1.0,A01
201800027792,0.0,7,0,0.0,1.0,1.0,16.0,A01
201800027793,0.0,2,0,0.0,2.0,1.0,2.0,A01
201800027793,0.0,10,0,0.0,2.0,4.0,1.0,B01
201800027794,1.0,7,0,0.0,2.0,2.0,1.0,A01
201800027794,2.0,7,0,0.0,2.0,5.0,15.0,B01
201800027795,0.0,10,0,0.0,1.0,2.0,16.0,A01
201800027796,0.0,7,0,0.0,1.0,3.0,1.0,A01
201800027797,0.0,7,0,3.0,0.0,3.0,13.0,A01
201800027798,0.0,7,0,0.0,1.0,2.0,1.0,A01
201800027799,0.0,7,0,8.0,0.0,1.0,13.0,A01
201800027800,0.0,7,0,0.0,2.0,1.0,9.0,A01
201800027800,0.0,1,0,0.0,2.0,5.0,1.0,B01
201800027801,0.0,2,0,16.0,0.0,3.0,17.0,A01
201800027802,0.0,2,0,12.0,0.0,1.0,14.0,A01
201800027803,0.0,2,0,14.0,0.0,2.0,1.0,A01
201800027804,0.0,7,0,8.0,0.0,2.0,1.0,A01
201800027805,0.0,7,0,0.0,1.0,1.0,21.0,A01
201800027806,1.0,7,0,0.0,2.0,8.0,10.0,A01
201800027806,1.0,2,0,0.0,2.0,1.0,1.0,B01
201800027807,0.0,7,0,0.0,2.0,2.0,15.0,A01
201800027807,0.0,2,0,0.0,2.0,1.0,1.0,B01
201800027808,0.0,1,0,0.0,2.0,1.0,0.0,A01
201800027808,0.0,7,0,0.0,2.0,2.0,0.0,B01
201800027809,0.0,7,0,0.0,2.0,3.0,1.0,A01
201800027809,0.0,7,0,0.0,2.0,3.0,17.0,B01
201800027810,0.0,10,0,2.0,0.0,1.0,1.0,A01
201800027811,0.0,7,0,1.0,0.0,1.0,1.0,A01
201800027812,0.0,7,0,0.0,2.0,5.0,15.0,A01
201800027812,0.0,2,0,0.0,2.0,1.0,1.0,B01
201800027813,0.0,7,0,6.0,0.0,6.0,1.0,A01
201800027814,1.0,10,0,0.0,2.0,2.0,15.0,A01
201800027814,1.0,7,0,0.0,2.0,2.0,1.0,B01
201800027815,0.0,14,0,0.0,2.0,2.0,4.0,A01
201800027815,0.0,2,0,0.0,2.0,1.0,1.0,B01
201800027816,0.0,3,0,0.0,2.0,3.0,11.0,A01
201800027816,0.0,10,0,0.0,2.0,3.0,17.0,B01
201800027817,1.0,7,0,0.0,2.0,1.0,2.0,A01
201800027817,1.0,7,0,0.0,2.0,4.0,2.0,B01
201800027817,1.0,7,0,0.0,2.0,4.0,1.0,C01
201800027818,0.0,7,0,8.0,0.0,1.0,16.0,A01
201800027819,2.0,17,0,0.0,2.0,1.0,2.0,A01
201800027819,2.0,7,0,0.0,0.0,0.0,1.0,B01
201800027820,0.0,7,0,6.0,0.0,1.0,19.0,A01
201800027821,1.0,7,0,0.0,1.0,3.0,1.0,A01
201800027822,0.0,7,0,0.0,1.0,1.0,1.0,A01
201800027823,0.0,7,0,13.0,0.0,3.0,13.0,A01
201800027824,0.0,7,0,0.0,2.0,3.0,1.0,A01
201800027824,0.0,7,0,0.0,2.0,3.0,9.0,B01
201800027825,2.0,7,0,0.0,2.0,1.0,2.0,A01
201800027825,2.0,7,0,0.0,2.0,4.0,23.0,B01
201800027825,2.0,7,0,0.0,2.0,4.0,23.0,C01
201800027826,1.0,7,0,8.0,0.0,1.0,14.0,A01
201800027827,0.0,7,0,0.0,1.0,1.0,16.0,A01
201800027828,0.0,10,0,0.0,2.0,2.0,1.0,A01
201800027828,0.0,7,0,0.0,2.0,3.0,1.0,B01
201800027829,0.0,7,0,0.0,2.0,8.0,9.0,A01
201800027829,0.0,2,0,0.0,2.0,1.0,1.0,B01
201800027830,0.0,1,0,0.0,2.0,1.0,1.0,B01
201800027830,0.0,7,0,0.0,2.0,6.0,15.0,A01
201800027831,0.0,7,0,0.0,1.0,2.0,1.0,A01
201800027832,1.0,7,0,0.0,1.0,1.0,15.0,A01
201800027833,1.0,7,0,6.0,0.0,1.0,13.0,A01
201800027834,0.0,7,0,0.0,1.0,2.0,1.0,A01
201800027835,1.0,7,0,0.0,2.0,3.0,14.0,A01
201800027835,1.0,7,0,0.0,2.0,2.0,9.0,B01
201800027836,1.0,7,0,0.0,0.0,1.0,14.0,A01
201800027837,1.0,7,0,0.0,2.0,5.0,9.0,A01
201800027837,1.0,33,0,0.0,2.0,1.0,2.0,B01
201800027838,0.0,7,0,0.0,2.0,3.0,19.0,A01
201800027838,0.0,7,0,1.0,0.0,0.0,0.0,B01
201800027839,2.0,33,0,0.0,0.0,0.0,16.0,A01
201800027840,1.0,7,0,0.0,2.0,2.0,15.0,A01
201800027840,2.0,38,20,0.0,2.0,1.0,1.0,B01
201800027841,1.0,7,0,0.0,2.0,2.0,0.0,A01
201800027841,1.0,30,0,0.0,2.0,5.0,15.0,B01
201800027842,0.0,7,0,0.0,1.0,1.0,1.0,A01
201800027843,1.0,10,0,0.0,5.0,2.0,1.0,A01
201800027844,2.0,7,0,13.0,0.0,7.0,1.0,A01
201800027845,1.0,7,0,0.0,2.0,1.0,1.0,A01
201800027845,1.0,7,0,0.0,2.0,7.0,19.0,B01
201800027846,1.0,7,0,0.0,1.0,2.0,1.0,A01
201800027847,2.0,7,0,0.0,1.0,7.0,14.0,A01
201800027848,1.0,7,0,0.0,2.0,1.0,2.0,A01
201800027848,1.0,7,0,0.0,2.0,4.0,1.0,B01
201800027849,1.0,7,0,0.0,2.0,1.0,2.0,A01
201800027849,1.0,7,0,0.0,2.0,4.0,23.0,B01
201800027850,1.0,2,0,6.0,0.0,3.0,13.0,A01
201800027851,1.0,7,0,2.0,0.0,7.0,14.0,A01
201800027852,1.0,7,0,6.0,0.0,3.0,13.0,A01
201800027853,0.0,7,0,0.0,2.0,2.0,19.0,A01
201800027853,0.0,7,0,0.0,2.0,1.0,1.0,B01
201800027854,2.0,7,0,0.0,1.0,3.0,1.0,A01
201800027855,1.0,30,0,0.0,0.0,1.0,1.0,A01
201800027856,2.0,7,0,0.0,1.0,7.0,0.0,A01
201800027857,0.0,10,0,12.0,0.0,1.0,13.0,A01
201800027858,2.0,7,0,0.0,2.0,1.0,13.0,A01
201800027858,2.0,7,0,0.0,2.0,1.0,1.0,B01
201800027859,0.0,2,0,0.0,2.0,1.0,0.0,A01
201800027859,0.0,7,0,0.0,2.0,3.0,0.0,B01
201800027860,2.0,30,0,0.0,1.0,1.0,1.0,A01
201800027861,1.0,7,0,0.0,2.0,7.0,15.0,A01
201800027861,2.0,2,0,0.0,2.0,1.0,1.0,B01
201800027861,2.0,7,0,0.0,2.0,0.0,1.0,T01
201800027862,2.0,10,0,0.0,2.0,2.0,1.0,A01
201800027862,2.0,2,0,0.0,2.0,1.0,1.0,B01
201800027863,0.0,2,0,15.0,0.0,3.0,13.0,A01
201800027864,2.0,7,0,0.0,1.0,1.0,1.0,A01
201800027865,1.0,7,0,0.0,2.0,3.0,9.0,A01
201800027865,2.0,1,0,0.0,2.0,1.0,2.0,B01
201800027866,1.0,30,0,0.0,2.0,1.0,2.0,A01
201800027866,0.0,7,0,0.0,2.0,4.0,23.0,B01
201800027867,2.0,7,0,0.0,1.0,2.0,1.0,A01
201800027868,1.0,7,0,0.0,1.0,1.0,1.0,A01
201800027869,1.0,31,0,0.0,2.0,0.0,2.0,A01
201800027869,1.0,7,0,0.0,2.0,3.0,2.0,B01
201800027870,1.0,7,0,0.0,1.0,2.0,1.0,A01
201800027871,1.0,2,0,12.0,0.0,1.0,16.0,A01
201800027872,,7,0,0.0,1.0,2.0,1.0,A01
201800027873,1.0,7,0,0.0,1.0,3.0,1.0,A01
201800027874,1.0,7,0,0.0,2.0,2.0,17.0,A01
201800027874,1.0,7,0,0.0,2.0,3.0,15.0,B01
201800027875,1.0,3,0,0.0,1.0,1.0,1.0,A01
201800027876,0.0,7,0,0.0,2.0,3.0,15.0,A01
201800027876,0.0,2,0,0.0,2.0,1.0,17.0,B01
201800027877,1.0,7,0,0.0,1.0,2.0,1.0,A01
201800027878,1.0,7,0,0.0,2.0,1.0,9.0,A01
201800027878,0.0,1,0,0.0,0.0,0.0,1.0,B01
201800027879,2.0,7,0,0.0,2.0,5.0,15.0,A01
201800027879,1.0,7,0,0.0,2.0,1.0,1.0,B01
201800027880,1.0,7,0,0.0,1.0,2.0,1.0,A01
201800027881,2.0,7,0,4.0,0.0,0.0,1.0,A01
201800027882,1.0,7,0,0.0,1.0,2.0,1.0,A01
201800027883,1.0,7,0,0.0,2.0,1.0,9.0,A01
201800027883,2.0,32,0,0.0,2.0,1.0,9.0,B01
201800027884,1.0,1,0,0.0,2.0,3.0,19.0,A01
201800027884,1.0,10,0,0.0,2.0,0.0,1.0,B01
201800027885,0.0,7,0,0.0,1.0,3.0,20.0,A01
201800027886,2.0,7,0,0.0,2.0,1.0,13.0,A01
201800027886,1.0,7,0,0.0,2.0,1.0,1.0,C01
201800027886,1.0,7,0,0.0,2.0,1.0,1.0,B01
201800027887,1.0,7,0,0.0,2.0,2.0,15.0,A01
201800027887,2.0,31,0,0.0,2.0,1.0,1.0,B01
201800027888,2.0,7,0,0.0,2.0,3.0,1.0,B01
201800027888,1.0,7,0,0.0,2.0,3.0,13.0,A01
201800027889,1.0,7,0,0.0,1.0,3.0,15.0,A01
201800027890,1.0,7,0,0.0,2.0,5.0,15.0,A01
201800027890,2.0,33,0,0.0,2.0,1.0,1.0,B01
201800027891,0.0,7,0,0.0,0.0,0.0,11.0,B01
201800027891,1.0,33,0,12.0,0.0,7.0,11.0,A01
201800027892,2.0,7,0,2.0,2.0,3.0,1.0,C01
201800027892,1.0,17,0,0.0,2.0,3.0,1.0,B01
201800027892,2.0,7,0,0.0,2.0,3.0,13.0,A01
201800027893,2.0,7,0,0.0,2.0,8.0,5.0,C01
201800027893,1.0,33,0,0.0,2.0,1.0,1.0,B01
201800027893,1.0,7,0,0.0,2.0,8.0,20.0,A01
201800027894,1.0,2,0,0.0,2.0,5.0,1.0,B01
201800027894,0.0,7,0,0.0,2.0,2.0,19.0,A01
201800027895,2.0,7,0,2.0,0.0,9.0,0.0,A01
201800027896,1.0,7,0,0.0,1.0,3.0,15.0,A01
201800027897,2.0,7,0,0.0,2.0,1.0,1.0,A01
201800027897,1.0,35,0,0.0,2.0,7.0,19.0,B01
201800027898,0.0,10,0,0.0,1.0,4.0,4.0,A01
201800027899,1.0,30,0,0.0,2.0,1.0,16.0,A01
201800027899,2.0,7,0,0.0,2.0,3.0,1.0,B01
201800027900,2.0,37,1,0.0,1.0,7.0,0.0,A01
201800027901,1.0,7,0,0.0,2.0,3.0,19.0,A01
201800027901,2.0,7,0,0.0,2.0,8.0,15.0,B01
201800027902,0.0,7,0,9.0,1.0,1.0,0.0,A01
201800027903,1.0,7,0,0.0,1.0,1.0,1.0,A01
201800027904,0.0,30,0,14.0,0.0,1.0,0.0,A01
201800027905,0.0,7,0,0.0,2.0,3.0,9.0,A01
201800027905,0.0,2,0,0.0,2.0,1.0,1.0,B01
201800027906,2.0,7,0,0.0,1.0,1.0,15.0,A01
201800027907,1.0,7,0,0.0,1.0,3.0,15.0,A01
201800027908,1.0,7,0,0.0,1.0,1.0,21.0,A01
201800027909,1.0,10,0,0.0,1.0,1.0,1.0,A01
201800027910,1.0,7,0,0.0,2.0,3.0,1.0,A01
201800027910,2.0,1,0,,,,,B02
201800027911,2.0,7,0,0.0,1.0,2.0,1.0,A01
201800027912,1.0,30,0,15.0,1.0,0.0,9.0,A01
201800027913,1.0,7,0,0.0,2.0,1.0,2.0,B01
201800027913,1.0,7,0,0.0,2.0,4.0,2.0,A01
201800027914,2.0,7,0,0.0,2.0,2.0,19.0,A01
201800027914,1.0,7,0,0.0,2.0,1.0,2.0,B01
201800027915,1.0,10,0,0.0,1.0,1.0,21.0,A01
201800027916,0.0,7,0,0.0,1.0,1.0,1.0,A01
201800027917,1.0,7,0,0.0,1.0,1.0,16.0,A01
201800027918,1.0,7,0,0.0,1.0,1.0,15.0,A01
201800027919,2.0,32,0,0.0,2.0,1.0,0.0,A01
201800027919,1.0,1,0,0.0,2.0,1.0,19.0,B01
201800027920,1.0,33,0,0.0,2.0,3.0,0.0,B01
201800027920,1.0,7,0,0.0,2.0,3.0,16.0,A01
201800027921,0.0,7,0,0.0,2.0,3.0,15.0,B01
201800027921,0.0,30,0,0.0,2.0,1.0,17.0,A01
201800027922,0.0,7,0,0.0,1.0,1.0,1.0,A01
201800027923,0.0,7,0,0.0,2.0,0.0,23.0,B01
201800027923,0.0,30,0,0.0,2.0,1.0,1.0,A01
201800027924,0.0,7,0,8.0,0.0,1.0,13.0,A01
201800027925,2.0,1,0,0.0,2.0,8.0,1.0,B01
201800027925,1.0,7,0,0.0,2.0,1.0,15.0,A01
201800027926,2.0,7,0,0.0,1.0,1.0,1.0,A01
201800027927,0.0,7,0,0.0,2.0,2.0,1.0,A01
201800027927,0.0,7,0,0.0,2.0,6.0,15.0,B01
201800027928,2.0,31,0,0.0,2.0,1.0,21.0,B01
201800027928,1.0,7,0,0.0,2.0,2.0,15.0,A01
201800027929,2.0,7,0,9.0,0.0,1.0,2.0,A01
201800027929,2.0,7,0,0.0,0.0,4.0,23.0,C01
201800027929,2.0,7,0,0.0,2.0,4.0,2.0,B01
201800027930,2.0,40,1,0.0,1.0,1.0,1.0,A01
201800027931,1.0,7,0,0.0,1.0,2.0,2.0,A01
201800027932,1.0,7,0,0.0,2.0,4.0,2.0,B01
201800027932,1.0,7,0,0.0,2.0,1.0,2.0,A01
201800027933,0.0,7,0,0.0,2.0,1.0,2.0,A01
201800027933,0.0,7,0,0.0,2.0,4.0,2.0,B01
201800027934,2.0,7,0,0.0,1.0,1.0,1.0,A01
201800027935,2.0,7,0,0.0,1.0,3.0,0.0,A01
201800027936,1.0,7,0,0.0,2.0,1.0,0.0,Z01
201800027936,1.0,7,0,0.0,2.0,1.0,0.0,B01
201800027937,2.0,33,0,0.0,2.0,1.0,17.0,A01
201800027937,2.0,7,0,0.0,2.0,6.0,15.0,B01
201800027938,0.0,7,0,0.0,2.0,4.0,23.0,B01
201800027938,0.0,7,0,0.0,2.0,1.0,2.0,A01
201800027939,1.0,7,0,0.0,1.0,8.0,14.0,A01
201800027940,2.0,7,0,0.0,1.0,1.0,1.0,A01
201800027941,0.0,7,0,0.0,2.0,1.0,1.0,C01
201800027941,0.0,30,0,0.0,2.0,7.0,1.0,B01
201800027941,0.0,7,0,0.0,2.0,1.0,16.0,A01
201800027942,1.0,7,0,0.0,2.0,4.0,2.0,B01
201800027942,1.0,7,0,0.0,2.0,3.0,2.0,A01
201800027943,2.0,7,0,9.0,0.0,3.0,13.0,A01
201800027944,0.0,7,0,0.0,2.0,1.0,2.0,A01
201800027944,0.0,7,0,0.0,2.0,4.0,2.0,B01
201800027944,0.0,7,0,0.0,2.0,4.0,2.0,C01
201800027945,0.0,7,0,0.0,1.0,2.0,15.0,A01
201800027946,2.0,37,10,0.0,2.0,4.0,23.0,B01
201800027946,2.0,7,0,1.0,2.0,1.0,21.0,A01
201800027947,2.0,10,0,0.0,1.0,2.0,21.0,A01
201800027948,0.0,7,0,0.0,2.0,4.0,1.0,B01
201800027948,0.0,7,0,0.0,2.0,1.0,1.0,A01
201800027949,2.0,10,0,0.0,1.0,1.0,1.0,A01
201800027950,1.0,31,0,0.0,2.0,1.0,2.0,A01
201800027950,1.0,7,0,0.0,2.0,6.0,1.0,B01
201800027951,2.0,7,0,0.0,1.0,7.0,4.0,A01
201800027952,1.0,1,0,0.0,1.0,1.0,1.0,A01
201800027953,2.0,7,0,0.0,1.0,2.0,0.0,A01
201800027954,2.0,2,0,0.0,2.0,7.0,1.0,B01
201800027954,2.0,7,0,0.0,2.0,3.0,16.0,A01
201800027955,1.0,32,0,0.0,2.0,1.0,1.0,B01
201800027955,1.0,7,0,0.0,2.0,2.0,16.0,A01
201800027956,1.0,7,0,0.0,0.0,7.0,0.0,A01
201800027957,1.0,7,0,0.0,2.0,1.0,15.0,A01
201800027957,2.0,31,0,0.0,2.0,1.0,1.0,B01
201800027958,2.0,7,0,0.0,2.0,4.0,2.0,B01
201800027958,2.0,7,0,0.0,2.0,1.0,2.0,A01
201800027959,2.0,7,0,0.0,1.0,1.0,15.0,A01
201800027960,1.0,7,0,0.0,1.0,1.0,15.0,A01
201800027961,1.0,7,0,0.0,2.0,8.0,1.0,A01
201800027961,2.0,30,0,0.0,2.0,1.0,1.0,B01
201800027962,0.0,31,0,0.0,2.0,1.0,1.0,B01
201800027962,0.0,7,0,0.0,2.0,6.0,16.0,A01
201800027963,1.0,7,0,0.0,1.0,1.0,15.0,A01
201800027964,0.0,7,0,0.0,2.0,3.0,15.0,B01
201800027964,0.0,7,0,0.0,2.0,3.0,19.0,A01
201800027965,0.0,7,0,2.0,2.0,6.0,0.0,A01
201800027965,0.0,7,0,0.0,2.0,1.0,1.0,B01
201800027966,2.0,7,0,0.0,2.0,3.0,9.0,A01
201800027966,2.0,37,2,0.0,2.0,2.0,7.0,B01
201800027967,1.0,7,0,0.0,2.0,6.0,20.0,B01
201800027967,1.0,7,0,0.0,2.0,1.0,2.0,A01
201800027968,2.0,30,0,0.0,2.0,7.0,1.0,B01
201800027968,1.0,7,0,0.0,2.0,0.0,15.0,A01
201800027969,1.0,7,0,0.0,2.0,3.0,1.0,B01
201800027969,1.0,34,0,0.0,2.0,1.0,19.0,A01
201800027970,1.0,30,0,0.0,2.0,1.0,2.0,B01
201800027970,1.0,10,0,0.0,2.0,4.0,23.0,A01
201800027971,1.0,7,0,2.0,0.0,1.0,14.0,A01
201800027972,1.0,7,0,0.0,2.0,1.0,15.0,A01
201800027972,1.0,30,0,0.0,2.0,7.0,1.0,B01
201800027973,1.0,7,0,0.0,1.0,2.0,9.0,A01
201800027974,2.0,7,0,0.0,0.0,2.0,9.0,A01
201800027975,1.0,7,0,0.0,1.0,3.0,0.0,A01
201800027976,2.0,7,0,0.0,2.0,4.0,2.0,B01
201800027976,2.0,34,0,0.0,2.0,1.0,1.0,A01
201800027977,1.0,7,0,0.0,2.0,1.0,16.0,B01
201800027977,1.0,7,0,1.0,2.0,3.0,2.0,A01
201800027978,2.0,7,0,0.0,2.0,1.0,2.0,A01
201800027978,1.0,7,0,0.0,2.0,7.0,15.0,B01
201800027979,1.0,7,0,0.0,2.0,1.0,2.0,A01
201800027979,1.0,7,0,0.0,2.0,4.0,0.0,B01
201800027980,1.0,7,0,0.0,2.0,4.0,2.0,C01
201800027980,1.0,7,0,0.0,2.0,4.0,2.0,B01
201800027980,1.0,7,0,0.0,2.0,1.0,2.0,D01
201800027980,1.0,7,0,0.0,2.0,4.0,2.0,A01
201800027981,0.0,7,0,0.0,1.0,4.0,4.0,A01
201800027982,0.0,32,0,0.0,2.0,1.0,17.0,A01
201800027982,0.0,7,0,0.0,2.0,1.0,15.0,B01
201800027983,0.0,7,0,0.0,1.0,3.0,16.0,A01
201800027984,1.0,7,0,0.0,1.0,5.0,1.0,A01
201800027985,1.0,10,0,0.0,2.0,2.0,1.0,B01
201800027985,0.0,7,0,0.0,2.0,8.0,9.0,A01
201800027986,1.0,1,0,0.0,2.0,8.0,0.0,B01
201800027986,0.0,7,0,0.0,2.0,2.0,0.0,A01
201800027987,0.0,7,0,14.0,0.0,1.0,2.0,A01
201800027987,0.0,7,0,14.0,0.0,4.0,2.0,B01
201800027987,0.0,7,0,14.0,0.0,4.0,2.0,C01
201800027988,1.0,10,0,0.0,1.0,3.0,15.0,A01
201800027989,1.0,7,0,0.0,1.0,1.0,1.0,A01
201800027990,2.0,7,0,0.0,2.0,6.0,15.0,A01
201800027990,1.0,1,0,0.0,2.0,1.0,1.0,B01
201800027991,1.0,7,0,0.0,2.0,1.0,19.0,A01
201800027991,1.0,31,0,0.0,2.0,3.0,19.0,B01
201800027992,0.0,7,0,0.0,2.0,1.0,2.0,A01
201800027992,0.0,7,0,0.0,2.0,4.0,2.0,B01
201800027993,1.0,7,0,11.0,0.0,1.0,13.0,A01
201800027994,1.0,33,0,0.0,2.0,1.0,17.0,A01
201800027994,1.0,7,0,0.0,2.0,3.0,15.0,B01
201800027995,2.0,1,0,0.0,2.0,1.0,1.0,B01
201800027995,1.0,7,0,0.0,2.0,1.0,12.0,A01
201800027996,0.0,7,0,0.0,2.0,4.0,2.0,B01
201800027996,0.0,7,0,0.0,0.0,0.0,2.0,A01
201800027997,0.0,1,0,0.0,2.0,7.0,1.0,B01
201800027997,0.0,7,0,0.0,6.0,8.0,9.0,A01
201800027998,1.0,7,0,0.0,2.0,7.0,2.0,B01
201800027998,1.0,1,0,0.0,2.0,0.0,0.0,A01
201800027999,0.0,7,0,0.0,2.0,3.0,15.0,B01
201800027999,0.0,2,0,0.0,2.0,1.0,17.0,A01
201800028000,1.0,7,0,0.0,2.0,3.0,1.0,B01
201800028000,2.0,7,0,0.0,2.0,3.0,15.0,A01
201800028001,2.0,7,0,0.0,2.0,1.0,1.0,A01
201800028001,2.0,7,0,0.0,2.0,2.0,15.0,B01
201800028002,0.0,7,0,0.0,2.0,8.0,15.0,A01
201800028002,0.0,33,0,0.0,2.0,1.0,1.0,B01
201800028003,1.0,32,0,1.0,2.0,1.0,0.0,A01
201800028003,0.0,7,0,0.0,0.0,0.0,0.0,B01
201800028004,0.0,10,0,0.0,1.0,6.0,16.0,A01
201800028005,2.0,7,0,0.0,2.0,3.0,1.0,B01
201800028005,1.0,7,0,0.0,2.0,3.0,13.0,A01
201800028006,2.0,7,0,0.0,1.0,1.0,17.0,A01
201800028007,2.0,7,0,10.0,0.0,1.0,1.0,A01
201800028008,0.0,1,0,0.0,2.0,8.0,19.0,A01
201800028008,0.0,7,0,0.0,6.0,1.0,1.0,B01
201800028009,1.0,14,0,0.0,2.0,1.0,2.0,A01
201800028009,1.0,10,0,0.0,0.0,4.0,23.0,B01
201800028010,1.0,10,0,0.0,2.0,2.0,16.0,A01
201800028010,1.0,1,0,0.0,2.0,3.0,2.0,B01
201800028011,1.0,10,0,0.0,2.0,2.0,1.0,B01
201800028011,1.0,10,0,0.0,2.0,3.0,22.0,A01
201800028012,0.0,7,0,1.0,0.0,2.0,24.0,B01
201800028012,0.0,7,0,1.0,0.0,1.0,0.0,A01
201800028013,2.0,10,0,0.0,1.0,8.0,1.0,A01
201800028014,2.0,10,0,1.0,2.0,1.0,24.0,B01
201800028014,1.0,14,0,0.0,2.0,1.0,0.0,C01
201800028014,1.0,7,0,1.0,0.0,1.0,13.0,A01
201800028015,2.0,7,0,0.0,0.0,4.0,1.0,E01
201800028015,2.0,7,0,0.0,2.0,4.0,1.0,D01
201800028015,2.0,7,0,0.0,2.0,1.0,1.0,A01
201800028015,2.0,7,0,0.0,2.0,4.0,1.0,C01
201800028015,2.0,7,0,0.0,2.0,4.0,1.0,B01
201800028016,0.0,7,0,0.0,2.0,1.0,15.0,A01
201800028016,0.0,7,0,0.0,2.0,1.0,1.0,B01
201800028017,0.0,7,0,0.0,0.0,4.0,2.0,B01
201800028017,0.0,7,0,0.0,2.0,1.0,2.0,A01
201800028018,0.0,7,0,0.0,2.0,5.0,15.0,A01
201800028018,0.0,7,0,0.0,2.0,2.0,1.0,B01
201800028019,0.0,7,0,0.0,2.0,8.0,15.0,B01
201800028019,0.0,2,0,0.0,2.0,8.0,17.0,A01
201800028020,0.0,40,1,0.0,2.0,3.0,1.0,B01
201800028020,0.0,1,0,0.0,4.0,8.0,0.0,A01
201800028021,,7,0,0.0,1.0,0.0,0.0,A01
201800028022,0.0,1,0,0.0,2.0,5.0,1.0,A01
201800028022,0.0,7,0,0.0,2.0,1.0,9.0,B01
201800028023,0.0,7,0,0.0,2.0,1.0,9.0,A01
201800028023,0.0,1,0,0.0,2.0,1.0,1.0,B01
201800028024,1.0,7,0,0.0,1.0,5.0,1.0,C01
201800028024,1.0,7,0,0.0,2.0,9.0,1.0,B01
201800028024,1.0,7,0,0.0,2.0,1.0,1.0,A01
201800028025,0.0,33,0,0.0,2.0,1.0,1.0,B01
201800028025,0.0,7,0,0.0,2.0,2.0,19.0,A01
201800028026,1.0,7,0,0.0,1.0,2.0,1.0,A01
201800028027,1.0,7,0,0.0,2.0,6.0,23.0,B01
201800028027,1.0,7,0,0.0,2.0,2.0,2.0,A01
201800028028,1.0,10,0,0.0,2.0,0.0,0.0,A01
201800028028,1.0,10,0,0.0,2.0,1.0,1.0,B01
201800028029,2.0,7,0,0.0,0.0,4.0,2.0,B01
201800028029,2.0,7,0,0.0,2.0,1.0,2.0,A01
201800028030,0.0,2,0,0.0,2.0,1.0,1.0,A01
201800028030,1.0,7,0,0.0,2.0,8.0,15.0,B01
201800028031,2.0,7,0,0.0,1.0,1.0,15.0,A01
201800028032,1.0,40,50,0.0,1.0,3.0,0.0,A01
201800028033,1.0,7,0,0.0,2.0,1.0,9.0,A01
201800028033,1.0,33,0,0.0,2.0,2.0,1.0,B01
201800028034,2.0,7,0,0.0,2.0,2.0,1.0,A01
201800028034,2.0,7,0,0.0,2.0,1.0,1.0,B01
201800028035,0.0,10,0,0.0,6.0,3.0,22.0,A01
201800028035,1.0,1,0,1.0,0.0,2.0,1.0,B01
201800028036,1.0,2,0,0.0,2.0,1.0,2.0,A01
201800028036,1.0,7,0,0.0,2.0,4.0,23.0,B01
201800028037,0.0,7,0,14.0,0.0,3.0,1.0,A01
201800028038,1.0,2,0,0.0,2.0,7.0,1.0,A01
201800028038,1.0,10,0,0.0,2.0,3.0,1.0,B01
201800028039,2.0,33,0,0.0,2.0,1.0,1.0,A01
201800028039,1.0,7,0,0.0,2.0,7.0,15.0,B01
201800028040,2.0,7,0,0.0,2.0,1.0,9.0,A01
201800028040,2.0,1,0,0.0,2.0,7.0,1.0,B01
201800028041,0.0,31,0,0.0,0.0,7.0,1.0,B01
201800028041,0.0,7,0,0.0,2.0,8.0,11.0,A01
201800028042,0.0,7,0,0.0,2.0,2.0,9.0,A01
201800028042,0.0,2,0,0.0,2.0,6.0,9.0,B01
201800028043,1.0,7,0,0.0,1.0,2.0,1.0,A01
201800028044,1.0,1,0,0.0,2.0,1.0,1.0,B01
201800028044,1.0,30,0,0.0,2.0,7.0,16.0,A01
201800028045,1.0,10,0,0.0,2.0,2.0,1.0,A01
201800028045,1.0,10,0,1.0,0.0,6.0,1.0,B01
201800028046,1.0,7,0,0.0,2.0,3.0,13.0,A01
201800028046,1.0,7,0,0.0,2.0,3.0,16.0,B01
201800028047,0.0,7,0,0.0,0.0,0.0,0.0,A01
201800028047,0.0,99,0,0.0,2.0,7.0,9.0,B01
201800028048,2.0,7,0,0.0,1.0,3.0,1.0,A01
201800028049,0.0,7,0,1.0,1.0,7.0,1.0,A01
201800028050,2.0,1,0,0.0,2.0,1.0,18.0,A01