Num_Acc,senc,catv,occutc,obs,obsm,choc,manv,num_veh
201800028050,2.0,7,0,0.0,2.0,5.0,22.0,B01
201800028051,2.0,1,0,0.0,2.0,1.0,1.0,A01
201800028051,1.0,1,0,0.0,2.0,1.0,1.0,B01
201800028052,0.0,7,0,0.0,2.0,8.0,11.0,A01
201800028052,0.0,7,0,2.0,2.0,7.0,1.0,B01
201800028053,1.0,7,0,0.0,2.0,3.0,15.0,A01
201800028053,2.0,33,0,0.0,2.0,1.0,0.0,B01
201800028054,2.0,7,0,0.0,1.0,7.0,1.0,A01
201800028055,2.0,15,0,0.0,2.0,2.0,1.0,B01
201800028055,1.0,10,0,0.0,2.0,9.0,0.0,A01
201800028055,2.0,10,0,0.0,2.0,2.0,1.0,C01
201800028056,1.0,7,0,0.0,2.0,2.0,13.0,A01
201800028056,1.0,7,0,0.0,2.0,1.0,2.0,B01
201800028057,0.0,10,0,0.0,2.0,5.0,15.0,B01
201800028057,0.0,10,0,0.0,2.0,1.0,2.0,A01
201800028058,1.0,7,0,0.0,1.0,1.0,1.0,A01
201800028059,1.0,7,0,0.0,2.0,8.0,0.0,A01
201800028059,2.0,7,0,0.0,2.0,1.0,1.0,B01
201800028060,0.0,30,0,0.0,2.0,7.0,1.0,A01
201800028060,0.0,7,0,0.0,0.0,0.0,0.0,Z01
201800028061,1.0,7,0,0.0,2.0,5.0,1.0,B01
201800028061,1.0,13,0,0.0,2.0,3.0,11.0,A01
201800028062,1.0,7,0,0.0,2.0,3.0,9.0,A01
201800028062,1.0,1,0,0.0,0.0,2.0,0.0,B01
201800028063,2.0,7,0,0.0,2.0,4.0,23.0,C01
201800028063,2.0,7,0,0.0,2.0,4.0,23.0,D01
201800028063,2.0,7,0,0.0,2.0,4.0,23.0,B01
201800028063,2.0,7,0,0.0,2.0,1.0,1.0,A01
201800028064,1.0,7,0,0.0,2.0,3.0,2.0,B01
201800028064,1.0,31,0,0.0,2.0,1.0,2.0,A01
201800028065,0.0,33,0,0.0,1.0,8.0,0.0,A01
201800028066,1.0,10,0,1.0,1.0,7.0,1.0,A01
201800028067,0.0,7,0,0.0,2.0,1.0,9.0,A01
201800028067,1.0,1,0,0.0,2.0,2.0,16.0,B01
201800028068,0.0,7,0,0.0,2.0,4.0,2.0,B01
201800028068,0.0,7,0,0.0,2.0,1.0,2.0,A01
201800028069,0.0,7,0,0.0,2.0,1.0,23.0,B01
201800028069,0.0,30,0,0.0,2.0,1.0,13.0,A01
201800028070,0.0,7,0,6.0,0.0,1.0,21.0,A01
201800028071,1.0,7,0,0.0,1.0,3.0,1.0,A01
201800028072,0.0,7,0,0.0,2.0,1.0,1.0,A01
201800028072,0.0,7,0,0.0,2.0,2.0,1.0,B01
201800028073,1.0,10,0,0.0,1.0,2.0,1.0,A01
201800028074,1.0,10,0,0.0,2.0,1.0,0.0,B01
201800028074,0.0,14,0,0.0,2.0,2.0,1.0,A01
201800028075,1.0,7,0,0.0,2.0,6.0,15.0,B01
201800028075,1.0,30,0,0.0,2.0,1.0,17.0,A01
201800028076,2.0,7,0,0.0,2.0,9.0,1.0,B01
201800028076,1.0,7,0,0.0,2.0,2.0,9.0,A01
201800028077,2.0,7,0,0.0,2.0,1.0,1.0,A01
201800028077,2.0,7,0,0.0,2.0,6.0,1.0,B01
201800028078,2.0,7,0,0.0,2.0,1.0,21.0,B01
201800028078,2.0,7,0,0.0,2.0,6.0,0.0,A01
201800028079,2.0,7,0,0.0,2.0,8.0,13.0,B01
201800028079,2.0,37,1,0.0,2.0,7.0,13.0,A01
201800028080,1.0,7,0,1.0,0.0,1.0,1.0,A01
201800028081,1.0,10,0,0.0,2.0,3.0,15.0,B01
201800028081,0.0,10,0,0.0,2.0,2.0,1.0,A01
201800028082,0.0,3,0,1.0,0.0,7.0,19.0,A01
201800028082,0.0,7,0,0.0,2.0,1.0,19.0,B01
201800028083,1.0,7,0,8.0,0.0,7.0,14.0,A01
201800028084,1.0,7,0,0.0,2.0,1.0,1.0,A01
201800028084,1.0,7,0,0.0,2.0,4.0,1.0,B01
201800028085,1.0,7,0,0.0,0.0,4.0,1.0,B01
201800028085,1.0,7,0,0.0,2.0,1.0,1.0,A01
201800028086,0.0,7,0,0.0,2.0,2.0,2.0,A01
201800028086,0.0,7,0,0.0,2.0,6.0,2.0,B01
201800028087,2.0,7,0,0.0,2.0,1.0,2.0,A01
201800028087,2.0,7,0,0.0,2.0,4.0,2.0,B01
201800028088,0.0,2,0,0.0,2.0,1.0,1.0,A01
201800028089,0.0,7,0,0.0,0.0,4.0,20.0,B01
201800028089,0.0,7,0,0.0,2.0,2.0,1.0,A01
201800028090,2.0,7,0,0.0,2.0,1.0,1.0,A01
201800028090,2.0,7,0,0.0,2.0,5.0,0.0,B01
201800028091,2.0,7,0,0.0,2.0,4.0,2.0,C01
201800028091,2.0,7,0,0.0,2.0,4.0,2.0,B01
201800028091,2.0,7,0,0.0,2.0,1.0,2.0,A01
201800028092,2.0,33,0,0.0,2.0,1.0,1.0,A01
201800028092,2.0,7,0,0.0,0.0,4.0,1.0,B01
201800028093,0.0,30,0,0.0,1.0,1.0,1.0,A01
201800028094,1.0,7,0,0.0,1.0,2.0,1.0,A01
201800028095,1.0,7,0,0.0,2.0,1.0,0.0,C01
201800028095,1.0,1,0,0.0,2.0,3.0,0.0,B01
201800028095,1.0,1,0,0.0,2.0,1.0,0.0,A01
201800028096,0.0,33,0,0.0,2.0,1.0,1.0,B01
201800028096,0.0,7,0,0.0,2.0,3.0,15.0,A01
201800028097,1.0,1,0,0.0,2.0,4.0,19.0,B01
201800028097,1.0,7,0,0.0,2.0,1.0,1.0,A01
201800028098,0.0,1,0,0.0,2.0,1.0,19.0,A01
201800028098,2.0,7,0,0.0,2.0,3.0,1.0,B01
201800028099,0.0,7,0,0.0,1.0,2.0,1.0,A01
201800028100,0.0,33,0,0.0,2.0,6.0,16.0,B01
201800028100,0.0,7,0,0.0,2.0,2.0,16.0,A01
201800028101,0.0,10,0,0.0,1.0,2.0,1.0,A01
201800028102,0.0,10,0,0.0,1.0,1.0,0.0,A01
201800028103,2.0,7,0,0.0,1.0,6.0,4.0,A01
201800028104,0.0,7,0,0.0,1.0,0.0,16.0,A01
201800028105,1.0,7,0,0.0,1.0,1.0,1.0,A01
201800028106,2.0,7,0,0.0,2.0,2.0,2.0,A01
201800028106,2.0,7,0,0.0,2.0,6.0,9.0,B01
201800028107,1.0,33,0,0.0,2.0,1.0,16.0,A01
201800028107,1.0,7,0,0.0,2.0,0.0,2.0,B01
201800028108,0.0,7,0,0.0,2.0,4.0,2.0,A01
201800028108,0.0,7,0,0.0,2.0,1.0,2.0,B01
201800028109,2.0,7,0,0.0,1.0,2.0,0.0,A01
201800028110,0.0,7,0,0.0,2.0,1.0,1.0,A01
201800028110,0.0,1,0,0.0,2.0,7.0,19.0,B01
201800028111,1.0,10,0,0.0,2.0,3.0,1.0,A01
201800028111,1.0,31,0,0.0,2.0,2.0,17.0,B01
201800028112,0.0,7,0,0.0,2.0,2.0,15.0,A01
201800028112,0.0,30,0,0.0,2.0,1.0,0.0,B01
201800028113,1.0,7,0,0.0,2.0,1.0,12.0,A01
201800028113,0.0,7,0,0.0,2.0,4.0,23.0,D01
201800028113,1.0,7,0,0.0,2.0,4.0,23.0,C01
201800028113,1.0,7,0,0.0,2.0,4.0,23.0,B01
201800028114,1.0,2,0,0.0,2.0,1.0,15.0,B01
201800028114,1.0,7,0,0.0,2.0,2.0,1.0,A01
201800028115,0.0,7,0,0.0,0.0,4.0,2.0,B01
201800028115,0.0,7,0,0.0,2.0,1.0,2.0,A01
201800028116,0.0,1,0,1.0,0.0,1.0,0.0,B01
201800028116,0.0,7,0,0.0,0.0,8.0,24.0,A01
201800028117,1.0,1,0,0.0,2.0,1.0,1.0,B01
201800028117,2.0,7,0,0.0,2.0,7.0,15.0,A01
201800028118,0.0,7,0,0.0,2.0,3.0,13.0,A01
201800028118,0.0,7,0,0.0,2.0,8.0,1.0,B01
201800028118,0.0,7,0,0.0,2.0,8.0,1.0,C01
201800028119,0.0,7,0,0.0,2.0,1.0,0.0,B01
201800028119,1.0,2,0,0.0,2.0,3.0,0.0,A01
201800028120,2.0,1,0,0.0,2.0,8.0,19.0,B01
201800028120,1.0,7,0,0.0,2.0,3.0,15.0,A01
201800028121,1.0,7,0,8.0,0.0,1.0,14.0,A01
201800028122,1.0,34,0,0.0,2.0,5.0,11.0,A01
201800028122,1.0,7,0,0.0,2.0,2.0,15.0,B01
201800028123,1.0,33,0,0.0,2.0,1.0,1.0,B01
201800028123,2.0,7,0,0.0,2.0,3.0,15.0,A01
201800028124,0.0,33,0,0.0,2.0,7.0,17.0,B01
201800028124,0.0,7,0,0.0,2.0,3.0,9.0,A01
201800028125,2.0,10,0,0.0,2.0,7.0,20.0,B01
201800028125,2.0,10,0,0.0,2.0,1.0,1.0,A01
201800028126,1.0,7,0,0.0,1.0,5.0,1.0,A01
201800028127,1.0,7,0,0.0,2.0,1.0,13.0,A01
201800028127,2.0,7,0,0.0,2.0,1.0,2.0,C01
201800028127,2.0,7,0,0.0,2.0,1.0,1.0,B01
201800028128,2.0,7,0,0.0,2.0,4.0,2.0,B01
201800028128,2.0,7,0,0.0,2.0,1.0,2.0,A01
201800028129,2.0,2,0,0.0,2.0,1.0,1.0,A01
201800028129,1.0,7,0,0.0,2.0,5.0,15.0,B01
201800028130,2.0,10,0,0.0,1.0,1.0,1.0,A01
201800028131,1.0,7,0,0.0,1.0,1.0,1.0,A01
201800028132,0.0,34,0,0.0,2.0,8.0,1.0,B01
201800028132,0.0,10,0,0.0,2.0,7.0,15.0,A01
201800028133,1.0,7,0,0.0,1.0,1.0,16.0,A01
201800028134,1.0,7,0,0.0,2.0,9.0,11.0,A01
201800028134,1.0,14,0,0.0,2.0,1.0,12.0,B01
201800028134,1.0,7,0,3.0,2.0,9.0,2.0,C01
201800028135,1.0,7,0,0.0,1.0,3.0,13.0,A01
201800028136,1.0,7,0,0.0,1.0,5.0,21.0,A01
201800028137,1.0,7,0,0.0,1.0,8.0,1.0,A01
201800028138,0.0,32,0,0.0,2.0,7.0,17.0,A01
201800028138,0.0,7,0,0.0,2.0,1.0,16.0,B01
201800028139,0.0,10,0,0.0,2.0,0.0,19.0,B01
201800028139,0.0,7,0,0.0,2.0,2.0,1.0,A01
201800028140,1.0,10,0,0.0,1.0,2.0,15.0,A01
201800028141,0.0,7,0,0.0,1.0,1.0,15.0,A01
201800028142,1.0,7,0,3.0,0.0,1.0,0.0,A01
201800028143,1.0,13,0,0.0,2.0,2.0,1.0,B01
201800028143,1.0,7,0,0.0,2.0,6.0,15.0,A01
201800028144,1.0,10,0,0.0,1.0,1.0,16.0,A01
201800028145,1.0,7,0,9.0,2.0,5.0,1.0,B01
201800028145,1.0,7,0,0.0,2.0,1.0,1.0,A01
201800028146,1.0,37,5,0.0,1.0,3.0,9.0,A01
201800028147,2.0,7,0,0.0,1.0,2.0,1.0,A01
201800028148,2.0,7,0,0.0,1.0,1.0,1.0,A01
201800028149,1.0,7,0,0.0,2.0,3.0,0.0,A01
201800028149,1.0,7,0,0.0,2.0,8.0,0.0,B01
201800028150,1.0,10,0,0.0,2.0,1.0,2.0,B01
201800028150,1.0,7,0,0.0,2.0,4.0,2.0,A01
201800028151,0.0,7,0,0.0,1.0,3.0,1.0,A01
201800028152,0.0,7,0,0.0,2.0,4.0,2.0,B01
201800028152,0.0,7,0,0.0,2.0,1.0,2.0,A01
201800028153,0.0,34,0,0.0,2.0,1.0,1.0,B01
201800028153,0.0,7,0,0.0,2.0,8.0,19.0,A01
201800028154,0.0,37,49,1.0,0.0,7.0,0.0,A01
201800028154,0.0,37,1,0.0,2.0,3.0,23.0,B01
201800028155,0.0,7,0,0.0,1.0,1.0,1.0,A01
201800028156,0.0,33,0,14.0,0.0,1.0,0.0,A01
201800028157,0.0,7,0,0.0,0.0,5.0,1.0,C01
201800028157,0.0,7,0,0.0,2.0,1.0,12.0,A01
201800028157,0.0,7,0,0.0,0.0,1.0,1.0,B01
201800028158,1.0,7,0,0.0,2.0,1.0,17.0,A01
201800028158,2.0,7,0,0.0,2.0,1.0,15.0,B01
201800028159,2.0,7,0,0.0,1.0,1.0,1.0,A01
201800028160,1.0,7,0,0.0,1.0,2.0,13.0,A01
201800028161,1.0,7,0,0.0,1.0,1.0,15.0,A01
201800028162,0.0,7,0,0.0,2.0,6.0,10.0,A01
201800028162,0.0,2,0,0.0,2.0,1.0,2.0,B01
201800028163,2.0,1,0,0.0,2.0,7.0,2.0,B01
201800028163,1.0,10,0,0.0,2.0,1.0,16.0,A01
201800028164,0.0,7,0,0.0,1.0,1.0,9.0,A01
201800028165,1.0,37,25,0.0,1.0,8.0,15.0,A01
201800028166,1.0,7,0,0.0,2.0,4.0,2.0,B01
201800028166,2.0,7,0,0.0,2.0,1.0,2.0,A01
201800028167,0.0,7,0,0.0,2.0,1.0,1.0,A01
201800028167,0.0,7,0,0.0,2.0,1.0,1.0,B01
201800028168,1.0,7,0,0.0,1.0,3.0,15.0,A01
201800028169,0.0,7,0,0.0,2.0,7.0,1.0,A01
201800028169,0.0,7,0,0.0,2.0,1.0,1.0,B01
201800028170,0.0,37,1,0.0,2.0,3.0,16.0,A01
201800028170,0.0,14,0,0.0,2.0,7.0,1.0,B01
201800028171,1.0,7,0,0.0,2.0,7.0,2.0,B01
201800028171,2.0,7,0,0.0,2.0,2.0,15.0,A01
201800028172,2.0,7,0,0.0,2.0,1.0,1.0,B01
201800028172,1.0,7,0,0.0,2.0,3.0,19.0,A01
201800028173,1.0,7,0,0.0,2.0,3.0,15.0,A01
201800028173,2.0,1,0,0.0,2.0,3.0,1.0,B01
201800028174,0.0,10,0,0.0,2.0,1.0,1.0,B01
201800028174,0.0,10,0,0.0,2.0,7.0,15.0,A01
201800028175,1.0,15,0,3.0,2.0,8.0,11.0,A01
201800028175,1.0,7,0,3.0,2.0,8.0,17.0,B01
201800028176,1.0,7,0,0.0,2.0,1.0,13.0,A01
201800028176,2.0,7,0,0.0,0.0,3.0,15.0,B01
201800028177,0.0,10,0,0.0,0.0,0.0,0.0,B01
201800028177,1.0,10,0,0.0,2.0,1.0,2.0,A01
201800028178,2.0,7,0,0.0,2.0,1.0,23.0,B01
201800028178,2.0,7,0,0.0,2.0,4.0,2.0,C01
201800028178,2.0,7,0,0.0,2.0,1.0,2.0,A01
201800028179,0.0,7,0,0.0,2.0,9.0,2.0,B01
201800028179,0.0,7,0,0.0,2.0,4.0,2.0,C01
201800028179,1.0,7,0,0.0,2.0,1.0,2.0,A01
201800028180,0.0,7,0,0.0,2.0,1.0,1.0,A01
201800028180,0.0,7,0,0.0,2.0,4.0,1.0,B01
201800028181,0.0,7,0,0.0,2.0,3.0,9.0,A01
201800028181,0.0,7,0,0.0,2.0,7.0,15.0,B01
201800028182,1.0,10,0,0.0,2.0,2.0,19.0,A01
201800028182,2.0,7,0,0.0,2.0,1.0,1.0,B01
201800028183,2.0,7,0,0.0,2.0,2.0,1.0,A01
201800028183,1.0,1,0,0.0,2.0,3.0,19.0,B01
201800028184,0.0,31,0,0.0,2.0,1.0,1.0,B01
201800028184,0.0,7,0,0.0,2.0,3.0,15.0,A01
201800028185,1.0,7,0,12.0,0.0,3.0,1.0,A01
201800028186,0.0,33,0,0.0,2.0,3.0,1.0,B01
201800028186,0.0,7,0,0.0,2.0,3.0,15.0,A01
201800028187,1.0,7,0,0.0,2.0,3.0,1.0,B01
201800028187,2.0,7,0,0.0,2.0,3.0,15.0,A01
201800028188,2.0,7,0,0.0,1.0,1.0,1.0,A01
201800028189,1.0,10,0,0.0,1.0,3.0,1.0,A01
201800028190,0.0,7,0,0.0,2.0,1.0,1.0,B01
201800028190,0.0,7,0,0.0,2.0,7.0,1.0,A01
201800028191,1.0,7,0,0.0,1.0,1.0,1.0,A01
201800028192,1.0,1,0,0.0,2.0,7.0,1.0,B01
201800028192,2.0,7,0,0.0,2.0,2.0,9.0,A01
201800028193,0.0,7,0,0.0,2.0,1.0,10.0,B01
201800028193,1.0,7,0,0.0,2.0,1.0,1.0,A01
201800028194,2.0,7,0,0.0,1.0,2.0,1.0,A01
201800028195,1.0,7,0,2.0,0.0,1.0,13.0,A01
201800028196,1.0,7,0,0.0,2.0,1.0,21.0,B01
201800028196,2.0,7,0,0.0,2.0,4.0,0.0,C01
201800028196,2.0,7,0,0.0,2.0,1.0,17.0,A01
201800028197,1.0,7,0,0.0,2.0,1.0,2.0,A01
201800028197,1.0,7,0,0.0,2.0,4.0,2.0,B01
201800028198,2.0,33,0,0.0,2.0,1.0,1.0,B01
201800028198,0.0,7,0,0.0,2.0,3.0,15.0,A01
201800028199,0.0,7,0,1.0,0.0,1.0,0.0,A01
201800028199,0.0,10,0,8.0,2.0,6.0,24.0,C01
201800028199,0.0,7,0,0.0,2.0,5.0,24.0,B01
201800028200,1.0,7,0,6.0,0.0,1.0,5.0,A01
201800028201,2.0,1,0,0.0,2.0,1.0,1.0,B01
201800028201,2.0,7,0,0.0,2.0,7.0,16.0,A01
201800028202,2.0,7,0,0.0,2.0,1.0,2.0,A01
201800028202,2.0,7,0,0.0,2.0,2.0,1.0,C01
201800028202,2.0,7,0,0.0,2.0,4.0,2.0,B01
201800028203,2.0,33,0,0.0,2.0,1.0,17.0,A01
201800028203,2.0,7,0,0.0,2.0,3.0,15.0,B01
201800028204,2.0,7,0,0.0,2.0,3.0,13.0,A01
201800028204,1.0,7,0,0.0,2.0,3.0,1.0,B01
201800028205,1.0,10,0,0.0,2.0,2.0,1.0,B01
201800028205,2.0,7,0,0.0,2.0,1.0,1.0,A01
201800028206,2.0,7,0,0.0,2.0,4.0,2.0,B01
201800028206,1.0,7,0,0.0,2.0,4.0,2.0,C01
201800028206,2.0,7,0,0.0,2.0,1.0,2.0,A01
201800028207,1.0,7,0,0.0,2.0,1.0,13.0,A01
201800028207,1.0,1,0,0.0,2.0,1.0,1.0,B01
201800028208,1.0,7,0,0.0,1.0,2.0,1.0,A01
201800028209,1.0,7,0,1.0,0.0,2.0,1.0,A01
201800028210,1.0,1,0,0.0,1.0,0.0,21.0,A01
201800028211,0.0,7,0,0.0,0.0,1.0,1.0,A01
201800028212,0.0,7,0,0.0,1.0,4.0,0.0,A01
201800028213,1.0,7,0,0.0,2.0,9.0,0.0,B01
201800028213,1.0,7,0,0.0,2.0,1.0,0.0,A01
201800028214,0.0,32,0,0.0,1.0,1.0,0.0,A01
201800028215,1.0,1,0,0.0,2.0,4.0,2.0,B01
201800028215,1.0,7,0,0.0,6.0,1.0,20.0,A01
201800028216,0.0,33,0,0.0,2.0,7.0,17.0,A01
201800028216,0.0,7,0,0.0,2.0,8.0,1.0,B01
201800028217,0.0,7,0,0.0,2.0,8.0,9.0,A01
201800028217,0.0,1,0,0.0,2.0,1.0,0.0,B01
201800028218,0.0,17,0,0.0,1.0,8.0,0.0,A01
201800028219,0.0,7,0,0.0,1.0,1.0,0.0,A01
201800028220,0.0,7,0,0.0,1.0,0.0,23.0,B01
201800028220,0.0,7,0,0.0,1.0,0.0,23.0,A01
201800028221,0.0,7,0,0.0,2.0,1.0,1.0,B01
201800028221,0.0,7,0,0.0,2.0,7.0,15.0,A01
201800028222,0.0,7,0,0.0,2.0,7.0,1.0,A01
201800028222,0.0,1,0,0.0,2.0,1.0,19.0,B01
201800028223,0.0,7,0,0.0,2.0,2.0,15.0,A01
201800028223,0.0,33,0,0.0,2.0,1.0,1.0,B01
201800028224,2.0,7,0,0.0,2.0,1.0,15.0,A01
201800028224,1.0,1,0,0.0,2.0,1.0,1.0,B01
201800028225,1.0,33,0,0.0,1.0,1.0,21.0,A01
201800028226,1.0,7,0,0.0,2.0,2.0,1.0,A01
201800028226,1.0,1,0,0.0,2.0,1.0,19.0,B01
201800028227,1.0,7,0,0.0,1.0,2.0,19.0,A01
201800028228,2.0,33,0,0.0,2.0,7.0,17.0,A01
201800028228,2.0,7,0,0.0,2.0,8.0,15.0,B01
201800028229,2.0,13,0,0.0,9.0,1.0,1.0,A01
201800028229,2.0,1,0,0.0,2.0,8.0,19.0,B01
201800028230,1.0,7,0,0.0,2.0,2.0,2.0,A01
201800028230,1.0,37,1,0.0,2.0,6.0,2.0,B01
201800028231,0.0,7,0,0.0,1.0,3.0,0.0,A01
201800028232,1.0,7,0,11.0,2.0,1.0,0.0,A01
201800028232,2.0,7,0,0.0,2.0,7.0,15.0,B01
201800028233,2.0,7,0,0.0,2.0,6.0,11.0,A01
201800028233,2.0,33,0,0.0,2.0,2.0,17.0,B01
201800028234,1.0,7,0,0.0,1.0,2.0,1.0,A01
201800028235,0.0,7,0,0.0,2.0,3.0,2.0,A01
201800028235,0.0,7,0,0.0,2.0,5.0,15.0,B01
201800028235,0.0,7,0,0.0,2.0,3.0,2.0,C01
201800028236,0.0,1,0,0.0,1.0,1.0,0.0,A01
201800028237,2.0,7,0,0.0,2.0,4.0,1.0,A01
201800028237,2.0,7,0,0.0,2.0,1.0,1.0,B01
201800028238,1.0,7,0,0.0,2.0,1.0,13.0,A01
201800028238,1.0,37,3,0.0,2.0,3.0,1.0,B01
201800028239,1.0,1,0,0.0,2.0,7.0,0.0,B01
201800028239,1.0,7,0,0.0,2.0,1.0,9.0,A01
201800028240,1.0,10,0,0.0,1.0,2.0,0.0,A01
201800028241,0.0,1,0,14.0,0.0,0.0,16.0,A01
201800028242,2.0,33,0,0.0,2.0,1.0,2.0,A01
201800028242,2.0,99,0,0.0,2.0,6.0,2.0,B01
201800028243,2.0,7,0,0.0,2.0,2.0,0.0,A01
201800028243,0.0,1,0,0.0,2.0,1.0,19.0,B01
201800028244,2.0,7,0,0.0,2.0,3.0,16.0,A01
201800028244,1.0,1,0,0.0,2.0,1.0,0.0,B01
201800028245,0.0,7,0,6.0,0.0,1.0,1.0,A01
201800028246,1.0,7,0,2.0,0.0,1.0,19.0,A01
201800028247,2.0,7,0,0.0,2.0,1.0,20.0,A01
201800028247,1.0,1,0,0.0,2.0,0.0,0.0,B01
201800028248,2.0,7,0,0.0,2.0,1.0,17.0,B01
201800028248,2.0,34,0,13.0,0.0,4.0,23.0,A01
201800028249,1.0,7,0,0.0,2.0,1.0,15.0,A01
201800028249,2.0,7,0,0.0,2.0,3.0,0.0,B01
201800028250,1.0,7,0,0.0,1.0,2.0,19.0,A01
201800028251,2.0,7,0,0.0,1.0,2.0,1.0,A01
201800028252,2.0,7,0,0.0,2.0,3.0,13.0,B01
201800028252,1.0,15,0,0.0,2.0,3.0,1.0,A01
201800028253,2.0,33,0,16.0,0.0,4.0,14.0,A01
201800028254,2.0,7,0,0.0,2.0,1.0,1.0,B01
201800028254,1.0,7,0,0.0,2.0,1.0,13.0,A01
201800028255,1.0,7,0,0.0,2.0,1.0,17.0,A01
201800028255,2.0,30,0,0.0,2.0,4.0,15.0,B01
201800028256,1.0,7,0,2.0,0.0,7.0,13.0,A01
201800028257,1.0,7,0,0.0,2.0,8.0,1.0,B01
201800028257,1.0,7,0,0.0,2.0,2.0,15.0,A01
201800028258,1.0,30,0,0.0,2.0,8.0,19.0,A01
201800028258,2.0,7,0,0.0,2.0,3.0,1.0,B01
201800028259,1.0,7,0,0.0,2.0,2.0,13.0,A01
201800028259,2.0,7,0,0.0,2.0,2.0,1.0,B01
201800028260,1.0,7,0,0.0,1.0,1.0,1.0,A01
201800028261,2.0,7,0,6.0,0.0,2.0,17.0,A01
201800028262,1.0,7,0,0.0,1.0,2.0,1.0,A01
201800028263,1.0,7,0,0.0,1.0,1.0,1.0,A01
201800028264,2.0,33,0,0.0,2.0,1.0,17.0,A01
201800028264,2.0,7,0,0.0,2.0,3.0,0.0,B01
201800028265,1.0,7,0,0.0,2.0,1.0,1.0,B01
201800028265,2.0,7,0,0.0,2.0,1.0,17.0,A01
201800028266,1.0,7,0,0.0,2.0,3.0,9.0,A01
201800028266,1.0,7,0,0.0,2.0,2.0,1.0,B01
201800028267,1.0,7,0,0.0,1.0,3.0,0.0,A01
201800028268,2.0,7,0,0.0,2.0,1.0,0.0,B01
201800028268,1.0,7,0,0.0,2.0,3.0,1.0,A01
201800028269,1.0,7,0,10.0,2.0,5.0,1.0,A01
201800028269,1.0,7,0,0.0,2.0,3.0,17.0,B01
201800028270,2.0,15,0,0.0,2.0,7.0,1.0,C01
201800028270,2.0,7,0,16.0,2.0,3.0,12.0,A01
201800028270,2.0,14,0,0.0,2.0,5.0,1.0,B01
201800028271,1.0,7,0,0.0,2.0,8.0,11.0,A01
201800028271,1.0,32,0,0.0,2.0,1.0,17.0,B01
201800028272,1.0,30,0,0.0,1.0,1.0,0.0,A01
201800028273,2.0,7,0,1.0,2.0,0.0,0.0,E01
201800028273,1.0,7,0,0.0,2.0,1.0,1.0,A01
201800028273,2.0,7,0,1.0,2.0,0.0,0.0,D01
201800028273,2.0,7,0,0.0,2.0,0.0,0.0,F01
201800028273,2.0,7,0,0.0,2.0,0.0,0.0,C01
201800028273,2.0,7,0,0.0,2.0,2.0,15.0,B01
201800028274,2.0,33,0,0.0,2.0,1.0,1.0,A01
201800028274,2.0,7,0,0.0,2.0,4.0,1.0,B01
201800028275,2.0,7,0,0.0,6.0,6.0,1.0,A01
201800028275,2.0,33,0,0.0,2.0,1.0,17.0,B01
201800028276,2.0,7,0,0.0,1.0,1.0,16.0,A01
201800028277,2.0,7,0,0.0,1.0,5.0,0.0,A01
201800028278,1.0,36,0,0.0,2.0,1.0,13.0,A01
201800028278,2.0,7,0,0.0,2.0,1.0,1.0,B01
201800028279,1.0,7,0,0.0,2.0,1.0,1.0,B01
201800028279,1.0,7,0,0.0,2.0,1.0,1.0,C01
201800028279,1.0,7,0,0.0,2.0,1.0,1.0,D01
201800028279,2.0,7,0,0.0,2.0,1.0,5.0,A01
201800028280,0.0,7,0,0.0,2.0,1.0,1.0,B01
201800028280,0.0,7,0,0.0,2.0,2.0,1.0,A01
201800028281,2.0,7,0,0.0,1.0,1.0,1.0,A01
201800028282,1.0,7,0,8.0,2.0,1.0,1.0,A01
201800028282,2.0,7,0,0.0,2.0,8.0,1.0,B01
201800028283,2.0,33,0,1.0,0.0,1.0,1.0,A01
201800028284,1.0,7,0,0.0,1.0,2.0,16.0,A01
201800028285,1.0,7,0,1.0,0.0,0.0,1.0,A01
201800028286,1.0,7,0,0.0,1.0,1.0,0.0,A01
201800028287,1.0,7,0,0.0,1.0,0.0,1.0,Z01
201800028288,1.0,7,0,0.0,1.0,1.0,15.0,A01
201800028289,1.0,7,0,0.0,1.0,1.0,0.0,A01
201800028290,1.0,7,0,1.0,0.0,0.0,1.0,D01
201800028290,1.0,7,0,1.0,2.0,9.0,1.0,B01
201800028290,1.0,7,0,0.0,2.0,9.0,1.0,C01
201800028290,1.0,7,0,0.0,2.0,9.0,1.0,A01
201800028291,1.0,34,0,1.0,2.0,7.0,2.0,B01
201800028291,1.0,7,0,0.0,2.0,8.0,22.0,A01
201800028292,1.0,7,0,0.0,2.0,1.0,1.0,B01
201800028292,1.0,7,0,0.0,2.0,1.0,16.0,A01
201800028293,1.0,3,0,0.0,2.0,1.0,15.0,A01
201800028293,1.0,7,0,0.0,2.0,1.0,1.0,Z01
201800028294,1.0,7,0,0.0,2.0,1.0,1.0,C01
201800028294,1.0,7,0,0.0,2.0,4.0,15.0,A01
201800028294,1.0,7,0,0.0,2.0,1.0,1.0,D01
201800028294,1.0,7,0,0.0,2.0,4.0,1.0,B01
201800028294,1.0,7,0,0.0,2.0,4.0,1.0,E01
201800028295,1.0,7,0,0.0,1.0,2.0,1.0,A01
201800028296,1.0,7,0,0.0,1.0,2.0,7.0,A01
201800028297,1.0,7,0,0.0,2.0,1.0,1.0,A01
201800028297,1.0,7,0,0.0,2.0,4.0,2.0,B01