Num_Acc,senc,catv,occutc,obs,obsm,choc,manv,num_veh
201800028298,1.0,7,0,0.0,2.0,4.0,0.0,C01
201800028298,1.0,7,0,0.0,2.0,9.0,1.0,A01
201800028298,1.0,7,0,0.0,2.0,8.0,0.0,B01
201800028299,1.0,7,0,0.0,1.0,1.0,1.0,A01
201800028300,1.0,99,0,0.0,2.0,1.0,0.0,A01
201800028301,1.0,7,0,0.0,2.0,4.0,1.0,C01
201800028301,1.0,7,0,0.0,2.0,8.0,1.0,A01
201800028301,1.0,7,0,0.0,2.0,1.0,1.0,B01
201800028302,1.0,7,0,0.0,9.0,7.0,16.0,B01
201800028302,1.0,1,0,0.0,2.0,3.0,15.0,A01
201800028303,1.0,7,0,0.0,2.0,5.0,15.0,A01
201800028303,1.0,7,0,0.0,2.0,0.0,1.0,C01
201800028303,1.0,7,0,0.0,2.0,3.0,0.0,B01
201800028304,1.0,7,0,0.0,1.0,1.0,15.0,A01
201800028305,1.0,33,0,0.0,2.0,1.0,1.0,B01
201800028305,1.0,7,0,0.0,2.0,1.0,17.0,A01
201800028306,1.0,7,0,0.0,2.0,1.0,1.0,A01
201800028306,1.0,7,0,0.0,2.0,4.0,1.0,C01
201800028306,1.0,7,0,0.0,2.0,1.0,1.0,B01
201800028307,1.0,7,0,0.0,1.0,1.0,1.0,A01
201800028307,1.0,7,0,0.0,2.0,4.0,1.0,B01
201800028308,1.0,7,0,0.0,1.0,1.0,1.0,Z01
201800028309,1.0,7,0,0.0,1.0,1.0,0.0,Z01
201800028310,1.0,7,0,0.0,2.0,1.0,9.0,B01
201800028310,1.0,7,0,0.0,2.0,1.0,1.0,A01
201800028310,1.0,7,0,0.0,2.0,2.0,2.0,C01
201800028311,1.0,1,0,0.0,1.0,1.0,1.0,A01
201800028312,1.0,7,0,0.0,2.0,5.0,2.0,A01
201800028312,1.0,37,3,0.0,2.0,3.0,7.0,B01
201800028313,1.0,7,0,0.0,2.0,1.0,2.0,A01
201800028313,1.0,7,0,0.0,2.0,4.0,2.0,B01
201800028314,1.0,1,0,0.0,2.0,1.0,9.0,B01
201800028314,1.0,7,0,0.0,9.0,6.0,1.0,A01
201800028315,1.0,7,0,0.0,2.0,1.0,1.0,B01
201800028315,1.0,7,0,0.0,2.0,1.0,9.0,A01
201800028316,1.0,7,0,0.0,1.0,6.0,4.0,A01
201800028317,1.0,7,0,0.0,2.0,1.0,1.0,B01
201800028317,1.0,7,0,0.0,2.0,1.0,5.0,A01
201800028318,1.0,7,0,0.0,1.0,7.0,1.0,Z01
201800028319,1.0,30,0,0.0,2.0,4.0,2.0,B01
201800028319,1.0,7,0,0.0,2.0,1.0,9.0,A01
201800028320,1.0,7,0,0.0,2.0,1.0,2.0,A01
201800028320,1.0,7,0,0.0,2.0,4.0,2.0,B01
201800028321,1.0,7,0,0.0,1.0,0.0,0.0,Z01
201800028322,1.0,7,0,0.0,2.0,1.0,1.0,B01
201800028322,1.0,7,0,0.0,2.0,5.0,1.0,A01
201800028323,1.0,7,0,0.0,2.0,4.0,2.0,B01
201800028323,1.0,7,0,0.0,2.0,1.0,2.0,A01
201800028324,1.0,7,0,0.0,2.0,7.0,20.0,A01
201800028324,1.0,30,0,0.0,2.0,3.0,1.0,B01
201800028325,1.0,7,0,0.0,2.0,1.0,1.0,Z01
201800028325,1.0,7,0,0.0,2.0,1.0,23.0,D01
201800028325,1.0,7,0,0.0,2.0,2.0,1.0,B01
201800028325,1.0,7,0,0.0,2.0,3.0,23.0,C01
201800028326,1.0,7,0,0.0,2.0,2.0,15.0,A01
201800028326,1.0,7,0,0.0,2.0,1.0,1.0,B01
201800028327,1.0,7,0,0.0,2.0,1.0,15.0,A01
201800028327,1.0,7,0,0.0,2.0,1.0,1.0,B01
201800028328,1.0,7,0,0.0,2.0,1.0,2.0,A01
201800028328,1.0,7,0,0.0,2.0,4.0,2.0,B01
201800028329,1.0,7,0,0.0,1.0,3.0,1.0,A01
201800028330,1.0,7,0,0.0,1.0,3.0,1.0,A01
201800028331,1.0,7,0,0.0,2.0,4.0,2.0,B01
201800028331,1.0,7,0,0.0,2.0,4.0,2.0,C01
201800028331,1.0,7,0,0.0,2.0,1.0,2.0,A01
201800028331,1.0,7,0,0.0,2.0,4.0,2.0,D01
201800028332,1.0,7,0,0.0,1.0,1.0,1.0,A01
201800028333,1.0,1,0,0.0,2.0,7.0,19.0,A01
201800028333,1.0,7,0,0.0,9.0,1.0,1.0,B01
201800028334,1.0,7,0,0.0,2.0,1.0,2.0,A01
201800028334,1.0,7,0,0.0,2.0,4.0,2.0,B01
201800028335,1.0,7,0,0.0,1.0,1.0,0.0,Z01
201800028336,1.0,32,0,0.0,1.0,0.0,0.0,Z01
201800028337,1.0,7,0,0.0,2.0,4.0,2.0,C01
201800028337,1.0,7,0,0.0,2.0,4.0,2.0,B01
201800028337,1.0,7,0,0.0,2.0,1.0,2.0,A01
201800028338,1.0,31,0,0.0,2.0,2.0,1.0,B01
201800028338,1.0,7,0,0.0,2.0,8.0,15.0,A01
201800028339,1.0,7,0,0.0,1.0,1.0,1.0,A01
201800028340,1.0,7,0,0.0,1.0,1.0,1.0,Z01
201800028341,1.0,7,0,0.0,1.0,4.0,4.0,A01
201800028342,1.0,7,0,0.0,2.0,4.0,23.0,A01
201800028342,1.0,7,0,0.0,2.0,1.0,1.0,Z01
201800028343,1.0,7,0,0.0,2.0,1.0,2.0,A01
201800028343,1.0,7,0,0.0,2.0,4.0,2.0,B01
201800028344,1.0,7,0,0.0,2.0,4.0,23.0,B01
201800028344,1.0,7,0,0.0,2.0,1.0,2.0,A01
201800028345,1.0,7,0,8.0,0.0,1.0,1.0,A01
201800028346,1.0,7,0,0.0,2.0,1.0,2.0,A01
201800028346,1.0,2,0,0.0,2.0,4.0,1.0,B01
201800028347,1.0,7,0,0.0,2.0,4.0,2.0,C01
201800028347,1.0,7,0,0.0,2.0,1.0,1.0,A01
201800028347,1.0,7,0,0.0,2.0,4.0,2.0,B01
201800028348,1.0,7,0,14.0,0.0,1.0,1.0,A01
201800028349,1.0,7,0,0.0,2.0,1.0,1.0,B01
201800028349,1.0,7,0,0.0,2.0,8.0,1.0,A01
201800028350,1.0,7,0,0.0,1.0,1.0,1.0,A01
201800028351,1.0,7,0,0.0,1.0,8.0,17.0,A01
201800028352,1.0,1,0,0.0,2.0,8.0,13.0,A01
201800028352,1.0,7,0,0.0,9.0,8.0,1.0,B01
201800028353,1.0,7,0,0.0,1.0,3.0,15.0,A01
201800028354,1.0,7,0,0.0,2.0,3.0,2.0,A01
201800028354,1.0,32,0,0.0,2.0,7.0,2.0,B01
201800028355,1.0,7,0,0.0,2.0,1.0,1.0,A01
201800028355,1.0,7,0,0.0,2.0,1.0,1.0,B01
201800028356,1.0,7,0,0.0,2.0,1.0,15.0,A01
201800028356,1.0,7,0,0.0,2.0,1.0,1.0,B01
201800028357,1.0,7,0,0.0,2.0,3.0,2.0,A01
201800028357,1.0,31,0,0.0,2.0,2.0,2.0,B01
201800028358,1.0,7,0,0.0,1.0,1.0,1.0,A01
201800028359,1.0,7,0,6.0,2.0,2.0,1.0,A01
201800028360,1.0,7,0,0.0,2.0,4.0,1.0,B01
201800028360,1.0,7,0,0.0,2.0,1.0,1.0,A01
201800028361,1.0,7,0,0.0,2.0,1.0,13.0,B01
201800028361,2.0,7,0,0.0,2.0,3.0,1.0,A01
201800028362,1.0,1,0,0.0,2.0,7.0,1.0,B01
201800028362,1.0,7,0,0.0,9.0,7.0,1.0,A01
201800028363,1.0,7,0,0.0,1.0,1.0,2.0,A01
201800028364,1.0,7,0,0.0,2.0,1.0,2.0,A01
201800028364,1.0,7,0,0.0,2.0,4.0,2.0,B01
201800028365,1.0,1,0,0.0,2.0,5.0,3.0,A01
201800028365,1.0,7,0,0.0,9.0,5.0,1.0,B01
201800028366,1.0,7,0,0.0,1.0,1.0,1.0,A01
201800028367,1.0,7,0,0.0,1.0,8.0,1.0,A01
201800028368,1.0,7,0,0.0,2.0,4.0,1.0,B01
201800028368,1.0,7,0,0.0,2.0,7.0,1.0,C01
201800028368,1.0,7,0,0.0,2.0,1.0,1.0,A01
201800028369,1.0,7,0,0.0,2.0,8.0,1.0,B01
201800028369,1.0,7,0,0.0,2.0,1.0,1.0,A01
201800028370,1.0,7,0,0.0,1.0,8.0,1.0,A01
201800028370,1.0,7,0,0.0,2.0,7.0,1.0,B01
201800028371,1.0,7,0,0.0,2.0,4.0,2.0,C01
201800028371,1.0,7,0,0.0,2.0,1.0,1.0,A01
201800028371,1.0,7,0,0.0,2.0,4.0,2.0,B01
201800028372,1.0,7,0,0.0,1.0,1.0,1.0,A01
201800028373,1.0,7,0,0.0,1.0,2.0,16.0,A01
201800028374,1.0,7,0,0.0,2.0,2.0,1.0,B01
201800028374,1.0,7,0,0.0,2.0,1.0,16.0,A01
201800028375,1.0,7,0,0.0,2.0,1.0,2.0,A01
201800028375,1.0,7,0,0.0,2.0,4.0,2.0,B01
201800028376,1.0,7,0,0.0,2.0,1.0,17.0,A01
201800028376,1.0,7,0,0.0,2.0,8.0,10.0,B01
201800028377,1.0,7,0,0.0,2.0,4.0,2.0,B01
201800028377,1.0,7,0,0.0,2.0,1.0,2.0,A01
201800028378,1.0,7,0,0.0,2.0,3.0,13.0,B01
201800028378,1.0,33,0,0.0,2.0,1.0,13.0,A01
201800028379,1.0,7,0,0.0,2.0,1.0,2.0,A01
201800028379,1.0,7,0,0.0,2.0,4.0,1.0,B01
201800028380,1.0,7,0,1.0,1.0,3.0,1.0,B01
201800028380,1.0,7,0,0.0,2.0,2.0,1.0,A01
201800028381,1.0,7,0,0.0,2.0,7.0,1.0,B01
201800028381,1.0,7,0,0.0,2.0,8.0,11.0,A01
201800028382,1.0,7,0,1.0,1.0,2.0,0.0,A01
201800028382,1.0,7,0,0.0,2.0,5.0,24.0,B01
201800028383,1.0,7,0,0.0,6.0,7.0,14.0,B01
201800028383,1.0,1,0,0.0,2.0,8.0,1.0,A01
201800028384,1.0,10,0,0.0,2.0,3.0,9.0,A01
201800028384,1.0,7,0,0.0,2.0,5.0,9.0,B01
201800028385,1.0,13,0,0.0,1.0,2.0,0.0,A01
201800028386,1.0,7,0,0.0,1.0,1.0,1.0,A01
201800028387,1.0,33,0,0.0,2.0,1.0,18.0,A01
201800028387,1.0,7,0,0.0,2.0,8.0,20.0,C01
201800028387,1.0,7,0,0.0,2.0,5.0,0.0,B01
201800028388,1.0,99,0,0.0,1.0,0.0,15.0,Z01
201800028389,1.0,7,0,0.0,1.0,1.0,1.0,A01
201800028390,1.0,33,0,0.0,2.0,2.0,1.0,B01
201800028390,1.0,7,0,0.0,2.0,3.0,15.0,A01
201800028391,1.0,7,0,0.0,1.0,1.0,1.0,A01
201800028392,1.0,2,0,0.0,2.0,1.0,1.0,A01
201800028392,1.0,99,0,0.0,2.0,4.0,12.0,Z01
201800028393,1.0,7,0,0.0,2.0,8.0,1.0,B01
201800028393,1.0,99,0,0.0,2.0,1.0,1.0,Z01
201800028394,1.0,33,0,0.0,2.0,2.0,1.0,B01
201800028394,1.0,7,0,0.0,2.0,8.0,1.0,A01
201800028395,1.0,7,0,8.0,0.0,1.0,0.0,B01
201800028395,1.0,7,0,8.0,0.0,1.0,21.0,A01
201800028396,1.0,7,0,0.0,6.0,2.0,16.0,A01
201800028396,1.0,7,0,0.0,2.0,8.0,0.0,B01
201800028397,1.0,7,0,0.0,1.0,1.0,1.0,A01
201800028398,1.0,7,0,0.0,1.0,1.0,15.0,A01
201800028399,1.0,2,0,12.0,2.0,0.0,20.0,B01
201800028399,1.0,7,0,14.0,0.0,7.0,1.0,Z01
201800028400,1.0,2,0,0.0,2.0,0.0,0.0,B01
201800028400,1.0,7,0,0.0,6.0,1.0,0.0,Z01
201800028401,1.0,30,0,0.0,2.0,1.0,14.0,A01
201800028401,1.0,7,0,0.0,2.0,7.0,16.0,B01
201800028402,1.0,7,0,0.0,2.0,1.0,1.0,C01
201800028402,1.0,7,0,0.0,2.0,1.0,1.0,B01
201800028402,1.0,7,0,0.0,2.0,1.0,1.0,A01
201800028402,1.0,7,0,0.0,2.0,1.0,1.0,D01
201800028402,1.0,7,0,0.0,2.0,1.0,1.0,E01
201800028403,1.0,7,0,0.0,1.0,2.0,1.0,A01
201800028404,1.0,7,0,0.0,1.0,8.0,15.0,A01
201800028405,1.0,1,0,0.0,2.0,1.0,1.0,B01
201800028405,1.0,7,0,0.0,6.0,1.0,10.0,A01
201800028406,1.0,7,0,6.0,0.0,1.0,0.0,A01
201800028407,1.0,7,0,0.0,2.0,2.0,1.0,A01
201800028407,1.0,7,0,0.0,2.0,4.0,23.0,B01
201800028408,1.0,7,0,0.0,2.0,5.0,1.0,B01
201800028408,1.0,7,0,0.0,2.0,1.0,1.0,A01
201800028409,1.0,7,0,0.0,1.0,1.0,1.0,A01
201800028410,1.0,7,0,0.0,2.0,2.0,15.0,B01
201800028410,1.0,2,0,0.0,2.0,1.0,15.0,A01
201800028411,1.0,2,0,0.0,2.0,1.0,1.0,A01
201800028411,1.0,7,0,0.0,2.0,1.0,15.0,B01
201800028412,1.0,7,0,0.0,2.0,7.0,1.0,A01
201800028412,1.0,7,0,0.0,2.0,8.0,1.0,B01
201800028413,1.0,2,0,0.0,2.0,3.0,2.0,B01
201800028413,1.0,7,0,0.0,6.0,3.0,2.0,A01
201800028414,1.0,7,0,6.0,1.0,1.0,1.0,A01
201800028414,1.0,7,0,0.0,2.0,1.0,1.0,B01
201800028415,1.0,1,0,0.0,2.0,1.0,1.0,A01
201800028415,1.0,7,0,0.0,6.0,2.0,16.0,B01
201800028416,1.0,7,0,6.0,0.0,1.0,16.0,A01
201800028417,1.0,7,0,0.0,6.0,7.0,17.0,A01
201800028417,1.0,2,0,0.0,2.0,1.0,0.0,B01
201800028418,1.0,7,0,0.0,2.0,4.0,1.0,B01
201800028418,1.0,7,0,0.0,2.0,0.0,12.0,Z01
201800028419,1.0,7,0,0.0,2.0,4.0,1.0,B01
201800028419,1.0,7,0,0.0,2.0,1.0,1.0,A01
201800028420,1.0,7,0,0.0,1.0,7.0,1.0,A01
201800028421,1.0,7,0,0.0,2.0,4.0,2.0,B01
201800028421,1.0,7,0,0.0,2.0,4.0,2.0,C01
201800028421,1.0,7,0,0.0,2.0,1.0,2.0,A01
201800028422,1.0,33,0,0.0,2.0,3.0,1.0,B01
201800028422,1.0,7,0,0.0,2.0,3.0,15.0,A01
201800028423,1.0,7,0,0.0,2.0,1.0,1.0,A01
201800028423,1.0,7,0,0.0,2.0,4.0,2.0,C01
201800028423,1.0,7,0,0.0,2.0,4.0,2.0,B01
201800028424,1.0,7,0,0.0,1.0,1.0,1.0,A01
201800028425,1.0,7,0,0.0,1.0,3.0,15.0,A01
201800028426,1.0,7,0,0.0,2.0,1.0,1.0,B01
201800028426,1.0,33,0,0.0,2.0,7.0,1.0,A01
201800028427,1.0,14,0,0.0,1.0,1.0,16.0,A01
201800028428,1.0,7,0,0.0,2.0,1.0,2.0,Z01
201800028428,1.0,7,0,0.0,2.0,4.0,2.0,A01
201800028429,1.0,7,0,0.0,2.0,8.0,1.0,A01
201800028429,1.0,7,0,0.0,2.0,1.0,2.0,Z01
201800028430,1.0,7,0,0.0,2.0,3.0,15.0,A01
201800028430,1.0,7,0,0.0,2.0,5.0,1.0,B01
201800028431,1.0,7,0,0.0,2.0,1.0,1.0,A01
201800028431,1.0,7,0,0.0,2.0,3.0,1.0,B01
201800028432,1.0,2,0,0.0,1.0,1.0,5.0,Z01
201800028433,1.0,7,0,0.0,1.0,1.0,15.0,A01
201800028434,1.0,7,0,0.0,1.0,1.0,1.0,A01
201800028435,1.0,10,0,0.0,0.0,0.0,24.0,B01
201800028435,1.0,10,0,0.0,2.0,1.0,0.0,A01
201800028436,1.0,7,0,0.0,1.0,1.0,1.0,A01
201800028437,1.0,7,0,0.0,2.0,7.0,1.0,A01
201800028437,1.0,7,0,0.0,2.0,1.0,1.0,B01
201800028438,1.0,7,0,0.0,2.0,7.0,1.0,B01
201800028438,1.0,7,0,1.0,0.0,6.0,20.0,A01
201800028438,1.0,7,0,0.0,2.0,5.0,0.0,C01
201800028439,1.0,7,0,0.0,1.0,1.0,16.0,A01
201800028440,1.0,37,2,0.0,2.0,3.0,1.0,B01
201800028440,1.0,7,0,0.0,,0.0,17.0,Z01
201800028441,1.0,7,0,0.0,2.0,6.0,2.0,B01
201800028441,1.0,7,0,0.0,2.0,2.0,2.0,A01
201800028442,1.0,7,0,0.0,2.0,4.0,0.0,C01
201800028442,1.0,7,0,0.0,2.0,1.0,1.0,A01
201800028442,1.0,7,0,0.0,2.0,4.0,2.0,B01
201800028443,1.0,7,0,0.0,1.0,0.0,1.0,Z01
201800028444,1.0,7,0,0.0,1.0,4.0,0.0,A01
201800028445,1.0,7,0,0.0,1.0,8.0,20.0,A01
201800028446,1.0,7,0,0.0,2.0,4.0,1.0,B01
201800028446,1.0,7,0,0.0,2.0,1.0,1.0,A01
201800028447,1.0,33,0,0.0,2.0,8.0,0.0,B01
201800028447,1.0,7,0,0.0,2.0,7.0,2.0,A01
201800028448,1.0,7,0,0.0,1.0,1.0,1.0,A01
201800028449,1.0,7,0,0.0,2.0,1.0,1.0,A01
201800028449,1.0,7,0,0.0,2.0,8.0,1.0,B01
201800028450,1.0,10,0,0.0,1.0,0.0,0.0,A01
201800028451,1.0,7,0,0.0,2.0,8.0,1.0,A01
201800028451,1.0,7,0,0.0,2.0,1.0,1.0,B01
201800028452,1.0,7,0,0.0,1.0,1.0,1.0,A01
201800028453,1.0,32,0,0.0,2.0,1.0,1.0,A01
201800028453,1.0,7,0,0.0,2.0,3.0,1.0,B01
201800028454,1.0,7,0,0.0,2.0,4.0,2.0,B01
201800028454,1.0,2,0,0.0,2.0,1.0,2.0,A01
201800028455,1.0,7,0,0.0,2.0,1.0,1.0,A01
201800028455,1.0,7,0,0.0,2.0,2.0,15.0,B01
201800028456,1.0,7,0,0.0,2.0,2.0,1.0,B01
201800028456,1.0,7,0,0.0,2.0,1.0,16.0,A01
201800028457,1.0,1,0,0.0,1.0,0.0,0.0,Z01
201800028458,1.0,7,0,0.0,2.0,1.0,2.0,A01
201800028458,1.0,2,0,0.0,2.0,4.0,2.0,B01
201800028459,1.0,7,0,0.0,2.0,1.0,1.0,B01
201800028459,1.0,7,0,0.0,2.0,2.0,15.0,A01
201800028460,1.0,33,0,0.0,2.0,4.0,2.0,B01
201800028460,1.0,7,0,0.0,2.0,1.0,2.0,A01
201800028461,1.0,7,0,0.0,2.0,4.0,2.0,C01
201800028461,1.0,7,0,0.0,2.0,4.0,2.0,B01
201800028461,1.0,13,0,0.0,2.0,1.0,2.0,A01
201800028462,1.0,7,0,0.0,1.0,2.0,0.0,Z01
201800028463,1.0,1,0,0.0,2.0,8.0,1.0,B01
201800028463,1.0,7,0,0.0,,2.0,1.0,A01
201800028464,1.0,7,0,0.0,2.0,8.0,0.0,A01
201800028464,1.0,7,0,0.0,2.0,3.0,0.0,C01
201800028464,1.0,7,0,0.0,2.0,1.0,0.0,B01
201800028465,1.0,7,0,8.0,0.0,3.0,0.0,A01
201800028466,1.0,7,0,0.0,1.0,1.0,17.0,Z01
201800028467,1.0,7,0,0.0,2.0,0.0,15.0,Z01
201800028467,1.0,32,0,0.0,2.0,1.0,2.0,B01
201800028468,1.0,37,2,0.0,2.0,2.0,2.0,B01
201800028468,1.0,7,0,0.0,2.0,6.0,9.0,A01
201800028469,1.0,7,0,0.0,2.0,4.0,2.0,B01
201800028469,1.0,7,0,0.0,2.0,4.0,2.0,D01
201800028469,1.0,7,0,0.0,2.0,4.0,2.0,C01
201800028469,1.0,7,0,0.0,2.0,1.0,2.0,A01
201800028470,1.0,7,0,0.0,2.0,5.0,2.0,B01
201800028470,1.0,7,0,0.0,2.0,3.0,2.0,A01
201800028471,1.0,7,0,0.0,2.0,4.0,2.0,B01
201800028471,1.0,7,0,0.0,2.0,1.0,2.0,A01
201800028472,1.0,7,0,0.0,2.0,5.0,14.0,Z01
201800028472,1.0,32,0,0.0,2.0,1.0,1.0,B01
201800028473,1.0,7,0,0.0,2.0,1.0,1.0,B01
201800028473,1.0,7,0,0.0,2.0,3.0,15.0,A01
201800028474,1.0,7,0,0.0,2.0,1.0,2.0,Z01
201800028474,1.0,7,0,0.0,2.0,4.0,1.0,B01
201800028475,1.0,7,0,0.0,2.0,1.0,15.0,A01
201800028475,1.0,7,0,0.0,2.0,7.0,1.0,B01
201800028476,1.0,7,0,0.0,1.0,1.0,1.0,A01
201800028477,1.0,7,0,0.0,2.0,4.0,2.0,B01
201800028477,1.0,7,0,0.0,2.0,1.0,1.0,A01
201800028478,1.0,7,0,0.0,1.0,1.0,1.0,A01
201800028479,1.0,7,0,0.0,1.0,1.0,1.0,A01
201800028480,1.0,1,0,0.0,2.0,1.0,1.0,B01
201800028480,1.0,7,0,0.0,2.0,1.0,1.0,Z01
201800028481,1.0,7,0,0.0,2.0,1.0,1.0,B01
201800028481,1.0,37,1,0.0,2.0,1.0,1.0,A01
201800028482,1.0,3,0,0.0,2.0,7.0,1.0,B01
201800028482,1.0,7,0,0.0,2.0,1.0,9.0,A01
201800028483,1.0,7,0,0.0,2.0,5.0,4.0,A01
201800028483,1.0,7,0,0.0,2.0,3.0,4.0,B01
201800028484,1.0,7,0,0.0,2.0,4.0,13.0,A01
201800028484,1.0,33,0,0.0,2.0,4.0,1.0,B01
201800028485,1.0,7,0,0.0,1.0,4.0,4.0,A01
201800028486,1.0,30,0,0.0,2.0,7.0,2.0,A01
201800028486,1.0,7,0,0.0,2.0,1.0,1.0,B01
201800028487,1.0,7,0,0.0,6.0,4.0,1.0,B01
201800028487,1.0,1,0,0.0,2.0,1.0,2.0,A01
201800028488,1.0,33,0,0.0,1.0,1.0,1.0,A01
201800028489,1.0,33,0,0.0,1.0,0.0,0.0,Z01
201800028490,1.0,7,0,0.0,6.0,1.0,1.0,Z01
201800028490,1.0,30,0,0.0,2.0,4.0,23.0,B01
201800028491,1.0,1,0,0.0,1.0,0.0,1.0,Z01
201800028492,1.0,7,0,0.0,2.0,3.0,1.0,A01
201800028492,1.0,7,0,0.0,2.0,3.0,1.0,B01
201800028493,1.0,7,0,0.0,1.0,1.0,1.0,B01
201800028494,1.0,7,0,0.0,2.0,8.0,1.0,A01
201800028494,1.0,7,0,0.0,2.0,1.0,1.0,B01
201800028495,1.0,7,0,0.0,6.0,1.0,1.0,A01
201800028495,1.0,33,0,0.0,2.0,8.0,1.0,B01
201800028496,1.0,7,0,0.0,1.0,1.0,1.0,A01
201800028497,1.0,33,0,0.0,2.0,1.0,1.0,B01
201800028497,1.0,7,0,0.0,6.0,3.0,1.0,A01
201800028498,1.0,99,0,0.0,2.0,4.0,5.0,A01
201800028498,1.0,7,0,0.0,0.0,3.0,1.0,B01
201800028499,1.0,7,0,0.0,2.0,3.0,1.0,Z01
201800028499,1.0,7,0,0.0,2.0,3.0,1.0,A01
201800028500,1.0,7,0,3.0,0.0,1.0,0.0,A01
201800028501,1.0,7,0,0.0,1.0,2.0,1.0,A01
201800028502,1.0,7,0,0.0,2.0,3.0,1.0,D01
201800028502,1.0,7,0,0.0,2.0,6.0,1.0,B01
201800028502,1.0,15,0,0.0,2.0,8.0,1.0,C01
201800028502,1.0,33,0,0.0,2.0,1.0,1.0,A01
201800028503,1.0,1,0,0.0,2.0,1.0,1.0,B01
201800028503,1.0,7,0,0.0,6.0,7.0,1.0,A01
201800028504,1.0,7,0,1.0,0.0,4.0,24.0,B01
201800028504,1.0,7,0,1.0,0.0,2.0,1.0,A01
201800028504,1.0,7,0,1.0,0.0,4.0,24.0,C01
201800028505,1.0,7,0,0.0,2.0,4.0,1.0,C01
201800028505,1.0,7,0,0.0,2.0,1.0,1.0,B01
201800028505,1.0,7,0,0.0,2.0,1.0,1.0,A01
201800028506,1.0,7,0,0.0,2.0,1.0,15.0,A01
201800028506,1.0,7,0,0.0,2.0,8.0,1.0,B01
201800028507,1.0,7,0,0.0,2.0,1.0,2.0,A01
201800028507,1.0,7,0,0.0,2.0,4.0,2.0,B01
201800028508,1.0,7,0,0.0,1.0,1.0,1.0,A01
201800028509,1.0,7,0,0.0,1.0,1.0,1.0,A01
201800028510,1.0,7,0,0.0,2.0,2.0,15.0,B01
201800028510,1.0,7,0,0.0,2.0,1.0,1.0,A01
201800028511,1.0,33,0,0.0,2.0,7.0,1.0,B01
201800028511,1.0,7,0,0.0,6.0,1.0,16.0,A01
201800028512,1.0,7,0,0.0,2.0,2.0,1.0,B01
201800028512,1.0,7,0,0.0,2.0,3.0,9.0,A01
201800028513,1.0,7,0,0.0,2.0,0.0,1.0,B01
201800028513,1.0,7,0,0.0,2.0,3.0,15.0,A01
201800028514,1.0,7,0,0.0,1.0,1.0,0.0,Z01
201800028515,1.0,7,0,0.0,2.0,7.0,1.0,B01
201800028515,1.0,7,0,0.0,2.0,1.0,1.0,A01
201800028516,1.0,7,0,0.0,2.0,4.0,1.0,B01
201800028516,1.0,33,0,0.0,2.0,1.0,2.0,A01
201800028517,1.0,2,0,0.0,2.0,1.0,15.0,A01
201800028517,1.0,7,0,0.0,2.0,3.0,1.0,B01
201800028518,1.0,7,0,0.0,6.0,2.0,1.0,A01
201800028518,1.0,1,0,0.0,2.0,1.0,1.0,B01
201800028519,1.0,7,0,0.0,2.0,1.0,1.0,A01
201800028519,1.0,32,0,0.0,2.0,4.0,1.0,B01
201800028520,1.0,1,0,0.0,2.0,1.0,17.0,A01
201800028520,1.0,7,0,0.0,6.0,3.0,10.0,B01
201800028521,1.0,7,0,0.0,2.0,4.0,1.0,C01
201800028521,1.0,7,0,0.0,2.0,1.0,2.0,A01
201800028521,1.0,7,0,0.0,2.0,1.0,2.0,B01
201800028522,1.0,7,0,0.0,2.0,1.0,2.0,A01
201800028522,1.0,7,0,0.0,2.0,4.0,2.0,B01
201800028523,1.0,1,0,0.0,2.0,1.0,1.0,B01
201800028523,1.0,7,0,0.0,6.0,8.0,24.0,A01
201800028524,1.0,7,0,0.0,2.0,1.0,2.0,A01
201800028524,1.0,7,0,0.0,2.0,4.0,2.0,B01
201800028525,1.0,1,0,0.0,2.0,1.0,1.0,B01
201800028525,1.0,7,0,0.0,,8.0,1.0,A01
201800028526,1.0,7,0,0.0,1.0,0.0,0.0,Z01
201800028527,1.0,7,0,0.0,2.0,4.0,1.0,B01
201800028527,1.0,7,0,0.0,2.0,2.0,1.0,A01
201800028528,1.0,7,0,0.0,1.0,1.0,1.0,A01
201800028529,1.0,2,0,0.0,1.0,3.0,1.0,A01
201800028530,1.0,7,0,0.0,1.0,1.0,1.0,A01
201800028531,1.0,33,0,0.0,2.0,1.0,1.0,A01
201800028531,1.0,7,0,0.0,2.0,8.0,15.0,B01
201800028532,1.0,7,0,0.0,2.0,4.0,2.0,B01
201800028532,1.0,7,0,0.0,2.0,3.0,2.0,A01
201800028533,1.0,7,0,0.0,1.0,0.0,1.0,Z01
201800028534,1.0,7,0,0.0,2.0,1.0,2.0,A01
201800028534,1.0,7,0,0.0,2.0,4.0,2.0,B01
201800028535,1.0,7,0,0.0,2.0,7.0,1.0,B01
201800028535,1.0,7,0,0.0,2.0,8.0,1.0,A01
201800028536,1.0,33,0,0.0,1.0,7.0,1.0,A01
201800028537,1.0,7,0,0.0,1.0,7.0,1.0,A01
201800028538,1.0,30,0,0.0,2.0,1.0,16.0,A01
201800028538,1.0,7,0,0.0,,8.0,1.0,B01
201800028539,1.0,7,0,0.0,1.0,7.0,1.0,A01
201800028540,1.0,32,0,0.0,2.0,1.0,1.0,A01
201800028540,1.0,7,0,0.0,2.0,8.0,13.0,B01
201800028541,1.0,7,0,0.0,2.0,8.0,0.0,B01
201800028541,1.0,7,0,0.0,2.0,4.0,0.0,A01
201800028542,1.0,7,0,2.0,2.0,1.0,0.0,C01
201800028542,1.0,7,0,0.0,2.0,1.0,1.0,A01
201800028542,1.0,7,0,0.0,2.0,1.0,0.0,B01
201800028543,1.0,7,0,0.0,2.0,4.0,10.0,A01