Num_Acc,senc,catv,occutc,obs,obsm,choc,manv,num_veh
201800028543,1.0,33,0,0.0,2.0,8.0,1.0,B01
201800028544,1.0,33,0,0.0,2.0,1.0,1.0,B01
201800028544,1.0,7,0,0.0,2.0,3.0,14.0,A01
201800028545,1.0,7,0,0.0,0.0,2.0,1.0,A01
201800028545,1.0,32,0,0.0,0.0,1.0,1.0,B01
201800028546,1.0,7,0,0.0,2.0,2.0,16.0,B01
201800028546,1.0,33,0,0.0,2.0,1.0,7.0,A01
201800028547,1.0,7,0,0.0,1.0,7.0,1.0,A01
201800028548,1.0,7,0,0.0,2.0,8.0,11.0,B01
201800028549,1.0,31,0,0.0,2.0,4.0,1.0,B01
201800028549,1.0,10,0,0.0,2.0,2.0,1.0,A01
201800028550,1.0,7,0,0.0,2.0,3.0,1.0,B01
201800028550,1.0,7,0,0.0,2.0,1.0,15.0,A01
201800028551,1.0,2,0,0.0,2.0,8.0,7.0,A01
201800028551,1.0,7,0,0.0,2.0,7.0,1.0,B01
201800028552,1.0,7,0,1.0,0.0,2.0,1.0,A01
201800028552,1.0,7,0,0.0,2.0,6.0,0.0,B01
201800028553,1.0,2,0,0.0,2.0,7.0,1.0,A01
201800028553,1.0,7,0,0.0,2.0,7.0,1.0,B01
201800028554,1.0,7,0,0.0,2.0,1.0,2.0,A01
201800028554,1.0,7,0,0.0,2.0,4.0,2.0,B01
201800028555,1.0,7,0,0.0,1.0,1.0,1.0,A01
201800028556,1.0,7,0,0.0,1.0,1.0,2.0,Z01
201800028557,1.0,7,0,0.0,2.0,1.0,2.0,A01
201800028557,1.0,7,0,0.0,2.0,4.0,2.0,B01
201800028558,1.0,7,0,0.0,2.0,0.0,0.0,Z01
201800028558,1.0,7,0,0.0,2.0,1.0,1.0,B01
201800028559,0.0,7,0,0.0,1.0,1.0,1.0,A01
201800028560,0.0,7,0,0.0,1.0,1.0,1.0,A01
201800028561,1.0,7,0,0.0,2.0,1.0,1.0,A01
201800028561,1.0,2,0,0.0,2.0,8.0,0.0,B01
201800028562,1.0,33,0,0.0,,1.0,1.0,A01
201800028562,1.0,1,0,0.0,2.0,1.0,1.0,B01
201800028563,1.0,7,0,0.0,1.0,1.0,1.0,A01
201800028564,1.0,7,0,0.0,2.0,1.0,1.0,A01
201800028564,1.0,7,0,0.0,2.0,1.0,1.0,B01
201800028565,1.0,7,0,9.0,0.0,1.0,1.0,A01
201800028566,1.0,7,0,0.0,2.0,1.0,1.0,B01
201800028566,1.0,7,0,0.0,2.0,5.0,1.0,A01
201800028567,1.0,7,0,0.0,1.0,2.0,15.0,A01
201800028568,1.0,7,0,0.0,2.0,1.0,10.0,A01
201800028568,1.0,33,0,0.0,2.0,1.0,1.0,B01
201800028569,1.0,33,0,0.0,2.0,5.0,1.0,B01
201800028569,1.0,7,0,0.0,2.0,7.0,1.0,A01
201800028570,1.0,7,0,0.0,1.0,1.0,1.0,A01
201800028571,1.0,7,0,0.0,1.0,1.0,1.0,A01
201800028572,1.0,17,0,0.0,4.0,1.0,1.0,A01
201800028572,1.0,39,120,0.0,2.0,0.0,1.0,B01
201800028573,1.0,7,0,0.0,2.0,0.0,1.0,B01
201800028573,1.0,7,0,0.0,2.0,0.0,1.0,A01
201800028574,0.0,7,0,0.0,1.0,0.0,0.0,Z01
201800028575,1.0,7,0,0.0,2.0,7.0,20.0,B01
201800028575,1.0,32,0,0.0,2.0,1.0,1.0,A01
201800028576,1.0,37,4,0.0,2.0,1.0,1.0,B01
201800028576,1.0,7,0,0.0,2.0,1.0,1.0,A01
201800028577,1.0,7,0,0.0,2.0,0.0,0.0,A01
201800028577,1.0,7,0,0.0,2.0,0.0,0.0,B01
201800028578,1.0,30,0,0.0,2.0,7.0,1.0,B01
201800028578,1.0,7,0,0.0,2.0,3.0,1.0,A01
201800028579,1.0,1,0,0.0,1.0,0.0,0.0,Z01
201800028580,1.0,7,0,0.0,1.0,1.0,20.0,A01
201800028581,1.0,7,0,0.0,9.0,5.0,12.0,Z01
201800028581,1.0,1,0,0.0,2.0,4.0,1.0,B01
201800028582,1.0,7,0,0.0,2.0,1.0,13.0,A01
201800028582,1.0,7,0,1.0,2.0,4.0,1.0,B01
201800028583,1.0,7,0,0.0,2.0,2.0,15.0,B01
201800028583,1.0,33,0,9.0,2.0,1.0,7.0,A01
201800028584,1.0,7,0,0.0,1.0,1.0,15.0,A01
201800028585,1.0,7,0,0.0,1.0,1.0,0.0,A01
201800028586,1.0,7,0,0.0,1.0,3.0,15.0,A01
201800028587,1.0,7,0,0.0,2.0,1.0,1.0,A01
201800028587,1.0,7,0,0.0,2.0,1.0,1.0,B01
201800028588,1.0,7,0,0.0,1.0,0.0,15.0,A01
201800028589,1.0,7,0,0.0,1.0,1.0,1.0,Z01
201800028590,1.0,7,0,0.0,1.0,1.0,0.0,A01
201800028591,1.0,7,0,0.0,1.0,1.0,1.0,A01
201800028592,1.0,33,0,0.0,2.0,1.0,1.0,B01
201800028592,2.0,7,0,0.0,2.0,3.0,15.0,A01
201800028593,2.0,7,0,0.0,2.0,3.0,19.0,A01
201800028593,1.0,7,0,0.0,2.0,2.0,0.0,B01
201800028594,2.0,7,0,2.0,0.0,8.0,14.0,A01
201800028595,1.0,7,0,0.0,1.0,2.0,1.0,A01
201800028596,2.0,33,0,0.0,2.0,1.0,17.0,B01
201800028596,2.0,7,0,0.0,2.0,3.0,17.0,A01
201800028597,1.0,7,0,0.0,2.0,1.0,2.0,A01
201800028597,1.0,7,0,0.0,2.0,4.0,2.0,B01
201800028598,2.0,2,0,0.0,2.0,8.0,18.0,B01
201800028598,1.0,10,0,0.0,2.0,5.0,15.0,A01
201800028599,0.0,7,0,0.0,2.0,7.0,19.0,A01
201800028599,2.0,7,0,0.0,2.0,1.0,1.0,B01
201800028600,0.0,7,0,15.0,0.0,2.0,16.0,A01
201800028601,1.0,7,0,0.0,1.0,4.0,20.0,A01
201800028602,2.0,7,0,0.0,2.0,1.0,1.0,B01
201800028602,1.0,7,0,0.0,2.0,7.0,1.0,A01
201800028603,0.0,1,0,0.0,2.0,1.0,19.0,A01
201800028603,2.0,7,0,0.0,2.0,2.0,1.0,B01
201800028604,1.0,7,0,14.0,2.0,4.0,2.0,C01
201800028604,1.0,7,0,14.0,2.0,1.0,2.0,A01
201800028604,1.0,7,0,14.0,2.0,4.0,2.0,B01
201800028605,0.0,7,0,0.0,2.0,3.0,13.0,A01
201800028605,0.0,7,0,8.0,2.0,3.0,1.0,B01
201800028606,1.0,7,0,0.0,2.0,4.0,1.0,B01
201800028606,1.0,7,0,0.0,2.0,1.0,2.0,A01
201800028607,0.0,2,0,0.0,2.0,1.0,1.0,B01
201800028607,0.0,7,0,0.0,2.0,3.0,15.0,A01
201800028608,0.0,7,0,0.0,2.0,8.0,16.0,B01
201800028608,2.0,7,0,0.0,2.0,8.0,1.0,C01
201800028608,1.0,7,0,0.0,2.0,1.0,21.0,A01
201800028609,1.0,33,0,0.0,0.0,0.0,0.0,A01
201800028610,2.0,10,0,0.0,2.0,1.0,15.0,A01
201800028610,2.0,7,0,0.0,2.0,4.0,15.0,B01
201800028611,1.0,10,0,0.0,1.0,1.0,16.0,A01
201800028612,0.0,7,0,0.0,1.0,1.0,20.0,A01
201800028613,2.0,7,0,0.0,2.0,3.0,19.0,A01
201800028613,1.0,10,0,0.0,2.0,3.0,0.0,C01
201800028613,2.0,7,0,0.0,2.0,1.0,1.0,B01
201800028614,1.0,7,0,0.0,2.0,1.0,1.0,B01
201800028614,0.0,7,0,0.0,2.0,3.0,15.0,A01
201800028615,2.0,7,0,0.0,2.0,6.0,1.0,A01
201800028615,2.0,1,0,0.0,2.0,1.0,1.0,B01
201800028616,1.0,7,0,0.0,1.0,2.0,1.0,A01
201800028617,2.0,7,0,0.0,1.0,6.0,19.0,A01
201800028618,1.0,31,0,0.0,2.0,1.0,17.0,B01
201800028618,0.0,7,0,0.0,2.0,3.0,9.0,A01
201800028619,2.0,7,0,6.0,0.0,1.0,15.0,A01
201800028620,1.0,7,0,0.0,2.0,1.0,15.0,A01
201800028620,2.0,33,0,12.0,2.0,7.0,1.0,B01
201800028621,1.0,37,15,0.0,2.0,3.0,1.0,B01
201800028621,2.0,7,0,0.0,2.0,3.0,13.0,A01
201800028622,2.0,7,0,0.0,2.0,1.0,13.0,A01
201800028622,1.0,7,0,0.0,2.0,2.0,1.0,B01
201800028623,2.0,33,0,0.0,2.0,1.0,1.0,B01
201800028623,2.0,17,0,0.0,2.0,8.0,10.0,A01
201800028624,2.0,7,0,0.0,2.0,0.0,0.0,Z01
201800028624,2.0,1,0,6.0,2.0,6.0,0.0,B01
201800028625,0.0,2,0,0.0,2.0,3.0,1.0,B01
201800028625,0.0,7,0,0.0,2.0,6.0,13.0,A01
201800028626,1.0,7,0,0.0,1.0,5.0,20.0,A01
201800028627,1.0,7,0,0.0,1.0,3.0,0.0,A01
201800028628,2.0,7,0,0.0,1.0,4.0,4.0,A01
201800028629,2.0,7,0,0.0,2.0,0.0,15.0,A01
201800028629,1.0,1,0,0.0,2.0,0.0,0.0,B01
201800028630,0.0,1,0,14.0,0.0,1.0,0.0,A01
201800028631,1.0,36,0,6.0,0.0,0.0,16.0,A01
201800028632,2.0,7,0,0.0,1.0,1.0,0.0,A01
201800028633,1.0,7,0,0.0,2.0,6.0,1.0,B01
201800028633,2.0,7,0,0.0,2.0,1.0,1.0,A01
201800028634,2.0,10,0,2.0,0.0,3.0,5.0,A01
201800028635,0.0,30,0,0.0,1.0,1.0,1.0,A01
201800028636,2.0,7,0,0.0,1.0,5.0,1.0,A01
201800028637,1.0,33,0,0.0,2.0,1.0,1.0,A01
201800028637,1.0,10,0,0.0,0.0,8.0,16.0,B01
201800028638,0.0,7,0,0.0,1.0,3.0,1.0,A01
201800028639,1.0,7,0,0.0,1.0,2.0,1.0,A01
201800028640,0.0,2,0,0.0,2.0,4.0,1.0,B01
201800028640,0.0,7,0,0.0,2.0,1.0,2.0,A01
201800028641,1.0,7,0,0.0,2.0,1.0,2.0,A01
201800028641,0.0,7,0,0.0,2.0,4.0,23.0,B01
201800028642,1.0,7,0,0.0,2.0,2.0,10.0,B01
201800028642,2.0,7,0,0.0,2.0,1.0,1.0,A01
201800028643,2.0,7,0,0.0,2.0,1.0,15.0,A01
201800028643,1.0,7,0,0.0,2.0,8.0,1.0,B01
201800028644,1.0,33,0,0.0,2.0,1.0,1.0,B01
201800028644,2.0,7,0,0.0,2.0,2.0,15.0,A01
201800028645,1.0,7,0,0.0,1.0,1.0,1.0,Z01
201800028646,1.0,7,0,12.0,0.0,1.0,7.0,A01
201800028647,2.0,7,0,0.0,2.0,1.0,9.0,A01
201800028647,1.0,1,0,0.0,2.0,7.0,1.0,B01
201800028648,1.0,7,0,0.0,2.0,3.0,15.0,A01
201800028648,2.0,30,0,0.0,2.0,2.0,17.0,B01
201800028649,1.0,7,0,0.0,2.0,5.0,23.0,B01
201800028649,1.0,7,0,0.0,2.0,2.0,2.0,A01
201800028650,1.0,7,0,0.0,2.0,1.0,15.0,A01
201800028650,2.0,7,0,0.0,2.0,1.0,1.0,B01
201800028651,2.0,7,0,6.0,0.0,3.0,13.0,A01
201800028652,2.0,7,0,0.0,1.0,2.0,1.0,A01
201800028653,1.0,37,1,0.0,2.0,3.0,15.0,A01
201800028653,2.0,30,0,0.0,2.0,3.0,1.0,B01
201800028654,1.0,7,0,0.0,2.0,2.0,1.0,A01
201800028654,2.0,7,0,0.0,2.0,8.0,19.0,B01
201800028655,0.0,7,0,0.0,2.0,8.0,22.0,A01
201800028655,1.0,1,0,1.0,0.0,2.0,1.0,B01
201800028656,1.0,36,0,0.0,0.0,0.0,13.0,A01
201800028657,1.0,7,0,0.0,1.0,1.0,1.0,A01
201800028658,2.0,7,0,0.0,2.0,1.0,1.0,B01
201800028658,1.0,7,0,0.0,2.0,1.0,13.0,A01
201800028659,1.0,7,0,0.0,1.0,3.0,1.0,B01
201800028659,1.0,7,0,0.0,2.0,1.0,14.0,A01
201800028660,2.0,7,0,4.0,0.0,1.0,14.0,A01
201800028661,2.0,7,0,0.0,1.0,1.0,1.0,A01
201800028662,2.0,7,0,0.0,1.0,1.0,1.0,A01
201800028663,2.0,1,0,0.0,2.0,4.0,7.0,B01
201800028663,2.0,30,0,0.0,2.0,1.0,7.0,A01
201800028664,1.0,7,0,0.0,2.0,1.0,1.0,A01
201800028664,1.0,7,0,0.0,2.0,8.0,15.0,B01
201800028665,1.0,33,0,0.0,0.0,0.0,11.0,A01
201800028666,1.0,30,0,0.0,2.0,1.0,1.0,A01
201800028666,1.0,7,0,0.0,2.0,8.0,16.0,B01
201800028667,1.0,30,0,14.0,0.0,1.0,1.0,A01
201800028668,2.0,1,0,0.0,0.0,8.0,1.0,A01
201800028669,2.0,7,0,0.0,2.0,7.0,16.0,A01
201800028669,2.0,1,0,0.0,2.0,1.0,18.0,B01
201800028670,1.0,7,0,0.0,2.0,4.0,2.0,C01
201800028670,1.0,7,0,0.0,2.0,4.0,2.0,B01
201800028670,1.0,7,0,0.0,2.0,1.0,2.0,A01
201800028670,1.0,7,0,0.0,2.0,4.0,2.0,D01
201800028671,1.0,7,0,0.0,2.0,3.0,15.0,A01
201800028671,2.0,1,0,0.0,2.0,1.0,1.0,B01
201800028672,1.0,10,0,0.0,2.0,6.0,1.0,C01
201800028672,1.0,10,0,0.0,2.0,3.0,1.0,B01
201800028672,2.0,7,0,0.0,2.0,3.0,13.0,A01
201800028673,2.0,7,0,0.0,2.0,1.0,2.0,A01
201800028673,2.0,2,0,0.0,2.0,4.0,2.0,B01
201800028674,1.0,7,0,0.0,2.0,6.0,2.0,B01
201800028674,1.0,2,0,0.0,2.0,7.0,2.0,A01
201800028675,1.0,30,0,0.0,2.0,1.0,2.0,A01
201800028675,1.0,7,0,0.0,2.0,4.0,1.0,B01
201800028676,1.0,7,0,4.0,0.0,3.0,13.0,A01
201800028677,2.0,7,0,0.0,1.0,1.0,1.0,A01
201800028678,1.0,7,0,0.0,2.0,6.0,1.0,A01
201800028678,1.0,7,0,0.0,2.0,1.0,2.0,Z01
201800028679,2.0,7,0,5.0,0.0,1.0,14.0,A01
201800028680,1.0,7,0,16.0,0.0,0.0,1.0,A01
201800028681,0.0,7,0,0.0,1.0,4.0,20.0,A01
201800028682,1.0,7,0,4.0,2.0,7.0,1.0,C01
201800028682,1.0,7,0,0.0,2.0,7.0,1.0,B01
201800028682,1.0,7,0,0.0,2.0,3.0,11.0,A01
201800028683,2.0,7,0,0.0,2.0,4.0,23.0,B01
201800028683,2.0,7,0,0.0,2.0,1.0,2.0,Z01
201800028684,2.0,30,0,0.0,0.0,0.0,1.0,A01
201800028685,1.0,7,0,0.0,1.0,3.0,1.0,A01
201800028686,1.0,7,0,4.0,0.0,3.0,13.0,A01
201800028687,1.0,1,0,0.0,2.0,7.0,1.0,B01
201800028687,1.0,7,0,0.0,2.0,1.0,9.0,A01
201800028688,1.0,1,0,0.0,0.0,0.0,1.0,A01
201800028689,2.0,7,0,0.0,1.0,1.0,17.0,A01
201800028690,1.0,33,0,0.0,2.0,8.0,17.0,A01
201800028690,2.0,7,0,0.0,2.0,3.0,1.0,B01
201800028691,1.0,30,0,0.0,0.0,0.0,0.0,A01
201800028692,1.0,10,0,0.0,2.0,2.0,1.0,B01
201800028692,2.0,7,0,0.0,2.0,3.0,9.0,A01
201800028693,2.0,7,0,0.0,1.0,2.0,16.0,A01
201800028694,2.0,7,0,0.0,2.0,3.0,9.0,A01
201800028694,2.0,30,0,0.0,2.0,1.0,7.0,B01
201800028695,1.0,1,0,0.0,2.0,8.0,1.0,B01
201800028695,1.0,7,0,0.0,2.0,1.0,0.0,A01
201800028696,1.0,7,0,0.0,2.0,6.0,1.0,B01
201800028696,1.0,15,0,0.0,2.0,2.0,17.0,A01
201800028697,1.0,7,0,0.0,1.0,0.0,20.0,A01
201800028698,2.0,7,0,0.0,2.0,0.0,0.0,B01
201800028698,2.0,30,0,0.0,2.0,0.0,0.0,A01
201800028699,1.0,7,0,0.0,1.0,1.0,16.0,A01
201800028700,0.0,7,0,0.0,2.0,4.0,20.0,A01
201800028700,0.0,1,0,0.0,2.0,7.0,1.0,B01
201800028701,1.0,7,0,0.0,2.0,2.0,1.0,B01
201800028701,2.0,7,0,0.0,2.0,2.0,13.0,A01
201800028702,2.0,7,0,1.0,0.0,1.0,13.0,A01
201800028703,1.0,1,0,0.0,2.0,7.0,15.0,B01
201800028703,2.0,7,0,0.0,2.0,3.0,9.0,A01
201800028704,1.0,30,0,0.0,2.0,7.0,1.0,B01
201800028704,1.0,10,0,0.0,2.0,8.0,9.0,A01
201800028705,2.0,1,0,0.0,1.0,1.0,1.0,A01
201800028706,2.0,7,0,0.0,2.0,4.0,2.0,D01
201800028706,2.0,7,0,0.0,2.0,4.0,2.0,C01
201800028706,2.0,7,0,0.0,2.0,4.0,23.0,E01
201800028706,2.0,7,0,0.0,2.0,4.0,23.0,F01
201800028706,2.0,7,0,0.0,2.0,1.0,2.0,A01
201800028706,2.0,7,0,0.0,2.0,4.0,2.0,B01
201800028707,1.0,7,0,0.0,2.0,7.0,9.0,A01
201800028707,1.0,33,0,0.0,2.0,3.0,1.0,B01
201800028708,1.0,7,0,0.0,1.0,1.0,1.0,A01
201800028709,2.0,7,0,15.0,0.0,2.0,1.0,A01
201800028710,1.0,1,0,0.0,2.0,1.0,1.0,B01
201800028710,1.0,7,0,0.0,2.0,3.0,15.0,A01
201800028711,1.0,7,0,6.0,0.0,1.0,1.0,A01
201800028712,2.0,1,0,0.0,0.0,0.0,1.0,A01
201800028713,1.0,7,0,0.0,2.0,4.0,1.0,B01
201800028713,1.0,1,0,0.0,2.0,1.0,2.0,A01
201800028714,1.0,7,0,0.0,1.0,7.0,16.0,A01
201800028715,0.0,7,0,0.0,2.0,8.0,9.0,A01
201800028715,1.0,30,0,0.0,2.0,1.0,1.0,B01
201800028716,1.0,7,0,2.0,0.0,1.0,13.0,A01
201800028717,1.0,7,0,0.0,1.0,2.0,15.0,A01
201800028718,1.0,3,0,1.0,2.0,1.0,1.0,A01
201800028719,1.0,7,0,0.0,2.0,1.0,1.0,B01
201800028719,2.0,2,0,0.0,2.0,2.0,19.0,A01
201800028720,1.0,7,0,6.0,0.0,1.0,13.0,A01
201800028721,1.0,15,0,16.0,0.0,1.0,0.0,A01
201800028722,1.0,1,0,16.0,0.0,0.0,0.0,A01
201800028723,0.0,7,0,0.0,2.0,7.0,1.0,B01
201800028723,2.0,1,0,0.0,2.0,1.0,19.0,A01
201800028724,2.0,33,0,0.0,1.0,1.0,1.0,A01
201800028725,1.0,7,0,13.0,0.0,9.0,14.0,A01
201800028726,2.0,7,0,5.0,0.0,1.0,13.0,A01
201800028727,2.0,1,0,0.0,2.0,1.0,23.0,B01
201800028727,2.0,7,0,0.0,2.0,5.0,4.0,A01
201800028728,2.0,1,0,0.0,2.0,1.0,15.0,B01
201800028728,1.0,7,0,0.0,2.0,3.0,9.0,A01
201800028729,2.0,7,0,14.0,0.0,1.0,13.0,A01
201800028730,2.0,1,0,0.0,2.0,1.0,1.0,B01
201800028730,1.0,7,0,0.0,2.0,2.0,15.0,A01
201800028731,2.0,30,0,12.0,0.0,2.0,9.0,A01
201800028732,2.0,7,0,0.0,2.0,8.0,15.0,B01
201800028732,2.0,2,0,0.0,2.0,2.0,17.0,A01
201800028733,1.0,2,0,0.0,2.0,3.0,2.0,A01
201800028733,1.0,7,0,0.0,2.0,7.0,16.0,B01
201800028734,2.0,7,0,0.0,2.0,1.0,1.0,B01
201800028734,1.0,7,0,0.0,2.0,1.0,13.0,A01
201800028735,2.0,7,0,0.0,2.0,3.0,1.0,B01
201800028735,1.0,7,0,0.0,2.0,8.0,1.0,C01
201800028735,1.0,7,0,0.0,2.0,1.0,15.0,A01
201800028736,2.0,7,0,0.0,2.0,1.0,2.0,A01
201800028736,2.0,7,0,0.0,2.0,4.0,2.0,C01
201800028736,2.0,7,0,0.0,2.0,4.0,1.0,B01
201800028737,1.0,33,0,16.0,0.0,0.0,15.0,A01
201800028738,1.0,7,0,0.0,2.0,1.0,2.0,A01
201800028738,1.0,7,0,0.0,2.0,4.0,2.0,C01
201800028738,1.0,7,0,0.0,2.0,4.0,2.0,B01
201800028739,2.0,7,0,2.0,0.0,1.0,15.0,A01
201800028740,1.0,15,0,0.0,1.0,7.0,1.0,A01
201800028741,2.0,7,0,0.0,2.0,2.0,1.0,A01
201800028741,,7,0,0.0,2.0,3.0,1.0,B01
201800028742,1.0,7,0,0.0,2.0,1.0,1.0,B01
201800028742,1.0,7,0,0.0,2.0,7.0,0.0,A01
201800028743,2.0,1,0,0.0,1.0,1.0,1.0,A01
201800028744,1.0,7,0,0.0,2.0,1.0,2.0,A01
201800028744,1.0,7,0,0.0,2.0,4.0,1.0,B01
201800028745,2.0,1,0,0.0,1.0,1.0,1.0,A01
201800028746,2.0,33,0,0.0,0.0,0.0,1.0,B01
201800028746,1.0,7,0,0.0,0.0,0.0,15.0,A01
201800028747,1.0,1,0,0.0,0.0,0.0,1.0,A01
201800028748,2.0,7,0,0.0,2.0,4.0,2.0,B01
201800028748,2.0,7,0,0.0,2.0,1.0,1.0,A01
201800028748,2.0,7,0,0.0,2.0,4.0,2.0,C01
201800028749,2.0,7,0,13.0,0.0,1.0,14.0,A01
201800028750,2.0,1,0,0.0,2.0,1.0,1.0,B01
201800028750,0.0,7,0,0.0,2.0,6.0,0.0,A01
201800028751,1.0,7,0,1.0,0.0,1.0,13.0,A01
201800028752,1.0,30,0,0.0,0.0,0.0,1.0,A01
201800028753,2.0,1,0,0.0,2.0,1.0,1.0,B01
201800028753,1.0,7,0,0.0,2.0,2.0,15.0,A01
201800028754,0.0,2,0,0.0,2.0,1.0,19.0,A01
201800028754,1.0,14,0,0.0,2.0,3.0,1.0,B01
201800028755,2.0,7,0,0.0,2.0,1.0,1.0,A01
201800028755,1.0,1,0,0.0,2.0,7.0,19.0,B01
201800028756,1.0,7,0,0.0,2.0,1.0,1.0,A01
201800028756,2.0,2,0,0.0,2.0,7.0,15.0,B01
201800028757,2.0,7,0,15.0,0.0,2.0,14.0,A01
201800028758,1.0,7,0,0.0,2.0,4.0,2.0,B01
201800028758,1.0,7,0,0.0,2.0,1.0,2.0,A01
201800028759,2.0,7,0,0.0,2.0,8.0,15.0,A01
201800028759,2.0,10,0,0.0,2.0,2.0,7.0,B01
201800028760,1.0,7,0,13.0,0.0,1.0,14.0,A01
201800028761,2.0,7,0,0.0,2.0,1.0,1.0,B01
201800028761,1.0,7,0,0.0,2.0,7.0,15.0,A01
201800028762,1.0,30,0,0.0,2.0,1.0,7.0,A01
201800028762,1.0,7,0,0.0,2.0,8.0,15.0,B01
201800028763,1.0,7,0,0.0,0.0,9.0,14.0,A01
201800028764,2.0,7,0,0.0,2.0,3.0,1.0,B01
201800028764,1.0,33,0,0.0,2.0,1.0,13.0,A01
201800028765,1.0,7,0,0.0,2.0,4.0,15.0,B01
201800028765,1.0,7,0,0.0,2.0,1.0,2.0,A01
201800028766,1.0,7,0,0.0,2.0,1.0,14.0,A01
201800028766,2.0,7,0,0.0,0.0,0.0,15.0,D01
201800028766,2.0,7,0,0.0,2.0,1.0,23.0,C01
201800028766,2.0,7,0,0.0,2.0,8.0,23.0,B01
201800028767,1.0,7,0,0.0,1.0,2.0,1.0,Z01
201800028768,1.0,7,0,1.0,0.0,1.0,14.0,A01
201800028769,1.0,7,0,13.0,0.0,1.0,14.0,A01
201800028770,2.0,7,0,16.0,0.0,9.0,1.0,A01
201800028771,2.0,33,0,0.0,1.0,2.0,1.0,A01
201800028772,2.0,7,0,0.0,2.0,4.0,1.0,B01
201800028772,2.0,7,0,0.0,2.0,4.0,1.0,C01
201800028772,2.0,7,0,0.0,2.0,1.0,2.0,A01
201800028773,1.0,10,0,0.0,1.0,1.0,1.0,A01
201800028774,1.0,7,0,0.0,2.0,1.0,2.0,A01
201800028774,1.0,7,0,0.0,2.0,4.0,1.0,C01
201800028774,1.0,7,0,0.0,2.0,4.0,2.0,B01
201800028775,1.0,7,0,0.0,2.0,6.0,2.0,B01
201800028775,1.0,7,0,0.0,2.0,5.0,2.0,C01
201800028775,1.0,7,0,0.0,2.0,2.0,2.0,A01
201800028776,2.0,14,0,16.0,0.0,7.0,1.0,A01
201800028777,1.0,37,7,0.0,2.0,1.0,2.0,A01
201800028777,1.0,37,5,0.0,2.0,4.0,2.0,B01
201800028778,1.0,7,0,0.0,2.0,1.0,2.0,C01
201800028778,1.0,30,0,0.0,2.0,1.0,2.0,A01
201800028778,1.0,7,0,0.0,2.0,4.0,2.0,B01
201800028779,1.0,1,0,16.0,0.0,0.0,1.0,A01
201800028780,1.0,2,0,0.0,2.0,1.0,1.0,B01
201800028780,1.0,7,0,0.0,2.0,2.0,15.0,A01
201800028781,1.0,7,0,0.0,2.0,3.0,0.0,A01
201800028781,1.0,2,0,0.0,2.0,1.0,1.0,B01
201800028782,1.0,1,0,0.0,2.0,1.0,1.0,B01
201800028782,1.0,7,0,0.0,2.0,1.0,1.0,A01
201800028783,1.0,7,0,0.0,1.0,1.0,16.0,A01
201800028784,1.0,7,0,0.0,2.0,3.0,1.0,A01
201800028784,1.0,7,0,0.0,2.0,7.0,19.0,B01
201800028785,2.0,1,0,7.0,0.0,1.0,21.0,B01
201800028785,2.0,7,0,0.0,0.0,0.0,15.0,Z01
201800028786,2.0,7,0,0.0,2.0,3.0,9.0,A01
201800028786,2.0,1,0,0.0,2.0,1.0,1.0,B01
201800028787,2.0,37,1,0.0,1.0,1.0,1.0,A01
201800028788,1.0,7,0,6.0,0.0,1.0,13.0,A01
201800028789,2.0,7,0,0.0,2.0,3.0,1.0,B01
201800028789,2.0,7,0,0.0,2.0,2.0,15.0,A01
201800028790,2.0,7,0,2.0,0.0,1.0,19.0,A01
201800028791,2.0,7,0,0.0,1.0,1.0,1.0,A01
201800028792,1.0,1,0,8.0,0.0,1.0,1.0,A01
201800028793,1.0,1,0,0.0,2.0,1.0,1.0,B01
201800028793,2.0,7,0,0.0,2.0,3.0,13.0,A01
201800028794,1.0,1,0,0.0,2.0,1.0,1.0,B01
201800028794,2.0,7,0,0.0,2.0,8.0,9.0,A01
201800028795,2.0,7,0,13.0,0.0,1.0,21.0,A01
201800028796,1.0,2,0,0.0,2.0,1.0,7.0,A01
201800028796,1.0,7,0,0.0,2.0,3.0,19.0,B01
201800028797,1.0,1,0,0.0,2.0,1.0,1.0,B01
201800028797,0.0,7,0,0.0,2.0,3.0,9.0,A01
201800028798,2.0,7,0,0.0,2.0,4.0,1.0,B01
201800028798,2.0,2,0,0.0,2.0,1.0,2.0,A01
201800028799,1.0,2,0,0.0,2.0,2.0,1.0,B01
201800028799,1.0,7,0,0.0,2.0,3.0,9.0,A01
201800028800,1.0,7,0,0.0,2.0,3.0,2.0,B01
201800028800,1.0,7,0,3.0,2.0,8.0,13.0,A01
201800028801,1.0,7,0,12.0,0.0,7.0,14.0,A01
201800028802,1.0,30,0,0.0,2.0,2.0,1.0,A01
201800028802,2.0,7,0,0.0,2.0,3.0,1.0,B01
201800028803,1.0,1,0,1.0,0.0,1.0,1.0,B01
201800028803,1.0,7,0,0.0,2.0,6.0,22.0,A01
201800028804,1.0,7,0,0.0,1.0,2.0,1.0,A01
201800028805,2.0,30,0,0.0,0.0,7.0,16.0,A01
201800028806,2.0,2,0,0.0,2.0,1.0,1.0,B01
201800028806,2.0,7,0,0.0,2.0,3.0,9.0,A01
201800028807,2.0,7,0,13.0,0.0,4.0,1.0,A01
201800028808,1.0,7,0,0.0,1.0,1.0,1.0,A01
201800028809,1.0,7,0,15.0,0.0,2.0,14.0,A01
201800028810,1.0,30,0,11.0,0.0,1.0,1.0,A01