Num_Acc,senc,catv,occutc,obs,obsm,choc,manv,num_veh
201800028811,1.0,7,0,0.0,2.0,3.0,9.0,A01
201800028811,1.0,33,0,0.0,2.0,7.0,1.0,B01
201800028812,1.0,7,0,0.0,2.0,1.0,1.0,A01
201800028812,1.0,7,0,0.0,2.0,4.0,23.0,B01
201800028813,1.0,30,0,0.0,0.0,7.0,1.0,A01
201800028814,2.0,7,0,6.0,0.0,1.0,13.0,A01
201800028815,2.0,7,0,0.0,2.0,6.0,15.0,B01
201800028815,2.0,10,0,0.0,2.0,3.0,1.0,A01
201800028816,1.0,7,0,0.0,1.0,1.0,1.0,A01
201800028817,2.0,30,0,0.0,0.0,0.0,15.0,A01
201800028818,2.0,7,0,0.0,2.0,7.0,1.0,B01
201800028818,1.0,7,0,0.0,2.0,2.0,13.0,A01
201800028819,1.0,7,0,0.0,1.0,1.0,1.0,A01
201800028820,2.0,7,0,0.0,2.0,3.0,1.0,B01
201800028820,1.0,7,0,0.0,2.0,7.0,1.0,A01
201800028821,2.0,2,0,0.0,0.0,8.0,1.0,A01
201800028822,2.0,1,0,0.0,2.0,7.0,0.0,B01
201800028822,1.0,7,0,0.0,2.0,1.0,9.0,A01
201800028823,1.0,10,0,15.0,0.0,7.0,14.0,A01
201800028824,2.0,7,0,1.0,0.0,1.0,14.0,A01
201800028825,1.0,1,0,0.0,2.0,1.0,1.0,A01
201800028826,1.0,7,0,0.0,2.0,2.0,16.0,A01
201800028826,1.0,1,0,0.0,2.0,8.0,1.0,B01
201800028827,1.0,30,0,0.0,0.0,7.0,9.0,A01
201800028828,2.0,2,0,16.0,0.0,0.0,1.0,A01
201800028829,2.0,1,0,0.0,2.0,1.0,1.0,B01
201800028829,1.0,7,0,0.0,2.0,2.0,9.0,A01
201800028830,2.0,7,0,6.0,0.0,1.0,14.0,A01
201800028831,2.0,7,0,0.0,2.0,1.0,1.0,B01
201800028831,2.0,7,0,0.0,2.0,7.0,15.0,A01
201800028832,2.0,7,0,0.0,2.0,1.0,1.0,B01
201800028832,1.0,7,0,0.0,2.0,1.0,13.0,A01
201800028833,2.0,7,0,1.0,0.0,2.0,14.0,A01
201800028834,1.0,7,0,8.0,0.0,1.0,14.0,A01
201800028835,1.0,7,0,3.0,0.0,3.0,13.0,A01
201800028836,1.0,7,0,0.0,2.0,4.0,1.0,C01
201800028836,1.0,7,0,0.0,2.0,1.0,2.0,A01
201800028836,1.0,7,0,0.0,2.0,4.0,1.0,B01
201800028837,2.0,7,0,0.0,2.0,4.0,2.0,B01
201800028837,2.0,7,0,0.0,2.0,4.0,2.0,C01
201800028837,2.0,7,0,0.0,2.0,1.0,2.0,A01
201800028838,1.0,7,0,0.0,1.0,1.0,1.0,A01
201800028839,1.0,7,0,0.0,0.0,7.0,1.0,A01
201800028840,1.0,2,0,0.0,0.0,0.0,1.0,A01
201800028841,2.0,30,0,0.0,0.0,0.0,1.0,A01
201800028842,1.0,7,0,0.0,2.0,1.0,9.0,A01
201800028842,2.0,2,0,0.0,2.0,3.0,9.0,B01
201800028843,1.0,7,0,0.0,0.0,7.0,1.0,A01
201800028844,2.0,7,0,0.0,2.0,8.0,15.0,B01
201800028844,1.0,30,0,0.0,2.0,1.0,1.0,A01
201800028845,1.0,1,0,0.0,2.0,5.0,1.0,B01
201800028845,1.0,7,0,0.0,2.0,3.0,9.0,A01
201800028846,2.0,7,0,0.0,2.0,1.0,2.0,C01
201800028846,2.0,7,0,0.0,2.0,1.0,1.0,B01
201800028846,1.0,7,0,0.0,2.0,1.0,13.0,A01
201800028847,1.0,7,0,0.0,2.0,1.0,19.0,A01
201800028847,1.0,37,4,0.0,2.0,3.0,1.0,B01
201800028848,1.0,7,0,0.0,2.0,3.0,1.0,B01
201800028848,2.0,7,0,0.0,2.0,3.0,13.0,A01
201800028849,2.0,1,0,0.0,2.0,5.0,1.0,B01
201800028849,1.0,7,0,0.0,2.0,1.0,9.0,A01
201800028850,2.0,3,0,0.0,2.0,1.0,2.0,A01
201800028850,2.0,7,0,0.0,2.0,4.0,1.0,B01
201800028851,2.0,7,0,0.0,2.0,1.0,1.0,A01
201800028851,2.0,30,0,0.0,2.0,4.0,23.0,B01
201800028852,2.0,2,0,0.0,2.0,1.0,1.0,B01
201800028852,2.0,7,0,0.0,2.0,2.0,1.0,A01
201800028853,2.0,7,0,0.0,2.0,2.0,1.0,B01
201800028853,2.0,7,0,0.0,2.0,8.0,9.0,Z01
201800028854,1.0,7,0,12.0,0.0,1.0,1.0,A01
201800028855,2.0,7,0,7.0,0.0,1.0,14.0,A01
201800028856,2.0,7,0,0.0,2.0,4.0,1.0,C01
201800028856,2.0,7,0,0.0,2.0,1.0,1.0,A01
201800028856,2.0,7,0,0.0,2.0,4.0,1.0,B01
201800028857,2.0,30,0,0.0,0.0,0.0,1.0,B01
201800028857,2.0,7,0,0.0,0.0,0.0,9.0,A01
201800028858,2.0,7,0,0.0,2.0,4.0,1.0,B01
201800028858,2.0,3,0,0.0,2.0,1.0,2.0,A01
201800028859,2.0,7,0,7.0,0.0,1.0,1.0,A01
201800028860,1.0,33,0,0.0,0.0,7.0,16.0,A01
201800028861,2.0,10,0,0.0,2.0,1.0,2.0,A01
201800028861,2.0,10,0,0.0,2.0,4.0,1.0,B01
201800028862,2.0,7,0,0.0,2.0,1.0,1.0,D01
201800028862,2.0,7,0,0.0,2.0,1.0,2.0,A01
201800028862,2.0,7,0,0.0,2.0,4.0,1.0,C01
201800028862,2.0,7,0,0.0,2.0,4.0,1.0,B01
201800028863,2.0,7,0,0.0,1.0,2.0,1.0,A01
201800028864,2.0,33,0,3.0,0.0,8.0,13.0,A01
201800028865,1.0,7,0,0.0,1.0,1.0,1.0,A01
201800028866,2.0,7,0,0.0,2.0,8.0,1.0,B01
201800028866,1.0,30,0,0.0,2.0,8.0,9.0,A01
201800028867,2.0,1,0,0.0,2.0,3.0,1.0,B01
201800028867,2.0,7,0,0.0,2.0,2.0,16.0,A01
201800028868,2.0,7,0,0.0,1.0,2.0,1.0,A01
201800028869,1.0,1,0,0.0,2.0,1.0,1.0,B01
201800028869,2.0,7,0,0.0,2.0,2.0,15.0,A01
201800028870,1.0,7,0,15.0,0.0,1.0,14.0,A01
201800028871,2.0,30,0,0.0,2.0,1.0,1.0,B01
201800028871,1.0,7,0,0.0,2.0,3.0,15.0,A01
201800028872,1.0,7,0,0.0,1.0,2.0,16.0,A01
201800028873,1.0,32,0,0.0,2.0,3.0,1.0,B01
201800028873,2.0,7,0,0.0,2.0,3.0,17.0,A01
201800028874,0.0,7,0,0.0,2.0,2.0,20.0,A01
201800028874,2.0,30,0,0.0,2.0,1.0,1.0,B01
201800028875,2.0,7,0,0.0,2.0,2.0,15.0,A01
201800028875,1.0,7,0,0.0,2.0,1.0,1.0,B01
201800028876,1.0,1,0,0.0,2.0,1.0,1.0,B01
201800028876,1.0,7,0,0.0,2.0,1.0,20.0,A01
201800028877,1.0,7,0,0.0,2.0,1.0,2.0,A01
201800028877,1.0,7,0,0.0,2.0,4.0,1.0,B01
201800028878,2.0,1,0,0.0,2.0,7.0,1.0,B01
201800028878,2.0,7,0,0.0,2.0,1.0,9.0,A01
201800028879,1.0,14,0,0.0,2.0,0.0,15.0,B01
201800028879,2.0,7,0,0.0,2.0,3.0,14.0,A01
201800028879,2.0,7,0,0.0,2.0,8.0,23.0,C01
201800028880,1.0,7,0,0.0,2.0,1.0,2.0,Z01
201800028880,1.0,30,0,0.0,2.0,4.0,1.0,B01
201800028881,2.0,7,0,0.0,2.0,8.0,20.0,B01
201800028881,2.0,7,0,0.0,2.0,2.0,1.0,A01
201800028882,1.0,7,0,0.0,2.0,1.0,1.0,A01
201800028882,1.0,7,0,0.0,2.0,8.0,1.0,B01
201800028883,1.0,1,0,0.0,2.0,8.0,1.0,B01
201800028883,1.0,17,0,0.0,2.0,7.0,16.0,A01
201800028884,2.0,30,0,8.0,0.0,1.0,14.0,A01
201800028885,2.0,33,0,0.0,0.0,4.0,2.0,B01
201800028885,2.0,33,0,0.0,2.0,1.0,2.0,A01
201800028886,2.0,33,0,8.0,0.0,1.0,1.0,A01
201800028887,0.0,33,0,5.0,0.0,8.0,19.0,A01
201800028888,1.0,33,0,13.0,0.0,1.0,1.0,A01
201800028889,2.0,33,0,0.0,2.0,3.0,0.0,B01
201800028889,2.0,33,0,0.0,0.0,0.0,1.0,C01
201800028889,2.0,7,0,0.0,2.0,5.0,21.0,A01
201800028890,1.0,2,0,13.0,0.0,3.0,1.0,A01
201800028891,0.0,2,0,0.0,2.0,8.0,19.0,A01
201800028891,1.0,7,0,0.0,9.0,2.0,1.0,B01
201800028892,0.0,33,0,7.0,0.0,1.0,1.0,A01
201800028893,1.0,7,0,15.0,0.0,3.0,1.0,A01
201800028894,2.0,7,0,0.0,2.0,3.0,1.0,A01
201800028894,1.0,10,0,0.0,2.0,3.0,13.0,B01
201800028895,0.0,7,0,2.0,0.0,3.0,1.0,A01
201800028896,1.0,7,0,2.0,0.0,1.0,1.0,A01
201800028897,1.0,7,0,0.0,2.0,2.0,1.0,A01
201800028897,1.0,1,0,0.0,2.0,6.0,1.0,B01
201800028898,1.0,7,0,0.0,2.0,1.0,2.0,A01
201800028898,1.0,15,0,0.0,2.0,1.0,2.0,D01
201800028898,1.0,7,0,0.0,2.0,4.0,2.0,B01
201800028898,1.0,7,0,0.0,2.0,1.0,2.0,C01
201800028899,2.0,7,0,0.0,1.0,1.0,1.0,A01
201800028900,2.0,14,0,0.0,2.0,2.0,12.0,A01
201800028900,2.0,7,0,0.0,2.0,8.0,1.0,B01
201800028900,1.0,7,0,0.0,2.0,1.0,1.0,C01
201800028901,2.0,7,0,0.0,1.0,3.0,15.0,A01
201800028902,1.0,33,0,0.0,2.0,0.0,21.0,B01
201800028902,1.0,7,0,0.0,2.0,0.0,19.0,A01
201800028903,1.0,7,0,0.0,2.0,1.0,1.0,B01
201800028903,1.0,7,0,0.0,2.0,4.0,4.0,Z01
201800028904,2.0,31,0,0.0,2.0,7.0,5.0,A01
201800028904,2.0,7,0,0.0,2.0,2.0,1.0,B01
201800028905,2.0,7,0,0.0,1.0,3.0,15.0,A01
201800028906,2.0,7,0,0.0,2.0,6.0,23.0,B01
201800028906,2.0,7,0,0.0,2.0,2.0,2.0,A01
201800028907,1.0,7,0,0.0,1.0,7.0,0.0,A01
201800028908,1.0,30,0,0.0,1.0,3.0,0.0,A01
201800028909,1.0,7,0,0.0,2.0,3.0,1.0,B01
201800028909,2.0,7,0,0.0,2.0,2.0,15.0,A01
201800028910,0.0,99,0,0.0,2.0,0.0,0.0,R01
201800028910,2.0,7,0,0.0,2.0,8.0,0.0,A01
201800028911,1.0,7,0,0.0,2.0,4.0,23.0,C01
201800028911,1.0,7,0,0.0,2.0,4.0,23.0,B01
201800028911,1.0,7,0,14.0,0.0,1.0,1.0,A01
201800028912,1.0,33,0,1.0,2.0,3.0,1.0,B01
201800028912,2.0,10,0,0.0,2.0,1.0,1.0,A01
201800028913,1.0,7,0,0.0,1.0,1.0,16.0,A01
201800028914,1.0,7,0,0.0,1.0,8.0,15.0,A01
201800028915,1.0,7,0,0.0,2.0,4.0,2.0,B01
201800028915,1.0,7,0,0.0,2.0,4.0,2.0,A01
201800028915,1.0,7,0,0.0,2.0,1.0,2.0,Z01
201800028916,2.0,7,0,0.0,2.0,6.0,1.0,B01
201800028916,2.0,7,0,0.0,2.0,2.0,17.0,A01
201800028917,1.0,7,0,0.0,1.0,2.0,1.0,A01
201800028918,0.0,32,0,0.0,2.0,7.0,19.0,A01
201800028918,1.0,7,0,0.0,2.0,1.0,0.0,B01
201800028919,2.0,7,0,0.0,2.0,1.0,1.0,B01
201800028919,1.0,7,0,0.0,2.0,2.0,15.0,A01
201800028920,1.0,33,0,0.0,2.0,1.0,21.0,B01
201800028920,1.0,7,0,0.0,2.0,8.0,15.0,A01
201800028921,2.0,32,0,0.0,2.0,7.0,2.0,B01
201800028921,2.0,7,0,0.0,2.0,8.0,13.0,A01
201800028922,0.0,37,4,14.0,0.0,1.0,1.0,A01
201800028923,1.0,37,1,0.0,1.0,1.0,1.0,A01
201800028924,1.0,2,0,0.0,2.0,7.0,21.0,B01
201800028924,1.0,7,0,0.0,2.0,3.0,9.0,A01
201800028925,1.0,7,0,0.0,2.0,2.0,1.0,A01
201800028925,1.0,1,0,0.0,2.0,0.0,2.0,B01
201800028926,1.0,7,0,0.0,2.0,8.0,22.0,A01
201800028926,1.0,1,0,1.0,0.0,1.0,1.0,B01
201800028927,1.0,30,0,0.0,2.0,2.0,12.0,A01
201800028927,1.0,7,0,0.0,2.0,3.0,1.0,B01
201800028928,2.0,7,0,0.0,2.0,1.0,1.0,A01
201800028928,2.0,7,0,0.0,2.0,3.0,24.0,B01
201800028929,1.0,7,0,0.0,2.0,2.0,15.0,B01
201800028929,0.0,33,0,0.0,2.0,5.0,17.0,A01
201800028930,0.0,7,0,0.0,1.0,5.0,0.0,A01
201800028931,0.0,7,0,0.0,2.0,4.0,15.0,C01
201800028931,0.0,7,0,0.0,2.0,4.0,2.0,B01
201800028931,0.0,7,0,0.0,2.0,1.0,2.0,A01
201800028932,1.0,1,0,0.0,2.0,1.0,1.0,A01
201800028932,1.0,7,0,0.0,2.0,1.0,15.0,B01
201800028933,2.0,1,0,0.0,2.0,1.0,7.0,B01
201800028933,2.0,7,0,0.0,2.0,2.0,15.0,A01
201800028934,1.0,7,0,0.0,2.0,1.0,15.0,A01
201800028934,2.0,2,0,0.0,2.0,1.0,1.0,B01
201800028935,1.0,7,0,0.0,2.0,1.0,2.0,A01
201800028935,1.0,7,0,0.0,2.0,4.0,1.0,B01
201800028935,1.0,7,0,0.0,2.0,4.0,0.0,C01
201800028936,0.0,7,0,0.0,1.0,0.0,16.0,A01
201800028937,1.0,7,0,0.0,1.0,0.0,1.0,A01
201800028938,0.0,7,0,0.0,1.0,4.0,0.0,A01
201800028939,0.0,7,0,0.0,1.0,1.0,1.0,A01
201800028940,1.0,7,0,0.0,1.0,2.0,16.0,A01
201800028941,2.0,7,0,0.0,2.0,4.0,2.0,B01
201800028941,2.0,7,0,0.0,2.0,1.0,11.0,A01
201800028942,2.0,1,0,0.0,2.0,1.0,19.0,A01
201800028942,2.0,7,0,0.0,2.0,1.0,15.0,B01
201800028943,0.0,33,0,1.0,0.0,1.0,0.0,A01
201800028944,2.0,7,0,0.0,2.0,3.0,15.0,B01
201800028944,2.0,32,0,0.0,2.0,2.0,17.0,A01
201800028945,0.0,7,0,0.0,1.0,1.0,0.0,A01
201800028946,1.0,10,0,0.0,1.0,2.0,13.0,A01
201800028947,0.0,33,0,0.0,2.0,7.0,1.0,B01
201800028947,2.0,7,0,0.0,2.0,3.0,9.0,A01
201800028948,2.0,30,0,0.0,2.0,5.0,15.0,B01
201800028948,1.0,7,0,0.0,2.0,3.0,0.0,A01
201800028949,2.0,7,0,11.0,0.0,1.0,0.0,A01
201800028950,1.0,7,0,0.0,2.0,3.0,9.0,A01
201800028950,2.0,1,0,0.0,2.0,4.0,1.0,B01
201800028951,0.0,30,0,7.0,0.0,1.0,13.0,A01
201800028952,2.0,7,0,0.0,1.0,1.0,1.0,A01
201800028953,2.0,7,0,0.0,2.0,2.0,1.0,A01
201800028953,2.0,1,0,0.0,2.0,4.0,19.0,B01
201800028954,2.0,7,0,0.0,1.0,1.0,15.0,A01
201800028955,0.0,7,0,6.0,0.0,1.0,1.0,A01
201800028956,1.0,7,0,8.0,0.0,7.0,14.0,A01
201800028957,1.0,31,0,0.0,0.0,0.0,0.0,A01
201800028958,2.0,33,0,14.0,0.0,1.0,0.0,A01
201800028959,1.0,7,0,0.0,2.0,3.0,1.0,B01
201800028959,2.0,7,0,0.0,2.0,2.0,19.0,A01
201800028960,0.0,7,0,0.0,0.0,5.0,0.0,A01
201800028960,0.0,2,0,0.0,2.0,1.0,2.0,B01
201800028960,0.0,2,0,0.0,2.0,1.0,2.0,C01
201800028961,1.0,7,0,13.0,0.0,2.0,2.0,A01
201800028962,2.0,7,0,0.0,2.0,3.0,1.0,B01
201800028962,1.0,7,0,0.0,2.0,3.0,13.0,A01
201800028963,0.0,1,0,0.0,2.0,3.0,13.0,A01
201800028963,0.0,7,0,0.0,2.0,3.0,1.0,B01
201800028964,1.0,2,0,6.0,0.0,1.0,0.0,A01
201800028965,1.0,33,0,0.0,2.0,3.0,1.0,B01
201800028965,2.0,7,0,0.0,2.0,2.0,15.0,A01
201800028966,1.0,33,0,0.0,2.0,1.0,1.0,B01
201800028966,1.0,7,0,0.0,2.0,8.0,16.0,A01
201800028967,2.0,7,0,0.0,0.0,6.0,15.0,A01
201800028967,1.0,2,0,0.0,2.0,1.0,1.0,B01
201800028968,1.0,10,0,0.0,2.0,2.0,13.0,A01
201800028968,2.0,14,0,0.0,2.0,2.0,1.0,B01
201800028969,0.0,33,0,3.0,0.0,1.0,0.0,A01
201800028969,0.0,17,0,0.0,0.0,3.0,0.0,B01
201800028970,1.0,7,0,0.0,1.0,2.0,1.0,A01
201800028971,1.0,7,0,0.0,2.0,1.0,13.0,A01
201800028971,2.0,7,0,0.0,2.0,1.0,1.0,B01
201800028972,1.0,7,0,6.0,2.0,3.0,1.0,B01
201800028972,2.0,7,0,0.0,2.0,1.0,1.0,A01
201800028973,2.0,7,0,16.0,0.0,0.0,1.0,A01
201800028974,2.0,7,0,6.0,0.0,1.0,0.0,A01
201800028975,1.0,7,0,6.0,0.0,1.0,13.0,A01
201800028976,1.0,7,0,0.0,2.0,3.0,1.0,B01
201800028976,2.0,7,0,0.0,2.0,3.0,15.0,A01
201800028976,2.0,10,0,0.0,2.0,1.0,23.0,C01
201800028977,2.0,2,0,13.0,0.0,9.0,1.0,A01
201800028978,2.0,7,0,13.0,2.0,1.0,1.0,B01
201800028978,1.0,7,0,13.0,2.0,8.0,15.0,A01
201800028979,2.0,15,0,0.0,2.0,0.0,1.0,B01
201800028979,1.0,7,0,14.0,2.0,8.0,1.0,A01
201800028980,2.0,30,0,0.0,2.0,0.0,13.0,A01
201800028980,1.0,7,0,0.0,2.0,3.0,21.0,B01
201800028981,2.0,7,0,13.0,0.0,8.0,13.0,A01
201800028982,1.0,7,0,2.0,0.0,8.0,1.0,A01
201800028983,1.0,7,0,0.0,2.0,3.0,1.0,B01
201800028983,2.0,2,0,0.0,2.0,3.0,13.0,A01
201800028984,1.0,7,0,,2.0,4.0,23.0,C01
201800028984,2.0,7,0,1.0,1.0,1.0,13.0,A01
201800028984,1.0,10,0,,2.0,4.0,23.0,B01
201800028985,1.0,33,0,0.0,2.0,2.0,1.0,B01
201800028985,1.0,7,0,0.0,2.0,8.0,9.0,A01
201800028986,1.0,33,0,0.0,2.0,1.0,1.0,B01
201800028986,2.0,7,0,0.0,2.0,3.0,15.0,A01
201800028987,1.0,10,0,0.0,2.0,5.0,15.0,B01
201800028987,2.0,7,0,0.0,2.0,3.0,1.0,C01
201800028987,1.0,33,0,3.0,2.0,1.0,2.0,A01
201800028988,1.0,7,0,13.0,0.0,1.0,14.0,A01
201800028989,2.0,10,0,9.0,2.0,6.0,15.0,A01
201800028989,2.0,10,0,0.0,2.0,1.0,0.0,B01
201800028990,1.0,7,0,0.0,2.0,2.0,1.0,B01
201800028990,1.0,1,0,0.0,2.0,7.0,19.0,A01
201800028991,2.0,7,0,2.0,0.0,3.0,1.0,A01
201800028992,1.0,7,0,0.0,1.0,2.0,16.0,A01
201800028993,0.0,2,0,0.0,2.0,7.0,1.0,A01
201800028993,0.0,7,0,0.0,2.0,3.0,16.0,B01
201800028994,1.0,33,0,0.0,2.0,1.0,1.0,B01
201800028994,2.0,7,0,0.0,2.0,3.0,17.0,A01
201800028995,2.0,7,0,2.0,0.0,1.0,13.0,A01
201800028996,1.0,7,0,0.0,2.0,5.0,23.0,B01
201800028996,1.0,31,0,0.0,2.0,1.0,1.0,A01
201800028997,0.0,7,0,0.0,2.0,1.0,15.0,A01
201800028997,0.0,34,0,0.0,2.0,7.0,1.0,B01
201800028998,2.0,7,0,0.0,2.0,3.0,13.0,A01
201800028998,1.0,2,0,0.0,2.0,1.0,1.0,B01
201800028999,2.0,7,0,0.0,2.0,1.0,5.0,A01
201800028999,1.0,15,0,0.0,2.0,8.0,1.0,B01
201800029000,2.0,7,0,14.0,1.0,1.0,2.0,A01
201800029001,2.0,2,0,0.0,2.0,1.0,1.0,B01
201800029001,1.0,7,0,0.0,2.0,8.0,19.0,A01
201800029002,1.0,31,0,3.0,0.0,1.0,1.0,A01
201800029003,1.0,7,0,0.0,2.0,2.0,15.0,A01
201800029003,2.0,33,0,0.0,2.0,1.0,1.0,B01
201800029004,1.0,7,0,0.0,1.0,0.0,1.0,Z01
201800029005,0.0,7,0,0.0,1.0,1.0,1.0,A01
201800029006,1.0,7,0,0.0,0.0,0.0,0.0,A01
201800029007,1.0,7,0,0.0,2.0,9.0,0.0,A01
201800029007,1.0,7,0,0.0,2.0,3.0,1.0,B01
201800029008,1.0,10,0,5.0,2.0,1.0,1.0,B01
201800029008,2.0,7,0,0.0,2.0,8.0,2.0,C01
201800029008,2.0,7,0,0.0,2.0,1.0,17.0,A01
201800029009,1.0,7,0,0.0,1.0,8.0,1.0,A01
201800029010,0.0,7,0,0.0,1.0,2.0,1.0,A01
201800029011,1.0,7,0,0.0,2.0,3.0,9.0,A01
201800029011,1.0,33,0,0.0,2.0,1.0,1.0,B01
201800029012,1.0,32,0,16.0,0.0,1.0,0.0,B01
201800029012,1.0,10,0,16.0,0.0,0.0,0.0,A01
201800029013,2.0,31,0,0.0,2.0,6.0,1.0,B01
201800029013,2.0,7,0,0.0,2.0,2.0,12.0,A01
201800029014,0.0,99,0,0.0,1.0,1.0,17.0,A01
201800029015,1.0,7,0,0.0,2.0,2.0,17.0,A01
201800029015,2.0,17,0,0.0,2.0,1.0,2.0,B01
201800029016,1.0,7,0,0.0,1.0,1.0,9.0,A01
201800029017,1.0,7,0,0.0,2.0,1.0,2.0,A01
201800029017,1.0,7,0,0.0,2.0,5.0,2.0,B01
201800029017,1.0,7,0,0.0,2.0,4.0,2.0,C01
201800029018,1.0,7,0,0.0,2.0,5.0,13.0,A01
201800029018,2.0,7,0,0.0,2.0,1.0,1.0,B01
201800029019,1.0,7,0,0.0,2.0,8.0,2.0,A01
201800029019,1.0,1,0,0.0,2.0,7.0,16.0,B01
201800029020,1.0,7,0,0.0,1.0,2.0,16.0,A01
201800029021,1.0,2,0,0.0,2.0,1.0,10.0,B01
201800029021,2.0,7,0,0.0,2.0,3.0,17.0,A01
201800029022,2.0,7,0,0.0,2.0,1.0,19.0,A01
201800029022,1.0,7,0,0.0,2.0,3.0,2.0,B01
201800029023,1.0,33,0,0.0,2.0,1.0,1.0,B01
201800029023,0.0,17,0,0.0,2.0,3.0,19.0,A01
201800029024,1.0,7,0,0.0,2.0,3.0,1.0,A01
201800029024,0.0,1,0,0.0,2.0,3.0,19.0,B01
201800029025,0.0,7,0,6.0,0.0,1.0,16.0,A01
201800029026,1.0,7,0,0.0,1.0,3.0,19.0,A01
201800029027,1.0,10,0,2.0,0.0,1.0,1.0,A01
201800029028,1.0,7,0,0.0,6.0,3.0,15.0,A01
201800029028,2.0,1,0,0.0,2.0,1.0,1.0,B01
201800029029,2.0,7,0,0.0,2.0,1.0,0.0,A01
201800029029,2.0,7,0,0.0,2.0,1.0,1.0,B01
201800029030,1.0,30,0,3.0,0.0,0.0,1.0,A01
201800029031,1.0,1,0,0.0,2.0,1.0,2.0,B01
201800029031,1.0,7,0,0.0,6.0,3.0,9.0,A01
201800029032,1.0,7,0,0.0,1.0,1.0,2.0,A01
201800029033,2.0,7,0,15.0,0.0,1.0,14.0,A01
201800029034,2.0,7,0,0.0,2.0,7.0,13.0,A01
201800029034,1.0,7,0,0.0,2.0,1.0,2.0,B01
201800029034,1.0,7,0,0.0,2.0,2.0,2.0,C01
201800029035,2.0,10,0,0.0,2.0,5.0,23.0,A01
201800029035,2.0,7,0,0.0,2.0,2.0,2.0,B01
201800029036,2.0,7,0,0.0,2.0,1.0,11.0,A01
201800029036,1.0,7,0,0.0,2.0,1.0,17.0,B01
201800029037,1.0,7,0,0.0,1.0,2.0,1.0,A01
201800029038,1.0,7,0,0.0,1.0,3.0,1.0,A01
201800029039,1.0,10,0,0.0,1.0,1.0,15.0,A01
201800029040,1.0,7,0,0.0,2.0,2.0,2.0,A01
201800029040,1.0,7,0,0.0,2.0,3.0,1.0,B01
201800029041,1.0,7,0,0.0,2.0,1.0,2.0,A01
201800029041,1.0,7,0,0.0,2.0,4.0,2.0,B01
201800029042,1.0,7,0,0.0,9.0,1.0,1.0,A01
201800029042,1.0,1,0,0.0,2.0,7.0,19.0,B01
201800029043,2.0,7,0,0.0,2.0,6.0,15.0,A01
201800029043,1.0,7,0,0.0,2.0,3.0,1.0,B01
201800029044,1.0,10,0,0.0,2.0,1.0,2.0,A01
201800029044,1.0,7,0,0.0,2.0,4.0,2.0,B01
201800029044,1.0,7,0,0.0,2.0,4.0,2.0,C01
201800029045,1.0,7,0,0.0,1.0,2.0,1.0,A01
201800029046,1.0,7,0,0.0,2.0,3.0,15.0,A01
201800029046,2.0,33,0,0.0,2.0,6.0,1.0,B01
201800029047,1.0,7,0,0.0,2.0,2.0,12.0,A01
201800029047,1.0,7,0,0.0,2.0,3.0,1.0,B01
201800029048,1.0,7,0,0.0,1.0,2.0,1.0,A01
201800029049,1.0,7,0,0.0,2.0,1.0,2.0,A01
201800029049,1.0,7,0,0.0,1.0,4.0,23.0,B01
201800029050,1.0,7,0,0.0,2.0,3.0,16.0,B01
201800029050,1.0,7,0,0.0,2.0,1.0,15.0,A01
201800029051,1.0,7,0,0.0,2.0,2.0,1.0,B01
201800029051,1.0,7,0,0.0,2.0,1.0,9.0,A01
201800029052,1.0,7,0,0.0,2.0,1.0,9.0,A01
201800029052,1.0,1,0,0.0,2.0,0.0,1.0,B01
201800029053,1.0,2,0,0.0,2.0,4.0,1.0,B01
201800029053,1.0,10,0,8.0,2.0,2.0,2.0,A01
201800029054,1.0,7,0,0.0,1.0,1.0,1.0,A01
201800029055,1.0,7,0,0.0,1.0,2.0,1.0,A01
201800029056,1.0,7,0,0.0,1.0,1.0,1.0,A01
201800029057,1.0,7,0,0.0,1.0,2.0,17.0,A01
201800029058,1.0,7,0,0.0,2.0,3.0,15.0,A01
201800029058,2.0,33,0,0.0,2.0,1.0,1.0,B01
201800029059,1.0,37,1,0.0,1.0,2.0,7.0,A01
201800029060,0.0,7,0,0.0,1.0,2.0,17.0,A01
201800029061,0.0,2,0,0.0,1.0,1.0,1.0,A01
201800029062,1.0,7,0,0.0,1.0,2.0,1.0,A01
201800029063,0.0,7,0,0.0,2.0,1.0,1.0,B01
201800029063,0.0,7,0,0.0,2.0,8.0,9.0,A01
201800029064,0.0,10,0,0.0,1.0,3.0,1.0,A01
201800029065,1.0,32,0,0.0,2.0,1.0,15.0,A01
201800029065,1.0,31,0,0.0,2.0,1.0,1.0,B01
201800029066,1.0,7,0,0.0,2.0,2.0,12.0,A01
201800029066,1.0,2,0,0.0,2.0,4.0,1.0,B01
201800029067,0.0,10,0,0.0,2.0,3.0,15.0,A01
201800029067,0.0,33,0,0.0,2.0,3.0,1.0,B01
201800029068,0.0,10,0,0.0,6.0,2.0,1.0,A01
201800029068,0.0,1,0,0.0,2.0,4.0,1.0,B01
201800029069,0.0,7,0,0.0,1.0,0.0,15.0,A01
201800029070,0.0,37,1,0.0,2.0,6.0,15.0,A01
201800029070,0.0,99,0,0.0,2.0,1.0,19.0,B01
201800029071,0.0,2,0,0.0,6.0,2.0,7.0,A01
201800029071,1.0,1,0,0.0,6.0,3.0,19.0,B01
201800029072,2.0,7,0,0.0,2.0,7.0,15.0,A01