Num_Acc,senc,catv,occutc,obs,obsm,choc,manv,num_veh
201800029599,0.0,7,0,0.0,2.0,0.0,13.0,A01
201800029600,0.0,7,0,0.0,1.0,0.0,0.0,A01
201800029601,1.0,33,0,0.0,2.0,1.0,17.0,A01
201800029601,0.0,99,0,0.0,2.0,0.0,9.0,Y01
201800029602,2.0,7,0,0.0,1.0,1.0,1.0,A01
201800029603,1.0,7,0,0.0,1.0,1.0,16.0,A01
201800029604,0.0,7,0,0.0,2.0,7.0,1.0,C01
201800029604,0.0,10,0,0.0,2.0,1.0,16.0,A01
201800029604,0.0,7,0,0.0,2.0,7.0,1.0,B01
201800029605,2.0,33,0,0.0,2.0,1.0,0.0,A01
201800029605,0.0,30,0,0.0,6.0,8.0,19.0,B01
201800029606,1.0,7,0,0.0,2.0,1.0,19.0,Z01
201800029606,2.0,7,0,0.0,2.0,6.0,15.0,B01
201800029607,1.0,99,0,0.0,0.0,0.0,0.0,B01
201800029607,0.0,7,0,0.0,0.0,6.0,15.0,A01
201800029608,2.0,7,0,0.0,2.0,0.0,0.0,B01
201800029608,2.0,32,0,0.0,2.0,2.0,19.0,A01
201800029609,1.0,7,0,0.0,1.0,1.0,10.0,A01
201800029609,1.0,33,0,0.0,2.0,1.0,0.0,B01
201800029610,0.0,7,0,0.0,2.0,7.0,0.0,B01
201800029610,1.0,7,0,1.0,0.0,1.0,0.0,A01
201800029611,0.0,10,0,1.0,1.0,1.0,2.0,A01
201800029612,0.0,1,0,0.0,6.0,5.0,19.0,B01
201800029612,0.0,7,0,0.0,2.0,5.0,9.0,A01
201800029613,1.0,32,0,14.0,1.0,1.0,21.0,Z01
201800029614,1.0,7,0,0.0,1.0,1.0,2.0,A01
201800029615,0.0,30,0,0.0,2.0,1.0,1.0,B01
201800029615,0.0,7,0,0.0,2.0,2.0,15.0,A01
201800029616,0.0,30,0,0.0,2.0,0.0,2.0,B01
201800029616,0.0,7,0,0.0,2.0,5.0,16.0,A01
201800029617,1.0,1,0,0.0,2.0,1.0,13.0,B01
201800029617,2.0,7,0,0.0,2.0,3.0,15.0,A01
201800029618,0.0,7,0,0.0,1.0,1.0,1.0,A01
201800029619,0.0,7,0,0.0,2.0,3.0,15.0,B01
201800029619,0.0,7,0,0.0,2.0,1.0,1.0,A01
201800029620,2.0,7,0,0.0,2.0,3.0,1.0,B01
201800029620,2.0,7,0,1.0,2.0,2.0,1.0,A01
201800029621,0.0,1,0,0.0,2.0,0.0,0.0,B01
201800029621,0.0,37,1,0.0,2.0,6.0,14.0,A01
201800029622,2.0,7,0,0.0,2.0,0.0,19.0,Z01
201800029622,1.0,32,0,0.0,2.0,1.0,1.0,B01
201800029623,1.0,7,0,0.0,1.0,2.0,1.0,A01
201800029624,0.0,7,0,0.0,1.0,0.0,0.0,A01
201800029625,0.0,7,0,0.0,2.0,1.0,1.0,B01
201800029625,0.0,7,0,0.0,2.0,8.0,2.0,A01
201800029626,1.0,7,0,0.0,1.0,1.0,1.0,A01
201800029627,0.0,7,0,0.0,6.0,0.0,1.0,A01
201800029627,0.0,1,0,0.0,2.0,3.0,15.0,B01
201800029628,1.0,7,0,0.0,1.0,1.0,1.0,A01
201800029629,2.0,7,0,,2.0,2.0,1.0,Z01
201800029629,2.0,7,0,0.0,2.0,3.0,1.0,B01
201800029630,2.0,33,0,3.0,0.0,9.0,1.0,A01
201800029631,2.0,7,0,0.0,2.0,3.0,15.0,A01
201800029631,1.0,1,0,0.0,2.0,1.0,1.0,B01
201800029632,0.0,7,0,0.0,1.0,3.0,0.0,A01
201800029633,0.0,7,0,0.0,2.0,6.0,1.0,A01
201800029633,0.0,7,0,0.0,2.0,0.0,0.0,Z01
201800029634,0.0,99,0,0.0,1.0,0.0,0.0,Z01
201800029635,2.0,37,1,0.0,1.0,2.0,9.0,A01
201800029636,1.0,10,0,0.0,1.0,2.0,1.0,A01
201800029637,2.0,7,0,0.0,0.0,0.0,9.0,Z01
201800029637,2.0,2,0,0.0,2.0,1.0,21.0,B01
201800029638,2.0,10,0,0.0,1.0,1.0,15.0,A01
201800029639,0.0,7,0,1.0,1.0,3.0,24.0,A01
201800029640,1.0,99,0,0.0,1.0,0.0,1.0,Z01
201800029641,0.0,7,0,0.0,2.0,5.0,0.0,B01
201800029641,0.0,7,0,0.0,2.0,3.0,9.0,A01
201800029642,0.0,7,0,0.0,2.0,1.0,15.0,A01
201800029642,1.0,2,0,0.0,2.0,1.0,1.0,B01
201800029643,0.0,7,0,0.0,1.0,3.0,16.0,A01
201800029644,0.0,7,0,0.0,2.0,0.0,10.0,B01
201800029644,0.0,7,0,0.0,2.0,1.0,0.0,A01
201800029645,0.0,7,0,1.0,1.0,1.0,1.0,A01
201800029645,1.0,7,0,0.0,2.0,3.0,9.0,B01
201800029646,2.0,10,0,0.0,1.0,1.0,1.0,A01
201800029647,0.0,1,0,0.0,2.0,1.0,1.0,B01
201800029647,0.0,7,0,0.0,6.0,0.0,15.0,A01
201800029648,0.0,7,0,0.0,2.0,2.0,15.0,A01
201800029648,0.0,1,0,0.0,2.0,1.0,1.0,B01
201800029649,1.0,7,0,0.0,6.0,2.0,17.0,A01
201800029649,1.0,1,0,0.0,2.0,8.0,19.0,B01
201800029650,0.0,7,0,0.0,2.0,1.0,1.0,B01
201800029650,0.0,7,0,0.0,2.0,8.0,1.0,A01
201800029651,1.0,7,0,0.0,2.0,2.0,15.0,B01
201800029651,1.0,99,0,0.0,2.0,3.0,1.0,A01
201800029652,2.0,33,0,8.0,0.0,1.0,1.0,A01
201800029653,2.0,7,0,16.0,0.0,8.0,10.0,A01
201800029653,2.0,2,0,0.0,2.0,7.0,21.0,B01
201800029654,1.0,7,0,16.0,0.0,1.0,1.0,A01
201800029655,1.0,7,0,6.0,0.0,2.0,0.0,A01
201800029656,0.0,7,0,0.0,2.0,8.0,15.0,A01
201800029656,2.0,33,0,0.0,2.0,1.0,1.0,B01
201800029657,2.0,7,0,0.0,2.0,2.0,0.0,A01
201800029657,1.0,10,0,0.0,0.0,5.0,23.0,B01
201800029657,1.0,7,0,0.0,2.0,1.0,0.0,C01
201800029657,1.0,7,0,0.0,2.0,1.0,0.0,D01
201800029658,2.0,14,0,0.0,1.0,3.0,1.0,A01
201800029659,2.0,7,0,0.0,1.0,3.0,2.0,A01
201800029660,2.0,7,0,0.0,1.0,1.0,1.0,A01
201800029661,1.0,7,0,0.0,2.0,3.0,15.0,A01
201800029661,2.0,34,0,0.0,2.0,1.0,1.0,B01
201800029662,1.0,7,0,0.0,1.0,6.0,16.0,A01
201800029663,1.0,7,0,0.0,1.0,2.0,0.0,A01
201800029664,1.0,7,0,0.0,2.0,4.0,23.0,A01
201800029664,1.0,10,0,14.0,0.0,1.0,21.0,B01
201800029665,1.0,31,0,0.0,2.0,1.0,1.0,A01
201800029665,1.0,7,0,0.0,2.0,3.0,9.0,B01
201800029666,1.0,37,0,0.0,2.0,7.0,0.0,A01
201800029666,1.0,99,0,0.0,2.0,0.0,0.0,R01
201800029667,1.0,7,0,0.0,2.0,1.0,1.0,C01
201800029667,1.0,7,0,0.0,2.0,3.0,1.0,B01
201800029667,2.0,7,0,14.0,2.0,9.0,19.0,A01
201800029668,1.0,7,0,9.0,2.0,1.0,1.0,A01
201800029668,2.0,7,0,0.0,2.0,2.0,10.0,B01
201800029669,1.0,7,0,0.0,1.0,1.0,16.0,A01
201800029670,1.0,7,0,0.0,1.0,3.0,1.0,A01
201800029671,2.0,30,0,0.0,2.0,1.0,1.0,A01
201800029671,2.0,7,0,0.0,2.0,3.0,16.0,B01
201800029672,0.0,7,0,0.0,2.0,2.0,15.0,A01
201800029672,1.0,7,0,0.0,2.0,1.0,1.0,B01
201800029673,1.0,7,0,6.0,2.0,2.0,2.0,B01
201800029673,0.0,7,0,0.0,2.0,1.0,19.0,A01
201800029674,1.0,7,0,0.0,2.0,1.0,9.0,A01
201800029674,1.0,7,0,0.0,2.0,3.0,1.0,B01
201800029675,1.0,7,0,0.0,1.0,1.0,0.0,A01
201800029676,0.0,7,0,0.0,2.0,4.0,2.0,B01
201800029676,0.0,7,0,8.0,2.0,1.0,1.0,A01
201800029677,1.0,7,0,0.0,2.0,2.0,15.0,A01
201800029677,2.0,1,0,0.0,2.0,1.0,1.0,B01
201800029678,2.0,7,0,0.0,2.0,1.0,1.0,B01
201800029678,2.0,7,0,0.0,2.0,5.0,1.0,A01
201800029679,2.0,10,0,8.0,0.0,1.0,15.0,A01
201800029680,0.0,7,0,0.0,1.0,2.0,1.0,A01
201800029681,1.0,7,0,0.0,2.0,1.0,1.0,B01
201800029681,2.0,10,0,0.0,2.0,8.0,1.0,A01
201800029682,1.0,20,0,0.0,2.0,1.0,0.0,A01
201800029682,2.0,99,0,0.0,2.0,1.0,2.0,B01
201800029683,2.0,20,0,0.0,1.0,1.0,1.0,A01
201800029684,2.0,7,0,0.0,1.0,1.0,16.0,A01
201800029685,1.0,10,0,0.0,1.0,2.0,0.0,A01
201800029686,2.0,37,20,0.0,2.0,5.0,17.0,A01
201800029686,2.0,1,0,0.0,2.0,8.0,1.0,B01
201800029687,1.0,7,0,1.0,0.0,2.0,0.0,A01
201800029688,1.0,33,0,0.0,2.0,1.0,1.0,B01
201800029688,1.0,10,0,0.0,2.0,2.0,1.0,A01
201800029689,0.0,7,0,0.0,2.0,2.0,10.0,A01
201800029689,0.0,33,0,0.0,2.0,1.0,1.0,B01
201800029690,0.0,7,0,0.0,2.0,1.0,15.0,A01
201800029690,0.0,32,0,0.0,2.0,1.0,1.0,B01
201800029691,2.0,7,0,0.0,2.0,2.0,1.0,B01
201800029691,1.0,7,0,0.0,2.0,7.0,15.0,A01
201800029692,0.0,7,0,0.0,2.0,1.0,1.0,B01
201800029692,0.0,7,0,0.0,2.0,8.0,1.0,A01
201800029693,0.0,1,0,0.0,2.0,8.0,2.0,B01
201800029693,0.0,15,0,0.0,2.0,2.0,16.0,A01
201800029694,2.0,10,0,0.0,2.0,1.0,15.0,A01
201800029694,1.0,3,0,0.0,2.0,1.0,1.0,B01
201800029695,1.0,7,0,0.0,1.0,1.0,1.0,A01
201800029696,1.0,33,0,0.0,2.0,1.0,1.0,B01
201800029696,1.0,7,0,0.0,2.0,6.0,15.0,A01
201800029697,1.0,7,0,0.0,1.0,2.0,0.0,Z01
201800029698,1.0,34,0,0.0,2.0,1.0,1.0,B01
201800029698,1.0,34,0,0.0,2.0,3.0,1.0,A01
201800029699,1.0,7,0,0.0,1.0,7.0,1.0,A01
201800029700,0.0,7,0,0.0,2.0,7.0,15.0,A01
201800029700,0.0,30,0,0.0,2.0,1.0,1.0,B01
201800029701,1.0,7,0,1.0,2.0,3.0,22.0,A01
201800029701,1.0,1,0,1.0,0.0,1.0,1.0,B01
201800029701,2.0,7,0,0.0,2.0,1.0,1.0,C01
201800029702,2.0,20,0,0.0,2.0,1.0,1.0,B01
201800029702,1.0,20,0,0.0,2.0,2.0,15.0,A01
201800029703,1.0,7,0,6.0,1.0,2.0,16.0,A01
201800029704,1.0,7,0,0.0,1.0,1.0,1.0,A01
201800029705,2.0,20,0,0.0,2.0,7.0,21.0,A01
201800029705,2.0,99,0,0.0,2.0,1.0,19.0,B01
201800029706,1.0,7,0,0.0,2.0,3.0,13.0,A01
201800029706,2.0,7,0,0.0,2.0,3.0,21.0,B01
201800029707,1.0,7,0,6.0,0.0,1.0,6.0,A01
201800029708,0.0,7,0,0.0,2.0,8.0,1.0,B01
201800029708,0.0,7,0,0.0,2.0,1.0,1.0,C01
201800029708,0.0,7,0,0.0,2.0,3.0,13.0,A01
201800029709,1.0,33,0,0.0,2.0,3.0,1.0,B01
201800029709,2.0,7,0,0.0,2.0,8.0,15.0,A01
201800029709,1.0,7,0,0.0,2.0,3.0,23.0,C01
201800029710,0.0,7,0,1.0,2.0,3.0,21.0,A01
201800029711,2.0,7,0,0.0,1.0,4.0,0.0,X01
201800029712,1.0,10,0,1.0,1.0,1.0,1.0,A01
201800029713,2.0,7,0,0.0,2.0,8.0,15.0,B01
201800029713,2.0,7,0,0.0,2.0,1.0,1.0,A01
201800029714,1.0,7,0,1.0,0.0,2.0,14.0,A01
201800029715,2.0,7,0,0.0,2.0,1.0,1.0,A01
201800029715,2.0,7,0,0.0,2.0,8.0,1.0,B01
201800029716,1.0,7,0,0.0,1.0,1.0,1.0,A01
201800029717,0.0,99,0,0.0,2.0,1.0,0.0,X01
201800029717,0.0,1,0,0.0,2.0,4.0,19.0,A01
201800029718,2.0,7,0,0.0,1.0,1.0,1.0,A01
201800029719,2.0,34,0,0.0,2.0,1.0,2.0,A01
201800029719,2.0,10,0,0.0,2.0,4.0,23.0,B01
201800029720,0.0,7,0,0.0,1.0,1.0,1.0,A01
201800029721,1.0,7,0,0.0,1.0,2.0,1.0,A01
201800029722,1.0,7,0,0.0,1.0,2.0,17.0,A01
201800029723,1.0,7,0,0.0,1.0,1.0,0.0,A01
201800029724,0.0,7,0,0.0,1.0,5.0,24.0,A01
201800029725,1.0,33,0,0.0,2.0,1.0,1.0,A01
201800029725,0.0,7,0,0.0,2.0,1.0,15.0,B01
201800029726,1.0,7,0,0.0,1.0,1.0,1.0,Z01
201800029727,2.0,7,0,15.0,0.0,1.0,13.0,A01
201800029728,2.0,7,0,0.0,2.0,1.0,19.0,B01
201800029728,0.0,2,0,0.0,2.0,7.0,0.0,A01
201800029729,0.0,7,0,0.0,2.0,2.0,0.0,B01
201800029729,0.0,7,0,0.0,2.0,1.0,0.0,A01
201800029730,1.0,99,0,0.0,6.0,0.0,0.0,X01
201800029730,1.0,1,0,0.0,2.0,2.0,0.0,Y01
201800029731,2.0,7,0,0.0,1.0,2.0,1.0,A01
201800029732,1.0,10,0,0.0,1.0,2.0,1.0,A01
201800029733,2.0,7,0,0.0,2.0,1.0,1.0,B01
201800029733,1.0,7,0,0.0,2.0,6.0,0.0,A01
201800029734,1.0,7,0,0.0,1.0,2.0,0.0,A01
201800029735,2.0,20,0,0.0,2.0,3.0,16.0,A01
201800029735,2.0,30,0,0.0,2.0,1.0,1.0,B01
201800029736,0.0,7,0,0.0,2.0,8.0,19.0,B01
201800029736,0.0,7,0,0.0,2.0,1.0,19.0,A01
201800029737,1.0,7,0,0.0,1.0,1.0,1.0,A01
201800029738,2.0,7,0,0.0,2.0,3.0,9.0,A01
201800029738,2.0,7,0,0.0,2.0,1.0,1.0,B01
201800029739,2.0,7,0,0.0,1.0,1.0,1.0,A01
201800029740,1.0,30,0,0.0,2.0,8.0,19.0,A01
201800029740,2.0,7,0,0.0,0.0,2.0,0.0,B01
201800029741,0.0,20,0,0.0,1.0,1.0,9.0,A01
201800029742,0.0,7,0,0.0,1.0,1.0,15.0,A01
201800029743,1.0,7,0,0.0,2.0,1.0,1.0,B01
201800029743,2.0,34,0,0.0,2.0,1.0,13.0,A01
201800029744,2.0,7,0,0.0,2.0,2.0,15.0,A01
201800029744,1.0,32,0,0.0,2.0,7.0,1.0,B01
201800029745,0.0,7,0,0.0,2.0,1.0,1.0,C01
201800029745,0.0,33,0,0.0,2.0,1.0,1.0,B01
201800029745,0.0,7,0,0.0,2.0,3.0,15.0,A01
201800029746,0.0,3,0,0.0,2.0,1.0,0.0,A01
201800029746,0.0,7,0,0.0,2.0,3.0,1.0,B01
201800029747,2.0,7,0,0.0,1.0,1.0,1.0,A01
201800029748,1.0,7,0,1.0,0.0,1.0,1.0,A01
201800029749,1.0,7,0,0.0,1.0,1.0,1.0,A01
201800029750,2.0,7,0,0.0,2.0,1.0,2.0,B01
201800029750,2.0,7,0,0.0,2.0,4.0,23.0,A01
201800029751,1.0,31,0,0.0,1.0,1.0,1.0,A01
201800029752,2.0,30,0,0.0,2.0,6.0,8.0,A01
201800029752,1.0,7,0,0.0,2.0,2.0,15.0,B01
201800029753,2.0,7,0,0.0,1.0,1.0,1.0,A01
201800029754,1.0,7,0,0.0,2.0,4.0,1.0,B01
201800029754,1.0,7,0,0.0,2.0,1.0,1.0,A01
201800029755,1.0,7,0,2.0,0.0,8.0,1.0,A01
201800029756,2.0,2,0,0.0,2.0,6.0,19.0,B01
201800029756,1.0,7,0,0.0,2.0,3.0,15.0,A01
201800029757,0.0,7,0,0.0,2.0,3.0,0.0,B01
201800029757,2.0,30,0,0.0,2.0,7.0,1.0,A01
201800029758,2.0,7,0,0.0,2.0,2.0,1.0,A01
201800029758,1.0,1,0,0.0,2.0,1.0,1.0,B01
201800029759,2.0,7,0,0.0,2.0,2.0,15.0,A01
201800029759,1.0,33,0,0.0,2.0,1.0,1.0,B01
201800029760,1.0,7,0,0.0,2.0,7.0,1.0,A01
201800029760,2.0,7,0,0.0,2.0,1.0,19.0,B01
201800029761,2.0,7,0,0.0,1.0,1.0,1.0,A01
201800029762,1.0,7,0,0.0,1.0,1.0,1.0,A01
201800029763,1.0,7,0,1.0,0.0,2.0,14.0,A01
201800029764,2.0,7,0,0.0,1.0,1.0,1.0,A01
201800029765,1.0,7,0,0.0,2.0,6.0,1.0,B01
201800029765,1.0,7,0,0.0,2.0,1.0,0.0,C01
201800029765,1.0,7,0,1.0,2.0,1.0,13.0,A01
201800029766,1.0,99,0,0.0,1.0,0.0,0.0,A01
201800029767,1.0,7,0,0.0,2.0,2.0,10.0,A01
201800029767,2.0,99,0,0.0,2.0,1.0,1.0,B01
201800029768,1.0,7,0,0.0,2.0,1.0,15.0,A01
201800029768,2.0,2,0,0.0,2.0,1.0,1.0,B01
201800029769,2.0,99,0,9.0,0.0,1.0,1.0,A01
201800029770,0.0,7,0,0.0,6.0,7.0,0.0,A01
201800029770,0.0,1,0,0.0,2.0,8.0,1.0,B01
201800029771,0.0,7,0,0.0,6.0,6.0,5.0,B01
201800029771,0.0,7,0,0.0,2.0,2.0,5.0,A01
201800029772,2.0,7,0,0.0,1.0,1.0,1.0,A01
201800029773,0.0,1,0,0.0,1.0,0.0,1.0,Z01
201800029774,2.0,1,0,0.0,1.0,1.0,1.0,A01
201800029775,0.0,7,0,0.0,1.0,1.0,1.0,A01
201800029776,2.0,7,0,0.0,2.0,3.0,15.0,A01
201800029776,1.0,2,0,0.0,2.0,8.0,1.0,B01
201800029777,2.0,33,0,0.0,2.0,1.0,1.0,B01
201800029777,2.0,10,0,0.0,2.0,2.0,15.0,A01
201800029778,1.0,36,0,0.0,0.0,0.0,0.0,B01
201800029778,0.0,7,0,0.0,2.0,2.0,0.0,A01
201800029779,1.0,7,0,0.0,1.0,2.0,1.0,Z01
201800029780,1.0,7,0,0.0,2.0,3.0,23.0,A01
201800029780,1.0,7,0,1.0,1.0,1.0,17.0,Z01
201800029781,2.0,2,0,0.0,2.0,1.0,1.0,B01
201800029781,1.0,7,0,0.0,2.0,3.0,15.0,A01
201800029782,1.0,33,0,0.0,2.0,2.0,15.0,B01
201800029782,2.0,7,0,0.0,2.0,1.0,19.0,A01
201800029783,1.0,7,0,0.0,1.0,3.0,1.0,A01
201800029784,0.0,7,0,0.0,2.0,3.0,15.0,A01
201800029784,0.0,33,0,0.0,2.0,1.0,1.0,B01
201800029785,1.0,7,0,0.0,2.0,3.0,15.0,A01
201800029785,1.0,33,0,0.0,2.0,1.0,1.0,B01
201800029786,1.0,7,0,,1.0,,,A01
201800029787,2.0,33,0,0.0,2.0,4.0,1.0,B01
201800029787,2.0,7,0,0.0,2.0,1.0,1.0,A01
201800029788,1.0,30,0,,,,,A01
201800029788,1.0,7,0,,,,,B01
201800029789,2.0,7,0,0.0,1.0,1.0,1.0,A01
201800029790,2.0,7,0,0.0,1.0,1.0,1.0,A01
201800029791,2.0,30,0,0.0,2.0,1.0,0.0,B01
201800029791,2.0,7,0,0.0,2.0,3.0,9.0,A01
201800029792,2.0,7,0,0.0,1.0,1.0,1.0,A01
201800029793,0.0,7,0,0.0,1.0,1.0,15.0,A01
201800029794,0.0,7,0,0.0,2.0,1.0,16.0,A01
201800029794,0.0,1,0,0.0,2.0,8.0,19.0,B01
201800029795,0.0,10,0,0.0,1.0,2.0,1.0,A01
201800029796,0.0,7,0,15.0,0.0,9.0,21.0,A01
201800029797,2.0,7,0,0.0,2.0,1.0,2.0,A01
201800029797,2.0,7,0,0.0,0.0,0.0,0.0,B01
201800029798,0.0,7,0,0.0,2.0,1.0,9.0,A01
201800029798,0.0,30,0,0.0,2.0,8.0,1.0,B01
201800029799,0.0,30,0,0.0,2.0,1.0,23.0,A01
201800029799,0.0,7,0,0.0,2.0,4.0,23.0,B01
201800029800,0.0,7,0,15.0,0.0,2.0,14.0,A01
201800029801,0.0,7,0,0.0,1.0,2.0,2.0,A01
201800029802,2.0,7,0,1.0,0.0,2.0,21.0,A01
201800029803,2.0,7,0,0.0,1.0,8.0,15.0,A01
201800029804,0.0,7,0,0.0,2.0,3.0,1.0,A01
201800029804,0.0,7,0,0.0,2.0,0.0,0.0,B01
201800029805,2.0,7,0,0.0,1.0,3.0,19.0,A01
201800029806,0.0,7,0,0.0,1.0,1.0,15.0,A01
201800029807,0.0,7,0,0.0,0.0,0.0,4.0,C01
201800029807,0.0,7,0,0.0,0.0,8.0,1.0,B01
201800029807,0.0,33,0,0.0,2.0,8.0,21.0,A01
201800029808,0.0,7,0,0.0,2.0,1.0,1.0,B01
201800029808,0.0,7,0,0.0,2.0,1.0,13.0,A01
201800029809,1.0,7,0,0.0,1.0,3.0,15.0,A01
201800029810,0.0,7,0,0.0,2.0,2.0,15.0,B01
201800029810,1.0,31,0,0.0,2.0,2.0,0.0,A01
201800029811,1.0,10,0,0.0,2.0,1.0,9.0,A01
201800029811,1.0,1,0,,,8.0,2.0,B02
201800029812,0.0,7,0,0.0,1.0,0.0,1.0,A01
201800029813,1.0,7,0,0.0,1.0,1.0,0.0,A01
201800029814,0.0,7,0,0.0,1.0,1.0,1.0,A01
201800029815,0.0,7,0,0.0,1.0,1.0,1.0,A01
201800029816,0.0,33,0,0.0,2.0,1.0,5.0,A01
201800029816,0.0,7,0,0.0,2.0,1.0,1.0,B01
201800029817,1.0,33,0,0.0,2.0,1.0,21.0,A01
201800029817,2.0,33,0,0.0,2.0,1.0,1.0,B01
201800029818,1.0,3,0,0.0,1.0,1.0,1.0,A01
201800029819,1.0,7,0,0.0,1.0,1.0,1.0,A01
201800029820,1.0,99,0,0.0,2.0,1.0,5.0,A01
201800029820,2.0,10,0,0.0,2.0,1.0,1.0,B01
201800029821,0.0,7,0,0.0,1.0,1.0,1.0,A01
201800029822,1.0,7,0,0.0,1.0,7.0,15.0,A01
201800029823,1.0,7,0,0.0,1.0,3.0,1.0,A01
201800029824,1.0,7,0,0.0,1.0,1.0,1.0,Z01
201800029825,1.0,2,0,0.0,2.0,8.0,1.0,A01
201800029825,1.0,1,0,0.0,2.0,1.0,1.0,Y01
201800029826,1.0,7,0,0.0,2.0,1.0,1.0,A01
201800029826,2.0,7,0,0.0,2.0,8.0,1.0,B01
201800029827,1.0,3,0,0.0,1.0,2.0,1.0,A01
201800029828,0.0,32,0,0.0,2.0,1.0,13.0,A01
201800029828,0.0,7,0,0.0,2.0,3.0,1.0,B01
201800029829,1.0,7,0,0.0,1.0,1.0,1.0,A01
201800029830,0.0,1,0,0.0,0.0,7.0,1.0,A01
201800029831,0.0,7,0,0.0,1.0,1.0,1.0,A01
201800029832,0.0,30,0,0.0,2.0,1.0,16.0,B01
201800029832,0.0,7,0,0.0,2.0,3.0,15.0,A01
201800029833,1.0,10,0,0.0,1.0,1.0,1.0,Z01
201800029834,2.0,7,0,1.0,1.0,2.0,2.0,A01
201800029834,1.0,7,0,0.0,2.0,1.0,24.0,C01
201800029835,0.0,7,0,0.0,2.0,1.0,2.0,A01
201800029835,0.0,7,0,0.0,2.0,3.0,15.0,B01
201800029836,1.0,30,0,0.0,1.0,1.0,1.0,A01
201800029837,1.0,7,0,0.0,2.0,8.0,10.0,A01
201800029837,1.0,2,0,0.0,2.0,1.0,1.0,B01
201800029838,1.0,1,0,0.0,2.0,1.0,5.0,B01
201800029838,1.0,7,0,0.0,2.0,3.0,15.0,A01
201800029839,0.0,7,0,1.0,1.0,7.0,15.0,A01
201800029839,0.0,7,0,0.0,2.0,2.0,0.0,B01
201800029840,1.0,7,0,0.0,2.0,3.0,0.0,B01
201800029840,1.0,31,0,0.0,2.0,1.0,1.0,A01
201800029841,1.0,7,0,0.0,2.0,3.0,15.0,A01
201800029841,2.0,31,0,0.0,2.0,1.0,1.0,B01
201800029842,0.0,7,0,0.0,1.0,1.0,15.0,A01
201800029843,0.0,7,0,0.0,2.0,1.0,9.0,A01
201800029843,0.0,33,0,0.0,2.0,7.0,1.0,B01
201800029844,1.0,30,0,0.0,1.0,1.0,1.0,Z01
201800029845,1.0,7,0,0.0,1.0,2.0,1.0,Z01
201800029846,0.0,10,0,14.0,0.0,9.0,1.0,A01
201800029847,0.0,10,0,0.0,1.0,1.0,2.0,A01
201800029848,0.0,1,0,0.0,2.0,5.0,1.0,B01
201800029848,0.0,7,0,0.0,6.0,1.0,16.0,A01
201800029849,0.0,1,0,0.0,2.0,0.0,19.0,B01
201800029849,0.0,7,0,0.0,6.0,1.0,16.0,A01
201800029850,0.0,7,0,0.0,2.0,5.0,16.0,A01
201800029850,0.0,1,0,0.0,2.0,1.0,2.0,B01
201800029851,0.0,7,0,0.0,1.0,1.0,16.0,A01
201800029852,0.0,31,0,0.0,2.0,7.0,19.0,A01
201800029852,0.0,7,0,0.0,2.0,1.0,1.0,B01
201800029853,0.0,7,0,0.0,1.0,1.0,1.0,Z01
201800029854,1.0,7,0,0.0,1.0,1.0,1.0,Z01
201800029855,1.0,7,0,0.0,2.0,1.0,2.0,A01
201800029855,1.0,30,0,0.0,2.0,6.0,2.0,B01
201800029856,1.0,30,0,0.0,2.0,1.0,1.0,B01
201800029856,1.0,7,0,0.0,2.0,3.0,9.0,A01
201800029857,0.0,7,0,0.0,2.0,1.0,0.0,Z01
201800029857,0.0,7,0,0.0,2.0,4.0,1.0,B01
201800029858,0.0,2,0,0.0,2.0,1.0,15.0,A01
201800029858,0.0,7,0,0.0,2.0,1.0,1.0,B01
201800029859,0.0,7,0,0.0,2.0,8.0,10.0,A01
201800029859,0.0,33,0,0.0,2.0,1.0,2.0,B01
201800029860,0.0,1,0,1.0,0.0,1.0,1.0,B01
201800029860,0.0,7,0,0.0,2.0,8.0,22.0,A01
201800029861,0.0,7,0,0.0,1.0,3.0,15.0,A01
201800029862,0.0,7,0,0.0,1.0,1.0,1.0,A01
201800029863,0.0,7,0,0.0,1.0,2.0,1.0,A01
201800029864,1.0,7,0,1.0,1.0,5.0,4.0,A01
201800029865,0.0,1,0,0.0,2.0,1.0,19.0,B01
201800029865,0.0,7,0,0.0,2.0,2.0,1.0,A01
201800029866,0.0,33,0,0.0,1.0,1.0,1.0,A01
201800029867,1.0,7,0,0.0,1.0,2.0,1.0,Z01
201800029868,2.0,7,0,0.0,2.0,3.0,1.0,B01
201800029868,1.0,3,0,0.0,2.0,1.0,15.0,A01
201800029869,1.0,7,0,12.0,1.0,9.0,13.0,A01
201800029869,0.0,7,0,15.0,2.0,6.0,2.0,B01
201800029870,1.0,7,0,0.0,2.0,3.0,15.0,A01
201800029870,1.0,7,0,0.0,2.0,6.0,9.0,B01
201800029871,1.0,7,0,0.0,2.0,4.0,2.0,B01
201800029871,1.0,7,0,0.0,2.0,1.0,2.0,A01
201800029872,0.0,7,0,2.0,0.0,1.0,1.0,A01
201800029873,2.0,32,0,0.0,2.0,3.0,16.0,B01
201800029873,1.0,32,0,0.0,2.0,7.0,1.0,A01
201800029874,1.0,7,0,0.0,1.0,2.0,21.0,A01
201800029875,1.0,7,0,5.0,2.0,1.0,13.0,A01
201800029875,2.0,38,1,0.0,2.0,1.0,13.0,B01
201800029876,2.0,7,0,6.0,0.0,1.0,1.0,A01
201800029877,1.0,33,0,0.0,2.0,1.0,1.0,B01