Num_Acc,senc,catv,occutc,obs,obsm,choc,manv,num_veh
201800030141,1.0,7,0,13.0,0.0,7.0,1.0,A01
201800030142,1.0,1,0,6.0,0.0,1.0,1.0,A01
201800030143,1.0,33,0,2.0,0.0,1.0,1.0,A01
201800030144,1.0,33,0,13.0,0.0,8.0,1.0,A01
201800030145,2.0,2,0,16.0,0.0,7.0,1.0,A01
201800030146,2.0,36,0,2.0,0.0,2.0,13.0,A01
201800030147,2.0,7,0,13.0,0.0,3.0,21.0,A01
201800030148,2.0,7,0,2.0,0.0,3.0,13.0,A01
201800030149,1.0,7,0,13.0,0.0,2.0,14.0,A01
201800030150,1.0,7,0,2.0,0.0,1.0,14.0,A01
201800030151,2.0,7,0,4.0,0.0,2.0,1.0,A01
201800030152,2.0,7,0,2.0,0.0,0.0,0.0,A01
201800030153,2.0,10,0,0.0,1.0,2.0,19.0,A01
201800030154,1.0,2,0,0.0,2.0,8.0,13.0,A01
201800030154,2.0,7,0,0.0,2.0,3.0,13.0,B01
201800030155,1.0,7,0,0.0,2.0,1.0,1.0,B01
201800030155,1.0,7,0,14.0,2.0,7.0,9.0,A01
201800030155,2.0,7,0,0.0,2.0,3.0,23.0,C01
201800030156,2.0,33,0,0.0,2.0,1.0,13.0,A01
201800030156,1.0,7,0,0.0,2.0,2.0,2.0,B01
201800030157,1.0,7,0,2.0,0.0,1.0,21.0,A01
201800030158,1.0,31,0,0.0,2.0,1.0,2.0,A01
201800030158,1.0,7,0,0.0,0.0,6.0,23.0,B01
201800030159,1.0,7,0,0.0,2.0,8.0,15.0,A01
201800030159,1.0,33,0,0.0,2.0,8.0,17.0,B01
201800030160,1.0,33,0,8.0,0.0,2.0,1.0,A01
201800030161,0.0,1,0,0.0,0.0,0.0,1.0,A01
201800030162,2.0,7,0,0.0,9.0,5.0,17.0,A01
201800030162,2.0,1,0,0.0,2.0,8.0,1.0,B01
201800030163,1.0,10,0,0.0,2.0,2.0,2.0,A01
201800030163,1.0,1,0,0.0,2.0,4.0,1.0,B01
201800030164,2.0,7,0,5.0,2.0,2.0,0.0,A01
201800030164,2.0,7,0,0.0,2.0,3.0,1.0,B01
201800030165,0.0,7,0,0.0,2.0,5.0,4.0,A01
201800030165,1.0,30,0,0.0,2.0,1.0,1.0,B01
201800030166,1.0,7,0,16.0,0.0,3.0,1.0,A01
201800030167,1.0,7,0,3.0,2.0,4.0,2.0,B01
201800030167,1.0,7,0,0.0,2.0,1.0,2.0,A01
201800030168,0.0,7,0,13.0,0.0,3.0,1.0,A01
201800030169,0.0,7,0,4.0,0.0,0.0,1.0,A01
201800030170,2.0,7,0,0.0,2.0,2.0,2.0,B01
201800030170,1.0,7,0,0.0,1.0,3.0,1.0,A01
201800030171,1.0,7,0,5.0,2.0,2.0,2.0,A01
201800030171,1.0,7,0,0.0,2.0,3.0,9.0,B01
201800030172,0.0,7,0,0.0,2.0,1.0,15.0,A01
201800030172,0.0,2,0,0.0,2.0,7.0,17.0,B01
201800030173,2.0,7,0,0.0,1.0,1.0,1.0,A01
201800030174,0.0,7,0,0.0,1.0,2.0,20.0,A01
201800030175,2.0,7,0,0.0,0.0,0.0,1.0,A01
201800030176,1.0,7,0,15.0,0.0,1.0,14.0,A01
201800030177,0.0,7,0,7.0,0.0,0.0,1.0,A01
201800030178,1.0,30,0,0.0,2.0,8.0,15.0,A01
201800030178,1.0,10,0,0.0,2.0,5.0,10.0,B01
201800030178,1.0,10,0,0.0,2.0,8.0,1.0,C01
201800030179,1.0,7,0,0.0,2.0,2.0,21.0,A01
201800030179,0.0,2,0,0.0,2.0,1.0,14.0,B01
201800030180,1.0,7,0,0.0,1.0,1.0,1.0,A01
201800030181,1.0,7,0,14.0,2.0,3.0,13.0,A01
201800030181,2.0,7,0,12.0,2.0,3.0,1.0,B01
201800030182,2.0,7,0,0.0,2.0,3.0,13.0,A01
201800030182,1.0,7,0,0.0,2.0,3.0,1.0,B01
201800030183,1.0,7,0,0.0,1.0,3.0,1.0,A01
201800030184,1.0,7,0,0.0,1.0,1.0,15.0,A01
201800030185,1.0,7,0,2.0,0.0,1.0,14.0,A01
201800030186,0.0,7,0,0.0,1.0,1.0,20.0,A01
201800030187,0.0,33,0,0.0,0.0,1.0,1.0,A01
201800030187,0.0,7,0,0.0,0.0,5.0,0.0,B01
201800030188,0.0,30,0,10.0,0.0,1.0,1.0,A01
201800030189,1.0,2,0,0.0,2.0,6.0,17.0,A01
201800030189,1.0,10,0,0.0,0.0,6.0,2.0,B01
201800030190,0.0,33,0,12.0,0.0,1.0,17.0,B01
201800030191,1.0,7,0,0.0,1.0,2.0,17.0,A01
201800030192,1.0,7,0,0.0,2.0,2.0,15.0,A01
201800030192,2.0,2,0,0.0,2.0,1.0,1.0,B01
201800030193,,10,0,,1.0,4.0,,A01
201800030194,1.0,7,0,0.0,1.0,2.0,1.0,A01
201800030195,1.0,7,0,0.0,2.0,1.0,0.0,A01
201800030195,2.0,7,0,0.0,0.0,0.0,0.0,B01
201800030196,1.0,7,0,0.0,1.0,2.0,1.0,A01
201800030197,0.0,7,0,0.0,1.0,1.0,9.0,A01
201800030198,1.0,17,0,0.0,1.0,2.0,2.0,A01
201800030199,0.0,10,0,0.0,2.0,2.0,15.0,A01
201800030199,0.0,1,0,0.0,2.0,4.0,2.0,B01
201800030200,1.0,7,0,0.0,2.0,3.0,15.0,A01
201800030200,2.0,2,0,0.0,2.0,1.0,18.0,B01
201800030201,2.0,7,0,0.0,1.0,2.0,1.0,A01
201800030202,1.0,7,0,0.0,2.0,7.0,13.0,A01
201800030202,2.0,7,0,0.0,2.0,1.0,1.0,B01
201800030203,1.0,33,0,0.0,2.0,3.0,0.0,A01
201800030203,1.0,7,0,0.0,2.0,5.0,1.0,B01
201800030204,1.0,7,0,1.0,0.0,1.0,13.0,A01
201800030205,2.0,33,0,0.0,2.0,1.0,2.0,A01
201800030205,2.0,7,0,0.0,0.0,6.0,2.0,B01
201800030206,2.0,7,0,0.0,1.0,1.0,1.0,A01
201800030207,1.0,33,0,0.0,2.0,1.0,0.0,A01
201800030207,2.0,10,0,0.0,2.0,2.0,15.0,B01
201800030208,1.0,30,0,0.0,2.0,1.0,21.0,B01
201800030208,2.0,7,0,0.0,2.0,3.0,15.0,A01
201800030209,1.0,99,0,0.0,2.0,8.0,10.0,A01
201800030209,2.0,33,0,0.0,2.0,1.0,1.0,B01
201800030210,1.0,7,0,1.0,0.0,2.0,2.0,A01
201800030210,1.0,7,0,0.0,2.0,4.0,23.0,B01
201800030210,1.0,7,0,0.0,2.0,4.0,23.0,C01
201800030210,1.0,7,0,0.0,2.0,4.0,23.0,D01
201800030210,1.0,7,0,0.0,2.0,4.0,23.0,E01
201800030211,0.0,7,0,0.0,1.0,3.0,16.0,A01
201800030212,1.0,7,0,1.0,0.0,9.0,0.0,A01
201800030213,0.0,7,0,0.0,1.0,1.0,1.0,A01
201800030214,0.0,7,0,0.0,1.0,3.0,0.0,A01
201800030215,1.0,7,0,0.0,2.0,2.0,15.0,A01
201800030215,2.0,33,0,0.0,2.0,3.0,1.0,B01
201800030216,0.0,7,0,0.0,2.0,7.0,1.0,A01
201800030216,0.0,7,0,0.0,2.0,1.0,1.0,B01
201800030217,1.0,7,0,0.0,6.0,7.0,0.0,A01
201800030217,1.0,1,0,0.0,2.0,8.0,0.0,B01
201800030218,0.0,7,0,0.0,6.0,2.0,15.0,A01
201800030218,0.0,1,0,0.0,2.0,1.0,1.0,B01
201800030219,2.0,7,0,0.0,2.0,2.0,0.0,B01
201800030219,2.0,1,0,0.0,2.0,1.0,9.0,A01
201800030220,2.0,7,0,0.0,1.0,1.0,19.0,A01
201800030221,1.0,7,0,6.0,0.0,1.0,0.0,A01
201800030222,0.0,10,0,0.0,1.0,1.0,1.0,A01
201800030223,1.0,7,0,0.0,9.0,8.0,10.0,A01
201800030223,1.0,33,0,0.0,2.0,1.0,17.0,B01
201800030224,1.0,7,0,0.0,1.0,1.0,1.0,A01
201800030225,1.0,33,0,0.0,2.0,1.0,1.0,A01
201800030225,1.0,7,0,0.0,2.0,4.0,15.0,B01
201800030226,1.0,7,0,0.0,2.0,1.0,9.0,A01
201800030226,2.0,31,0,0.0,2.0,1.0,15.0,B01
201800030227,0.0,10,0,0.0,6.0,7.0,17.0,A01
201800030227,0.0,1,0,0.0,2.0,4.0,1.0,B01
201800030228,0.0,7,0,9.0,2.0,0.0,17.0,A01
201800030228,0.0,7,0,0.0,2.0,4.0,0.0,B01
201800030228,0.0,7,0,0.0,2.0,6.0,0.0,C01
201800030229,1.0,7,0,0.0,2.0,5.0,15.0,A01
201800030229,1.0,33,0,0.0,2.0,5.0,15.0,B01
201800030230,1.0,7,0,0.0,1.0,2.0,16.0,A01
201800030231,0.0,10,0,0.0,2.0,2.0,1.0,A01
201800030231,0.0,99,0,0.0,2.0,1.0,0.0,B01
201800030232,0.0,7,0,0.0,2.0,2.0,1.0,B01
201800030232,0.0,33,0,0.0,2.0,1.0,1.0,A01
201800030233,0.0,10,0,0.0,1.0,1.0,9.0,A01
201800030234,0.0,33,0,9.0,0.0,1.0,1.0,A01
201800030235,1.0,30,0,0.0,2.0,8.0,19.0,A01
201800030235,1.0,7,0,0.0,2.0,1.0,1.0,B01
201800030236,1.0,7,0,0.0,2.0,1.0,13.0,A01
201800030236,2.0,31,0,0.0,2.0,1.0,15.0,B01
201800030237,1.0,7,0,7.0,2.0,3.0,1.0,A01
201800030237,0.0,7,0,0.0,2.0,1.0,1.0,B01
201800030238,0.0,31,0,0.0,2.0,1.0,1.0,A01
201800030238,0.0,7,0,0.0,2.0,7.0,21.0,B01
201800030239,0.0,7,0,0.0,2.0,4.0,4.0,A01
201800030239,1.0,2,0,0.0,2.0,1.0,0.0,B01
201800030240,1.0,33,0,8.0,5.0,3.0,21.0,A01
201800030241,1.0,33,0,12.0,0.0,1.0,1.0,A01
201800030242,0.0,7,0,0.0,1.0,3.0,1.0,A01
201800030243,0.0,33,0,0.0,2.0,8.0,13.0,A01
201800030243,0.0,7,0,0.0,2.0,3.0,1.0,B01
201800030244,2.0,7,0,0.0,1.0,3.0,15.0,A01
201800030245,0.0,30,0,5.0,0.0,7.0,14.0,A01
201800030246,2.0,30,0,1.0,1.0,2.0,14.0,A01
201800030247,0.0,30,0,6.0,0.0,1.0,0.0,A01
201800030248,1.0,7,0,2.0,0.0,1.0,13.0,A01
201800030249,0.0,10,0,0.0,1.0,2.0,0.0,A01
201800030250,0.0,10,0,0.0,1.0,1.0,13.0,A01
201800030251,0.0,34,0,6.0,0.0,1.0,1.0,A01
201800030252,1.0,7,0,0.0,6.0,1.0,1.0,A01
201800030252,,1,0,0.0,2.0,7.0,19.0,B01
201800030253,1.0,10,0,0.0,1.0,3.0,1.0,A01
201800030254,1.0,7,0,0.0,2.0,2.0,19.0,A01
201800030254,2.0,31,0,0.0,2.0,1.0,19.0,B01
201800030255,2.0,7,0,6.0,0.0,1.0,16.0,A01
201800030256,1.0,31,0,0.0,2.0,1.0,21.0,A01
201800030256,1.0,7,0,14.0,0.0,4.0,23.0,B01
201800030257,1.0,7,0,0.0,2.0,6.0,17.0,A01
201800030257,1.0,33,0,0.0,2.0,1.0,13.0,B01
201800030258,1.0,33,0,0.0,2.0,1.0,0.0,A01
201800030258,0.0,7,0,0.0,2.0,6.0,0.0,B01
201800030259,1.0,99,0,0.0,1.0,2.0,9.0,A01
201800030260,0.0,20,0,0.0,1.0,1.0,1.0,A01
201800030261,1.0,33,0,0.0,2.0,1.0,0.0,A01
201800030261,1.0,7,0,0.0,2.0,4.0,1.0,B01
201800030262,0.0,30,0,0.0,0.0,0.0,0.0,A01
201800030263,1.0,7,0,0.0,2.0,7.0,0.0,A01
201800030263,2.0,33,0,0.0,2.0,0.0,0.0,B01
201800030264,1.0,13,0,0.0,6.0,6.0,1.0,A01
201800030264,1.0,13,0,12.0,2.0,0.0,23.0,B01
201800030265,2.0,7,0,13.0,0.0,1.0,0.0,A01
201800030266,0.0,2,0,0.0,2.0,1.0,18.0,A01
201800030266,0.0,7,0,0.0,2.0,4.0,1.0,B01
201800030267,2.0,7,0,0.0,2.0,2.0,15.0,A01
201800030267,1.0,2,0,0.0,2.0,1.0,1.0,B01
201800030268,1.0,7,0,0.0,1.0,1.0,1.0,A01
201800030269,1.0,7,0,6.0,0.0,1.0,0.0,A01
201800030270,0.0,1,0,0.0,6.0,1.0,16.0,Y01
201800030271,1.0,20,0,2.0,0.0,1.0,14.0,A01
201800030272,2.0,7,0,0.0,1.0,3.0,0.0,A01
201800030273,2.0,7,0,0.0,1.0,3.0,1.0,A01
201800030274,2.0,7,0,0.0,2.0,1.0,9.0,A01
201800030274,2.0,2,0,0.0,2.0,4.0,9.0,B01
201800030275,1.0,31,0,2.0,0.0,1.0,13.0,A01
201800030276,2.0,33,0,0.0,2.0,1.0,1.0,B01
201800030276,2.0,3,0,0.0,2.0,3.0,15.0,A01
201800030277,1.0,10,0,1.0,0.0,1.0,14.0,A01
201800030278,0.0,31,0,0.0,0.0,0.0,19.0,A01
201800030279,1.0,7,0,0.0,2.0,3.0,10.0,A01
201800030279,1.0,33,0,0.0,2.0,1.0,17.0,B01
201800030280,0.0,7,0,0.0,0.0,1.0,13.0,A01
201800030281,2.0,7,0,0.0,1.0,8.0,0.0,A01
201800030282,2.0,7,0,0.0,1.0,1.0,1.0,A01
201800030283,0.0,7,0,9.0,0.0,1.0,0.0,A01
201800030284,0.0,7,0,7.0,0.0,1.0,16.0,A01
201800030285,1.0,7,0,0.0,2.0,3.0,14.0,A01
201800030285,1.0,7,0,0.0,2.0,1.0,1.0,B01
201800030286,1.0,99,0,0.0,2.0,1.0,18.0,A01
201800030286,1.0,7,0,0.0,2.0,2.0,16.0,B01
201800030287,2.0,7,0,0.0,1.0,3.0,0.0,A01
201800030288,1.0,7,0,0.0,1.0,3.0,0.0,A01
201800030289,1.0,7,0,0.0,1.0,2.0,19.0,A01
201800030290,2.0,7,0,0.0,2.0,2.0,2.0,A01
201800030290,2.0,30,0,0.0,2.0,4.0,23.0,B01
201800030291,1.0,7,0,0.0,1.0,2.0,1.0,A01
201800030292,2.0,7,0,6.0,2.0,1.0,14.0,A01
201800030292,2.0,7,0,0.0,2.0,0.0,9.0,B01
201800030293,1.0,7,0,0.0,2.0,3.0,1.0,B01
201800030293,1.0,7,0,0.0,2.0,8.0,15.0,A01
201800030294,2.0,17,0,0.0,9.0,0.0,1.0,A01
201800030295,0.0,7,0,0.0,4.0,2.0,19.0,B01
201800030295,2.0,39,1,0.0,2.0,1.0,1.0,A01
201800030296,0.0,7,0,0.0,1.0,7.0,0.0,A01
201800030297,2.0,30,0,8.0,0.0,1.0,0.0,A01
201800030298,2.0,7,0,1.0,0.0,1.0,18.0,A01
201800030299,2.0,7,0,0.0,2.0,8.0,17.0,A01
201800030299,2.0,33,0,0.0,2.0,7.0,17.0,B01
201800030300,2.0,7,0,0.0,2.0,1.0,1.0,A01
201800030300,1.0,7,0,0.0,2.0,1.0,1.0,B01
201800030300,0.0,7,0,6.0,0.0,1.0,0.0,C01
201800030301,1.0,7,0,0.0,1.0,3.0,1.0,A01
201800030302,1.0,10,0,0.0,1.0,2.0,1.0,A01
201800030303,1.0,30,0,0.0,2.0,2.0,0.0,A01
201800030303,0.0,7,0,0.0,2.0,2.0,0.0,B01
201800030304,1.0,31,0,0.0,0.0,7.0,1.0,B01
201800030304,1.0,7,0,0.0,0.0,0.0,15.0,A01
201800030305,1.0,7,0,0.0,2.0,1.0,2.0,A01
201800030305,1.0,7,0,0.0,1.0,1.0,2.0,B01
201800030306,0.0,7,0,0.0,2.0,3.0,9.0,A01
201800030306,0.0,2,0,0.0,2.0,2.0,0.0,B01
201800030307,1.0,7,0,13.0,0.0,1.0,19.0,A01
201800030308,2.0,7,0,0.0,2.0,2.0,9.0,A01
201800030308,2.0,2,0,0.0,2.0,4.0,2.0,B01
201800030309,1.0,2,0,0.0,2.0,3.0,1.0,A01
201800030309,0.0,7,0,0.0,2.0,3.0,1.0,B01
201800030310,1.0,7,0,0.0,2.0,3.0,1.0,A01
201800030310,2.0,7,0,0.0,2.0,8.0,15.0,B01
201800030311,1.0,33,0,3.0,2.0,1.0,21.0,A01
201800030311,1.0,7,0,0.0,2.0,1.0,15.0,B01
201800030312,2.0,7,0,0.0,2.0,1.0,0.0,A01
201800030312,1.0,7,0,0.0,2.0,1.0,1.0,B01
201800030313,1.0,34,0,9.0,0.0,0.0,13.0,A01
201800030314,1.0,10,0,0.0,2.0,3.0,15.0,A01
201800030314,0.0,30,0,0.0,2.0,1.0,1.0,B01
201800030314,0.0,7,0,0.0,2.0,3.0,23.0,C01
201800030315,1.0,7,0,0.0,1.0,1.0,1.0,A01
201800030316,2.0,7,0,0.0,1.0,7.0,1.0,A01
201800030317,1.0,10,0,0.0,2.0,3.0,18.0,A01
201800030317,1.0,10,0,0.0,2.0,2.0,1.0,B01
201800030318,2.0,7,0,0.0,2.0,1.0,17.0,A01
201800030318,2.0,7,0,0.0,2.0,3.0,0.0,B01
201800030319,1.0,10,0,0.0,2.0,1.0,2.0,A01
201800030319,1.0,1,0,0.0,2.0,4.0,2.0,B01
201800030319,1.0,1,0,0.0,2.0,4.0,2.0,C01
201800030320,1.0,7,0,0.0,2.0,7.0,1.0,A01
201800030320,2.0,7,0,0.0,2.0,1.0,1.0,B01
201800030321,1.0,17,0,0.0,2.0,1.0,2.0,A01
201800030321,1.0,7,0,0.0,2.0,4.0,23.0,B01
201800030322,2.0,7,0,0.0,2.0,1.0,1.0,B01
201800030322,1.0,2,0,0.0,2.0,7.0,1.0,A01
201800030323,2.0,7,0,0.0,1.0,1.0,15.0,A01
201800030324,1.0,7,0,0.0,2.0,3.0,15.0,A01
201800030324,1.0,33,0,0.0,2.0,1.0,1.0,B01
201800030325,1.0,7,0,8.0,0.0,8.0,14.0,A01
201800030326,0.0,31,0,0.0,2.0,7.0,2.0,B01
201800030326,0.0,7,0,0.0,2.0,1.0,15.0,A01
201800030327,2.0,31,0,0.0,2.0,1.0,17.0,A01
201800030327,2.0,7,0,0.0,2.0,8.0,15.0,B01
201800030328,2.0,10,0,0.0,2.0,3.0,15.0,A01
201800030328,2.0,10,0,0.0,2.0,1.0,1.0,B01
201800030329,1.0,7,0,0.0,1.0,2.0,15.0,A01
201800030330,0.0,33,0,11.0,0.0,7.0,5.0,A01
201800030331,1.0,7,0,0.0,6.0,3.0,15.0,A01
201800030331,1.0,1,0,0.0,2.0,2.0,1.0,B01
201800030332,0.0,7,0,0.0,2.0,3.0,13.0,A01
201800030332,0.0,7,0,0.0,2.0,3.0,1.0,B01
201800030333,1.0,17,0,0.0,1.0,8.0,16.0,A01
201800030334,1.0,7,0,0.0,1.0,1.0,1.0,A01
201800030335,0.0,7,0,6.0,0.0,1.0,13.0,A01
201800030336,1.0,17,0,0.0,1.0,3.0,1.0,A01
201800030337,2.0,33,0,0.0,2.0,0.0,21.0,A01
201800030337,2.0,7,0,0.0,0.0,0.0,16.0,B01
201800030338,1.0,7,0,0.0,2.0,1.0,1.0,B01
201800030338,1.0,7,0,0.0,2.0,2.0,19.0,A01
201800030338,1.0,7,0,0.0,2.0,1.0,1.0,C01
201800030339,2.0,7,0,0.0,2.0,2.0,1.0,A01
201800030339,2.0,2,0,0.0,2.0,8.0,1.0,B01
201800030340,2.0,7,0,0.0,1.0,2.0,1.0,A01
201800030341,1.0,7,0,9.0,1.0,2.0,1.0,A01
201800030342,1.0,7,0,0.0,2.0,2.0,19.0,A01
201800030342,1.0,33,0,0.0,2.0,1.0,1.0,B01
201800030343,1.0,30,0,9.0,2.0,8.0,1.0,A01
201800030343,2.0,7,0,9.0,2.0,1.0,15.0,B01
201800030344,1.0,7,0,0.0,2.0,2.0,1.0,A01
201800030344,1.0,1,0,0.0,2.0,1.0,1.0,Y01
201800030345,0.0,7,0,1.0,1.0,0.0,5.0,A01
201800030346,0.0,30,0,0.0,2.0,7.0,5.0,A01
201800030346,1.0,7,0,0.0,2.0,1.0,16.0,B01
201800030347,1.0,7,0,2.0,1.0,2.0,1.0,A01
201800030348,2.0,7,0,0.0,2.0,1.0,21.0,A01
201800030348,1.0,1,0,0.0,2.0,1.0,5.0,B01
201800030349,2.0,7,0,0.0,2.0,3.0,13.0,A01
201800030349,2.0,15,0,0.0,2.0,3.0,2.0,B01
201800030350,1.0,7,0,0.0,9.0,3.0,15.0,A01
201800030350,2.0,1,0,0.0,2.0,0.0,1.0,B01
201800030351,0.0,7,0,0.0,2.0,3.0,1.0,A01
201800030351,0.0,2,0,0.0,2.0,2.0,0.0,B01
201800030352,1.0,7,0,0.0,1.0,2.0,1.0,A01
201800030353,2.0,7,0,0.0,2.0,3.0,1.0,B01
201800030353,1.0,7,0,0.0,2.0,3.0,19.0,A01
201800030354,1.0,7,0,0.0,2.0,2.0,15.0,A01
201800030354,2.0,30,0,0.0,2.0,1.0,1.0,B01
201800030355,1.0,37,1,9.0,1.0,1.0,15.0,A01
201800030356,1.0,7,0,0.0,1.0,3.0,1.0,A01
201800030357,2.0,7,0,12.0,2.0,1.0,15.0,A01
201800030357,2.0,30,0,6.0,2.0,7.0,1.0,B01
201800030358,1.0,7,0,9.0,2.0,2.0,15.0,A01
201800030358,2.0,30,0,9.0,2.0,1.0,1.0,B01
201800030359,1.0,7,0,5.0,0.0,0.0,0.0,A01
201800030360,0.0,33,0,0.0,2.0,1.0,1.0,B01
201800030360,0.0,7,0,0.0,9.0,8.0,9.0,A01
201800030361,2.0,7,0,13.0,2.0,7.0,13.0,A01
201800030361,1.0,10,0,13.0,2.0,1.0,1.0,B01
201800030362,2.0,7,0,0.0,1.0,2.0,1.0,A01
201800030363,1.0,10,0,0.0,2.0,3.0,19.0,A01
201800030363,2.0,7,0,0.0,2.0,2.0,1.0,B01
201800030364,1.0,7,0,0.0,2.0,2.0,15.0,A01
201800030364,1.0,30,0,0.0,2.0,1.0,14.0,B01
201800030365,1.0,7,0,0.0,2.0,3.0,15.0,A01
201800030365,1.0,2,0,0.0,2.0,1.0,2.0,B01
201800030366,1.0,7,0,0.0,1.0,2.0,1.0,A01
201800030367,1.0,7,0,0.0,2.0,3.0,15.0,A01
201800030367,1.0,2,0,0.0,2.0,1.0,1.0,B01
201800030368,1.0,7,0,0.0,1.0,1.0,1.0,A01
201800030369,1.0,7,0,9.0,2.0,1.0,21.0,A01
201800030369,1.0,32,0,0.0,0.0,0.0,1.0,B01
201800030369,1.0,32,0,0.0,0.0,0.0,1.0,C01
201800030370,1.0,7,0,0.0,2.0,1.0,1.0,A01
201800030370,1.0,1,0,0.0,2.0,7.0,19.0,B01
201800030371,2.0,1,0,0.0,2.0,1.0,1.0,B01
201800030371,2.0,7,0,0.0,2.0,3.0,9.0,A01
201800030372,1.0,7,0,0.0,2.0,3.0,13.0,A01
201800030372,2.0,15,0,0.0,2.0,3.0,1.0,B01
201800030373,2.0,7,0,6.0,1.0,1.0,17.0,A01
201800030373,2.0,7,0,0.0,2.0,3.0,15.0,B01
201800030374,1.0,7,0,0.0,2.0,1.0,13.0,A01
201800030374,2.0,7,0,0.0,2.0,8.0,1.0,B01
201800030375,1.0,33,0,3.0,0.0,1.0,6.0,A01
201800030376,2.0,7,0,0.0,2.0,1.0,1.0,A01
201800030376,0.0,1,0,0.0,2.0,7.0,19.0,B01
201800030377,1.0,7,0,0.0,2.0,2.0,17.0,A01
201800030377,1.0,1,0,1.0,2.0,8.0,15.0,B01
201800030378,2.0,30,0,0.0,2.0,1.0,1.0,B01
201800030378,1.0,7,0,0.0,2.0,8.0,15.0,A01
201800030379,0.0,1,0,1.0,0.0,7.0,2.0,A01
201800030379,0.0,7,0,0.0,2.0,3.0,24.0,B01
201800030380,0.0,37,1,0.0,1.0,2.0,13.0,A01
201800030381,2.0,7,0,0.0,2.0,1.0,1.0,A01
201800030381,2.0,7,0,0.0,2.0,4.0,23.0,B01
201800030382,0.0,7,0,0.0,1.0,1.0,1.0,A01
201800030383,0.0,7,0,0.0,2.0,8.0,16.0,A01
201800030383,0.0,7,0,0.0,2.0,1.0,1.0,B01
201800030384,1.0,13,0,0.0,1.0,7.0,4.0,A01
201800030385,0.0,37,1,0.0,1.0,3.0,2.0,A01
201800030386,1.0,7,0,0.0,2.0,1.0,5.0,A01
201800030386,1.0,7,0,0.0,2.0,1.0,1.0,B01
201800030387,0.0,33,0,1.0,0.0,1.0,1.0,A01
201800030387,0.0,10,0,13.0,0.0,0.0,23.0,B01
201800030388,1.0,7,0,0.0,1.0,6.0,1.0,A01
201800030389,0.0,10,0,0.0,2.0,2.0,1.0,B01
201800030389,0.0,32,0,0.0,2.0,1.0,15.0,A01
201800030390,0.0,7,0,0.0,2.0,2.0,1.0,B01
201800030390,0.0,1,0,0.0,2.0,1.0,5.0,A01
201800030391,1.0,7,0,0.0,1.0,1.0,1.0,A01
201800030392,0.0,7,0,0.0,2.0,3.0,1.0,A01
201800030392,0.0,3,0,0.0,2.0,8.0,9.0,B01
201800030393,1.0,7,0,0.0,2.0,2.0,15.0,A01
201800030393,1.0,2,0,0.0,2.0,1.0,1.0,B01
201800030394,1.0,33,0,0.0,2.0,1.0,21.0,B01
201800030394,2.0,7,0,0.0,2.0,3.0,15.0,A01
201800030395,1.0,7,0,0.0,1.0,1.0,2.0,A01
201800030396,2.0,13,0,0.0,2.0,1.0,1.0,B01
201800030396,1.0,7,0,0.0,2.0,3.0,15.0,A01
201800030397,0.0,15,0,0.0,2.0,0.0,21.0,A01
201800030397,1.0,1,0,0.0,2.0,0.0,19.0,B01
201800030398,1.0,10,0,9.0,2.0,1.0,13.0,A01
201800030398,2.0,7,0,9.0,2.0,1.0,1.0,B01
201800030399,1.0,2,0,0.0,2.0,0.0,17.0,A01
201800030399,1.0,7,0,0.0,2.0,8.0,1.0,B01
201800030400,0.0,7,0,0.0,2.0,2.0,1.0,A01
201800030400,2.0,7,0,0.0,2.0,1.0,1.0,B01
201800030401,0.0,7,0,2.0,0.0,7.0,19.0,A01
201800030402,1.0,7,0,0.0,2.0,3.0,1.0,A01
201800030402,2.0,7,0,0.0,2.0,1.0,1.0,B01
201800030403,0.0,7,0,2.0,2.0,3.0,16.0,A01
201800030403,0.0,7,0,2.0,2.0,2.0,1.0,B01
201800030404,0.0,7,0,0.0,2.0,3.0,1.0,B01
201800030404,2.0,7,0,0.0,2.0,2.0,19.0,A01
201800030405,2.0,7,0,0.0,1.0,0.0,16.0,A01
201800030406,1.0,7,0,0.0,1.0,1.0,15.0,A01
201800030407,0.0,2,0,0.0,2.0,4.0,1.0,B01
201800030407,0.0,7,0,0.0,2.0,1.0,15.0,Z01
201800030408,1.0,7,0,14.0,2.0,2.0,9.0,A01
201800030408,1.0,7,0,14.0,2.0,6.0,2.0,B01
201800030408,1.0,7,0,14.0,2.0,5.0,2.0,C01
201800030408,1.0,7,0,14.0,2.0,0.0,0.0,D01
201800030409,1.0,7,0,0.0,1.0,1.0,16.0,A01
201800030410,1.0,7,0,0.0,1.0,1.0,1.0,A01
201800030411,1.0,1,0,0.0,1.0,1.0,1.0,A01
201800030412,0.0,7,0,0.0,2.0,2.0,9.0,A01
201800030412,0.0,1,0,0.0,2.0,7.0,9.0,B01
201800030413,1.0,33,0,9.0,2.0,1.0,1.0,B01
201800030413,1.0,7,0,9.0,2.0,6.0,15.0,A01
201800030414,1.0,7,0,0.0,1.0,2.0,16.0,A01
201800030415,2.0,7,0,0.0,1.0,3.0,2.0,A01
201800030416,2.0,7,0,0.0,1.0,2.0,1.0,A01
201800030417,2.0,7,0,0.0,2.0,6.0,15.0,A01
201800030417,1.0,2,0,0.0,2.0,1.0,1.0,B01