Num_Acc,senc,catv,occutc,obs,obsm,choc,manv,num_veh
201800030686,0.0,30,0,1.0,0.0,1.0,14.0,A01
201800030687,1.0,32,0,0.0,1.0,1.0,1.0,A01
201800030688,0.0,2,0,0.0,0.0,7.0,16.0,A01
201800030689,2.0,1,0,0.0,1.0,1.0,9.0,A01
201800030690,0.0,2,0,1.0,0.0,1.0,13.0,A01
201800030691,0.0,7,0,0.0,2.0,1.0,13.0,A01
201800030691,0.0,10,0,0.0,2.0,3.0,1.0,B01
201800030692,0.0,7,0,0.0,2.0,7.0,15.0,B01
201800030692,0.0,1,0,0.0,2.0,2.0,0.0,A01
201800030693,0.0,2,0,1.0,0.0,7.0,1.0,B01
201800030694,0.0,2,0,0.0,9.0,7.0,2.0,A01
201800030694,0.0,99,0,0.0,2.0,7.0,2.0,B01
201800030695,0.0,7,0,0.0,2.0,2.0,15.0,A01
201800030695,0.0,2,0,0.0,2.0,1.0,1.0,B01
201800030696,0.0,7,0,0.0,2.0,7.0,24.0,B01
201800030696,0.0,7,0,0.0,2.0,5.0,24.0,C01
201800030696,0.0,7,0,1.0,0.0,3.0,13.0,A01
201800030697,1.0,7,0,0.0,2.0,4.0,2.0,B01
201800030697,1.0,2,0,0.0,2.0,1.0,2.0,A01
201800030698,0.0,7,0,0.0,2.0,2.0,16.0,A01
201800030698,0.0,33,0,0.0,2.0,3.0,1.0,B01
201800030699,2.0,33,0,0.0,0.0,7.0,0.0,A01
201800030700,0.0,30,0,0.0,0.0,1.0,1.0,A01
201800030701,0.0,7,0,0.0,2.0,6.0,10.0,A01
201800030701,0.0,2,0,0.0,2.0,1.0,1.0,B01
201800030702,0.0,7,0,0.0,2.0,4.0,24.0,B01
201800030702,0.0,32,0,1.0,0.0,1.0,14.0,A01
201800030703,0.0,7,0,1.0,0.0,3.0,13.0,A01
201800030704,0.0,32,0,12.0,0.0,1.0,14.0,A01
201800030705,0.0,7,0,0.0,2.0,0.0,15.0,B01
201800030705,0.0,33,0,0.0,2.0,7.0,17.0,A01
201800030706,1.0,34,0,0.0,2.0,2.0,1.0,B01
201800030706,0.0,7,0,0.0,2.0,3.0,9.0,A01
201800030707,0.0,7,0,0.0,2.0,2.0,0.0,B01
201800030707,0.0,33,0,0.0,2.0,3.0,9.0,A01
201800030708,0.0,2,0,0.0,2.0,1.0,1.0,A01
201800030708,0.0,7,0,0.0,2.0,8.0,1.0,B01
201800030708,0.0,7,0,0.0,2.0,0.0,0.0,Z01
201800030709,1.0,33,0,7.0,0.0,8.0,13.0,A01
201800030710,0.0,7,0,0.0,2.0,2.0,1.0,A01
201800030710,0.0,7,0,0.0,2.0,8.0,1.0,B01
201800030711,2.0,7,0,0.0,2.0,3.0,9.0,A01
201800030711,1.0,1,0,0.0,2.0,4.0,1.0,B01
201800030712,0.0,7,0,0.0,2.0,2.0,2.0,A01
201800030712,0.0,30,0,0.0,2.0,4.0,1.0,B01
201800030713,0.0,7,0,0.0,1.0,2.0,1.0,A01
201800030714,0.0,7,0,0.0,2.0,5.0,1.0,B01
201800030714,0.0,2,0,0.0,2.0,1.0,1.0,A01
201800030715,0.0,7,0,0.0,2.0,2.0,1.0,A01
201800030715,0.0,7,0,0.0,2.0,3.0,9.0,B01
201800030716,0.0,7,0,0.0,2.0,3.0,1.0,B01
201800030716,0.0,34,0,6.0,2.0,1.0,1.0,A01
201800030717,2.0,10,0,0.0,2.0,2.0,1.0,A01
201800030717,0.0,7,0,0.0,2.0,3.0,1.0,B01
201800030718,0.0,7,0,0.0,2.0,1.0,2.0,A01
201800030718,0.0,1,0,0.0,2.0,4.0,2.0,B01
201800030719,0.0,7,0,0.0,1.0,3.0,2.0,A01
201800030720,0.0,7,0,0.0,2.0,1.0,1.0,Z01
201800030720,0.0,1,0,0.0,2.0,7.0,1.0,B01
201800030721,1.0,1,0,0.0,2.0,3.0,9.0,A01
201800030721,1.0,33,0,0.0,2.0,5.0,2.0,B01
201800030722,0.0,7,0,0.0,1.0,2.0,1.0,A01
201800030723,2.0,7,0,0.0,2.0,1.0,2.0,A01
201800030723,2.0,7,0,0.0,2.0,4.0,2.0,C01
201800030723,2.0,7,0,0.0,2.0,4.0,2.0,B01
201800030724,1.0,7,0,0.0,2.0,3.0,1.0,A01
201800030724,2.0,7,0,0.0,2.0,2.0,16.0,B01
201800030725,0.0,7,0,0.0,1.0,1.0,1.0,A01
201800030726,2.0,7,0,0.0,2.0,1.0,1.0,A01
201800030726,2.0,7,0,0.0,2.0,4.0,2.0,B01
201800030727,0.0,7,0,0.0,2.0,3.0,9.0,A01
201800030727,0.0,1,0,0.0,2.0,1.0,1.0,B01
201800030728,1.0,7,0,0.0,1.0,2.0,1.0,A01
201800030729,0.0,7,0,0.0,2.0,3.0,1.0,A01
201800030729,0.0,30,0,0.0,2.0,1.0,1.0,B01
201800030730,0.0,2,0,0.0,1.0,1.0,1.0,A01
201800030731,1.0,7,0,0.0,2.0,1.0,9.0,A01
201800030731,1.0,7,0,0.0,2.0,2.0,1.0,B01
201800030732,0.0,2,0,0.0,2.0,2.0,1.0,B01
201800030732,0.0,7,0,0.0,2.0,3.0,4.0,A01
201800030733,0.0,7,0,0.0,1.0,2.0,1.0,A01
201800030734,0.0,7,0,0.0,2.0,1.0,9.0,A01
201800030734,0.0,7,0,0.0,2.0,8.0,1.0,B01
201800030735,0.0,7,0,0.0,2.0,4.0,23.0,B01
201800030735,0.0,7,0,0.0,2.0,1.0,9.0,A01
201800030736,0.0,7,0,0.0,2.0,3.0,15.0,A01
201800030736,0.0,33,0,0.0,2.0,1.0,1.0,B01
201800030737,0.0,7,0,0.0,2.0,2.0,15.0,A01
201800030737,0.0,30,0,0.0,2.0,1.0,1.0,B01
201800030738,1.0,7,0,0.0,1.0,3.0,2.0,A01
201800030739,0.0,10,0,0.0,1.0,3.0,15.0,A01
201800030740,0.0,1,0,0.0,2.0,1.0,1.0,B01
201800030740,0.0,7,0,0.0,2.0,7.0,1.0,A01
201800030741,0.0,7,0,0.0,2.0,3.0,13.0,A01
201800030741,0.0,7,0,0.0,2.0,1.0,1.0,B01
201800030742,1.0,7,0,0.0,2.0,4.0,2.0,C01
201800030742,1.0,7,0,0.0,2.0,4.0,2.0,B01
201800030742,0.0,10,0,0.0,2.0,1.0,2.0,A01
201800030743,0.0,7,0,0.0,2.0,4.0,2.0,B01
201800030743,0.0,7,0,0.0,2.0,1.0,9.0,A01
201800030744,1.0,7,0,0.0,1.0,3.0,1.0,A01
201800030745,0.0,7,0,0.0,2.0,5.0,14.0,A01
201800030745,0.0,1,0,0.0,2.0,3.0,1.0,B01
201800030746,0.0,7,0,0.0,1.0,2.0,16.0,A01
201800030747,0.0,7,0,0.0,1.0,1.0,11.0,A01
201800030748,0.0,7,0,0.0,2.0,1.0,1.0,B01
201800030748,0.0,7,0,0.0,2.0,7.0,19.0,A01
201800030749,2.0,7,0,0.0,2.0,3.0,1.0,A01
201800030749,2.0,7,0,0.0,2.0,2.0,1.0,B01
201800030750,0.0,7,0,0.0,2.0,6.0,15.0,A01
201800030750,0.0,30,0,0.0,2.0,5.0,17.0,B01
201800030751,0.0,7,0,0.0,2.0,4.0,23.0,B01
201800030751,0.0,7,0,0.0,2.0,1.0,9.0,A01
201800030752,0.0,7,0,0.0,2.0,6.0,1.0,A01
201800030752,0.0,7,0,0.0,2.0,2.0,1.0,B01
201800030753,0.0,1,0,0.0,2.0,3.0,9.0,B01
201800030753,0.0,37,10,0.0,9.0,5.0,17.0,A01
201800030754,1.0,7,0,0.0,2.0,4.0,1.0,B01
201800030754,1.0,7,0,0.0,2.0,1.0,1.0,A01
201800030755,0.0,30,0,0.0,2.0,1.0,9.0,A01
201800030755,0.0,7,0,0.0,2.0,4.0,9.0,B01
201800030756,0.0,7,0,0.0,2.0,2.0,15.0,A01
201800030756,0.0,7,0,0.0,2.0,3.0,1.0,B01
201800030757,0.0,7,0,0.0,2.0,1.0,15.0,A01
201800030757,0.0,30,0,0.0,2.0,1.0,1.0,B01
201800030758,0.0,30,0,0.0,2.0,1.0,2.0,A01
201800030758,0.0,7,0,0.0,2.0,5.0,2.0,B01
201800030759,2.0,7,0,0.0,2.0,4.0,9.0,B01
201800030759,2.0,10,0,0.0,2.0,1.0,9.0,A01
201800030759,2.0,7,0,0.0,2.0,4.0,9.0,C01
201800030760,0.0,31,0,0.0,2.0,1.0,1.0,A01
201800030760,0.0,7,0,0.0,2.0,5.0,23.0,B01
201800030761,0.0,1,0,0.0,2.0,2.0,15.0,A01
201800030761,0.0,32,0,0.0,2.0,1.0,1.0,B01
201800030762,0.0,7,0,0.0,2.0,1.0,1.0,A01
201800030762,0.0,7,0,0.0,2.0,4.0,1.0,C01
201800030762,0.0,7,0,0.0,2.0,4.0,1.0,B01
201800030763,0.0,7,0,0.0,1.0,1.0,9.0,A01
201800030764,0.0,7,0,0.0,2.0,6.0,15.0,B01
201800030764,0.0,7,0,0.0,2.0,1.0,1.0,A01
201800030765,0.0,7,0,0.0,1.0,1.0,9.0,A01
201800030766,0.0,7,0,0.0,2.0,1.0,2.0,A01
201800030766,0.0,7,0,0.0,2.0,4.0,1.0,B01
201800030767,0.0,1,0,0.0,2.0,1.0,9.0,B01
201800030767,0.0,7,0,0.0,2.0,1.0,15.0,A01
201800030768,0.0,7,0,1.0,0.0,2.0,1.0,A01
201800030769,0.0,7,0,0.0,2.0,5.0,4.0,A01
201800030769,0.0,2,0,0.0,2.0,1.0,1.0,B01
201800030770,0.0,7,0,0.0,1.0,3.0,13.0,A01
201800030771,0.0,7,0,0.0,1.0,1.0,9.0,A01
201800030772,2.0,7,0,0.0,2.0,8.0,1.0,C01
201800030772,2.0,7,0,0.0,2.0,8.0,1.0,B01
201800030772,1.0,7,0,0.0,2.0,3.0,13.0,A01
201800030773,0.0,7,0,0.0,2.0,7.0,16.0,B01
201800030773,0.0,30,0,0.0,2.0,6.0,2.0,A01
201800030774,0.0,30,0,0.0,2.0,1.0,9.0,B01
201800030774,0.0,7,0,0.0,2.0,3.0,9.0,A01
201800030775,0.0,7,0,0.0,2.0,3.0,15.0,A01
201800030775,0.0,7,0,0.0,2.0,3.0,23.0,B01
201800030776,2.0,7,0,0.0,2.0,3.0,9.0,A01
201800030776,1.0,1,0,0.0,2.0,5.0,1.0,B01
201800030777,0.0,7,0,0.0,2.0,1.0,9.0,A01
201800030777,0.0,33,0,0.0,2.0,4.0,9.0,B01
201800030778,0.0,7,0,0.0,2.0,2.0,1.0,B01
201800030778,0.0,7,0,0.0,2.0,3.0,16.0,A01
201800030779,0.0,7,0,0.0,2.0,2.0,2.0,A01
201800030779,0.0,30,0,0.0,2.0,6.0,23.0,B01
201800030780,2.0,7,0,0.0,2.0,1.0,9.0,A01
201800030780,2.0,7,0,0.0,1.0,1.0,16.0,B01
201800030781,0.0,33,0,0.0,2.0,4.0,1.0,A01
201800030781,0.0,10,0,0.0,2.0,2.0,1.0,B01
201800030782,0.0,7,0,0.0,2.0,1.0,15.0,A01
201800030782,0.0,7,0,0.0,2.0,7.0,1.0,B01
201800030783,0.0,7,0,0.0,2.0,3.0,2.0,A01
201800030783,0.0,7,0,0.0,2.0,5.0,15.0,B01
201800030784,2.0,7,0,0.0,2.0,1.0,2.0,A01
201800030784,2.0,7,0,0.0,2.0,4.0,23.0,B01
201800030785,1.0,7,0,0.0,1.0,0.0,9.0,A01
201800030786,0.0,7,0,0.0,2.0,1.0,1.0,A01
201800030786,0.0,7,0,0.0,2.0,4.0,2.0,B01
201800030787,0.0,7,0,0.0,2.0,1.0,1.0,A01
201800030787,0.0,7,0,0.0,2.0,8.0,1.0,B01
201800030788,0.0,30,0,0.0,2.0,1.0,17.0,A01
201800030788,0.0,7,0,0.0,2.0,8.0,15.0,B01
201800030789,0.0,7,0,0.0,2.0,1.0,15.0,A01
201800030789,0.0,34,0,0.0,2.0,8.0,1.0,B01
201800030790,0.0,7,0,0.0,2.0,1.0,2.0,A01
201800030790,0.0,7,0,0.0,2.0,4.0,2.0,C01
201800030790,0.0,7,0,0.0,2.0,4.0,2.0,B01
201800030791,0.0,7,0,0.0,1.0,2.0,14.0,A01
201800030792,0.0,1,0,0.0,2.0,1.0,1.0,B01
201800030792,0.0,7,0,0.0,2.0,2.0,16.0,A01
201800030793,0.0,7,0,0.0,2.0,2.0,15.0,A01
201800030793,0.0,1,0,0.0,2.0,1.0,1.0,B01
201800030794,2.0,7,0,0.0,2.0,1.0,1.0,B01
201800030794,1.0,7,0,0.0,2.0,3.0,13.0,A01
201800030795,0.0,7,0,1.0,0.0,1.0,14.0,A01
201800030795,0.0,7,0,0.0,2.0,6.0,0.0,B01
201800030796,2.0,7,0,14.0,0.0,1.0,1.0,A01
201800030797,0.0,7,0,0.0,2.0,3.0,15.0,B01
201800030797,0.0,30,0,0.0,2.0,7.0,17.0,A01
201800030798,0.0,7,0,0.0,2.0,6.0,19.0,A01
201800030798,0.0,30,0,0.0,2.0,1.0,1.0,B01
201800030799,1.0,7,0,0.0,2.0,3.0,23.0,B01
201800030799,1.0,17,0,0.0,2.0,1.0,9.0,A01
201800030799,2.0,10,0,0.0,2.0,1.0,1.0,C01
201800030800,0.0,10,0,0.0,2.0,1.0,2.0,C01
201800030800,0.0,7,0,0.0,2.0,4.0,2.0,B01
201800030800,0.0,10,0,0.0,2.0,1.0,9.0,A01
201800030801,0.0,10,0,0.0,2.0,6.0,15.0,B01
201800030801,0.0,2,0,0.0,2.0,1.0,17.0,A01
201800030802,0.0,10,0,0.0,2.0,2.0,15.0,A01
201800030802,0.0,30,0,0.0,2.0,1.0,1.0,B01
201800030803,0.0,2,0,0.0,2.0,3.0,9.0,A01
201800030803,0.0,7,0,0.0,2.0,7.0,1.0,B01
201800030804,0.0,7,0,0.0,2.0,3.0,1.0,A01
201800030804,0.0,14,0,0.0,2.0,6.0,1.0,B01
201800030805,0.0,7,0,0.0,1.0,7.0,1.0,A01
201800030806,0.0,7,0,0.0,2.0,1.0,2.0,A01
201800030806,0.0,7,0,0.0,2.0,4.0,23.0,B01
201800030807,0.0,1,0,0.0,2.0,8.0,16.0,B01
201800030807,0.0,10,0,0.0,2.0,5.0,16.0,A01
201800030808,0.0,33,0,0.0,1.0,1.0,1.0,Z01
201800030809,0.0,7,0,0.0,2.0,1.0,2.0,A01
201800030809,0.0,7,0,0.0,2.0,4.0,20.0,B01
201800030810,0.0,37,1,0.0,1.0,2.0,16.0,A01
201800030811,0.0,7,0,0.0,2.0,1.0,15.0,A01
201800030811,0.0,30,0,0.0,2.0,1.0,1.0,B01
201800030812,0.0,7,0,0.0,2.0,8.0,15.0,A01
201800030812,0.0,33,0,0.0,2.0,1.0,17.0,B01
201800030813,0.0,33,0,1.0,2.0,1.0,3.0,A01
201800030813,0.0,10,0,0.0,2.0,3.0,19.0,B01
201800030814,0.0,1,0,0.0,2.0,1.0,1.0,B01
201800030814,0.0,7,0,0.0,2.0,2.0,16.0,A01
201800030815,0.0,7,0,0.0,2.0,3.0,9.0,A01
201800030815,0.0,1,0,0.0,2.0,7.0,1.0,B01
201800030816,0.0,7,0,0.0,1.0,4.0,20.0,A01
201800030817,1.0,1,0,0.0,2.0,7.0,1.0,B01
201800030817,1.0,7,0,0.0,2.0,3.0,9.0,A01
201800030818,0.0,7,0,0.0,2.0,4.0,2.0,B01
201800030818,0.0,7,0,0.0,2.0,2.0,2.0,A01
201800030819,0.0,7,0,0.0,2.0,4.0,2.0,C01
201800030819,0.0,7,0,0.0,2.0,4.0,2.0,B01
201800030819,0.0,7,0,0.0,2.0,4.0,23.0,D01
201800030819,0.0,7,0,0.0,2.0,1.0,2.0,A01
201800030820,2.0,7,0,0.0,2.0,1.0,2.0,A01
201800030820,2.0,7,0,0.0,2.0,4.0,2.0,B01
201800030820,2.0,7,0,0.0,2.0,1.0,2.0,C01
201800030821,0.0,7,0,0.0,2.0,1.0,1.0,A01
201800030821,0.0,37,1,0.0,2.0,4.0,24.0,B01
201800030822,0.0,2,0,0.0,2.0,1.0,17.0,A01
201800030822,0.0,7,0,0.0,2.0,3.0,15.0,B01
201800030823,0.0,7,0,0.0,2.0,1.0,2.0,A01
201800030823,0.0,7,0,0.0,2.0,4.0,23.0,B01
201800030823,0.0,7,0,0.0,2.0,4.0,23.0,C01
201800030824,0.0,10,0,0.0,2.0,9.0,2.0,B01
201800030824,0.0,7,0,0.0,2.0,3.0,9.0,A01
201800030825,0.0,7,0,0.0,2.0,3.0,15.0,A01
201800030825,0.0,1,0,0.0,2.0,3.0,1.0,B01
201800030826,0.0,7,0,0.0,2.0,3.0,1.0,B01
201800030826,0.0,7,0,0.0,2.0,2.0,15.0,A01
201800030827,0.0,7,0,0.0,2.0,3.0,1.0,B01
201800030827,0.0,1,0,0.0,2.0,1.0,19.0,A01
201800030828,0.0,7,0,0.0,2.0,1.0,1.0,A01
201800030828,0.0,1,0,0.0,2.0,7.0,19.0,B01
201800030829,0.0,7,0,0.0,2.0,5.0,1.0,A01
201800030829,0.0,1,0,0.0,2.0,2.0,10.0,B01
201800030830,0.0,30,0,0.0,2.0,1.0,2.0,A01
201800030830,0.0,7,0,0.0,2.0,5.0,2.0,B01
201800030831,0.0,7,0,0.0,1.0,2.0,1.0,A01
201800030832,0.0,7,0,0.0,2.0,2.0,1.0,A01
201800030832,0.0,1,0,0.0,2.0,1.0,1.0,B01
201800030833,1.0,10,0,0.0,2.0,1.0,1.0,A01
201800030833,1.0,10,0,0.0,2.0,4.0,23.0,B01
201800030834,2.0,2,0,0.0,2.0,1.0,1.0,B01
201800030834,1.0,7,0,0.0,2.0,2.0,19.0,A01
201800030835,0.0,34,0,0.0,2.0,8.0,15.0,B01
201800030835,0.0,32,0,0.0,2.0,8.0,17.0,A01
201800030836,0.0,7,0,0.0,2.0,8.0,1.0,B01
201800030836,0.0,7,0,0.0,2.0,3.0,13.0,A01
201800030837,1.0,7,0,0.0,1.0,2.0,1.0,A01
201800030838,0.0,7,0,0.0,2.0,8.0,22.0,A01
201800030838,0.0,1,0,0.0,2.0,1.0,1.0,B01
201800030839,1.0,34,0,1.0,0.0,1.0,1.0,A01
201800030840,0.0,30,0,0.0,2.0,7.0,1.0,B01
201800030840,0.0,7,0,0.0,2.0,3.0,9.0,A01
201800030841,0.0,30,0,0.0,2.0,1.0,1.0,B01
201800030841,0.0,7,0,0.0,2.0,6.0,19.0,A01
201800030842,0.0,7,0,0.0,2.0,1.0,11.0,A01
201800030842,0.0,7,0,0.0,2.0,3.0,1.0,B01
201800030843,0.0,2,0,0.0,2.0,1.0,2.0,A01
201800030843,0.0,7,0,0.0,2.0,4.0,2.0,B01
201800030844,0.0,1,0,0.0,2.0,7.0,1.0,A01
201800030844,0.0,7,0,0.0,2.0,2.0,1.0,B01
201800030845,0.0,1,0,0.0,2.0,1.0,1.0,B01
201800030845,0.0,7,0,0.0,2.0,3.0,15.0,A01
201800030846,2.0,31,0,0.0,2.0,1.0,1.0,B01
201800030846,2.0,7,0,0.0,2.0,8.0,15.0,A01
201800030847,0.0,7,0,0.0,2.0,1.0,15.0,A01
201800030847,0.0,1,0,0.0,2.0,4.0,1.0,B01
201800030848,0.0,7,0,0.0,2.0,7.0,15.0,A01
201800030848,0.0,33,0,0.0,2.0,1.0,1.0,B01
201800030849,2.0,7,0,8.0,0.0,1.0,1.0,A01
201800030850,0.0,7,0,0.0,2.0,1.0,16.0,A01
201800030850,0.0,1,0,0.0,2.0,4.0,2.0,B01
201800030851,1.0,10,0,0.0,2.0,1.0,2.0,A01
201800030851,1.0,7,0,0.0,2.0,4.0,2.0,B01
201800030851,1.0,7,0,0.0,2.0,4.0,2.0,C01
201800030851,1.0,10,0,0.0,2.0,5.0,2.0,D01
201800030852,0.0,1,0,0.0,2.0,1.0,1.0,B01
201800030852,0.0,7,0,0.0,2.0,3.0,9.0,A01
201800030853,2.0,7,0,0.0,2.0,4.0,2.0,B01
201800030853,2.0,10,0,0.0,2.0,1.0,2.0,A01
201800030854,0.0,1,0,0.0,2.0,1.0,23.0,A01
201800030854,0.0,7,0,0.0,2.0,3.0,15.0,B01
201800030855,0.0,33,0,1.0,2.0,1.0,17.0,A01
201800030855,0.0,7,0,0.0,2.0,6.0,13.0,B01
201800030856,0.0,1,0,0.0,2.0,2.0,1.0,B01
201800030856,0.0,7,0,0.0,2.0,3.0,16.0,A01
201800030857,0.0,10,0,0.0,1.0,1.0,1.0,A01
201800030858,0.0,7,0,0.0,2.0,8.0,2.0,B01
201800030858,0.0,7,0,0.0,2.0,3.0,1.0,A01
201800030859,0.0,7,0,0.0,2.0,1.0,2.0,A01
201800030859,0.0,7,0,0.0,2.0,4.0,23.0,B01
201800030860,0.0,7,0,0.0,2.0,3.0,1.0,B01
201800030860,0.0,7,0,0.0,2.0,1.0,19.0,A01
201800030861,0.0,7,0,0.0,2.0,2.0,1.0,A01
201800030861,0.0,1,0,0.0,2.0,0.0,0.0,C01
201800030861,0.0,7,0,0.0,2.0,5.0,1.0,B01
201800030862,0.0,30,0,0.0,2.0,1.0,2.0,A01
201800030862,0.0,7,0,0.0,2.0,4.0,2.0,B01
201800030863,0.0,10,0,0.0,2.0,3.0,15.0,A01
201800030863,0.0,2,0,0.0,2.0,1.0,1.0,B01
201800030864,0.0,1,0,0.0,2.0,0.0,0.0,B01
201800030864,0.0,7,0,0.0,2.0,4.0,2.0,A01
201800030865,0.0,7,0,0.0,2.0,8.0,1.0,A01
201800030865,0.0,1,0,0.0,2.0,1.0,1.0,B01
201800030866,0.0,7,0,0.0,2.0,8.0,22.0,A01
201800030866,0.0,1,0,1.0,0.0,1.0,1.0,B01
201800030867,0.0,1,0,0.0,2.0,1.0,19.0,B01
201800030867,0.0,7,0,0.0,2.0,3.0,1.0,A01
201800030868,0.0,7,0,0.0,2.0,4.0,2.0,C01
201800030868,0.0,7,0,0.0,2.0,1.0,1.0,A01
201800030868,0.0,7,0,0.0,2.0,4.0,2.0,B01
201800030869,0.0,10,0,0.0,1.0,4.0,4.0,A01
201800030870,0.0,1,0,0.0,2.0,1.0,16.0,A01
201800030870,0.0,7,0,0.0,2.0,2.0,1.0,B01
201800030871,0.0,7,0,0.0,2.0,3.0,15.0,A01
201800030871,0.0,2,0,14.0,2.0,7.0,1.0,B01
201800030872,0.0,7,0,0.0,2.0,1.0,1.0,B01
201800030872,0.0,7,0,0.0,2.0,2.0,15.0,A01
201800030873,0.0,7,0,0.0,2.0,8.0,1.0,B01
201800030873,0.0,7,0,0.0,2.0,1.0,1.0,A01
201800030874,0.0,7,0,0.0,2.0,5.0,1.0,A01
201800030874,0.0,7,0,0.0,2.0,2.0,1.0,B01
201800030875,0.0,7,0,0.0,2.0,3.0,1.0,A01
201800030875,0.0,10,0,0.0,2.0,2.0,1.0,B01
201800030876,0.0,30,0,0.0,2.0,1.0,1.0,A01
201800030876,0.0,7,0,0.0,2.0,4.0,23.0,B01
201800030877,0.0,7,0,0.0,2.0,1.0,15.0,A01
201800030877,0.0,31,0,0.0,2.0,1.0,1.0,B01
201800030877,0.0,10,0,0.0,2.0,6.0,1.0,C01
201800030878,1.0,7,0,2.0,0.0,1.0,21.0,A01
201800030879,0.0,7,0,0.0,2.0,2.0,23.0,A01
201800030879,0.0,1,0,0.0,2.0,3.0,1.0,B01
201800030880,0.0,10,0,0.0,2.0,2.0,9.0,A01
201800030880,0.0,1,0,0.0,2.0,1.0,2.0,B01
201800030881,0.0,7,0,0.0,2.0,4.0,1.0,B01
201800030881,0.0,7,0,0.0,2.0,1.0,1.0,A01
201800030882,0.0,1,0,0.0,2.0,3.0,2.0,B01
201800030882,0.0,7,0,0.0,6.0,5.0,16.0,A01
201800030883,0.0,10,0,0.0,2.0,7.0,12.0,A01
201800030883,0.0,30,0,0.0,2.0,8.0,1.0,B01
201800030884,1.0,7,0,0.0,2.0,5.0,15.0,A01
201800030884,2.0,2,0,0.0,2.0,1.0,1.0,B01
201800030885,0.0,7,0,0.0,2.0,3.0,1.0,A01
201800030885,0.0,7,0,0.0,2.0,8.0,1.0,D01
201800030885,0.0,7,0,0.0,2.0,3.0,15.0,B01
201800030885,0.0,7,0,0.0,2.0,8.0,20.0,C01
201800030886,0.0,7,0,0.0,2.0,6.0,1.0,A01
201800030886,0.0,7,0,0.0,2.0,1.0,1.0,B01
201800030887,0.0,7,0,0.0,2.0,3.0,9.0,A01
201800030887,0.0,1,0,0.0,2.0,1.0,2.0,B01
201800030888,0.0,7,0,0.0,2.0,1.0,15.0,A01
201800030888,0.0,1,0,0.0,2.0,8.0,1.0,B01
201800030889,0.0,7,0,0.0,2.0,4.0,23.0,B01
201800030889,0.0,1,0,0.0,2.0,1.0,1.0,A01
201800030890,0.0,33,0,0.0,2.0,8.0,1.0,B01
201800030890,0.0,7,0,0.0,2.0,2.0,1.0,A01
201800030891,0.0,7,0,0.0,2.0,7.0,1.0,B01
201800030891,0.0,1,0,0.0,2.0,8.0,0.0,A01
201800030892,1.0,7,0,0.0,2.0,4.0,23.0,B01
201800030892,0.0,7,0,1.0,0.0,1.0,2.0,A01
201800030893,0.0,2,0,0.0,2.0,1.0,1.0,A01
201800030893,0.0,7,0,0.0,2.0,2.0,15.0,B01
201800030894,0.0,7,0,0.0,1.0,1.0,1.0,A01
201800030895,0.0,32,0,0.0,2.0,1.0,5.0,A01
201800030895,0.0,10,0,0.0,2.0,8.0,15.0,B01
201800030896,0.0,10,0,0.0,2.0,4.0,1.0,B01
201800030896,0.0,10,0,0.0,2.0,1.0,1.0,A01
201800030897,0.0,7,0,0.0,2.0,6.0,15.0,A01
201800030897,0.0,2,0,0.0,2.0,2.0,3.0,B01
201800030898,0.0,7,0,0.0,1.0,2.0,1.0,A01
201800030899,0.0,33,0,0.0,2.0,1.0,17.0,B01
201800030899,0.0,7,0,0.0,2.0,3.0,15.0,A01
201800030900,0.0,7,0,0.0,1.0,2.0,0.0,A01
201800030901,0.0,7,0,2.0,0.0,1.0,1.0,A01
201800030902,0.0,7,0,0.0,2.0,8.0,22.0,A01
201800030902,0.0,1,0,0.0,2.0,0.0,2.0,B01
201800030903,0.0,7,0,0.0,2.0,3.0,11.0,A01
201800030903,0.0,2,0,0.0,2.0,1.0,17.0,B01
201800030904,0.0,7,0,0.0,2.0,3.0,19.0,A01
201800030904,0.0,30,0,0.0,2.0,2.0,1.0,B01
201800030905,0.0,7,0,0.0,2.0,3.0,15.0,A01
201800030905,0.0,1,0,0.0,2.0,0.0,1.0,B01
201800030906,0.0,7,0,0.0,1.0,1.0,1.0,A01
201800030907,0.0,7,0,0.0,1.0,4.0,20.0,A01
201800030908,0.0,7,0,0.0,2.0,3.0,15.0,B01
201800030908,0.0,31,0,0.0,2.0,1.0,17.0,A01
201800030909,0.0,7,0,9.0,2.0,1.0,1.0,A01
201800030909,0.0,1,0,0.0,2.0,9.0,19.0,B01
201800030910,0.0,7,0,0.0,2.0,1.0,1.0,A01
201800030910,0.0,7,0,0.0,2.0,5.0,15.0,B01
201800030911,0.0,2,0,0.0,2.0,1.0,16.0,A01
201800030911,2.0,1,0,0.0,2.0,0.0,1.0,B01
201800030912,2.0,38,15,0.0,1.0,2.0,23.0,A01
201800030913,0.0,7,0,0.0,2.0,8.0,24.0,A01
201800030913,0.0,1,0,1.0,0.0,1.0,1.0,B01
201800030914,0.0,10,0,0.0,2.0,8.0,9.0,C01
201800030914,0.0,7,0,0.0,2.0,7.0,1.0,B01
201800030914,0.0,7,0,0.0,2.0,3.0,9.0,A01
201800030915,0.0,7,0,0.0,2.0,2.0,9.0,A01
201800030915,0.0,30,0,0.0,2.0,1.0,1.0,B01
201800030916,0.0,7,0,0.0,2.0,4.0,1.0,D01
201800030916,0.0,7,0,0.0,2.0,1.0,1.0,A01
201800030916,0.0,7,0,0.0,2.0,4.0,1.0,C01
201800030916,0.0,7,0,0.0,2.0,4.0,1.0,B01