Num_Acc,senc,catv,occutc,obs,obsm,choc,manv,num_veh
201800031153,2.0,7,0,0.0,2.0,3.0,1.0,B01
201800031154,2.0,7,0,15.0,0.0,1.0,0.0,A01
201800031155,1.0,7,0,13.0,0.0,1.0,13.0,A01
201800031156,1.0,7,0,0.0,2.0,1.0,0.0,B01
201800031156,2.0,7,0,0.0,2.0,1.0,0.0,A01
201800031157,2.0,7,0,0.0,2.0,3.0,21.0,B01
201800031157,1.0,7,0,13.0,2.0,3.0,13.0,A01
201800031158,1.0,7,0,0.0,1.0,5.0,4.0,A01
201800031159,2.0,33,0,0.0,0.0,1.0,14.0,A01
201800031160,1.0,7,0,0.0,2.0,2.0,19.0,A01
201800031160,1.0,33,0,0.0,2.0,1.0,1.0,B01
201800031161,1.0,33,0,13.0,0.0,8.0,13.0,A01
201800031162,1.0,7,0,0.0,2.0,3.0,13.0,A01
201800031162,2.0,7,0,0.0,2.0,2.0,13.0,B01
201800031163,1.0,2,0,1.0,2.0,1.0,13.0,A01
201800031163,2.0,7,0,0.0,2.0,3.0,1.0,B01
201800031164,0.0,14,0,16.0,0.0,9.0,14.0,A01
201800031165,2.0,2,0,0.0,2.0,1.0,13.0,A01
201800031165,1.0,7,0,0.0,0.0,1.0,1.0,B01
201800031166,2.0,7,0,0.0,2.0,1.0,2.0,A01
201800031166,2.0,1,0,0.0,2.0,4.0,2.0,B01
201800031167,1.0,7,0,0.0,2.0,1.0,2.0,A01
201800031167,1.0,1,0,0.0,2.0,4.0,2.0,C01
201800031167,1.0,1,0,0.0,2.0,4.0,2.0,B01
201800031168,2.0,7,0,2.0,0.0,1.0,14.0,A01
201800031169,1.0,2,0,0.0,0.0,1.0,1.0,A01
201800031170,1.0,7,0,0.0,2.0,7.0,15.0,A01
201800031170,2.0,7,0,0.0,2.0,2.0,1.0,B01
201800031171,1.0,7,0,0.0,1.0,3.0,15.0,A01
201800031172,0.0,10,0,0.0,2.0,5.0,15.0,A01
201800031172,1.0,7,0,0.0,2.0,1.0,8.0,B01
201800031173,2.0,7,0,0.0,2.0,3.0,15.0,B01
201800031173,2.0,31,0,0.0,2.0,1.0,17.0,A01
201800031174,0.0,33,0,0.0,0.0,0.0,7.0,A01
201800031175,2.0,7,0,0.0,2.0,1.0,7.0,A01
201800031175,0.0,99,0,0.0,2.0,0.0,0.0,R01
201800031176,1.0,2,0,0.0,2.0,1.0,17.0,A01
201800031176,1.0,7,0,0.0,2.0,8.0,15.0,B01
201800031177,2.0,7,0,0.0,2.0,1.0,1.0,B01
201800031177,1.0,7,0,0.0,2.0,1.0,1.0,A01
201800031178,2.0,7,0,0.0,2.0,6.0,21.0,B01
201800031178,2.0,7,0,0.0,2.0,1.0,21.0,C01
201800031178,1.0,7,0,0.0,9.0,1.0,1.0,D01
201800031178,2.0,7,0,0.0,2.0,1.0,13.0,A01
201800031179,2.0,7,0,0.0,2.0,3.0,1.0,B01
201800031179,0.0,7,0,0.0,2.0,2.0,15.0,A01
201800031180,0.0,7,0,0.0,1.0,1.0,15.0,A01
201800031181,2.0,7,0,0.0,2.0,1.0,23.0,C01
201800031181,2.0,7,0,0.0,2.0,3.0,1.0,B01
201800031181,1.0,7,0,0.0,2.0,3.0,13.0,A01
201800031182,1.0,7,0,0.0,2.0,4.0,2.0,B01
201800031182,1.0,7,0,0.0,2.0,4.0,2.0,C01
201800031182,1.0,7,0,0.0,2.0,1.0,2.0,A01
201800031183,0.0,7,0,0.0,1.0,1.0,1.0,A01
201800031184,0.0,7,0,0.0,2.0,4.0,1.0,B01
201800031184,0.0,7,0,0.0,0.0,1.0,1.0,A01
201800031185,0.0,7,0,0.0,2.0,1.0,1.0,A01
201800031185,0.0,7,0,0.0,2.0,4.0,23.0,B01
201800031186,1.0,7,0,0.0,2.0,4.0,23.0,C01
201800031186,1.0,7,0,0.0,2.0,9.0,1.0,B01
201800031186,1.0,7,0,0.0,2.0,1.0,1.0,A01
201800031187,0.0,7,0,0.0,2.0,2.0,1.0,B01
201800031187,0.0,1,0,0.0,2.0,8.0,13.0,A01
201800031188,0.0,33,0,0.0,2.0,2.0,1.0,A01
201800031188,0.0,7,0,0.0,2.0,6.0,1.0,B01
201800031189,0.0,7,0,0.0,1.0,1.0,17.0,A01
201800031190,0.0,2,0,0.0,2.0,2.0,1.0,B01
201800031190,0.0,7,0,0.0,2.0,3.0,9.0,A01
201800031191,1.0,1,0,0.0,2.0,1.0,21.0,B01
201800031191,1.0,7,0,0.0,2.0,3.0,9.0,A01
201800031192,1.0,7,0,0.0,2.0,3.0,13.0,A01
201800031192,2.0,7,0,0.0,2.0,3.0,21.0,B01
201800031193,1.0,7,0,0.0,2.0,1.0,13.0,A01
201800031193,2.0,14,0,0.0,2.0,1.0,1.0,B01
201800031194,0.0,2,0,0.0,2.0,1.0,1.0,B01
201800031194,0.0,7,0,0.0,2.0,2.0,13.0,A01
201800031195,2.0,7,0,0.0,2.0,3.0,9.0,A01
201800031195,1.0,7,0,0.0,2.0,2.0,1.0,B01
201800031196,0.0,7,0,0.0,2.0,1.0,1.0,A01
201800031196,0.0,7,0,0.0,2.0,4.0,23.0,B01
201800031197,0.0,7,0,0.0,2.0,6.0,23.0,B01
201800031197,0.0,7,0,0.0,2.0,2.0,15.0,A01
201800031198,2.0,7,0,0.0,2.0,1.0,1.0,B01
201800031198,1.0,7,0,0.0,2.0,1.0,9.0,A01
201800031199,1.0,7,0,0.0,2.0,2.0,1.0,B01
201800031199,1.0,7,0,0.0,2.0,3.0,9.0,A01
201800031200,1.0,7,0,0.0,2.0,4.0,2.0,B01
201800031200,1.0,7,0,0.0,2.0,1.0,2.0,A01
201800031201,1.0,33,0,0.0,2.0,1.0,17.0,B01
201800031201,1.0,7,0,0.0,2.0,3.0,9.0,A01
201800031202,0.0,31,0,0.0,1.0,1.0,1.0,A01
201800031203,1.0,7,0,0.0,2.0,4.0,2.0,B01
201800031203,1.0,10,0,0.0,2.0,1.0,2.0,A01
201800031204,1.0,7,0,0.0,2.0,7.0,15.0,A01
201800031204,2.0,33,0,0.0,2.0,1.0,8.0,B01
201800031205,1.0,7,0,0.0,1.0,1.0,1.0,A01
201800031206,0.0,7,0,0.0,1.0,1.0,1.0,A01
201800031207,1.0,7,0,5.0,0.0,1.0,1.0,A01
201800031208,1.0,7,0,0.0,1.0,2.0,1.0,A01
201800031209,1.0,7,0,0.0,1.0,1.0,1.0,A01
201800031210,1.0,7,0,0.0,2.0,1.0,15.0,A01
201800031210,0.0,34,0,0.0,2.0,1.0,1.0,B01
201800031211,1.0,7,0,0.0,2.0,3.0,15.0,B01
201800031211,0.0,31,0,0.0,2.0,1.0,17.0,A01
201800031212,1.0,7,0,0.0,2.0,1.0,1.0,A01
201800031212,1.0,7,0,0.0,2.0,2.0,9.0,B01
201800031213,1.0,7,0,0.0,2.0,8.0,1.0,B01
201800031213,1.0,33,0,0.0,2.0,2.0,14.0,A01
201800031214,0.0,2,0,0.0,2.0,1.0,8.0,B01
201800031214,1.0,7,0,0.0,2.0,2.0,15.0,A01
201800031215,2.0,7,0,0.0,2.0,1.0,21.0,B01
201800031215,1.0,7,0,0.0,2.0,2.0,15.0,A01
201800031216,0.0,33,0,0.0,2.0,7.0,17.0,B01
201800031216,0.0,7,0,0.0,2.0,8.0,15.0,A01
201800031217,1.0,7,0,0.0,2.0,1.0,1.0,A01
201800031217,0.0,1,0,0.0,2.0,0.0,19.0,B01
201800031218,0.0,7,0,0.0,2.0,1.0,1.0,A01
201800031218,0.0,7,0,0.0,2.0,4.0,1.0,B01
201800031219,0.0,7,0,0.0,2.0,4.0,1.0,B01
201800031219,0.0,3,0,0.0,2.0,1.0,0.0,A01
201800031220,0.0,7,0,0.0,2.0,4.0,1.0,B01
201800031220,0.0,33,0,0.0,2.0,1.0,1.0,A01
201800031221,0.0,7,0,0.0,2.0,2.0,9.0,A01
201800031221,0.0,7,0,0.0,2.0,3.0,1.0,B01
201800031222,0.0,7,0,0.0,1.0,1.0,1.0,A01
201800031223,0.0,7,0,0.0,2.0,1.0,9.0,B01
201800031223,0.0,30,0,0.0,2.0,5.0,1.0,A01
201800031224,0.0,1,0,0.0,2.0,8.0,19.0,B01
201800031224,0.0,7,0,0.0,2.0,1.0,1.0,A01
201800031225,0.0,1,0,0.0,2.0,7.0,0.0,B01
201800031225,0.0,7,0,0.0,2.0,1.0,9.0,A01
201800031226,2.0,7,0,0.0,2.0,8.0,0.0,A01
201800031226,2.0,7,0,0.0,2.0,7.0,1.0,B01
201800031227,0.0,7,0,0.0,2.0,5.0,23.0,B01
201800031227,0.0,30,0,0.0,2.0,1.0,1.0,A01
201800031228,0.0,30,0,0.0,2.0,1.0,1.0,A01
201800031228,0.0,7,0,0.0,2.0,3.0,1.0,B01
201800031229,0.0,33,0,0.0,2.0,1.0,1.0,B01
201800031229,0.0,7,0,0.0,2.0,5.0,15.0,A01
201800031230,0.0,7,0,0.0,2.0,4.0,1.0,B01
201800031230,0.0,7,0,0.0,2.0,1.0,1.0,A01
201800031231,0.0,7,0,0.0,2.0,1.0,2.0,A01
201800031231,1.0,7,0,0.0,2.0,6.0,15.0,B01
201800031232,1.0,7,0,0.0,2.0,2.0,16.0,B01
201800031232,0.0,30,0,0.0,2.0,1.0,7.0,A01
201800031233,1.0,7,0,0.0,2.0,1.0,2.0,A01
201800031233,1.0,7,0,0.0,2.0,4.0,2.0,C01
201800031233,0.0,7,0,0.0,2.0,4.0,2.0,B01
201800031234,0.0,7,0,0.0,1.0,1.0,16.0,Z01
201800031235,0.0,33,0,0.0,2.0,3.0,17.0,B01
201800031235,0.0,7,0,0.0,2.0,1.0,9.0,A01
201800031236,0.0,7,0,0.0,2.0,1.0,1.0,A01
201800031236,0.0,7,0,0.0,2.0,4.0,1.0,B01
201800031237,0.0,7,0,0.0,2.0,1.0,1.0,A01
201800031237,0.0,7,0,0.0,2.0,1.0,16.0,B01
201800031238,0.0,7,0,0.0,1.0,1.0,1.0,A01
201800031239,1.0,7,0,0.0,2.0,4.0,1.0,B01
201800031239,1.0,7,0,0.0,2.0,1.0,1.0,A01
201800031240,0.0,7,0,0.0,0.0,0.0,0.0,Z01
201800031240,0.0,7,0,0.0,2.0,7.0,1.0,A01
201800031241,0.0,7,0,0.0,1.0,1.0,1.0,A01
201800031242,0.0,7,0,0.0,2.0,3.0,10.0,A01
201800031242,0.0,34,0,0.0,2.0,1.0,1.0,B01
201800031243,0.0,7,0,0.0,1.0,1.0,0.0,A01
201800031244,0.0,7,0,0.0,1.0,4.0,20.0,A01
201800031245,0.0,7,0,0.0,2.0,2.0,15.0,A01
201800031245,0.0,32,0,0.0,2.0,1.0,1.0,B01
201800031246,0.0,7,0,0.0,2.0,2.0,15.0,A01
201800031246,0.0,2,0,0.0,2.0,3.0,1.0,B01
201800031247,2.0,7,0,0.0,2.0,1.0,14.0,A01
201800031247,2.0,7,0,0.0,2.0,4.0,23.0,B01
201800031248,0.0,7,0,0.0,2.0,1.0,1.0,A01
201800031248,0.0,7,0,0.0,2.0,4.0,1.0,B01
201800031249,0.0,7,0,0.0,2.0,4.0,1.0,B01
201800031249,0.0,7,0,0.0,2.0,1.0,1.0,A01
201800031250,0.0,7,0,0.0,2.0,1.0,9.0,A01
201800031250,0.0,7,0,0.0,2.0,8.0,1.0,B01
201800031251,1.0,7,0,0.0,1.0,1.0,21.0,A01
201800031252,1.0,33,0,0.0,0.0,0.0,1.0,A01
201800031253,0.0,7,0,0.0,1.0,4.0,20.0,A01
201800031254,0.0,7,0,0.0,2.0,1.0,1.0,A01
201800031254,0.0,7,0,0.0,2.0,4.0,1.0,B01
201800031255,1.0,7,0,0.0,2.0,5.0,23.0,B01
201800031255,1.0,7,0,0.0,2.0,3.0,1.0,A01
201800031256,0.0,7,0,0.0,2.0,3.0,15.0,A01
201800031256,0.0,33,0,0.0,2.0,1.0,1.0,B01
201800031257,0.0,33,0,0.0,2.0,1.0,1.0,B01
201800031257,0.0,7,0,0.0,2.0,5.0,13.0,A01
201800031258,0.0,7,0,0.0,2.0,1.0,9.0,A01
201800031258,0.0,7,0,0.0,2.0,1.0,1.0,B01
201800031259,0.0,7,0,0.0,2.0,1.0,1.0,B01
201800031259,0.0,7,0,0.0,2.0,4.0,23.0,C01
201800031259,0.0,7,0,0.0,2.0,1.0,1.0,A01
201800031260,0.0,7,0,0.0,2.0,1.0,12.0,A01
201800031260,0.0,1,0,0.0,2.0,4.0,14.0,B01
201800031261,1.0,33,0,0.0,2.0,7.0,1.0,B01
201800031261,1.0,7,0,0.0,2.0,1.0,9.0,A01
201800031262,2.0,1,0,0.0,2.0,1.0,5.0,A01
201800031262,1.0,7,0,0.0,2.0,1.0,16.0,B01
201800031263,0.0,10,0,0.0,2.0,4.0,4.0,A01
201800031263,0.0,31,0,0.0,2.0,1.0,1.0,B01
201800031264,0.0,33,0,0.0,2.0,6.0,1.0,B01
201800031264,0.0,7,0,0.0,2.0,1.0,9.0,A01
201800031265,0.0,7,0,0.0,2.0,1.0,1.0,A01
201800031265,0.0,7,0,0.0,2.0,4.0,1.0,C01
201800031265,0.0,7,0,0.0,2.0,4.0,1.0,B01
201800031266,0.0,7,0,0.0,1.0,2.0,1.0,A01
201800031267,1.0,31,0,12.0,0.0,1.0,1.0,A01
201800031268,1.0,33,0,0.0,2.0,1.0,17.0,B01
201800031268,1.0,7,0,0.0,2.0,3.0,10.0,A01
201800031269,0.0,7,0,0.0,1.0,1.0,16.0,A01
201800031270,0.0,7,0,0.0,1.0,1.0,16.0,A01
201800031271,0.0,7,0,0.0,1.0,1.0,1.0,A01
201800031272,0.0,7,0,0.0,1.0,1.0,1.0,A01
201800031273,1.0,7,0,0.0,2.0,1.0,20.0,A01
201800031273,1.0,2,0,0.0,2.0,1.0,21.0,B01
201800031274,1.0,7,0,0.0,2.0,4.0,2.0,B01
201800031274,1.0,30,0,0.0,2.0,1.0,2.0,A01
201800031275,1.0,30,0,0.0,2.0,1.0,1.0,A01
201800031275,1.0,7,0,0.0,2.0,1.0,1.0,B01
201800031276,0.0,7,0,0.0,2.0,1.0,1.0,A01
201800031276,0.0,7,0,0.0,2.0,4.0,23.0,B01
201800031277,2.0,7,0,0.0,2.0,8.0,1.0,B01
201800031277,2.0,7,0,0.0,2.0,7.0,17.0,A01
201800031278,0.0,7,0,8.0,0.0,1.0,0.0,A01
201800031279,1.0,7,0,0.0,2.0,2.0,1.0,B01
201800031279,1.0,7,0,0.0,2.0,2.0,1.0,A01
201800031279,1.0,7,0,0.0,0.0,0.0,0.0,Z01
201800031280,0.0,1,0,0.0,2.0,1.0,1.0,B01
201800031280,0.0,7,0,0.0,2.0,2.0,15.0,A01
201800031281,0.0,32,0,0.0,1.0,1.0,0.0,Z01
201800031282,0.0,7,0,0.0,2.0,2.0,16.0,A01
201800031282,0.0,1,0,0.0,2.0,1.0,1.0,B01
201800031283,1.0,7,0,0.0,2.0,3.0,13.0,A01
201800031283,2.0,7,0,0.0,2.0,3.0,21.0,B01
201800031284,1.0,7,0,0.0,1.0,1.0,1.0,A01
201800031285,0.0,7,0,0.0,2.0,2.0,1.0,B01
201800031285,0.0,1,0,0.0,2.0,1.0,0.0,A01
201800031286,0.0,33,0,0.0,2.0,1.0,1.0,B01
201800031286,0.0,7,0,0.0,2.0,5.0,0.0,A01
201800031287,1.0,33,0,0.0,2.0,1.0,1.0,B01
201800031287,1.0,7,0,0.0,2.0,3.0,15.0,A01
201800031288,1.0,7,0,0.0,0.0,9.0,0.0,A01
201800031289,0.0,30,0,15.0,0.0,1.0,0.0,A01
201800031290,0.0,7,0,0.0,2.0,3.0,1.0,B01
201800031290,0.0,33,0,0.0,2.0,7.0,17.0,A01
201800031291,0.0,7,0,0.0,1.0,1.0,1.0,A01
201800031292,1.0,33,0,0.0,2.0,1.0,2.0,A01
201800031292,1.0,7,0,0.0,2.0,4.0,2.0,B01
201800031293,0.0,7,0,0.0,2.0,4.0,1.0,B01
201800031293,,7,0,0.0,2.0,1.0,0.0,A01
201800031294,0.0,7,0,0.0,1.0,2.0,1.0,A01
201800031295,0.0,7,0,0.0,1.0,1.0,1.0,A01
201800031296,0.0,7,0,4.0,2.0,9.0,0.0,A01
201800031296,0.0,7,0,0.0,2.0,6.0,1.0,B01
201800031297,1.0,7,0,0.0,1.0,1.0,1.0,A01
201800031298,1.0,7,0,0.0,2.0,3.0,9.0,A01
201800031298,0.0,2,0,0.0,2.0,1.0,1.0,B01
201800031299,0.0,7,0,0.0,2.0,1.0,1.0,B01
201800031299,0.0,33,0,0.0,2.0,1.0,1.0,C01
201800031299,0.0,7,0,0.0,2.0,4.0,13.0,A01
201800031300,0.0,33,0,0.0,2.0,4.0,1.0,B01
201800031300,0.0,7,0,0.0,2.0,1.0,1.0,A01
201800031301,0.0,7,0,0.0,2.0,1.0,1.0,B01
201800031301,0.0,7,0,0.0,2.0,1.0,9.0,A01
201800031302,0.0,7,0,0.0,2.0,3.0,1.0,A01
201800031302,0.0,7,0,0.0,0.0,0.0,0.0,Z01
201800031303,0.0,7,0,0.0,1.0,1.0,1.0,A01
201800031304,0.0,33,0,0.0,2.0,1.0,1.0,A01
201800031304,0.0,7,0,0.0,2.0,4.0,1.0,B01
201800031305,0.0,7,0,0.0,2.0,8.0,1.0,B01
201800031305,0.0,33,0,0.0,2.0,1.0,1.0,A01
201800031306,1.0,1,0,0.0,2.0,8.0,2.0,B01
201800031306,0.0,7,0,0.0,2.0,1.0,2.0,A01
201800031307,1.0,7,0,0.0,2.0,4.0,2.0,B01
201800031307,1.0,30,0,0.0,2.0,1.0,2.0,A01
201800031308,2.0,7,0,0.0,1.0,1.0,1.0,A01
201800031309,1.0,7,0,0.0,0.0,0.0,9.0,A01
201800031310,2.0,7,0,0.0,2.0,1.0,2.0,A01
201800031310,1.0,7,0,0.0,2.0,4.0,2.0,B01
201800031310,1.0,7,0,0.0,2.0,4.0,2.0,C01
201800031311,1.0,14,0,0.0,2.0,1.0,2.0,A01
201800031311,1.0,7,0,0.0,2.0,4.0,2.0,B01
201800031312,1.0,34,0,0.0,1.0,1.0,1.0,A01
201800031313,1.0,7,0,0.0,2.0,1.0,12.0,A01
201800031313,1.0,1,0,0.0,2.0,0.0,1.0,B01
201800031314,2.0,7,0,0.0,2.0,1.0,21.0,B01
201800031314,1.0,3,0,0.0,2.0,1.0,13.0,A01
201800031315,1.0,7,0,0.0,2.0,4.0,2.0,B01
201800031315,0.0,7,0,0.0,2.0,1.0,2.0,A01
201800031316,1.0,7,0,0.0,2.0,1.0,2.0,A01
201800031316,1.0,7,0,0.0,2.0,4.0,2.0,B01
201800031317,1.0,7,0,0.0,2.0,2.0,1.0,A01
201800031317,0.0,34,0,0.0,2.0,1.0,21.0,B01
201800031318,1.0,7,0,0.0,2.0,1.0,15.0,A01
201800031318,2.0,1,0,0.0,2.0,8.0,21.0,B01
201800031319,2.0,34,0,0.0,2.0,1.0,21.0,B01
201800031319,1.0,7,0,0.0,2.0,3.0,15.0,A01
201800031320,2.0,7,0,0.0,1.0,1.0,1.0,A01
201800031321,2.0,7,0,0.0,2.0,3.0,1.0,B01
201800031321,1.0,7,0,0.0,2.0,3.0,13.0,A01
201800031322,2.0,33,0,0.0,2.0,1.0,21.0,B01
201800031322,1.0,7,0,0.0,2.0,1.0,15.0,A01
201800031323,1.0,7,0,0.0,2.0,1.0,2.0,A01
201800031323,1.0,7,0,0.0,2.0,4.0,2.0,B01
201800031324,1.0,7,0,0.0,2.0,1.0,5.0,A01
201800031324,2.0,7,0,0.0,2.0,1.0,1.0,B01
201800031325,1.0,3,0,0.0,2.0,0.0,0.0,B01
201800031325,1.0,7,0,0.0,2.0,4.0,0.0,D01
201800031325,1.0,7,0,0.0,2.0,4.0,0.0,E01
201800031325,1.0,7,0,0.0,2.0,0.0,0.0,C01
201800031325,0.0,7,0,0.0,2.0,1.0,9.0,A01
201800031326,1.0,33,0,14.0,0.0,1.0,0.0,A01
201800031327,1.0,7,0,0.0,1.0,1.0,1.0,A01
201800031328,0.0,7,0,0.0,2.0,4.0,1.0,B01
201800031328,0.0,7,0,0.0,2.0,1.0,2.0,A01
201800031329,1.0,7,0,0.0,2.0,8.0,1.0,B01
201800031329,0.0,7,0,0.0,2.0,1.0,1.0,A01
201800031330,1.0,7,0,0.0,2.0,1.0,1.0,A01
201800031330,1.0,7,0,0.0,2.0,4.0,1.0,B01
201800031331,2.0,7,0,0.0,2.0,8.0,11.0,A01
201800031331,2.0,2,0,0.0,2.0,1.0,1.0,B01
201800031332,1.0,7,0,0.0,1.0,1.0,1.0,A01
201800031333,0.0,10,0,0.0,2.0,1.0,1.0,A01
201800031333,1.0,10,0,0.0,2.0,4.0,1.0,B01
201800031334,2.0,7,0,0.0,2.0,4.0,1.0,B01
201800031334,2.0,7,0,0.0,2.0,1.0,1.0,A01
201800031335,1.0,7,0,0.0,1.0,1.0,1.0,A01
201800031336,2.0,7,0,0.0,1.0,1.0,1.0,A01
201800031337,2.0,1,0,0.0,2.0,4.0,2.0,B01
201800031337,2.0,7,0,0.0,6.0,1.0,2.0,A01
201800031338,1.0,32,0,0.0,1.0,1.0,1.0,A01
201800031339,2.0,7,0,0.0,2.0,8.0,2.0,A01
201800031339,2.0,31,0,0.0,2.0,7.0,2.0,B01
201800031340,2.0,7,0,0.0,2.0,1.0,9.0,A01
201800031340,2.0,7,0,0.0,2.0,8.0,2.0,B01
201800031340,2.0,7,0,0.0,2.0,3.0,9.0,C01
201800031341,1.0,37,20,0.0,2.0,6.0,1.0,B01
201800031341,2.0,37,25,0.0,2.0,6.0,1.0,C01
201800031341,1.0,32,0,0.0,2.0,7.0,17.0,A01
201800031342,2.0,7,0,11.0,0.0,1.0,1.0,A01
201800031343,1.0,7,0,0.0,2.0,8.0,1.0,B01
201800031343,0.0,7,0,0.0,2.0,1.0,1.0,A01
201800031344,2.0,7,0,0.0,2.0,4.0,2.0,B01
201800031344,2.0,7,0,0.0,2.0,1.0,2.0,A01
201800031345,0.0,1,0,0.0,2.0,8.0,19.0,B01
201800031345,0.0,7,0,0.0,2.0,1.0,1.0,A01
201800031346,0.0,7,0,0.0,2.0,1.0,15.0,Z01
201800031346,2.0,7,0,0.0,2.0,1.0,21.0,B01
201800031347,1.0,7,0,0.0,2.0,1.0,2.0,A01
201800031347,1.0,7,0,0.0,2.0,4.0,2.0,B01
201800031348,0.0,7,0,0.0,1.0,1.0,1.0,A01
201800031349,1.0,7,0,0.0,2.0,1.0,1.0,A01
201800031349,1.0,7,0,0.0,2.0,4.0,2.0,B01
201800031349,1.0,7,0,0.0,2.0,4.0,2.0,D01
201800031349,1.0,7,0,0.0,2.0,4.0,2.0,C01
201800031350,1.0,7,0,0.0,1.0,1.0,15.0,A01
201800031351,2.0,7,0,0.0,2.0,4.0,2.0,B01
201800031351,2.0,7,0,0.0,2.0,1.0,1.0,A01
201800031351,2.0,10,0,0.0,2.0,4.0,2.0,C01
201800031352,1.0,33,0,0.0,2.0,3.0,1.0,B01
201800031352,0.0,7,0,0.0,2.0,1.0,15.0,A01
201800031353,1.0,7,0,0.0,1.0,1.0,1.0,A01
201800031354,2.0,32,0,0.0,2.0,1.0,2.0,A01
201800031354,2.0,7,0,0.0,2.0,4.0,1.0,B01
201800031355,1.0,7,0,0.0,1.0,1.0,15.0,A01
201800031356,1.0,7,0,0.0,2.0,1.0,19.0,A01
201800031356,1.0,7,0,0.0,2.0,8.0,1.0,B01
201800031357,1.0,7,0,0.0,2.0,4.0,2.0,B01
201800031357,1.0,7,0,0.0,2.0,1.0,2.0,A01
201800031358,1.0,7,0,0.0,1.0,1.0,1.0,A01
201800031359,1.0,33,0,0.0,2.0,1.0,17.0,B01
201800031359,1.0,7,0,0.0,2.0,6.0,15.0,A01
201800031360,1.0,7,0,0.0,1.0,1.0,1.0,A01
201800031361,2.0,31,0,0.0,2.0,1.0,1.0,B01
201800031361,2.0,7,0,0.0,2.0,8.0,15.0,A01
201800031362,2.0,2,0,0.0,0.0,1.0,1.0,B01
201800031362,1.0,7,0,0.0,2.0,5.0,16.0,A01
201800031363,2.0,7,0,0.0,2.0,1.0,13.0,A01
201800031363,1.0,7,0,0.0,2.0,1.0,1.0,B01
201800031364,2.0,7,0,0.0,1.0,1.0,15.0,A01
201800031365,1.0,7,0,0.0,2.0,4.0,2.0,B01
201800031365,1.0,7,0,0.0,2.0,1.0,2.0,A01
201800031366,1.0,7,0,0.0,1.0,1.0,1.0,A01
201800031367,1.0,10,0,0.0,1.0,2.0,1.0,A01
201800031368,2.0,7,0,1.0,0.0,8.0,15.0,B01
201800031368,2.0,7,0,0.0,2.0,2.0,17.0,A01
201800031369,1.0,7,0,0.0,2.0,2.0,1.0,B01
201800031369,1.0,1,0,0.0,2.0,1.0,15.0,A01
201800031370,1.0,7,0,0.0,1.0,1.0,15.0,A01
201800031371,1.0,7,0,0.0,1.0,1.0,15.0,A01
201800031372,1.0,7,0,0.0,2.0,8.0,15.0,B01
201800031372,1.0,7,0,0.0,2.0,1.0,1.0,A01
201800031373,2.0,33,0,0.0,2.0,1.0,17.0,B01
201800031373,0.0,7,0,0.0,2.0,8.0,10.0,A01
201800031374,1.0,7,0,0.0,2.0,1.0,2.0,A01
201800031374,1.0,7,0,0.0,2.0,4.0,2.0,B01
201800031375,1.0,7,0,0.0,2.0,1.0,13.0,A01
201800031375,2.0,7,0,0.0,2.0,1.0,1.0,B01
201800031376,1.0,7,0,0.0,2.0,5.0,1.0,B01
201800031376,1.0,2,0,0.0,2.0,3.0,13.0,A01
201800031377,1.0,7,0,0.0,1.0,2.0,9.0,A01
201800031378,0.0,7,0,0.0,2.0,1.0,1.0,A01
201800031378,0.0,7,0,0.0,2.0,4.0,1.0,B01
201800031379,0.0,7,0,0.0,2.0,1.0,13.0,A01
201800031379,0.0,7,0,0.0,2.0,1.0,1.0,B01
201800031380,0.0,7,0,0.0,1.0,1.0,0.0,A01
201800031381,0.0,7,0,0.0,2.0,1.0,1.0,A01
201800031381,0.0,7,0,0.0,2.0,4.0,1.0,B01
201800031382,1.0,15,0,0.0,2.0,4.0,23.0,B01
201800031382,1.0,7,0,1.0,0.0,1.0,1.0,A01
201800031383,0.0,7,0,0.0,2.0,1.0,20.0,A01
201800031383,0.0,2,0,0.0,2.0,2.0,17.0,B01
201800031384,1.0,7,0,0.0,2.0,3.0,1.0,B01
201800031384,1.0,7,0,0.0,2.0,5.0,9.0,A01
201800031385,0.0,7,0,0.0,1.0,1.0,1.0,A01
201800031386,1.0,7,0,0.0,2.0,1.0,2.0,A01
201800031386,1.0,7,0,0.0,2.0,4.0,2.0,B01
201800031387,1.0,7,0,0.0,1.0,3.0,1.0,A01
201800031388,1.0,10,0,13.0,0.0,1.0,15.0,A01
201800031389,1.0,33,0,0.0,0.0,1.0,1.0,A01
201800031390,1.0,7,0,0.0,2.0,8.0,1.0,B01
201800031390,0.0,7,0,0.0,2.0,1.0,19.0,A01
201800031391,2.0,7,0,13.0,0.0,3.0,1.0,A01
201800031392,1.0,33,0,13.0,0.0,1.0,15.0,A01
201800031393,0.0,36,0,0.0,0.0,0.0,0.0,A01
201800031394,2.0,7,0,2.0,0.0,6.0,1.0,A01
201800031395,1.0,33,0,0.0,0.0,1.0,1.0,A01
201800031396,1.0,36,0,9.0,0.0,1.0,15.0,A01
201800031397,2.0,7,0,16.0,0.0,9.0,1.0,A01
201800031398,0.0,7,0,0.0,2.0,1.0,9.0,A01
201800031398,0.0,2,0,0.0,2.0,7.0,16.0,B01
201800031399,2.0,7,0,0.0,2.0,6.0,10.0,A01
201800031399,2.0,32,0,0.0,2.0,1.0,1.0,B01
201800031400,0.0,1,0,0.0,2.0,1.0,11.0,A01
201800031400,0.0,7,0,0.0,9.0,2.0,1.0,B01
201800031401,0.0,7,0,16.0,0.0,9.0,1.0,A01