Num_Acc,senc,catv,occutc,obs,obsm,choc,manv,num_veh
201800031402,1.0,7,0,0.0,2.0,1.0,1.0,A01
201800031402,0.0,7,0,0.0,2.0,3.0,15.0,B01
201800031403,1.0,7,0,0.0,2.0,8.0,1.0,A01
201800031403,1.0,2,0,0.0,2.0,7.0,17.0,B01
201800031404,0.0,7,0,0.0,1.0,4.0,4.0,A01
201800031405,2.0,10,0,0.0,2.0,2.0,13.0,A01
201800031405,1.0,7,0,0.0,2.0,3.0,1.0,B01
201800031406,0.0,10,0,0.0,2.0,6.0,1.0,B01
201800031406,0.0,7,0,0.0,2.0,3.0,13.0,C01
201800031406,0.0,7,0,0.0,2.0,6.0,1.0,A01
201800031407,1.0,33,0,2.0,0.0,1.0,1.0,A01
201800031408,1.0,10,0,0.0,2.0,3.0,16.0,B01
201800031408,2.0,2,0,0.0,2.0,3.0,15.0,A01
201800031409,1.0,33,0,0.0,0.0,2.0,1.0,A01
201800031410,2.0,7,0,7.0,0.0,0.0,14.0,A01
201800031411,0.0,7,0,0.0,1.0,4.0,4.0,A01
201800031412,2.0,33,0,0.0,0.0,7.0,1.0,A01
201800031413,1.0,2,0,0.0,0.0,4.0,1.0,A01
201800031413,1.0,7,0,0.0,2.0,2.0,2.0,B01
201800031414,1.0,7,0,16.0,0.0,9.0,16.0,A01
201800031415,2.0,7,0,0.0,2.0,1.0,1.0,A01
201800031415,1.0,33,0,0.0,2.0,1.0,13.0,B01
201800031416,2.0,7,0,2.0,0.0,0.0,1.0,A01
201800031417,2.0,7,0,13.0,0.0,1.0,1.0,A01
201800031418,0.0,7,0,0.0,1.0,2.0,1.0,A01
201800031419,0.0,7,0,13.0,0.0,1.0,1.0,A01
201800031420,1.0,7,0,2.0,0.0,1.0,1.0,A01
201800031421,1.0,1,0,0.0,9.0,1.0,1.0,A01
201800031421,1.0,10,0,0.0,0.0,0.0,1.0,B01
201800031422,1.0,7,0,0.0,2.0,1.0,13.0,A01
201800031422,2.0,7,0,0.0,2.0,3.0,21.0,B01
201800031423,1.0,7,0,3.0,9.0,1.0,1.0,A01
201800031424,1.0,17,0,0.0,0.0,3.0,1.0,B01
201800031424,0.0,7,0,0.0,0.0,3.0,19.0,A01
201800031425,2.0,7,0,0.0,2.0,3.0,13.0,A01
201800031425,1.0,17,0,0.0,2.0,3.0,0.0,B01
201800031426,2.0,7,0,0.0,2.0,1.0,13.0,A01
201800031426,1.0,17,0,0.0,0.0,0.0,1.0,C01
201800031427,1.0,17,0,0.0,2.0,1.0,1.0,B01
201800031427,2.0,7,0,0.0,2.0,1.0,1.0,A01
201800031428,2.0,7,0,0.0,2.0,1.0,13.0,A01
201800031428,1.0,15,0,0.0,2.0,1.0,5.0,B01
201800031429,1.0,1,0,0.0,2.0,8.0,13.0,B01
201800031429,1.0,15,0,0.0,9.0,5.0,2.0,A01
201800031430,2.0,17,0,0.0,2.0,1.0,1.0,B01
201800031430,1.0,7,0,0.0,2.0,1.0,13.0,A01
201800031431,1.0,15,0,0.0,1.0,1.0,1.0,A01
201800031432,0.0,7,0,0.0,2.0,3.0,1.0,A01
201800031432,0.0,38,15,0.0,2.0,3.0,1.0,B01
201800031433,1.0,7,0,3.0,0.0,2.0,14.0,A01
201800031434,2.0,7,0,4.0,0.0,3.0,0.0,A01
201800031435,0.0,7,0,13.0,0.0,9.0,1.0,A01
201800031436,1.0,7,0,4.0,0.0,3.0,0.0,A01
201800031437,1.0,33,0,0.0,6.0,1.0,0.0,A01
201800031438,1.0,7,0,0.0,0.0,1.0,2.0,A01
201800031438,1.0,7,0,0.0,0.0,4.0,1.0,B01
201800031439,2.0,7,0,0.0,2.0,1.0,2.0,A01
201800031439,2.0,7,0,0.0,0.0,4.0,2.0,B01
201800031440,1.0,7,0,3.0,0.0,6.0,1.0,B01
201800031440,1.0,7,0,0.0,2.0,2.0,2.0,A01
201800031441,1.0,7,0,3.0,0.0,2.0,1.0,A01
201800031442,2.0,7,0,3.0,0.0,1.0,1.0,A01
201800031443,2.0,7,0,3.0,0.0,3.0,0.0,A01
201800031444,1.0,7,0,0.0,2.0,1.0,2.0,A01
201800031444,1.0,7,0,0.0,0.0,4.0,2.0,B01
201800031445,1.0,33,0,0.0,0.0,2.0,1.0,A01
201800031446,1.0,10,0,3.0,0.0,6.0,23.0,A01
201800031446,1.0,15,0,1.0,0.0,2.0,1.0,B01
201800031447,1.0,33,0,0.0,0.0,7.0,1.0,A01
201800031448,1.0,2,0,8.0,0.0,1.0,1.0,A01
201800031449,1.0,7,0,0.0,2.0,8.0,13.0,A01
201800031449,1.0,33,0,0.0,2.0,7.0,16.0,B01
201800031450,2.0,7,0,0.0,2.0,6.0,15.0,A01
201800031450,2.0,33,0,0.0,2.0,1.0,2.0,B01
201800031451,2.0,7,0,0.0,2.0,2.0,19.0,A01
201800031451,1.0,33,0,0.0,2.0,1.0,1.0,B01
201800031452,1.0,7,0,0.0,1.0,2.0,1.0,A01
201800031453,2.0,1,0,0.0,2.0,2.0,1.0,A01
201800031453,1.0,7,0,0.0,2.0,2.0,15.0,B01
201800031454,2.0,7,0,0.0,2.0,3.0,5.0,A01
201800031454,1.0,7,0,0.0,2.0,3.0,1.0,B01
201800031455,2.0,7,0,0.0,2.0,3.0,15.0,A01
201800031455,1.0,7,0,0.0,2.0,1.0,1.0,B01
201800031456,2.0,7,0,0.0,1.0,1.0,1.0,A01
201800031457,1.0,7,0,0.0,2.0,3.0,15.0,A01
201800031457,2.0,33,0,0.0,2.0,8.0,1.0,B01
201800031458,0.0,7,0,0.0,1.0,2.0,0.0,A01
201800031459,0.0,2,0,6.0,2.0,1.0,0.0,A01
201800031459,0.0,13,0,0.0,2.0,3.0,15.0,B01
201800031460,2.0,99,0,0.0,2.0,3.0,1.0,A01
201800031460,2.0,99,0,0.0,2.0,4.0,1.0,B01
201800031460,2.0,99,0,0.0,2.0,4.0,1.0,C01
201800031460,2.0,99,0,0.0,0.0,4.0,1.0,D01
201800031461,1.0,7,0,0.0,2.0,1.0,5.0,A01
201800031461,2.0,7,0,0.0,2.0,1.0,1.0,B01
201800031462,1.0,31,0,12.0,0.0,1.0,1.0,A01
201800031463,2.0,33,0,0.0,2.0,1.0,1.0,B01
201800031463,1.0,7,0,0.0,2.0,2.0,1.0,A01
201800031464,0.0,7,0,2.0,0.0,1.0,1.0,A01
201800031465,0.0,2,0,0.0,2.0,4.0,1.0,A01
201800031465,0.0,7,0,0.0,2.0,2.0,1.0,B01
201800031466,1.0,7,0,0.0,0.0,0.0,17.0,A01
201800031467,2.0,10,0,0.0,2.0,1.0,13.0,A01
201800031467,1.0,7,0,0.0,2.0,1.0,1.0,B01
201800031467,2.0,7,0,0.0,2.0,6.0,1.0,C01
201800031468,0.0,33,0,0.0,2.0,0.0,15.0,B01
201800031468,0.0,7,0,0.0,0.0,0.0,15.0,A01
201800031469,0.0,7,0,0.0,2.0,6.0,15.0,A01
201800031469,0.0,7,0,0.0,2.0,3.0,16.0,B01
201800031470,2.0,14,0,0.0,2.0,3.0,1.0,B01
201800031470,2.0,7,0,4.0,2.0,8.0,14.0,A01
201800031471,1.0,7,0,0.0,2.0,1.0,12.0,A01
201800031471,1.0,17,0,0.0,2.0,0.0,1.0,B01
201800031472,2.0,7,0,1.0,0.0,1.0,1.0,C01
201800031472,2.0,10,0,1.0,0.0,5.0,1.0,B01
201800031472,2.0,7,0,1.0,0.0,1.0,1.0,D01
201800031472,2.0,7,0,0.0,2.0,4.0,23.0,A01
201800031473,1.0,7,0,14.0,2.0,1.0,1.0,A01
201800031473,1.0,7,0,0.0,0.0,4.0,23.0,B01
201800031474,2.0,15,0,4.0,0.0,3.0,2.0,A01
201800031475,1.0,7,0,0.0,0.0,7.0,23.0,B01
201800031475,1.0,7,0,0.0,0.0,8.0,0.0,A01
201800031476,1.0,10,0,3.0,0.0,2.0,24.0,B01
201800031476,1.0,15,0,0.0,2.0,2.0,1.0,A01
201800031477,2.0,7,0,3.0,0.0,9.0,1.0,A01
201800031478,1.0,10,0,0.0,2.0,6.0,2.0,B01
201800031478,1.0,10,0,0.0,2.0,2.0,2.0,C01
201800031478,1.0,7,0,4.0,2.0,1.0,13.0,A01
201800031479,1.0,7,0,3.0,0.0,7.0,1.0,B01
201800031479,1.0,7,0,14.0,2.0,1.0,1.0,A01
201800031480,2.0,15,0,4.0,0.0,1.0,1.0,A01
201800031481,1.0,7,0,4.0,0.0,5.0,2.0,B01
201800031481,1.0,7,0,0.0,2.0,1.0,11.0,A01
201800031482,1.0,7,0,4.0,0.0,1.0,1.0,A01
201800031483,2.0,7,0,0.0,0.0,6.0,2.0,B01
201800031483,2.0,7,0,0.0,2.0,2.0,13.0,A01
201800031484,1.0,15,0,0.0,2.0,2.0,2.0,B01
201800031484,1.0,17,0,1.0,0.0,3.0,21.0,D01
201800031484,1.0,7,0,1.0,0.0,3.0,21.0,C01
201800031484,1.0,15,0,0.0,2.0,4.0,2.0,A01
201800031485,2.0,7,0,0.0,0.0,6.0,23.0,C01
201800031485,2.0,7,0,0.0,0.0,4.0,23.0,B01
201800031485,2.0,7,0,0.0,2.0,1.0,1.0,A01
201800031486,2.0,7,0,1.0,0.0,1.0,2.0,B01
201800031486,2.0,7,0,0.0,0.0,5.0,2.0,C01
201800031486,2.0,7,0,1.0,0.0,3.0,2.0,D01
201800031486,2.0,7,0,0.0,0.0,4.0,1.0,A01
201800031487,1.0,7,0,4.0,0.0,3.0,1.0,A01
201800031488,1.0,17,0,0.0,0.0,6.0,1.0,B01
201800031488,1.0,7,0,0.0,2.0,1.0,2.0,A01
201800031489,2.0,7,0,3.0,0.0,1.0,1.0,A01
201800031490,0.0,2,0,1.0,0.0,2.0,1.0,A01
201800031491,2.0,7,0,0.0,0.0,4.0,1.0,B01
201800031491,2.0,2,0,0.0,2.0,1.0,1.0,A01
201800031492,2.0,33,0,0.0,0.0,0.0,1.0,A01
201800031493,2.0,2,0,0.0,2.0,1.0,1.0,B01
201800031493,1.0,7,0,0.0,2.0,3.0,15.0,A01
201800031494,2.0,33,0,0.0,0.0,0.0,2.0,A01
201800031495,1.0,17,0,16.0,0.0,1.0,2.0,B01
201800031495,1.0,33,0,0.0,0.0,4.0,15.0,A01
201800031496,0.0,7,0,0.0,0.0,9.0,1.0,A01
201800031497,1.0,7,0,8.0,0.0,2.0,16.0,A01
201800031498,1.0,7,0,0.0,0.0,3.0,1.0,A01
201800031499,2.0,7,0,0.0,2.0,3.0,13.0,A01
201800031499,1.0,15,0,4.0,0.0,3.0,1.0,B01
201800031500,2.0,15,0,1.0,0.0,1.0,0.0,A01
201800031500,0.0,7,0,0.0,0.0,1.0,24.0,B01
201800031501,2.0,7,0,0.0,9.0,2.0,17.0,A01
201800031501,2.0,1,0,0.0,0.0,4.0,1.0,B01
201800031502,2.0,7,0,13.0,0.0,7.0,1.0,A01
201800031503,0.0,37,40,0.0,1.0,2.0,1.0,A01
201800031504,1.0,7,0,0.0,2.0,3.0,13.0,A01
201800031504,2.0,15,0,0.0,2.0,3.0,1.0,B01
201800031505,2.0,7,0,0.0,2.0,1.0,13.0,A01
201800031505,1.0,17,0,0.0,2.0,3.0,1.0,B01
201800031506,2.0,7,0,3.0,0.0,2.0,14.0,A01
201800031507,2.0,7,0,0.0,2.0,1.0,13.0,A01
201800031507,1.0,17,0,0.0,2.0,2.0,21.0,B01
201800031508,1.0,7,0,0.0,2.0,1.0,5.0,A01
201800031508,2.0,17,0,0.0,2.0,1.0,1.0,B01
201800031509,1.0,7,0,0.0,2.0,1.0,13.0,A01
201800031509,2.0,15,0,0.0,2.0,1.0,21.0,B01
201800031510,2.0,7,0,7.0,0.0,9.0,1.0,A01
201800031511,1.0,10,0,3.0,2.0,8.0,1.0,B01
201800031511,1.0,7,0,3.0,2.0,2.0,17.0,A01
201800031512,2.0,7,0,0.0,2.0,9.0,17.0,A01
201800031512,2.0,17,0,0.0,2.0,8.0,13.0,B01
201800031513,1.0,7,0,3.0,0.0,3.0,0.0,A01
201800031514,1.0,7,0,0.0,2.0,1.0,0.0,A01
201800031514,1.0,17,0,13.0,0.0,0.0,0.0,B01
201800031515,2.0,33,0,0.0,2.0,7.0,17.0,A01
201800031515,2.0,14,0,0.0,2.0,8.0,15.0,B01
201800031516,1.0,7,0,2.0,0.0,3.0,13.0,A01
201800031517,2.0,7,0,0.0,2.0,4.0,16.0,A01
201800031517,2.0,7,0,0.0,2.0,1.0,16.0,B01
201800031518,1.0,7,0,13.0,0.0,1.0,16.0,A01
201800031519,2.0,10,0,0.0,1.0,1.0,1.0,A01
201800031520,2.0,30,0,0.0,1.0,1.0,3.0,A01
201800031521,1.0,7,0,0.0,2.0,4.0,15.0,B01
201800031521,1.0,7,0,0.0,2.0,1.0,1.0,A01
201800031522,2.0,7,0,0.0,1.0,1.0,1.0,A01
201800031523,2.0,7,0,2.0,0.0,1.0,13.0,A01
201800031524,2.0,7,0,0.0,2.0,4.0,16.0,A01
201800031524,2.0,7,0,0.0,2.0,1.0,16.0,B01
201800031525,2.0,7,0,0.0,2.0,3.0,13.0,A01
201800031525,1.0,7,0,0.0,2.0,8.0,1.0,B01
201800031526,1.0,7,0,16.0,0.0,0.0,1.0,A01
201800031527,0.0,7,0,0.0,0.0,9.0,1.0,A01
201800031528,0.0,2,0,0.0,2.0,8.0,15.0,A01
201800031528,0.0,33,0,0.0,2.0,7.0,17.0,B01
201800031529,1.0,31,0,0.0,2.0,1.0,1.0,B01
201800031529,2.0,7,0,0.0,2.0,2.0,16.0,A01
201800031530,0.0,7,0,0.0,2.0,4.0,1.0,B01
201800031530,0.0,31,0,0.0,2.0,1.0,1.0,A01
201800031531,0.0,1,0,0.0,2.0,1.0,1.0,B01
201800031531,0.0,7,0,0.0,2.0,1.0,1.0,A01
201800031532,0.0,7,0,0.0,2.0,1.0,1.0,B01
201800031532,0.0,33,0,0.0,2.0,0.0,1.0,A01
201800031533,0.0,33,0,0.0,5.0,1.0,1.0,A01
201800031534,0.0,7,0,0.0,6.0,2.0,1.0,A01
201800031534,0.0,1,0,0.0,2.0,4.0,1.0,B01
201800031535,1.0,7,0,0.0,1.0,2.0,15.0,A01
201800031536,0.0,7,0,0.0,2.0,5.0,4.0,B01
201800031536,0.0,7,0,0.0,2.0,6.0,4.0,A01
201800031537,1.0,1,0,0.0,2.0,7.0,1.0,B01
201800031537,0.0,7,0,0.0,6.0,3.0,9.0,A01
201800031538,0.0,7,0,0.0,2.0,3.0,1.0,B01
201800031538,0.0,7,0,0.0,2.0,1.0,15.0,A01
201800031539,1.0,7,0,8.0,0.0,1.0,19.0,A01
201800031540,2.0,7,0,0.0,2.0,1.0,1.0,A01
201800031540,2.0,7,0,0.0,2.0,4.0,9.0,B01
201800031541,0.0,7,0,0.0,2.0,4.0,1.0,B01
201800031541,0.0,7,0,0.0,2.0,1.0,1.0,A01
201800031542,1.0,1,0,0.0,2.0,1.0,1.0,A01
201800031542,1.0,7,0,0.0,6.0,2.0,23.0,B01
201800031543,1.0,7,0,0.0,2.0,2.0,15.0,A01
201800031543,2.0,2,0,0.0,2.0,1.0,1.0,B01
201800031544,0.0,7,0,8.0,2.0,1.0,1.0,B01
201800031544,0.0,7,0,6.0,2.0,3.0,1.0,A01
201800031545,0.0,2,0,0.0,2.0,1.0,16.0,B01
201800031545,0.0,7,0,0.0,2.0,8.0,16.0,A01
201800031546,0.0,7,0,0.0,2.0,4.0,16.0,B01
201800031546,0.0,7,0,0.0,2.0,2.0,1.0,A01
201800031547,1.0,7,0,15.0,0.0,3.0,1.0,A01
201800031548,1.0,2,0,7.0,0.0,1.0,9.0,A01
201800031549,0.0,7,0,6.0,0.0,1.0,0.0,A01
201800031550,2.0,7,0,2.0,0.0,8.0,1.0,A01
201800031551,1.0,7,0,0.0,2.0,1.0,17.0,A01
201800031551,1.0,10,0,0.0,0.0,4.0,1.0,B01
201800031552,2.0,7,0,0.0,2.0,1.0,1.0,A01
201800031552,2.0,7,0,0.0,2.0,8.0,1.0,B01
201800031553,1.0,7,0,16.0,0.0,1.0,13.0,A01
201800031554,2.0,7,0,0.0,1.0,1.0,1.0,A01
201800031555,2.0,7,0,2.0,0.0,1.0,1.0,A01
201800031556,1.0,7,0,0.0,2.0,2.0,15.0,A01
201800031556,2.0,33,0,0.0,2.0,1.0,1.0,B01
201800031557,2.0,7,0,0.0,2.0,6.0,0.0,A01
201800031557,2.0,7,0,0.0,2.0,1.0,1.0,B01
201800031558,0.0,7,0,0.0,1.0,1.0,15.0,A01
201800031559,1.0,21,0,0.0,0.0,4.0,1.0,B01
201800031559,1.0,7,0,0.0,2.0,1.0,2.0,A01
201800031560,1.0,7,0,0.0,2.0,1.0,2.0,A01
201800031560,1.0,7,0,0.0,0.0,4.0,23.0,B01
201800031561,1.0,1,0,0.0,0.0,4.0,2.0,B01
201800031561,1.0,7,0,0.0,9.0,2.0,2.0,A01
201800031562,1.0,10,0,,,,1.0,A01
201800031563,2.0,7,0,0.0,0.0,0.0,1.0,A01
201800031564,2.0,7,0,6.0,0.0,2.0,14.0,A01
201800031565,1.0,7,0,0.0,2.0,3.0,17.0,B01
201800031565,2.0,7,0,0.0,2.0,3.0,5.0,A01
201800031565,1.0,7,0,0.0,9.0,1.0,1.0,C01
201800031566,2.0,7,0,0.0,2.0,3.0,1.0,A01
201800031566,2.0,7,0,0.0,2.0,5.0,23.0,B01
201800031567,0.0,30,0,0.0,0.0,1.0,1.0,A01
201800031568,2.0,1,0,0.0,0.0,4.0,1.0,B01
201800031568,2.0,7,0,0.0,9.0,2.0,1.0,A01
201800031569,2.0,2,0,0.0,2.0,3.0,1.0,A01
201800031569,0.0,7,0,0.0,2.0,8.0,0.0,B01
201800031570,1.0,33,0,3.0,0.0,7.0,1.0,A01
201800031571,2.0,7,0,0.0,1.0,1.0,1.0,A01
201800031572,1.0,7,0,13.0,2.0,9.0,13.0,A01
201800031572,2.0,7,0,0.0,2.0,1.0,1.0,B01
201800031573,1.0,33,0,16.0,0.0,8.0,1.0,A01
201800031574,0.0,7,0,0.0,2.0,3.0,0.0,A01
201800031574,0.0,7,0,0.0,2.0,3.0,0.0,B01
201800031575,0.0,7,0,9.0,2.0,3.0,1.0,B01
201800031575,0.0,7,0,0.0,2.0,1.0,1.0,C01
201800031575,0.0,7,0,0.0,2.0,3.0,1.0,A01
201800031576,1.0,7,0,0.0,2.0,1.0,13.0,A01
201800031576,2.0,15,0,0.0,2.0,1.0,1.0,B01
201800031577,2.0,2,0,0.0,2.0,1.0,1.0,B01
201800031577,0.0,7,0,0.0,2.0,5.0,19.0,A01
201800031578,0.0,7,0,0.0,0.0,3.0,1.0,A01
201800031578,0.0,33,0,0.0,0.0,3.0,1.0,B01
201800031579,1.0,10,0,0.0,1.0,7.0,1.0,A01
201800031580,2.0,33,0,13.0,0.0,8.0,1.0,A01
201800031581,0.0,2,0,12.0,0.0,1.0,13.0,A01
201800031582,2.0,7,0,0.0,2.0,2.0,1.0,B01
201800031582,1.0,7,0,0.0,2.0,3.0,9.0,A01
201800031583,1.0,7,0,1.0,0.0,1.0,21.0,A01
201800031583,0.0,99,0,15.0,0.0,4.0,24.0,B01
201800031584,0.0,7,0,0.0,2.0,3.0,1.0,B01
201800031584,0.0,7,0,0.0,2.0,3.0,13.0,A01
201800031585,2.0,33,0,0.0,6.0,1.0,1.0,A01
201800031586,1.0,33,0,0.0,2.0,1.0,1.0,A01
201800031586,0.0,7,0,0.0,0.0,6.0,15.0,C01
201800031587,1.0,7,0,0.0,2.0,3.0,13.0,A01
201800031587,2.0,7,0,0.0,2.0,3.0,1.0,B01
201800031588,2.0,33,0,0.0,0.0,1.0,1.0,B01
201800031588,2.0,7,0,0.0,0.0,8.0,19.0,A01
201800031589,0.0,7,0,0.0,9.0,2.0,11.0,A01
201800031589,0.0,2,0,0.0,2.0,1.0,1.0,B01
201800031590,0.0,7,0,0.0,1.0,1.0,1.0,A01
201800031591,2.0,7,0,6.0,0.0,1.0,1.0,A01
201800031592,2.0,33,0,0.0,2.0,1.0,1.0,A01
201800031592,1.0,7,0,0.0,2.0,3.0,15.0,B01
201800031593,2.0,7,0,0.0,9.0,7.0,16.0,A01
201800031593,1.0,1,0,0.0,2.0,8.0,17.0,B01
201800031594,1.0,7,0,0.0,2.0,7.0,21.0,B01
201800031594,1.0,10,0,0.0,2.0,3.0,19.0,A01
201800031595,1.0,7,0,5.0,0.0,2.0,19.0,A01
201800031596,1.0,7,0,0.0,0.0,4.0,23.0,B01
201800031596,1.0,32,0,1.0,0.0,1.0,2.0,A01
201800031597,1.0,7,0,0.0,2.0,1.0,13.0,B01
201800031597,2.0,7,0,0.0,2.0,1.0,13.0,A01
201800031598,1.0,7,0,0.0,0.0,1.0,2.0,A01
201800031598,1.0,7,0,0.0,0.0,4.0,2.0,B01
201800031598,1.0,7,0,0.0,0.0,4.0,2.0,C01
201800031599,1.0,7,0,13.0,0.0,0.0,0.0,A01
201800031600,0.0,7,0,8.0,0.0,2.0,13.0,A01
201800031601,2.0,33,0,0.0,0.0,1.0,1.0,B01
201800031601,0.0,7,0,0.0,2.0,8.0,0.0,A01
201800031602,0.0,2,0,0.0,2.0,3.0,14.0,A01
201800031602,0.0,7,0,0.0,2.0,3.0,0.0,B01
201800031603,1.0,33,0,0.0,2.0,1.0,1.0,A01
201800031603,2.0,7,0,0.0,2.0,1.0,1.0,B01
201800031604,1.0,7,0,0.0,2.0,3.0,13.0,A01
201800031604,2.0,1,0,0.0,2.0,1.0,1.0,B01
201800031605,1.0,7,0,0.0,2.0,1.0,1.0,B01
201800031605,0.0,10,0,0.0,2.0,8.0,19.0,A01
201800031606,0.0,7,0,6.0,0.0,1.0,13.0,A01
201800031607,2.0,7,0,13.0,0.0,0.0,17.0,A01
201800031608,1.0,3,0,0.0,2.0,3.0,1.0,A01
201800031608,1.0,1,0,0.0,2.0,7.0,19.0,B01
201800031609,0.0,1,0,0.0,1.0,0.0,15.0,A01
201800031610,1.0,7,0,0.0,2.0,2.0,1.0,B01
201800031610,1.0,7,0,0.0,2.0,1.0,13.0,A01
201800031611,2.0,7,0,0.0,1.0,7.0,1.0,A01
201800031612,0.0,7,0,0.0,0.0,0.0,0.0,B01
201800031612,0.0,33,0,0.0,0.0,0.0,21.0,A01
201800031613,1.0,7,0,0.0,2.0,3.0,1.0,A01
201800031613,1.0,1,0,0.0,2.0,1.0,19.0,B01
201800031614,0.0,1,0,0.0,2.0,8.0,19.0,B01
201800031614,1.0,7,0,0.0,2.0,1.0,19.0,A01
201800031615,1.0,7,0,0.0,1.0,3.0,1.0,A01
201800031616,2.0,7,0,0.0,1.0,1.0,23.0,B01
201800031616,2.0,7,0,0.0,2.0,1.0,2.0,A01
201800031617,2.0,13,0,0.0,2.0,7.0,16.0,A01
201800031617,1.0,1,0,0.0,2.0,1.0,19.0,B01
201800031618,2.0,31,0,0.0,2.0,1.0,1.0,B01
201800031618,1.0,10,0,0.0,2.0,7.0,15.0,A01
201800031619,1.0,7,0,0.0,2.0,1.0,16.0,A01
201800031619,1.0,1,0,0.0,2.0,7.0,1.0,B01
201800031620,0.0,10,0,0.0,1.0,1.0,15.0,A01
201800031621,1.0,10,0,,1.0,,,A01
201800031622,1.0,10,0,0.0,2.0,1.0,15.0,Z01
201800031622,1.0,1,0,0.0,2.0,8.0,19.0,A01
201800031623,1.0,7,0,0.0,2.0,1.0,1.0,A01
201800031623,2.0,7,0,0.0,2.0,3.0,1.0,B01
201800031624,1.0,7,0,0.0,1.0,1.0,15.0,A01
201800031625,1.0,7,0,0.0,2.0,1.0,1.0,A01
201800031625,1.0,7,0,8.0,2.0,4.0,1.0,B01
201800031626,1.0,7,0,1.0,0.0,1.0,19.0,A01
201800031627,1.0,7,0,0.0,2.0,1.0,1.0,A01
201800031627,1.0,33,0,0.0,2.0,4.0,11.0,B01
201800031628,2.0,14,0,13.0,0.0,1.0,13.0,A01
201800031629,1.0,10,0,0.0,2.0,6.0,1.0,A01
201800031629,2.0,34,0,0.0,2.0,1.0,1.0,B01
201800031630,1.0,1,0,0.0,4.0,1.0,1.0,A01
201800031630,2.0,40,0,0.0,2.0,2.0,1.0,B01
201800031631,1.0,32,0,0.0,1.0,1.0,17.0,A01
201800031632,1.0,7,0,0.0,1.0,1.0,1.0,A01
201800031633,1.0,7,0,0.0,2.0,2.0,1.0,A01
201800031633,1.0,1,0,0.0,2.0,1.0,19.0,B01
201800031634,1.0,7,0,0.0,1.0,1.0,16.0,A01
201800031635,1.0,7,0,0.0,1.0,1.0,16.0,A01
201800031636,1.0,7,0,0.0,1.0,1.0,1.0,A01
201800031637,1.0,7,0,1.0,0.0,1.0,1.0,Z01
201800031638,1.0,7,0,0.0,2.0,5.0,1.0,B01
201800031638,1.0,7,0,0.0,2.0,3.0,11.0,A01
201800031638,1.0,7,0,0.0,2.0,5.0,2.0,D01
201800031638,1.0,7,0,0.0,2.0,2.0,2.0,C01
201800031639,1.0,1,0,0.0,2.0,0.0,1.0,B01
201800031639,1.0,1,0,0.0,2.0,0.0,1.0,A01
201800031640,1.0,7,0,0.0,2.0,1.0,17.0,A01
201800031640,1.0,7,0,0.0,2.0,3.0,1.0,B01
201800031641,1.0,7,0,0.0,1.0,2.0,1.0,A01
201800031642,1.0,10,0,0.0,2.0,7.0,15.0,A01
201800031642,2.0,31,0,0.0,2.0,1.0,1.0,B01
201800031643,1.0,7,0,0.0,1.0,1.0,1.0,A01
201800031644,1.0,7,0,0.0,1.0,2.0,1.0,A01
201800031645,1.0,7,0,0.0,1.0,2.0,20.0,A01
201800031646,1.0,7,0,0.0,2.0,2.0,1.0,B01
201800031646,1.0,7,0,0.0,2.0,1.0,19.0,A01
201800031647,1.0,10,0,0.0,1.0,1.0,1.0,Z01
201800031648,1.0,1,0,0.0,2.0,7.0,1.0,B01
201800031648,1.0,7,0,0.0,2.0,1.0,19.0,A01
201800031649,1.0,7,0,0.0,2.0,1.0,16.0,B01
201800031649,1.0,1,0,0.0,2.0,6.0,16.0,A01
201800031650,1.0,7,0,0.0,2.0,4.0,2.0,B01
201800031650,1.0,7,0,0.0,2.0,1.0,1.0,A01
201800031651,1.0,7,0,0.0,2.0,1.0,1.0,A01
201800031651,1.0,7,0,0.0,2.0,4.0,1.0,B01
201800031652,1.0,7,0,0.0,1.0,2.0,1.0,A01
201800031653,1.0,40,1,0.0,1.0,2.0,1.0,A01
201800031654,1.0,7,0,0.0,1.0,2.0,1.0,A01
201800031655,1.0,33,0,0.0,2.0,0.0,1.0,B01
201800031655,1.0,10,0,0.0,2.0,8.0,1.0,A01
201800031656,1.0,40,1,0.0,1.0,1.0,1.0,A01
201800031657,1.0,7,0,0.0,2.0,1.0,1.0,B01
201800031657,1.0,7,0,0.0,2.0,7.0,15.0,A01
201800031658,1.0,7,0,0.0,2.0,1.0,16.0,A01
201800031658,0.0,1,0,0.0,2.0,8.0,1.0,B01
201800031659,1.0,7,0,0.0,2.0,1.0,16.0,B01
201800031659,1.0,31,0,0.0,2.0,8.0,19.0,A01
201800031660,1.0,7,0,0.0,2.0,1.0,1.0,B01
201800031660,1.0,10,0,0.0,2.0,7.0,15.0,A01
201800031661,1.0,2,0,0.0,2.0,1.0,1.0,B01
201800031661,1.0,7,0,0.0,2.0,7.0,15.0,A01
201800031662,1.0,7,0,0.0,2.0,2.0,15.0,A01
201800031662,1.0,33,0,0.0,2.0,2.0,1.0,B01
201800031663,1.0,1,0,0.0,2.0,0.0,1.0,A01
201800031663,1.0,7,0,0.0,2.0,1.0,1.0,B01
201800031664,1.0,7,0,14.0,1.0,1.0,16.0,A01
201800031665,1.0,7,0,0.0,1.0,1.0,1.0,Z01
201800031666,1.0,30,0,0.0,2.0,1.0,1.0,B01