Num_Acc,senc,catv,occutc,obs,obsm,choc,manv,num_veh
201800031666,1.0,7,0,0.0,2.0,3.0,9.0,A01
201800031667,1.0,7,0,0.0,1.0,7.0,1.0,A01
201800031668,1.0,7,0,0.0,2.0,4.0,2.0,A01
201800031668,1.0,7,0,0.0,2.0,1.0,2.0,B01
201800031669,1.0,3,0,0.0,2.0,1.0,1.0,B01
201800031669,2.0,7,0,0.0,2.0,3.0,1.0,C01
201800031669,1.0,7,0,0.0,2.0,2.0,13.0,A01
201800031670,1.0,7,0,0.0,2.0,2.0,1.0,B01
201800031670,1.0,7,0,0.0,2.0,2.0,15.0,A01
201800031671,1.0,7,0,0.0,2.0,2.0,1.0,C01
201800031671,1.0,7,0,0.0,2.0,2.0,16.0,B01
201800031671,1.0,7,0,0.0,2.0,2.0,16.0,A01
201800031672,1.0,7,0,0.0,2.0,1.0,10.0,A01
201800031672,1.0,7,0,1.0,2.0,8.0,1.0,B01
201800031673,1.0,7,0,0.0,1.0,1.0,1.0,A01
201800031674,1.0,10,0,0.0,1.0,4.0,4.0,A01
201800031675,1.0,7,0,0.0,2.0,1.0,15.0,A01
201800031675,1.0,1,0,0.0,2.0,8.0,19.0,B01
201800031676,1.0,1,0,0.0,1.0,1.0,1.0,A01
201800031677,1.0,7,0,0.0,2.0,3.0,1.0,Z01
201800031677,1.0,1,0,0.0,2.0,3.0,1.0,A01
201800031678,2.0,37,0,0.0,2.0,3.0,1.0,B01
201800031678,1.0,7,0,0.0,2.0,1.0,13.0,A01
201800031679,1.0,7,0,0.0,1.0,4.0,4.0,A01
201800031680,1.0,1,0,0.0,4.0,1.0,1.0,A01
201800031680,1.0,40,0,0.0,2.0,1.0,1.0,B01
201800031681,1.0,7,0,0.0,2.0,2.0,15.0,A01
201800031681,2.0,31,0,0.0,2.0,7.0,1.0,B01
201800031682,1.0,7,0,0.0,1.0,1.0,1.0,A01
201800031683,2.0,31,0,0.0,2.0,1.0,1.0,B01
201800031683,1.0,7,0,0.0,2.0,1.0,15.0,A01
201800031684,1.0,40,1,0.0,1.0,3.0,1.0,A01
201800031685,1.0,7,0,0.0,2.0,1.0,15.0,A01
201800031685,2.0,31,0,0.0,2.0,1.0,1.0,B01
201800031686,1.0,7,0,0.0,2.0,1.0,15.0,A01
201800031686,2.0,1,0,0.0,2.0,7.0,19.0,B01
201800031687,1.0,7,0,0.0,1.0,2.0,1.0,A01
201800031688,1.0,7,0,0.0,1.0,1.0,1.0,A01
201800031689,1.0,7,0,0.0,2.0,1.0,1.0,A01
201800031689,2.0,2,0,0.0,2.0,7.0,17.0,B01
201800031690,1.0,1,0,0.0,2.0,8.0,19.0,A01
201800031690,1.0,7,0,0.0,2.0,2.0,1.0,Z01
201800031691,1.0,7,0,0.0,2.0,2.0,16.0,A01
201800031691,2.0,1,0,0.0,2.0,1.0,19.0,B01
201800031692,1.0,7,0,0.0,1.0,4.0,4.0,A01
201800031693,1.0,7,0,0.0,2.0,1.0,1.0,B01
201800031693,1.0,7,0,0.0,2.0,7.0,1.0,A01
201800031694,1.0,7,0,15.0,0.0,2.0,14.0,A01
201800031695,1.0,7,0,0.0,2.0,3.0,13.0,A01
201800031695,1.0,3,0,0.0,2.0,5.0,15.0,C01
201800031695,1.0,7,0,0.0,2.0,2.0,15.0,B01
201800031696,1.0,1,0,0.0,2.0,1.0,19.0,B01
201800031696,1.0,7,0,0.0,2.0,1.0,1.0,A01
201800031697,2.0,7,0,0.0,2.0,1.0,1.0,B01
201800031697,1.0,14,0,0.0,2.0,3.0,15.0,A01
201800031698,1.0,7,0,0.0,1.0,2.0,15.0,Z01
201800031699,1.0,1,0,0.0,2.0,1.0,5.0,A01
201800031699,2.0,7,0,0.0,2.0,1.0,1.0,B01
201800031700,1.0,10,0,0.0,2.0,8.0,22.0,A01
201800031700,1.0,1,0,1.0,0.0,1.0,1.0,B01
201800031701,1.0,14,0,0.0,2.0,4.0,1.0,A01
201800031701,1.0,1,0,0.0,2.0,0.0,18.0,B01
201800031702,2.0,1,0,0.0,2.0,1.0,19.0,A01
201800031702,2.0,10,0,0.0,2.0,2.0,1.0,B01
201800031703,1.0,7,0,0.0,1.0,1.0,1.0,A01
201800031704,1.0,7,0,0.0,2.0,1.0,1.0,A01
201800031704,1.0,7,0,0.0,2.0,4.0,1.0,B01
201800031705,1.0,7,0,0.0,1.0,1.0,1.0,A01
201800031706,1.0,10,0,0.0,1.0,4.0,0.0,A01
201800031707,1.0,1,0,0.0,2.0,1.0,9.0,B01
201800031707,1.0,7,0,0.0,2.0,2.0,1.0,A01
201800031708,2.0,1,0,0.0,2.0,8.0,19.0,B01
201800031708,1.0,7,0,0.0,2.0,1.0,1.0,A01
201800031709,1.0,1,0,0.0,2.0,1.0,1.0,A01
201800031709,1.0,10,0,0.0,2.0,2.0,2.0,Z01
201800031710,1.0,7,0,0.0,2.0,2.0,15.0,A01
201800031710,2.0,2,0,0.0,2.0,6.0,1.0,B01
201800031711,1.0,7,0,1.0,0.0,1.0,13.0,A01
201800031712,1.0,7,0,0.0,2.0,1.0,2.0,A01
201800031712,1.0,7,0,0.0,2.0,4.0,2.0,B01
201800031713,1.0,7,0,0.0,1.0,1.0,1.0,A01
201800031714,1.0,7,0,0.0,1.0,2.0,1.0,A01
201800031715,1.0,1,0,0.0,2.0,7.0,0.0,B01
201800031715,1.0,7,0,0.0,2.0,1.0,15.0,A01
201800031716,1.0,31,0,0.0,2.0,1.0,1.0,A01
201800031716,1.0,7,0,0.0,2.0,5.0,1.0,B01
201800031717,1.0,40,60,0.0,1.0,1.0,1.0,A01
201800031718,1.0,7,0,8.0,2.0,1.0,19.0,A01
201800031718,0.0,7,0,0.0,2.0,3.0,1.0,B01
201800031719,1.0,7,0,0.0,1.0,4.0,4.0,Z01
201800031720,1.0,7,0,1.0,0.0,2.0,21.0,A01
201800031721,1.0,7,0,0.0,1.0,1.0,16.0,A01
201800031722,1.0,7,0,0.0,2.0,1.0,1.0,A01
201800031722,2.0,7,0,0.0,2.0,1.0,15.0,B01
201800031723,2.0,7,0,0.0,2.0,8.0,19.0,B01
201800031723,1.0,7,0,0.0,2.0,1.0,19.0,A01
201800031724,1.0,7,0,0.0,1.0,1.0,1.0,Z01
201800031725,1.0,7,0,0.0,1.0,2.0,4.0,A01
201800031726,1.0,1,0,0.0,2.0,8.0,1.0,A01
201800031726,2.0,7,0,0.0,2.0,1.0,16.0,Z01
201800031727,1.0,37,41,0.0,1.0,6.0,23.0,A01
201800031728,1.0,7,0,0.0,1.0,1.0,1.0,A01
201800031729,1.0,30,0,15.0,0.0,1.0,14.0,A01
201800031730,1.0,7,0,0.0,4.0,6.0,15.0,A01
201800031730,1.0,40,40,0.0,2.0,1.0,1.0,B01
201800031731,1.0,30,0,0.0,2.0,1.0,1.0,A01
201800031731,1.0,7,0,0.0,2.0,6.0,0.0,B01
201800031732,1.0,7,0,0.0,2.0,8.0,24.0,A01
201800031732,1.0,7,0,1.0,0.0,4.0,4.0,B01
201800031733,1.0,7,0,0.0,2.0,1.0,15.0,A01
201800031733,2.0,1,0,0.0,2.0,8.0,19.0,B01
201800031734,1.0,7,0,1.0,0.0,1.0,1.0,A01
201800031735,1.0,7,0,0.0,2.0,1.0,1.0,A01
201800031735,2.0,7,0,0.0,2.0,1.0,1.0,B01
201800031736,1.0,7,0,0.0,2.0,3.0,1.0,A01
201800031736,2.0,7,0,0.0,2.0,3.0,1.0,B01
201800031737,1.0,32,0,0.0,2.0,1.0,1.0,A01
201800031737,1.0,7,0,0.0,2.0,8.0,15.0,B01
201800031738,1.0,7,0,0.0,2.0,1.0,2.0,A01
201800031738,1.0,10,0,0.0,2.0,4.0,0.0,B01
201800031739,2.0,1,0,0.0,2.0,0.0,1.0,B01
201800031739,1.0,7,0,0.0,2.0,2.0,19.0,A01
201800031740,1.0,7,0,0.0,2.0,8.0,15.0,A01
201800031740,2.0,7,0,0.0,0.0,0.0,0.0,B01
201800031741,1.0,1,0,0.0,2.0,1.0,1.0,A01
201800031741,2.0,7,0,0.0,2.0,2.0,15.0,B01
201800031742,1.0,7,0,0.0,2.0,7.0,0.0,A01
201800031742,2.0,1,0,0.0,2.0,8.0,0.0,B01
201800031743,1.0,7,0,0.0,2.0,2.0,15.0,A01
201800031743,2.0,1,0,0.0,2.0,1.0,1.0,B01
201800031744,1.0,7,0,0.0,2.0,3.0,15.0,A01
201800031744,2.0,30,0,0.0,2.0,1.0,1.0,B01
201800031745,1.0,7,0,0.0,2.0,1.0,1.0,A01
201800031745,2.0,7,0,0.0,2.0,7.0,19.0,B01
201800031746,2.0,1,0,0.0,2.0,7.0,0.0,B01
201800031746,1.0,10,0,0.0,2.0,1.0,15.0,A01
201800031747,1.0,1,0,0.0,2.0,1.0,1.0,B01
201800031747,1.0,14,0,0.0,2.0,7.0,16.0,A01
201800031748,1.0,7,0,0.0,1.0,1.0,1.0,A01
201800031749,1.0,7,0,0.0,2.0,3.0,10.0,A01
201800031749,1.0,32,0,0.0,2.0,1.0,17.0,B01
201800031750,1.0,7,0,0.0,2.0,1.0,2.0,A01
201800031750,1.0,7,0,0.0,2.0,4.0,2.0,B01
201800031751,1.0,7,0,0.0,1.0,2.0,1.0,A01
201800031752,1.0,7,0,0.0,1.0,1.0,1.0,A01
201800031753,1.0,7,0,0.0,2.0,3.0,9.0,A01
201800031753,1.0,1,0,0.0,2.0,1.0,1.0,B01
201800031754,2.0,1,0,0.0,2.0,1.0,1.0,B01
201800031754,1.0,7,0,0.0,2.0,3.0,15.0,A01
201800031755,2.0,33,0,0.0,2.0,0.0,1.0,B01
201800031755,1.0,7,0,0.0,2.0,2.0,15.0,A01
201800031756,1.0,32,0,15.0,0.0,0.0,0.0,A01
201800031757,1.0,7,0,0.0,2.0,1.0,2.0,A01
201800031757,1.0,7,0,0.0,2.0,4.0,23.0,B01
201800031758,1.0,30,0,0.0,1.0,5.0,1.0,A01
201800031759,2.0,7,0,0.0,2.0,5.0,1.0,B01
201800031759,1.0,7,0,0.0,2.0,1.0,1.0,A01
201800031760,1.0,7,0,0.0,2.0,1.0,1.0,A01
201800031760,1.0,7,0,0.0,2.0,5.0,1.0,B01
201800031761,1.0,7,0,0.0,2.0,1.0,1.0,A01
201800031761,2.0,33,0,0.0,2.0,7.0,1.0,B01
201800031762,2.0,7,0,0.0,2.0,6.0,2.0,B01
201800031762,1.0,30,0,0.0,2.0,7.0,2.0,A01
201800031763,1.0,20,0,0.0,2.0,4.0,0.0,A01
201800031763,2.0,7,0,0.0,2.0,1.0,1.0,B01
201800031764,1.0,2,0,0.0,2.0,1.0,15.0,A01
201800031764,2.0,7,0,0.0,2.0,1.0,1.0,B01
201800031765,1.0,1,0,0.0,2.0,7.0,19.0,A01
201800031765,2.0,37,20,0.0,2.0,1.0,1.0,B01
201800031766,1.0,1,0,0.0,2.0,8.0,1.0,B01
201800031766,1.0,7,0,0.0,2.0,1.0,16.0,A01
201800031767,1.0,7,0,0.0,2.0,1.0,1.0,A01
201800031767,1.0,7,0,0.0,2.0,4.0,1.0,B01
201800031768,2.0,7,0,0.0,2.0,3.0,24.0,B01
201800031768,1.0,10,0,1.0,0.0,5.0,4.0,A01
201800031769,1.0,7,0,0.0,2.0,1.0,1.0,A01
201800031769,2.0,10,0,0.0,2.0,3.0,15.0,B01
201800031770,1.0,7,0,0.0,1.0,2.0,1.0,A01
201800031771,1.0,7,0,0.0,1.0,1.0,2.0,Z01
201800031772,1.0,7,0,13.0,0.0,8.0,0.0,A01
201800031773,1.0,7,0,0.0,2.0,0.0,1.0,Z01
201800031773,2.0,1,0,0.0,2.0,0.0,0.0,A01
201800031774,1.0,7,0,0.0,2.0,3.0,15.0,A01
201800031774,2.0,7,0,0.0,2.0,5.0,1.0,B01
201800031775,2.0,1,0,0.0,2.0,1.0,1.0,B01
201800031775,1.0,7,0,0.0,2.0,3.0,15.0,A01
201800031776,2.0,2,0,0.0,2.0,0.0,1.0,B01
201800031776,1.0,7,0,0.0,2.0,1.0,11.0,A01
201800031777,1.0,2,0,0.0,2.0,1.0,2.0,A01
201800031777,1.0,7,0,0.0,2.0,5.0,2.0,B01
201800031778,2.0,7,0,0.0,2.0,1.0,1.0,B01
201800031778,1.0,7,0,0.0,2.0,1.0,15.0,A01
201800031779,1.0,7,0,9.0,0.0,1.0,14.0,A01
201800031780,1.0,1,0,0.0,2.0,8.0,2.0,B01
201800031780,1.0,7,0,0.0,2.0,7.0,2.0,A01
201800031781,1.0,7,0,0.0,1.0,4.0,4.0,A01
201800031782,1.0,7,0,0.0,2.0,1.0,1.0,A01
201800031782,2.0,2,0,0.0,0.0,0.0,0.0,Z01
201800031783,1.0,10,0,0.0,2.0,1.0,2.0,A01
201800031783,1.0,7,0,0.0,2.0,4.0,2.0,B01
201800031784,1.0,7,0,0.0,2.0,3.0,1.0,B01
201800031784,1.0,7,0,0.0,2.0,1.0,15.0,A01
201800031785,1.0,7,0,0.0,2.0,7.0,15.0,A01
201800031785,2.0,7,0,0.0,2.0,1.0,1.0,B01
201800031786,2.0,1,0,0.0,2.0,1.0,1.0,B01
201800031786,1.0,1,0,0.0,2.0,1.0,17.0,A01
201800031787,1.0,10,0,0.0,2.0,3.0,2.0,A01
201800031787,1.0,7,0,0.0,2.0,5.0,2.0,B01
201800031788,2.0,7,0,0.0,2.0,7.0,1.0,B01
201800031788,1.0,1,0,0.0,2.0,1.0,16.0,A01
201800031789,1.0,7,0,0.0,0.0,0.0,0.0,A01
201800031789,1.0,7,0,0.0,2.0,1.0,1.0,B01
201800031790,1.0,7,0,0.0,1.0,1.0,15.0,A01
201800031791,1.0,7,0,0.0,2.0,7.0,1.0,A01
201800031791,1.0,1,0,0.0,2.0,8.0,0.0,B01
201800031792,1.0,7,0,0.0,1.0,1.0,2.0,A01
201800031793,1.0,7,0,0.0,2.0,6.0,1.0,A01
201800031793,2.0,1,0,0.0,2.0,1.0,16.0,B01
201800031794,1.0,7,0,0.0,2.0,1.0,2.0,A01
201800031794,1.0,7,0,0.0,2.0,4.0,2.0,B01
201800031795,1.0,7,0,0.0,2.0,1.0,1.0,A01
201800031795,2.0,1,0,0.0,2.0,2.0,19.0,B01
201800031796,1.0,1,0,1.0,0.0,1.0,1.0,B01
201800031796,1.0,7,0,0.0,2.0,8.0,24.0,A01
201800031797,1.0,7,0,0.0,1.0,1.0,16.0,A01
201800031798,1.0,30,0,0.0,2.0,3.0,2.0,A01
201800031798,1.0,7,0,0.0,2.0,2.0,2.0,B01
201800031799,1.0,33,0,0.0,5.0,1.0,1.0,A01
201800031800,1.0,7,0,0.0,1.0,1.0,15.0,A01
201800031801,1.0,7,0,0.0,2.0,1.0,2.0,A01
201800031801,1.0,7,0,0.0,2.0,4.0,2.0,B01
201800031802,1.0,7,0,0.0,2.0,5.0,17.0,A01
201800031802,2.0,33,0,0.0,2.0,1.0,1.0,B01
201800031803,2.0,2,0,0.0,2.0,1.0,1.0,B01
201800031803,1.0,7,0,0.0,2.0,8.0,0.0,A01
201800031804,1.0,1,0,0.0,2.0,2.0,2.0,B01
201800031804,1.0,1,0,0.0,2.0,1.0,18.0,A01
201800031805,1.0,7,0,0.0,2.0,1.0,15.0,A01
201800031805,2.0,31,0,0.0,2.0,1.0,1.0,B01
201800031806,1.0,14,0,0.0,2.0,3.0,2.0,B01
201800031806,1.0,7,0,0.0,2.0,5.0,15.0,A01
201800031807,1.0,7,0,0.0,1.0,3.0,1.0,A01
201800031808,1.0,10,0,0.0,1.0,1.0,1.0,Z01
201800031809,2.0,1,0,0.0,2.0,0.0,19.0,B01
201800031809,1.0,7,0,0.0,2.0,1.0,1.0,A01
201800031810,1.0,7,0,0.0,2.0,4.0,23.0,C01
201800031810,1.0,7,0,0.0,2.0,1.0,2.0,A01
201800031810,1.0,7,0,0.0,2.0,1.0,2.0,B01
201800031811,1.0,7,0,2.0,0.0,2.0,1.0,A01
201800031812,2.0,33,0,0.0,2.0,8.0,1.0,B01
201800031812,1.0,7,0,0.0,2.0,1.0,15.0,A01
201800031813,1.0,32,0,0.0,2.0,4.0,2.0,A01
201800031813,1.0,7,0,0.0,2.0,1.0,2.0,Z01
201800031814,1.0,7,0,0.0,2.0,2.0,1.0,A01
201800031814,2.0,33,0,0.0,2.0,2.0,15.0,B01
201800031815,1.0,7,0,0.0,2.0,2.0,16.0,A01
201800031815,1.0,31,0,0.0,2.0,7.0,1.0,B01
201800031816,1.0,10,0,0.0,2.0,2.0,2.0,A01
201800031816,1.0,7,0,0.0,2.0,4.0,1.0,B01
201800031816,1.0,7,0,0.0,2.0,4.0,2.0,C01
201800031817,1.0,37,53,0.0,2.0,4.0,2.0,B01
201800031817,1.0,10,0,0.0,2.0,2.0,1.0,A01
201800031818,1.0,33,0,0.0,2.0,1.0,1.0,A01
201800031818,1.0,20,0,0.0,2.0,8.0,1.0,B01
201800031819,1.0,1,0,0.0,2.0,8.0,19.0,A01
201800031819,1.0,7,0,0.0,2.0,7.0,16.0,B01
201800031820,1.0,7,0,0.0,2.0,4.0,2.0,A01
201800031820,1.0,7,0,0.0,2.0,1.0,2.0,B01
201800031821,1.0,7,0,0.0,1.0,1.0,15.0,A01
201800031822,1.0,7,0,0.0,2.0,4.0,7.0,B01
201800031822,1.0,2,0,0.0,2.0,1.0,1.0,A01
201800031823,2.0,1,0,0.0,2.0,8.0,19.0,B01
201800031823,1.0,7,0,0.0,2.0,2.0,15.0,A01
201800031824,1.0,7,0,0.0,2.0,1.0,1.0,A01
201800031824,2.0,7,0,1.0,2.0,9.0,1.0,B01
201800031825,1.0,7,0,15.0,0.0,1.0,1.0,A01
201800031826,1.0,2,0,15.0,0.0,1.0,1.0,A01
201800031827,1.0,1,0,0.0,4.0,3.0,1.0,B01
201800031827,1.0,40,100,0.0,2.0,2.0,1.0,A01
201800031828,1.0,1,0,0.0,2.0,1.0,1.0,B01
201800031828,1.0,7,0,0.0,2.0,5.0,16.0,A01
201800031829,1.0,7,0,0.0,2.0,7.0,16.0,A01
201800031829,2.0,1,0,0.0,2.0,1.0,1.0,B01
201800031830,1.0,7,0,0.0,2.0,3.0,15.0,A01
201800031830,1.0,7,0,0.0,2.0,3.0,1.0,B01
201800031831,1.0,7,0,0.0,2.0,3.0,1.0,A01
201800031831,2.0,7,0,0.0,2.0,6.0,15.0,B01
201800031832,1.0,7,0,0.0,1.0,1.0,1.0,A01
201800031833,1.0,7,0,0.0,1.0,2.0,1.0,A01
201800031834,1.0,2,0,0.0,1.0,1.0,17.0,A01
201800031835,1.0,1,0,0.0,2.0,1.0,5.0,A01
201800031835,2.0,1,0,0.0,2.0,1.0,1.0,B01
201800031836,1.0,7,0,0.0,2.0,2.0,4.0,A01
201800031836,1.0,1,0,0.0,2.0,2.0,1.0,B01
201800031837,1.0,1,0,0.0,2.0,1.0,1.0,B01
201800031837,1.0,7,0,0.0,2.0,3.0,16.0,A01
201800031838,1.0,1,0,0.0,2.0,8.0,19.0,A01
201800031838,2.0,7,0,0.0,2.0,3.0,1.0,B01
201800031839,2.0,32,0,1.0,2.0,8.0,0.0,B01
201800031839,1.0,7,0,0.0,2.0,3.0,15.0,A01
201800031840,2.0,33,0,0.0,2.0,3.0,1.0,B01
201800031840,1.0,7,0,0.0,2.0,1.0,15.0,A01
201800031841,1.0,1,0,0.0,2.0,3.0,0.0,A01
201800031841,2.0,1,0,1.0,2.0,8.0,1.0,B01
201800031842,1.0,7,0,0.0,2.0,0.0,16.0,A01
201800031842,2.0,1,0,0.0,2.0,0.0,1.0,B01
201800031843,1.0,10,0,0.0,1.0,6.0,4.0,A01
201800031844,1.0,7,0,0.0,2.0,2.0,17.0,A01
201800031844,1.0,2,0,0.0,2.0,3.0,13.0,B01
201800031845,1.0,7,0,0.0,2.0,1.0,1.0,A01
201800031845,1.0,7,0,0.0,2.0,4.0,23.0,B01
201800031846,1.0,31,0,0.0,2.0,1.0,1.0,A01
201800031846,1.0,32,0,0.0,2.0,1.0,1.0,Z01
201800031847,1.0,1,0,0.0,1.0,1.0,1.0,A01
201800031848,1.0,33,0,0.0,2.0,7.0,1.0,B01
201800031848,1.0,7,0,0.0,2.0,1.0,15.0,A01
201800031849,1.0,2,0,0.0,2.0,7.0,19.0,B01
201800031849,1.0,7,0,0.0,2.0,1.0,1.0,A01
201800031850,1.0,7,0,0.0,1.0,1.0,15.0,A01
201800031851,1.0,7,0,0.0,2.0,1.0,1.0,A01
201800031851,1.0,1,0,0.0,2.0,5.0,19.0,B01
201800031852,1.0,7,0,14.0,0.0,1.0,1.0,A01
201800031853,1.0,7,0,0.0,1.0,3.0,15.0,A01
201800031853,1.0,7,0,0.0,2.0,5.0,2.0,B01
201800031854,1.0,7,0,0.0,2.0,4.0,1.0,B01
201800031854,1.0,7,0,0.0,2.0,1.0,1.0,A01
201800031855,1.0,7,0,0.0,2.0,5.0,1.0,A01
201800031855,1.0,2,0,0.0,2.0,8.0,1.0,B01
201800031856,1.0,7,0,0.0,2.0,1.0,1.0,A01
201800031856,1.0,7,0,0.0,2.0,4.0,1.0,B01
201800031857,1.0,7,0,0.0,2.0,2.0,0.0,A01
201800031857,1.0,3,0,0.0,2.0,1.0,1.0,B01
201800031858,1.0,7,0,6.0,0.0,0.0,14.0,A01
201800031859,1.0,1,0,0.0,2.0,8.0,1.0,A01
201800031859,1.0,30,0,0.0,2.0,7.0,1.0,Z01
201800031860,1.0,7,0,0.0,2.0,1.0,1.0,C01
201800031860,1.0,7,0,0.0,2.0,4.0,1.0,A01
201800031860,1.0,7,0,0.0,2.0,4.0,1.0,B01
201800031861,2.0,1,0,0.0,2.0,1.0,16.0,B01
201800031861,1.0,7,0,0.0,2.0,3.0,15.0,A01
201800031862,2.0,7,0,0.0,2.0,2.0,1.0,B01
201800031862,1.0,7,0,0.0,2.0,5.0,15.0,A01
201800031863,2.0,1,0,0.0,2.0,8.0,1.0,B01
201800031863,1.0,10,0,0.0,2.0,2.0,1.0,A01
201800031864,1.0,40,50,0.0,2.0,1.0,1.0,B01
201800031864,1.0,33,0,0.0,4.0,7.0,23.0,A01
201800031865,2.0,7,0,0.0,2.0,5.0,1.0,B01
201800031865,1.0,1,0,0.0,2.0,1.0,19.0,A01
201800031866,0.0,1,0,0.0,2.0,0.0,1.0,B01
201800031866,1.0,7,0,0.0,2.0,0.0,15.0,A01
201800031867,1.0,7,0,0.0,1.0,3.0,1.0,A01
201800031868,1.0,7,0,2.0,0.0,1.0,14.0,A01
201800031869,1.0,7,0,0.0,2.0,4.0,2.0,B01
201800031869,1.0,30,0,0.0,2.0,2.0,2.0,A01
201800031870,1.0,2,0,0.0,2.0,5.0,1.0,A01
201800031870,2.0,7,0,0.0,2.0,1.0,16.0,B01
201800031871,2.0,7,0,0.0,2.0,2.0,16.0,B01
201800031871,1.0,7,0,0.0,2.0,2.0,17.0,A01
201800031872,1.0,7,0,0.0,2.0,1.0,13.0,A01
201800031872,2.0,7,0,0.0,2.0,1.0,1.0,B01
201800031873,1.0,1,0,0.0,1.0,1.0,15.0,A01
201800031874,1.0,7,0,0.0,1.0,5.0,16.0,A01
201800031875,1.0,7,0,0.0,2.0,3.0,1.0,A01
201800031875,2.0,2,0,0.0,2.0,3.0,1.0,B01
201800031876,1.0,30,0,8.0,0.0,0.0,13.0,A01
201800031877,1.0,1,0,0.0,1.0,1.0,1.0,A01
201800031878,1.0,7,0,1.0,0.0,2.0,14.0,A01
201800031879,1.0,7,0,1.0,0.0,1.0,14.0,A01
201800031880,1.0,7,0,8.0,2.0,3.0,1.0,B01
201800031880,1.0,7,0,0.0,2.0,2.0,12.0,A01
201800031881,1.0,7,0,0.0,2.0,8.0,24.0,A01
201800031881,1.0,1,0,1.0,0.0,1.0,1.0,B01
201800031882,1.0,1,0,0.0,2.0,0.0,0.0,B01
201800031882,1.0,7,0,0.0,2.0,2.0,16.0,A01
201800031883,1.0,7,0,0.0,2.0,1.0,2.0,A01
201800031883,1.0,7,0,0.0,2.0,4.0,2.0,B01
201800031884,1.0,7,0,1.0,0.0,1.0,14.0,A01
201800031885,1.0,30,0,0.0,2.0,0.0,17.0,A01
201800031885,1.0,10,0,0.0,2.0,6.0,1.0,B01
201800031886,2.0,1,0,0.0,2.0,1.0,1.0,B01
201800031886,1.0,7,0,0.0,2.0,2.0,15.0,A01
201800031887,2.0,33,0,0.0,2.0,3.0,1.0,B01
201800031887,1.0,7,0,0.0,2.0,1.0,8.0,A01
201800031888,1.0,30,0,0.0,2.0,7.0,17.0,A01
201800031888,2.0,7,0,0.0,2.0,3.0,15.0,B01
201800031889,2.0,1,0,0.0,2.0,5.0,19.0,B01
201800031889,1.0,7,0,0.0,2.0,1.0,15.0,A01
201800031890,1.0,1,0,0.0,2.0,1.0,19.0,A01
201800031890,1.0,7,0,0.0,2.0,0.0,0.0,B01
201800031891,1.0,7,0,0.0,2.0,4.0,2.0,C01
201800031891,1.0,7,0,0.0,2.0,4.0,2.0,B01
201800031891,1.0,10,0,0.0,2.0,1.0,2.0,A01
201800031892,1.0,7,0,13.0,0.0,1.0,14.0,A01
201800031893,1.0,7,0,13.0,0.0,1.0,14.0,A01
201800031894,1.0,7,0,0.0,2.0,3.0,15.0,A01
201800031894,1.0,30,0,0.0,2.0,7.0,1.0,B01
201800031895,1.0,7,0,0.0,2.0,3.0,15.0,A01
201800031895,2.0,7,0,0.0,2.0,2.0,1.0,B01
201800031896,1.0,7,0,0.0,1.0,1.0,1.0,A01
201800031897,1.0,7,0,0.0,1.0,2.0,1.0,A01
201800031898,1.0,1,0,14.0,6.0,1.0,1.0,A01
201800031899,1.0,7,0,8.0,0.0,1.0,0.0,A01
201800031900,2.0,1,0,0.0,2.0,1.0,5.0,B01
201800031900,1.0,1,0,0.0,2.0,1.0,5.0,A01
201800031901,1.0,7,0,0.0,1.0,1.0,15.0,Z01
201800031902,1.0,31,0,0.0,2.0,2.0,1.0,B01
201800031902,1.0,7,0,0.0,2.0,1.0,15.0,A01
201800031903,1.0,7,0,1.0,2.0,1.0,15.0,A01
201800031903,2.0,7,0,0.0,2.0,1.0,1.0,B01
201800031904,1.0,14,0,0.0,2.0,5.0,15.0,A01
201800031904,1.0,33,0,0.0,2.0,7.0,1.0,B01
201800031905,1.0,1,0,0.0,1.0,8.0,0.0,A01
201800031906,1.0,7,0,0.0,2.0,1.0,2.0,A01
201800031906,1.0,7,0,0.0,2.0,6.0,2.0,C01
201800031906,1.0,7,0,0.0,2.0,4.0,2.0,B01
201800031907,1.0,7,0,0.0,2.0,4.0,23.0,B01
201800031907,1.0,7,0,0.0,2.0,0.0,0.0,Z01
201800031908,2.0,7,0,0.0,2.0,1.0,1.0,B01
201800031908,1.0,7,0,0.0,2.0,7.0,1.0,A01
201800031909,2.0,31,0,0.0,2.0,8.0,1.0,B01
201800031909,1.0,7,0,0.0,2.0,3.0,15.0,A01
201800031910,1.0,1,0,0.0,2.0,1.0,1.0,A01
201800031910,1.0,7,0,1.0,2.0,3.0,1.0,B01
201800031911,1.0,7,0,9.0,0.0,7.0,14.0,A01
201800031912,2.0,31,0,0.0,2.0,1.0,1.0,B01
201800031912,1.0,7,0,0.0,2.0,2.0,15.0,A01
201800031913,1.0,7,0,0.0,2.0,1.0,15.0,B01
201800031913,1.0,7,0,0.0,2.0,1.0,1.0,A01
201800031914,1.0,30,0,1.0,0.0,0.0,13.0,A01
201800031915,1.0,1,0,0.0,2.0,1.0,19.0,A01
201800031915,1.0,7,0,0.0,2.0,1.0,1.0,B01
201800031916,2.0,7,0,0.0,1.0,0.0,1.0,A01
201800031917,2.0,1,0,0.0,2.0,1.0,19.0,B01
201800031917,1.0,7,0,0.0,2.0,1.0,1.0,A01
201800031918,1.0,7,0,0.0,1.0,1.0,1.0,A01
201800031919,1.0,7,0,0.0,1.0,0.0,1.0,A01