Num_Acc,senc,catv,occutc,obs,obsm,choc,manv,num_veh
201800031920,1.0,1,0,0.0,2.0,1.0,19.0,B01
201800031920,1.0,7,0,0.0,2.0,2.0,1.0,A01
201800031921,2.0,2,0,0.0,2.0,6.0,16.0,B01
201800031921,1.0,14,0,0.0,2.0,0.0,16.0,A01
201800031922,1.0,7,0,7.0,2.0,3.0,1.0,A01
201800031922,2.0,1,0,0.0,2.0,1.0,1.0,B01
201800031923,1.0,7,0,0.0,1.0,2.0,1.0,A01
201800031924,2.0,1,0,0.0,2.0,3.0,1.0,B01
201800031924,1.0,7,0,0.0,2.0,2.0,20.0,A01
201800031925,1.0,10,0,0.0,2.0,1.0,2.0,A01
201800031925,1.0,10,0,0.0,2.0,4.0,1.0,B01
201800031926,1.0,7,0,0.0,1.0,1.0,0.0,A01
201800031927,1.0,1,0,0.0,2.0,1.0,1.0,A01
201800031927,2.0,10,0,0.0,2.0,3.0,1.0,B01
201800031928,1.0,2,0,0.0,2.0,5.0,1.0,A01
201800031928,1.0,7,0,0.0,2.0,2.0,1.0,B01
201800031929,2.0,7,0,0.0,2.0,2.0,15.0,B01
201800031929,1.0,2,0,0.0,2.0,3.0,16.0,A01
201800031930,1.0,7,0,0.0,2.0,2.0,1.0,A01
201800031930,2.0,1,0,0.0,2.0,8.0,19.0,B01
201800031931,1.0,7,0,0.0,1.0,1.0,1.0,A01
201800031932,0.0,30,0,15.0,0.0,0.0,0.0,Z01
201800031933,1.0,7,0,0.0,2.0,4.0,2.0,B01
201800031933,1.0,3,0,0.0,2.0,1.0,2.0,A01
201800031934,1.0,40,66,0.0,1.0,1.0,1.0,A01
201800031935,1.0,7,0,0.0,2.0,1.0,0.0,B01
201800031935,1.0,1,0,0.0,2.0,1.0,19.0,A01
201800031936,2.0,33,0,0.0,2.0,6.0,1.0,B01
201800031936,1.0,7,0,0.0,2.0,1.0,1.0,A01
201800031937,1.0,40,66,0.0,1.0,1.0,1.0,A01
201800031938,1.0,7,0,0.0,2.0,3.0,1.0,A01
201800031938,2.0,1,0,0.0,2.0,2.0,19.0,B01
201800031939,1.0,1,0,0.0,2.0,1.0,1.0,A01
201800031939,2.0,7,0,0.0,2.0,3.0,1.0,B01
201800031940,2.0,1,0,0.0,2.0,1.0,1.0,B01
201800031940,1.0,7,0,0.0,2.0,2.0,1.0,A01
201800031941,1.0,1,0,0.0,2.0,0.0,9.0,A01
201800031941,2.0,1,0,0.0,2.0,0.0,1.0,Z01
201800031942,1.0,7,0,0.0,2.0,2.0,1.0,A01
201800031942,2.0,1,0,0.0,2.0,8.0,10.0,B01
201800031943,1.0,7,0,0.0,2.0,1.0,1.0,A01
201800031943,1.0,7,0,0.0,2.0,4.0,15.0,B01
201800031944,1.0,7,0,0.0,2.0,0.0,9.0,A01
201800031944,2.0,1,0,0.0,2.0,3.0,1.0,B01
201800031945,1.0,7,0,0.0,1.0,2.0,1.0,A01
201800031946,2.0,1,0,0.0,2.0,1.0,15.0,B01
201800031946,1.0,7,0,0.0,2.0,3.0,15.0,A01
201800031947,1.0,1,0,0.0,1.0,1.0,0.0,A01
201800031948,1.0,7,0,0.0,1.0,3.0,1.0,A01
201800031949,1.0,7,0,0.0,2.0,1.0,2.0,A01
201800031949,1.0,7,0,0.0,0.0,4.0,2.0,B01
201800031950,1.0,1,0,0.0,2.0,7.0,19.0,A01
201800031950,2.0,7,0,0.0,2.0,1.0,1.0,B01
201800031951,1.0,7,0,0.0,1.0,0.0,16.0,Z01
201800031952,1.0,7,0,0.0,1.0,1.0,1.0,A01
201800031953,1.0,7,0,0.0,1.0,3.0,1.0,A01
201800031954,1.0,7,0,0.0,2.0,5.0,16.0,B01
201800031954,1.0,2,0,0.0,2.0,8.0,1.0,A01
201800031955,1.0,1,0,1.0,2.0,1.0,1.0,A01
201800031955,2.0,7,0,0.0,2.0,1.0,1.0,B01
201800031956,1.0,7,0,0.0,2.0,1.0,1.0,A01
201800031956,1.0,7,0,0.0,2.0,1.0,1.0,C01
201800031956,1.0,7,0,0.0,2.0,4.0,1.0,D01
201800031956,1.0,7,0,0.0,2.0,1.0,1.0,B01
201800031957,2.0,1,0,0.0,2.0,1.0,1.0,B01
201800031957,1.0,1,0,0.0,2.0,1.0,13.0,A01
201800031958,1.0,1,0,0.0,2.0,1.0,1.0,B01
201800031958,1.0,7,0,0.0,2.0,4.0,17.0,Z01
201800031959,1.0,1,0,0.0,2.0,0.0,0.0,A01
201800031959,2.0,1,0,0.0,2.0,0.0,0.0,B01
201800031960,1.0,7,0,0.0,1.0,2.0,16.0,A01
201800031961,1.0,1,0,0.0,2.0,7.0,14.0,A01
201800031962,1.0,7,0,0.0,1.0,3.0,15.0,A01
201800031963,1.0,7,0,0.0,2.0,5.0,15.0,A01
201800031963,2.0,1,0,0.0,2.0,1.0,1.0,B01
201800031964,1.0,7,0,0.0,1.0,3.0,1.0,A01
201800031965,1.0,7,0,0.0,2.0,2.0,1.0,A01
201800031965,1.0,1,0,0.0,2.0,3.0,18.0,B01
201800031966,1.0,7,0,0.0,2.0,4.0,2.0,B01
201800031966,1.0,7,0,0.0,2.0,1.0,2.0,A01
201800031967,2.0,37,15,0.0,0.0,0.0,0.0,B01
201800031967,1.0,1,0,0.0,0.0,0.0,19.0,A01
201800031968,1.0,7,0,0.0,2.0,1.0,2.0,A01
201800031968,1.0,7,0,0.0,2.0,4.0,2.0,B01
201800031969,1.0,37,25,0.0,1.0,2.0,1.0,A01
201800031970,1.0,1,0,0.0,4.0,7.0,1.0,A01
201800031970,2.0,40,66,0.0,2.0,2.0,1.0,B01
201800031971,1.0,2,0,1.0,1.0,2.0,0.0,A01
201800031972,2.0,7,0,0.0,2.0,1.0,1.0,B01
201800031972,1.0,3,0,9.0,2.0,1.0,0.0,A01
201800031973,1.0,1,0,0.0,2.0,1.0,1.0,B01
201800031973,1.0,7,0,0.0,2.0,1.0,9.0,A01
201800031974,1.0,7,0,0.0,2.0,1.0,15.0,A01
201800031974,2.0,1,0,0.0,2.0,8.0,19.0,B01
201800031975,1.0,7,0,0.0,1.0,2.0,17.0,A01
201800031976,2.0,7,0,0.0,2.0,2.0,1.0,B01
201800031976,1.0,7,0,0.0,2.0,3.0,1.0,A01
201800031977,2.0,1,0,0.0,2.0,1.0,0.0,B01
201800031977,1.0,7,0,0.0,2.0,3.0,15.0,A01
201800031978,1.0,7,0,0.0,2.0,1.0,2.0,A01
201800031978,1.0,7,0,0.0,2.0,0.0,0.0,B01
201800031979,1.0,7,0,0.0,1.0,1.0,1.0,A01
201800031980,1.0,7,0,0.0,2.0,4.0,2.0,B01
201800031980,1.0,2,0,0.0,2.0,1.0,2.0,A01
201800031981,1.0,1,0,0.0,2.0,7.0,1.0,B01
201800031981,2.0,7,0,0.0,2.0,0.0,0.0,Z01
201800031982,1.0,3,0,0.0,2.0,2.0,2.0,A01
201800031982,1.0,1,0,0.0,2.0,4.0,2.0,B01
201800031983,1.0,1,0,0.0,1.0,1.0,1.0,A01
201800031984,1.0,7,0,0.0,1.0,1.0,1.0,A01
201800031985,1.0,2,0,0.0,2.0,2.0,1.0,B01
201800031985,1.0,7,0,0.0,2.0,2.0,15.0,A01
201800031986,2.0,2,0,0.0,2.0,1.0,16.0,B01
201800031986,1.0,7,0,0.0,2.0,2.0,15.0,A01
201800031987,1.0,7,0,2.0,0.0,1.0,14.0,A01
201800031988,1.0,7,0,0.0,1.0,2.0,1.0,A01
201800031989,1.0,7,0,0.0,2.0,2.0,16.0,A01
201800031989,1.0,1,0,0.0,2.0,8.0,1.0,B01
201800031990,1.0,7,0,0.0,2.0,3.0,2.0,Z01
201800031990,1.0,7,0,0.0,2.0,5.0,2.0,A01
201800031991,2.0,7,0,0.0,2.0,6.0,16.0,B01
201800031991,1.0,30,0,0.0,2.0,1.0,1.0,A01
201800031992,1.0,7,0,0.0,2.0,1.0,2.0,A01
201800031992,1.0,7,0,0.0,2.0,4.0,2.0,B01
201800031993,1.0,1,0,0.0,2.0,7.0,9.0,A01
201800031993,2.0,7,0,0.0,2.0,2.0,1.0,B01
201800031994,1.0,7,0,9.0,1.0,3.0,13.0,A01
201800031995,1.0,30,0,0.0,2.0,1.0,1.0,B01
201800031995,2.0,7,0,0.0,2.0,5.0,15.0,Z01
201800031996,1.0,7,0,0.0,2.0,3.0,15.0,B01
201800031996,1.0,2,0,0.0,2.0,2.0,17.0,A01
201800031997,1.0,7,0,0.0,2.0,2.0,2.0,A01
201800031997,1.0,1,0,0.0,2.0,6.0,2.0,B01
201800031998,1.0,7,0,9.0,2.0,1.0,14.0,A01
201800031999,1.0,7,0,0.0,2.0,1.0,1.0,A01
201800031999,2.0,1,0,0.0,2.0,3.0,19.0,B01
201800032000,1.0,30,0,0.0,1.0,1.0,1.0,Z01
201800032001,1.0,7,0,0.0,2.0,2.0,15.0,A01
201800032001,2.0,2,0,0.0,2.0,1.0,1.0,B01
201800032002,1.0,7,0,0.0,2.0,5.0,1.0,A01
201800032002,2.0,7,0,0.0,2.0,1.0,15.0,B01
201800032003,1.0,1,0,0.0,2.0,1.0,2.0,B01
201800032003,1.0,7,0,0.0,2.0,5.0,22.0,A01
201800032004,1.0,1,0,0.0,2.0,8.0,19.0,A01
201800032004,2.0,7,0,0.0,2.0,1.0,15.0,B01
201800032005,2.0,3,0,0.0,1.0,1.0,1.0,A01
201800032006,1.0,7,0,0.0,1.0,3.0,1.0,A01
201800032007,2.0,33,0,0.0,2.0,7.0,17.0,A01
201800032007,1.0,7,0,0.0,2.0,3.0,15.0,B01
201800032008,1.0,7,0,0.0,1.0,3.0,1.0,A01
201800032009,1.0,40,80,0.0,1.0,1.0,1.0,A01
201800032010,1.0,7,0,0.0,2.0,3.0,15.0,A01
201800032010,2.0,1,0,0.0,2.0,7.0,1.0,B01
201800032011,1.0,7,0,0.0,1.0,1.0,1.0,A01
201800032012,1.0,7,0,0.0,1.0,1.0,1.0,Z01
201800032013,1.0,7,0,0.0,2.0,2.0,1.0,A01
201800032013,2.0,7,0,0.0,2.0,3.0,15.0,B01
201800032014,2.0,7,0,0.0,2.0,1.0,1.0,B01
201800032014,1.0,7,0,0.0,2.0,2.0,1.0,A01
201800032015,2.0,1,0,0.0,2.0,7.0,19.0,B01
201800032015,1.0,10,0,0.0,2.0,1.0,16.0,A01
201800032016,1.0,7,0,0.0,2.0,6.0,15.0,A01
201800032016,2.0,1,0,0.0,2.0,2.0,1.0,B01
201800032017,1.0,3,0,15.0,0.0,2.0,14.0,A01
201800032018,2.0,33,0,0.0,2.0,0.0,1.0,B01
201800032018,1.0,7,0,0.0,2.0,1.0,16.0,A01
201800032019,1.0,10,0,0.0,4.0,3.0,1.0,A01
201800032019,2.0,40,66,0.0,2.0,1.0,1.0,B01
201800032020,1.0,7,0,0.0,1.0,2.0,1.0,A01
201800032021,1.0,7,0,0.0,1.0,5.0,4.0,A01
201800032022,1.0,7,0,0.0,2.0,0.0,16.0,A01
201800032022,1.0,7,0,0.0,2.0,0.0,1.0,B01
201800032023,1.0,7,0,0.0,1.0,0.0,1.0,A01
201800032024,2.0,40,50,0.0,2.0,1.0,1.0,B01
201800032024,1.0,7,0,0.0,4.0,8.0,10.0,A01
201800032025,1.0,37,30,5.0,1.0,7.0,16.0,A01
201800032026,1.0,1,0,0.0,1.0,1.0,1.0,A01
201800032027,1.0,7,0,0.0,2.0,1.0,2.0,A01
201800032027,1.0,7,0,0.0,2.0,4.0,2.0,B01
201800032028,2.0,1,0,0.0,2.0,1.0,1.0,B01
201800032028,1.0,7,0,0.0,2.0,3.0,15.0,A01
201800032029,1.0,7,0,0.0,1.0,2.0,1.0,A01
201800032030,1.0,10,0,0.0,2.0,2.0,14.0,A01
201800032030,2.0,1,0,0.0,2.0,1.0,1.0,B01
201800032031,1.0,2,0,0.0,1.0,2.0,0.0,A01
201800032032,1.0,30,0,0.0,2.0,4.0,15.0,A01
201800032032,2.0,7,0,0.0,2.0,3.0,15.0,B01
201800032033,1.0,14,0,0.0,1.0,0.0,1.0,A01
201800032034,1.0,7,0,0.0,1.0,3.0,1.0,A01
201800032035,1.0,10,0,0.0,2.0,1.0,2.0,A01
201800032035,1.0,10,0,0.0,2.0,4.0,16.0,B01
201800032036,1.0,7,0,0.0,1.0,6.0,4.0,A01
201800032037,1.0,2,0,0.0,2.0,1.0,2.0,A01
201800032037,1.0,7,0,0.0,2.0,4.0,2.0,B01
201800032038,1.0,32,0,0.0,2.0,1.0,1.0,B01
201800032038,1.0,7,0,0.0,2.0,2.0,9.0,A01
201800032039,1.0,7,0,0.0,2.0,1.0,1.0,A01
201800032039,2.0,7,0,0.0,2.0,1.0,16.0,B01
201800032040,1.0,7,0,0.0,4.0,1.0,1.0,A01
201800032040,2.0,40,66,0.0,2.0,2.0,1.0,B01
201800032041,1.0,30,0,0.0,2.0,3.0,1.0,A01
201800032041,2.0,7,0,0.0,2.0,7.0,1.0,B01
201800032042,1.0,10,0,0.0,2.0,7.0,15.0,A01
201800032042,1.0,10,0,0.0,2.0,7.0,15.0,B01
201800032043,1.0,7,0,0.0,1.0,0.0,1.0,A01
201800032044,1.0,7,0,0.0,2.0,4.0,1.0,B01
201800032044,1.0,7,0,0.0,2.0,1.0,1.0,A01
201800032045,1.0,10,0,0.0,2.0,1.0,2.0,A01
201800032045,1.0,7,0,0.0,2.0,4.0,2.0,B01
201800032046,1.0,7,0,0.0,2.0,1.0,15.0,Z01
201800032046,2.0,1,0,0.0,2.0,7.0,19.0,A01
201800032047,1.0,7,0,9.0,0.0,1.0,17.0,A01
201800032048,2.0,1,0,0.0,2.0,2.0,19.0,B01
201800032048,1.0,7,0,0.0,2.0,2.0,16.0,A01
201800032049,1.0,7,0,0.0,1.0,0.0,1.0,Z01
201800032050,1.0,7,0,0.0,1.0,0.0,16.0,Z01
201800032051,1.0,7,0,0.0,1.0,3.0,16.0,A01
201800032052,1.0,7,0,0.0,2.0,1.0,1.0,A01
201800032052,2.0,1,0,0.0,2.0,1.0,1.0,B01
201800032053,1.0,7,0,0.0,1.0,2.0,1.0,A01
201800032054,2.0,1,0,0.0,0.0,0.0,0.0,B01
201800032054,1.0,7,0,0.0,2.0,3.0,16.0,A01
201800032055,1.0,7,0,0.0,2.0,1.0,2.0,A01
201800032055,1.0,7,0,0.0,2.0,4.0,2.0,B01
201800032056,1.0,1,0,0.0,1.0,1.0,1.0,A01
201800032057,1.0,7,0,0.0,0.0,0.0,0.0,B01
201800032057,1.0,7,0,0.0,1.0,1.0,2.0,A01
201800032058,1.0,38,1,0.0,1.0,7.0,20.0,A01
201800032059,1.0,7,0,0.0,2.0,1.0,13.0,A01
201800032059,2.0,7,0,0.0,2.0,1.0,1.0,B01
201800032060,1.0,7,0,2.0,0.0,1.0,13.0,A01
201800032061,1.0,7,0,0.0,9.0,1.0,0.0,A01
201800032061,2.0,7,0,0.0,2.0,3.0,1.0,B01
201800032061,2.0,1,0,0.0,2.0,1.0,0.0,C01
201800032062,2.0,7,0,0.0,2.0,2.0,1.0,B01
201800032062,1.0,2,0,0.0,2.0,1.0,13.0,A01
201800032063,2.0,7,0,0.0,0.0,9.0,19.0,A01
201800032064,0.0,32,0,12.0,0.0,0.0,1.0,A01
201800032065,1.0,7,0,0.0,2.0,8.0,1.0,B01
201800032065,2.0,7,0,0.0,2.0,1.0,1.0,C01
201800032065,1.0,7,0,0.0,2.0,2.0,15.0,A01
201800032066,1.0,7,0,0.0,9.0,2.0,17.0,A01
201800032066,1.0,1,0,0.0,0.0,4.0,1.0,B01
201800032067,2.0,32,0,0.0,0.0,1.0,1.0,A01
201800032068,1.0,7,0,0.0,9.0,3.0,1.0,A01
201800032068,2.0,1,0,0.0,2.0,1.0,1.0,B01
201800032069,2.0,7,0,16.0,0.0,1.0,1.0,A01
201800032070,1.0,7,0,0.0,2.0,2.0,1.0,A01
201800032070,2.0,7,0,0.0,2.0,3.0,19.0,B01
201800032071,0.0,7,0,0.0,2.0,3.0,1.0,A01
201800032071,1.0,1,0,0.0,2.0,1.0,1.0,B01
201800032072,0.0,7,0,13.0,0.0,1.0,1.0,A01
201800032073,2.0,7,0,0.0,2.0,3.0,1.0,B01
201800032073,1.0,7,0,0.0,2.0,1.0,1.0,C01
201800032073,1.0,3,0,0.0,2.0,3.0,13.0,A01
201800032074,2.0,7,0,0.0,2.0,1.0,13.0,A01
201800032074,1.0,7,0,0.0,2.0,1.0,1.0,B01
201800032075,1.0,7,0,0.0,2.0,1.0,19.0,A01
201800032075,1.0,7,0,8.0,0.0,7.0,1.0,B01
201800032076,0.0,7,0,0.0,1.0,2.0,1.0,A01
201800032077,0.0,7,0,0.0,2.0,3.0,1.0,A01
201800032077,0.0,33,0,0.0,2.0,1.0,17.0,C01
201800032077,0.0,7,0,0.0,2.0,3.0,1.0,B01
201800032078,0.0,33,0,0.0,0.0,9.0,17.0,A01
201800032079,0.0,1,0,0.0,2.0,8.0,13.0,B01
201800032079,0.0,7,0,0.0,2.0,7.0,1.0,A01
201800032080,0.0,7,0,0.0,2.0,1.0,1.0,A01
201800032080,0.0,7,0,0.0,2.0,1.0,1.0,B01
201800032081,0.0,7,0,4.0,2.0,3.0,1.0,B01
201800032081,0.0,7,0,0.0,2.0,1.0,1.0,A01
201800032082,0.0,7,0,0.0,2.0,2.0,1.0,B01
201800032082,0.0,7,0,0.0,2.0,3.0,5.0,A01
201800032083,2.0,7,0,13.0,0.0,7.0,1.0,A01
201800032084,1.0,7,0,0.0,2.0,3.0,13.0,A01
201800032084,2.0,33,0,0.0,2.0,8.0,1.0,B01
201800032085,1.0,7,0,0.0,2.0,8.0,15.0,A01
201800032085,1.0,2,0,0.0,2.0,1.0,1.0,B01
201800032086,2.0,10,0,0.0,2.0,1.0,1.0,B01
201800032086,2.0,7,0,0.0,2.0,7.0,19.0,A01
201800032087,1.0,7,0,0.0,2.0,3.0,1.0,A01
201800032087,1.0,10,0,0.0,2.0,1.0,19.0,B01
201800032088,1.0,7,0,2.0,0.0,1.0,14.0,A01
201800032089,2.0,7,0,0.0,9.0,7.0,1.0,A01
201800032089,0.0,1,0,0.0,2.0,1.0,1.0,B01
201800032090,1.0,7,0,0.0,2.0,2.0,15.0,A01
201800032090,1.0,7,0,0.0,2.0,3.0,1.0,B01
201800032091,1.0,31,0,0.0,2.0,1.0,17.0,A01
201800032091,1.0,7,0,0.0,0.0,5.0,1.0,B01
201800032092,1.0,33,0,0.0,0.0,8.0,14.0,A01
201800032093,2.0,7,0,2.0,0.0,7.0,1.0,A01
201800032094,1.0,7,0,2.0,0.0,1.0,14.0,A01
201800032095,2.0,7,0,0.0,2.0,3.0,13.0,A01
201800032095,1.0,15,0,0.0,2.0,3.0,1.0,B01
201800032096,2.0,7,0,1.0,0.0,1.0,19.0,A01
201800032097,1.0,1,0,0.0,2.0,8.0,19.0,A01
201800032097,1.0,7,0,0.0,2.0,0.0,9.0,Z01
201800032098,1.0,7,0,0.0,1.0,1.0,1.0,A01
201800032099,1.0,1,0,0.0,2.0,1.0,1.0,B01
201800032099,2.0,7,0,0.0,2.0,3.0,1.0,A01
201800032100,1.0,7,0,0.0,1.0,3.0,15.0,A01
201800032101,1.0,7,0,0.0,1.0,1.0,19.0,A01
201800032102,1.0,7,0,0.0,2.0,4.0,20.0,A01
201800032102,0.0,99,0,0.0,2.0,0.0,0.0,R01
201800032103,2.0,7,0,0.0,1.0,3.0,1.0,A01
201800032104,1.0,20,0,0.0,2.0,8.0,9.0,B01
201800032104,1.0,7,0,0.0,2.0,1.0,1.0,A01
201800032105,2.0,7,0,0.0,1.0,1.0,1.0,A01
201800032106,2.0,1,0,0.0,0.0,0.0,0.0,A01
201800032106,1.0,7,0,0.0,2.0,7.0,1.0,B01
201800032107,1.0,1,0,0.0,1.0,1.0,1.0,A01
201800032108,1.0,7,0,0.0,1.0,1.0,1.0,A01
201800032109,1.0,1,0,0.0,2.0,1.0,19.0,B01
201800032109,1.0,7,0,0.0,2.0,3.0,1.0,A01
201800032110,1.0,7,0,0.0,2.0,3.0,1.0,B01
201800032110,1.0,10,0,0.0,2.0,3.0,1.0,A01
201800032111,1.0,7,0,0.0,1.0,1.0,1.0,A01
201800032112,2.0,7,0,0.0,2.0,3.0,11.0,A01
201800032112,2.0,7,0,0.0,2.0,3.0,2.0,B01
201800032112,2.0,7,0,1.0,2.0,1.0,23.0,C01
201800032113,1.0,7,0,0.0,2.0,8.0,20.0,A01
201800032113,1.0,33,0,0.0,2.0,7.0,1.0,B01
201800032114,0.0,7,0,0.0,1.0,6.0,4.0,A01
201800032115,0.0,7,0,0.0,2.0,1.0,0.0,B01
201800032115,1.0,7,0,0.0,2.0,2.0,1.0,A01
201800032116,2.0,7,0,0.0,2.0,2.0,1.0,B01
201800032116,2.0,7,0,0.0,2.0,2.0,20.0,A01
201800032117,1.0,7,0,0.0,1.0,3.0,1.0,A01
201800032118,1.0,7,0,0.0,1.0,2.0,21.0,A01
201800032119,0.0,1,0,0.0,2.0,8.0,2.0,A01
201800032119,1.0,1,0,0.0,2.0,7.0,2.0,B01
201800032120,1.0,10,0,0.0,1.0,4.0,20.0,A01
201800032121,1.0,7,0,0.0,1.0,1.0,1.0,A01
201800032122,0.0,34,0,0.0,0.0,7.0,21.0,B01
201800032123,2.0,31,0,0.0,2.0,7.0,0.0,A01
201800032123,1.0,7,0,0.0,2.0,3.0,0.0,B01
201800032124,2.0,10,0,0.0,2.0,5.0,15.0,A01
201800032124,1.0,33,0,0.0,2.0,3.0,1.0,B01
201800032125,1.0,7,0,0.0,2.0,2.0,1.0,A01
201800032125,2.0,10,0,0.0,2.0,0.0,15.0,B01
201800032126,1.0,7,0,0.0,2.0,1.0,9.0,A01
201800032126,0.0,33,0,0.0,2.0,8.0,1.0,B01
201800032127,0.0,33,0,0.0,2.0,8.0,0.0,B01
201800032127,0.0,7,0,0.0,2.0,0.0,20.0,A01
201800032128,2.0,7,0,0.0,2.0,1.0,1.0,A01
201800032128,1.0,7,0,0.0,2.0,2.0,0.0,B01
201800032129,1.0,7,0,8.0,2.0,8.0,1.0,B01
201800032129,1.0,7,0,0.0,2.0,1.0,1.0,A01
201800032130,1.0,7,0,0.0,2.0,2.0,9.0,B01
201800032130,1.0,99,0,0.0,2.0,1.0,1.0,A01
201800032131,2.0,10,0,0.0,1.0,1.0,0.0,A01
201800032132,1.0,7,0,0.0,2.0,4.0,2.0,B01
201800032132,1.0,33,0,0.0,2.0,1.0,2.0,A01
201800032133,1.0,7,0,0.0,1.0,1.0,1.0,A01
201800032134,0.0,1,0,0.0,0.0,0.0,0.0,A01
201800032135,1.0,33,0,0.0,2.0,1.0,1.0,A01
201800032135,1.0,10,0,0.0,2.0,6.0,1.0,B01
201800032136,1.0,3,0,0.0,2.0,3.0,15.0,B01
201800032136,1.0,2,0,0.0,2.0,2.0,17.0,A01
201800032137,1.0,7,0,0.0,2.0,1.0,9.0,A01
201800032137,1.0,1,0,0.0,2.0,1.0,1.0,B01
201800032138,1.0,7,0,0.0,1.0,1.0,1.0,A01
201800032139,1.0,30,0,0.0,0.0,8.0,21.0,A01
201800032140,2.0,99,0,0.0,6.0,0.0,5.0,A01
201800032140,1.0,1,0,0.0,6.0,0.0,0.0,B01
201800032141,1.0,1,0,0.0,2.0,1.0,1.0,B01
201800032141,1.0,10,0,0.0,2.0,1.0,16.0,A01
201800032142,0.0,7,0,0.0,2.0,1.0,1.0,B01
201800032142,0.0,10,0,0.0,2.0,1.0,15.0,A01
201800032143,1.0,10,0,0.0,2.0,1.0,1.0,B01
201800032143,1.0,7,0,0.0,2.0,4.0,23.0,C01
201800032143,1.0,7,0,0.0,2.0,4.0,23.0,A01
201800032144,1.0,7,0,0.0,1.0,1.0,15.0,A01
201800032145,2.0,7,0,0.0,2.0,1.0,0.0,B01
201800032145,1.0,7,0,0.0,2.0,1.0,13.0,A01
201800032146,1.0,30,0,0.0,1.0,1.0,1.0,A01
201800032147,1.0,7,0,6.0,0.0,8.0,0.0,A01
201800032148,0.0,7,0,0.0,1.0,3.0,1.0,A01
201800032149,1.0,7,0,0.0,1.0,3.0,21.0,A01
201800032150,2.0,7,0,3.0,0.0,4.0,1.0,A01
201800032150,2.0,15,0,0.0,2.0,7.0,12.0,Z01
201800032151,2.0,1,0,0.0,2.0,5.0,1.0,B01
201800032151,2.0,7,0,0.0,2.0,3.0,9.0,A01
201800032152,2.0,7,0,0.0,0.0,4.0,1.0,B01
201800032152,1.0,7,0,0.0,1.0,3.0,1.0,A01
201800032153,0.0,40,40,0.0,1.0,2.0,1.0,A01
201800032154,2.0,31,0,0.0,2.0,1.0,1.0,A01
201800032154,1.0,7,0,0.0,2.0,3.0,1.0,B01
201800032155,1.0,1,0,0.0,2.0,1.0,0.0,A01
201800032155,1.0,7,0,0.0,6.0,2.0,1.0,B01
201800032156,1.0,7,0,0.0,1.0,1.0,1.0,A01
201800032157,1.0,7,0,0.0,1.0,1.0,1.0,A01
201800032158,0.0,7,0,0.0,1.0,1.0,16.0,A01
201800032159,1.0,7,0,0.0,1.0,7.0,1.0,A01
201800032160,2.0,40,1,0.0,2.0,3.0,1.0,B01
201800032160,1.0,40,1,0.0,2.0,3.0,1.0,A01
201800032160,1.0,1,0,0.0,4.0,1.0,3.0,C01
201800032161,1.0,10,0,0.0,2.0,9.0,0.0,B01
201800032161,1.0,7,0,0.0,2.0,2.0,12.0,A01
201800032161,1.0,33,0,0.0,2.0,9.0,1.0,C01
201800032162,1.0,10,0,0.0,1.0,2.0,1.0,A01
201800032163,2.0,7,0,0.0,1.0,1.0,16.0,A01
201800032164,2.0,7,0,0.0,1.0,3.0,1.0,A01
201800032165,0.0,1,0,0.0,2.0,7.0,19.0,B01
201800032165,1.0,7,0,0.0,2.0,1.0,1.0,A01
201800032166,0.0,1,0,0.0,2.0,1.0,5.0,B01
201800032166,1.0,7,0,0.0,2.0,3.0,1.0,A01
201800032167,1.0,7,0,0.0,2.0,1.0,1.0,A01
201800032167,1.0,7,0,0.0,2.0,7.0,0.0,B01
201800032168,2.0,33,0,0.0,2.0,1.0,1.0,B01
201800032168,1.0,7,0,0.0,2.0,5.0,15.0,A01
201800032169,1.0,7,0,0.0,2.0,1.0,0.0,A01
201800032169,2.0,30,0,0.0,2.0,1.0,1.0,B01
201800032170,0.0,7,0,0.0,6.0,2.0,15.0,A01
201800032170,1.0,1,0,0.0,2.0,1.0,1.0,B01
201800032171,1.0,7,0,0.0,1.0,1.0,1.0,A01
201800032172,0.0,7,0,0.0,1.0,2.0,1.0,A01
201800032173,2.0,15,0,0.0,2.0,4.0,1.0,B01
201800032173,0.0,15,0,0.0,2.0,1.0,1.0,A01
201800032174,1.0,7,0,0.0,2.0,1.0,1.0,B01
201800032174,1.0,7,0,0.0,2.0,1.0,0.0,A01
201800032175,0.0,7,0,0.0,1.0,1.0,1.0,A01
201800032176,0.0,7,0,0.0,1.0,4.0,4.0,A01
201800032177,2.0,7,0,0.0,1.0,1.0,1.0,A01
201800032178,1.0,7,0,0.0,1.0,2.0,1.0,A01
201800032179,2.0,7,0,0.0,2.0,1.0,17.0,A01
201800032179,2.0,17,0,0.0,2.0,4.0,1.0,B01
201800032180,1.0,7,0,0.0,1.0,1.0,16.0,A01
201800032181,2.0,7,0,0.0,1.0,3.0,1.0,A01
201800032182,2.0,17,0,0.0,1.0,5.0,16.0,A01
201800032183,0.0,33,0,0.0,2.0,1.0,1.0,B01
201800032183,0.0,99,0,0.0,2.0,1.0,15.0,A01
201800032184,0.0,7,0,0.0,2.0,7.0,9.0,A01
201800032184,2.0,32,0,0.0,2.0,3.0,1.0,B01
201800032185,1.0,7,0,0.0,1.0,1.0,0.0,A01
201800032186,2.0,7,0,0.0,2.0,5.0,15.0,A01
201800032186,1.0,34,0,0.0,2.0,1.0,1.0,B01
201800032187,1.0,7,0,0.0,2.0,1.0,9.0,A01