Num_Acc,senc,catv,occutc,obs,obsm,choc,manv,num_veh
201800032700,2.0,7,0,1.0,0.0,1.0,14.0,A01
201800032701,0.0,7,0,0.0,1.0,1.0,15.0,A01
201800032702,2.0,7,0,0.0,2.0,4.0,2.0,C01
201800032702,2.0,14,0,0.0,0.0,1.0,2.0,A01
201800032702,2.0,15,0,0.0,0.0,4.0,2.0,B01
201800032703,1.0,33,0,0.0,2.0,1.0,1.0,A01
201800032703,2.0,7,0,0.0,9.0,7.0,15.0,B01
201800032704,2.0,7,0,0.0,2.0,1.0,1.0,B01
201800032704,2.0,7,0,0.0,2.0,3.0,1.0,A01
201800032705,2.0,7,0,0.0,2.0,6.0,11.0,B01
201800032705,2.0,33,0,0.0,2.0,6.0,11.0,A01
201800032706,2.0,7,0,0.0,2.0,1.0,13.0,B01
201800032706,2.0,7,0,0.0,2.0,1.0,13.0,A01
201800032707,1.0,7,0,7.0,0.0,0.0,1.0,A01
201800032708,1.0,33,0,0.0,0.0,9.0,21.0,A01
201800032709,2.0,15,0,7.0,0.0,0.0,1.0,A01
201800032710,2.0,2,0,0.0,0.0,3.0,1.0,A01
201800032711,2.0,33,0,0.0,2.0,1.0,1.0,A01
201800032711,1.0,7,0,0.0,2.0,2.0,19.0,B01
201800032712,2.0,10,0,9.0,0.0,1.0,0.0,A01
201800032713,1.0,7,0,0.0,2.0,3.0,1.0,A01
201800032713,2.0,7,0,8.0,2.0,3.0,1.0,B01
201800032714,2.0,7,0,0.0,2.0,1.0,15.0,A01
201800032714,2.0,7,0,0.0,2.0,2.0,1.0,B01
201800032714,1.0,7,0,0.0,2.0,1.0,1.0,C01
201800032715,1.0,7,0,0.0,2.0,3.0,13.0,A01
201800032715,2.0,7,0,0.0,2.0,1.0,1.0,B01
201800032716,2.0,7,0,0.0,2.0,3.0,1.0,A01
201800032716,1.0,20,0,0.0,2.0,1.0,9.0,B01
201800032717,1.0,10,0,0.0,2.0,1.0,1.0,A01
201800032717,1.0,7,0,0.0,0.0,4.0,15.0,B01
201800032717,2.0,7,0,0.0,2.0,2.0,0.0,C01
201800032717,0.0,7,0,0.0,2.0,1.0,0.0,D01
201800032718,2.0,7,0,0.0,2.0,1.0,1.0,B01
201800032718,2.0,2,0,0.0,2.0,8.0,15.0,A01
201800032719,2.0,7,0,0.0,2.0,7.0,1.0,A01
201800032719,1.0,7,0,0.0,2.0,1.0,1.0,B01
201800032720,1.0,7,0,0.0,2.0,3.0,13.0,A01
201800032720,2.0,7,0,0.0,2.0,3.0,1.0,B01
201800032721,2.0,7,0,0.0,2.0,3.0,13.0,A01
201800032721,1.0,7,0,0.0,2.0,3.0,2.0,B01
201800032722,2.0,33,0,15.0,2.0,1.0,1.0,B01
201800032722,2.0,7,0,0.0,2.0,3.0,19.0,A01
201800032723,1.0,33,0,10.0,0.0,7.0,14.0,A01
201800032724,2.0,7,0,13.0,0.0,1.0,1.0,A01
201800032725,2.0,33,0,10.0,0.0,7.0,1.0,A01
201800032726,1.0,7,0,0.0,2.0,2.0,17.0,A01
201800032726,1.0,7,0,13.0,2.0,6.0,13.0,B01
201800032727,1.0,7,0,0.0,2.0,1.0,13.0,A01
201800032727,2.0,7,0,0.0,2.0,1.0,1.0,B01
201800032728,1.0,31,0,13.0,0.0,1.0,14.0,A01
201800032729,1.0,7,0,0.0,2.0,3.0,13.0,A01
201800032729,2.0,7,0,0.0,2.0,3.0,1.0,B01
201800032730,2.0,7,0,15.0,0.0,1.0,14.0,A01
201800032731,2.0,38,1,7.0,1.0,6.0,23.0,A01
201800032731,2.0,14,0,1.0,0.0,1.0,2.0,B01
201800032732,1.0,38,11,0.0,0.0,4.0,2.0,B01
201800032732,1.0,10,0,3.0,2.0,1.0,2.0,A01
201800032733,2.0,7,0,2.0,0.0,9.0,14.0,A01
201800032734,2.0,33,0,0.0,2.0,1.0,11.0,A01
201800032734,1.0,30,0,0.0,2.0,1.0,1.0,B01
201800032734,2.0,7,0,0.0,0.0,1.0,2.0,C01
201800032735,1.0,7,0,0.0,2.0,1.0,1.0,A01
201800032735,1.0,7,0,0.0,0.0,4.0,23.0,B01
201800032736,2.0,7,0,0.0,0.0,2.0,1.0,A01
201800032737,1.0,2,0,0.0,6.0,1.0,1.0,A01
201800032738,2.0,7,0,2.0,0.0,1.0,13.0,A01
201800032739,1.0,3,0,0.0,2.0,3.0,5.0,A01
201800032739,2.0,21,0,0.0,2.0,3.0,1.0,B01
201800032740,1.0,31,0,0.0,9.0,1.0,11.0,A01
201800032740,1.0,1,0,0.0,2.0,1.0,1.0,B01
201800032741,0.0,7,0,0.0,2.0,3.0,10.0,A01
201800032741,1.0,33,0,0.0,2.0,1.0,1.0,B01
201800032742,2.0,33,0,12.0,0.0,7.0,1.0,A01
201800032743,2.0,31,0,3.0,0.0,7.0,1.0,A01
201800032744,1.0,21,0,0.0,0.0,5.0,23.0,A01
201800032744,1.0,1,0,1.0,0.0,1.0,2.0,B01
201800032745,1.0,7,0,0.0,0.0,9.0,1.0,A01
201800032746,1.0,7,0,2.0,0.0,1.0,2.0,A01
201800032747,2.0,7,0,13.0,0.0,2.0,1.0,A01
201800032748,1.0,7,0,7.0,2.0,2.0,13.0,A01
201800032748,2.0,15,0,0.0,2.0,3.0,1.0,B01
201800032749,1.0,2,0,0.0,2.0,1.0,1.0,A01
201800032749,1.0,7,0,0.0,2.0,7.0,4.0,B01
201800032750,1.0,7,0,0.0,1.0,0.0,0.0,Z01
201800032751,2.0,7,0,0.0,2.0,1.0,1.0,A01
201800032751,2.0,7,0,6.0,2.0,8.0,1.0,B01
201800032752,1.0,10,0,0.0,2.0,5.0,16.0,B01
201800032752,1.0,1,0,0.0,2.0,1.0,1.0,A01
201800032753,2.0,2,0,0.0,2.0,1.0,1.0,A01
201800032753,2.0,7,0,0.0,2.0,6.0,1.0,B01
201800032754,2.0,2,0,0.0,2.0,3.0,1.0,B01
201800032754,1.0,7,0,0.0,2.0,1.0,15.0,A01
201800032755,1.0,10,0,0.0,1.0,1.0,1.0,A01
201800032756,2.0,7,0,0.0,1.0,1.0,1.0,A01
201800032757,2.0,17,0,0.0,2.0,1.0,1.0,B01
201800032757,1.0,7,0,0.0,2.0,1.0,13.0,A01
201800032758,2.0,17,0,0.0,2.0,3.0,1.0,A01
201800032758,1.0,17,0,0.0,2.0,6.0,1.0,C01
201800032758,1.0,7,0,13.0,2.0,8.0,17.0,B01
201800032759,1.0,7,0,0.0,2.0,1.0,13.0,B01
201800032759,1.0,10,0,0.0,2.0,1.0,13.0,A01
201800032760,1.0,7,0,0.0,2.0,1.0,1.0,A01
201800032760,1.0,2,0,0.0,0.0,7.0,19.0,B01
201800032761,2.0,7,0,13.0,0.0,1.0,1.0,A01
201800032762,1.0,7,0,0.0,1.0,2.0,19.0,A01
201800032763,2.0,7,0,0.0,2.0,1.0,1.0,B01
201800032763,1.0,7,0,0.0,2.0,1.0,13.0,A01
201800032764,2.0,2,0,0.0,2.0,7.0,15.0,A01
201800032764,1.0,7,0,0.0,2.0,2.0,1.0,B01
201800032765,1.0,10,0,0.0,9.0,2.0,2.0,A01
201800032765,1.0,1,0,0.0,0.0,4.0,2.0,B01
201800032765,2.0,7,0,0.0,2.0,3.0,1.0,C01
201800032766,1.0,7,0,13.0,0.0,0.0,13.0,A01
201800032767,0.0,7,0,13.0,0.0,2.0,1.0,A01
201800032768,1.0,7,0,0.0,2.0,3.0,15.0,A01
201800032768,2.0,2,0,0.0,2.0,8.0,1.0,B01
201800032769,1.0,33,0,13.0,0.0,1.0,1.0,A01
201800032770,1.0,10,0,0.0,2.0,3.0,15.0,A01
201800032770,1.0,33,0,0.0,2.0,1.0,17.0,B01
201800032771,1.0,7,0,0.0,1.0,2.0,1.0,A01
201800032772,1.0,7,0,0.0,2.0,1.0,13.0,A01
201800032772,2.0,7,0,0.0,2.0,1.0,1.0,B01
201800032773,1.0,33,0,0.0,6.0,1.0,1.0,A01
201800032774,1.0,2,0,0.0,0.0,8.0,1.0,A01
201800032775,2.0,7,0,7.0,0.0,1.0,1.0,A01
201800032776,0.0,33,0,1.0,0.0,1.0,0.0,A01
201800032777,2.0,7,0,0.0,2.0,1.0,1.0,C01
201800032777,2.0,7,0,0.0,2.0,1.0,1.0,B01
201800032777,1.0,7,0,0.0,2.0,1.0,5.0,A01
201800032778,1.0,7,0,10.0,0.0,3.0,13.0,A01
201800032779,0.0,7,0,0.0,9.0,3.0,1.0,A01
201800032779,0.0,1,0,0.0,2.0,0.0,19.0,B01
201800032780,0.0,7,0,0.0,0.0,1.0,1.0,A01
201800032781,2.0,36,0,8.0,0.0,2.0,1.0,A01
201800032782,0.0,10,0,2.0,0.0,3.0,19.0,A01
201800032783,1.0,7,0,16.0,0.0,0.0,1.0,A01
201800032784,0.0,15,0,2.0,0.0,1.0,13.0,A01
201800032785,0.0,7,0,8.0,0.0,1.0,13.0,A01
201800032786,2.0,7,0,0.0,0.0,2.0,1.0,A01
201800032787,2.0,17,0,0.0,2.0,3.0,1.0,B01
201800032787,1.0,7,0,0.0,2.0,1.0,1.0,D01
201800032787,1.0,7,0,0.0,2.0,2.0,1.0,C01
201800032787,1.0,7,0,0.0,2.0,1.0,13.0,A01
201800032788,1.0,31,0,0.0,2.0,8.0,19.0,A01
201800032788,2.0,7,0,0.0,2.0,1.0,21.0,B01
201800032789,0.0,7,0,13.0,0.0,8.0,13.0,A01
201800032790,1.0,7,0,13.0,0.0,1.0,1.0,A01
201800032791,1.0,33,0,0.0,0.0,1.0,14.0,A01
201800032792,2.0,7,0,13.0,0.0,8.0,13.0,A01
201800032793,2.0,7,0,8.0,0.0,1.0,1.0,A01
201800032794,1.0,7,0,0.0,2.0,3.0,1.0,C01
201800032794,2.0,7,0,3.0,0.0,3.0,0.0,A01
201800032794,1.0,7,0,13.0,2.0,3.0,1.0,B01
201800032795,2.0,2,0,13.0,0.0,0.0,1.0,A01
201800032796,1.0,7,0,8.0,0.0,1.0,0.0,A01
201800032797,1.0,7,0,3.0,0.0,9.0,11.0,A01
201800032798,1.0,7,0,2.0,0.0,3.0,1.0,A01
201800032799,1.0,7,0,0.0,2.0,3.0,13.0,A01
201800032799,2.0,7,0,0.0,2.0,3.0,1.0,B01
201800032800,2.0,7,0,2.0,0.0,1.0,1.0,A01
201800032801,1.0,7,0,2.0,0.0,2.0,1.0,A01
201800032802,2.0,7,0,9.0,2.0,1.0,1.0,A01
201800032802,0.0,7,0,0.0,2.0,1.0,16.0,B01
201800032803,2.0,2,0,0.0,2.0,2.0,1.0,A01
201800032803,1.0,10,0,0.0,2.0,3.0,1.0,B01
201800032804,2.0,7,0,13.0,0.0,9.0,0.0,A01
201800032805,1.0,7,0,0.0,0.0,3.0,19.0,B01
201800032805,1.0,33,0,0.0,2.0,1.0,1.0,A01
201800032806,2.0,37,2,7.0,2.0,3.0,1.0,A01
201800032806,1.0,10,0,8.0,2.0,1.0,16.0,B01
201800032807,1.0,1,0,0.0,2.0,4.0,2.0,A01
201800032807,1.0,7,0,0.0,9.0,1.0,2.0,B01
201800032808,0.0,7,0,0.0,0.0,3.0,13.0,A01
201800032808,0.0,7,0,0.0,2.0,3.0,1.0,B01
201800032809,2.0,1,0,0.0,2.0,1.0,1.0,B01
201800032809,1.0,7,0,0.0,9.0,2.0,15.0,A01
201800032810,2.0,7,0,0.0,2.0,3.0,1.0,A01
201800032810,1.0,7,0,0.0,2.0,3.0,1.0,B01
201800032811,2.0,7,0,2.0,0.0,2.0,13.0,A01
201800032812,1.0,10,0,2.0,0.0,2.0,0.0,A01
201800032813,1.0,3,0,0.0,2.0,3.0,19.0,A01
201800032813,1.0,10,0,0.0,2.0,2.0,1.0,B01
201800032814,2.0,33,0,0.0,2.0,1.0,5.0,A01
201800032814,1.0,7,0,0.0,2.0,3.0,15.0,B01
201800032815,2.0,1,0,0.0,2.0,1.0,1.0,B01
201800032815,2.0,7,0,0.0,9.0,7.0,1.0,A01
201800032816,1.0,7,0,0.0,2.0,3.0,20.0,B01
201800032816,2.0,7,0,0.0,2.0,3.0,11.0,A01
201800032817,1.0,7,0,13.0,0.0,2.0,14.0,A01
201800032818,1.0,7,0,0.0,2.0,3.0,1.0,B01
201800032818,1.0,7,0,0.0,2.0,3.0,1.0,C01
201800032818,2.0,7,0,0.0,2.0,1.0,0.0,A01
201800032819,2.0,33,0,0.0,0.0,2.0,1.0,A01
201800032820,1.0,1,0,0.0,2.0,4.0,11.0,B01
201800032820,1.0,7,0,0.0,9.0,2.0,2.0,A01
201800032821,1.0,1,0,0.0,2.0,0.0,13.0,A01
201800032821,1.0,7,0,0.0,9.0,8.0,21.0,B01
201800032822,2.0,7,0,2.0,0.0,1.0,0.0,A01
201800032823,2.0,14,0,0.0,2.0,1.0,2.0,A01
201800032823,2.0,7,0,0.0,2.0,4.0,2.0,C01
201800032823,2.0,7,0,0.0,2.0,4.0,2.0,B01
201800032824,2.0,7,0,3.0,2.0,3.0,13.0,A01
201800032824,1.0,17,0,0.0,2.0,1.0,21.0,B01
201800032825,2.0,7,0,2.0,0.0,1.0,1.0,A01
201800032826,2.0,7,0,8.0,0.0,0.0,1.0,A01
201800032827,2.0,7,0,0.0,1.0,2.0,2.0,A01
201800032828,1.0,7,0,0.0,0.0,2.0,1.0,A01
201800032829,1.0,7,0,0.0,2.0,3.0,1.0,B01
201800032829,2.0,7,0,0.0,2.0,1.0,1.0,A01
201800032830,1.0,7,0,2.0,0.0,1.0,1.0,A01
201800032831,2.0,7,0,12.0,2.0,1.0,1.0,B01
201800032831,1.0,7,0,0.0,2.0,1.0,13.0,A01
201800032832,1.0,7,0,0.0,1.0,2.0,2.0,A01
201800032833,1.0,7,0,0.0,1.0,1.0,2.0,A01
201800032834,2.0,7,0,0.0,2.0,0.0,9.0,A01
201800032834,1.0,1,0,0.0,2.0,7.0,1.0,B01
201800032835,1.0,7,0,0.0,2.0,1.0,1.0,C01
201800032835,1.0,7,0,0.0,2.0,1.0,2.0,D01
201800032835,2.0,7,0,0.0,2.0,1.0,2.0,A01
201800032835,2.0,7,0,0.0,2.0,4.0,1.0,B01
201800032836,1.0,7,0,0.0,2.0,3.0,13.0,A01
201800032836,2.0,15,0,0.0,2.0,3.0,21.0,B01
201800032837,1.0,7,0,0.0,2.0,2.0,1.0,B01
201800032837,1.0,1,0,0.0,2.0,0.0,19.0,A01
201800032838,0.0,7,0,0.0,2.0,1.0,13.0,A01
201800032838,0.0,7,0,0.0,2.0,1.0,2.0,B01
201800032839,1.0,7,0,3.0,2.0,1.0,13.0,A01
201800032839,2.0,17,0,0.0,2.0,1.0,1.0,B01
201800032840,2.0,17,0,3.0,2.0,1.0,1.0,B01
201800032840,1.0,7,0,0.0,2.0,1.0,13.0,A01
201800032841,2.0,7,0,0.0,2.0,1.0,1.0,B01
201800032841,1.0,10,0,0.0,2.0,1.0,13.0,A01
201800032842,1.0,16,0,0.0,2.0,1.0,2.0,A01
201800032842,1.0,15,0,0.0,2.0,4.0,1.0,B01
201800032843,1.0,7,0,0.0,1.0,3.0,1.0,A01
201800032844,0.0,7,0,13.0,0.0,7.0,0.0,A01
201800032845,2.0,1,0,0.0,2.0,1.0,0.0,B01
201800032845,1.0,7,0,0.0,2.0,2.0,0.0,A01
201800032846,0.0,7,0,0.0,2.0,6.0,18.0,A01
201800032846,0.0,7,0,0.0,2.0,6.0,23.0,B01
201800032847,0.0,7,0,0.0,2.0,2.0,22.0,A01
201800032847,0.0,1,0,0.0,2.0,3.0,0.0,B01
201800032848,1.0,7,0,0.0,1.0,1.0,0.0,A01
201800032849,2.0,7,0,0.0,1.0,8.0,1.0,A01
201800032850,0.0,1,0,0.0,1.0,1.0,0.0,A01
201800032851,1.0,7,0,0.0,1.0,1.0,0.0,A01
201800032852,0.0,7,0,0.0,1.0,4.0,0.0,A01
201800032853,0.0,7,0,0.0,1.0,0.0,0.0,Z01
201800032854,0.0,7,0,11.0,2.0,7.0,15.0,A01
201800032854,0.0,33,0,0.0,2.0,1.0,1.0,B01
201800032855,1.0,2,0,0.0,2.0,1.0,0.0,B01
201800032855,1.0,7,0,0.0,2.0,0.0,0.0,A01
201800032856,0.0,7,0,0.0,2.0,8.0,1.0,A01
201800032856,0.0,1,0,0.0,2.0,1.0,19.0,B01
201800032857,1.0,33,0,0.0,2.0,1.0,1.0,B01
201800032857,0.0,7,0,0.0,2.0,1.0,0.0,A01
201800032858,2.0,31,0,0.0,2.0,1.0,17.0,A01
201800032858,2.0,7,0,0.0,2.0,8.0,15.0,B01
201800032859,0.0,33,0,0.0,2.0,7.0,17.0,A01
201800032859,0.0,7,0,0.0,2.0,8.0,10.0,B01
201800032860,0.0,7,0,10.0,0.0,1.0,15.0,A01
201800032861,1.0,10,0,6.0,0.0,1.0,0.0,A01
201800032862,0.0,7,0,0.0,1.0,1.0,1.0,A01
201800032863,2.0,2,0,0.0,2.0,1.0,1.0,B01
201800032863,1.0,10,0,0.0,2.0,2.0,11.0,A01
201800032864,1.0,7,0,0.0,2.0,1.0,14.0,A01
201800032864,1.0,1,0,0.0,0.0,8.0,1.0,B01
201800032865,0.0,10,0,0.0,2.0,1.0,1.0,B01
201800032865,0.0,10,0,0.0,2.0,7.0,15.0,A01
201800032866,0.0,7,0,0.0,2.0,5.0,15.0,A01
201800032866,0.0,2,0,0.0,2.0,1.0,1.0,B01
201800032867,1.0,7,0,0.0,1.0,1.0,1.0,A01
201800032868,1.0,38,1,0.0,2.0,3.0,15.0,A01
201800032868,2.0,7,0,0.0,2.0,1.0,1.0,B01
201800032869,0.0,7,0,0.0,2.0,1.0,13.0,A01
201800032869,0.0,7,0,0.0,2.0,0.0,0.0,C01
201800032869,0.0,7,0,0.0,2.0,3.0,1.0,B01
201800032870,0.0,10,0,0.0,2.0,1.0,1.0,A01
201800032870,0.0,7,0,0.0,2.0,3.0,1.0,B01
201800032871,0.0,2,0,0.0,0.0,0.0,1.0,A01
201800032872,0.0,7,0,0.0,0.0,1.0,1.0,A01
201800032873,1.0,7,0,0.0,2.0,1.0,1.0,A01
201800032873,1.0,7,0,0.0,2.0,4.0,1.0,B01
201800032874,1.0,1,0,0.0,0.0,1.0,1.0,A01
201800032875,1.0,7,0,0.0,2.0,1.0,2.0,A01
201800032875,1.0,7,0,0.0,2.0,4.0,2.0,B01
201800032876,1.0,7,0,0.0,1.0,1.0,1.0,A01
201800032877,1.0,7,0,13.0,0.0,7.0,1.0,A01
201800032878,2.0,14,0,0.0,2.0,6.0,1.0,B01
201800032878,1.0,1,0,0.0,2.0,8.0,13.0,A01
201800032879,1.0,7,0,0.0,2.0,2.0,15.0,B01
201800032879,1.0,33,0,0.0,2.0,1.0,1.0,A01
201800032880,2.0,7,0,6.0,0.0,2.0,14.0,A01
201800032881,0.0,1,0,0.0,2.0,4.0,0.0,B01
201800032881,0.0,7,0,0.0,2.0,1.0,0.0,A01
201800032882,2.0,10,0,0.0,2.0,1.0,1.0,B01
201800032882,1.0,7,0,0.0,2.0,6.0,15.0,A01
201800032883,2.0,7,0,0.0,2.0,1.0,1.0,B01
201800032883,1.0,7,0,0.0,2.0,8.0,15.0,A01
201800032884,0.0,7,0,0.0,2.0,0.0,0.0,A01
201800032884,0.0,33,0,0.0,2.0,4.0,1.0,B01
201800032885,0.0,10,0,0.0,2.0,1.0,13.0,A01
201800032885,0.0,10,0,0.0,2.0,1.0,1.0,B01
201800032886,0.0,2,0,0.0,2.0,2.0,19.0,B01
201800032886,1.0,7,0,0.0,2.0,1.0,1.0,A01
201800032887,1.0,7,0,0.0,2.0,6.0,0.0,B01
201800032887,1.0,7,0,0.0,2.0,3.0,0.0,A01
201800032888,0.0,30,0,0.0,0.0,0.0,0.0,A01
201800032889,1.0,7,0,0.0,2.0,6.0,1.0,B01
201800032889,1.0,32,0,0.0,2.0,1.0,2.0,A01
201800032890,1.0,32,0,9.0,0.0,1.0,1.0,A01
201800032891,0.0,7,0,0.0,2.0,3.0,16.0,A01
201800032891,0.0,7,0,0.0,2.0,1.0,1.0,B01
201800032892,1.0,7,0,2.0,0.0,3.0,13.0,A01
201800032893,0.0,7,0,0.0,2.0,3.0,0.0,B01
201800032893,0.0,7,0,0.0,2.0,3.0,13.0,A01
201800032894,2.0,7,0,5.0,0.0,7.0,0.0,A01
201800032895,0.0,7,0,0.0,2.0,3.0,15.0,B01
201800032895,0.0,10,0,0.0,2.0,1.0,1.0,A01
201800032896,0.0,7,0,0.0,2.0,2.0,5.0,B01
201800032896,0.0,7,0,0.0,2.0,2.0,0.0,A01
201800032897,0.0,30,0,0.0,0.0,3.0,1.0,A01
201800032898,0.0,7,0,0.0,2.0,1.0,13.0,A01
201800032898,0.0,7,0,0.0,2.0,1.0,14.0,B01
201800032898,0.0,7,0,0.0,2.0,3.0,0.0,C01
201800032899,1.0,10,0,0.0,0.0,3.0,1.0,A01
201800032900,0.0,7,0,16.0,0.0,6.0,10.0,A01
201800032900,0.0,7,0,0.0,2.0,1.0,0.0,B01
201800032901,0.0,7,0,2.0,0.0,1.0,16.0,A01
201800032902,0.0,10,0,0.0,2.0,5.0,15.0,A01
201800032902,0.0,10,0,0.0,2.0,1.0,1.0,B01
201800032903,1.0,7,0,0.0,1.0,3.0,13.0,A01
201800032904,1.0,37,43,0.0,1.0,0.0,15.0,A01
201800032905,2.0,7,0,13.0,0.0,1.0,1.0,A01
201800032906,1.0,7,0,0.0,2.0,3.0,15.0,B01
201800032906,1.0,33,0,0.0,2.0,3.0,17.0,A01
201800032907,1.0,7,0,0.0,2.0,1.0,1.0,A01
201800032907,2.0,7,0,0.0,2.0,3.0,15.0,B01
201800032908,0.0,7,0,0.0,2.0,2.0,2.0,A01
201800032908,0.0,1,0,0.0,2.0,4.0,2.0,B01
201800032909,1.0,7,0,7.0,0.0,3.0,16.0,A01
201800032910,1.0,33,0,15.0,0.0,0.0,1.0,A01
201800032911,1.0,7,0,0.0,0.0,2.0,1.0,A01
201800032912,2.0,7,0,0.0,2.0,3.0,1.0,A01
201800032912,1.0,7,0,0.0,2.0,3.0,13.0,B01
201800032913,1.0,7,0,0.0,1.0,3.0,1.0,A01
201800032914,1.0,1,0,0.0,2.0,4.0,1.0,B01
201800032914,1.0,7,0,0.0,2.0,1.0,9.0,A01
201800032915,0.0,7,0,0.0,1.0,1.0,1.0,Z01
201800032916,0.0,7,0,0.0,2.0,5.0,9.0,B01
201800032916,0.0,2,0,0.0,2.0,1.0,1.0,A01
201800032917,2.0,7,0,0.0,2.0,1.0,15.0,A01
201800032917,2.0,33,0,0.0,2.0,3.0,1.0,B01
201800032918,2.0,7,0,0.0,1.0,2.0,1.0,A01
201800032919,0.0,99,0,0.0,2.0,7.0,17.0,A01
201800032919,0.0,30,0,0.0,2.0,0.0,1.0,B01
201800032920,1.0,99,0,0.0,2.0,0.0,0.0,A01
201800032920,1.0,7,0,0.0,2.0,3.0,1.0,B01
201800032921,0.0,33,0,0.0,0.0,1.0,0.0,A01
201800032922,2.0,1,0,0.0,2.0,8.0,9.0,A01
201800032922,2.0,10,0,0.0,2.0,7.0,1.0,B01
201800032923,0.0,7,0,0.0,2.0,3.0,1.0,B01
201800032923,0.0,1,0,0.0,2.0,1.0,6.0,A01
201800032924,2.0,7,0,0.0,1.0,7.0,21.0,A01
201800032925,1.0,7,0,0.0,2.0,7.0,15.0,A01
201800032925,2.0,2,0,0.0,2.0,1.0,1.0,B01
201800032926,0.0,10,0,0.0,0.0,0.0,1.0,A01
201800032926,0.0,33,0,0.0,0.0,0.0,0.0,B01
201800032927,0.0,2,0,0.0,2.0,1.0,2.0,A01
201800032927,0.0,7,0,0.0,0.0,6.0,2.0,B01
201800032928,2.0,10,0,0.0,2.0,7.0,0.0,B01
201800032928,2.0,10,0,0.0,2.0,3.0,0.0,A01
201800032929,0.0,10,0,0.0,2.0,1.0,1.0,B01
201800032929,0.0,10,0,0.0,2.0,1.0,1.0,A01
201800032930,1.0,33,0,0.0,2.0,4.0,17.0,A01
201800032930,1.0,7,0,0.0,2.0,4.0,15.0,B01
201800032931,2.0,10,0,0.0,2.0,2.0,1.0,C01
201800032931,1.0,7,0,0.0,2.0,1.0,13.0,A01
201800032931,2.0,7,0,0.0,2.0,1.0,1.0,B01
201800032931,2.0,7,0,0.0,2.0,1.0,1.0,D01
201800032932,0.0,32,0,12.0,0.0,7.0,16.0,A01
201800032933,0.0,1,0,0.0,2.0,8.0,1.0,B01
201800032933,0.0,7,0,0.0,2.0,1.0,16.0,A01
201800032934,1.0,7,0,0.0,1.0,2.0,1.0,A01
201800032935,0.0,7,0,0.0,2.0,4.0,1.0,B01
201800032935,0.0,33,0,0.0,2.0,1.0,2.0,A01
201800032936,1.0,7,0,0.0,1.0,3.0,1.0,A01
201800032937,0.0,7,0,0.0,2.0,3.0,0.0,B01
201800032937,0.0,30,0,0.0,2.0,1.0,1.0,A01
201800032938,0.0,34,0,0.0,2.0,7.0,1.0,B01
201800032938,0.0,7,0,0.0,2.0,6.0,11.0,A01
201800032939,0.0,2,0,0.0,2.0,1.0,21.0,B01
201800032939,0.0,7,0,0.0,2.0,3.0,15.0,A01
201800032940,0.0,7,0,0.0,0.0,1.0,1.0,A01
201800032941,1.0,7,0,1.0,0.0,9.0,1.0,A01
201800032942,0.0,1,0,0.0,2.0,1.0,9.0,A01
201800032942,2.0,7,0,0.0,2.0,7.0,1.0,B01
201800032943,0.0,30,0,0.0,2.0,6.0,2.0,A01
201800032943,0.0,99,0,0.0,0.0,0.0,0.0,B01
201800032944,2.0,30,0,0.0,2.0,1.0,2.0,A01
201800032944,2.0,10,0,0.0,2.0,4.0,16.0,B01
201800032945,1.0,7,0,0.0,2.0,6.0,0.0,B01
201800032945,1.0,33,0,0.0,2.0,6.0,2.0,A01
201800032946,0.0,2,0,0.0,2.0,7.0,2.0,B01
201800032946,0.0,7,0,0.0,2.0,3.0,2.0,A01
201800032947,1.0,7,0,0.0,1.0,2.0,1.0,A01
201800032948,2.0,7,0,0.0,1.0,3.0,0.0,A01
201800032949,0.0,1,0,0.0,2.0,2.0,1.0,B01
201800032949,0.0,7,0,0.0,2.0,3.0,16.0,A01
201800032950,0.0,7,0,0.0,2.0,2.0,19.0,A01
201800032950,0.0,2,0,0.0,2.0,1.0,1.0,B01
201800032951,0.0,7,0,0.0,2.0,1.0,5.0,A01
201800032951,0.0,7,0,0.0,2.0,1.0,1.0,B01
201800032952,0.0,2,0,0.0,2.0,1.0,0.0,B01
201800032952,0.0,7,0,0.0,2.0,1.0,9.0,A01
201800032953,2.0,30,0,0.0,2.0,0.0,1.0,A01
201800032954,0.0,7,0,0.0,2.0,4.0,2.0,B01
201800032954,0.0,7,0,0.0,2.0,1.0,2.0,A01
201800032955,1.0,17,0,0.0,2.0,6.0,1.0,B01
201800032955,1.0,14,0,0.0,2.0,1.0,1.0,A01
201800032956,1.0,7,0,0.0,0.0,4.0,1.0,B01
201800032956,1.0,7,0,0.0,2.0,1.0,2.0,A01
201800032957,1.0,7,0,13.0,0.0,1.0,14.0,A01
201800032958,1.0,7,0,6.0,0.0,1.0,13.0,A01
201800032959,1.0,7,0,0.0,2.0,3.0,13.0,A01
201800032959,2.0,32,0,0.0,2.0,3.0,1.0,B01
201800032960,1.0,7,0,0.0,0.0,3.0,1.0,A01
201800032961,1.0,31,0,0.0,2.0,1.0,17.0,A01
201800032961,1.0,7,0,0.0,2.0,8.0,15.0,B01
201800032962,1.0,7,0,0.0,2.0,3.0,13.0,A01
201800032962,2.0,7,0,0.0,2.0,1.0,1.0,C01
201800032962,2.0,7,0,0.0,2.0,3.0,1.0,B01
201800032963,1.0,7,0,0.0,2.0,3.0,13.0,A01
201800032963,2.0,7,0,0.0,0.0,3.0,1.0,B01