Num_Acc,senc,catv,occutc,obs,obsm,choc,manv,num_veh
201800032964,1.0,7,0,0.0,2.0,0.0,1.0,A01
201800032964,2.0,7,0,0.0,2.0,0.0,1.0,B01
201800032965,2.0,15,0,0.0,2.0,3.0,14.0,B01
201800032965,1.0,7,0,0.0,2.0,1.0,13.0,A01
201800032966,1.0,7,0,2.0,0.0,9.0,1.0,A01
201800032967,2.0,7,0,6.0,0.0,1.0,1.0,A01
201800032968,0.0,7,0,2.0,0.0,8.0,1.0,A01
201800032969,0.0,7,0,2.0,0.0,1.0,14.0,A01
201800032970,1.0,7,0,13.0,0.0,2.0,1.0,A01
201800032971,2.0,7,0,3.0,0.0,1.0,1.0,A01
201800032972,2.0,17,0,0.0,2.0,3.0,1.0,B01
201800032972,2.0,7,0,0.0,2.0,2.0,17.0,A01
201800032973,2.0,7,0,0.0,1.0,2.0,1.0,A01
201800032974,1.0,7,0,0.0,2.0,1.0,1.0,B01
201800032974,2.0,7,0,0.0,2.0,1.0,15.0,A01
201800032975,0.0,7,0,0.0,2.0,1.0,1.0,A01
201800032975,0.0,7,0,0.0,2.0,1.0,1.0,B01
201800032976,2.0,7,0,2.0,0.0,6.0,14.0,A01
201800032977,2.0,7,0,16.0,0.0,1.0,1.0,A01
201800032978,1.0,7,0,0.0,1.0,2.0,1.0,A01
201800032979,0.0,7,0,1.0,0.0,2.0,1.0,A01
201800032979,0.0,7,0,1.0,0.0,3.0,0.0,B01
201800032980,1.0,7,0,0.0,2.0,2.0,5.0,A01
201800032980,1.0,31,0,0.0,2.0,1.0,1.0,B01
201800032981,1.0,7,0,0.0,2.0,4.0,23.0,B01
201800032981,1.0,7,0,0.0,2.0,1.0,15.0,A01
201800032982,1.0,1,0,0.0,6.0,0.0,0.0,A01
201800032983,1.0,7,0,0.0,2.0,4.0,1.0,B01
201800032983,1.0,7,0,0.0,2.0,1.0,1.0,A01
201800032984,0.0,32,0,0.0,0.0,0.0,0.0,A01
201800032984,1.0,7,0,0.0,2.0,1.0,1.0,B01
201800032985,1.0,7,0,0.0,2.0,1.0,1.0,A01
201800032985,1.0,7,0,0.0,2.0,3.0,1.0,B01
201800032986,1.0,7,0,0.0,2.0,7.0,15.0,A01
201800032986,1.0,7,0,0.0,2.0,1.0,1.0,B01
201800032987,1.0,33,0,3.0,0.0,7.0,1.0,A01
201800032988,1.0,7,0,0.0,2.0,4.0,1.0,B01
201800032988,1.0,7,0,0.0,2.0,1.0,1.0,A01
201800032989,1.0,32,0,0.0,6.0,7.0,1.0,A01
201800032990,1.0,7,0,3.0,0.0,8.0,13.0,A01
201800032991,0.0,7,0,6.0,0.0,1.0,0.0,A01
201800032992,1.0,7,0,0.0,1.0,1.0,1.0,A01
201800032993,0.0,7,0,0.0,0.0,2.0,14.0,A01
201800032994,1.0,7,0,0.0,1.0,3.0,1.0,A01
201800032995,0.0,20,0,3.0,0.0,3.0,13.0,A01
201800032996,1.0,1,0,0.0,2.0,8.0,15.0,B01
201800032996,1.0,7,0,0.0,2.0,1.0,1.0,A01
201800032997,1.0,7,0,0.0,2.0,3.0,16.0,B01
201800032997,1.0,10,0,0.0,2.0,3.0,15.0,A01
201800032998,1.0,7,0,0.0,2.0,3.0,16.0,A01
201800032998,1.0,30,0,0.0,2.0,1.0,1.0,B01
201800032999,0.0,7,0,8.0,0.0,2.0,0.0,A01
201800033000,2.0,7,0,15.0,0.0,1.0,0.0,A01
201800033001,1.0,7,0,0.0,6.0,7.0,1.0,A01
201800033002,1.0,7,0,0.0,1.0,1.0,1.0,A01
201800033003,1.0,7,0,0.0,2.0,1.0,15.0,A01
201800033003,1.0,7,0,0.0,2.0,1.0,14.0,B01
201800033004,1.0,30,0,0.0,0.0,7.0,1.0,A01
201800033005,1.0,7,0,0.0,1.0,3.0,2.0,A01
201800033006,1.0,7,0,13.0,0.0,1.0,0.0,A01
201800033007,1.0,7,0,0.0,2.0,7.0,16.0,A01
201800033007,2.0,34,0,0.0,2.0,6.0,0.0,B01
201800033008,2.0,7,0,0.0,2.0,1.0,0.0,B01
201800033008,1.0,7,0,0.0,2.0,1.0,13.0,A01
201800033009,1.0,7,0,0.0,2.0,8.0,1.0,A01
201800033009,1.0,7,0,0.0,2.0,1.0,1.0,B01
201800033010,0.0,7,0,0.0,2.0,0.0,0.0,A01
201800033010,0.0,1,0,0.0,2.0,0.0,0.0,B01
201800033011,1.0,7,0,0.0,1.0,8.0,0.0,A01
201800033012,1.0,10,0,5.0,0.0,1.0,0.0,A01
201800033013,1.0,7,0,0.0,2.0,1.0,13.0,A01
201800033013,1.0,7,0,0.0,2.0,1.0,1.0,B01
201800033014,1.0,33,0,3.0,0.0,2.0,1.0,A01
201800033015,1.0,7,0,0.0,2.0,0.0,0.0,B01
201800033015,1.0,7,0,0.0,2.0,2.0,16.0,A01
201800033016,1.0,7,0,0.0,1.0,3.0,0.0,A01
201800033017,2.0,7,0,0.0,1.0,1.0,1.0,A01
201800033018,1.0,7,0,8.0,0.0,1.0,13.0,A01
201800033019,1.0,7,0,0.0,1.0,1.0,1.0,A01
201800033020,1.0,7,0,0.0,5.0,1.0,1.0,A01
201800033021,1.0,7,0,0.0,1.0,1.0,1.0,A01
201800033022,1.0,7,0,0.0,2.0,1.0,19.0,A01
201800033022,1.0,30,0,0.0,2.0,8.0,1.0,B01
201800033023,2.0,7,0,0.0,2.0,1.0,15.0,A01
201800033023,1.0,31,0,0.0,2.0,3.0,1.0,B01
201800033024,0.0,1,0,0.0,2.0,1.0,1.0,B01
201800033024,0.0,7,0,0.0,2.0,3.0,15.0,A01
201800033025,1.0,7,0,0.0,2.0,7.0,1.0,B01
201800033025,1.0,2,0,0.0,2.0,7.0,15.0,A01
201800033026,0.0,7,0,0.0,2.0,6.0,1.0,B01
201800033026,0.0,7,0,0.0,2.0,1.0,0.0,A01
201800033027,0.0,20,0,13.0,0.0,7.0,1.0,A01
201800033028,0.0,7,0,0.0,2.0,1.0,0.0,A01
201800033028,0.0,34,0,0.0,0.0,4.0,23.0,B01
201800033029,0.0,99,0,3.0,0.0,1.0,14.0,A01
201800033030,0.0,7,0,0.0,1.0,1.0,17.0,A01
201800033031,0.0,7,0,0.0,2.0,4.0,2.0,B01
201800033031,0.0,7,0,0.0,2.0,1.0,0.0,A01
201800033031,0.0,10,0,0.0,2.0,4.0,23.0,C01
201800033032,1.0,7,0,0.0,1.0,1.0,16.0,A01
201800033033,1.0,7,0,3.0,0.0,7.0,1.0,A01
201800033034,0.0,7,0,0.0,2.0,1.0,1.0,A01
201800033034,0.0,7,0,0.0,2.0,8.0,1.0,B01
201800033035,1.0,7,0,1.0,0.0,7.0,14.0,A01
201800033036,0.0,99,0,8.0,0.0,1.0,2.0,A01
201800033037,1.0,10,0,0.0,2.0,3.0,15.0,B01
201800033037,1.0,10,0,0.0,2.0,1.0,17.0,A01
201800033038,1.0,7,0,0.0,1.0,1.0,1.0,A01
201800033039,0.0,7,0,0.0,2.0,7.0,13.0,A01
201800033039,0.0,7,0,0.0,2.0,8.0,1.0,B01
201800033040,1.0,7,0,0.0,2.0,4.0,1.0,B01
201800033040,1.0,7,0,0.0,2.0,1.0,1.0,A01
201800033041,1.0,7,0,0.0,2.0,3.0,1.0,B01
201800033041,1.0,7,0,0.0,2.0,8.0,1.0,C01
201800033041,1.0,7,0,0.0,2.0,6.0,1.0,D01
201800033041,2.0,7,0,0.0,2.0,8.0,13.0,A01
201800033042,1.0,7,0,0.0,2.0,7.0,15.0,A01
201800033042,1.0,7,0,0.0,2.0,1.0,1.0,B01
201800033043,1.0,3,0,0.0,2.0,6.0,15.0,B01
201800033043,1.0,7,0,0.0,2.0,1.0,17.0,A01
201800033044,0.0,7,0,13.0,0.0,2.0,1.0,A01
201800033045,2.0,30,0,0.0,0.0,7.0,1.0,A01
201800033046,1.0,30,0,0.0,0.0,7.0,1.0,A01
201800033047,1.0,7,0,0.0,2.0,1.0,1.0,A01
201800033047,1.0,7,0,0.0,2.0,8.0,1.0,B01
201800033048,1.0,7,0,0.0,2.0,1.0,1.0,A01
201800033048,1.0,10,0,0.0,2.0,4.0,1.0,B01
201800033049,1.0,7,0,0.0,2.0,1.0,1.0,B01
201800033049,1.0,7,0,0.0,2.0,8.0,19.0,A01
201800033050,1.0,7,0,0.0,1.0,1.0,1.0,A01
201800033051,1.0,1,0,0.0,2.0,3.0,1.0,B01
201800033051,1.0,7,0,0.0,2.0,2.0,16.0,A01
201800033052,2.0,7,0,0.0,2.0,3.0,9.0,A01
201800033052,1.0,7,0,0.0,2.0,2.0,1.0,B01
201800033053,1.0,7,0,0.0,2.0,1.0,1.0,A01
201800033053,1.0,7,0,0.0,2.0,4.0,1.0,B01
201800033054,2.0,7,0,0.0,2.0,1.0,1.0,A01
201800033054,1.0,7,0,0.0,2.0,7.0,1.0,B01
201800033055,1.0,7,0,0.0,2.0,4.0,2.0,B01
201800033055,1.0,7,0,0.0,0.0,4.0,23.0,D01
201800033055,1.0,7,0,0.0,2.0,1.0,2.0,A01
201800033055,1.0,7,0,0.0,2.0,4.0,23.0,C01
201800033056,2.0,7,0,0.0,2.0,2.0,1.0,B01
201800033056,1.0,7,0,0.0,2.0,5.0,15.0,A01
201800033057,1.0,7,0,0.0,1.0,4.0,4.0,A01
201800033058,1.0,7,0,0.0,1.0,1.0,1.0,A01
201800033059,1.0,7,0,13.0,0.0,7.0,1.0,A01
201800033060,1.0,7,0,0.0,2.0,1.0,1.0,A01
201800033060,1.0,7,0,0.0,2.0,7.0,1.0,B01
201800033061,1.0,7,0,6.0,0.0,7.0,1.0,A01
201800033062,1.0,30,0,6.0,0.0,7.0,1.0,A01
201800033063,2.0,7,0,0.0,2.0,1.0,1.0,B01
201800033063,1.0,7,0,0.0,2.0,3.0,15.0,A01
201800033064,2.0,7,0,0.0,2.0,3.0,5.0,A01
201800033064,1.0,7,0,0.0,2.0,3.0,2.0,B01
201800033065,1.0,7,0,13.0,0.0,2.0,1.0,A01
201800033066,0.0,7,0,0.0,2.0,1.0,1.0,B01
201800033066,0.0,2,0,0.0,2.0,1.0,5.0,A01
201800033067,1.0,10,0,0.0,2.0,7.0,17.0,A01
201800033067,1.0,2,0,0.0,2.0,8.0,15.0,B01
201800033068,0.0,7,0,0.0,1.0,0.0,1.0,A01
201800033069,2.0,7,0,0.0,9.0,3.0,1.0,A01
201800033069,0.0,1,0,0.0,2.0,8.0,19.0,B01
201800033070,0.0,7,0,2.0,0.0,5.0,1.0,A01
201800033071,1.0,7,0,2.0,0.0,1.0,13.0,A01
201800033072,0.0,2,0,0.0,0.0,3.0,11.0,A01
201800033072,0.0,2,0,0.0,0.0,2.0,1.0,B01
201800033073,0.0,7,0,2.0,0.0,5.0,1.0,A01
201800033074,0.0,2,0,0.0,2.0,1.0,1.0,A01
201800033074,0.0,7,0,0.0,2.0,2.0,1.0,B01
201800033075,2.0,7,0,2.0,0.0,1.0,13.0,A01
201800033076,1.0,7,0,2.0,0.0,1.0,1.0,A01
201800033077,2.0,7,0,2.0,0.0,4.0,2.0,B01
201800033077,2.0,7,0,0.0,2.0,1.0,2.0,A01
201800033078,1.0,7,0,13.0,0.0,0.0,1.0,A01
201800033079,1.0,1,0,0.0,2.0,1.0,2.0,A01
201800033079,1.0,1,0,0.0,2.0,4.0,15.0,B01
201800033080,2.0,7,0,0.0,2.0,1.0,1.0,A01
201800033080,2.0,7,0,0.0,2.0,4.0,15.0,B01
201800033080,1.0,7,0,0.0,2.0,3.0,1.0,C01
201800033081,0.0,7,0,0.0,1.0,2.0,1.0,A01
201800033082,1.0,7,0,16.0,0.0,0.0,1.0,A01
201800033083,0.0,33,0,0.0,2.0,1.0,1.0,B01
201800033083,0.0,7,0,0.0,2.0,7.0,1.0,A01
201800033084,0.0,7,0,0.0,2.0,6.0,23.0,B01
201800033084,0.0,2,0,0.0,2.0,1.0,21.0,A01
201800033085,1.0,7,0,0.0,2.0,7.0,15.0,A01
201800033085,0.0,7,0,0.0,2.0,1.0,1.0,B01
201800033086,0.0,7,0,0.0,2.0,1.0,2.0,A01
201800033086,0.0,7,0,0.0,2.0,4.0,2.0,B01
201800033087,0.0,7,0,0.0,1.0,7.0,1.0,A01
201800033088,0.0,33,0,0.0,2.0,1.0,1.0,B01
201800033088,0.0,7,0,0.0,2.0,2.0,10.0,A01
201800033089,0.0,31,0,0.0,2.0,8.0,1.0,B01
201800033089,0.0,7,0,0.0,2.0,1.0,15.0,A01
201800033090,0.0,7,0,0.0,1.0,1.0,1.0,A01
201800033091,0.0,7,0,0.0,2.0,4.0,1.0,B01
201800033091,0.0,7,0,0.0,2.0,1.0,2.0,A01
201800033092,0.0,7,0,0.0,2.0,1.0,1.0,A01
201800033092,0.0,7,0,0.0,2.0,8.0,15.0,B01
201800033093,0.0,1,0,0.0,2.0,1.0,15.0,B01
201800033093,0.0,7,0,0.0,2.0,7.0,15.0,A01
201800033094,0.0,33,0,0.0,2.0,4.0,2.0,C01
201800033094,0.0,33,0,0.0,2.0,4.0,2.0,B01
201800033094,1.0,33,0,0.0,2.0,1.0,2.0,A01
201800033095,0.0,7,0,0.0,2.0,3.0,1.0,B01
201800033095,0.0,2,0,0.0,2.0,8.0,1.0,A01
201800033096,0.0,7,0,0.0,2.0,7.0,15.0,A01
201800033096,0.0,2,0,0.0,2.0,1.0,1.0,B01
201800033097,1.0,7,0,0.0,2.0,1.0,1.0,A01
201800033097,0.0,7,0,0.0,2.0,1.0,1.0,B01
201800033098,0.0,1,0,0.0,2.0,1.0,1.0,B01
201800033098,0.0,7,0,0.0,2.0,3.0,22.0,A01
201800033099,0.0,7,0,1.0,0.0,1.0,1.0,A01
201800033100,0.0,7,0,0.0,2.0,6.0,1.0,B01
201800033100,0.0,2,0,0.0,2.0,1.0,7.0,A01
201800033101,0.0,3,0,0.0,2.0,1.0,2.0,A01
201800033101,0.0,7,0,0.0,2.0,4.0,2.0,B01
201800033102,0.0,7,0,0.0,1.0,1.0,1.0,A01
201800033102,0.0,7,0,0.0,2.0,5.0,23.0,B01
201800033103,0.0,2,0,0.0,2.0,7.0,16.0,B01
201800033103,0.0,7,0,0.0,2.0,3.0,15.0,A01
201800033104,0.0,7,0,0.0,2.0,8.0,1.0,B01
201800033104,0.0,7,0,0.0,1.0,1.0,1.0,A01
201800033104,0.0,7,0,0.0,2.0,8.0,1.0,C01
201800033105,2.0,7,0,0.0,1.0,1.0,1.0,A01
201800033106,1.0,7,0,0.0,2.0,1.0,2.0,A01
201800033106,1.0,7,0,0.0,2.0,4.0,2.0,B01
201800033107,0.0,7,0,0.0,2.0,8.0,15.0,A01
201800033107,0.0,31,0,0.0,2.0,7.0,17.0,B01
201800033108,1.0,7,0,0.0,1.0,2.0,1.0,A01
201800033109,0.0,7,0,0.0,1.0,1.0,15.0,A01
201800033110,0.0,1,0,0.0,2.0,1.0,1.0,B01
201800033110,0.0,10,0,0.0,2.0,3.0,9.0,A01
201800033111,0.0,15,0,0.0,2.0,6.0,23.0,B01
201800033111,0.0,33,0,0.0,2.0,3.0,21.0,A01
201800033112,0.0,7,0,0.0,1.0,2.0,17.0,A01
201800033113,0.0,7,0,0.0,1.0,7.0,1.0,A01
201800033114,0.0,7,0,0.0,2.0,1.0,1.0,A01
201800033114,0.0,2,0,0.0,2.0,4.0,1.0,B01
201800033115,0.0,7,0,0.0,2.0,2.0,16.0,B01
201800033115,0.0,1,0,0.0,2.0,1.0,5.0,A01
201800033116,0.0,7,0,0.0,2.0,1.0,15.0,A01
201800033116,0.0,7,0,0.0,2.0,1.0,1.0,B01
201800033117,0.0,7,0,0.0,1.0,3.0,1.0,A01
201800033118,0.0,2,0,0.0,2.0,1.0,1.0,A01
201800033118,0.0,7,0,0.0,2.0,2.0,1.0,B01
201800033119,0.0,30,0,0.0,2.0,0.0,19.0,Z01
201800033119,0.0,7,0,0.0,2.0,8.0,1.0,B01
201800033120,0.0,37,4,0.0,2.0,8.0,1.0,B01
201800033120,0.0,2,0,0.0,2.0,7.0,17.0,A01
201800033121,0.0,10,0,0.0,2.0,4.0,1.0,A01
201800033121,0.0,1,0,0.0,2.0,4.0,16.0,B01
201800033122,0.0,7,0,0.0,1.0,7.0,1.0,A01
201800033123,1.0,7,0,0.0,2.0,1.0,1.0,B01
201800033123,1.0,7,0,0.0,2.0,7.0,1.0,A01
201800033124,0.0,7,0,0.0,2.0,1.0,1.0,C01
201800033124,0.0,7,0,0.0,2.0,1.0,1.0,A01
201800033124,0.0,7,0,0.0,2.0,1.0,1.0,B01
201800033125,1.0,7,0,0.0,1.0,1.0,1.0,A01
201800033126,0.0,7,0,0.0,1.0,1.0,1.0,A01
201800033127,0.0,33,0,1.0,0.0,1.0,0.0,A01
201800033128,0.0,7,0,0.0,2.0,1.0,2.0,A01
201800033128,0.0,7,0,0.0,2.0,4.0,23.0,B01
201800033129,1.0,2,0,6.0,0.0,1.0,1.0,A01
201800033130,0.0,7,0,0.0,1.0,2.0,16.0,A01
201800033131,0.0,33,0,0.0,2.0,1.0,1.0,B01
201800033131,0.0,7,0,0.0,2.0,2.0,1.0,A01
201800033132,1.0,7,0,0.0,1.0,2.0,1.0,A01
201800033133,1.0,7,0,0.0,1.0,3.0,1.0,A01
201800033134,0.0,7,0,3.0,2.0,6.0,2.0,B01
201800033134,0.0,33,0,0.0,2.0,1.0,2.0,A01
201800033135,0.0,7,0,0.0,2.0,7.0,16.0,A01
201800033135,0.0,1,0,0.0,2.0,8.0,15.0,B01
201800033136,0.0,30,0,0.0,2.0,1.0,1.0,A01
201800033136,0.0,7,0,0.0,2.0,1.0,1.0,B01
201800033137,0.0,2,0,0.0,2.0,1.0,1.0,A01
201800033137,0.0,7,0,0.0,2.0,6.0,16.0,B01
201800033138,0.0,7,0,9.0,0.0,1.0,1.0,A01
201800033139,1.0,7,0,0.0,2.0,8.0,15.0,A01
201800033139,2.0,33,0,0.0,2.0,1.0,1.0,B01
201800033140,1.0,1,0,0.0,2.0,1.0,1.0,A01
201800033140,1.0,7,0,0.0,2.0,7.0,1.0,B01
201800033141,2.0,1,0,0.0,2.0,8.0,1.0,B01
201800033141,2.0,7,0,0.0,2.0,2.0,20.0,Z01
201800033142,1.0,7,0,0.0,1.0,2.0,1.0,A01
201800033143,1.0,2,0,0.0,0.0,0.0,1.0,A01
201800033144,0.0,10,0,0.0,1.0,4.0,0.0,A01
201800033145,1.0,7,0,0.0,1.0,2.0,20.0,A01
201800033146,0.0,7,0,0.0,2.0,7.0,16.0,B01
201800033146,0.0,7,0,0.0,2.0,3.0,16.0,A01
201800033147,2.0,1,0,0.0,1.0,1.0,1.0,A01
201800033148,1.0,7,0,6.0,2.0,3.0,1.0,A01
201800033148,1.0,7,0,6.0,2.0,1.0,1.0,B01
201800033149,1.0,1,0,0.0,2.0,1.0,1.0,B01
201800033149,1.0,7,0,0.0,2.0,3.0,24.0,A01
201800033150,1.0,7,0,2.0,0.0,2.0,1.0,A01
201800033151,1.0,2,0,1.0,0.0,1.0,14.0,A01
201800033152,1.0,7,0,0.0,2.0,1.0,1.0,B01
201800033152,1.0,7,0,0.0,6.0,1.0,1.0,C01
201800033152,1.0,7,0,0.0,2.0,1.0,13.0,A01
201800033153,0.0,33,0,0.0,2.0,4.0,2.0,B01
201800033153,0.0,7,0,0.0,2.0,1.0,2.0,A01
201800033153,0.0,7,0,0.0,2.0,4.0,2.0,C01
201800033154,0.0,7,0,0.0,2.0,1.0,13.0,A01
201800033154,0.0,7,0,0.0,2.0,1.0,1.0,B01
201800033155,1.0,7,0,0.0,2.0,2.0,21.0,B01
201800033155,1.0,1,0,0.0,2.0,3.0,11.0,A01
201800033156,2.0,7,0,0.0,1.0,1.0,15.0,A01
201800033157,0.0,7,0,0.0,2.0,1.0,15.0,A01
201800033157,0.0,33,0,0.0,2.0,1.0,16.0,B01
201800033158,2.0,33,0,1.0,2.0,1.0,18.0,A01
201800033158,2.0,7,0,0.0,2.0,7.0,1.0,B01
201800033159,0.0,7,0,0.0,2.0,2.0,15.0,A01
201800033159,0.0,2,0,0.0,2.0,1.0,1.0,B01
201800033160,0.0,7,0,0.0,2.0,1.0,15.0,A01
201800033160,0.0,1,0,0.0,2.0,8.0,1.0,B01
201800033161,0.0,7,0,0.0,1.0,1.0,1.0,A01
201800033162,0.0,7,0,0.0,2.0,1.0,2.0,A01
201800033162,0.0,7,0,0.0,2.0,4.0,2.0,C01
201800033162,0.0,7,0,0.0,2.0,4.0,2.0,B01
201800033163,1.0,7,0,0.0,2.0,4.0,2.0,B01
201800033163,1.0,7,0,0.0,2.0,4.0,2.0,C01
201800033163,0.0,7,0,0.0,2.0,1.0,2.0,A01
201800033164,1.0,7,0,0.0,4.0,3.0,15.0,A01
201800033164,1.0,40,1,0.0,2.0,1.0,1.0,B01
201800033165,2.0,7,0,3.0,2.0,7.0,17.0,A01
201800033165,2.0,7,0,0.0,2.0,3.0,1.0,B01
201800033166,2.0,7,0,0.0,2.0,4.0,2.0,B01
201800033166,2.0,7,0,0.0,2.0,1.0,2.0,A01
201800033167,0.0,7,0,0.0,1.0,1.0,1.0,A01
201800033168,0.0,7,0,0.0,2.0,8.0,1.0,A01
201800033168,0.0,2,0,0.0,2.0,1.0,1.0,B01
201800033169,0.0,7,0,0.0,2.0,1.0,2.0,A01
201800033169,0.0,7,0,0.0,2.0,4.0,2.0,B01
201800033170,2.0,7,0,0.0,2.0,2.0,1.0,A01
201800033170,0.0,7,0,0.0,2.0,3.0,1.0,B01
201800033171,2.0,2,0,0.0,2.0,1.0,2.0,A01
201800033171,2.0,7,0,0.0,2.0,6.0,15.0,B01
201800033172,0.0,7,0,0.0,1.0,2.0,1.0,A01
201800033173,1.0,30,0,0.0,2.0,1.0,1.0,A01
201800033173,0.0,7,0,0.0,2.0,3.0,1.0,B01
201800033174,0.0,30,0,0.0,2.0,8.0,1.0,B01
201800033174,0.0,7,0,0.0,2.0,3.0,15.0,A01
201800033175,0.0,7,0,13.0,0.0,1.0,1.0,A01
201800033176,2.0,7,0,0.0,2.0,2.0,1.0,B01
201800033176,2.0,2,0,0.0,2.0,1.0,9.0,A01
201800033177,1.0,7,0,0.0,2.0,3.0,1.0,A01
201800033177,2.0,7,0,0.0,2.0,3.0,1.0,B01
201800033178,1.0,10,0,0.0,1.0,1.0,15.0,A01
201800033179,1.0,33,0,15.0,0.0,0.0,1.0,A01
201800033180,1.0,7,0,0.0,2.0,7.0,0.0,A01
201800033180,2.0,1,0,0.0,2.0,1.0,1.0,B01
201800033181,1.0,10,0,0.0,2.0,3.0,15.0,B01
201800033181,1.0,33,0,15.0,2.0,1.0,17.0,A01
201800033182,2.0,7,0,0.0,1.0,1.0,1.0,A01
201800033183,0.0,7,0,0.0,2.0,1.0,1.0,B01
201800033183,0.0,7,0,3.0,2.0,2.0,1.0,A01
201800033184,2.0,7,0,3.0,0.0,3.0,0.0,A01
201800033185,1.0,7,0,0.0,2.0,1.0,1.0,A01
201800033185,0.0,7,0,0.0,2.0,8.0,1.0,B01
201800033186,0.0,7,0,0.0,2.0,1.0,1.0,A01
201800033186,0.0,31,0,0.0,2.0,5.0,1.0,B01
201800033187,1.0,7,0,0.0,1.0,2.0,1.0,A01
201800033188,0.0,7,0,0.0,1.0,1.0,1.0,A01
201800033189,0.0,7,0,0.0,1.0,1.0,1.0,A01
201800033190,2.0,30,0,0.0,0.0,0.0,21.0,A01
201800033191,0.0,7,0,0.0,1.0,1.0,1.0,A01
201800033192,1.0,1,0,0.0,2.0,1.0,1.0,B01
201800033192,2.0,7,0,0.0,2.0,2.0,15.0,A01
201800033193,0.0,32,0,0.0,2.0,1.0,1.0,B01
201800033193,0.0,7,0,0.0,2.0,5.0,15.0,A01
201800033194,2.0,7,0,0.0,1.0,8.0,1.0,A01
201800033195,0.0,10,0,0.0,1.0,2.0,1.0,A01
201800033196,1.0,7,0,0.0,2.0,1.0,15.0,B01
201800033196,2.0,1,0,0.0,2.0,8.0,1.0,A01
201800033197,2.0,33,0,0.0,2.0,1.0,1.0,B01
201800033197,1.0,7,0,0.0,2.0,2.0,15.0,A01
201800033198,0.0,7,0,0.0,2.0,1.0,2.0,A01
201800033198,1.0,7,0,0.0,2.0,4.0,2.0,B01
201800033199,0.0,1,0,0.0,2.0,1.0,1.0,B01
201800033199,0.0,7,0,0.0,2.0,3.0,1.0,A01
201800033200,2.0,2,0,0.0,2.0,1.0,1.0,B01
201800033200,2.0,7,0,0.0,2.0,7.0,1.0,A01
201800033201,2.0,17,0,0.0,2.0,3.0,1.0,B01
201800033201,1.0,7,0,0.0,2.0,1.0,13.0,A01
201800033202,2.0,7,0,0.0,2.0,4.0,2.0,B01
201800033202,2.0,33,0,0.0,2.0,1.0,2.0,A01
201800033203,2.0,7,0,0.0,2.0,4.0,2.0,B01
201800033203,2.0,7,0,0.0,2.0,1.0,2.0,A01
201800033204,2.0,7,0,0.0,1.0,3.0,1.0,A01
201800033205,0.0,7,0,0.0,2.0,1.0,2.0,A01
201800033205,0.0,7,0,0.0,2.0,4.0,2.0,B01
201800033206,0.0,2,0,0.0,2.0,1.0,1.0,B01
201800033206,0.0,7,0,0.0,2.0,7.0,15.0,A01
201800033207,2.0,7,0,0.0,2.0,1.0,1.0,B01
201800033207,2.0,7,0,0.0,2.0,2.0,1.0,A01
201800033208,1.0,7,0,0.0,2.0,2.0,2.0,A01
201800033208,1.0,33,0,0.0,2.0,4.0,2.0,B01
201800033209,2.0,7,0,0.0,2.0,3.0,1.0,B01
201800033209,2.0,7,0,0.0,2.0,6.0,0.0,A01
201800033210,1.0,7,0,0.0,2.0,5.0,1.0,B01
201800033210,1.0,1,0,0.0,2.0,1.0,1.0,A01
201800033211,0.0,7,0,0.0,1.0,1.0,1.0,A01
201800033212,1.0,2,0,0.0,2.0,1.0,2.0,A01
201800033212,1.0,7,0,0.0,2.0,4.0,2.0,B01
201800033213,0.0,7,0,0.0,2.0,2.0,1.0,Z01
201800033213,0.0,2,0,0.0,2.0,8.0,16.0,B01
201800033214,1.0,1,0,0.0,2.0,1.0,15.0,A01
201800033214,2.0,7,0,0.0,2.0,7.0,1.0,B01
201800033215,2.0,32,0,0.0,1.0,2.0,17.0,A01
201800033216,1.0,7,0,0.0,2.0,7.0,1.0,C01
201800033216,1.0,7,0,3.0,2.0,7.0,9.0,A01
201800033216,1.0,7,0,0.0,2.0,7.0,1.0,B01
201800033217,0.0,7,0,0.0,1.0,6.0,20.0,A01
201800033218,2.0,30,0,0.0,2.0,1.0,1.0,A01
201800033218,0.0,7,0,0.0,2.0,8.0,15.0,B01
201800033219,2.0,1,0,0.0,2.0,1.0,13.0,B01
201800033219,1.0,7,0,0.0,2.0,3.0,1.0,A01
201800033220,1.0,33,0,16.0,0.0,1.0,1.0,A01
201800033221,2.0,7,0,2.0,0.0,2.0,1.0,A01
201800033222,2.0,7,0,2.0,0.0,2.0,1.0,A01
201800033223,1.0,7,0,0.0,2.0,3.0,2.0,B01
201800033223,1.0,7,0,0.0,2.0,7.0,9.0,A01
201800033224,0.0,7,0,2.0,0.0,2.0,0.0,A01
201800033225,2.0,7,0,15.0,0.0,1.0,1.0,A01
201800033226,1.0,7,0,0.0,2.0,8.0,1.0,B01
201800033226,0.0,1,0,0.0,2.0,1.0,5.0,A01
201800033227,1.0,7,0,0.0,2.0,3.0,0.0,A01
201800033227,1.0,7,0,0.0,2.0,3.0,1.0,B01
201800033227,1.0,7,0,0.0,2.0,3.0,1.0,C01
201800033228,1.0,15,0,6.0,0.0,2.0,1.0,A01
201800033229,1.0,7,0,0.0,2.0,6.0,6.0,A01
201800033229,1.0,33,0,0.0,2.0,1.0,2.0,B01
201800033230,1.0,7,0,13.0,0.0,3.0,1.0,A01
201800033231,1.0,33,0,13.0,0.0,1.0,16.0,A01
201800033232,2.0,7,0,2.0,0.0,1.0,13.0,A01
201800033233,0.0,7,0,13.0,0.0,9.0,1.0,A01