Num_Acc,senc,catv,occutc,obs,obsm,choc,manv,num_veh
201800033234,1.0,2,0,6.0,0.0,3.0,0.0,A01
201800033235,1.0,2,0,9.0,2.0,0.0,1.0,A01
201800033235,2.0,3,0,0.0,2.0,3.0,1.0,B01
201800033236,1.0,7,0,0.0,1.0,8.0,1.0,A01
201800033237,1.0,7,0,0.0,2.0,1.0,13.0,A01
201800033237,2.0,7,0,0.0,2.0,1.0,1.0,B01
201800033238,2.0,7,0,13.0,0.0,0.0,0.0,A01
201800033239,1.0,7,0,0.0,2.0,3.0,0.0,A01
201800033239,2.0,10,0,0.0,2.0,8.0,1.0,B01
201800033239,2.0,7,0,13.0,2.0,3.0,1.0,C01
201800033240,2.0,7,0,0.0,2.0,1.0,1.0,A01
201800033240,2.0,7,0,0.0,2.0,4.0,1.0,B01
201800033240,2.0,7,0,0.0,0.0,4.0,23.0,C01
201800033241,2.0,7,0,0.0,2.0,1.0,1.0,B01
201800033241,0.0,7,0,0.0,0.0,8.0,9.0,A01
201800033242,1.0,7,0,0.0,1.0,1.0,1.0,A01
201800033243,1.0,7,0,0.0,2.0,3.0,9.0,A01
201800033243,1.0,1,0,0.0,2.0,1.0,9.0,B01
201800033244,1.0,7,0,0.0,1.0,1.0,1.0,A01
201800033245,1.0,7,0,0.0,2.0,3.0,10.0,A01
201800033245,1.0,30,0,0.0,2.0,1.0,17.0,B01
201800033246,2.0,10,0,0.0,1.0,1.0,1.0,A01
201800033247,1.0,10,0,0.0,2.0,3.0,16.0,B01
201800033247,2.0,7,0,0.0,2.0,3.0,15.0,A01
201800033248,2.0,7,0,0.0,2.0,3.0,9.0,A01
201800033248,1.0,1,0,0.0,2.0,5.0,1.0,B01
201800033249,2.0,33,0,0.0,2.0,1.0,17.0,B01
201800033249,0.0,7,0,0.0,2.0,8.0,15.0,A01
201800033250,2.0,7,0,0.0,2.0,7.0,15.0,A01
201800033250,1.0,33,0,0.0,2.0,1.0,1.0,B01
201800033251,2.0,7,0,0.0,2.0,2.0,16.0,A01
201800033251,1.0,1,0,0.0,2.0,1.0,1.0,B01
201800033252,2.0,7,0,0.0,1.0,1.0,1.0,A01
201800033253,0.0,7,0,0.0,2.0,5.0,16.0,A01
201800033253,0.0,1,0,0.0,2.0,1.0,21.0,B01
201800033254,2.0,7,0,0.0,1.0,3.0,9.0,A01
201800033255,1.0,99,0,0.0,2.0,3.0,13.0,A01
201800033255,1.0,10,0,0.0,2.0,6.0,10.0,B01
201800033256,1.0,1,0,0.0,2.0,1.0,1.0,B01
201800033256,2.0,7,0,0.0,2.0,2.0,16.0,A01
201800033257,1.0,2,0,0.0,2.0,7.0,1.0,B01
201800033257,2.0,7,0,0.0,2.0,1.0,9.0,A01
201800033258,2.0,7,0,0.0,2.0,3.0,15.0,B01
201800033258,1.0,3,0,0.0,2.0,3.0,1.0,A01
201800033258,2.0,7,0,0.0,2.0,3.0,23.0,C01
201800033259,2.0,38,1,0.0,2.0,2.0,16.0,A01
201800033259,2.0,1,0,0.0,2.0,3.0,1.0,B01
201800033260,0.0,7,0,0.0,2.0,2.0,15.0,A01
201800033260,0.0,1,0,0.0,2.0,1.0,1.0,B01
201800033261,2.0,7,0,0.0,2.0,1.0,2.0,B01
201800033261,2.0,7,0,4.0,2.0,9.0,2.0,A01
201800033262,2.0,7,0,4.0,0.0,1.0,0.0,A01
201800033263,2.0,7,0,9.0,2.0,1.0,1.0,B01
201800033263,1.0,7,0,9.0,2.0,5.0,15.0,A01
201800033264,1.0,7,0,0.0,2.0,3.0,15.0,A01
201800033264,1.0,1,0,0.0,2.0,7.0,1.0,B01
201800033265,1.0,30,0,0.0,0.0,0.0,0.0,A01
201800033266,1.0,33,0,0.0,2.0,1.0,17.0,A01
201800033266,1.0,7,0,0.0,2.0,8.0,15.0,B01
201800033267,1.0,7,0,0.0,2.0,1.0,1.0,A01
201800033267,1.0,7,0,0.0,2.0,3.0,9.0,B01
201800033268,2.0,30,0,12.0,0.0,2.0,1.0,A01
201800033269,0.0,7,0,0.0,1.0,4.0,4.0,A01
201800033270,0.0,7,0,0.0,1.0,1.0,15.0,A01
201800033271,1.0,7,0,0.0,1.0,2.0,17.0,A01
201800033272,2.0,7,0,0.0,2.0,7.0,17.0,A01
201800033272,1.0,7,0,0.0,2.0,3.0,1.0,B01
201800033273,2.0,7,0,0.0,1.0,2.0,1.0,A01
201800033274,1.0,7,0,0.0,1.0,7.0,1.0,A01
201800033275,1.0,7,0,0.0,2.0,1.0,15.0,B01
201800033275,2.0,30,0,12.0,2.0,1.0,1.0,A01
201800033276,2.0,33,0,0.0,2.0,1.0,2.0,B01
201800033276,2.0,7,0,0.0,2.0,6.0,1.0,A01
201800033277,1.0,7,0,0.0,2.0,7.0,1.0,A01
201800033277,1.0,7,0,0.0,2.0,1.0,1.0,B01
201800033278,2.0,7,0,8.0,0.0,1.0,1.0,A01
201800033279,1.0,7,0,0.0,1.0,3.0,1.0,A01
201800033280,1.0,7,0,0.0,1.0,1.0,24.0,A01
201800033280,1.0,7,0,1.0,0.0,1.0,16.0,B01
201800033281,0.0,7,0,0.0,1.0,1.0,20.0,A01
201800033282,1.0,7,0,0.0,2.0,1.0,1.0,B01
201800033282,2.0,7,0,0.0,2.0,1.0,17.0,A01
201800033283,0.0,1,0,0.0,2.0,0.0,1.0,A01
201800033283,0.0,30,0,,,,,B02
201800033284,1.0,30,0,0.0,1.0,1.0,1.0,A01
201800033285,1.0,33,0,0.0,1.0,1.0,1.0,A01
201800033286,1.0,7,0,0.0,1.0,1.0,1.0,A01
201800033287,1.0,1,0,0.0,2.0,1.0,1.0,B01
201800033287,0.0,7,0,0.0,2.0,6.0,15.0,A01
201800033288,2.0,7,0,0.0,2.0,4.0,23.0,A01
201800033288,2.0,7,0,0.0,2.0,1.0,1.0,B01
201800033289,2.0,7,0,0.0,2.0,3.0,9.0,A01
201800033289,1.0,37,16,0.0,2.0,2.0,1.0,B01
201800033290,0.0,7,0,15.0,0.0,6.0,1.0,A01
201800033291,1.0,7,0,0.0,2.0,7.0,15.0,A01
201800033291,1.0,32,0,0.0,2.0,3.0,15.0,B01
201800033292,1.0,13,0,0.0,2.0,2.0,12.0,A01
201800033292,1.0,7,0,4.0,2.0,8.0,1.0,B01
201800033293,2.0,7,0,0.0,2.0,3.0,9.0,A01
201800033293,0.0,1,0,0.0,2.0,7.0,1.0,B01
201800033294,1.0,7,0,0.0,1.0,1.0,1.0,A01
201800033295,1.0,7,0,0.0,2.0,1.0,13.0,A01
201800033295,2.0,7,0,0.0,2.0,1.0,1.0,B01
201800033296,2.0,1,0,0.0,6.0,1.0,1.0,B01
201800033296,1.0,1,0,0.0,2.0,1.0,5.0,A01
201800033297,0.0,1,0,0.0,2.0,8.0,19.0,B01
201800033297,2.0,7,0,0.0,2.0,1.0,17.0,A01
201800033298,2.0,7,0,0.0,2.0,1.0,1.0,C01
201800033298,2.0,7,0,0.0,2.0,1.0,1.0,D01
201800033298,2.0,7,0,0.0,2.0,1.0,13.0,B01
201800033299,1.0,1,0,0.0,2.0,1.0,1.0,B01
201800033299,2.0,7,0,0.0,2.0,8.0,9.0,A01
201800033300,1.0,7,0,1.0,1.0,1.0,14.0,A01
201800033301,2.0,7,0,8.0,0.0,1.0,13.0,A01
201800033302,0.0,7,0,0.0,1.0,3.0,1.0,A01
201800033303,1.0,7,0,0.0,2.0,7.0,12.0,A01
201800033303,1.0,33,0,0.0,2.0,8.0,1.0,B01
201800033304,1.0,7,0,0.0,2.0,1.0,9.0,A01
201800033304,1.0,1,0,0.0,2.0,7.0,1.0,B01
201800033305,2.0,7,0,0.0,2.0,6.0,11.0,A01
201800033305,2.0,7,0,0.0,2.0,2.0,21.0,B01
201800033306,2.0,1,0,0.0,2.0,1.0,2.0,A01
201800033306,2.0,7,0,0.0,2.0,4.0,23.0,B01
201800033307,2.0,31,0,0.0,2.0,7.0,1.0,B01
201800033307,2.0,7,0,0.0,2.0,8.0,11.0,A01
201800033308,1.0,7,0,0.0,2.0,3.0,1.0,B01
201800033308,2.0,2,0,0.0,2.0,1.0,17.0,A01
201800033309,2.0,7,0,0.0,2.0,4.0,2.0,B01
201800033309,2.0,7,0,0.0,2.0,1.0,1.0,A01
201800033309,2.0,10,0,0.0,2.0,4.0,2.0,C01
201800033310,1.0,33,0,0.0,0.0,1.0,1.0,A01
201800033311,2.0,7,0,0.0,2.0,6.0,15.0,A01
201800033311,2.0,33,0,0.0,2.0,2.0,1.0,B01
201800033312,2.0,37,30,0.0,2.0,4.0,23.0,C01
201800033312,2.0,7,0,0.0,2.0,1.0,2.0,A01
201800033312,2.0,7,0,0.0,2.0,4.0,23.0,B01
201800033313,2.0,7,0,0.0,2.0,4.0,23.0,B01
201800033313,2.0,7,0,0.0,2.0,1.0,1.0,A01
201800033313,2.0,7,0,0.0,2.0,4.0,23.0,C01
201800033314,1.0,7,0,0.0,2.0,3.0,15.0,A01
201800033314,1.0,33,0,0.0,2.0,5.0,15.0,B01
201800033315,2.0,17,0,0.0,2.0,5.0,1.0,B01
201800033315,2.0,31,0,0.0,2.0,6.0,1.0,A01
201800033316,2.0,33,0,0.0,2.0,1.0,2.0,A01
201800033316,2.0,7,0,0.0,2.0,4.0,1.0,B01
201800033317,1.0,7,0,0.0,1.0,8.0,1.0,A01
201800033318,2.0,33,0,6.0,0.0,7.0,1.0,A01
201800033319,1.0,30,0,11.0,0.0,1.0,5.0,A01
201800033320,1.0,32,0,12.0,0.0,7.0,1.0,A01
201800033321,1.0,1,0,0.0,2.0,1.0,13.0,A01
201800033321,2.0,7,0,0.0,2.0,3.0,1.0,B01
201800033322,1.0,7,0,0.0,2.0,8.0,15.0,B01
201800033322,1.0,32,0,0.0,2.0,1.0,17.0,A01
201800033323,1.0,7,0,0.0,2.0,3.0,16.0,B01
201800033323,2.0,7,0,0.0,2.0,0.0,17.0,A01
201800033324,1.0,7,0,8.0,0.0,3.0,1.0,A01
201800033325,1.0,7,0,0.0,1.0,4.0,20.0,B01
201800033326,1.0,30,0,0.0,1.0,1.0,1.0,A01
201800033327,2.0,2,0,12.0,0.0,1.0,1.0,A01
201800033328,1.0,7,0,0.0,2.0,1.0,17.0,A01
201800033328,1.0,30,0,0.0,2.0,4.0,1.0,B01
201800033329,2.0,2,0,0.0,2.0,1.0,1.0,B01
201800033329,1.0,7,0,0.0,2.0,7.0,9.0,A01
201800033330,2.0,1,0,0.0,2.0,1.0,1.0,B01
201800033330,1.0,7,0,0.0,2.0,3.0,9.0,A01
201800033331,2.0,1,0,0.0,2.0,3.0,1.0,B01
201800033331,2.0,7,0,0.0,2.0,5.0,16.0,A01
201800033332,1.0,7,0,0.0,2.0,8.0,1.0,A01
201800033332,1.0,7,0,0.0,2.0,1.0,1.0,B01
201800033333,2.0,3,0,8.0,0.0,1.0,1.0,A01
201800033334,2.0,7,0,0.0,2.0,8.0,15.0,A01
201800033334,2.0,33,0,0.0,2.0,2.0,17.0,B01
201800033335,1.0,1,0,0.0,2.0,1.0,1.0,B01
201800033335,1.0,7,0,0.0,2.0,2.0,1.0,A01
201800033336,1.0,33,0,0.0,2.0,1.0,17.0,A01
201800033336,1.0,7,0,0.0,2.0,3.0,15.0,B01
201800033337,1.0,7,0,0.0,1.0,3.0,15.0,A01
201800033338,1.0,1,0,12.0,0.0,1.0,1.0,B01
201800033339,1.0,7,0,0.0,1.0,1.0,1.0,A01
201800033340,2.0,10,0,0.0,2.0,2.0,1.0,A01
201800033340,2.0,31,0,0.0,2.0,8.0,0.0,B01
201800033341,1.0,7,0,0.0,1.0,2.0,2.0,A01
201800033342,1.0,7,0,8.0,0.0,5.0,1.0,A01
201800033343,0.0,7,0,0.0,1.0,0.0,0.0,A01
201800033344,2.0,7,0,0.0,2.0,1.0,1.0,B01
201800033344,1.0,7,0,0.0,2.0,1.0,5.0,A01
201800033345,1.0,7,0,0.0,1.0,1.0,1.0,A01
201800033346,0.0,7,0,0.0,9.0,2.0,13.0,A01
201800033346,0.0,1,0,0.0,2.0,8.0,15.0,B01
201800033347,1.0,7,0,13.0,0.0,0.0,1.0,A01
201800033348,2.0,7,0,2.0,0.0,1.0,1.0,A01
201800033349,2.0,7,0,13.0,0.0,1.0,17.0,A01
201800033350,1.0,7,0,0.0,1.0,8.0,1.0,A01
201800033351,1.0,7,0,0.0,2.0,1.0,13.0,A01
201800033351,2.0,7,0,0.0,2.0,1.0,1.0,B01
201800033352,1.0,7,0,0.0,1.0,1.0,23.0,A01
201800033353,0.0,1,0,0.0,9.0,2.0,1.0,B02
201800033353,1.0,7,0,0.0,9.0,3.0,9.0,A01
201800033354,2.0,7,0,0.0,2.0,3.0,15.0,A01
201800033354,1.0,33,0,0.0,2.0,1.0,1.0,B01
201800033355,1.0,10,0,0.0,1.0,2.0,16.0,A01
201800033356,2.0,31,0,0.0,0.0,8.0,16.0,A01
201800033357,2.0,10,0,0.0,2.0,1.0,19.0,B01
201800033357,1.0,7,0,0.0,2.0,1.0,23.0,C01
201800033357,2.0,7,0,9.0,2.0,8.0,19.0,A01
201800033358,1.0,7,0,0.0,1.0,7.0,1.0,A01
201800033359,2.0,7,0,0.0,1.0,1.0,1.0,A01
201800033360,1.0,7,0,0.0,2.0,6.0,21.0,C01
201800033360,1.0,7,0,0.0,2.0,2.0,1.0,A01
201800033360,1.0,7,0,0.0,2.0,8.0,23.0,B01
201800033361,1.0,10,0,0.0,1.0,1.0,1.0,A01
201800033362,2.0,7,0,0.0,1.0,1.0,1.0,A01
201800033362,2.0,7,0,0.0,1.0,4.0,1.0,B01
201800033363,1.0,7,0,0.0,2.0,2.0,9.0,A01
201800033363,1.0,7,0,0.0,2.0,0.0,9.0,Z01
201800033364,1.0,33,0,0.0,2.0,1.0,17.0,A01
201800033364,2.0,33,0,0.0,2.0,1.0,1.0,B01
201800033365,1.0,7,0,6.0,0.0,1.0,1.0,A01
201800033366,2.0,10,0,0.0,1.0,3.0,15.0,A01
201800033367,1.0,10,0,0.0,2.0,1.0,1.0,A01
201800033367,1.0,7,0,0.0,2.0,1.0,1.0,B01
201800033368,1.0,7,0,0.0,2.0,2.0,16.0,A01
201800033368,2.0,1,0,0.0,2.0,1.0,19.0,B01
201800033369,1.0,1,0,0.0,2.0,8.0,15.0,A01
201800033369,1.0,7,0,0.0,2.0,2.0,2.0,B01
201800033370,1.0,7,0,0.0,2.0,2.0,16.0,A01
201800033370,1.0,1,0,0.0,2.0,1.0,1.0,B01
201800033371,1.0,15,0,0.0,2.0,7.0,1.0,A01
201800033371,1.0,1,0,0.0,2.0,7.0,1.0,B01
201800033372,1.0,33,0,0.0,2.0,1.0,1.0,A01
201800033372,1.0,37,1,0.0,2.0,4.0,23.0,B01
201800033373,1.0,2,0,0.0,2.0,3.0,1.0,B01
201800033373,1.0,7,0,0.0,2.0,7.0,9.0,A01
201800033374,0.0,10,0,0.0,1.0,2.0,1.0,A01
201800033375,2.0,31,0,0.0,2.0,1.0,1.0,B01
201800033375,1.0,7,0,0.0,2.0,3.0,15.0,A01
201800033376,1.0,32,0,0.0,0.0,2.0,21.0,A01
201800033377,2.0,20,0,0.0,2.0,0.0,12.0,A01
201800033377,2.0,7,0,0.0,2.0,0.0,1.0,B01
201800033377,1.0,7,0,0.0,2.0,0.0,1.0,C01
201800033378,1.0,20,0,0.0,2.0,3.0,0.0,B01
201800033378,1.0,32,0,0.0,2.0,1.0,17.0,A01
201800033379,0.0,7,0,0.0,2.0,4.0,23.0,A01
201800033379,1.0,2,0,0.0,2.0,1.0,0.0,B01
201800033380,2.0,20,0,0.0,2.0,3.0,2.0,B01
201800033380,2.0,20,0,0.0,2.0,3.0,2.0,A01
201800033381,1.0,1,0,0.0,1.0,2.0,19.0,A01
201800033382,1.0,7,0,0.0,2.0,7.0,1.0,B01
201800033382,1.0,33,0,0.0,2.0,8.0,9.0,A01
201800033383,2.0,33,0,0.0,2.0,1.0,1.0,B01
201800033383,2.0,7,0,0.0,2.0,8.0,15.0,A01
201800033384,0.0,1,0,0.0,2.0,3.0,1.0,B01
201800033384,0.0,7,0,0.0,2.0,2.0,1.0,A01
201800033385,1.0,30,0,0.0,0.0,0.0,0.0,B01
201800033385,1.0,20,0,0.0,0.0,0.0,0.0,A01
201800033386,0.0,7,0,0.0,2.0,2.0,15.0,A01
201800033386,0.0,33,0,0.0,2.0,3.0,1.0,B01
201800033387,2.0,1,0,0.0,2.0,7.0,1.0,B01
201800033387,0.0,7,0,0.0,6.0,3.0,9.0,A01
201800033388,1.0,7,0,6.0,2.0,1.0,0.0,A01
201800033388,1.0,7,0,0.0,2.0,1.0,0.0,B01
201800033389,1.0,7,0,0.0,1.0,2.0,0.0,A01
201800033390,1.0,7,0,0.0,2.0,2.0,15.0,A01
201800033390,2.0,2,0,0.0,2.0,1.0,1.0,B01
201800033391,1.0,1,0,0.0,2.0,1.0,15.0,B01
201800033391,1.0,7,0,0.0,2.0,7.0,16.0,A01
201800033392,1.0,7,0,0.0,1.0,1.0,1.0,A01
201800033393,2.0,1,0,0.0,2.0,8.0,0.0,B01
201800033393,2.0,7,0,0.0,2.0,1.0,1.0,A01
201800033394,1.0,7,0,0.0,1.0,1.0,1.0,A01
201800033395,0.0,7,0,0.0,2.0,4.0,1.0,B01
201800033395,0.0,10,0,0.0,2.0,1.0,2.0,A01
201800033396,2.0,7,0,0.0,2.0,5.0,0.0,A01
201800033396,2.0,33,0,0.0,2.0,4.0,1.0,B01
201800033397,2.0,33,0,15.0,0.0,1.0,0.0,A01
201800033398,2.0,2,0,0.0,2.0,1.0,1.0,A01
201800033398,1.0,7,0,0.0,2.0,3.0,15.0,B01
201800033399,1.0,2,0,0.0,2.0,1.0,0.0,A01
201800033399,2.0,7,0,0.0,2.0,1.0,15.0,B01
201800033400,1.0,33,0,0.0,2.0,1.0,1.0,B01
201800033400,2.0,7,0,0.0,2.0,7.0,15.0,A01
201800033401,0.0,7,0,0.0,2.0,6.0,2.0,B01
201800033401,0.0,7,0,0.0,2.0,4.0,2.0,C01
201800033401,0.0,7,0,0.0,2.0,1.0,2.0,A01
201800033402,1.0,7,0,0.0,1.0,1.0,1.0,A01
201800033403,1.0,7,0,0.0,1.0,1.0,15.0,A01
201800033404,1.0,3,0,0.0,1.0,1.0,1.0,A01
201800033405,1.0,37,1,0.0,1.0,0.0,1.0,A01
201800033406,1.0,10,0,0.0,1.0,2.0,1.0,A01
201800033407,1.0,7,0,0.0,2.0,3.0,1.0,A01
201800033407,1.0,7,0,0.0,2.0,8.0,2.0,B01
201800033407,1.0,7,0,0.0,2.0,4.0,17.0,C01
201800033408,1.0,7,0,0.0,1.0,1.0,9.0,A01
201800033409,1.0,7,0,0.0,1.0,3.0,1.0,A01
201800033410,1.0,7,0,0.0,1.0,1.0,1.0,A01
201800033411,2.0,34,0,0.0,0.0,6.0,16.0,A01
201800033412,2.0,1,0,0.0,2.0,5.0,16.0,A01
201800033412,2.0,7,0,0.0,9.0,5.0,15.0,B01
201800033413,2.0,7,0,0.0,2.0,3.0,19.0,A01
201800033413,1.0,7,0,0.0,2.0,1.0,1.0,B01
201800033414,1.0,7,0,0.0,2.0,4.0,7.0,A01
201800033414,1.0,7,0,0.0,2.0,4.0,2.0,B01
201800033415,2.0,30,0,0.0,0.0,0.0,0.0,A01
201800033416,1.0,33,0,0.0,2.0,7.0,17.0,B01
201800033416,1.0,7,0,0.0,2.0,3.0,15.0,A01
201800033417,2.0,1,0,1.0,0.0,4.0,2.0,A01
201800033418,1.0,7,0,0.0,1.0,1.0,1.0,A01
201800033419,2.0,7,0,0.0,1.0,1.0,15.0,A01
201800033420,2.0,7,0,0.0,2.0,7.0,16.0,A01
201800033420,2.0,34,0,0.0,2.0,1.0,1.0,B01
201800033421,1.0,31,0,0.0,2.0,2.0,19.0,B01
201800033421,1.0,7,0,0.0,2.0,1.0,9.0,A01
201800033422,1.0,7,0,1.0,0.0,1.0,1.0,A01
201800033423,1.0,7,0,0.0,2.0,6.0,10.0,A01
201800033423,1.0,33,0,0.0,2.0,1.0,17.0,B01
201800033424,1.0,7,0,15.0,0.0,9.0,13.0,A01
201800033425,1.0,7,0,1.0,0.0,1.0,14.0,A01
201800033426,1.0,7,0,6.0,0.0,2.0,14.0,A01
201800033427,2.0,7,0,0.0,2.0,7.0,15.0,A01
201800033427,2.0,31,0,0.0,2.0,1.0,17.0,B01
201800033428,1.0,7,0,1.0,0.0,2.0,14.0,A01
201800033429,2.0,15,0,0.0,2.0,1.0,2.0,A01
201800033429,2.0,7,0,0.0,2.0,4.0,2.0,B01
201800033429,2.0,7,0,0.0,2.0,4.0,2.0,C01
201800033430,,7,0,1.0,9.0,7.0,0.0,B02
201800033430,1.0,7,0,15.0,0.0,9.0,24.0,A01
201800033431,1.0,7,0,0.0,2.0,4.0,0.0,A01
201800033431,1.0,7,0,0.0,2.0,1.0,0.0,B01
201800033432,1.0,7,0,0.0,2.0,1.0,1.0,B01
201800033432,1.0,7,0,0.0,2.0,4.0,23.0,A01
201800033433,2.0,1,0,12.0,0.0,8.0,15.0,A01
201800033434,2.0,1,0,0.0,2.0,2.0,2.0,B01
201800033434,1.0,7,0,0.0,2.0,2.0,9.0,A01
201800033435,1.0,2,0,0.0,2.0,1.0,2.0,A01
201800033435,1.0,7,0,0.0,2.0,5.0,15.0,B01
201800033436,2.0,7,0,0.0,1.0,2.0,16.0,A01
201800033437,2.0,10,0,0.0,1.0,2.0,1.0,A01
201800033438,2.0,33,0,0.0,2.0,7.0,17.0,B01
201800033438,2.0,7,0,0.0,2.0,8.0,15.0,A01
201800033439,1.0,7,0,0.0,2.0,3.0,9.0,B01
201800033439,2.0,30,0,0.0,2.0,1.0,17.0,A01
201800033440,2.0,7,0,9.0,0.0,9.0,14.0,A01
201800033441,1.0,34,0,7.0,0.0,1.0,16.0,A01
201800033442,1.0,7,0,6.0,0.0,1.0,0.0,A01
201800033443,2.0,7,0,0.0,2.0,1.0,1.0,A01
201800033443,1.0,7,0,0.0,2.0,1.0,2.0,B01
201800033444,1.0,7,0,0.0,2.0,8.0,10.0,A01
201800033444,1.0,33,0,0.0,2.0,1.0,2.0,B01
201800033445,1.0,34,0,0.0,0.0,1.0,2.0,A01
201800033446,1.0,7,0,0.0,2.0,1.0,13.0,A01
201800033446,2.0,7,0,8.0,2.0,3.0,1.0,B01
201800033447,2.0,7,0,0.0,2.0,3.0,13.0,A01
201800033447,1.0,7,0,0.0,2.0,8.0,14.0,B01
201800033447,1.0,7,0,0.0,2.0,3.0,23.0,C01
201800033448,2.0,7,0,1.0,1.0,4.0,20.0,B01
201800033449,1.0,7,0,1.0,0.0,2.0,1.0,A01
201800033450,1.0,7,0,6.0,0.0,3.0,13.0,A01
201800033451,2.0,7,0,0.0,1.0,2.0,1.0,A01
201800033452,1.0,7,0,0.0,2.0,4.0,15.0,A01
201800033452,1.0,7,0,0.0,2.0,1.0,14.0,B01
201800033453,1.0,15,0,0.0,2.0,6.0,4.0,B01
201800033453,1.0,7,0,0.0,2.0,2.0,1.0,A01
201800033454,1.0,33,0,0.0,2.0,1.0,17.0,B01
201800033454,1.0,7,0,0.0,2.0,3.0,15.0,A01
201800033455,1.0,7,0,0.0,2.0,4.0,2.0,A01
201800033455,1.0,7,0,0.0,2.0,1.0,2.0,B01
201800033456,2.0,7,0,0.0,9.0,2.0,2.0,A01
201800033456,2.0,1,0,0.0,2.0,1.0,2.0,B01
201800033457,2.0,7,0,0.0,2.0,7.0,1.0,B01
201800033457,1.0,7,0,0.0,2.0,2.0,9.0,A01
201800033458,1.0,7,0,0.0,2.0,3.0,15.0,A01
201800033458,2.0,7,0,0.0,2.0,3.0,1.0,B01
201800033459,1.0,1,0,12.0,0.0,1.0,2.0,A01
201800033460,0.0,30,0,0.0,0.0,0.0,0.0,A01
201800033461,2.0,7,0,0.0,1.0,2.0,0.0,A01
201800033462,1.0,7,0,0.0,2.0,3.0,0.0,D01
201800033462,1.0,7,0,1.0,2.0,3.0,0.0,C01
201800033462,1.0,7,0,0.0,2.0,2.0,14.0,B01
201800033462,2.0,7,0,0.0,2.0,0.0,19.0,A01
201800033463,1.0,1,0,0.0,2.0,8.0,2.0,A01
201800033463,1.0,7,0,0.0,2.0,0.0,2.0,B01
201800033464,1.0,7,0,0.0,2.0,0.0,0.0,B01
201800033464,1.0,7,0,0.0,2.0,4.0,9.0,A01
201800033465,1.0,1,0,0.0,2.0,0.0,2.0,B01
201800033465,1.0,7,0,0.0,2.0,1.0,15.0,A01
201800033466,1.0,7,0,0.0,2.0,4.0,2.0,A01
201800033466,1.0,34,0,0.0,2.0,1.0,2.0,B01
201800033467,2.0,7,0,1.0,0.0,3.0,13.0,A01
201800033468,1.0,7,0,0.0,2.0,1.0,2.0,A01
201800033468,1.0,1,0,0.0,2.0,4.0,2.0,B01
201800033469,1.0,7,0,0.0,2.0,8.0,19.0,A01
201800033469,1.0,33,0,0.0,2.0,1.0,17.0,B01
201800033470,2.0,7,0,0.0,2.0,1.0,2.0,A01
201800033470,2.0,7,0,0.0,2.0,4.0,2.0,B01
201800033471,1.0,7,0,0.0,2.0,1.0,2.0,A01
201800033471,1.0,7,0,0.0,2.0,1.0,2.0,B01
201800033472,0.0,7,0,0.0,2.0,6.0,15.0,A01
201800033472,0.0,7,0,0.0,2.0,1.0,1.0,B01
201800033473,1.0,7,0,0.0,2.0,2.0,9.0,A01
201800033473,1.0,7,0,0.0,2.0,0.0,9.0,B01
201800033474,1.0,31,0,11.0,0.0,1.0,13.0,A01
201800033475,1.0,1,0,0.0,2.0,4.0,23.0,B01
201800033475,0.0,7,0,0.0,2.0,2.0,0.0,A01
201800033476,2.0,7,0,0.0,2.0,3.0,16.0,B01
201800033476,1.0,7,0,0.0,2.0,8.0,9.0,A01
201800033477,0.0,34,0,0.0,2.0,1.0,1.0,B01
201800033477,0.0,7,0,0.0,2.0,3.0,13.0,A01
201800033478,0.0,7,0,0.0,2.0,6.0,0.0,A01
201800033478,0.0,7,0,0.0,2.0,1.0,0.0,B01
201800033479,0.0,7,0,0.0,2.0,3.0,1.0,B01
201800033479,0.0,10,0,0.0,2.0,3.0,13.0,A01
201800033480,1.0,7,0,0.0,2.0,0.0,0.0,B01
201800033480,2.0,32,0,0.0,2.0,1.0,17.0,A01
201800033481,1.0,1,0,0.0,2.0,0.0,0.0,B01
201800033481,1.0,7,0,0.0,6.0,1.0,16.0,A01
201800033482,1.0,7,0,0.0,2.0,3.0,2.0,A01
201800033482,1.0,7,0,0.0,2.0,5.0,1.0,B01
201800033483,0.0,7,0,0.0,2.0,1.0,19.0,B01
201800033483,2.0,7,0,0.0,2.0,3.0,0.0,A01
201800033484,2.0,10,0,12.0,1.0,2.0,14.0,A01
201800033485,1.0,33,0,0.0,0.0,8.0,0.0,A01
201800033486,1.0,7,0,0.0,2.0,0.0,0.0,B01
201800033486,1.0,33,0,0.0,2.0,0.0,0.0,A01
201800033487,1.0,7,0,0.0,2.0,4.0,0.0,C01
201800033487,1.0,10,0,0.0,2.0,1.0,0.0,A01
201800033487,1.0,7,0,0.0,2.0,4.0,0.0,B01
201800033488,1.0,7,0,14.0,0.0,8.0,13.0,A01
201800033489,0.0,7,0,0.0,2.0,4.0,2.0,C01
201800033489,0.0,7,0,0.0,2.0,4.0,2.0,B01
201800033489,0.0,7,0,0.0,2.0,1.0,1.0,A01
201800033490,1.0,2,0,2.0,0.0,0.0,13.0,A01
201800033491,1.0,2,0,12.0,0.0,7.0,16.0,A01
201800033492,1.0,1,0,0.0,2.0,8.0,19.0,B01
201800033492,2.0,15,0,0.0,2.0,6.0,15.0,A01
201800033493,2.0,7,0,0.0,2.0,5.0,17.0,B01
201800033493,2.0,30,0,0.0,2.0,8.0,2.0,A01