Num_Acc,senc,catv,occutc,obs,obsm,choc,manv,num_veh
201800033494,2.0,7,0,0.0,2.0,3.0,2.0,B01
201800033494,2.0,7,0,0.0,2.0,5.0,2.0,A01
201800033495,2.0,30,0,0.0,0.0,0.0,1.0,A01
201800033496,1.0,32,0,0.0,2.0,1.0,0.0,B01
201800033496,1.0,7,0,0.0,2.0,2.0,15.0,A01
201800033497,0.0,7,0,13.0,0.0,1.0,0.0,A01
201800033498,1.0,17,0,1.0,0.0,7.0,21.0,A01
201800033498,1.0,1,0,0.0,2.0,8.0,0.0,B01
201800033499,1.0,7,0,0.0,2.0,1.0,15.0,A01
201800033499,1.0,1,0,0.0,2.0,1.0,2.0,B01
201800033500,1.0,1,0,0.0,2.0,1.0,0.0,A01
201800033500,1.0,7,0,0.0,0.0,4.0,0.0,B01
201800033501,2.0,1,0,0.0,0.0,8.0,1.0,A01
201800033502,0.0,1,0,0.0,0.0,1.0,1.0,A01
201800033503,0.0,7,0,0.0,2.0,1.0,1.0,A01
201800033503,0.0,7,0,0.0,2.0,4.0,1.0,B01
201800033503,0.0,7,0,0.0,6.0,4.0,1.0,C01
201800033504,1.0,7,0,0.0,2.0,1.0,0.0,A01
201800033504,1.0,7,0,0.0,2.0,4.0,1.0,B01
201800033505,0.0,2,0,0.0,1.0,1.0,1.0,A01
201800033506,2.0,32,0,0.0,2.0,4.0,1.0,A01
201800033506,2.0,32,0,0.0,2.0,1.0,1.0,B01
201800033507,0.0,7,0,0.0,2.0,5.0,2.0,B01
201800033507,0.0,30,0,0.0,2.0,1.0,16.0,A01
201800033508,2.0,7,0,0.0,2.0,3.0,15.0,A01
201800033508,2.0,1,0,0.0,2.0,1.0,1.0,B01
201800033509,0.0,33,0,0.0,2.0,2.0,1.0,A01
201800033509,0.0,7,0,0.0,2.0,1.0,15.0,B01
201800033510,1.0,36,0,1.0,0.0,7.0,2.0,A01
201800033510,1.0,7,0,1.0,2.0,8.0,2.0,B01
201800033511,0.0,7,0,0.0,1.0,1.0,1.0,A01
201800033512,1.0,2,0,0.0,0.0,7.0,15.0,A01
201800033513,0.0,31,0,1.0,0.0,7.0,1.0,B01
201800033513,0.0,7,0,0.0,2.0,6.0,23.0,A01
201800033514,1.0,7,0,0.0,1.0,0.0,15.0,Z01
201800033515,1.0,7,0,0.0,2.0,3.0,15.0,A01
201800033515,1.0,31,0,0.0,2.0,1.0,17.0,B01
201800033516,1.0,7,0,0.0,2.0,8.0,0.0,B01
201800033516,1.0,7,0,0.0,2.0,8.0,13.0,A01
201800033517,0.0,7,0,0.0,2.0,2.0,15.0,A01
201800033517,0.0,33,0,0.0,2.0,3.0,1.0,B01
201800033518,0.0,7,0,0.0,2.0,7.0,15.0,A01
201800033518,1.0,7,0,0.0,2.0,3.0,9.0,B01
201800033519,2.0,10,0,0.0,2.0,1.0,19.0,A01
201800033519,2.0,1,0,0.0,2.0,8.0,19.0,B01
201800033520,2.0,2,0,0.0,2.0,8.0,2.0,B01
201800033520,2.0,7,0,0.0,2.0,5.0,2.0,A01
201800033521,1.0,99,0,0.0,2.0,1.0,19.0,B01
201800033521,1.0,7,0,0.0,2.0,3.0,0.0,A01
201800033522,1.0,7,0,0.0,2.0,1.0,11.0,A01
201800033522,0.0,1,0,0.0,2.0,1.0,1.0,B01
201800033523,2.0,1,0,0.0,2.0,1.0,1.0,B01
201800033523,1.0,10,0,0.0,2.0,2.0,9.0,A01
201800033524,1.0,7,0,15.0,1.0,1.0,15.0,B01
201800033525,0.0,7,0,1.0,2.0,0.0,1.0,A01
201800033525,0.0,7,0,0.0,2.0,3.0,15.0,B01
201800033526,1.0,7,0,0.0,2.0,1.0,1.0,B01
201800033526,2.0,7,0,1.0,0.0,1.0,8.0,A01
201800033527,0.0,7,0,0.0,1.0,1.0,0.0,A01
201800033528,0.0,7,0,0.0,2.0,4.0,16.0,A01
201800033528,0.0,7,0,0.0,2.0,1.0,1.0,B01
201800033529,1.0,2,0,0.0,2.0,7.0,17.0,B01
201800033529,1.0,7,0,0.0,2.0,8.0,15.0,A01
201800033530,2.0,30,0,0.0,2.0,1.0,17.0,A01
201800033530,1.0,7,0,0.0,2.0,8.0,19.0,B01
201800033531,1.0,7,0,0.0,2.0,8.0,17.0,A01
201800033531,2.0,7,0,0.0,2.0,3.0,2.0,B01
201800033531,1.0,7,0,0.0,2.0,6.0,2.0,C01
201800033532,0.0,7,0,0.0,2.0,2.0,16.0,A01
201800033532,0.0,1,0,0.0,2.0,8.0,2.0,B01
201800033533,2.0,15,0,0.0,2.0,4.0,23.0,A01
201800033533,2.0,7,0,0.0,2.0,1.0,2.0,B01
201800033534,2.0,32,0,0.0,0.0,2.0,16.0,A01
201800033535,1.0,32,0,0.0,2.0,0.0,3.0,B01
201800033535,1.0,7,0,0.0,2.0,3.0,10.0,A01
201800033536,1.0,99,0,1.0,0.0,2.0,14.0,A01
201800033537,0.0,7,0,0.0,1.0,0.0,2.0,A01
201800033538,2.0,7,0,0.0,1.0,7.0,1.0,A01
201800033539,1.0,7,0,0.0,1.0,2.0,1.0,A01
201800033540,2.0,38,50,0.0,2.0,1.0,1.0,D01
201800033540,1.0,7,0,0.0,2.0,5.0,1.0,C01
201800033540,1.0,7,0,3.0,2.0,9.0,1.0,B01
201800033540,1.0,7,0,0.0,2.0,1.0,0.0,A01
201800033541,1.0,31,0,1.0,0.0,7.0,21.0,A01
201800033542,1.0,33,0,12.0,2.0,1.0,14.0,A01
201800033543,0.0,33,0,0.0,2.0,1.0,13.0,A01
201800033543,0.0,7,0,0.0,2.0,3.0,19.0,B01
201800033544,0.0,7,0,0.0,2.0,1.0,9.0,A01
201800033544,0.0,7,0,0.0,2.0,8.0,1.0,B01
201800033545,2.0,7,0,8.0,0.0,1.0,20.0,A01
201800033546,2.0,7,0,0.0,1.0,1.0,1.0,A01
201800033547,2.0,32,0,0.0,2.0,1.0,17.0,A01
201800033547,2.0,21,0,0.0,2.0,6.0,2.0,B01
201800033548,1.0,1,0,0.0,2.0,1.0,0.0,B01
201800033548,0.0,13,0,0.0,2.0,7.0,16.0,A01
201800033549,2.0,33,0,0.0,2.0,1.0,17.0,B01
201800033549,1.0,7,0,0.0,2.0,3.0,15.0,A01
201800033550,2.0,2,0,0.0,2.0,1.0,9.0,B01
201800033550,1.0,7,0,0.0,2.0,6.0,1.0,A01
201800033551,0.0,99,0,0.0,2.0,1.0,0.0,B01
201800033551,0.0,7,0,0.0,6.0,3.0,0.0,A01
201800033552,2.0,7,0,0.0,1.0,3.0,15.0,A01
201800033553,2.0,30,0,0.0,1.0,1.0,1.0,A01
201800033554,2.0,31,0,0.0,2.0,7.0,17.0,B01
201800033554,2.0,7,0,0.0,2.0,8.0,15.0,A01
201800033555,2.0,33,0,6.0,0.0,0.0,1.0,A01
201800033556,1.0,30,0,0.0,2.0,7.0,17.0,B01
201800033556,2.0,7,0,0.0,2.0,2.0,15.0,A01
201800033557,1.0,30,0,0.0,0.0,0.0,0.0,B01
201800033557,1.0,7,0,0.0,2.0,3.0,15.0,A01
201800033558,1.0,7,0,0.0,2.0,1.0,1.0,B01
201800033558,1.0,7,0,0.0,2.0,4.0,1.0,A01
201800033559,1.0,33,0,0.0,2.0,1.0,0.0,B01
201800033559,1.0,7,0,0.0,2.0,8.0,15.0,A01
201800033560,2.0,7,0,0.0,1.0,0.0,19.0,A01
201800033561,0.0,7,0,0.0,2.0,3.0,15.0,A01
201800033561,0.0,31,0,0.0,2.0,2.0,1.0,B01
201800033562,1.0,7,0,0.0,1.0,1.0,16.0,Z01
201800033563,1.0,7,0,0.0,2.0,6.0,10.0,A01
201800033563,1.0,7,0,0.0,2.0,0.0,0.0,B01
201800033564,2.0,2,0,0.0,2.0,1.0,17.0,B01
201800033564,1.0,7,0,0.0,2.0,3.0,9.0,A01
201800033565,0.0,7,0,0.0,2.0,1.0,1.0,A01
201800033565,1.0,7,0,0.0,2.0,4.0,23.0,C01
201800033565,1.0,7,0,0.0,2.0,4.0,23.0,B01
201800033566,0.0,7,0,0.0,2.0,7.0,9.0,A01
201800033566,0.0,32,0,0.0,2.0,7.0,1.0,B01
201800033567,1.0,30,0,0.0,0.0,8.0,0.0,A01
201800033568,1.0,1,0,12.0,0.0,1.0,0.0,A01
201800033569,1.0,7,0,0.0,2.0,3.0,15.0,A01
201800033569,1.0,30,0,0.0,2.0,5.0,15.0,B01
201800033570,2.0,7,0,0.0,1.0,1.0,9.0,A01
201800033571,1.0,7,0,6.0,0.0,1.0,0.0,A01
201800033572,0.0,7,0,0.0,2.0,4.0,1.0,A01
201800033572,0.0,7,0,0.0,2.0,1.0,1.0,B01
201800033573,2.0,10,0,0.0,1.0,1.0,1.0,A01
201800033574,1.0,32,0,0.0,2.0,3.0,1.0,B01
201800033574,1.0,7,0,0.0,2.0,3.0,15.0,A01
201800033575,1.0,7,0,0.0,1.0,7.0,0.0,A01
201800033576,0.0,7,0,0.0,2.0,4.0,1.0,A01
201800033576,0.0,2,0,0.0,2.0,1.0,1.0,B01
201800033577,2.0,7,0,0.0,2.0,3.0,1.0,B01
201800033577,1.0,30,0,0.0,2.0,1.0,13.0,A01
201800033578,0.0,7,0,0.0,2.0,1.0,15.0,A01
201800033578,0.0,32,0,0.0,2.0,8.0,1.0,B01
201800033579,1.0,7,0,0.0,2.0,5.0,15.0,A01
201800033579,2.0,2,0,0.0,2.0,1.0,1.0,B01
201800033580,1.0,30,0,0.0,0.0,7.0,0.0,A01
201800033581,1.0,7,0,0.0,2.0,3.0,15.0,A01
201800033581,2.0,32,0,0.0,2.0,1.0,1.0,B01
201800033582,0.0,7,0,0.0,2.0,1.0,2.0,A01
201800033582,0.0,7,0,0.0,2.0,4.0,2.0,B01
201800033582,0.0,7,0,0.0,2.0,4.0,2.0,C01
201800033583,0.0,7,0,0.0,2.0,2.0,1.0,B01
201800033583,0.0,7,0,0.0,2.0,2.0,16.0,A01
201800033584,0.0,33,0,0.0,2.0,1.0,0.0,A01
201800033584,0.0,7,0,0.0,2.0,1.0,0.0,B01
201800033585,0.0,1,0,0.0,0.0,0.0,15.0,A01
201800033586,0.0,33,0,0.0,2.0,0.0,15.0,A01
201800033587,1.0,7,0,0.0,2.0,3.0,10.0,A01
201800033587,1.0,31,0,0.0,2.0,1.0,17.0,B01
201800033588,2.0,7,0,0.0,1.0,0.0,2.0,Z01
201800033589,1.0,7,0,0.0,2.0,3.0,16.0,B01
201800033589,1.0,7,0,0.0,2.0,7.0,15.0,A01
201800033590,2.0,32,0,0.0,2.0,8.0,2.0,B01
201800033590,1.0,7,0,0.0,2.0,1.0,10.0,A01
201800033591,1.0,7,0,0.0,0.0,0.0,0.0,A01
201800033591,1.0,34,0,0.0,2.0,0.0,0.0,B01
201800033592,0.0,30,0,0.0,2.0,7.0,1.0,A01
201800033592,0.0,7,0,0.0,2.0,8.0,16.0,B01
201800033593,1.0,7,0,0.0,2.0,6.0,2.0,B01
201800033593,1.0,7,0,0.0,2.0,3.0,2.0,A01
201800033594,0.0,1,0,0.0,0.0,2.0,1.0,A01
201800033595,0.0,1,0,0.0,2.0,8.0,19.0,B01
201800033595,0.0,7,0,0.0,2.0,8.0,15.0,A01
201800033596,0.0,32,0,0.0,0.0,0.0,2.0,A01
201800033597,2.0,14,0,0.0,1.0,2.0,16.0,A01
201800033598,0.0,7,0,0.0,2.0,1.0,19.0,A01
201800033598,0.0,7,0,0.0,2.0,8.0,2.0,B01
201800033599,0.0,7,0,0.0,1.0,2.0,1.0,A01
201800033600,0.0,7,0,0.0,2.0,5.0,15.0,B01
201800033600,0.0,7,0,0.0,2.0,3.0,1.0,A01
201800033601,2.0,7,0,0.0,1.0,2.0,15.0,A01
201800033602,0.0,7,0,4.0,0.0,1.0,1.0,A01
201800033603,1.0,7,0,0.0,2.0,0.0,0.0,B01
201800033603,1.0,30,0,0.0,2.0,1.0,17.0,A01
201800033604,0.0,33,0,0.0,0.0,0.0,0.0,A01
201800033605,0.0,7,0,0.0,2.0,3.0,1.0,B01
201800033605,0.0,33,0,0.0,2.0,1.0,1.0,A01
201800033606,0.0,33,0,0.0,2.0,1.0,13.0,A01
201800033606,0.0,7,0,0.0,2.0,1.0,1.0,B01
201800033607,1.0,1,0,0.0,2.0,1.0,1.0,B01
201800033607,2.0,7,0,0.0,2.0,2.0,15.0,A01
201800033608,1.0,7,0,0.0,2.0,3.0,1.0,B01
201800033608,1.0,7,0,0.0,2.0,1.0,1.0,C01
201800033608,2.0,7,0,0.0,2.0,1.0,1.0,A01
201800033609,0.0,7,0,6.0,0.0,3.0,1.0,A01
201800033610,1.0,7,0,0.0,1.0,3.0,1.0,A01
201800033611,0.0,7,0,1.0,0.0,1.0,1.0,A01
201800033611,0.0,7,0,0.0,2.0,8.0,24.0,B01
201800033612,1.0,7,0,0.0,2.0,3.0,13.0,A01
201800033612,2.0,7,0,0.0,2.0,3.0,1.0,B01
201800033613,0.0,33,0,6.0,0.0,1.0,21.0,A01
201800033614,2.0,7,0,0.0,2.0,2.0,2.0,A01
201800033614,2.0,7,0,13.0,0.0,4.0,1.0,B01
201800033615,2.0,7,0,0.0,9.0,2.0,1.0,A01
201800033615,2.0,1,0,0.0,2.0,4.0,1.0,B01
201800033615,2.0,1,0,0.0,2.0,0.0,1.0,C01
201800033616,1.0,7,0,13.0,0.0,1.0,0.0,A01
201800033617,0.0,7,0,8.0,0.0,1.0,0.0,A01
201800033618,1.0,33,0,0.0,2.0,3.0,2.0,A01
201800033618,1.0,7,0,0.0,2.0,5.0,1.0,B01
201800033619,1.0,2,0,0.0,2.0,7.0,1.0,A01
201800033619,1.0,7,0,0.0,2.0,1.0,15.0,B01
201800033620,2.0,7,0,0.0,2.0,1.0,13.0,A01
201800033620,1.0,7,0,0.0,2.0,0.0,1.0,B01
201800033621,2.0,7,0,0.0,2.0,1.0,5.0,A01
201800033621,1.0,7,0,0.0,2.0,1.0,1.0,B01
201800033622,1.0,7,0,2.0,0.0,1.0,21.0,A01
201800033623,1.0,7,0,0.0,2.0,6.0,2.0,B01
201800033623,1.0,31,0,0.0,2.0,1.0,2.0,A01
201800033624,1.0,7,0,5.0,2.0,1.0,13.0,B01
201800033624,2.0,7,0,0.0,2.0,1.0,13.0,A01
201800033625,0.0,2,0,0.0,2.0,1.0,1.0,A01
201800033625,0.0,38,1,0.0,2.0,2.0,15.0,B01
201800033626,2.0,7,0,0.0,2.0,7.0,15.0,B01
201800033626,1.0,30,0,0.0,2.0,2.0,1.0,A01
201800033627,1.0,33,0,0.0,2.0,1.0,1.0,B01
201800033627,1.0,7,0,0.0,2.0,3.0,15.0,A01
201800033628,1.0,7,0,0.0,2.0,6.0,10.0,B01
201800033628,1.0,2,0,0.0,2.0,2.0,17.0,A01
201800033629,1.0,7,0,0.0,2.0,1.0,1.0,C01
201800033629,2.0,7,0,0.0,2.0,1.0,13.0,A01
201800033629,1.0,7,0,0.0,2.0,2.0,1.0,B01
201800033630,1.0,10,0,0.0,2.0,3.0,15.0,A01
201800033630,1.0,33,0,0.0,2.0,1.0,17.0,B01
201800033631,2.0,2,0,0.0,2.0,2.0,0.0,B01
201800033631,1.0,7,0,0.0,2.0,2.0,15.0,A01
201800033632,1.0,7,0,0.0,2.0,0.0,15.0,B01
201800033632,1.0,7,0,15.0,1.0,1.0,21.0,A01
201800033633,0.0,7,0,0.0,2.0,3.0,9.0,A01
201800033633,0.0,34,0,0.0,2.0,1.0,3.0,B01
201800033634,1.0,7,0,0.0,2.0,1.0,17.0,A01
201800033634,1.0,7,0,0.0,2.0,0.0,1.0,B01
201800033634,2.0,7,0,0.0,2.0,1.0,1.0,C01
201800033635,1.0,10,0,0.0,2.0,1.0,2.0,A01
201800033635,1.0,7,0,0.0,2.0,4.0,2.0,B01
201800033635,1.0,7,0,0.0,2.0,4.0,1.0,C01
201800033636,1.0,7,0,0.0,1.0,2.0,1.0,A01
201800033637,1.0,7,0,0.0,2.0,2.0,1.0,A01
201800033637,1.0,1,0,0.0,2.0,8.0,19.0,B01
201800033638,1.0,7,0,0.0,1.0,1.0,1.0,A01
201800033639,1.0,7,0,0.0,2.0,2.0,1.0,B01
201800033639,1.0,1,0,0.0,2.0,0.0,15.0,A01
201800033640,0.0,7,0,0.0,2.0,3.0,13.0,A01
201800033640,0.0,7,0,0.0,2.0,1.0,1.0,B01
201800033641,0.0,7,0,0.0,2.0,8.0,1.0,B01
201800033641,0.0,7,0,0.0,6.0,2.0,15.0,A01
201800033641,0.0,1,0,0.0,2.0,1.0,1.0,C01
201800033642,1.0,33,0,0.0,2.0,1.0,1.0,B01
201800033642,1.0,7,0,0.0,2.0,3.0,0.0,A01
201800033643,2.0,33,0,16.0,0.0,1.0,2.0,A01
201800033644,1.0,7,0,0.0,2.0,1.0,13.0,A01
201800033644,2.0,7,0,0.0,2.0,1.0,0.0,B01
201800033645,1.0,7,0,0.0,1.0,3.0,1.0,A01
201800033645,1.0,7,0,0.0,1.0,6.0,23.0,B01
201800033645,2.0,7,0,0.0,0.0,0.0,0.0,C01
201800033646,0.0,31,0,0.0,2.0,1.0,19.0,A01
201800033646,0.0,7,0,0.0,2.0,7.0,0.0,B01
201800033647,1.0,7,0,0.0,2.0,2.0,19.0,A01
201800033647,1.0,1,0,0.0,2.0,1.0,1.0,B01
201800033648,1.0,33,0,0.0,2.0,1.0,1.0,B01
201800033648,1.0,7,0,0.0,2.0,3.0,15.0,A01
201800033649,2.0,7,0,0.0,2.0,3.0,15.0,A01
201800033649,2.0,7,0,0.0,2.0,2.0,17.0,B01
201800033650,2.0,1,0,10.0,0.0,1.0,19.0,A01
201800033651,1.0,7,0,0.0,2.0,3.0,13.0,A01
201800033651,2.0,7,0,0.0,2.0,3.0,1.0,B01
201800033652,2.0,33,0,0.0,2.0,1.0,5.0,B01
201800033652,2.0,10,0,0.0,2.0,5.0,15.0,A01
201800033653,1.0,7,0,13.0,0.0,3.0,0.0,A01
201800033654,1.0,21,0,0.0,0.0,1.0,1.0,A01
201800033655,0.0,7,0,0.0,2.0,3.0,15.0,A01
201800033655,2.0,7,0,0.0,2.0,1.0,1.0,B01
201800033656,1.0,31,0,0.0,0.0,1.0,1.0,A01
201800033657,2.0,37,4,0.0,2.0,8.0,1.0,C01
201800033657,1.0,7,0,0.0,2.0,4.0,15.0,B01
201800033657,1.0,10,0,0.0,2.0,3.0,2.0,A01
201800033658,1.0,7,0,2.0,2.0,8.0,21.0,B01
201800033658,2.0,7,0,13.0,2.0,3.0,13.0,A01
201800033659,2.0,7,0,0.0,2.0,3.0,13.0,A01
201800033659,1.0,7,0,0.0,2.0,3.0,1.0,B01
201800033660,2.0,33,0,0.0,2.0,4.0,1.0,B01
201800033660,2.0,33,0,0.0,2.0,2.0,17.0,A01
201800033661,2.0,33,0,14.0,0.0,1.0,0.0,A01
201800033662,2.0,7,0,0.0,1.0,1.0,15.0,A01
201800033663,2.0,7,0,2.0,0.0,3.0,13.0,A01
201800033664,1.0,31,0,0.0,2.0,1.0,1.0,B01
201800033664,1.0,7,0,0.0,2.0,7.0,10.0,A01
201800033665,2.0,7,0,9.0,0.0,1.0,16.0,A01
201800033666,2.0,7,0,0.0,1.0,1.0,19.0,A01
201800033667,2.0,7,0,0.0,1.0,0.0,1.0,A01
201800033668,1.0,7,0,8.0,0.0,3.0,1.0,A01
201800033669,1.0,7,0,13.0,0.0,1.0,13.0,A01
201800033670,1.0,7,0,0.0,2.0,1.0,15.0,A01
201800033670,2.0,31,0,0.0,2.0,8.0,1.0,B01
201800033671,1.0,7,0,0.0,1.0,1.0,15.0,A01
201800033672,0.0,99,0,0.0,2.0,0.0,0.0,R01
201800033672,1.0,7,0,0.0,2.0,2.0,2.0,A01
201800033673,1.0,7,0,0.0,2.0,1.0,1.0,B01
201800033673,1.0,7,0,0.0,2.0,3.0,15.0,A01
201800033674,0.0,7,0,0.0,2.0,2.0,15.0,B01
201800033674,0.0,33,0,0.0,2.0,1.0,1.0,A01
201800033675,2.0,31,0,0.0,2.0,1.0,2.0,A01
201800033675,2.0,7,0,0.0,2.0,4.0,23.0,C01
201800033675,2.0,7,0,0.0,2.0,4.0,23.0,B01
201800033676,0.0,2,0,10.0,0.0,1.0,0.0,A01
201800033677,2.0,7,0,0.0,1.0,2.0,1.0,A01
201800033678,2.0,30,0,0.0,2.0,1.0,0.0,A01
201800033678,1.0,30,0,0.0,2.0,1.0,0.0,B01
201800033679,0.0,7,0,0.0,2.0,3.0,15.0,A01
201800033679,0.0,2,0,1.0,2.0,7.0,0.0,B01
201800033680,2.0,7,0,0.0,2.0,3.0,1.0,B01
201800033680,2.0,7,0,0.0,2.0,3.0,13.0,A01
201800033681,2.0,7,0,0.0,2.0,4.0,2.0,C01
201800033681,2.0,7,0,0.0,2.0,1.0,2.0,A01
201800033681,2.0,7,0,0.0,2.0,4.0,2.0,B01
201800033682,1.0,3,0,0.0,1.0,1.0,16.0,A01
201800033683,2.0,7,0,0.0,2.0,1.0,1.0,B01
201800033683,1.0,2,0,0.0,2.0,1.0,13.0,A01
201800033684,2.0,7,0,0.0,2.0,1.0,15.0,A01
201800033684,1.0,31,0,0.0,2.0,1.0,1.0,B01
201800033685,0.0,7,0,0.0,2.0,7.0,20.0,A01
201800033685,0.0,33,0,0.0,2.0,1.0,1.0,B01
201800033686,1.0,10,0,0.0,2.0,1.0,13.0,A01
201800033686,2.0,7,0,0.0,2.0,1.0,1.0,B01
201800033687,1.0,7,0,9.0,0.0,1.0,14.0,A01
201800033688,1.0,7,0,0.0,1.0,1.0,1.0,A01
201800033689,0.0,10,0,0.0,2.0,8.0,23.0,A01
201800033689,0.0,7,0,0.0,2.0,1.0,1.0,B01
201800033690,0.0,2,0,0.0,2.0,1.0,1.0,B01
201800033690,0.0,7,0,0.0,2.0,2.0,19.0,A01
201800033691,2.0,33,0,0.0,2.0,1.0,15.0,B01
201800033691,1.0,7,0,0.0,2.0,8.0,19.0,A01
201800033692,2.0,7,0,0.0,6.0,5.0,15.0,B01
201800033692,1.0,1,0,0.0,2.0,1.0,1.0,A01
201800033693,2.0,10,0,0.0,2.0,0.0,0.0,B01
201800033693,1.0,7,0,0.0,2.0,1.0,1.0,A01
201800033694,1.0,7,0,0.0,2.0,3.0,1.0,B01
201800033694,2.0,1,0,0.0,2.0,8.0,5.0,A01
201800033695,1.0,33,0,0.0,2.0,1.0,17.0,B01
201800033695,1.0,7,0,0.0,2.0,6.0,17.0,A01
201800033696,2.0,1,0,6.0,2.0,1.0,1.0,B01
201800033696,1.0,7,0,0.0,2.0,3.0,19.0,A01
201800033697,2.0,7,0,0.0,2.0,8.0,10.0,A01
201800033697,2.0,33,0,0.0,2.0,7.0,1.0,B01
201800033698,1.0,2,0,0.0,2.0,0.0,0.0,B01
201800033698,2.0,7,0,0.0,2.0,3.0,10.0,A01
201800033699,2.0,7,0,0.0,2.0,1.0,16.0,A01
201800033699,0.0,7,0,0.0,2.0,0.0,0.0,B01
201800033700,1.0,33,0,0.0,2.0,1.0,1.0,B01
201800033700,2.0,7,0,0.0,2.0,5.0,15.0,A01
201800033701,2.0,7,0,0.0,2.0,4.0,23.0,A01
201800033701,2.0,7,0,0.0,2.0,1.0,2.0,B01
201800033701,2.0,7,0,0.0,2.0,1.0,2.0,C01
201800033702,2.0,7,0,0.0,1.0,1.0,1.0,A01
201800033703,0.0,7,0,0.0,1.0,1.0,1.0,A01
201800033704,2.0,30,0,0.0,0.0,1.0,1.0,A01
201800033705,0.0,32,0,0.0,2.0,1.0,1.0,B01
201800033705,0.0,7,0,0.0,2.0,3.0,13.0,A01
201800033706,1.0,7,0,8.0,0.0,1.0,0.0,A01
201800033707,0.0,7,0,0.0,2.0,4.0,23.0,B01
201800033707,0.0,7,0,0.0,2.0,1.0,1.0,A01
201800033708,2.0,7,0,0.0,1.0,1.0,1.0,Z01
201800033709,2.0,7,0,0.0,2.0,8.0,2.0,A01
201800033709,2.0,7,0,0.0,2.0,6.0,2.0,B01
201800033710,0.0,7,0,0.0,2.0,1.0,1.0,A01
201800033710,0.0,2,0,0.0,2.0,1.0,1.0,B01
201800033711,1.0,30,0,16.0,0.0,0.0,1.0,A01
201800033712,0.0,7,0,0.0,1.0,1.0,1.0,A01
201800033713,0.0,7,0,0.0,1.0,2.0,1.0,A01
201800033714,0.0,7,0,1.0,2.0,1.0,1.0,A01
201800033714,0.0,14,0,0.0,2.0,1.0,1.0,B01
201800033715,0.0,2,0,0.0,1.0,1.0,1.0,A01
201800033716,0.0,7,0,0.0,2.0,1.0,5.0,A01
201800033716,0.0,7,0,0.0,2.0,1.0,1.0,B01
201800033717,0.0,7,0,9.0,0.0,1.0,13.0,A01
201800033718,2.0,7,0,0.0,1.0,1.0,15.0,A01
201800033719,2.0,30,0,14.0,0.0,1.0,0.0,A01
201800033720,1.0,7,0,0.0,1.0,1.0,1.0,Z01
201800033721,0.0,7,0,8.0,2.0,3.0,1.0,B01
201800033721,0.0,7,0,14.0,0.0,1.0,1.0,A01
201800033722,0.0,34,0,0.0,2.0,8.0,1.0,B01
201800033722,0.0,7,0,0.0,2.0,7.0,12.0,A01
201800033723,0.0,7,0,0.0,1.0,2.0,1.0,A01
201800033724,0.0,99,0,0.0,2.0,0.0,0.0,R01
201800033724,1.0,7,0,0.0,2.0,1.0,1.0,A01
201800033725,0.0,7,0,1.0,0.0,1.0,13.0,A01
201800033726,0.0,7,0,0.0,2.0,3.0,1.0,B01
201800033726,0.0,7,0,0.0,2.0,3.0,5.0,A01
201800033727,2.0,7,0,0.0,2.0,1.0,2.0,A01
201800033727,2.0,7,0,0.0,2.0,4.0,2.0,B01
201800033728,1.0,7,0,4.0,0.0,1.0,1.0,A01
201800033729,2.0,7,0,0.0,2.0,8.0,15.0,B01
201800033729,2.0,33,0,0.0,2.0,1.0,17.0,A01
201800033730,0.0,7,0,0.0,1.0,2.0,1.0,A01
201800033731,2.0,7,0,0.0,2.0,1.0,2.0,A01
201800033731,2.0,7,0,0.0,2.0,4.0,2.0,B01
201800033732,0.0,7,0,0.0,1.0,1.0,1.0,Z01
201800033733,0.0,7,0,0.0,2.0,1.0,1.0,A01
201800033733,0.0,7,0,0.0,2.0,1.0,1.0,B01
201800033734,1.0,15,0,0.0,2.0,7.0,15.0,A01
201800033734,1.0,37,1,0.0,2.0,1.0,1.0,B01
201800033735,1.0,7,0,0.0,2.0,1.0,1.0,B01
201800033735,2.0,7,0,0.0,2.0,7.0,15.0,A01
201800033735,2.0,37,1,0.0,2.0,8.0,1.0,C01
201800033736,2.0,1,0,0.0,2.0,1.0,1.0,B01
201800033736,1.0,7,0,0.0,2.0,1.0,1.0,Z01
201800033737,2.0,33,0,16.0,0.0,8.0,1.0,A01
201800033738,1.0,7,0,0.0,1.0,3.0,15.0,A01
201800033739,1.0,7,0,6.0,0.0,1.0,14.0,A01
201800033740,2.0,7,0,0.0,2.0,4.0,2.0,B01
201800033740,2.0,7,0,0.0,2.0,1.0,2.0,A01
201800033741,1.0,30,0,12.0,0.0,1.0,1.0,A01
201800033742,1.0,7,0,0.0,2.0,1.0,1.0,C01
201800033742,1.0,10,0,0.0,2.0,1.0,17.0,B01
201800033742,1.0,7,0,0.0,2.0,1.0,5.0,A01
201800033743,0.0,2,0,1.0,2.0,1.0,1.0,B01
201800033743,0.0,7,0,0.0,2.0,7.0,10.0,A01
201800033744,0.0,7,0,8.0,0.0,7.0,13.0,A01
201800033745,0.0,10,0,0.0,2.0,2.0,1.0,A01
201800033745,0.0,33,0,0.0,2.0,8.0,1.0,B01
201800033746,1.0,7,0,0.0,2.0,3.0,19.0,A01
201800033746,1.0,7,0,0.0,2.0,1.0,1.0,B01
201800033747,1.0,7,0,0.0,2.0,5.0,0.0,A01