Num_Acc,senc,catv,occutc,obs,obsm,choc,manv,num_veh
201800033747,2.0,7,0,0.0,2.0,1.0,0.0,B01
201800033748,1.0,7,0,0.0,2.0,6.0,1.0,B01
201800033748,2.0,7,0,0.0,2.0,1.0,1.0,A01
201800033749,0.0,30,0,0.0,0.0,0.0,0.0,A01
201800033750,1.0,7,0,0.0,2.0,7.0,1.0,A01
201800033750,1.0,7,0,0.0,2.0,1.0,1.0,B01
201800033751,1.0,7,0,0.0,2.0,8.0,1.0,B01
201800033751,1.0,7,0,0.0,2.0,1.0,1.0,A01
201800033752,1.0,7,0,0.0,1.0,1.0,1.0,A01
201800033753,,99,0,0.0,0.0,0.0,0.0,A01
201800033754,1.0,33,0,0.0,2.0,6.0,1.0,B01
201800033754,1.0,7,0,0.0,2.0,2.0,12.0,A01
201800033755,1.0,7,0,0.0,2.0,1.0,2.0,A01
201800033755,1.0,7,0,0.0,2.0,4.0,2.0,C01
201800033755,1.0,7,0,0.0,2.0,4.0,1.0,B01
201800033756,1.0,7,0,4.0,0.0,9.0,1.0,A01
201800033757,0.0,7,0,0.0,2.0,1.0,0.0,A01
201800033757,0.0,7,0,0.0,2.0,8.0,0.0,B01
201800033758,0.0,7,0,0.0,2.0,4.0,23.0,B01
201800033758,0.0,1,0,0.0,2.0,1.0,1.0,A01
201800033759,2.0,7,0,0.0,2.0,1.0,19.0,A01
201800033759,1.0,33,0,0.0,2.0,7.0,1.0,B01
201800033760,0.0,1,0,0.0,2.0,1.0,19.0,A01
201800033760,0.0,7,0,0.0,2.0,1.0,1.0,Z01
201800033761,2.0,33,0,4.0,0.0,1.0,1.0,A01
201800033762,1.0,33,0,0.0,2.0,1.0,1.0,B01
201800033762,2.0,7,0,0.0,2.0,4.0,1.0,C01
201800033762,2.0,7,0,0.0,0.0,0.0,17.0,A01
201800033763,1.0,7,0,1.0,0.0,2.0,14.0,A01
201800033764,2.0,7,0,0.0,2.0,4.0,2.0,C01
201800033764,2.0,7,0,0.0,2.0,1.0,2.0,A01
201800033764,2.0,7,0,0.0,2.0,4.0,2.0,B01
201800033764,2.0,7,0,0.0,2.0,4.0,2.0,D01
201800033765,1.0,7,0,0.0,2.0,2.0,20.0,A01
201800033765,1.0,32,0,0.0,2.0,1.0,17.0,B01
201800033766,1.0,7,0,0.0,2.0,4.0,23.0,B01
201800033766,1.0,30,0,0.0,2.0,1.0,1.0,A01
201800033767,1.0,7,0,0.0,2.0,4.0,1.0,D01
201800033767,1.0,7,0,0.0,2.0,1.0,1.0,C01
201800033767,1.0,7,0,0.0,2.0,3.0,5.0,A01
201800033767,1.0,7,0,0.0,2.0,3.0,1.0,B01
201800033768,1.0,7,0,0.0,2.0,2.0,1.0,B01
201800033768,2.0,7,0,0.0,2.0,1.0,16.0,A01
201800033769,1.0,7,0,0.0,2.0,0.0,0.0,A01
201800033769,1.0,7,0,0.0,2.0,0.0,0.0,B01
201800033770,1.0,7,0,0.0,2.0,2.0,0.0,A01
201800033770,1.0,7,0,0.0,2.0,6.0,0.0,B01
201800033771,1.0,7,0,0.0,2.0,4.0,1.0,D01
201800033771,1.0,7,0,0.0,2.0,8.0,1.0,C01
201800033771,1.0,7,0,0.0,2.0,1.0,14.0,A01
201800033771,1.0,7,0,14.0,2.0,8.0,1.0,B01
201800033771,1.0,7,0,4.0,2.0,4.0,1.0,E01
201800033772,0.0,7,0,0.0,2.0,3.0,23.0,B01
201800033772,0.0,7,0,0.0,2.0,4.0,0.0,A01
201800033773,2.0,7,0,0.0,2.0,8.0,1.0,B01
201800033773,1.0,30,0,0.0,2.0,1.0,1.0,A01
201800033774,0.0,7,0,0.0,1.0,1.0,1.0,A01
201800033775,2.0,1,0,0.0,0.0,0.0,0.0,A01
201800033776,0.0,7,0,0.0,1.0,1.0,1.0,A01
201800033777,2.0,7,0,0.0,2.0,1.0,17.0,Z01
201800033777,1.0,7,0,0.0,2.0,3.0,1.0,B01
201800033778,2.0,1,0,16.0,0.0,1.0,13.0,A01
201800033779,2.0,37,1,0.0,2.0,4.0,2.0,C01
201800033779,2.0,7,0,0.0,2.0,1.0,1.0,A01
201800033779,2.0,7,0,0.0,2.0,4.0,2.0,B01
201800033780,2.0,15,0,0.0,2.0,3.0,0.0,B01
201800033780,1.0,3,0,0.0,2.0,3.0,13.0,A01
201800033781,1.0,2,0,0.0,2.0,1.0,1.0,B01
201800033781,1.0,7,0,0.0,2.0,8.0,1.0,A01
201800033782,2.0,2,0,16.0,0.0,0.0,0.0,A01
201800033783,0.0,7,0,0.0,0.0,0.0,0.0,A01
201800033783,0.0,7,0,0.0,0.0,0.0,0.0,B01
201800033784,0.0,17,0,0.0,2.0,1.0,2.0,A01
201800033784,0.0,10,0,0.0,2.0,4.0,2.0,B01
201800033785,1.0,33,0,1.0,0.0,3.0,0.0,A01
201800033786,0.0,30,0,0.0,2.0,8.0,1.0,B01
201800033786,0.0,7,0,0.0,2.0,7.0,12.0,A01
201800033787,2.0,7,0,0.0,2.0,1.0,15.0,A01
201800033787,0.0,33,0,0.0,2.0,8.0,0.0,B01
201800033788,1.0,7,0,0.0,2.0,1.0,1.0,Z01
201800033788,1.0,7,0,0.0,2.0,5.0,12.0,B01
201800033789,0.0,7,0,0.0,1.0,1.0,16.0,A01
201800033790,0.0,7,0,0.0,2.0,6.0,1.0,B01
201800033790,0.0,7,0,0.0,2.0,1.0,1.0,A01
201800033791,1.0,7,0,0.0,1.0,1.0,1.0,A01
201800033792,1.0,7,0,0.0,2.0,1.0,15.0,A01
201800033792,1.0,7,0,0.0,2.0,3.0,1.0,C01
201800033792,2.0,7,0,0.0,2.0,4.0,1.0,B01
201800033793,2.0,7,0,0.0,2.0,3.0,15.0,A01
201800033793,2.0,33,0,0.0,2.0,7.0,0.0,B01
201800033794,1.0,17,0,0.0,2.0,7.0,16.0,B01
201800033794,1.0,33,0,0.0,2.0,1.0,18.0,A01
201800033795,2.0,7,0,0.0,2.0,1.0,1.0,Z01
201800033795,2.0,7,0,0.0,2.0,1.0,1.0,A01
201800033795,2.0,7,0,0.0,2.0,4.0,23.0,B01
201800033796,0.0,7,0,0.0,1.0,1.0,1.0,A01
201800033797,2.0,34,0,0.0,2.0,1.0,1.0,A01
201800033797,2.0,7,0,0.0,2.0,3.0,1.0,B01
201800033798,1.0,7,0,11.0,0.0,2.0,14.0,A01
201800033799,0.0,30,0,16.0,0.0,8.0,1.0,A01
201800033800,0.0,33,0,0.0,2.0,1.0,17.0,A01
201800033800,0.0,7,0,0.0,2.0,3.0,15.0,B01
201800033801,0.0,7,0,0.0,2.0,8.0,10.0,A01
201800033801,0.0,32,0,0.0,2.0,1.0,17.0,B01
201800033802,2.0,7,0,0.0,1.0,1.0,15.0,Z01
201800033803,2.0,7,0,0.0,1.0,7.0,1.0,A01
201800033804,1.0,7,0,9.0,2.0,1.0,1.0,A01
201800033804,1.0,7,0,0.0,2.0,4.0,1.0,B01
201800033805,0.0,7,0,0.0,1.0,2.0,1.0,A01
201800033806,0.0,7,0,0.0,2.0,1.0,1.0,B01
201800033806,0.0,7,0,8.0,2.0,7.0,19.0,A01
201800033807,0.0,30,0,0.0,2.0,2.0,1.0,B01
201800033807,0.0,7,0,0.0,2.0,3.0,0.0,A01
201800033808,1.0,7,0,0.0,2.0,0.0,0.0,A01
201800033808,2.0,1,0,0.0,2.0,0.0,0.0,B01
201800033809,2.0,2,0,16.0,0.0,0.0,1.0,A01
201800033810,1.0,2,0,0.0,2.0,1.0,1.0,B01
201800033810,2.0,7,0,0.0,2.0,3.0,5.0,A01
201800033811,0.0,7,0,8.0,0.0,1.0,1.0,A01
201800033812,2.0,7,0,0.0,2.0,2.0,1.0,A01
201800033812,1.0,1,0,0.0,2.0,1.0,1.0,B01
201800033813,1.0,2,0,0.0,2.0,1.0,1.0,A01
201800033813,2.0,1,0,0.0,2.0,1.0,19.0,B01
201800033814,1.0,33,0,16.0,0.0,0.0,1.0,A01
201800033815,2.0,7,0,0.0,2.0,3.0,1.0,B01
201800033815,1.0,32,0,0.0,2.0,0.0,0.0,A01
201800033816,0.0,33,0,1.0,0.0,3.0,17.0,A01
201800033817,0.0,7,0,12.0,0.0,3.0,13.0,A01
201800033818,2.0,7,0,9.0,0.0,1.0,14.0,A01
201800033819,0.0,7,0,0.0,2.0,4.0,1.0,B01
201800033819,0.0,33,0,0.0,2.0,1.0,1.0,A01
201800033820,0.0,7,0,6.0,2.0,2.0,1.0,A01
201800033820,0.0,7,0,0.0,2.0,1.0,1.0,B01
201800033821,0.0,7,0,0.0,2.0,1.0,1.0,B01
201800033821,0.0,30,0,0.0,2.0,7.0,1.0,A01
201800033822,0.0,7,0,0.0,1.0,3.0,15.0,A01
201800033823,0.0,7,0,16.0,0.0,9.0,4.0,A01
201800033824,0.0,33,0,16.0,0.0,8.0,1.0,A01
201800033825,2.0,7,0,0.0,2.0,4.0,23.0,C01
201800033825,2.0,7,0,0.0,2.0,6.0,23.0,B01
201800033825,2.0,33,0,0.0,2.0,1.0,2.0,A01
201800033826,1.0,7,0,0.0,1.0,1.0,1.0,A01
201800033827,2.0,7,0,0.0,2.0,4.0,2.0,B01
201800033827,2.0,30,0,0.0,2.0,1.0,2.0,A01
201800033828,0.0,7,0,0.0,1.0,1.0,1.0,A01
201800033829,0.0,7,0,0.0,2.0,2.0,1.0,A01
201800033829,0.0,2,0,0.0,2.0,1.0,1.0,B01
201800033830,0.0,36,0,0.0,0.0,0.0,1.0,A01
201800033831,0.0,7,0,0.0,2.0,1.0,13.0,A01
201800033831,0.0,7,0,0.0,2.0,1.0,1.0,B01
201800033832,0.0,32,0,0.0,1.0,1.0,1.0,A01
201800033833,1.0,7,0,1.0,2.0,7.0,1.0,A01
201800033833,1.0,7,0,0.0,2.0,1.0,1.0,B01
201800033834,1.0,7,0,0.0,2.0,2.0,1.0,A01
201800033834,1.0,7,0,0.0,2.0,1.0,1.0,B01
201800033835,1.0,7,0,0.0,2.0,4.0,1.0,B01
201800033835,1.0,33,0,0.0,2.0,1.0,1.0,A01
201800033836,2.0,7,0,0.0,2.0,6.0,11.0,A01
201800033836,2.0,33,0,0.0,2.0,7.0,1.0,B01
201800033837,1.0,7,0,1.0,2.0,0.0,19.0,B01
201800033837,2.0,10,0,0.0,2.0,1.0,19.0,A01
201800033838,2.0,31,0,0.0,0.0,0.0,0.0,A01
201800033839,0.0,2,0,0.0,0.0,0.0,0.0,A01
201800033840,2.0,7,0,0.0,2.0,1.0,5.0,A01
201800033840,1.0,7,0,0.0,2.0,1.0,1.0,B01
201800033841,2.0,2,0,0.0,2.0,7.0,1.0,B01
201800033841,2.0,7,0,0.0,2.0,3.0,9.0,A01
201800033842,0.0,1,0,0.0,2.0,8.0,5.0,A01
201800033842,0.0,7,0,0.0,2.0,4.0,0.0,B01
201800033843,2.0,7,0,0.0,2.0,4.0,2.0,B01
201800033843,2.0,7,0,0.0,2.0,4.0,2.0,D01
201800033843,2.0,7,0,0.0,2.0,4.0,2.0,C01
201800033843,2.0,7,0,0.0,2.0,1.0,2.0,A01
201800033844,2.0,33,0,0.0,2.0,0.0,17.0,A01
201800033845,1.0,7,0,0.0,1.0,3.0,1.0,A01
201800033846,1.0,2,0,0.0,1.0,1.0,1.0,A01
201800033847,1.0,7,0,0.0,2.0,3.0,1.0,A01
201800033847,1.0,7,0,0.0,2.0,5.0,15.0,B01
201800033848,2.0,7,0,0.0,1.0,1.0,1.0,A01
201800033849,0.0,33,0,0.0,2.0,1.0,17.0,A01
201800033849,0.0,7,0,0.0,2.0,8.0,15.0,B01
201800033850,1.0,7,0,6.0,0.0,1.0,13.0,A01
201800033851,0.0,7,0,0.0,2.0,3.0,1.0,B01
201800033851,0.0,7,0,0.0,2.0,1.0,15.0,A01
201800033852,1.0,7,0,0.0,1.0,1.0,1.0,Z01
201800033853,2.0,33,0,0.0,2.0,1.0,17.0,A01
201800033853,2.0,7,0,0.0,2.0,3.0,15.0,B01
201800033854,0.0,33,0,0.0,0.0,0.0,1.0,A01
201800033855,0.0,7,0,0.0,1.0,1.0,1.0,A01
201800033856,1.0,7,0,0.0,2.0,1.0,1.0,A01
201800033856,1.0,7,0,0.0,2.0,1.0,1.0,B01
201800033856,1.0,7,0,0.0,2.0,4.0,1.0,C01
201800033857,1.0,40,1,0.0,1.0,1.0,1.0,A01
201800033858,0.0,31,0,3.0,2.0,1.0,1.0,A01
201800033858,0.0,7,0,0.0,2.0,1.0,1.0,B01
201800033859,1.0,7,0,0.0,2.0,8.0,1.0,B01
201800033859,2.0,30,0,0.0,2.0,1.0,1.0,A01
201800033860,1.0,30,0,0.0,2.0,1.0,1.0,B01
201800033860,2.0,7,0,0.0,2.0,7.0,15.0,A01
201800033861,2.0,33,0,0.0,2.0,1.0,1.0,B01
201800033861,1.0,7,0,0.0,2.0,5.0,15.0,A01
201800033862,0.0,7,0,0.0,1.0,1.0,16.0,A01
201800033863,2.0,33,0,0.0,2.0,1.0,1.0,B01
201800033863,1.0,7,0,0.0,2.0,7.0,15.0,A01
201800033864,0.0,2,0,0.0,0.0,7.0,1.0,A01
201800033865,0.0,7,0,0.0,2.0,3.0,1.0,B01
201800033865,0.0,17,0,0.0,2.0,6.0,1.0,A01
201800033866,2.0,7,0,0.0,1.0,5.0,1.0,Z01
201800033867,0.0,1,0,0.0,2.0,3.0,1.0,B01
201800033867,0.0,7,0,0.0,2.0,2.0,15.0,A01
201800033868,0.0,7,0,0.0,2.0,1.0,1.0,A01
201800033868,0.0,7,0,0.0,2.0,3.0,1.0,B01
201800033869,2.0,7,0,0.0,2.0,1.0,5.0,A01
201800033869,1.0,7,0,0.0,2.0,1.0,1.0,B01
201800033870,0.0,10,0,0.0,1.0,1.0,1.0,A01
201800033871,0.0,7,0,0.0,2.0,1.0,13.0,A01
201800033871,0.0,7,0,0.0,2.0,1.0,23.0,B01
201800033872,1.0,7,0,2.0,0.0,1.0,14.0,A01
201800033873,0.0,30,0,0.0,0.0,0.0,1.0,B01
201800033873,0.0,7,0,0.0,0.0,0.0,17.0,A01
201800033874,0.0,7,0,0.0,1.0,3.0,15.0,A01
201800033875,1.0,7,0,0.0,1.0,1.0,1.0,A01
201800033876,2.0,40,1,0.0,2.0,2.0,1.0,B01
201800033876,0.0,7,0,0.0,4.0,1.0,1.0,A01
201800033877,0.0,7,0,0.0,1.0,1.0,15.0,A01
201800033878,1.0,7,0,0.0,2.0,7.0,15.0,A01
201800033878,2.0,33,0,0.0,2.0,1.0,1.0,B01
201800033878,1.0,7,0,0.0,2.0,5.0,1.0,C01
201800033879,2.0,7,0,0.0,1.0,8.0,1.0,A01
201800033880,0.0,7,0,8.0,0.0,1.0,14.0,A01
201800033881,0.0,7,0,0.0,1.0,1.0,1.0,A01
201800033882,0.0,10,0,0.0,1.0,4.0,4.0,A01
201800033883,2.0,7,0,0.0,1.0,3.0,1.0,A01
201800033884,0.0,7,0,0.0,2.0,1.0,1.0,B01
201800033884,0.0,7,0,0.0,2.0,7.0,1.0,A01
201800033885,2.0,7,0,14.0,1.0,2.0,1.0,A01
201800033886,0.0,7,0,0.0,1.0,1.0,1.0,A01
201800033887,1.0,30,0,0.0,2.0,0.0,1.0,A01
201800033888,0.0,7,0,0.0,1.0,1.0,1.0,A01
201800033889,0.0,7,0,0.0,1.0,2.0,1.0,A01
201800033890,2.0,7,0,0.0,2.0,7.0,1.0,A01
201800033890,0.0,7,0,0.0,2.0,1.0,1.0,B01
201800033891,0.0,16,0,0.0,1.0,1.0,1.0,A01
201800033892,2.0,31,0,0.0,2.0,1.0,1.0,B01
201800033892,2.0,7,0,0.0,2.0,5.0,4.0,A01
201800033893,1.0,2,0,0.0,2.0,1.0,1.0,B01
201800033893,2.0,7,0,0.0,2.0,2.0,15.0,A01
201800033894,1.0,7,0,0.0,1.0,3.0,1.0,A01
201800033895,2.0,7,0,0.0,1.0,1.0,1.0,A01
201800033896,0.0,32,0,0.0,2.0,1.0,1.0,B01
201800033896,0.0,7,0,0.0,2.0,7.0,15.0,A01
201800033897,2.0,7,0,0.0,1.0,1.0,1.0,A01
201800033898,1.0,7,0,4.0,0.0,2.0,14.0,A01
201800033899,0.0,34,0,1.0,0.0,0.0,0.0,A01
201800033900,1.0,30,0,9.0,0.0,1.0,1.0,A01
201800033901,1.0,7,0,0.0,1.0,1.0,1.0,A01
201800033902,1.0,13,0,0.0,2.0,1.0,1.0,B01
201800033902,1.0,7,0,0.0,2.0,8.0,15.0,A01
201800033903,0.0,7,0,0.0,2.0,2.0,15.0,A01
201800033903,0.0,33,0,0.0,2.0,1.0,1.0,B01
201800033904,1.0,7,0,0.0,2.0,1.0,2.0,A01
201800033904,1.0,7,0,0.0,1.0,4.0,23.0,B01
201800033905,1.0,34,0,4.0,0.0,1.0,1.0,A01
201800033906,0.0,1,0,0.0,4.0,1.0,0.0,A01
201800033906,2.0,40,1,0.0,2.0,0.0,0.0,B01
201800033907,1.0,7,0,0.0,1.0,1.0,1.0,A01
201800033908,0.0,30,0,16.0,0.0,7.0,1.0,A01
201800033909,0.0,30,0,0.0,2.0,1.0,1.0,B01
201800033909,0.0,7,0,0.0,2.0,3.0,0.0,A01
201800033910,2.0,7,0,0.0,2.0,1.0,13.0,A01
201800033910,1.0,7,0,0.0,2.0,1.0,1.0,B01
201800033911,0.0,7,0,1.0,0.0,0.0,5.0,A01
201800033912,0.0,7,0,0.0,1.0,1.0,16.0,A01
201800033913,0.0,7,0,1.0,0.0,1.0,1.0,A01
201800033914,2.0,7,0,0.0,2.0,2.0,1.0,B01
201800033914,2.0,7,0,0.0,2.0,3.0,10.0,A01
201800033915,2.0,7,0,0.0,2.0,2.0,1.0,B01
201800033915,1.0,7,0,0.0,2.0,1.0,15.0,A01
201800033916,0.0,7,0,0.0,1.0,1.0,0.0,A01
201800033917,0.0,7,0,0.0,2.0,1.0,0.0,B01
201800033917,0.0,7,0,0.0,0.0,4.0,0.0,A01
201800033918,0.0,7,0,0.0,1.0,1.0,1.0,A01
201800033919,0.0,7,0,0.0,1.0,1.0,0.0,A01
201800033920,2.0,15,0,0.0,2.0,2.0,12.0,A01
201800033920,2.0,7,0,0.0,2.0,8.0,1.0,B01
201800033921,0.0,33,0,3.0,0.0,0.0,0.0,A01
201800033922,1.0,7,0,2.0,0.0,3.0,15.0,A01
201800033923,1.0,7,0,0.0,1.0,1.0,1.0,A01
201800033924,1.0,33,0,0.0,2.0,1.0,1.0,B01
201800033924,2.0,7,0,0.0,2.0,5.0,15.0,A01
201800033925,0.0,33,0,0.0,2.0,1.0,0.0,B01
201800033925,0.0,7,0,0.0,2.0,3.0,15.0,A01
201800033926,1.0,7,0,0.0,1.0,1.0,1.0,A01
201800033927,0.0,7,0,2.0,0.0,1.0,0.0,A01
201800033928,0.0,7,0,0.0,6.0,4.0,0.0,A01
201800033928,0.0,1,0,0.0,2.0,1.0,0.0,B01
201800033929,0.0,7,0,0.0,1.0,1.0,0.0,Z01
201800033930,1.0,7,0,0.0,2.0,4.0,2.0,B01
201800033930,1.0,30,0,0.0,2.0,1.0,2.0,A01
201800033931,0.0,7,0,0.0,2.0,1.0,0.0,A01
201800033931,0.0,7,0,0.0,2.0,1.0,0.0,B01
201800033932,0.0,7,0,0.0,2.0,1.0,0.0,B01
201800033932,0.0,7,0,0.0,2.0,0.0,0.0,A01
201800033933,0.0,7,0,0.0,0.0,9.0,0.0,A01
201800033934,1.0,2,0,0.0,2.0,1.0,1.0,B01
201800033934,1.0,7,0,0.0,2.0,1.0,16.0,A01
201800033935,0.0,7,0,6.0,0.0,3.0,0.0,A01
201800033936,0.0,1,0,0.0,2.0,2.0,1.0,B01
201800033936,0.0,7,0,0.0,2.0,1.0,15.0,A01
201800033937,1.0,7,0,0.0,2.0,8.0,15.0,A01
201800033937,1.0,31,0,0.0,2.0,1.0,1.0,B01
201800033938,1.0,7,0,6.0,0.0,7.0,1.0,A01
201800033939,1.0,7,0,0.0,2.0,1.0,1.0,B01
201800033939,1.0,7,0,0.0,2.0,2.0,1.0,A01
201800033940,1.0,7,0,12.0,0.0,2.0,1.0,A01
201800033941,1.0,7,0,12.0,0.0,7.0,0.0,A01
201800033942,0.0,7,0,0.0,1.0,1.0,1.0,A01
201800033943,0.0,7,0,0.0,1.0,7.0,0.0,A01
201800033944,0.0,7,0,0.0,1.0,2.0,0.0,A01
201800033945,0.0,7,0,0.0,1.0,1.0,0.0,A01
201800033946,1.0,7,0,0.0,2.0,1.0,2.0,A01
201800033946,1.0,7,0,0.0,2.0,3.0,2.0,B01
201800033947,1.0,15,0,0.0,2.0,1.0,12.0,A01
201800033947,1.0,7,0,0.0,2.0,6.0,1.0,B01
201800033948,0.0,30,0,0.0,2.0,2.0,0.0,B01
201800033948,0.0,7,0,0.0,2.0,1.0,0.0,A01
201800033949,1.0,7,0,6.0,0.0,1.0,1.0,A01
201800033950,1.0,7,0,0.0,2.0,1.0,2.0,A01
201800033950,1.0,7,0,0.0,2.0,4.0,2.0,B01
201800033950,1.0,7,0,0.0,2.0,4.0,2.0,C01
201800033951,1.0,33,0,0.0,2.0,1.0,1.0,B01
201800033951,1.0,7,0,0.0,2.0,6.0,10.0,A01
201800033952,1.0,7,0,0.0,2.0,6.0,9.0,A01
201800033952,1.0,33,0,0.0,2.0,1.0,1.0,B01
201800033953,1.0,7,0,0.0,9.0,1.0,1.0,A01
201800033954,2.0,7,0,0.0,2.0,1.0,14.0,A01
201800033954,2.0,15,0,0.0,2.0,4.0,1.0,B01
201800033955,2.0,10,0,0.0,2.0,3.0,2.0,A01
201800033955,2.0,7,0,0.0,2.0,5.0,2.0,B01
201800033956,2.0,7,0,0.0,2.0,4.0,2.0,B01
201800033956,2.0,7,0,0.0,2.0,1.0,2.0,A01
201800033957,1.0,20,0,0.0,1.0,7.0,1.0,A01
201800033958,0.0,7,0,0.0,2.0,2.0,0.0,A01
201800033958,0.0,32,0,0.0,0.0,0.0,0.0,Z01
201800033959,2.0,33,0,0.0,2.0,1.0,2.0,A01
201800033959,2.0,7,0,0.0,2.0,4.0,2.0,B01
201800033960,1.0,7,0,0.0,2.0,4.0,2.0,C01
201800033960,1.0,7,0,0.0,2.0,4.0,2.0,B01
201800033960,1.0,7,0,2.0,2.0,1.0,2.0,A01
201800033961,0.0,31,0,0.0,2.0,1.0,1.0,B01
201800033961,0.0,7,0,0.0,2.0,1.0,1.0,A01
201800033962,1.0,33,0,0.0,2.0,7.0,17.0,A01
201800033962,1.0,7,0,0.0,2.0,0.0,0.0,Z01
201800033963,2.0,7,0,0.0,2.0,1.0,2.0,A01
201800033963,2.0,7,0,0.0,2.0,4.0,2.0,B01
201800033964,1.0,33,0,0.0,2.0,1.0,1.0,B01
201800033964,1.0,7,0,0.0,2.0,3.0,15.0,A01
201800033965,1.0,7,0,0.0,0.0,0.0,0.0,B01
201800033965,1.0,1,0,0.0,2.0,0.0,0.0,A01
201800033966,0.0,7,0,0.0,2.0,3.0,1.0,B01
201800033966,0.0,7,0,0.0,2.0,2.0,0.0,A01
201800033967,1.0,2,0,0.0,2.0,1.0,17.0,B01
201800033967,0.0,7,0,0.0,2.0,3.0,15.0,A01
201800033968,0.0,7,0,0.0,1.0,1.0,1.0,Z01
201800033969,1.0,34,0,0.0,2.0,1.0,1.0,A01
201800033969,1.0,7,0,0.0,2.0,5.0,11.0,B01
201800033970,0.0,7,0,0.0,2.0,1.0,15.0,A01
201800033970,0.0,33,0,0.0,2.0,0.0,1.0,B01
201800033971,0.0,7,0,0.0,1.0,2.0,1.0,A01
201800033972,0.0,10,0,0.0,1.0,1.0,1.0,A01
201800033973,1.0,7,0,0.0,2.0,1.0,5.0,A01
201800033973,2.0,7,0,0.0,2.0,1.0,1.0,B01
201800033974,0.0,7,0,0.0,1.0,1.0,16.0,A01
201800033975,0.0,10,0,0.0,2.0,8.0,19.0,A01
201800033975,0.0,37,15,0.0,2.0,1.0,1.0,B01
201800033976,0.0,2,0,15.0,0.0,7.0,0.0,A01
201800033977,0.0,30,0,0.0,2.0,1.0,13.0,A01
201800033977,0.0,7,0,0.0,2.0,1.0,1.0,B01
201800033978,0.0,10,0,0.0,1.0,4.0,4.0,A01
201800033979,1.0,7,0,0.0,2.0,3.0,1.0,B01
201800033979,0.0,1,0,0.0,2.0,1.0,1.0,A01
201800033980,1.0,15,0,0.0,1.0,3.0,1.0,A01
201800033981,1.0,7,0,0.0,2.0,1.0,1.0,C01
201800033981,1.0,7,0,0.0,2.0,1.0,1.0,B01
201800033981,1.0,7,0,0.0,2.0,1.0,1.0,D01
201800033981,2.0,7,0,0.0,2.0,1.0,13.0,A01
201800033982,1.0,30,0,0.0,1.0,0.0,21.0,A01
201800033983,0.0,30,0,0.0,1.0,1.0,0.0,A01
201800033984,0.0,2,0,0.0,2.0,1.0,1.0,B01
201800033984,0.0,7,0,0.0,2.0,3.0,15.0,A01
201800033985,1.0,7,0,0.0,2.0,3.0,21.0,A01
201800033985,1.0,10,0,0.0,2.0,8.0,1.0,B01
201800033986,0.0,32,0,0.0,2.0,1.0,1.0,A01
201800033986,0.0,7,0,0.0,2.0,1.0,19.0,B01
201800033987,1.0,7,0,0.0,2.0,1.0,1.0,B01
201800033987,1.0,7,0,0.0,2.0,2.0,15.0,A01
201800033988,1.0,7,0,0.0,0.0,1.0,14.0,A01
201800033989,0.0,1,0,0.0,2.0,0.0,1.0,B01
201800033989,0.0,7,0,0.0,2.0,1.0,0.0,A01
201800033990,0.0,7,0,0.0,2.0,1.0,9.0,A01
201800033990,0.0,33,0,0.0,2.0,3.0,1.0,B01
201800033991,1.0,7,0,0.0,2.0,4.0,2.0,B01
201800033991,1.0,7,0,0.0,2.0,1.0,2.0,A01
201800033992,0.0,7,0,0.0,1.0,0.0,1.0,Z01
201800033993,0.0,7,0,0.0,1.0,2.0,1.0,A01
201800033994,2.0,7,0,0.0,2.0,8.0,15.0,B01
201800033994,2.0,33,0,0.0,2.0,7.0,17.0,A01
201800033995,2.0,2,0,0.0,2.0,7.0,1.0,B01
201800033995,2.0,7,0,0.0,2.0,1.0,12.0,A01
201800033996,2.0,7,0,0.0,2.0,3.0,11.0,A01
201800033996,2.0,33,0,0.0,2.0,7.0,1.0,B01
201800033997,1.0,7,0,0.0,2.0,8.0,1.0,B01
201800033997,1.0,17,0,0.0,2.0,7.0,12.0,A01
201800033998,0.0,7,0,0.0,2.0,1.0,0.0,B01
201800033998,0.0,7,0,0.0,2.0,1.0,0.0,A01
201800033999,0.0,99,0,0.0,2.0,4.0,1.0,A01
201800033999,0.0,7,0,0.0,2.0,0.0,1.0,Z01
201800034000,2.0,7,0,0.0,2.0,1.0,0.0,B01
201800034000,2.0,7,0,3.0,0.0,4.0,0.0,A01
201800034001,0.0,31,0,2.0,0.0,1.0,13.0,A01
201800034002,2.0,37,50,0.0,1.0,6.0,1.0,A01
201800034003,0.0,37,10,0.0,2.0,1.0,1.0,B01
201800034003,0.0,7,0,0.0,2.0,7.0,15.0,A01
201800034004,2.0,7,0,4.0,2.0,2.0,0.0,A01
201800034004,2.0,7,0,4.0,0.0,3.0,0.0,B01
201800034005,0.0,31,0,0.0,2.0,1.0,13.0,A01
201800034005,0.0,7,0,0.0,2.0,3.0,23.0,B01
201800034006,1.0,33,0,9.0,0.0,1.0,0.0,A01
201800034007,2.0,10,0,0.0,1.0,7.0,1.0,A01
201800034008,0.0,7,0,0.0,1.0,2.0,1.0,A01
201800034009,0.0,7,0,0.0,6.0,1.0,0.0,Z01
201800034009,0.0,31,0,1.0,2.0,1.0,0.0,A01
201800034010,1.0,7,0,0.0,2.0,1.0,2.0,A01
201800034010,1.0,7,0,0.0,2.0,4.0,2.0,B01
201800034010,1.0,7,0,0.0,2.0,4.0,2.0,C01
201800034011,0.0,13,0,0.0,2.0,6.0,1.0,B01
201800034011,0.0,7,0,0.0,2.0,1.0,0.0,A01