Num_Acc,senc,catv,occutc,obs,obsm,choc,manv,num_veh
201800034012,0.0,7,0,0.0,2.0,6.0,23.0,A01
201800034012,0.0,36,0,0.0,2.0,1.0,2.0,B01
201800034013,1.0,7,0,0.0,2.0,3.0,1.0,B01
201800034013,1.0,33,0,0.0,2.0,1.0,16.0,A01
201800034014,1.0,17,0,0.0,2.0,1.0,2.0,A01
201800034014,1.0,7,0,0.0,2.0,4.0,1.0,B01
201800034015,1.0,7,0,0.0,1.0,1.0,1.0,A01
201800034016,2.0,33,0,0.0,2.0,1.0,1.0,B01
201800034016,1.0,7,0,0.0,2.0,2.0,15.0,A01
201800034017,0.0,7,0,0.0,2.0,1.0,13.0,A01
201800034017,0.0,33,0,0.0,2.0,2.0,0.0,B01
201800034018,2.0,1,0,0.0,2.0,1.0,1.0,B01
201800034018,2.0,7,0,0.0,2.0,5.0,16.0,A01
201800034019,2.0,7,0,0.0,2.0,2.0,1.0,B01
201800034019,1.0,7,0,0.0,2.0,2.0,0.0,A01
201800034020,1.0,7,0,0.0,1.0,1.0,1.0,A01
201800034021,0.0,7,0,6.0,0.0,1.0,13.0,A01
201800034022,0.0,34,0,0.0,2.0,1.0,17.0,A01
201800034022,0.0,7,0,6.0,2.0,3.0,0.0,B01
201800034023,2.0,7,0,0.0,2.0,7.0,15.0,A01
201800034023,1.0,7,0,0.0,2.0,1.0,1.0,B01
201800034024,1.0,7,0,0.0,2.0,2.0,17.0,A01
201800034024,1.0,15,0,0.0,2.0,2.0,1.0,B01
201800034025,0.0,15,0,0.0,0.0,0.0,15.0,B01
201800034025,0.0,32,0,0.0,2.0,7.0,17.0,A01
201800034026,1.0,7,0,0.0,2.0,3.0,11.0,Z01
201800034026,1.0,2,0,0.0,2.0,7.0,1.0,A01
201800034027,0.0,33,0,6.0,0.0,0.0,0.0,A01
201800034028,0.0,7,0,0.0,2.0,1.0,0.0,A01
201800034028,0.0,7,0,0.0,2.0,4.0,0.0,B01
201800034029,2.0,7,0,4.0,0.0,2.0,0.0,A01
201800034030,1.0,33,0,0.0,0.0,0.0,0.0,A01
201800034031,2.0,7,0,4.0,2.0,1.0,0.0,C01
201800034031,2.0,7,0,0.0,2.0,1.0,1.0,D01
201800034031,2.0,7,0,4.0,2.0,0.0,1.0,A01
201800034032,0.0,7,0,0.0,1.0,6.0,4.0,A01
201800034033,0.0,1,0,0.0,2.0,0.0,1.0,A01
201800034033,0.0,7,0,0.0,2.0,8.0,9.0,Z01
201800034034,0.0,33,0,0.0,2.0,1.0,1.0,B01
201800034034,0.0,7,0,0.0,2.0,6.0,11.0,A01
201800034035,1.0,7,0,0.0,1.0,4.0,1.0,A01
201800034036,1.0,7,0,0.0,1.0,2.0,16.0,A01
201800034037,0.0,1,0,0.0,2.0,1.0,9.0,A01
201800034037,0.0,7,0,0.0,2.0,6.0,1.0,B01
201800034038,0.0,7,0,0.0,1.0,1.0,1.0,A01
201800034039,1.0,7,0,6.0,0.0,9.0,1.0,A01
201800034040,0.0,7,0,2.0,0.0,7.0,1.0,A01
201800034041,0.0,10,0,0.0,2.0,7.0,1.0,A01
201800034041,0.0,7,0,0.0,2.0,3.0,1.0,B01
201800034042,1.0,7,0,2.0,0.0,1.0,1.0,A01
201800034043,1.0,7,0,0.0,2.0,4.0,23.0,B01
201800034043,1.0,7,0,0.0,2.0,1.0,2.0,A01
201800034044,2.0,7,0,0.0,2.0,3.0,1.0,B01
201800034044,1.0,7,0,1.0,2.0,1.0,1.0,A01
201800034045,1.0,7,0,8.0,2.0,8.0,19.0,A01
201800034045,0.0,7,0,0.0,2.0,1.0,1.0,B01
201800034046,1.0,7,0,0.0,2.0,4.0,2.0,B01
201800034046,1.0,7,0,0.0,2.0,1.0,2.0,A01
201800034047,0.0,33,0,0.0,2.0,1.0,0.0,B01
201800034047,0.0,7,0,0.0,6.0,2.0,15.0,A01
201800034048,0.0,7,0,0.0,2.0,5.0,16.0,A01
201800034048,0.0,1,0,0.0,2.0,1.0,1.0,B01
201800034049,2.0,7,0,0.0,1.0,0.0,1.0,Z01
201800034050,0.0,7,0,1.0,0.0,1.0,0.0,A01
201800034051,0.0,7,0,0.0,1.0,3.0,16.0,A01
201800034052,1.0,33,0,0.0,0.0,7.0,1.0,A01
201800034053,0.0,7,0,0.0,2.0,0.0,0.0,Z01
201800034053,1.0,33,0,0.0,2.0,7.0,1.0,B01
201800034054,0.0,7,0,0.0,1.0,1.0,0.0,A01
201800034055,2.0,10,0,0.0,2.0,1.0,1.0,B01
201800034055,2.0,7,0,0.0,2.0,1.0,17.0,A01
201800034056,1.0,7,0,0.0,2.0,5.0,1.0,A01
201800034056,1.0,33,0,0.0,2.0,3.0,1.0,B01
201800034057,0.0,1,0,0.0,2.0,6.0,19.0,B01
201800034057,0.0,7,0,0.0,2.0,1.0,1.0,A01
201800034058,0.0,7,0,0.0,2.0,2.0,17.0,A01
201800034058,0.0,2,0,0.0,2.0,8.0,15.0,B01
201800034059,0.0,33,0,0.0,2.0,1.0,17.0,A01
201800034059,0.0,7,0,0.0,2.0,8.0,15.0,B01
201800034060,2.0,1,0,0.0,2.0,4.0,1.0,A01
201800034060,0.0,7,0,0.0,2.0,0.0,9.0,Z01
201800034061,0.0,7,0,0.0,2.0,0.0,0.0,Z01
201800034061,0.0,7,0,0.0,2.0,1.0,1.0,A01
201800034062,0.0,7,0,0.0,2.0,1.0,19.0,A01
201800034062,0.0,7,0,0.0,2.0,7.0,1.0,B01
201800034063,0.0,7,0,0.0,2.0,3.0,15.0,B01
201800034063,0.0,7,0,0.0,2.0,2.0,17.0,A01
201800034064,2.0,7,0,0.0,2.0,0.0,17.0,Z01
201800034064,2.0,31,0,0.0,2.0,8.0,1.0,A01
201800034065,1.0,2,0,0.0,2.0,8.0,1.0,B01
201800034065,1.0,7,0,0.0,2.0,2.0,12.0,A01
201800034066,2.0,7,0,0.0,2.0,1.0,5.0,A01
201800034066,1.0,7,0,0.0,2.0,1.0,1.0,B01
201800034067,2.0,10,0,0.0,1.0,7.0,1.0,A01
201800034068,2.0,34,0,0.0,2.0,8.0,1.0,B01
201800034068,1.0,7,0,0.0,2.0,1.0,15.0,A01
201800034068,2.0,7,0,0.0,2.0,3.0,1.0,C01
201800034069,0.0,7,0,0.0,1.0,3.0,15.0,A01
201800034070,0.0,2,0,0.0,2.0,5.0,9.0,A01
201800034070,0.0,7,0,0.0,2.0,3.0,9.0,B01
201800034071,0.0,7,0,0.0,1.0,1.0,1.0,A01
201800034072,0.0,10,0,0.0,2.0,1.0,2.0,A01
201800034072,0.0,10,0,0.0,2.0,6.0,2.0,B01
201800034073,0.0,10,0,0.0,2.0,1.0,15.0,A01
201800034073,0.0,1,0,0.0,2.0,7.0,19.0,B01
201800034074,2.0,7,0,0.0,2.0,1.0,0.0,Z01
201800034074,2.0,2,0,0.0,2.0,8.0,1.0,A01
201800034075,0.0,7,0,0.0,2.0,1.0,2.0,A01
201800034075,0.0,7,0,0.0,2.0,4.0,2.0,B01
201800034076,1.0,7,0,0.0,2.0,8.0,1.0,A01
201800034076,0.0,1,0,0.0,2.0,0.0,19.0,B01
201800034077,1.0,7,0,0.0,2.0,1.0,1.0,B01
201800034077,0.0,7,0,1.0,2.0,3.0,9.0,A01
201800034078,2.0,7,0,8.0,0.0,1.0,13.0,A01
201800034079,2.0,1,0,0.0,2.0,1.0,1.0,B01
201800034079,1.0,33,0,0.0,2.0,1.0,15.0,A01
201800034080,1.0,7,0,0.0,1.0,1.0,1.0,A01
201800034081,0.0,7,0,0.0,1.0,3.0,1.0,A01
201800034082,1.0,7,0,0.0,2.0,5.0,16.0,B01
201800034082,1.0,33,0,0.0,2.0,1.0,18.0,A01
201800034083,0.0,7,0,0.0,2.0,4.0,2.0,B01
201800034083,0.0,7,0,0.0,2.0,4.0,2.0,C01
201800034083,0.0,7,0,0.0,2.0,4.0,2.0,D01
201800034083,0.0,7,0,0.0,2.0,1.0,2.0,A01
201800034084,1.0,7,0,0.0,2.0,2.0,1.0,A01
201800034084,2.0,7,0,0.0,2.0,1.0,23.0,C01
201800034084,0.0,7,0,0.0,2.0,3.0,9.0,B01
201800034085,0.0,33,0,8.0,0.0,1.0,16.0,A01
201800034086,1.0,7,0,0.0,2.0,1.0,8.0,B01
201800034086,2.0,7,0,0.0,2.0,1.0,8.0,A01
201800034087,1.0,7,0,0.0,2.0,4.0,2.0,C01
201800034087,2.0,7,0,0.0,2.0,1.0,2.0,A01
201800034087,2.0,7,0,0.0,2.0,4.0,2.0,D01
201800034087,2.0,7,0,0.0,2.0,4.0,1.0,B01
201800034088,0.0,33,0,0.0,2.0,7.0,17.0,A01
201800034088,0.0,10,0,0.0,2.0,8.0,15.0,B01
201800034089,0.0,7,0,0.0,1.0,2.0,1.0,A01
201800034090,2.0,33,0,0.0,2.0,2.0,1.0,B01
201800034090,1.0,7,0,0.0,2.0,1.0,9.0,A01
201800034091,1.0,7,0,0.0,2.0,2.0,14.0,A01
201800034091,1.0,7,0,0.0,2.0,8.0,1.0,B01
201800034092,2.0,7,0,0.0,2.0,3.0,1.0,B01
201800034092,1.0,7,0,0.0,2.0,1.0,13.0,A01
201800034093,0.0,7,0,0.0,1.0,1.0,1.0,A01
201800034094,1.0,7,0,0.0,2.0,1.0,2.0,A01
201800034094,1.0,7,0,0.0,2.0,4.0,2.0,B01
201800034095,0.0,33,0,0.0,2.0,3.0,1.0,B01
201800034095,0.0,7,0,0.0,2.0,2.0,15.0,A01
201800034096,0.0,31,0,0.0,2.0,0.0,0.0,B01
201800034096,0.0,7,0,0.0,2.0,2.0,0.0,A01
201800034097,0.0,99,0,0.0,1.0,0.0,1.0,Z01
201800034098,1.0,7,0,0.0,1.0,1.0,16.0,A01
201800034099,1.0,7,0,0.0,2.0,2.0,1.0,A01
201800034099,0.0,7,0,0.0,2.0,1.0,15.0,B01
201800034100,0.0,7,0,0.0,1.0,5.0,0.0,A01
201800034101,0.0,33,0,0.0,2.0,1.0,1.0,B01
201800034101,0.0,7,0,0.0,2.0,3.0,11.0,A01
201800034102,1.0,7,0,6.0,0.0,1.0,1.0,A01
201800034103,2.0,7,0,0.0,2.0,1.0,0.0,A01
201800034103,1.0,7,0,0.0,2.0,1.0,0.0,B01
201800034104,0.0,7,0,0.0,2.0,3.0,15.0,A01
201800034104,0.0,33,0,0.0,2.0,1.0,1.0,B01
201800034105,2.0,7,0,0.0,1.0,1.0,1.0,A01
201800034106,0.0,7,0,6.0,0.0,1.0,1.0,A01
201800034107,0.0,33,0,0.0,0.0,8.0,1.0,A01
201800034108,1.0,7,0,8.0,0.0,1.0,0.0,A01
201800034109,2.0,10,0,0.0,1.0,0.0,1.0,Z01
201800034110,1.0,7,0,0.0,2.0,3.0,19.0,Z01
201800034110,2.0,1,0,0.0,2.0,1.0,1.0,A01
201800034111,0.0,7,0,0.0,1.0,1.0,15.0,A01
201800034112,0.0,7,0,0.0,1.0,2.0,1.0,A01
201800034113,2.0,7,0,0.0,1.0,7.0,1.0,A01
201800034114,0.0,7,0,0.0,2.0,1.0,19.0,A01
201800034114,0.0,17,0,0.0,2.0,6.0,19.0,B01
201800034115,0.0,13,0,0.0,2.0,3.0,1.0,B01
201800034115,0.0,2,0,0.0,2.0,9.0,1.0,A01
201800034116,0.0,2,0,0.0,2.0,1.0,1.0,B01
201800034116,0.0,7,0,0.0,2.0,0.0,9.0,A01
201800034117,0.0,15,0,0.0,2.0,2.0,14.0,A01
201800034117,0.0,7,0,0.0,2.0,5.0,1.0,B01
201800034117,0.0,7,0,0.0,2.0,1.0,1.0,C01
201800034117,0.0,7,0,0.0,2.0,4.0,1.0,D01
201800034118,1.0,33,0,0.0,2.0,1.0,0.0,B01
201800034118,0.0,7,0,0.0,2.0,3.0,0.0,A01
201800034119,1.0,7,0,0.0,1.0,2.0,1.0,A01
201800034120,0.0,7,0,0.0,2.0,1.0,9.0,A01
201800034120,0.0,7,0,0.0,2.0,2.0,1.0,B01
201800034121,2.0,7,0,2.0,0.0,9.0,14.0,A01
201800034122,0.0,7,0,0.0,2.0,1.0,2.0,A01
201800034122,0.0,7,0,0.0,2.0,4.0,1.0,B01
201800034123,0.0,1,0,0.0,2.0,1.0,19.0,A01
201800034123,0.0,7,0,1.0,2.0,1.0,19.0,B01
201800034124,0.0,36,0,0.0,0.0,0.0,0.0,A01
201800034125,0.0,10,0,0.0,1.0,2.0,15.0,A01
201800034126,0.0,2,0,0.0,2.0,3.0,1.0,A01
201800034126,0.0,7,0,0.0,2.0,0.0,15.0,Z01
201800034127,2.0,7,0,8.0,2.0,1.0,13.0,A01
201800034127,1.0,7,0,0.0,2.0,8.0,1.0,B01
201800034128,1.0,7,0,1.0,0.0,1.0,13.0,A01
201800034129,0.0,7,0,11.0,0.0,1.0,1.0,A01
201800034130,0.0,7,0,2.0,0.0,8.0,1.0,A01
201800034131,0.0,7,0,0.0,2.0,1.0,19.0,B01
201800034131,0.0,7,0,0.0,2.0,7.0,19.0,A01
201800034132,0.0,7,0,0.0,2.0,3.0,15.0,A01
201800034132,0.0,7,0,0.0,2.0,1.0,1.0,B01
201800034133,2.0,7,0,3.0,0.0,1.0,14.0,A01
201800034134,2.0,15,0,0.0,2.0,1.0,1.0,A01
201800034134,1.0,7,0,0.0,2.0,1.0,5.0,B01
201800034135,1.0,3,0,0.0,1.0,2.0,19.0,A01
201800034136,1.0,7,0,8.0,0.0,9.0,21.0,A01
201800034137,0.0,10,0,0.0,2.0,7.0,19.0,A01
201800034137,0.0,10,0,0.0,2.0,3.0,19.0,B01
201800034138,1.0,33,0,0.0,1.0,3.0,21.0,A01
201800034139,1.0,32,0,0.0,6.0,1.0,1.0,A01
201800034139,1.0,1,0,0.0,2.0,4.0,13.0,B01
201800034140,0.0,99,0,0.0,1.0,1.0,0.0,A01
201800034141,2.0,32,0,0.0,2.0,9.0,1.0,A01
201800034141,2.0,10,0,0.0,2.0,5.0,1.0,B01
201800034142,1.0,7,0,0.0,2.0,1.0,1.0,A01
201800034142,1.0,7,0,0.0,2.0,4.0,1.0,B01
201800034143,1.0,1,0,0.0,2.0,4.0,2.0,A01
201800034143,1.0,7,0,0.0,6.0,4.0,0.0,B01
201800034144,1.0,7,0,0.0,1.0,2.0,0.0,A01
201800034145,0.0,30,0,0.0,2.0,0.0,1.0,B01
201800034145,0.0,7,0,0.0,2.0,1.0,15.0,A01
201800034146,1.0,10,0,0.0,2.0,7.0,19.0,A01
201800034146,2.0,33,0,0.0,2.0,1.0,1.0,B01
201800034147,0.0,10,0,14.0,1.0,1.0,20.0,A01
201800034148,1.0,10,0,0.0,1.0,2.0,21.0,A01
201800034149,1.0,7,0,0.0,1.0,1.0,15.0,A01
201800034150,1.0,7,0,0.0,2.0,0.0,0.0,A01
201800034150,1.0,2,0,0.0,2.0,0.0,0.0,B01
201800034151,1.0,10,0,,1.0,,,A01
201800034152,2.0,10,0,1.0,1.0,1.0,1.0,A01
201800034153,1.0,7,0,0.0,1.0,3.0,1.0,A01
201800034154,2.0,7,0,0.0,2.0,2.0,2.0,A01
201800034154,2.0,1,0,0.0,2.0,4.0,2.0,B01
201800034154,2.0,1,0,0.0,2.0,0.0,0.0,C01
201800034155,0.0,37,7,0.0,1.0,3.0,15.0,A01
201800034156,0.0,1,0,0.0,2.0,4.0,2.0,A01
201800034156,0.0,7,0,0.0,2.0,2.0,2.0,B01
201800034157,2.0,15,0,0.0,2.0,1.0,2.0,A01
201800034157,2.0,7,0,0.0,2.0,6.0,2.0,B01
201800034158,1.0,33,0,0.0,2.0,1.0,13.0,A01
201800034158,2.0,7,0,0.0,2.0,3.0,15.0,B01
201800034159,2.0,7,0,0.0,2.0,8.0,13.0,A01
201800034159,1.0,7,0,0.0,2.0,1.0,1.0,B01
201800034160,2.0,33,0,0.0,2.0,2.0,1.0,B01
201800034160,2.0,7,0,0.0,2.0,1.0,15.0,A01
201800034161,1.0,7,0,0.0,2.0,1.0,1.0,A01
201800034161,1.0,7,0,0.0,2.0,4.0,23.0,B01
201800034162,1.0,7,0,0.0,1.0,6.0,16.0,Z01
201800034163,2.0,30,0,0.0,0.0,2.0,14.0,A01
201800034164,2.0,7,0,0.0,2.0,7.0,19.0,A01
201800034164,1.0,7,0,0.0,2.0,1.0,1.0,B01
201800034165,1.0,7,0,0.0,2.0,1.0,17.0,A01
201800034165,2.0,7,0,0.0,2.0,1.0,1.0,B01
201800034166,0.0,30,0,0.0,1.0,1.0,0.0,Z01
201800034167,1.0,33,0,0.0,1.0,1.0,0.0,A01
201800034168,2.0,7,0,13.0,2.0,3.0,1.0,A01
201800034168,2.0,7,0,0.0,2.0,3.0,5.0,Z01
201800034169,0.0,7,0,0.0,2.0,3.0,13.0,A01
201800034169,0.0,7,0,0.0,2.0,1.0,1.0,B01
201800034170,2.0,7,0,0.0,2.0,1.0,9.0,A01
201800034170,1.0,1,0,0.0,2.0,7.0,1.0,B01
201800034171,1.0,7,0,0.0,2.0,2.0,16.0,B01
201800034171,0.0,7,0,0.0,2.0,1.0,5.0,A01
201800034172,2.0,30,0,0.0,0.0,1.0,1.0,A01
201800034173,2.0,7,0,9.0,2.0,2.0,5.0,A01
201800034173,1.0,7,0,0.0,2.0,2.0,1.0,B01
201800034174,2.0,7,0,0.0,2.0,2.0,18.0,A01
201800034174,2.0,7,0,0.0,2.0,2.0,0.0,B01
201800034175,2.0,7,0,0.0,2.0,2.0,0.0,A01
201800034175,2.0,30,0,0.0,2.0,3.0,0.0,B01
201800034176,1.0,7,0,0.0,2.0,3.0,0.0,A01
201800034176,2.0,7,0,0.0,2.0,3.0,1.0,B01
201800034177,2.0,7,0,0.0,1.0,2.0,1.0,A01
201800034178,2.0,7,0,0.0,1.0,2.0,1.0,A01
201800034179,0.0,7,0,0.0,1.0,1.0,1.0,A01
201800034180,1.0,7,0,0.0,6.0,2.0,13.0,A01
201800034180,2.0,10,0,0.0,2.0,3.0,1.0,B01
201800034181,1.0,7,0,0.0,1.0,3.0,15.0,F01
201800034182,1.0,7,0,0.0,6.0,1.0,1.0,A01
201800034182,2.0,7,0,0.0,2.0,1.0,1.0,B01
201800034183,1.0,7,0,0.0,1.0,0.0,0.0,A01
201800034184,2.0,33,0,0.0,2.0,1.0,2.0,A01
201800034184,2.0,7,0,0.0,2.0,4.0,2.0,B01
201800034185,2.0,33,0,0.0,2.0,1.0,1.0,A01
201800034185,2.0,33,0,0.0,0.0,4.0,1.0,B01
201800034185,1.0,33,0,0.0,6.0,1.0,1.0,C01
201800034186,2.0,1,0,0.0,2.0,1.0,1.0,B01
201800034186,0.0,7,0,0.0,6.0,3.0,16.0,A01
201800034187,1.0,7,0,0.0,2.0,1.0,17.0,A01
201800034187,1.0,1,0,0.0,6.0,4.0,2.0,B01
201800034188,1.0,33,0,0.0,2.0,2.0,19.0,A01
201800034188,1.0,10,0,0.0,2.0,3.0,1.0,B01
201800034188,2.0,7,0,0.0,6.0,3.0,1.0,C01
201800034189,1.0,7,0,12.0,0.0,2.0,1.0,A01
201800034189,2.0,31,0,0.0,2.0,1.0,1.0,B01
201800034190,1.0,7,0,0.0,1.0,2.0,15.0,A01
201800034191,1.0,7,0,0.0,2.0,7.0,19.0,A01
201800034191,1.0,14,0,0.0,2.0,1.0,1.0,B01
201800034192,2.0,7,0,2.0,0.0,1.0,13.0,A01
201800034193,1.0,34,0,0.0,2.0,1.0,17.0,A01
201800034193,1.0,33,0,0.0,2.0,4.0,17.0,B01
201800034194,2.0,7,0,0.0,2.0,7.0,17.0,A01
201800034194,2.0,7,0,0.0,2.0,1.0,2.0,B01
201800034195,1.0,7,0,0.0,2.0,4.0,9.0,A01
201800034195,1.0,10,0,0.0,2.0,1.0,9.0,B01
201800034196,2.0,7,0,0.0,2.0,3.0,9.0,A01
201800034196,1.0,1,0,0.0,2.0,7.0,9.0,B01
201800034197,2.0,7,0,0.0,2.0,2.0,15.0,A01
201800034197,1.0,7,0,0.0,2.0,3.0,1.0,B01
201800034198,1.0,7,0,0.0,2.0,2.0,17.0,A01
201800034198,1.0,1,0,0.0,2.0,6.0,1.0,B01
201800034199,2.0,20,0,0.0,2.0,2.0,1.0,B01
201800034199,2.0,33,0,0.0,2.0,1.0,13.0,A01
201800034200,2.0,7,0,0.0,2.0,2.0,2.0,A01
201800034200,2.0,1,0,0.0,2.0,8.0,2.0,B01
201800034201,2.0,7,0,0.0,0.0,4.0,0.0,A01
201800034201,2.0,99,0,0.0,2.0,1.0,0.0,B01
201800034202,1.0,7,0,0.0,2.0,8.0,0.0,A01
201800034202,1.0,7,0,0.0,2.0,1.0,1.0,B01
201800034203,1.0,7,0,0.0,2.0,2.0,19.0,A01
201800034203,2.0,34,0,0.0,2.0,1.0,1.0,B01
201800034204,1.0,7,0,0.0,1.0,3.0,1.0,A01
201800034205,1.0,7,0,0.0,2.0,1.0,5.0,A01
201800034205,2.0,7,0,0.0,2.0,1.0,0.0,B01
201800034206,2.0,7,0,0.0,1.0,3.0,24.0,A01
201800034207,2.0,7,0,0.0,1.0,3.0,19.0,A01
201800034208,1.0,7,0,0.0,2.0,1.0,13.0,A01
201800034208,2.0,7,0,0.0,2.0,1.0,1.0,B01
201800034209,1.0,31,0,0.0,0.0,7.0,21.0,B01
201800034209,1.0,7,0,0.0,0.0,0.0,15.0,Z01
201800034210,1.0,10,0,0.0,2.0,2.0,17.0,A01
201800034210,2.0,7,0,0.0,2.0,3.0,1.0,B01
201800034210,1.0,7,0,0.0,2.0,8.0,1.0,C01
201800034210,1.0,10,0,8.0,0.0,7.0,2.0,D01
201800034211,2.0,7,0,0.0,2.0,5.0,15.0,A01
201800034211,1.0,2,0,0.0,2.0,1.0,1.0,B01
201800034212,1.0,7,0,0.0,2.0,2.0,21.0,A01
201800034212,2.0,7,0,0.0,2.0,3.0,9.0,B01
201800034213,2.0,7,0,0.0,2.0,3.0,1.0,A01
201800034213,0.0,1,0,0.0,2.0,7.0,1.0,B01
201800034214,1.0,7,0,0.0,2.0,2.0,1.0,A01
201800034214,1.0,7,0,0.0,2.0,3.0,15.0,B01
201800034215,0.0,33,0,0.0,2.0,1.0,0.0,A01
201800034215,0.0,7,0,0.0,2.0,5.0,23.0,B01
201800034216,0.0,7,0,0.0,2.0,1.0,2.0,A01
201800034216,0.0,7,0,0.0,2.0,4.0,1.0,B01
201800034216,0.0,10,0,0.0,2.0,3.0,0.0,C01
201800034217,1.0,10,0,0.0,2.0,5.0,15.0,A01
201800034217,1.0,10,0,0.0,2.0,2.0,1.0,B01
201800034218,0.0,7,0,0.0,2.0,0.0,20.0,A01
201800034218,0.0,7,0,0.0,2.0,7.0,1.0,B01
201800034219,2.0,10,0,0.0,2.0,0.0,0.0,B01
201800034219,2.0,30,0,0.0,2.0,1.0,13.0,A01
201800034220,1.0,31,0,0.0,2.0,1.0,2.0,A01
201800034220,1.0,7,0,0.0,2.0,4.0,2.0,B01
201800034220,2.0,7,0,0.0,2.0,3.0,1.0,C01
201800034221,2.0,7,0,2.0,0.0,1.0,1.0,A01
201800034222,2.0,10,0,0.0,2.0,2.0,15.0,A01
201800034222,1.0,32,0,0.0,2.0,1.0,1.0,B01
201800034223,1.0,10,0,0.0,1.0,4.0,20.0,A01
201800034224,2.0,10,0,0.0,2.0,2.0,1.0,B01
201800034224,0.0,7,0,0.0,2.0,3.0,16.0,A01
201800034225,1.0,7,0,0.0,2.0,6.0,2.0,A01
201800034225,1.0,7,0,0.0,2.0,1.0,0.0,Z01
201800034226,0.0,7,0,0.0,2.0,1.0,2.0,A01
201800034226,0.0,7,0,0.0,2.0,4.0,2.0,B01
201800034226,0.0,7,0,0.0,2.0,4.0,2.0,C01
201800034227,1.0,7,0,0.0,2.0,1.0,1.0,A01
201800034227,2.0,7,0,0.0,2.0,7.0,15.0,B01
201800034227,1.0,7,0,0.0,2.0,3.0,23.0,C01
201800034228,2.0,31,0,0.0,2.0,1.0,2.0,A01
201800034228,1.0,7,0,0.0,2.0,3.0,15.0,B01
201800034229,1.0,10,0,0.0,2.0,3.0,10.0,A01
201800034229,2.0,33,0,0.0,2.0,1.0,1.0,B01
201800034230,1.0,10,0,0.0,0.0,0.0,0.0,A01
201800034230,1.0,10,0,13.0,0.0,2.0,14.0,B01
201800034231,0.0,10,0,0.0,2.0,2.0,0.0,A01
201800034231,0.0,34,0,0.0,2.0,7.0,1.0,B01
201800034232,0.0,33,0,0.0,1.0,3.0,22.0,A01
201800034233,1.0,15,0,0.0,2.0,1.0,9.0,A01
201800034233,1.0,10,0,0.0,2.0,1.0,9.0,B01
201800034233,1.0,7,0,0.0,2.0,4.0,9.0,C01
201800034234,1.0,7,0,0.0,2.0,4.0,2.0,A01
201800034234,1.0,2,0,0.0,2.0,1.0,2.0,B01
201800034235,1.0,7,0,0.0,2.0,2.0,17.0,A01
201800034235,1.0,7,0,0.0,2.0,8.0,15.0,B01
201800034236,2.0,10,0,0.0,2.0,1.0,15.0,A01
201800034236,1.0,33,0,0.0,2.0,1.0,1.0,B01
201800034237,1.0,7,0,0.0,2.0,4.0,23.0,A01
201800034237,1.0,10,0,0.0,2.0,1.0,2.0,B01
201800034238,0.0,7,0,15.0,2.0,5.0,1.0,A01
201800034238,0.0,7,0,0.0,2.0,2.0,15.0,B01
201800034239,1.0,7,0,0.0,2.0,5.0,17.0,A01
201800034239,1.0,1,0,0.0,2.0,3.0,1.0,B01
201800034240,1.0,7,0,6.0,2.0,5.0,17.0,A01
201800034240,1.0,7,0,0.0,2.0,2.0,21.0,B01
201800034241,1.0,7,0,0.0,2.0,4.0,23.0,A01
201800034241,1.0,7,0,0.0,2.0,1.0,2.0,B01
201800034242,0.0,7,0,1.0,0.0,6.0,23.0,A01
201800034242,0.0,7,0,1.0,2.0,1.0,2.0,B01
201800034242,0.0,7,0,0.0,2.0,3.0,2.0,C01
201800034242,2.0,7,0,0.0,0.0,0.0,0.0,D01
201800034243,1.0,7,0,0.0,2.0,1.0,17.0,A01
201800034243,1.0,7,0,0.0,2.0,8.0,15.0,B01
201800034244,1.0,1,0,0.0,2.0,6.0,1.0,A01
201800034244,1.0,10,0,0.0,2.0,3.0,16.0,Z01
201800034245,1.0,7,0,0.0,2.0,2.0,1.0,A01
201800034245,1.0,30,0,0.0,2.0,1.0,2.0,B01
201800034246,1.0,1,0,0.0,6.0,1.0,1.0,A01
201800034246,1.0,1,0,0.0,6.0,4.0,14.0,B01
201800034247,2.0,34,0,0.0,2.0,3.0,17.0,A01
201800034247,1.0,13,0,0.0,2.0,3.0,1.0,B01
201800034248,1.0,7,0,0.0,6.0,2.0,1.0,A01
201800034248,2.0,1,0,0.0,2.0,1.0,1.0,B01
201800034249,1.0,7,0,0.0,2.0,8.0,16.0,A01
201800034249,0.0,1,0,0.0,2.0,8.0,19.0,B01
201800034250,1.0,7,0,0.0,1.0,3.0,1.0,A01
201800034251,0.0,7,0,0.0,2.0,1.0,23.0,A01
201800034251,0.0,7,0,0.0,2.0,1.0,23.0,Z01
201800034251,0.0,7,0,0.0,2.0,4.0,23.0,B01
201800034252,2.0,10,0,0.0,2.0,1.0,15.0,A01
201800034252,0.0,10,0,0.0,2.0,1.0,1.0,B01
201800034253,0.0,7,0,0.0,6.0,7.0,15.0,B01
201800034253,0.0,33,0,0.0,2.0,7.0,1.0,A01
201800034254,1.0,30,0,0.0,2.0,8.0,17.0,A01
201800034254,1.0,10,0,0.0,2.0,3.0,15.0,B01
201800034255,0.0,7,0,0.0,1.0,4.0,0.0,A01
201800034256,1.0,7,0,0.0,2.0,0.0,0.0,A01
201800034256,0.0,1,0,0.0,2.0,4.0,2.0,B01
201800034257,1.0,10,0,0.0,2.0,1.0,2.0,A01
201800034257,1.0,7,0,0.0,2.0,4.0,1.0,B01
201800034258,1.0,7,0,2.0,2.0,7.0,17.0,A01