Num_Acc,senc,catv,occutc,obs,obsm,choc,manv,num_veh
201800034259,2.0,10,0,0.0,2.0,2.0,15.0,A01
201800034259,1.0,10,0,0.0,2.0,3.0,1.0,B01
201800034260,2.0,7,0,0.0,2.0,4.0,0.0,A01
201800034260,2.0,7,0,0.0,2.0,4.0,0.0,B01
201800034260,2.0,7,0,0.0,2.0,1.0,0.0,C01
201800034261,2.0,7,0,15.0,0.0,1.0,0.0,A01
201800034262,1.0,7,0,0.0,2.0,2.0,21.0,A01
201800034262,1.0,32,0,0.0,2.0,4.0,0.0,B01
201800034263,1.0,7,0,0.0,2.0,2.0,15.0,A01
201800034263,2.0,7,0,0.0,2.0,3.0,0.0,B01
201800034264,0.0,7,0,0.0,2.0,7.0,1.0,B01
201800034264,0.0,7,0,0.0,2.0,1.0,1.0,A01
201800034265,0.0,30,0,0.0,1.0,1.0,19.0,A01
201800034266,1.0,7,0,0.0,2.0,0.0,1.0,B01
201800034266,0.0,7,0,0.0,2.0,8.0,15.0,A01
201800034267,1.0,14,0,0.0,2.0,7.0,11.0,A01
201800034267,0.0,7,0,0.0,2.0,1.0,1.0,B01
201800034268,2.0,7,0,16.0,2.0,2.0,18.0,A01
201800034268,2.0,10,0,16.0,2.0,3.0,1.0,B01
201800034269,1.0,7,0,0.0,2.0,4.0,2.0,A01
201800034269,1.0,1,0,0.0,2.0,0.0,0.0,B01
201800034270,2.0,7,0,0.0,1.0,2.0,1.0,A01
201800034271,2.0,10,0,0.0,1.0,1.0,9.0,A01
201800034272,1.0,7,0,0.0,1.0,1.0,1.0,A01
201800034273,1.0,7,0,0.0,1.0,8.0,1.0,A01
201800034274,1.0,15,0,1.0,0.0,0.0,0.0,A01
201800034274,1.0,2,0,1.0,0.0,0.0,0.0,B01
201800034275,2.0,7,0,0.0,2.0,2.0,1.0,B01
201800034275,1.0,7,0,0.0,2.0,3.0,1.0,A01
201800034276,1.0,7,0,0.0,2.0,1.0,13.0,A01
201800034276,2.0,7,0,0.0,2.0,1.0,1.0,B01
201800034277,1.0,7,0,0.0,1.0,1.0,1.0,A01
201800034278,1.0,7,0,14.0,2.0,1.0,13.0,A01
201800034278,2.0,7,0,0.0,2.0,1.0,23.0,B01
201800034278,2.0,7,0,0.0,2.0,1.0,0.0,C01
201800034279,1.0,7,0,0.0,1.0,1.0,2.0,A01
201800034280,1.0,7,0,0.0,1.0,2.0,19.0,A01
201800034281,1.0,7,0,0.0,2.0,3.0,13.0,A01
201800034281,2.0,14,0,0.0,2.0,3.0,21.0,B01
201800034282,2.0,7,0,0.0,1.0,1.0,1.0,A01
201800034283,0.0,99,0,0.0,2.0,1.0,13.0,A01
201800034283,0.0,15,0,0.0,2.0,1.0,1.0,B01
201800034284,2.0,7,0,0.0,2.0,1.0,1.0,A01
201800034284,1.0,7,0,0.0,2.0,7.0,0.0,B01
201800034285,2.0,7,0,13.0,0.0,1.0,13.0,A01
201800034286,1.0,7,0,1.0,2.0,3.0,15.0,A01
201800034286,0.0,32,0,0.0,2.0,1.0,1.0,B01
201800034287,1.0,7,0,0.0,1.0,2.0,21.0,A01
201800034288,1.0,7,0,0.0,2.0,3.0,2.0,A01
201800034288,1.0,33,0,0.0,2.0,7.0,2.0,B01
201800034289,1.0,33,0,0.0,2.0,1.0,1.0,B01
201800034289,1.0,7,0,0.0,2.0,7.0,1.0,A01
201800034290,2.0,7,0,0.0,2.0,2.0,2.0,A01
201800034290,0.0,7,0,8.0,2.0,7.0,19.0,B01
201800034291,0.0,7,0,0.0,1.0,1.0,1.0,A01
201800034292,1.0,33,0,0.0,2.0,1.0,2.0,A01
201800034292,1.0,7,0,0.0,2.0,4.0,2.0,B01
201800034293,0.0,7,0,0.0,1.0,1.0,16.0,A01
201800034294,1.0,33,0,2.0,0.0,1.0,0.0,A01
201800034295,1.0,7,0,0.0,2.0,3.0,13.0,A01
201800034295,2.0,7,0,0.0,2.0,3.0,1.0,B01
201800034296,2.0,7,0,0.0,2.0,3.0,19.0,A01
201800034296,1.0,7,0,0.0,2.0,3.0,1.0,B01
201800034297,1.0,99,0,0.0,2.0,4.0,20.0,A01
201800034297,1.0,7,0,0.0,2.0,1.0,2.0,B01
201800034298,1.0,7,0,0.0,2.0,3.0,0.0,B01
201800034299,1.0,7,0,15.0,0.0,3.0,13.0,A01
201800034300,1.0,7,0,0.0,2.0,4.0,1.0,B01
201800034300,1.0,7,0,0.0,2.0,1.0,2.0,A01
201800034301,0.0,7,0,13.0,0.0,9.0,0.0,A01
201800034302,0.0,7,0,0.0,2.0,2.0,14.0,A01
201800034302,0.0,7,0,0.0,2.0,6.0,23.0,B01
201800034303,1.0,7,0,,2.0,7.0,10.0,A01
201800034303,1.0,31,0,,,,,B01
201800034304,1.0,10,0,0.0,2.0,7.0,1.0,B01
201800034304,1.0,10,0,0.0,2.0,1.0,15.0,A01
201800034305,0.0,7,0,15.0,1.0,3.0,17.0,A01
201800034306,1.0,7,0,0.0,0.0,1.0,15.0,A01
201800034307,1.0,7,0,0.0,1.0,2.0,1.0,A01
201800034308,1.0,15,0,0.0,2.0,3.0,11.0,A01
201800034308,1.0,7,0,0.0,2.0,2.0,11.0,B01
201800034308,1.0,7,0,0.0,2.0,3.0,1.0,C01
201800034309,1.0,7,0,0.0,0.0,0.0,0.0,A01
201800034309,1.0,7,0,0.0,0.0,0.0,0.0,B01
201800034310,1.0,7,0,13.0,0.0,1.0,1.0,A01
201800034311,2.0,7,0,2.0,0.0,1.0,14.0,A01
201800034312,2.0,7,0,0.0,2.0,3.0,10.0,A01
201800034312,1.0,7,0,0.0,2.0,2.0,21.0,B01
201800034313,1.0,38,1,0.0,1.0,3.0,1.0,A01
201800034314,2.0,33,0,0.0,2.0,0.0,17.0,A01
201800034314,2.0,7,0,0.0,2.0,6.0,1.0,B01
201800034314,1.0,7,0,0.0,2.0,3.0,1.0,C01
201800034315,1.0,7,0,0.0,2.0,6.0,15.0,A01
201800034315,1.0,33,0,0.0,2.0,1.0,21.0,B01
201800034316,1.0,7,0,0.0,2.0,3.0,13.0,A01
201800034316,2.0,7,0,0.0,2.0,8.0,0.0,B01
201800034317,1.0,7,0,0.0,2.0,1.0,15.0,A01
201800034317,2.0,32,0,0.0,2.0,8.0,1.0,B01
201800034318,1.0,33,0,3.0,2.0,1.0,17.0,A01
201800034318,1.0,7,0,3.0,0.0,4.0,17.0,B01
201800034319,1.0,99,0,0.0,2.0,1.0,0.0,A01
201800034319,1.0,7,0,0.0,2.0,5.0,1.0,B01
201800034320,2.0,33,0,13.0,0.0,9.0,13.0,A01
201800034321,1.0,31,0,0.0,2.0,1.0,1.0,B01
201800034321,0.0,7,0,0.0,2.0,1.0,9.0,A01
201800034322,0.0,7,0,0.0,2.0,1.0,1.0,B01
201800034322,0.0,30,0,0.0,2.0,7.0,15.0,Z01
201800034323,0.0,7,0,0.0,1.0,3.0,1.0,A01
201800034324,2.0,7,0,0.0,2.0,3.0,15.0,B01
201800034324,1.0,34,0,0.0,2.0,7.0,12.0,A01
201800034325,1.0,33,0,12.0,0.0,1.0,1.0,A01
201800034326,1.0,7,0,0.0,2.0,3.0,13.0,A01
201800034326,1.0,10,0,0.0,2.0,3.0,1.0,B01
201800034326,2.0,7,0,0.0,2.0,8.0,0.0,C01
201800034326,2.0,7,0,0.0,2.0,0.0,1.0,D01
201800034327,2.0,7,0,2.0,0.0,1.0,14.0,A01
201800034328,1.0,7,0,0.0,1.0,2.0,11.0,A01
201800034329,0.0,7,0,0.0,1.0,3.0,1.0,A01
201800034330,0.0,7,0,0.0,1.0,6.0,0.0,A01
201800034330,0.0,7,0,0.0,2.0,1.0,2.0,B01
201800034331,0.0,31,0,2.0,0.0,0.0,14.0,A01
201800034332,2.0,7,0,0.0,1.0,2.0,1.0,A01
201800034332,2.0,7,0,0.0,1.0,3.0,1.0,B01
201800034333,2.0,33,0,0.0,2.0,1.0,1.0,A01
201800034333,0.0,7,0,0.0,2.0,2.0,15.0,B01
201800034334,1.0,7,0,0.0,1.0,1.0,1.0,A01
201800034335,2.0,7,0,0.0,2.0,1.0,1.0,A01
201800034335,1.0,7,0,0.0,2.0,2.0,15.0,B01
201800034336,0.0,7,0,0.0,2.0,1.0,1.0,B01
201800034336,0.0,7,0,0.0,2.0,1.0,5.0,A01
201800034337,0.0,1,0,0.0,2.0,1.0,13.0,A01
201800034337,0.0,7,0,0.0,2.0,2.0,1.0,B01
201800034338,1.0,38,1,16.0,0.0,8.0,1.0,A01
201800034339,2.0,7,0,0.0,1.0,2.0,19.0,A01
201800034340,2.0,7,0,0.0,0.0,1.0,13.0,A01
201800034340,1.0,7,0,0.0,0.0,1.0,1.0,B01
201800034341,1.0,33,0,9.0,1.0,1.0,1.0,A01
201800034342,2.0,37,1,0.0,1.0,5.0,1.0,A01
201800034342,2.0,1,0,0.0,2.0,8.0,23.0,B01
201800034343,1.0,2,0,0.0,2.0,1.0,0.0,B01
201800034343,2.0,7,0,0.0,2.0,7.0,0.0,A01
201800034344,1.0,7,0,0.0,2.0,7.0,16.0,A01
201800034344,1.0,1,0,0.0,2.0,8.0,2.0,B01
201800034345,1.0,31,0,0.0,2.0,2.0,2.0,A01
201800034345,1.0,7,0,0.0,2.0,3.0,9.0,B01
201800034346,2.0,7,0,0.0,1.0,2.0,2.0,A01
201800034347,1.0,7,0,0.0,1.0,3.0,0.0,A01
201800034348,2.0,7,0,0.0,2.0,3.0,13.0,A01
201800034348,2.0,7,0,0.0,2.0,3.0,1.0,B01
201800034349,1.0,7,0,0.0,1.0,1.0,1.0,A01
201800034350,1.0,7,0,0.0,1.0,1.0,16.0,A01
201800034351,2.0,7,0,0.0,1.0,7.0,19.0,A01
201800034352,2.0,7,0,0.0,2.0,1.0,2.0,A01
201800034352,2.0,33,0,0.0,2.0,4.0,2.0,B01
201800034353,2.0,7,0,0.0,2.0,2.0,10.0,A01
201800034353,1.0,33,0,0.0,2.0,1.0,1.0,B01
201800034354,2.0,7,0,0.0,2.0,1.0,13.0,A01
201800034354,1.0,7,0,0.0,2.0,1.0,1.0,B01
201800034355,1.0,34,0,0.0,0.0,7.0,0.0,A01
201800034356,0.0,7,0,0.0,1.0,6.0,10.0,A01
201800034357,1.0,7,0,0.0,2.0,7.0,1.0,B01
201800034357,0.0,7,0,0.0,2.0,1.0,9.0,A01
201800034358,1.0,7,0,0.0,2.0,4.0,2.0,A01
201800034358,1.0,7,0,0.0,2.0,4.0,2.0,B01
201800034358,1.0,7,0,0.0,2.0,1.0,2.0,Z01
201800034359,0.0,7,0,0.0,2.0,3.0,9.0,A01
201800034359,0.0,33,0,0.0,2.0,5.0,1.0,B01
201800034360,0.0,99,0,0.0,2.0,0.0,0.0,A01
201800034360,0.0,33,0,0.0,2.0,8.0,0.0,B01
201800034361,2.0,10,0,0.0,6.0,0.0,0.0,B01
201800034361,2.0,33,0,16.0,0.0,0.0,9.0,A01
201800034362,1.0,7,0,0.0,2.0,1.0,0.0,A01
201800034362,1.0,7,0,0.0,2.0,4.0,0.0,B01
201800034363,1.0,99,0,0.0,6.0,0.0,0.0,A01
201800034364,2.0,7,0,13.0,2.0,7.0,19.0,A01
201800034364,1.0,7,0,0.0,2.0,7.0,1.0,B01
201800034365,0.0,7,0,0.0,2.0,1.0,5.0,A01
201800034365,0.0,1,0,0.0,2.0,1.0,5.0,B01
201800034366,1.0,7,0,0.0,1.0,3.0,16.0,A01
201800034367,0.0,2,0,0.0,2.0,2.0,19.0,A01
201800034367,0.0,7,0,0.0,2.0,2.0,0.0,B01
201800034368,2.0,7,0,0.0,2.0,1.0,1.0,B01
201800034368,2.0,7,0,0.0,2.0,7.0,1.0,A01
201800034369,2.0,7,0,0.0,2.0,1.0,2.0,A01
201800034369,2.0,33,0,0.0,2.0,4.0,2.0,B01
201800034370,1.0,7,0,0.0,2.0,7.0,19.0,A01
201800034370,1.0,7,0,0.0,2.0,0.0,0.0,B01
201800034371,1.0,1,0,0.0,2.0,2.0,0.0,B01
201800034371,2.0,7,0,0.0,2.0,7.0,19.0,A01
201800034372,2.0,33,0,5.0,0.0,0.0,0.0,A01
201800034373,0.0,15,0,14.0,0.0,1.0,0.0,A01
201800034374,1.0,10,0,0.0,2.0,2.0,17.0,A01
201800034374,1.0,1,0,0.0,2.0,1.0,1.0,B01
201800034375,0.0,7,0,0.0,1.0,1.0,0.0,A01
201800034376,0.0,33,0,12.0,0.0,1.0,1.0,A01
201800034377,1.0,7,0,9.0,2.0,1.0,2.0,A01
201800034377,1.0,7,0,9.0,2.0,4.0,2.0,B01
201800034378,0.0,7,0,0.0,2.0,3.0,13.0,A01
201800034378,0.0,7,0,0.0,2.0,3.0,0.0,B01
201800034379,1.0,10,0,0.0,1.0,2.0,1.0,A01
201800034380,1.0,7,0,0.0,1.0,2.0,1.0,A01
201800034381,1.0,7,0,0.0,2.0,1.0,1.0,A01
201800034381,1.0,7,0,0.0,2.0,1.0,15.0,B01
201800034382,2.0,37,1,0.0,1.0,6.0,15.0,A01
201800034383,1.0,7,0,0.0,2.0,1.0,0.0,A01
201800034383,1.0,7,0,0.0,2.0,1.0,0.0,B01
201800034384,1.0,7,0,0.0,2.0,2.0,1.0,A01
201800034384,0.0,1,0,0.0,2.0,1.0,19.0,B01
201800034385,1.0,7,0,15.0,0.0,1.0,19.0,A01
201800034386,1.0,7,0,0.0,2.0,1.0,18.0,A01
201800034386,1.0,7,0,0.0,2.0,4.0,2.0,B01
201800034387,2.0,31,0,0.0,2.0,1.0,1.0,A01
201800034387,2.0,7,0,8.0,0.0,8.0,1.0,B01
201800034388,2.0,15,0,0.0,0.0,4.0,23.0,A01
201800034388,2.0,7,0,1.0,0.0,1.0,14.0,B01
201800034389,1.0,7,0,0.0,1.0,2.0,1.0,A01
201800034390,1.0,7,0,0.0,2.0,2.0,15.0,A01
201800034390,2.0,33,0,0.0,2.0,1.0,1.0,B01
201800034391,2.0,99,0,0.0,1.0,2.0,0.0,Z01
201800034392,1.0,15,0,0.0,2.0,1.0,2.0,A01
201800034392,1.0,7,0,0.0,2.0,4.0,2.0,B01
201800034392,1.0,7,0,0.0,2.0,4.0,2.0,C01
201800034393,2.0,7,0,16.0,0.0,7.0,1.0,B01
201800034393,2.0,7,0,0.0,2.0,1.0,19.0,A01
201800034394,2.0,7,0,0.0,1.0,3.0,1.0,X01
201800034395,0.0,7,0,0.0,1.0,3.0,1.0,A01
201800034396,1.0,7,0,8.0,0.0,1.0,14.0,A01
201800034397,0.0,7,0,0.0,1.0,4.0,20.0,A01
201800034398,1.0,7,0,0.0,2.0,3.0,9.0,A01
201800034398,2.0,7,0,0.0,2.0,2.0,1.0,B01
201800034399,2.0,7,0,0.0,1.0,1.0,13.0,A01
201800034400,0.0,1,0,0.0,6.0,4.0,1.0,A01
201800034401,1.0,7,0,0.0,2.0,8.0,0.0,A01
201800034401,2.0,7,0,0.0,2.0,1.0,0.0,B01
201800034402,1.0,7,0,0.0,2.0,1.0,2.0,A01
201800034402,1.0,7,0,0.0,2.0,4.0,23.0,B01
201800034402,1.0,7,0,0.0,2.0,4.0,23.0,C01
201800034403,2.0,10,0,0.0,1.0,4.0,4.0,A01
201800034404,1.0,10,0,0.0,1.0,1.0,13.0,A01
201800034405,1.0,7,0,0.0,5.0,1.0,1.0,A01
201800034406,2.0,7,0,0.0,2.0,3.0,1.0,A01
201800034406,1.0,7,0,0.0,2.0,1.0,1.0,B01
201800034406,2.0,3,0,0.0,2.0,4.0,1.0,C01
201800034407,1.0,7,0,0.0,1.0,0.0,1.0,A01
201800034408,2.0,7,0,0.0,2.0,8.0,1.0,A01
201800034408,1.0,7,0,0.0,2.0,3.0,1.0,B01
201800034409,1.0,7,0,0.0,1.0,1.0,1.0,A01
201800034410,2.0,10,0,14.0,0.0,1.0,13.0,A01
201800034410,2.0,7,0,0.0,2.0,5.0,23.0,B01
201800034410,2.0,10,0,0.0,2.0,4.0,23.0,C01
201800034411,1.0,31,0,0.0,2.0,4.0,23.0,A01
201800034411,1.0,10,0,0.0,2.0,1.0,1.0,B01
201800034412,2.0,7,0,0.0,2.0,1.0,1.0,B01
201800034412,2.0,1,0,0.0,2.0,8.0,0.0,A01
201800034413,1.0,7,0,2.0,0.0,1.0,1.0,A01
201800034414,2.0,7,0,2.0,2.0,3.0,17.0,A01
201800034414,1.0,7,0,0.0,2.0,3.0,1.0,B01
201800034415,1.0,7,0,0.0,1.0,3.0,1.0,A01
201800034416,1.0,7,0,0.0,2.0,3.0,15.0,A01
201800034416,2.0,30,0,0.0,2.0,1.0,1.0,B01
201800034417,2.0,7,0,0.0,2.0,5.0,15.0,A01
201800034417,2.0,2,0,0.0,2.0,1.0,1.0,B01
201800034418,1.0,7,0,0.0,2.0,1.0,2.0,A01
201800034418,1.0,7,0,0.0,2.0,4.0,2.0,B01
201800034419,2.0,10,0,0.0,1.0,2.0,1.0,A01
201800034420,2.0,30,0,0.0,0.0,7.0,1.0,A01
201800034421,2.0,33,0,0.0,0.0,7.0,21.0,A01
201800034422,2.0,31,0,0.0,0.0,7.0,16.0,A01
201800034423,2.0,7,0,0.0,2.0,7.0,15.0,A01
201800034423,1.0,33,0,0.0,2.0,1.0,1.0,B01
201800034424,0.0,7,0,0.0,1.0,3.0,1.0,A01
201800034425,1.0,2,0,11.0,0.0,1.0,1.0,A01
201800034426,1.0,10,0,0.0,2.0,3.0,17.0,A01
201800034426,1.0,7,0,0.0,2.0,6.0,1.0,C01
201800034426,2.0,10,0,0.0,0.0,3.0,1.0,B01
201800034427,1.0,7,0,0.0,2.0,7.0,19.0,A01
201800034427,2.0,7,0,0.0,2.0,1.0,1.0,B01
201800034428,2.0,7,0,0.0,1.0,2.0,1.0,A01
201800034429,1.0,37,1,0.0,2.0,3.0,1.0,B01
201800034429,1.0,7,0,0.0,2.0,8.0,15.0,A01
201800034430,2.0,33,0,2.0,0.0,1.0,14.0,A01
201800034431,0.0,7,0,14.0,0.0,1.0,1.0,A01
201800034432,1.0,10,0,0.0,2.0,1.0,13.0,A01
201800034432,2.0,37,1,0.0,2.0,1.0,1.0,B01
201800034433,2.0,31,0,0.0,2.0,1.0,1.0,A01
201800034433,2.0,7,0,0.0,2.0,4.0,2.0,B01
201800034434,0.0,36,0,5.0,0.0,0.0,1.0,A01
201800034435,1.0,33,0,0.0,2.0,1.0,2.0,A01
201800034435,1.0,33,0,0.0,2.0,4.0,2.0,B01
201800034436,2.0,7,0,0.0,1.0,2.0,1.0,A01
201800034437,0.0,7,0,0.0,2.0,4.0,2.0,B01
201800034437,0.0,33,0,0.0,2.0,1.0,5.0,A01
201800034438,1.0,7,0,0.0,2.0,2.0,1.0,A01
201800034438,1.0,7,0,1.0,2.0,8.0,15.0,B01
201800034439,2.0,7,0,9.0,0.0,1.0,16.0,A01
201800034440,0.0,7,0,0.0,2.0,8.0,1.0,B01
201800034440,0.0,7,0,0.0,2.0,1.0,9.0,A01
201800034441,2.0,7,0,0.0,2.0,1.0,9.0,A01
201800034441,1.0,7,0,0.0,2.0,7.0,0.0,B01
201800034442,1.0,7,0,0.0,2.0,1.0,17.0,A01
201800034442,2.0,7,0,0.0,2.0,3.0,15.0,B01
201800034443,2.0,7,0,0.0,2.0,7.0,16.0,B01
201800034443,2.0,33,0,0.0,2.0,1.0,2.0,A01
201800034444,1.0,7,0,0.0,2.0,3.0,1.0,B01
201800034444,1.0,10,0,0.0,2.0,2.0,15.0,A01
201800034445,1.0,7,0,0.0,2.0,8.0,1.0,B01
201800034445,1.0,7,0,0.0,2.0,1.0,19.0,A01
201800034446,2.0,1,0,0.0,2.0,8.0,1.0,B01
201800034446,2.0,7,0,0.0,2.0,4.0,4.0,A01
201800034447,1.0,31,0,2.0,0.0,1.0,1.0,A01
201800034448,2.0,7,0,0.0,2.0,2.0,17.0,A01
201800034448,2.0,7,0,0.0,2.0,6.0,15.0,B01
201800034449,1.0,7,0,12.0,2.0,7.0,1.0,B01
201800034449,1.0,7,0,0.0,2.0,3.0,19.0,A01
201800034450,2.0,7,0,0.0,2.0,1.0,1.0,B01
201800034450,2.0,7,0,0.0,2.0,8.0,10.0,A01
201800034451,2.0,7,0,0.0,2.0,4.0,2.0,B01
201800034451,2.0,7,0,0.0,2.0,1.0,2.0,A01
201800034452,1.0,7,0,0.0,2.0,3.0,13.0,A01
201800034452,2.0,7,0,0.0,2.0,3.0,1.0,B01
201800034452,1.0,7,0,0.0,2.0,1.0,1.0,C01
201800034453,1.0,7,0,0.0,1.0,1.0,1.0,A01
201800034454,1.0,7,0,0.0,2.0,3.0,1.0,B01
201800034454,2.0,10,0,15.0,2.0,2.0,13.0,A01
201800034455,0.0,32,0,0.0,2.0,1.0,1.0,B01
201800034455,0.0,7,0,0.0,2.0,2.0,19.0,A01
201800034456,0.0,31,0,12.0,0.0,1.0,21.0,A01
201800034457,1.0,7,0,0.0,2.0,3.0,15.0,A01
201800034457,2.0,34,0,0.0,2.0,1.0,1.0,B01
201800034458,1.0,17,0,9.0,0.0,1.0,19.0,A01
201800034459,0.0,7,0,0.0,2.0,1.0,9.0,A01
201800034459,0.0,7,0,0.0,2.0,7.0,1.0,B01
201800034460,2.0,30,0,0.0,2.0,8.0,2.0,B01
201800034460,2.0,7,0,0.0,2.0,7.0,17.0,A01
201800034461,1.0,7,0,0.0,1.0,2.0,1.0,A01
201800034462,1.0,7,0,0.0,2.0,2.0,9.0,A01
201800034462,1.0,7,0,0.0,2.0,3.0,9.0,B01
201800034463,1.0,30,0,1.0,0.0,1.0,2.0,A01
201800034463,1.0,17,0,0.0,2.0,4.0,23.0,B01
201800034464,1.0,7,0,0.0,2.0,3.0,13.0,A01
201800034464,2.0,7,0,0.0,2.0,3.0,1.0,B01
201800034465,2.0,7,0,0.0,1.0,1.0,21.0,A01
201800034466,2.0,7,0,0.0,1.0,1.0,1.0,A01
201800034467,1.0,7,0,0.0,1.0,0.0,2.0,Z01
201800034468,2.0,7,0,0.0,2.0,4.0,1.0,A01
201800034468,2.0,7,0,0.0,2.0,1.0,2.0,B01
201800034469,2.0,10,0,0.0,1.0,2.0,1.0,A01
201800034470,2.0,7,0,6.0,1.0,1.0,14.0,A01
201800034471,1.0,7,0,0.0,0.0,0.0,0.0,A01
201800034471,2.0,7,0,0.0,0.0,0.0,0.0,B01
201800034472,1.0,13,0,14.0,0.0,1.0,2.0,A01
201800034472,1.0,7,0,14.0,0.0,4.0,2.0,B01
201800034472,1.0,7,0,0.0,2.0,4.0,2.0,C01
201800034473,2.0,35,0,1.0,2.0,1.0,13.0,A01
201800034474,0.0,33,0,0.0,1.0,1.0,1.0,A01
201800034475,1.0,7,0,0.0,1.0,1.0,1.0,A01
201800034476,1.0,33,0,0.0,2.0,1.0,16.0,A01
201800034476,2.0,10,0,0.0,2.0,2.0,1.0,B01
201800034477,1.0,2,0,0.0,2.0,1.0,3.0,B01
201800034477,0.0,7,0,0.0,2.0,3.0,15.0,A01
201800034478,0.0,7,0,9.0,0.0,2.0,15.0,A01
201800034479,2.0,36,0,0.0,2.0,1.0,21.0,A01
201800034479,2.0,10,0,0.0,2.0,4.0,2.0,B01
201800034480,1.0,30,0,0.0,0.0,0.0,21.0,A01
201800034480,1.0,7,0,0.0,0.0,0.0,17.0,B01
201800034481,1.0,7,0,0.0,2.0,1.0,1.0,A01
201800034481,1.0,7,0,0.0,2.0,4.0,1.0,B01
201800034482,1.0,7,0,0.0,1.0,1.0,0.0,A01
201800034483,2.0,7,0,0.0,0.0,2.0,14.0,A01
201800034484,1.0,7,0,0.0,5.0,1.0,14.0,A01
201800034485,0.0,7,0,0.0,1.0,3.0,1.0,A01
201800034486,2.0,33,0,13.0,0.0,9.0,15.0,A01
201800034487,1.0,7,0,0.0,2.0,7.0,0.0,A01
201800034487,1.0,7,0,0.0,2.0,1.0,0.0,B01
201800034488,1.0,7,0,0.0,2.0,3.0,15.0,A01
201800034488,1.0,1,0,0.0,2.0,1.0,19.0,B01
201800034489,1.0,10,0,0.0,2.0,2.0,1.0,A01
201800034489,1.0,37,2,0.0,2.0,3.0,1.0,B01
201800034490,1.0,33,0,1.0,0.0,1.0,1.0,A01
201800034491,1.0,7,0,1.0,0.0,1.0,13.0,A01
201800034492,1.0,99,0,0.0,2.0,4.0,2.0,B01
201800034492,1.0,31,0,0.0,2.0,1.0,2.0,A01
201800034493,0.0,7,0,0.0,1.0,1.0,0.0,A01
201800034494,0.0,3,0,1.0,0.0,1.0,14.0,A01
201800034495,1.0,7,0,0.0,2.0,3.0,0.0,A01
201800034495,1.0,2,0,0.0,2.0,1.0,1.0,B01
201800034496,2.0,38,2,0.0,2.0,3.0,19.0,A01
201800034496,2.0,7,0,0.0,2.0,1.0,1.0,B01
201800034497,1.0,7,0,6.0,0.0,1.0,1.0,A01
201800034498,1.0,7,0,6.0,2.0,3.0,17.0,A01
201800034499,1.0,10,0,0.0,1.0,2.0,1.0,A01
201800034500,1.0,7,0,0.0,2.0,0.0,1.0,A01
201800034501,2.0,99,0,0.0,2.0,1.0,1.0,A01
201800034501,2.0,99,0,0.0,2.0,0.0,0.0,B01
201800034502,1.0,10,0,0.0,1.0,3.0,1.0,A01
201800034503,0.0,7,0,0.0,2.0,1.0,15.0,A01
201800034503,0.0,33,0,0.0,2.0,1.0,1.0,B01
201800034504,1.0,7,0,0.0,2.0,1.0,15.0,A01
201800034504,2.0,7,0,0.0,2.0,6.0,1.0,B01
201800034505,1.0,7,0,0.0,1.0,2.0,1.0,A01
201800034506,1.0,30,0,0.0,2.0,1.0,13.0,A01
201800034506,2.0,7,0,0.0,2.0,3.0,1.0,B01
201800034507,1.0,7,0,0.0,2.0,1.0,17.0,A01
201800034507,2.0,7,0,0.0,2.0,3.0,1.0,B01
201800034508,1.0,7,0,0.0,1.0,1.0,1.0,A01
201800034509,2.0,7,0,0.0,2.0,5.0,15.0,A01
201800034509,1.0,33,0,0.0,2.0,1.0,1.0,B01
201800034510,0.0,7,0,0.0,0.0,7.0,21.0,A01
201800034511,2.0,33,0,0.0,2.0,3.0,11.0,A01
201800034512,2.0,14,0,0.0,2.0,3.0,13.0,A01
201800034512,1.0,7,0,0.0,2.0,3.0,1.0,B01
201800034512,2.0,14,0,0.0,2.0,3.0,1.0,C01
201800034513,2.0,10,0,3.0,0.0,3.0,1.0,A01
201800034514,0.0,10,0,0.0,2.0,3.0,1.0,B01
201800034514,0.0,7,0,0.0,2.0,3.0,10.0,A01
201800034515,1.0,33,0,16.0,0.0,7.0,9.0,A01
201800034516,2.0,7,0,0.0,2.0,3.0,1.0,A01
201800034516,1.0,1,0,0.0,2.0,3.0,3.0,B01
201800034517,2.0,1,0,0.0,2.0,1.0,0.0,B01
201800034517,0.0,1,0,0.0,2.0,1.0,0.0,A01
201800034518,1.0,7,0,0.0,2.0,8.0,1.0,B01
201800034518,2.0,33,0,0.0,2.0,2.0,9.0,A01
201800034519,1.0,7,0,3.0,0.0,1.0,11.0,A01
201800034520,0.0,7,0,0.0,0.0,4.0,23.0,B01
201800034520,0.0,99,0,0.0,2.0,1.0,0.0,A01
201800034521,0.0,14,0,0.0,2.0,1.0,1.0,A01
201800034521,0.0,7,0,14.0,0.0,4.0,1.0,B01
201800034522,1.0,7,0,0.0,1.0,3.0,0.0,A01
201800034523,1.0,33,0,0.0,2.0,9.0,3.0,A01
201800034523,1.0,10,0,0.0,0.0,6.0,2.0,B01
201800034523,1.0,10,0,0.0,0.0,9.0,2.0,C01
201800034524,1.0,7,0,0.0,2.0,8.0,10.0,A01
201800034524,1.0,33,0,0.0,2.0,1.0,17.0,B01
201800034525,1.0,7,0,0.0,1.0,2.0,2.0,A01
201800034526,0.0,7,0,0.0,2.0,3.0,15.0,A01