Num_Acc,senc,catv,occutc,obs,obsm,choc,manv,num_veh
201800034526,0.0,1,0,0.0,2.0,1.0,19.0,B01
201800034527,1.0,7,0,0.0,2.0,1.0,2.0,A01
201800034527,1.0,30,0,0.0,2.0,9.0,1.0,B01
201800034527,1.0,7,0,0.0,2.0,2.0,1.0,C01
201800034528,1.0,7,0,15.0,0.0,3.0,10.0,A01
201800034528,1.0,33,0,0.0,2.0,7.0,1.0,B01
201800034529,2.0,33,0,14.0,0.0,0.0,19.0,A01
201800034530,1.0,7,0,0.0,1.0,3.0,1.0,A01
201800034531,2.0,7,0,1.0,0.0,8.0,23.0,A01
201800034531,2.0,15,0,1.0,0.0,7.0,1.0,B01
201800034532,2.0,10,0,0.0,2.0,4.0,11.0,A01
201800034532,2.0,7,0,0.0,2.0,1.0,1.0,B01
201800034532,2.0,10,0,0.0,2.0,1.0,1.0,C01
201800034532,2.0,7,0,0.0,2.0,3.0,1.0,D01
201800034533,2.0,36,0,3.0,0.0,7.0,0.0,A01
201800034534,2.0,10,0,0.0,2.0,3.0,2.0,A01
201800034534,2.0,10,0,0.0,2.0,2.0,17.0,B01
201800034535,1.0,7,0,0.0,2.0,3.0,1.0,B01
201800034535,0.0,2,0,0.0,2.0,1.0,0.0,A01
201800034536,1.0,7,0,0.0,2.0,8.0,1.0,B01
201800034536,0.0,7,0,0.0,2.0,3.0,19.0,A01
201800034537,0.0,3,0,0.0,1.0,0.0,0.0,A01
201800034538,2.0,1,0,12.0,0.0,7.0,1.0,A01
201800034539,0.0,30,0,0.0,2.0,8.0,13.0,A01
201800034539,0.0,10,0,0.0,2.0,7.0,17.0,B01
201800034540,0.0,30,0,0.0,0.0,0.0,0.0,A01
201800034541,2.0,10,0,0.0,2.0,1.0,1.0,B01
201800034541,0.0,7,0,0.0,2.0,2.0,13.0,A01
201800034542,1.0,10,0,0.0,2.0,1.0,2.0,A01
201800034542,1.0,7,0,0.0,2.0,4.0,2.0,B01
201800034543,0.0,7,0,0.0,1.0,2.0,1.0,A01
201800034544,1.0,1,0,0.0,6.0,6.0,0.0,A01
201800034544,1.0,7,0,0.0,2.0,2.0,0.0,B01
201800034545,1.0,7,0,4.0,0.0,5.0,14.0,A01
201800034546,1.0,7,0,0.0,2.0,1.0,21.0,A01
201800034546,1.0,7,0,0.0,2.0,4.0,0.0,B01
201800034547,1.0,7,0,0.0,2.0,2.0,17.0,A01
201800034547,1.0,7,0,0.0,2.0,6.0,11.0,B01
201800034548,1.0,1,0,0.0,0.0,0.0,1.0,A01
201800034549,1.0,7,0,0.0,0.0,3.0,9.0,A01
201800034550,2.0,7,0,0.0,1.0,2.0,0.0,A01
201800034551,1.0,7,0,0.0,2.0,2.0,1.0,A01
201800034551,1.0,7,0,0.0,2.0,6.0,9.0,B01
201800034552,1.0,7,0,0.0,2.0,2.0,1.0,A01
201800034552,0.0,7,0,0.0,2.0,3.0,1.0,B01
201800034553,2.0,7,0,13.0,0.0,9.0,1.0,A01
201800034554,2.0,10,0,0.0,2.0,2.0,2.0,A01
201800034554,2.0,10,0,0.0,2.0,4.0,0.0,B01
201800034554,2.0,7,0,0.0,2.0,4.0,2.0,C01
201800034555,1.0,7,0,6.0,0.0,1.0,1.0,A01
201800034556,1.0,99,0,,,,,A01
201800034556,1.0,10,0,0.0,0.0,0.0,0.0,B01
201800034557,1.0,7,0,0.0,2.0,1.0,9.0,A01
201800034557,1.0,32,0,0.0,2.0,4.0,1.0,B01
201800034558,1.0,10,0,0.0,2.0,1.0,2.0,A01
201800034558,1.0,7,0,0.0,2.0,9.0,2.0,B01
201800034558,1.0,7,0,0.0,0.0,4.0,2.0,C01
201800034559,0.0,7,0,0.0,2.0,8.0,15.0,A01
201800034559,0.0,7,0,0.0,2.0,2.0,17.0,B01
201800034560,1.0,7,0,0.0,2.0,1.0,15.0,A01
201800034560,2.0,7,0,0.0,2.0,3.0,1.0,B01
201800034561,1.0,7,0,0.0,1.0,3.0,1.0,A01
201800034562,0.0,10,0,1.0,6.0,2.0,14.0,A01
201800034563,1.0,20,0,0.0,0.0,0.0,0.0,A01
201800034563,1.0,33,0,0.0,0.0,0.0,0.0,B01
201800034564,1.0,7,0,0.0,2.0,6.0,1.0,B01
201800034564,1.0,10,0,0.0,2.0,0.0,0.0,A01
201800034565,0.0,7,0,3.0,0.0,1.0,0.0,A01
201800034566,1.0,7,0,0.0,0.0,2.0,14.0,A01
201800034567,1.0,7,0,0.0,2.0,1.0,2.0,A01
201800034567,1.0,13,0,0.0,2.0,4.0,2.0,B01
201800034568,0.0,7,0,0.0,1.0,2.0,0.0,Z01
201800034569,1.0,10,0,0.0,2.0,1.0,1.0,A01
201800034569,1.0,7,0,0.0,2.0,4.0,1.0,B01
201800034569,1.0,10,0,0.0,2.0,6.0,1.0,C01
201800034569,2.0,7,0,0.0,2.0,8.0,1.0,D01
201800034569,1.0,7,0,0.0,2.0,0.0,2.0,Z01
201800034570,1.0,7,0,0.0,2.0,0.0,0.0,Z01
201800034570,2.0,32,0,0.0,2.0,0.0,19.0,A01
201800034571,2.0,33,0,12.0,0.0,1.0,0.0,A01
201800034572,1.0,7,0,0.0,2.0,2.0,2.0,B01
201800034572,0.0,7,0,0.0,2.0,2.0,19.0,A01
201800034573,1.0,7,0,0.0,2.0,4.0,12.0,A01
201800034573,1.0,7,0,0.0,2.0,0.0,0.0,B01
201800034574,0.0,7,0,0.0,2.0,3.0,15.0,A01
201800034574,0.0,7,0,0.0,2.0,1.0,23.0,B01
201800034574,0.0,7,0,0.0,2.0,1.0,23.0,C01
201800034574,0.0,7,0,0.0,2.0,9.0,1.0,D01
201800034575,2.0,99,0,0.0,2.0,4.0,1.0,A01
201800034575,2.0,7,0,0.0,2.0,2.0,0.0,B01
201800034576,1.0,7,0,0.0,2.0,3.0,20.0,A01
201800034576,1.0,30,0,0.0,2.0,7.0,2.0,B01
201800034577,1.0,7,0,0.0,1.0,3.0,2.0,A01
201800034578,1.0,7,0,0.0,1.0,0.0,2.0,A01
201800034579,1.0,7,0,0.0,2.0,4.0,1.0,A01
201800034579,1.0,7,0,0.0,2.0,4.0,1.0,B01
201800034579,1.0,7,0,0.0,2.0,1.0,1.0,C01
201800034579,1.0,7,0,0.0,2.0,1.0,1.0,D01
201800034580,1.0,7,0,0.0,1.0,3.0,9.0,A01
201800034581,2.0,7,0,0.0,2.0,4.0,1.0,A01
201800034581,2.0,7,0,0.0,2.0,1.0,1.0,B01
201800034582,1.0,7,0,0.0,1.0,3.0,1.0,A01
201800034583,1.0,7,0,0.0,1.0,8.0,2.0,A01
201800034584,2.0,7,0,4.0,2.0,2.0,1.0,B01
201800034584,0.0,7,0,0.0,2.0,1.0,16.0,A01
201800034585,1.0,7,0,0.0,2.0,1.0,0.0,B01
201800034585,1.0,14,0,0.0,2.0,4.0,23.0,A01
201800034586,2.0,7,0,0.0,1.0,1.0,0.0,A01
201800034587,2.0,7,0,0.0,0.0,9.0,1.0,A01
201800034588,1.0,33,0,0.0,2.0,4.0,1.0,B01
201800034588,2.0,7,0,0.0,2.0,1.0,15.0,A01
201800034589,1.0,2,0,0.0,2.0,7.0,15.0,B01
201800034589,2.0,30,0,0.0,2.0,0.0,15.0,A01
201800034590,1.0,10,0,0.0,1.0,3.0,0.0,A01
201800034591,2.0,7,0,0.0,1.0,2.0,1.0,A01
201800034592,1.0,7,0,11.0,0.0,1.0,14.0,A01
201800034593,1.0,2,0,0.0,2.0,0.0,9.0,B01
201800034593,1.0,7,0,0.0,2.0,1.0,9.0,A01
201800034594,2.0,7,0,0.0,2.0,4.0,23.0,C01
201800034594,1.0,7,0,0.0,2.0,1.0,18.0,D01
201800034594,2.0,7,0,0.0,2.0,1.0,17.0,A01
201800034594,1.0,37,0,0.0,2.0,3.0,21.0,B01
201800034595,1.0,7,0,0.0,0.0,1.0,0.0,A01
201800034596,1.0,7,0,0.0,1.0,2.0,1.0,A01
201800034597,1.0,1,0,0.0,2.0,8.0,0.0,B01
201800034597,1.0,10,0,0.0,9.0,2.0,0.0,A01
201800034598,0.0,1,0,0.0,2.0,0.0,0.0,B01
201800034598,0.0,10,0,0.0,2.0,1.0,16.0,A01
201800034599,0.0,7,0,0.0,1.0,2.0,1.0,A01
201800034600,2.0,7,0,14.0,0.0,1.0,1.0,A01
201800034601,2.0,10,0,0.0,2.0,1.0,15.0,A01
201800034601,1.0,32,0,0.0,2.0,1.0,1.0,B01
201800034602,0.0,30,0,0.0,0.0,0.0,1.0,A01
201800034603,1.0,7,0,0.0,2.0,2.0,0.0,A01
201800034603,1.0,1,0,0.0,2.0,1.0,1.0,B01
201800034604,1.0,7,0,0.0,2.0,4.0,0.0,B01
201800034604,1.0,2,0,0.0,2.0,1.0,9.0,A01
201800034605,2.0,33,0,0.0,0.0,1.0,2.0,A01
201800034606,1.0,7,0,0.0,0.0,0.0,1.0,A01
201800034607,1.0,7,0,0.0,2.0,1.0,1.0,B01
201800034607,2.0,7,0,0.0,2.0,1.0,5.0,A01
201800034608,1.0,10,0,0.0,2.0,5.0,17.0,A01
201800034608,1.0,1,0,0.0,2.0,3.0,2.0,C01
201800034609,1.0,7,0,0.0,1.0,1.0,0.0,A01
201800034610,2.0,7,0,0.0,2.0,0.0,0.0,B01
201800034610,2.0,33,0,0.0,2.0,0.0,0.0,A01
201800034611,2.0,7,0,0.0,2.0,2.0,15.0,B01
201800034611,1.0,7,0,0.0,2.0,2.0,1.0,A01
201800034612,1.0,7,0,0.0,2.0,3.0,13.0,Z01
201800034612,2.0,7,0,0.0,2.0,3.0,1.0,B01
201800034613,1.0,10,0,0.0,2.0,4.0,2.0,B01
201800034613,1.0,10,0,0.0,2.0,1.0,2.0,A01
201800034614,1.0,33,0,14.0,0.0,1.0,17.0,A01
201800034615,1.0,7,0,0.0,2.0,3.0,0.0,A01
201800034615,2.0,10,0,0.0,2.0,1.0,0.0,B01
201800034616,0.0,10,0,0.0,2.0,2.0,2.0,B01
201800034616,0.0,2,0,0.0,2.0,1.0,15.0,A01
201800034617,1.0,7,0,0.0,2.0,3.0,9.0,B01
201800034617,1.0,33,0,0.0,2.0,1.0,0.0,A01
201800034618,2.0,7,0,0.0,1.0,1.0,1.0,A01
201800034619,1.0,1,0,0.0,2.0,1.0,17.0,A01
201800034619,2.0,10,0,0.0,2.0,3.0,23.0,B01
201800034620,1.0,7,0,0.0,1.0,1.0,0.0,A01
201800034621,2.0,7,0,0.0,2.0,4.0,2.0,A01
201800034621,2.0,7,0,0.0,2.0,1.0,2.0,Z01
201800034621,2.0,7,0,0.0,2.0,4.0,2.0,B01
201800034622,1.0,7,0,0.0,2.0,3.0,21.0,B01
201800034622,2.0,7,0,0.0,2.0,1.0,13.0,A01
201800034623,1.0,33,0,0.0,1.0,1.0,0.0,A01
201800034624,1.0,7,0,0.0,2.0,3.0,1.0,C01
201800034624,2.0,30,0,0.0,0.0,4.0,23.0,B01
201800034624,2.0,7,0,0.0,2.0,3.0,2.0,A01
201800034625,1.0,7,0,15.0,0.0,9.0,13.0,A01
201800034626,2.0,7,0,0.0,2.0,1.0,1.0,B01
201800034626,1.0,7,0,0.0,2.0,2.0,15.0,A01
201800034627,1.0,7,0,9.0,0.0,1.0,1.0,A01
201800034628,0.0,7,0,0.0,2.0,4.0,2.0,C01
201800034628,0.0,7,0,0.0,2.0,1.0,2.0,A01
201800034628,0.0,7,0,0.0,2.0,4.0,2.0,B01
201800034629,0.0,7,0,0.0,2.0,8.0,0.0,C01
201800034629,0.0,7,0,0.0,2.0,3.0,13.0,A01
201800034629,0.0,33,0,0.0,2.0,1.0,1.0,B01
201800034630,2.0,10,0,0.0,2.0,1.0,15.0,A01
201800034630,1.0,33,0,0.0,2.0,1.0,1.0,B01
201800034631,2.0,7,0,0.0,1.0,0.0,9.0,A01
201800034632,1.0,33,0,15.0,0.0,1.0,1.0,A01
201800034633,0.0,7,0,0.0,1.0,1.0,1.0,A01
201800034634,2.0,7,0,0.0,1.0,2.0,2.0,A01
201800034635,1.0,7,0,0.0,2.0,2.0,19.0,B01
201800034635,1.0,7,0,0.0,2.0,3.0,0.0,A01
201800034635,1.0,7,0,0.0,2.0,1.0,0.0,D01
201800034635,1.0,7,0,0.0,2.0,3.0,0.0,C01
201800034636,0.0,7,0,0.0,2.0,1.0,13.0,A01
201800034636,0.0,37,0,0.0,2.0,1.0,1.0,B01
201800034637,0.0,2,0,0.0,2.0,4.0,2.0,B01
201800034637,0.0,7,0,0.0,2.0,1.0,2.0,A01
201800034638,1.0,7,0,1.0,1.0,2.0,0.0,A01
201800034639,1.0,7,0,0.0,2.0,4.0,1.0,B01
201800034639,1.0,33,0,0.0,2.0,1.0,0.0,A01
201800034640,2.0,7,0,0.0,2.0,1.0,2.0,A01
201800034640,2.0,7,0,3.0,0.0,4.0,2.0,B01
201800034640,2.0,7,0,0.0,2.0,1.0,2.0,C01
201800034641,1.0,7,0,0.0,1.0,2.0,1.0,A01
201800034642,1.0,33,0,0.0,2.0,1.0,1.0,B01
201800034642,1.0,7,0,0.0,2.0,3.0,10.0,A01
201800034643,1.0,34,0,0.0,2.0,8.0,11.0,B01
201800034643,1.0,7,0,0.0,2.0,2.0,1.0,A01
201800034644,1.0,34,0,0.0,1.0,1.0,0.0,A01
201800034645,2.0,7,0,12.0,1.0,3.0,1.0,A01
201800034646,1.0,7,0,0.0,2.0,6.0,1.0,B01
201800034646,1.0,7,0,0.0,2.0,2.0,21.0,A01
201800034647,0.0,7,0,0.0,0.0,1.0,0.0,A01
201800034648,1.0,10,0,0.0,1.0,4.0,4.0,A01
201800034649,0.0,7,0,0.0,1.0,4.0,4.0,A01
201800034650,1.0,7,0,1.0,0.0,2.0,21.0,A01
201800034651,2.0,7,0,0.0,2.0,2.0,1.0,A01
201800034651,2.0,2,0,0.0,2.0,4.0,1.0,B01
201800034652,0.0,7,0,15.0,0.0,1.0,1.0,A01
201800034653,2.0,7,0,0.0,2.0,1.0,0.0,A01
201800034653,1.0,7,0,0.0,2.0,1.0,1.0,B01
201800034654,2.0,7,0,0.0,1.0,8.0,1.0,A01
201800034655,2.0,7,0,0.0,1.0,1.0,1.0,A01
201800034656,0.0,7,0,0.0,0.0,4.0,24.0,B01
201800034656,1.0,33,0,1.0,0.0,1.0,13.0,A01
201800034657,2.0,7,0,0.0,2.0,3.0,16.0,A01
201800034657,1.0,7,0,0.0,2.0,3.0,23.0,B01
201800034658,2.0,7,0,3.0,2.0,1.0,13.0,A01
201800034658,1.0,7,0,0.0,2.0,2.0,1.0,B01
201800034659,2.0,7,0,0.0,2.0,3.0,15.0,B01
201800034659,2.0,2,0,0.0,2.0,1.0,17.0,A01
201800034660,2.0,2,0,0.0,2.0,1.0,1.0,A01
201800034660,1.0,7,0,0.0,2.0,7.0,1.0,B01
201800034661,2.0,30,0,0.0,2.0,2.0,17.0,A01
201800034661,2.0,7,0,0.0,2.0,3.0,15.0,B01
201800034662,0.0,7,0,0.0,2.0,6.0,20.0,A01
201800034662,2.0,2,0,0.0,2.0,1.0,2.0,B01
201800034663,2.0,7,0,0.0,2.0,1.0,23.0,B01
201800034663,1.0,7,0,0.0,2.0,1.0,1.0,A01
201800034664,0.0,7,0,0.0,2.0,1.0,17.0,A01
201800034664,0.0,7,0,0.0,2.0,6.0,0.0,C01
201800034664,0.0,7,0,0.0,2.0,1.0,23.0,B01
201800034665,1.0,1,0,6.0,0.0,1.0,1.0,A01
201800034666,1.0,7,0,0.0,2.0,6.0,23.0,B01
201800034666,1.0,17,0,0.0,2.0,2.0,21.0,A01
201800034667,1.0,7,0,4.0,0.0,3.0,13.0,A01
201800034668,1.0,1,0,0.0,2.0,1.0,1.0,B01
201800034668,0.0,7,0,0.0,9.0,3.0,9.0,A01
201800034669,2.0,7,0,0.0,1.0,2.0,1.0,A01
201800034670,1.0,7,0,0.0,2.0,1.0,1.0,B01
201800034670,2.0,7,0,0.0,2.0,1.0,13.0,A01
201800034671,1.0,7,0,0.0,1.0,5.0,21.0,A01
201800034672,1.0,7,0,0.0,1.0,4.0,4.0,A01
201800034673,1.0,7,0,0.0,1.0,2.0,19.0,A01
201800034674,2.0,13,0,0.0,2.0,5.0,15.0,A01
201800034674,2.0,33,0,0.0,2.0,1.0,1.0,B01
201800034675,1.0,31,0,0.0,2.0,1.0,17.0,A01
201800034675,1.0,7,0,0.0,2.0,3.0,15.0,B01
201800034676,1.0,7,0,0.0,2.0,2.0,1.0,B01
201800034676,1.0,10,0,0.0,2.0,3.0,9.0,A01
201800034677,1.0,7,0,0.0,1.0,2.0,1.0,A01
201800034678,0.0,99,0,0.0,1.0,2.0,0.0,Z01
201800034679,0.0,33,0,0.0,2.0,1.0,0.0,A01
201800034679,0.0,7,0,0.0,2.0,8.0,15.0,B01
201800034680,1.0,7,0,0.0,1.0,3.0,21.0,A01
201800034681,0.0,33,0,0.0,2.0,1.0,1.0,B01
201800034681,0.0,7,0,0.0,2.0,2.0,11.0,A01
201800034682,0.0,1,0,0.0,1.0,1.0,0.0,A01
201800034683,0.0,33,0,8.0,0.0,0.0,19.0,A01
201800034684,1.0,10,0,0.0,2.0,3.0,1.0,B01
201800034684,0.0,7,0,0.0,2.0,2.0,1.0,A01
201800034685,2.0,31,0,1.0,0.0,5.0,1.0,B01
201800034685,2.0,7,0,1.0,0.0,3.0,9.0,A01
201800034686,0.0,7,0,0.0,1.0,1.0,1.0,A01
201800034687,2.0,7,0,0.0,1.0,2.0,1.0,A01
201800034688,0.0,20,0,0.0,2.0,6.0,1.0,B01
201800034688,0.0,34,0,0.0,2.0,1.0,0.0,A01
201800034689,0.0,17,0,0.0,1.0,2.0,0.0,A01
201800034690,0.0,37,1,0.0,1.0,2.0,8.0,A01
201800034691,0.0,1,0,0.0,2.0,7.0,19.0,B01
201800034691,1.0,7,0,0.0,2.0,3.0,16.0,A01
201800034692,2.0,7,0,0.0,1.0,1.0,21.0,A01
201800034693,0.0,7,0,0.0,1.0,1.0,1.0,A01
201800034694,0.0,99,0,0.0,1.0,0.0,1.0,Z01
201800034695,1.0,7,0,0.0,2.0,3.0,9.0,A01
201800034695,2.0,2,0,0.0,2.0,1.0,1.0,B01
201800034696,1.0,10,0,0.0,1.0,6.0,20.0,A01
201800034697,0.0,39,180,0.0,1.0,1.0,1.0,A01
201800034698,0.0,7,0,0.0,2.0,2.0,2.0,A01
201800034698,0.0,1,0,0.0,2.0,0.0,0.0,B02
201800034699,1.0,7,0,0.0,2.0,1.0,1.0,B01
201800034699,0.0,7,0,0.0,2.0,2.0,15.0,A01
201800034700,1.0,33,0,0.0,2.0,6.0,17.0,A01
201800034700,1.0,10,0,0.0,0.0,6.0,1.0,B01
201800034701,1.0,10,0,14.0,0.0,1.0,13.0,A01
201800034701,1.0,7,0,14.0,0.0,8.0,15.0,B01
201800034702,0.0,7,0,0.0,1.0,1.0,14.0,A01
201800034703,1.0,7,0,0.0,2.0,6.0,19.0,B01
201800034703,0.0,7,0,0.0,2.0,2.0,17.0,A01
201800034704,0.0,7,0,0.0,1.0,3.0,0.0,A01
201800034705,1.0,7,0,0.0,1.0,1.0,19.0,A01
201800034706,0.0,7,0,3.0,0.0,2.0,21.0,A01
201800034707,0.0,7,0,0.0,1.0,1.0,1.0,A01
201800034708,1.0,7,0,0.0,2.0,2.0,15.0,B01
201800034708,0.0,7,0,0.0,2.0,1.0,0.0,A01
201800034709,1.0,7,0,0.0,5.0,1.0,1.0,A01
201800034710,,1,0,,1.0,,,A01
201800034711,0.0,33,0,14.0,0.0,1.0,0.0,A01
201800034712,1.0,34,0,0.0,2.0,1.0,13.0,A01
201800034712,1.0,99,0,0.0,0.0,0.0,0.0,B01
201800034713,1.0,15,0,0.0,2.0,2.0,14.0,A01
201800034713,1.0,7,0,0.0,2.0,8.0,1.0,B01
201800034714,1.0,7,0,0.0,1.0,3.0,1.0,A01
201800034715,2.0,7,0,0.0,2.0,2.0,15.0,A01
201800034715,1.0,33,0,0.0,2.0,0.0,1.0,B01
201800034716,0.0,33,0,0.0,1.0,3.0,21.0,A01
201800034717,1.0,7,0,0.0,2.0,1.0,1.0,B01
201800034717,2.0,7,0,0.0,2.0,1.0,13.0,A01
201800034718,1.0,33,0,0.0,2.0,0.0,0.0,B01
201800034718,1.0,7,0,0.0,2.0,2.0,15.0,A01
201800034719,1.0,7,0,0.0,2.0,0.0,17.0,B01
201800034719,1.0,33,0,0.0,2.0,8.0,1.0,A01
201800034720,0.0,7,0,0.0,1.0,0.0,16.0,A01
201800034721,0.0,7,0,0.0,1.0,3.0,0.0,A01
201800034722,1.0,7,0,0.0,1.0,3.0,1.0,A01
201800034723,0.0,10,0,0.0,1.0,3.0,15.0,A01
201800034724,1.0,7,0,0.0,1.0,2.0,2.0,A01
201800034725,2.0,10,0,11.0,1.0,3.0,1.0,A01
201800034726,2.0,7,0,0.0,1.0,3.0,1.0,A01
201800034727,1.0,7,0,0.0,2.0,1.0,13.0,A01
201800034727,2.0,7,0,0.0,2.0,1.0,1.0,B01
201800034728,1.0,7,0,0.0,1.0,3.0,19.0,A01
201800034729,1.0,7,0,0.0,2.0,4.0,2.0,B01
201800034729,1.0,7,0,0.0,2.0,1.0,2.0,A01
201800034730,1.0,7,0,13.0,0.0,6.0,12.0,B01
201800034730,1.0,7,0,0.0,2.0,1.0,18.0,A01
201800034731,1.0,7,0,4.0,0.0,2.0,1.0,A01
201800034732,1.0,7,0,0.0,2.0,1.0,1.0,B01
201800034732,0.0,7,0,0.0,2.0,3.0,0.0,A01
201800034733,1.0,7,0,0.0,1.0,1.0,1.0,A01
201800034734,1.0,33,0,0.0,2.0,1.0,2.0,B01
201800034734,1.0,7,0,0.0,2.0,3.0,10.0,A01
201800034735,2.0,7,0,0.0,1.0,3.0,1.0,A01
201800034736,2.0,7,0,0.0,1.0,1.0,19.0,A01
201800034737,1.0,7,0,0.0,2.0,1.0,1.0,A01
201800034737,2.0,7,0,0.0,2.0,7.0,1.0,B01
201800034738,2.0,10,0,0.0,1.0,1.0,1.0,A01
201800034739,1.0,7,0,0.0,2.0,3.0,19.0,A01
201800034739,2.0,31,0,0.0,1.0,2.0,21.0,B01
201800034740,1.0,7,0,0.0,2.0,4.0,23.0,B01
201800034740,1.0,7,0,0.0,2.0,1.0,17.0,A01
201800034741,1.0,37,0,0.0,2.0,3.0,15.0,A01
201800034741,2.0,7,0,9.0,2.0,1.0,1.0,B01
201800034742,2.0,33,0,0.0,0.0,1.0,0.0,A01
201800034743,1.0,2,0,1.0,2.0,7.0,15.0,B01
201800034743,2.0,33,0,1.0,2.0,1.0,1.0,A01
201800034744,,34,0,9.0,0.0,1.0,1.0,A01
201800034745,1.0,33,0,12.0,0.0,1.0,1.0,B01
201800034745,1.0,7,0,12.0,0.0,6.0,10.0,A01
201800034746,1.0,13,0,0.0,1.0,2.0,16.0,A01
201800034747,2.0,14,0,0.0,1.0,3.0,1.0,A01
201800034748,2.0,33,0,1.0,0.0,1.0,0.0,A01
201800034749,0.0,7,0,0.0,0.0,0.0,15.0,A01
201800034749,0.0,33,0,0.0,2.0,7.0,1.0,B01
201800034750,1.0,7,0,0.0,0.0,7.0,2.0,B01
201800034750,1.0,33,0,0.0,0.0,4.0,2.0,A01
201800034751,2.0,33,0,0.0,2.0,4.0,23.0,B01
201800034751,2.0,7,0,0.0,2.0,1.0,1.0,A01
201800034752,1.0,7,0,0.0,2.0,3.0,1.0,B01
201800034752,2.0,7,0,0.0,2.0,1.0,13.0,A01
201800034752,1.0,99,0,0.0,2.0,1.0,1.0,C01
201800034753,1.0,33,0,0.0,2.0,1.0,1.0,B01
201800034753,2.0,7,0,0.0,2.0,2.0,15.0,A01
201800034754,0.0,7,0,0.0,2.0,1.0,0.0,A01
201800034754,0.0,7,0,0.0,2.0,3.0,1.0,B01
201800034755,2.0,7,0,0.0,0.0,1.0,1.0,A01
201800034756,1.0,7,0,0.0,2.0,1.0,15.0,A01
201800034756,2.0,2,0,0.0,2.0,1.0,1.0,B01
201800034757,1.0,7,0,0.0,2.0,4.0,1.0,B01
201800034757,1.0,7,0,0.0,2.0,0.0,0.0,C01
201800034757,1.0,33,0,0.0,2.0,1.0,1.0,A01
201800034758,0.0,7,0,0.0,0.0,0.0,0.0,B01
201800034758,0.0,1,0,8.0,0.0,0.0,13.0,A01
201800034759,2.0,30,0,0.0,2.0,8.0,0.0,A01
201800034760,1.0,1,0,,,,,A01
201800034761,2.0,7,0,0.0,1.0,7.0,1.0,A01
201800034762,1.0,10,0,0.0,1.0,1.0,1.0,A01
201800034763,1.0,34,0,8.0,0.0,2.0,14.0,A01
201800034764,1.0,7,0,0.0,2.0,4.0,0.0,A01
201800034764,1.0,1,0,0.0,2.0,1.0,2.0,B01
201800034765,2.0,7,0,0.0,2.0,3.0,19.0,B01
201800034765,1.0,7,0,0.0,2.0,1.0,0.0,A01
201800034766,1.0,33,0,0.0,2.0,1.0,2.0,B01
201800034766,1.0,7,0,0.0,2.0,1.0,15.0,A01
201800034767,1.0,7,0,0.0,1.0,1.0,0.0,A01
201800034768,2.0,33,0,0.0,5.0,1.0,21.0,A01
201800034768,1.0,7,0,0.0,6.0,3.0,21.0,B01
201800034769,2.0,7,0,0.0,1.0,1.0,2.0,A01
201800034770,1.0,33,0,0.0,2.0,2.0,1.0,B01
201800034770,1.0,7,0,0.0,2.0,2.0,18.0,A01
201800034771,2.0,7,0,15.0,0.0,2.0,1.0,A01
201800034772,1.0,7,0,0.0,2.0,8.0,13.0,A01
201800034772,1.0,32,0,0.0,2.0,1.0,17.0,B01
201800034773,1.0,34,0,0.0,2.0,7.0,17.0,B01
201800034773,1.0,7,0,0.0,2.0,3.0,15.0,A01
201800034774,1.0,33,0,0.0,2.0,1.0,3.0,B01
201800034774,1.0,10,0,0.0,2.0,3.0,9.0,A01
201800034775,1.0,7,0,0.0,2.0,1.0,2.0,B01
201800034775,2.0,7,0,0.0,2.0,1.0,13.0,A01
201800034776,1.0,7,0,0.0,2.0,1.0,15.0,A01
201800034776,2.0,7,0,0.0,2.0,1.0,1.0,B01
201800034777,1.0,7,0,0.0,2.0,3.0,0.0,B01
201800034777,2.0,7,0,0.0,2.0,3.0,0.0,A01
201800034778,2.0,7,0,0.0,2.0,2.0,1.0,A01
201800034778,0.0,1,0,0.0,2.0,6.0,1.0,B01
201800034779,1.0,7,0,4.0,0.0,1.0,12.0,A01
201800034780,1.0,33,0,15.0,0.0,1.0,2.0,A01
201800034781,1.0,10,0,0.0,1.0,1.0,16.0,A01
201800034782,2.0,7,0,14.0,0.0,3.0,13.0,A01
201800034783,2.0,7,0,0.0,2.0,1.0,2.0,A01
201800034783,1.0,7,0,8.0,2.0,3.0,2.0,B01
201800034784,2.0,30,0,0.0,1.0,1.0,17.0,A01
201800034785,1.0,7,0,0.0,2.0,3.0,15.0,B01
201800034785,2.0,1,0,0.0,2.0,1.0,1.0,A01
201800034786,1.0,33,0,8.0,0.0,1.0,14.0,A01
201800034787,1.0,7,0,0.0,0.0,5.0,23.0,B01
201800034787,1.0,34,0,1.0,2.0,9.0,18.0,A01
201800034787,1.0,7,0,0.0,0.0,5.0,23.0,C01
201800034788,0.0,7,0,0.0,1.0,1.0,16.0,A01
201800034789,2.0,1,0,0.0,0.0,4.0,2.0,B01
201800034789,2.0,15,0,0.0,2.0,5.0,9.0,A01
201800034790,2.0,30,0,0.0,2.0,1.0,1.0,B01
201800034790,1.0,7,0,12.0,2.0,6.0,1.0,A01
201800034791,1.0,1,0,1.0,2.0,1.0,1.0,B01
201800034791,1.0,7,0,0.0,2.0,8.0,22.0,A01
201800034792,1.0,33,0,0.0,2.0,2.0,3.0,A01
201800034792,1.0,7,0,0.0,2.0,5.0,1.0,C01