Num_Acc,senc,catv,occutc,obs,obsm,choc,manv,num_veh
201800034792,1.0,7,0,0.0,2.0,3.0,1.0,B01
201800034793,1.0,31,0,0.0,2.0,2.0,1.0,A01
201800034793,1.0,7,0,0.0,2.0,8.0,15.0,B01
201800034794,2.0,7,0,0.0,2.0,3.0,1.0,A01
201800034794,2.0,34,0,0.0,2.0,1.0,1.0,B01
201800034795,1.0,7,0,0.0,1.0,1.0,1.0,A01
201800034796,2.0,7,0,0.0,1.0,2.0,1.0,A01
201800034797,1.0,7,0,0.0,2.0,3.0,0.0,B01
201800034797,2.0,7,0,0.0,2.0,1.0,5.0,A01
201800034798,1.0,10,0,0.0,1.0,3.0,15.0,A01
201800034799,1.0,7,0,0.0,1.0,4.0,4.0,A01
201800034800,0.0,7,0,8.0,0.0,1.0,19.0,A01
201800034801,0.0,10,0,1.0,1.0,2.0,2.0,A01
201800034802,2.0,10,0,0.0,1.0,3.0,15.0,A01
201800034803,2.0,7,0,8.0,1.0,3.0,14.0,A01
201800034804,2.0,7,0,15.0,2.0,5.0,1.0,A01
201800034804,2.0,7,0,0.0,2.0,3.0,1.0,B01
201800034805,0.0,7,0,0.0,1.0,2.0,1.0,A01
201800034806,0.0,7,0,0.0,1.0,1.0,1.0,A01
201800034807,0.0,33,0,0.0,2.0,1.0,17.0,B01
201800034807,0.0,7,0,0.0,2.0,8.0,9.0,A01
201800034808,1.0,7,0,0.0,1.0,1.0,1.0,A01
201800034809,0.0,14,0,0.0,1.0,6.0,4.0,A01
201800034810,0.0,7,0,0.0,2.0,1.0,1.0,B01
201800034810,0.0,7,0,0.0,2.0,1.0,15.0,A01
201800034811,2.0,30,0,0.0,2.0,1.0,2.0,A01
201800034811,2.0,7,0,0.0,2.0,4.0,23.0,B01
201800034812,1.0,7,0,0.0,2.0,4.0,23.0,B01
201800034812,1.0,7,0,0.0,2.0,1.0,1.0,A01
201800034813,2.0,33,0,0.0,2.0,7.0,2.0,C01
201800034813,2.0,7,0,0.0,2.0,3.0,11.0,A01
201800034813,2.0,33,0,0.0,2.0,2.0,1.0,B01
201800034814,1.0,7,0,0.0,1.0,1.0,1.0,A01
201800034815,1.0,7,0,0.0,1.0,3.0,16.0,A01
201800034816,0.0,10,0,0.0,2.0,4.0,9.0,B01
201800034816,0.0,33,0,0.0,2.0,1.0,1.0,A01
201800034817,1.0,33,0,0.0,2.0,4.0,9.0,B01
201800034817,1.0,7,0,0.0,2.0,1.0,12.0,A01
201800034818,0.0,10,0,0.0,1.0,1.0,13.0,A01
201800034819,0.0,33,0,0.0,2.0,1.0,1.0,B01
201800034819,0.0,7,0,0.0,2.0,7.0,15.0,A01
201800034820,0.0,7,0,0.0,2.0,5.0,1.0,B01
201800034820,0.0,34,0,0.0,2.0,1.0,1.0,A01
201800034821,0.0,3,0,0.0,0.0,4.0,1.0,B01
201800034821,0.0,7,0,0.0,2.0,1.0,2.0,A01
201800034822,1.0,1,0,0.0,2.0,1.0,1.0,B01
201800034822,2.0,7,0,0.0,2.0,7.0,15.0,A01
201800034823,2.0,7,0,0.0,2.0,3.0,14.0,A01
201800034823,1.0,33,0,0.0,2.0,3.0,1.0,B01
201800034824,0.0,7,0,0.0,1.0,7.0,16.0,A01
201800034825,0.0,7,0,0.0,2.0,7.0,1.0,B01
201800034825,0.0,7,0,0.0,2.0,1.0,1.0,A01
201800034826,2.0,7,0,0.0,2.0,8.0,10.0,A01
201800034826,2.0,32,0,0.0,2.0,1.0,1.0,B01
201800034827,1.0,7,0,0.0,1.0,1.0,0.0,A01
201800034828,0.0,33,0,0.0,2.0,1.0,1.0,B01
201800034828,0.0,1,0,0.0,2.0,7.0,19.0,A01
201800034829,0.0,1,0,0.0,2.0,1.0,19.0,B01
201800034829,0.0,7,0,0.0,2.0,8.0,1.0,A01
201800034830,0.0,2,0,0.0,2.0,8.0,1.0,A01
201800034830,0.0,33,0,0.0,2.0,2.0,12.0,B01
201800034831,0.0,30,0,0.0,2.0,1.0,5.0,A01
201800034831,0.0,7,0,0.0,2.0,8.0,15.0,B01
201800034832,0.0,7,0,0.0,1.0,0.0,1.0,A01
201800034833,0.0,7,0,0.0,2.0,8.0,1.0,B01
201800034833,0.0,33,0,0.0,2.0,7.0,17.0,A01
201800034834,0.0,7,0,0.0,2.0,1.0,24.0,B01
201800034834,0.0,7,0,6.0,2.0,4.0,20.0,A01
201800034835,2.0,2,0,0.0,2.0,7.0,17.0,B01
201800034835,2.0,7,0,0.0,2.0,8.0,15.0,A01
201800034836,0.0,7,0,0.0,2.0,8.0,24.0,A01
201800034836,0.0,1,0,1.0,0.0,2.0,22.0,B01
201800034837,1.0,7,0,0.0,2.0,6.0,1.0,C01
201800034837,1.0,33,0,0.0,2.0,4.0,11.0,B01
201800034837,1.0,7,0,0.0,2.0,2.0,2.0,A01
201800034838,0.0,31,0,0.0,0.0,1.0,0.0,A01
201800034839,2.0,7,0,0.0,2.0,3.0,1.0,C01
201800034839,2.0,7,0,0.0,2.0,8.0,1.0,B01
201800034839,1.0,37,1,0.0,2.0,3.0,13.0,A01
201800034840,0.0,30,0,0.0,2.0,0.0,21.0,A01
201800034841,0.0,33,0,0.0,2.0,1.0,21.0,A01
201800034841,0.0,7,0,0.0,2.0,1.0,23.0,B01
201800034841,0.0,7,0,0.0,2.0,0.0,9.0,Z01
201800034841,0.0,10,0,0.0,2.0,3.0,23.0,C01
201800034842,1.0,2,0,0.0,2.0,1.0,1.0,B01
201800034842,1.0,7,0,0.0,2.0,4.0,20.0,A01
201800034843,0.0,7,0,0.0,1.0,2.0,1.0,A01
201800034844,0.0,7,0,0.0,2.0,7.0,16.0,A01
201800034844,0.0,1,0,0.0,2.0,8.0,19.0,B01
201800034845,0.0,1,0,0.0,2.0,1.0,0.0,B01
201800034845,0.0,10,0,0.0,2.0,8.0,0.0,A01
201800034846,0.0,7,0,0.0,1.0,1.0,1.0,A01
201800034847,1.0,7,0,0.0,2.0,1.0,2.0,B01
201800034847,1.0,1,0,0.0,2.0,4.0,2.0,C01
201800034847,1.0,7,0,0.0,6.0,1.0,2.0,A01
201800034848,0.0,7,0,0.0,2.0,3.0,1.0,B01
201800034848,0.0,34,0,0.0,2.0,1.0,15.0,A01
201800034849,0.0,10,0,0.0,1.0,7.0,16.0,A01
201800034850,2.0,10,0,0.0,1.0,1.0,0.0,A01
201800034851,1.0,7,0,1.0,0.0,1.0,0.0,A01
201800034852,0.0,2,0,0.0,2.0,1.0,1.0,A01
201800034852,0.0,7,0,0.0,2.0,7.0,1.0,B01
201800034853,1.0,7,0,0.0,2.0,3.0,9.0,A01
201800034853,1.0,33,0,0.0,2.0,1.0,1.0,B01
201800034854,0.0,33,0,0.0,2.0,1.0,17.0,B01
201800034854,0.0,7,0,0.0,2.0,8.0,15.0,A01
201800034855,0.0,33,0,0.0,2.0,1.0,1.0,B01
201800034855,0.0,7,0,0.0,2.0,2.0,15.0,A01
201800034856,2.0,33,0,0.0,2.0,1.0,1.0,B01
201800034856,1.0,7,0,0.0,2.0,2.0,10.0,A01
201800034857,0.0,7,0,0.0,1.0,1.0,0.0,Z01
201800034858,0.0,10,0,0.0,1.0,1.0,1.0,Z01
201800034859,1.0,7,0,0.0,2.0,2.0,15.0,A01
201800034859,1.0,2,0,0.0,2.0,1.0,18.0,B01
201800034860,2.0,7,0,0.0,1.0,1.0,1.0,A01
201800034861,2.0,7,0,0.0,0.0,8.0,1.0,A01
201800034862,0.0,33,0,0.0,2.0,1.0,13.0,A01
201800034862,0.0,10,0,0.0,2.0,6.0,1.0,B01
201800034863,0.0,10,0,0.0,1.0,2.0,1.0,A01
201800034864,0.0,7,0,0.0,1.0,1.0,1.0,A01
201800034865,0.0,31,0,0.0,0.0,4.0,1.0,A01
201800034866,0.0,7,0,0.0,2.0,1.0,1.0,B01
201800034866,0.0,7,0,0.0,2.0,2.0,15.0,A01
201800034867,0.0,33,0,0.0,2.0,1.0,1.0,B01
201800034867,0.0,7,0,0.0,2.0,7.0,15.0,A01
201800034868,1.0,7,0,0.0,1.0,1.0,1.0,A01
201800034869,1.0,7,0,0.0,2.0,3.0,15.0,A01
201800034869,2.0,2,0,0.0,2.0,8.0,1.0,B01
201800034870,0.0,7,0,0.0,1.0,7.0,1.0,A01
201800034871,2.0,33,0,0.0,2.0,1.0,1.0,A01
201800034871,1.0,7,0,0.0,2.0,5.0,15.0,B01
201800034872,0.0,1,0,0.0,2.0,1.0,1.0,A01
201800034872,0.0,7,0,0.0,2.0,7.0,1.0,B01
201800034873,0.0,7,0,0.0,2.0,3.0,1.0,B01
201800034873,0.0,33,0,0.0,2.0,1.0,1.0,A01
201800034874,1.0,7,0,0.0,2.0,2.0,15.0,A01
201800034874,2.0,1,0,0.0,2.0,3.0,1.0,B01
201800034875,0.0,7,0,0.0,2.0,2.0,1.0,A01
201800034875,0.0,1,0,0.0,2.0,2.0,5.0,B01
201800034876,0.0,7,0,0.0,2.0,3.0,15.0,A01
201800034876,0.0,2,0,0.0,2.0,1.0,1.0,B01
201800034877,1.0,33,0,4.0,0.0,3.0,1.0,A01
201800034878,0.0,7,0,0.0,2.0,4.0,15.0,B01
201800034878,0.0,34,0,0.0,2.0,1.0,15.0,A01
201800034879,1.0,7,0,0.0,1.0,2.0,1.0,A01
201800034880,1.0,10,0,0.0,1.0,1.0,15.0,A01
201800034881,0.0,33,0,0.0,2.0,1.0,1.0,B01
201800034881,0.0,7,0,0.0,2.0,6.0,9.0,A01
201800034882,0.0,1,0,0.0,2.0,0.0,21.0,B01
201800034882,0.0,10,0,0.0,2.0,6.0,20.0,A01
201800034883,1.0,1,0,0.0,2.0,4.0,2.0,B01
201800034883,1.0,7,0,0.0,2.0,2.0,2.0,A01
201800034884,0.0,7,0,0.0,0.0,0.0,15.0,Z01
201800034884,0.0,33,0,12.0,0.0,2.0,21.0,B01
201800034885,1.0,7,0,0.0,2.0,0.0,13.0,A01
201800034885,2.0,7,0,0.0,2.0,0.0,1.0,C01
201800034885,2.0,7,0,0.0,2.0,3.0,1.0,B01
201800034886,0.0,7,0,0.0,2.0,6.0,10.0,A01
201800034886,0.0,2,0,0.0,2.0,1.0,1.0,B01
201800034887,1.0,33,0,0.0,2.0,1.0,1.0,B01
201800034887,0.0,7,0,0.0,2.0,6.0,15.0,A01
201800034888,0.0,2,0,12.0,0.0,0.0,21.0,A01
201800034889,0.0,7,0,0.0,2.0,1.0,2.0,A01
201800034889,0.0,1,0,0.0,2.0,4.0,2.0,B01
201800034890,2.0,2,0,0.0,2.0,1.0,1.0,B01
201800034890,2.0,7,0,0.0,2.0,6.0,15.0,A01
201800034891,0.0,1,0,0.0,1.0,2.0,1.0,A01
201800034892,2.0,7,0,0.0,2.0,4.0,2.0,C01
201800034892,2.0,7,0,0.0,2.0,1.0,2.0,A01
201800034892,2.0,7,0,0.0,2.0,4.0,2.0,B01
201800034893,0.0,7,0,0.0,1.0,3.0,15.0,A01
201800034894,,2,0,0.0,2.0,1.0,1.0,B01
201800034894,0.0,7,0,0.0,2.0,2.0,15.0,A01
201800034895,0.0,7,0,0.0,1.0,3.0,1.0,A01
201800034896,0.0,2,0,0.0,2.0,2.0,1.0,B01
201800034896,0.0,7,0,0.0,2.0,8.0,20.0,A01
201800034897,0.0,7,0,0.0,2.0,3.0,15.0,A01
201800034897,0.0,2,0,0.0,2.0,8.0,1.0,B01
201800034898,2.0,7,0,3.0,2.0,4.0,11.0,A01
201800034898,1.0,7,0,0.0,2.0,2.0,1.0,B01
201800034898,2.0,14,0,0.0,2.0,1.0,1.0,C01
201800034899,0.0,7,0,6.0,0.0,1.0,19.0,A01
201800034900,1.0,7,0,0.0,2.0,1.0,2.0,A01
201800034900,1.0,7,0,0.0,2.0,4.0,23.0,B01
201800034901,0.0,7,0,0.0,2.0,2.0,1.0,B01
201800034901,0.0,7,0,0.0,2.0,2.0,15.0,A01
201800034902,2.0,7,0,0.0,2.0,7.0,1.0,B01
201800034902,0.0,31,0,0.0,2.0,1.0,19.0,A01
201800034903,1.0,30,0,0.0,2.0,1.0,17.0,B01
201800034903,0.0,7,0,0.0,2.0,6.0,15.0,A01
201800034904,1.0,7,0,0.0,2.0,3.0,19.0,A01
201800034904,1.0,33,0,0.0,2.0,1.0,1.0,B01
201800034905,2.0,7,0,13.0,0.0,1.0,1.0,A01
201800034906,0.0,30,0,8.0,0.0,1.0,0.0,A01
201800034907,2.0,7,0,0.0,2.0,0.0,9.0,B01
201800034907,2.0,30,0,0.0,2.0,0.0,17.0,A01
201800034908,1.0,30,0,0.0,2.0,1.0,2.0,A01
201800034908,1.0,10,0,0.0,2.0,4.0,2.0,B01
201800034909,1.0,7,0,0.0,2.0,4.0,23.0,A01
201800034909,1.0,7,0,0.0,0.0,4.0,23.0,B01
201800034910,1.0,7,0,0.0,2.0,1.0,15.0,A01
201800034910,2.0,7,0,0.0,2.0,1.0,17.0,B01
201800034911,2.0,7,0,0.0,2.0,0.0,0.0,C01
201800034911,2.0,15,0,0.0,2.0,1.0,2.0,A01
201800034911,2.0,7,0,0.0,2.0,4.0,1.0,B01
201800034912,0.0,7,0,8.0,0.0,2.0,1.0,A01
201800034913,0.0,7,0,6.0,0.0,2.0,15.0,A01
201800034914,1.0,7,0,13.0,0.0,1.0,1.0,A01
201800034915,0.0,33,0,0.0,0.0,9.0,0.0,A01
201800034916,0.0,7,0,0.0,2.0,3.0,0.0,A01
201800034916,0.0,30,0,0.0,2.0,1.0,0.0,B01
201800034917,1.0,7,0,1.0,0.0,1.0,14.0,A01
201800034918,2.0,7,0,0.0,2.0,2.0,15.0,A01
201800034918,1.0,2,0,0.0,2.0,1.0,0.0,B01
201800034919,0.0,7,0,0.0,2.0,4.0,17.0,B01
201800034919,0.0,7,0,0.0,2.0,1.0,0.0,A01
201800034920,0.0,7,0,0.0,2.0,3.0,9.0,A01
201800034920,0.0,2,0,0.0,2.0,1.0,1.0,B01
201800034921,0.0,7,0,0.0,2.0,5.0,0.0,B01
201800034921,0.0,7,0,0.0,2.0,2.0,16.0,A01
201800034922,0.0,2,0,0.0,0.0,7.0,15.0,A01
201800034923,0.0,7,0,0.0,2.0,2.0,15.0,A01
201800034923,0.0,2,0,0.0,2.0,7.0,13.0,B01
201800034924,2.0,7,0,8.0,0.0,1.0,19.0,A01
201800034925,1.0,2,0,0.0,2.0,0.0,1.0,A01
201800034926,2.0,7,0,0.0,2.0,4.0,2.0,B01
201800034926,2.0,7,0,0.0,2.0,1.0,0.0,A01
201800034927,0.0,7,0,0.0,0.0,9.0,1.0,A01
201800034928,1.0,7,0,16.0,0.0,1.0,13.0,A01
201800034929,0.0,7,0,0.0,2.0,1.0,0.0,A01
201800034929,0.0,7,0,8.0,0.0,4.0,2.0,B01
201800034930,1.0,7,0,0.0,1.0,1.0,19.0,A01
201800034931,1.0,30,0,0.0,2.0,1.0,2.0,A01
201800034931,2.0,7,0,14.0,2.0,1.0,16.0,B01
201800034932,1.0,7,0,0.0,1.0,7.0,0.0,A01
201800034933,1.0,7,0,0.0,1.0,2.0,9.0,A01
201800034934,2.0,7,0,0.0,1.0,3.0,0.0,A01
201800034935,1.0,7,0,0.0,1.0,3.0,9.0,A01
201800034936,0.0,7,0,0.0,1.0,5.0,1.0,A01
201800034937,0.0,7,0,0.0,1.0,1.0,15.0,A01
201800034938,2.0,7,0,0.0,2.0,1.0,15.0,A01
201800034938,2.0,33,0,0.0,2.0,4.0,1.0,B01
201800034939,0.0,7,0,0.0,1.0,1.0,0.0,A01
201800034940,1.0,7,0,0.0,2.0,2.0,20.0,A01
201800034940,1.0,2,0,0.0,2.0,1.0,1.0,B01
201800034941,1.0,7,0,0.0,1.0,0.0,1.0,A01
201800034942,0.0,2,0,0.0,0.0,8.0,0.0,A01
201800034943,0.0,7,0,0.0,2.0,8.0,1.0,B01
201800034943,0.0,7,0,0.0,2.0,1.0,15.0,A01
201800034944,0.0,7,0,0.0,2.0,7.0,15.0,A01
201800034944,0.0,7,0,0.0,2.0,1.0,1.0,B01
201800034945,1.0,7,0,0.0,2.0,3.0,17.0,A01
201800034945,2.0,7,0,0.0,2.0,3.0,1.0,B01
201800034946,0.0,7,0,0.0,2.0,1.0,15.0,B01
201800034946,0.0,33,0,0.0,2.0,1.0,1.0,A01
201800034947,0.0,7,0,0.0,2.0,1.0,1.0,A01
201800034947,0.0,7,0,0.0,2.0,2.0,15.0,B01
201800034948,0.0,31,0,0.0,2.0,1.0,1.0,A01
201800034948,0.0,7,0,0.0,2.0,4.0,1.0,B01
201800034949,0.0,7,0,0.0,2.0,2.0,1.0,A01
201800034949,0.0,7,0,0.0,2.0,1.0,16.0,B01
201800034950,0.0,7,0,0.0,2.0,7.0,19.0,A01
201800034950,0.0,7,0,0.0,2.0,3.0,1.0,B01
201800034951,0.0,7,0,0.0,1.0,1.0,1.0,A01
201800034952,1.0,7,0,0.0,0.0,9.0,1.0,A01
201800034953,0.0,7,0,0.0,2.0,1.0,1.0,B01
201800034953,0.0,30,0,0.0,2.0,3.0,16.0,A01
201800034954,0.0,7,0,0.0,1.0,3.0,16.0,A01
201800034955,0.0,7,0,0.0,1.0,2.0,16.0,A01
201800034956,0.0,7,0,0.0,2.0,1.0,1.0,A01
201800034956,0.0,7,0,0.0,2.0,4.0,1.0,B01
201800034957,0.0,7,0,0.0,2.0,3.0,1.0,A01
201800034957,0.0,7,0,0.0,2.0,3.0,1.0,B01
201800034958,0.0,7,0,3.0,2.0,3.0,1.0,A01
201800034958,0.0,7,0,0.0,2.0,9.0,1.0,B01
201800034959,0.0,7,0,0.0,1.0,2.0,20.0,A01
201800034960,0.0,7,0,0.0,2.0,3.0,1.0,A01
201800034960,0.0,7,0,0.0,2.0,2.0,1.0,B01
201800034961,0.0,7,0,0.0,2.0,1.0,1.0,A01
201800034961,0.0,7,0,0.0,2.0,4.0,1.0,B01
201800034961,0.0,7,0,0.0,2.0,4.0,1.0,C01
201800034962,0.0,7,0,0.0,2.0,3.0,9.0,A01
201800034962,0.0,7,0,0.0,2.0,2.0,1.0,B01
201800034963,0.0,30,0,0.0,2.0,1.0,1.0,A01
201800034963,0.0,7,0,0.0,2.0,3.0,10.0,B01
201800034964,0.0,7,0,0.0,2.0,1.0,1.0,A01
201800034964,0.0,7,0,0.0,2.0,4.0,1.0,B01
201800034965,0.0,7,0,0.0,2.0,2.0,1.0,A01
201800034965,0.0,7,0,0.0,2.0,3.0,15.0,B01
201800034966,0.0,7,0,0.0,1.0,1.0,1.0,A01
201800034967,0.0,7,0,0.0,2.0,3.0,1.0,A01
201800034967,0.0,7,0,0.0,2.0,2.0,1.0,B01
201800034968,0.0,7,0,0.0,1.0,1.0,1.0,A01
201800034969,0.0,36,0,0.0,2.0,1.0,1.0,A01
201800034969,0.0,7,0,0.0,2.0,0.0,1.0,B01
201800034970,0.0,7,0,0.0,1.0,1.0,1.0,A01
201800034971,0.0,1,0,0.0,2.0,1.0,1.0,B01
201800034971,0.0,7,0,0.0,2.0,3.0,1.0,A01
201800034972,0.0,7,0,0.0,2.0,1.0,1.0,A01
201800034972,0.0,7,0,0.0,2.0,3.0,1.0,B01
201800034973,0.0,7,0,0.0,2.0,1.0,1.0,A01
201800034973,0.0,7,0,0.0,2.0,4.0,1.0,B01
201800034974,0.0,7,0,0.0,2.0,1.0,1.0,B01
201800034974,0.0,7,0,0.0,2.0,2.0,15.0,A01
201800034975,0.0,7,0,0.0,1.0,1.0,1.0,A01
201800034976,0.0,2,0,0.0,2.0,1.0,1.0,A01
201800034976,0.0,7,0,0.0,2.0,4.0,1.0,B01
201800034977,0.0,1,0,0.0,2.0,3.0,5.0,A01
201800034977,0.0,7,0,0.0,2.0,3.0,16.0,B01
201800034978,0.0,7,0,0.0,2.0,1.0,1.0,A01
201800034978,0.0,7,0,0.0,2.0,1.0,1.0,B01
201800034978,0.0,7,0,0.0,2.0,4.0,1.0,C01
201800034979,0.0,1,0,0.0,2.0,1.0,19.0,A01
201800034979,0.0,7,0,0.0,2.0,1.0,1.0,B01
201800034980,0.0,2,0,0.0,2.0,1.0,1.0,A01
201800034980,0.0,7,0,0.0,2.0,8.0,1.0,B01
201800034981,0.0,10,0,0.0,1.0,1.0,16.0,A01
201800034982,0.0,7,0,1.0,0.0,3.0,1.0,A01
201800034983,0.0,7,0,0.0,2.0,1.0,1.0,A01
201800034983,0.0,7,0,0.0,2.0,6.0,1.0,B01
201800034983,0.0,7,0,0.0,2.0,1.0,1.0,C01
201800034983,0.0,7,0,0.0,2.0,3.0,1.0,D01
201800034984,0.0,2,0,0.0,2.0,1.0,11.0,A01
201800034984,0.0,7,0,0.0,2.0,4.0,1.0,B01
201800034985,0.0,1,0,0.0,2.0,1.0,1.0,A01
201800034985,0.0,7,0,0.0,2.0,4.0,1.0,B01
201800034986,0.0,2,0,0.0,1.0,1.0,1.0,A01
201800034987,0.0,37,30,0.0,2.0,1.0,1.0,A01
201800034987,0.0,7,0,0.0,2.0,8.0,16.0,B01
201800034988,0.0,7,0,0.0,1.0,1.0,1.0,A01
201800034989,0.0,7,0,0.0,2.0,1.0,1.0,A01
201800034989,0.0,10,0,0.0,2.0,4.0,1.0,B01
201800034990,0.0,10,0,5.0,0.0,1.0,6.0,A01
201800034991,0.0,1,0,0.0,1.0,1.0,1.0,A01
201800034992,0.0,30,0,0.0,2.0,7.0,15.0,A01
201800034992,0.0,7,0,0.0,2.0,1.0,1.0,B01
201800034993,0.0,33,0,0.0,2.0,1.0,1.0,A01
201800034993,0.0,7,0,0.0,2.0,6.0,1.0,B01
201800034994,0.0,7,0,0.0,1.0,2.0,0.0,A01
201800034995,0.0,7,0,0.0,1.0,3.0,1.0,A01
201800034996,0.0,3,0,0.0,2.0,3.0,1.0,A01
201800034996,0.0,1,0,0.0,2.0,1.0,1.0,B01
201800034997,0.0,7,0,0.0,2.0,1.0,1.0,A01
201800034997,0.0,7,0,0.0,2.0,4.0,1.0,B01
201800034998,0.0,7,0,0.0,2.0,1.0,1.0,A01
201800034998,0.0,7,0,0.0,2.0,4.0,1.0,B01
201800034998,0.0,7,0,0.0,2.0,4.0,1.0,C01
201800034999,0.0,2,0,0.0,2.0,1.0,9.0,A01
201800034999,0.0,7,0,0.0,2.0,2.0,1.0,B01
201800035000,0.0,7,0,0.0,1.0,1.0,1.0,A01
201800035001,1.0,7,0,0.0,2.0,1.0,1.0,A01
201800035001,1.0,7,0,0.0,2.0,4.0,1.0,B01
201800035002,0.0,7,0,0.0,2.0,8.0,22.0,A01
201800035002,0.0,1,0,1.0,0.0,1.0,1.0,B01
201800035003,1.0,7,0,0.0,2.0,1.0,1.0,A01
201800035003,1.0,7,0,0.0,2.0,4.0,1.0,B01
201800035003,1.0,7,0,0.0,2.0,4.0,1.0,C01
201800035004,0.0,7,0,0.0,1.0,2.0,1.0,A01
201800035005,0.0,7,0,0.0,0.0,1.0,13.0,A01
201800035006,0.0,7,0,0.0,1.0,1.0,15.0,A01
201800035007,0.0,7,0,1.0,0.0,1.0,1.0,A01
201800035008,0.0,2,0,0.0,2.0,0.0,13.0,A01
201800035008,0.0,2,0,0.0,2.0,1.0,1.0,B01
201800035009,0.0,7,0,0.0,2.0,7.0,1.0,A01
201800035009,0.0,7,0,0.0,2.0,1.0,1.0,B01
201800035010,0.0,2,0,0.0,2.0,1.0,1.0,A01
201800035010,0.0,7,0,0.0,2.0,8.0,20.0,B01
201800035011,0.0,7,0,0.0,1.0,4.0,20.0,A01
201800035012,0.0,7,0,0.0,2.0,1.0,16.0,B01
201800035012,0.0,7,0,0.0,2.0,2.0,16.0,A01
201800035013,0.0,3,0,0.0,1.0,1.0,1.0,A01
201800035014,0.0,1,0,0.0,2.0,1.0,13.0,A01
201800035014,0.0,7,0,0.0,2.0,1.0,1.0,B01
201800035015,0.0,2,0,6.0,0.0,1.0,1.0,A01
201800035016,1.0,7,0,0.0,2.0,2.0,15.0,B01
201800035016,0.0,7,0,0.0,2.0,1.0,1.0,A01
201800035017,0.0,7,0,0.0,2.0,1.0,1.0,A01
201800035017,0.0,7,0,0.0,2.0,4.0,1.0,B01
201800035018,0.0,7,0,0.0,2.0,7.0,17.0,A01
201800035018,0.0,7,0,0.0,2.0,8.0,1.0,B01
201800035019,0.0,7,0,0.0,2.0,1.0,1.0,B01
201800035019,0.0,7,0,0.0,2.0,1.0,13.0,A01
201800035020,0.0,1,0,0.0,2.0,1.0,1.0,A01
201800035020,0.0,7,0,0.0,2.0,4.0,1.0,B01
201800035021,0.0,7,0,0.0,2.0,8.0,11.0,A01
201800035021,0.0,2,0,0.0,2.0,1.0,1.0,B01
201800035022,0.0,2,0,0.0,2.0,3.0,1.0,A01
201800035022,0.0,7,0,0.0,2.0,2.0,15.0,B01
201800035023,0.0,7,0,5.0,0.0,1.0,1.0,A01
201800035024,0.0,33,0,0.0,2.0,1.0,1.0,A01
201800035024,0.0,7,0,0.0,2.0,6.0,15.0,B01
201800035025,0.0,7,0,0.0,2.0,1.0,15.0,A01
201800035025,0.0,33,0,0.0,2.0,2.0,1.0,B01
201800035026,0.0,7,0,1.0,0.0,1.0,1.0,A01
201800035027,0.0,30,0,0.0,2.0,1.0,1.0,A01
201800035027,0.0,7,0,0.0,2.0,4.0,1.0,B01
201800035028,0.0,7,0,0.0,2.0,1.0,1.0,A01
201800035028,0.0,7,0,0.0,2.0,4.0,1.0,B01
201800035029,0.0,7,0,0.0,1.0,1.0,15.0,A01
201800035030,0.0,10,0,0.0,1.0,1.0,1.0,A01
201800035031,0.0,7,0,0.0,1.0,1.0,1.0,A01
201800035032,0.0,7,0,0.0,2.0,1.0,0.0,A01
201800035032,0.0,10,0,0.0,2.0,4.0,1.0,B01
201800035033,0.0,7,0,0.0,1.0,1.0,16.0,A01
201800035034,0.0,7,0,0.0,2.0,2.0,15.0,A01
201800035034,0.0,33,0,0.0,2.0,1.0,1.0,B01
201800035035,0.0,34,0,0.0,2.0,1.0,1.0,A01
201800035035,0.0,7,0,0.0,2.0,4.0,1.0,B01
201800035036,0.0,7,0,0.0,1.0,1.0,16.0,A01
201800035037,0.0,30,0,0.0,1.0,1.0,1.0,A01
201800035038,0.0,30,0,0.0,2.0,1.0,1.0,A01
201800035038,0.0,10,0,0.0,2.0,2.0,1.0,B01
201800035039,0.0,30,0,0.0,0.0,1.0,16.0,A01
201800035040,0.0,7,0,0.0,6.0,2.0,1.0,A01
201800035040,0.0,1,0,0.0,2.0,0.0,0.0,B01
201800035041,0.0,31,0,0.0,2.0,7.0,15.0,A01
201800035041,0.0,34,0,0.0,2.0,1.0,1.0,Z01
201800035042,1.0,7,0,0.0,2.0,4.0,2.0,A01
201800035042,1.0,7,0,0.0,2.0,1.0,2.0,B01
201800035042,1.0,7,0,0.0,2.0,1.0,2.0,C01
201800035043,0.0,2,0,0.0,2.0,1.0,19.0,A01
201800035043,0.0,7,0,0.0,2.0,8.0,1.0,B01
201800035044,0.0,7,0,0.0,2.0,1.0,1.0,B01
201800035044,0.0,1,0,0.0,2.0,1.0,16.0,A01
201800035045,0.0,1,0,0.0,2.0,8.0,19.0,A01
201800035045,0.0,7,0,0.0,2.0,1.0,1.0,B01
201800035046,2.0,33,0,0.0,2.0,1.0,1.0,A01
201800035046,2.0,7,0,0.0,2.0,8.0,10.0,B01
201800035047,0.0,2,0,1.0,0.0,1.0,1.0,A01
201800035048,2.0,7,0,9.0,2.0,1.0,1.0,A01
201800035048,2.0,7,0,0.0,2.0,1.0,1.0,B01
201800035049,0.0,7,0,0.0,1.0,1.0,1.0,A01
201800035050,0.0,7,0,0.0,1.0,3.0,1.0,B01
201800035051,0.0,7,0,0.0,2.0,1.0,1.0,A01
201800035051,0.0,7,0,0.0,2.0,4.0,1.0,B01
201800035052,0.0,7,0,0.0,2.0,8.0,1.0,A01
201800035052,0.0,2,0,0.0,2.0,2.0,1.0,B01