Num_Acc,senc,catv,occutc,obs,obsm,choc,manv,num_veh
201800035053,0.0,7,0,0.0,1.0,1.0,1.0,A01
201800035054,0.0,1,0,0.0,1.0,1.0,1.0,A01
201800035055,0.0,33,0,0.0,1.0,1.0,17.0,A01
201800035056,0.0,7,0,16.0,0.0,1.0,1.0,A01
201800035057,0.0,1,0,0.0,2.0,3.0,1.0,B01
201800035057,0.0,1,0,0.0,2.0,3.0,1.0,C01
201800035057,0.0,7,0,0.0,2.0,1.0,16.0,A01
201800035058,0.0,1,0,0.0,2.0,3.0,15.0,A01
201800035058,0.0,7,0,0.0,2.0,3.0,1.0,B01
201800035059,0.0,2,0,0.0,2.0,1.0,1.0,A01
201800035059,0.0,1,0,0.0,2.0,1.0,1.0,B01
201800035060,0.0,7,0,16.0,0.0,1.0,16.0,A01
201800035061,0.0,7,0,0.0,2.0,1.0,1.0,A01
201800035061,0.0,7,0,0.0,2.0,1.0,1.0,B01
201800035062,2.0,7,0,0.0,1.0,3.0,1.0,A01
201800035063,0.0,7,0,0.0,2.0,2.0,15.0,A01
201800035063,0.0,1,0,0.0,2.0,1.0,1.0,B01
201800035064,0.0,7,0,0.0,1.0,1.0,1.0,A01
201800035065,0.0,7,0,0.0,2.0,5.0,1.0,B01
201800035065,0.0,7,0,0.0,2.0,3.0,11.0,A01
201800035066,0.0,7,0,0.0,1.0,3.0,1.0,A01
201800035067,0.0,7,0,0.0,2.0,8.0,15.0,A01
201800035067,0.0,14,0,0.0,2.0,1.0,17.0,B01
201800035068,0.0,33,0,8.0,0.0,1.0,1.0,A01
201800035069,0.0,7,0,0.0,2.0,2.0,15.0,A01
201800035069,0.0,7,0,0.0,2.0,1.0,1.0,B01
201800035070,0.0,33,0,0.0,2.0,1.0,5.0,A01
201800035070,0.0,7,0,0.0,2.0,8.0,15.0,B01
201800035071,0.0,7,0,0.0,2.0,1.0,1.0,B01
201800035071,0.0,7,0,0.0,2.0,2.0,15.0,A01
201800035072,0.0,30,0,0.0,2.0,1.0,1.0,A01
201800035072,0.0,1,0,0.0,2.0,4.0,15.0,B01
201800035073,0.0,31,0,0.0,2.0,1.0,5.0,A01
201800035073,0.0,7,0,0.0,2.0,3.0,15.0,B01
201800035074,0.0,7,0,0.0,1.0,1.0,1.0,A01
201800035075,0.0,2,0,0.0,1.0,1.0,0.0,A01
201800035076,0.0,7,0,0.0,2.0,2.0,1.0,A01
201800035076,0.0,7,0,0.0,2.0,3.0,15.0,B01
201800035077,0.0,7,0,0.0,2.0,1.0,1.0,A01
201800035077,0.0,7,0,0.0,2.0,4.0,2.0,B01
201800035077,0.0,7,0,0.0,2.0,4.0,2.0,C01
201800035078,0.0,7,0,15.0,0.0,1.0,1.0,A01
201800035079,0.0,7,0,0.0,2.0,4.0,15.0,A01
201800035079,0.0,7,0,0.0,2.0,2.0,1.0,B01
201800035080,0.0,7,0,0.0,2.0,3.0,9.0,A01
201800035080,0.0,1,0,0.0,2.0,4.0,1.0,B01
201800035081,0.0,7,0,0.0,2.0,1.0,1.0,A01
201800035081,0.0,7,0,0.0,2.0,4.0,1.0,B01
201800035082,0.0,7,0,0.0,2.0,1.0,1.0,A01
201800035082,0.0,7,0,0.0,2.0,1.0,1.0,B01
201800035083,0.0,33,0,14.0,0.0,1.0,0.0,A01
201800035084,0.0,7,0,0.0,2.0,2.0,15.0,A01
201800035084,0.0,33,0,0.0,2.0,8.0,1.0,B01
201800035085,2.0,7,0,4.0,2.0,1.0,1.0,A01
201800035085,2.0,7,0,0.0,2.0,3.0,1.0,B01
201800035086,0.0,7,0,6.0,0.0,1.0,1.0,A01
201800035087,0.0,7,0,0.0,1.0,1.0,1.0,A01
201800035088,0.0,7,0,0.0,2.0,3.0,22.0,A01
201800035088,0.0,1,0,0.0,2.0,1.0,1.0,B01
201800035089,0.0,2,0,1.0,2.0,1.0,5.0,A01
201800035089,0.0,7,0,0.0,2.0,1.0,1.0,B01
201800035090,2.0,7,0,0.0,2.0,8.0,1.0,A01
201800035090,2.0,7,0,0.0,2.0,3.0,23.0,C01
201800035090,0.0,10,0,0.0,2.0,2.0,15.0,B01
201800035091,0.0,7,0,0.0,1.0,1.0,1.0,A01
201800035092,0.0,2,0,16.0,0.0,0.0,1.0,A01
201800035093,0.0,7,0,0.0,6.0,2.0,1.0,B01
201800035093,0.0,99,0,0.0,2.0,1.0,5.0,A01
201800035094,0.0,7,0,0.0,2.0,3.0,10.0,A01
201800035094,0.0,2,0,0.0,2.0,1.0,1.0,B01
201800035095,0.0,34,0,0.0,2.0,1.0,2.0,A01
201800035095,0.0,7,0,0.0,2.0,4.0,1.0,B01
201800035096,0.0,31,0,12.0,0.0,1.0,1.0,A01
201800035097,0.0,7,0,1.0,0.0,1.0,1.0,A01
201800035098,1.0,2,0,1.0,0.0,1.0,1.0,A01
201800035099,1.0,7,0,1.0,0.0,3.0,1.0,A01
201800035100,1.0,7,0,0.0,1.0,6.0,1.0,A01
201800035101,0.0,7,0,0.0,2.0,2.0,15.0,A01
201800035101,1.0,7,0,0.0,2.0,8.0,1.0,B01
201800035102,1.0,7,0,0.0,1.0,2.0,15.0,A01
201800035103,0.0,7,0,0.0,2.0,1.0,1.0,A01
201800035103,0.0,7,0,0.0,2.0,4.0,1.0,B01
201800035104,0.0,1,0,0.0,2.0,1.0,19.0,A01
201800035104,0.0,7,0,0.0,2.0,3.0,16.0,B01
201800035105,0.0,7,0,0.0,2.0,5.0,15.0,A01
201800035105,0.0,33,0,0.0,2.0,1.0,1.0,B01
201800035106,0.0,7,0,0.0,2.0,2.0,9.0,A01
201800035106,0.0,33,0,0.0,2.0,8.0,1.0,B01
201800035107,0.0,7,0,0.0,1.0,1.0,1.0,A01
201800035108,0.0,7,0,0.0,2.0,2.0,1.0,A01
201800035108,0.0,7,0,0.0,2.0,3.0,1.0,B01
201800035109,0.0,7,0,0.0,2.0,8.0,10.0,A01
201800035109,0.0,33,0,0.0,2.0,1.0,1.0,B01
201800035110,0.0,10,0,0.0,2.0,1.0,20.0,A01
201800035110,0.0,7,0,0.0,2.0,2.0,1.0,B01
201800035111,0.0,10,0,0.0,2.0,1.0,1.0,A01
201800035111,0.0,7,0,0.0,2.0,4.0,15.0,B01
201800035112,0.0,1,0,0.0,2.0,1.0,1.0,A01
201800035112,0.0,7,0,0.0,2.0,8.0,1.0,B01
201800035112,0.0,7,0,0.0,2.0,3.0,1.0,C01
201800035113,0.0,7,0,0.0,1.0,0.0,1.0,A01
201800035114,0.0,7,0,0.0,1.0,0.0,1.0,A01
201800035115,0.0,7,0,0.0,2.0,1.0,15.0,A01
201800035115,1.0,33,0,0.0,2.0,1.0,1.0,B01
201800035116,2.0,7,0,0.0,2.0,3.0,1.0,B01
201800035116,0.0,7,0,0.0,2.0,2.0,1.0,A01
201800035117,1.0,7,0,0.0,2.0,1.0,1.0,A01
201800035117,1.0,7,0,0.0,2.0,4.0,1.0,B01
201800035118,0.0,7,0,0.0,2.0,8.0,1.0,A01
201800035118,0.0,1,0,0.0,2.0,1.0,0.0,B01
201800035119,0.0,7,0,0.0,2.0,2.0,15.0,A01
201800035119,0.0,33,0,0.0,2.0,1.0,1.0,B01
201800035120,0.0,7,0,0.0,1.0,1.0,1.0,A01
201800035121,0.0,7,0,0.0,2.0,2.0,1.0,A01
201800035121,0.0,7,0,0.0,2.0,3.0,1.0,B01
201800035122,0.0,7,0,1.0,1.0,1.0,1.0,A01
201800035123,0.0,7,0,0.0,1.0,8.0,1.0,A01
201800035124,0.0,7,0,9.0,0.0,1.0,1.0,A01
201800035125,2.0,7,0,0.0,2.0,1.0,1.0,A01
201800035125,1.0,7,0,0.0,2.0,1.0,1.0,B01
201800035126,0.0,1,0,0.0,2.0,0.0,1.0,B01
201800035126,0.0,7,0,0.0,2.0,3.0,1.0,A01
201800035127,0.0,2,0,0.0,2.0,3.0,9.0,A01
201800035127,0.0,2,0,0.0,2.0,2.0,1.0,B01
201800035128,0.0,7,0,0.0,2.0,3.0,20.0,A01
201800035128,0.0,32,0,0.0,2.0,1.0,1.0,B01
201800035129,0.0,7,0,0.0,2.0,0.0,22.0,A01
201800035129,0.0,1,0,0.0,2.0,0.0,1.0,B01
201800035130,0.0,7,0,0.0,2.0,3.0,1.0,A01
201800035130,0.0,7,0,0.0,2.0,2.0,1.0,B01
201800035131,1.0,7,0,6.0,0.0,1.0,1.0,A01
201800035132,0.0,7,0,0.0,1.0,2.0,16.0,A01
201800035133,0.0,7,0,0.0,1.0,2.0,1.0,A01
201800035134,1.0,7,0,0.0,2.0,1.0,1.0,A01
201800035134,1.0,7,0,0.0,2.0,1.0,1.0,B01
201800035134,1.0,7,0,0.0,2.0,4.0,1.0,C01
201800035135,0.0,7,0,0.0,1.0,2.0,1.0,A01
201800035136,0.0,7,0,0.0,1.0,1.0,1.0,A01
201800035137,0.0,7,0,0.0,2.0,1.0,1.0,A01
201800035137,0.0,7,0,0.0,2.0,5.0,1.0,B01
201800035137,0.0,7,0,0.0,2.0,4.0,1.0,C01
201800035138,0.0,33,0,0.0,2.0,1.0,1.0,A01
201800035138,0.0,7,0,0.0,2.0,4.0,24.0,B01
201800035139,1.0,7,0,0.0,2.0,4.0,1.0,B01
201800035139,1.0,7,0,0.0,2.0,1.0,1.0,A01
201800035140,2.0,1,0,0.0,2.0,4.0,1.0,A01
201800035140,2.0,7,0,0.0,2.0,2.0,1.0,B01
201800035141,0.0,33,0,0.0,2.0,1.0,1.0,B01
201800035141,0.0,7,0,0.0,2.0,2.0,1.0,A01
201800035142,0.0,7,0,0.0,2.0,1.0,15.0,A01
201800035142,0.0,2,0,0.0,2.0,0.0,1.0,B01
201800035143,0.0,1,0,0.0,2.0,0.0,1.0,A01
201800035143,0.0,7,0,0.0,2.0,5.0,1.0,B01
201800035144,2.0,7,0,0.0,1.0,1.0,1.0,A01
201800035145,0.0,7,0,0.0,1.0,0.0,1.0,A01
201800035146,0.0,7,0,0.0,2.0,1.0,15.0,A01
201800035146,0.0,33,0,0.0,2.0,1.0,1.0,B01
201800035147,0.0,1,0,0.0,2.0,0.0,0.0,A01
201800035147,0.0,7,0,0.0,2.0,0.0,0.0,B01
201800035148,0.0,1,0,0.0,2.0,1.0,1.0,A01
201800035148,0.0,7,0,0.0,2.0,5.0,15.0,B01
201800035149,0.0,33,0,0.0,2.0,8.0,1.0,A01
201800035149,0.0,1,0,0.0,2.0,0.0,1.0,B01
201800035150,0.0,7,0,0.0,1.0,1.0,1.0,A01
201800035151,0.0,7,0,0.0,1.0,0.0,20.0,A01
201800035152,0.0,7,0,0.0,2.0,3.0,9.0,A01
201800035152,0.0,31,0,0.0,2.0,7.0,0.0,B01
201800035153,0.0,7,0,0.0,2.0,1.0,15.0,A01
201800035153,0.0,2,0,0.0,2.0,0.0,1.0,B01
201800035154,0.0,7,0,0.0,2.0,1.0,15.0,B01
201800035154,0.0,1,0,0.0,2.0,1.0,15.0,A01
201800035155,0.0,7,0,0.0,1.0,0.0,1.0,A01
201800035156,0.0,7,0,0.0,2.0,1.0,1.0,A01
201800035156,0.0,7,0,0.0,2.0,1.0,1.0,C01
201800035156,0.0,2,0,0.0,2.0,2.0,1.0,B01
201800035157,0.0,7,0,0.0,2.0,8.0,9.0,A01
201800035157,0.0,7,0,0.0,2.0,9.0,1.0,B01
201800035158,0.0,7,0,0.0,1.0,7.0,16.0,A01
201800035159,0.0,1,0,0.0,2.0,1.0,1.0,B01
201800035159,0.0,7,0,0.0,2.0,2.0,16.0,A01
201800035160,0.0,2,0,0.0,2.0,1.0,1.0,A01
201800035160,0.0,7,0,0.0,2.0,3.0,1.0,B01
201800035161,1.0,7,0,0.0,2.0,3.0,13.0,A01
201800035161,2.0,7,0,0.0,2.0,3.0,1.0,B01
201800035162,0.0,33,0,0.0,2.0,1.0,1.0,A01
201800035162,0.0,7,0,0.0,2.0,4.0,1.0,B01
201800035163,0.0,7,0,0.0,2.0,8.0,24.0,A01
201800035163,0.0,1,0,0.0,2.0,1.0,1.0,B01
201800035164,0.0,1,0,0.0,2.0,6.0,19.0,B01
201800035164,0.0,7,0,0.0,2.0,0.0,16.0,A01
201800035165,0.0,7,0,15.0,0.0,3.0,1.0,A01
201800035166,0.0,7,0,0.0,2.0,3.0,9.0,A01
201800035166,0.0,2,0,0.0,2.0,1.0,1.0,B01
201800035167,0.0,7,0,0.0,2.0,2.0,1.0,A01
201800035167,0.0,2,0,0.0,2.0,3.0,15.0,B01
201800035168,0.0,30,0,0.0,2.0,1.0,17.0,A01
201800035168,0.0,7,0,0.0,2.0,8.0,1.0,B01
201800035169,0.0,2,0,0.0,1.0,1.0,1.0,A01
201800035170,1.0,7,0,0.0,1.0,7.0,1.0,A01
201800035171,1.0,7,0,0.0,1.0,2.0,1.0,A01
201800035172,0.0,7,0,0.0,2.0,1.0,1.0,A01
201800035172,0.0,7,0,0.0,2.0,3.0,1.0,B01
201800035172,0.0,1,0,0.0,2.0,0.0,19.0,C01
201800035173,1.0,7,0,0.0,1.0,1.0,1.0,A01
201800035174,0.0,7,0,0.0,2.0,1.0,1.0,A01
201800035174,0.0,7,0,0.0,2.0,1.0,23.0,B01
201800035174,0.0,7,0,0.0,2.0,4.0,1.0,C01
201800035175,0.0,7,0,0.0,2.0,1.0,1.0,A01
201800035175,0.0,7,0,0.0,2.0,1.0,1.0,B01
201800035175,0.0,7,0,0.0,2.0,4.0,1.0,C01
201800035176,0.0,7,0,0.0,2.0,0.0,16.0,A01
201800035176,0.0,1,0,0.0,2.0,0.0,1.0,B01
201800035177,0.0,7,0,0.0,2.0,3.0,11.0,A01
201800035177,0.0,2,0,1.0,2.0,1.0,1.0,B01
201800035178,0.0,7,0,0.0,2.0,1.0,1.0,A01
201800035178,0.0,7,0,0.0,2.0,4.0,1.0,B01
201800035179,0.0,7,0,0.0,1.0,1.0,1.0,A01
201800035180,0.0,7,0,0.0,2.0,1.0,15.0,A01
201800035180,0.0,7,0,0.0,2.0,0.0,1.0,B01
201800035181,0.0,2,0,0.0,2.0,1.0,1.0,B01
201800035181,0.0,7,0,0.0,2.0,1.0,1.0,A01
201800035182,0.0,35,0,0.0,2.0,0.0,1.0,A01
201800035182,0.0,7,0,0.0,2.0,6.0,15.0,B01
201800035183,0.0,7,0,0.0,1.0,1.0,1.0,A01
201800035184,1.0,7,0,0.0,2.0,1.0,1.0,A01
201800035184,1.0,7,0,0.0,2.0,4.0,1.0,B01
201800035185,0.0,7,0,0.0,2.0,7.0,1.0,B01
201800035185,0.0,1,0,0.0,2.0,3.0,1.0,A01
201800035186,0.0,7,0,0.0,2.0,2.0,10.0,A01
201800035186,0.0,7,0,0.0,2.0,1.0,1.0,B01
201800035187,1.0,7,0,2.0,0.0,1.0,1.0,A01
201800035188,0.0,7,0,0.0,1.0,1.0,1.0,A01
201800035189,0.0,2,0,0.0,2.0,1.0,17.0,A01
201800035189,0.0,7,0,0.0,2.0,8.0,20.0,B01
201800035190,0.0,10,0,0.0,1.0,7.0,1.0,A01
201800035191,0.0,7,0,0.0,1.0,1.0,1.0,A01
201800035192,0.0,7,0,0.0,2.0,1.0,1.0,A01
201800035192,0.0,7,0,0.0,2.0,4.0,1.0,B01
201800035192,0.0,7,0,0.0,2.0,5.0,1.0,C01
201800035193,0.0,7,0,0.0,2.0,6.0,16.0,A01
201800035193,0.0,31,0,0.0,2.0,1.0,1.0,B01
201800035194,0.0,7,0,0.0,2.0,3.0,15.0,A01
201800035194,0.0,7,0,0.0,2.0,1.0,1.0,B01
201800035195,0.0,7,0,4.0,0.0,1.0,1.0,A01
201800035196,1.0,7,0,0.0,2.0,3.0,13.0,A01
201800035196,1.0,31,0,0.0,2.0,1.0,21.0,B01
201800035197,1.0,7,0,0.0,1.0,1.0,1.0,A01
201800035198,1.0,7,0,0.0,2.0,1.0,17.0,A01
201800035198,1.0,7,0,0.0,2.0,8.0,15.0,B01
201800035199,0.0,7,0,0.0,2.0,1.0,2.0,A01
201800035199,0.0,33,0,0.0,2.0,0.0,0.0,B01
201800035200,1.0,33,0,0.0,2.0,1.0,1.0,B01
201800035200,1.0,7,0,0.0,2.0,3.0,15.0,A01
201800035201,0.0,36,0,6.0,0.0,3.0,0.0,A01
201800035202,1.0,7,0,0.0,1.0,3.0,13.0,A01
201800035203,1.0,7,0,0.0,0.0,1.0,13.0,A01
201800035204,0.0,7,0,0.0,1.0,3.0,1.0,A01
201800035205,1.0,7,0,0.0,2.0,3.0,15.0,B01
201800035205,1.0,33,0,0.0,2.0,1.0,17.0,A01
201800035206,1.0,1,0,0.0,0.0,1.0,13.0,A01
201800035207,1.0,1,0,0.0,2.0,0.0,0.0,B01
201800035207,1.0,7,0,0.0,2.0,1.0,0.0,A01
201800035208,0.0,30,0,0.0,0.0,0.0,0.0,A01
201800035209,1.0,10,0,0.0,,4.0,0.0,A01
201800035209,1.0,33,0,0.0,2.0,1.0,0.0,B01
201800035210,1.0,1,0,0.0,2.0,1.0,19.0,A01
201800035210,1.0,7,0,0.0,2.0,3.0,1.0,B01
201800035211,1.0,33,0,0.0,2.0,2.0,17.0,B01
201800035211,1.0,7,0,0.0,2.0,3.0,15.0,A01
201800035212,1.0,7,0,0.0,1.0,2.0,1.0,A01
201800035213,1.0,7,0,2.0,0.0,3.0,13.0,A01
201800035214,2.0,7,0,0.0,1.0,2.0,13.0,A01
201800035214,2.0,7,0,0.0,2.0,5.0,1.0,C01
201800035214,2.0,17,0,1.0,0.0,6.0,0.0,D01
201800035215,1.0,10,0,0.0,1.0,1.0,1.0,A01
201800035216,0.0,2,0,0.0,2.0,1.0,1.0,B01
201800035216,0.0,10,0,0.0,2.0,3.0,0.0,A01
201800035217,2.0,7,0,0.0,0.0,9.0,13.0,A01
201800035218,2.0,7,0,6.0,0.0,2.0,13.0,A01
201800035219,1.0,7,0,0.0,2.0,1.0,1.0,B01
201800035219,1.0,7,0,0.0,2.0,3.0,19.0,A01
201800035220,0.0,7,0,2.0,0.0,1.0,13.0,A01
201800035221,2.0,7,0,13.0,0.0,1.0,13.0,A01
201800035222,0.0,2,0,0.0,2.0,7.0,1.0,B01
201800035222,0.0,10,0,0.0,2.0,1.0,9.0,A01
201800035223,0.0,7,0,0.0,1.0,2.0,1.0,A01
201800035224,2.0,7,0,0.0,0.0,2.0,1.0,A01
201800035224,1.0,7,0,0.0,2.0,1.0,9.0,B01
201800035225,1.0,31,0,0.0,2.0,1.0,21.0,B01
201800035225,2.0,7,0,0.0,2.0,7.0,1.0,C01
201800035225,2.0,7,0,0.0,2.0,5.0,15.0,A01
201800035226,2.0,7,0,0.0,1.0,2.0,1.0,A01
201800035227,1.0,7,0,0.0,2.0,1.0,2.0,A01
201800035227,1.0,7,0,0.0,0.0,4.0,0.0,C01
201800035227,1.0,7,0,0.0,2.0,1.0,2.0,B01
201800035228,1.0,7,0,0.0,0.0,2.0,14.0,A01
201800035229,2.0,7,0,6.0,0.0,2.0,13.0,A01
201800035230,0.0,7,0,0.0,0.0,1.0,0.0,A01
201800035231,0.0,7,0,2.0,0.0,2.0,14.0,A01
201800035232,1.0,7,0,2.0,0.0,1.0,14.0,A01
201800035233,2.0,7,0,0.0,2.0,1.0,19.0,A01
201800035233,1.0,7,0,0.0,2.0,8.0,1.0,B01
201800035234,2.0,7,0,0.0,2.0,3.0,2.0,A01
201800035234,2.0,7,0,2.0,2.0,2.0,17.0,B01
201800035235,1.0,36,0,6.0,0.0,1.0,15.0,A01
201800035236,0.0,33,0,0.0,0.0,0.0,0.0,A01
201800035237,2.0,7,0,9.0,0.0,1.0,0.0,A01
201800035238,0.0,33,0,0.0,0.0,7.0,0.0,A01
201800035239,1.0,7,0,0.0,1.0,1.0,1.0,A01
201800035240,0.0,7,0,0.0,2.0,1.0,2.0,A01
201800035240,0.0,7,0,0.0,2.0,4.0,2.0,B01
201800035241,1.0,7,0,0.0,2.0,1.0,1.0,A01
201800035241,1.0,7,0,0.0,2.0,1.0,15.0,B01
201800035242,1.0,7,0,0.0,1.0,1.0,1.0,A01
201800035243,1.0,7,0,0.0,2.0,3.0,9.0,A01
201800035243,1.0,33,0,0.0,2.0,5.0,1.0,B01
201800035244,2.0,33,0,0.0,6.0,1.0,1.0,A01
201800035245,2.0,7,0,2.0,0.0,1.0,13.0,A01
201800035246,2.0,7,0,0.0,2.0,3.0,9.0,A01
201800035246,2.0,1,0,0.0,2.0,5.0,2.0,B01
201800035247,1.0,7,0,6.0,0.0,8.0,13.0,A01
201800035248,2.0,13,0,6.0,0.0,8.0,13.0,A01
201800035249,1.0,30,0,0.0,2.0,1.0,1.0,B01
201800035249,1.0,7,0,0.0,2.0,3.0,19.0,A01
201800035250,2.0,7,0,16.0,0.0,8.0,1.0,A01
201800035251,2.0,7,0,0.0,2.0,1.0,15.0,A01
201800035251,1.0,30,0,0.0,2.0,8.0,1.0,B01
201800035252,2.0,2,0,0.0,0.0,0.0,16.0,A01
201800035253,1.0,7,0,16.0,2.0,3.0,9.0,A01
201800035253,1.0,7,0,0.0,2.0,2.0,1.0,B01
201800035254,0.0,7,0,0.0,2.0,8.0,1.0,B01
201800035254,0.0,7,0,0.0,2.0,3.0,1.0,A01
201800035255,1.0,33,0,1.0,0.0,1.0,14.0,A01
201800035256,1.0,7,0,0.0,2.0,1.0,1.0,A01
201800035256,1.0,7,0,0.0,2.0,4.0,23.0,B01
201800035257,2.0,34,0,0.0,2.0,1.0,13.0,A01
201800035257,1.0,7,0,0.0,2.0,1.0,1.0,B01
201800035258,2.0,7,0,0.0,1.0,2.0,1.0,A01
201800035259,2.0,7,0,13.0,0.0,7.0,14.0,A01
201800035260,2.0,30,0,14.0,0.0,1.0,1.0,A01
201800035261,1.0,10,0,11.0,0.0,3.0,13.0,A01
201800035262,1.0,7,0,0.0,1.0,2.0,1.0,A01
201800035263,1.0,7,0,15.0,0.0,1.0,21.0,A01
201800035264,2.0,7,0,0.0,1.0,1.0,1.0,A01
201800035265,2.0,7,0,0.0,1.0,2.0,9.0,A01
201800035266,2.0,7,0,0.0,2.0,1.0,13.0,A01
201800035266,1.0,7,0,0.0,2.0,1.0,1.0,B01
201800035267,1.0,7,0,0.0,2.0,3.0,19.0,A01
201800035267,2.0,7,0,13.0,2.0,1.0,1.0,B01
201800035268,1.0,33,0,0.0,2.0,2.0,17.0,A01
201800035268,1.0,7,0,0.0,2.0,3.0,15.0,B01
201800035269,2.0,10,0,12.0,2.0,8.0,1.0,B01
201800035269,2.0,7,0,0.0,2.0,1.0,19.0,A01
201800035270,2.0,7,0,0.0,1.0,1.0,1.0,A01
201800035271,1.0,7,0,0.0,1.0,2.0,1.0,A01
201800035272,1.0,7,0,0.0,2.0,1.0,15.0,A01
201800035272,2.0,33,0,0.0,2.0,1.0,1.0,B01
201800035273,0.0,7,0,8.0,0.0,1.0,15.0,A01
201800035274,1.0,7,0,3.0,0.0,1.0,14.0,A01
201800035275,2.0,7,0,0.0,2.0,2.0,15.0,A01
201800035275,1.0,7,0,0.0,2.0,3.0,1.0,B01
201800035276,2.0,32,0,0.0,2.0,9.0,17.0,A01
201800035276,1.0,7,0,0.0,2.0,1.0,1.0,B01
201800035277,2.0,7,0,2.0,0.0,1.0,14.0,A01
201800035278,2.0,7,0,0.0,1.0,2.0,15.0,A01
201800035279,1.0,30,0,13.0,0.0,1.0,14.0,A01
201800035280,2.0,7,0,0.0,2.0,3.0,13.0,A01
201800035280,1.0,14,0,0.0,2.0,3.0,1.0,B01
201800035281,1.0,30,0,8.0,0.0,1.0,14.0,A01
201800035282,1.0,7,0,0.0,1.0,3.0,1.0,A01
201800035283,1.0,7,0,0.0,2.0,1.0,9.0,A01
201800035283,2.0,1,0,0.0,2.0,5.0,1.0,B01
201800035284,1.0,31,0,13.0,0.0,1.0,13.0,A01
201800035285,1.0,2,0,0.0,2.0,1.0,1.0,B01
201800035285,0.0,7,0,0.0,2.0,3.0,9.0,A01
201800035286,0.0,7,0,0.0,1.0,1.0,1.0,A01
201800035287,2.0,7,0,6.0,0.0,9.0,14.0,A01
201800035288,2.0,7,0,10.0,0.0,1.0,14.0,A01
201800035289,1.0,1,0,12.0,0.0,1.0,15.0,A01
201800035290,1.0,7,0,6.0,0.0,9.0,13.0,A01
201800035291,1.0,7,0,0.0,2.0,1.0,13.0,A01
201800035291,2.0,7,0,0.0,2.0,3.0,1.0,B01
201800035292,2.0,1,0,13.0,0.0,0.0,1.0,A01
201800035293,2.0,2,0,6.0,2.0,1.0,1.0,B01
201800035293,1.0,7,0,0.0,2.0,3.0,16.0,A01
201800035294,1.0,1,0,0.0,2.0,1.0,1.0,B01
201800035294,1.0,7,0,0.0,2.0,2.0,1.0,A01
201800035295,2.0,7,0,0.0,2.0,6.0,15.0,A01
201800035295,1.0,33,0,0.0,2.0,1.0,1.0,B01
201800035296,2.0,7,0,0.0,2.0,3.0,15.0,A01
201800035296,1.0,2,0,0.0,2.0,8.0,18.0,B01
201800035297,2.0,7,0,1.0,2.0,9.0,19.0,A01
201800035297,2.0,7,0,0.0,2.0,1.0,1.0,B01
201800035298,1.0,10,0,0.0,1.0,4.0,4.0,A01
201800035299,1.0,1,0,0.0,2.0,1.0,1.0,B01
201800035299,1.0,7,0,0.0,2.0,1.0,9.0,A01
201800035300,2.0,7,0,0.0,1.0,2.0,15.0,A01
201800035301,2.0,7,0,0.0,2.0,3.0,15.0,A01
201800035301,1.0,1,0,0.0,2.0,8.0,1.0,B01
201800035302,1.0,7,0,13.0,0.0,9.0,14.0,A01
201800035303,0.0,1,0,0.0,2.0,5.0,19.0,A01
201800035303,0.0,7,0,0.0,2.0,2.0,1.0,Z01
201800035304,1.0,33,0,0.0,2.0,1.0,11.0,A01
201800035304,2.0,3,0,0.0,2.0,1.0,1.0,B01
201800035305,1.0,30,0,0.0,2.0,1.0,1.0,A01
201800035305,1.0,31,0,0.0,2.0,4.0,23.0,B01
201800035306,2.0,33,0,0.0,2.0,1.0,1.0,B01
201800035306,2.0,7,0,0.0,2.0,5.0,15.0,A01
201800035307,1.0,7,0,13.0,0.0,0.0,13.0,A01
201800035308,2.0,33,0,0.0,2.0,1.0,1.0,B01
201800035308,2.0,7,0,0.0,2.0,2.0,15.0,A01
201800035309,0.0,14,0,0.0,2.0,2.0,1.0,A01
201800035309,0.0,1,0,0.0,2.0,4.0,1.0,B01
201800035310,2.0,33,0,0.0,2.0,1.0,17.0,B01
201800035310,1.0,7,0,0.0,2.0,3.0,15.0,A01
201800035311,2.0,30,0,0.0,2.0,1.0,1.0,B01
201800035311,1.0,7,0,0.0,2.0,2.0,19.0,A01
201800035312,2.0,7,0,0.0,2.0,1.0,13.0,A01
201800035312,1.0,7,0,0.0,2.0,1.0,1.0,B01
201800035313,2.0,7,0,0.0,2.0,8.0,15.0,A01
201800035313,2.0,31,0,0.0,2.0,3.0,2.0,B01
201800035314,1.0,7,0,0.0,1.0,1.0,19.0,A01
201800035315,1.0,2,0,0.0,2.0,1.0,1.0,A01
201800035315,2.0,7,0,0.0,2.0,3.0,1.0,B01
201800035316,2.0,7,0,0.0,2.0,3.0,13.0,A01
201800035316,1.0,7,0,0.0,2.0,3.0,1.0,B01
201800035317,1.0,7,0,0.0,1.0,2.0,20.0,A01
201800035318,0.0,1,0,0.0,2.0,7.0,19.0,B01
201800035318,0.0,7,0,0.0,6.0,2.0,21.0,A01
201800035319,2.0,7,0,0.0,1.0,2.0,0.0,A01
201800035320,1.0,30,0,0.0,1.0,1.0,0.0,A01
201800035321,1.0,7,0,0.0,2.0,3.0,15.0,B01
201800035321,1.0,2,0,0.0,2.0,1.0,17.0,A01
201800035322,1.0,7,0,0.0,2.0,3.0,15.0,A01
201800035322,1.0,33,0,0.0,2.0,2.0,1.0,B01
201800035323,0.0,33,0,0.0,2.0,8.0,1.0,B01
201800035323,0.0,7,0,0.0,2.0,1.0,15.0,A01