Num_Acc,senc,catv,occutc,obs,obsm,choc,manv,num_veh
201800035324,0.0,33,0,0.0,2.0,0.0,0.0,A01
201800035324,0.0,7,0,0.0,2.0,8.0,15.0,B01
201800035325,1.0,7,0,0.0,2.0,1.0,13.0,A01
201800035325,2.0,7,0,0.0,2.0,1.0,1.0,B01
201800035326,1.0,7,0,0.0,1.0,3.0,0.0,A01
201800035327,1.0,7,0,0.0,6.0,1.0,15.0,A01
201800035327,1.0,1,0,0.0,2.0,1.0,1.0,B01
201800035328,1.0,2,0,0.0,0.0,7.0,1.0,B01
201800035328,1.0,7,0,0.0,0.0,2.0,15.0,A01
201800035329,1.0,33,0,0.0,2.0,2.0,1.0,B01
201800035329,2.0,10,0,0.0,2.0,5.0,15.0,A01
201800035330,2.0,33,0,0.0,2.0,8.0,1.0,B01
201800035330,0.0,7,0,0.0,2.0,1.0,15.0,A01
201800035331,2.0,32,0,0.0,2.0,1.0,1.0,A01
201800035331,2.0,7,0,0.0,2.0,3.0,15.0,B01
201800035332,1.0,7,0,0.0,1.0,1.0,1.0,A01
201800035333,1.0,7,0,0.0,1.0,2.0,1.0,A01
201800035334,1.0,7,0,0.0,1.0,3.0,9.0,A01
201800035335,2.0,7,0,0.0,2.0,1.0,2.0,A01
201800035335,2.0,1,0,0.0,2.0,4.0,2.0,B01
201800035336,0.0,7,0,0.0,2.0,6.0,4.0,B01
201800035336,0.0,34,0,0.0,2.0,1.0,0.0,A01
201800035337,1.0,7,0,0.0,1.0,1.0,1.0,A01
201800035338,2.0,7,0,0.0,2.0,3.0,20.0,B01
201800035338,1.0,7,0,0.0,2.0,3.0,1.0,A01
201800035339,1.0,10,0,0.0,1.0,0.0,23.0,A01
201800035340,1.0,7,0,0.0,2.0,6.0,15.0,B01
201800035340,2.0,31,0,0.0,2.0,1.0,17.0,A01
201800035341,0.0,10,0,0.0,2.0,3.0,24.0,B01
201800035341,0.0,33,0,1.0,2.0,9.0,11.0,A01
201800035341,0.0,7,0,0.0,2.0,4.0,1.0,C01
201800035342,2.0,7,0,1.0,2.0,1.0,0.0,A01
201800035342,2.0,7,0,0.0,2.0,6.0,24.0,C01
201800035342,2.0,7,0,0.0,2.0,8.0,16.0,B01
201800035343,1.0,31,0,0.0,2.0,1.0,1.0,B01
201800035343,1.0,7,0,0.0,2.0,2.0,15.0,A01
201800035344,2.0,33,0,8.0,0.0,0.0,0.0,A01
201800035345,1.0,7,0,0.0,2.0,3.0,15.0,A01
201800035345,2.0,33,0,0.0,2.0,1.0,1.0,B01
201800035346,1.0,7,0,0.0,2.0,6.0,23.0,B01
201800035346,1.0,7,0,0.0,1.0,3.0,21.0,A01
201800035347,1.0,33,0,0.0,2.0,1.0,17.0,A01
201800035347,1.0,7,0,0.0,2.0,8.0,15.0,B01
201800035348,2.0,1,0,0.0,2.0,1.0,1.0,B01
201800035348,1.0,7,0,0.0,2.0,5.0,15.0,A01
201800035349,2.0,33,0,6.0,0.0,1.0,0.0,A01
201800035350,1.0,33,0,0.0,2.0,1.0,1.0,A01
201800035350,1.0,7,0,0.0,2.0,3.0,19.0,B01
201800035350,1.0,7,0,0.0,6.0,1.0,1.0,C01
201800035351,0.0,7,0,0.0,1.0,1.0,1.0,A01
201800035352,2.0,31,0,0.0,2.0,1.0,13.0,A01
201800035352,2.0,31,0,0.0,2.0,4.0,1.0,B01
201800035353,2.0,7,0,0.0,1.0,3.0,0.0,A01
201800035353,2.0,7,0,0.0,2.0,1.0,2.0,B01
201800035354,1.0,7,0,0.0,2.0,1.0,1.0,A01
201800035354,1.0,1,0,0.0,2.0,8.0,19.0,B01
201800035355,0.0,10,0,0.0,2.0,2.0,15.0,A01
201800035355,0.0,33,0,0.0,2.0,1.0,1.0,B01
201800035356,1.0,7,0,0.0,2.0,3.0,13.0,B01
201800035356,1.0,33,0,0.0,2.0,1.0,17.0,A01
201800035357,1.0,7,0,0.0,1.0,3.0,1.0,A01
201800035358,2.0,7,0,2.0,0.0,3.0,1.0,A01
201800035359,0.0,7,0,0.0,1.0,3.0,15.0,A01
201800035360,0.0,7,0,8.0,0.0,0.0,0.0,A01
201800035361,2.0,30,0,14.0,0.0,1.0,0.0,A01
201800035362,2.0,10,0,0.0,9.0,3.0,15.0,A01
201800035362,1.0,33,0,0.0,2.0,3.0,0.0,B01
201800035363,1.0,7,0,1.0,0.0,2.0,14.0,A01
201800035364,2.0,30,0,0.0,0.0,0.0,1.0,A01
201800035365,1.0,7,0,0.0,2.0,1.0,13.0,A01
201800035365,2.0,7,0,0.0,2.0,1.0,0.0,B01
201800035366,2.0,10,0,0.0,2.0,3.0,21.0,B01
201800035366,1.0,7,0,0.0,2.0,1.0,13.0,A01
201800035366,1.0,7,0,0.0,2.0,1.0,21.0,C01
201800035367,1.0,7,0,0.0,1.0,1.0,1.0,A01
201800035368,1.0,7,0,0.0,1.0,4.0,20.0,A01
201800035369,1.0,33,0,0.0,2.0,1.0,1.0,B01
201800035369,1.0,7,0,0.0,2.0,5.0,15.0,A01
201800035370,2.0,7,0,0.0,2.0,8.0,1.0,B01
201800035370,1.0,7,0,0.0,2.0,1.0,1.0,A01
201800035371,1.0,31,0,0.0,2.0,8.0,2.0,B01
201800035371,1.0,7,0,0.0,2.0,2.0,17.0,A01
201800035372,1.0,7,0,2.0,0.0,1.0,14.0,A01
201800035373,2.0,2,0,0.0,2.0,2.0,21.0,B01
201800035373,2.0,7,0,0.0,2.0,3.0,9.0,A01
201800035374,1.0,7,0,0.0,2.0,3.0,15.0,B01
201800035374,1.0,33,0,0.0,2.0,1.0,17.0,A01
201800035375,2.0,7,0,0.0,2.0,3.0,15.0,A01
201800035375,1.0,34,0,0.0,2.0,1.0,1.0,B01
201800035375,2.0,10,0,0.0,2.0,3.0,23.0,C01
201800035376,2.0,33,0,0.0,0.0,1.0,21.0,A01
201800035377,2.0,2,0,0.0,0.0,0.0,0.0,B01
201800035377,1.0,10,0,0.0,2.0,3.0,0.0,A01
201800035378,0.0,1,0,0.0,2.0,4.0,2.0,B01
201800035378,0.0,10,0,0.0,2.0,2.0,2.0,A01
201800035379,0.0,10,0,0.0,2.0,1.0,1.0,B01
201800035379,0.0,10,0,0.0,2.0,3.0,5.0,A01
201800035380,1.0,7,0,2.0,0.0,5.0,14.0,A01
201800035381,2.0,7,0,0.0,2.0,1.0,1.0,C01
201800035381,2.0,7,0,1.0,2.0,2.0,1.0,A01
201800035382,1.0,34,0,0.0,2.0,1.0,1.0,B01
201800035382,2.0,7,0,0.0,2.0,3.0,15.0,A01
201800035383,1.0,7,0,0.0,1.0,2.0,1.0,A01
201800035384,1.0,31,0,0.0,0.0,0.0,1.0,A01
201800035385,0.0,7,0,13.0,0.0,3.0,0.0,A01
201800035386,0.0,31,0,0.0,2.0,1.0,0.0,B01
201800035386,0.0,10,0,0.0,2.0,6.0,2.0,A01
201800035387,1.0,31,0,0.0,2.0,4.0,12.0,B01
201800035387,1.0,7,0,0.0,2.0,3.0,2.0,A01
201800035388,1.0,10,0,0.0,1.0,3.0,1.0,A01
201800035389,0.0,7,0,0.0,2.0,6.0,1.0,A01
201800035389,0.0,2,0,0.0,2.0,1.0,1.0,B01
201800035390,2.0,33,0,0.0,2.0,1.0,2.0,A01
201800035390,2.0,7,0,0.0,0.0,6.0,2.0,B01
201800035391,2.0,7,0,0.0,1.0,1.0,14.0,A01
201800035392,1.0,7,0,13.0,0.0,0.0,1.0,A01
201800035393,1.0,7,0,0.0,2.0,1.0,1.0,B01
201800035393,1.0,7,0,0.0,2.0,8.0,1.0,C01
201800035393,1.0,38,1,0.0,2.0,3.0,13.0,A01
201800035394,1.0,7,0,0.0,2.0,8.0,1.0,A01
201800035394,2.0,34,0,0.0,2.0,3.0,17.0,B01
201800035395,2.0,31,0,0.0,0.0,8.0,1.0,A01
201800035396,0.0,7,0,0.0,2.0,1.0,1.0,B01
201800035396,0.0,30,0,0.0,2.0,8.0,15.0,A01
201800035397,1.0,34,0,0.0,2.0,1.0,1.0,B01
201800035397,1.0,99,0,0.0,6.0,8.0,15.0,A01
201800035398,0.0,7,0,0.0,1.0,2.0,16.0,A01
201800035399,0.0,7,0,0.0,2.0,3.0,1.0,B01
201800035399,0.0,32,0,0.0,2.0,8.0,13.0,A01
201800035400,0.0,7,0,0.0,1.0,4.0,4.0,A01
201800035401,2.0,7,0,0.0,2.0,3.0,15.0,A01
201800035401,2.0,34,0,0.0,2.0,7.0,17.0,B01
201800035402,1.0,7,0,13.0,0.0,3.0,1.0,A01
201800035403,2.0,1,0,1.0,0.0,1.0,14.0,A01
201800035404,1.0,7,0,0.0,2.0,6.0,2.0,B01
201800035404,1.0,7,0,0.0,2.0,1.0,13.0,A01
201800035404,1.0,7,0,0.0,2.0,7.0,1.0,C01
201800035404,1.0,7,0,0.0,0.0,4.0,23.0,D01
201800035405,2.0,7,0,0.0,0.0,9.0,13.0,A01
201800035406,1.0,7,0,0.0,0.0,9.0,21.0,A01
201800035407,0.0,7,0,0.0,0.0,9.0,21.0,A01
201800035408,0.0,20,0,0.0,1.0,4.0,20.0,A01
201800035409,1.0,3,0,1.0,0.0,0.0,1.0,A01
201800035410,1.0,10,0,0.0,2.0,3.0,13.0,A01
201800035410,1.0,7,0,0.0,2.0,3.0,0.0,B01
201800035411,2.0,7,0,0.0,2.0,2.0,15.0,A01
201800035411,1.0,1,0,0.0,2.0,1.0,0.0,B01
201800035412,1.0,33,0,0.0,2.0,8.0,1.0,A01
201800035412,1.0,7,0,0.0,2.0,2.0,1.0,B01
201800035413,1.0,7,0,0.0,6.0,3.0,1.0,C01
201800035413,1.0,7,0,0.0,6.0,3.0,15.0,A01
201800035413,2.0,34,0,0.0,2.0,1.0,1.0,B01
201800035414,1.0,99,0,0.0,0.0,0.0,0.0,A01
201800035415,1.0,7,0,0.0,1.0,1.0,1.0,A01
201800035416,2.0,2,0,0.0,2.0,1.0,17.0,B01
201800035416,2.0,10,0,0.0,2.0,6.0,15.0,A01
201800035417,2.0,10,0,0.0,2.0,3.0,1.0,B01
201800035417,1.0,7,0,0.0,2.0,3.0,13.0,A01
201800035418,1.0,7,0,8.0,0.0,1.0,13.0,A01
201800035419,1.0,13,0,0.0,2.0,4.0,1.0,B01
201800035419,2.0,20,0,0.0,2.0,1.0,0.0,A01
201800035420,2.0,7,0,0.0,1.0,4.0,4.0,A01
201800035421,0.0,7,0,15.0,0.0,9.0,0.0,A01
201800035422,2.0,7,0,0.0,2.0,3.0,15.0,A01
201800035422,1.0,7,0,0.0,2.0,1.0,1.0,B01
201800035423,2.0,7,0,0.0,2.0,1.0,17.0,A01
201800035423,1.0,7,0,0.0,2.0,1.0,1.0,B01
201800035423,2.0,7,0,0.0,2.0,6.0,2.0,C01
201800035424,2.0,30,0,11.0,0.0,1.0,17.0,A01
201800035425,2.0,7,0,0.0,1.0,1.0,1.0,A01
201800035426,1.0,31,0,0.0,2.0,8.0,16.0,A01
201800035426,1.0,7,0,0.0,2.0,3.0,21.0,B01
201800035427,2.0,7,0,8.0,0.0,1.0,16.0,A01
201800035428,1.0,7,0,0.0,1.0,2.0,0.0,A01
201800035429,1.0,7,0,1.0,0.0,2.0,14.0,A01
201800035430,2.0,10,0,0.0,2.0,1.0,2.0,A01
201800035430,2.0,10,0,0.0,2.0,4.0,2.0,B01
201800035430,1.0,38,62,0.0,0.0,6.0,1.0,C01
201800035431,2.0,3,0,0.0,2.0,1.0,1.0,A01
201800035432,1.0,10,0,1.0,1.0,5.0,15.0,A01
201800035433,1.0,1,0,0.0,2.0,8.0,13.0,A01
201800035433,1.0,7,0,0.0,2.0,7.0,17.0,B01
201800035434,1.0,30,0,11.0,6.0,2.0,13.0,A01
201800035435,1.0,34,0,0.0,2.0,2.0,0.0,A01
201800035435,0.0,10,0,0.0,2.0,3.0,9.0,B01
201800035436,2.0,31,0,8.0,0.0,0.0,0.0,A01
201800035437,1.0,7,0,0.0,2.0,3.0,15.0,B01
201800035437,1.0,33,0,0.0,0.0,1.0,17.0,A01
201800035438,2.0,7,0,0.0,2.0,1.0,2.0,A01
201800035438,1.0,7,0,0.0,2.0,4.0,2.0,B01
201800035439,1.0,7,0,0.0,2.0,1.0,1.0,B01
201800035439,2.0,7,0,0.0,2.0,1.0,13.0,A01
201800035440,1.0,7,0,0.0,2.0,4.0,2.0,B01
201800035440,1.0,7,0,0.0,2.0,1.0,2.0,A01
201800035441,1.0,33,0,0.0,1.0,1.0,1.0,A01
201800035442,1.0,7,0,0.0,1.0,1.0,16.0,A01
201800035443,2.0,7,0,0.0,2.0,3.0,1.0,C01
201800035443,1.0,32,0,0.0,2.0,1.0,2.0,A01
201800035443,1.0,7,0,0.0,2.0,5.0,16.0,B01
201800035444,0.0,7,0,0.0,1.0,2.0,19.0,A01
201800035445,2.0,7,0,0.0,2.0,8.0,15.0,B01
201800035445,2.0,30,0,0.0,2.0,1.0,17.0,A01
201800035446,2.0,32,0,0.0,2.0,1.0,15.0,B01
201800035446,2.0,7,0,0.0,2.0,6.0,15.0,A01
201800035447,2.0,33,0,1.0,2.0,1.0,0.0,B01
201800035447,0.0,7,0,0.0,2.0,2.0,16.0,A01
201800035448,0.0,33,0,10.0,0.0,8.0,13.0,A01
201800035449,2.0,34,0,0.0,2.0,8.0,1.0,B01
201800035449,2.0,7,0,0.0,2.0,1.0,17.0,A01
201800035450,2.0,7,0,0.0,2.0,4.0,2.0,B01
201800035450,2.0,7,0,0.0,2.0,1.0,2.0,A01
201800035451,2.0,7,0,0.0,1.0,2.0,1.0,A01
201800035452,1.0,17,0,0.0,2.0,6.0,16.0,A01
201800035452,1.0,34,0,0.0,2.0,5.0,23.0,B01
201800035452,1.0,7,0,0.0,2.0,7.0,23.0,C01
201800035453,2.0,7,0,0.0,2.0,3.0,15.0,A01
201800035453,2.0,33,0,0.0,2.0,3.0,1.0,B01
201800035454,1.0,7,0,0.0,1.0,3.0,15.0,A01
201800035455,1.0,31,0,0.0,2.0,7.0,1.0,B01
201800035455,2.0,7,0,0.0,2.0,3.0,9.0,A01
201800035456,1.0,33,0,0.0,2.0,4.0,2.0,B01
201800035456,1.0,7,0,0.0,2.0,1.0,2.0,Z01
201800035457,2.0,7,0,9.0,1.0,1.0,0.0,A01
201800035458,2.0,7,0,0.0,2.0,3.0,9.0,A01
201800035458,1.0,33,0,0.0,2.0,7.0,0.0,B01
201800035459,2.0,7,0,0.0,1.0,2.0,1.0,A01
201800035460,1.0,33,0,0.0,2.0,7.0,1.0,B01
201800035460,0.0,7,0,0.0,2.0,1.0,15.0,A01
201800035461,2.0,7,0,0.0,1.0,2.0,16.0,A01
201800035462,1.0,32,0,12.0,1.0,5.0,21.0,A01
201800035463,0.0,7,0,1.0,1.0,6.0,0.0,A01
201800035464,2.0,7,0,9.0,1.0,2.0,0.0,A01
201800035465,1.0,7,0,0.0,0.0,4.0,0.0,C01
201800035465,1.0,7,0,14.0,0.0,4.0,23.0,B01
201800035465,1.0,7,0,14.0,0.0,2.0,2.0,Y01
201800035466,2.0,34,0,0.0,1.0,0.0,1.0,A01
201800035467,1.0,7,0,0.0,1.0,2.0,1.0,A01
201800035468,2.0,7,0,8.0,0.0,2.0,1.0,A01
201800035469,1.0,33,0,0.0,2.0,1.0,1.0,B01
201800035469,2.0,7,0,0.0,2.0,6.0,19.0,A01
201800035470,2.0,10,0,7.0,1.0,3.0,13.0,A01
201800035471,1.0,32,0,0.0,2.0,2.0,12.0,A01
201800035471,1.0,7,0,0.0,2.0,3.0,1.0,B01
201800035472,2.0,7,0,0.0,2.0,1.0,15.0,A01
201800035472,1.0,31,0,0.0,2.0,1.0,1.0,B01
201800035473,1.0,7,0,0.0,2.0,3.0,15.0,A01
201800035473,1.0,30,0,0.0,2.0,1.0,2.0,B01
201800035474,2.0,7,0,0.0,1.0,2.0,11.0,A01
201800035475,1.0,7,0,0.0,2.0,1.0,0.0,A01
201800035475,1.0,7,0,0.0,2.0,8.0,19.0,B01
201800035476,2.0,33,0,0.0,2.0,1.0,1.0,B01
201800035476,1.0,7,0,0.0,2.0,1.0,5.0,A01
201800035477,1.0,10,0,0.0,1.0,3.0,1.0,A01
201800035478,2.0,2,0,0.0,2.0,3.0,0.0,B01
201800035478,1.0,7,0,0.0,2.0,0.0,15.0,A01
201800035479,0.0,7,0,0.0,2.0,3.0,1.0,B01
201800035479,0.0,31,0,15.0,2.0,1.0,14.0,A01
201800035480,1.0,1,0,0.0,2.0,1.0,0.0,B01
201800035480,1.0,7,0,0.0,2.0,3.0,0.0,A01
201800035481,2.0,10,0,0.0,2.0,6.0,20.0,A01
201800035481,2.0,32,0,0.0,2.0,1.0,2.0,B01
201800035482,1.0,7,0,0.0,2.0,2.0,12.0,A01
201800035482,1.0,33,0,0.0,2.0,8.0,1.0,B01
201800035483,1.0,7,0,0.0,0.0,2.0,15.0,A01
201800035483,2.0,2,0,0.0,2.0,1.0,1.0,B01
201800035484,2.0,7,0,0.0,2.0,5.0,15.0,B01
201800035484,1.0,32,0,0.0,2.0,1.0,1.0,A01
201800035485,1.0,33,0,0.0,1.0,1.0,0.0,A01
201800035485,2.0,7,0,0.0,2.0,3.0,1.0,B01
201800035486,2.0,30,0,0.0,1.0,1.0,17.0,A01
201800035487,1.0,2,0,0.0,2.0,8.0,11.0,B01
201800035487,1.0,33,0,0.0,2.0,2.0,1.0,A01
201800035488,1.0,33,0,0.0,2.0,0.0,0.0,A01
201800035488,0.0,1,0,0.0,2.0,8.0,19.0,B01
201800035489,1.0,7,0,0.0,2.0,3.0,9.0,A01
201800035489,2.0,33,0,0.0,2.0,7.0,1.0,B01
201800035490,1.0,32,0,0.0,2.0,1.0,1.0,A01
201800035490,2.0,7,0,0.0,2.0,7.0,15.0,B01
201800035491,0.0,7,0,0.0,1.0,1.0,9.0,A01
201800035492,1.0,34,0,0.0,2.0,1.0,1.0,B01
201800035492,2.0,7,0,0.0,2.0,2.0,15.0,A01
201800035493,2.0,33,0,8.0,2.0,3.0,7.0,A01
201800035493,2.0,7,0,0.0,2.0,2.0,16.0,B01
201800035494,1.0,7,0,0.0,2.0,2.0,15.0,A01
201800035494,2.0,3,0,0.0,2.0,1.0,1.0,B01
201800035495,2.0,7,0,0.0,2.0,7.0,9.0,A01
201800035495,2.0,33,0,0.0,2.0,1.0,9.0,Y01
201800035496,2.0,31,0,0.0,1.0,2.0,1.0,A01
201800035497,2.0,31,0,0.0,2.0,8.0,1.0,B01
201800035497,1.0,7,0,0.0,2.0,3.0,13.0,A01
201800035498,0.0,99,0,0.0,2.0,0.0,0.0,R01
201800035498,1.0,7,0,0.0,2.0,3.0,1.0,A01
201800035499,1.0,7,0,0.0,2.0,7.0,1.0,C01
201800035499,1.0,34,0,0.0,2.0,1.0,1.0,A01
201800035499,1.0,7,0,0.0,2.0,6.0,1.0,B01
201800035500,0.0,1,0,0.0,2.0,1.0,1.0,B01
201800035500,1.0,7,0,0.0,9.0,3.0,13.0,A01
201800035501,1.0,7,0,0.0,2.0,3.0,1.0,B01
201800035501,2.0,7,0,0.0,2.0,1.0,13.0,Z01
201800035502,1.0,7,0,0.0,2.0,3.0,13.0,A01
201800035502,1.0,7,0,0.0,2.0,3.0,1.0,B01
201800035503,1.0,7,0,0.0,2.0,8.0,19.0,B01
201800035503,1.0,31,0,0.0,2.0,1.0,1.0,A01
201800035504,1.0,7,0,8.0,0.0,3.0,0.0,A01
201800035505,1.0,7,0,0.0,2.0,2.0,15.0,A01
201800035505,1.0,7,0,0.0,2.0,8.0,24.0,C01
201800035505,1.0,10,0,0.0,2.0,3.0,23.0,D01
201800035505,1.0,31,0,1.0,2.0,7.0,1.0,B01
201800035506,0.0,31,0,0.0,2.0,1.0,18.0,A01
201800035506,0.0,7,0,0.0,2.0,7.0,16.0,B01
201800035507,1.0,10,0,0.0,1.0,1.0,1.0,A01
201800035508,1.0,7,0,0.0,2.0,1.0,16.0,B01
201800035508,1.0,1,0,0.0,2.0,4.0,1.0,A01
201800035509,1.0,7,0,0.0,1.0,2.0,1.0,A01
201800035510,2.0,7,0,3.0,2.0,8.0,13.0,A01
201800035510,1.0,7,0,0.0,2.0,8.0,1.0,B01
201800035511,1.0,7,0,0.0,2.0,4.0,1.0,A01
201800035512,2.0,7,0,0.0,2.0,2.0,1.0,B01
201800035512,1.0,7,0,0.0,2.0,3.0,1.0,A01
201800035513,2.0,7,0,0.0,2.0,9.0,2.0,B01
201800035513,1.0,7,0,0.0,2.0,9.0,2.0,C01
201800035513,1.0,7,0,0.0,9.0,4.0,2.0,D01
201800035513,2.0,7,0,0.0,2.0,1.0,2.0,A01
201800035514,1.0,7,0,0.0,2.0,4.0,2.0,B01
201800035514,1.0,7,0,0.0,2.0,1.0,2.0,A01
201800035515,1.0,7,0,0.0,2.0,1.0,21.0,A01
201800035515,1.0,7,0,0.0,2.0,1.0,21.0,B01
201800035516,1.0,37,0,0.0,1.0,2.0,1.0,A01
201800035517,1.0,33,0,8.0,0.0,1.0,9.0,A01
201800035518,1.0,7,0,0.0,2.0,8.0,1.0,B01
201800035518,1.0,7,0,0.0,2.0,1.0,1.0,A01
201800035519,1.0,7,0,4.0,0.0,1.0,14.0,A01
201800035520,2.0,7,0,0.0,1.0,3.0,15.0,A01
201800035521,2.0,7,0,0.0,2.0,2.0,1.0,A01
201800035521,2.0,7,0,0.0,2.0,3.0,1.0,B01
201800035522,1.0,20,0,9.0,1.0,1.0,0.0,A01
201800035523,1.0,33,0,0.0,2.0,1.0,13.0,A01
201800035523,2.0,7,0,0.0,2.0,3.0,1.0,B01
201800035524,0.0,7,0,0.0,2.0,3.0,1.0,B01
201800035524,0.0,7,0,0.0,2.0,3.0,1.0,A01
201800035525,0.0,7,0,0.0,2.0,6.0,4.0,A01
201800035525,0.0,7,0,0.0,2.0,3.0,0.0,B01
201800035526,2.0,7,0,0.0,2.0,6.0,1.0,C01
201800035526,1.0,7,0,0.0,2.0,1.0,13.0,A01
201800035526,2.0,7,0,0.0,2.0,3.0,1.0,B01
201800035527,1.0,7,0,12.0,0.0,1.0,1.0,A01
201800035528,2.0,7,0,0.0,2.0,1.0,1.0,C01
201800035528,2.0,7,0,0.0,2.0,2.0,15.0,B01
201800035528,1.0,33,0,0.0,2.0,1.0,1.0,A01
201800035529,1.0,7,0,0.0,2.0,7.0,1.0,B01
201800035529,1.0,7,0,0.0,2.0,3.0,20.0,C01
201800035529,1.0,7,0,1.0,2.0,3.0,11.0,A01
201800035530,0.0,7,0,0.0,2.0,1.0,1.0,B01
201800035530,0.0,7,0,1.0,2.0,8.0,5.0,A01
201800035531,1.0,34,0,0.0,2.0,1.0,1.0,A01
201800035531,2.0,7,0,0.0,2.0,3.0,15.0,B01
201800035532,2.0,10,0,3.0,1.0,2.0,1.0,A01
201800035533,0.0,7,0,0.0,2.0,5.0,1.0,A01
201800035533,0.0,7,0,0.0,2.0,3.0,2.0,B01
201800035534,0.0,7,0,0.0,2.0,3.0,13.0,A01
201800035534,0.0,7,0,0.0,2.0,3.0,1.0,B01
201800035535,0.0,7,0,1.0,1.0,7.0,1.0,A01
201800035536,1.0,7,0,0.0,2.0,4.0,2.0,B01
201800035536,2.0,1,0,0.0,2.0,1.0,2.0,A01
201800035537,0.0,7,0,0.0,2.0,3.0,20.0,B01
201800035537,0.0,10,0,0.0,2.0,3.0,1.0,A01
201800035538,0.0,36,0,0.0,2.0,1.0,0.0,A01
201800035538,0.0,7,0,0.0,2.0,4.0,23.0,B01
201800035539,1.0,32,0,9.0,6.0,1.0,9.0,A01
201800035540,1.0,7,0,0.0,2.0,0.0,0.0,C01
201800035540,2.0,30,0,0.0,2.0,8.0,3.0,A01
201800035540,2.0,7,0,0.0,2.0,2.0,2.0,B01
201800035541,0.0,34,0,0.0,2.0,8.0,0.0,A01
201800035541,0.0,7,0,0.0,2.0,1.0,1.0,B01
201800035542,0.0,7,0,0.0,2.0,5.0,23.0,B01
201800035542,0.0,30,0,0.0,2.0,1.0,0.0,A01
201800035543,2.0,7,0,0.0,2.0,3.0,0.0,B01
201800035543,1.0,33,0,0.0,2.0,1.0,1.0,C01
201800035543,1.0,33,0,0.0,2.0,1.0,1.0,A01
201800035544,1.0,7,0,0.0,2.0,3.0,15.0,A01
201800035544,1.0,33,0,0.0,2.0,7.0,16.0,B01
201800035545,2.0,32,0,0.0,1.0,1.0,0.0,Z01
201800035546,0.0,7,0,0.0,2.0,1.0,9.0,A01
201800035546,0.0,1,0,0.0,2.0,8.0,0.0,B01
201800035547,1.0,31,0,0.0,2.0,1.0,13.0,A01
201800035547,2.0,7,0,0.0,2.0,1.0,1.0,B01
201800035548,2.0,7,0,0.0,2.0,1.0,2.0,A01
201800035548,2.0,34,0,0.0,2.0,4.0,2.0,B01
201800035549,0.0,7,0,0.0,1.0,4.0,10.0,A01
201800035550,2.0,34,0,0.0,2.0,1.0,1.0,B01
201800035550,1.0,7,0,0.0,2.0,5.0,10.0,A01
201800035551,1.0,7,0,8.0,0.0,1.0,1.0,A01
201800035552,2.0,7,0,0.0,2.0,3.0,16.0,A01
201800035552,2.0,7,0,0.0,2.0,2.0,1.0,B01
201800035553,2.0,30,0,1.0,0.0,1.0,14.0,A01
201800035554,1.0,7,0,0.0,1.0,1.0,21.0,A01
201800035555,2.0,7,0,0.0,1.0,2.0,0.0,A01
201800035556,1.0,7,0,0.0,2.0,7.0,16.0,A01
201800035556,1.0,37,3,1.0,2.0,9.0,7.0,B01
201800035557,1.0,30,0,0.0,2.0,2.0,15.0,A01
201800035557,1.0,7,0,0.0,2.0,8.0,15.0,B01
201800035558,0.0,33,0,0.0,2.0,7.0,17.0,A01
201800035558,0.0,7,0,0.0,2.0,1.0,15.0,B01
201800035559,2.0,7,0,0.0,2.0,6.0,19.0,A01
201800035559,1.0,33,0,0.0,2.0,1.0,1.0,B01
201800035560,1.0,7,0,0.0,2.0,3.0,13.0,A01
201800035560,2.0,7,0,0.0,2.0,3.0,1.0,B01
201800035561,2.0,31,0,0.0,2.0,1.0,1.0,B01
201800035561,1.0,7,0,0.0,2.0,3.0,15.0,A01
201800035562,1.0,7,0,0.0,2.0,1.0,1.0,B01
201800035562,1.0,31,0,0.0,2.0,1.0,5.0,A01
201800035563,1.0,7,0,0.0,2.0,2.0,15.0,A01
201800035563,2.0,33,0,0.0,2.0,1.0,1.0,B01
201800035564,1.0,7,0,0.0,1.0,1.0,1.0,A01
201800035565,2.0,2,0,2.0,0.0,0.0,14.0,A01
201800035566,0.0,7,0,0.0,1.0,1.0,0.0,A01
201800035567,1.0,32,0,0.0,2.0,2.0,14.0,A01
201800035567,1.0,7,0,0.0,2.0,3.0,0.0,B01
201800035568,1.0,7,0,0.0,1.0,2.0,1.0,A01
201800035569,1.0,7,0,0.0,1.0,2.0,1.0,A01
201800035570,1.0,10,0,0.0,1.0,2.0,16.0,A01
201800035571,0.0,7,0,0.0,1.0,3.0,1.0,A01
201800035572,0.0,7,0,0.0,1.0,1.0,1.0,A01
201800035573,0.0,32,0,0.0,2.0,1.0,19.0,A01
201800035573,0.0,7,0,0.0,2.0,8.0,1.0,B01
201800035574,2.0,7,0,0.0,2.0,4.0,1.0,B01
201800035574,2.0,7,0,0.0,2.0,1.0,2.0,A01
201800035575,2.0,7,0,0.0,1.0,1.0,1.0,A01
201800035576,1.0,10,0,0.0,1.0,2.0,1.0,A01
201800035577,0.0,7,0,0.0,2.0,3.0,19.0,B01
201800035577,0.0,33,0,0.0,2.0,2.0,1.0,A01
201800035578,1.0,30,0,0.0,2.0,8.0,16.0,A01
201800035578,1.0,7,0,0.0,2.0,7.0,16.0,Z01
201800035579,0.0,1,0,0.0,2.0,8.0,0.0,B01