Num_Acc,senc,catv,occutc,obs,obsm,choc,manv,num_veh
201800035579,0.0,7,0,0.0,2.0,7.0,16.0,A01
201800035580,0.0,30,0,0.0,2.0,1.0,1.0,A01
201800035580,0.0,34,0,0.0,2.0,8.0,1.0,B01
201800035581,1.0,7,0,0.0,2.0,8.0,1.0,A01
201800035581,1.0,1,0,1.0,2.0,7.0,17.0,B01
201800035582,2.0,14,0,0.0,1.0,2.0,1.0,A01
201800035583,0.0,7,0,0.0,2.0,1.0,2.0,Z01
201800035583,0.0,32,0,0.0,2.0,0.0,23.0,A01
201800035584,1.0,7,0,0.0,2.0,2.0,1.0,B01
201800035584,1.0,7,0,1.0,2.0,3.0,20.0,A01
201800035585,1.0,37,1,0.0,1.0,2.0,0.0,A01
201800035586,0.0,1,0,0.0,2.0,7.0,1.0,B01
201800035586,0.0,7,0,0.0,2.0,1.0,9.0,A01
201800035587,1.0,31,0,0.0,2.0,1.0,1.0,B01
201800035587,2.0,7,0,0.0,2.0,2.0,5.0,A01
201800035588,1.0,32,0,0.0,1.0,1.0,0.0,A01
201800035589,0.0,33,0,0.0,2.0,8.0,11.0,B01
201800035589,0.0,7,0,0.0,2.0,2.0,1.0,A01
201800035590,1.0,7,0,0.0,2.0,1.0,1.0,B01
201800035590,1.0,30,0,0.0,2.0,3.0,1.0,A01
201800035591,1.0,30,0,11.0,0.0,1.0,1.0,A01
201800035592,0.0,1,0,0.0,2.0,1.0,1.0,B01
201800035592,0.0,7,0,0.0,2.0,2.0,15.0,A01
201800035593,2.0,7,0,0.0,2.0,2.0,15.0,A01
201800035593,1.0,2,0,0.0,2.0,1.0,1.0,B01
201800035594,0.0,7,0,0.0,2.0,1.0,1.0,A01
201800035594,0.0,7,0,0.0,2.0,4.0,1.0,C01
201800035594,0.0,7,0,0.0,2.0,4.0,0.0,B01
201800035595,1.0,31,0,0.0,1.0,1.0,17.0,A01
201800035596,1.0,37,1,0.0,6.0,5.0,16.0,A01
201800035596,1.0,1,0,0.0,2.0,1.0,1.0,B01
201800035597,0.0,7,0,0.0,1.0,1.0,0.0,A01
201800035598,1.0,2,0,8.0,2.0,1.0,21.0,A01
201800035598,2.0,7,0,0.0,2.0,1.0,23.0,B01
201800035599,0.0,7,0,0.0,6.0,7.0,0.0,A01
201800035599,0.0,1,0,0.0,2.0,1.0,0.0,B01
201800035600,1.0,37,21,0.0,2.0,1.0,13.0,A01
201800035600,2.0,31,0,0.0,2.0,1.0,17.0,B01
201800035601,1.0,7,0,0.0,2.0,3.0,15.0,A01
201800035601,2.0,31,0,0.0,2.0,1.0,1.0,B01
201800035602,2.0,7,0,0.0,2.0,6.0,2.0,B01
201800035602,1.0,30,0,0.0,2.0,1.0,2.0,A01
201800035603,2.0,7,0,0.0,2.0,5.0,15.0,A01
201800035603,1.0,2,0,0.0,2.0,1.0,1.0,B01
201800035604,1.0,7,0,0.0,1.0,8.0,1.0,A01
201800035605,1.0,15,0,0.0,2.0,7.0,0.0,A01
201800035605,2.0,30,0,0.0,2.0,1.0,21.0,B01
201800035606,1.0,30,0,0.0,2.0,1.0,17.0,A01
201800035606,1.0,7,0,0.0,2.0,6.0,15.0,B01
201800035607,0.0,7,0,0.0,1.0,1.0,9.0,A01
201800035608,2.0,7,0,0.0,2.0,3.0,1.0,B01
201800035608,1.0,3,0,0.0,2.0,3.0,1.0,A01
201800035609,1.0,33,0,0.0,0.0,1.0,13.0,A01
201800035610,1.0,7,0,0.0,2.0,3.0,15.0,A01
201800035610,2.0,32,0,0.0,2.0,8.0,1.0,B01
201800035611,1.0,7,0,0.0,2.0,5.0,15.0,A01
201800035611,2.0,30,0,0.0,2.0,1.0,1.0,B01
201800035612,2.0,2,0,0.0,2.0,1.0,2.0,B01
201800035612,2.0,10,0,0.0,2.0,6.0,4.0,A01
201800035613,1.0,7,0,0.0,1.0,2.0,0.0,A01
201800035614,1.0,7,0,0.0,1.0,4.0,23.0,B01
201800035614,1.0,7,0,0.0,2.0,1.0,1.0,A01
201800035615,1.0,7,0,0.0,1.0,3.0,0.0,A01
201800035616,0.0,37,3,0.0,2.0,1.0,2.0,B01
201800035616,0.0,7,0,0.0,2.0,1.0,16.0,A01
201800035617,1.0,32,0,0.0,2.0,2.0,1.0,B01
201800035617,1.0,7,0,16.0,0.0,0.0,19.0,A01
201800035618,0.0,7,0,0.0,2.0,4.0,23.0,A01
201800035618,0.0,7,0,0.0,2.0,2.0,2.0,Z01
201800035619,1.0,7,0,0.0,1.0,1.0,1.0,A01
201800035620,1.0,30,0,0.0,2.0,1.0,1.0,B01
201800035620,2.0,7,0,0.0,2.0,1.0,15.0,A01
201800035621,1.0,7,0,0.0,1.0,2.0,0.0,A01
201800035622,0.0,30,0,15.0,0.0,0.0,2.0,A01
201800035623,1.0,7,0,0.0,2.0,1.0,15.0,A01
201800035623,2.0,7,0,0.0,2.0,1.0,1.0,B01
201800035624,1.0,7,0,0.0,1.0,2.0,2.0,A01
201800035625,1.0,34,0,0.0,2.0,1.0,1.0,B01
201800035625,0.0,7,0,0.0,2.0,1.0,9.0,A01
201800035626,1.0,2,0,0.0,2.0,1.0,1.0,A01
201800035626,2.0,7,0,0.0,2.0,3.0,1.0,B01
201800035627,1.0,30,0,1.0,0.0,2.0,1.0,A01
201800035628,2.0,30,0,0.0,2.0,1.0,5.0,A01
201800035628,2.0,7,0,0.0,2.0,1.0,1.0,B01
201800035629,0.0,99,0,0.0,2.0,2.0,15.0,A01
201800035629,0.0,30,0,0.0,2.0,1.0,1.0,B01
201800035630,2.0,7,0,0.0,1.0,1.0,1.0,A01
201800035631,1.0,10,0,0.0,1.0,1.0,15.0,A01
201800035632,2.0,30,0,0.0,2.0,1.0,17.0,A01
201800035632,0.0,7,0,0.0,2.0,3.0,15.0,B01
201800035633,1.0,34,0,0.0,2.0,3.0,13.0,A01
201800035633,2.0,7,0,0.0,2.0,3.0,1.0,B01
201800035634,1.0,10,0,0.0,2.0,1.0,1.0,A01
201800035634,1.0,7,0,0.0,2.0,2.0,1.0,B01
201800035635,0.0,7,0,0.0,2.0,3.0,13.0,A01
201800035635,2.0,7,0,0.0,2.0,3.0,0.0,B01
201800035636,1.0,7,0,0.0,2.0,2.0,15.0,A01
201800035636,2.0,33,0,0.0,2.0,1.0,1.0,B01
201800035637,0.0,7,0,0.0,2.0,6.0,2.0,A01
201800035637,0.0,33,0,4.0,2.0,1.0,0.0,B01
201800035638,1.0,7,0,0.0,2.0,2.0,15.0,A01
201800035638,2.0,2,0,0.0,2.0,1.0,1.0,B01
201800035639,2.0,7,0,0.0,1.0,7.0,1.0,A01
201800035640,0.0,15,0,0.0,2.0,2.0,1.0,B01
201800035640,0.0,30,0,0.0,2.0,8.0,0.0,A01
201800035641,1.0,7,0,0.0,2.0,1.0,1.0,B01
201800035641,1.0,32,0,0.0,2.0,9.0,15.0,A01
201800035642,1.0,7,0,0.0,2.0,1.0,0.0,A01
201800035643,1.0,15,0,0.0,2.0,3.0,1.0,B01
201800035643,2.0,15,0,0.0,2.0,1.0,15.0,A01
201800035644,0.0,7,0,0.0,2.0,4.0,9.0,A01
201800035644,1.0,99,0,0.0,2.0,1.0,21.0,B01
201800035645,2.0,10,0,0.0,1.0,1.0,1.0,A01
201800035646,1.0,33,0,0.0,2.0,1.0,1.0,A01
201800035646,1.0,7,0,0.0,2.0,2.0,9.0,B01
201800035647,1.0,33,0,0.0,0.0,7.0,17.0,A01
201800035648,1.0,2,0,0.0,2.0,2.0,1.0,B01
201800035648,1.0,7,0,0.0,2.0,3.0,16.0,A01
201800035649,1.0,7,0,0.0,0.0,4.0,0.0,C01
201800035649,1.0,7,0,0.0,2.0,4.0,0.0,B01
201800035649,1.0,7,0,0.0,2.0,1.0,0.0,A01
201800035650,0.0,10,0,0.0,1.0,1.0,1.0,A01
201800035651,1.0,7,0,0.0,1.0,1.0,0.0,Z01
201800035652,1.0,10,0,0.0,2.0,3.0,15.0,B01
201800035652,2.0,2,0,1.0,2.0,2.0,17.0,A01
201800035653,1.0,33,0,0.0,0.0,0.0,1.0,A01
201800035653,1.0,7,0,0.0,6.0,6.0,10.0,B01
201800035654,2.0,7,0,0.0,1.0,3.0,15.0,A01
201800035655,1.0,10,0,0.0,2.0,1.0,1.0,B01
201800035655,1.0,10,0,8.0,2.0,9.0,13.0,A01
201800035656,2.0,10,0,1.0,1.0,5.0,1.0,B01
201800035657,2.0,31,0,0.0,2.0,8.0,1.0,B01
201800035657,1.0,7,0,0.0,2.0,8.0,15.0,A01
201800035658,1.0,7,0,9.0,0.0,1.0,1.0,A01
201800035659,1.0,34,0,0.0,2.0,1.0,1.0,B01
201800035659,2.0,7,0,0.0,2.0,2.0,15.0,A01
201800035660,1.0,7,0,0.0,1.0,1.0,1.0,A01
201800035661,1.0,37,2,0.0,1.0,2.0,1.0,A01
201800035662,2.0,31,0,0.0,2.0,1.0,3.0,B01
201800035662,2.0,7,0,0.0,2.0,8.0,10.0,A01
201800035663,0.0,7,0,0.0,2.0,2.0,1.0,A01
201800035663,0.0,7,0,0.0,2.0,8.0,1.0,B01
201800035664,1.0,7,0,0.0,1.0,1.0,15.0,A01
201800035665,0.0,7,0,0.0,1.0,3.0,18.0,A01
201800035666,0.0,7,0,0.0,2.0,1.0,5.0,A01
201800035666,0.0,7,0,0.0,2.0,1.0,1.0,B01
201800035667,2.0,7,0,0.0,2.0,2.0,15.0,A01
201800035667,1.0,30,0,0.0,2.0,1.0,1.0,B01
201800035668,1.0,7,0,0.0,2.0,1.0,13.0,A01
201800035668,2.0,7,0,0.0,2.0,1.0,1.0,B01
201800035669,2.0,7,0,0.0,1.0,3.0,15.0,A01
201800035670,2.0,1,0,0.0,1.0,1.0,1.0,A01
201800035671,1.0,7,0,0.0,2.0,0.0,0.0,B01
201800035671,2.0,7,0,0.0,2.0,1.0,5.0,A01
201800035672,0.0,30,0,0.0,2.0,8.0,0.0,A01
201800035672,2.0,7,0,0.0,2.0,1.0,1.0,B01
201800035673,2.0,7,0,0.0,1.0,2.0,1.0,A01
201800035674,1.0,1,0,0.0,2.0,8.0,1.0,B01
201800035674,1.0,7,0,0.0,6.0,7.0,16.0,A01
201800035675,0.0,7,0,0.0,2.0,3.0,5.0,C01
201800035675,0.0,10,0,0.0,6.0,1.0,21.0,B01
201800035675,0.0,2,0,0.0,2.0,1.0,0.0,A01
201800035676,1.0,1,0,0.0,2.0,2.0,1.0,B01
201800035676,2.0,7,0,0.0,6.0,1.0,1.0,A01
201800035677,2.0,1,0,0.0,2.0,1.0,1.0,B01
201800035677,2.0,7,0,0.0,2.0,4.0,15.0,A01
201800035678,2.0,7,0,0.0,1.0,2.0,1.0,A01
201800035679,1.0,7,0,0.0,2.0,3.0,21.0,B01
201800035679,0.0,7,0,0.0,2.0,3.0,9.0,A01
201800035680,0.0,7,0,0.0,2.0,0.0,0.0,B01
201800035680,0.0,7,0,0.0,2.0,1.0,1.0,A01
201800035681,0.0,7,0,0.0,2.0,2.0,17.0,A01
201800035681,0.0,7,0,0.0,2.0,3.0,9.0,B01
201800035682,2.0,7,0,0.0,1.0,2.0,1.0,A01
201800035683,0.0,7,0,0.0,2.0,1.0,19.0,A01
201800035683,0.0,33,0,0.0,2.0,1.0,1.0,B01
201800035684,0.0,7,0,0.0,2.0,4.0,1.0,C01
201800035684,0.0,33,0,0.0,2.0,1.0,1.0,B01
201800035684,0.0,7,0,0.0,2.0,8.0,11.0,A01
201800035685,2.0,1,0,0.0,2.0,1.0,1.0,B01
201800035685,2.0,7,0,0.0,2.0,3.0,23.0,A01
201800035686,0.0,7,0,0.0,2.0,3.0,13.0,A01
201800035686,0.0,33,0,0.0,2.0,1.0,1.0,B01
201800035687,1.0,7,0,0.0,6.0,1.0,1.0,A01
201800035687,0.0,1,0,0.0,0.0,8.0,19.0,B01
201800035688,2.0,30,0,0.0,2.0,3.0,1.0,A01
201800035688,2.0,7,0,0.0,2.0,7.0,16.0,B01
201800035689,0.0,7,0,0.0,6.0,1.0,2.0,A01
201800035689,0.0,1,0,0.0,2.0,4.0,1.0,B01
201800035690,0.0,10,0,0.0,1.0,1.0,23.0,A01
201800035691,0.0,7,0,0.0,1.0,1.0,1.0,A01
201800035692,0.0,7,0,0.0,1.0,1.0,1.0,A01
201800035693,0.0,7,0,3.0,0.0,1.0,1.0,A01
201800035693,0.0,7,0,0.0,2.0,1.0,1.0,B01
201800035693,0.0,7,0,0.0,2.0,1.0,1.0,C01
201800035694,1.0,7,0,0.0,2.0,2.0,16.0,A01
201800035694,2.0,1,0,0.0,2.0,3.0,1.0,B01
201800035695,1.0,7,0,0.0,1.0,4.0,4.0,A01
201800035695,0.0,99,0,0.0,2.0,0.0,0.0,R01
201800035696,1.0,7,0,0.0,2.0,1.0,0.0,A01
201800035696,2.0,7,0,0.0,2.0,3.0,0.0,B01
201800035697,2.0,7,0,0.0,2.0,9.0,1.0,C01
201800035697,2.0,7,0,0.0,2.0,4.0,1.0,E01
201800035697,2.0,7,0,0.0,2.0,9.0,1.0,D01
201800035697,0.0,2,0,0.0,2.0,4.0,9.0,B01
201800035697,2.0,7,0,0.0,2.0,1.0,9.0,A01
201800035698,2.0,3,0,0.0,2.0,4.0,2.0,A01
201800035698,2.0,7,0,0.0,2.0,1.0,2.0,B01
201800035699,0.0,2,0,0.0,2.0,1.0,1.0,A01
201800035699,2.0,7,0,0.0,2.0,1.0,9.0,B01
201800035700,2.0,7,0,0.0,1.0,2.0,0.0,A01
201800035701,0.0,33,0,0.0,6.0,8.0,21.0,A01
201800035702,2.0,7,0,14.0,2.0,1.0,13.0,A01
201800035702,1.0,7,0,0.0,2.0,1.0,1.0,B01
201800035703,0.0,3,0,6.0,0.0,3.0,0.0,A01
201800035704,0.0,32,0,0.0,2.0,4.0,15.0,A01
201800035704,0.0,7,0,16.0,0.0,4.0,15.0,B01
201800035705,1.0,33,0,0.0,6.0,1.0,1.0,A01
201800035706,1.0,7,0,0.0,1.0,2.0,1.0,A01
201800035707,1.0,7,0,0.0,2.0,8.0,15.0,A01
201800035707,1.0,33,0,0.0,2.0,1.0,2.0,B01
201800035708,1.0,7,0,0.0,2.0,1.0,1.0,A01
201800035708,2.0,7,0,0.0,2.0,8.0,1.0,B01
201800035709,1.0,10,0,0.0,2.0,1.0,15.0,A01
201800035709,2.0,33,0,0.0,2.0,1.0,1.0,B01
201800035710,1.0,30,0,0.0,0.0,0.0,0.0,A01
201800035711,1.0,7,0,0.0,1.0,2.0,16.0,A01
201800035712,2.0,7,0,0.0,2.0,3.0,15.0,A01
201800035712,2.0,33,0,0.0,2.0,1.0,3.0,B01
201800035713,1.0,7,0,0.0,1.0,1.0,15.0,Z01
201800035714,2.0,7,0,0.0,2.0,1.0,1.0,B01
201800035714,1.0,7,0,0.0,2.0,3.0,9.0,A01
201800035715,0.0,7,0,0.0,2.0,1.0,9.0,B01
201800035715,2.0,7,0,8.0,2.0,2.0,1.0,A01
201800035716,2.0,33,0,0.0,1.0,1.0,1.0,A01
201800035717,0.0,7,0,0.0,2.0,2.0,1.0,A01
201800035717,0.0,1,0,0.0,2.0,1.0,1.0,B01
201800035718,1.0,7,0,0.0,1.0,1.0,11.0,A01
201800035719,2.0,7,0,0.0,2.0,3.0,1.0,C01
201800035719,1.0,7,0,0.0,2.0,3.0,3.0,A01
201800035719,2.0,7,0,0.0,2.0,6.0,1.0,B01
201800035720,1.0,7,0,0.0,1.0,1.0,0.0,A01
201800035721,2.0,7,0,0.0,2.0,1.0,13.0,A01
201800035721,1.0,17,0,0.0,2.0,1.0,1.0,B01
201800035722,1.0,7,0,0.0,2.0,1.0,1.0,A01
201800035722,1.0,2,0,0.0,2.0,1.0,1.0,B01
201800035723,1.0,7,0,13.0,0.0,9.0,14.0,A01
201800035724,1.0,7,0,0.0,1.0,2.0,16.0,A01
201800035725,2.0,7,0,0.0,2.0,4.0,2.0,B01
201800035725,2.0,7,0,0.0,2.0,1.0,2.0,A01
201800035726,2.0,7,0,0.0,1.0,2.0,9.0,A01
201800035727,1.0,7,0,0.0,1.0,2.0,2.0,A01
201800035728,1.0,7,0,0.0,2.0,8.0,15.0,A01
201800035728,1.0,33,0,0.0,2.0,1.0,17.0,B01
201800035729,1.0,2,0,0.0,2.0,1.0,2.0,B01
201800035729,1.0,10,0,0.0,2.0,4.0,2.0,A01
201800035730,2.0,7,0,0.0,2.0,1.0,2.0,A01
201800035730,2.0,7,0,0.0,2.0,4.0,1.0,B01
201800035731,2.0,7,0,0.0,2.0,8.0,22.0,A01
201800035731,2.0,7,0,1.0,0.0,7.0,1.0,B01
201800035732,2.0,7,0,0.0,2.0,1.0,1.0,B01
201800035732,1.0,7,0,0.0,2.0,1.0,13.0,A01
201800035733,1.0,7,0,0.0,2.0,4.0,2.0,C01
201800035733,1.0,38,41,0.0,2.0,4.0,2.0,B01
201800035733,1.0,17,0,0.0,2.0,1.0,2.0,A01
201800035734,1.0,7,0,0.0,2.0,1.0,0.0,B01
201800035734,2.0,7,0,0.0,2.0,1.0,13.0,A01
201800035735,1.0,7,0,2.0,0.0,1.0,1.0,A01
201800035736,1.0,7,0,0.0,2.0,3.0,15.0,A01
201800035736,2.0,7,0,0.0,2.0,3.0,1.0,B01
201800035737,1.0,7,0,0.0,0.0,0.0,2.0,B01
201800035737,1.0,1,0,12.0,0.0,7.0,2.0,A01
201800035738,1.0,7,0,0.0,1.0,2.0,0.0,A01
201800035739,1.0,7,0,0.0,2.0,7.0,2.0,B01
201800035739,0.0,7,0,0.0,2.0,1.0,0.0,A01
201800035740,0.0,1,0,0.0,2.0,1.0,1.0,B01
201800035740,1.0,7,0,0.0,2.0,5.0,16.0,A01
201800035741,1.0,7,0,0.0,2.0,1.0,13.0,A01
201800035741,2.0,17,0,0.0,2.0,1.0,1.0,B01
201800035742,1.0,3,0,0.0,2.0,7.0,1.0,B01
201800035742,2.0,7,0,0.0,2.0,3.0,9.0,A01
201800035743,1.0,7,0,,,,,A01
201800035744,1.0,1,0,0.0,2.0,7.0,1.0,B01
201800035744,1.0,7,0,0.0,2.0,1.0,1.0,A01
201800035745,1.0,7,0,0.0,1.0,1.0,1.0,A01
201800035746,0.0,1,0,0.0,2.0,1.0,16.0,B01
201800035746,1.0,7,0,0.0,2.0,7.0,15.0,A01
201800035747,0.0,32,0,1.0,2.0,1.0,19.0,A01
201800035747,1.0,7,0,0.0,2.0,1.0,1.0,B01
201800035748,2.0,7,0,0.0,2.0,3.0,1.0,B01
201800035748,1.0,30,0,0.0,2.0,3.0,5.0,A01
201800035749,2.0,32,0,0.0,2.0,2.0,2.0,A01
201800035749,2.0,7,0,0.0,2.0,4.0,2.0,B01
201800035750,1.0,7,0,0.0,2.0,1.0,15.0,A01
201800035750,2.0,2,0,0.0,2.0,1.0,1.0,B01
201800035751,2.0,7,0,0.0,2.0,2.0,15.0,A01
201800035751,1.0,33,0,0.0,2.0,3.0,1.0,B01
201800035752,1.0,7,0,0.0,2.0,1.0,1.0,B01
201800035752,2.0,30,0,0.0,2.0,1.0,13.0,A01
201800035753,2.0,7,0,0.0,2.0,1.0,19.0,A01
201800035753,2.0,33,0,0.0,2.0,1.0,1.0,B01
201800035754,2.0,7,0,0.0,2.0,1.0,9.0,B01
201800035754,1.0,33,0,0.0,2.0,1.0,1.0,A01
201800035755,1.0,33,0,0.0,2.0,8.0,17.0,B01
201800035755,1.0,7,0,0.0,2.0,6.0,15.0,A01
201800035756,2.0,7,0,0.0,2.0,5.0,1.0,B01
201800035756,2.0,1,0,0.0,2.0,0.0,9.0,A01
201800035757,1.0,7,0,0.0,2.0,1.0,15.0,A01
201800035757,1.0,1,0,0.0,2.0,3.0,1.0,B01
201800035758,1.0,7,0,0.0,1.0,2.0,1.0,A01
201800035759,1.0,33,0,0.0,2.0,9.0,1.0,B01
201800035759,2.0,10,0,0.0,2.0,6.0,15.0,A01
201800035760,1.0,7,0,0.0,2.0,1.0,15.0,A01
201800035760,2.0,1,0,0.0,2.0,1.0,1.0,B01
201800035761,1.0,7,0,0.0,2.0,8.0,1.0,B01
201800035761,1.0,7,0,0.0,2.0,3.0,13.0,A01
201800035761,1.0,7,0,0.0,2.0,1.0,1.0,C01
201800035762,0.0,33,0,0.0,0.0,9.0,2.0,A01
201800035763,2.0,33,0,0.0,2.0,6.0,1.0,B01
201800035763,1.0,7,0,0.0,2.0,3.0,15.0,A01
201800035764,1.0,2,0,0.0,1.0,1.0,17.0,A01
201800035765,1.0,30,0,0.0,2.0,1.0,1.0,B01
201800035765,0.0,7,0,0.0,2.0,3.0,15.0,A01
201800035766,2.0,7,0,0.0,2.0,1.0,1.0,B01
201800035766,1.0,7,0,0.0,2.0,7.0,5.0,A01
201800035767,1.0,1,0,0.0,2.0,8.0,19.0,B01
201800035767,2.0,10,0,0.0,2.0,1.0,1.0,A01
201800035768,1.0,2,0,0.0,1.0,1.0,1.0,A01
201800035769,2.0,7,0,0.0,1.0,1.0,1.0,A01
201800035770,1.0,7,0,0.0,2.0,1.0,9.0,A01
201800035770,1.0,31,0,0.0,2.0,7.0,1.0,B01
201800035771,1.0,7,0,0.0,1.0,8.0,17.0,A01
201800035772,1.0,7,0,0.0,2.0,3.0,1.0,B01
201800035772,2.0,7,0,0.0,2.0,3.0,1.0,A01
201800035773,1.0,7,0,0.0,1.0,1.0,2.0,A01
201800035774,1.0,7,0,0.0,2.0,1.0,13.0,A01
201800035774,2.0,7,0,0.0,2.0,1.0,1.0,B01
201800035775,1.0,7,0,0.0,0.0,1.0,19.0,A01
201800035776,2.0,33,0,0.0,6.0,1.0,1.0,A01
201800035777,1.0,7,0,1.0,0.0,1.0,13.0,A01
201800035778,1.0,1,0,0.0,2.0,8.0,1.0,B01
201800035778,2.0,7,0,0.0,2.0,1.0,19.0,A01
201800035779,2.0,7,0,0.0,0.0,1.0,0.0,A01
201800035780,2.0,7,0,0.0,2.0,3.0,9.0,A01
201800035780,2.0,32,0,0.0,2.0,7.0,1.0,B01
201800035781,1.0,7,0,0.0,2.0,7.0,19.0,B01
201800035781,1.0,7,0,0.0,2.0,1.0,19.0,A01
201800035782,2.0,7,0,0.0,2.0,4.0,1.0,B01
201800035782,2.0,7,0,0.0,2.0,1.0,2.0,A01
201800035783,2.0,31,0,0.0,2.0,1.0,1.0,B01
201800035783,1.0,7,0,0.0,2.0,8.0,10.0,A01
201800035784,1.0,10,0,0.0,2.0,5.0,17.0,A01
201800035784,1.0,1,0,0.0,2.0,1.0,15.0,B01
201800035785,0.0,7,0,0.0,2.0,3.0,15.0,A01
201800035785,0.0,2,0,0.0,2.0,7.0,15.0,B01
201800035786,0.0,7,0,0.0,2.0,2.0,19.0,A01
201800035786,0.0,7,0,0.0,2.0,3.0,1.0,B01
201800035787,0.0,2,0,0.0,2.0,7.0,9.0,B01
201800035787,0.0,7,0,0.0,2.0,3.0,9.0,A01
201800035788,1.0,7,0,0.0,0.0,0.0,0.0,B01
201800035788,1.0,7,0,0.0,2.0,2.0,14.0,A01
201800035789,2.0,2,0,0.0,2.0,1.0,1.0,B01
201800035789,2.0,7,0,0.0,2.0,3.0,15.0,A01
201800035790,0.0,30,0,0.0,2.0,1.0,17.0,A01
201800035790,0.0,7,0,0.0,2.0,2.0,1.0,B01
201800035791,0.0,7,0,0.0,2.0,2.0,9.0,A01
201800035791,0.0,7,0,0.0,2.0,1.0,1.0,B01
201800035792,1.0,30,0,1.0,2.0,2.0,0.0,A01
201800035793,1.0,30,0,0.0,0.0,7.0,0.0,A01
201800035794,2.0,33,0,0.0,2.0,7.0,15.0,A01
201800035794,1.0,7,0,0.0,2.0,1.0,1.0,B01
201800035795,0.0,7,0,0.0,0.0,0.0,1.0,A01
201800035796,2.0,33,0,0.0,2.0,1.0,1.0,B01
201800035796,1.0,7,0,0.0,2.0,3.0,9.0,A01
201800035797,2.0,7,0,0.0,1.0,3.0,15.0,A01
201800035798,0.0,7,0,0.0,2.0,1.0,19.0,B01
201800035798,0.0,7,0,0.0,2.0,3.0,19.0,A01
201800035799,2.0,7,0,0.0,2.0,5.0,16.0,A01
201800035799,2.0,1,0,0.0,2.0,1.0,1.0,B01
201800035800,1.0,30,0,1.0,0.0,2.0,0.0,A01
201800035801,1.0,7,0,0.0,2.0,1.0,1.0,A01
201800035801,1.0,2,0,0.0,2.0,4.0,1.0,B01
201800035802,0.0,7,0,0.0,2.0,4.0,23.0,B01
201800035802,0.0,7,0,0.0,2.0,1.0,1.0,A01
201800035803,0.0,7,0,0.0,1.0,2.0,16.0,A01
201800035804,0.0,7,0,0.0,2.0,3.0,9.0,A01
201800035804,0.0,1,0,0.0,2.0,1.0,1.0,B01
201800035805,1.0,30,0,0.0,2.0,2.0,1.0,B01
201800035805,1.0,7,0,1.0,2.0,5.0,0.0,A01
201800035806,1.0,7,0,0.0,2.0,1.0,1.0,A01
201800035806,1.0,1,0,0.0,2.0,4.0,1.0,B01
201800035807,1.0,7,0,0.0,2.0,3.0,15.0,B01
201800035807,1.0,33,0,0.0,2.0,5.0,17.0,A01
201800035808,2.0,7,0,0.0,2.0,6.0,20.0,B01
201800035808,2.0,30,0,0.0,2.0,1.0,17.0,A01
201800035809,0.0,30,0,0.0,2.0,1.0,1.0,B01
201800035809,0.0,7,0,0.0,2.0,2.0,15.0,A01
201800035810,1.0,1,0,14.0,0.0,0.0,1.0,A01
201800035811,0.0,1,0,0.0,0.0,0.0,0.0,B01
201800035811,1.0,7,0,0.0,2.0,3.0,2.0,A01
201800035812,0.0,2,0,0.0,2.0,1.0,1.0,B01
201800035812,0.0,7,0,0.0,2.0,8.0,9.0,A01
201800035813,1.0,34,0,0.0,2.0,8.0,1.0,A01
201800035814,0.0,32,0,0.0,2.0,2.0,1.0,B01
201800035814,0.0,7,0,0.0,2.0,3.0,9.0,A01
201800035815,1.0,33,0,0.0,2.0,1.0,1.0,B01
201800035815,1.0,10,0,0.0,2.0,4.0,4.0,A01
201800035816,0.0,2,0,8.0,2.0,1.0,13.0,A01
201800035816,0.0,7,0,0.0,2.0,3.0,1.0,B01
201800035817,1.0,30,0,0.0,2.0,1.0,1.0,B01
201800035817,1.0,7,0,0.0,2.0,3.0,0.0,A01
201800035818,1.0,7,0,0.0,2.0,3.0,1.0,B01
201800035818,1.0,7,0,0.0,2.0,2.0,15.0,A01
201800035819,0.0,7,0,0.0,2.0,4.0,2.0,A01
201800035819,0.0,1,0,0.0,0.0,0.0,0.0,B01
201800035820,1.0,7,0,0.0,2.0,1.0,9.0,A01
201800035820,0.0,13,0,0.0,2.0,7.0,1.0,B01
201800035821,1.0,7,0,0.0,9.0,8.0,0.0,A01
201800035821,1.0,99,0,0.0,2.0,1.0,1.0,B01
201800035822,1.0,7,0,2.0,0.0,1.0,1.0,A01
201800035823,1.0,7,0,0.0,2.0,8.0,19.0,A01
201800035823,1.0,13,0,0.0,2.0,1.0,19.0,B01
201800035824,1.0,31,0,1.0,0.0,2.0,21.0,A01
201800035824,1.0,7,0,0.0,0.0,3.0,24.0,B01
201800035825,1.0,7,0,15.0,2.0,2.0,13.0,A01
201800035825,2.0,7,0,0.0,2.0,3.0,2.0,B01
201800035826,2.0,30,0,9.0,0.0,1.0,1.0,A01
201800035827,0.0,7,0,0.0,2.0,5.0,17.0,A01
201800035827,0.0,7,0,1.0,1.0,1.0,1.0,B01
201800035827,0.0,7,0,0.0,2.0,4.0,23.0,D01
201800035828,1.0,7,0,0.0,2.0,3.0,16.0,A01
201800035828,1.0,30,0,0.0,2.0,3.0,1.0,B01
201800035829,0.0,10,0,0.0,2.0,7.0,15.0,A01
201800035829,0.0,33,0,0.0,2.0,2.0,2.0,B01
201800035830,0.0,13,0,0.0,2.0,1.0,2.0,A01
201800035830,0.0,10,0,0.0,2.0,4.0,2.0,B01