Num_Acc,senc,catv,occutc,obs,obsm,choc,manv,num_veh
201800035831,0.0,33,0,0.0,0.0,1.0,0.0,A01
201800035832,0.0,7,0,0.0,2.0,1.0,1.0,B01
201800035832,0.0,7,0,0.0,2.0,1.0,13.0,A01
201800035833,1.0,13,0,0.0,1.0,4.0,4.0,A01
201800035834,0.0,10,0,0.0,2.0,1.0,1.0,B01
201800035834,0.0,7,0,0.0,2.0,2.0,1.0,A01
201800035835,0.0,30,0,0.0,6.0,1.0,1.0,A01
201800035836,0.0,34,0,0.0,2.0,1.0,9.0,A01
201800035836,0.0,7,0,0.0,2.0,5.0,1.0,B01
201800035837,1.0,7,0,0.0,2.0,1.0,1.0,A01
201800035837,2.0,7,0,0.0,2.0,3.0,15.0,B01
201800035838,1.0,7,0,2.0,0.0,0.0,13.0,A01
201800035839,2.0,7,0,0.0,1.0,2.0,1.0,A01
201800035840,1.0,7,0,0.0,2.0,1.0,9.0,A01
201800035840,1.0,34,0,0.0,2.0,7.0,1.0,B01
201800035841,1.0,7,0,0.0,2.0,9.0,1.0,A01
201800035841,2.0,7,0,0.0,2.0,1.0,1.0,B01
201800035841,1.0,7,0,0.0,2.0,1.0,1.0,C01
201800035842,2.0,7,0,0.0,2.0,2.0,15.0,A01
201800035842,1.0,1,0,0.0,2.0,1.0,2.0,B01
201800035843,2.0,7,0,0.0,2.0,7.0,15.0,A01
201800035843,1.0,1,0,0.0,2.0,1.0,1.0,B01
201800035844,1.0,7,0,0.0,2.0,3.0,1.0,A01
201800035844,2.0,7,0,0.0,2.0,2.0,1.0,B01
201800035845,1.0,7,0,0.0,2.0,1.0,13.0,A01
201800035845,1.0,7,0,0.0,2.0,1.0,1.0,B01
201800035846,1.0,7,0,0.0,2.0,5.0,15.0,A01
201800035846,2.0,7,0,0.0,2.0,1.0,1.0,B01
201800035847,0.0,7,0,0.0,2.0,2.0,15.0,A01
201800035847,0.0,2,0,0.0,2.0,1.0,1.0,B01
201800035848,2.0,7,0,0.0,2.0,1.0,15.0,A01
201800035848,1.0,7,0,0.0,2.0,1.0,1.0,B01
201800035849,0.0,7,0,0.0,1.0,0.0,14.0,A01
201800035849,0.0,7,0,0.0,2.0,4.0,4.0,B01
201800035849,0.0,7,0,0.0,2.0,1.0,1.0,C01
201800035850,1.0,7,0,0.0,9.0,1.0,9.0,A01
201800035850,2.0,1,0,0.0,2.0,7.0,13.0,B01
201800035851,2.0,7,0,0.0,2.0,1.0,13.0,A01
201800035851,1.0,7,0,0.0,2.0,1.0,1.0,B01
201800035852,1.0,2,0,0.0,2.0,1.0,1.0,A01
201800035852,0.0,7,0,0.0,2.0,3.0,1.0,B01
201800035853,0.0,7,0,0.0,2.0,1.0,1.0,A01
201800035853,0.0,33,0,0.0,2.0,4.0,1.0,B01
201800035853,0.0,7,0,0.0,2.0,4.0,1.0,C01
201800035854,2.0,7,0,0.0,2.0,1.0,1.0,B01
201800035854,1.0,7,0,0.0,2.0,8.0,15.0,A01
201800035855,2.0,33,0,0.0,2.0,1.0,3.0,A01
201800035855,2.0,7,0,0.0,2.0,4.0,1.0,B01
201800035856,1.0,7,0,0.0,2.0,1.0,15.0,A01
201800035856,2.0,7,0,0.0,2.0,1.0,1.0,B01
201800035857,1.0,7,0,0.0,0.0,0.0,1.0,A01
201800035858,1.0,7,0,0.0,2.0,1.0,15.0,A01
201800035858,1.0,34,0,0.0,2.0,1.0,1.0,B01
201800035859,1.0,7,0,0.0,2.0,1.0,5.0,A01
201800035859,2.0,7,0,0.0,2.0,1.0,2.0,B01
201800035860,2.0,7,0,0.0,2.0,1.0,17.0,A01
201800035860,1.0,7,0,0.0,2.0,1.0,1.0,B01
201800035861,1.0,7,0,0.0,2.0,5.0,15.0,A01
201800035861,2.0,7,0,0.0,2.0,1.0,1.0,B01
201800035862,1.0,2,0,0.0,2.0,1.0,1.0,B01
201800035862,1.0,7,0,0.0,2.0,1.0,15.0,A01
201800035863,1.0,7,0,0.0,2.0,1.0,2.0,A01
201800035863,1.0,7,0,0.0,2.0,4.0,2.0,B01
201800035864,2.0,30,0,0.0,2.0,1.0,15.0,A01
201800035864,1.0,30,0,0.0,2.0,1.0,1.0,B01
201800035865,1.0,7,0,0.0,2.0,8.0,10.0,A01
201800035865,1.0,31,0,0.0,2.0,1.0,1.0,B01
201800035866,0.0,7,0,0.0,2.0,1.0,1.0,A01
201800035866,0.0,7,0,0.0,2.0,4.0,1.0,B01
201800035867,2.0,10,0,0.0,2.0,4.0,1.0,C01
201800035867,2.0,7,0,0.0,2.0,1.0,2.0,A01
201800035867,2.0,7,0,0.0,2.0,4.0,2.0,B01
201800035868,1.0,2,0,0.0,2.0,1.0,1.0,A01
201800035868,1.0,7,0,0.0,2.0,6.0,20.0,B01
201800035869,2.0,7,0,0.0,2.0,0.0,2.0,B01
201800035869,1.0,36,0,0.0,2.0,1.0,9.0,A01
201800035870,2.0,7,0,0.0,2.0,1.0,9.0,A01
201800035870,1.0,1,0,0.0,2.0,7.0,1.0,B01
201800035871,2.0,7,0,0.0,0.0,0.0,2.0,A01
201800035871,1.0,30,0,0.0,0.0,0.0,0.0,B01
201800035872,2.0,7,0,0.0,2.0,1.0,2.0,A01
201800035872,2.0,7,0,0.0,2.0,4.0,2.0,B01
201800035873,1.0,7,0,0.0,2.0,3.0,1.0,A01
201800035873,1.0,7,0,0.0,2.0,1.0,1.0,B01
201800035874,1.0,10,0,0.0,2.0,1.0,1.0,A01
201800035874,1.0,7,0,0.0,2.0,7.0,1.0,B01
201800035875,1.0,2,0,0.0,2.0,0.0,13.0,A01
201800035875,2.0,7,0,0.0,2.0,8.0,24.0,B01
201800035876,0.0,7,0,0.0,2.0,9.0,1.0,A01
201800035876,0.0,10,0,0.0,2.0,1.0,1.0,B01
201800035877,2.0,7,0,0.0,1.0,1.0,1.0,A01
201800035878,0.0,7,0,0.0,2.0,1.0,15.0,A01
201800035878,0.0,7,0,0.0,2.0,1.0,1.0,B01
201800035879,0.0,7,0,0.0,2.0,1.0,2.0,B01
201800035879,0.0,7,0,0.0,2.0,1.0,13.0,A01
201800035880,1.0,17,0,0.0,2.0,6.0,0.0,B01
201800035880,1.0,7,0,0.0,2.0,1.0,2.0,A01
201800035881,0.0,7,0,0.0,2.0,2.0,0.0,A01
201800035881,0.0,17,0,0.0,2.0,6.0,2.0,B01
201800035882,0.0,7,0,0.0,2.0,1.0,9.0,A01
201800035882,0.0,31,0,0.0,2.0,7.0,1.0,B01
201800035883,1.0,7,0,1.0,2.0,3.0,13.0,A01
201800035883,2.0,7,0,1.0,2.0,8.0,2.0,B01
201800035884,1.0,30,0,0.0,2.0,7.0,15.0,A01
201800035884,2.0,7,0,0.0,2.0,1.0,1.0,B01
201800035885,0.0,33,0,0.0,2.0,2.0,12.0,A01
201800035885,0.0,7,0,0.0,2.0,3.0,2.0,B01
201800035886,0.0,33,0,9.0,0.0,1.0,0.0,A01
201800035887,2.0,31,0,0.0,2.0,1.0,17.0,A01
201800035887,2.0,7,0,0.0,2.0,3.0,15.0,B01
201800035888,2.0,7,0,0.0,2.0,3.0,1.0,B01
201800035888,1.0,7,0,0.0,2.0,3.0,13.0,A01
201800035889,1.0,7,0,0.0,2.0,1.0,2.0,A01
201800035889,1.0,7,0,0.0,2.0,1.0,0.0,C01
201800035889,1.0,7,0,0.0,2.0,4.0,2.0,B01
201800035889,1.0,7,0,0.0,2.0,1.0,0.0,D01
201800035890,1.0,10,0,1.0,0.0,3.0,13.0,A01
201800035891,2.0,7,0,0.0,2.0,7.0,0.0,A01
201800035891,1.0,34,0,0.0,2.0,1.0,2.0,B01
201800035892,1.0,7,0,0.0,2.0,1.0,15.0,A01
201800035892,2.0,7,0,0.0,2.0,3.0,2.0,C01
201800035892,2.0,7,0,0.0,2.0,3.0,2.0,B01
201800035893,0.0,7,0,0.0,2.0,5.0,15.0,A01
201800035893,0.0,7,0,0.0,2.0,8.0,1.0,B01
201800035894,2.0,7,0,0.0,1.0,2.0,1.0,A01
201800035895,1.0,30,0,12.0,0.0,0.0,1.0,A01
201800035895,1.0,7,0,0.0,0.0,0.0,17.0,B01
201800035896,0.0,30,0,0.0,0.0,2.0,1.0,A01
201800035897,2.0,37,3,4.0,0.0,1.0,2.0,A01
201800035898,2.0,2,0,0.0,2.0,2.0,15.0,A01
201800035898,1.0,10,0,0.0,2.0,1.0,1.0,B01
201800035899,1.0,7,0,1.0,0.0,7.0,14.0,A01
201800035900,2.0,7,0,0.0,2.0,1.0,2.0,A01
201800035900,2.0,7,0,0.0,2.0,4.0,23.0,B01
201800035901,2.0,7,0,6.0,0.0,2.0,14.0,A01
201800035902,0.0,1,0,0.0,2.0,1.0,1.0,B01
201800035902,0.0,7,0,0.0,2.0,3.0,9.0,A01
201800035903,0.0,7,0,0.0,2.0,1.0,2.0,A01
201800035903,0.0,7,0,0.0,2.0,4.0,23.0,B01
201800035904,0.0,33,0,0.0,1.0,1.0,1.0,A01
201800035905,2.0,7,0,0.0,2.0,1.0,2.0,A01
201800035905,2.0,7,0,0.0,2.0,4.0,1.0,B01
201800035906,0.0,7,0,0.0,2.0,1.0,9.0,A01
201800035906,0.0,1,0,0.0,2.0,8.0,1.0,B01
201800035907,1.0,7,0,0.0,1.0,2.0,1.0,A01
201800035908,1.0,7,0,0.0,2.0,3.0,15.0,A01
201800035908,2.0,33,0,0.0,2.0,1.0,1.0,B01
201800035909,2.0,13,0,0.0,2.0,2.0,12.0,A01
201800035909,2.0,7,0,0.0,2.0,6.0,1.0,B01
201800035910,0.0,7,0,0.0,2.0,2.0,2.0,A01
201800035910,0.0,2,0,0.0,2.0,8.0,2.0,B01
201800035911,0.0,7,0,0.0,2.0,1.0,1.0,B01
201800035911,0.0,7,0,0.0,2.0,7.0,1.0,A01
201800035912,1.0,30,0,0.0,2.0,1.0,0.0,A01
201800035912,2.0,7,0,0.0,2.0,2.0,15.0,B01
201800035913,1.0,10,0,14.0,0.0,1.0,2.0,A01
201800035913,1.0,7,0,0.0,2.0,4.0,2.0,B01
201800035914,0.0,7,0,0.0,2.0,2.0,17.0,A01
201800035914,0.0,1,0,0.0,2.0,3.0,1.0,B01
201800035915,0.0,10,0,0.0,2.0,4.0,1.0,B01
201800035915,0.0,7,0,0.0,2.0,1.0,2.0,A01
201800035916,0.0,33,0,0.0,2.0,1.0,1.0,B01
201800035916,0.0,10,0,0.0,2.0,5.0,9.0,A01
201800035917,1.0,7,0,0.0,2.0,1.0,9.0,A01
201800035917,0.0,1,0,0.0,2.0,7.0,1.0,B01
201800035918,1.0,7,0,0.0,2.0,1.0,1.0,A01
201800035918,2.0,2,0,0.0,2.0,7.0,1.0,B01
201800035919,0.0,7,0,0.0,0.0,0.0,0.0,A01
201800035920,1.0,31,0,0.0,2.0,1.0,1.0,B01
201800035920,2.0,7,0,0.0,2.0,8.0,15.0,A01
201800035921,1.0,7,0,0.0,2.0,8.0,10.0,A01
201800035921,1.0,33,0,0.0,2.0,1.0,2.0,B01
201800035922,2.0,30,0,0.0,2.0,5.0,15.0,A01
201800035922,1.0,2,0,0.0,2.0,1.0,1.0,B01
201800035923,0.0,7,0,0.0,2.0,1.0,5.0,A01
201800035923,0.0,2,0,0.0,2.0,1.0,2.0,B01
201800035924,1.0,7,0,14.0,0.0,1.0,2.0,A01
201800035924,1.0,7,0,0.0,2.0,4.0,2.0,B01
201800035924,1.0,7,0,0.0,2.0,4.0,2.0,C01
201800035925,1.0,7,0,0.0,0.0,8.0,13.0,A01
201800035926,0.0,7,0,0.0,2.0,8.0,9.0,A01
201800035926,0.0,7,0,0.0,2.0,1.0,2.0,B01
201800035927,1.0,31,0,0.0,2.0,1.0,1.0,C01
201800035927,1.0,7,0,0.0,2.0,3.0,1.0,A01
201800035927,2.0,38,45,0.0,2.0,3.0,15.0,B01
201800035928,0.0,7,0,0.0,2.0,3.0,1.0,B01
201800035928,0.0,30,0,0.0,2.0,3.0,0.0,A01
201800035929,0.0,7,0,0.0,2.0,7.0,15.0,A01
201800035929,1.0,7,0,0.0,2.0,1.0,1.0,B01
201800035930,0.0,37,1,0.0,2.0,1.0,1.0,B01
201800035930,0.0,7,0,0.0,2.0,4.0,9.0,A01
201800035931,1.0,7,0,0.0,2.0,5.0,2.0,B01
201800035931,1.0,33,0,0.0,2.0,1.0,2.0,A01
201800035932,1.0,7,0,0.0,1.0,1.0,1.0,A01
201800035933,1.0,7,0,0.0,2.0,4.0,23.0,B01
201800035933,1.0,33,0,9.0,2.0,1.0,21.0,A01
201800035934,1.0,7,0,0.0,2.0,3.0,1.0,A01
201800035934,2.0,32,0,0.0,2.0,1.0,15.0,B01
201800035935,2.0,7,0,0.0,1.0,7.0,1.0,A01
201800035936,0.0,33,0,0.0,0.0,1.0,1.0,A01
201800035937,1.0,30,0,0.0,2.0,1.0,2.0,A01
201800035937,1.0,7,0,0.0,2.0,4.0,15.0,B01
201800035938,1.0,7,0,6.0,0.0,1.0,14.0,A01
201800035939,1.0,7,0,1.0,0.0,1.0,14.0,A01
201800035940,0.0,7,0,0.0,1.0,1.0,1.0,A01
201800035941,0.0,7,0,14.0,2.0,1.0,1.0,A01
201800035941,0.0,7,0,0.0,1.0,4.0,23.0,B01
201800035942,0.0,7,0,0.0,2.0,4.0,1.0,B01
201800035942,0.0,7,0,0.0,1.0,1.0,2.0,A01
201800035943,1.0,7,0,0.0,2.0,3.0,1.0,A01
201800035943,2.0,34,0,0.0,2.0,1.0,21.0,B01
201800035944,1.0,7,0,0.0,2.0,1.0,1.0,B01
201800035944,1.0,10,0,0.0,2.0,4.0,18.0,A01
201800035945,1.0,7,0,0.0,2.0,1.0,1.0,B01
201800035945,1.0,10,0,0.0,2.0,4.0,18.0,A01
201800035946,1.0,7,0,0.0,1.0,1.0,1.0,A01
201800035947,2.0,7,0,0.0,1.0,2.0,1.0,A01
201800035948,2.0,33,0,0.0,2.0,1.0,2.0,A01
201800035948,2.0,7,0,0.0,2.0,4.0,1.0,B01
201800035949,2.0,7,0,0.0,2.0,3.0,0.0,A01
201800035949,2.0,31,0,0.0,2.0,7.0,1.0,B01
201800035950,0.0,7,0,0.0,2.0,8.0,2.0,B01
201800035950,0.0,10,0,7.0,0.0,0.0,2.0,C01
201800035950,0.0,7,0,7.0,2.0,1.0,9.0,A01
201800035951,0.0,7,0,0.0,1.0,1.0,1.0,A01
201800035952,1.0,7,0,0.0,2.0,8.0,9.0,A01
201800035952,1.0,33,0,0.0,2.0,1.0,1.0,B01
201800035953,0.0,10,0,0.0,2.0,2.0,1.0,B01
201800035953,0.0,7,0,0.0,2.0,8.0,1.0,A01
201800035954,0.0,7,0,0.0,1.0,1.0,1.0,A01
201800035955,0.0,7,0,0.0,2.0,3.0,15.0,A01
201800035955,0.0,31,0,0.0,2.0,1.0,1.0,B01
201800035956,0.0,7,0,0.0,2.0,7.0,1.0,A01
201800035956,0.0,1,0,0.0,2.0,0.0,0.0,B01
201800035957,2.0,33,0,0.0,2.0,1.0,1.0,B01
201800035957,1.0,7,0,0.0,2.0,7.0,15.0,A01
201800035958,0.0,7,0,0.0,2.0,1.0,1.0,B01
201800035958,0.0,10,0,0.0,2.0,7.0,15.0,A01
201800035959,0.0,1,0,0.0,2.0,7.0,1.0,B01
201800035959,0.0,7,0,0.0,2.0,1.0,9.0,A01
201800035960,0.0,1,0,0.0,2.0,1.0,1.0,B01
201800035960,0.0,7,0,0.0,2.0,2.0,16.0,A01
201800035961,1.0,2,0,0.0,2.0,4.0,1.0,A01
201800035962,0.0,7,0,0.0,1.0,1.0,7.0,A01
201800035963,1.0,7,0,0.0,2.0,1.0,13.0,A01
201800035963,2.0,7,0,0.0,2.0,1.0,1.0,B01
201800035964,1.0,7,0,0.0,2.0,4.0,1.0,C01
201800035964,1.0,33,0,0.0,2.0,4.0,1.0,B01
201800035964,1.0,7,0,0.0,2.0,1.0,1.0,A01
201800035965,2.0,7,0,0.0,2.0,1.0,0.0,A01
201800035965,1.0,7,0,0.0,2.0,4.0,23.0,B01
201800035966,2.0,7,0,13.0,0.0,1.0,14.0,A01
201800035967,1.0,7,0,0.0,1.0,1.0,16.0,A01
201800035968,1.0,7,0,2.0,0.0,1.0,1.0,A01
201800035968,2.0,7,0,2.0,0.0,1.0,1.0,B01
201800035969,1.0,7,0,0.0,1.0,2.0,15.0,A01
201800035970,1.0,7,0,0.0,2.0,1.0,2.0,A01
201800035970,2.0,7,0,9.0,2.0,4.0,2.0,B01
201800035971,2.0,7,0,0.0,2.0,1.0,15.0,A01
201800035971,1.0,37,12,0.0,2.0,3.0,1.0,B01
201800035972,1.0,7,0,0.0,2.0,8.0,22.0,A01
201800035972,1.0,1,0,0.0,2.0,2.0,1.0,B01
201800035973,1.0,7,0,0.0,1.0,3.0,1.0,A01
201800035974,1.0,7,0,0.0,1.0,1.0,1.0,A01
201800035975,2.0,2,0,0.0,2.0,1.0,1.0,B01
201800035975,1.0,7,0,0.0,2.0,1.0,9.0,A01
201800035976,2.0,7,0,0.0,2.0,5.0,17.0,A01
201800035976,2.0,2,0,0.0,2.0,8.0,1.0,B01
201800035977,1.0,7,0,0.0,2.0,3.0,9.0,B01
201800035977,2.0,2,0,0.0,2.0,1.0,9.0,A01
201800035978,2.0,7,0,0.0,2.0,3.0,5.0,A01
201800035978,2.0,10,0,0.0,2.0,3.0,1.0,B01
201800035979,1.0,7,0,0.0,2.0,7.0,1.0,A01
201800035979,1.0,7,0,0.0,2.0,3.0,1.0,C01
201800035979,2.0,10,0,0.0,2.0,3.0,1.0,B01
201800035980,2.0,7,0,0.0,1.0,2.0,16.0,A01
201800035981,1.0,2,0,0.0,2.0,1.0,1.0,A01
201800035981,2.0,10,0,0.0,2.0,3.0,1.0,B01
201800035982,1.0,7,0,0.0,2.0,1.0,2.0,A01
201800035982,1.0,7,0,0.0,2.0,4.0,1.0,B01
201800035983,1.0,7,0,0.0,2.0,3.0,9.0,A01
201800035983,2.0,7,0,0.0,2.0,2.0,1.0,B01
201800035984,1.0,7,0,0.0,1.0,3.0,15.0,A01
201800035985,2.0,7,0,0.0,2.0,2.0,15.0,A01
201800035985,1.0,1,0,0.0,2.0,1.0,1.0,B01
201800035986,2.0,10,0,0.0,1.0,1.0,15.0,A01
201800035987,1.0,7,0,0.0,2.0,4.0,2.0,B01
201800035987,1.0,7,0,0.0,2.0,1.0,2.0,A01
201800035988,2.0,7,0,0.0,2.0,3.0,20.0,A01
201800035988,2.0,1,0,0.0,2.0,1.0,1.0,B01
201800035989,2.0,7,0,0.0,2.0,1.0,2.0,A01
201800035989,2.0,7,0,0.0,2.0,4.0,2.0,C01
201800035989,2.0,7,0,0.0,2.0,4.0,2.0,B01
201800035990,2.0,7,0,0.0,2.0,4.0,23.0,B01
201800035990,2.0,7,0,0.0,2.0,1.0,2.0,A01
201800035991,2.0,7,0,0.0,1.0,1.0,1.0,A01
201800035992,0.0,7,0,0.0,1.0,1.0,1.0,A01
201800035993,1.0,7,0,4.0,2.0,2.0,14.0,A01
201800035993,1.0,10,0,6.0,2.0,3.0,1.0,B01
201800035994,1.0,7,0,0.0,2.0,4.0,2.0,B01
201800035994,1.0,7,0,0.0,2.0,1.0,2.0,A01
201800035995,2.0,7,0,0.0,2.0,3.0,1.0,B01
201800035995,1.0,7,0,0.0,2.0,1.0,15.0,A01
201800035996,1.0,7,0,0.0,2.0,3.0,5.0,A01
201800035996,1.0,7,0,0.0,2.0,1.0,2.0,C01
201800035996,1.0,7,0,0.0,2.0,3.0,1.0,B01
201800035997,2.0,7,0,0.0,2.0,1.0,0.0,C01
201800035997,2.0,7,0,1.0,0.0,1.0,1.0,A01
201800035998,2.0,7,0,0.0,1.0,2.0,1.0,A01
201800035999,1.0,7,0,0.0,2.0,4.0,23.0,C01
201800035999,1.0,7,0,0.0,2.0,1.0,2.0,A01
201800035999,1.0,7,0,0.0,2.0,1.0,2.0,B01
201800036000,2.0,7,0,7.0,0.0,1.0,1.0,A01
201800036001,1.0,7,0,12.0,0.0,1.0,1.0,A01
201800036002,1.0,7,0,0.0,2.0,3.0,1.0,B01
201800036002,2.0,7,0,0.0,2.0,2.0,9.0,A01
201800036003,2.0,7,0,0.0,2.0,3.0,9.0,A01
201800036003,2.0,10,0,0.0,2.0,2.0,1.0,B01
201800036004,2.0,7,0,0.0,2.0,3.0,9.0,B01
201800036004,2.0,30,0,0.0,2.0,1.0,1.0,A01
201800036005,1.0,31,0,0.0,2.0,1.0,9.0,A01
201800036005,1.0,33,0,0.0,2.0,7.0,1.0,B01
201800036006,2.0,7,0,9.0,2.0,4.0,2.0,B01
201800036006,2.0,10,0,0.0,2.0,1.0,2.0,A01
201800036007,1.0,7,0,0.0,2.0,3.0,13.0,A01
201800036007,2.0,7,0,0.0,2.0,3.0,1.0,B01
201800036008,2.0,7,0,13.0,0.0,0.0,1.0,A01
201800036009,1.0,7,0,0.0,2.0,3.0,1.0,B01
201800036009,2.0,7,0,12.0,2.0,1.0,9.0,A01
201800036010,2.0,2,0,0.0,0.0,0.0,1.0,B01
201800036010,1.0,7,0,0.0,0.0,0.0,9.0,A01
201800036011,2.0,7,0,0.0,1.0,4.0,1.0,A01
201800036012,1.0,7,0,0.0,2.0,2.0,1.0,A01
201800036012,2.0,7,0,0.0,2.0,1.0,1.0,B01
201800036013,1.0,7,0,0.0,1.0,1.0,16.0,A01
201800036014,2.0,17,0,0.0,2.0,3.0,13.0,A01
201800036014,1.0,10,0,0.0,2.0,8.0,13.0,B01
201800036015,1.0,14,0,0.0,1.0,1.0,15.0,A01
201800036016,1.0,7,0,0.0,2.0,4.0,23.0,C01
201800036016,1.0,7,0,0.0,2.0,1.0,2.0,A01
201800036016,1.0,7,0,0.0,2.0,4.0,23.0,B01
201800036017,2.0,7,0,0.0,2.0,4.0,23.0,C01
201800036017,2.0,7,0,0.0,2.0,1.0,2.0,A01
201800036017,2.0,7,0,0.0,2.0,4.0,23.0,B01
201800036018,1.0,7,0,13.0,0.0,1.0,1.0,A01
201800036019,1.0,10,0,0.0,1.0,7.0,1.0,A01
201800036020,2.0,7,0,6.0,0.0,1.0,1.0,A01
201800036021,2.0,7,0,0.0,2.0,4.0,23.0,C01
201800036021,2.0,7,0,0.0,2.0,4.0,23.0,B01
201800036021,2.0,17,0,0.0,2.0,1.0,2.0,A01
201800036022,2.0,10,0,0.0,2.0,6.0,15.0,A01
201800036022,2.0,7,0,0.0,2.0,2.0,1.0,B01
201800036023,2.0,7,0,3.0,2.0,3.0,1.0,B01
201800036023,1.0,10,0,0.0,2.0,3.0,13.0,A01
201800036024,2.0,2,0,0.0,0.0,0.0,1.0,B01
201800036024,1.0,7,0,0.0,0.0,0.0,9.0,A01
201800036025,1.0,2,0,0.0,2.0,1.0,2.0,A01
201800036025,1.0,7,0,0.0,2.0,5.0,2.0,B01
201800036026,1.0,7,0,0.0,2.0,1.0,1.0,B01
201800036026,2.0,7,0,1.0,2.0,2.0,15.0,A01
201800036027,2.0,7,0,0.0,1.0,4.0,4.0,A01
201800036028,2.0,10,0,0.0,2.0,4.0,1.0,B01
201800036028,2.0,7,0,0.0,2.0,1.0,2.0,A01
201800036029,2.0,7,0,0.0,2.0,1.0,1.0,B01
201800036029,2.0,7,0,0.0,2.0,8.0,10.0,A01
201800036030,2.0,7,0,0.0,2.0,4.0,2.0,B01
201800036030,2.0,2,0,0.0,2.0,1.0,2.0,A01
201800036031,1.0,7,0,0.0,2.0,8.0,17.0,A01
201800036031,2.0,10,0,0.0,2.0,3.0,0.0,Z01
201800036032,1.0,7,0,0.0,2.0,1.0,9.0,Z01
201800036032,1.0,2,0,0.0,2.0,7.0,9.0,A01
201800036033,1.0,2,0,0.0,0.0,7.0,16.0,A01
201800036034,1.0,7,0,0.0,2.0,6.0,23.0,B01
201800036034,1.0,7,0,0.0,2.0,1.0,2.0,A01
201800036035,2.0,7,0,0.0,2.0,1.0,2.0,A01
201800036035,2.0,7,0,0.0,2.0,4.0,2.0,B01
201800036036,1.0,7,0,0.0,1.0,3.0,1.0,A01
201800036037,1.0,7,0,7.0,0.0,8.0,1.0,A01
201800036038,2.0,7,0,0.0,2.0,3.0,15.0,A01
201800036038,2.0,7,0,0.0,2.0,1.0,1.0,B01
201800036039,1.0,7,0,13.0,0.0,1.0,1.0,A01
201800036040,0.0,30,0,0.0,2.0,1.0,1.0,A01
201800036040,0.0,7,0,0.0,2.0,2.0,19.0,B01
201800036041,0.0,2,0,12.0,0.0,7.0,16.0,A01
201800036042,1.0,7,0,0.0,2.0,1.0,2.0,A01
201800036042,1.0,7,0,0.0,2.0,6.0,1.0,C01
201800036042,1.0,7,0,0.0,2.0,4.0,1.0,B01
201800036043,0.0,7,0,0.0,2.0,4.0,1.0,C01
201800036043,0.0,7,0,0.0,2.0,1.0,2.0,A01
201800036043,0.0,7,0,0.0,2.0,4.0,1.0,B01
201800036044,2.0,7,0,0.0,2.0,5.0,23.0,B01
201800036044,2.0,2,0,1.0,2.0,1.0,2.0,A01
201800036045,2.0,7,0,0.0,2.0,4.0,23.0,B01
201800036045,2.0,10,0,0.0,2.0,1.0,2.0,A01
201800036046,1.0,10,0,0.0,2.0,3.0,15.0,B01
201800036046,1.0,30,0,0.0,2.0,1.0,1.0,A01
201800036047,1.0,33,0,6.0,0.0,1.0,14.0,A01
201800036048,2.0,7,0,4.0,2.0,2.0,17.0,C01
201800036048,2.0,17,0,0.0,2.0,4.0,2.0,B01
201800036048,2.0,7,0,0.0,0.0,0.0,14.0,Z01
201800036048,2.0,10,0,0.0,2.0,3.0,17.0,D01
201800036048,2.0,10,0,0.0,2.0,1.0,2.0,A01
201800036049,0.0,7,0,0.0,1.0,7.0,1.0,A01
201800036050,1.0,7,0,1.0,0.0,1.0,14.0,A01
201800036051,1.0,33,0,4.0,0.0,3.0,17.0,A01
201800036052,0.0,7,0,0.0,2.0,2.0,9.0,A01
201800036052,0.0,7,0,0.0,2.0,6.0,1.0,B01
201800036053,0.0,2,0,13.0,0.0,7.0,1.0,A01
201800036054,2.0,14,0,3.0,0.0,1.0,13.0,A01
201800036055,2.0,7,0,0.0,1.0,1.0,15.0,A01
201800036056,0.0,31,0,0.0,2.0,1.0,2.0,A01
201800036056,0.0,7,0,0.0,2.0,4.0,2.0,B01
201800036057,0.0,7,0,0.0,2.0,4.0,23.0,C01
201800036057,0.0,7,0,0.0,2.0,4.0,23.0,B01
201800036057,0.0,7,0,0.0,2.0,1.0,2.0,A01
201800036058,1.0,33,0,0.0,0.0,8.0,1.0,A01
201800036059,0.0,7,0,0.0,2.0,3.0,1.0,A01
201800036059,0.0,7,0,0.0,2.0,2.0,0.0,B01
201800036060,0.0,33,0,15.0,0.0,8.0,21.0,A01
201800036061,2.0,7,0,0.0,1.0,4.0,4.0,A01
201800036062,2.0,7,0,0.0,2.0,1.0,13.0,A01
201800036062,1.0,7,0,0.0,2.0,1.0,1.0,B01
201800036063,0.0,7,0,1.0,0.0,3.0,1.0,A01
201800036064,1.0,7,0,0.0,2.0,3.0,1.0,B01
201800036064,2.0,7,0,0.0,2.0,3.0,13.0,A01
201800036065,0.0,33,0,16.0,0.0,8.0,1.0,A01
201800036066,1.0,7,0,13.0,0.0,9.0,1.0,A01
201800036067,0.0,36,0,0.0,2.0,1.0,1.0,A01
201800036067,2.0,7,0,0.0,2.0,4.0,2.0,B01
201800036068,2.0,7,0,13.0,0.0,1.0,1.0,A01
201800036069,1.0,33,0,0.0,2.0,4.0,1.0,B01
201800036069,1.0,7,0,0.0,2.0,3.0,9.0,A01
201800036070,2.0,7,0,4.0,0.0,8.0,13.0,A01
201800036071,0.0,2,0,0.0,2.0,6.0,1.0,B01
201800036071,1.0,7,0,0.0,2.0,1.0,9.0,A01
201800036072,2.0,7,0,2.0,0.0,8.0,1.0,A01
201800036073,2.0,7,0,3.0,0.0,6.0,14.0,A01