Num_Acc,senc,catv,occutc,obs,obsm,choc,manv,num_veh
201800036589,0.0,10,0,1.0,2.0,5.0,2.0,D01
201800036589,0.0,7,0,1.0,0.0,6.0,2.0,F01
201800036589,0.0,10,0,1.0,6.0,4.0,2.0,E01
201800036589,0.0,10,0,0.0,2.0,8.0,1.0,B01
201800036590,1.0,7,0,0.0,1.0,2.0,1.0,A01
201800036591,0.0,7,0,0.0,2.0,1.0,16.0,A01
201800036591,0.0,7,0,0.0,2.0,1.0,19.0,B01
201800036592,2.0,7,0,0.0,2.0,4.0,2.0,C01
201800036592,2.0,7,0,0.0,2.0,4.0,2.0,B01
201800036592,2.0,10,0,0.0,2.0,1.0,1.0,A01
201800036592,2.0,7,0,0.0,2.0,4.0,2.0,D01
201800036593,1.0,10,0,0.0,2.0,2.0,1.0,A01
201800036593,1.0,1,0,0.0,2.0,6.0,15.0,B01
201800036594,0.0,7,0,0.0,2.0,3.0,9.0,A01
201800036594,0.0,1,0,0.0,2.0,2.0,1.0,B01
201800036595,0.0,10,0,0.0,1.0,2.0,1.0,A01
201800036596,2.0,7,0,0.0,2.0,7.0,19.0,Z01
201800036596,1.0,31,0,0.0,2.0,1.0,1.0,A01
201800036597,0.0,7,0,0.0,2.0,1.0,10.0,A01
201800036597,0.0,7,0,0.0,2.0,1.0,2.0,B01
201800036598,2.0,7,0,0.0,1.0,6.0,1.0,B01
201800036599,1.0,3,0,0.0,2.0,1.0,1.0,A01
201800036599,2.0,10,0,0.0,2.0,3.0,1.0,B01
201800036600,2.0,7,0,0.0,2.0,8.0,15.0,B01
201800036600,2.0,7,0,0.0,2.0,1.0,17.0,A01
201800036601,0.0,10,0,0.0,1.0,3.0,1.0,A01
201800036602,1.0,37,10,0.0,2.0,2.0,1.0,B01
201800036602,0.0,7,0,0.0,2.0,3.0,9.0,A01
201800036603,2.0,33,0,0.0,2.0,2.0,11.0,A01
201800036603,2.0,7,0,0.0,2.0,3.0,11.0,B01
201800036604,1.0,7,0,0.0,1.0,1.0,1.0,A01
201800036605,2.0,7,0,1.0,0.0,3.0,1.0,B01
201800036605,2.0,33,0,0.0,2.0,6.0,1.0,A01
201800036606,0.0,7,0,0.0,1.0,1.0,15.0,A01
201800036607,2.0,33,0,0.0,2.0,2.0,17.0,B01
201800036607,2.0,7,0,0.0,2.0,3.0,11.0,A01
201800036608,2.0,34,0,0.0,2.0,1.0,1.0,B01
201800036608,1.0,7,0,0.0,2.0,8.0,15.0,A01
201800036609,2.0,7,0,11.0,0.0,3.0,1.0,A01
201800036610,1.0,10,0,0.0,2.0,4.0,1.0,B01
201800036610,1.0,10,0,0.0,2.0,1.0,1.0,A01
201800036611,1.0,7,0,0.0,2.0,3.0,15.0,A01
201800036611,1.0,2,0,0.0,2.0,2.0,1.0,B01
201800036612,2.0,7,0,0.0,2.0,2.0,1.0,A01
201800036612,2.0,7,0,0.0,2.0,6.0,15.0,B01
201800036613,2.0,33,0,0.0,2.0,1.0,17.0,A01
201800036613,2.0,7,0,0.0,2.0,6.0,2.0,B01
201800036614,2.0,7,0,0.0,2.0,3.0,16.0,B01
201800036614,2.0,10,0,0.0,2.0,1.0,1.0,A01
201800036615,2.0,10,0,0.0,1.0,2.0,1.0,A01
201800036616,0.0,32,0,0.0,2.0,1.0,1.0,B01
201800036616,0.0,10,0,0.0,2.0,3.0,15.0,A01
201800036617,2.0,7,0,0.0,1.0,2.0,14.0,A01
201800036618,0.0,7,0,0.0,2.0,1.0,9.0,A01
201800036618,0.0,1,0,0.0,2.0,7.0,1.0,B01
201800036619,1.0,7,0,0.0,2.0,5.0,15.0,A01
201800036619,2.0,32,0,0.0,2.0,1.0,1.0,B01
201800036620,1.0,30,0,0.0,2.0,1.0,17.0,B01
201800036620,1.0,7,0,0.0,2.0,8.0,15.0,A01
201800036621,1.0,1,0,0.0,2.0,4.0,16.0,B01
201800036621,1.0,7,0,0.0,9.0,1.0,1.0,A01
201800036622,0.0,7,0,0.0,2.0,1.0,1.0,C01
201800036622,0.0,7,0,0.0,2.0,3.0,9.0,A01
201800036622,0.0,7,0,0.0,2.0,1.0,11.0,B01
201800036623,0.0,7,0,0.0,2.0,3.0,1.0,B01
201800036623,0.0,34,0,0.0,2.0,5.0,12.0,A01
201800036624,1.0,7,0,0.0,2.0,2.0,19.0,A01
201800036624,1.0,7,0,0.0,2.0,3.0,16.0,B01
201800036625,0.0,7,0,0.0,2.0,5.0,2.0,B01
201800036625,0.0,99,0,0.0,2.0,1.0,2.0,Z01
201800036625,2.0,7,0,0.0,2.0,6.0,1.0,A01
201800036626,1.0,33,0,0.0,2.0,3.0,2.0,B01
201800036626,1.0,7,0,0.0,2.0,3.0,1.0,A01
201800036627,1.0,20,0,0.0,1.0,1.0,19.0,A01
201800036628,1.0,30,0,0.0,2.0,8.0,1.0,B01
201800036628,1.0,7,0,0.0,2.0,1.0,9.0,A01
201800036629,1.0,7,0,0.0,2.0,6.0,15.0,B01
201800036629,1.0,32,0,0.0,2.0,1.0,1.0,A01
201800036630,0.0,33,0,0.0,2.0,1.0,1.0,A01
201800036630,0.0,7,0,0.0,2.0,4.0,2.0,B01
201800036631,0.0,7,0,0.0,1.0,1.0,15.0,A01
201800036632,0.0,7,0,0.0,2.0,4.0,2.0,B01
201800036632,0.0,7,0,0.0,2.0,1.0,1.0,A01
201800036633,0.0,1,0,0.0,2.0,1.0,1.0,B01
201800036633,1.0,7,0,0.0,2.0,3.0,1.0,A01
201800036634,2.0,7,0,0.0,2.0,2.0,15.0,A01
201800036634,1.0,31,0,0.0,2.0,1.0,1.0,B01
201800036635,0.0,20,0,0.0,1.0,3.0,1.0,A01
201800036636,2.0,30,0,0.0,2.0,7.0,1.0,A01
201800036636,2.0,7,0,0.0,2.0,4.0,9.0,B01
201800036637,0.0,20,0,0.0,1.0,1.0,13.0,Z01
201800036638,2.0,33,0,0.0,2.0,2.0,17.0,B01
201800036638,2.0,3,0,0.0,2.0,3.0,13.0,A01
201800036639,2.0,7,0,0.0,1.0,3.0,1.0,A01
201800036640,1.0,1,0,0.0,2.0,8.0,1.0,B01
201800036640,1.0,7,0,0.0,2.0,3.0,15.0,A01
201800036641,1.0,10,0,0.0,2.0,2.0,3.0,A01
201800036641,1.0,7,0,6.0,2.0,6.0,1.0,B01
201800036642,0.0,7,0,0.0,2.0,3.0,10.0,B01
201800036642,0.0,32,0,0.0,2.0,1.0,1.0,A01
201800036643,0.0,30,0,0.0,2.0,1.0,1.0,A01
201800036643,0.0,7,0,0.0,2.0,4.0,2.0,B01
201800036644,2.0,7,0,0.0,1.0,1.0,16.0,A01
201800036645,1.0,7,0,0.0,2.0,2.0,13.0,B01
201800036645,2.0,7,0,0.0,2.0,2.0,1.0,A01
201800036646,2.0,7,0,0.0,1.0,2.0,16.0,A01
201800036647,2.0,10,0,0.0,2.0,3.0,13.0,A01
201800036647,2.0,7,0,6.0,2.0,6.0,16.0,B01
201800036648,1.0,7,0,0.0,2.0,1.0,19.0,A01
201800036648,1.0,7,0,0.0,2.0,8.0,19.0,B01
201800036649,2.0,7,0,1.0,2.0,4.0,2.0,B01
201800036649,2.0,7,0,0.0,2.0,1.0,1.0,A01
201800036650,2.0,33,0,0.0,2.0,1.0,1.0,A01
201800036650,1.0,7,0,0.0,2.0,7.0,15.0,B01
201800036651,2.0,7,0,0.0,1.0,3.0,15.0,A01
201800036652,2.0,7,0,0.0,2.0,2.0,1.0,B01
201800036652,1.0,7,0,0.0,2.0,3.0,9.0,A01
201800036653,1.0,7,0,1.0,0.0,1.0,1.0,A01
201800036654,1.0,30,0,0.0,2.0,2.0,17.0,A01
201800036654,1.0,7,0,0.0,2.0,6.0,1.0,B01
201800036655,1.0,7,0,1.0,0.0,2.0,1.0,A01
201800036656,1.0,7,0,0.0,1.0,1.0,1.0,A01
201800036657,1.0,2,0,0.0,2.0,1.0,19.0,B01
201800036657,1.0,7,0,0.0,2.0,3.0,1.0,A01
201800036658,1.0,7,0,0.0,2.0,3.0,15.0,A01
201800036658,1.0,32,0,0.0,2.0,7.0,1.0,B01
201800036659,1.0,7,0,0.0,2.0,4.0,2.0,C01
201800036659,1.0,14,0,0.0,2.0,2.0,1.0,A01
201800036659,1.0,7,0,0.0,2.0,4.0,2.0,B01
201800036660,2.0,7,0,0.0,2.0,1.0,15.0,A01
201800036660,1.0,7,0,0.0,2.0,3.0,1.0,B01
201800036661,1.0,7,0,0.0,2.0,1.0,1.0,A01
201800036661,1.0,7,0,0.0,2.0,4.0,2.0,B01
201800036662,2.0,37,30,0.0,2.0,1.0,1.0,A01
201800036662,1.0,30,0,0.0,2.0,1.0,0.0,B01
201800036663,2.0,33,0,0.0,2.0,3.0,21.0,B01
201800036663,2.0,10,0,0.0,2.0,1.0,9.0,A01
201800036664,1.0,7,0,0.0,2.0,1.0,13.0,A01
201800036664,1.0,7,0,0.0,2.0,1.0,1.0,B01
201800036665,2.0,7,0,0.0,2.0,3.0,15.0,A01
201800036665,2.0,33,0,0.0,2.0,2.0,3.0,B01
201800036666,2.0,30,0,1.0,0.0,1.0,14.0,A01
201800036667,2.0,7,0,14.0,0.0,1.0,1.0,A01
201800036667,2.0,7,0,14.0,2.0,4.0,1.0,B01
201800036667,2.0,7,0,14.0,2.0,4.0,2.0,C01
201800036668,2.0,7,0,0.0,1.0,2.0,16.0,A01
201800036669,2.0,7,0,0.0,2.0,2.0,9.0,B01
201800036669,2.0,33,0,0.0,2.0,1.0,1.0,A01
201800036670,1.0,7,0,0.0,1.0,4.0,20.0,A01
201800036671,2.0,7,0,0.0,2.0,3.0,15.0,A01
201800036671,2.0,33,0,0.0,2.0,2.0,17.0,B01
201800036672,1.0,10,0,0.0,2.0,8.0,15.0,A01
201800036672,1.0,99,0,7.0,2.0,2.0,17.0,B01
201800036673,2.0,7,0,0.0,2.0,1.0,1.0,A01
201800036673,2.0,7,0,0.0,2.0,4.0,15.0,B01
201800036674,2.0,7,0,6.0,2.0,8.0,9.0,A01
201800036674,2.0,7,0,0.0,2.0,2.0,1.0,B01
201800036675,2.0,7,0,9.0,0.0,1.0,9.0,A01
201800036676,1.0,7,0,0.0,2.0,3.0,1.0,B01
201800036676,2.0,7,0,0.0,2.0,2.0,1.0,A01
201800036677,2.0,7,0,0.0,2.0,2.0,15.0,B01
201800036677,1.0,30,0,0.0,2.0,1.0,1.0,A01
201800036678,1.0,1,0,0.0,2.0,5.0,16.0,B01
201800036678,1.0,10,0,0.0,2.0,3.0,15.0,A01
201800036679,1.0,7,0,1.0,0.0,7.0,1.0,B01
201800036679,2.0,7,0,0.0,2.0,1.0,9.0,A01
201800036680,0.0,99,0,0.0,1.0,2.0,9.0,A01
201800036681,1.0,7,0,0.0,1.0,1.0,1.0,A01
201800036682,1.0,7,0,0.0,6.0,6.0,1.0,A01
201800036682,1.0,2,0,0.0,2.0,1.0,1.0,B01
201800036683,0.0,7,0,0.0,2.0,4.0,2.0,B01
201800036683,0.0,7,0,0.0,2.0,1.0,1.0,A01
201800036684,1.0,10,0,0.0,2.0,2.0,19.0,B01
201800036684,1.0,7,0,0.0,2.0,6.0,1.0,A01
201800036685,1.0,7,0,0.0,2.0,4.0,2.0,B01
201800036685,1.0,7,0,0.0,2.0,1.0,1.0,A01
201800036686,2.0,7,0,1.0,2.0,2.0,1.0,A01
201800036686,1.0,7,0,0.0,2.0,3.0,15.0,B01
201800036687,1.0,7,0,0.0,2.0,7.0,17.0,A01
201800036687,1.0,1,0,0.0,2.0,6.0,1.0,B01
201800036688,1.0,33,0,0.0,2.0,4.0,1.0,B01
201800036688,1.0,7,0,0.0,2.0,1.0,1.0,A01
201800036689,2.0,7,0,0.0,2.0,4.0,1.0,B01
201800036689,0.0,7,0,0.0,2.0,1.0,15.0,A01
201800036690,1.0,7,0,0.0,1.0,1.0,1.0,A01
201800036691,1.0,7,0,0.0,2.0,1.0,1.0,A01
201800036691,1.0,7,0,13.0,0.0,4.0,2.0,B01
201800036692,0.0,7,0,0.0,2.0,1.0,1.0,A01
201800036692,0.0,7,0,0.0,2.0,7.0,1.0,B01
201800036693,0.0,31,0,0.0,0.0,0.0,1.0,A01
201800036694,0.0,7,0,0.0,2.0,1.0,1.0,A01
201800036694,0.0,7,0,0.0,2.0,4.0,2.0,B01
201800036695,1.0,7,0,0.0,0.0,9.0,14.0,A01
201800036696,1.0,7,0,0.0,2.0,1.0,1.0,A01
201800036696,1.0,7,0,0.0,2.0,4.0,2.0,B01
201800036697,2.0,7,0,0.0,2.0,4.0,2.0,B01
201800036697,2.0,10,0,0.0,2.0,1.0,1.0,A01
201800036698,0.0,7,0,0.0,0.0,9.0,0.0,A01
201800036699,1.0,7,0,6.0,0.0,4.0,14.0,A01
201800036700,0.0,7,0,0.0,2.0,8.0,1.0,B01
201800036700,0.0,33,0,0.0,2.0,8.0,1.0,A01
201800036701,1.0,33,0,0.0,0.0,0.0,1.0,A01
201800036702,1.0,7,0,6.0,0.0,1.0,1.0,A01
201800036703,0.0,17,0,16.0,0.0,8.0,4.0,A01
201800036704,0.0,10,0,14.0,0.0,1.0,1.0,A01
201800036705,0.0,1,0,0.0,2.0,1.0,1.0,B01
201800036705,0.0,7,0,0.0,2.0,8.0,1.0,A01
201800036706,1.0,7,0,2.0,2.0,1.0,1.0,B01
201800036706,0.0,7,0,2.0,2.0,1.0,9.0,A01
201800036707,0.0,15,0,16.0,0.0,8.0,13.0,A01
201800036708,1.0,7,0,0.0,2.0,1.0,13.0,A01
201800036708,1.0,7,0,0.0,2.0,1.0,1.0,B01
201800036709,1.0,7,0,15.0,0.0,3.0,9.0,A01
201800036710,2.0,7,0,0.0,2.0,8.0,1.0,B01
201800036710,1.0,7,0,0.0,2.0,3.0,13.0,A01
201800036711,2.0,10,0,16.0,0.0,1.0,1.0,A01
201800036712,0.0,7,0,0.0,2.0,1.0,1.0,A01
201800036712,0.0,7,0,0.0,2.0,4.0,2.0,B01
201800036713,2.0,2,0,0.0,5.0,1.0,1.0,A01
201800036714,2.0,7,0,13.0,0.0,7.0,13.0,A01
201800036715,0.0,7,0,0.0,2.0,1.0,1.0,A01
201800036715,0.0,7,0,0.0,2.0,4.0,2.0,B01
201800036716,2.0,7,0,0.0,2.0,1.0,9.0,A01
201800036716,0.0,2,0,0.0,2.0,1.0,9.0,B01
201800036717,2.0,2,0,0.0,2.0,2.0,1.0,A01
201800036717,1.0,7,0,0.0,2.0,3.0,9.0,B01
201800036718,2.0,7,0,0.0,2.0,4.0,2.0,B01
201800036718,2.0,7,0,0.0,2.0,1.0,1.0,A01
201800036719,2.0,7,0,0.0,0.0,9.0,1.0,A01
201800036720,2.0,7,0,0.0,0.0,0.0,1.0,A01
201800036721,1.0,1,0,9.0,0.0,5.0,1.0,A01
201800036722,2.0,7,0,0.0,2.0,4.0,2.0,B01
201800036722,2.0,7,0,0.0,2.0,1.0,1.0,A01
201800036723,1.0,7,0,0.0,1.0,1.0,1.0,A01
201800036724,1.0,33,0,0.0,2.0,1.0,1.0,B01
201800036724,1.0,7,0,0.0,2.0,3.0,19.0,A01
201800036725,0.0,99,0,0.0,0.0,0.0,0.0,Z01
201800036726,0.0,7,0,0.0,1.0,7.0,1.0,A01
201800036727,1.0,2,0,0.0,0.0,0.0,1.0,A01
201800036728,0.0,33,0,0.0,0.0,0.0,13.0,A01
201800036729,2.0,7,0,0.0,2.0,4.0,2.0,B01
201800036729,2.0,10,0,0.0,2.0,1.0,1.0,A01
201800036730,0.0,31,0,0.0,0.0,0.0,1.0,A01
201800036731,2.0,7,0,14.0,0.0,9.0,1.0,A01
201800036732,1.0,7,0,0.0,1.0,7.0,1.0,A01
201800036733,0.0,1,0,0.0,0.0,0.0,1.0,A01
201800036734,1.0,7,0,0.0,2.0,1.0,17.0,A01
201800036734,2.0,7,0,0.0,2.0,3.0,1.0,B01
201800036735,0.0,30,0,0.0,0.0,0.0,1.0,A01
201800036736,0.0,7,0,0.0,2.0,4.0,4.0,A01
201800036736,0.0,1,0,0.0,2.0,1.0,1.0,B01
201800036737,0.0,7,0,0.0,2.0,1.0,1.0,B01
201800036737,0.0,7,0,0.0,2.0,8.0,9.0,A01
201800036738,1.0,7,0,0.0,2.0,8.0,13.0,A01
201800036738,1.0,7,0,0.0,2.0,3.0,13.0,B01
201800036739,2.0,7,0,16.0,0.0,8.0,13.0,A01
201800036740,2.0,7,0,0.0,2.0,7.0,1.0,A01
201800036740,1.0,33,0,0.0,2.0,2.0,1.0,B01
201800036741,1.0,7,0,0.0,2.0,4.0,2.0,B01
201800036741,1.0,33,0,0.0,2.0,1.0,1.0,A01
201800036742,0.0,7,0,0.0,0.0,0.0,14.0,A01
201800036743,1.0,17,0,0.0,2.0,8.0,13.0,A01
201800036743,1.0,7,0,0.0,2.0,7.0,1.0,C01
201800036743,1.0,7,0,0.0,2.0,7.0,1.0,B01
201800036744,0.0,7,0,0.0,2.0,4.0,1.0,B01
201800036744,0.0,7,0,0.0,2.0,1.0,2.0,A01
201800036745,0.0,7,0,0.0,1.0,1.0,1.0,A01
201800036746,0.0,7,0,0.0,2.0,1.0,1.0,B01
201800036746,0.0,1,0,0.0,2.0,4.0,2.0,A01
201800036747,0.0,7,0,0.0,2.0,1.0,1.0,A01
201800036747,0.0,7,0,0.0,2.0,4.0,2.0,B01
201800036748,1.0,33,0,0.0,2.0,1.0,2.0,D01
201800036748,1.0,7,0,0.0,2.0,4.0,2.0,E01
201800036748,1.0,7,0,0.0,2.0,1.0,2.0,C01
201800036748,1.0,13,0,0.0,2.0,1.0,1.0,A01
201800036748,1.0,7,0,0.0,2.0,4.0,2.0,B01
201800036749,0.0,7,0,0.0,2.0,1.0,13.0,Z01
201800036749,0.0,7,0,0.0,2.0,3.0,1.0,A01
201800036750,0.0,33,0,14.0,0.0,1.0,1.0,A01
201800036751,0.0,7,0,14.0,0.0,0.0,14.0,A01
201800036752,0.0,7,0,0.0,2.0,4.0,4.0,A01
201800036752,0.0,7,0,0.0,2.0,1.0,1.0,B01
201800036753,0.0,7,0,0.0,1.0,1.0,1.0,A01
201800036754,2.0,15,0,0.0,2.0,2.0,1.0,C01
201800036754,2.0,7,0,0.0,2.0,6.0,1.0,A01
201800036754,2.0,7,0,0.0,2.0,1.0,2.0,B01
201800036755,0.0,7,0,0.0,2.0,4.0,2.0,B01
201800036755,0.0,7,0,0.0,2.0,1.0,1.0,A01
201800036756,0.0,7,0,13.0,0.0,9.0,1.0,A01
201800036757,0.0,1,0,0.0,2.0,1.0,1.0,B01
201800036757,0.0,14,0,0.0,2.0,1.0,9.0,A01
201800036758,1.0,7,0,0.0,1.0,1.0,1.0,A01
201800036759,2.0,17,0,7.0,0.0,7.0,14.0,A01
201800036760,1.0,7,0,0.0,1.0,3.0,15.0,B01
201800036761,1.0,7,0,0.0,1.0,2.0,21.0,A01
201800036762,1.0,7,0,0.0,1.0,1.0,1.0,A01
201800036763,2.0,7,0,0.0,2.0,4.0,1.0,A01
201800036763,2.0,7,0,0.0,2.0,5.0,2.0,B01
201800036764,0.0,7,0,0.0,2.0,7.0,16.0,A01
201800036764,0.0,34,0,0.0,2.0,3.0,15.0,B01
201800036765,0.0,7,0,0.0,2.0,2.0,19.0,A01
201800036765,0.0,7,0,0.0,2.0,3.0,1.0,B01
201800036766,0.0,7,0,0.0,2.0,2.0,1.0,B01
201800036766,0.0,1,0,0.0,2.0,1.0,1.0,A01
201800036767,0.0,7,0,0.0,2.0,4.0,1.0,A01
201800036767,0.0,7,0,0.0,2.0,1.0,2.0,B01
201800036768,0.0,7,0,0.0,2.0,1.0,1.0,A01
201800036768,0.0,7,0,0.0,2.0,4.0,23.0,C01
201800036768,0.0,7,0,0.0,2.0,4.0,23.0,D01
201800036768,0.0,7,0,0.0,2.0,4.0,23.0,B01
201800036769,1.0,7,0,0.0,2.0,1.0,1.0,A01
201800036769,1.0,7,0,0.0,2.0,4.0,2.0,B01
201800036770,1.0,7,0,0.0,1.0,3.0,1.0,A01
201800036771,0.0,7,0,0.0,1.0,2.0,1.0,A01
201800036772,0.0,10,0,0.0,2.0,4.0,2.0,Z01
201800036772,0.0,1,0,0.0,2.0,1.0,1.0,A01
201800036773,2.0,10,0,0.0,1.0,1.0,15.0,A01
201800036774,0.0,7,0,0.0,1.0,2.0,1.0,A01
201800036775,0.0,7,0,4.0,2.0,4.0,2.0,B01
201800036775,0.0,7,0,0.0,2.0,1.0,1.0,A01
201800036775,0.0,7,0,0.0,2.0,4.0,2.0,C01
201800036776,,7,0,,,,,Z01
201800036776,,7,0,,,,,A01
201800036777,1.0,7,0,0.0,1.0,4.0,1.0,A01
201800036777,1.0,7,0,0.0,2.0,1.0,2.0,B01
201800036778,0.0,7,0,0.0,2.0,4.0,2.0,B01
201800036778,0.0,7,0,0.0,2.0,4.0,1.0,A01
201800036778,0.0,7,0,0.0,2.0,1.0,2.0,Z01
201800036778,0.0,7,0,0.0,2.0,4.0,2.0,C01
201800036779,1.0,7,0,1.0,0.0,1.0,14.0,A01
201800036780,1.0,7,0,0.0,1.0,2.0,1.0,A01
201800036781,0.0,7,0,0.0,2.0,2.0,1.0,A01
201800036781,1.0,34,0,0.0,2.0,8.0,2.0,B01
201800036782,1.0,7,0,0.0,1.0,1.0,1.0,A01
201800036783,0.0,7,0,0.0,2.0,4.0,1.0,B01
201800036783,0.0,7,0,0.0,2.0,4.0,1.0,A01
201800036783,0.0,7,0,0.0,2.0,3.0,1.0,C01
201800036784,0.0,33,0,0.0,1.0,1.0,1.0,A01
201800036785,0.0,7,0,0.0,2.0,3.0,1.0,B01
201800036785,0.0,7,0,0.0,2.0,1.0,1.0,A01
201800036786,0.0,7,0,0.0,2.0,8.0,1.0,A01
201800036786,0.0,33,0,0.0,2.0,8.0,1.0,B01
201800036787,1.0,7,0,0.0,1.0,1.0,9.0,A01
201800036788,1.0,7,0,0.0,2.0,1.0,2.0,B01
201800036788,1.0,2,0,0.0,2.0,4.0,1.0,A01
201800036789,0.0,7,0,2.0,0.0,3.0,14.0,A01
201800036790,0.0,7,0,0.0,2.0,1.0,1.0,A01
201800036790,0.0,7,0,0.0,2.0,4.0,2.0,B01
201800036791,1.0,7,0,0.0,2.0,1.0,2.0,B01
201800036791,1.0,7,0,1.0,2.0,1.0,2.0,C01
201800036791,1.0,7,0,0.0,2.0,4.0,1.0,A01
201800036792,1.0,7,0,0.0,0.0,1.0,1.0,A01
201800036793,1.0,2,0,0.0,2.0,3.0,18.0,B01
201800036793,1.0,7,0,0.0,2.0,2.0,1.0,A01
201800036794,1.0,7,0,0.0,1.0,1.0,1.0,A01
201800036795,1.0,10,0,0.0,1.0,3.0,1.0,A01
201800036795,2.0,10,0,0.0,1.0,8.0,1.0,B01
201800036796,2.0,7,0,0.0,2.0,5.0,12.0,B01
201800036796,2.0,7,0,1.0,2.0,3.0,1.0,A01
201800036797,1.0,10,0,0.0,2.0,1.0,19.0,B01
201800036797,1.0,7,0,0.0,2.0,4.0,19.0,A01
201800036798,1.0,7,0,0.0,1.0,2.0,21.0,A01
201800036799,1.0,7,0,0.0,1.0,3.0,19.0,A01
201800036800,1.0,33,0,0.0,1.0,3.0,17.0,A01
201800036801,1.0,30,0,0.0,2.0,7.0,1.0,A01
201800036801,1.0,7,0,0.0,2.0,3.0,15.0,B01
201800036802,1.0,20,0,6.0,0.0,1.0,19.0,A01
201800036803,2.0,7,0,0.0,2.0,3.0,19.0,B01
201800036803,1.0,33,0,0.0,2.0,8.0,15.0,A01
201800036804,1.0,7,0,8.0,0.0,2.0,14.0,A01
201800036805,1.0,7,0,15.0,0.0,3.0,13.0,A01
201800036806,1.0,34,0,9.0,2.0,2.0,19.0,B01
201800036806,1.0,7,0,12.0,2.0,3.0,15.0,A01
201800036807,1.0,7,0,0.0,2.0,3.0,16.0,A01
201800036807,1.0,7,0,0.0,2.0,5.0,16.0,B01
201800036808,2.0,7,0,0.0,2.0,1.0,15.0,A01
201800036808,1.0,7,0,0.0,2.0,6.0,1.0,B01
201800036809,1.0,7,0,0.0,1.0,1.0,1.0,A01
201800036810,1.0,31,0,0.0,2.0,7.0,1.0,B01
201800036810,1.0,7,0,0.0,2.0,1.0,1.0,A01
201800036811,1.0,7,0,0.0,1.0,1.0,1.0,A01
201800036812,1.0,99,0,0.0,2.0,1.0,19.0,A01
201800036812,1.0,7,0,0.0,2.0,4.0,19.0,C01
201800036812,1.0,7,0,0.0,2.0,4.0,19.0,B01
201800036813,0.0,99,0,0.0,1.0,4.0,4.0,A01
201800036814,1.0,10,0,0.0,2.0,4.0,1.0,A01
201800036814,1.0,7,0,0.0,2.0,1.0,2.0,B01
201800036815,1.0,7,0,0.0,2.0,3.0,20.0,A01
201800036815,1.0,2,0,0.0,2.0,1.0,2.0,B01
201800036816,0.0,7,0,0.0,2.0,6.0,11.0,A01
201800036816,0.0,33,0,0.0,2.0,2.0,12.0,B01
201800036817,1.0,7,0,0.0,1.0,1.0,1.0,A01
201800036818,0.0,7,0,0.0,2.0,3.0,5.0,A01
201800036818,0.0,7,0,0.0,2.0,3.0,1.0,B01
201800036819,1.0,10,0,0.0,1.0,1.0,16.0,A01
201800036820,2.0,33,0,0.0,2.0,1.0,1.0,B01
201800036820,1.0,10,0,0.0,2.0,1.0,15.0,A01
201800036821,2.0,7,0,0.0,2.0,4.0,23.0,C01
201800036821,2.0,7,0,0.0,2.0,1.0,1.0,A01
201800036821,2.0,7,0,0.0,2.0,4.0,23.0,B01
201800036822,2.0,33,0,0.0,2.0,1.0,1.0,B01
201800036822,1.0,7,0,0.0,2.0,5.0,6.0,A01
201800036823,0.0,7,0,0.0,2.0,2.0,9.0,A01
201800036823,0.0,1,0,0.0,2.0,6.0,9.0,B01
201800036824,0.0,10,0,0.0,2.0,3.0,9.0,A01
201800036824,0.0,3,0,0.0,2.0,4.0,11.0,B01
201800036825,1.0,7,0,0.0,2.0,7.0,15.0,B01
201800036825,1.0,33,0,0.0,2.0,8.0,11.0,A01
201800036826,0.0,30,0,0.0,1.0,1.0,1.0,A01
201800036827,0.0,32,0,0.0,0.0,0.0,0.0,A01
201800036828,0.0,7,0,0.0,2.0,4.0,1.0,A01
201800036828,0.0,7,0,0.0,2.0,1.0,2.0,B01
201800036829,2.0,10,0,0.0,2.0,6.0,23.0,B01
201800036829,2.0,33,0,0.0,2.0,3.0,1.0,A01
201800036830,0.0,7,0,1.0,1.0,3.0,1.0,A01
201800036831,2.0,7,0,0.0,1.0,7.0,16.0,A01
201800036832,0.0,7,0,1.0,1.0,4.0,4.0,A01
201800036833,0.0,2,0,0.0,2.0,1.0,17.0,B01
201800036833,0.0,7,0,0.0,2.0,3.0,15.0,A01
201800036834,0.0,99,0,0.0,1.0,3.0,15.0,A01
201800036835,0.0,2,0,0.0,0.0,8.0,1.0,B01
201800036835,0.0,10,0,0.0,2.0,2.0,17.0,A01
201800036836,0.0,7,0,0.0,1.0,1.0,1.0,A01
201800036837,1.0,10,0,0.0,1.0,1.0,16.0,A01
201800036838,2.0,10,0,0.0,2.0,8.0,15.0,B01
201800036838,2.0,30,0,0.0,2.0,7.0,17.0,A01
201800036839,2.0,7,0,1.0,0.0,1.0,1.0,C01
201800036839,2.0,7,0,0.0,2.0,4.0,1.0,B01
201800036839,2.0,7,0,0.0,2.0,4.0,1.0,A01
201800036840,1.0,10,0,0.0,1.0,4.0,4.0,A01
201800036841,0.0,7,0,0.0,1.0,5.0,4.0,A01
201800036842,1.0,10,0,0.0,2.0,8.0,1.0,A01
201800036842,0.0,2,0,0.0,2.0,1.0,19.0,B01
201800036843,1.0,7,0,0.0,2.0,2.0,1.0,B01
201800036843,0.0,7,0,0.0,2.0,3.0,19.0,A01
201800036844,0.0,7,0,0.0,2.0,6.0,16.0,A01
201800036844,0.0,15,0,0.0,2.0,2.0,14.0,B01