Num_Acc,senc,catv,occutc,obs,obsm,choc,manv,num_veh
201800037082,1.0,7,0,0.0,2.0,3.0,1.0,A01
201800037083,1.0,2,0,6.0,0.0,1.0,1.0,A01
201800037084,0.0,7,0,0.0,1.0,1.0,9.0,A01
201800037085,2.0,7,0,0.0,2.0,7.0,19.0,A01
201800037085,2.0,7,0,0.0,2.0,1.0,19.0,B01
201800037086,2.0,7,0,0.0,1.0,3.0,15.0,A01
201800037087,1.0,7,0,0.0,1.0,2.0,21.0,A01
201800037088,2.0,7,0,0.0,2.0,5.0,1.0,B01
201800037088,1.0,14,0,0.0,2.0,3.0,1.0,A01
201800037089,1.0,7,0,0.0,1.0,2.0,19.0,A01
201800037090,2.0,30,0,0.0,2.0,3.0,1.0,B01
201800037090,1.0,7,0,0.0,2.0,7.0,15.0,A01
201800037091,2.0,7,0,0.0,2.0,9.0,1.0,C01
201800037091,1.0,7,0,0.0,2.0,9.0,1.0,A01
201800037091,1.0,7,0,0.0,2.0,1.0,1.0,B01
201800037092,2.0,7,0,0.0,2.0,1.0,1.0,B01
201800037092,1.0,7,0,0.0,2.0,1.0,16.0,A01
201800037093,1.0,7,0,0.0,2.0,3.0,15.0,B01
201800037093,1.0,2,0,0.0,2.0,1.0,1.0,A01
201800037094,1.0,7,0,2.0,0.0,1.0,15.0,A01
201800037095,1.0,33,0,0.0,2.0,8.0,1.0,B01
201800037095,2.0,7,0,0.0,2.0,3.0,15.0,A01
201800037096,1.0,7,0,0.0,6.0,5.0,15.0,A01
201800037096,2.0,33,0,0.0,2.0,1.0,1.0,B01
201800037097,0.0,30,0,0.0,2.0,1.0,1.0,B01
201800037097,0.0,7,0,0.0,2.0,1.0,19.0,A01
201800037098,1.0,7,0,0.0,2.0,1.0,15.0,A01
201800037098,2.0,7,0,0.0,2.0,8.0,1.0,B01
201800037099,2.0,7,0,6.0,2.0,8.0,1.0,A01
201800037099,1.0,7,0,0.0,2.0,1.0,1.0,B01
201800037100,2.0,33,0,1.0,2.0,8.0,17.0,A01
201800037101,2.0,34,0,0.0,2.0,1.0,17.0,B01
201800037101,1.0,14,0,0.0,2.0,3.0,15.0,A01
201800037102,0.0,7,0,0.0,1.0,1.0,20.0,A01
201800037103,1.0,7,0,1.0,2.0,2.0,18.0,B01
201800037103,1.0,14,0,0.0,2.0,7.0,16.0,A01
201800037104,0.0,7,0,0.0,1.0,2.0,1.0,A01
201800037105,2.0,7,0,0.0,2.0,4.0,1.0,C01
201800037105,1.0,33,0,0.0,2.0,1.0,1.0,B01
201800037105,2.0,7,0,0.0,2.0,7.0,15.0,A01
201800037106,0.0,7,0,0.0,1.0,1.0,1.0,A01
201800037107,0.0,7,0,0.0,2.0,8.0,15.0,B01
201800037107,0.0,31,0,0.0,2.0,1.0,17.0,A01
201800037108,0.0,31,0,0.0,2.0,8.0,16.0,A01
201800037108,0.0,7,0,0.0,2.0,2.0,1.0,B01
201800037109,0.0,7,0,0.0,2.0,8.0,23.0,C01
201800037109,0.0,7,0,0.0,2.0,3.0,23.0,B01
201800037109,0.0,7,0,4.0,2.0,3.0,15.0,A01
201800037110,1.0,7,0,6.0,0.0,1.0,15.0,A01
201800037111,1.0,7,0,1.0,0.0,1.0,0.0,A01
201800037112,0.0,7,0,14.0,0.0,1.0,1.0,A01
201800037113,1.0,33,0,8.0,2.0,7.0,17.0,A01
201800037113,1.0,7,0,8.0,2.0,8.0,15.0,B01
201800037114,2.0,33,0,0.0,2.0,8.0,1.0,A01
201800037114,1.0,7,0,0.0,2.0,2.0,15.0,B01
201800037115,0.0,7,0,0.0,2.0,3.0,1.0,A01
201800037115,2.0,30,0,0.0,2.0,1.0,1.0,B01
201800037116,1.0,2,0,0.0,2.0,1.0,1.0,B01
201800037116,1.0,10,0,0.0,2.0,3.0,20.0,A01
201800037117,1.0,2,0,0.0,2.0,1.0,18.0,B01
201800037117,1.0,7,0,0.0,6.0,7.0,1.0,A01
201800037118,1.0,10,0,0.0,2.0,8.0,1.0,B01
201800037118,1.0,2,0,0.0,2.0,8.0,9.0,A01
201800037119,1.0,7,0,0.0,2.0,3.0,15.0,A01
201800037119,1.0,34,0,0.0,2.0,5.0,1.0,B01
201800037120,0.0,7,0,1.0,2.0,3.0,21.0,A01
201800037120,0.0,7,0,1.0,2.0,3.0,21.0,B01
201800037121,0.0,10,0,0.0,2.0,2.0,1.0,A01
201800037121,0.0,7,0,0.0,2.0,4.0,1.0,B01
201800037122,2.0,7,0,1.0,0.0,2.0,1.0,A01
201800037123,1.0,7,0,0.0,2.0,4.0,1.0,A01
201800037123,1.0,7,0,0.0,2.0,1.0,2.0,B01
201800037123,1.0,7,0,0.0,2.0,1.0,2.0,C01
201800037124,1.0,2,0,0.0,2.0,1.0,1.0,B01
201800037124,2.0,7,0,0.0,2.0,3.0,1.0,A01
201800037125,2.0,7,0,0.0,2.0,1.0,1.0,A01
201800037125,2.0,1,0,0.0,2.0,3.0,16.0,B01
201800037126,2.0,33,0,0.0,2.0,1.0,1.0,A01
201800037126,2.0,7,0,0.0,2.0,4.0,23.0,C01
201800037126,2.0,7,0,0.0,2.0,6.0,23.0,B01
201800037127,2.0,7,0,1.0,2.0,2.0,1.0,A01
201800037127,1.0,37,1,0.0,2.0,8.0,1.0,C01
201800037127,2.0,10,0,0.0,2.0,2.0,24.0,B01
201800037128,0.0,7,0,0.0,2.0,4.0,24.0,C01
201800037128,0.0,7,0,0.0,2.0,4.0,23.0,D01
201800037128,0.0,15,0,0.0,2.0,8.0,1.0,E01
201800037128,0.0,7,0,0.0,2.0,9.0,23.0,B01
201800037128,0.0,15,0,0.0,2.0,1.0,1.0,A01
201800037128,0.0,7,0,0.0,2.0,5.0,23.0,F01
201800037129,2.0,7,0,0.0,2.0,2.0,1.0,B01
201800037129,2.0,13,0,0.0,2.0,3.0,15.0,A01
201800037130,0.0,7,0,0.0,2.0,8.0,19.0,A01
201800037130,2.0,7,0,0.0,2.0,1.0,1.0,B01
201800037131,0.0,10,0,0.0,2.0,2.0,15.0,B01
201800037131,0.0,33,0,0.0,2.0,1.0,1.0,A01
201800037132,0.0,7,0,0.0,2.0,8.0,1.0,A01
201800037133,1.0,7,0,0.0,1.0,1.0,16.0,A01
201800037134,1.0,7,0,0.0,1.0,7.0,16.0,A01
201800037135,2.0,30,0,0.0,2.0,3.0,13.0,A01
201800037135,2.0,14,0,0.0,2.0,5.0,1.0,B01
201800037136,2.0,10,0,0.0,1.0,3.0,1.0,A01
201800037137,2.0,7,0,0.0,1.0,1.0,16.0,A01
201800037138,2.0,32,0,0.0,2.0,0.0,2.0,A01
201800037138,2.0,7,0,0.0,2.0,2.0,16.0,B01
201800037139,1.0,7,0,0.0,2.0,3.0,9.0,A01
201800037139,1.0,7,0,0.0,2.0,2.0,1.0,B01
201800037140,2.0,7,0,0.0,1.0,3.0,1.0,A01
201800037141,2.0,15,0,0.0,1.0,0.0,1.0,A01
201800037142,1.0,7,0,0.0,1.0,4.0,4.0,A01
201800037143,1.0,7,0,0.0,1.0,1.0,15.0,A01
201800037144,2.0,7,0,0.0,2.0,3.0,9.0,A01
201800037144,2.0,7,0,0.0,2.0,2.0,1.0,B01
201800037145,1.0,33,0,0.0,2.0,1.0,2.0,A01
201800037145,1.0,7,0,0.0,2.0,4.0,1.0,B01
201800037146,1.0,7,0,1.0,0.0,1.0,14.0,A01
201800037147,1.0,7,0,0.0,2.0,7.0,1.0,A01
201800037147,1.0,7,0,0.0,2.0,3.0,9.0,B01
201800037148,1.0,14,0,1.0,1.0,6.0,1.0,A01
201800037149,2.0,7,0,0.0,2.0,3.0,13.0,A01
201800037149,2.0,10,0,0.0,2.0,5.0,23.0,B01
201800037150,1.0,7,0,0.0,1.0,3.0,1.0,A01
201800037151,1.0,7,0,0.0,2.0,2.0,10.0,A01
201800037151,1.0,31,0,0.0,2.0,1.0,1.0,B01
201800037152,1.0,7,0,0.0,2.0,1.0,1.0,A01
201800037152,2.0,7,0,0.0,2.0,2.0,15.0,B01
201800037153,1.0,7,0,0.0,2.0,1.0,19.0,A01
201800037153,2.0,7,0,0.0,2.0,8.0,1.0,B01
201800037154,2.0,7,0,0.0,2.0,3.0,15.0,A01
201800037154,2.0,34,0,0.0,2.0,7.0,17.0,B01
201800037155,2.0,7,0,0.0,2.0,2.0,15.0,A01
201800037155,1.0,34,0,0.0,2.0,1.0,1.0,B01
201800037156,1.0,7,0,0.0,1.0,2.0,1.0,A01
201800037157,2.0,1,0,0.0,2.0,8.0,1.0,B01
201800037157,2.0,7,0,0.0,2.0,1.0,15.0,A01
201800037158,1.0,7,0,0.0,2.0,2.0,1.0,A01
201800037158,2.0,7,0,0.0,2.0,3.0,15.0,B01
201800037159,2.0,33,0,0.0,2.0,1.0,16.0,A01
201800037159,2.0,7,0,0.0,2.0,6.0,1.0,B01
201800037160,2.0,7,0,0.0,2.0,1.0,2.0,A01
201800037160,2.0,7,0,0.0,2.0,4.0,1.0,B01
201800037161,2.0,7,0,0.0,2.0,7.0,15.0,A01
201800037161,1.0,10,0,0.0,2.0,1.0,1.0,B01
201800037162,0.0,30,0,0.0,2.0,1.0,15.0,A01
201800037162,2.0,10,0,0.0,2.0,6.0,1.0,B01
201800037163,1.0,7,0,0.0,2.0,7.0,16.0,A01
201800037163,1.0,1,0,0.0,2.0,1.0,1.0,B01
201800037164,1.0,7,0,0.0,1.0,2.0,1.0,A01
201800037165,1.0,30,0,0.0,2.0,8.0,0.0,A01
201800037165,2.0,7,0,0.0,2.0,1.0,15.0,B01
201800037166,1.0,7,0,0.0,2.0,1.0,2.0,A01
201800037166,1.0,7,0,0.0,1.0,1.0,1.0,B01
201800037167,2.0,1,0,0.0,2.0,1.0,23.0,A01
201800037167,2.0,7,0,0.0,2.0,5.0,2.0,B01
201800037168,1.0,7,0,0.0,2.0,1.0,1.0,A01
201800037168,1.0,7,0,0.0,2.0,4.0,16.0,B01
201800037169,2.0,33,0,0.0,2.0,2.0,2.0,A01
201800037169,2.0,15,0,0.0,2.0,4.0,2.0,B01
201800037170,1.0,1,0,0.0,2.0,1.0,19.0,A01
201800037170,0.0,10,0,0.0,2.0,1.0,1.0,B01
201800037171,1.0,7,0,0.0,2.0,2.0,15.0,A01
201800037171,2.0,30,0,0.0,2.0,7.0,1.0,B01
201800037172,2.0,7,0,1.0,0.0,2.0,14.0,A01
201800037172,0.0,7,0,1.0,0.0,8.0,24.0,B01
201800037173,0.0,10,0,0.0,2.0,2.0,16.0,A01
201800037173,0.0,1,0,0.0,2.0,3.0,2.0,B01
201800037174,2.0,33,0,0.0,2.0,5.0,0.0,A01
201800037174,2.0,10,0,0.0,0.0,6.0,0.0,B01
201800037175,1.0,30,0,0.0,2.0,1.0,1.0,A01
201800037175,1.0,7,0,0.0,2.0,3.0,19.0,B01
201800037176,1.0,7,0,0.0,6.0,2.0,0.0,A01
201800037176,0.0,99,0,0.0,2.0,1.0,19.0,B01
201800037177,2.0,7,0,0.0,2.0,3.0,15.0,B01
201800037177,2.0,10,0,0.0,2.0,2.0,1.0,A01
201800037178,0.0,7,0,0.0,1.0,2.0,1.0,A01
201800037179,1.0,7,0,15.0,2.0,2.0,1.0,A01
201800037179,1.0,7,0,0.0,2.0,2.0,13.0,B01
201800037180,0.0,7,0,0.0,6.0,1.0,9.0,A01
201800037180,0.0,1,0,0.0,2.0,1.0,2.0,B01
201800037181,2.0,30,0,0.0,2.0,2.0,1.0,A01
201800037181,2.0,7,0,0.0,2.0,3.0,9.0,B01
201800037182,1.0,7,0,0.0,2.0,2.0,16.0,A01
201800037182,1.0,99,0,0.0,2.0,1.0,1.0,B01
201800037183,2.0,7,0,0.0,2.0,5.0,12.0,A01
201800037183,1.0,30,0,0.0,2.0,8.0,1.0,B01
201800037184,2.0,32,0,0.0,1.0,1.0,21.0,A01
201800037185,1.0,7,0,0.0,2.0,3.0,15.0,A01
201800037185,2.0,33,0,0.0,2.0,3.0,1.0,B01
201800037186,2.0,1,0,0.0,1.0,1.0,1.0,A01
201800037187,1.0,34,0,0.0,2.0,6.0,5.0,A01
201800037187,1.0,7,0,0.0,2.0,3.0,1.0,B01
201800037188,1.0,37,35,0.0,1.0,2.0,16.0,A01
201800037189,1.0,7,0,0.0,2.0,6.0,11.0,A01
201800037189,1.0,31,0,0.0,2.0,1.0,1.0,B01
201800037190,0.0,37,1,2.0,2.0,3.0,17.0,A01
201800037190,0.0,7,0,0.0,2.0,4.0,24.0,B01
201800037190,1.0,32,0,0.0,2.0,1.0,1.0,C01
201800037191,2.0,7,0,0.0,2.0,2.0,15.0,A01
201800037191,1.0,33,0,0.0,2.0,1.0,1.0,B01
201800037192,1.0,10,0,0.0,1.0,7.0,16.0,A01
201800037193,1.0,37,15,0.0,1.0,3.0,16.0,A01
201800037194,1.0,7,0,0.0,2.0,8.0,13.0,A01
201800037194,1.0,2,0,0.0,2.0,1.0,1.0,B01
201800037195,1.0,7,0,0.0,1.0,2.0,1.0,A01
201800037196,2.0,7,0,0.0,2.0,8.0,15.0,A01
201800037196,2.0,34,0,0.0,2.0,2.0,2.0,B01
201800037197,2.0,7,0,0.0,2.0,1.0,1.0,A01
201800037197,2.0,7,0,0.0,2.0,4.0,23.0,B01
201800037197,2.0,7,0,0.0,2.0,4.0,23.0,C01
201800037198,0.0,7,0,0.0,1.0,1.0,1.0,A01
201800037199,2.0,33,0,0.0,0.0,1.0,0.0,A01
201800037199,1.0,33,0,0.0,0.0,1.0,0.0,B01
201800037200,1.0,30,0,0.0,2.0,0.0,13.0,A01
201800037200,1.0,7,0,0.0,2.0,2.0,1.0,B01
201800037201,2.0,7,0,8.0,0.0,1.0,21.0,A01
201800037202,1.0,7,0,0.0,1.0,3.0,1.0,A01
201800037203,2.0,7,0,0.0,1.0,2.0,19.0,A01
201800037204,1.0,99,0,0.0,1.0,5.0,21.0,A01
201800037205,1.0,7,0,0.0,2.0,2.0,2.0,A01
201800037205,1.0,31,0,0.0,2.0,6.0,2.0,B01
201800037206,0.0,14,0,0.0,2.0,2.0,12.0,A01
201800037206,0.0,10,0,0.0,2.0,3.0,2.0,B01
201800037207,1.0,7,0,0.0,2.0,3.0,9.0,A01
201800037207,2.0,2,0,0.0,2.0,1.0,5.0,B01
201800037208,0.0,32,0,0.0,2.0,1.0,14.0,B01
201800037208,0.0,7,0,0.0,2.0,1.0,17.0,A01
201800037209,0.0,7,0,0.0,2.0,5.0,12.0,A01
201800037209,1.0,33,0,0.0,2.0,3.0,3.0,B01
201800037210,0.0,34,0,0.0,2.0,2.0,1.0,A01
201800037210,0.0,32,0,0.0,2.0,7.0,15.0,B01
201800037211,0.0,7,0,0.0,1.0,1.0,0.0,A01
201800037212,1.0,7,0,0.0,0.0,9.0,14.0,A01
201800037213,1.0,7,0,0.0,1.0,1.0,1.0,A01
201800037214,1.0,7,0,0.0,2.0,4.0,1.0,A01
201800037214,1.0,7,0,0.0,2.0,3.0,1.0,B01
201800037215,1.0,7,0,0.0,1.0,2.0,15.0,A01
201800037216,2.0,7,0,0.0,1.0,1.0,1.0,A01
201800037217,1.0,7,0,9.0,9.0,3.0,15.0,A01
201800037217,2.0,33,0,9.0,2.0,1.0,1.0,B01
201800037218,2.0,7,0,0.0,1.0,2.0,1.0,A01
201800037219,1.0,7,0,0.0,1.0,1.0,0.0,A01
201800037220,1.0,7,0,0.0,2.0,0.0,13.0,A01
201800037220,1.0,7,0,0.0,2.0,6.0,10.0,B01
201800037220,1.0,7,0,0.0,2.0,4.0,0.0,C01
201800037221,2.0,99,0,0.0,2.0,0.0,0.0,R01
201800037221,1.0,7,0,0.0,2.0,0.0,1.0,A01
201800037222,1.0,7,0,0.0,1.0,4.0,1.0,Z01
201800037223,1.0,33,0,0.0,1.0,1.0,1.0,A01
201800037224,1.0,7,0,0.0,2.0,1.0,15.0,A01
201800037224,2.0,33,0,0.0,2.0,1.0,1.0,B01
201800037225,1.0,14,0,0.0,2.0,1.0,2.0,A01
201800037225,1.0,7,0,0.0,2.0,4.0,2.0,B01
201800037225,1.0,7,0,0.0,2.0,4.0,1.0,C01
201800037226,1.0,34,0,9.0,0.0,1.0,0.0,A01
201800037227,2.0,10,0,0.0,1.0,1.0,1.0,A01
201800037228,1.0,7,0,0.0,2.0,7.0,1.0,A01
201800037228,1.0,34,0,0.0,2.0,8.0,1.0,B01
201800037229,1.0,7,0,0.0,1.0,2.0,1.0,A01
201800037230,2.0,7,0,0.0,1.0,8.0,0.0,A01
201800037231,1.0,7,0,0.0,2.0,8.0,22.0,A01
201800037231,1.0,2,0,1.0,0.0,1.0,1.0,B01
201800037232,1.0,10,0,0.0,1.0,1.0,16.0,A01
201800037233,1.0,7,0,0.0,2.0,0.0,24.0,A01
201800037233,1.0,30,0,1.0,0.0,8.0,21.0,B01
201800037234,1.0,1,0,0.0,1.0,4.0,15.0,A01
201800037235,1.0,7,0,0.0,2.0,6.0,0.0,A01
201800037235,2.0,7,0,0.0,2.0,2.0,0.0,B01
201800037236,1.0,7,0,0.0,2.0,3.0,10.0,A01
201800037236,1.0,31,0,0.0,2.0,1.0,1.0,B01
201800037237,1.0,30,0,1.0,0.0,1.0,1.0,A01
201800037238,1.0,7,0,0.0,2.0,1.0,15.0,A01
201800037238,2.0,1,0,0.0,2.0,1.0,1.0,B01
201800037239,1.0,34,0,11.0,0.0,8.0,1.0,A01
201800037240,1.0,7,0,0.0,2.0,2.0,15.0,A01
201800037240,1.0,31,0,0.0,2.0,3.0,16.0,B01
201800037241,1.0,7,0,0.0,1.0,1.0,1.0,A01
201800037242,1.0,34,0,0.0,2.0,0.0,0.0,A01
201800037243,1.0,7,0,0.0,2.0,5.0,14.0,A01
201800037244,2.0,7,0,0.0,0.0,0.0,15.0,A01
201800037244,2.0,31,0,1.0,0.0,1.0,21.0,B01
201800037245,1.0,7,0,0.0,2.0,8.0,15.0,A01
201800037245,1.0,30,0,0.0,2.0,1.0,1.0,B01
201800037246,2.0,37,0,0.0,2.0,4.0,1.0,A01
201800037246,2.0,34,0,0.0,2.0,1.0,1.0,B01
201800037247,1.0,7,0,0.0,1.0,2.0,16.0,A01
201800037248,2.0,7,0,0.0,1.0,3.0,9.0,A01
201800037249,1.0,34,0,0.0,2.0,1.0,0.0,A01
201800037249,1.0,34,0,0.0,2.0,1.0,0.0,B01
201800037249,1.0,38,0,0.0,2.0,4.0,0.0,C01
201800037250,1.0,7,0,0.0,2.0,3.0,15.0,A01
201800037250,2.0,33,0,0.0,2.0,3.0,0.0,B01
201800037251,1.0,7,0,0.0,2.0,7.0,15.0,A01
201800037251,2.0,33,0,0.0,2.0,1.0,1.0,B01
201800037252,1.0,10,0,0.0,1.0,2.0,19.0,A01
201800037253,1.0,7,0,0.0,1.0,1.0,1.0,A01
201800037254,2.0,7,0,0.0,2.0,1.0,1.0,A01
201800037254,1.0,2,0,0.0,2.0,1.0,1.0,B01
201800037255,0.0,1,0,0.0,2.0,1.0,15.0,A01
201800037255,0.0,1,0,0.0,2.0,1.0,21.0,B01
201800037256,1.0,1,0,0.0,2.0,4.0,1.0,B01
201800037256,1.0,7,0,0.0,2.0,2.0,16.0,A01
201800037257,2.0,31,0,0.0,2.0,1.0,1.0,B01
201800037257,1.0,7,0,0.0,2.0,5.0,15.0,A01
201800037258,1.0,10,0,0.0,2.0,3.0,9.0,A01
201800037258,1.0,2,0,0.0,2.0,1.0,1.0,B01
201800037259,2.0,7,0,0.0,2.0,1.0,1.0,A01
201800037259,2.0,10,0,0.0,2.0,4.0,23.0,B01
201800037260,2.0,7,0,0.0,2.0,6.0,23.0,A01
201800037260,2.0,31,0,0.0,2.0,1.0,1.0,B01
201800037261,1.0,7,0,0.0,2.0,6.0,16.0,B01
201800037261,1.0,13,0,0.0,2.0,2.0,1.0,A01
201800037262,1.0,7,0,0.0,1.0,1.0,1.0,A01
201800037263,2.0,1,0,0.0,2.0,1.0,15.0,A01
201800037263,2.0,1,0,0.0,2.0,7.0,1.0,B01
201800037264,1.0,7,0,0.0,1.0,3.0,1.0,A01
201800037265,2.0,7,0,0.0,2.0,8.0,15.0,A01
201800037265,1.0,30,0,0.0,2.0,1.0,1.0,B01
201800037266,1.0,7,0,0.0,1.0,1.0,1.0,A01
201800037267,2.0,7,0,0.0,2.0,4.0,2.0,A01
201800037267,2.0,2,0,0.0,2.0,1.0,2.0,B01
201800037268,1.0,34,0,0.0,1.0,1.0,1.0,A01
201800037269,1.0,31,0,0.0,1.0,1.0,1.0,A01
201800037270,1.0,2,0,0.0,1.0,0.0,1.0,A01
201800037271,1.0,33,0,1.0,0.0,9.0,21.0,B01
201800037271,1.0,7,0,0.0,0.0,0.0,10.0,A01
201800037272,1.0,10,0,0.0,2.0,3.0,1.0,A01
201800037272,2.0,7,0,0.0,2.0,9.0,6.0,B01
201800037273,1.0,7,0,0.0,1.0,3.0,1.0,A01
201800037274,1.0,2,0,0.0,2.0,7.0,17.0,A01
201800037274,1.0,33,0,0.0,2.0,3.0,15.0,B01
201800037275,1.0,14,0,0.0,2.0,1.0,2.0,A01
201800037275,1.0,33,0,0.0,2.0,4.0,2.0,B01
201800037276,1.0,7,0,0.0,1.0,2.0,1.0,A01
201800037277,1.0,31,0,0.0,2.0,1.0,1.0,A01
201800037277,1.0,7,0,0.0,2.0,3.0,1.0,B01
201800037278,1.0,7,0,0.0,1.0,3.0,1.0,A01
201800037279,1.0,7,0,0.0,2.0,1.0,15.0,A01
201800037279,2.0,2,0,0.0,2.0,1.0,1.0,B01
201800037280,1.0,7,0,0.0,1.0,1.0,15.0,A01
201800037281,1.0,7,0,0.0,1.0,7.0,1.0,A01
201800037282,1.0,7,0,0.0,2.0,1.0,1.0,A01
201800037282,1.0,7,0,0.0,2.0,4.0,23.0,B01
201800037283,1.0,14,0,2.0,0.0,1.0,21.0,A01
201800037284,1.0,10,0,0.0,2.0,2.0,1.0,A01
201800037284,1.0,7,0,0.0,2.0,8.0,13.0,B01
201800037285,1.0,7,0,0.0,2.0,6.0,2.0,A01
201800037285,1.0,2,0,0.0,2.0,2.0,11.0,B01
201800037286,1.0,7,0,0.0,2.0,2.0,20.0,A01
201800037286,1.0,30,0,0.0,2.0,2.0,0.0,B01
201800037287,0.0,7,0,0.0,2.0,5.0,2.0,A01
201800037287,0.0,10,0,0.0,2.0,3.0,2.0,B01
201800037288,0.0,10,0,0.0,1.0,4.0,4.0,A01
201800037289,0.0,7,0,0.0,2.0,2.0,0.0,A01
201800037289,0.0,2,0,0.0,2.0,7.0,9.0,B01
201800037290,1.0,7,0,0.0,2.0,4.0,4.0,A01
201800037290,1.0,33,0,0.0,2.0,1.0,2.0,B01
201800037291,0.0,2,0,0.0,1.0,3.0,0.0,A01
201800037292,0.0,15,0,0.0,2.0,0.0,1.0,A01
201800037292,0.0,7,0,0.0,2.0,2.0,15.0,B01
201800037293,1.0,7,0,0.0,2.0,6.0,13.0,A01
201800037293,1.0,7,0,1.0,2.0,9.0,13.0,B01
201800037294,1.0,7,0,8.0,2.0,2.0,11.0,A01
201800037294,1.0,33,0,0.0,2.0,9.0,0.0,B01
201800037295,0.0,1,0,0.0,0.0,1.0,1.0,A01
201800037296,0.0,7,0,0.0,2.0,6.0,0.0,A01
201800037296,0.0,7,0,0.0,2.0,3.0,15.0,B01
201800037297,0.0,30,0,0.0,2.0,2.0,0.0,B01
201800037297,0.0,7,0,0.0,2.0,0.0,15.0,Z01
201800037298,0.0,7,0,0.0,2.0,4.0,2.0,A01
201800037298,0.0,2,0,0.0,2.0,1.0,1.0,B01
201800037299,0.0,7,0,0.0,1.0,0.0,0.0,A01
201800037300,0.0,34,0,0.0,1.0,1.0,1.0,A01
201800037301,0.0,7,0,0.0,2.0,1.0,15.0,A01
201800037301,0.0,33,0,0.0,2.0,3.0,2.0,B01
201800037302,,34,0,,,,,A01
201800037302,,7,0,,,,,B01
201800037303,0.0,7,0,0.0,1.0,3.0,15.0,A01
201800037304,0.0,7,0,0.0,2.0,0.0,0.0,A01
201800037304,0.0,7,0,0.0,2.0,4.0,0.0,B01
201800037305,0.0,7,0,0.0,2.0,3.0,15.0,A01
201800037305,0.0,33,0,0.0,2.0,1.0,0.0,B01
201800037306,0.0,7,0,0.0,2.0,1.0,2.0,A01
201800037306,0.0,7,0,0.0,2.0,4.0,2.0,B01
201800037307,1.0,7,0,0.0,2.0,7.0,16.0,A01
201800037307,1.0,32,0,0.0,2.0,1.0,0.0,B01
201800037308,0.0,15,0,0.0,2.0,6.0,2.0,A01
201800037308,0.0,31,0,0.0,2.0,2.0,2.0,B01
201800037309,0.0,7,0,0.0,2.0,1.0,0.0,B01
201800037309,0.0,7,0,0.0,2.0,3.0,1.0,A01
201800037310,0.0,7,0,0.0,2.0,8.0,0.0,A01
201800037310,0.0,2,0,0.0,2.0,1.0,12.0,B01
201800037311,0.0,13,0,0.0,2.0,8.0,15.0,A01
201800037311,1.0,33,0,0.0,2.0,2.0,2.0,B01
201800037312,0.0,20,0,1.0,1.0,0.0,22.0,A01
201800037313,0.0,32,0,0.0,2.0,6.0,1.0,A01
201800037313,0.0,7,0,0.0,2.0,0.0,15.0,Z01
201800037314,0.0,7,0,0.0,2.0,6.0,1.0,B01
201800037314,0.0,7,0,0.0,2.0,3.0,1.0,C01
201800037314,0.0,7,0,0.0,2.0,2.0,13.0,A01
201800037315,0.0,7,0,0.0,2.0,4.0,2.0,C01
201800037315,0.0,7,0,0.0,2.0,1.0,1.0,A01
201800037315,0.0,7,0,0.0,2.0,4.0,1.0,B01
201800037316,0.0,7,0,0.0,1.0,0.0,16.0,A01
201800037317,0.0,7,0,0.0,2.0,1.0,2.0,A01
201800037317,0.0,7,0,0.0,2.0,4.0,2.0,B01
201800037318,0.0,7,0,0.0,1.0,3.0,16.0,A01
201800037319,0.0,7,0,0.0,2.0,2.0,10.0,A01
201800037319,0.0,31,0,0.0,2.0,3.0,2.0,B01
201800037320,0.0,32,0,0.0,0.0,0.0,0.0,A01
201800037320,0.0,7,0,0.0,2.0,3.0,15.0,Z01
201800037321,1.0,7,0,0.0,2.0,3.0,15.0,A01
201800037321,0.0,2,0,0.0,2.0,1.0,1.0,B01
201800037322,0.0,7,0,0.0,2.0,2.0,2.0,A01
201800037322,0.0,2,0,0.0,2.0,3.0,1.0,B01
201800037323,0.0,7,0,0.0,2.0,5.0,19.0,A01
201800037323,0.0,34,0,0.0,2.0,3.0,21.0,B01
201800037324,1.0,7,0,0.0,2.0,6.0,11.0,A01
201800037324,1.0,31,0,0.0,2.0,1.0,1.0,B01
201800037325,0.0,30,0,0.0,0.0,0.0,2.0,A01
201800037326,0.0,7,0,1.0,2.0,7.0,14.0,A01
201800037327,0.0,33,0,0.0,2.0,0.0,0.0,B01
201800037327,0.0,7,0,0.0,2.0,6.0,0.0,A01
201800037328,0.0,7,0,0.0,2.0,1.0,0.0,A01
201800037328,0.0,7,0,0.0,2.0,4.0,0.0,B01
201800037329,1.0,7,0,0.0,1.0,1.0,1.0,A01
201800037330,0.0,7,0,0.0,0.0,2.0,1.0,A01
201800037330,0.0,33,0,0.0,2.0,1.0,21.0,B01
201800037331,0.0,32,0,0.0,2.0,6.0,15.0,A01
201800037331,0.0,31,0,0.0,2.0,3.0,17.0,B01
201800037332,0.0,7,0,0.0,1.0,1.0,1.0,A01
201800037333,2.0,7,0,8.0,0.0,1.0,2.0,A01
201800037334,0.0,13,0,0.0,2.0,1.0,0.0,A01
201800037334,0.0,13,0,0.0,2.0,4.0,0.0,B01
201800037335,0.0,13,0,0.0,2.0,2.0,15.0,A01
201800037335,0.0,13,0,0.0,2.0,3.0,0.0,B01
201800037336,0.0,10,0,0.0,2.0,7.0,20.0,A01