Num_Acc,senc,catv,occutc,obs,obsm,choc,manv,num_veh
201800037336,0.0,34,0,1.0,2.0,8.0,0.0,B01
201800037337,0.0,10,0,0.0,2.0,4.0,0.0,A01
201800037337,0.0,7,0,0.0,2.0,1.0,1.0,B01
201800037338,1.0,32,0,0.0,2.0,9.0,0.0,B01
201800037338,1.0,7,0,0.0,2.0,8.0,15.0,A01
201800037339,0.0,30,0,0.0,1.0,1.0,0.0,A01
201800037340,,32,0,16.0,,,,A01
201800037341,1.0,32,0,0.0,2.0,2.0,2.0,A01
201800037341,1.0,1,0,0.0,2.0,3.0,13.0,B01
201800037342,0.0,32,0,0.0,1.0,3.0,1.0,A01
201800037343,1.0,7,0,0.0,1.0,1.0,0.0,A01
201800037344,2.0,34,0,15.0,0.0,9.0,14.0,A01
201800037345,1.0,7,0,0.0,1.0,1.0,1.0,A01
201800037346,1.0,7,0,1.0,2.0,2.0,21.0,A01
201800037347,0.0,99,0,0.0,2.0,0.0,0.0,R01
201800037347,1.0,34,0,0.0,2.0,0.0,2.0,A01
201800037348,1.0,7,0,1.0,0.0,2.0,0.0,A01
201800037348,1.0,7,0,0.0,2.0,2.0,0.0,B01
201800037349,1.0,7,0,0.0,2.0,8.0,10.0,A01
201800037350,1.0,7,0,6.0,1.0,2.0,14.0,A01
201800037351,1.0,7,0,0.0,1.0,1.0,2.0,A01
201800037352,1.0,33,0,16.0,9.0,2.0,21.0,A01
201800037353,1.0,7,0,0.0,2.0,4.0,9.0,A01
201800037353,1.0,7,0,0.0,2.0,4.0,1.0,B01
201800037354,1.0,7,0,0.0,1.0,2.0,1.0,A01
201800037355,1.0,7,0,0.0,1.0,2.0,14.0,A01
201800037356,1.0,7,0,0.0,1.0,1.0,1.0,A01
201800037357,1.0,7,0,0.0,2.0,1.0,23.0,A01
201800037357,1.0,34,0,0.0,2.0,4.0,23.0,B01
201800037358,1.0,7,0,0.0,1.0,4.0,24.0,A01
201800037359,1.0,99,0,0.0,2.0,0.0,0.0,R01
201800037359,1.0,7,0,0.0,2.0,7.0,4.0,A01
201800037360,1.0,7,0,4.0,0.0,1.0,1.0,A01
201800037361,0.0,99,0,0.0,2.0,0.0,0.0,R01
201800037361,1.0,7,0,0.0,2.0,2.0,1.0,A01
201800037362,1.0,7,0,0.0,1.0,8.0,2.0,A01
201800037363,0.0,99,0,0.0,2.0,0.0,0.0,R01
201800037363,1.0,7,0,0.0,2.0,3.0,1.0,A01
201800037364,1.0,7,0,0.0,2.0,1.0,1.0,B01
201800037364,1.0,34,0,0.0,2.0,3.0,15.0,A01
201800037365,1.0,7,0,0.0,2.0,1.0,14.0,A01
201800037365,1.0,7,0,0.0,2.0,4.0,1.0,B01
201800037365,1.0,7,0,0.0,2.0,4.0,1.0,C01
201800037366,1.0,7,0,0.0,2.0,5.0,1.0,A01
201800037366,1.0,7,0,0.0,2.0,1.0,16.0,B01
201800037367,2.0,7,0,0.0,2.0,7.0,15.0,A01
201800037367,1.0,2,0,0.0,2.0,1.0,1.0,B01
201800037368,1.0,30,0,0.0,2.0,1.0,1.0,A01
201800037368,1.0,7,0,0.0,2.0,3.0,16.0,B01
201800037369,0.0,33,0,,,,,A01
201800037370,0.0,7,0,8.0,1.0,1.0,16.0,A01
201800037371,0.0,30,0,1.0,0.0,3.0,0.0,A01
201800037372,1.0,99,0,0.0,2.0,4.0,11.0,B01
201800037372,1.0,7,0,0.0,2.0,1.0,1.0,Z01
201800037373,1.0,7,0,,1.0,,,A01
201800037374,0.0,33,0,15.0,0.0,1.0,16.0,B01
201800037374,0.0,7,0,15.0,0.0,3.0,15.0,A01
201800037375,0.0,7,0,0.0,1.0,4.0,4.0,A01
201800037376,1.0,7,0,0.0,2.0,3.0,11.0,A01
201800037376,1.0,7,0,0.0,2.0,2.0,2.0,B01
201800037377,1.0,30,0,0.0,2.0,1.0,1.0,A01
201800037377,1.0,10,0,0.0,0.0,7.0,1.0,B01
201800037378,2.0,7,0,0.0,2.0,1.0,2.0,A01
201800037378,1.0,7,0,0.0,2.0,4.0,23.0,B01
201800037379,1.0,7,0,0.0,1.0,2.0,2.0,A01
201800037380,2.0,10,0,0.0,2.0,3.0,10.0,A01
201800037380,2.0,30,0,0.0,2.0,7.0,1.0,B01
201800037381,0.0,7,0,0.0,1.0,3.0,15.0,A01
201800037382,0.0,7,0,0.0,2.0,1.0,0.0,A01
201800037382,0.0,7,0,0.0,2.0,8.0,1.0,B01
201800037383,2.0,7,0,0.0,2.0,3.0,0.0,A01
201800037383,1.0,7,0,0.0,2.0,1.0,0.0,B01
201800037384,1.0,10,0,0.0,1.0,3.0,19.0,B01
201800037385,1.0,33,0,1.0,0.0,3.0,21.0,A01
201800037385,1.0,10,0,0.0,2.0,5.0,24.0,B01
201800037386,0.0,7,0,0.0,1.0,1.0,15.0,A01
201800037387,1.0,7,0,6.0,2.0,6.0,16.0,A01
201800037387,1.0,37,0,6.0,2.0,1.0,11.0,B01
201800037388,1.0,31,0,0.0,1.0,1.0,16.0,A01
201800037389,1.0,7,0,0.0,2.0,1.0,1.0,A01
201800037389,1.0,7,0,0.0,2.0,8.0,16.0,B01
201800037390,0.0,99,0,0.0,2.0,0.0,0.0,R01
201800037390,2.0,7,0,0.0,2.0,1.0,0.0,A01
201800037391,1.0,7,0,0.0,1.0,4.0,4.0,A01
201800037392,1.0,7,0,0.0,2.0,1.0,1.0,A01
201800037392,1.0,7,0,0.0,2.0,4.0,1.0,B01
201800037393,1.0,7,0,0.0,2.0,2.0,1.0,B01
201800037393,2.0,7,0,0.0,2.0,8.0,1.0,C01
201800037393,1.0,31,0,0.0,1.0,3.0,17.0,A01
201800037394,1.0,31,0,0.0,2.0,7.0,16.0,A01
201800037394,1.0,7,0,0.0,2.0,1.0,1.0,B01
201800037395,1.0,7,0,0.0,1.0,1.0,15.0,A01
201800037396,1.0,7,0,0.0,1.0,3.0,15.0,A01
201800037397,1.0,7,0,0.0,2.0,2.0,1.0,A01
201800037397,1.0,7,0,0.0,2.0,3.0,15.0,B01
201800037398,1.0,7,0,0.0,2.0,1.0,21.0,A01
201800037398,1.0,7,0,0.0,2.0,4.0,1.0,B01
201800037399,1.0,7,0,0.0,2.0,3.0,15.0,A01
201800037399,1.0,33,0,0.0,2.0,2.0,1.0,B01
201800037400,1.0,7,0,0.0,2.0,3.0,16.0,A01
201800037400,1.0,33,0,1.0,2.0,4.0,1.0,B01
201800037401,1.0,7,0,0.0,2.0,3.0,15.0,A01
201800037401,1.0,33,0,0.0,2.0,1.0,1.0,B01
201800037402,2.0,7,0,0.0,2.0,3.0,17.0,A01
201800037402,2.0,31,0,1.0,2.0,2.0,13.0,B01
201800037403,1.0,1,0,0.0,2.0,1.0,1.0,A01
201800037403,2.0,7,0,0.0,2.0,3.0,1.0,B01
201800037404,2.0,33,0,0.0,2.0,1.0,1.0,B01
201800037404,1.0,7,0,0.0,2.0,3.0,15.0,A01
201800037405,1.0,31,0,1.0,1.0,1.0,2.0,A01
201800037405,1.0,7,0,0.0,2.0,8.0,24.0,B01
201800037406,2.0,7,0,0.0,1.0,1.0,9.0,A01
201800037406,2.0,7,0,0.0,2.0,2.0,21.0,B01
201800037407,1.0,2,0,0.0,2.0,1.0,19.0,A01
201800037407,2.0,31,0,0.0,2.0,3.0,16.0,B01
201800037408,1.0,7,0,0.0,2.0,3.0,1.0,B01
201800037408,1.0,31,0,0.0,2.0,1.0,17.0,A01
201800037409,1.0,37,0,0.0,1.0,2.0,1.0,A01
201800037410,1.0,7,0,9.0,2.0,3.0,1.0,B01
201800037410,1.0,7,0,0.0,2.0,2.0,19.0,A01
201800037411,1.0,7,0,0.0,2.0,3.0,15.0,A01
201800037411,2.0,31,0,12.0,1.0,3.0,1.0,B01
201800037412,1.0,7,0,0.0,2.0,2.0,16.0,A01
201800037412,1.0,2,0,0.0,2.0,1.0,13.0,B01
201800037413,1.0,7,0,0.0,2.0,6.0,18.0,B01
201800037413,1.0,13,0,0.0,2.0,4.0,4.0,A01
201800037414,1.0,7,0,0.0,2.0,3.0,15.0,A01
201800037414,2.0,33,0,1.0,2.0,1.0,2.0,B01
201800037415,1.0,7,0,0.0,2.0,7.0,10.0,A01
201800037415,2.0,7,0,0.0,2.0,3.0,2.0,B01
201800037416,1.0,7,0,0.0,1.0,1.0,1.0,A01
201800037417,2.0,7,0,1.0,1.0,2.0,21.0,A01
201800037418,1.0,7,0,0.0,2.0,8.0,10.0,A01
201800037418,1.0,31,0,0.0,2.0,1.0,17.0,B01
201800037419,1.0,7,0,0.0,9.0,3.0,21.0,A01
201800037419,1.0,33,0,0.0,2.0,7.0,1.0,B01
201800037420,2.0,1,0,0.0,2.0,1.0,2.0,B01
201800037420,1.0,3,0,0.0,2.0,3.0,15.0,A01
201800037421,1.0,7,0,0.0,1.0,1.0,1.0,A01
201800037422,2.0,7,0,0.0,9.0,2.0,1.0,A01
201800037422,2.0,1,0,0.0,2.0,3.0,2.0,B01
201800037423,1.0,7,0,0.0,1.0,1.0,1.0,A01
201800037424,2.0,7,0,1.0,0.0,1.0,1.0,A01
201800037425,1.0,7,0,0.0,1.0,5.0,0.0,A01
201800037426,1.0,7,0,0.0,2.0,1.0,1.0,A01
201800037426,1.0,7,0,0.0,2.0,9.0,1.0,B01
201800037426,1.0,7,0,0.0,2.0,4.0,1.0,C01
201800037427,1.0,1,0,0.0,9.0,8.0,0.0,B01
201800037427,1.0,7,0,0.0,9.0,4.0,4.0,A01
201800037428,1.0,7,0,0.0,2.0,5.0,23.0,B01
201800037428,1.0,33,0,1.0,2.0,1.0,18.0,A01
201800037429,1.0,33,0,0.0,2.0,1.0,1.0,B01
201800037429,1.0,31,0,0.0,2.0,6.0,13.0,A01
201800037430,2.0,33,0,0.0,1.0,1.0,1.0,A01
201800037431,1.0,7,0,0.0,2.0,3.0,13.0,A01
201800037431,1.0,33,0,0.0,2.0,7.0,17.0,B01
201800037432,1.0,7,0,0.0,2.0,2.0,19.0,B01
201800037432,1.0,33,0,0.0,2.0,1.0,7.0,A01
201800037433,2.0,10,0,0.0,9.0,3.0,1.0,B01
201800037433,1.0,1,0,0.0,2.0,7.0,1.0,A01
201800037434,1.0,7,0,0.0,1.0,2.0,16.0,A01
201800037435,2.0,10,0,0.0,2.0,1.0,2.0,A01
201800037435,2.0,7,0,0.0,2.0,4.0,2.0,B01
201800037435,2.0,7,0,0.0,1.0,1.0,1.0,C01
201800037436,2.0,31,0,0.0,2.0,1.0,9.0,B01
201800037436,2.0,10,0,0.0,2.0,8.0,10.0,A01
201800037437,1.0,7,0,0.0,2.0,3.0,1.0,B01
201800037437,2.0,7,0,0.0,2.0,6.0,15.0,A01
201800037438,1.0,7,0,0.0,9.0,2.0,15.0,A01
201800037438,1.0,1,0,0.0,2.0,4.0,15.0,B01
201800037439,2.0,7,0,0.0,2.0,1.0,2.0,A01
201800037439,2.0,7,0,0.0,2.0,4.0,2.0,B01
201800037439,2.0,7,0,0.0,2.0,4.0,2.0,C01
201800037440,1.0,34,0,0.0,1.0,1.0,15.0,A01
201800037441,1.0,7,0,1.0,0.0,2.0,16.0,A01
201800037441,1.0,31,0,1.0,2.0,3.0,18.0,B01
201800037442,1.0,33,0,0.0,2.0,3.0,18.0,A01
201800037442,1.0,7,0,0.0,2.0,5.0,14.0,B01
201800037443,1.0,7,0,0.0,2.0,1.0,15.0,A01
201800037443,1.0,33,0,0.0,2.0,1.0,2.0,B01
201800037444,2.0,7,0,0.0,2.0,5.0,16.0,B01
201800037444,2.0,32,0,0.0,2.0,3.0,7.0,A01
201800037445,1.0,7,0,0.0,2.0,1.0,16.0,B01
201800037445,2.0,33,0,0.0,2.0,1.0,5.0,A01
201800037446,1.0,7,0,0.0,2.0,3.0,22.0,A01
201800037446,1.0,31,0,15.0,0.0,5.0,17.0,B01
201800037447,1.0,7,0,0.0,2.0,3.0,2.0,A01
201800037447,1.0,33,0,0.0,2.0,2.0,17.0,B01
201800037448,1.0,7,0,0.0,1.0,1.0,15.0,A01
201800037449,2.0,7,0,0.0,2.0,2.0,16.0,A01
201800037449,2.0,33,0,0.0,2.0,3.0,16.0,B01
201800037450,1.0,10,0,0.0,2.0,2.0,1.0,A01
201800037450,1.0,7,0,0.0,9.0,0.0,0.0,B01
201800037451,1.0,7,0,0.0,1.0,7.0,1.0,A01
201800037452,1.0,7,0,0.0,2.0,3.0,10.0,A01
201800037452,1.0,31,0,0.0,2.0,3.0,1.0,B01
201800037453,1.0,7,0,0.0,2.0,8.0,22.0,A01
201800037453,1.0,37,0,1.0,0.0,2.0,1.0,B01
201800037454,1.0,31,0,0.0,1.0,1.0,1.0,A01
201800037455,1.0,7,0,0.0,2.0,1.0,9.0,A01
201800037455,1.0,31,0,0.0,2.0,1.0,17.0,B01
201800037456,1.0,7,0,0.0,2.0,2.0,19.0,A01
201800037456,1.0,33,0,0.0,2.0,1.0,1.0,B01
201800037457,1.0,7,0,0.0,1.0,2.0,1.0,A01
201800037458,1.0,34,0,0.0,2.0,1.0,17.0,A01
201800037458,1.0,7,0,0.0,2.0,8.0,10.0,B01
201800037459,2.0,7,0,0.0,9.0,2.0,22.0,A01
201800037459,2.0,1,0,0.0,2.0,1.0,2.0,B01
201800037460,2.0,33,0,0.0,2.0,1.0,2.0,A01
201800037460,2.0,7,0,0.0,2.0,4.0,2.0,B01
201800037461,2.0,7,0,0.0,2.0,3.0,10.0,A01
201800037461,2.0,7,0,0.0,2.0,2.0,1.0,B01
201800037462,1.0,10,0,0.0,2.0,4.0,20.0,A01
201800037462,1.0,34,0,0.0,2.0,1.0,21.0,B01
201800037463,2.0,7,0,0.0,2.0,2.0,17.0,A01
201800037463,2.0,2,0,0.0,2.0,1.0,1.0,B01
201800037464,2.0,7,0,0.0,2.0,8.0,15.0,A01
201800037464,1.0,31,0,0.0,2.0,2.0,17.0,B01
201800037465,2.0,7,0,0.0,2.0,8.0,22.0,A01
201800037465,2.0,32,0,1.0,0.0,1.0,21.0,B01
201800037466,2.0,7,0,0.0,2.0,2.0,15.0,A01
201800037466,2.0,31,0,0.0,2.0,1.0,21.0,B01
201800037467,2.0,32,0,0.0,9.0,7.0,1.0,B01
201800037467,1.0,2,0,,0.0,2.0,12.0,A01
201800037468,2.0,33,0,0.0,2.0,8.0,8.0,B01
201800037468,1.0,3,0,0.0,2.0,1.0,15.0,A01
201800037469,1.0,32,0,0.0,1.0,3.0,21.0,A01
201800037470,1.0,32,0,14.0,0.0,1.0,1.0,A01
201800037470,1.0,32,0,0.0,2.0,4.0,1.0,B01
201800037471,1.0,38,0,0.0,1.0,1.0,1.0,A01
201800037472,0.0,7,0,0.0,1.0,3.0,15.0,A01
201800037473,1.0,7,0,0.0,2.0,1.0,15.0,A01
201800037473,1.0,2,0,0.0,2.0,1.0,1.0,B01
201800037474,1.0,7,0,1.0,1.0,3.0,0.0,A01
201800037475,2.0,31,0,12.0,0.0,8.0,0.0,A01
201800037476,1.0,33,0,0.0,2.0,7.0,15.0,A01
201800037476,2.0,7,0,0.0,2.0,2.0,1.0,B01
201800037477,1.0,10,0,0.0,1.0,3.0,15.0,A01
201800037478,1.0,30,0,0.0,2.0,1.0,0.0,A01
201800037478,0.0,7,0,0.0,2.0,3.0,0.0,B01
201800037479,2.0,7,0,0.0,2.0,8.0,9.0,A01
201800037479,1.0,1,0,0.0,2.0,8.0,9.0,B01
201800037480,1.0,7,0,0.0,2.0,3.0,0.0,B01
201800037480,1.0,7,0,0.0,2.0,2.0,15.0,A01
201800037481,1.0,7,0,0.0,1.0,8.0,15.0,A01
201800037482,1.0,7,0,0.0,1.0,1.0,9.0,A01
201800037483,2.0,7,0,0.0,2.0,3.0,1.0,B01
201800037483,1.0,10,0,0.0,2.0,2.0,19.0,A01
201800037484,2.0,1,0,0.0,2.0,1.0,1.0,B01
201800037484,1.0,10,0,0.0,2.0,5.0,4.0,A01
201800037485,1.0,3,0,0.0,2.0,3.0,1.0,A01
201800037485,1.0,7,0,1.0,2.0,6.0,1.0,B01
201800037486,0.0,3,0,0.0,2.0,3.0,0.0,A01
201800037486,1.0,99,0,0.0,2.0,1.0,0.0,B01
201800037487,1.0,32,0,0.0,2.0,6.0,17.0,A01
201800037487,1.0,7,0,0.0,2.0,6.0,23.0,B01
201800037488,1.0,7,0,0.0,2.0,1.0,15.0,A01
201800037488,1.0,32,0,0.0,2.0,1.0,1.0,B01
201800037489,1.0,7,0,0.0,1.0,3.0,1.0,A01
201800037490,1.0,7,0,0.0,1.0,4.0,20.0,A01
201800037491,1.0,7,0,0.0,1.0,3.0,16.0,A01
201800037492,1.0,7,0,0.0,2.0,2.0,10.0,A01
201800037492,2.0,34,0,0.0,2.0,3.0,1.0,B01
201800037493,1.0,33,0,0.0,2.0,1.0,1.0,B01
201800037493,1.0,7,0,0.0,2.0,0.0,0.0,A01
201800037494,1.0,7,0,0.0,2.0,0.0,0.0,A01
201800037494,2.0,2,0,0.0,2.0,1.0,1.0,B01
201800037495,1.0,7,0,0.0,2.0,5.0,23.0,B01
201800037495,1.0,34,0,14.0,0.0,1.0,0.0,A01
201800037496,1.0,7,0,8.0,2.0,1.0,15.0,A01
201800037496,1.0,34,0,0.0,2.0,8.0,1.0,B01
201800037497,1.0,32,0,0.0,2.0,1.0,1.0,B01
201800037497,1.0,7,0,0.0,2.0,7.0,1.0,A01
201800037498,2.0,10,0,0.0,1.0,2.0,15.0,A01
201800037499,2.0,7,0,0.0,2.0,3.0,15.0,A01
201800037499,1.0,1,0,0.0,2.0,8.0,1.0,B01
201800037500,0.0,7,0,0.0,1.0,1.0,0.0,A01
201800037501,2.0,30,0,0.0,1.0,1.0,1.0,A01
201800037502,1.0,99,0,0.0,1.0,1.0,1.0,A01
201800037503,2.0,32,0,0.0,1.0,1.0,21.0,A01
201800037504,1.0,30,0,0.0,2.0,1.0,19.0,A01
201800037504,2.0,7,0,0.0,2.0,8.0,19.0,B01
201800037505,1.0,1,0,0.0,2.0,7.0,19.0,A01
201800037505,1.0,7,0,0.0,2.0,1.0,1.0,B01
201800037506,1.0,7,0,0.0,1.0,3.0,15.0,A01
201800037507,2.0,7,0,0.0,2.0,6.0,15.0,A01
201800037507,1.0,33,0,0.0,2.0,2.0,17.0,B01
201800037508,1.0,7,0,0.0,2.0,2.0,14.0,A01
201800037508,1.0,32,0,0.0,2.0,6.0,16.0,B01
201800037509,1.0,7,0,0.0,2.0,3.0,17.0,A01
201800037509,2.0,7,0,0.0,2.0,1.0,1.0,B01
201800037510,1.0,10,0,0.0,1.0,1.0,15.0,A01
201800037511,1.0,33,0,0.0,0.0,8.0,15.0,A01
201800037512,2.0,7,0,0.0,1.0,3.0,1.0,A01
201800037513,0.0,7,0,0.0,2.0,1.0,2.0,A01
201800037513,0.0,33,0,0.0,2.0,4.0,1.0,B01
201800037514,1.0,7,0,0.0,2.0,7.0,21.0,A01
201800037514,1.0,31,0,0.0,2.0,8.0,17.0,B01
201800037515,1.0,10,0,0.0,2.0,4.0,23.0,A01
201800037515,1.0,2,0,0.0,2.0,1.0,2.0,B01
201800037516,2.0,7,0,0.0,2.0,2.0,10.0,A01
201800037516,2.0,30,0,0.0,2.0,8.0,1.0,B01
201800037517,1.0,10,0,0.0,2.0,3.0,21.0,A01
201800037517,1.0,7,0,0.0,2.0,5.0,23.0,B01
201800037518,1.0,7,0,0.0,1.0,2.0,15.0,A01
201800037519,1.0,2,0,0.0,2.0,3.0,1.0,B01
201800037519,1.0,7,0,0.0,2.0,1.0,1.0,A01
201800037520,1.0,3,0,1.0,2.0,1.0,1.0,B01
201800037520,1.0,30,0,1.0,2.0,1.0,1.0,A01
201800037521,1.0,10,0,0.0,2.0,3.0,9.0,A01
201800037521,2.0,2,0,0.0,2.0,1.0,9.0,B01
201800037522,1.0,7,0,0.0,1.0,1.0,15.0,A01
201800037523,1.0,7,0,0.0,2.0,2.0,19.0,A01
201800037523,1.0,33,0,0.0,2.0,3.0,19.0,B01
201800037524,2.0,7,0,0.0,2.0,3.0,13.0,A01
201800037524,0.0,99,0,0.0,2.0,8.0,19.0,B01
201800037525,1.0,7,0,0.0,2.0,6.0,21.0,A01
201800037525,1.0,33,0,0.0,2.0,1.0,1.0,B01
201800037526,2.0,34,0,0.0,2.0,1.0,17.0,A01
201800037526,1.0,7,0,0.0,2.0,6.0,15.0,B01
201800037527,2.0,7,0,0.0,2.0,2.0,1.0,A01
201800037527,0.0,7,0,0.0,2.0,3.0,15.0,B01
201800037528,1.0,7,0,0.0,1.0,2.0,1.0,A01
201800037529,2.0,7,0,0.0,2.0,1.0,15.0,A01
201800037529,1.0,30,0,0.0,2.0,1.0,1.0,B01
201800037530,2.0,10,0,0.0,1.0,1.0,0.0,A01
201800037531,1.0,30,0,0.0,1.0,1.0,17.0,A01
201800037532,1.0,20,0,0.0,1.0,1.0,17.0,A01
201800037533,1.0,32,0,0.0,1.0,1.0,17.0,A01
201800037534,1.0,30,0,0.0,1.0,0.0,0.0,A01
201800037535,1.0,7,0,0.0,1.0,2.0,12.0,A01
201800037536,1.0,7,0,0.0,1.0,1.0,15.0,A01
201800037537,2.0,30,0,0.0,2.0,3.0,18.0,A01
201800037537,2.0,7,0,0.0,2.0,2.0,16.0,B01
201800037538,1.0,7,0,0.0,2.0,5.0,15.0,A01
201800037538,2.0,2,0,0.0,2.0,1.0,1.0,B01
201800037539,1.0,7,0,0.0,2.0,3.0,15.0,A01
201800037539,1.0,2,0,0.0,2.0,3.0,1.0,B01
201800037540,1.0,33,0,0.0,1.0,3.0,1.0,A01
201800037541,2.0,31,0,0.0,2.0,1.0,1.0,B01
201800037541,1.0,7,0,0.0,2.0,5.0,15.0,A01
201800037542,2.0,7,0,14.0,0.0,3.0,13.0,A01
201800037543,1.0,7,0,0.0,1.0,3.0,19.0,A01
201800037544,1.0,7,0,0.0,1.0,3.0,1.0,A01
201800037545,1.0,1,0,0.0,2.0,7.0,19.0,B01
201800037545,1.0,10,0,0.0,2.0,1.0,16.0,A01
201800037546,1.0,7,0,0.0,2.0,2.0,1.0,A01
201800037546,1.0,33,0,0.0,2.0,3.0,15.0,B01
201800037547,1.0,10,0,0.0,1.0,7.0,16.0,A01
201800037548,1.0,7,0,0.0,2.0,8.0,17.0,A01
201800037548,1.0,33,0,0.0,2.0,8.0,17.0,B01
201800037549,1.0,10,0,0.0,1.0,5.0,4.0,A01
201800037550,1.0,33,0,0.0,2.0,8.0,2.0,B01
201800037551,1.0,7,0,0.0,2.0,1.0,13.0,A01
201800037551,1.0,7,0,0.0,2.0,8.0,19.0,B01
201800037552,1.0,10,0,0.0,2.0,8.0,1.0,B01
201800037552,1.0,30,0,0.0,2.0,1.0,15.0,A01
201800037553,1.0,7,0,0.0,2.0,3.0,2.0,A01
201800037553,1.0,31,0,0.0,2.0,7.0,9.0,B01
201800037554,1.0,7,0,0.0,2.0,8.0,2.0,A01
201800037554,1.0,33,0,0.0,2.0,2.0,17.0,B01
201800037555,0.0,7,0,0.0,2.0,3.0,15.0,A01
201800037555,0.0,33,0,0.0,2.0,1.0,1.0,B01
201800037556,1.0,7,0,0.0,1.0,2.0,1.0,A01
201800037557,1.0,13,0,0.0,1.0,1.0,1.0,A01
201800037558,0.0,7,0,0.0,2.0,3.0,15.0,A01
201800037558,0.0,33,0,0.0,2.0,1.0,2.0,B01
201800037559,2.0,10,0,0.0,2.0,3.0,15.0,A01
201800037559,1.0,31,0,0.0,2.0,1.0,1.0,B01
201800037560,2.0,10,0,0.0,2.0,2.0,12.0,A01
201800037560,2.0,31,0,0.0,2.0,8.0,1.0,B01
201800037561,2.0,10,0,1.0,0.0,7.0,14.0,A01
201800037562,0.0,99,0,0.0,2.0,0.0,0.0,R01
201800037562,2.0,10,0,0.0,2.0,4.0,4.0,A01
201800037563,2.0,10,0,0.0,2.0,1.0,1.0,B01
201800037563,1.0,10,0,8.0,2.0,8.0,1.0,A01
201800037564,2.0,7,0,0.0,2.0,3.0,15.0,A01
201800037564,2.0,7,0,0.0,2.0,6.0,4.0,B01
201800037565,1.0,34,0,0.0,0.0,0.0,15.0,A01
201800037566,1.0,7,0,0.0,2.0,7.0,9.0,A01
201800037566,1.0,31,0,0.0,2.0,1.0,1.0,B01
201800037567,2.0,10,0,8.0,0.0,1.0,13.0,A01
201800037568,1.0,10,0,0.0,2.0,2.0,15.0,A01
201800037568,1.0,1,0,0.0,2.0,1.0,1.0,B01
201800037569,2.0,7,0,0.0,2.0,3.0,16.0,A01
201800037569,1.0,7,0,0.0,2.0,2.0,1.0,B01
201800037570,1.0,10,0,0.0,1.0,7.0,1.0,A01
201800037571,1.0,7,0,0.0,1.0,2.0,1.0,A01
201800037572,1.0,31,0,14.0,0.0,1.0,21.0,A01
201800037573,2.0,7,0,0.0,2.0,7.0,15.0,A01
201800037573,2.0,33,0,0.0,2.0,3.0,7.0,B01
201800037573,1.0,7,0,0.0,2.0,1.0,8.0,C01
201800037574,1.0,34,0,0.0,2.0,1.0,1.0,A01
201800037574,1.0,7,0,0.0,2.0,4.0,1.0,B01
201800037575,2.0,33,0,0.0,1.0,0.0,17.0,A01
201800037576,1.0,7,0,0.0,2.0,0.0,15.0,A01
201800037576,2.0,7,0,0.0,2.0,7.0,7.0,B01
201800037577,1.0,7,0,0.0,1.0,0.0,16.0,A01
201800037578,1.0,10,0,0.0,1.0,1.0,1.0,A01
201800037579,1.0,10,0,0.0,1.0,4.0,4.0,A01
201800037580,2.0,10,0,0.0,1.0,1.0,1.0,A01
201800037581,2.0,7,0,0.0,2.0,8.0,10.0,A01
201800037581,2.0,34,0,0.0,2.0,1.0,1.0,B01
201800037582,1.0,32,0,0.0,1.0,0.0,7.0,A01
201800037583,1.0,7,0,0.0,2.0,0.0,7.0,B01
201800037583,1.0,7,0,0.0,2.0,0.0,7.0,A01
201800037584,2.0,34,0,3.0,0.0,7.0,1.0,A01
201800037585,2.0,10,0,0.0,2.0,1.0,2.0,A01
201800037585,2.0,10,0,0.0,2.0,4.0,2.0,B01
201800037586,1.0,7,0,0.0,1.0,0.0,7.0,A01
201800037587,1.0,7,0,0.0,1.0,3.0,7.0,A01
201800037588,1.0,10,0,0.0,2.0,2.0,15.0,A01
201800037588,2.0,2,0,0.0,2.0,1.0,1.0,B01
201800037589,2.0,7,0,0.0,2.0,2.0,15.0,A01
201800037589,1.0,31,0,0.0,2.0,1.0,2.0,B01
201800037590,1.0,7,0,0.0,2.0,3.0,13.0,A01
201800037590,1.0,31,0,0.0,2.0,2.0,17.0,B01
201800037591,1.0,7,0,0.0,9.0,8.0,24.0,A01
201800037591,1.0,99,0,1.0,0.0,1.0,7.0,B01
201800037592,2.0,99,0,8.0,0.0,1.0,2.0,A01
201800037593,2.0,10,0,0.0,2.0,7.0,15.0,A01
201800037593,1.0,33,0,0.0,2.0,1.0,1.0,B01
201800037594,1.0,33,0,0.0,1.0,1.0,2.0,A01
201800037595,2.0,7,0,0.0,2.0,2.0,15.0,A01
201800037595,2.0,31,0,0.0,2.0,1.0,2.0,B01
201800037596,1.0,10,0,0.0,2.0,7.0,15.0,A01
201800037596,2.0,31,0,0.0,2.0,1.0,1.0,B01
201800037597,1.0,31,0,1.0,0.0,1.0,1.0,A01
201800037598,2.0,7,0,0.0,2.0,8.0,19.0,A01
201800037598,1.0,33,0,0.0,2.0,1.0,17.0,B01
201800037599,2.0,7,0,0.0,2.0,6.0,1.0,B01
201800037599,2.0,33,0,0.0,2.0,1.0,2.0,A01
201800037600,1.0,7,0,8.0,2.0,1.0,7.0,A01
201800037600,1.0,7,0,0.0,2.0,4.0,7.0,B01