Num_Acc,senc,catv,occutc,obs,obsm,choc,manv,num_veh
201800037600,1.0,7,0,0.0,2.0,4.0,7.0,C01
201800037601,2.0,10,0,0.0,2.0,7.0,1.0,A01
201800037601,1.0,10,0,0.0,2.0,1.0,1.0,B01
201800037602,0.0,99,0,0.0,2.0,0.0,0.0,R01
201800037602,2.0,10,0,0.0,2.0,3.0,1.0,A01
201800037603,2.0,7,0,0.0,2.0,7.0,1.0,B01
201800037603,2.0,7,0,0.0,2.0,1.0,1.0,A01
201800037604,2.0,7,0,0.0,1.0,5.0,20.0,A01
201800037605,2.0,7,0,1.0,0.0,1.0,15.0,A01
201800037606,2.0,33,0,0.0,2.0,2.0,1.0,A01
201800037606,2.0,7,0,0.0,2.0,4.0,9.0,B01
201800037607,1.0,7,0,0.0,2.0,8.0,9.0,A01
201800037607,2.0,31,0,0.0,2.0,1.0,7.0,B01
201800037608,1.0,7,0,0.0,1.0,1.0,1.0,A01
201800037609,2.0,7,0,0.0,1.0,1.0,2.0,A01
201800037610,1.0,1,0,0.0,2.0,1.0,2.0,B01
201800037610,2.0,7,0,0.0,2.0,1.0,15.0,A01
201800037611,1.0,10,0,0.0,2.0,1.0,2.0,A01
201800037611,1.0,7,0,0.0,2.0,4.0,2.0,B01
201800037612,1.0,10,0,0.0,2.0,4.0,4.0,A01
201800037612,1.0,10,0,0.0,2.0,1.0,24.0,B01
201800037613,1.0,7,0,0.0,2.0,3.0,22.0,A01
201800037613,1.0,2,0,0.0,2.0,1.0,1.0,B01
201800037614,2.0,30,0,0.0,2.0,1.0,7.0,A01
201800037614,2.0,10,0,0.0,2.0,8.0,15.0,B01
201800037615,2.0,7,0,0.0,2.0,7.0,15.0,A01
201800037615,1.0,7,0,0.0,2.0,1.0,2.0,B01
201800037616,1.0,38,0,0.0,2.0,1.0,1.0,B01
201800037616,1.0,32,0,0.0,2.0,3.0,1.0,A01
201800037617,2.0,30,0,0.0,2.0,7.0,14.0,A01
201800037617,2.0,32,0,0.0,2.0,8.0,13.0,B01
201800037618,1.0,7,0,0.0,1.0,4.0,4.0,A01
201800037619,2.0,7,0,0.0,2.0,1.0,15.0,A01
201800037619,1.0,33,0,0.0,2.0,1.0,1.0,B01
201800037620,1.0,7,0,12.0,0.0,3.0,1.0,A01
201800037621,2.0,34,0,0.0,9.0,1.0,7.0,A01
201800037621,2.0,1,0,0.0,2.0,4.0,7.0,B01
201800037622,1.0,7,0,0.0,2.0,0.0,7.0,A01
201800037622,1.0,1,0,0.0,2.0,7.0,19.0,B01
201800037623,2.0,7,0,0.0,1.0,2.0,1.0,A01
201800037624,2.0,7,0,0.0,2.0,1.0,7.0,A01
201800037624,2.0,37,0,0.0,2.0,8.0,16.0,B01
201800037624,1.0,7,0,0.0,2.0,1.0,8.0,C01
201800037625,2.0,33,0,0.0,2.0,1.0,2.0,A01
201800037625,2.0,7,0,0.0,2.0,4.0,2.0,B01
201800037626,1.0,7,0,0.0,2.0,7.0,15.0,A01
201800037626,2.0,7,0,0.0,2.0,2.0,1.0,B01
201800037627,2.0,10,0,0.0,2.0,2.0,16.0,A01
201800037627,1.0,32,0,0.0,2.0,3.0,16.0,B01
201800037628,2.0,7,0,0.0,2.0,2.0,17.0,A01
201800037628,2.0,1,0,0.0,2.0,3.0,1.0,B01
201800037629,2.0,37,43,0.0,1.0,2.0,16.0,A01
201800037630,1.0,7,0,0.0,1.0,3.0,2.0,A01
201800037631,1.0,10,0,0.0,2.0,2.0,15.0,A01
201800037631,2.0,2,0,0.0,2.0,1.0,1.0,B01
201800037632,1.0,7,0,0.0,2.0,1.0,2.0,A01
201800037632,0.0,7,0,0.0,2.0,1.0,2.0,B01
201800037633,0.0,10,0,0.0,2.0,1.0,2.0,A01
201800037633,0.0,31,0,0.0,2.0,4.0,2.0,B01
201800037634,2.0,7,0,0.0,2.0,1.0,1.0,A01
201800037634,1.0,1,0,0.0,2.0,8.0,15.0,B01
201800037635,2.0,7,0,0.0,2.0,2.0,15.0,A01
201800037635,1.0,7,0,0.0,2.0,3.0,1.0,B01
201800037636,2.0,7,0,0.0,1.0,1.0,0.0,A01
201800037637,1.0,1,0,0.0,2.0,1.0,2.0,A01
201800037637,1.0,7,0,0.0,2.0,4.0,0.0,B01
201800037638,2.0,7,0,4.0,0.0,1.0,1.0,A01
201800037639,1.0,7,0,0.0,2.0,3.0,21.0,A01
201800037639,2.0,2,0,0.0,2.0,1.0,13.0,B01
201800037640,1.0,7,0,0.0,2.0,3.0,15.0,A01
201800037640,1.0,33,0,1.0,2.0,1.0,1.0,B01
201800037641,0.0,7,0,0.0,2.0,7.0,15.0,A01
201800037641,0.0,31,0,0.0,2.0,2.0,1.0,B01
201800037642,1.0,33,0,0.0,2.0,1.0,9.0,A01
201800037642,1.0,31,0,0.0,2.0,7.0,1.0,B01
201800037643,0.0,10,0,1.0,0.0,1.0,1.0,A01
201800037644,1.0,7,0,0.0,2.0,6.0,2.0,A01
201800037644,1.0,33,0,0.0,2.0,1.0,2.0,B01
201800037645,2.0,7,0,0.0,2.0,7.0,15.0,A01
201800037645,1.0,34,0,0.0,2.0,1.0,1.0,B01
201800037646,2.0,7,0,0.0,1.0,2.0,15.0,A01
201800037647,1.0,7,0,0.0,1.0,1.0,1.0,A01
201800037648,1.0,31,0,0.0,2.0,1.0,1.0,A01
201800037648,1.0,7,0,0.0,2.0,2.0,1.0,B01
201800037649,1.0,37,10,0.0,1.0,2.0,16.0,A01
201800037650,1.0,30,0,0.0,2.0,1.0,1.0,B01
201800037650,2.0,7,0,0.0,2.0,6.0,15.0,A01
201800037651,1.0,7,0,0.0,2.0,2.0,2.0,B01
201800037651,1.0,7,0,0.0,2.0,3.0,2.0,A01
201800037652,2.0,7,0,0.0,2.0,1.0,5.0,A01
201800037652,1.0,7,0,0.0,2.0,1.0,1.0,B01
201800037652,1.0,7,0,0.0,2.0,1.0,1.0,C01
201800037653,2.0,7,0,0.0,2.0,1.0,1.0,A01
201800037653,1.0,7,0,0.0,2.0,1.0,1.0,B01
201800037654,1.0,32,0,4.0,0.0,1.0,2.0,A01
201800037655,0.0,7,0,0.0,2.0,2.0,15.0,A01
201800037655,1.0,33,0,0.0,2.0,1.0,2.0,B01
201800037656,1.0,2,0,0.0,2.0,1.0,2.0,A01
201800037656,1.0,7,0,0.0,2.0,4.0,2.0,B01
201800037657,1.0,7,0,0.0,1.0,1.0,15.0,A01
201800037658,1.0,7,0,0.0,6.0,8.0,15.0,A01
201800037658,1.0,1,0,0.0,2.0,8.0,0.0,B01
201800037659,2.0,7,0,0.0,2.0,3.0,15.0,B01
201800037659,2.0,37,1,0.0,2.0,2.0,2.0,A01
201800037660,1.0,7,0,0.0,1.0,1.0,1.0,A01
201800037661,2.0,7,0,0.0,2.0,1.0,0.0,A01
201800037661,1.0,7,0,0.0,2.0,2.0,21.0,B01
201800037662,1.0,7,0,4.0,0.0,1.0,1.0,A01
201800037663,1.0,34,0,0.0,2.0,1.0,13.0,A01
201800037663,2.0,7,0,0.0,2.0,2.0,15.0,B01
201800037664,1.0,7,0,0.0,2.0,6.0,2.0,A01
201800037664,1.0,33,0,0.0,2.0,7.0,2.0,B01
201800037665,1.0,7,0,0.0,2.0,2.0,2.0,A01
201800037665,1.0,30,0,0.0,2.0,3.0,9.0,B01
201800037666,2.0,7,0,0.0,2.0,2.0,15.0,A01
201800037666,1.0,2,0,0.0,2.0,0.0,2.0,B01
201800037667,2.0,10,0,0.0,2.0,5.0,20.0,A01
201800037667,2.0,1,0,0.0,2.0,1.0,1.0,B01
201800037668,1.0,10,0,0.0,2.0,2.0,16.0,A01
201800037668,1.0,30,0,0.0,2.0,1.0,1.0,B01
201800037669,2.0,32,0,1.0,0.0,1.0,21.0,A01
201800037669,2.0,7,0,0.0,2.0,4.0,24.0,B01
201800037670,2.0,7,0,0.0,2.0,2.0,15.0,A01
201800037670,2.0,32,0,0.0,2.0,1.0,0.0,B01
201800037671,1.0,37,0,0.0,1.0,5.0,16.0,A01
201800037672,2.0,37,0,0.0,1.0,2.0,15.0,A01
201800037673,2.0,7,0,0.0,1.0,1.0,1.0,A01
201800037674,1.0,7,0,0.0,1.0,1.0,1.0,A01
201800037675,2.0,7,0,0.0,1.0,1.0,1.0,A01
201800037676,2.0,7,0,0.0,1.0,3.0,15.0,A01
201800037677,1.0,32,0,0.0,2.0,8.0,1.0,B01
201800037677,1.0,7,0,0.0,2.0,3.0,16.0,A01
201800037678,2.0,7,0,0.0,2.0,6.0,1.0,B01
201800037678,1.0,30,0,0.0,2.0,1.0,1.0,A01
201800037679,2.0,30,0,0.0,2.0,8.0,16.0,A01
201800037679,2.0,33,0,0.0,2.0,7.0,16.0,B01
201800037680,1.0,10,0,0.0,2.0,8.0,13.0,A01
201800037680,1.0,33,0,0.0,2.0,7.0,1.0,B01
201800037681,1.0,1,0,0.0,2.0,7.0,1.0,B01
201800037681,1.0,7,0,0.0,2.0,1.0,10.0,Z01
201800037682,1.0,7,0,16.0,0.0,1.0,1.0,A01
201800037682,2.0,10,0,0.0,2.0,5.0,21.0,B01
201800037683,1.0,33,0,0.0,1.0,1.0,17.0,A01
201800037683,1.0,10,0,0.0,2.0,3.0,1.0,B01
201800037684,1.0,7,0,9.0,2.0,1.0,1.0,A01
201800037684,1.0,7,0,0.0,2.0,1.0,1.0,B01
201800037685,1.0,7,0,1.0,0.0,2.0,1.0,A01
201800037686,1.0,32,0,0.0,2.0,1.0,1.0,A01
201800037686,1.0,7,0,0.0,2.0,8.0,15.0,B01
201800037687,2.0,10,0,0.0,2.0,1.0,15.0,A01
201800037687,1.0,33,0,0.0,2.0,8.0,1.0,B01
201800037688,1.0,1,0,0.0,2.0,4.0,1.0,A01
201800037688,1.0,10,0,0.0,2.0,1.0,1.0,B01
201800037688,1.0,7,0,0.0,2.0,1.0,1.0,C01
201800037689,1.0,7,0,0.0,2.0,0.0,20.0,A01
201800037689,1.0,1,0,0.0,2.0,2.0,1.0,B01
201800037690,1.0,32,0,0.0,2.0,8.0,14.0,A01
201800037690,1.0,7,0,0.0,2.0,7.0,1.0,B01
201800037690,1.0,14,0,0.0,2.0,0.0,1.0,C01
201800037691,1.0,7,0,0.0,2.0,8.0,1.0,A01
201800037691,1.0,7,0,0.0,2.0,8.0,1.0,B01
201800037692,1.0,7,0,0.0,2.0,4.0,1.0,A01
201800037692,1.0,30,0,0.0,2.0,1.0,1.0,B01
201800037693,1.0,32,0,0.0,2.0,1.0,2.0,A01
201800037693,1.0,7,0,0.0,2.0,2.0,16.0,B01
201800037693,2.0,7,0,0.0,2.0,3.0,0.0,C01
201800037694,1.0,7,0,0.0,2.0,2.0,20.0,A01
201800037694,1.0,30,0,0.0,2.0,8.0,1.0,B01
201800037695,1.0,7,0,0.0,2.0,3.0,1.0,A01
201800037695,2.0,1,0,0.0,2.0,7.0,1.0,B01
201800037696,1.0,7,0,0.0,2.0,3.0,10.0,A01
201800037696,1.0,31,0,0.0,2.0,7.0,2.0,B01
201800037697,2.0,7,0,0.0,2.0,2.0,16.0,A01
201800037697,2.0,32,0,0.0,2.0,8.0,1.0,B01
201800037698,1.0,7,0,0.0,1.0,3.0,1.0,A01
201800037699,1.0,30,0,0.0,0.0,7.0,1.0,A01
201800037700,1.0,34,0,0.0,2.0,7.0,3.0,A01
201800037700,1.0,1,0,0.0,2.0,8.0,7.0,B01
201800037701,2.0,10,0,0.0,1.0,4.0,20.0,A01
201800037702,2.0,7,0,0.0,2.0,1.0,15.0,A01
201800037702,1.0,2,0,0.0,2.0,1.0,1.0,B01
201800037703,1.0,7,0,0.0,2.0,4.0,1.0,A01
201800037703,1.0,7,0,0.0,2.0,1.0,2.0,B01
201800037704,1.0,7,0,0.0,2.0,4.0,2.0,A01
201800037704,1.0,7,0,0.0,2.0,1.0,2.0,B01
201800037704,1.0,7,0,0.0,2.0,1.0,2.0,C01
201800037705,1.0,7,0,1.0,0.0,1.0,1.0,A01
201800037706,2.0,7,0,0.0,2.0,7.0,15.0,A01
201800037706,1.0,32,0,0.0,2.0,1.0,1.0,B01
201800037707,2.0,33,0,0.0,2.0,7.0,16.0,A01
201800037707,2.0,34,0,0.0,2.0,3.0,1.0,B01
201800037708,1.0,7,0,0.0,0.0,0.0,16.0,A01
201800037708,1.0,1,0,0.0,0.0,0.0,1.0,B01
201800037709,2.0,7,0,0.0,1.0,2.0,9.0,A01
201800037710,2.0,7,0,0.0,2.0,1.0,0.0,A01
201800037710,1.0,33,0,0.0,2.0,1.0,1.0,B01
201800037711,2.0,32,0,0.0,2.0,7.0,17.0,A01
201800037711,2.0,7,0,0.0,2.0,8.0,1.0,B01
201800037712,1.0,7,0,0.0,2.0,8.0,1.0,A01
201800037712,1.0,33,0,0.0,2.0,0.0,2.0,B01
201800037713,2.0,33,0,0.0,2.0,8.0,1.0,A01
201800037713,2.0,7,0,0.0,2.0,1.0,15.0,B01
201800037714,1.0,10,0,0.0,2.0,1.0,1.0,A01
201800037714,2.0,7,0,0.0,2.0,5.0,15.0,B01
201800037715,2.0,7,0,0.0,1.0,2.0,1.0,A01
201800037716,2.0,1,0,0.0,2.0,1.0,1.0,A01
201800037716,1.0,7,0,0.0,2.0,3.0,1.0,B01
201800037717,1.0,33,0,0.0,2.0,7.0,2.0,A01
201800037717,1.0,33,0,0.0,2.0,8.0,2.0,B01
201800037718,1.0,7,0,0.0,1.0,1.0,1.0,Z01
201800037719,2.0,7,0,0.0,2.0,4.0,9.0,A01
201800037719,2.0,7,0,0.0,2.0,1.0,9.0,B01
201800037720,2.0,14,0,0.0,2.0,1.0,9.0,A01
201800037720,2.0,7,0,0.0,2.0,8.0,1.0,B01
201800037721,2.0,1,0,0.0,2.0,4.0,15.0,B01
201800037721,2.0,7,0,0.0,2.0,1.0,1.0,A01
201800037722,1.0,7,0,0.0,1.0,3.0,15.0,A01
201800037723,1.0,99,0,0.0,2.0,0.0,0.0,A01
201800037723,2.0,32,0,0.0,2.0,0.0,1.0,B01
201800037724,1.0,7,0,0.0,2.0,3.0,22.0,A01
201800037724,1.0,1,0,0.0,2.0,7.0,1.0,B01
201800037725,2.0,33,0,0.0,2.0,1.0,1.0,A01
201800037725,2.0,7,0,0.0,2.0,6.0,16.0,B01
201800037726,2.0,33,0,0.0,2.0,0.0,1.0,A01
201800037726,1.0,99,0,0.0,2.0,0.0,0.0,Z01
201800037727,2.0,7,0,0.0,2.0,1.0,1.0,B01
201800037727,1.0,7,0,0.0,2.0,8.0,15.0,A01
201800037728,1.0,7,0,0.0,2.0,5.0,1.0,A01
201800037728,1.0,32,0,0.0,2.0,8.0,11.0,B01
201800037729,2.0,34,0,0.0,0.0,8.0,1.0,A01
201800037730,1.0,30,0,0.0,1.0,2.0,1.0,A01
201800037731,2.0,7,0,0.0,1.0,3.0,16.0,A01
201800037732,2.0,7,0,0.0,1.0,3.0,7.0,A01
201800037733,2.0,33,0,0.0,2.0,1.0,1.0,B01
201800037733,2.0,7,0,0.0,2.0,0.0,0.0,Z01
201800037734,2.0,33,0,0.0,2.0,4.0,15.0,A01
201800037734,2.0,33,0,0.0,2.0,7.0,1.0,B01
201800037735,2.0,7,0,0.0,1.0,1.0,1.0,A01
201800037736,1.0,34,0,0.0,1.0,2.0,1.0,A01
201800037736,2.0,7,0,0.0,2.0,3.0,1.0,B01
201800037736,2.0,7,0,0.0,2.0,0.0,1.0,C01
201800037737,2.0,7,0,0.0,2.0,3.0,15.0,A01
201800037737,1.0,32,0,0.0,2.0,8.0,1.0,B01
201800037738,1.0,7,0,0.0,2.0,5.0,4.0,A01
201800037738,2.0,7,0,0.0,2.0,1.0,9.0,B01
201800037739,1.0,7,0,0.0,1.0,7.0,1.0,A01
201800037740,1.0,7,0,0.0,1.0,7.0,1.0,A01
201800037741,2.0,14,0,0.0,2.0,3.0,1.0,A01
201800037741,1.0,7,0,0.0,2.0,8.0,1.0,B01
201800037742,1.0,7,0,0.0,1.0,1.0,1.0,A01
201800037743,2.0,10,0,0.0,2.0,6.0,1.0,A01
201800037743,2.0,1,0,0.0,2.0,1.0,2.0,B01
201800037744,2.0,7,0,0.0,2.0,6.0,1.0,A01
201800037744,2.0,34,0,0.0,2.0,1.0,1.0,B01
201800037745,1.0,30,0,0.0,1.0,1.0,3.0,A01
201800037746,2.0,7,0,0.0,2.0,1.0,1.0,A01
201800037746,0.0,30,0,0.0,2.0,1.0,0.0,B01
201800037747,2.0,14,0,0.0,1.0,1.0,1.0,A01
201800037748,2.0,7,0,0.0,1.0,1.0,1.0,Z01
201800037749,1.0,32,0,0.0,2.0,2.0,1.0,A01
201800037749,1.0,30,0,0.0,2.0,3.0,15.0,B01
201800037750,1.0,2,0,0.0,2.0,1.0,1.0,B01
201800037750,2.0,7,0,0.0,2.0,3.0,15.0,A01
201800037751,2.0,7,0,0.0,1.0,5.0,20.0,A01
201800037752,1.0,7,0,0.0,1.0,1.0,15.0,A01
201800037753,2.0,7,0,0.0,2.0,1.0,1.0,A01
201800037753,1.0,30,0,0.0,2.0,4.0,1.0,B01
201800037754,2.0,7,0,0.0,2.0,1.0,0.0,A01
201800037754,1.0,7,0,0.0,2.0,1.0,0.0,B01
201800037755,1.0,7,0,0.0,2.0,4.0,23.0,A01
201800037755,1.0,7,0,0.0,2.0,1.0,2.0,B01
201800037755,1.0,7,0,0.0,2.0,4.0,23.0,C01
201800037756,1.0,7,0,0.0,2.0,1.0,12.0,A01
201800037756,2.0,30,0,0.0,2.0,1.0,1.0,B01
201800037757,1.0,7,0,0.0,2.0,2.0,1.0,B01
201800037757,1.0,34,0,0.0,2.0,7.0,15.0,A01
201800037758,1.0,7,0,0.0,2.0,1.0,0.0,A01
201800037758,2.0,7,0,0.0,2.0,1.0,0.0,B01
201800037759,1.0,7,0,0.0,2.0,4.0,2.0,A01
201800037759,1.0,33,0,0.0,2.0,1.0,2.0,B01
201800037760,1.0,7,0,0.0,1.0,1.0,1.0,A01
201800037761,1.0,7,0,0.0,2.0,1.0,1.0,A01
201800037761,0.0,99,0,0.0,2.0,0.0,0.0,R01
201800037762,1.0,7,0,0.0,1.0,2.0,1.0,A01
201800037763,1.0,31,0,0.0,2.0,1.0,1.0,A01
201800037763,1.0,7,0,0.0,2.0,3.0,1.0,B01
201800037764,2.0,7,0,0.0,2.0,1.0,1.0,B01
201800037764,1.0,7,0,0.0,2.0,2.0,15.0,A01
201800037765,1.0,7,0,0.0,1.0,1.0,1.0,A01
201800037766,2.0,7,0,0.0,1.0,1.0,1.0,A01
201800037767,1.0,7,0,0.0,1.0,1.0,1.0,A01
201800037768,2.0,7,0,0.0,1.0,1.0,15.0,A01
201800037769,1.0,7,0,0.0,2.0,1.0,0.0,A01
201800037769,2.0,34,0,0.0,2.0,1.0,0.0,B01
201800037770,1.0,7,0,0.0,1.0,1.0,0.0,A01
201800037771,1.0,7,0,0.0,2.0,1.0,2.0,A01
201800037771,1.0,33,0,0.0,2.0,1.0,15.0,B01
201800037772,1.0,7,0,0.0,2.0,1.0,1.0,B01
201800037772,1.0,7,0,0.0,2.0,1.0,1.0,A01
201800037773,1.0,31,0,1.0,0.0,1.0,0.0,A01
201800037774,1.0,34,0,0.0,1.0,1.0,16.0,A01
201800037775,1.0,7,0,0.0,2.0,3.0,10.0,A01
201800037775,1.0,31,0,0.0,2.0,1.0,7.0,B01
201800037776,1.0,7,0,1.0,0.0,1.0,2.0,A01
201800037776,2.0,7,0,0.0,2.0,1.0,15.0,B01
201800037777,1.0,7,0,0.0,1.0,1.0,15.0,A01
201800037778,1.0,31,0,15.0,0.0,1.0,1.0,A01
201800037779,1.0,7,0,0.0,2.0,4.0,0.0,A01
201800037779,1.0,7,0,0.0,2.0,0.0,0.0,B01
201800037780,1.0,7,0,0.0,2.0,1.0,12.0,A01
201800037780,1.0,34,0,0.0,2.0,1.0,0.0,B01
201800037781,2.0,7,0,0.0,1.0,1.0,1.0,A01
201800037782,1.0,7,0,0.0,2.0,1.0,1.0,A01
201800037782,1.0,31,0,0.0,2.0,1.0,1.0,B01
201800037783,1.0,7,0,0.0,2.0,1.0,0.0,B01
201800037783,1.0,7,0,0.0,2.0,1.0,0.0,A01
201800037784,1.0,10,0,0.0,2.0,0.0,0.0,B01
201800037784,2.0,2,0,0.0,2.0,1.0,0.0,A01
201800037785,1.0,34,0,0.0,2.0,1.0,15.0,A01
201800037785,2.0,33,0,0.0,2.0,1.0,17.0,B01
201800037786,1.0,7,0,0.0,2.0,1.0,1.0,A01
201800037787,1.0,7,0,0.0,2.0,1.0,1.0,A01
201800037787,1.0,33,0,0.0,2.0,1.0,1.0,B01
201800037788,1.0,31,0,0.0,2.0,1.0,2.0,A01
201800037788,1.0,7,0,0.0,2.0,1.0,2.0,B01
201800037789,1.0,7,0,0.0,2.0,1.0,1.0,A01
201800037789,1.0,37,0,0.0,1.0,1.0,1.0,C01
201800037790,1.0,30,0,0.0,2.0,1.0,1.0,A01
201800037790,1.0,7,0,0.0,2.0,1.0,1.0,B01
201800037791,1.0,99,0,0.0,2.0,0.0,0.0,R01
201800037791,1.0,7,0,0.0,2.0,8.0,22.0,A01
201800037792,1.0,1,0,0.0,2.0,1.0,0.0,A01
201800037792,1.0,7,0,0.0,9.0,1.0,0.0,B01
201800037793,1.0,7,0,0.0,2.0,1.0,9.0,A01
201800037793,1.0,33,0,0.0,2.0,1.0,1.0,B01
201800037794,1.0,7,0,0.0,1.0,1.0,1.0,A01
201800037795,1.0,10,0,0.0,1.0,0.0,0.0,A01
201800037796,1.0,31,0,0.0,2.0,1.0,0.0,B01
201800037796,1.0,7,0,0.0,2.0,1.0,1.0,A01
201800037797,1.0,30,0,0.0,1.0,1.0,19.0,A01
201800037797,1.0,7,0,0.0,9.0,3.0,1.0,B01
201800037798,1.0,34,0,0.0,2.0,1.0,1.0,A01
201800037798,1.0,7,0,0.0,2.0,4.0,1.0,B01
201800037799,2.0,99,0,0.0,2.0,1.0,13.0,A01
201800037799,1.0,33,0,0.0,2.0,4.0,1.0,B01
201800037800,1.0,7,0,0.0,1.0,2.0,1.0,A01
201800037801,2.0,7,0,0.0,2.0,2.0,15.0,A01
201800037801,1.0,7,0,0.0,2.0,3.0,1.0,B01
201800037802,1.0,7,0,0.0,1.0,1.0,0.0,A01
201800037803,1.0,10,0,0.0,2.0,1.0,1.0,B01
201800037803,1.0,2,0,0.0,2.0,1.0,15.0,A01
201800037804,1.0,7,0,0.0,2.0,1.0,1.0,A01
201800037804,0.0,99,0,0.0,2.0,0.0,0.0,R01
201800037805,2.0,34,0,0.0,1.0,1.0,1.0,A01
201800037806,1.0,7,0,0.0,2.0,0.0,1.0,A01
201800037806,2.0,31,0,0.0,2.0,1.0,1.0,B01
201800037807,1.0,7,0,0.0,1.0,0.0,0.0,A01
201800037808,1.0,7,0,0.0,2.0,1.0,1.0,B01
201800037808,1.0,7,0,0.0,2.0,1.0,1.0,A01
201800037809,1.0,7,0,0.0,2.0,1.0,1.0,A01
201800037809,1.0,7,0,0.0,2.0,1.0,1.0,B01
201800037810,1.0,7,0,0.0,2.0,0.0,0.0,B01
201800037810,1.0,7,0,0.0,2.0,0.0,0.0,A01
201800037811,1.0,7,0,0.0,2.0,1.0,1.0,A01
201800037811,1.0,7,0,0.0,2.0,1.0,1.0,B01
201800037812,1.0,7,0,0.0,2.0,1.0,1.0,A01
201800037812,1.0,7,0,0.0,2.0,4.0,0.0,B01
201800037813,1.0,7,0,0.0,2.0,1.0,0.0,A01
201800037813,1.0,7,0,0.0,2.0,0.0,0.0,B01
201800037813,1.0,7,0,0.0,2.0,0.0,0.0,C01
201800037814,1.0,34,0,0.0,2.0,1.0,1.0,A01
201800037814,1.0,7,0,0.0,2.0,1.0,1.0,B01
201800037815,1.0,1,0,0.0,2.0,1.0,5.0,A01
201800037815,1.0,33,0,0.0,9.0,2.0,15.0,B01
201800037816,1.0,7,0,0.0,2.0,1.0,9.0,A01
201800037816,1.0,7,0,0.0,2.0,1.0,1.0,B01
201800037817,2.0,10,0,0.0,2.0,0.0,0.0,A01
201800037817,1.0,10,0,0.0,2.0,0.0,0.0,B01
201800037818,1.0,34,0,0.0,2.0,1.0,1.0,A01
201800037818,1.0,7,0,0.0,2.0,1.0,1.0,B01
201800037819,1.0,34,0,0.0,2.0,0.0,0.0,A01
201800037819,2.0,31,0,0.0,2.0,0.0,0.0,B01
201800037820,1.0,7,0,0.0,2.0,1.0,1.0,A01
201800037820,1.0,7,0,0.0,2.0,1.0,1.0,B01
201800037821,2.0,7,0,0.0,2.0,1.0,1.0,A01
201800037821,1.0,7,0,0.0,2.0,4.0,1.0,B01
201800037822,2.0,37,0,0.0,2.0,0.0,0.0,A01
201800037822,1.0,7,0,0.0,2.0,0.0,0.0,B01
201800037823,1.0,7,0,0.0,2.0,1.0,1.0,A01
201800037823,1.0,7,0,0.0,2.0,1.0,1.0,B01
201800037823,1.0,7,0,0.0,2.0,1.0,1.0,C01
201800037823,1.0,7,0,0.0,2.0,4.0,23.0,D01
201800037824,1.0,7,0,0.0,2.0,3.0,13.0,A01
201800037824,1.0,34,0,0.0,2.0,1.0,1.0,B01
201800037825,1.0,7,0,0.0,2.0,1.0,0.0,A01
201800037825,1.0,7,0,0.0,2.0,1.0,1.0,B01
201800037826,1.0,7,0,0.0,1.0,1.0,1.0,A01
201800037827,1.0,37,0,0.0,2.0,1.0,0.0,A01
201800037827,1.0,33,0,0.0,2.0,1.0,0.0,B01
201800037828,1.0,7,0,0.0,1.0,1.0,1.0,A01
201800037829,1.0,30,0,0.0,1.0,1.0,1.0,B01
201800037830,1.0,1,0,0.0,2.0,1.0,0.0,A01
201800037830,1.0,7,0,0.0,9.0,1.0,1.0,B01
201800037831,1.0,7,0,0.0,2.0,3.0,15.0,A01
201800037831,2.0,33,0,0.0,2.0,1.0,17.0,B01
201800037832,1.0,32,0,0.0,2.0,1.0,0.0,A01
201800037832,1.0,34,0,0.0,2.0,0.0,0.0,B01
201800037833,1.0,7,0,1.0,0.0,2.0,1.0,A01
201800037833,1.0,10,0,0.0,2.0,4.0,24.0,B01
201800037834,1.0,31,0,1.0,0.0,2.0,22.0,A01
201800037834,2.0,2,0,0.0,2.0,0.0,0.0,B01
201800037835,2.0,7,0,0.0,2.0,1.0,1.0,A01
201800037835,1.0,7,0,0.0,2.0,1.0,0.0,B01
201800037836,1.0,30,0,0.0,2.0,1.0,1.0,A01
201800037836,1.0,7,0,0.0,2.0,1.0,0.0,B01
201800037837,0.0,20,0,,1.0,,,A01
201800037837,0.0,7,0,0.0,2.0,1.0,23.0,B01
201800037838,,7,0,,1.0,,,A01
201800037839,0.0,7,0,0.0,2.0,2.0,15.0,A01
201800037839,0.0,30,0,0.0,2.0,1.0,1.0,B01
201800037840,0.0,33,0,0.0,1.0,1.0,1.0,A01
201800037841,0.0,7,0,0.0,2.0,3.0,0.0,A01
201800037841,0.0,15,0,0.0,2.0,1.0,1.0,B01
201800037842,,2,0,,,,,A01
201800037842,,7,0,,,,,B01
201800037843,0.0,7,0,0.0,2.0,1.0,1.0,A01
201800037843,0.0,33,0,0.0,2.0,1.0,1.0,B01
201800037844,0.0,7,0,0.0,2.0,1.0,1.0,A01
201800037844,0.0,2,0,0.0,2.0,1.0,1.0,B01
201800037845,2.0,7,0,0.0,1.0,0.0,0.0,A01
201800037846,,7,0,,1.0,,,A01
201800037847,0.0,36,0,1.0,0.0,1.0,1.0,A01
201800037848,,7,0,,,,,A01
201800037848,,32,0,,,,,B01
201800037849,1.0,34,0,0.0,2.0,8.0,3.0,A01
201800037849,1.0,17,0,0.0,2.0,7.0,1.0,B01
201800037849,1.0,17,0,0.0,2.0,7.0,1.0,C01
201800037850,2.0,7,0,0.0,1.0,1.0,1.0,A01