Num_Acc,senc,catv,occutc,obs,obsm,choc,manv,num_veh
201800038096,1.0,7,0,0.0,2.0,3.0,9.0,A01
201800038096,1.0,32,0,0.0,2.0,2.0,17.0,B01
201800038097,1.0,7,0,0.0,2.0,3.0,16.0,A01
201800038097,1.0,15,0,0.0,2.0,5.0,16.0,B01
201800038098,1.0,33,0,0.0,1.0,3.0,19.0,A01
201800038099,1.0,30,0,0.0,9.0,0.0,0.0,A01
201800038100,1.0,7,0,0.0,2.0,1.0,19.0,A01
201800038100,1.0,7,0,0.0,2.0,4.0,23.0,B01
201800038101,1.0,7,0,0.0,2.0,2.0,16.0,A01
201800038101,1.0,33,0,0.0,2.0,1.0,19.0,B01
201800038102,1.0,31,0,0.0,0.0,6.0,17.0,E01
201800038103,1.0,33,0,0.0,2.0,1.0,19.0,A01
201800038103,1.0,7,0,0.0,2.0,3.0,15.0,B01
201800038104,1.0,7,0,9.0,2.0,2.0,19.0,A01
201800038104,1.0,7,0,0.0,2.0,1.0,19.0,B01
201800038105,1.0,34,0,0.0,2.0,1.0,19.0,A01
201800038105,1.0,7,0,0.0,2.0,1.0,19.0,B01
201800038106,1.0,33,0,0.0,0.0,4.0,19.0,A01
201800038107,1.0,34,0,0.0,0.0,3.0,19.0,A01
201800038108,1.0,7,0,0.0,2.0,1.0,19.0,A01
201800038108,1.0,33,0,0.0,2.0,4.0,19.0,B01
201800038109,1.0,7,0,0.0,2.0,3.0,10.0,A01
201800038109,1.0,31,0,0.0,2.0,7.0,19.0,B01
201800038110,1.0,7,0,0.0,1.0,3.0,19.0,A01
201800038111,1.0,34,0,0.0,0.0,7.0,19.0,A01
201800038112,1.0,1,0,0.0,2.0,4.0,0.0,A01
201800038112,2.0,2,0,0.0,2.0,1.0,0.0,Z01
201800038113,1.0,7,0,0.0,2.0,1.0,19.0,A01
201800038113,1.0,33,0,0.0,2.0,4.0,19.0,B01
201800038114,1.0,10,0,0.0,2.0,1.0,19.0,A01
201800038114,1.0,7,0,0.0,2.0,4.0,23.0,B01
201800038115,1.0,7,0,0.0,2.0,6.0,15.0,B01
201800038115,1.0,30,0,0.0,2.0,2.0,19.0,A01
201800038116,1.0,7,0,0.0,2.0,8.0,9.0,A01
201800038116,1.0,31,0,0.0,2.0,7.0,19.0,B01
201800038117,1.0,7,0,2.0,2.0,1.0,15.0,A01
201800038117,1.0,34,0,0.0,2.0,1.0,1.0,B01
201800038118,1.0,7,0,0.0,2.0,1.0,19.0,A01
201800038118,1.0,7,0,0.0,2.0,4.0,19.0,B01
201800038119,1.0,7,0,1.0,0.0,1.0,19.0,A01
201800038120,1.0,7,0,0.0,2.0,1.0,15.0,A01
201800038120,1.0,33,0,0.0,2.0,3.0,19.0,B01
201800038121,1.0,7,0,0.0,2.0,6.0,19.0,A01
201800038121,1.0,17,0,0.0,2.0,2.0,9.0,B01
201800038122,1.0,14,0,0.0,2.0,0.0,4.0,A01
201800038122,1.0,7,0,0.0,2.0,5.0,19.0,B01
201800038123,1.0,15,0,0.0,2.0,1.0,15.0,A01
201800038123,1.0,1,0,0.0,2.0,0.0,0.0,B01
201800038124,1.0,33,0,0.0,0.0,0.0,1.0,A01
201800038125,1.0,2,0,0.0,2.0,7.0,1.0,A01
201800038125,1.0,7,0,0.0,2.0,0.0,18.0,Z01
201800038126,1.0,2,0,0.0,2.0,8.0,1.0,A01
201800038126,1.0,7,0,0.0,2.0,1.0,15.0,Z01
201800038127,1.0,7,0,0.0,2.0,7.0,19.0,A01
201800038127,1.0,33,0,0.0,2.0,1.0,19.0,B01
201800038128,1.0,10,0,0.0,2.0,3.0,15.0,A01
201800038128,1.0,7,0,0.0,2.0,2.0,16.0,B01
201800038129,1.0,10,0,0.0,2.0,1.0,19.0,A01
201800038129,1.0,7,0,0.0,2.0,5.0,19.0,B01
201800038129,1.0,7,0,0.0,2.0,7.0,19.0,C01
201800038130,1.0,30,0,0.0,2.0,1.0,19.0,A01
201800038130,1.0,7,0,0.0,2.0,6.0,19.0,B01
201800038131,1.0,10,0,0.0,2.0,1.0,19.0,A01
201800038131,1.0,7,0,0.0,2.0,8.0,19.0,B01
201800038132,1.0,10,0,0.0,2.0,1.0,19.0,A01
201800038132,1.0,7,0,0.0,2.0,3.0,15.0,B01
201800038133,1.0,7,0,1.0,2.0,7.0,19.0,A01
201800038133,1.0,10,0,0.0,2.0,1.0,19.0,B01
201800038134,0.0,17,0,14.0,0.0,1.0,1.0,A01
201800038135,1.0,7,0,1.0,0.0,3.0,1.0,A01
201800038135,1.0,7,0,1.0,2.0,4.0,0.0,B01
201800038136,1.0,7,0,1.0,0.0,2.0,19.0,A01
201800038137,1.0,10,0,0.0,2.0,1.0,2.0,A01
201800038137,1.0,7,0,0.0,2.0,4.0,23.0,B01
201800038138,1.0,7,0,0.0,2.0,1.0,19.0,B01
201800038138,1.0,10,0,0.0,2.0,3.0,15.0,A01
201800038139,1.0,33,0,0.0,1.0,2.0,19.0,A01
201800038140,1.0,33,0,0.0,2.0,2.0,18.0,A01
201800038140,1.0,7,0,0.0,2.0,2.0,1.0,B01
201800038141,1.0,7,0,9.0,0.0,1.0,19.0,A01
201800038142,1.0,33,0,0.0,2.0,2.0,19.0,B01
201800038142,1.0,7,0,0.0,2.0,2.0,15.0,A01
201800038143,1.0,30,0,0.0,2.0,1.0,17.0,A01
201800038143,1.0,7,0,0.0,2.0,6.0,15.0,B01
201800038144,1.0,1,0,0.0,2.0,8.0,19.0,B01
201800038144,1.0,7,0,0.0,6.0,1.0,19.0,A01
201800038145,1.0,7,0,0.0,1.0,2.0,16.0,A01
201800038146,1.0,1,0,0.0,1.0,1.0,2.0,A01
201800038147,1.0,32,0,14.0,0.0,1.0,1.0,A01
201800038148,1.0,7,0,0.0,2.0,1.0,19.0,A01
201800038148,1.0,7,0,0.0,2.0,8.0,1.0,B01
201800038149,1.0,33,0,0.0,0.0,0.0,1.0,A01
201800038149,1.0,7,0,0.0,2.0,4.0,1.0,B01
201800038150,1.0,7,0,0.0,2.0,3.0,11.0,A01
201800038150,1.0,33,0,0.0,2.0,1.0,19.0,B01
201800038151,1.0,7,0,0.0,2.0,1.0,19.0,A01
201800038151,1.0,7,0,0.0,2.0,1.0,19.0,B01
201800038152,1.0,10,0,0.0,2.0,1.0,2.0,A01
201800038152,1.0,7,0,0.0,1.0,1.0,23.0,B01
201800038153,1.0,30,0,0.0,2.0,1.0,17.0,A01
201800038153,1.0,7,0,0.0,2.0,6.0,15.0,B01
201800038154,1.0,7,0,0.0,1.0,1.0,19.0,A01
201800038155,1.0,7,0,0.0,2.0,1.0,19.0,A01
201800038155,1.0,7,0,0.0,2.0,4.0,19.0,B01
201800038156,1.0,10,0,0.0,2.0,1.0,15.0,A01
201800038156,1.0,31,0,0.0,2.0,1.0,19.0,B01
201800038157,1.0,7,0,0.0,2.0,1.0,2.0,A01
201800038157,1.0,7,0,0.0,2.0,4.0,23.0,B01
201800038158,1.0,32,0,0.0,2.0,4.0,17.0,A01
201800038158,1.0,10,0,0.0,2.0,8.0,16.0,B01
201800038159,1.0,7,0,0.0,2.0,5.0,15.0,A01
201800038159,1.0,31,0,0.0,2.0,3.0,19.0,B01
201800038160,1.0,32,0,0.0,2.0,3.0,18.0,A01
201800038160,1.0,7,0,0.0,2.0,2.0,1.0,B01
201800038161,1.0,7,0,0.0,1.0,4.0,20.0,A01
201800038162,1.0,14,0,0.0,1.0,7.0,19.0,A01
201800038163,1.0,7,0,0.0,1.0,2.0,1.0,A01
201800038164,1.0,10,0,0.0,2.0,2.0,1.0,A01
201800038164,1.0,7,0,0.0,2.0,3.0,15.0,B01
201800038165,1.0,7,0,0.0,2.0,2.0,16.0,A01
201800038165,1.0,7,0,0.0,2.0,3.0,1.0,B01
201800038166,1.0,30,0,0.0,2.0,1.0,2.0,A01
201800038166,1.0,7,0,0.0,2.0,4.0,23.0,B01
201800038167,1.0,7,0,0.0,1.0,2.0,16.0,A01
201800038168,1.0,7,0,0.0,2.0,7.0,15.0,A01
201800038168,2.0,7,0,0.0,2.0,1.0,1.0,B01
201800038169,1.0,7,0,0.0,1.0,3.0,16.0,A01
201800038170,1.0,7,0,0.0,2.0,1.0,15.0,A01
201800038170,1.0,32,0,0.0,2.0,1.0,1.0,B01
201800038171,1.0,7,0,0.0,2.0,3.0,13.0,A01
201800038171,1.0,33,0,0.0,2.0,2.0,1.0,B01
201800038172,1.0,7,0,0.0,1.0,2.0,1.0,A01
201800038173,1.0,7,0,0.0,1.0,2.0,16.0,A01
201800038174,1.0,7,0,0.0,2.0,3.0,19.0,B01
201800038174,1.0,7,0,0.0,2.0,2.0,19.0,A01
201800038175,1.0,31,0,0.0,2.0,1.0,19.0,A01
201800038175,1.0,30,0,0.0,2.0,0.0,0.0,B01
201800038176,1.0,7,0,0.0,2.0,7.0,17.0,A01
201800038176,1.0,7,0,0.0,2.0,8.0,0.0,B01
201800038177,1.0,7,0,7.0,2.0,5.0,1.0,A01
201800038177,1.0,7,0,0.0,2.0,1.0,1.0,B01
201800038177,1.0,7,0,0.0,2.0,1.0,1.0,C01
201800038178,1.0,7,0,0.0,2.0,1.0,1.0,A01
201800038178,1.0,7,0,0.0,2.0,4.0,1.0,B01
201800038179,1.0,7,0,14.0,0.0,4.0,20.0,A01
201800038180,1.0,7,0,0.0,2.0,1.0,23.0,A01
201800038180,1.0,32,0,0.0,2.0,4.0,23.0,B01
201800038181,2.0,7,0,0.0,2.0,5.0,15.0,A01
201800038181,1.0,31,0,0.0,2.0,1.0,2.0,B01
201800038182,1.0,31,0,0.0,1.0,1.0,1.0,A01
201800038182,1.0,7,0,0.0,2.0,0.0,0.0,B01
201800038183,2.0,31,0,0.0,1.0,1.0,1.0,B01
201800038184,1.0,34,0,0.0,2.0,1.0,2.0,A01
201800038184,1.0,17,0,0.0,2.0,4.0,1.0,B01
201800038185,1.0,7,0,0.0,0.0,0.0,19.0,A01
201800038185,2.0,34,0,0.0,0.0,1.0,0.0,B01
201800038186,1.0,7,0,1.0,1.0,3.0,1.0,A01
201800038187,2.0,7,0,0.0,2.0,1.0,15.0,A01
201800038187,1.0,31,0,0.0,2.0,1.0,1.0,B01
201800038188,1.0,7,0,0.0,2.0,3.0,13.0,A01
201800038188,1.0,34,0,0.0,2.0,7.0,2.0,B01
201800038189,2.0,34,0,0.0,2.0,1.0,2.0,A01
201800038189,2.0,13,0,0.0,2.0,4.0,2.0,B01
201800038190,1.0,30,0,1.0,0.0,7.0,1.0,A01
201800038191,1.0,7,0,0.0,1.0,2.0,1.0,A01
201800038192,2.0,7,0,0.0,2.0,3.0,1.0,B01
201800038192,2.0,31,0,0.0,2.0,1.0,1.0,A01
201800038193,2.0,33,0,0.0,0.0,0.0,1.0,A01
201800038194,1.0,34,0,0.0,2.0,8.0,0.0,A01
201800038194,2.0,7,0,0.0,2.0,7.0,0.0,B01
201800038195,2.0,7,0,0.0,1.0,2.0,0.0,A01
201800038196,2.0,7,0,1.0,0.0,8.0,24.0,A01
201800038196,2.0,31,0,1.0,0.0,2.0,24.0,B01
201800038197,1.0,33,0,0.0,2.0,1.0,1.0,A01
201800038197,1.0,7,0,0.0,2.0,1.0,0.0,B01
201800038198,2.0,31,0,0.0,2.0,8.0,17.0,A01
201800038198,2.0,7,0,0.0,2.0,8.0,15.0,B01
201800038199,1.0,7,0,0.0,1.0,1.0,15.0,A01
201800038200,1.0,7,0,0.0,2.0,3.0,15.0,B01
201800038200,1.0,30,0,0.0,2.0,3.0,1.0,A01
201800038201,1.0,34,0,0.0,2.0,1.0,1.0,A01
201800038201,2.0,37,0,0.0,2.0,3.0,15.0,B01
201800038202,1.0,33,0,0.0,2.0,1.0,1.0,B01
201800038202,1.0,7,0,0.0,2.0,8.0,15.0,A01
201800038203,1.0,2,0,0.0,2.0,1.0,17.0,A01
201800038203,2.0,7,0,0.0,2.0,3.0,23.0,B01
201800038204,1.0,7,0,0.0,2.0,1.0,0.0,A01
201800038204,1.0,31,0,0.0,2.0,1.0,0.0,B01
201800038205,2.0,7,0,0.0,2.0,8.0,20.0,A01
201800038205,2.0,31,0,0.0,0.0,0.0,1.0,B01
201800038206,0.0,7,0,0.0,1.0,1.0,19.0,A01
201800038207,2.0,7,0,0.0,9.0,2.0,9.0,A01
201800038207,1.0,1,0,0.0,2.0,1.0,1.0,B01
201800038208,2.0,7,0,0.0,2.0,4.0,23.0,A01
201800038208,2.0,1,0,0.0,2.0,1.0,2.0,B01
201800038209,1.0,7,0,0.0,2.0,3.0,15.0,A01
201800038209,1.0,33,0,0.0,2.0,1.0,19.0,B01
201800038210,1.0,7,0,0.0,2.0,1.0,2.0,A01
201800038210,1.0,7,0,0.0,2.0,4.0,23.0,B01
201800038210,1.0,7,0,0.0,2.0,4.0,23.0,C01
201800038210,1.0,7,0,0.0,2.0,4.0,23.0,D01
201800038211,1.0,34,0,0.0,2.0,1.0,23.0,A01
201800038211,1.0,7,0,0.0,2.0,4.0,23.0,B01
201800038212,1.0,33,0,0.0,2.0,1.0,2.0,A01
201800038212,1.0,2,0,0.0,2.0,4.0,2.0,B01
201800038213,1.0,7,0,0.0,1.0,2.0,7.0,A01
201800038214,2.0,31,0,0.0,0.0,0.0,13.0,A01
201800038215,0.0,99,0,0.0,2.0,0.0,0.0,R01
201800038215,1.0,31,0,0.0,1.0,1.0,17.0,A01
201800038216,1.0,33,0,0.0,2.0,1.0,5.0,A01
201800038216,0.0,7,0,0.0,2.0,5.0,19.0,B01
201800038217,1.0,7,0,10.0,4.0,0.0,0.0,A01
201800038217,1.0,39,0,0.0,2.0,1.0,23.0,B01
201800038218,1.0,99,0,0.0,2.0,4.0,17.0,A01
201800038218,1.0,2,0,0.0,2.0,1.0,21.0,B01
201800038219,1.0,7,0,0.0,1.0,1.0,0.0,A01
201800038220,1.0,33,0,0.0,2.0,1.0,17.0,A01
201800038220,1.0,7,0,0.0,2.0,6.0,20.0,B01
201800038221,2.0,34,0,0.0,2.0,8.0,21.0,A01
201800038221,1.0,34,0,0.0,2.0,7.0,0.0,B01
201800038221,1.0,7,0,0.0,2.0,0.0,0.0,C01
201800038222,1.0,7,0,0.0,2.0,2.0,16.0,A01
201800038222,0.0,1,0,0.0,2.0,1.0,1.0,B01
201800038223,2.0,1,0,0.0,1.0,1.0,21.0,A01
201800038224,2.0,2,0,0.0,2.0,1.0,17.0,A01
201800038224,2.0,7,0,0.0,2.0,8.0,15.0,B01
201800038225,1.0,30,0,0.0,0.0,0.0,0.0,A01
201800038226,2.0,7,0,0.0,2.0,4.0,5.0,A01
201800038226,1.0,1,0,0.0,2.0,1.0,2.0,B01
201800038227,2.0,10,0,0.0,2.0,4.0,24.0,A01
201800038227,0.0,1,0,0.0,2.0,1.0,1.0,B01
201800038228,2.0,7,0,0.0,2.0,2.0,15.0,A01
201800038228,1.0,34,0,0.0,2.0,1.0,1.0,B01
201800038229,2.0,7,0,0.0,1.0,2.0,16.0,A01
201800038230,1.0,10,0,0.0,2.0,4.0,23.0,A01
201800038230,1.0,34,0,0.0,2.0,1.0,2.0,B01
201800038231,1.0,2,0,0.0,2.0,1.0,17.0,A01
201800038231,2.0,7,0,0.0,2.0,8.0,19.0,B01
201800038232,1.0,33,0,0.0,2.0,1.0,1.0,A01
201800038232,1.0,7,0,0.0,2.0,0.0,10.0,B01
201800038233,2.0,37,1,0.0,2.0,3.0,1.0,A01
201800038233,2.0,99,0,0.0,2.0,5.0,17.0,B01
201800038234,2.0,7,0,0.0,2.0,2.0,10.0,A01
201800038234,1.0,1,0,0.0,2.0,1.0,1.0,B01
201800038235,0.0,32,0,1.0,0.0,1.0,2.0,A01
201800038235,0.0,7,0,0.0,2.0,4.0,23.0,B01
201800038236,1.0,32,0,0.0,2.0,1.0,1.0,B01
201800038236,1.0,7,0,0.0,2.0,8.0,1.0,A01
201800038237,1.0,7,0,0.0,2.0,7.0,0.0,A01
201800038237,1.0,30,0,0.0,2.0,5.0,13.0,B01
201800038238,0.0,7,0,0.0,0.0,0.0,16.0,A01
201800038238,0.0,1,0,0.0,0.0,0.0,16.0,B01
201800038239,1.0,7,0,0.0,1.0,1.0,1.0,A01
201800038240,1.0,7,0,0.0,1.0,2.0,17.0,A01
201800038241,2.0,31,0,0.0,0.0,7.0,21.0,A01
201800038242,1.0,7,0,0.0,2.0,1.0,1.0,B01
201800038242,1.0,33,0,0.0,2.0,8.0,1.0,A01
201800038243,2.0,7,0,0.0,1.0,1.0,1.0,A01
201800038244,2.0,30,0,0.0,1.0,1.0,17.0,A01
201800038245,1.0,34,0,14.0,0.0,1.0,0.0,A01
201800038246,2.0,10,0,0.0,2.0,1.0,2.0,A01
201800038246,2.0,7,0,0.0,2.0,4.0,23.0,B01
201800038246,2.0,7,0,0.0,2.0,4.0,0.0,C01
201800038246,2.0,7,0,0.0,2.0,4.0,0.0,D01
201800038247,2.0,33,0,1.0,2.0,8.0,17.0,A01
201800038247,1.0,7,0,0.0,2.0,3.0,1.0,B01
201800038248,0.0,7,0,0.0,1.0,1.0,14.0,A01
201800038249,1.0,10,0,0.0,2.0,4.0,0.0,A01
201800038249,2.0,30,0,0.0,2.0,8.0,0.0,B01
201800038250,1.0,7,0,0.0,2.0,7.0,1.0,A01
201800038250,1.0,7,0,1.0,2.0,3.0,1.0,B01
201800038251,1.0,10,0,0.0,1.0,3.0,15.0,A01
201800038252,2.0,7,0,0.0,2.0,3.0,15.0,A01
201800038252,1.0,33,0,0.0,2.0,8.0,1.0,B01
201800038253,1.0,7,0,0.0,1.0,1.0,15.0,A01
201800038254,1.0,7,0,0.0,2.0,7.0,10.0,A01
201800038254,1.0,33,0,0.0,2.0,1.0,19.0,K01
201800038255,1.0,31,0,0.0,2.0,6.0,23.0,A01
201800038255,1.0,31,0,0.0,2.0,1.0,0.0,B01
201800038256,1.0,7,0,0.0,1.0,1.0,1.0,A01
201800038257,1.0,7,0,0.0,2.0,2.0,15.0,A01
201800038257,1.0,33,0,0.0,2.0,1.0,1.0,B01
201800038258,2.0,32,0,1.0,0.0,2.0,14.0,A01
201800038258,1.0,7,0,0.0,2.0,6.0,24.0,B01
201800038259,2.0,7,0,0.0,2.0,1.0,9.0,A01
201800038259,2.0,33,0,0.0,2.0,2.0,19.0,B01
201800038260,1.0,7,0,0.0,1.0,2.0,7.0,A01
201800038261,2.0,34,0,1.0,0.0,1.0,16.0,A01
201800038262,1.0,34,0,0.0,0.0,0.0,1.0,A01
201800038263,2.0,31,0,0.0,2.0,2.0,1.0,B01
201800038263,2.0,31,0,0.0,2.0,6.0,1.0,A01
201800038264,1.0,34,0,0.0,2.0,1.0,1.0,B01
201800038264,2.0,7,0,0.0,2.0,7.0,1.0,A01
201800038265,2.0,7,0,0.0,1.0,3.0,15.0,A01
201800038266,2.0,7,0,0.0,2.0,3.0,1.0,A01
201800038266,2.0,33,0,1.0,0.0,2.0,19.0,B01
201800038267,1.0,10,0,0.0,2.0,8.0,15.0,A01
201800038267,1.0,31,0,0.0,2.0,7.0,1.0,B01
201800038268,2.0,31,0,0.0,2.0,2.0,16.0,A01
201800038268,0.0,99,0,0.0,2.0,0.0,0.0,R01
201800038269,1.0,34,0,0.0,1.0,7.0,1.0,A01
201800038270,1.0,7,0,0.0,2.0,6.0,23.0,A01
201800038270,1.0,34,0,1.0,0.0,1.0,1.0,B01
201800038271,1.0,33,0,0.0,2.0,3.0,15.0,A01
201800038271,2.0,31,0,0.0,2.0,1.0,19.0,B01
201800038272,1.0,7,0,0.0,9.0,7.0,16.0,A01
201800038272,1.0,1,0,0.0,2.0,1.0,2.0,B01
201800038273,2.0,7,0,0.0,2.0,2.0,1.0,A01
201800038273,2.0,34,0,0.0,2.0,1.0,1.0,B01
201800038274,1.0,7,0,0.0,1.0,3.0,1.0,A01
201800038275,1.0,7,0,0.0,2.0,1.0,1.0,A01
201800038275,2.0,99,0,0.0,2.0,0.0,0.0,R01
201800038276,1.0,7,0,0.0,2.0,5.0,1.0,B01
201800038276,2.0,7,0,0.0,2.0,1.0,1.0,A01
201800038277,1.0,32,0,0.0,2.0,4.0,16.0,A01
201800038277,1.0,33,0,0.0,2.0,1.0,1.0,B01
201800038278,1.0,37,0,0.0,2.0,5.0,1.0,A01
201800038278,1.0,1,0,0.0,2.0,8.0,1.0,B01
201800038279,2.0,7,0,0.0,1.0,2.0,1.0,A01
201800038280,1.0,31,0,14.0,0.0,1.0,19.0,A01
201800038281,2.0,13,0,0.0,1.0,4.0,4.0,A01
201800038282,1.0,10,0,0.0,1.0,4.0,4.0,A01
201800038283,1.0,7,0,0.0,1.0,3.0,16.0,A01
201800038284,1.0,7,0,0.0,2.0,3.0,1.0,A01
201800038284,2.0,37,0,0.0,2.0,2.0,1.0,B01
201800038285,1.0,7,0,0.0,1.0,3.0,15.0,A01
201800038286,2.0,7,0,0.0,2.0,8.0,20.0,A01
201800038286,1.0,33,0,0.0,2.0,7.0,15.0,B01
201800038287,2.0,7,0,0.0,1.0,4.0,4.0,A01
201800038288,1.0,7,0,0.0,1.0,1.0,1.0,A01
201800038289,1.0,31,0,1.0,0.0,1.0,1.0,A01
201800038290,2.0,31,0,0.0,2.0,0.0,9.0,A01
201800038291,1.0,1,0,14.0,0.0,1.0,18.0,B01
201800038292,1.0,7,0,0.0,2.0,7.0,14.0,A01
201800038292,1.0,1,0,0.0,2.0,8.0,1.0,B01
201800038293,1.0,7,0,0.0,1.0,2.0,15.0,A01
201800038294,2.0,10,0,0.0,2.0,1.0,1.0,A01
201800038294,1.0,10,0,0.0,2.0,8.0,1.0,B01
201800038295,2.0,1,0,1.0,0.0,1.0,1.0,A01
201800038295,2.0,7,0,0.0,0.0,4.0,23.0,B01
201800038296,0.0,99,0,0.0,2.0,0.0,0.0,R01
201800038296,2.0,7,0,0.0,2.0,1.0,1.0,A01
201800038297,0.0,99,0,0.0,2.0,0.0,0.0,R01
201800038297,1.0,1,0,0.0,2.0,1.0,1.0,A01
201800038298,1.0,33,0,0.0,2.0,3.0,1.0,A01
201800038298,1.0,10,0,0.0,2.0,2.0,14.0,B01
201800038299,1.0,7,0,0.0,2.0,1.0,1.0,B01
201800038299,1.0,30,0,8.0,2.0,1.0,1.0,A01
201800038300,1.0,31,0,0.0,1.0,1.0,1.0,A01
201800038301,1.0,7,0,0.0,1.0,1.0,2.0,A01
201800038302,2.0,7,0,8.0,9.0,1.0,16.0,A01
201800038303,2.0,7,0,0.0,1.0,3.0,15.0,A01
201800038304,1.0,7,0,0.0,1.0,1.0,1.0,A01
201800038305,0.0,99,0,0.0,2.0,0.0,0.0,R01
201800038305,1.0,7,0,0.0,2.0,1.0,1.0,A01
201800038306,2.0,7,0,0.0,2.0,1.0,1.0,A01
201800038306,1.0,1,0,0.0,2.0,1.0,8.0,B01
201800038307,1.0,30,0,0.0,6.0,1.0,18.0,A01
201800038307,1.0,1,0,0.0,0.0,4.0,16.0,B01
201800038308,1.0,30,0,0.0,2.0,3.0,18.0,A01
201800038308,1.0,7,0,0.0,2.0,5.0,0.0,B01
201800038309,1.0,30,0,0.0,0.0,0.0,0.0,A01
201800038310,2.0,7,0,0.0,2.0,2.0,1.0,A01
201800038310,2.0,7,0,0.0,2.0,8.0,20.0,B01
201800038311,2.0,7,0,0.0,2.0,5.0,1.0,A01
201800038311,1.0,30,0,0.0,2.0,1.0,15.0,B01
201800038312,2.0,32,0,0.0,2.0,8.0,1.0,B01
201800038312,1.0,10,0,0.0,2.0,1.0,1.0,A01
201800038313,1.0,7,0,0.0,2.0,7.0,16.0,A01
201800038313,1.0,33,0,0.0,2.0,8.0,18.0,B01
201800038314,1.0,7,0,9.0,0.0,9.0,1.0,A01
201800038315,2.0,32,0,1.0,0.0,1.0,15.0,A01
201800038316,2.0,30,0,0.0,2.0,7.0,17.0,A01
201800038316,2.0,7,0,0.0,2.0,8.0,15.0,B01
201800038317,1.0,7,0,0.0,2.0,3.0,0.0,A01
201800038317,1.0,10,0,0.0,2.0,2.0,1.0,B01
201800038318,1.0,10,0,0.0,2.0,2.0,16.0,A01
201800038318,0.0,99,0,0.0,2.0,0.0,0.0,R01
201800038319,1.0,32,0,0.0,2.0,7.0,17.0,A01
201800038319,1.0,10,0,1.0,0.0,3.0,1.0,B01
201800038320,1.0,7,0,0.0,2.0,1.0,1.0,B01
201800038320,1.0,30,0,0.0,2.0,7.0,1.0,A01
201800038321,1.0,1,0,0.0,2.0,1.0,1.0,B01
201800038321,1.0,7,0,0.0,2.0,5.0,16.0,A01
201800038322,1.0,1,0,0.0,2.0,3.0,1.0,B01
201800038322,2.0,7,0,0.0,6.0,2.0,1.0,A01
201800038323,2.0,99,0,0.0,2.0,2.0,19.0,A01
201800038323,1.0,1,0,0.0,0.0,0.0,0.0,B01
201800038324,2.0,7,0,0.0,2.0,2.0,0.0,A01
201800038324,2.0,30,0,0.0,2.0,6.0,0.0,B01
201800038325,1.0,7,0,0.0,2.0,2.0,1.0,A01
201800038325,2.0,34,0,0.0,2.0,1.0,1.0,B01
201800038326,1.0,7,0,0.0,1.0,2.0,15.0,A01
201800038327,2.0,7,0,1.0,1.0,3.0,1.0,A01
201800038328,0.0,7,0,0.0,1.0,2.0,1.0,A01
201800038329,1.0,14,0,0.0,2.0,5.0,16.0,A01
201800038329,1.0,30,0,0.0,2.0,1.0,1.0,B01
201800038330,1.0,30,0,0.0,2.0,1.0,1.0,A01
201800038330,2.0,7,0,0.0,2.0,7.0,15.0,B01
201800038331,1.0,30,0,0.0,2.0,1.0,1.0,A01
201800038331,1.0,7,0,0.0,2.0,4.0,1.0,B01
201800038332,2.0,2,0,0.0,1.0,1.0,1.0,A01
201800038333,0.0,7,0,0.0,0.0,0.0,0.0,A01
201800038333,0.0,32,0,0.0,2.0,1.0,0.0,B01
201800038334,1.0,34,0,0.0,1.0,1.0,1.0,A01
201800038335,1.0,34,0,1.0,0.0,1.0,15.0,A01
201800038336,2.0,30,0,0.0,2.0,1.0,2.0,A01
201800038336,1.0,10,0,0.0,2.0,4.0,2.0,B01
201800038337,1.0,7,0,0.0,2.0,2.0,1.0,A01
201800038337,1.0,7,0,0.0,2.0,3.0,16.0,B01
201800038338,1.0,7,0,0.0,1.0,1.0,15.0,A01
201800038339,1.0,7,0,0.0,1.0,1.0,1.0,A01
201800038340,1.0,10,0,0.0,2.0,2.0,15.0,A01
201800038340,1.0,10,0,0.0,2.0,3.0,1.0,B01
201800038341,1.0,30,0,0.0,1.0,1.0,5.0,A01
201800038342,1.0,10,0,0.0,0.0,0.0,15.0,A01
201800038342,1.0,2,0,0.0,0.0,0.0,1.0,B01
201800038343,2.0,10,0,0.0,2.0,3.0,15.0,A01
201800038343,1.0,33,0,0.0,2.0,1.0,2.0,B01
201800038344,2.0,7,0,0.0,1.0,0.0,23.0,A01
201800038345,2.0,7,0,0.0,1.0,3.0,15.0,A01
201800038346,2.0,30,0,9.0,0.0,1.0,1.0,A01
201800038347,,30,0,,,,,A01
201800038347,,7,0,,,,,B01
201800038348,1.0,7,0,0.0,2.0,8.0,9.0,A01
201800038348,2.0,32,0,0.0,2.0,1.0,1.0,B01
201800038349,2.0,7,0,0.0,1.0,1.0,1.0,A01
201800038350,0.0,37,1,0.0,1.0,2.0,1.0,A01
201800038351,1.0,7,0,0.0,1.0,2.0,16.0,A01
201800038352,1.0,7,0,0.0,1.0,5.0,15.0,A01
201800038353,,3,0,,1.0,,,A01
201800038354,2.0,33,0,0.0,1.0,2.0,2.0,A01
201800038355,1.0,31,0,0.0,2.0,4.0,23.0,A01