Num_Acc,senc,catv,occutc,obs,obsm,choc,manv,num_veh
201800038355,1.0,7,0,0.0,2.0,1.0,2.0,B01
201800038356,1.0,7,0,0.0,1.0,4.0,4.0,A01
201800038357,1.0,7,0,0.0,0.0,0.0,17.0,A01
201800038357,1.0,1,0,0.0,0.0,0.0,2.0,B01
201800038358,2.0,7,0,0.0,1.0,3.0,16.0,A01
201800038359,2.0,34,0,0.0,1.0,1.0,17.0,A01
201800038360,1.0,7,0,0.0,2.0,2.0,0.0,A01
201800038360,1.0,7,0,0.0,2.0,2.0,0.0,B01
201800038361,1.0,7,0,0.0,2.0,8.0,9.0,A01
201800038361,2.0,34,0,0.0,2.0,1.0,21.0,B01
201800038362,1.0,7,0,0.0,1.0,1.0,1.0,A01
201800038363,1.0,7,0,0.0,2.0,2.0,19.0,A01
201800038363,1.0,31,0,0.0,2.0,1.0,19.0,B01
201800038364,1.0,7,0,0.0,2.0,3.0,10.0,A01
201800038364,1.0,33,0,0.0,2.0,2.0,17.0,B01
201800038365,1.0,7,0,0.0,1.0,1.0,1.0,A01
201800038366,2.0,7,0,0.0,2.0,3.0,13.0,A01
201800038366,1.0,31,0,0.0,2.0,3.0,15.0,B01
201800038367,1.0,31,0,3.0,0.0,7.0,15.0,A01
201800038368,2.0,7,0,0.0,1.0,2.0,17.0,A01
201800038369,1.0,7,0,0.0,1.0,1.0,15.0,A01
201800038370,1.0,7,0,0.0,1.0,2.0,15.0,A01
201800038371,2.0,31,0,0.0,1.0,2.0,1.0,A01
201800038372,2.0,14,0,0.0,1.0,1.0,1.0,A01
201800038373,2.0,99,0,0.0,0.0,0.0,0.0,A01
201800038374,1.0,7,0,11.0,0.0,1.0,1.0,A01
201800038375,2.0,1,0,0.0,2.0,1.0,1.0,E01
201800038375,2.0,7,0,0.0,2.0,2.0,1.0,B01
201800038376,1.0,36,0,2.0,6.0,1.0,19.0,A01
201800038377,1.0,10,0,0.0,2.0,1.0,1.0,A01
201800038377,1.0,7,0,0.0,2.0,1.0,1.0,B01
201800038378,2.0,2,0,0.0,2.0,1.0,1.0,A01
201800038378,1.0,7,0,0.0,2.0,3.0,1.0,B01
201800038379,1.0,7,0,0.0,2.0,2.0,1.0,A01
201800038379,2.0,33,0,0.0,2.0,8.0,15.0,B01
201800038380,0.0,33,0,0.0,0.0,7.0,16.0,A01
201800038381,0.0,32,0,0.0,0.0,0.0,0.0,A01
201800038382,1.0,30,0,0.0,2.0,3.0,13.0,A01
201800038382,2.0,7,0,0.0,2.0,3.0,1.0,B01
201800038383,2.0,34,0,0.0,0.0,1.0,1.0,A01
201800038384,1.0,10,0,0.0,1.0,2.0,17.0,A01
201800038385,1.0,30,0,0.0,2.0,1.0,2.0,A01
201800038385,1.0,30,0,0.0,2.0,4.0,2.0,B01
201800038386,0.0,31,0,0.0,2.0,7.0,0.0,A01
201800038386,0.0,10,0,0.0,2.0,2.0,9.0,B01
201800038387,0.0,7,0,0.0,1.0,2.0,2.0,A01
201800038388,,99,0,0.0,1.0,0.0,0.0,A01
201800038389,1.0,7,0,0.0,2.0,2.0,15.0,A01
201800038389,1.0,1,0,0.0,0.0,2.0,1.0,B01
201800038390,0.0,99,0,0.0,2.0,3.0,15.0,A01
201800038390,0.0,33,0,0.0,2.0,2.0,1.0,B01
201800038391,1.0,34,0,0.0,1.0,1.0,1.0,A01
201800038392,1.0,10,0,0.0,1.0,2.0,9.0,A01
201800038392,2.0,7,0,0.0,2.0,3.0,19.0,B01
201800038393,0.0,33,0,1.0,2.0,2.0,3.0,A01
201800038393,0.0,7,0,0.0,2.0,3.0,11.0,B01
201800038394,2.0,7,0,0.0,1.0,2.0,16.0,A01
201800038395,0.0,2,0,0.0,0.0,0.0,15.0,A01
201800038396,0.0,30,0,0.0,0.0,0.0,0.0,A01
201800038397,1.0,32,0,0.0,2.0,1.0,1.0,A01
201800038397,1.0,7,0,0.0,2.0,2.0,1.0,B01
201800038398,2.0,7,0,0.0,2.0,7.0,15.0,A01
201800038398,1.0,32,0,0.0,2.0,1.0,1.0,B01
201800038399,2.0,7,0,0.0,2.0,2.0,1.0,B01
201800038399,1.0,7,0,0.0,2.0,2.0,5.0,Z01
201800038400,2.0,2,0,0.0,2.0,1.0,17.0,A01
201800038400,2.0,7,0,0.0,2.0,8.0,15.0,B01
201800038401,2.0,10,0,0.0,1.0,2.0,1.0,A01
201800038402,2.0,33,0,0.0,1.0,3.0,1.0,A01
201800038403,1.0,7,0,0.0,1.0,4.0,4.0,A01
201800038404,1.0,31,0,0.0,2.0,1.0,7.0,B01
201800038404,1.0,14,0,0.0,2.0,2.0,16.0,A01
201800038405,1.0,31,0,0.0,1.0,1.0,1.0,Z01
201800038406,1.0,13,0,0.0,2.0,1.0,2.0,A01
201800038406,1.0,13,0,0.0,2.0,4.0,2.0,B01
201800038406,1.0,7,0,0.0,2.0,4.0,2.0,C01
201800038407,2.0,7,0,0.0,1.0,1.0,2.0,A01
201800038408,2.0,33,0,0.0,2.0,5.0,2.0,A01
201800038408,2.0,7,0,0.0,2.0,0.0,2.0,Z01
201800038409,2.0,33,0,0.0,2.0,1.0,1.0,B01
201800038409,2.0,7,0,0.0,2.0,4.0,13.0,Z01
201800038410,1.0,7,0,0.0,2.0,3.0,1.0,B01
201800038410,1.0,7,0,0.0,2.0,3.0,1.0,A01
201800038411,1.0,31,0,0.0,1.0,1.0,21.0,A01
201800038412,2.0,7,0,1.0,0.0,1.0,1.0,A01
201800038413,1.0,7,0,0.0,1.0,2.0,1.0,A01
201800038414,1.0,7,0,6.0,0.0,1.0,2.0,A01
201800038415,2.0,7,0,0.0,1.0,2.0,2.0,A01
201800038416,1.0,34,0,0.0,2.0,1.0,17.0,A01
201800038416,1.0,10,0,0.0,2.0,8.0,15.0,B01
201800038417,1.0,7,0,8.0,0.0,1.0,16.0,A01
201800038418,2.0,7,0,0.0,2.0,4.0,2.0,A01
201800038418,2.0,33,0,0.0,2.0,4.0,2.0,B01
201800038419,1.0,7,0,0.0,1.0,1.0,23.0,A01
201800038420,1.0,1,0,0.0,9.0,8.0,13.0,A01
201800038421,2.0,7,0,0.0,2.0,1.0,1.0,A01
201800038421,2.0,7,0,0.0,2.0,3.0,1.0,B01
201800038422,1.0,33,0,0.0,1.0,1.0,1.0,A01
201800038423,1.0,7,0,0.0,2.0,2.0,15.0,A01
201800038423,2.0,34,0,0.0,2.0,1.0,2.0,B01
201800038424,1.0,7,0,0.0,2.0,6.0,17.0,A01
201800038424,1.0,32,0,0.0,2.0,2.0,2.0,B01
201800038425,1.0,7,0,0.0,1.0,4.0,4.0,A01
201800038426,1.0,7,0,0.0,2.0,1.0,2.0,A01
201800038426,1.0,7,0,0.0,2.0,4.0,2.0,B01
201800038427,2.0,7,0,0.0,2.0,8.0,17.0,A01
201800038427,2.0,31,0,0.0,2.0,2.0,17.0,B01
201800038428,1.0,7,0,0.0,2.0,1.0,16.0,A01
201800038428,1.0,31,0,0.0,2.0,7.0,16.0,B01
201800038429,2.0,14,0,0.0,1.0,1.0,1.0,A01
201800038430,2.0,33,0,0.0,2.0,7.0,17.0,A01
201800038430,1.0,7,0,0.0,2.0,2.0,15.0,B01
201800038431,1.0,7,0,1.0,0.0,1.0,14.0,A01
201800038432,2.0,7,0,0.0,1.0,4.0,20.0,A01
201800038433,1.0,33,0,0.0,0.0,0.0,1.0,A01
201800038434,2.0,7,0,0.0,2.0,2.0,16.0,A01
201800038434,2.0,31,0,0.0,2.0,1.0,7.0,B01
201800038435,2.0,7,0,0.0,1.0,1.0,7.0,A01
201800038436,2.0,7,0,0.0,2.0,4.0,1.0,A01
201800038436,2.0,7,0,0.0,2.0,4.0,1.0,B01
201800038437,2.0,33,0,0.0,2.0,1.0,7.0,A01
201800038437,1.0,7,0,0.0,2.0,7.0,16.0,B01
201800038438,1.0,31,0,0.0,1.0,3.0,13.0,A01
201800038439,1.0,1,0,0.0,2.0,7.0,19.0,B01
201800038439,1.0,7,0,0.0,9.0,1.0,15.0,A01
201800038440,1.0,3,0,0.0,0.0,9.0,1.0,A01
201800038441,2.0,7,0,0.0,2.0,6.0,14.0,A01
201800038441,2.0,33,0,0.0,2.0,6.0,1.0,B01
201800038442,2.0,7,0,8.0,0.0,1.0,6.0,A01
201800038443,2.0,7,0,0.0,2.0,1.0,2.0,A01
201800038443,2.0,7,0,0.0,2.0,4.0,2.0,B01
201800038444,1.0,7,0,0.0,2.0,5.0,23.0,A01
201800038444,1.0,7,0,0.0,2.0,1.0,23.0,B01
201800038445,1.0,34,0,0.0,0.0,0.0,1.0,A01
201800038446,1.0,33,0,0.0,2.0,3.0,1.0,A01
201800038446,1.0,7,0,0.0,2.0,2.0,1.0,B01
201800038447,2.0,30,0,0.0,2.0,1.0,1.0,A01
201800038447,1.0,7,0,0.0,2.0,1.0,1.0,B01
201800038448,2.0,7,0,0.0,1.0,2.0,2.0,A01
201800038449,2.0,7,0,0.0,2.0,6.0,23.0,A01
201800038449,2.0,30,0,1.0,0.0,1.0,2.0,B01
201800038450,2.0,10,0,0.0,2.0,1.0,2.0,A01
201800038450,2.0,7,0,0.0,2.0,4.0,2.0,B01
201800038451,1.0,32,0,0.0,0.0,7.0,16.0,A01
201800038452,1.0,31,0,0.0,2.0,8.0,1.0,B01
201800038452,1.0,7,0,0.0,2.0,2.0,1.0,A01
201800038453,1.0,7,0,0.0,1.0,2.0,1.0,A01
201800038454,1.0,10,0,0.0,2.0,3.0,10.0,A01
201800038454,1.0,31,0,0.0,2.0,1.0,17.0,B01
201800038455,1.0,7,0,0.0,1.0,2.0,1.0,A01
201800038456,2.0,7,0,0.0,1.0,1.0,1.0,A01
201800038457,1.0,7,0,0.0,2.0,5.0,16.0,A01
201800038457,1.0,31,0,0.0,2.0,3.0,16.0,B01
201800038458,2.0,7,0,0.0,2.0,1.0,2.0,A01
201800038458,2.0,7,0,0.0,2.0,4.0,2.0,B01
201800038458,2.0,7,0,0.0,2.0,4.0,2.0,C01
201800038458,2.0,7,0,0.0,2.0,4.0,2.0,D01
201800038459,1.0,7,0,0.0,2.0,1.0,2.0,A01
201800038459,1.0,31,0,0.0,2.0,4.0,2.0,B01
201800038460,1.0,30,0,0.0,2.0,3.0,9.0,A01
201800038460,1.0,7,0,0.0,2.0,1.0,1.0,B01
201800038461,2.0,10,0,0.0,2.0,0.0,15.0,Z01
201800038461,0.0,99,0,0.0,2.0,0.0,0.0,R01
201800038462,1.0,7,0,0.0,1.0,2.0,9.0,A01
201800038463,2.0,7,0,0.0,1.0,7.0,17.0,A01
201800038464,1.0,7,0,0.0,1.0,2.0,0.0,A01
201800038465,1.0,10,0,0.0,2.0,8.0,0.0,A01
201800038465,1.0,34,0,0.0,2.0,2.0,1.0,B01
201800038466,1.0,10,0,0.0,1.0,7.0,1.0,A01
201800038467,2.0,20,0,8.0,0.0,3.0,21.0,A01
201800038468,1.0,10,0,0.0,2.0,1.0,2.0,A01
201800038468,1.0,7,0,0.0,2.0,1.0,2.0,B01
201800038468,1.0,7,0,0.0,2.0,1.0,23.0,C01
201800038469,0.0,40,100,0.0,1.0,1.0,0.0,A01
201800038470,0.0,2,0,0.0,2.0,1.0,16.0,A01
201800038470,1.0,7,0,0.0,2.0,5.0,16.0,B01
201800038471,1.0,7,0,0.0,2.0,1.0,21.0,A01
201800038471,1.0,7,0,0.0,2.0,4.0,0.0,B01
201800038472,2.0,7,0,0.0,1.0,2.0,1.0,A01
201800038473,2.0,2,0,0.0,2.0,1.0,2.0,B01
201800038473,2.0,7,0,0.0,2.0,6.0,2.0,Z01
201800038474,2.0,7,0,0.0,2.0,3.0,13.0,A01
201800038474,2.0,33,0,0.0,2.0,2.0,2.0,B01
201800038475,1.0,31,0,0.0,2.0,1.0,1.0,A01
201800038475,2.0,7,0,0.0,2.0,2.0,15.0,B01
201800038476,2.0,30,0,0.0,2.0,1.0,0.0,A01
201800038476,2.0,7,0,0.0,2.0,1.0,15.0,B01
201800038477,1.0,7,0,0.0,2.0,2.0,0.0,A01
201800038477,1.0,7,0,0.0,2.0,3.0,0.0,B01
201800038478,2.0,7,0,0.0,2.0,5.0,15.0,A01
201800038478,2.0,2,0,0.0,2.0,1.0,0.0,B01
201800038479,1.0,33,0,0.0,2.0,1.0,1.0,A01
201800038479,1.0,10,0,0.0,2.0,5.0,11.0,B01
201800038480,2.0,7,0,0.0,2.0,2.0,16.0,A01
201800038480,0.0,99,0,0.0,2.0,8.0,19.0,B01
201800038481,1.0,7,0,0.0,1.0,2.0,1.0,A01
201800038482,1.0,30,0,0.0,2.0,1.0,1.0,A01
201800038482,2.0,7,0,0.0,2.0,3.0,1.0,B01
201800038483,1.0,1,0,1.0,0.0,7.0,17.0,A01
201800038483,1.0,7,0,0.0,2.0,8.0,23.0,B01
201800038484,1.0,33,0,0.0,2.0,6.0,15.0,B01
201800038484,1.0,10,0,0.0,2.0,1.0,1.0,A01
201800038485,1.0,1,0,0.0,2.0,8.0,13.0,B01
201800038485,1.0,7,0,0.0,2.0,8.0,1.0,Z01
201800038486,1.0,7,0,0.0,1.0,8.0,1.0,A01
201800038487,1.0,32,0,0.0,2.0,0.0,17.0,A01
201800038488,2.0,30,0,0.0,0.0,8.0,3.0,A01
201800038489,1.0,32,0,0.0,1.0,1.0,0.0,A01
201800038490,2.0,7,0,0.0,2.0,1.0,2.0,A01
201800038490,2.0,7,0,0.0,2.0,4.0,23.0,B01
201800038490,2.0,7,0,0.0,2.0,4.0,23.0,C01
201800038491,1.0,32,0,0.0,2.0,1.0,1.0,B01
201800038491,2.0,10,0,0.0,2.0,2.0,17.0,A01
201800038492,2.0,10,0,0.0,1.0,2.0,1.0,A01
201800038493,2.0,33,0,0.0,2.0,8.0,18.0,B01
201800038493,2.0,10,0,0.0,2.0,7.0,14.0,Z01
201800038494,2.0,99,0,0.0,0.0,0.0,0.0,A01
201800038495,2.0,7,0,0.0,2.0,8.0,15.0,A01
201800038495,2.0,35,0,0.0,2.0,7.0,1.0,B01
201800038496,1.0,7,0,0.0,2.0,5.0,15.0,A01
201800038496,1.0,2,0,0.0,2.0,1.0,1.0,B01
201800038497,1.0,99,0,14.0,0.0,1.0,0.0,A01
201800038498,1.0,30,0,0.0,1.0,1.0,21.0,A01
201800038499,2.0,34,0,0.0,2.0,1.0,7.0,A01
201800038499,2.0,7,0,0.0,2.0,5.0,16.0,B01
201800038500,1.0,7,0,0.0,2.0,3.0,13.0,A01
201800038500,2.0,7,0,0.0,6.0,3.0,1.0,B01
201800038501,1.0,10,0,0.0,1.0,1.0,1.0,A01
201800038502,2.0,31,0,0.0,2.0,1.0,21.0,A01
201800038502,1.0,7,0,0.0,2.0,6.0,2.0,B01
201800038503,1.0,7,0,0.0,1.0,0.0,0.0,Z01
201800038504,1.0,33,0,0.0,1.0,2.0,19.0,A01
201800038505,1.0,7,0,0.0,1.0,1.0,1.0,A01
201800038506,2.0,7,0,0.0,2.0,3.0,10.0,A01
201800038506,2.0,32,0,0.0,2.0,1.0,1.0,B01
201800038507,1.0,10,0,0.0,2.0,2.0,1.0,A01
201800038507,1.0,7,0,0.0,2.0,3.0,1.0,B01
201800038508,0.0,7,0,0.0,1.0,2.0,1.0,Z01
201800038509,1.0,1,0,1.0,0.0,7.0,1.0,A01
201800038509,2.0,7,0,0.0,2.0,8.0,24.0,B01
201800038510,1.0,34,0,0.0,1.0,1.0,1.0,Z01
201800038511,2.0,30,0,0.0,0.0,0.0,9.0,A01
201800038512,2.0,7,0,0.0,2.0,3.0,15.0,A01
201800038512,1.0,2,0,0.0,2.0,0.0,0.0,B01
201800038513,2.0,7,0,0.0,2.0,6.0,4.0,A01
201800038513,2.0,33,0,0.0,2.0,3.0,23.0,B01
201800038514,2.0,7,0,1.0,0.0,2.0,1.0,A01
201800038514,1.0,7,0,0.0,0.0,8.0,24.0,B01
201800038515,1.0,31,0,0.0,2.0,0.0,0.0,A01
201800038515,2.0,1,0,0.0,2.0,7.0,1.0,B01
201800038516,1.0,2,0,0.0,2.0,1.0,1.0,B01
201800038516,2.0,7,0,0.0,2.0,3.0,10.0,A01
201800038517,1.0,7,0,0.0,2.0,2.0,9.0,A01
201800038517,1.0,2,0,1.0,2.0,2.0,1.0,B01
201800038517,1.0,7,0,1.0,2.0,6.0,0.0,C01
201800038518,1.0,10,0,0.0,1.0,3.0,1.0,A01
201800038519,1.0,10,0,0.0,1.0,8.0,16.0,A01
201800038520,2.0,10,0,0.0,2.0,4.0,2.0,A01
201800038520,2.0,7,0,0.0,2.0,4.0,2.0,B01
201800038521,2.0,33,0,0.0,1.0,1.0,1.0,A01
201800038522,2.0,7,0,0.0,2.0,1.0,1.0,A01
201800038522,2.0,7,0,0.0,2.0,4.0,1.0,B01
201800038523,2.0,7,0,0.0,6.0,3.0,15.0,A01
201800038523,2.0,1,0,0.0,2.0,2.0,13.0,B01
201800038524,1.0,7,0,0.0,2.0,8.0,16.0,A01
201800038524,1.0,33,0,0.0,2.0,7.0,1.0,B01
201800038525,1.0,7,0,0.0,2.0,1.0,1.0,A01
201800038525,1.0,13,0,0.0,0.0,4.0,1.0,B01
201800038526,1.0,7,0,1.0,0.0,2.0,1.0,A01
201800038527,1.0,7,0,0.0,1.0,1.0,15.0,A01
201800038528,1.0,7,0,0.0,1.0,1.0,15.0,A01
201800038529,1.0,7,0,0.0,0.0,2.0,9.0,A01
201800038529,1.0,31,0,0.0,0.0,8.0,9.0,B01
201800038530,1.0,1,0,0.0,0.0,1.0,5.0,B01
201800038530,2.0,7,0,16.0,0.0,3.0,19.0,A01
201800038531,1.0,7,0,0.0,1.0,3.0,15.0,A01
201800038532,1.0,7,0,0.0,1.0,2.0,16.0,A01
201800038533,1.0,7,0,0.0,1.0,2.0,19.0,A01
201800038534,2.0,7,0,0.0,2.0,8.0,10.0,A01
201800038534,2.0,34,0,0.0,2.0,7.0,17.0,B01
201800038535,2.0,7,0,0.0,1.0,1.0,2.0,A01
201800038536,2.0,7,0,0.0,1.0,3.0,21.0,A01
201800038537,1.0,7,0,0.0,2.0,3.0,20.0,A01
201800038537,1.0,34,0,0.0,2.0,2.0,2.0,B01
201800038538,1.0,7,0,0.0,2.0,7.0,15.0,A01
201800038538,2.0,31,0,0.0,2.0,1.0,1.0,B01
201800038539,2.0,7,0,0.0,1.0,5.0,1.0,A01
201800038540,1.0,7,0,0.0,2.0,5.0,23.0,B01
201800038540,1.0,2,0,0.0,2.0,1.0,2.0,A01
201800038541,2.0,7,0,0.0,1.0,1.0,2.0,A01
201800038542,1.0,10,0,0.0,2.0,8.0,11.0,A01
201800038542,1.0,7,0,0.0,2.0,7.0,1.0,B01
201800038543,1.0,7,0,8.0,0.0,1.0,1.0,A01
201800038544,1.0,14,0,0.0,2.0,2.0,21.0,A01
201800038544,1.0,7,0,0.0,2.0,6.0,16.0,B01
201800038545,1.0,7,0,0.0,1.0,3.0,1.0,A01
201800038546,1.0,30,0,0.0,1.0,1.0,1.0,A01
201800038547,1.0,34,0,0.0,1.0,2.0,1.0,A01
201800038548,1.0,30,0,0.0,1.0,0.0,1.0,Z01
201800038549,1.0,2,0,0.0,1.0,3.0,2.0,A01
201800038550,1.0,7,0,0.0,1.0,2.0,16.0,A01
201800038551,1.0,7,0,8.0,2.0,7.0,21.0,B01
201800038551,1.0,7,0,0.0,2.0,0.0,21.0,Z01
201800038552,1.0,10,0,0.0,2.0,6.0,0.0,A01
201800038552,1.0,7,0,0.0,2.0,6.0,9.0,B01
201800038553,1.0,7,0,0.0,2.0,7.0,0.0,A01
201800038553,1.0,7,0,0.0,2.0,8.0,0.0,B01
201800038554,1.0,7,0,0.0,2.0,1.0,1.0,A01
201800038554,1.0,7,0,0.0,2.0,7.0,19.0,B01
201800038555,1.0,7,0,0.0,9.0,3.0,11.0,A01
201800038555,1.0,31,0,0.0,2.0,2.0,1.0,B01
201800038556,1.0,7,0,0.0,2.0,1.0,20.0,A01
201800038556,1.0,33,0,0.0,2.0,4.0,0.0,B01
201800038557,1.0,7,0,0.0,1.0,1.0,19.0,A01
201800038558,2.0,33,0,0.0,2.0,1.0,13.0,A01
201800038558,1.0,34,0,1.0,2.0,1.0,13.0,B01
201800038559,1.0,10,0,0.0,9.0,0.0,15.0,A01
201800038559,1.0,31,0,1.0,0.0,3.0,21.0,B01
201800038560,1.0,10,0,0.0,2.0,2.0,10.0,A01
201800038560,2.0,33,0,0.0,2.0,2.0,9.0,B01
201800038561,1.0,7,0,0.0,1.0,3.0,7.0,A01
201800038562,1.0,33,0,1.0,2.0,3.0,7.0,B01
201800038562,1.0,7,0,0.0,1.0,7.0,12.0,A01
201800038563,2.0,7,0,0.0,2.0,1.0,8.0,A01
201800038563,1.0,7,0,0.0,2.0,1.0,23.0,B01
201800038563,1.0,7,0,0.0,2.0,1.0,23.0,C01
201800038564,1.0,2,0,0.0,1.0,1.0,0.0,Z01
201800038565,1.0,33,0,0.0,2.0,1.0,1.0,A01
201800038565,2.0,7,0,0.0,2.0,2.0,15.0,B01
201800038566,1.0,7,0,0.0,2.0,8.0,24.0,A01
201800038566,2.0,1,0,1.0,0.0,1.0,1.0,B01
201800038567,1.0,7,0,0.0,2.0,1.0,2.0,A01
201800038567,1.0,7,0,0.0,2.0,4.0,15.0,B01
201800038568,2.0,7,0,0.0,1.0,3.0,15.0,A01
201800038569,1.0,31,0,0.0,2.0,3.0,15.0,A01
201800038569,1.0,7,0,0.0,2.0,2.0,1.0,B01
201800038570,1.0,7,0,0.0,1.0,1.0,16.0,A01
201800038571,1.0,7,0,0.0,1.0,0.0,0.0,Z01
201800038572,1.0,33,0,0.0,2.0,8.0,1.0,A01
201800038572,1.0,7,0,0.0,2.0,7.0,19.0,B01
201800038573,1.0,7,0,0.0,2.0,3.0,13.0,A01
201800038573,1.0,33,0,0.0,2.0,7.0,13.0,B01
201800038574,1.0,7,0,0.0,2.0,8.0,18.0,A01
201800038574,1.0,7,0,0.0,2.0,1.0,1.0,B01
201800038575,1.0,30,0,0.0,1.0,1.0,1.0,A01
201800038576,1.0,31,0,2.0,0.0,1.0,21.0,A01
201800038577,1.0,2,0,0.0,2.0,3.0,1.0,B01
201800038577,1.0,7,0,0.0,2.0,1.0,1.0,A01
201800038578,1.0,31,0,0.0,2.0,3.0,18.0,A01
201800038578,1.0,7,0,0.0,2.0,5.0,23.0,B01
201800038579,2.0,33,0,0.0,2.0,3.0,1.0,A01
201800038579,1.0,7,0,0.0,2.0,2.0,1.0,B01
201800038580,1.0,32,0,0.0,2.0,1.0,21.0,A01
201800038580,1.0,7,0,0.0,2.0,3.0,15.0,B01
201800038581,1.0,1,0,0.0,2.0,3.0,5.0,B01
201800038582,1.0,20,0,0.0,1.0,3.0,10.0,A01
201800038582,1.0,34,0,0.0,2.0,2.0,23.0,B01
201800038583,1.0,7,0,0.0,2.0,3.0,10.0,A01
201800038583,1.0,7,0,0.0,2.0,2.0,1.0,B01
201800038584,2.0,7,0,0.0,2.0,1.0,19.0,A01
201800038584,1.0,7,0,0.0,2.0,8.0,19.0,B01
201800038585,2.0,31,0,0.0,2.0,1.0,1.0,Z01
201800038585,1.0,7,0,0.0,2.0,2.0,15.0,A01
201800038586,1.0,7,0,12.0,0.0,2.0,21.0,A01
201800038587,1.0,31,0,0.0,2.0,8.0,16.0,A01
201800038587,2.0,13,0,0.0,2.0,1.0,0.0,B01
201800038588,1.0,1,0,0.0,2.0,1.0,1.0,A01
201800038588,1.0,7,0,0.0,9.0,3.0,15.0,B01
201800038589,2.0,32,0,0.0,2.0,1.0,13.0,A01
201800038589,2.0,7,0,0.0,2.0,8.0,15.0,B01
201800038590,2.0,7,0,0.0,2.0,1.0,7.0,A01
201800038590,1.0,7,0,0.0,2.0,2.0,7.0,B01
201800038591,1.0,7,0,0.0,2.0,2.0,19.0,A01
201800038591,1.0,33,0,0.0,2.0,8.0,2.0,B01
201800038592,1.0,7,0,0.0,2.0,1.0,15.0,A01
201800038592,1.0,7,0,0.0,2.0,4.0,15.0,B01
201800038593,1.0,7,0,0.0,1.0,1.0,19.0,A01
201800038594,2.0,7,0,0.0,2.0,3.0,0.0,A01
201800038594,1.0,7,0,0.0,9.0,1.0,0.0,B01
201800038595,2.0,7,0,11.0,0.0,3.0,15.0,A01
201800038596,1.0,7,0,0.0,9.0,6.0,14.0,A01
201800038596,1.0,33,0,0.0,2.0,3.0,14.0,B01
201800038597,2.0,7,0,0.0,2.0,1.0,2.0,A01
201800038597,2.0,33,0,0.0,2.0,4.0,2.0,B01
201800038597,2.0,7,0,0.0,2.0,2.0,2.0,C01
201800038598,1.0,7,0,0.0,1.0,1.0,1.0,A01
201800038599,1.0,33,0,0.0,2.0,2.0,17.0,A01
201800038599,2.0,7,0,0.0,2.0,1.0,19.0,B01
201800038600,1.0,32,0,0.0,2.0,3.0,0.0,A01
201800038600,1.0,17,0,0.0,2.0,1.0,1.0,B01
201800038601,1.0,39,0,0.0,2.0,7.0,23.0,A01
201800038601,1.0,32,0,0.0,4.0,1.0,0.0,Z01
201800038602,1.0,7,0,0.0,2.0,6.0,10.0,A01
201800038602,1.0,10,0,0.0,2.0,1.0,2.0,B01
201800038603,1.0,33,0,15.0,2.0,3.0,1.0,B01
201800038603,2.0,10,0,0.0,2.0,2.0,15.0,A01
201800038604,2.0,7,0,0.0,1.0,2.0,15.0,A01
201800038605,1.0,7,0,0.0,1.0,8.0,1.0,A01
201800038606,0.0,7,0,0.0,2.0,8.0,1.0,B01
201800038606,0.0,30,0,0.0,2.0,1.0,15.0,A01
201800038607,1.0,14,0,0.0,2.0,2.0,9.0,A01
201800038607,1.0,34,0,2.0,2.0,3.0,0.0,B01
201800038608,1.0,30,0,0.0,2.0,1.0,0.0,A01
201800038608,1.0,30,0,0.0,2.0,4.0,2.0,B01
201800038609,1.0,7,0,0.0,2.0,4.0,0.0,A01
201800038609,1.0,14,0,0.0,2.0,1.0,0.0,B01
201800038610,0.0,10,0,0.0,2.0,3.0,9.0,A01
201800038610,0.0,7,0,0.0,2.0,5.0,1.0,B01
201800038611,0.0,10,0,1.0,0.0,3.0,1.0,A01
201800038611,0.0,7,0,0.0,2.0,6.0,0.0,B01
201800038612,0.0,7,0,0.0,2.0,1.0,1.0,A01
201800038612,0.0,7,0,0.0,2.0,2.0,1.0,B01
201800038613,,99,0,0.0,0.0,0.0,0.0,Y01
201800038613,1.0,30,0,0.0,2.0,0.0,0.0,Z01
201800038614,0.0,7,0,0.0,2.0,2.0,15.0,A01
201800038614,0.0,7,0,0.0,2.0,3.0,1.0,B01
201800038615,1.0,7,0,0.0,2.0,1.0,1.0,A01
201800038615,1.0,7,0,0.0,2.0,7.0,1.0,B01
201800038616,1.0,7,0,0.0,2.0,4.0,1.0,A01
201800038616,1.0,34,0,0.0,2.0,1.0,16.0,B01
201800038617,1.0,30,0,0.0,2.0,1.0,17.0,A01
201800038617,2.0,7,0,0.0,2.0,5.0,2.0,B01
201800038618,2.0,2,0,0.0,2.0,0.0,0.0,A01
201800038618,2.0,7,0,0.0,2.0,2.0,1.0,B01
201800038619,1.0,7,0,0.0,2.0,1.0,10.0,A01
201800038619,1.0,33,0,0.0,2.0,8.0,1.0,B01
201800038620,1.0,7,0,0.0,2.0,2.0,10.0,A01
201800038620,1.0,33,0,0.0,2.0,1.0,1.0,B01
201800038620,1.0,37,1,0.0,2.0,3.0,0.0,C01
201800038621,0.0,10,0,0.0,2.0,5.0,16.0,A01
201800038621,0.0,34,0,0.0,2.0,3.0,13.0,B01
201800038622,2.0,7,0,0.0,2.0,3.0,5.0,A01
201800038622,1.0,1,0,0.0,2.0,3.0,1.0,B01
201800038623,0.0,7,0,0.0,2.0,2.0,9.0,A01