Num_Acc,senc,catv,occutc,obs,obsm,choc,manv,num_veh
201800038623,0.0,30,0,0.0,2.0,8.0,15.0,B01
201800038624,0.0,7,0,0.0,2.0,3.0,15.0,A01
201800038624,0.0,34,0,0.0,2.0,3.0,1.0,B01
201800038625,1.0,30,0,0.0,2.0,2.0,17.0,A01
201800038625,1.0,7,0,0.0,2.0,3.0,15.0,B01
201800038626,2.0,7,0,0.0,2.0,3.0,16.0,A01
201800038626,2.0,99,0,0.0,2.0,8.0,1.0,B01
201800038627,1.0,7,0,0.0,2.0,3.0,15.0,A01
201800038627,1.0,34,0,0.0,2.0,2.0,17.0,B01
201800038628,2.0,32,0,8.0,2.0,2.0,17.0,A01
201800038628,2.0,10,0,0.0,2.0,3.0,15.0,B01
201800038629,0.0,1,0,0.0,2.0,7.0,15.0,A01
201800038629,0.0,7,0,0.0,2.0,1.0,0.0,B01
201800038630,0.0,10,0,9.0,2.0,3.0,1.0,B01
201800038630,0.0,7,0,0.0,2.0,1.0,15.0,A01
201800038631,2.0,7,0,0.0,1.0,2.0,1.0,A01
201800038632,2.0,32,0,0.0,2.0,7.0,17.0,A01
201800038632,2.0,7,0,0.0,2.0,6.0,15.0,B01
201800038633,0.0,7,0,0.0,6.0,3.0,0.0,A01
201800038633,0.0,1,0,0.0,2.0,7.0,0.0,B01
201800038634,1.0,1,0,0.0,1.0,0.0,0.0,Z01
201800038635,0.0,10,0,0.0,1.0,1.0,1.0,A01
201800038636,1.0,7,0,0.0,2.0,1.0,15.0,A01
201800038636,1.0,2,0,0.0,2.0,1.0,1.0,B01
201800038637,1.0,7,0,0.0,2.0,6.0,12.0,A01
201800038637,1.0,33,0,0.0,2.0,1.0,0.0,B01
201800038638,1.0,7,0,0.0,1.0,1.0,15.0,A01
201800038639,0.0,7,0,0.0,2.0,1.0,1.0,A01
201800038639,0.0,7,0,0.0,2.0,3.0,1.0,B01
201800038640,0.0,7,0,0.0,1.0,4.0,4.0,A01
201800038641,1.0,37,3,0.0,2.0,1.0,9.0,A01
201800038641,1.0,7,0,0.0,2.0,8.0,9.0,B01
201800038642,1.0,7,0,0.0,2.0,1.0,1.0,B01
201800038642,1.0,7,0,0.0,2.0,7.0,1.0,A01
201800038643,2.0,10,0,0.0,2.0,8.0,2.0,A01
201800038643,0.0,1,0,0.0,2.0,3.0,19.0,B01
201800038644,1.0,34,0,0.0,2.0,8.0,19.0,A01
201800038644,1.0,30,0,0.0,2.0,1.0,1.0,Z01
201800038645,0.0,7,0,0.0,2.0,0.0,24.0,C01
201800038645,1.0,7,0,0.0,2.0,2.0,16.0,B01
201800038645,1.0,34,0,1.0,2.0,8.0,7.0,A01
201800038646,2.0,7,0,0.0,2.0,3.0,11.0,A01
201800038646,2.0,30,0,0.0,2.0,7.0,11.0,B01
201800038647,1.0,7,0,0.0,2.0,3.0,19.0,A01
201800038647,0.0,7,0,0.0,2.0,2.0,0.0,B01
201800038648,1.0,7,0,0.0,1.0,2.0,15.0,A01
201800038649,1.0,7,0,0.0,2.0,3.0,15.0,A01
201800038649,1.0,2,0,0.0,2.0,1.0,17.0,B01
201800038650,1.0,14,0,0.0,1.0,2.0,15.0,A01
201800038651,1.0,34,0,0.0,2.0,8.0,1.0,A01
201800038651,1.0,7,0,0.0,2.0,6.0,15.0,B01
201800038652,0.0,30,0,8.0,2.0,1.0,0.0,A01
201800038652,2.0,7,0,0.0,2.0,2.0,16.0,B01
201800038653,1.0,14,0,0.0,2.0,6.0,16.0,A01
201800038653,1.0,33,0,0.0,2.0,0.0,0.0,B01
201800038654,1.0,7,0,0.0,2.0,4.0,0.0,A01
201800038654,1.0,7,0,0.0,2.0,6.0,0.0,Z01
201800038655,1.0,7,0,0.0,1.0,3.0,1.0,A01
201800038656,1.0,7,0,0.0,2.0,2.0,14.0,A01
201800038656,1.0,30,0,0.0,2.0,3.0,2.0,B01
201800038657,0.0,7,0,0.0,2.0,1.0,19.0,A01
201800038657,0.0,7,0,0.0,2.0,8.0,19.0,B01
201800038658,0.0,13,0,0.0,2.0,1.0,2.0,A01
201800038658,0.0,7,0,0.0,2.0,9.0,2.0,B01
201800038658,0.0,13,0,0.0,2.0,4.0,0.0,C01
201800038659,0.0,7,0,0.0,1.0,1.0,1.0,A01
201800038660,2.0,7,0,0.0,1.0,1.0,16.0,A01
201800038661,1.0,7,0,0.0,1.0,1.0,1.0,A01
201800038662,1.0,7,0,0.0,2.0,7.0,1.0,B01
201800038662,2.0,7,0,0.0,2.0,1.0,1.0,A01
201800038663,1.0,7,0,4.0,0.0,2.0,14.0,A01
201800038664,2.0,7,0,0.0,1.0,6.0,20.0,A01
201800038665,1.0,7,0,0.0,1.0,1.0,1.0,A01
201800038666,1.0,7,0,0.0,1.0,1.0,1.0,A01
201800038667,1.0,7,0,0.0,2.0,8.0,9.0,A01
201800038667,1.0,14,0,0.0,2.0,2.0,1.0,B01
201800038668,1.0,7,0,0.0,2.0,2.0,15.0,A01
201800038668,1.0,34,0,0.0,2.0,1.0,19.0,B01
201800038669,0.0,7,0,0.0,2.0,2.0,15.0,A01
201800038669,0.0,2,0,0.0,2.0,3.0,0.0,B01
201800038670,2.0,7,0,0.0,1.0,1.0,15.0,A01
201800038671,1.0,31,0,0.0,2.0,7.0,14.0,B01
201800038671,1.0,33,0,0.0,2.0,8.0,3.0,A01
201800038671,1.0,7,0,0.0,2.0,8.0,1.0,C01
201800038672,1.0,1,0,0.0,1.0,1.0,1.0,A01
201800038673,2.0,7,0,0.0,1.0,3.0,15.0,A01
201800038674,1.0,10,0,0.0,1.0,5.0,4.0,A01
201800038675,1.0,7,0,0.0,2.0,7.0,19.0,B01
201800038675,1.0,7,0,0.0,2.0,3.0,19.0,A01
201800038676,1.0,2,0,0.0,1.0,1.0,1.0,A01
201800038677,2.0,7,0,0.0,2.0,2.0,10.0,A01
201800038677,1.0,31,0,0.0,2.0,1.0,18.0,B01
201800038678,1.0,7,0,0.0,2.0,1.0,21.0,A01
201800038678,1.0,1,0,0.0,2.0,8.0,19.0,B01
201800038679,1.0,7,0,0.0,2.0,1.0,2.0,A01
201800038679,1.0,7,0,0.0,2.0,4.0,2.0,B01
201800038680,1.0,7,0,0.0,1.0,2.0,19.0,A01
201800038681,1.0,37,0,10.0,0.0,1.0,9.0,A01
201800038682,1.0,7,0,0.0,2.0,5.0,16.0,A01
201800038682,1.0,7,0,0.0,2.0,3.0,1.0,B01
201800038683,1.0,7,0,0.0,2.0,4.0,23.0,C01
201800038683,1.0,7,0,0.0,2.0,4.0,23.0,B01
201800038683,1.0,7,0,0.0,2.0,4.0,23.0,D01
201800038683,1.0,7,0,0.0,2.0,1.0,19.0,A01
201800038684,0.0,31,0,0.0,2.0,4.0,21.0,A01
201800038684,0.0,7,0,0.0,2.0,0.0,21.0,B01
201800038685,0.0,7,0,0.0,2.0,1.0,1.0,A01
201800038685,0.0,7,0,0.0,2.0,4.0,1.0,B01
201800038685,2.0,7,0,0.0,2.0,4.0,1.0,C01
201800038686,0.0,10,0,0.0,2.0,1.0,2.0,A01
201800038686,0.0,7,0,0.0,2.0,4.0,2.0,B01
201800038687,1.0,33,0,0.0,2.0,1.0,21.0,A01
201800038687,1.0,7,0,0.0,0.0,5.0,2.0,B01
201800038688,1.0,34,0,0.0,1.0,0.0,2.0,A01
201800038689,1.0,7,0,0.0,2.0,3.0,13.0,A01
201800038689,1.0,34,0,0.0,2.0,7.0,17.0,B01
201800038690,2.0,7,0,0.0,2.0,3.0,11.0,A01
201800038690,1.0,30,0,0.0,2.0,8.0,21.0,B01
201800038691,1.0,7,0,0.0,2.0,6.0,15.0,A01
201800038691,2.0,34,0,0.0,2.0,3.0,21.0,B01
201800038692,1.0,7,0,0.0,2.0,2.0,19.0,A01
201800038692,1.0,33,0,0.0,2.0,8.0,19.0,B01
201800038693,1.0,7,0,0.0,2.0,2.0,23.0,A01
201800038693,1.0,33,0,0.0,2.0,4.0,23.0,B01
201800038694,1.0,33,0,0.0,1.0,1.0,1.0,A01
201800038695,1.0,7,0,0.0,1.0,2.0,15.0,A01
201800038696,1.0,7,0,0.0,1.0,4.0,4.0,A01
201800038697,1.0,13,0,0.0,2.0,2.0,14.0,A01
201800038697,1.0,7,0,0.0,2.0,8.0,23.0,B01
201800038698,1.0,7,0,0.0,2.0,8.0,15.0,A01
201800038698,1.0,31,0,0.0,2.0,1.0,17.0,B01
201800038699,2.0,33,0,0.0,9.0,3.0,17.0,A01
201800038699,1.0,1,0,0.0,2.0,3.0,1.0,B01
201800038700,1.0,7,0,8.0,2.0,1.0,17.0,A01
201800038700,2.0,34,0,0.0,2.0,1.0,21.0,B01
201800038701,1.0,7,0,1.0,0.0,1.0,0.0,A01
201800038702,1.0,7,0,7.0,2.0,9.0,1.0,A01
201800038702,1.0,7,0,0.0,2.0,9.0,2.0,B01
201800038702,2.0,7,0,0.0,2.0,1.0,1.0,C01
201800038703,1.0,7,0,0.0,1.0,2.0,1.0,A01
201800038704,1.0,7,0,0.0,2.0,1.0,2.0,A01
201800038704,1.0,7,0,0.0,2.0,4.0,23.0,B01
201800038705,1.0,7,0,0.0,2.0,4.0,1.0,B01
201800038705,1.0,10,0,0.0,2.0,1.0,1.0,A01
201800038705,1.0,33,0,0.0,2.0,4.0,1.0,C01
201800038706,,32,0,0.0,1.0,5.0,1.0,A01
201800038707,1.0,32,0,0.0,2.0,1.0,21.0,A01
201800038707,1.0,10,0,0.0,9.0,7.0,10.0,B01
201800038708,2.0,10,0,0.0,2.0,5.0,23.0,B01
201800038708,2.0,32,0,1.0,2.0,1.0,11.0,A01
201800038709,2.0,33,0,0.0,2.0,1.0,18.0,A01
201800038709,2.0,7,0,0.0,2.0,4.0,1.0,B01
201800038710,1.0,30,0,0.0,2.0,2.0,1.0,A01
201800038710,1.0,7,0,0.0,2.0,3.0,20.0,B01
201800038711,1.0,7,0,0.0,6.0,7.0,16.0,A01
201800038711,1.0,1,0,0.0,2.0,8.0,1.0,B01
201800038712,1.0,34,0,0.0,6.0,1.0,2.0,A01
201800038712,1.0,99,0,0.0,2.0,4.0,2.0,B01
201800038713,0.0,7,0,0.0,2.0,1.0,2.0,A01
201800038713,0.0,7,0,0.0,2.0,4.0,2.0,B01
201800038713,0.0,7,0,0.0,2.0,4.0,2.0,C01
201800038714,,3,0,,1.0,,,A01
201800038715,1.0,10,0,0.0,1.0,1.0,15.0,A01
201800038716,1.0,7,0,0.0,2.0,8.0,22.0,A01
201800038716,1.0,34,0,1.0,0.0,2.0,3.0,B01
201800038717,0.0,34,0,0.0,2.0,1.0,1.0,B01
201800038717,0.0,7,0,0.0,2.0,1.0,15.0,A01
201800038718,1.0,31,0,0.0,2.0,1.0,3.0,A01
201800038718,1.0,34,0,0.0,2.0,4.0,23.0,B01
201800038718,1.0,34,0,0.0,0.0,4.0,23.0,C01
201800038719,2.0,33,0,0.0,2.0,3.0,19.0,A01
201800038719,2.0,10,0,14.0,0.0,1.0,19.0,B01
201800038720,0.0,7,0,0.0,2.0,3.0,15.0,A01
201800038720,0.0,2,0,0.0,2.0,1.0,1.0,B01
201800038721,1.0,1,0,1.0,0.0,2.0,18.0,A01
201800038721,0.0,7,0,0.0,2.0,7.0,24.0,B01
201800038722,2.0,10,0,0.0,2.0,5.0,2.0,B01
201800038722,2.0,31,0,0.0,2.0,1.0,11.0,A01
201800038723,1.0,33,0,0.0,2.0,1.0,3.0,A01
201800038723,1.0,34,0,0.0,2.0,4.0,3.0,B01
201800038724,1.0,7,0,0.0,1.0,6.0,24.0,B01
201800038724,1.0,7,0,1.0,0.0,2.0,14.0,A01
201800038725,2.0,7,0,0.0,2.0,1.0,17.0,A01
201800038725,2.0,2,0,0.0,2.0,1.0,17.0,B01
201800038726,1.0,1,0,0.0,2.0,8.0,0.0,A01
201800038726,2.0,37,1,0.0,0.0,0.0,0.0,B01
201800038727,1.0,34,0,0.0,2.0,3.0,9.0,A01
201800038727,1.0,10,0,0.0,2.0,2.0,16.0,B01
201800038728,1.0,7,0,0.0,2.0,6.0,13.0,A01
201800038728,1.0,31,0,0.0,2.0,2.0,1.0,B01
201800038729,2.0,30,0,0.0,2.0,1.0,1.0,B01
201800038729,1.0,7,0,0.0,2.0,5.0,15.0,A01
201800038730,1.0,7,0,0.0,1.0,6.0,4.0,A01
201800038731,1.0,10,0,0.0,2.0,6.0,20.0,A01
201800038731,1.0,2,0,0.0,2.0,2.0,2.0,B01
201800038732,2.0,7,0,0.0,2.0,1.0,1.0,A01
201800038732,2.0,7,0,0.0,2.0,8.0,1.0,B01
201800038733,1.0,7,0,0.0,2.0,3.0,0.0,A01
201800038733,1.0,33,0,0.0,2.0,3.0,0.0,B01
201800038733,1.0,17,0,0.0,2.0,2.0,0.0,C01
201800038734,1.0,7,0,1.0,0.0,2.0,14.0,A01
201800038735,1.0,7,0,0.0,1.0,1.0,1.0,A01
201800038736,1.0,7,0,0.0,2.0,1.0,21.0,A01
201800038736,1.0,7,0,0.0,2.0,4.0,21.0,B01
201800038736,1.0,7,0,0.0,9.0,0.0,9.0,C01
201800038737,1.0,33,0,0.0,9.0,1.0,19.0,A01
201800038737,1.0,99,0,0.0,2.0,4.0,19.0,B01
201800038738,2.0,7,0,0.0,1.0,3.0,16.0,A01
201800038739,2.0,7,0,0.0,2.0,4.0,4.0,A01
201800038739,1.0,31,0,0.0,2.0,1.0,1.0,B01
201800038740,2.0,1,0,0.0,1.0,1.0,1.0,A01
201800038741,2.0,99,0,0.0,2.0,0.0,0.0,R01
201800038741,2.0,7,0,0.0,2.0,2.0,13.0,A01
201800038742,2.0,10,0,0.0,2.0,1.0,2.0,A01
201800038742,2.0,7,0,0.0,2.0,4.0,2.0,B01
201800038743,1.0,31,0,0.0,1.0,1.0,1.0,A01
201800038744,1.0,7,0,0.0,1.0,3.0,15.0,A01
201800038745,2.0,7,0,0.0,2.0,5.0,0.0,A01
201800038745,1.0,7,0,0.0,2.0,1.0,0.0,B01
201800038746,1.0,34,0,0.0,1.0,1.0,17.0,A01
201800038747,1.0,7,0,0.0,2.0,0.0,1.0,A01
201800038747,1.0,33,0,0.0,2.0,6.0,2.0,B01
201800038748,2.0,7,0,0.0,2.0,1.0,1.0,B01
201800038748,2.0,7,0,0.0,2.0,7.0,1.0,A01
201800038749,1.0,31,0,0.0,1.0,1.0,17.0,A01
201800038750,2.0,7,0,0.0,1.0,3.0,0.0,A01
201800038751,1.0,7,0,0.0,2.0,1.0,7.0,A01
201800038751,1.0,7,0,0.0,2.0,7.0,16.0,B01
201800038752,1.0,7,0,0.0,2.0,1.0,13.0,A01
201800038752,0.0,1,0,0.0,0.0,0.0,0.0,B01
201800038753,1.0,34,0,0.0,2.0,1.0,23.0,A01
201800038753,1.0,7,0,0.0,2.0,4.0,23.0,B01
201800038754,0.0,99,0,0.0,2.0,0.0,0.0,R01
201800038754,1.0,7,0,0.0,2.0,2.0,9.0,A01
201800038755,1.0,32,0,0.0,2.0,1.0,21.0,A01
201800038755,1.0,7,0,0.0,2.0,5.0,2.0,B01
201800038756,1.0,7,0,0.0,1.0,1.0,1.0,A01
201800038757,1.0,7,0,0.0,1.0,1.0,15.0,A01
201800038758,2.0,7,0,0.0,1.0,3.0,2.0,A01
201800038759,2.0,1,0,0.0,2.0,1.0,2.0,A01
201800038759,2.0,34,0,0.0,2.0,5.0,21.0,B01
201800038760,1.0,7,0,0.0,2.0,4.0,21.0,A01
201800038760,2.0,33,0,0.0,2.0,3.0,10.0,B01
201800038761,2.0,33,0,0.0,2.0,8.0,11.0,A01
201800038761,1.0,7,0,0.0,2.0,7.0,1.0,B01
201800038762,2.0,7,0,0.0,2.0,7.0,15.0,A01
201800038762,2.0,1,0,0.0,2.0,8.0,2.0,B01
201800038763,1.0,7,0,0.0,2.0,1.0,15.0,A01
201800038763,1.0,33,0,0.0,2.0,4.0,1.0,B01
201800038764,2.0,7,0,0.0,2.0,7.0,12.0,A01
201800038764,2.0,31,0,0.0,2.0,8.0,2.0,B01
201800038765,1.0,34,0,0.0,2.0,1.0,2.0,A01
201800038765,1.0,34,0,0.0,2.0,6.0,2.0,B01
201800038766,1.0,7,0,0.0,1.0,2.0,1.0,A01
201800038767,1.0,7,0,0.0,2.0,5.0,9.0,A01
201800038767,2.0,33,0,0.0,2.0,1.0,2.0,B01
201800038768,2.0,7,0,0.0,2.0,6.0,1.0,A01
201800038768,0.0,32,0,0.0,2.0,1.0,1.0,B01
201800038769,0.0,10,0,0.0,2.0,1.0,1.0,A01
201800038769,2.0,7,0,0.0,2.0,4.0,1.0,B01
201800038770,2.0,10,0,0.0,2.0,2.0,0.0,A01
201800038770,2.0,7,0,0.0,2.0,4.0,0.0,B01
201800038770,2.0,7,0,0.0,2.0,4.0,23.0,C01
201800038771,2.0,7,0,0.0,1.0,3.0,2.0,A01
201800038772,0.0,33,0,0.0,2.0,1.0,1.0,A01
201800038772,0.0,7,0,0.0,2.0,7.0,15.0,B01
201800038773,2.0,10,0,0.0,2.0,4.0,20.0,A01
201800038773,2.0,7,0,0.0,2.0,1.0,23.0,B01
201800038774,0.0,7,0,0.0,2.0,1.0,0.0,A01
201800038774,0.0,32,0,0.0,0.0,4.0,1.0,B01
201800038775,2.0,7,0,0.0,2.0,1.0,1.0,A01
201800038775,0.0,1,0,0.0,2.0,7.0,15.0,B01
201800038776,1.0,7,0,0.0,2.0,7.0,16.0,A01
201800038776,1.0,2,0,0.0,2.0,8.0,18.0,B01
201800038777,0.0,10,0,0.0,2.0,1.0,2.0,A01
201800038777,0.0,7,0,0.0,2.0,4.0,0.0,B01
201800038778,0.0,34,0,0.0,2.0,7.0,1.0,B01
201800038778,1.0,7,0,0.0,2.0,3.0,14.0,A01
201800038779,0.0,7,0,0.0,2.0,2.0,1.0,A01
201800038779,0.0,33,0,0.0,2.0,3.0,15.0,B01
201800038780,0.0,7,0,0.0,2.0,1.0,0.0,A01
201800038780,0.0,7,0,0.0,0.0,4.0,1.0,B01
201800038781,1.0,33,0,0.0,2.0,1.0,1.0,A01
201800038781,2.0,7,0,0.0,2.0,5.0,1.0,B01
201800038782,2.0,30,0,0.0,1.0,1.0,0.0,A01
201800038783,2.0,7,0,0.0,1.0,1.0,16.0,A01
201800038784,0.0,30,0,0.0,2.0,1.0,2.0,A01
201800038784,0.0,7,0,0.0,2.0,4.0,2.0,B01
201800038785,2.0,7,0,0.0,2.0,3.0,10.0,A01
201800038785,2.0,31,0,0.0,2.0,1.0,17.0,B01
201800038786,0.0,33,0,0.0,0.0,7.0,16.0,A01
201800038787,2.0,20,0,0.0,2.0,3.0,15.0,A01
201800038787,0.0,99,0,0.0,2.0,8.0,19.0,B01
201800038788,1.0,2,0,0.0,2.0,1.0,0.0,A01
201800038788,1.0,7,0,0.0,2.0,6.0,0.0,B01
201800038789,1.0,7,0,0.0,2.0,8.0,13.0,A01
201800038789,1.0,34,0,0.0,2.0,1.0,0.0,B01
201800038790,1.0,33,0,0.0,1.0,1.0,0.0,A01
201800038791,1.0,7,0,11.0,0.0,2.0,0.0,A01
201800038792,1.0,7,0,0.0,1.0,3.0,1.0,A01
201800038793,1.0,30,0,0.0,2.0,5.0,1.0,A01
201800038793,2.0,7,0,0.0,2.0,1.0,9.0,B01
201800038794,1.0,33,0,0.0,2.0,6.0,15.0,A01
201800038794,1.0,7,0,0.0,2.0,1.0,1.0,B01
201800038795,1.0,7,0,0.0,1.0,2.0,1.0,A01
201800038796,2.0,7,0,0.0,2.0,6.0,15.0,A01
201800038796,2.0,30,0,0.0,2.0,1.0,17.0,B01
201800038797,2.0,7,0,0.0,2.0,1.0,2.0,A01
201800038797,2.0,7,0,0.0,2.0,4.0,23.0,B01
201800038798,2.0,32,0,0.0,2.0,1.0,1.0,A01
201800038798,2.0,7,0,0.0,2.0,2.0,9.0,B01
201800038799,1.0,30,0,0.0,2.0,7.0,1.0,A01
201800038799,1.0,7,0,0.0,2.0,3.0,9.0,B01
201800038800,1.0,7,0,0.0,1.0,1.0,17.0,A01
201800038801,1.0,32,0,0.0,2.0,4.0,23.0,A01
201800038801,1.0,7,0,0.0,2.0,1.0,2.0,B01
201800038802,1.0,7,0,0.0,2.0,3.0,19.0,B01
201800038802,2.0,7,0,0.0,2.0,2.0,19.0,A01
201800038803,1.0,30,0,0.0,2.0,1.0,1.0,A01
201800038803,2.0,7,0,0.0,2.0,6.0,15.0,B01
201800038804,2.0,10,0,0.0,2.0,1.0,1.0,A01
201800038804,2.0,10,0,0.0,2.0,8.0,15.0,B01
201800038805,2.0,7,0,1.0,0.0,1.0,16.0,A01
201800038806,2.0,7,0,0.0,2.0,4.0,2.0,A01
201800038806,2.0,33,0,0.0,2.0,1.0,2.0,B01
201800038807,2.0,33,0,0.0,2.0,1.0,1.0,A01
201800038807,2.0,7,0,0.0,2.0,3.0,1.0,B01
201800038808,1.0,32,0,0.0,2.0,7.0,1.0,B01
201800038808,2.0,7,0,0.0,2.0,1.0,15.0,A01
201800038809,2.0,37,0,0.0,1.0,7.0,1.0,A01
201800038810,2.0,30,0,1.0,0.0,1.0,1.0,A01
201800038811,2.0,10,0,1.0,0.0,1.0,1.0,A01
201800038812,1.0,7,0,16.0,2.0,3.0,1.0,A01
201800038812,2.0,7,0,0.0,2.0,3.0,13.0,B01
201800038813,1.0,7,0,2.0,0.0,1.0,1.0,A01
201800038814,2.0,30,0,0.0,2.0,3.0,17.0,A01
201800038814,2.0,37,0,0.0,2.0,8.0,23.0,B01
201800038814,1.0,7,0,0.0,2.0,3.0,1.0,C01
201800038815,1.0,7,0,6.0,2.0,1.0,16.0,A01
201800038815,1.0,7,0,0.0,2.0,3.0,1.0,B01
201800038816,2.0,1,0,0.0,2.0,8.0,1.0,B01
201800038816,2.0,38,0,0.0,2.0,5.0,1.0,A01
201800038817,1.0,30,0,0.0,1.0,2.0,1.0,A01
201800038818,1.0,7,0,0.0,2.0,2.0,15.0,A01
201800038818,2.0,31,0,0.0,2.0,1.0,1.0,B01
201800038819,2.0,7,0,0.0,1.0,2.0,1.0,A01
201800038820,1.0,7,0,0.0,2.0,8.0,10.0,A01
201800038820,1.0,31,0,0.0,2.0,1.0,1.0,B01
201800038821,1.0,32,0,0.0,2.0,1.0,2.0,A01
201800038821,1.0,7,0,0.0,2.0,4.0,2.0,B01
201800038822,1.0,7,0,0.0,2.0,1.0,2.0,A01
201800038822,1.0,7,0,0.0,2.0,4.0,23.0,B01
201800038823,1.0,10,0,0.0,2.0,1.0,2.0,A01
201800038823,1.0,7,0,0.0,2.0,4.0,2.0,B01
201800038823,1.0,7,0,0.0,2.0,4.0,2.0,C01
201800038824,2.0,1,0,0.0,2.0,3.0,15.0,B01
201800038824,2.0,7,0,0.0,2.0,1.0,17.0,A01
201800038825,1.0,30,0,0.0,1.0,2.0,1.0,A01
201800038826,2.0,1,0,0.0,2.0,1.0,19.0,A01
201800038826,2.0,7,0,0.0,2.0,2.0,1.0,B01
201800038827,1.0,30,0,0.0,1.0,1.0,1.0,A01
201800038828,2.0,10,0,0.0,2.0,1.0,2.0,A01
201800038828,2.0,7,0,0.0,2.0,4.0,2.0,B01
201800038829,1.0,7,0,6.0,0.0,1.0,1.0,A01
201800038830,2.0,7,0,0.0,2.0,1.0,9.0,A01
201800038830,2.0,7,0,0.0,2.0,2.0,1.0,B01
201800038831,2.0,7,0,0.0,1.0,1.0,1.0,A01
201800038832,1.0,32,0,0.0,2.0,1.0,1.0,A01
201800038832,2.0,10,0,0.0,2.0,6.0,10.0,B01
201800038833,1.0,7,0,0.0,2.0,8.0,17.0,A01
201800038833,1.0,7,0,9.0,2.0,3.0,1.0,B01
201800038833,2.0,7,0,0.0,2.0,3.0,5.0,C01
201800038834,2.0,7,0,0.0,1.0,1.0,1.0,A01
201800038835,1.0,32,0,0.0,2.0,8.0,15.0,B01
201800038835,2.0,16,0,0.0,2.0,1.0,16.0,A01
201800038836,2.0,16,0,0.0,2.0,1.0,17.0,B01
201800038836,2.0,32,0,0.0,2.0,3.0,1.0,A01
201800038837,1.0,33,0,0.0,2.0,8.0,19.0,A01
201800038837,1.0,33,0,0.0,2.0,1.0,1.0,B01
201800038838,0.0,1,0,0.0,2.0,1.0,1.0,B01
201800038838,2.0,7,0,0.0,2.0,5.0,16.0,A01
201800038839,1.0,7,0,1.0,0.0,6.0,20.0,A01
201800038840,2.0,33,0,12.0,0.0,0.0,1.0,A01
201800038841,1.0,7,0,0.0,2.0,3.0,9.0,A01
201800038841,1.0,33,0,0.0,2.0,1.0,1.0,B01
201800038842,2.0,2,0,0.0,2.0,8.0,1.0,A01
201800038842,2.0,7,0,0.0,2.0,7.0,17.0,Z01
201800038843,1.0,7,0,9.0,2.0,1.0,1.0,A01
201800038843,2.0,7,0,0.0,2.0,7.0,15.0,B01
201800038844,2.0,7,0,0.0,1.0,1.0,15.0,A01
201800038845,1.0,7,0,0.0,2.0,7.0,15.0,A01
201800038845,2.0,1,0,0.0,2.0,1.0,1.0,B01
201800038846,1.0,7,0,0.0,2.0,7.0,10.0,A01
201800038846,1.0,33,0,0.0,2.0,1.0,1.0,B01
201800038847,2.0,7,0,0.0,1.0,1.0,1.0,A01
201800038848,2.0,7,0,0.0,2.0,8.0,15.0,A01
201800038848,2.0,33,0,0.0,2.0,2.0,17.0,B01
201800038849,1.0,7,0,0.0,1.0,1.0,1.0,A01
201800038850,2.0,33,0,0.0,2.0,1.0,2.0,A01
201800038850,2.0,7,0,0.0,2.0,4.0,2.0,B01
201800038851,1.0,32,0,0.0,2.0,1.0,1.0,A01
201800038851,2.0,7,0,0.0,2.0,3.0,15.0,B01
201800038852,2.0,30,0,0.0,2.0,1.0,2.0,A01
201800038852,2.0,7,0,0.0,2.0,4.0,2.0,B01
201800038853,1.0,7,0,0.0,2.0,7.0,22.0,A01
201800038853,1.0,1,0,0.0,2.0,1.0,18.0,B01
201800038854,1.0,7,0,0.0,2.0,1.0,1.0,B01
201800038854,1.0,33,0,0.0,2.0,8.0,1.0,A01
201800038855,1.0,30,0,0.0,2.0,7.0,1.0,A01
201800038855,1.0,30,0,0.0,2.0,1.0,15.0,Z01
201800038856,1.0,30,0,0.0,1.0,3.0,1.0,A01
201800038857,2.0,7,0,0.0,2.0,3.0,1.0,B01
201800038857,0.0,7,0,0.0,2.0,2.0,1.0,A01
201800038858,1.0,10,0,0.0,1.0,8.0,1.0,A01
201800038859,1.0,7,0,0.0,2.0,3.0,15.0,A01
201800038859,1.0,33,0,0.0,2.0,7.0,17.0,B01
201800038860,1.0,7,0,0.0,2.0,8.0,1.0,A01
201800038860,1.0,33,0,0.0,2.0,8.0,17.0,B01
201800038861,0.0,10,0,0.0,2.0,7.0,24.0,A01
201800038861,2.0,7,0,1.0,2.0,4.0,16.0,B01
201800038861,2.0,10,0,0.0,2.0,1.0,2.0,C01
201800038862,2.0,33,0,0.0,2.0,7.0,1.0,A01
201800038862,1.0,7,0,0.0,2.0,1.0,9.0,B01
201800038863,2.0,34,0,0.0,2.0,4.0,1.0,A01
201800038863,2.0,7,0,0.0,2.0,0.0,2.0,Z01
201800038864,2.0,31,0,0.0,2.0,7.0,1.0,A01
201800038864,2.0,7,0,0.0,2.0,8.0,9.0,B01
201800038865,2.0,14,0,1.0,0.0,2.0,9.0,A01
201800038865,2.0,10,0,0.0,2.0,6.0,24.0,B01
201800038866,1.0,30,0,0.0,2.0,1.0,1.0,A01
201800038866,1.0,7,0,0.0,2.0,3.0,1.0,B01
201800038867,2.0,3,0,2.0,0.0,1.0,1.0,A01
201800038868,2.0,7,0,0.0,2.0,1.0,2.0,A01
201800038868,2.0,7,0,0.0,2.0,4.0,2.0,B01