Num_Acc,senc,catv,occutc,obs,obsm,choc,manv,num_veh
201800039132,1.0,7,0,0.0,2.0,2.0,15.0,B01
201800039133,1.0,33,0,0.0,2.0,1.0,17.0,B01
201800039133,2.0,7,0,0.0,2.0,3.0,15.0,A01
201800039134,1.0,7,0,0.0,1.0,1.0,16.0,A01
201800039135,1.0,34,0,0.0,2.0,1.0,1.0,A01
201800039135,0.0,7,0,0.0,2.0,8.0,15.0,B01
201800039136,1.0,7,0,0.0,2.0,3.0,15.0,A01
201800039136,1.0,33,0,0.0,2.0,5.0,17.0,B01
201800039137,1.0,30,0,12.0,0.0,3.0,21.0,A01
201800039138,1.0,1,0,0.0,1.0,1.0,1.0,A01
201800039139,1.0,7,0,0.0,2.0,2.0,15.0,A01
201800039139,1.0,33,0,0.0,2.0,1.0,1.0,B01
201800039140,1.0,34,0,0.0,0.0,0.0,21.0,A01
201800039140,1.0,1,0,0.0,0.0,0.0,9.0,B01
201800039141,1.0,7,0,0.0,2.0,1.0,2.0,A01
201800039141,2.0,7,0,0.0,2.0,4.0,23.0,B01
201800039141,1.0,7,0,0.0,2.0,4.0,23.0,C01
201800039142,1.0,7,0,0.0,2.0,3.0,1.0,B01
201800039142,1.0,1,0,0.0,2.0,7.0,1.0,A01
201800039143,1.0,7,0,0.0,2.0,5.0,4.0,A01
201800039143,1.0,1,0,0.0,2.0,1.0,1.0,B01
201800039144,1.0,7,0,0.0,2.0,1.0,1.0,A01
201800039145,1.0,1,0,1.0,0.0,1.0,1.0,A01
201800039146,2.0,30,0,0.0,2.0,1.0,1.0,A01
201800039146,0.0,7,0,0.0,2.0,4.0,1.0,B01
201800039147,1.0,7,0,8.0,0.0,1.0,1.0,A01
201800039148,1.0,7,0,0.0,2.0,7.0,1.0,A01
201800039148,1.0,7,0,0.0,2.0,1.0,1.0,B01
201800039149,1.0,7,0,0.0,2.0,3.0,15.0,A01
201800039149,1.0,33,0,0.0,2.0,2.0,1.0,B01
201800039150,2.0,1,0,0.0,2.0,1.0,1.0,B01
201800039150,1.0,7,0,0.0,2.0,3.0,1.0,A01
201800039151,1.0,1,0,0.0,2.0,1.0,1.0,B01
201800039151,1.0,7,0,0.0,2.0,3.0,1.0,A01
201800039152,1.0,10,0,0.0,2.0,2.0,16.0,B01
201800039152,1.0,30,0,0.0,2.0,1.0,8.0,A01
201800039153,1.0,7,0,0.0,2.0,8.0,9.0,A01
201800039153,1.0,7,0,0.0,2.0,2.0,1.0,B01
201800039154,1.0,7,0,0.0,1.0,3.0,1.0,A01
201800039155,1.0,7,0,0.0,2.0,5.0,1.0,A01
201800039155,1.0,34,0,0.0,2.0,1.0,1.0,B01
201800039156,1.0,1,0,0.0,0.0,0.0,1.0,A01
201800039157,1.0,32,0,0.0,1.0,1.0,1.0,B01
201800039158,2.0,7,0,0.0,2.0,1.0,15.0,A01
201800039158,1.0,33,0,0.0,2.0,1.0,1.0,B01
201800039158,0.0,7,0,0.0,6.0,3.0,23.0,C01
201800039159,0.0,1,0,0.0,2.0,8.0,19.0,A01
201800039159,1.0,34,0,0.0,2.0,1.0,1.0,B01
201800039160,1.0,7,0,0.0,2.0,3.0,15.0,A01
201800039160,1.0,1,0,0.0,2.0,1.0,1.0,B01
201800039161,1.0,7,0,0.0,6.0,1.0,15.0,A01
201800039161,0.0,1,0,0.0,2.0,8.0,0.0,B01
201800039162,2.0,7,0,0.0,2.0,1.0,1.0,A01
201800039162,0.0,37,1,0.0,2.0,4.0,23.0,B01
201800039163,1.0,99,0,0.0,0.0,1.0,1.0,A01
201800039164,1.0,31,0,8.0,2.0,3.0,7.0,A01
201800039164,1.0,7,0,0.0,2.0,1.0,16.0,B01
201800039165,0.0,7,0,0.0,2.0,2.0,15.0,B01
201800039165,0.0,33,0,0.0,2.0,1.0,1.0,A01
201800039166,1.0,7,0,0.0,2.0,8.0,20.0,A01
201800039166,2.0,32,0,0.0,2.0,1.0,1.0,B01
201800039167,2.0,7,0,0.0,1.0,2.0,1.0,A01
201800039168,0.0,7,0,0.0,1.0,1.0,1.0,A01
201800039169,0.0,1,0,0.0,2.0,1.0,1.0,B01
201800039169,1.0,7,0,0.0,2.0,2.0,15.0,A01
201800039170,1.0,7,0,0.0,1.0,1.0,1.0,A01
201800039171,1.0,7,0,0.0,1.0,7.0,1.0,A01
201800039172,2.0,7,0,0.0,1.0,1.0,1.0,A01
201800039173,,7,0,,,,,A01
201800039173,,1,0,,,,,B01
201800039174,0.0,1,0,0.0,2.0,1.0,1.0,B01
201800039174,0.0,7,0,0.0,2.0,7.0,1.0,A01
201800039175,1.0,7,0,0.0,2.0,6.0,16.0,A01
201800039175,1.0,33,0,0.0,2.0,1.0,1.0,B01
201800039176,0.0,7,0,0.0,2.0,7.0,23.0,A01
201800039176,0.0,31,0,1.0,0.0,8.0,18.0,B01
201800039177,1.0,7,0,0.0,2.0,2.0,1.0,A01
201800039177,1.0,7,0,0.0,2.0,1.0,1.0,B01
201800039178,2.0,7,0,0.0,1.0,3.0,15.0,A01
201800039179,2.0,10,0,0.0,2.0,3.0,2.0,A01
201800039179,2.0,10,0,0.0,2.0,5.0,0.0,B01
201800039180,1.0,7,0,0.0,2.0,1.0,9.0,B01
201800039180,2.0,7,0,0.0,2.0,8.0,9.0,A01
201800039181,1.0,7,0,0.0,2.0,7.0,9.0,A01
201800039181,1.0,7,0,0.0,2.0,1.0,1.0,B01
201800039181,1.0,7,0,0.0,2.0,4.0,1.0,C01
201800039182,2.0,7,0,0.0,2.0,3.0,9.0,A01
201800039182,2.0,31,0,0.0,2.0,1.0,19.0,B01
201800039183,1.0,7,0,0.0,1.0,1.0,1.0,A01
201800039184,1.0,7,0,0.0,2.0,1.0,21.0,A01
201800039184,1.0,7,0,0.0,2.0,4.0,23.0,B01
201800039184,1.0,7,0,0.0,2.0,4.0,23.0,C01
201800039185,1.0,34,0,0.0,2.0,0.0,0.0,A01
201800039185,1.0,7,0,0.0,2.0,0.0,0.0,B01
201800039185,1.0,7,0,0.0,2.0,8.0,0.0,C01
201800039186,0.0,7,0,0.0,2.0,5.0,15.0,A01
201800039186,0.0,33,0,0.0,2.0,1.0,1.0,B01
201800039187,1.0,7,0,0.0,1.0,1.0,0.0,A01
201800039188,1.0,34,0,0.0,2.0,7.0,1.0,A01
201800039188,1.0,7,0,0.0,2.0,1.0,1.0,B01
201800039188,1.0,7,0,0.0,2.0,3.0,1.0,C01
201800039189,1.0,3,0,0.0,0.0,9.0,15.0,A01
201800039190,1.0,10,0,0.0,2.0,3.0,1.0,A01
201800039190,1.0,32,0,0.0,2.0,1.0,3.0,B01
201800039191,1.0,7,0,0.0,1.0,1.0,1.0,A01
201800039192,1.0,30,0,0.0,2.0,2.0,21.0,A01
201800039192,1.0,7,0,0.0,2.0,6.0,23.0,B01
201800039192,1.0,7,0,0.0,2.0,6.0,23.0,C01
201800039193,1.0,7,0,0.0,9.0,1.0,0.0,A01
201800039193,1.0,1,0,0.0,9.0,7.0,19.0,B01
201800039194,1.0,31,0,0.0,2.0,1.0,1.0,A01
201800039194,1.0,7,0,0.0,2.0,5.0,16.0,B01
201800039195,1.0,7,0,0.0,2.0,7.0,15.0,A01
201800039195,2.0,7,0,0.0,2.0,1.0,9.0,B01
201800039196,2.0,7,0,0.0,2.0,2.0,15.0,A01
201800039196,2.0,31,0,0.0,2.0,1.0,21.0,B01
201800039197,0.0,31,0,0.0,0.0,7.0,16.0,A01
201800039198,1.0,32,0,15.0,0.0,2.0,18.0,A01
201800039199,1.0,7,0,0.0,2.0,3.0,1.0,B01
201800039199,1.0,34,0,0.0,2.0,7.0,0.0,A01
201800039200,1.0,33,0,0.0,2.0,1.0,1.0,B01
201800039200,1.0,7,0,0.0,2.0,2.0,16.0,A01
201800039201,1.0,10,0,0.0,2.0,1.0,0.0,A01
201800039201,1.0,30,0,0.0,2.0,7.0,2.0,B01
201800039202,1.0,7,0,0.0,2.0,5.0,23.0,A01
201800039202,1.0,7,0,1.0,2.0,3.0,9.0,B01
201800039203,1.0,7,0,0.0,1.0,1.0,1.0,A01
201800039204,1.0,7,0,0.0,2.0,2.0,16.0,A01
201800039204,1.0,33,0,0.0,2.0,2.0,0.0,B01
201800039205,0.0,7,0,0.0,2.0,1.0,9.0,A01
201800039205,1.0,7,0,0.0,2.0,2.0,1.0,B01
201800039206,0.0,7,0,0.0,1.0,1.0,1.0,A01
201800039207,1.0,7,0,0.0,1.0,2.0,1.0,A01
201800039208,1.0,7,0,0.0,2.0,3.0,1.0,A01
201800039208,1.0,7,0,0.0,2.0,0.0,0.0,B01
201800039209,2.0,10,0,0.0,1.0,6.0,4.0,A01
201800039210,1.0,7,0,0.0,1.0,1.0,0.0,A01
201800039211,2.0,7,0,0.0,1.0,3.0,1.0,A01
201800039212,2.0,7,0,0.0,2.0,3.0,20.0,A01
201800039212,2.0,34,0,0.0,2.0,2.0,1.0,B01
201800039213,1.0,7,0,0.0,1.0,3.0,1.0,A01
201800039214,1.0,7,0,0.0,2.0,1.0,1.0,A01
201800039214,1.0,7,0,16.0,2.0,4.0,9.0,B01
201800039214,1.0,7,0,0.0,2.0,1.0,1.0,C01
201800039215,1.0,7,0,0.0,1.0,2.0,1.0,A01
201800039216,2.0,34,0,0.0,2.0,2.0,17.0,A01
201800039216,2.0,10,0,0.0,2.0,3.0,11.0,B01
201800039217,1.0,7,0,0.0,1.0,2.0,1.0,A01
201800039218,2.0,7,0,0.0,1.0,3.0,2.0,A01
201800039219,1.0,7,0,0.0,1.0,2.0,19.0,Z01
201800039220,1.0,7,0,0.0,2.0,0.0,9.0,Z01
201800039220,2.0,7,0,0.0,2.0,3.0,21.0,A01
201800039221,2.0,7,0,0.0,1.0,1.0,1.0,A01
201800039222,1.0,7,0,0.0,2.0,1.0,16.0,A01
201800039222,1.0,1,0,0.0,2.0,7.0,15.0,B01
201800039223,1.0,7,0,0.0,1.0,0.0,0.0,A01
201800039224,2.0,7,0,0.0,1.0,6.0,15.0,Z01
201800039225,1.0,7,0,0.0,2.0,3.0,15.0,A01
201800039225,2.0,31,0,0.0,2.0,3.0,2.0,B01
201800039226,1.0,7,0,0.0,1.0,3.0,7.0,A01
201800039227,1.0,7,0,0.0,1.0,2.0,1.0,A01
201800039228,1.0,10,0,0.0,2.0,1.0,15.0,B01
201800039228,2.0,7,0,0.0,2.0,5.0,15.0,A01
201800039229,2.0,1,0,0.0,2.0,1.0,1.0,B01
201800039229,1.0,7,0,0.0,2.0,2.0,16.0,A01
201800039230,1.0,37,0,0.0,2.0,8.0,13.0,A01
201800039230,1.0,37,0,0.0,2.0,7.0,17.0,B01
201800039231,1.0,7,0,0.0,2.0,8.0,10.0,A01
201800039231,1.0,10,0,0.0,2.0,2.0,19.0,B01
201800039232,1.0,33,0,0.0,2.0,3.0,1.0,B01
201800039232,2.0,7,0,0.0,2.0,3.0,10.0,A01
201800039233,0.0,99,0,0.0,2.0,0.0,0.0,R01
201800039233,1.0,7,0,0.0,2.0,1.0,9.0,A01
201800039234,2.0,7,0,0.0,1.0,1.0,21.0,A01
201800039235,1.0,31,0,0.0,2.0,2.0,19.0,B01
201800039235,1.0,7,0,0.0,2.0,1.0,15.0,Z01
201800039236,1.0,7,0,0.0,1.0,1.0,2.0,A01
201800039237,1.0,10,0,0.0,2.0,2.0,15.0,A01
201800039237,2.0,33,0,0.0,2.0,2.0,1.0,B01
201800039238,1.0,7,0,0.0,1.0,4.0,24.0,A01
201800039239,2.0,10,0,0.0,2.0,1.0,1.0,A01
201800039239,2.0,7,0,0.0,2.0,4.0,1.0,B01
201800039239,2.0,7,0,0.0,2.0,4.0,1.0,C01
201800039239,2.0,7,0,0.0,2.0,4.0,1.0,D01
201800039240,2.0,34,0,0.0,2.0,1.0,2.0,B01
201800039240,2.0,7,0,0.0,2.0,5.0,23.0,A01
201800039241,1.0,7,0,0.0,1.0,1.0,1.0,A01
201800039242,2.0,7,0,0.0,2.0,3.0,2.0,B01
201800039242,1.0,7,0,0.0,2.0,3.0,15.0,A01
201800039243,2.0,7,0,0.0,1.0,2.0,1.0,A01
201800039244,1.0,1,0,0.0,2.0,7.0,1.0,A01
201800039244,1.0,7,0,0.0,2.0,1.0,1.0,B01
201800039245,1.0,7,0,0.0,1.0,2.0,1.0,A01
201800039246,2.0,7,0,0.0,1.0,3.0,9.0,A01
201800039247,2.0,37,1,0.0,1.0,3.0,1.0,A01
201800039248,2.0,34,0,0.0,1.0,1.0,1.0,A01
201800039249,1.0,7,0,0.0,2.0,3.0,9.0,B01
201800039249,2.0,7,0,0.0,2.0,2.0,19.0,A01
201800039250,1.0,33,0,15.0,2.0,3.0,18.0,A01
201800039250,2.0,7,0,0.0,2.0,2.0,16.0,B01
201800039251,2.0,7,0,0.0,2.0,6.0,1.0,A01
201800039251,2.0,31,0,0.0,2.0,2.0,17.0,B01
201800039252,2.0,7,0,0.0,1.0,4.0,9.0,A01
201800039253,1.0,7,0,1.0,0.0,8.0,22.0,A01
201800039253,2.0,7,0,1.0,0.0,2.0,1.0,B01
201800039253,0.0,7,0,0.0,2.0,4.0,24.0,C01
201800039254,2.0,7,0,1.0,0.0,2.0,14.0,A01
201800039255,1.0,7,0,0.0,1.0,1.0,0.0,A01
201800039256,1.0,10,0,0.0,1.0,6.0,4.0,A01
201800039257,1.0,7,0,0.0,2.0,4.0,1.0,C01
201800039257,1.0,33,0,0.0,2.0,1.0,13.0,A01
201800039257,1.0,33,0,0.0,2.0,4.0,1.0,B01
201800039258,2.0,7,0,0.0,2.0,5.0,15.0,A01
201800039258,2.0,31,0,0.0,2.0,1.0,21.0,B01
201800039259,2.0,7,0,0.0,2.0,3.0,1.0,A01
201800039259,2.0,7,0,0.0,2.0,7.0,20.0,B01
201800039260,1.0,7,0,1.0,0.0,1.0,22.0,A01
201800039261,2.0,7,0,0.0,2.0,2.0,17.0,A01
201800039261,2.0,2,0,0.0,2.0,1.0,15.0,B01
201800039262,2.0,31,0,0.0,2.0,3.0,13.0,B01
201800039262,1.0,7,0,0.0,2.0,5.0,9.0,A01
201800039263,2.0,7,0,0.0,1.0,3.0,2.0,A01
201800039264,2.0,7,0,0.0,1.0,1.0,0.0,A01
201800039265,1.0,7,0,0.0,2.0,0.0,0.0,Z01
201800039265,2.0,1,0,0.0,2.0,7.0,0.0,A01
201800039266,2.0,7,0,0.0,1.0,2.0,16.0,A01
201800039267,2.0,1,0,0.0,2.0,8.0,1.0,B01
201800039267,1.0,10,0,0.0,2.0,7.0,15.0,A01
201800039268,1.0,34,0,0.0,2.0,1.0,1.0,B01
201800039268,1.0,7,0,0.0,2.0,5.0,1.0,A01
201800039269,2.0,31,0,0.0,1.0,1.0,21.0,A01
201800039270,1.0,14,0,0.0,2.0,7.0,9.0,A01
201800039270,1.0,99,0,0.0,2.0,0.0,18.0,B01
201800039271,1.0,7,0,0.0,2.0,3.0,11.0,A01
201800039271,1.0,34,0,0.0,2.0,2.0,1.0,B01
201800039272,1.0,7,0,0.0,1.0,1.0,1.0,A01
201800039273,2.0,7,0,0.0,1.0,7.0,16.0,A01
201800039274,1.0,37,0,0.0,2.0,2.0,2.0,A01
201800039274,1.0,7,0,0.0,2.0,5.0,2.0,B01
201800039275,2.0,7,0,0.0,2.0,5.0,23.0,A01
201800039275,1.0,7,0,0.0,2.0,0.0,10.0,Z01
201800039276,1.0,7,0,0.0,2.0,3.0,1.0,B01
201800039276,2.0,7,0,0.0,2.0,2.0,15.0,A01
201800039277,1.0,7,0,0.0,2.0,3.0,9.0,A01
201800039277,2.0,31,0,0.0,2.0,1.0,17.0,B01
201800039278,2.0,13,0,0.0,2.0,4.0,2.0,B01
201800039278,2.0,20,0,0.0,2.0,1.0,2.0,A01
201800039279,1.0,20,0,0.0,1.0,1.0,1.0,A01
201800039280,1.0,7,0,0.0,1.0,6.0,20.0,A01
201800039281,2.0,7,0,0.0,2.0,3.0,8.0,A01
201800039281,1.0,33,0,0.0,2.0,5.0,0.0,B01
201800039281,1.0,31,0,0.0,2.0,0.0,0.0,C01
201800039282,2.0,33,0,0.0,1.0,1.0,1.0,A01
201800039283,1.0,99,0,0.0,0.0,0.0,0.0,B01
201800039283,1.0,1,0,0.0,2.0,1.0,1.0,A01
201800039284,2.0,30,0,0.0,2.0,6.0,1.0,B01
201800039284,1.0,7,0,0.0,2.0,1.0,15.0,A01
201800039285,,34,0,,,,,B01
201800039285,2.0,7,0,0.0,2.0,1.0,0.0,A01
201800039286,2.0,38,1,0.0,0.0,0.0,10.0,A01
201800039287,0.0,7,0,0.0,2.0,1.0,0.0,C01
201800039287,0.0,7,0,0.0,2.0,1.0,0.0,A01
201800039287,0.0,34,0,0.0,2.0,7.0,0.0,B01
201800039288,1.0,33,0,0.0,2.0,1.0,1.0,A01
201800039288,2.0,1,0,0.0,2.0,3.0,9.0,B01
201800039289,1.0,32,0,0.0,2.0,6.0,0.0,A01
201800039289,1.0,2,0,0.0,2.0,0.0,0.0,Z01
201800039290,1.0,7,0,0.0,1.0,2.0,1.0,A01
201800039291,2.0,13,0,0.0,1.0,2.0,16.0,A01
201800039292,2.0,33,0,0.0,2.0,1.0,18.0,B01
201800039292,2.0,7,0,0.0,2.0,2.0,16.0,A01
201800039293,1.0,31,0,0.0,1.0,7.0,2.0,A01
201800039294,1.0,31,0,0.0,2.0,3.0,0.0,A01
201800039294,2.0,7,0,0.0,2.0,5.0,15.0,B01
201800039295,2.0,2,0,0.0,2.0,3.0,3.0,B01
201800039295,2.0,10,0,0.0,2.0,2.0,12.0,A01
201800039296,0.0,33,0,0.0,2.0,1.0,0.0,B01
201800039296,0.0,7,0,0.0,2.0,7.0,15.0,A01
201800039297,1.0,7,0,0.0,1.0,1.0,2.0,A01
201800039298,2.0,7,0,0.0,2.0,1.0,0.0,Z01
201800039298,2.0,7,0,0.0,2.0,4.0,0.0,A01
201800039299,2.0,7,0,0.0,2.0,6.0,13.0,A01
201800039299,2.0,33,0,8.0,2.0,1.0,1.0,B01
201800039300,1.0,7,0,0.0,1.0,1.0,1.0,A01
201800039301,1.0,10,0,0.0,1.0,3.0,1.0,A01
201800039302,1.0,34,0,0.0,1.0,8.0,1.0,A01
201800039303,2.0,7,0,0.0,2.0,3.0,0.0,A01
201800039303,2.0,33,0,0.0,2.0,1.0,1.0,B01
201800039304,0.0,7,0,15.0,1.0,5.0,0.0,A01
201800039305,0.0,15,0,0.0,1.0,1.0,9.0,A01
201800039306,1.0,33,0,1.0,0.0,7.0,2.0,B01
201800039306,1.0,7,0,0.0,2.0,6.0,22.0,A01
201800039307,1.0,10,0,0.0,1.0,3.0,1.0,A01
201800039308,1.0,7,0,0.0,2.0,8.0,1.0,C01
201800039308,2.0,33,0,0.0,2.0,3.0,3.0,A01
201800039308,2.0,10,0,0.0,2.0,3.0,1.0,B01
201800039309,2.0,34,0,0.0,2.0,3.0,1.0,B01
201800039309,1.0,10,0,0.0,2.0,3.0,15.0,A01
201800039310,1.0,7,0,0.0,1.0,5.0,14.0,A01
201800039311,1.0,7,0,0.0,2.0,1.0,15.0,A01
201800039311,2.0,31,0,0.0,2.0,1.0,9.0,C01
201800039311,,33,0,,,,,B01
201800039312,1.0,7,0,1.0,0.0,5.0,22.0,A01
201800039312,1.0,31,0,1.0,0.0,1.0,21.0,B01
201800039313,1.0,10,0,1.0,6.0,5.0,22.0,A01
201800039313,1.0,99,0,1.0,6.0,2.0,3.0,B01
201800039314,2.0,7,0,0.0,1.0,1.0,1.0,A01
201800039315,2.0,30,0,0.0,1.0,1.0,0.0,A01
201800039316,2.0,30,0,0.0,2.0,7.0,3.0,A01
201800039316,1.0,10,0,0.0,2.0,1.0,0.0,B01
201800039317,2.0,32,0,0.0,2.0,7.0,17.0,A01
201800039317,1.0,10,0,0.0,2.0,2.0,15.0,B01
201800039318,1.0,10,0,0.0,2.0,1.0,2.0,A01
201800039318,1.0,32,0,0.0,2.0,7.0,17.0,B01
201800039319,1.0,7,0,0.0,2.0,2.0,19.0,A01
201800039319,1.0,2,0,0.0,2.0,6.0,18.0,B01
201800039320,1.0,2,0,0.0,2.0,7.0,1.0,B01
201800039320,1.0,7,0,0.0,2.0,3.0,9.0,A01
201800039321,1.0,7,0,0.0,1.0,2.0,17.0,A01
201800039322,2.0,7,0,0.0,1.0,1.0,0.0,A01
201800039323,2.0,32,0,0.0,0.0,8.0,0.0,A01
201800039324,2.0,10,0,0.0,1.0,1.0,15.0,A01
201800039325,2.0,31,0,0.0,1.0,1.0,1.0,A01
201800039326,2.0,34,0,1.0,1.0,1.0,1.0,A01
201800039327,2.0,7,0,0.0,2.0,6.0,2.0,B01
201800039327,2.0,7,0,0.0,2.0,1.0,9.0,A01
201800039328,1.0,3,0,0.0,2.0,1.0,0.0,B01
201800039328,1.0,3,0,0.0,2.0,4.0,23.0,A01
201800039329,1.0,10,0,0.0,2.0,1.0,2.0,A01
201800039329,1.0,10,0,0.0,2.0,4.0,2.0,B01
201800039330,1.0,7,0,0.0,2.0,4.0,23.0,C01
201800039330,1.0,7,0,0.0,2.0,1.0,0.0,A01
201800039330,1.0,7,0,0.0,2.0,4.0,23.0,B01
201800039331,2.0,7,0,0.0,2.0,1.0,1.0,C01
201800039331,1.0,7,0,,,,,B01
201800039331,2.0,7,0,0.0,2.0,0.0,1.0,A01
201800039332,2.0,10,0,0.0,1.0,1.0,0.0,A01
201800039333,1.0,1,0,0.0,0.0,7.0,13.0,B01
201800039333,1.0,31,0,0.0,0.0,8.0,18.0,A01
201800039334,1.0,7,0,0.0,1.0,1.0,1.0,A01
201800039335,1.0,31,0,0.0,2.0,0.0,13.0,A01
201800039335,2.0,7,0,0.0,2.0,2.0,1.0,B01
201800039336,2.0,33,0,0.0,2.0,1.0,9.0,B01
201800039336,1.0,7,0,0.0,2.0,5.0,9.0,A01
201800039337,1.0,7,0,0.0,2.0,4.0,23.0,A01
201800039337,1.0,7,0,0.0,2.0,1.0,2.0,B01
201800039338,2.0,10,0,0.0,2.0,3.0,13.0,A01
201800039338,2.0,7,0,0.0,2.0,2.0,21.0,B01
201800039339,1.0,7,0,0.0,2.0,1.0,1.0,A01
201800039339,2.0,7,0,0.0,2.0,1.0,0.0,B01
201800039340,1.0,7,0,0.0,2.0,6.0,23.0,A01
201800039340,1.0,7,0,0.0,2.0,0.0,23.0,Z01
201800039341,1.0,7,0,0.0,9.0,3.0,14.0,B01
201800039341,1.0,1,0,0.0,2.0,3.0,1.0,A01
201800039342,1.0,7,0,0.0,2.0,1.0,21.0,B01
201800039342,1.0,7,0,14.0,2.0,1.0,0.0,A01
201800039342,1.0,7,0,0.0,2.0,4.0,9.0,C01
201800039343,2.0,7,0,0.0,2.0,3.0,23.0,C01
201800039343,2.0,7,0,0.0,2.0,1.0,1.0,B01
201800039343,1.0,10,0,0.0,2.0,1.0,13.0,A01
201800039344,1.0,7,0,0.0,2.0,4.0,23.0,A01
201800039344,1.0,7,0,0.0,2.0,1.0,1.0,B01
201800039345,1.0,7,0,0.0,2.0,1.0,2.0,A01
201800039345,1.0,7,0,0.0,2.0,4.0,2.0,E01
201800039345,1.0,7,0,0.0,2.0,9.0,2.0,C01
201800039345,1.0,7,0,0.0,2.0,9.0,2.0,B01
201800039345,1.0,7,0,0.0,2.0,9.0,2.0,D01
201800039346,1.0,7,0,0.0,2.0,1.0,21.0,A01
201800039346,1.0,7,0,0.0,2.0,1.0,21.0,B01
201800039347,1.0,10,0,0.0,2.0,1.0,1.0,A01
201800039347,1.0,1,0,0.0,2.0,7.0,19.0,B01
201800039348,1.0,7,0,0.0,1.0,1.0,13.0,A01
201800039349,2.0,7,0,0.0,2.0,2.0,1.0,B01
201800039349,1.0,7,0,0.0,2.0,3.0,9.0,A01
201800039350,1.0,7,0,0.0,2.0,3.0,21.0,B01
201800039350,2.0,7,0,0.0,2.0,6.0,9.0,A01
201800039351,1.0,33,0,1.0,0.0,5.0,14.0,A01
201800039352,1.0,10,0,0.0,2.0,2.0,10.0,A01
201800039352,1.0,7,0,0.0,2.0,1.0,1.0,B01
201800039353,2.0,7,0,0.0,2.0,3.0,13.0,B01
201800039353,2.0,33,0,0.0,2.0,8.0,17.0,A01
201800039354,2.0,31,0,0.0,2.0,1.0,17.0,B01
201800039354,2.0,7,0,0.0,2.0,6.0,11.0,A01
201800039355,1.0,7,0,0.0,2.0,1.0,1.0,A01
201800039355,1.0,7,0,0.0,2.0,7.0,1.0,B01
201800039356,1.0,7,0,0.0,2.0,1.0,9.0,A01
201800039356,1.0,7,0,14.0,0.0,4.0,9.0,B01
201800039357,1.0,7,0,0.0,1.0,1.0,9.0,A01
201800039358,2.0,99,0,0.0,2.0,1.0,19.0,B01
201800039358,1.0,7,0,0.0,2.0,8.0,19.0,A01
201800039359,1.0,7,0,0.0,2.0,6.0,16.0,A01
201800039359,1.0,16,0,0.0,2.0,2.0,12.0,B01
201800039360,0.0,99,0,0.0,2.0,0.0,0.0,R01
201800039360,1.0,7,0,0.0,2.0,1.0,2.0,A01
201800039361,1.0,10,0,1.0,2.0,2.0,1.0,A01
201800039362,1.0,7,0,0.0,2.0,2.0,21.0,B01
201800039362,1.0,7,0,0.0,2.0,1.0,21.0,A01
201800039363,1.0,1,0,0.0,2.0,0.0,21.0,A01
201800039363,1.0,7,0,0.0,2.0,0.0,21.0,Z01
201800039364,1.0,7,0,0.0,2.0,0.0,0.0,Z01
201800039364,1.0,3,0,0.0,2.0,2.0,21.0,A01
201800039365,1.0,7,0,0.0,1.0,2.0,9.0,A01
201800039366,1.0,7,0,0.0,1.0,1.0,19.0,A01
201800039367,1.0,7,0,0.0,1.0,2.0,13.0,A01
201800039368,1.0,13,0,0.0,2.0,1.0,15.0,B01
201800039368,1.0,7,0,0.0,2.0,1.0,15.0,A01
201800039369,2.0,7,0,0.0,1.0,0.0,19.0,A01
201800039370,1.0,7,0,0.0,1.0,1.0,19.0,A01
201800039371,1.0,7,0,15.0,0.0,1.0,2.0,A01
201800039372,2.0,7,0,2.0,0.0,1.0,1.0,Z01
201800039373,1.0,7,0,0.0,2.0,8.0,9.0,A01
201800039373,1.0,7,0,0.0,2.0,2.0,9.0,B01
201800039374,1.0,7,0,1.0,2.0,2.0,9.0,A01
201800039375,1.0,31,0,0.0,1.0,1.0,19.0,Z01
201800039376,1.0,7,0,0.0,1.0,1.0,9.0,A01
201800039377,1.0,1,0,0.0,2.0,0.0,9.0,B01
201800039377,1.0,7,0,0.0,9.0,2.0,2.0,A01
201800039378,1.0,7,0,0.0,2.0,5.0,21.0,B01
201800039378,1.0,7,0,0.0,2.0,1.0,9.0,A01
201800039379,1.0,7,0,0.0,2.0,1.0,1.0,A01
201800039379,1.0,7,0,0.0,1.0,5.0,1.0,B01
201800039380,1.0,7,0,0.0,2.0,4.0,0.0,A01
201800039380,1.0,7,0,0.0,2.0,4.0,0.0,B01
201800039380,1.0,7,0,0.0,2.0,1.0,0.0,C01
201800039381,2.0,7,0,0.0,1.0,2.0,1.0,A01
201800039382,1.0,7,0,0.0,1.0,1.0,0.0,A01
201800039383,1.0,33,0,0.0,2.0,4.0,2.0,B01
201800039383,1.0,7,0,0.0,2.0,1.0,2.0,A01
201800039384,1.0,7,0,1.0,0.0,2.0,21.0,A01
201800039385,0.0,99,0,0.0,2.0,0.0,0.0,R01
201800039385,1.0,7,0,0.0,2.0,2.0,21.0,A01
201800039386,1.0,2,0,0.0,1.0,1.0,19.0,A01
201800039387,2.0,7,0,1.0,2.0,3.0,21.0,B01
201800039387,1.0,33,0,1.0,2.0,9.0,13.0,A01
201800039387,1.0,7,0,1.0,2.0,8.0,1.0,C01
201800039388,2.0,7,0,0.0,2.0,1.0,1.0,A01
201800039388,2.0,7,0,0.0,2.0,1.0,1.0,B01