Num_Acc,senc,catv,occutc,obs,obsm,choc,manv,num_veh
201800039389,1.0,7,0,0.0,2.0,1.0,9.0,A01
201800039389,1.0,33,0,0.0,2.0,4.0,2.0,B01
201800039389,1.0,7,0,0.0,2.0,4.0,1.0,C01
201800039390,1.0,7,0,0.0,2.0,4.0,2.0,A01
201800039390,1.0,7,0,0.0,2.0,1.0,2.0,B01
201800039391,2.0,99,0,15.0,0.0,1.0,13.0,A01
201800039392,2.0,2,0,0.0,0.0,0.0,2.0,A01
201800039393,1.0,7,0,0.0,2.0,4.0,2.0,A01
201800039393,1.0,7,0,0.0,2.0,1.0,2.0,B01
201800039394,1.0,37,0,0.0,2.0,3.0,2.0,A01
201800039394,1.0,7,0,0.0,2.0,7.0,18.0,B01
201800039395,2.0,33,0,0.0,0.0,2.0,17.0,A01
201800039396,1.0,34,0,0.0,0.0,0.0,0.0,A01
201800039397,2.0,7,0,0.0,2.0,3.0,11.0,B01
201800039397,2.0,34,0,0.0,2.0,2.0,1.0,A01
201800039398,1.0,7,0,1.0,0.0,3.0,16.0,A01
201800039399,1.0,7,0,0.0,2.0,2.0,1.0,A01
201800039399,1.0,7,0,1.0,2.0,3.0,20.0,B01
201800039400,0.0,7,0,0.0,2.0,2.0,1.0,A01
201800039400,0.0,7,0,0.0,2.0,3.0,1.0,B01
201800039401,1.0,7,0,0.0,2.0,1.0,15.0,A01
201800039401,2.0,1,0,0.0,2.0,1.0,1.0,B01
201800039402,0.0,7,0,0.0,2.0,8.0,1.0,A01
201800039402,0.0,7,0,0.0,2.0,1.0,1.0,B01
201800039403,1.0,7,0,0.0,2.0,2.0,2.0,A01
201800039403,0.0,7,0,0.0,2.0,1.0,2.0,B01
201800039404,1.0,7,0,15.0,0.0,2.0,2.0,A01
201800039405,0.0,7,0,12.0,0.0,7.0,1.0,A01
201800039405,1.0,7,0,12.0,0.0,1.0,1.0,B01
201800039406,1.0,7,0,0.0,2.0,8.0,1.0,B01
201800039406,1.0,7,0,0.0,2.0,1.0,1.0,A01
201800039407,0.0,1,0,0.0,2.0,7.0,19.0,B01
201800039407,1.0,7,0,0.0,6.0,2.0,1.0,A01
201800039408,1.0,7,0,0.0,2.0,5.0,21.0,B01
201800039408,0.0,7,0,0.0,2.0,0.0,21.0,A01
201800039409,1.0,7,0,8.0,0.0,2.0,2.0,A01
201800039410,0.0,7,0,0.0,2.0,2.0,19.0,B01
201800039410,1.0,10,0,8.0,2.0,1.0,1.0,A01
201800039411,2.0,7,0,8.0,2.0,6.0,15.0,B01
201800039411,2.0,33,0,0.0,2.0,1.0,1.0,A01
201800039412,1.0,7,0,1.0,0.0,2.0,16.0,A01
201800039413,1.0,10,0,0.0,2.0,2.0,1.0,A01
201800039413,0.0,7,0,0.0,2.0,3.0,16.0,B01
201800039414,0.0,7,0,8.0,0.0,3.0,1.0,A01
201800039415,0.0,7,0,0.0,2.0,4.0,23.0,B01
201800039415,0.0,7,0,0.0,2.0,1.0,2.0,A01
201800039416,2.0,10,0,0.0,2.0,1.0,2.0,A01
201800039416,2.0,7,0,0.0,2.0,4.0,2.0,B01
201800039416,2.0,10,0,0.0,2.0,4.0,2.0,C01
201800039417,1.0,7,0,0.0,2.0,3.0,1.0,A01
201800039417,1.0,7,0,0.0,2.0,8.0,15.0,B01
201800039418,1.0,7,0,0.0,2.0,1.0,9.0,B01
201800039418,1.0,7,0,0.0,2.0,3.0,1.0,A01
201800039419,1.0,7,0,0.0,2.0,4.0,23.0,A01
201800039419,1.0,7,0,0.0,2.0,1.0,2.0,C01
201800039419,1.0,7,0,0.0,2.0,4.0,2.0,B01
201800039420,0.0,32,0,0.0,2.0,1.0,0.0,A01
201800039420,0.0,7,0,0.0,2.0,0.0,0.0,B01
201800039421,0.0,7,0,1.0,0.0,3.0,13.0,A01
201800039422,0.0,7,0,2.0,0.0,5.0,2.0,B01
201800039422,1.0,1,0,2.0,2.0,5.0,1.0,A01
201800039423,0.0,7,0,0.0,2.0,4.0,0.0,A01
201800039423,0.0,7,0,0.0,2.0,1.0,2.0,B01
201800039424,1.0,7,0,12.0,1.0,2.0,9.0,A01
201800039425,0.0,7,0,0.0,2.0,8.0,0.0,B01
201800039425,0.0,7,0,12.0,0.0,1.0,13.0,A01
201800039426,1.0,7,0,0.0,2.0,1.0,2.0,A01
201800039426,1.0,1,0,0.0,2.0,0.0,19.0,B01
201800039427,0.0,10,0,0.0,1.0,2.0,1.0,A01
201800039428,1.0,7,0,0.0,0.0,6.0,1.0,B01
201800039428,1.0,7,0,4.0,0.0,1.0,1.0,A01
201800039429,0.0,7,0,0.0,1.0,3.0,15.0,A01
201800039430,0.0,33,0,0.0,2.0,1.0,2.0,A01
201800039430,0.0,7,0,0.0,2.0,4.0,2.0,B01
201800039431,0.0,33,0,0.0,0.0,0.0,0.0,A01
201800039432,2.0,7,0,15.0,1.0,1.0,15.0,A01
201800039433,0.0,1,0,0.0,2.0,4.0,2.0,B01
201800039433,0.0,10,0,0.0,2.0,1.0,9.0,A01
201800039434,0.0,7,0,0.0,2.0,8.0,1.0,B01
201800039434,0.0,7,0,0.0,2.0,1.0,1.0,A01
201800039435,0.0,7,0,11.0,0.0,1.0,16.0,A01
201800039436,0.0,34,0,0.0,1.0,1.0,1.0,A01
201800039437,0.0,7,0,0.0,1.0,1.0,15.0,A01
201800039438,0.0,30,0,0.0,2.0,7.0,1.0,A01
201800039438,0.0,7,0,0.0,2.0,3.0,15.0,B01
201800039439,1.0,99,0,0.0,1.0,1.0,1.0,A01
201800039440,0.0,10,0,0.0,2.0,2.0,1.0,A01
201800039440,0.0,2,0,0.0,2.0,1.0,1.0,B01
201800039441,2.0,7,0,0.0,1.0,2.0,1.0,A01
201800039442,1.0,7,0,0.0,0.0,5.0,23.0,B01
201800039442,1.0,7,0,0.0,2.0,1.0,3.0,A01
201800039442,1.0,7,0,0.0,0.0,6.0,12.0,C01
201800039443,1.0,7,0,0.0,2.0,1.0,19.0,B01
201800039443,0.0,7,0,0.0,2.0,8.0,0.0,A01
201800039444,2.0,7,0,0.0,2.0,7.0,1.0,B01
201800039444,1.0,10,0,0.0,2.0,1.0,1.0,A01
201800039445,0.0,10,0,0.0,2.0,4.0,0.0,B01
201800039445,0.0,10,0,0.0,2.0,1.0,0.0,A01
201800039446,1.0,7,0,0.0,2.0,1.0,1.0,A01
201800039446,2.0,7,0,0.0,2.0,0.0,0.0,B01
201800039447,2.0,1,0,0.0,2.0,2.0,12.0,A01
201800039447,2.0,33,0,0.0,2.0,1.0,2.0,B01
201800039448,0.0,10,0,0.0,2.0,1.0,2.0,B01
201800039448,0.0,7,0,0.0,2.0,4.0,23.0,A01
201800039449,0.0,10,0,0.0,0.0,7.0,1.0,B01
201800039449,0.0,10,0,0.0,0.0,3.0,13.0,A01
201800039450,0.0,34,0,0.0,2.0,1.0,1.0,A01
201800039450,2.0,10,0,0.0,2.0,0.0,0.0,B01
201800039451,2.0,10,0,0.0,1.0,1.0,0.0,A01
201800039452,2.0,7,0,0.0,2.0,4.0,2.0,A01
201800039452,2.0,14,0,0.0,2.0,1.0,1.0,B01
201800039453,2.0,7,0,0.0,1.0,3.0,19.0,A01
201800039454,1.0,7,0,0.0,1.0,1.0,1.0,A01
201800039455,2.0,31,0,0.0,2.0,8.0,19.0,A01
201800039455,1.0,7,0,0.0,2.0,8.0,19.0,B01
201800039456,2.0,7,0,0.0,1.0,1.0,15.0,A01
201800039457,2.0,7,0,0.0,2.0,1.0,9.0,A01
201800039457,1.0,7,0,0.0,2.0,8.0,9.0,B01
201800039458,1.0,13,0,0.0,2.0,1.0,21.0,A01
201800039458,1.0,7,0,0.0,2.0,4.0,20.0,B01
201800039458,0.0,7,0,0.0,9.0,3.0,9.0,C01
201800039459,2.0,10,0,0.0,2.0,1.0,2.0,A01
201800039459,2.0,7,0,0.0,2.0,4.0,2.0,B01
201800039459,2.0,7,0,0.0,2.0,4.0,2.0,C01
201800039460,1.0,7,0,0.0,2.0,7.0,10.0,A01
201800039460,2.0,7,0,0.0,2.0,3.0,1.0,B01
201800039461,1.0,31,0,0.0,2.0,7.0,1.0,B01
201800039461,1.0,7,0,0.0,2.0,8.0,11.0,A01
201800039462,1.0,7,0,0.0,1.0,1.0,16.0,A01
201800039463,1.0,31,0,0.0,2.0,8.0,9.0,A01
201800039463,1.0,7,0,0.0,2.0,2.0,15.0,B01
201800039464,1.0,7,0,0.0,1.0,3.0,1.0,A01
201800039465,1.0,33,0,0.0,2.0,7.0,1.0,A01
201800039465,1.0,7,0,0.0,2.0,0.0,10.0,Z01
201800039466,1.0,7,0,0.0,2.0,4.0,2.0,A01
201800039466,1.0,7,0,0.0,2.0,0.0,2.0,B01
201800039467,2.0,7,0,0.0,2.0,3.0,17.0,B01
201800039467,2.0,7,0,0.0,2.0,3.0,2.0,C01
201800039467,1.0,7,0,0.0,2.0,1.0,16.0,A01
201800039468,1.0,7,0,0.0,1.0,2.0,1.0,A01
201800039469,1.0,7,0,0.0,2.0,6.0,1.0,A01
201800039469,1.0,7,0,0.0,2.0,5.0,2.0,B01
201800039469,1.0,7,0,0.0,2.0,3.0,2.0,C01
201800039470,1.0,7,0,0.0,2.0,8.0,1.0,A01
201800039470,2.0,7,0,0.0,2.0,1.0,9.0,B01
201800039471,1.0,7,0,0.0,2.0,1.0,1.0,B01
201800039471,1.0,99,0,0.0,2.0,8.0,19.0,A01
201800039472,2.0,33,0,0.0,2.0,1.0,21.0,B01
201800039472,2.0,7,0,0.0,2.0,3.0,10.0,A01
201800039473,1.0,7,0,0.0,1.0,1.0,2.0,A01
201800039474,2.0,31,0,0.0,0.0,0.0,2.0,A01
201800039475,1.0,7,0,0.0,2.0,8.0,1.0,B01
201800039475,1.0,10,0,0.0,2.0,2.0,9.0,A01
201800039476,1.0,7,0,0.0,1.0,2.0,2.0,A01
201800039477,2.0,7,0,0.0,2.0,8.0,15.0,A01
201800039477,2.0,33,0,0.0,2.0,1.0,17.0,B01
201800039478,1.0,31,0,0.0,2.0,1.0,21.0,A01
201800039478,1.0,7,0,0.0,2.0,4.0,23.0,B01
201800039479,1.0,7,0,0.0,2.0,3.0,1.0,B01
201800039479,2.0,7,0,0.0,2.0,2.0,15.0,A01
201800039480,1.0,7,0,0.0,1.0,3.0,15.0,A01
201800039481,1.0,7,0,0.0,2.0,2.0,19.0,B01
201800039481,1.0,7,0,0.0,2.0,3.0,19.0,A01
201800039482,1.0,7,0,1.0,2.0,8.0,2.0,A01
201800039482,1.0,7,0,0.0,2.0,3.0,19.0,B01
201800039483,1.0,34,0,1.0,0.0,1.0,19.0,A01
201800039483,1.0,7,0,0.0,2.0,6.0,24.0,B01
201800039484,2.0,7,0,0.0,1.0,2.0,19.0,A01
201800039485,1.0,7,0,0.0,2.0,6.0,1.0,B01
201800039485,1.0,34,0,0.0,2.0,1.0,17.0,A01
201800039486,2.0,37,1,0.0,2.0,1.0,19.0,B01
201800039486,1.0,7,0,0.0,2.0,7.0,19.0,A01
201800039487,1.0,10,0,0.0,1.0,3.0,1.0,A01
201800039488,1.0,7,0,0.0,2.0,4.0,23.0,A01
201800039488,1.0,7,0,0.0,2.0,1.0,2.0,C01
201800039488,1.0,7,0,0.0,2.0,4.0,23.0,B01
201800039489,1.0,7,0,0.0,2.0,3.0,15.0,A01
201800039489,1.0,31,0,0.0,2.0,2.0,3.0,B01
201800039490,2.0,33,0,0.0,2.0,7.0,2.0,B01
201800039490,2.0,7,0,0.0,2.0,3.0,11.0,A01
201800039491,1.0,7,0,0.0,2.0,1.0,7.0,A01
201800039491,1.0,7,0,0.0,2.0,4.0,23.0,B01
201800039491,1.0,7,0,0.0,2.0,4.0,23.0,D01
201800039491,2.0,10,0,0.0,2.0,2.0,21.0,E01
201800039491,2.0,7,0,0.0,2.0,1.0,21.0,G01
201800039491,1.0,7,0,0.0,2.0,4.0,23.0,C02
201800039492,2.0,7,0,0.0,1.0,1.0,1.0,A01
201800039493,1.0,7,0,0.0,2.0,3.0,11.0,B01
201800039493,1.0,7,0,8.0,0.0,1.0,2.0,A01
201800039494,1.0,33,0,0.0,2.0,0.0,21.0,A01
201800039495,1.0,33,0,0.0,0.0,8.0,1.0,A01
201800039496,2.0,10,0,0.0,2.0,4.0,1.0,A01
201800039496,2.0,7,0,0.0,2.0,2.0,2.0,B01
201800039497,0.0,7,0,0.0,2.0,1.0,19.0,A01
201800039497,0.0,7,0,0.0,2.0,7.0,19.0,B01
201800039498,2.0,7,0,0.0,2.0,3.0,2.0,A01
201800039498,2.0,7,0,0.0,2.0,5.0,1.0,B01
201800039499,1.0,30,0,0.0,2.0,2.0,17.0,B01
201800039499,1.0,7,0,0.0,2.0,6.0,15.0,A01
201800039500,2.0,7,0,0.0,2.0,1.0,2.0,B01
201800039500,2.0,7,0,0.0,2.0,4.0,1.0,A01
201800039501,0.0,37,12,0.0,2.0,3.0,1.0,A01
201800039501,0.0,7,0,0.0,2.0,2.0,1.0,B01
201800039502,0.0,34,0,0.0,1.0,1.0,19.0,A01
201800039503,2.0,7,0,0.0,2.0,3.0,1.0,A01
201800039503,2.0,7,0,0.0,2.0,2.0,13.0,B01
201800039504,2.0,7,0,0.0,2.0,3.0,17.0,A01
201800039504,1.0,7,0,0.0,2.0,3.0,13.0,B01
201800039505,0.0,7,0,0.0,1.0,3.0,1.0,A01
201800039506,0.0,7,0,0.0,1.0,8.0,23.0,B01
201800039506,0.0,37,30,1.0,1.0,5.0,1.0,A01
201800039507,2.0,7,0,0.0,1.0,1.0,0.0,A01
201800039508,0.0,7,0,0.0,2.0,3.0,1.0,A01
201800039508,1.0,2,0,0.0,2.0,1.0,0.0,B01
201800039509,0.0,10,0,0.0,1.0,1.0,0.0,A01
201800039510,0.0,7,0,0.0,2.0,8.0,15.0,A01
201800039510,0.0,7,0,0.0,2.0,1.0,17.0,B01
201800039511,1.0,10,0,0.0,1.0,5.0,1.0,A01
201800039512,1.0,10,0,0.0,1.0,0.0,1.0,A01
201800039513,1.0,7,0,1.0,0.0,1.0,0.0,A01
201800039514,1.0,33,0,0.0,2.0,1.0,1.0,A01
201800039515,1.0,7,0,0.0,1.0,1.0,1.0,A01
201800039516,1.0,33,0,11.0,0.0,6.0,2.0,B01
201800039516,1.0,7,0,11.0,2.0,2.0,2.0,A01
201800039517,2.0,7,0,4.0,0.0,3.0,13.0,A01
201800039518,1.0,20,0,0.0,1.0,5.0,0.0,C01
201800039518,1.0,7,0,0.0,1.0,3.0,0.0,B01
201800039519,0.0,32,0,0.0,2.0,3.0,0.0,B01
201800039519,0.0,7,0,0.0,2.0,3.0,15.0,A01
201800039520,0.0,99,0,12.0,2.0,1.0,0.0,A01
201800039520,0.0,99,0,9.0,2.0,3.0,0.0,B01
201800039521,1.0,7,0,0.0,2.0,1.0,0.0,B01
201800039521,1.0,7,0,0.0,2.0,4.0,23.0,A01
201800039522,0.0,7,0,0.0,1.0,3.0,1.0,A01
201800039523,0.0,7,0,0.0,1.0,2.0,1.0,A01
201800039524,2.0,10,0,0.0,2.0,4.0,0.0,C01
201800039524,2.0,10,0,0.0,2.0,1.0,1.0,A01
201800039524,2.0,10,0,0.0,2.0,9.0,1.0,B01
201800039525,1.0,10,0,0.0,1.0,5.0,16.0,A01
201800039526,0.0,7,0,1.0,0.0,3.0,13.0,A01
201800039527,2.0,7,0,0.0,2.0,4.0,23.0,A01
201800039527,2.0,99,0,0.0,2.0,1.0,2.0,B01
201800039528,0.0,7,0,0.0,2.0,1.0,2.0,B01
201800039528,1.0,10,0,0.0,2.0,7.0,2.0,A01
201800039529,1.0,33,0,0.0,2.0,1.0,13.0,A01
201800039529,1.0,7,0,0.0,2.0,6.0,15.0,B01
201800039530,1.0,7,0,8.0,0.0,5.0,2.0,A01
201800039530,1.0,7,0,0.0,2.0,1.0,2.0,B01
201800039531,1.0,7,0,0.0,0.0,0.0,23.0,B01
201800039531,1.0,31,0,0.0,2.0,2.0,13.0,A01
201800039532,1.0,7,0,0.0,2.0,1.0,15.0,A01
201800039532,2.0,32,0,0.0,2.0,1.0,1.0,B01
201800039533,0.0,34,0,9.0,0.0,1.0,0.0,A01
201800039534,0.0,7,0,0.0,2.0,1.0,0.0,B01
201800039534,0.0,7,0,0.0,2.0,1.0,0.0,A01
201800039535,1.0,37,20,6.0,0.0,2.0,21.0,A01
201800039536,1.0,7,0,0.0,2.0,1.0,0.0,B01
201800039536,0.0,7,0,1.0,2.0,7.0,10.0,A01
201800039537,1.0,15,0,0.0,1.0,2.0,0.0,A01
201800039538,1.0,7,0,0.0,2.0,4.0,0.0,B01
201800039538,1.0,7,0,1.0,0.0,1.0,2.0,A01
201800039539,1.0,7,0,0.0,1.0,3.0,1.0,A01
201800039540,1.0,10,0,0.0,2.0,3.0,1.0,A01
201800039540,1.0,10,0,0.0,2.0,2.0,1.0,B01
201800039541,2.0,10,0,0.0,1.0,2.0,1.0,A01
201800039542,1.0,7,0,0.0,1.0,3.0,1.0,A01
201800039543,2.0,7,0,0.0,2.0,6.0,16.0,A01
201800039543,2.0,13,0,0.0,2.0,2.0,12.0,B01
201800039544,2.0,7,0,0.0,1.0,1.0,15.0,A01
201800039545,1.0,7,0,0.0,2.0,1.0,2.0,A01
201800039545,1.0,7,0,0.0,2.0,4.0,2.0,B01
201800039546,1.0,7,0,0.0,1.0,2.0,21.0,A01
201800039547,2.0,3,0,0.0,2.0,3.0,10.0,B01
201800039547,2.0,3,0,0.0,2.0,9.0,17.0,A01
201800039548,1.0,7,0,0.0,1.0,1.0,1.0,A01
201800039549,2.0,7,0,0.0,2.0,3.0,1.0,B01
201800039549,1.0,7,0,0.0,2.0,2.0,15.0,A01
201800039550,1.0,7,0,14.0,1.0,3.0,15.0,A01
201800039551,1.0,7,0,0.0,9.0,3.0,21.0,A01
201800039551,1.0,31,0,0.0,2.0,2.0,14.0,B01
201800039552,1.0,7,0,0.0,1.0,3.0,1.0,A01
201800039553,2.0,7,0,0.0,1.0,7.0,22.0,A01
201800039554,1.0,31,0,0.0,2.0,8.0,1.0,A01
201800039554,1.0,7,0,0.0,2.0,2.0,12.0,B01
201800039555,2.0,37,1,0.0,1.0,2.0,1.0,A01
201800039556,1.0,7,0,0.0,2.0,3.0,1.0,A01
201800039556,1.0,15,0,0.0,2.0,2.0,12.0,B01
201800039557,2.0,7,0,0.0,1.0,4.0,4.0,A01
201800039558,2.0,7,0,0.0,1.0,2.0,2.0,A01
201800039559,1.0,34,0,0.0,0.0,9.0,0.0,A01
201800039560,1.0,7,0,0.0,1.0,1.0,16.0,A01
201800039561,1.0,31,0,0.0,2.0,1.0,17.0,A01
201800039561,1.0,7,0,0.0,2.0,3.0,15.0,B01
201800039562,1.0,7,0,0.0,1.0,2.0,16.0,A01
201800039563,1.0,37,0,0.0,0.0,3.0,1.0,B01
201800039563,1.0,7,0,0.0,2.0,6.0,1.0,C01
201800039563,1.0,7,0,0.0,0.0,2.0,12.0,A01
201800039564,0.0,30,0,0.0,2.0,1.0,1.0,B01
201800039564,0.0,7,0,0.0,2.0,1.0,0.0,A01
201800039565,2.0,31,0,0.0,1.0,0.0,2.0,A01
201800039566,1.0,7,0,1.0,1.0,3.0,21.0,A01
201800039567,2.0,1,0,0.0,2.0,1.0,1.0,B01
201800039567,1.0,31,0,0.0,2.0,1.0,21.0,Z01
201800039568,2.0,7,0,0.0,2.0,3.0,2.0,A01
201800039568,1.0,7,0,0.0,2.0,1.0,15.0,B01
201800039569,2.0,7,0,0.0,0.0,0.0,23.0,B01
201800039569,2.0,33,0,1.0,0.0,7.0,1.0,A01
201800039570,0.0,3,0,0.0,1.0,1.0,1.0,Z01
201800039571,1.0,10,0,0.0,0.0,0.0,21.0,A01
201800039572,1.0,10,0,0.0,2.0,1.0,1.0,A01
201800039572,1.0,10,0,0.0,2.0,3.0,15.0,B01
201800039573,0.0,7,0,0.0,2.0,9.0,0.0,B01
201800039573,0.0,7,0,0.0,2.0,1.0,0.0,A01
201800039573,0.0,7,0,0.0,2.0,1.0,0.0,C01
201800039574,,7,0,,,,,A01
201800039574,,7,0,,,,,B01
201800039575,2.0,7,0,0.0,2.0,2.0,24.0,A01
201800039575,2.0,7,0,0.0,2.0,8.0,0.0,B01
201800039576,1.0,33,0,0.0,2.0,7.0,0.0,A01
201800039576,1.0,7,0,0.0,0.0,4.0,23.0,B01
201800039577,0.0,3,0,13.0,0.0,2.0,1.0,A01
201800039578,0.0,7,0,0.0,0.0,0.0,17.0,A01
201800039578,,1,0,,,,,B01
201800039579,2.0,30,0,0.0,0.0,0.0,0.0,A01
201800039579,2.0,99,0,0.0,0.0,0.0,0.0,B01
201800039580,1.0,20,0,0.0,2.0,2.0,16.0,A01
201800039580,1.0,20,0,0.0,2.0,3.0,15.0,B01
201800039581,1.0,20,0,12.0,2.0,1.0,17.0,A01
201800039581,1.0,20,0,9.0,0.0,6.0,1.0,B01
201800039582,0.0,7,0,0.0,1.0,2.0,0.0,A01
201800039583,2.0,32,0,0.0,0.0,8.0,1.0,B01
201800039583,2.0,7,0,0.0,0.0,7.0,12.0,A01
201800039584,1.0,32,0,0.0,2.0,5.0,17.0,B01
201800039584,1.0,7,0,0.0,6.0,3.0,15.0,A01
201800039585,2.0,7,0,0.0,2.0,3.0,0.0,A01
201800039585,1.0,7,0,0.0,2.0,2.0,0.0,B01
201800039586,,7,0,,,,,A01
201800039586,1.0,7,0,0.0,2.0,1.0,1.0,B01
201800039587,0.0,32,0,0.0,2.0,3.0,18.0,B01
201800039587,0.0,10,0,0.0,2.0,2.0,15.0,A01
201800039588,1.0,7,0,1.0,2.0,1.0,5.0,Z01
201800039588,1.0,30,0,0.0,2.0,1.0,2.0,B01
201800039588,1.0,7,0,0.0,2.0,2.0,0.0,C01
201800039589,1.0,7,0,0.0,2.0,4.0,23.0,A01
201800039589,1.0,7,0,14.0,0.0,1.0,2.0,B01
201800039590,2.0,7,0,0.0,2.0,4.0,23.0,B01
201800039590,2.0,7,0,0.0,2.0,1.0,2.0,A01
201800039591,0.0,30,0,0.0,2.0,4.0,12.0,A01
201800039592,1.0,7,0,0.0,1.0,2.0,0.0,B01
201800039593,2.0,34,0,0.0,2.0,2.0,13.0,B01
201800039593,2.0,7,0,0.0,2.0,8.0,15.0,A01
201800039594,0.0,7,0,0.0,2.0,7.0,0.0,A01
201800039594,0.0,30,0,0.0,2.0,7.0,1.0,B01
201800039595,1.0,7,0,0.0,1.0,1.0,1.0,A01
201800039596,0.0,7,0,0.0,1.0,1.0,2.0,A01
201800039597,1.0,7,0,4.0,0.0,1.0,9.0,A01
201800039598,0.0,20,0,0.0,1.0,3.0,1.0,A01
201800039599,1.0,10,0,0.0,1.0,1.0,19.0,A01
201800039600,1.0,10,0,0.0,1.0,1.0,16.0,A01
201800039601,1.0,7,0,0.0,2.0,2.0,15.0,B01
201800039601,2.0,7,0,0.0,0.0,1.0,1.0,A01
201800039602,1.0,99,0,0.0,2.0,1.0,15.0,A01
201800039602,1.0,99,0,0.0,2.0,1.0,1.0,B01
201800039603,2.0,7,0,0.0,1.0,1.0,1.0,A01
201800039604,1.0,7,0,0.0,1.0,1.0,1.0,A01
201800039605,1.0,7,0,0.0,1.0,3.0,16.0,A01
201800039606,1.0,7,0,0.0,2.0,8.0,15.0,A01
201800039606,2.0,7,0,11.0,2.0,7.0,17.0,B01
201800039607,2.0,7,0,0.0,2.0,8.0,1.0,A01
201800039607,2.0,7,0,0.0,2.0,5.0,14.0,B01
201800039608,1.0,7,0,0.0,2.0,7.0,15.0,A01
201800039608,2.0,2,0,0.0,2.0,1.0,1.0,B01
201800039609,1.0,7,0,0.0,2.0,3.0,20.0,A01
201800039609,1.0,31,0,0.0,2.0,0.0,18.0,B01
201800039610,1.0,7,0,0.0,1.0,1.0,15.0,A01
201800039611,1.0,7,0,0.0,1.0,3.0,2.0,A01
201800039612,1.0,37,1,5.0,0.0,3.0,21.0,B01
201800039612,1.0,7,0,8.0,0.0,9.0,16.0,A01
201800039613,2.0,7,0,6.0,0.0,1.0,21.0,A01
201800039613,2.0,7,0,0.0,2.0,3.0,1.0,B01
201800039614,1.0,2,0,1.0,0.0,7.0,3.0,B01
201800039614,1.0,7,0,0.0,2.0,3.0,23.0,A01
201800039615,2.0,7,0,0.0,1.0,1.0,15.0,A01
201800039616,2.0,7,0,1.0,0.0,2.0,16.0,B01
201800039616,1.0,7,0,0.0,2.0,3.0,19.0,A01
201800039617,1.0,7,0,0.0,1.0,2.0,16.0,A01
201800039618,1.0,7,0,0.0,1.0,8.0,1.0,A01
201800039619,1.0,99,0,1.0,0.0,3.0,22.0,A01
201800039620,2.0,33,0,0.0,2.0,8.0,3.0,A01
201800039621,1.0,7,0,0.0,2.0,4.0,2.0,B01
201800039621,1.0,33,0,0.0,2.0,4.0,2.0,A01
201800039622,0.0,7,0,0.0,0.0,2.0,16.0,B01
201800039622,0.0,31,0,0.0,0.0,0.0,14.0,A01
201800039623,1.0,37,1,0.0,1.0,2.0,7.0,A01
201800039624,1.0,7,0,0.0,1.0,1.0,2.0,A01
201800039625,2.0,33,0,0.0,2.0,8.0,1.0,A01
201800039625,1.0,7,0,0.0,2.0,2.0,10.0,B01
201800039626,0.0,7,0,0.0,0.0,5.0,9.0,A01
201800039626,0.0,7,0,0.0,0.0,0.0,0.0,B01
201800039627,1.0,7,0,0.0,2.0,2.0,15.0,A01
201800039627,1.0,7,0,0.0,2.0,6.0,1.0,B01
201800039628,1.0,7,0,12.0,0.0,4.0,21.0,A01
201800039628,1.0,7,0,0.0,2.0,3.0,23.0,B01
201800039629,1.0,7,0,0.0,2.0,7.0,10.0,A01
201800039629,1.0,34,0,0.0,2.0,1.0,2.0,B01
201800039630,2.0,7,0,0.0,9.0,4.0,2.0,A01
201800039630,2.0,1,0,0.0,2.0,1.0,2.0,B01
201800039631,1.0,34,0,0.0,2.0,1.0,1.0,A01
201800039631,1.0,7,0,0.0,2.0,5.0,15.0,B01
201800039632,1.0,7,0,0.0,1.0,1.0,16.0,A01
201800039633,1.0,7,0,0.0,2.0,1.0,1.0,A01
201800039633,1.0,33,0,0.0,2.0,7.0,1.0,B01
201800039634,2.0,7,0,0.0,2.0,0.0,11.0,A01
201800039634,0.0,34,0,0.0,2.0,0.0,9.0,K01
201800039635,2.0,31,0,0.0,1.0,0.0,0.0,A01
201800039636,1.0,7,0,0.0,2.0,3.0,15.0,A01
201800039636,2.0,7,0,8.0,2.0,3.0,21.0,B01
201800039637,1.0,10,0,0.0,1.0,0.0,4.0,A01
201800039638,1.0,2,0,0.0,1.0,1.0,19.0,A01
201800039639,1.0,1,0,0.0,2.0,1.0,21.0,B01
201800039639,1.0,7,0,0.0,2.0,1.0,9.0,A01
201800039640,1.0,7,0,1.0,0.0,0.0,0.0,A01
201800039640,1.0,7,0,0.0,2.0,4.0,0.0,B01
201800039641,1.0,7,0,0.0,9.0,3.0,2.0,A01
201800039641,1.0,30,0,0.0,9.0,1.0,2.0,B01
201800039642,1.0,7,0,0.0,1.0,1.0,0.0,A01
201800039643,1.0,31,0,0.0,2.0,1.0,18.0,A01
201800039643,0.0,7,0,0.0,0.0,1.0,15.0,B01
201800039644,1.0,10,0,0.0,1.0,2.0,9.0,A01
201800039645,2.0,7,0,0.0,2.0,4.0,23.0,A01
201800039645,1.0,7,0,0.0,2.0,3.0,13.0,C01
201800039645,1.0,33,0,0.0,2.0,1.0,21.0,B01
201800039646,0.0,7,0,0.0,1.0,1.0,0.0,A01
201800039647,1.0,33,0,0.0,2.0,1.0,18.0,B01
201800039647,1.0,7,0,0.0,2.0,2.0,16.0,A01
201800039648,0.0,30,0,0.0,2.0,8.0,19.0,B01