Num_Acc,senc,catv,occutc,obs,obsm,choc,manv,num_veh
201800039648,0.0,10,0,0.0,2.0,2.0,19.0,A01
201800039649,1.0,33,0,0.0,0.0,1.0,0.0,A01
201800039650,1.0,7,0,0.0,1.0,1.0,1.0,A01
201800039651,1.0,7,0,0.0,2.0,1.0,19.0,A01
201800039651,1.0,7,0,0.0,2.0,7.0,19.0,B01
201800039652,2.0,33,0,0.0,2.0,8.0,1.0,A01
201800039652,1.0,7,0,0.0,2.0,0.0,15.0,B01
201800039653,,99,0,0.0,0.0,0.0,0.0,A01
201800039654,0.0,7,0,0.0,2.0,4.0,2.0,B01
201800039654,0.0,7,0,0.0,2.0,1.0,2.0,A01
201800039655,0.0,7,0,1.0,0.0,3.0,0.0,A01
201800039656,1.0,7,0,0.0,1.0,1.0,1.0,A01
201800039657,1.0,10,0,10.0,0.0,1.0,13.0,A01
201800039658,0.0,7,0,0.0,2.0,1.0,1.0,A01
201800039658,0.0,7,0,9.0,0.0,2.0,1.0,B01
201800039659,1.0,30,0,1.0,2.0,1.0,21.0,A01
201800039659,1.0,10,0,0.0,2.0,5.0,9.0,B01
201800039660,0.0,7,0,0.0,2.0,8.0,1.0,A01
201800039660,0.0,10,0,0.0,2.0,1.0,23.0,B01
201800039661,0.0,7,0,0.0,2.0,1.0,1.0,A01
201800039661,0.0,7,0,0.0,2.0,4.0,23.0,B01
201800039662,0.0,7,0,0.0,1.0,3.0,0.0,A01
201800039663,0.0,33,0,0.0,2.0,1.0,1.0,B01
201800039663,0.0,7,0,0.0,2.0,3.0,15.0,A01
201800039664,1.0,10,0,0.0,1.0,1.0,1.0,A01
201800039665,0.0,7,0,0.0,1.0,2.0,9.0,A01
201800039666,1.0,7,0,0.0,1.0,3.0,7.0,A01
201800039667,0.0,10,0,0.0,1.0,0.0,0.0,A01
201800039668,1.0,7,0,1.0,0.0,8.0,17.0,A01
201800039668,1.0,13,0,1.0,0.0,8.0,23.0,B01
201800039669,0.0,7,0,0.0,1.0,2.0,2.0,A01
201800039670,0.0,34,0,0.0,2.0,1.0,1.0,B01
201800039670,0.0,7,0,0.0,0.0,5.0,16.0,A01
201800039671,2.0,10,0,0.0,2.0,3.0,10.0,A01
201800039671,2.0,10,0,10.0,2.0,2.0,2.0,B01
201800039672,1.0,99,0,0.0,2.0,0.0,0.0,A01
201800039672,1.0,10,0,0.0,2.0,0.0,0.0,B01
201800039673,0.0,7,0,0.0,2.0,1.0,1.0,B01
201800039673,0.0,7,0,0.0,0.0,7.0,9.0,A01
201800039674,2.0,10,0,0.0,2.0,3.0,1.0,A01
201800039674,2.0,10,0,3.0,0.0,3.0,13.0,B01
201800039675,1.0,7,0,0.0,1.0,1.0,15.0,A01
201800039676,2.0,7,0,0.0,1.0,1.0,16.0,A01
201800039677,0.0,10,0,0.0,1.0,2.0,1.0,A01
201800039678,2.0,10,0,0.0,1.0,1.0,15.0,A01
201800039679,1.0,30,0,0.0,2.0,1.0,1.0,B01
201800039679,2.0,7,0,0.0,2.0,7.0,15.0,A01
201800039680,1.0,7,0,12.0,0.0,1.0,9.0,A01
201800039681,1.0,7,0,13.0,0.0,3.0,1.0,A01
201800039682,0.0,7,0,0.0,1.0,1.0,9.0,A01
201800039683,1.0,7,0,0.0,2.0,3.0,16.0,A01
201800039683,2.0,2,0,0.0,2.0,0.0,0.0,B01
201800039684,1.0,7,0,8.0,0.0,1.0,14.0,A01
201800039685,2.0,7,0,0.0,2.0,1.0,1.0,A01
201800039685,1.0,7,0,0.0,2.0,7.0,19.0,B01
201800039686,2.0,7,0,0.0,2.0,3.0,1.0,A01
201800039686,1.0,7,0,0.0,2.0,1.0,0.0,B01
201800039687,,99,0,,,,,A01
201800039687,0.0,32,0,0.0,2.0,3.0,17.0,B01
201800039688,1.0,32,0,4.0,2.0,1.0,1.0,B01
201800039688,1.0,7,0,4.0,2.0,2.0,15.0,A01
201800039689,2.0,7,0,0.0,1.0,2.0,1.0,A01
201800039690,1.0,7,0,0.0,2.0,1.0,19.0,A01
201800039690,2.0,7,0,0.0,2.0,3.0,15.0,B01
201800039691,1.0,7,0,0.0,1.0,2.0,19.0,A01
201800039692,1.0,7,0,9.0,0.0,2.0,21.0,A01
201800039693,1.0,7,0,0.0,1.0,3.0,15.0,A01
201800039694,1.0,7,0,0.0,1.0,3.0,9.0,A01
201800039695,1.0,31,0,0.0,2.0,7.0,17.0,A01
201800039695,1.0,7,0,0.0,2.0,1.0,9.0,B01
201800039696,1.0,7,0,1.0,0.0,1.0,24.0,B01
201800039696,1.0,7,0,1.0,0.0,1.0,1.0,A01
201800039697,1.0,7,0,0.0,1.0,8.0,1.0,A01
201800039698,1.0,7,0,0.0,1.0,0.0,1.0,A01
201800039699,2.0,34,0,0.0,2.0,4.0,23.0,A01
201800039699,2.0,7,0,0.0,2.0,2.0,16.0,B01
201800039700,1.0,31,0,0.0,2.0,1.0,17.0,A01
201800039700,1.0,7,0,0.0,2.0,8.0,17.0,B01
201800039701,1.0,7,0,0.0,2.0,2.0,1.0,A01
201800039701,1.0,7,0,0.0,2.0,1.0,2.0,B01
201800039702,1.0,7,0,0.0,2.0,3.0,17.0,A01
201800039702,2.0,7,0,0.0,2.0,3.0,16.0,B01
201800039703,1.0,7,0,0.0,2.0,6.0,19.0,B01
201800039703,1.0,7,0,0.0,2.0,1.0,19.0,A01
201800039704,1.0,7,0,4.0,2.0,1.0,1.0,A01
201800039704,2.0,7,0,1.0,2.0,3.0,1.0,B01
201800039705,1.0,7,0,0.0,1.0,1.0,1.0,A01
201800039706,1.0,7,0,0.0,1.0,3.0,1.0,A01
201800039707,2.0,7,0,0.0,2.0,3.0,1.0,A01
201800039707,1.0,7,0,0.0,2.0,1.0,1.0,B01
201800039708,1.0,7,0,0.0,9.0,4.0,19.0,B01
201800039708,1.0,7,0,0.0,2.0,1.0,19.0,A01
201800039709,1.0,7,0,0.0,2.0,8.0,9.0,A01
201800039709,2.0,7,0,1.0,2.0,1.0,13.0,B01
201800039710,1.0,7,0,0.0,1.0,1.0,1.0,A01
201800039711,1.0,7,0,0.0,2.0,3.0,16.0,B01
201800039711,1.0,37,1,0.0,2.0,3.0,7.0,A01
201800039712,1.0,33,0,0.0,2.0,8.0,18.0,B01
201800039712,1.0,10,0,0.0,2.0,7.0,20.0,A01
201800039713,1.0,37,1,0.0,1.0,1.0,7.0,A01
201800039714,1.0,7,0,0.0,1.0,1.0,19.0,A01
201800039715,1.0,7,0,0.0,2.0,1.0,19.0,A01
201800039715,1.0,7,0,0.0,2.0,8.0,15.0,B01
201800039716,1.0,7,0,0.0,1.0,7.0,19.0,A01
201800039717,1.0,7,0,1.0,0.0,2.0,21.0,A01
201800039718,2.0,7,0,0.0,2.0,5.0,4.0,B01
201800039718,1.0,7,0,0.0,2.0,5.0,1.0,A01
201800039719,1.0,7,0,0.0,1.0,8.0,1.0,B01
201800039720,1.0,7,0,0.0,1.0,1.0,19.0,A01
201800039721,2.0,7,0,1.0,0.0,2.0,2.0,A01
201800039721,2.0,7,0,0.0,2.0,5.0,2.0,B01
201800039722,1.0,7,0,0.0,2.0,4.0,20.0,B01
201800039722,1.0,33,0,0.0,2.0,2.0,9.0,A01
201800039723,0.0,7,0,0.0,0.0,1.0,2.0,A01
201800039723,0.0,7,0,0.0,2.0,1.0,2.0,B01
201800039724,1.0,1,0,0.0,1.0,1.0,15.0,A01
201800039725,1.0,7,0,0.0,2.0,1.0,9.0,A01
201800039725,1.0,7,0,0.0,2.0,7.0,1.0,B01
201800039726,1.0,7,0,0.0,2.0,4.0,2.0,C01
201800039726,1.0,31,0,0.0,2.0,4.0,2.0,B01
201800039726,1.0,7,0,14.0,0.0,1.0,2.0,A01
201800039727,1.0,10,0,0.0,2.0,0.0,9.0,A01
201800039727,1.0,34,0,0.0,2.0,8.0,9.0,B01
201800039728,1.0,7,0,1.0,0.0,3.0,20.0,A01
201800039728,1.0,31,0,1.0,2.0,2.0,1.0,B01
201800039729,1.0,7,0,0.0,2.0,1.0,1.0,A01
201800039729,1.0,7,0,0.0,2.0,8.0,9.0,B01
201800039730,1.0,7,0,0.0,2.0,1.0,8.0,B01
201800039730,2.0,7,0,0.0,2.0,7.0,15.0,A01
201800039731,0.0,7,0,0.0,1.0,3.0,19.0,A01
201800039732,1.0,7,0,0.0,1.0,2.0,9.0,A01
201800039733,2.0,7,0,0.0,1.0,2.0,7.0,A01
201800039734,0.0,1,0,0.0,2.0,1.0,19.0,B01
201800039734,1.0,99,0,0.0,2.0,1.0,0.0,Z01
201800039735,1.0,7,0,0.0,2.0,3.0,17.0,A01
201800039735,2.0,7,0,0.0,2.0,3.0,16.0,B01
201800039736,2.0,7,0,0.0,2.0,1.0,16.0,B01
201800039736,1.0,7,0,0.0,2.0,8.0,15.0,A01
201800039737,0.0,7,0,0.0,2.0,3.0,12.0,A01
201800039737,0.0,33,0,0.0,2.0,5.0,1.0,B01
201800039738,0.0,7,0,15.0,0.0,1.0,1.0,A01
201800039739,1.0,7,0,1.0,0.0,8.0,16.0,B01
201800039739,1.0,7,0,0.0,2.0,1.0,1.0,A01
201800039740,1.0,7,0,0.0,1.0,2.0,0.0,A01
201800039741,0.0,20,0,0.0,1.0,3.0,0.0,A01
201800039742,0.0,7,0,0.0,1.0,1.0,16.0,A01
201800039743,0.0,7,0,0.0,2.0,4.0,2.0,A01
201800039743,0.0,7,0,0.0,2.0,1.0,2.0,B01
201800039743,0.0,7,0,0.0,2.0,1.0,1.0,C01
201800039744,1.0,7,0,0.0,2.0,4.0,23.0,A01
201800039744,1.0,7,0,0.0,2.0,1.0,2.0,B01
201800039745,0.0,7,0,4.0,0.0,2.0,15.0,B01
201800039745,0.0,7,0,4.0,2.0,2.0,2.0,A01
201800039746,0.0,2,0,0.0,2.0,7.0,1.0,A01
201800039746,0.0,7,0,0.0,2.0,3.0,1.0,B01
201800039747,0.0,7,0,13.0,0.0,1.0,13.0,A01
201800039748,1.0,7,0,0.0,1.0,2.0,0.0,A01
201800039749,0.0,32,0,0.0,2.0,1.0,1.0,A01
201800039749,0.0,1,0,0.0,2.0,2.0,1.0,B01
201800039750,0.0,7,0,0.0,2.0,2.0,1.0,A01
201800039750,0.0,1,0,0.0,0.0,2.0,1.0,B01
201800039751,0.0,10,0,4.0,0.0,1.0,14.0,A01
201800039752,1.0,7,0,0.0,2.0,8.0,15.0,B01
201800039752,1.0,34,0,0.0,2.0,1.0,17.0,A01
201800039753,0.0,7,0,0.0,1.0,3.0,1.0,A01
201800039754,1.0,3,0,0.0,2.0,0.0,0.0,B01
201800039754,1.0,30,0,0.0,2.0,1.0,19.0,A01
201800039755,0.0,7,0,0.0,2.0,4.0,1.0,A01
201800039755,0.0,7,0,0.0,2.0,1.0,1.0,B01
201800039756,1.0,7,0,0.0,2.0,4.0,2.0,B01
201800039756,1.0,10,0,0.0,2.0,1.0,2.0,A01
201800039756,1.0,7,0,0.0,2.0,4.0,2.0,C01
201800039757,1.0,10,0,0.0,2.0,1.0,5.0,B01
201800039757,2.0,10,0,0.0,2.0,1.0,1.0,A01
201800039758,2.0,7,0,0.0,1.0,4.0,4.0,A01
201800039759,1.0,7,0,0.0,1.0,8.0,19.0,A01
201800039760,1.0,7,0,0.0,2.0,1.0,2.0,B01
201800039760,1.0,7,0,0.0,2.0,1.0,9.0,A01
201800039761,1.0,10,0,1.0,0.0,2.0,14.0,A01
201800039762,2.0,33,0,0.0,2.0,7.0,2.0,B01
201800039762,2.0,7,0,0.0,2.0,0.0,13.0,A01
201800039763,0.0,7,0,0.0,2.0,5.0,19.0,A01
201800039763,0.0,37,30,0.0,2.0,3.0,19.0,B01
201800039764,1.0,7,0,12.0,0.0,2.0,0.0,A01
201800039765,0.0,99,0,0.0,0.0,0.0,0.0,A01
201800039766,0.0,7,0,0.0,2.0,6.0,1.0,A01
201800039766,0.0,7,0,0.0,2.0,1.0,0.0,B01
201800039767,1.0,10,0,0.0,2.0,2.0,17.0,A01
201800039767,2.0,7,0,0.0,2.0,8.0,15.0,B01
201800039768,0.0,7,0,0.0,1.0,3.0,0.0,A01
201800039769,0.0,10,0,0.0,2.0,2.0,9.0,A01
201800039769,1.0,33,0,0.0,2.0,7.0,1.0,B01
201800039770,0.0,20,0,0.0,2.0,1.0,0.0,B01
201800039770,0.0,20,0,0.0,2.0,2.0,13.0,A01
201800039771,1.0,7,0,1.0,2.0,7.0,0.0,A01
201800039771,1.0,10,0,0.0,2.0,1.0,9.0,B01
201800039772,2.0,7,0,1.0,0.0,2.0,0.0,A01
201800039773,1.0,7,0,0.0,2.0,2.0,15.0,A01
201800039773,1.0,31,0,0.0,2.0,1.0,2.0,B01
201800039774,1.0,7,0,0.0,1.0,3.0,19.0,A01
201800039775,2.0,7,0,0.0,2.0,1.0,2.0,B01
201800039775,2.0,7,0,0.0,2.0,4.0,2.0,A01
201800039776,1.0,7,0,0.0,2.0,7.0,10.0,A01
201800039776,1.0,7,0,0.0,2.0,2.0,2.0,B01
201800039777,1.0,7,0,0.0,2.0,6.0,23.0,A01
201800039777,1.0,7,0,0.0,2.0,2.0,2.0,B01
201800039778,1.0,33,0,0.0,1.0,5.0,13.0,A01
201800039779,2.0,31,0,0.0,2.0,2.0,2.0,B01
201800039779,2.0,14,0,1.0,2.0,3.0,11.0,A01
201800039780,2.0,36,0,15.0,1.0,3.0,7.0,A01
201800039781,1.0,31,0,0.0,2.0,0.0,2.0,A01
201800039782,2.0,7,0,0.0,2.0,1.0,19.0,B01
201800039782,2.0,7,0,0.0,2.0,4.0,23.0,A01
201800039783,1.0,7,0,14.0,0.0,1.0,2.0,A01
201800039783,1.0,7,0,14.0,0.0,4.0,23.0,B01
201800039783,1.0,7,0,14.0,0.0,4.0,23.0,C01
201800039783,1.0,7,0,14.0,0.0,4.0,23.0,D01
201800039784,2.0,7,0,8.0,2.0,9.0,1.0,A01
201800039784,2.0,7,0,0.0,2.0,2.0,16.0,B01
201800039785,2.0,7,0,0.0,1.0,2.0,15.0,A01
201800039786,1.0,7,0,0.0,1.0,1.0,2.0,A01
201800039787,1.0,7,0,12.0,0.0,1.0,9.0,A01
201800039788,1.0,7,0,0.0,1.0,2.0,2.0,A01
201800039789,2.0,7,0,0.0,1.0,3.0,2.0,A01
201800039790,1.0,7,0,0.0,2.0,3.0,2.0,Z01
201800039790,1.0,7,0,0.0,2.0,2.0,15.0,A01
201800039791,1.0,13,0,0.0,1.0,3.0,1.0,Z01
201800039791,1.0,10,0,0.0,2.0,2.0,9.0,A01
201800039792,1.0,7,0,0.0,2.0,5.0,10.0,A01
201800039792,2.0,33,0,0.0,2.0,3.0,2.0,B01
201800039793,2.0,7,0,0.0,2.0,5.0,2.0,A01
201800039793,1.0,7,0,0.0,2.0,1.0,2.0,B01
201800039794,2.0,7,0,0.0,2.0,3.0,2.0,A01
201800039794,1.0,7,0,0.0,2.0,2.0,2.0,B01
201800039795,1.0,7,0,0.0,2.0,1.0,9.0,A01
201800039795,1.0,10,0,0.0,2.0,4.0,16.0,B01
201800039796,1.0,7,0,0.0,2.0,8.0,15.0,B01
201800039796,1.0,33,0,0.0,2.0,1.0,17.0,A01
201800039797,1.0,7,0,0.0,1.0,7.0,1.0,A01
201800039798,1.0,14,0,0.0,2.0,3.0,18.0,B01
201800039798,1.0,15,0,0.0,9.0,5.0,15.0,A01
201800039799,1.0,7,0,0.0,1.0,3.0,15.0,A01
201800039800,1.0,7,0,0.0,1.0,4.0,7.0,A01
201800039801,1.0,7,0,1.0,0.0,6.0,24.0,A01
201800039801,1.0,13,0,1.0,0.0,2.0,21.0,B01
201800039802,2.0,7,0,0.0,2.0,5.0,2.0,A01
201800039802,1.0,7,0,0.0,2.0,1.0,2.0,B01
201800039803,1.0,31,0,0.0,2.0,2.0,17.0,B01
201800039803,1.0,7,0,0.0,2.0,3.0,15.0,A01
201800039804,2.0,7,0,0.0,2.0,5.0,12.0,A01
201800039804,2.0,33,0,0.0,2.0,8.0,18.0,B01
201800039805,2.0,7,0,0.0,1.0,1.0,9.0,A01
201800039806,1.0,7,0,0.0,1.0,7.0,11.0,A01
201800039807,1.0,7,0,0.0,1.0,2.0,18.0,Z01
201800039808,1.0,1,0,0.0,2.0,3.0,19.0,B01
201800039808,2.0,7,0,0.0,2.0,5.0,21.0,A01
201800039809,2.0,7,0,0.0,1.0,3.0,15.0,A01
201800039810,1.0,31,0,0.0,2.0,3.0,13.0,B01
201800039810,1.0,7,0,0.0,2.0,2.0,9.0,A01
201800039811,2.0,7,0,0.0,0.0,1.0,2.0,A01
201800039811,2.0,7,0,0.0,0.0,5.0,1.0,B01
201800039812,1.0,34,0,0.0,1.0,0.0,7.0,A01
201800039813,1.0,7,0,0.0,1.0,1.0,15.0,A01
201800039814,2.0,7,0,0.0,2.0,3.0,2.0,A01
201800039814,2.0,13,0,0.0,2.0,5.0,16.0,B01
201800039815,1.0,7,0,0.0,1.0,4.0,4.0,A01
201800039816,1.0,7,0,0.0,2.0,2.0,1.0,A01
201800039816,1.0,33,0,0.0,2.0,2.0,10.0,B01
201800039817,1.0,7,0,0.0,2.0,7.0,14.0,A01
201800039817,1.0,2,0,0.0,2.0,3.0,15.0,B01
201800039818,2.0,7,0,0.0,2.0,5.0,23.0,A01
201800039818,2.0,2,0,0.0,2.0,1.0,2.0,B01
201800039819,1.0,33,0,0.0,2.0,0.0,1.0,B01
201800039819,1.0,7,0,0.0,2.0,3.0,15.0,A01
201800039820,2.0,33,0,8.0,0.0,1.0,0.0,A01
201800039821,1.0,13,0,0.0,2.0,1.0,9.0,B01
201800039821,2.0,30,0,0.0,2.0,1.0,0.0,A01
201800039822,2.0,32,0,3.0,0.0,1.0,0.0,A01
201800039823,1.0,7,0,0.0,2.0,0.0,1.0,C01
201800039823,2.0,31,0,0.0,2.0,0.0,0.0,B01
201800039823,1.0,7,0,0.0,2.0,6.0,15.0,A01
201800039824,0.0,7,0,0.0,2.0,1.0,2.0,B01
201800039824,1.0,33,0,0.0,2.0,4.0,23.0,A01
201800039825,1.0,10,0,0.0,1.0,0.0,0.0,A01
201800039826,1.0,2,0,0.0,2.0,1.0,2.0,A01
201800039826,0.0,7,0,0.0,2.0,2.0,15.0,B01
201800039827,0.0,7,0,0.0,0.0,7.0,19.0,A01
201800039827,0.0,7,0,0.0,0.0,1.0,1.0,B01
201800039828,1.0,7,0,0.0,2.0,1.0,1.0,A01
201800039828,2.0,10,0,0.0,2.0,1.0,5.0,B01
201800039829,2.0,7,0,0.0,1.0,1.0,1.0,A01
201800039830,1.0,7,0,0.0,2.0,3.0,1.0,A01
201800039830,1.0,7,0,0.0,2.0,5.0,1.0,B01
201800039831,0.0,7,0,0.0,2.0,1.0,2.0,C01
201800039831,0.0,7,0,0.0,2.0,4.0,23.0,B01
201800039831,0.0,7,0,0.0,2.0,4.0,23.0,A01
201800039832,1.0,10,0,0.0,1.0,2.0,1.0,A01
201800039833,0.0,7,0,9.0,0.0,2.0,1.0,A01
201800039833,1.0,7,0,0.0,2.0,1.0,1.0,B01
201800039834,2.0,7,0,0.0,1.0,3.0,15.0,A01
201800039835,1.0,33,0,0.0,2.0,1.0,1.0,B01
201800039835,2.0,7,0,0.0,2.0,2.0,15.0,A01
201800039836,1.0,7,0,0.0,2.0,2.0,1.0,B01
201800039836,2.0,34,0,0.0,2.0,3.0,1.0,A01
201800039837,1.0,20,0,0.0,1.0,2.0,19.0,A01
201800039838,1.0,7,0,0.0,1.0,0.0,2.0,A01
201800039839,0.0,33,0,0.0,2.0,1.0,2.0,B01
201800039839,0.0,7,0,0.0,2.0,6.0,1.0,A01
201800039840,1.0,10,0,0.0,1.0,2.0,15.0,A01
201800039841,1.0,7,0,0.0,2.0,1.0,2.0,B01
201800039841,1.0,7,0,0.0,2.0,2.0,2.0,A01
201800039842,1.0,3,0,0.0,1.0,2.0,2.0,A01
201800039843,1.0,32,0,0.0,2.0,8.0,2.0,A01
201800039843,1.0,7,0,0.0,2.0,2.0,2.0,B01
201800039844,2.0,34,0,0.0,2.0,2.0,1.0,B01
201800039844,2.0,10,0,0.0,2.0,3.0,11.0,A01
201800039845,1.0,10,0,0.0,0.0,0.0,0.0,B01
201800039845,2.0,10,0,0.0,0.0,0.0,0.0,A01
201800039846,1.0,34,0,0.0,2.0,1.0,14.0,A01
201800039846,1.0,7,0,0.0,2.0,2.0,12.0,B01
201800039847,0.0,33,0,0.0,2.0,1.0,1.0,A01
201800039847,0.0,7,0,0.0,2.0,3.0,10.0,B01
201800039848,1.0,7,0,0.0,1.0,2.0,0.0,A01
201800039849,0.0,10,0,0.0,2.0,3.0,1.0,A01
201800039849,0.0,31,0,0.0,0.0,0.0,0.0,B01
201800039850,2.0,13,0,0.0,2.0,2.0,15.0,A01
201800039850,1.0,31,0,0.0,2.0,1.0,2.0,B01
201800039851,1.0,7,0,15.0,0.0,1.0,21.0,A01
201800039852,1.0,37,75,0.0,1.0,2.0,7.0,A01
201800039853,1.0,7,0,0.0,2.0,2.0,1.0,A01
201800039853,1.0,7,0,0.0,2.0,3.0,16.0,B01
201800039854,1.0,7,0,0.0,2.0,2.0,2.0,B01
201800039854,1.0,10,0,0.0,2.0,8.0,9.0,A01
201800039855,1.0,10,0,14.0,0.0,1.0,0.0,A01
201800039855,0.0,10,0,14.0,0.0,2.0,0.0,C01
201800039855,1.0,10,0,14.0,0.0,4.0,0.0,B01
201800039856,2.0,7,0,0.0,2.0,3.0,2.0,B01
201800039856,2.0,7,0,0.0,2.0,4.0,2.0,A01
201800039857,1.0,7,0,0.0,2.0,4.0,0.0,A01
201800039857,1.0,7,0,0.0,2.0,4.0,0.0,B01
201800039857,1.0,7,0,0.0,2.0,1.0,0.0,C01
201800039858,1.0,7,0,0.0,1.0,2.0,1.0,A01
201800039859,0.0,7,0,0.0,0.0,8.0,0.0,A01
201800039859,0.0,15,0,0.0,0.0,0.0,0.0,B01
201800039860,1.0,7,0,0.0,1.0,1.0,1.0,A01
201800039861,1.0,3,0,9.0,2.0,1.0,13.0,A01
201800039862,2.0,7,0,0.0,2.0,1.0,23.0,C01
201800039862,1.0,7,0,0.0,2.0,7.0,21.0,A01
201800039862,2.0,7,0,0.0,2.0,1.0,2.0,B01
201800039863,1.0,7,0,0.0,2.0,1.0,1.0,A01
201800039863,1.0,10,0,0.0,2.0,5.0,1.0,B01
201800039864,1.0,7,0,0.0,1.0,2.0,1.0,A01
201800039865,1.0,7,0,0.0,2.0,5.0,9.0,A01
201800039865,1.0,37,1,0.0,2.0,1.0,7.0,B01
201800039866,2.0,7,0,0.0,2.0,8.0,10.0,A01
201800039866,2.0,31,0,0.0,2.0,1.0,1.0,B01
201800039867,2.0,7,0,0.0,0.0,3.0,2.0,A01
201800039868,2.0,7,0,0.0,2.0,1.0,15.0,B01
201800039868,2.0,7,0,0.0,2.0,2.0,5.0,A01
201800039869,1.0,10,0,0.0,1.0,5.0,16.0,A01
201800039870,2.0,33,0,0.0,1.0,1.0,16.0,A01
201800039871,1.0,7,0,0.0,1.0,0.0,0.0,B01
201800039871,1.0,10,0,0.0,2.0,1.0,23.0,C01
201800039871,1.0,33,0,0.0,1.0,1.0,21.0,A01
201800039872,2.0,7,0,15.0,0.0,1.0,2.0,A01
201800039873,2.0,99,0,0.0,2.0,1.0,0.0,B01
201800039873,1.0,7,0,0.0,2.0,5.0,1.0,A01
201800039874,1.0,7,0,0.0,2.0,2.0,17.0,A01
201800039874,1.0,7,0,0.0,2.0,3.0,15.0,B01
201800039875,1.0,7,0,0.0,1.0,1.0,1.0,A01
201800039876,1.0,10,0,0.0,1.0,2.0,1.0,A01
201800039877,2.0,7,0,0.0,2.0,2.0,9.0,B01
201800039877,2.0,7,0,0.0,2.0,8.0,2.0,A01
201800039878,1.0,7,0,8.0,2.0,1.0,1.0,B01
201800039878,1.0,7,0,1.0,2.0,1.0,1.0,A01
201800039879,2.0,7,0,1.0,0.0,1.0,14.0,A01
201800039880,1.0,7,0,0.0,2.0,8.0,13.0,A01
201800039880,1.0,34,0,0.0,2.0,2.0,17.0,B01
201800039881,1.0,31,0,0.0,9.0,2.0,2.0,B01
201800039881,1.0,7,0,0.0,2.0,3.0,11.0,A01
201800039882,1.0,31,0,0.0,2.0,8.0,15.0,B01
201800039882,1.0,7,0,0.0,2.0,5.0,17.0,A01
201800039883,1.0,7,0,0.0,2.0,2.0,1.0,B01
201800039883,1.0,10,0,0.0,2.0,3.0,9.0,A01
201800039884,1.0,7,0,6.0,0.0,1.0,9.0,A01
201800039885,1.0,7,0,0.0,1.0,1.0,19.0,A01
201800039886,1.0,34,0,0.0,2.0,1.0,2.0,B01
201800039886,1.0,7,0,0.0,2.0,2.0,24.0,A01
201800039887,1.0,34,0,0.0,1.0,0.0,0.0,A01
201800039888,2.0,7,0,0.0,1.0,2.0,19.0,A01
201800039889,2.0,7,0,0.0,1.0,3.0,0.0,A01
201800039890,0.0,99,0,0.0,2.0,0.0,0.0,R01
201800039890,1.0,7,0,0.0,2.0,2.0,16.0,A01
201800039891,1.0,33,0,0.0,1.0,1.0,11.0,A01
201800039891,1.0,7,0,0.0,2.0,3.0,2.0,B01
201800039892,1.0,7,0,0.0,2.0,6.0,4.0,B01
201800039892,1.0,7,0,0.0,2.0,3.0,10.0,A01
201800039893,1.0,7,0,0.0,1.0,3.0,1.0,A01
201800039894,1.0,7,0,0.0,1.0,1.0,1.0,A01
201800039895,1.0,7,0,0.0,1.0,2.0,0.0,A01
201800039896,1.0,7,0,0.0,2.0,1.0,2.0,A01
201800039896,1.0,7,0,0.0,2.0,8.0,1.0,B01
201800039897,1.0,99,0,0.0,2.0,0.0,0.0,R01
201800039897,1.0,37,0,0.0,2.0,3.0,1.0,A01
201800039898,2.0,10,0,1.0,1.0,2.0,14.0,Z01
201800039899,2.0,30,0,0.0,2.0,1.0,21.0,B01
201800039899,2.0,7,0,0.0,2.0,2.0,15.0,A01
201800039900,2.0,1,0,0.0,2.0,1.0,5.0,Y01
201800039900,1.0,7,0,0.0,2.0,1.0,14.0,A01
201800039901,0.0,99,0,0.0,2.0,0.0,0.0,R01
201800039901,1.0,7,0,0.0,2.0,1.0,16.0,A01
201800039902,1.0,7,0,0.0,1.0,2.0,1.0,A01
201800039903,1.0,31,0,0.0,2.0,8.0,0.0,A01
201800039903,1.0,7,0,0.0,2.0,5.0,16.0,B01
201800039904,1.0,32,0,0.0,2.0,1.0,2.0,B01
201800039904,1.0,7,0,0.0,2.0,3.0,11.0,A01
201800039905,2.0,10,0,0.0,1.0,1.0,0.0,A01
201800039906,1.0,7,0,0.0,2.0,1.0,1.0,B01
201800039906,1.0,7,0,0.0,1.0,3.0,0.0,A01
201800039907,0.0,7,0,0.0,2.0,1.0,1.0,Z01
201800039907,0.0,33,0,0.0,2.0,7.0,1.0,B01
201800039908,1.0,10,0,0.0,2.0,1.0,2.0,B01
201800039908,1.0,10,0,0.0,2.0,4.0,2.0,A01
201800039909,1.0,10,0,0.0,1.0,1.0,15.0,A01
201800039910,1.0,7,0,0.0,1.0,2.0,1.0,A01
201800039911,1.0,7,0,0.0,2.0,3.0,15.0,A01
201800039911,1.0,34,0,1.0,2.0,2.0,17.0,B01
201800039911,2.0,7,0,1.0,2.0,2.0,24.0,C01
201800039912,2.0,7,0,0.0,1.0,3.0,2.0,A01
201800039913,,99,0,0.0,1.0,0.0,0.0,A01
201800039914,2.0,7,0,1.0,0.0,2.0,1.0,A01
201800039915,2.0,10,0,0.0,6.0,3.0,9.0,B01
201800039915,1.0,33,0,0.0,2.0,1.0,17.0,A01
201800039916,2.0,7,0,0.0,2.0,2.0,15.0,A01
201800039916,1.0,7,0,0.0,2.0,2.0,1.0,B01