Num_Acc,senc,catv,occutc,obs,obsm,choc,manv,num_veh
201800039917,1.0,99,0,0.0,1.0,1.0,0.0,A01
201800039918,1.0,7,0,0.0,2.0,2.0,17.0,A01
201800039918,1.0,7,0,9.0,0.0,3.0,15.0,B01
201800039919,1.0,7,0,0.0,2.0,7.0,16.0,A01
201800039919,1.0,33,0,0.0,2.0,8.0,18.0,B01
201800039920,1.0,7,0,0.0,2.0,3.0,1.0,A01
201800039920,2.0,31,0,0.0,2.0,1.0,0.0,B01
201800039921,2.0,7,0,0.0,2.0,8.0,2.0,B01
201800039921,1.0,34,0,0.0,2.0,1.0,2.0,A01
201800039922,2.0,10,0,0.0,1.0,2.0,1.0,A01
201800039923,2.0,7,0,0.0,1.0,8.0,13.0,A01
201800039924,1.0,20,0,0.0,2.0,3.0,11.0,A01
201800039924,1.0,31,0,0.0,2.0,1.0,1.0,B01
201800039925,0.0,13,0,0.0,0.0,4.0,0.0,B01
201800039925,0.0,10,0,0.0,2.0,1.0,0.0,A01
201800039926,1.0,7,0,0.0,1.0,1.0,15.0,A01
201800039927,0.0,7,0,0.0,6.0,2.0,2.0,A01
201800039927,,1,0,,,,,B01
201800039928,2.0,7,0,0.0,1.0,0.0,1.0,A01
201800039929,2.0,33,0,1.0,1.0,1.0,1.0,A01
201800039930,2.0,7,0,0.0,2.0,2.0,15.0,A01
201800039930,1.0,7,0,0.0,2.0,3.0,1.0,B01
201800039931,1.0,7,0,0.0,2.0,6.0,15.0,C01
201800039931,2.0,7,0,0.0,2.0,1.0,5.0,A01
201800039931,1.0,7,0,0.0,2.0,6.0,15.0,B01
201800039932,2.0,10,0,0.0,1.0,4.0,0.0,A01
201800039933,2.0,7,0,0.0,1.0,1.0,15.0,A01
201800039934,1.0,7,0,0.0,2.0,1.0,1.0,A01
201800039934,2.0,99,0,0.0,2.0,1.0,5.0,B01
201800039935,1.0,10,0,0.0,1.0,2.0,1.0,A01
201800039936,1.0,7,0,0.0,2.0,1.0,2.0,A01
201800039936,1.0,7,0,0.0,2.0,4.0,2.0,B01
201800039937,2.0,1,0,0.0,2.0,1.0,1.0,B01
201800039937,1.0,37,70,0.0,2.0,7.0,19.0,A01
201800039938,2.0,7,0,0.0,2.0,5.0,15.0,A01
201800039938,1.0,33,0,0.0,2.0,3.0,18.0,B01
201800039939,1.0,7,0,0.0,1.0,1.0,2.0,A01
201800039940,1.0,31,0,0.0,1.0,1.0,1.0,A01
201800039941,1.0,10,0,0.0,2.0,8.0,17.0,A01
201800039941,1.0,33,0,0.0,2.0,7.0,17.0,B01
201800039942,1.0,7,0,0.0,1.0,2.0,1.0,A01
201800039943,1.0,7,0,0.0,9.0,8.0,24.0,B01
201800039943,1.0,34,0,0.0,2.0,6.0,21.0,A01
201800039944,1.0,7,0,0.0,2.0,1.0,1.0,B01
201800039944,2.0,7,0,0.0,2.0,1.0,9.0,A01
201800039945,2.0,7,0,0.0,1.0,3.0,15.0,A01
201800039946,1.0,7,0,14.0,0.0,1.0,2.0,Z01
201800039946,1.0,1,0,0.0,2.0,4.0,2.0,A01
201800039947,1.0,7,0,0.0,2.0,5.0,12.0,A01
201800039947,1.0,7,0,0.0,2.0,3.0,2.0,B01
201800039948,1.0,7,0,0.0,2.0,3.0,15.0,B01
201800039948,1.0,31,0,0.0,2.0,1.0,1.0,A01
201800039949,2.0,7,0,0.0,2.0,2.0,15.0,A01
201800039949,1.0,7,0,0.0,2.0,3.0,1.0,B01
201800039950,1.0,7,0,0.0,2.0,0.0,0.0,Z01
201800039950,2.0,7,0,0.0,2.0,0.0,0.0,A01
201800039951,1.0,7,0,0.0,1.0,2.0,2.0,A01
201800039952,2.0,7,0,0.0,2.0,5.0,15.0,A01
201800039952,1.0,33,0,0.0,2.0,1.0,18.0,B01
201800039953,1.0,7,0,0.0,2.0,8.0,9.0,A01
201800039953,1.0,7,0,0.0,2.0,1.0,15.0,B01
201800039954,1.0,7,0,0.0,2.0,1.0,19.0,A01
201800039954,1.0,7,0,0.0,2.0,7.0,19.0,B01
201800039955,2.0,31,0,0.0,2.0,1.0,1.0,A01
201800039956,1.0,7,0,0.0,2.0,7.0,15.0,B01
201800039956,1.0,31,0,0.0,2.0,1.0,19.0,A01
201800039957,1.0,31,0,0.0,2.0,1.0,23.0,B01
201800039957,1.0,7,0,0.0,2.0,4.0,23.0,A01
201800039958,2.0,31,0,0.0,2.0,8.0,1.0,A01
201800039958,2.0,10,0,0.0,2.0,2.0,15.0,B01
201800039959,0.0,99,0,0.0,2.0,0.0,0.0,R01
201800039959,1.0,7,0,0.0,1.0,0.0,2.0,T01
201800039959,1.0,34,0,0.0,2.0,3.0,17.0,A01
201800039960,1.0,7,0,1.0,0.0,3.0,13.0,A01
201800039961,1.0,33,0,0.0,1.0,1.0,9.0,A01
201800039962,1.0,1,0,0.0,2.0,1.0,3.0,A01
201800039962,1.0,7,0,0.0,2.0,8.0,13.0,B01
201800039963,1.0,7,0,0.0,9.0,3.0,19.0,B01
201800039963,2.0,99,0,0.0,2.0,2.0,14.0,A01
201800039964,1.0,33,0,0.0,2.0,1.0,1.0,B01
201800039964,1.0,7,0,0.0,2.0,3.0,9.0,A01
201800039965,2.0,33,0,0.0,2.0,1.0,2.0,A01
201800039965,1.0,7,0,0.0,2.0,1.0,15.0,B01
201800039966,1.0,33,0,0.0,0.0,1.0,21.0,A01
201800039967,1.0,7,0,0.0,1.0,3.0,19.0,A01
201800039968,1.0,7,0,0.0,1.0,1.0,1.0,A01
201800039969,1.0,33,0,0.0,2.0,1.0,1.0,A01
201800039969,2.0,7,0,0.0,2.0,2.0,15.0,B01
201800039970,2.0,7,0,0.0,1.0,2.0,19.0,A01
201800039971,1.0,7,0,0.0,1.0,1.0,0.0,A01
201800039972,2.0,7,0,0.0,2.0,1.0,19.0,A01
201800039972,2.0,7,0,0.0,2.0,7.0,9.0,B01
201800039973,1.0,7,0,0.0,1.0,1.0,19.0,A01
201800039974,2.0,32,0,0.0,2.0,7.0,17.0,B01
201800039974,2.0,7,0,0.0,2.0,8.0,17.0,A01
201800039975,1.0,37,0,0.0,1.0,3.0,1.0,A01
201800039976,2.0,7,0,0.0,2.0,3.0,1.0,B01
201800039976,2.0,7,0,0.0,2.0,3.0,9.0,A01
201800039977,2.0,20,0,0.0,1.0,5.0,1.0,A01
201800039978,1.0,33,0,0.0,2.0,1.0,21.0,B01
201800039978,1.0,7,0,0.0,2.0,6.0,19.0,A01
201800039979,1.0,33,0,0.0,2.0,8.0,0.0,A01
201800039979,1.0,7,0,0.0,2.0,2.0,0.0,B01
201800039980,1.0,7,0,0.0,2.0,7.0,15.0,F01
201800039980,2.0,37,0,0.0,2.0,1.0,1.0,B01
201800039981,1.0,31,0,0.0,2.0,1.0,1.0,A01
201800039981,0.0,99,0,0.0,2.0,0.0,0.0,R01
201800039982,1.0,7,0,2.0,0.0,2.0,15.0,A01
201800039983,1.0,10,0,0.0,2.0,1.0,9.0,A01
201800039983,1.0,31,0,0.0,2.0,7.0,1.0,B01
201800039984,2.0,7,0,0.0,1.0,3.0,1.0,A01
201800039985,1.0,10,0,0.0,2.0,4.0,24.0,A01
201800039985,1.0,32,0,1.0,0.0,1.0,0.0,B01
201800039986,0.0,33,0,0.0,2.0,3.0,2.0,A01
201800039986,2.0,7,0,0.0,2.0,5.0,15.0,B01
201800039987,1.0,7,0,0.0,2.0,2.0,1.0,B01
201800039987,1.0,7,0,0.0,2.0,5.0,14.0,A01
201800039988,1.0,7,0,0.0,2.0,4.0,1.0,B01
201800039988,1.0,7,0,0.0,2.0,1.0,1.0,Z01
201800039989,0.0,30,0,2.0,0.0,2.0,19.0,A01
201800039990,1.0,7,0,0.0,1.0,1.0,20.0,A01
201800039991,2.0,32,0,0.0,2.0,1.0,0.0,B01
201800039991,1.0,7,0,0.0,2.0,2.0,19.0,A01
201800039992,0.0,33,0,0.0,0.0,1.0,11.0,B01
201800039992,0.0,7,0,0.0,2.0,4.0,11.0,A01
201800039993,1.0,7,0,0.0,1.0,2.0,2.0,A01
201800039994,1.0,7,0,0.0,2.0,2.0,0.0,B01
201800039994,1.0,99,0,0.0,0.0,0.0,0.0,A01
201800039995,0.0,7,0,0.0,1.0,0.0,0.0,Z01
201800039996,2.0,30,0,0.0,1.0,1.0,1.0,A01
201800039997,2.0,33,0,4.0,2.0,1.0,13.0,B01
201800039997,1.0,7,0,0.0,2.0,2.0,21.0,A01
201800039998,0.0,7,0,0.0,1.0,1.0,1.0,A01
201800039999,0.0,7,0,0.0,2.0,5.0,0.0,B01
201800039999,1.0,7,0,1.0,2.0,1.0,21.0,A01
201800040000,0.0,10,0,0.0,2.0,9.0,9.0,A01
201800040000,1.0,10,0,0.0,2.0,3.0,2.0,B01
201800040000,2.0,10,0,0.0,2.0,7.0,2.0,D01
201800040001,1.0,7,0,0.0,1.0,1.0,16.0,A01
201800040002,2.0,32,0,0.0,2.0,1.0,1.0,B01
201800040002,1.0,7,0,0.0,2.0,2.0,10.0,A01
201800040003,1.0,7,0,9.0,2.0,3.0,1.0,A01
201800040003,1.0,7,0,9.0,2.0,2.0,9.0,B01
201800040004,2.0,2,0,14.0,2.0,2.0,6.0,A01
201800040004,0.0,7,0,0.0,2.0,3.0,15.0,B01
201800040005,1.0,7,0,0.0,2.0,1.0,2.0,B01
201800040005,1.0,33,0,0.0,2.0,4.0,23.0,A01
201800040006,0.0,7,0,0.0,2.0,7.0,15.0,A01
201800040006,0.0,1,0,0.0,2.0,1.0,1.0,B01
201800040007,0.0,7,0,0.0,2.0,1.0,0.0,Z01
201800040007,0.0,31,0,0.0,2.0,4.0,1.0,B01
201800040008,2.0,7,0,0.0,1.0,2.0,16.0,A01
201800040009,1.0,7,0,0.0,2.0,1.0,15.0,A01
201800040009,2.0,33,0,0.0,2.0,8.0,1.0,B01
201800040010,2.0,2,0,0.0,2.0,3.0,1.0,B01
201800040010,1.0,37,10,0.0,2.0,3.0,13.0,A01
201800040011,2.0,7,0,0.0,1.0,2.0,0.0,A01
201800040012,1.0,7,0,0.0,0.0,0.0,0.0,B01
201800040012,1.0,7,0,0.0,0.0,1.0,0.0,A01
201800040013,1.0,7,0,0.0,1.0,8.0,2.0,A01
201800040014,,7,0,,1.0,,,A01
201800040015,0.0,10,0,0.0,2.0,3.0,15.0,A01
201800040015,1.0,33,0,0.0,2.0,1.0,1.0,B01
201800040016,2.0,7,0,0.0,2.0,1.0,2.0,A01
201800040016,2.0,7,0,0.0,2.0,4.0,23.0,B01
201800040017,2.0,33,0,0.0,2.0,1.0,2.0,B01
201800040017,2.0,7,0,0.0,2.0,3.0,15.0,A01
201800040018,2.0,7,0,0.0,2.0,1.0,1.0,A01
201800040018,1.0,37,11,0.0,2.0,5.0,15.0,B01
201800040019,1.0,2,0,0.0,2.0,4.0,1.0,B01
201800040019,1.0,7,0,0.0,2.0,1.0,16.0,A01
201800040020,0.0,7,0,0.0,2.0,8.0,1.0,C01
201800040020,0.0,7,0,0.0,2.0,3.0,1.0,B01
201800040020,0.0,33,0,0.0,2.0,1.0,13.0,A01
201800040021,0.0,99,0,0.0,1.0,4.0,0.0,A01
201800040022,2.0,7,0,0.0,2.0,5.0,2.0,B01
201800040022,2.0,7,0,0.0,2.0,1.0,1.0,A01
201800040023,0.0,3,0,0.0,1.0,1.0,0.0,A01
201800040024,2.0,32,0,0.0,2.0,1.0,16.0,B01
201800040024,2.0,7,0,0.0,2.0,2.0,16.0,A01
201800040025,2.0,7,0,0.0,2.0,4.0,1.0,D01
201800040025,2.0,7,0,0.0,2.0,4.0,1.0,C01
201800040025,2.0,7,0,0.0,2.0,1.0,11.0,A01
201800040025,2.0,7,0,0.0,2.0,2.0,1.0,B01
201800040026,2.0,2,0,0.0,2.0,1.0,0.0,B01
201800040026,2.0,7,0,0.0,2.0,3.0,15.0,A01
201800040027,2.0,7,0,0.0,1.0,3.0,1.0,A01
201800040028,0.0,7,0,6.0,0.0,8.0,20.0,A01
201800040029,2.0,7,0,0.0,1.0,1.0,16.0,A01
201800040030,0.0,7,0,12.0,2.0,1.0,15.0,A01
201800040030,2.0,7,0,12.0,2.0,3.0,1.0,B01
201800040031,1.0,7,0,3.0,0.0,9.0,14.0,A01
201800040032,2.0,7,0,0.0,2.0,3.0,1.0,A01
201800040032,2.0,7,0,0.0,2.0,3.0,16.0,B01
201800040033,1.0,7,0,0.0,1.0,3.0,1.0,A01
201800040034,1.0,33,0,0.0,2.0,1.0,1.0,A01
201800040034,2.0,10,0,0.0,2.0,2.0,15.0,B01
201800040035,1.0,13,0,0.0,1.0,2.0,19.0,A01
201800040036,1.0,33,0,14.0,0.0,1.0,1.0,A01
201800040037,1.0,10,0,0.0,1.0,3.0,0.0,A01
201800040038,1.0,7,0,6.0,0.0,1.0,1.0,A01
201800040039,1.0,7,0,0.0,1.0,1.0,1.0,A01
201800040040,1.0,31,0,0.0,2.0,1.0,2.0,B01
201800040040,1.0,7,0,0.0,2.0,8.0,15.0,A01
201800040041,2.0,7,0,0.0,2.0,3.0,10.0,A01
201800040041,2.0,34,0,0.0,2.0,2.0,1.0,B01
201800040042,1.0,7,0,0.0,1.0,1.0,0.0,A01
201800040043,1.0,7,0,0.0,2.0,7.0,1.0,A01
201800040043,1.0,10,0,0.0,2.0,2.0,15.0,B01
201800040044,1.0,7,0,0.0,1.0,2.0,21.0,A01
201800040045,1.0,31,0,0.0,1.0,1.0,1.0,A01
201800040046,1.0,7,0,0.0,2.0,3.0,1.0,B01
201800040046,1.0,31,0,0.0,2.0,1.0,1.0,A01
201800040047,1.0,31,0,0.0,2.0,1.0,1.0,A01
201800040047,1.0,7,0,0.0,2.0,2.0,1.0,B01
201800040048,1.0,7,0,9.0,2.0,2.0,1.0,A01
201800040048,1.0,7,0,9.0,2.0,3.0,1.0,B01
201800040049,2.0,7,0,1.0,0.0,2.0,14.0,A01
201800040050,2.0,7,0,0.0,2.0,3.0,5.0,A01
201800040050,1.0,7,0,0.0,2.0,6.0,1.0,B01
201800040051,1.0,30,0,0.0,2.0,1.0,0.0,A01
201800040051,1.0,7,0,0.0,2.0,3.0,15.0,B01
201800040052,1.0,99,0,0.0,1.0,0.0,5.0,A01
201800040053,0.0,7,0,0.0,2.0,3.0,15.0,B01
201800040053,0.0,33,0,0.0,2.0,2.0,2.0,A01
201800040054,1.0,10,0,0.0,2.0,1.0,0.0,A01
201800040054,1.0,33,0,0.0,2.0,8.0,0.0,B01
201800040055,1.0,33,0,0.0,2.0,1.0,5.0,B01
201800040055,1.0,7,0,0.0,2.0,7.0,15.0,A01
201800040056,2.0,7,0,0.0,2.0,3.0,17.0,A01
201800040056,1.0,7,0,0.0,2.0,2.0,1.0,B01
201800040057,1.0,7,0,0.0,2.0,4.0,1.0,B01
201800040057,1.0,7,0,0.0,2.0,1.0,1.0,A01
201800040058,1.0,7,0,0.0,2.0,3.0,15.0,B01
201800040058,1.0,7,0,0.0,2.0,1.0,1.0,A01
201800040059,1.0,7,0,0.0,1.0,5.0,15.0,A01
201800040060,2.0,33,0,0.0,2.0,4.0,1.0,B01
201800040060,2.0,7,0,0.0,2.0,0.0,1.0,A01
201800040061,1.0,99,0,0.0,1.0,0.0,18.0,A01
201800040062,1.0,10,0,0.0,2.0,3.0,1.0,B01
201800040062,2.0,7,0,0.0,2.0,0.0,0.0,A01
201800040063,0.0,7,0,0.0,2.0,0.0,0.0,A01
201800040063,2.0,7,0,0.0,2.0,0.0,0.0,B01
201800040064,0.0,7,0,0.0,1.0,0.0,1.0,A01
201800040065,1.0,7,0,0.0,1.0,1.0,1.0,A01
201800040066,1.0,10,0,0.0,1.0,3.0,1.0,A01
201800040067,1.0,32,0,0.0,2.0,1.0,9.0,B01
201800040067,0.0,7,0,0.0,2.0,4.0,23.0,A01
201800040068,1.0,7,0,15.0,0.0,2.0,1.0,A01
201800040069,0.0,2,0,0.0,2.0,1.0,17.0,A01
201800040069,0.0,10,0,1.0,0.0,3.0,15.0,B01
201800040070,1.0,7,0,0.0,2.0,4.0,2.0,B01
201800040070,1.0,7,0,0.0,2.0,1.0,1.0,A01
201800040071,1.0,7,0,0.0,1.0,1.0,1.0,A01
201800040072,1.0,7,0,0.0,2.0,2.0,20.0,A01
201800040072,1.0,34,0,0.0,2.0,1.0,2.0,B01
201800040073,2.0,7,0,0.0,1.0,1.0,2.0,A01
201800040074,2.0,7,0,0.0,2.0,6.0,15.0,B01
201800040074,2.0,31,0,0.0,2.0,6.0,11.0,A01
201800040075,1.0,34,0,0.0,9.0,4.0,2.0,B01
201800040075,1.0,34,0,0.0,2.0,1.0,2.0,A01
201800040076,1.0,7,0,1.0,0.0,9.0,20.0,A01
201800040077,1.0,7,0,14.0,0.0,1.0,14.0,A01
201800040078,1.0,37,0,0.0,1.0,3.0,1.0,A01
201800040079,1.0,7,0,0.0,1.0,1.0,2.0,A01
201800040080,1.0,7,0,0.0,2.0,3.0,15.0,B01
201800040080,1.0,33,0,0.0,2.0,4.0,23.0,A01
201800040081,1.0,7,0,0.0,1.0,2.0,19.0,A01
201800040082,1.0,13,0,0.0,2.0,6.0,2.0,B01
201800040082,1.0,1,0,0.0,2.0,1.0,2.0,A01
201800040083,1.0,7,0,4.0,0.0,1.0,14.0,A01
201800040084,1.0,7,0,0.0,2.0,2.0,19.0,B01
201800040084,1.0,7,0,0.0,2.0,1.0,10.0,A01
201800040085,2.0,7,0,1.0,0.0,8.0,24.0,A01
201800040085,2.0,1,0,1.0,0.0,8.0,0.0,B01
201800040086,1.0,7,0,9.0,0.0,1.0,19.0,A01
201800040087,1.0,7,0,0.0,1.0,7.0,1.0,A01
201800040088,2.0,31,0,0.0,1.0,1.0,2.0,A01
201800040089,1.0,7,0,0.0,0.0,6.0,22.0,B01
201800040089,1.0,7,0,0.0,0.0,2.0,2.0,A01
201800040090,2.0,7,0,0.0,1.0,4.0,4.0,A01
201800040091,1.0,7,0,0.0,1.0,1.0,0.0,Z01
201800040092,1.0,33,0,0.0,1.0,2.0,19.0,A01
201800040093,1.0,7,0,0.0,1.0,2.0,1.0,A01
201800040094,1.0,7,0,0.0,2.0,3.0,0.0,A01
201800040094,1.0,31,0,0.0,2.0,3.0,9.0,B01
201800040095,1.0,7,0,16.0,1.0,2.0,19.0,A01
201800040096,1.0,7,0,0.0,2.0,6.0,9.0,B01
201800040096,2.0,7,0,0.0,2.0,1.0,19.0,A01
201800040097,1.0,34,0,0.0,1.0,2.0,19.0,A01
201800040098,1.0,7,0,0.0,2.0,3.0,15.0,A01
201800040098,2.0,31,0,0.0,2.0,3.0,1.0,B01
201800040099,1.0,37,1,0.0,9.0,8.0,1.0,B01
201800040099,1.0,7,0,0.0,2.0,1.0,9.0,A01
201800040100,1.0,32,0,0.0,2.0,8.0,2.0,A01
201800040100,1.0,33,0,0.0,2.0,7.0,2.0,B01
201800040101,2.0,34,0,0.0,2.0,8.0,1.0,B01
201800040101,2.0,7,0,0.0,2.0,3.0,15.0,A01
201800040102,1.0,2,0,12.0,1.0,1.0,17.0,A01
201800040103,1.0,3,0,0.0,1.0,7.0,1.0,A01
201800040104,1.0,31,0,0.0,2.0,2.0,1.0,B01
201800040104,2.0,7,0,0.0,2.0,6.0,4.0,A01
201800040105,1.0,10,0,0.0,2.0,1.0,1.0,B01
201800040105,1.0,7,0,0.0,2.0,5.0,2.0,A01
201800040106,2.0,13,0,0.0,2.0,3.0,15.0,A01
201800040106,2.0,34,0,0.0,2.0,1.0,1.0,B01
201800040107,1.0,7,0,0.0,1.0,4.0,4.0,A01
201800040108,1.0,33,0,0.0,1.0,2.0,21.0,A01
201800040109,1.0,7,0,0.0,2.0,1.0,1.0,A01
201800040109,2.0,33,0,0.0,2.0,7.0,1.0,B01
201800040110,1.0,7,0,0.0,2.0,3.0,1.0,B01
201800040110,2.0,31,0,0.0,2.0,1.0,5.0,A01
201800040111,1.0,7,0,0.0,2.0,1.0,17.0,A01
201800040111,1.0,33,0,0.0,2.0,6.0,15.0,B01
201800040112,1.0,7,0,0.0,0.0,0.0,15.0,A01
201800040112,1.0,31,0,0.0,2.0,0.0,15.0,B01
201800040113,1.0,7,0,0.0,1.0,1.0,1.0,A01
201800040114,1.0,7,0,0.0,1.0,1.0,16.0,A01
201800040115,2.0,34,0,0.0,2.0,3.0,1.0,B01
201800040115,2.0,7,0,0.0,2.0,1.0,20.0,A01
201800040116,1.0,15,0,4.0,0.0,1.0,19.0,A01
201800040117,1.0,33,0,0.0,2.0,1.0,13.0,A01
201800040117,2.0,7,0,0.0,2.0,3.0,15.0,B01
201800040118,1.0,7,0,0.0,2.0,3.0,15.0,A01
201800040118,1.0,7,0,0.0,2.0,3.0,15.0,B01
201800040119,1.0,37,30,0.0,1.0,2.0,1.0,A01
201800040120,1.0,31,0,0.0,2.0,8.0,1.0,B01
201800040120,1.0,15,0,0.0,2.0,1.0,9.0,A01
201800040121,1.0,7,0,1.0,0.0,8.0,0.0,B01
201800040121,0.0,7,0,1.0,0.0,7.0,24.0,C01
201800040121,1.0,32,0,1.0,0.0,1.0,17.0,A01
201800040122,0.0,7,0,9.0,0.0,1.0,16.0,A01
201800040122,0.0,37,10,9.0,0.0,4.0,16.0,B01
201800040123,1.0,2,0,0.0,2.0,2.0,17.0,B01
201800040123,1.0,7,0,0.0,2.0,8.0,15.0,A01
201800040124,1.0,99,0,0.0,6.0,1.0,0.0,A01
201800040124,1.0,99,0,0.0,2.0,1.0,0.0,B01
201800040125,0.0,7,0,0.0,2.0,7.0,15.0,A01
201800040125,0.0,33,0,0.0,2.0,1.0,21.0,B01
201800040126,1.0,7,0,9.0,1.0,1.0,1.0,A01
201800040127,2.0,7,0,0.0,1.0,2.0,2.0,A01
201800040128,1.0,7,0,0.0,1.0,2.0,1.0,A01
201800040129,1.0,7,0,0.0,1.0,2.0,1.0,A01
201800040130,1.0,7,0,1.0,1.0,1.0,17.0,A01
201800040131,0.0,2,0,0.0,2.0,4.0,0.0,A01
201800040131,1.0,7,0,0.0,2.0,3.0,15.0,B01
201800040132,0.0,7,0,8.0,2.0,1.0,16.0,A01
201800040132,0.0,2,0,9.0,2.0,8.0,13.0,B01
201800040133,1.0,7,0,0.0,2.0,2.0,15.0,A01
201800040133,2.0,2,0,0.0,2.0,1.0,1.0,B01
201800040134,1.0,7,0,0.0,1.0,2.0,17.0,A01
201800040135,2.0,7,0,0.0,1.0,0.0,2.0,A01
201800040136,1.0,20,0,0.0,1.0,1.0,0.0,A01
201800040137,1.0,10,0,0.0,2.0,8.0,15.0,A01
201800040137,1.0,32,0,0.0,2.0,1.0,1.0,B01
201800040138,1.0,30,0,0.0,2.0,2.0,1.0,B01
201800040138,1.0,7,0,0.0,6.0,3.0,19.0,A01
201800040139,1.0,7,0,0.0,1.0,7.0,1.0,A01
201800040140,1.0,10,0,6.0,1.0,1.0,16.0,A01
201800040141,1.0,33,0,0.0,2.0,3.0,21.0,A01
201800040141,1.0,7,0,0.0,2.0,3.0,15.0,B01
201800040142,1.0,31,0,0.0,2.0,8.0,0.0,A01
201800040142,2.0,7,0,0.0,2.0,3.0,15.0,B01
201800040143,1.0,7,0,0.0,2.0,4.0,0.0,A01
201800040143,1.0,33,0,0.0,2.0,4.0,23.0,B01
201800040144,1.0,7,0,0.0,1.0,2.0,1.0,A01
201800040145,1.0,1,0,0.0,2.0,1.0,11.0,B01
201800040145,1.0,10,0,0.0,6.0,1.0,1.0,A01
201800040146,1.0,7,0,0.0,2.0,8.0,15.0,B01
201800040146,1.0,33,0,0.0,2.0,2.0,17.0,A01
201800040147,1.0,7,0,0.0,1.0,1.0,17.0,A01
201800040148,1.0,7,0,6.0,0.0,1.0,19.0,A01
201800040149,0.0,99,0,0.0,1.0,0.0,15.0,Z01
201800040150,2.0,7,0,1.0,0.0,1.0,14.0,A01
201800040151,1.0,2,0,0.0,2.0,1.0,8.0,B01
201800040151,2.0,10,0,0.0,2.0,4.0,20.0,A01
201800040152,1.0,7,0,0.0,1.0,3.0,15.0,A01
201800040153,2.0,7,0,0.0,9.0,4.0,23.0,C01
201800040153,2.0,10,0,0.0,2.0,1.0,2.0,A01
201800040153,2.0,7,0,0.0,2.0,4.0,23.0,B01
201800040154,2.0,10,0,0.0,2.0,1.0,1.0,A01
201800040154,1.0,7,0,0.0,2.0,8.0,1.0,B01
201800040155,1.0,7,0,0.0,2.0,1.0,2.0,A01
201800040155,1.0,7,0,0.0,2.0,1.0,2.0,B01
201800040155,1.0,7,0,0.0,2.0,4.0,1.0,C01
201800040156,0.0,7,0,13.0,0.0,1.0,14.0,A01
201800040157,2.0,7,0,0.0,2.0,3.0,19.0,A01
201800040157,1.0,7,0,0.0,2.0,2.0,15.0,B01
201800040158,1.0,7,0,0.0,2.0,3.0,19.0,A01
201800040158,2.0,7,0,0.0,2.0,8.0,15.0,B01
201800040159,2.0,7,0,0.0,9.0,4.0,23.0,C01
201800040159,2.0,7,0,0.0,2.0,1.0,19.0,A01
201800040159,2.0,7,0,0.0,2.0,4.0,23.0,B01
201800040160,1.0,7,0,0.0,2.0,2.0,2.0,A01
201800040160,2.0,1,0,0.0,2.0,8.0,1.0,B01
201800040161,2.0,7,0,0.0,2.0,1.0,2.0,A01
201800040161,2.0,37,1,0.0,2.0,4.0,2.0,B01
201800040162,1.0,31,0,0.0,2.0,1.0,17.0,B01
201800040162,1.0,7,0,0.0,2.0,1.0,15.0,A01
201800040163,1.0,7,0,0.0,1.0,1.0,15.0,A01
201800040164,1.0,7,0,0.0,1.0,0.0,4.0,A01
201800040165,1.0,33,0,0.0,2.0,8.0,1.0,A01
201800040165,1.0,7,0,0.0,2.0,0.0,19.0,B01
201800040166,1.0,7,0,1.0,0.0,2.0,11.0,B01
201800040166,1.0,7,0,0.0,9.0,6.0,20.0,A01
201800040167,1.0,7,0,0.0,2.0,6.0,23.0,B01
201800040167,1.0,7,0,16.0,0.0,1.0,17.0,A01
201800040168,2.0,31,0,15.0,2.0,2.0,15.0,B01
201800040168,1.0,7,0,6.0,2.0,1.0,1.0,A01
201800040169,1.0,3,0,0.0,6.0,0.0,21.0,A01
201800040170,0.0,31,0,0.0,2.0,1.0,1.0,A01
201800040170,1.0,7,0,0.0,2.0,6.0,15.0,B01
201800040171,1.0,7,0,0.0,2.0,4.0,1.0,B01
201800040171,1.0,10,0,0.0,2.0,1.0,1.0,A01
201800040172,1.0,7,0,0.0,2.0,1.0,15.0,A01
201800040172,1.0,7,0,0.0,2.0,7.0,9.0,B01
201800040173,1.0,7,0,0.0,9.0,8.0,0.0,B01
201800040173,2.0,33,0,0.0,2.0,1.0,0.0,A01
201800040174,1.0,7,0,0.0,1.0,1.0,17.0,A01
201800040175,2.0,7,0,0.0,2.0,3.0,2.0,B01
201800040175,2.0,7,0,0.0,2.0,1.0,2.0,A01
201800040176,1.0,7,0,0.0,2.0,3.0,9.0,A01
201800040176,1.0,7,0,0.0,2.0,0.0,1.0,B01
201800040177,1.0,7,0,0.0,1.0,3.0,2.0,A01
201800040178,1.0,7,0,3.0,0.0,2.0,14.0,A01
201800040179,1.0,31,0,0.0,2.0,1.0,2.0,B01
201800040179,1.0,10,0,0.0,2.0,4.0,1.0,A01
201800040180,2.0,7,0,0.0,2.0,4.0,23.0,B01
201800040180,2.0,7,0,14.0,0.0,1.0,19.0,A01
201800040181,2.0,7,0,0.0,2.0,3.0,13.0,A01
201800040181,1.0,7,0,0.0,2.0,3.0,1.0,B01
201800040182,1.0,7,0,0.0,9.0,3.0,24.0,A01
201800040182,1.0,1,0,1.0,0.0,2.0,1.0,B01
201800040183,2.0,7,0,0.0,2.0,1.0,1.0,C01