Num_Acc,senc,catv,occutc,obs,obsm,choc,manv,num_veh
201800040439,0.0,1,0,0.0,2.0,8.0,19.0,B01
201800040439,1.0,7,0,0.0,2.0,1.0,1.0,A01
201800040440,0.0,10,0,0.0,1.0,8.0,1.0,A01
201800040441,0.0,7,0,0.0,1.0,4.0,0.0,A01
201800040442,0.0,7,0,0.0,2.0,7.0,1.0,A01
201800040442,0.0,7,0,0.0,2.0,1.0,1.0,B01
201800040443,0.0,7,0,0.0,1.0,1.0,0.0,A01
201800040444,0.0,7,0,0.0,1.0,3.0,13.0,A01
201800040445,1.0,7,0,0.0,2.0,5.0,15.0,B01
201800040445,1.0,33,0,0.0,2.0,1.0,0.0,A01
201800040446,1.0,7,0,0.0,2.0,7.0,1.0,B01
201800040446,1.0,7,0,0.0,2.0,1.0,1.0,A01
201800040447,2.0,33,0,0.0,2.0,8.0,1.0,B01
201800040447,1.0,33,0,0.0,2.0,1.0,15.0,A01
201800040448,0.0,7,0,0.0,1.0,2.0,21.0,A01
201800040449,1.0,32,0,0.0,2.0,3.0,1.0,B01
201800040449,2.0,10,0,0.0,2.0,6.0,0.0,A01
201800040450,1.0,7,0,0.0,1.0,2.0,16.0,A01
201800040451,2.0,3,0,0.0,2.0,1.0,2.0,A01
201800040451,2.0,3,0,9.0,0.0,4.0,23.0,B01
201800040452,1.0,7,0,0.0,1.0,2.0,20.0,A01
201800040453,0.0,7,0,0.0,1.0,1.0,16.0,A01
201800040454,0.0,7,0,0.0,2.0,3.0,1.0,B01
201800040454,0.0,7,0,0.0,2.0,1.0,2.0,C01
201800040454,0.0,99,0,0.0,2.0,3.0,1.0,A01
201800040455,0.0,7,0,0.0,1.0,5.0,20.0,A01
201800040456,0.0,7,0,0.0,2.0,2.0,1.0,A01
201800040456,0.0,7,0,0.0,2.0,1.0,1.0,B01
201800040457,2.0,7,0,0.0,1.0,2.0,1.0,A01
201800040458,1.0,34,0,0.0,2.0,1.0,17.0,B01
201800040458,1.0,10,0,0.0,2.0,3.0,10.0,A01
201800040459,0.0,1,0,0.0,2.0,7.0,0.0,B01
201800040459,2.0,7,0,0.0,0.0,0.0,0.0,A01
201800040460,1.0,7,0,0.0,1.0,4.0,4.0,A01
201800040461,1.0,7,0,4.0,0.0,3.0,1.0,A01
201800040462,2.0,7,0,0.0,1.0,7.0,1.0,A01
201800040463,2.0,7,0,0.0,2.0,1.0,19.0,B01
201800040463,1.0,7,0,0.0,2.0,2.0,1.0,A01
201800040464,1.0,7,0,0.0,1.0,4.0,20.0,A01
201800040465,1.0,7,0,0.0,2.0,2.0,1.0,A01
201800040465,1.0,7,0,0.0,2.0,6.0,1.0,B01
201800040466,1.0,7,0,0.0,2.0,7.0,15.0,A01
201800040466,1.0,33,0,0.0,2.0,1.0,1.0,B01
201800040467,1.0,7,0,8.0,0.0,1.0,16.0,A01
201800040468,1.0,7,0,0.0,1.0,3.0,1.0,A01
201800040469,1.0,7,0,0.0,1.0,3.0,16.0,A01
201800040470,1.0,7,0,0.0,2.0,3.0,1.0,B01
201800040470,1.0,7,0,0.0,2.0,2.0,15.0,A01
201800040471,1.0,7,0,0.0,2.0,2.0,12.0,A01
201800040471,1.0,7,0,0.0,2.0,6.0,1.0,B01
201800040472,2.0,7,0,0.0,2.0,3.0,20.0,A01
201800040472,2.0,99,0,0.0,2.0,2.0,17.0,B01
201800040473,2.0,3,0,1.0,0.0,1.0,2.0,A01
201800040474,1.0,7,0,0.0,2.0,6.0,16.0,B01
201800040474,1.0,7,0,0.0,2.0,0.0,17.0,A01
201800040475,1.0,7,0,0.0,2.0,1.0,1.0,B01
201800040475,1.0,7,0,0.0,2.0,1.0,1.0,A01
201800040476,1.0,7,0,0.0,2.0,1.0,1.0,A01
201800040476,1.0,7,0,0.0,2.0,4.0,1.0,B01
201800040476,1.0,7,0,0.0,2.0,4.0,1.0,C01
201800040476,1.0,7,0,0.0,2.0,4.0,1.0,D01
201800040477,1.0,7,0,0.0,2.0,4.0,1.0,C01
201800040477,1.0,7,0,0.0,2.0,1.0,1.0,A01
201800040477,1.0,7,0,0.0,2.0,1.0,1.0,B01
201800040478,1.0,10,0,0.0,2.0,3.0,1.0,B01
201800040478,1.0,7,0,0.0,2.0,1.0,15.0,A01
201800040479,0.0,7,0,0.0,2.0,1.0,2.0,A01
201800040479,0.0,7,0,0.0,2.0,4.0,0.0,B01
201800040480,1.0,34,0,0.0,2.0,1.0,15.0,A01
201800040480,1.0,7,0,0.0,2.0,6.0,15.0,B01
201800040481,2.0,33,0,0.0,0.0,1.0,1.0,B01
201800040481,1.0,7,0,0.0,2.0,2.0,15.0,A01
201800040482,1.0,7,0,9.0,1.0,1.0,20.0,A01
201800040483,1.0,7,0,0.0,2.0,4.0,23.0,B01
201800040483,1.0,7,0,0.0,2.0,1.0,1.0,A01
201800040483,1.0,7,0,0.0,2.0,4.0,23.0,C01
201800040484,0.0,33,0,0.0,2.0,0.0,0.0,A01
201800040484,0.0,7,0,0.0,2.0,3.0,15.0,B01
201800040485,1.0,7,0,0.0,1.0,3.0,15.0,A01
201800040486,2.0,7,0,0.0,2.0,3.0,0.0,C01
201800040486,2.0,7,0,0.0,2.0,1.0,19.0,A01
201800040486,2.0,33,0,0.0,2.0,8.0,1.0,B01
201800040487,1.0,1,0,0.0,2.0,3.0,1.0,B01
201800040487,0.0,10,0,0.0,6.0,1.0,0.0,A01
201800040488,0.0,30,0,0.0,2.0,1.0,0.0,A01
201800040488,0.0,10,0,0.0,2.0,6.0,0.0,B01
201800040489,0.0,10,0,0.0,0.0,8.0,1.0,A01
201800040489,,1,0,,,,,B01
201800040490,0.0,1,0,0.0,2.0,1.0,1.0,B01
201800040490,2.0,10,0,0.0,2.0,2.0,9.0,A01
201800040491,1.0,7,0,16.0,0.0,2.0,1.0,A01
201800040491,2.0,7,0,16.0,0.0,0.0,0.0,C01
201800040491,2.0,7,0,16.0,0.0,0.0,0.0,D01
201800040491,1.0,7,0,16.0,0.0,0.0,0.0,B01
201800040492,1.0,7,0,1.0,2.0,1.0,2.0,A01
201800040492,1.0,7,0,0.0,2.0,4.0,23.0,B01
201800040493,1.0,10,0,0.0,2.0,1.0,1.0,A01
201800040493,0.0,1,0,0.0,2.0,5.0,1.0,B01
201800040494,1.0,7,0,0.0,2.0,1.0,2.0,A01
201800040494,2.0,32,0,0.0,2.0,3.0,1.0,C01
201800040494,1.0,7,0,0.0,6.0,4.0,19.0,B01
201800040495,1.0,7,0,0.0,1.0,3.0,17.0,A01
201800040496,1.0,7,0,0.0,1.0,2.0,1.0,A01
201800040497,0.0,7,0,0.0,1.0,2.0,0.0,A01
201800040498,0.0,7,0,0.0,2.0,2.0,2.0,A01
201800040498,0.0,7,0,0.0,2.0,4.0,2.0,B01
201800040499,2.0,7,0,1.0,1.0,5.0,17.0,A01
201800040500,0.0,33,0,0.0,2.0,1.0,0.0,B01
201800040500,1.0,7,0,0.0,2.0,2.0,0.0,A01
201800040501,0.0,7,0,15.0,0.0,1.0,16.0,A01
201800040502,1.0,7,0,0.0,1.0,7.0,1.0,A01
201800040503,0.0,7,0,0.0,2.0,1.0,2.0,B01
201800040503,0.0,7,0,12.0,0.0,2.0,2.0,A01
201800040504,0.0,7,0,0.0,2.0,7.0,1.0,B01
201800040504,0.0,7,0,0.0,2.0,3.0,2.0,A01
201800040505,0.0,7,0,0.0,2.0,7.0,15.0,A01
201800040505,2.0,7,0,0.0,2.0,2.0,1.0,B01
201800040506,0.0,7,0,0.0,2.0,1.0,0.0,A01
201800040506,0.0,31,0,0.0,2.0,1.0,0.0,B01
201800040507,1.0,7,0,1.0,0.0,3.0,21.0,A01
201800040508,1.0,7,0,0.0,2.0,6.0,1.0,B01
201800040508,1.0,7,0,0.0,2.0,3.0,19.0,A01
201800040509,1.0,7,0,0.0,2.0,3.0,1.0,B01
201800040509,1.0,10,0,0.0,2.0,2.0,14.0,A01
201800040510,1.0,7,0,8.0,0.0,2.0,1.0,A01
201800040511,1.0,7,0,0.0,0.0,7.0,23.0,A01
201800040511,1.0,37,1,0.0,0.0,8.0,1.0,B01
201800040512,0.0,7,0,0.0,2.0,4.0,2.0,B01
201800040512,0.0,7,0,0.0,2.0,1.0,2.0,A01
201800040513,0.0,10,0,0.0,2.0,4.0,2.0,C01
201800040513,1.0,10,0,0.0,2.0,1.0,23.0,B01
201800040513,0.0,10,0,0.0,2.0,1.0,2.0,A01
201800040514,0.0,10,0,0.0,2.0,1.0,13.0,A01
201800040514,1.0,37,5,0.0,2.0,3.0,1.0,B01
201800040515,0.0,10,0,0.0,1.0,6.0,0.0,A01
201800040516,1.0,31,0,0.0,2.0,7.0,1.0,B01
201800040516,1.0,10,0,0.0,2.0,1.0,0.0,A01
201800040517,0.0,32,0,0.0,2.0,3.0,2.0,B01
201800040517,0.0,7,0,1.0,0.0,2.0,0.0,A01
201800040518,2.0,7,0,0.0,2.0,1.0,0.0,A01
201800040518,2.0,32,0,0.0,2.0,7.0,16.0,B01
201800040519,0.0,32,0,0.0,2.0,4.0,1.0,B01
201800040519,0.0,7,0,0.0,2.0,1.0,1.0,A01
201800040520,1.0,7,0,0.0,1.0,1.0,16.0,A01
201800040521,0.0,1,0,0.0,2.0,2.0,19.0,A01
201800040521,0.0,7,0,0.0,2.0,3.0,1.0,B01
201800040522,1.0,7,0,0.0,2.0,6.0,0.0,B01
201800040522,1.0,7,0,0.0,2.0,6.0,0.0,C01
201800040522,1.0,7,0,0.0,2.0,0.0,0.0,A01
201800040523,1.0,7,0,0.0,2.0,1.0,15.0,A01
201800040523,2.0,37,1,0.0,2.0,3.0,1.0,B01
201800040524,1.0,7,0,0.0,2.0,1.0,2.0,A01
201800040524,1.0,7,0,0.0,2.0,4.0,2.0,B01
201800040525,0.0,7,0,0.0,2.0,1.0,0.0,A01
201800040525,2.0,34,0,0.0,2.0,5.0,1.0,B01
201800040526,0.0,10,0,0.0,2.0,3.0,0.0,A01
201800040526,1.0,10,0,0.0,2.0,3.0,0.0,B01
201800040527,1.0,7,0,16.0,2.0,2.0,19.0,B01
201800040527,1.0,30,0,14.0,2.0,3.0,9.0,A01
201800040528,1.0,7,0,0.0,1.0,1.0,7.0,Z01
201800040529,1.0,7,0,0.0,1.0,7.0,19.0,A01
201800040530,1.0,7,0,0.0,2.0,1.0,2.0,A01
201800040530,1.0,7,0,0.0,9.0,4.0,2.0,C01
201800040530,1.0,7,0,0.0,2.0,4.0,2.0,B01
201800040531,1.0,7,0,0.0,2.0,8.0,21.0,A01
201800040531,1.0,7,0,0.0,2.0,8.0,13.0,B01
201800040532,1.0,10,0,0.0,2.0,3.0,9.0,A01
201800040532,1.0,2,0,0.0,2.0,1.0,1.0,B01
201800040533,1.0,7,0,0.0,2.0,5.0,15.0,A01
201800040533,2.0,30,0,0.0,2.0,1.0,1.0,B01
201800040534,1.0,10,0,1.0,0.0,3.0,0.0,B01
201800040534,2.0,1,0,1.0,2.0,2.0,2.0,A01
201800040535,0.0,7,0,0.0,2.0,3.0,1.0,B01
201800040535,0.0,30,0,0.0,2.0,1.0,5.0,A01
201800040536,1.0,7,0,0.0,1.0,2.0,1.0,A01
201800040537,0.0,31,0,0.0,1.0,0.0,0.0,A01
201800040538,0.0,10,0,0.0,6.0,1.0,1.0,A01
201800040538,0.0,7,0,0.0,0.0,8.0,1.0,B01
201800040539,2.0,10,0,0.0,1.0,1.0,2.0,A01
201800040540,1.0,10,0,0.0,2.0,4.0,23.0,A01
201800040540,1.0,10,0,0.0,2.0,1.0,15.0,B01
201800040541,2.0,14,0,6.0,1.0,1.0,14.0,A01
201800040541,2.0,10,0,1.0,0.0,1.0,0.0,C01
201800040542,0.0,10,0,15.0,2.0,3.0,1.0,B01
201800040542,2.0,10,0,0.0,2.0,2.0,1.0,A01
201800040543,1.0,7,0,0.0,2.0,1.0,2.0,A01
201800040543,0.0,7,0,0.0,2.0,4.0,23.0,B01
201800040544,2.0,1,0,0.0,1.0,1.0,16.0,A01
201800040545,1.0,7,0,0.0,2.0,1.0,9.0,A01
201800040545,2.0,7,0,0.0,2.0,3.0,5.0,B01
201800040546,2.0,7,0,0.0,2.0,3.0,9.0,B01
201800040546,2.0,7,0,15.0,2.0,1.0,9.0,A01
201800040547,2.0,7,0,1.0,2.0,0.0,0.0,A01
201800040547,2.0,34,0,0.0,2.0,1.0,1.0,B01
201800040548,2.0,34,0,0.0,1.0,1.0,1.0,A01
201800040549,2.0,30,0,0.0,2.0,7.0,19.0,A01
201800040549,2.0,7,0,0.0,2.0,1.0,1.0,B01
201800040550,1.0,10,0,0.0,1.0,4.0,20.0,A01
201800040551,2.0,2,0,0.0,2.0,1.0,1.0,B01
201800040551,1.0,10,0,0.0,6.0,1.0,15.0,A01
201800040552,1.0,7,0,0.0,1.0,1.0,0.0,A01
201800040553,1.0,7,0,0.0,2.0,3.0,2.0,A01
201800040553,1.0,10,0,0.0,6.0,5.0,23.0,B01
201800040554,1.0,10,0,0.0,2.0,1.0,1.0,A01
201800040554,1.0,7,0,0.0,2.0,3.0,1.0,B01
201800040555,1.0,10,0,0.0,1.0,2.0,16.0,A01
201800040556,1.0,7,0,9.0,2.0,4.0,2.0,B01
201800040556,1.0,7,0,0.0,2.0,1.0,13.0,A01
201800040557,1.0,37,30,0.0,0.0,3.0,0.0,B01
201800040557,1.0,7,0,12.0,0.0,2.0,17.0,A01
201800040558,0.0,10,0,1.0,0.0,0.0,0.0,B01
201800040558,0.0,10,0,0.0,2.0,1.0,21.0,A01
201800040559,1.0,7,0,0.0,2.0,1.0,2.0,B01
201800040559,0.0,7,0,0.0,2.0,2.0,5.0,A01
201800040560,2.0,99,0,0.0,2.0,1.0,0.0,A01
201800040560,0.0,7,0,0.0,0.0,4.0,0.0,B01
201800040561,1.0,7,0,0.0,2.0,4.0,2.0,B01
201800040561,1.0,7,0,0.0,2.0,1.0,2.0,A01
201800040562,0.0,7,0,1.0,1.0,1.0,1.0,A01
201800040563,2.0,7,0,2.0,2.0,1.0,2.0,B01
201800040563,2.0,10,0,0.0,2.0,6.0,23.0,A01
201800040564,1.0,2,0,0.0,2.0,2.0,21.0,B01
201800040564,1.0,7,0,0.0,2.0,6.0,9.0,A01
201800040565,0.0,10,0,0.0,1.0,2.0,15.0,A01
201800040566,1.0,7,0,0.0,2.0,1.0,0.0,A01
201800040566,1.0,7,0,0.0,2.0,4.0,1.0,B01
201800040567,1.0,31,0,0.0,2.0,1.0,1.0,B01
201800040567,1.0,7,0,0.0,2.0,2.0,15.0,A01
201800040568,1.0,34,0,0.0,2.0,1.0,2.0,A01
201800040568,2.0,10,0,0.0,2.0,8.0,9.0,B01
201800040569,1.0,7,0,0.0,1.0,3.0,1.0,A01
201800040569,2.0,7,0,0.0,2.0,1.0,11.0,B01
201800040570,1.0,34,0,0.0,2.0,8.0,0.0,A01
201800040570,2.0,7,0,0.0,2.0,8.0,0.0,B01
201800040571,2.0,37,1,1.0,1.0,5.0,17.0,A01
201800040572,1.0,7,0,0.0,2.0,6.0,18.0,A01
201800040572,1.0,13,0,0.0,2.0,2.0,0.0,B01
201800040573,1.0,7,0,0.0,2.0,7.0,19.0,B01
201800040573,2.0,7,0,0.0,2.0,1.0,1.0,A01
201800040574,1.0,7,0,0.0,1.0,3.0,19.0,A01
201800040575,1.0,33,0,0.0,2.0,1.0,1.0,A01
201800040575,1.0,15,0,0.0,2.0,2.0,23.0,B01
201800040576,1.0,7,0,0.0,2.0,4.0,2.0,A01
201800040576,1.0,7,0,0.0,2.0,4.0,2.0,B01
201800040577,1.0,7,0,0.0,1.0,3.0,2.0,A01
201800040578,1.0,7,0,0.0,1.0,7.0,16.0,A01
201800040579,0.0,99,0,0.0,2.0,0.0,0.0,R01
201800040579,1.0,7,0,0.0,2.0,3.0,1.0,A01
201800040580,2.0,7,0,0.0,2.0,5.0,15.0,B01
201800040580,2.0,7,0,0.0,2.0,2.0,0.0,Z01
201800040581,1.0,7,0,0.0,2.0,1.0,23.0,A01
201800040581,1.0,34,0,1.0,0.0,0.0,23.0,B01
201800040582,2.0,7,0,14.0,0.0,1.0,16.0,A01
201800040583,1.0,7,0,8.0,0.0,2.0,15.0,A01
201800040584,1.0,7,0,0.0,2.0,0.0,9.0,A01
201800040584,1.0,32,0,0.0,2.0,8.0,21.0,B01
201800040585,2.0,31,0,0.0,2.0,1.0,9.0,A01
201800040585,1.0,7,0,0.0,2.0,3.0,9.0,Z01
201800040586,1.0,2,0,0.0,2.0,3.0,13.0,A01
201800040586,1.0,7,0,0.0,2.0,0.0,23.0,C01
201800040586,1.0,7,0,0.0,2.0,5.0,1.0,B01
201800040587,1.0,33,0,0.0,2.0,1.0,1.0,B01
201800040587,1.0,7,0,0.0,2.0,3.0,9.0,A01
201800040588,1.0,31,0,0.0,2.0,6.0,1.0,B01
201800040588,2.0,7,0,0.0,2.0,6.0,15.0,A01
201800040589,1.0,7,0,0.0,2.0,1.0,1.0,B01
201800040589,1.0,34,0,0.0,2.0,8.0,1.0,A01
201800040590,1.0,1,0,0.0,0.0,1.0,1.0,A01
201800040591,2.0,13,0,0.0,2.0,3.0,21.0,B01
201800040591,2.0,34,0,0.0,2.0,7.0,17.0,A01
201800040592,2.0,7,0,0.0,2.0,2.0,15.0,A01
201800040592,1.0,33,0,0.0,2.0,1.0,1.0,B01
201800040593,2.0,33,0,0.0,2.0,3.0,18.0,A01
201800040593,2.0,13,0,0.0,2.0,5.0,1.0,B01
201800040594,1.0,34,0,0.0,2.0,7.0,0.0,B01
201800040594,1.0,7,0,0.0,2.0,8.0,10.0,A01
201800040595,1.0,1,0,0.0,2.0,1.0,17.0,B01
201800040595,1.0,7,0,0.0,9.0,3.0,15.0,A01
201800040596,1.0,7,0,0.0,2.0,4.0,23.0,B01
201800040596,1.0,31,0,0.0,2.0,1.0,21.0,A01
201800040597,1.0,7,0,12.0,0.0,9.0,14.0,A01
201800040598,1.0,7,0,0.0,1.0,1.0,0.0,A01
201800040599,2.0,99,0,0.0,2.0,0.0,0.0,R01
201800040599,2.0,7,0,0.0,2.0,8.0,20.0,A01
201800040600,1.0,7,0,0.0,2.0,5.0,23.0,A01
201800040600,1.0,2,0,0.0,2.0,2.0,11.0,B01
201800040601,1.0,3,0,1.0,0.0,2.0,13.0,A01
201800040601,1.0,34,0,1.0,0.0,1.0,12.0,B01
201800040602,1.0,33,0,0.0,2.0,1.0,2.0,B01
201800040602,1.0,7,0,0.0,2.0,2.0,9.0,A01
201800040603,1.0,1,0,0.0,2.0,8.0,1.0,A01
201800040603,2.0,15,0,0.0,9.0,5.0,1.0,B01
201800040604,2.0,31,0,0.0,2.0,1.0,13.0,B01
201800040604,1.0,7,0,0.0,2.0,3.0,1.0,A01
201800040605,1.0,99,0,0.0,9.0,3.0,19.0,B01
201800040605,2.0,34,0,0.0,9.0,3.0,15.0,A01
201800040606,1.0,1,0,0.0,2.0,1.0,1.0,A01
201800040606,1.0,99,0,0.0,9.0,1.0,9.0,B01
201800040607,1.0,33,0,0.0,2.0,8.0,9.0,A01
201800040607,1.0,15,0,0.0,2.0,1.0,2.0,B01
201800040608,2.0,7,0,0.0,2.0,3.0,11.0,A01
201800040608,2.0,34,0,0.0,2.0,5.0,1.0,B01
201800040609,2.0,34,0,0.0,0.0,3.0,23.0,A01
201800040610,1.0,7,0,0.0,2.0,4.0,23.0,B01
201800040610,1.0,32,0,0.0,2.0,1.0,1.0,A01
201800040611,1.0,34,0,0.0,2.0,1.0,1.0,A01
201800040611,2.0,13,0,0.0,2.0,4.0,10.0,B01
201800040612,2.0,30,0,0.0,1.0,4.0,8.0,A01
201800040613,1.0,7,0,0.0,2.0,6.0,10.0,A01
201800040613,1.0,33,0,0.0,2.0,0.0,0.0,B01
201800040614,1.0,7,0,0.0,1.0,1.0,1.0,A01
201800040615,1.0,32,0,0.0,0.0,0.0,0.0,A01
201800040616,2.0,7,0,0.0,2.0,2.0,0.0,B01
201800040616,2.0,7,0,0.0,2.0,4.0,16.0,A01
201800040617,1.0,10,0,0.0,2.0,1.0,1.0,A01
201800040617,2.0,10,0,0.0,2.0,1.0,19.0,B01
201800040618,1.0,10,0,0.0,1.0,1.0,1.0,A01
201800040619,0.0,7,0,0.0,1.0,1.0,1.0,A01
201800040620,2.0,7,0,0.0,2.0,1.0,2.0,A01
201800040620,2.0,34,0,0.0,2.0,4.0,23.0,B01
201800040621,1.0,7,0,0.0,2.0,8.0,0.0,D01
201800040621,2.0,33,0,0.0,2.0,1.0,21.0,A01
201800040621,2.0,13,0,0.0,2.0,6.0,21.0,B01
201800040621,1.0,13,0,0.0,2.0,3.0,0.0,C01
201800040622,2.0,7,0,0.0,1.0,6.0,4.0,A01
201800040623,2.0,10,0,0.0,2.0,2.0,15.0,A01
201800040623,1.0,33,0,0.0,2.0,1.0,1.0,B01
201800040624,0.0,33,0,0.0,2.0,1.0,19.0,A01
201800040624,0.0,10,0,0.0,2.0,5.0,19.0,B01
201800040625,2.0,7,0,0.0,2.0,3.0,13.0,B01
201800040625,1.0,30,0,0.0,2.0,2.0,17.0,A01
201800040626,1.0,7,0,0.0,1.0,1.0,0.0,A01
201800040627,1.0,34,0,0.0,2.0,7.0,17.0,A01
201800040627,1.0,7,0,0.0,2.0,8.0,13.0,B01
201800040628,2.0,13,0,0.0,1.0,0.0,19.0,A01
201800040629,1.0,99,0,0.0,2.0,1.0,12.0,A01
201800040629,1.0,33,0,0.0,2.0,0.0,0.0,B01
201800040630,1.0,10,0,0.0,2.0,2.0,17.0,A01
201800040630,1.0,2,0,0.0,2.0,3.0,1.0,B01
201800040631,1.0,10,0,0.0,2.0,4.0,21.0,A01
201800040632,0.0,7,0,1.0,1.0,6.0,4.0,A01
201800040633,2.0,7,0,0.0,2.0,2.0,12.0,A01
201800040633,2.0,7,0,0.0,2.0,0.0,0.0,B01
201800040634,1.0,7,0,0.0,2.0,2.0,13.0,A01
201800040634,1.0,7,0,0.0,2.0,6.0,2.0,B01
201800040635,2.0,7,0,0.0,2.0,3.0,15.0,B01
201800040635,2.0,30,0,0.0,2.0,2.0,17.0,A01
201800040636,1.0,30,0,0.0,1.0,1.0,0.0,A01
201800040637,1.0,7,0,0.0,2.0,2.0,17.0,B01
201800040637,1.0,7,0,0.0,2.0,3.0,23.0,A01
201800040638,1.0,10,0,0.0,2.0,1.0,2.0,B01
201800040638,1.0,7,0,0.0,9.0,4.0,22.0,A01
201800040639,2.0,7,0,0.0,1.0,1.0,1.0,A01
201800040640,1.0,7,0,0.0,2.0,3.0,9.0,B01
201800040640,1.0,30,0,0.0,2.0,7.0,15.0,A01
201800040641,2.0,34,0,0.0,1.0,1.0,1.0,A01
201800040642,1.0,7,0,0.0,2.0,7.0,1.0,A01
201800040642,1.0,7,0,0.0,2.0,1.0,1.0,B01
201800040643,1.0,7,0,0.0,9.0,1.0,15.0,A01
201800040644,1.0,31,0,0.0,1.0,2.0,2.0,A01
201800040645,2.0,7,0,0.0,2.0,4.0,23.0,A01
201800040645,2.0,7,0,0.0,2.0,1.0,21.0,B01
201800040646,2.0,7,0,14.0,0.0,1.0,1.0,A01
201800040647,1.0,7,0,14.0,0.0,3.0,1.0,A01
201800040648,2.0,33,0,0.0,2.0,7.0,17.0,B01
201800040648,2.0,7,0,0.0,2.0,6.0,15.0,A01
201800040649,1.0,37,1,0.0,1.0,1.0,15.0,A01
201800040650,1.0,7,0,0.0,9.0,8.0,22.0,A01
201800040650,1.0,1,0,1.0,0.0,0.0,0.0,B01
201800040651,1.0,7,0,1.0,2.0,8.0,13.0,A01
201800040651,1.0,31,0,1.0,0.0,2.0,13.0,B01
201800040652,0.0,7,0,0.0,2.0,5.0,1.0,B01
201800040652,0.0,7,0,0.0,1.0,1.0,1.0,A01
201800040653,1.0,7,0,0.0,2.0,2.0,10.0,A01
201800040653,2.0,7,0,8.0,2.0,1.0,1.0,B01
201800040654,1.0,7,0,0.0,2.0,0.0,13.0,A01
201800040654,1.0,7,0,0.0,2.0,8.0,15.0,B01
201800040655,1.0,7,0,0.0,2.0,1.0,1.0,A01
201800040655,2.0,7,0,0.0,2.0,7.0,19.0,B01
201800040656,1.0,7,0,0.0,1.0,1.0,19.0,A01
201800040657,1.0,7,0,1.0,0.0,9.0,0.0,A01
201800040658,1.0,7,0,0.0,9.0,3.0,9.0,A01
201800040658,1.0,33,0,0.0,2.0,2.0,12.0,B01
201800040659,2.0,7,0,0.0,1.0,3.0,1.0,A01
201800040660,2.0,7,0,0.0,2.0,5.0,15.0,B01
201800040660,2.0,34,0,0.0,2.0,1.0,1.0,A01
201800040661,2.0,31,0,0.0,1.0,1.0,19.0,A01
201800040662,1.0,7,0,0.0,1.0,2.0,1.0,A01
201800040663,1.0,7,0,0.0,2.0,2.0,1.0,B01
201800040663,1.0,7,0,0.0,2.0,1.0,1.0,A01
201800040664,2.0,7,0,0.0,2.0,3.0,1.0,A01
201800040664,1.0,7,0,0.0,2.0,1.0,1.0,B01
201800040665,1.0,31,0,0.0,2.0,2.0,17.0,B01
201800040665,1.0,7,0,0.0,2.0,8.0,15.0,A01
201800040666,2.0,7,0,8.0,2.0,2.0,15.0,A01
201800040666,1.0,7,0,0.0,2.0,3.0,1.0,B01
201800040667,1.0,7,0,0.0,2.0,2.0,1.0,A01
201800040667,1.0,7,0,0.0,2.0,1.0,1.0,B01
201800040668,1.0,31,0,0.0,2.0,1.0,1.0,B01
201800040668,1.0,7,0,0.0,2.0,3.0,19.0,A01
201800040669,1.0,7,0,0.0,2.0,1.0,21.0,A01
201800040670,2.0,31,0,0.0,2.0,4.0,23.0,A01
201800040670,2.0,7,0,0.0,2.0,1.0,0.0,Z01
201800040671,1.0,33,0,0.0,2.0,7.0,1.0,B01
201800040671,2.0,7,0,0.0,2.0,1.0,16.0,A01
201800040672,1.0,7,0,9.0,0.0,1.0,1.0,A01
201800040673,2.0,7,0,15.0,2.0,8.0,1.0,B01
201800040673,1.0,7,0,0.0,2.0,1.0,1.0,A01
201800040674,2.0,7,0,0.0,2.0,3.0,1.0,B01
201800040674,1.0,7,0,0.0,2.0,3.0,9.0,A01
201800040675,2.0,7,0,0.0,2.0,3.0,23.0,B01
201800040675,1.0,33,0,0.0,2.0,1.0,21.0,A01
201800040676,2.0,3,0,0.0,0.0,9.0,10.0,A01
201800040677,1.0,7,0,2.0,0.0,9.0,16.0,A01
201800040678,0.0,99,0,0.0,2.0,0.0,0.0,R01
201800040678,1.0,10,0,0.0,2.0,8.0,2.0,A01
201800040679,1.0,7,0,0.0,2.0,2.0,1.0,A01
201800040679,2.0,7,0,0.0,2.0,3.0,15.0,B01
201800040680,2.0,7,0,0.0,2.0,4.0,23.0,C01
201800040680,2.0,7,0,0.0,2.0,4.0,23.0,B01
201800040680,2.0,7,0,0.0,2.0,1.0,23.0,A01
201800040681,2.0,7,0,0.0,2.0,1.0,1.0,A01
201800040681,2.0,7,0,0.0,2.0,4.0,1.0,B01
201800040682,1.0,7,0,1.0,2.0,7.0,17.0,B01
201800040682,1.0,7,0,0.0,2.0,2.0,14.0,A01
201800040683,1.0,7,0,0.0,1.0,7.0,1.0,A01
201800040684,2.0,7,0,1.0,0.0,3.0,13.0,A01
201800040685,1.0,7,0,0.0,2.0,1.0,9.0,A01
201800040685,2.0,7,0,2.0,2.0,7.0,1.0,B01
201800040686,1.0,31,0,0.0,1.0,0.0,1.0,A01
201800040687,1.0,7,0,1.0,1.0,2.0,17.0,A01
201800040688,2.0,7,0,0.0,1.0,1.0,15.0,A01
201800040689,1.0,7,0,2.0,0.0,1.0,2.0,A01
201800040690,1.0,7,0,0.0,1.0,2.0,16.0,A01
201800040691,1.0,7,0,0.0,1.0,3.0,15.0,A01