Num_Acc,senc,catv,occutc,obs,obsm,choc,manv,num_veh
201800040692,1.0,1,0,0.0,2.0,4.0,9.0,B01
201800040692,1.0,33,0,0.0,2.0,1.0,2.0,A01
201800040693,1.0,7,0,1.0,2.0,7.0,1.0,A01
201800040693,1.0,7,0,0.0,2.0,1.0,23.0,B01
201800040694,0.0,7,0,0.0,2.0,1.0,1.0,A01
201800040694,1.0,7,0,0.0,2.0,1.0,16.0,B01
201800040695,1.0,10,0,0.0,2.0,1.0,1.0,A01
201800040695,2.0,7,0,0.0,2.0,3.0,16.0,B01
201800040696,1.0,7,0,0.0,2.0,2.0,15.0,A01
201800040696,2.0,33,0,0.0,2.0,1.0,1.0,B01
201800040697,0.0,7,0,0.0,2.0,3.0,0.0,A01
201800040697,0.0,1,0,0.0,2.0,3.0,19.0,B01
201800040698,2.0,20,0,0.0,2.0,1.0,21.0,A01
201800040698,2.0,7,0,0.0,2.0,4.0,23.0,B01
201800040699,1.0,10,0,0.0,2.0,1.0,19.0,A01
201800040699,2.0,10,0,0.0,2.0,3.0,15.0,B01
201800040700,0.0,7,0,0.0,2.0,9.0,9.0,A01
201800040700,0.0,7,0,0.0,2.0,2.0,2.0,B01
201800040701,1.0,2,0,0.0,2.0,5.0,2.0,B01
201800040701,0.0,7,0,0.0,2.0,3.0,16.0,A01
201800040702,0.0,10,0,0.0,6.0,2.0,23.0,A01
201800040702,1.0,1,0,1.0,0.0,3.0,22.0,B01
201800040703,1.0,7,0,6.0,1.0,2.0,0.0,A01
201800040704,2.0,7,0,0.0,2.0,8.0,17.0,A01
201800040704,1.0,34,0,0.0,2.0,1.0,1.0,B01
201800040705,0.0,20,0,0.0,1.0,2.0,16.0,A01
201800040706,1.0,33,0,0.0,0.0,0.0,0.0,A01
201800040707,2.0,7,0,0.0,1.0,2.0,2.0,A01
201800040708,1.0,7,0,0.0,2.0,1.0,2.0,A01
201800040708,1.0,7,0,0.0,2.0,4.0,2.0,B01
201800040709,1.0,7,0,0.0,1.0,2.0,1.0,A01
201800040710,1.0,7,0,6.0,0.0,3.0,20.0,A01
201800040711,0.0,33,0,0.0,2.0,1.0,21.0,B01
201800040711,0.0,10,0,0.0,2.0,6.0,20.0,A01
201800040712,1.0,7,0,0.0,2.0,8.0,2.0,B01
201800040712,1.0,7,0,0.0,2.0,1.0,2.0,A01
201800040713,2.0,7,0,0.0,1.0,2.0,1.0,A01
201800040714,1.0,7,0,0.0,1.0,1.0,13.0,A01
201800040715,1.0,7,0,0.0,2.0,2.0,1.0,B01
201800040715,2.0,7,0,0.0,2.0,3.0,1.0,A01
201800040716,1.0,33,0,0.0,2.0,1.0,17.0,A01
201800040716,1.0,7,0,0.0,2.0,6.0,9.0,B01
201800040717,0.0,7,0,0.0,2.0,1.0,1.0,A01
201800040717,0.0,1,0,0.0,2.0,1.0,0.0,B01
201800040718,1.0,33,0,0.0,2.0,3.0,1.0,A01
201800040718,2.0,7,0,0.0,2.0,1.0,15.0,B01
201800040719,1.0,7,0,0.0,2.0,3.0,1.0,B01
201800040719,2.0,7,0,0.0,2.0,2.0,1.0,A01
201800040720,1.0,7,0,0.0,2.0,2.0,1.0,B01
201800040720,1.0,7,0,15.0,2.0,3.0,19.0,A01
201800040721,1.0,7,0,0.0,1.0,2.0,16.0,A01
201800040722,1.0,7,0,8.0,0.0,8.0,0.0,A01
201800040723,2.0,10,0,0.0,1.0,2.0,0.0,A01
201800040724,0.0,33,0,0.0,2.0,1.0,1.0,A01
201800040724,0.0,33,0,0.0,2.0,4.0,1.0,B01
201800040725,0.0,7,0,0.0,2.0,3.0,15.0,A01
201800040725,0.0,32,0,0.0,2.0,1.0,1.0,B01
201800040726,1.0,7,0,0.0,2.0,1.0,9.0,A01
201800040726,1.0,7,0,0.0,2.0,7.0,21.0,B01
201800040727,2.0,7,0,0.0,1.0,2.0,0.0,A01
201800040728,2.0,7,0,0.0,1.0,1.0,15.0,A01
201800040729,0.0,7,0,0.0,2.0,3.0,1.0,B01
201800040729,0.0,7,0,0.0,2.0,2.0,19.0,A01
201800040730,1.0,7,0,0.0,1.0,1.0,2.0,A01
201800040731,2.0,7,0,0.0,0.0,3.0,23.0,B01
201800040731,2.0,7,0,0.0,2.0,1.0,1.0,A01
201800040731,2.0,7,0,0.0,0.0,3.0,23.0,C01
201800040731,1.0,7,0,0.0,2.0,2.0,1.0,D01
201800040732,0.0,7,0,0.0,2.0,4.0,23.0,D01
201800040732,0.0,32,0,0.0,2.0,9.0,23.0,B01
201800040732,0.0,7,0,0.0,2.0,1.0,1.0,A01
201800040732,0.0,7,0,0.0,2.0,4.0,23.0,C01
201800040733,1.0,7,0,4.0,0.0,2.0,21.0,A01
201800040734,2.0,34,0,0.0,2.0,1.0,21.0,B01
201800040734,1.0,7,0,0.0,2.0,7.0,15.0,A01
201800040735,0.0,32,0,0.0,0.0,7.0,2.0,A01
201800040736,1.0,7,0,0.0,2.0,4.0,2.0,A01
201800040736,1.0,7,0,0.0,2.0,4.0,2.0,B01
201800040737,1.0,7,0,0.0,2.0,3.0,17.0,A01
201800040737,1.0,7,0,0.0,2.0,3.0,1.0,B01
201800040737,1.0,7,0,0.0,2.0,8.0,1.0,C01
201800040738,2.0,7,0,0.0,1.0,1.0,1.0,A01
201800040739,2.0,31,0,0.0,2.0,3.0,1.0,B01
201800040739,1.0,7,0,0.0,2.0,1.0,15.0,A01
201800040740,1.0,33,0,0.0,2.0,7.0,1.0,B01
201800040740,1.0,7,0,0.0,2.0,3.0,15.0,A01
201800040741,1.0,7,0,0.0,2.0,1.0,2.0,A01
201800040741,1.0,7,0,0.0,9.0,4.0,2.0,B01
201800040742,1.0,7,0,15.0,0.0,3.0,14.0,A01
201800040743,1.0,7,0,0.0,2.0,3.0,1.0,B01
201800040743,1.0,7,0,0.0,2.0,1.0,1.0,A01
201800040744,2.0,7,0,0.0,2.0,8.0,17.0,B01
201800040744,1.0,7,0,0.0,2.0,3.0,16.0,A01
201800040745,1.0,10,0,0.0,2.0,4.0,23.0,B01
201800040745,1.0,7,0,0.0,2.0,1.0,2.0,A01
201800040746,1.0,7,0,0.0,2.0,2.0,1.0,A01
201800040746,1.0,10,0,0.0,2.0,3.0,11.0,B01
201800040747,2.0,33,0,3.0,2.0,3.0,1.0,B01
201800040747,2.0,7,0,0.0,2.0,2.0,16.0,A01
201800040748,1.0,31,0,0.0,2.0,1.0,21.0,A01
201800040748,1.0,7,0,0.0,9.0,6.0,23.0,B01
201800040749,1.0,7,0,0.0,2.0,1.0,1.0,A01
201800040749,2.0,7,0,0.0,2.0,1.0,5.0,B01
201800040750,0.0,7,0,6.0,0.0,1.0,15.0,B01
201800040750,0.0,10,0,0.0,2.0,2.0,2.0,A01
201800040751,2.0,7,0,8.0,2.0,3.0,1.0,A01
201800040751,1.0,7,0,14.0,2.0,2.0,15.0,B01
201800040752,1.0,7,0,4.0,0.0,0.0,15.0,A01
201800040752,1.0,7,0,0.0,0.0,1.0,1.0,B01
201800040753,1.0,7,0,9.0,0.0,2.0,1.0,A01
201800040754,2.0,7,0,0.0,2.0,8.0,0.0,B01
201800040754,1.0,7,0,0.0,2.0,1.0,0.0,A01
201800040755,1.0,7,0,0.0,1.0,2.0,16.0,A01
201800040756,1.0,34,0,0.0,2.0,1.0,1.0,B01
201800040756,1.0,7,0,0.0,2.0,3.0,9.0,A01
201800040757,0.0,7,0,0.0,2.0,3.0,2.0,A01
201800040757,2.0,15,0,0.0,2.0,8.0,2.0,B01
201800040758,1.0,34,0,0.0,2.0,2.0,2.0,B01
201800040758,1.0,7,0,0.0,2.0,3.0,11.0,A01
201800040759,1.0,33,0,0.0,1.0,1.0,1.0,A01
201800040760,2.0,7,0,1.0,1.0,2.0,13.0,A01
201800040761,1.0,7,0,0.0,2.0,7.0,15.0,B01
201800040761,1.0,34,0,0.0,2.0,7.0,17.0,A01
201800040762,2.0,7,0,0.0,2.0,3.0,1.0,B01
201800040762,2.0,7,0,0.0,2.0,1.0,1.0,A01
201800040763,2.0,7,0,0.0,1.0,1.0,15.0,A01
201800040764,1.0,7,0,0.0,2.0,3.0,1.0,B01
201800040764,1.0,7,0,0.0,2.0,1.0,2.0,A01
201800040765,2.0,7,0,0.0,2.0,5.0,1.0,B01
201800040765,2.0,33,0,1.0,0.0,7.0,18.0,A01
201800040766,2.0,37,0,0.0,1.0,3.0,1.0,A01
201800040767,2.0,7,0,2.0,9.0,1.0,21.0,A01
201800040768,2.0,7,0,0.0,2.0,5.0,11.0,A01
201800040768,1.0,33,0,0.0,2.0,1.0,21.0,B01
201800040769,0.0,7,0,0.0,1.0,3.0,1.0,A01
201800040770,2.0,7,0,15.0,0.0,1.0,1.0,A01
201800040771,2.0,30,0,0.0,1.0,1.0,2.0,A01
201800040772,0.0,7,0,0.0,1.0,4.0,20.0,A01
201800040773,1.0,7,0,0.0,1.0,3.0,1.0,A01
201800040774,0.0,10,0,0.0,2.0,3.0,15.0,A01
201800040774,1.0,33,0,0.0,0.0,0.0,0.0,B01
201800040775,2.0,7,0,0.0,2.0,7.0,15.0,A01
201800040775,1.0,33,0,0.0,2.0,1.0,18.0,B01
201800040776,1.0,7,0,0.0,1.0,4.0,4.0,A01
201800040777,2.0,30,0,0.0,2.0,1.0,21.0,B01
201800040777,2.0,7,0,0.0,2.0,3.0,20.0,A01
201800040778,1.0,30,0,0.0,1.0,1.0,17.0,A01
201800040779,2.0,10,0,0.0,2.0,7.0,2.0,B01
201800040779,0.0,30,0,0.0,2.0,1.0,19.0,A01
201800040780,2.0,7,0,0.0,2.0,8.0,19.0,B01
201800040780,1.0,7,0,0.0,2.0,1.0,19.0,A01
201800040781,1.0,7,0,0.0,1.0,1.0,1.0,A01
201800040782,1.0,10,0,0.0,2.0,4.0,0.0,A01
201800040782,0.0,10,0,0.0,2.0,2.0,1.0,B01
201800040783,0.0,7,0,0.0,1.0,1.0,1.0,A01
201800040784,2.0,7,0,0.0,2.0,3.0,1.0,B01
201800040784,2.0,7,0,0.0,2.0,2.0,9.0,A01
201800040785,2.0,10,0,0.0,2.0,1.0,2.0,B01
201800040785,2.0,7,0,0.0,2.0,4.0,2.0,C01
201800040785,2.0,10,0,0.0,2.0,1.0,2.0,D01
201800040785,2.0,10,0,0.0,2.0,4.0,2.0,A01
201800040786,1.0,33,0,0.0,2.0,2.0,1.0,B01
201800040786,1.0,7,0,0.0,2.0,2.0,16.0,A01
201800040787,2.0,2,0,0.0,2.0,2.0,14.0,B01
201800040787,0.0,7,0,0.0,2.0,3.0,1.0,A01
201800040788,0.0,7,0,0.0,1.0,4.0,4.0,A01
201800040789,,99,0,0.0,1.0,0.0,0.0,A01
201800040790,1.0,7,0,0.0,1.0,1.0,16.0,A01
201800040791,1.0,7,0,0.0,1.0,3.0,13.0,A01
201800040792,1.0,20,0,0.0,1.0,2.0,0.0,A01
201800040793,2.0,2,0,0.0,2.0,1.0,18.0,C01
201800040793,1.0,7,0,0.0,2.0,1.0,15.0,A01
201800040793,,2,0,,,,,B01
201800040794,1.0,7,0,0.0,1.0,1.0,15.0,A01
201800040795,2.0,7,0,0.0,1.0,6.0,4.0,A01
201800040796,0.0,10,0,0.0,0.0,6.0,1.0,B01
201800040796,0.0,32,0,0.0,2.0,0.0,3.0,A01
201800040797,1.0,7,0,0.0,1.0,3.0,0.0,Z01
201800040798,1.0,7,0,9.0,0.0,9.0,21.0,A01
201800040799,1.0,7,0,16.0,0.0,3.0,15.0,A01
201800040799,2.0,33,0,16.0,0.0,6.0,19.0,B01
201800040800,2.0,7,0,0.0,2.0,1.0,21.0,A01
201800040800,1.0,7,0,0.0,2.0,1.0,21.0,B01
201800040801,1.0,7,0,0.0,1.0,2.0,16.0,A01
201800040802,1.0,7,0,0.0,2.0,2.0,19.0,A01
201800040802,1.0,31,0,0.0,2.0,5.0,19.0,B01
201800040803,1.0,7,0,4.0,0.0,2.0,7.0,A01
201800040804,1.0,3,0,5.0,0.0,3.0,2.0,A01
201800040805,1.0,7,0,0.0,2.0,4.0,23.0,A01
201800040805,1.0,31,0,0.0,2.0,1.0,9.0,B01
201800040806,1.0,7,0,8.0,0.0,1.0,7.0,A01
201800040807,2.0,7,0,0.0,2.0,1.0,2.0,A01
201800040807,2.0,7,0,0.0,2.0,4.0,2.0,B01
201800040807,2.0,7,0,0.0,2.0,4.0,2.0,C01
201800040808,1.0,31,0,0.0,2.0,1.0,9.0,A01
201800040808,1.0,7,0,0.0,2.0,6.0,20.0,B01
201800040809,2.0,33,0,0.0,1.0,4.0,22.0,A01
201800040810,2.0,7,0,0.0,2.0,1.0,1.0,B01
201800040810,1.0,7,0,0.0,2.0,7.0,15.0,A01
201800040811,2.0,7,0,8.0,0.0,1.0,16.0,A01
201800040812,1.0,7,0,0.0,2.0,1.0,2.0,B01
201800040812,2.0,7,0,0.0,2.0,1.0,5.0,Z01
201800040813,1.0,7,0,1.0,1.0,3.0,24.0,A01
201800040814,1.0,7,0,0.0,2.0,4.0,23.0,A01
201800040814,1.0,7,0,14.0,2.0,1.0,23.0,Z01
201800040815,2.0,7,0,10.0,0.0,1.0,15.0,A01
201800040816,2.0,7,0,0.0,2.0,3.0,9.0,A01
201800040816,1.0,33,0,0.0,2.0,1.0,21.0,B01
201800040817,2.0,7,0,0.0,2.0,4.0,2.0,B01
201800040817,2.0,7,0,0.0,2.0,1.0,2.0,A01
201800040818,1.0,10,0,0.0,1.0,1.0,1.0,A01
201800040819,2.0,7,0,0.0,1.0,5.0,20.0,A01
201800040820,1.0,7,0,2.0,0.0,1.0,1.0,A01
201800040821,2.0,7,0,8.0,0.0,1.0,13.0,A01
201800040822,1.0,7,0,1.0,0.0,2.0,15.0,A01
201800040823,1.0,7,0,0.0,1.0,1.0,16.0,A01
201800040824,1.0,7,0,1.0,0.0,1.0,2.0,A01
201800040825,2.0,7,0,0.0,2.0,3.0,15.0,A01
201800040825,1.0,31,0,0.0,2.0,4.0,1.0,B01
201800040826,1.0,1,0,0.0,1.0,1.0,21.0,A01
201800040827,1.0,7,0,0.0,2.0,1.0,23.0,A01
201800040827,1.0,7,0,0.0,2.0,1.0,23.0,B01
201800040827,1.0,7,0,0.0,2.0,4.0,23.0,C01
201800040828,1.0,33,0,0.0,2.0,3.0,19.0,B01
201800040828,1.0,7,0,2.0,0.0,3.0,19.0,A01
201800040829,1.0,7,0,0.0,1.0,7.0,17.0,A01
201800040830,2.0,7,0,1.0,0.0,2.0,2.0,A01
201800040831,1.0,7,0,0.0,2.0,7.0,1.0,B01
201800040831,2.0,10,0,0.0,2.0,1.0,19.0,A01
201800040832,1.0,7,0,0.0,2.0,6.0,10.0,A01
201800040832,1.0,33,0,0.0,2.0,2.0,1.0,B01
201800040833,2.0,7,0,0.0,2.0,3.0,9.0,A01
201800040833,2.0,7,0,0.0,2.0,1.0,2.0,B01
201800040834,1.0,7,0,0.0,2.0,5.0,2.0,A01
201800040834,1.0,7,0,0.0,2.0,5.0,2.0,B01
201800040835,1.0,7,0,0.0,2.0,1.0,19.0,A01
201800040835,1.0,10,0,0.0,2.0,2.0,1.0,B01
201800040836,1.0,7,0,0.0,2.0,3.0,9.0,A01
201800040836,1.0,7,0,0.0,2.0,1.0,21.0,B01
201800040837,0.0,99,0,0.0,2.0,0.0,0.0,R01
201800040837,1.0,7,0,0.0,2.0,1.0,1.0,A01
201800040838,2.0,7,0,0.0,1.0,1.0,2.0,A01
201800040839,1.0,7,0,0.0,1.0,2.0,1.0,A01
201800040840,1.0,37,1,0.0,1.0,1.0,2.0,A01
201800040841,1.0,7,0,0.0,1.0,4.0,10.0,A01
201800040842,1.0,37,1,0.0,1.0,7.0,2.0,A01
201800040843,1.0,7,0,0.0,2.0,2.0,12.0,A01
201800040843,1.0,33,0,0.0,2.0,3.0,2.0,B01
201800040844,2.0,7,0,0.0,1.0,3.0,9.0,A01
201800040845,1.0,34,0,0.0,2.0,1.0,21.0,B01
201800040845,1.0,7,0,0.0,2.0,1.0,2.0,C01
201800040845,1.0,7,0,0.0,9.0,0.0,11.0,Z01
201800040846,1.0,7,0,0.0,1.0,1.0,0.0,Z01
201800040847,1.0,7,0,8.0,0.0,1.0,0.0,A01
201800040848,2.0,7,0,0.0,1.0,2.0,1.0,A01
201800040849,0.0,99,0,0.0,2.0,0.0,0.0,R01
201800040849,1.0,7,0,0.0,2.0,1.0,1.0,A01
201800040850,1.0,13,0,0.0,2.0,3.0,17.0,B01
201800040850,1.0,13,0,0.0,2.0,2.0,17.0,A01
201800040851,2.0,31,0,0.0,2.0,8.0,17.0,B01
201800040851,1.0,10,0,0.0,2.0,1.0,10.0,A01
201800040852,2.0,7,0,0.0,1.0,2.0,0.0,A01
201800040853,1.0,7,0,14.0,0.0,2.0,1.0,A01
201800040854,1.0,7,0,8.0,0.0,0.0,21.0,A01
201800040855,1.0,10,0,0.0,2.0,3.0,1.0,A01
201800040855,1.0,33,0,0.0,2.0,1.0,16.0,B01
201800040856,1.0,33,0,0.0,2.0,1.0,1.0,A01
201800040856,1.0,33,0,0.0,2.0,6.0,1.0,B01
201800040857,2.0,7,0,8.0,2.0,7.0,2.0,B01
201800040857,2.0,7,0,0.0,2.0,1.0,2.0,A01
201800040858,1.0,99,0,0.0,2.0,1.0,17.0,A01
201800040858,1.0,7,0,0.0,2.0,8.0,15.0,B01
201800040859,1.0,7,0,0.0,1.0,2.0,1.0,A01
201800040860,1.0,34,0,0.0,2.0,1.0,2.0,B01
201800040860,1.0,37,1,0.0,2.0,6.0,11.0,A01
201800040861,1.0,33,0,0.0,1.0,1.0,19.0,A01
201800040862,1.0,7,0,0.0,2.0,4.0,2.0,B01
201800040862,1.0,7,0,0.0,2.0,1.0,2.0,A01
201800040863,1.0,7,0,0.0,2.0,8.0,19.0,B01
201800040863,2.0,7,0,0.0,2.0,1.0,5.0,A01
201800040864,1.0,7,0,0.0,1.0,1.0,15.0,A01
201800040865,1.0,7,0,8.0,0.0,1.0,1.0,A01
201800040866,2.0,7,0,0.0,1.0,3.0,16.0,A01
201800040867,2.0,32,0,0.0,9.0,4.0,23.0,B01
201800040867,2.0,7,0,0.0,2.0,3.0,2.0,A01
201800040868,1.0,31,0,0.0,1.0,1.0,1.0,Z01
201800040869,1.0,31,0,0.0,2.0,0.0,2.0,A01
201800040869,1.0,7,0,0.0,0.0,0.0,2.0,B01
201800040870,1.0,7,0,0.0,2.0,1.0,1.0,B01
201800040870,1.0,7,0,0.0,2.0,5.0,1.0,A01
201800040871,2.0,7,0,6.0,2.0,2.0,9.0,A01
201800040871,0.0,99,0,0.0,2.0,0.0,0.0,R01
201800040872,1.0,34,0,0.0,1.0,1.0,19.0,A01
201800040873,2.0,34,0,0.0,2.0,2.0,5.0,B01
201800040873,2.0,7,0,0.0,2.0,6.0,15.0,A01
201800040874,1.0,7,0,0.0,2.0,3.0,20.0,B01
201800040874,1.0,31,0,0.0,2.0,7.0,1.0,A01
201800040875,1.0,7,0,8.0,0.0,1.0,1.0,A01
201800040876,1.0,33,0,0.0,2.0,1.0,1.0,B01
201800040876,2.0,7,0,0.0,2.0,2.0,15.0,A01
201800040877,1.0,1,0,0.0,2.0,8.0,9.0,B01
201800040877,1.0,10,0,0.0,2.0,8.0,19.0,A01
201800040878,1.0,7,0,0.0,1.0,3.0,0.0,A01
201800040879,0.0,3,0,0.0,1.0,2.0,0.0,A01
201800040880,1.0,7,0,1.0,1.0,4.0,20.0,A01
201800040881,1.0,7,0,0.0,1.0,5.0,2.0,A01
201800040882,2.0,7,0,0.0,1.0,8.0,14.0,A01
201800040883,2.0,33,0,0.0,2.0,4.0,2.0,B01
201800040883,1.0,7,0,0.0,2.0,1.0,2.0,A01
201800040884,1.0,7,0,0.0,2.0,2.0,15.0,A01
201800040884,2.0,30,0,0.0,2.0,1.0,1.0,B01
201800040885,1.0,33,0,0.0,1.0,1.0,2.0,A01
201800040886,2.0,7,0,0.0,2.0,6.0,10.0,B01
201800040886,2.0,33,0,0.0,2.0,1.0,5.0,A01
201800040887,1.0,7,0,0.0,2.0,2.0,2.0,C01
201800040887,1.0,7,0,0.0,2.0,6.0,2.0,B01
201800040887,1.0,7,0,0.0,2.0,4.0,2.0,A01
201800040888,1.0,7,0,0.0,1.0,2.0,11.0,A01
201800040889,1.0,7,0,10.0,0.0,2.0,21.0,A01
201800040890,1.0,7,0,0.0,1.0,2.0,1.0,A01
201800040891,1.0,7,0,12.0,0.0,1.0,13.0,A01
201800040892,1.0,10,0,0.0,1.0,0.0,17.0,Z01
201800040892,1.0,10,0,0.0,1.0,6.0,23.0,B01
201800040893,2.0,7,0,0.0,1.0,0.0,0.0,A01
201800040894,1.0,7,0,0.0,1.0,4.0,20.0,A01
201800040895,1.0,7,0,0.0,1.0,2.0,0.0,A01
201800040896,2.0,34,0,0.0,2.0,7.0,1.0,A01
201800040896,2.0,10,0,0.0,2.0,3.0,9.0,B01
201800040897,1.0,34,0,1.0,1.0,1.0,2.0,A01
201800040898,2.0,7,0,0.0,1.0,1.0,1.0,A01
201800040899,1.0,7,0,0.0,2.0,1.0,1.0,A01
201800040899,2.0,7,0,8.0,2.0,7.0,5.0,B01
201800040900,2.0,99,0,0.0,2.0,8.0,21.0,Z01
201800040900,1.0,7,0,0.0,2.0,2.0,19.0,A01
201800040901,2.0,7,0,0.0,1.0,1.0,1.0,A01
201800040902,1.0,33,0,0.0,2.0,2.0,13.0,A01
201800040902,1.0,2,0,0.0,2.0,6.0,15.0,B01
201800040903,1.0,10,0,0.0,1.0,2.0,1.0,A01
201800040904,1.0,31,0,0.0,2.0,2.0,1.0,A01
201800040904,1.0,31,0,0.0,2.0,6.0,15.0,B01
201800040905,2.0,7,0,0.0,2.0,3.0,15.0,A01
201800040905,1.0,33,0,0.0,2.0,3.0,15.0,B01
201800040906,0.0,99,0,0.0,2.0,8.0,19.0,B01
201800040906,0.0,7,0,0.0,2.0,3.0,15.0,A01
201800040907,2.0,7,0,0.0,9.0,1.0,10.0,A01
201800040907,1.0,7,0,0.0,2.0,3.0,1.0,B01
201800040908,1.0,7,0,0.0,1.0,2.0,1.0,Z01
201800040909,0.0,7,0,0.0,1.0,2.0,21.0,A01
201800040910,1.0,7,0,0.0,2.0,5.0,2.0,B01
201800040910,1.0,7,0,0.0,2.0,1.0,2.0,A01
201800040911,1.0,7,0,0.0,2.0,6.0,0.0,A01
201800040911,0.0,33,0,0.0,2.0,1.0,1.0,B01
201800040912,2.0,7,0,0.0,2.0,1.0,15.0,B01
201800040912,1.0,7,0,0.0,2.0,8.0,2.0,A01
201800040913,1.0,33,0,12.0,2.0,1.0,1.0,A01
201800040913,1.0,7,0,0.0,2.0,3.0,13.0,B01
201800040914,2.0,1,0,0.0,1.0,1.0,1.0,A01
201800040915,1.0,14,0,1.0,0.0,5.0,2.0,B01
201800040915,1.0,10,0,0.0,2.0,3.0,24.0,A01
201800040916,0.0,32,0,4.0,2.0,3.0,2.0,A01
201800040916,0.0,7,0,4.0,2.0,2.0,2.0,B01
201800040917,0.0,30,0,0.0,1.0,0.0,0.0,Z01
201800040918,2.0,7,0,0.0,2.0,6.0,11.0,A01
201800040918,2.0,7,0,0.0,2.0,2.0,2.0,B01
201800040919,0.0,7,0,0.0,1.0,2.0,0.0,A01
201800040920,1.0,15,0,0.0,2.0,3.0,15.0,B01
201800040920,1.0,33,0,0.0,2.0,2.0,2.0,A01
201800040921,1.0,7,0,0.0,2.0,3.0,1.0,B01
201800040921,1.0,33,0,0.0,2.0,1.0,1.0,A01
201800040922,0.0,7,0,0.0,2.0,0.0,10.0,Z01
201800040922,0.0,32,0,0.0,2.0,1.0,1.0,A01
201800040923,0.0,7,0,0.0,2.0,7.0,15.0,A01
201800040923,0.0,7,0,0.0,2.0,7.0,1.0,B01
201800040924,0.0,7,0,0.0,2.0,3.0,1.0,B01
201800040924,0.0,7,0,0.0,2.0,3.0,13.0,A01
201800040925,1.0,30,0,0.0,0.0,0.0,21.0,Z01
201800040926,2.0,7,0,4.0,0.0,1.0,0.0,A01
201800040927,2.0,7,0,0.0,1.0,4.0,4.0,A01
201800040928,1.0,7,0,0.0,2.0,8.0,2.0,C01
201800040928,1.0,7,0,0.0,2.0,3.0,2.0,B01
201800040928,1.0,10,0,0.0,2.0,3.0,17.0,A01
201800040929,2.0,7,0,0.0,2.0,1.0,1.0,A01
201800040929,2.0,7,0,0.0,2.0,4.0,1.0,B01
201800040930,2.0,33,0,0.0,2.0,3.0,0.0,C01
201800040930,1.0,34,0,0.0,2.0,1.0,3.0,A01
201800040930,1.0,7,0,0.0,2.0,5.0,2.0,B01
201800040931,2.0,7,0,1.0,1.0,2.0,9.0,A01
201800040932,2.0,7,0,1.0,0.0,1.0,16.0,A01
201800040932,2.0,7,0,1.0,2.0,4.0,0.0,B01
201800040933,1.0,7,0,0.0,2.0,2.0,6.0,A01
201800040933,0.0,33,0,0.0,2.0,3.0,21.0,B01
201800040934,1.0,7,0,0.0,2.0,3.0,15.0,A01
201800040934,1.0,33,0,0.0,2.0,1.0,1.0,B01
201800040935,2.0,7,0,0.0,2.0,3.0,15.0,A01
201800040935,1.0,34,0,0.0,2.0,1.0,1.0,B01
201800040936,1.0,34,0,0.0,2.0,7.0,17.0,A01
201800040936,2.0,17,0,0.0,2.0,3.0,2.0,B01
201800040937,2.0,7,0,0.0,1.0,2.0,1.0,B01
201800040938,2.0,1,0,0.0,2.0,1.0,1.0,B01
201800040938,2.0,7,0,0.0,2.0,3.0,15.0,A01
201800040939,1.0,7,0,0.0,2.0,1.0,0.0,A01
201800040939,1.0,2,0,0.0,2.0,1.0,0.0,B01
201800040940,2.0,34,0,0.0,2.0,1.0,0.0,B01
201800040940,2.0,7,0,0.0,2.0,7.0,12.0,A01
201800040941,2.0,30,0,0.0,2.0,3.0,1.0,B01
201800040941,2.0,30,0,0.0,2.0,1.0,1.0,A01
201800040942,2.0,7,0,0.0,2.0,3.0,1.0,B01
201800040942,1.0,7,0,0.0,2.0,3.0,1.0,A01
201800040943,0.0,7,0,0.0,1.0,1.0,21.0,A01
201800040944,1.0,7,0,0.0,1.0,1.0,15.0,A01
201800040945,1.0,10,0,0.0,6.0,3.0,1.0,A01
201800040945,0.0,1,0,0.0,2.0,7.0,19.0,B01
201800040946,1.0,7,0,0.0,2.0,7.0,0.0,A01
201800040946,0.0,32,0,0.0,2.0,7.0,1.0,B01
201800040947,0.0,13,0,0.0,2.0,1.0,2.0,A01
201800040947,0.0,7,0,0.0,2.0,9.0,2.0,B01
201800040947,0.0,7,0,0.0,2.0,4.0,2.0,C01
201800040948,2.0,30,0,0.0,2.0,1.0,2.0,A01
201800040948,2.0,7,0,0.0,2.0,4.0,2.0,B01
201800040949,1.0,7,0,0.0,2.0,9.0,18.0,A01
201800040949,1.0,7,0,0.0,2.0,4.0,1.0,C01
201800040949,1.0,7,0,0.0,2.0,5.0,1.0,B01
201800040950,2.0,10,0,0.0,2.0,2.0,12.0,A01
201800040950,2.0,34,0,0.0,2.0,2.0,1.0,B01
201800040951,1.0,7,0,0.0,2.0,1.0,0.0,B01
201800040951,2.0,7,0,0.0,2.0,3.0,0.0,A01
201800040952,1.0,20,0,0.0,2.0,2.0,0.0,A01
201800040952,2.0,20,0,0.0,2.0,2.0,2.0,B01
201800040953,0.0,7,0,0.0,1.0,0.0,16.0,B01
201800040954,1.0,7,0,0.0,2.0,1.0,1.0,A01
201800040954,1.0,7,0,0.0,2.0,4.0,1.0,D01
201800040954,1.0,7,0,0.0,2.0,4.0,1.0,B01
201800040954,1.0,7,0,0.0,2.0,4.0,1.0,C01
201800040955,1.0,7,0,0.0,1.0,1.0,0.0,A01
201800040956,2.0,7,0,0.0,2.0,2.0,3.0,A01