Num_Acc,senc,catv,occutc,obs,obsm,choc,manv,num_veh
201800040956,1.0,7,0,0.0,2.0,3.0,1.0,B01
201800040957,1.0,10,0,0.0,2.0,1.0,2.0,A01
201800040957,0.0,10,0,0.0,0.0,0.0,0.0,C01
201800040957,1.0,7,0,0.0,2.0,9.0,2.0,B01
201800040957,0.0,10,0,0.0,0.0,0.0,0.0,D01
201800040958,0.0,7,0,0.0,1.0,5.0,0.0,A01
201800040959,1.0,32,0,0.0,6.0,1.0,1.0,A01
201800040960,1.0,7,0,0.0,2.0,5.0,10.0,A01
201800040960,1.0,7,0,0.0,2.0,1.0,2.0,B01
201800040961,1.0,10,0,0.0,2.0,0.0,0.0,C01
201800040961,1.0,13,0,14.0,2.0,2.0,17.0,A01
201800040961,1.0,10,0,0.0,2.0,8.0,13.0,B01
201800040962,1.0,1,0,1.0,0.0,1.0,1.0,B01
201800040962,1.0,7,0,0.0,2.0,3.0,24.0,A01
201800040963,1.0,7,0,0.0,2.0,1.0,1.0,A01
201800040963,1.0,7,0,0.0,2.0,4.0,1.0,B01
201800040964,0.0,7,0,0.0,2.0,4.0,23.0,A01
201800040964,0.0,7,0,0.0,2.0,1.0,0.0,B01
201800040965,1.0,7,0,0.0,2.0,1.0,1.0,B01
201800040965,1.0,7,0,0.0,2.0,4.0,23.0,A01
201800040966,1.0,7,0,3.0,0.0,2.0,1.0,A01
201800040967,2.0,7,0,16.0,0.0,1.0,1.0,B01
201800040967,1.0,7,0,16.0,0.0,8.0,15.0,A01
201800040968,1.0,7,0,0.0,1.0,1.0,2.0,A01
201800040969,1.0,7,0,0.0,2.0,4.0,2.0,B01
201800040969,1.0,7,0,0.0,2.0,1.0,2.0,A01
201800040970,1.0,7,0,0.0,2.0,1.0,1.0,C01
201800040970,1.0,10,0,0.0,2.0,4.0,23.0,A01
201800040970,1.0,7,0,0.0,2.0,4.0,23.0,B01
201800040971,1.0,7,0,0.0,2.0,3.0,1.0,B01
201800040971,2.0,1,0,0.0,2.0,1.0,19.0,A01
201800040972,1.0,2,0,0.0,2.0,7.0,15.0,B01
201800040972,1.0,7,0,0.0,2.0,0.0,0.0,A01
201800040973,2.0,7,0,0.0,2.0,1.0,1.0,B01
201800040973,2.0,7,0,0.0,2.0,7.0,1.0,A01
201800040974,1.0,7,0,0.0,0.0,3.0,11.0,A01
201800040975,0.0,7,0,0.0,1.0,1.0,0.0,A01
201800040976,2.0,7,0,0.0,2.0,1.0,2.0,A01
201800040976,2.0,7,0,0.0,2.0,4.0,2.0,B01
201800040977,1.0,7,0,1.0,2.0,3.0,17.0,A01
201800040977,1.0,1,0,1.0,2.0,2.0,17.0,B01
201800040978,1.0,10,0,0.0,1.0,0.0,0.0,Z01
201800040979,1.0,7,0,0.0,1.0,1.0,16.0,A01
201800040980,0.0,7,0,0.0,1.0,5.0,1.0,A01
201800040981,2.0,7,0,0.0,2.0,1.0,15.0,B01
201800040981,2.0,7,0,0.0,2.0,3.0,16.0,A01
201800040982,2.0,7,0,8.0,2.0,1.0,12.0,A01
201800040983,1.0,33,0,0.0,2.0,2.0,9.0,A01
201800040983,1.0,7,0,0.0,2.0,8.0,15.0,B01
201800040984,2.0,7,0,0.0,1.0,1.0,1.0,A01
201800040985,1.0,7,0,0.0,2.0,3.0,16.0,B01
201800040985,1.0,37,1,0.0,2.0,2.0,2.0,A01
201800040986,2.0,10,0,0.0,2.0,6.0,0.0,C01
201800040986,1.0,7,0,0.0,2.0,1.0,13.0,A01
201800040986,2.0,7,0,0.0,2.0,1.0,0.0,B01
201800040987,2.0,7,0,0.0,2.0,1.0,2.0,A01
201800040987,2.0,7,0,0.0,0.0,4.0,23.0,B01
201800040988,2.0,7,0,1.0,1.0,3.0,1.0,A01
201800040989,2.0,7,0,0.0,2.0,4.0,2.0,B01
201800040989,2.0,10,0,0.0,2.0,1.0,2.0,A01
201800040990,1.0,30,0,0.0,1.0,1.0,2.0,A01
201800040991,0.0,7,0,0.0,1.0,3.0,15.0,A01
201800040992,1.0,7,0,0.0,2.0,3.0,11.0,A01
201800040992,1.0,31,0,0.0,2.0,2.0,1.0,B01
201800040993,0.0,10,0,0.0,2.0,0.0,0.0,B01
201800040993,0.0,7,0,0.0,2.0,1.0,2.0,A01
201800040994,1.0,7,0,0.0,2.0,3.0,17.0,A01
201800040994,1.0,32,0,0.0,2.0,5.0,17.0,B01
201800040995,1.0,10,0,0.0,2.0,4.0,2.0,A01
201800040995,1.0,10,0,0.0,2.0,1.0,2.0,B01
201800040996,1.0,99,0,,,,,B01
201800040996,1.0,99,0,,,,,A01
201800040997,1.0,3,0,0.0,2.0,6.0,1.0,B01
201800040997,1.0,7,0,0.0,2.0,0.0,0.0,A01
201800040998,1.0,7,0,0.0,2.0,2.0,1.0,A01
201800040998,1.0,7,0,0.0,2.0,1.0,13.0,B01
201800040999,2.0,13,0,0.0,1.0,3.0,1.0,A01
201800041000,2.0,7,0,0.0,1.0,1.0,2.0,A01
201800041001,1.0,7,0,0.0,2.0,3.0,15.0,B01
201800041001,1.0,2,0,0.0,2.0,0.0,0.0,A01
201800041002,1.0,7,0,0.0,2.0,5.0,1.0,A01
201800041002,1.0,7,0,0.0,2.0,3.0,1.0,B01
201800041003,2.0,33,0,0.0,1.0,1.0,2.0,A01
201800041004,2.0,7,0,0.0,2.0,8.0,2.0,A01
201800041004,1.0,7,0,0.0,2.0,0.0,3.0,B01
201800041005,2.0,7,0,0.0,2.0,1.0,2.0,A01
201800041005,1.0,7,0,0.0,2.0,8.0,9.0,B01
201800041006,1.0,34,0,0.0,1.0,1.0,21.0,A01
201800041007,1.0,7,0,0.0,2.0,3.0,19.0,A01
201800041007,2.0,33,0,0.0,2.0,1.0,17.0,B01
201800041007,1.0,7,0,0.0,2.0,6.0,24.0,C01
201800041008,2.0,31,0,0.0,2.0,1.0,2.0,A01
201800041008,2.0,7,0,0.0,2.0,8.0,10.0,B01
201800041009,0.0,7,0,0.0,2.0,4.0,23.0,A01
201800041009,2.0,7,0,1.0,0.0,4.0,23.0,C01
201800041009,2.0,7,0,1.0,2.0,4.0,23.0,B01
201800041010,1.0,7,0,0.0,0.0,1.0,1.0,A01
201800041010,2.0,31,0,0.0,2.0,1.0,13.0,B01
201800041011,1.0,7,0,1.0,0.0,8.0,22.0,A01
201800041011,1.0,34,0,1.0,0.0,2.0,13.0,B01
201800041012,2.0,33,0,0.0,1.0,1.0,1.0,A01
201800041013,1.0,7,0,0.0,2.0,2.0,12.0,A01
201800041013,1.0,7,0,0.0,2.0,3.0,7.0,B01
201800041014,2.0,10,0,0.0,1.0,1.0,0.0,A01
201800041015,1.0,7,0,0.0,2.0,8.0,15.0,A01
201800041015,1.0,34,0,0.0,2.0,7.0,1.0,B01
201800041016,2.0,33,0,0.0,2.0,1.0,15.0,A01
201800041016,1.0,7,0,0.0,2.0,5.0,15.0,B01
201800041017,1.0,7,0,0.0,2.0,1.0,7.0,A01
201800041017,1.0,7,0,0.0,2.0,9.0,7.0,B01
201800041017,1.0,7,0,0.0,2.0,4.0,7.0,C01
201800041018,1.0,7,0,0.0,2.0,3.0,15.0,A01
201800041018,1.0,32,0,0.0,2.0,1.0,21.0,B01
201800041019,2.0,7,0,0.0,2.0,1.0,10.0,A01
201800041019,1.0,34,0,0.0,2.0,2.0,17.0,B01
201800041020,1.0,7,0,0.0,2.0,3.0,15.0,B01
201800041020,1.0,7,0,0.0,2.0,1.0,19.0,A01
201800041021,1.0,99,0,0.0,2.0,8.0,9.0,A01
201800041021,2.0,7,0,0.0,9.0,3.0,9.0,B01
201800041022,2.0,10,0,0.0,2.0,1.0,19.0,C01
201800041022,1.0,33,0,0.0,2.0,1.0,17.0,A01
201800041022,1.0,14,0,0.0,2.0,3.0,9.0,B01
201800041023,1.0,7,0,0.0,9.0,1.0,11.0,B01
201800041023,2.0,1,0,0.0,2.0,1.0,13.0,A01
201800041024,1.0,7,0,0.0,0.0,2.0,1.0,A01
201800041024,2.0,31,0,0.0,2.0,1.0,1.0,B01
201800041025,1.0,99,0,0.0,2.0,8.0,14.0,A01
201800041026,1.0,7,0,1.0,1.0,2.0,14.0,A01
201800041027,1.0,30,0,0.0,0.0,6.0,7.0,A01
201800041027,1.0,7,0,0.0,2.0,6.0,24.0,B01
201800041028,2.0,7,0,0.0,1.0,2.0,1.0,A01
201800041029,1.0,7,0,0.0,2.0,3.0,10.0,A01
201800041029,1.0,33,0,0.0,2.0,1.0,1.0,B01
201800041030,1.0,1,0,0.0,2.0,1.0,9.0,B01
201800041030,1.0,7,0,0.0,9.0,1.0,9.0,A01
201800041031,1.0,7,0,0.0,2.0,5.0,16.0,A01
201800041031,1.0,31,0,0.0,2.0,3.0,18.0,B01
201800041032,1.0,30,0,0.0,2.0,1.0,1.0,B01
201800041032,1.0,7,0,0.0,2.0,3.0,10.0,A01
201800041033,1.0,34,0,0.0,2.0,8.0,19.0,B01
201800041033,1.0,7,0,0.0,2.0,1.0,9.0,A01
201800041034,2.0,34,0,0.0,1.0,3.0,1.0,A01
201800041035,2.0,33,0,0.0,1.0,1.0,3.0,A01
201800041036,2.0,31,0,0.0,2.0,4.0,17.0,A01
201800041036,2.0,7,0,0.0,2.0,4.0,15.0,B01
201800041037,1.0,10,0,0.0,9.0,4.0,2.0,B01
201800041037,1.0,7,0,0.0,2.0,1.0,2.0,A01
201800041038,2.0,7,0,0.0,2.0,3.0,16.0,B01
201800041038,2.0,30,0,0.0,2.0,3.0,17.0,A01
201800041039,2.0,31,0,0.0,1.0,2.0,21.0,A01
201800041040,2.0,7,0,0.0,1.0,3.0,9.0,A01
201800041041,1.0,31,0,0.0,2.0,1.0,17.0,A01
201800041041,1.0,7,0,0.0,2.0,3.0,15.0,B01
201800041042,2.0,7,0,0.0,1.0,1.0,21.0,A01
201800041043,2.0,7,0,1.0,2.0,8.0,9.0,A01
201800041043,2.0,10,0,0.0,2.0,2.0,1.0,B01
201800041044,1.0,31,0,0.0,2.0,3.0,18.0,B01
201800041044,1.0,7,0,0.0,2.0,2.0,16.0,A01
201800041045,1.0,10,0,0.0,2.0,3.0,15.0,A01
201800041045,1.0,31,0,0.0,2.0,1.0,3.0,B01
201800041046,1.0,30,0,0.0,2.0,1.0,3.0,B01
201800041046,1.0,7,0,0.0,2.0,3.0,15.0,A01
201800041047,2.0,7,0,0.0,2.0,3.0,15.0,B01
201800041047,2.0,32,0,0.0,2.0,2.0,13.0,A01
201800041048,2.0,7,0,0.0,1.0,3.0,0.0,A01
201800041049,1.0,32,0,0.0,1.0,6.0,17.0,A01
201800041050,2.0,20,0,9.0,0.0,2.0,13.0,A01
201800041051,2.0,99,0,15.0,1.0,2.0,0.0,A01
201800041052,1.0,7,0,0.0,2.0,3.0,15.0,A01
201800041052,1.0,2,0,0.0,2.0,1.0,1.0,B01
201800041053,0.0,99,0,0.0,2.0,1.0,17.0,A01
201800041053,0.0,31,0,0.0,2.0,1.0,1.0,B01
201800041054,2.0,7,0,0.0,2.0,2.0,10.0,B01
201800041054,1.0,33,0,0.0,2.0,3.0,0.0,A01
201800041055,1.0,7,0,0.0,2.0,8.0,15.0,A01
201800041055,1.0,30,0,0.0,2.0,7.0,13.0,B01
201800041056,1.0,99,0,,,,,B01
201800041056,0.0,34,0,0.0,2.0,7.0,19.0,A01
201800041057,1.0,99,0,0.0,6.0,1.0,1.0,B01
201800041057,2.0,7,0,0.0,6.0,2.0,15.0,A01
201800041058,2.0,7,0,0.0,1.0,3.0,10.0,A01
201800041059,1.0,1,0,0.0,2.0,1.0,0.0,B01
201800041059,0.0,7,0,0.0,2.0,3.0,1.0,A01
201800041060,2.0,32,0,0.0,2.0,1.0,17.0,B01
201800041060,2.0,7,0,0.0,2.0,3.0,13.0,A01
201800041061,0.0,7,0,1.0,2.0,7.0,0.0,A01
201800041061,0.0,7,0,0.0,2.0,3.0,12.0,C01
201800041061,1.0,33,0,14.0,2.0,8.0,17.0,B01
201800041062,2.0,7,0,0.0,2.0,5.0,10.0,A01
201800041062,1.0,34,0,1.0,2.0,1.0,1.0,B01
201800041062,0.0,7,0,0.0,2.0,3.0,0.0,C01
201800041063,0.0,34,0,0.0,2.0,7.0,0.0,B01
201800041063,0.0,3,0,0.0,2.0,1.0,15.0,A01
201800041064,1.0,20,0,0.0,1.0,0.0,19.0,A01
201800041065,2.0,34,0,0.0,2.0,1.0,0.0,B01
201800041065,1.0,7,0,0.0,2.0,2.0,10.0,A01
201800041066,0.0,33,0,0.0,1.0,1.0,1.0,A01
201800041067,0.0,7,0,0.0,2.0,3.0,15.0,B01
201800041067,0.0,30,0,0.0,2.0,1.0,17.0,A01
201800041068,2.0,7,0,0.0,2.0,0.0,2.0,A01
201800041068,2.0,99,0,0.0,2.0,4.0,0.0,B01
201800041069,1.0,7,0,0.0,2.0,1.0,15.0,A01
201800041069,2.0,34,0,0.0,2.0,1.0,1.0,B01
201800041070,0.0,7,0,0.0,0.0,3.0,15.0,A01
201800041070,0.0,33,0,0.0,0.0,3.0,21.0,B01
201800041071,0.0,7,0,0.0,2.0,4.0,0.0,A01
201800041071,0.0,30,0,0.0,2.0,1.0,0.0,B01
201800041072,0.0,33,0,0.0,0.0,0.0,0.0,B01
201800041072,0.0,7,0,0.0,2.0,8.0,15.0,A01
201800041073,0.0,3,0,8.0,0.0,1.0,1.0,B01
201800041073,0.0,3,0,8.0,0.0,8.0,1.0,A01
201800041074,2.0,30,0,0.0,1.0,1.0,1.0,A01
201800041075,0.0,7,0,0.0,2.0,0.0,0.0,B01
201800041075,0.0,7,0,0.0,2.0,3.0,1.0,A01
201800041076,1.0,7,0,0.0,2.0,3.0,15.0,A01
201800041076,2.0,32,0,0.0,2.0,1.0,1.0,B01
201800041077,1.0,1,0,0.0,0.0,8.0,2.0,B01
201800041077,1.0,17,0,0.0,0.0,0.0,1.0,A01
201800041078,2.0,10,0,0.0,2.0,2.0,9.0,A01
201800041078,1.0,34,0,0.0,2.0,1.0,1.0,B01
201800041079,1.0,7,0,0.0,2.0,2.0,6.0,B01
201800041079,2.0,7,0,0.0,2.0,1.0,1.0,A01
201800041080,0.0,33,0,0.0,2.0,1.0,1.0,B01
201800041080,0.0,7,0,0.0,2.0,6.0,0.0,A01
201800041081,1.0,7,0,0.0,1.0,7.0,1.0,A01
201800041082,0.0,7,0,0.0,1.0,0.0,0.0,Z01
201800041083,1.0,7,0,0.0,1.0,1.0,1.0,A01
201800041084,1.0,7,0,1.0,0.0,5.0,15.0,A01
201800041084,2.0,33,0,1.0,0.0,1.0,2.0,B01
201800041085,2.0,7,0,0.0,9.0,7.0,10.0,B01
201800041085,1.0,37,1,0.0,2.0,3.0,1.0,A01
201800041086,1.0,7,0,0.0,1.0,0.0,16.0,A01
201800041087,1.0,33,0,0.0,2.0,1.0,2.0,B01
201800041087,1.0,7,0,0.0,2.0,8.0,10.0,A01
201800041088,1.0,34,0,1.0,0.0,0.0,21.0,B01
201800041088,1.0,7,0,1.0,0.0,0.0,0.0,A01
201800041089,1.0,7,0,0.0,1.0,4.0,20.0,A01
201800041090,2.0,7,0,1.0,2.0,1.0,13.0,A01
201800041090,1.0,37,1,0.0,2.0,1.0,1.0,B01
201800041091,1.0,7,0,0.0,0.0,3.0,1.0,B01
201800041091,1.0,7,0,0.0,0.0,1.0,1.0,A01
201800041092,1.0,7,0,0.0,2.0,2.0,15.0,A01
201800041092,1.0,7,0,0.0,2.0,3.0,1.0,B01
201800041093,0.0,7,0,0.0,2.0,6.0,1.0,B01
201800041093,0.0,37,1,0.0,2.0,2.0,1.0,A01
201800041094,1.0,7,0,0.0,2.0,3.0,0.0,A01
201800041094,2.0,31,0,0.0,2.0,1.0,0.0,B01
201800041095,1.0,31,0,0.0,2.0,4.0,1.0,A01
201800041095,1.0,1,0,0.0,2.0,4.0,14.0,B01
201800041096,2.0,7,0,0.0,2.0,8.0,16.0,A01
201800041096,1.0,32,0,0.0,2.0,3.0,17.0,B01
201800041097,1.0,34,0,15.0,2.0,4.0,15.0,A01
201800041097,1.0,34,0,0.0,2.0,1.0,7.0,B01
201800041097,2.0,7,0,0.0,2.0,1.0,23.0,C01
201800041098,1.0,7,0,0.0,1.0,2.0,2.0,A01
201800041099,2.0,33,0,0.0,2.0,2.0,1.0,B01
201800041099,1.0,7,0,0.0,2.0,3.0,19.0,A01
201800041100,0.0,7,0,0.0,1.0,2.0,1.0,A01
201800041101,1.0,7,0,0.0,1.0,1.0,2.0,A01
201800041102,0.0,10,0,0.0,1.0,6.0,20.0,A01
201800041103,0.0,7,0,0.0,0.0,3.0,2.0,B01
201800041103,0.0,33,0,0.0,0.0,2.0,17.0,A01
201800041104,1.0,99,0,0.0,2.0,0.0,0.0,Z01
201800041104,0.0,99,0,0.0,2.0,2.0,1.0,A01
201800041105,1.0,7,0,0.0,1.0,3.0,2.0,A01
201800041106,0.0,7,0,0.0,1.0,3.0,0.0,A01
201800041107,1.0,7,0,0.0,2.0,3.0,0.0,A01
201800041107,2.0,7,0,0.0,2.0,1.0,0.0,B01
201800041108,1.0,7,0,0.0,2.0,1.0,15.0,B01
201800041108,0.0,34,0,0.0,2.0,3.0,18.0,A01
201800041109,1.0,7,0,0.0,0.0,2.0,15.0,A01
201800041109,2.0,7,0,0.0,0.0,3.0,0.0,B01
201800041110,0.0,7,0,0.0,2.0,5.0,0.0,B01
201800041110,1.0,7,0,0.0,2.0,2.0,16.0,A01
201800041111,0.0,7,0,0.0,2.0,5.0,19.0,A01
201800041111,0.0,7,0,0.0,2.0,1.0,19.0,B01
201800041112,1.0,33,0,0.0,2.0,1.0,17.0,A01
201800041112,2.0,7,0,0.0,2.0,8.0,20.0,B01
201800041113,0.0,7,0,0.0,1.0,3.0,2.0,A01
201800041114,0.0,7,0,0.0,1.0,1.0,19.0,A01
201800041115,1.0,33,0,0.0,1.0,7.0,3.0,A01
201800041115,1.0,7,0,0.0,2.0,3.0,1.0,B01
201800041116,1.0,15,0,0.0,2.0,6.0,0.0,Z01
201800041116,1.0,33,0,0.0,2.0,7.0,17.0,A01
201800041117,0.0,7,0,0.0,2.0,3.0,14.0,A01
201800041117,0.0,7,0,0.0,2.0,4.0,1.0,B01
201800041118,2.0,7,0,0.0,1.0,3.0,15.0,A01
201800041119,0.0,99,0,0.0,2.0,0.0,0.0,R01
201800041119,1.0,7,0,0.0,2.0,2.0,15.0,A01
201800041120,0.0,15,0,0.0,2.0,2.0,21.0,A01
201800041120,0.0,7,0,0.0,2.0,3.0,7.0,B01
201800041121,1.0,10,0,0.0,1.0,1.0,1.0,A01
201800041122,2.0,7,0,0.0,1.0,1.0,15.0,A01
201800041123,1.0,33,0,0.0,2.0,7.0,17.0,A01
201800041123,1.0,7,0,0.0,2.0,1.0,9.0,B01
201800041124,1.0,7,0,0.0,2.0,8.0,10.0,A01
201800041124,1.0,33,0,0.0,2.0,1.0,1.0,B01
201800041125,1.0,7,0,0.0,2.0,4.0,15.0,A01
201800041125,1.0,31,0,0.0,2.0,1.0,2.0,B01
201800041126,2.0,7,0,0.0,2.0,1.0,7.0,A01
201800041126,2.0,7,0,0.0,2.0,4.0,23.0,B01
201800041127,1.0,7,0,0.0,1.0,3.0,16.0,A01
201800041128,2.0,33,0,0.0,2.0,1.0,1.0,B01
201800041128,2.0,7,0,0.0,2.0,5.0,1.0,A01
201800041129,1.0,7,0,0.0,1.0,2.0,1.0,A01
201800041130,1.0,7,0,8.0,0.0,1.0,17.0,A01
201800041130,1.0,7,0,0.0,2.0,3.0,15.0,B01
201800041131,1.0,7,0,0.0,2.0,6.0,15.0,B01
201800041131,1.0,33,0,0.0,2.0,1.0,2.0,A01
201800041132,1.0,37,1,0.0,1.0,1.0,7.0,A01
201800041133,1.0,34,0,0.0,2.0,1.0,16.0,B01
201800041133,0.0,7,0,0.0,2.0,3.0,15.0,A01
201800041134,2.0,7,0,0.0,2.0,8.0,5.0,B01
201800041134,2.0,7,0,0.0,2.0,8.0,1.0,C01
201800041134,2.0,7,0,0.0,2.0,1.0,1.0,D01
201800041134,1.0,7,0,0.0,2.0,3.0,13.0,A01
201800041135,1.0,7,0,2.0,2.0,1.0,2.0,A01
201800041135,1.0,7,0,0.0,2.0,4.0,2.0,D01
201800041135,1.0,7,0,0.0,2.0,4.0,2.0,C01
201800041135,1.0,7,0,0.0,2.0,4.0,2.0,B01
201800041136,1.0,14,0,0.0,1.0,2.0,21.0,A01
201800041137,1.0,7,0,0.0,1.0,1.0,9.0,A01
201800041138,1.0,7,0,16.0,2.0,1.0,9.0,A01
201800041138,1.0,7,0,0.0,2.0,2.0,1.0,B01
201800041139,1.0,7,0,0.0,2.0,8.0,15.0,A01
201800041139,1.0,2,0,0.0,2.0,1.0,16.0,B01
201800041140,2.0,31,0,0.0,4.0,8.0,9.0,A01
201800041140,2.0,40,0,0.0,2.0,3.0,1.0,B01
201800041141,1.0,7,0,0.0,2.0,1.0,13.0,A01
201800041141,2.0,7,0,0.0,2.0,1.0,9.0,B01
201800041142,2.0,34,0,0.0,2.0,1.0,1.0,B01
201800041142,1.0,7,0,0.0,2.0,3.0,15.0,A01
201800041143,1.0,31,0,0.0,1.0,1.0,21.0,Z01
201800041144,2.0,7,0,0.0,2.0,6.0,15.0,A01
201800041144,2.0,99,0,0.0,2.0,0.0,0.0,R01
201800041145,2.0,7,0,0.0,2.0,2.0,9.0,A01
201800041145,2.0,33,0,0.0,2.0,3.0,21.0,B01
201800041146,0.0,7,0,1.0,2.0,1.0,1.0,A01
201800041146,0.0,7,0,0.0,2.0,4.0,24.0,B01
201800041147,1.0,33,0,0.0,2.0,1.0,17.0,B01
201800041147,1.0,7,0,0.0,2.0,3.0,10.0,A01
201800041148,1.0,7,0,0.0,1.0,2.0,9.0,A01
201800041149,1.0,7,0,0.0,2.0,3.0,13.0,A01
201800041149,1.0,7,0,0.0,2.0,3.0,1.0,B01
201800041150,1.0,99,0,0.0,2.0,0.0,0.0,R01
201800041150,1.0,7,0,0.0,2.0,8.0,22.0,A01
201800041151,2.0,7,0,1.0,0.0,3.0,13.0,A01
201800041152,1.0,7,0,0.0,2.0,1.0,15.0,A01
201800041152,2.0,7,0,0.0,2.0,8.0,1.0,B01
201800041153,1.0,7,0,0.0,2.0,8.0,15.0,B01
201800041153,1.0,33,0,0.0,2.0,1.0,1.0,A01
201800041154,1.0,7,0,0.0,2.0,3.0,1.0,A01
201800041154,2.0,3,0,0.0,2.0,2.0,1.0,B01
201800041155,2.0,3,0,0.0,2.0,1.0,2.0,B01
201800041155,2.0,7,0,0.0,2.0,8.0,1.0,A01
201800041156,1.0,3,0,0.0,1.0,0.0,19.0,A01
201800041157,0.0,7,0,0.0,2.0,0.0,4.0,A01
201800041157,0.0,30,0,0.0,2.0,0.0,0.0,B01
201800041158,0.0,7,0,0.0,2.0,3.0,15.0,A01
201800041158,0.0,1,0,0.0,2.0,2.0,1.0,B01
201800041159,1.0,7,0,0.0,2.0,4.0,1.0,B01
201800041159,1.0,30,0,0.0,2.0,7.0,11.0,A01
201800041160,0.0,7,0,0.0,2.0,7.0,14.0,A01
201800041160,0.0,34,0,0.0,2.0,8.0,2.0,B01
201800041161,1.0,7,0,16.0,6.0,8.0,8.0,B01
201800041162,2.0,32,0,0.0,1.0,1.0,0.0,A01
201800041162,2.0,7,0,0.0,2.0,2.0,1.0,B01
201800041163,1.0,7,0,0.0,1.0,1.0,16.0,A01
201800041164,1.0,7,0,12.0,0.0,4.0,7.0,C01
201800041164,1.0,7,0,12.0,0.0,5.0,7.0,B01
201800041164,1.0,7,0,0.0,2.0,1.0,7.0,A01
201800041165,1.0,7,0,0.0,1.0,2.0,1.0,A01
201800041166,0.0,40,10,0.0,1.0,4.0,23.0,A01
201800041167,0.0,13,0,0.0,1.0,1.0,0.0,A01
201800041168,2.0,32,0,0.0,2.0,1.0,0.0,B01
201800041168,2.0,10,0,0.0,2.0,2.0,15.0,A01
201800041169,0.0,7,0,0.0,2.0,2.0,2.0,A01
201800041169,2.0,31,0,0.0,0.0,4.0,2.0,B01
201800041170,0.0,32,0,0.0,2.0,1.0,1.0,B01
201800041170,0.0,7,0,0.0,2.0,5.0,1.0,A01
201800041171,0.0,33,0,0.0,2.0,0.0,0.0,B01
201800041171,0.0,7,0,0.0,2.0,6.0,15.0,A01
201800041172,1.0,7,0,11.0,0.0,1.0,14.0,A01
201800041173,1.0,7,0,0.0,2.0,6.0,1.0,A01
201800041173,1.0,7,0,0.0,2.0,1.0,15.0,C01
201800041173,1.0,7,0,16.0,,2.0,15.0,B01
201800041174,1.0,13,0,0.0,2.0,1.0,2.0,A01
201800041174,1.0,3,0,0.0,2.0,4.0,2.0,B01
201800041175,0.0,7,0,0.0,1.0,1.0,15.0,A01
201800041176,0.0,10,0,0.0,2.0,0.0,0.0,Z01
201800041176,0.0,10,0,0.0,2.0,6.0,15.0,A01
201800041177,0.0,7,0,0.0,2.0,1.0,10.0,A01
201800041177,0.0,7,0,0.0,2.0,5.0,21.0,B01
201800041178,0.0,33,0,0.0,2.0,1.0,0.0,A01
201800041178,0.0,7,0,0.0,2.0,4.0,0.0,B01
201800041179,2.0,3,0,0.0,1.0,2.0,1.0,A01
201800041180,0.0,7,0,0.0,2.0,4.0,2.0,B01
201800041180,0.0,7,0,0.0,2.0,1.0,21.0,A01
201800041181,0.0,7,0,0.0,1.0,4.0,0.0,A01
201800041182,1.0,7,0,0.0,0.0,9.0,1.0,A01
201800041183,1.0,1,0,0.0,2.0,1.0,9.0,B01
201800041183,1.0,7,0,0.0,2.0,4.0,9.0,A01
201800041184,1.0,10,0,2.0,9.0,3.0,2.0,A01
201800041185,2.0,7,0,0.0,2.0,1.0,2.0,B01
201800041185,2.0,7,0,0.0,2.0,4.0,23.0,A01
201800041186,1.0,7,0,0.0,0.0,7.0,9.0,A01
201800041187,1.0,7,0,0.0,2.0,1.0,2.0,A01
201800041187,1.0,7,0,0.0,2.0,4.0,23.0,B01
201800041188,2.0,7,0,0.0,2.0,1.0,1.0,B01
201800041188,2.0,7,0,0.0,2.0,3.0,1.0,A01
201800041189,1.0,7,0,0.0,1.0,2.0,1.0,A01
201800041190,2.0,7,0,0.0,9.0,1.0,19.0,A01
201800041190,2.0,7,0,0.0,2.0,4.0,19.0,B01
201800041191,1.0,7,0,9.0,2.0,8.0,1.0,A01
201800041191,2.0,7,0,0.0,2.0,1.0,15.0,B01
201800041192,1.0,31,0,0.0,2.0,7.0,1.0,A01
201800041192,0.0,7,0,0.0,2.0,3.0,9.0,B01
201800041193,1.0,7,0,0.0,2.0,4.0,23.0,A01
201800041193,1.0,10,0,0.0,2.0,1.0,2.0,B01
201800041194,1.0,7,0,0.0,2.0,4.0,1.0,A01
201800041194,1.0,7,0,0.0,2.0,1.0,1.0,B01
201800041195,2.0,7,0,6.0,0.0,1.0,16.0,A01
201800041196,1.0,7,0,0.0,1.0,1.0,21.0,A01
201800041197,1.0,7,0,0.0,2.0,1.0,19.0,B01
201800041197,1.0,7,0,16.0,2.0,3.0,19.0,A01
201800041198,2.0,7,0,0.0,2.0,1.0,16.0,B01
201800041198,1.0,7,0,0.0,2.0,3.0,15.0,A01
201800041199,1.0,7,0,0.0,2.0,3.0,1.0,A01
201800041199,1.0,7,0,0.0,2.0,1.0,15.0,B01
201800041200,2.0,7,0,0.0,2.0,2.0,9.0,B01
201800041200,1.0,7,0,0.0,2.0,5.0,0.0,A01
201800041201,1.0,99,0,0.0,2.0,0.0,17.0,A01
201800041201,1.0,7,0,0.0,2.0,8.0,21.0,B01
201800041201,2.0,7,0,0.0,2.0,1.0,2.0,C01
201800041202,2.0,7,0,0.0,2.0,4.0,23.0,A01