Num_Acc,senc,catv,occutc,obs,obsm,choc,manv,num_veh
201800041202,2.0,7,0,0.0,2.0,1.0,1.0,C01
201800041202,2.0,7,0,0.0,2.0,4.0,23.0,B01
201800041203,1.0,7,0,0.0,2.0,4.0,2.0,A01
201800041203,1.0,7,0,0.0,2.0,4.0,2.0,B01
201800041203,1.0,7,0,0.0,2.0,1.0,2.0,C01
201800041204,0.0,7,0,0.0,1.0,2.0,1.0,A01
201800041205,1.0,10,0,0.0,2.0,3.0,19.0,A01
201800041205,1.0,7,0,0.0,2.0,2.0,19.0,B01
201800041206,1.0,7,0,0.0,2.0,3.0,15.0,A01
201800041206,1.0,37,1,0.0,2.0,1.0,2.0,B01
201800041207,1.0,99,0,2.0,0.0,3.0,9.0,A01
201800041208,1.0,7,0,0.0,1.0,1.0,15.0,A01
201800041209,2.0,7,0,0.0,1.0,1.0,1.0,A01
201800041210,1.0,7,0,0.0,2.0,8.0,1.0,A01
201800041210,1.0,7,0,0.0,2.0,2.0,19.0,B01
201800041211,1.0,33,0,0.0,2.0,8.0,21.0,T01
201800041211,1.0,10,0,0.0,2.0,3.0,9.0,A01
201800041212,1.0,7,0,0.0,2.0,4.0,23.0,C01
201800041212,1.0,7,0,0.0,2.0,1.0,9.0,A01
201800041212,1.0,7,0,0.0,2.0,4.0,23.0,B01
201800041213,2.0,7,0,8.0,2.0,3.0,2.0,A01
201800041213,2.0,7,0,8.0,2.0,3.0,2.0,B01
201800041214,2.0,3,0,0.0,2.0,3.0,15.0,A01
201800041214,1.0,3,0,0.0,2.0,1.0,1.0,B01
201800041215,1.0,7,0,1.0,2.0,3.0,19.0,B01
201800041215,1.0,7,0,0.0,2.0,3.0,1.0,A01
201800041216,1.0,7,0,0.0,2.0,4.0,2.0,C01
201800041216,1.0,7,0,0.0,2.0,4.0,2.0,B01
201800041216,1.0,7,0,0.0,2.0,1.0,2.0,A01
201800041217,1.0,13,0,0.0,2.0,2.0,14.0,A01
201800041217,1.0,7,0,0.0,2.0,8.0,1.0,B01
201800041218,1.0,7,0,0.0,2.0,5.0,0.0,A01
201800041218,1.0,7,0,0.0,2.0,0.0,0.0,B01
201800041218,1.0,7,0,0.0,2.0,8.0,2.0,C01
201800041219,1.0,7,0,4.0,2.0,1.0,21.0,A01
201800041220,1.0,7,0,0.0,1.0,1.0,1.0,A01
201800041221,1.0,10,0,0.0,2.0,2.0,2.0,A01
201800041221,1.0,7,0,0.0,2.0,1.0,2.0,B01
201800041222,1.0,7,0,0.0,2.0,5.0,2.0,B01
201800041222,1.0,33,0,0.0,2.0,1.0,21.0,A01
201800041223,1.0,7,0,15.0,0.0,4.0,2.0,A01
201800041223,1.0,10,0,15.0,0.0,1.0,11.0,B01
201800041224,1.0,7,0,0.0,1.0,0.0,20.0,A01
201800041225,2.0,37,1,0.0,2.0,1.0,2.0,A01
201800041225,2.0,7,0,0.0,2.0,4.0,2.0,B01
201800041225,2.0,7,0,0.0,2.0,4.0,2.0,C01
201800041226,1.0,7,0,0.0,1.0,0.0,0.0,A01
201800041227,1.0,10,0,0.0,2.0,1.0,9.0,A01
201800041227,1.0,37,0,0.0,2.0,7.0,9.0,B01
201800041228,1.0,7,0,0.0,1.0,3.0,1.0,A01
201800041229,1.0,7,0,0.0,1.0,1.0,1.0,A01
201800041230,1.0,37,1,2.0,0.0,1.0,13.0,A01
201800041231,1.0,1,0,0.0,2.0,8.0,19.0,B01
201800041231,1.0,7,0,0.0,2.0,2.0,1.0,A01
201800041232,2.0,7,0,0.0,2.0,1.0,21.0,B01
201800041232,2.0,7,0,0.0,2.0,1.0,13.0,A01
201800041233,1.0,7,0,9.0,1.0,1.0,16.0,A01
201800041234,1.0,7,0,4.0,2.0,2.0,2.0,A01
201800041234,1.0,7,0,4.0,0.0,6.0,2.0,B01
201800041235,1.0,7,0,0.0,2.0,2.0,9.0,B01
201800041235,1.0,33,0,0.0,2.0,1.0,1.0,A01
201800041236,1.0,7,0,0.0,2.0,1.0,0.0,A01
201800041237,2.0,7,0,0.0,2.0,5.0,1.0,A01
201800041237,2.0,7,0,0.0,2.0,2.0,1.0,B01
201800041238,0.0,7,0,0.0,2.0,8.0,15.0,A01
201800041238,0.0,7,0,0.0,2.0,1.0,1.0,B01
201800041239,1.0,7,0,0.0,2.0,4.0,0.0,A01
201800041239,1.0,7,0,0.0,2.0,1.0,0.0,C01
201800041239,1.0,7,0,0.0,2.0,4.0,2.0,B01
201800041240,1.0,1,0,0.0,2.0,7.0,1.0,B01
201800041240,1.0,7,0,0.0,2.0,1.0,9.0,A01
201800041241,1.0,7,0,0.0,2.0,1.0,0.0,B01
201800041241,1.0,13,0,0.0,2.0,4.0,23.0,A01
201800041242,1.0,7,0,0.0,2.0,2.0,15.0,A01
201800041242,2.0,7,0,0.0,2.0,3.0,2.0,B01
201800041243,1.0,7,0,0.0,2.0,1.0,1.0,A01
201800041243,1.0,7,0,0.0,9.0,4.0,2.0,B01
201800041244,1.0,7,0,0.0,2.0,6.0,2.0,B01
201800041244,1.0,7,0,0.0,2.0,1.0,2.0,A01
201800041245,1.0,10,0,4.0,1.0,5.0,9.0,A01
201800041245,1.0,37,0,0.0,2.0,1.0,1.0,B01
201800041246,1.0,33,0,0.0,2.0,6.0,21.0,B01
201800041246,1.0,7,0,0.0,2.0,1.0,10.0,A01
201800041247,1.0,10,0,0.0,2.0,3.0,22.0,A01
201800041247,1.0,33,0,1.0,0.0,7.0,0.0,B01
201800041248,2.0,7,0,0.0,2.0,4.0,23.0,B01
201800041248,2.0,7,0,0.0,2.0,1.0,2.0,A01
201800041249,1.0,7,0,0.0,1.0,1.0,16.0,A01
201800041250,2.0,37,0,0.0,2.0,1.0,2.0,A01
201800041250,2.0,7,0,0.0,2.0,4.0,2.0,B01
201800041251,1.0,7,0,0.0,2.0,7.0,1.0,A01
201800041251,1.0,7,0,0.0,2.0,3.0,16.0,B01
201800041252,2.0,7,0,5.0,0.0,3.0,16.0,A01
201800041253,2.0,7,0,0.0,2.0,1.0,23.0,A01
201800041253,2.0,7,0,0.0,2.0,4.0,4.0,B01
201800041254,1.0,7,0,0.0,2.0,1.0,19.0,B01
201800041254,1.0,2,0,0.0,2.0,8.0,19.0,A01
201800041255,2.0,37,1,0.0,2.0,3.0,1.0,B01
201800041255,1.0,31,0,0.0,2.0,1.0,11.0,A01
201800041256,1.0,7,0,0.0,2.0,1.0,1.0,A01
201800041256,2.0,7,0,0.0,2.0,1.0,15.0,B01
201800041257,1.0,7,0,0.0,2.0,4.0,2.0,A01
201800041257,1.0,7,0,0.0,2.0,1.0,2.0,B01
201800041258,0.0,7,0,0.0,2.0,1.0,1.0,A01
201800041258,0.0,10,0,0.0,2.0,8.0,1.0,B01
201800041259,0.0,7,0,0.0,2.0,1.0,1.0,A01
201800041259,0.0,10,0,0.0,2.0,8.0,1.0,B01
201800041260,0.0,7,0,0.0,0.0,2.0,21.0,A01
201800041261,1.0,7,0,0.0,2.0,1.0,0.0,A01
201800041261,1.0,7,0,0.0,2.0,4.0,23.0,B01
201800041262,0.0,7,0,0.0,1.0,2.0,11.0,A01
201800041263,1.0,7,0,13.0,0.0,2.0,1.0,A01
201800041264,0.0,7,0,0.0,2.0,1.0,0.0,B01
201800041264,0.0,7,0,0.0,2.0,1.0,21.0,A01
201800041264,0.0,7,0,1.0,0.0,4.0,0.0,C01
201800041265,0.0,99,0,0.0,2.0,4.0,0.0,A01
201800041265,0.0,13,0,0.0,2.0,1.0,2.0,B01
201800041266,0.0,7,0,1.0,2.0,0.0,0.0,B01
201800041266,0.0,7,0,0.0,2.0,4.0,0.0,A01
201800041267,0.0,7,0,0.0,1.0,1.0,1.0,A01
201800041268,0.0,10,0,0.0,0.0,4.0,1.0,B01
201800041268,0.0,37,1,0.0,2.0,2.0,1.0,A01
201800041269,0.0,15,0,0.0,2.0,5.0,21.0,B01
201800041269,0.0,37,6,3.0,2.0,7.0,14.0,A01
201800041270,0.0,7,0,0.0,1.0,1.0,1.0,A01
201800041271,0.0,7,0,0.0,2.0,4.0,23.0,A01
201800041271,0.0,7,0,0.0,2.0,1.0,1.0,B01
201800041272,0.0,7,0,0.0,2.0,1.0,15.0,B01
201800041272,0.0,7,0,0.0,2.0,3.0,1.0,A01
201800041273,0.0,1,0,0.0,2.0,1.0,1.0,B01
201800041273,0.0,7,0,0.0,2.0,2.0,0.0,A01
201800041274,1.0,7,0,0.0,2.0,4.0,0.0,C01
201800041274,1.0,7,0,0.0,2.0,1.0,0.0,A01
201800041274,1.0,7,0,0.0,2.0,9.0,0.0,B01
201800041275,0.0,7,0,0.0,1.0,2.0,19.0,A01
201800041276,1.0,10,0,0.0,2.0,3.0,2.0,A01
201800041276,1.0,7,0,0.0,2.0,4.0,2.0,B01
201800041277,0.0,7,0,1.0,2.0,1.0,2.0,B01
201800041277,0.0,7,0,0.0,2.0,4.0,23.0,A01
201800041278,0.0,7,0,0.0,2.0,1.0,5.0,A01
201800041278,0.0,7,0,0.0,2.0,8.0,1.0,B01
201800041279,0.0,7,0,0.0,2.0,0.0,0.0,A01
201800041279,0.0,7,0,0.0,2.0,7.0,0.0,B01
201800041280,0.0,7,0,0.0,0.0,3.0,0.0,C01
201800041280,0.0,7,0,0.0,0.0,2.0,1.0,B01
201800041280,0.0,7,0,0.0,2.0,1.0,1.0,A01
201800041281,1.0,7,0,0.0,2.0,2.0,15.0,A01
201800041281,2.0,33,0,0.0,2.0,7.0,1.0,B01
201800041282,0.0,7,0,0.0,2.0,1.0,0.0,B01
201800041282,0.0,7,0,0.0,2.0,1.0,0.0,C01
201800041282,0.0,7,0,1.0,0.0,1.0,0.0,D01
201800041283,1.0,7,0,0.0,1.0,3.0,1.0,A01
201800041284,1.0,7,0,0.0,1.0,4.0,4.0,A01
201800041285,0.0,7,0,0.0,2.0,4.0,9.0,A01
201800041285,0.0,10,0,0.0,2.0,1.0,2.0,C01
201800041285,0.0,7,0,0.0,2.0,4.0,2.0,B01
201800041286,0.0,10,0,4.0,0.0,3.0,13.0,A01
201800041287,0.0,7,0,0.0,1.0,3.0,9.0,A01
201800041288,2.0,10,0,0.0,1.0,2.0,1.0,A01
201800041289,1.0,1,0,0.0,2.0,4.0,0.0,A01
201800041289,1.0,7,0,0.0,6.0,1.0,0.0,B01
201800041290,1.0,7,0,6.0,0.0,1.0,15.0,A01
201800041291,0.0,7,0,0.0,2.0,6.0,1.0,A01
201800041291,0.0,7,0,0.0,2.0,6.0,1.0,B01
201800041292,0.0,7,0,0.0,2.0,1.0,9.0,B01
201800041292,0.0,7,0,0.0,2.0,7.0,1.0,A01
201800041293,0.0,7,0,0.0,2.0,4.0,2.0,B01
201800041293,0.0,7,0,0.0,2.0,4.0,2.0,D01
201800041293,0.0,7,0,0.0,2.0,1.0,2.0,A01
201800041293,0.0,7,0,0.0,2.0,4.0,2.0,C01
201800041294,0.0,10,0,3.0,0.0,9.0,13.0,A01
201800041295,2.0,37,1,0.0,2.0,3.0,1.0,B01
201800041295,1.0,7,0,0.0,2.0,3.0,13.0,A01
201800041296,0.0,7,0,0.0,2.0,6.0,1.0,A01
201800041296,0.0,10,0,1.0,0.0,2.0,21.0,C01
201800041296,0.0,15,0,0.0,2.0,2.0,1.0,B01
201800041297,1.0,7,0,0.0,2.0,4.0,23.0,A01
201800041297,1.0,10,0,0.0,2.0,1.0,1.0,B01
201800041298,1.0,7,0,0.0,2.0,6.0,2.0,B01
201800041298,1.0,7,0,0.0,2.0,2.0,2.0,A01
201800041299,0.0,7,0,0.0,2.0,0.0,23.0,B01
201800041299,0.0,7,0,0.0,2.0,2.0,1.0,A01
201800041300,0.0,37,1,0.0,2.0,2.0,13.0,A01
201800041300,0.0,7,0,0.0,2.0,6.0,12.0,B01
201800041301,2.0,7,0,6.0,2.0,4.0,1.0,A01
201800041302,2.0,7,0,0.0,2.0,1.0,2.0,A01
201800041302,2.0,7,0,0.0,0.0,4.0,2.0,B01
201800041303,1.0,34,0,0.0,2.0,1.0,13.0,B01
201800041303,0.0,7,0,0.0,2.0,3.0,13.0,A01
201800041304,2.0,33,0,0.0,2.0,5.0,16.0,B01
201800041304,2.0,7,0,0.0,2.0,3.0,15.0,A01
201800041305,2.0,1,0,0.0,2.0,8.0,1.0,B01
201800041305,1.0,10,0,0.0,2.0,3.0,15.0,A01
201800041306,0.0,7,0,0.0,2.0,1.0,0.0,A01
201800041306,0.0,7,0,0.0,2.0,7.0,1.0,B01
201800041307,0.0,7,0,9.0,2.0,7.0,1.0,A01
201800041307,0.0,37,1,0.0,2.0,1.0,1.0,B01
201800041308,0.0,37,1,0.0,2.0,4.0,2.0,B01
201800041308,0.0,37,1,0.0,2.0,1.0,2.0,A01
201800041309,0.0,7,0,15.0,0.0,3.0,2.0,A01
201800041309,0.0,20,0,14.0,0.0,4.0,4.0,B01
201800041310,0.0,20,0,0.0,2.0,3.0,9.0,A01
201800041310,1.0,99,0,0.0,2.0,1.0,14.0,Y01
201800041311,0.0,7,0,6.0,0.0,4.0,23.0,A01
201800041311,0.0,7,0,1.0,2.0,1.0,2.0,B01
201800041312,1.0,7,0,0.0,1.0,2.0,0.0,A01
201800041313,0.0,7,0,0.0,2.0,4.0,23.0,C01
201800041313,0.0,7,0,0.0,2.0,4.0,23.0,B01
201800041313,0.0,7,0,0.0,2.0,1.0,2.0,A01
201800041314,1.0,7,0,0.0,2.0,6.0,2.0,A01
201800041315,0.0,7,0,0.0,2.0,3.0,1.0,B01
201800041315,0.0,7,0,0.0,2.0,1.0,11.0,A01
201800041316,0.0,30,0,0.0,1.0,1.0,21.0,B01
201800041317,1.0,7,0,0.0,2.0,8.0,9.0,A01
201800041317,1.0,14,0,0.0,2.0,3.0,1.0,B01
201800041318,0.0,37,3,0.0,2.0,3.0,15.0,A01
201800041318,0.0,37,1,0.0,2.0,2.0,9.0,B01
201800041319,1.0,7,0,0.0,2.0,1.0,0.0,B01
201800041319,1.0,7,0,4.0,0.0,4.0,0.0,A01
201800041320,0.0,7,0,0.0,1.0,3.0,1.0,A01
201800041321,0.0,37,1,0.0,2.0,2.0,1.0,B01
201800041321,0.0,7,0,0.0,2.0,3.0,11.0,A01
201800041322,0.0,7,0,0.0,2.0,3.0,2.0,A01
201800041322,0.0,10,0,0.0,2.0,1.0,15.0,B01
201800041323,1.0,99,0,0.0,2.0,4.0,23.0,A01
201800041323,0.0,7,0,0.0,2.0,1.0,0.0,B01
201800041324,1.0,1,0,0.0,2.0,8.0,1.0,A01
201800041324,1.0,7,0,0.0,6.0,2.0,9.0,B01
201800041325,1.0,7,0,0.0,2.0,5.0,1.0,A01
201800041325,1.0,7,0,0.0,2.0,3.0,9.0,B01
201800041326,0.0,7,0,0.0,2.0,1.0,17.0,A01
201800041326,0.0,7,0,0.0,2.0,3.0,1.0,B01
201800041327,0.0,7,0,0.0,0.0,9.0,14.0,A01
201800041328,0.0,7,0,13.0,2.0,1.0,21.0,A01
201800041328,0.0,10,0,0.0,0.0,0.0,13.0,B01
201800041329,0.0,37,60,0.0,1.0,2.0,20.0,A01
201800041330,1.0,7,0,0.0,2.0,1.0,1.0,B01
201800041330,0.0,7,0,0.0,2.0,1.0,5.0,A01
201800041331,1.0,37,1,0.0,1.0,3.0,2.0,A01
201800041332,1.0,7,0,0.0,2.0,1.0,1.0,A01
201800041332,1.0,7,0,0.0,2.0,7.0,1.0,B01
201800041333,2.0,7,0,0.0,2.0,8.0,11.0,A01
201800041333,2.0,33,0,0.0,2.0,2.0,13.0,B01
201800041334,2.0,10,0,0.0,2.0,3.0,21.0,B01
201800041334,2.0,7,0,0.0,2.0,8.0,19.0,A01
201800041335,1.0,7,0,0.0,2.0,1.0,19.0,A01
201800041335,1.0,7,0,0.0,2.0,1.0,9.0,B01
201800041336,1.0,34,0,0.0,1.0,1.0,1.0,A01
201800041337,1.0,7,0,0.0,2.0,4.0,20.0,A01
201800041337,2.0,1,0,0.0,2.0,8.0,1.0,B01
201800041338,1.0,32,0,0.0,0.0,0.0,0.0,A01
201800041339,1.0,33,0,0.0,1.0,3.0,17.0,A01
201800041340,1.0,7,0,0.0,1.0,1.0,1.0,A01
201800041341,1.0,7,0,0.0,1.0,0.0,14.0,A01
201800041342,2.0,7,0,0.0,1.0,2.0,15.0,A01
201800041343,1.0,31,0,0.0,1.0,1.0,1.0,A01
201800041344,2.0,7,0,0.0,1.0,1.0,1.0,A01
201800041345,1.0,30,0,0.0,1.0,0.0,0.0,A01
201800041346,2.0,7,0,0.0,2.0,1.0,2.0,A01
201800041346,2.0,34,0,0.0,2.0,4.0,2.0,B01
201800041347,1.0,7,0,0.0,1.0,1.0,1.0,A01
201800041348,1.0,7,0,0.0,2.0,1.0,1.0,A01
201800041348,1.0,34,0,0.0,2.0,4.0,2.0,B01
201800041349,1.0,32,0,0.0,2.0,1.0,19.0,B01
201800041349,1.0,7,0,0.0,2.0,3.0,19.0,A01
201800041350,1.0,7,0,9.0,0.0,4.0,0.0,A01
201800041350,1.0,1,0,9.0,0.0,4.0,0.0,B01
201800041351,2.0,30,0,14.0,0.0,1.0,2.0,A01
201800041351,2.0,7,0,0.0,2.0,4.0,23.0,B01
201800041352,1.0,1,0,0.0,2.0,7.0,19.0,B01
201800041352,1.0,7,0,0.0,2.0,3.0,19.0,A01
201800041353,1.0,10,0,0.0,0.0,8.0,22.0,A01
201800041353,1.0,33,0,1.0,0.0,1.0,1.0,B01
201800041354,2.0,30,0,0.0,2.0,1.0,1.0,B01
201800041354,1.0,7,0,0.0,2.0,2.0,15.0,A01
201800041355,1.0,7,0,0.0,2.0,3.0,1.0,A01
201800041355,2.0,2,0,0.0,2.0,1.0,1.0,B01
201800041356,2.0,10,0,0.0,2.0,1.0,1.0,A01
201800041356,2.0,7,0,0.0,2.0,3.0,15.0,B01
201800041357,1.0,7,0,0.0,1.0,3.0,15.0,A01
201800041358,2.0,1,0,14.0,2.0,2.0,21.0,A01
201800041358,1.0,37,26,0.0,2.0,3.0,23.0,B01
201800041359,1.0,7,0,0.0,2.0,3.0,15.0,A01
201800041359,1.0,1,0,0.0,2.0,2.0,5.0,B01
201800041360,1.0,2,0,0.0,2.0,1.0,17.0,A01
201800041360,1.0,7,0,0.0,2.0,3.0,15.0,B01
201800041361,1.0,7,0,0.0,2.0,1.0,0.0,C01
201800041361,0.0,7,0,0.0,2.0,1.0,0.0,B01
201800041361,1.0,34,0,0.0,2.0,0.0,0.0,A01
201800041362,2.0,7,0,0.0,2.0,3.0,22.0,A01
201800041362,2.0,1,0,1.0,0.0,1.0,1.0,B01
201800041363,0.0,7,0,0.0,2.0,3.0,16.0,B01
201800041363,0.0,7,0,0.0,2.0,3.0,15.0,A01
201800041364,0.0,7,0,0.0,2.0,0.0,0.0,A01
201800041364,0.0,31,0,0.0,2.0,1.0,1.0,B01
201800041365,1.0,7,0,0.0,1.0,1.0,15.0,A01
201800041366,1.0,7,0,0.0,2.0,2.0,15.0,A01
201800041366,2.0,30,0,0.0,2.0,1.0,2.0,B01
201800041367,1.0,30,0,0.0,2.0,7.0,17.0,B01
201800041367,1.0,7,0,0.0,2.0,3.0,13.0,A01
201800041368,2.0,31,0,0.0,2.0,1.0,1.0,A01
201800041368,1.0,7,0,0.0,2.0,5.0,15.0,B01
201800041369,2.0,32,0,0.0,2.0,1.0,1.0,B01
201800041369,1.0,7,0,0.0,2.0,7.0,15.0,A01
201800041370,0.0,7,0,0.0,1.0,3.0,1.0,A01
201800041371,0.0,2,0,0.0,2.0,1.0,1.0,B01
201800041371,0.0,7,0,0.0,2.0,2.0,15.0,A01
201800041372,1.0,7,0,0.0,2.0,2.0,2.0,A01
201800041372,1.0,33,0,0.0,2.0,4.0,1.0,B01
201800041373,2.0,10,0,8.0,0.0,1.0,2.0,A01
201800041374,2.0,31,0,4.0,0.0,1.0,1.0,A01
201800041375,2.0,7,0,0.0,1.0,2.0,1.0,A01
201800041376,2.0,33,0,0.0,0.0,0.0,1.0,A01
201800041377,1.0,7,0,0.0,2.0,2.0,15.0,B01
201800041377,1.0,10,0,0.0,2.0,3.0,1.0,A01
201800041378,1.0,7,0,0.0,2.0,2.0,15.0,A01
201800041378,1.0,7,0,0.0,2.0,1.0,2.0,B01
201800041379,2.0,31,0,0.0,2.0,1.0,1.0,A01
201800041379,2.0,7,0,0.0,2.0,6.0,23.0,B01
201800041380,1.0,7,0,0.0,2.0,3.0,1.0,B01
201800041380,1.0,7,0,0.0,2.0,2.0,9.0,A01
201800041381,1.0,7,0,0.0,1.0,2.0,16.0,A01
201800041382,2.0,7,0,0.0,2.0,1.0,2.0,A01
201800041382,2.0,7,0,0.0,2.0,4.0,23.0,B01
201800041383,1.0,33,0,0.0,0.0,0.0,13.0,A01
201800041384,1.0,7,0,0.0,2.0,1.0,1.0,B01
201800041384,1.0,7,0,0.0,2.0,5.0,15.0,A01
201800041385,2.0,7,0,0.0,2.0,5.0,23.0,B01
201800041385,2.0,33,0,0.0,2.0,1.0,1.0,A01
201800041386,1.0,14,0,0.0,1.0,5.0,16.0,A01
201800041387,1.0,7,0,0.0,2.0,1.0,2.0,A01
201800041387,1.0,7,0,0.0,2.0,4.0,1.0,B01
201800041388,0.0,7,0,0.0,1.0,3.0,15.0,A01
201800041389,2.0,7,0,0.0,2.0,3.0,1.0,A01
201800041389,2.0,33,0,0.0,2.0,1.0,15.0,B01
201800041390,1.0,7,0,0.0,2.0,4.0,4.0,A01
201800041390,1.0,31,0,0.0,2.0,1.0,2.0,B01
201800041391,1.0,7,0,0.0,1.0,1.0,1.0,A01
201800041392,1.0,31,0,12.0,0.0,1.0,9.0,A01
201800041393,1.0,7,0,6.0,0.0,1.0,16.0,A01
201800041394,1.0,7,0,9.0,0.0,2.0,1.0,A01
201800041395,1.0,37,10,0.0,2.0,7.0,19.0,B01
201800041395,2.0,7,0,0.0,2.0,2.0,19.0,A01
201800041396,1.0,33,0,0.0,2.0,7.0,1.0,A01
201800041396,2.0,7,0,0.0,2.0,3.0,13.0,B01
201800041397,1.0,7,0,0.0,2.0,6.0,11.0,A01
201800041397,1.0,33,0,0.0,2.0,3.0,11.0,B01
201800041398,1.0,7,0,12.0,0.0,1.0,1.0,A01
201800041399,1.0,7,0,9.0,0.0,2.0,16.0,A01
201800041400,1.0,13,0,0.0,1.0,1.0,1.0,A01
201800041401,1.0,7,0,0.0,2.0,1.0,2.0,A01
201800041401,1.0,31,0,0.0,2.0,4.0,2.0,B01
201800041402,1.0,34,0,0.0,2.0,7.0,13.0,A01
201800041402,1.0,7,0,0.0,2.0,0.0,1.0,Z02
201800041403,0.0,7,0,0.0,2.0,2.0,1.0,B01
201800041403,1.0,7,0,0.0,2.0,1.0,1.0,A01
201800041404,1.0,7,0,0.0,2.0,1.0,2.0,A01
201800041404,1.0,1,0,0.0,2.0,4.0,1.0,B02
201800041405,1.0,7,0,2.0,0.0,3.0,1.0,A01
201800041406,1.0,7,0,0.0,2.0,1.0,2.0,A01
201800041406,1.0,7,0,0.0,2.0,4.0,2.0,B01
201800041407,1.0,7,0,0.0,9.0,4.0,2.0,Z01
201800041407,1.0,1,0,0.0,2.0,1.0,2.0,A01
201800041408,1.0,7,0,8.0,0.0,1.0,9.0,A01
201800041409,1.0,7,0,0.0,2.0,9.0,2.0,A01
201800041410,1.0,7,0,0.0,1.0,1.0,1.0,A01
201800041411,1.0,7,0,0.0,2.0,0.0,17.0,A01
201800041411,1.0,31,0,0.0,2.0,0.0,2.0,B01
201800041412,1.0,7,0,0.0,1.0,1.0,2.0,A01
201800041413,1.0,34,0,0.0,2.0,3.0,18.0,A01
201800041413,1.0,7,0,0.0,2.0,5.0,9.0,B01
201800041414,2.0,7,0,6.0,2.0,5.0,1.0,A01
201800041414,2.0,7,0,0.0,2.0,0.0,2.0,Z01
201800041415,1.0,7,0,0.0,2.0,1.0,2.0,A01
201800041415,1.0,7,0,0.0,2.0,7.0,23.0,B01
201800041416,2.0,7,0,0.0,2.0,2.0,15.0,A01
201800041416,1.0,7,0,0.0,2.0,1.0,9.0,B01
201800041417,2.0,1,0,0.0,2.0,2.0,17.0,B01
201800041417,2.0,7,0,0.0,2.0,3.0,13.0,A01
201800041418,2.0,7,0,0.0,2.0,1.0,9.0,A01
201800041418,2.0,7,0,0.0,2.0,1.0,9.0,B01
201800041418,2.0,7,0,0.0,2.0,4.0,23.0,C01
201800041418,2.0,7,0,0.0,2.0,4.0,9.0,D01
201800041419,1.0,34,0,12.0,0.0,8.0,2.0,A01
201800041420,1.0,31,0,0.0,0.0,3.0,21.0,A01
201800041421,1.0,7,0,3.0,2.0,1.0,2.0,A01
201800041421,1.0,7,0,0.0,2.0,6.0,2.0,B01
201800041422,0.0,7,0,0.0,0.0,1.0,1.0,A01
201800041423,1.0,7,0,14.0,1.0,4.0,4.0,A01
201800041424,2.0,34,0,0.0,1.0,7.0,17.0,A01
201800041425,2.0,7,0,0.0,2.0,1.0,2.0,A01
201800041425,2.0,7,0,0.0,2.0,4.0,2.0,B01
201800041425,2.0,7,0,0.0,9.0,4.0,2.0,C01
201800041426,2.0,1,0,0.0,0.0,0.0,0.0,A01
201800041427,1.0,7,0,6.0,0.0,1.0,16.0,A01
201800041428,1.0,7,0,0.0,2.0,2.0,15.0,A01
201800041428,1.0,31,0,0.0,2.0,1.0,21.0,B01
201800041429,1.0,7,0,0.0,2.0,4.0,23.0,D01
201800041429,1.0,10,0,0.0,2.0,1.0,1.0,A01
201800041429,1.0,7,0,0.0,2.0,4.0,23.0,B01
201800041429,1.0,7,0,0.0,2.0,4.0,23.0,C01
201800041430,2.0,1,0,0.0,2.0,1.0,15.0,A01
201800041430,2.0,7,0,1.0,2.0,3.0,1.0,B01
201800041431,1.0,33,0,0.0,0.0,7.0,16.0,A01
201800041432,1.0,33,0,0.0,0.0,9.0,1.0,B01
201800041432,1.0,10,0,0.0,2.0,5.0,15.0,A01
201800041433,1.0,7,0,0.0,2.0,3.0,15.0,B01
201800041433,1.0,33,0,0.0,2.0,3.0,17.0,A01
201800041434,1.0,7,0,1.0,0.0,2.0,1.0,A01
201800041435,1.0,7,0,0.0,2.0,6.0,13.0,A01
201800041435,1.0,34,0,0.0,2.0,7.0,2.0,B01
201800041436,1.0,7,0,0.0,2.0,1.0,19.0,B01
201800041436,1.0,7,0,15.0,2.0,2.0,19.0,A01
201800041436,1.0,7,0,0.0,2.0,3.0,19.0,C01
201800041437,1.0,33,0,0.0,2.0,2.0,17.0,B01
201800041437,1.0,7,0,0.0,2.0,3.0,15.0,A01
201800041438,1.0,7,0,0.0,1.0,7.0,2.0,A01
201800041439,1.0,7,0,0.0,2.0,1.0,2.0,A01
201800041439,1.0,7,0,0.0,9.0,4.0,2.0,B01
201800041440,1.0,1,0,0.0,2.0,5.0,15.0,B01
201800041440,1.0,10,0,0.0,2.0,3.0,9.0,A01
201800041441,2.0,34,0,0.0,2.0,8.0,1.0,B01
201800041441,2.0,7,0,0.0,2.0,2.0,14.0,A01
201800041442,2.0,7,0,1.0,0.0,1.0,15.0,A01
201800041443,1.0,31,0,0.0,0.0,8.0,16.0,A01
201800041444,1.0,7,0,0.0,2.0,1.0,2.0,B01
201800041444,1.0,15,0,0.0,2.0,1.0,2.0,A01
201800041444,1.0,13,0,0.0,2.0,4.0,2.0,C01
201800041445,2.0,33,0,0.0,2.0,3.0,17.0,A01
201800041445,2.0,7,0,0.0,2.0,3.0,20.0,B01
201800041446,1.0,10,0,0.0,2.0,2.0,1.0,A01
201800041446,1.0,7,0,0.0,2.0,4.0,2.0,B01
201800041447,1.0,7,0,0.0,2.0,8.0,1.0,B01
201800041447,0.0,7,0,0.0,2.0,2.0,15.0,A01
201800041448,1.0,7,0,0.0,0.0,5.0,2.0,A01