Num_Acc,senc,catv,occutc,obs,obsm,choc,manv,num_veh
201800041715,1.0,7,0,0.0,2.0,5.0,23.0,B01
201800041716,1.0,7,0,0.0,2.0,2.0,19.0,A01
201800041716,1.0,7,0,0.0,2.0,1.0,19.0,B01
201800041717,1.0,31,0,0.0,2.0,2.0,17.0,A01
201800041717,2.0,7,0,0.0,2.0,1.0,15.0,B01
201800041718,1.0,7,0,0.0,1.0,3.0,0.0,A01
201800041719,1.0,7,0,0.0,1.0,2.0,1.0,A01
201800041720,1.0,7,0,0.0,1.0,2.0,2.0,A01
201800041721,1.0,7,0,16.0,0.0,7.0,12.0,A01
201800041722,1.0,7,0,16.0,0.0,1.0,15.0,A01
201800041722,2.0,33,0,0.0,2.0,1.0,7.0,B01
201800041723,1.0,7,0,0.0,1.0,2.0,1.0,A01
201800041724,2.0,7,0,0.0,1.0,1.0,15.0,A01
201800041725,1.0,7,0,0.0,2.0,1.0,2.0,A01
201800041725,1.0,7,0,0.0,2.0,4.0,23.0,B01
201800041726,2.0,10,0,0.0,2.0,3.0,10.0,A01
201800041726,2.0,7,0,1.0,2.0,2.0,21.0,B01
201800041727,1.0,7,0,0.0,2.0,3.0,15.0,A01
201800041727,1.0,7,0,4.0,2.0,7.0,1.0,B01
201800041728,2.0,7,0,0.0,2.0,3.0,1.0,A01
201800041728,1.0,33,0,0.0,2.0,1.0,3.0,B01
201800041729,1.0,33,0,0.0,2.0,7.0,17.0,A01
201800041729,1.0,7,0,0.0,2.0,3.0,15.0,B01
201800041730,1.0,7,0,0.0,2.0,3.0,2.0,A01
201800041730,1.0,7,0,0.0,2.0,5.0,10.0,B01
201800041731,1.0,33,0,0.0,2.0,6.0,17.0,A01
201800041731,1.0,7,0,0.0,2.0,6.0,15.0,B01
201800041732,2.0,2,0,0.0,1.0,1.0,5.0,A01
201800041733,1.0,7,0,0.0,1.0,3.0,19.0,A01
201800041734,1.0,7,0,0.0,0.0,7.0,9.0,A01
201800041734,1.0,7,0,0.0,2.0,6.0,15.0,B01
201800041735,1.0,7,0,0.0,1.0,3.0,21.0,A01
201800041736,0.0,7,0,0.0,2.0,1.0,15.0,A01
201800041736,0.0,10,0,0.0,2.0,2.0,1.0,B01
201800041737,2.0,7,0,0.0,2.0,1.0,15.0,A01
201800041737,1.0,7,0,1.0,2.0,5.0,1.0,B01
201800041738,1.0,7,0,0.0,2.0,0.0,0.0,B01
201800041738,1.0,30,0,0.0,2.0,7.0,0.0,A01
201800041739,2.0,7,0,0.0,1.0,3.0,1.0,A01
201800041740,2.0,7,0,1.0,2.0,3.0,0.0,A01
201800041740,2.0,7,0,1.0,2.0,2.0,2.0,B01
201800041741,2.0,7,0,0.0,2.0,2.0,19.0,A01
201800041741,2.0,10,0,0.0,2.0,3.0,19.0,B02
201800041742,1.0,7,0,0.0,1.0,2.0,1.0,A01
201800041743,1.0,7,0,0.0,2.0,7.0,1.0,B01
201800041743,1.0,10,0,0.0,2.0,1.0,19.0,A01
201800041744,2.0,33,0,0.0,2.0,8.0,2.0,A01
201800041744,2.0,37,10,0.0,2.0,6.0,23.0,B01
201800041745,2.0,7,0,0.0,2.0,3.0,22.0,A01
201800041745,2.0,1,0,1.0,0.0,1.0,1.0,B01
201800041746,2.0,31,0,14.0,0.0,0.0,1.0,A01
201800041747,1.0,7,0,0.0,2.0,2.0,14.0,A01
201800041748,1.0,7,0,0.0,2.0,4.0,23.0,A01
201800041748,1.0,7,0,0.0,2.0,1.0,21.0,B01
201800041749,0.0,7,0,0.0,1.0,2.0,15.0,A01
201800041750,2.0,7,0,0.0,2.0,6.0,9.0,B01
201800041750,2.0,31,0,0.0,2.0,1.0,17.0,A01
201800041751,1.0,7,0,0.0,2.0,1.0,19.0,A01
201800041751,1.0,7,0,0.0,2.0,4.0,23.0,B01
201800041752,1.0,33,0,0.0,2.0,2.0,1.0,A01
201800041752,1.0,7,0,0.0,2.0,3.0,15.0,B01
201800041753,2.0,10,0,0.0,2.0,6.0,23.0,B01
201800041753,2.0,2,0,0.0,2.0,1.0,2.0,A01
201800041754,1.0,7,0,0.0,2.0,3.0,15.0,A01
201800041754,2.0,2,0,0.0,2.0,1.0,19.0,B01
201800041755,2.0,7,0,0.0,2.0,1.0,9.0,A01
201800041755,2.0,7,0,0.0,2.0,2.0,21.0,B01
201800041756,1.0,7,0,0.0,2.0,4.0,2.0,B01
201800041756,1.0,7,0,0.0,2.0,1.0,2.0,A01
201800041757,1.0,7,0,0.0,1.0,5.0,20.0,A01
201800041758,1.0,7,0,0.0,2.0,7.0,1.0,B01
201800041758,1.0,7,0,0.0,2.0,1.0,9.0,A01
201800041759,1.0,7,0,1.0,0.0,2.0,1.0,A01
201800041760,1.0,7,0,0.0,2.0,8.0,10.0,B01
201800041760,1.0,33,0,0.0,2.0,1.0,17.0,A01
201800041761,1.0,33,0,0.0,2.0,8.0,1.0,B01
201800041761,2.0,7,0,0.0,2.0,3.0,10.0,A01
201800041762,1.0,7,0,0.0,1.0,1.0,2.0,A01
201800041763,1.0,7,0,0.0,1.0,7.0,2.0,A01
201800041764,1.0,7,0,0.0,2.0,1.0,2.0,A01
201800041764,1.0,7,0,0.0,2.0,4.0,2.0,B01
201800041764,1.0,7,0,0.0,2.0,4.0,2.0,C01
201800041765,1.0,7,0,0.0,2.0,2.0,9.0,B01
201800041765,1.0,31,0,0.0,2.0,8.0,17.0,A01
201800041766,1.0,7,0,4.0,0.0,2.0,12.0,A01
201800041766,1.0,7,0,0.0,2.0,8.0,1.0,B01
201800041767,1.0,31,0,0.0,2.0,1.0,17.0,A01
201800041767,1.0,7,0,0.0,2.0,3.0,15.0,B01
201800041768,1.0,7,0,0.0,2.0,3.0,9.0,A01
201800041768,1.0,33,0,0.0,2.0,1.0,21.0,B01
201800041769,1.0,10,0,0.0,2.0,5.0,23.0,C01
201800041769,1.0,7,0,0.0,2.0,1.0,2.0,A01
201800041769,1.0,7,0,0.0,2.0,4.0,23.0,B01
201800041770,2.0,33,0,0.0,2.0,1.0,16.0,B01
201800041770,1.0,7,0,0.0,2.0,1.0,15.0,A01
201800041771,2.0,33,0,0.0,0.0,7.0,1.0,A01
201800041772,1.0,7,0,0.0,1.0,5.0,20.0,A01
201800041773,2.0,7,0,0.0,2.0,6.0,1.0,A01
201800041773,1.0,7,0,0.0,2.0,1.0,1.0,B01
201800041774,1.0,7,0,0.0,2.0,1.0,2.0,A01
201800041774,1.0,7,0,0.0,1.0,4.0,23.0,B01
201800041775,2.0,31,0,0.0,2.0,1.0,1.0,B01
201800041775,1.0,7,0,0.0,2.0,5.0,15.0,A01
201800041776,2.0,7,0,0.0,2.0,4.0,23.0,B01
201800041776,2.0,7,0,0.0,2.0,1.0,21.0,A01
201800041777,1.0,31,0,0.0,2.0,4.0,1.0,B01
201800041777,2.0,7,0,0.0,2.0,2.0,15.0,A01
201800041778,1.0,37,900,10.0,0.0,2.0,10.0,A01
201800041778,1.0,32,0,0.0,2.0,2.0,19.0,B01
201800041779,2.0,14,0,0.0,1.0,4.0,0.0,A01
201800041780,0.0,7,0,0.0,2.0,2.0,1.0,B01
201800041780,0.0,33,0,0.0,2.0,3.0,16.0,A01
201800041781,0.0,7,0,0.0,2.0,7.0,19.0,A01
201800041781,0.0,37,44,0.0,0.0,0.0,0.0,B01
201800041782,0.0,32,0,0.0,2.0,7.0,0.0,B01
201800041782,0.0,7,0,0.0,2.0,3.0,0.0,A01
201800041783,0.0,7,0,0.0,1.0,1.0,0.0,A01
201800041784,0.0,7,0,0.0,2.0,3.0,15.0,A01
201800041784,0.0,7,0,0.0,2.0,3.0,23.0,B01
201800041785,2.0,7,0,0.0,2.0,2.0,15.0,A01
201800041785,1.0,7,0,0.0,2.0,3.0,1.0,B01
201800041786,1.0,37,0,0.0,2.0,2.0,1.0,B01
201800041786,1.0,7,0,0.0,2.0,0.0,0.0,Z01
201800041787,1.0,7,0,0.0,2.0,2.0,15.0,A01
201800041787,2.0,34,0,0.0,2.0,1.0,3.0,B01
201800041788,0.0,7,0,0.0,2.0,3.0,15.0,B01
201800041788,0.0,33,0,0.0,2.0,7.0,17.0,A01
201800041789,1.0,10,0,0.0,1.0,1.0,15.0,A01
201800041790,1.0,30,0,0.0,1.0,1.0,17.0,A01
201800041791,0.0,7,0,0.0,1.0,1.0,1.0,A01
201800041792,0.0,32,0,0.0,0.0,1.0,1.0,A01
201800041793,0.0,7,0,0.0,2.0,4.0,23.0,B01
201800041793,0.0,7,0,0.0,2.0,1.0,2.0,A01
201800041794,1.0,34,0,0.0,2.0,1.0,0.0,A01
201800041794,0.0,7,0,0.0,2.0,1.0,0.0,B01
201800041795,0.0,7,0,0.0,2.0,1.0,1.0,A01
201800041795,0.0,7,0,0.0,2.0,4.0,1.0,B01
201800041795,0.0,7,0,0.0,2.0,4.0,1.0,C01
201800041796,1.0,10,0,0.0,1.0,3.0,2.0,A01
201800041797,1.0,7,0,0.0,2.0,1.0,9.0,A01
201800041797,2.0,30,0,0.0,2.0,1.0,1.0,B01
201800041798,2.0,7,0,0.0,2.0,4.0,23.0,C01
201800041798,2.0,7,0,0.0,2.0,4.0,23.0,B01
201800041798,2.0,7,0,0.0,2.0,1.0,0.0,A01
201800041799,2.0,7,0,0.0,2.0,3.0,15.0,A01
201800041799,1.0,37,10,6.0,2.0,1.0,1.0,B01
201800041800,1.0,33,0,0.0,2.0,1.0,3.0,A01
201800041800,1.0,7,0,0.0,2.0,3.0,15.0,B01
201800041801,2.0,7,0,0.0,2.0,1.0,1.0,B01
201800041801,1.0,7,0,0.0,2.0,8.0,19.0,A01
201800041802,1.0,7,0,0.0,2.0,4.0,23.0,C01
201800041802,1.0,7,0,0.0,2.0,4.0,2.0,B01
201800041802,1.0,7,0,0.0,2.0,1.0,2.0,A01
201800041803,1.0,7,0,0.0,1.0,1.0,15.0,A01
201800041804,2.0,32,0,0.0,0.0,0.0,0.0,A01
201800041805,1.0,7,0,0.0,1.0,1.0,0.0,Z01
201800041806,1.0,7,0,0.0,0.0,4.0,23.0,C01
201800041806,1.0,99,0,0.0,2.0,1.0,2.0,A01
201800041806,1.0,7,0,0.0,2.0,4.0,23.0,B01
201800041807,0.0,7,0,0.0,1.0,4.0,4.0,A01
201800041808,2.0,7,0,0.0,6.0,3.0,1.0,B01
201800041808,2.0,1,0,0.0,2.0,1.0,15.0,A01
201800041809,1.0,37,10,0.0,2.0,4.0,23.0,B01
201800041809,1.0,15,0,1.0,0.0,1.0,2.0,A01
201800041810,0.0,7,0,0.0,1.0,1.0,16.0,A01
201800041811,1.0,7,0,0.0,2.0,9.0,11.0,A01
201800041811,1.0,7,0,0.0,2.0,2.0,1.0,B01
201800041812,1.0,7,0,0.0,2.0,7.0,10.0,A01
201800041812,2.0,33,0,0.0,2.0,1.0,2.0,B01
201800041813,0.0,1,0,0.0,0.0,0.0,0.0,A01
201800041814,1.0,33,0,0.0,2.0,1.0,1.0,B01
201800041814,2.0,10,0,0.0,2.0,1.0,15.0,A01
201800041815,1.0,7,0,0.0,2.0,8.0,1.0,B01
201800041815,2.0,7,0,0.0,2.0,8.0,13.0,A01
201800041816,0.0,10,0,0.0,1.0,1.0,1.0,A01
201800041817,0.0,33,0,0.0,0.0,7.0,0.0,A01
201800041818,0.0,7,0,0.0,1.0,1.0,0.0,Z01
201800041819,1.0,7,0,0.0,1.0,1.0,16.0,A01
201800041820,1.0,7,0,0.0,2.0,1.0,23.0,B01
201800041820,1.0,7,0,1.0,2.0,7.0,9.0,A01
201800041821,1.0,30,0,0.0,0.0,7.0,16.0,A01
201800041822,1.0,7,0,0.0,2.0,1.0,1.0,A01
201800041822,1.0,7,0,0.0,6.0,4.0,23.0,B01
201800041823,1.0,34,0,0.0,2.0,4.0,2.0,B01
201800041823,1.0,7,0,0.0,2.0,1.0,1.0,A01
201800041824,2.0,7,0,1.0,0.0,1.0,13.0,A01
201800041825,2.0,7,0,0.0,2.0,1.0,9.0,A01
201800041825,2.0,7,0,0.0,2.0,4.0,9.0,B01
201800041826,0.0,7,0,0.0,1.0,1.0,21.0,A01
201800041827,1.0,10,0,1.0,0.0,3.0,5.0,A01
201800041828,1.0,7,0,0.0,2.0,3.0,1.0,B01
201800041828,0.0,7,0,0.0,2.0,3.0,16.0,A01
201800041829,1.0,7,0,11.0,0.0,1.0,0.0,A01
201800041830,0.0,7,0,0.0,2.0,6.0,15.0,A01
201800041830,1.0,7,0,0.0,2.0,2.0,17.0,Z01
201800041831,1.0,37,10,0.0,1.0,8.0,7.0,A01
201800041832,1.0,7,0,0.0,2.0,9.0,5.0,A01
201800041832,2.0,7,0,0.0,2.0,8.0,23.0,B01
201800041833,1.0,7,0,1.0,0.0,2.0,14.0,A01
201800041834,1.0,31,0,0.0,2.0,6.0,9.0,A01
201800041834,1.0,7,0,0.0,2.0,3.0,1.0,B01
201800041835,2.0,7,0,0.0,2.0,2.0,15.0,A01
201800041835,1.0,33,0,0.0,2.0,2.0,19.0,B01
201800041836,1.0,7,0,0.0,1.0,1.0,16.0,A01
201800041837,2.0,13,0,0.0,1.0,3.0,21.0,A01
201800041838,2.0,7,0,0.0,2.0,3.0,19.0,A01
201800041838,1.0,33,0,0.0,2.0,2.0,19.0,B01
201800041839,2.0,7,0,0.0,2.0,2.0,1.0,A01
201800041839,2.0,1,0,0.0,2.0,8.0,1.0,B01
201800041840,1.0,31,0,0.0,2.0,5.0,17.0,A01
201800041840,1.0,37,10,0.0,2.0,3.0,15.0,B01
201800041841,1.0,7,0,0.0,2.0,3.0,1.0,A01
201800041841,,1,0,0.0,2.0,1.0,1.0,B02
201800041842,1.0,31,0,0.0,2.0,1.0,17.0,A01
201800041842,1.0,7,0,0.0,2.0,3.0,1.0,B01
201800041843,1.0,7,0,0.0,2.0,3.0,1.0,A01
201800041843,1.0,7,0,0.0,2.0,8.0,0.0,B01
201800041844,1.0,7,0,0.0,2.0,2.0,1.0,A01
201800041844,2.0,7,0,0.0,2.0,3.0,15.0,B01
201800041845,1.0,7,0,0.0,2.0,5.0,23.0,B01
201800041845,1.0,37,10,0.0,2.0,2.0,9.0,A01
201800041846,1.0,34,0,0.0,2.0,1.0,1.0,B01
201800041846,1.0,7,0,0.0,2.0,7.0,15.0,A01
201800041847,2.0,34,0,14.0,2.0,1.0,15.0,C01
201800041847,1.0,7,0,14.0,2.0,8.0,15.0,D01
201800041847,2.0,7,0,14.0,2.0,1.0,15.0,A01
201800041847,2.0,7,0,14.0,2.0,3.0,15.0,B01
201800041848,1.0,7,0,1.0,0.0,2.0,14.0,A01
201800041849,1.0,7,0,0.0,1.0,2.0,1.0,A01
201800041850,1.0,7,0,0.0,1.0,1.0,0.0,A01
201800041851,1.0,7,0,0.0,2.0,4.0,23.0,B01
201800041851,1.0,10,0,0.0,2.0,1.0,2.0,A01
201800041852,1.0,7,0,0.0,1.0,2.0,1.0,A01
201800041853,1.0,7,0,12.0,1.0,1.0,19.0,A01
201800041854,2.0,7,0,0.0,2.0,2.0,1.0,A01
201800041854,1.0,7,0,0.0,2.0,3.0,20.0,B01
201800041855,1.0,7,0,0.0,2.0,1.0,2.0,A01
201800041855,1.0,7,0,0.0,2.0,4.0,23.0,B01
201800041856,1.0,7,0,0.0,1.0,2.0,1.0,A01
201800041857,1.0,34,0,1.0,0.0,7.0,1.0,A01
201800041858,1.0,33,0,0.0,0.0,0.0,1.0,A01
201800041858,2.0,7,0,0.0,0.0,0.0,13.0,B01
201800041859,1.0,7,0,0.0,2.0,3.0,13.0,A01
201800041859,1.0,33,0,0.0,2.0,1.0,17.0,B01
201800041860,0.0,7,0,0.0,2.0,1.0,17.0,A01
201800041860,0.0,2,0,0.0,2.0,1.0,1.0,B01
201800041861,1.0,7,0,0.0,2.0,1.0,9.0,A01
201800041861,1.0,7,0,0.0,2.0,1.0,1.0,B01
201800041861,1.0,7,0,0.0,2.0,4.0,1.0,C01
201800041861,1.0,7,0,0.0,2.0,5.0,1.0,D01
201800041862,1.0,7,0,8.0,0.0,1.0,14.0,A01
201800041863,2.0,7,0,0.0,1.0,2.0,1.0,A01
201800041864,1.0,15,0,0.0,1.0,1.0,1.0,A01
201800041865,1.0,33,0,0.0,2.0,2.0,1.0,B01
201800041865,1.0,7,0,0.0,2.0,3.0,15.0,A01
201800041866,1.0,37,0,0.0,2.0,1.0,17.0,A01
201800041866,1.0,10,0,0.0,2.0,8.0,10.0,B01
201800041867,2.0,7,0,0.0,2.0,1.0,1.0,A01
201800041867,1.0,7,0,0.0,2.0,8.0,1.0,B01
201800041868,1.0,10,0,0.0,2.0,1.0,2.0,A01
201800041868,1.0,7,0,0.0,2.0,4.0,23.0,B01
201800041869,2.0,31,0,0.0,2.0,1.0,1.0,A01
201800041869,1.0,7,0,0.0,2.0,2.0,15.0,B01
201800041870,2.0,31,0,0.0,2.0,0.0,2.0,A01
201800041871,1.0,7,0,0.0,2.0,6.0,15.0,B01
201800041871,1.0,7,0,0.0,2.0,2.0,15.0,A01
201800041872,2.0,1,0,0.0,2.0,2.0,19.0,B01
201800041872,2.0,7,0,0.0,2.0,2.0,1.0,A01
201800041873,2.0,7,0,1.0,2.0,4.0,24.0,B01
201800041873,2.0,10,0,1.0,2.0,1.0,1.0,A01
201800041873,2.0,7,0,1.0,2.0,6.0,2.0,C01
201800041873,2.0,7,0,1.0,2.0,2.0,2.0,D01
201800041874,1.0,7,0,0.0,1.0,1.0,15.0,A01
201800041875,2.0,7,0,0.0,1.0,1.0,7.0,A01
201800041876,1.0,7,0,0.0,2.0,5.0,16.0,A01
201800041876,0.0,99,0,0.0,2.0,0.0,0.0,R01
201800041877,2.0,33,0,0.0,2.0,1.0,1.0,B01
201800041877,2.0,7,0,0.0,2.0,1.0,0.0,A01
201800041878,1.0,7,0,14.0,0.0,3.0,19.0,A01
201800041878,1.0,33,0,14.0,0.0,3.0,15.0,B01
201800041879,1.0,10,0,0.0,1.0,2.0,1.0,A01
201800041880,1.0,1,0,0.0,2.0,1.0,1.0,A01
201800041880,1.0,10,0,0.0,2.0,2.0,16.0,Z01
201800041881,1.0,7,0,14.0,2.0,2.0,1.0,B01
201800041881,1.0,30,0,14.0,2.0,8.0,19.0,A01
201800041882,2.0,7,0,0.0,0.0,0.0,1.0,A01
201800041883,2.0,7,0,0.0,2.0,2.0,1.0,B01
201800041883,1.0,34,0,0.0,2.0,8.0,19.0,A01
201800041884,2.0,7,0,0.0,2.0,7.0,1.0,B01
201800041884,2.0,7,0,0.0,2.0,1.0,0.0,A01
201800041885,1.0,7,0,0.0,2.0,1.0,19.0,A01
201800041885,2.0,7,0,0.0,2.0,8.0,19.0,B01
201800041886,1.0,37,105,0.0,1.0,2.0,0.0,A01
201800041887,1.0,32,0,15.0,0.0,2.0,0.0,A01
201800041888,2.0,7,0,0.0,2.0,1.0,0.0,B01
201800041888,2.0,10,0,0.0,2.0,6.0,23.0,A01
201800041889,1.0,7,0,0.0,2.0,4.0,0.0,A01
201800041889,1.0,30,0,0.0,2.0,1.0,1.0,B01
201800041890,2.0,7,0,0.0,2.0,7.0,15.0,A01
201800041890,1.0,10,0,0.0,2.0,1.0,1.0,B01
201800041891,0.0,31,0,0.0,1.0,1.0,0.0,A01
201800041892,2.0,7,0,0.0,2.0,3.0,1.0,Z01
201800041892,1.0,7,0,0.0,2.0,6.0,1.0,C01
201800041892,0.0,7,0,0.0,2.0,2.0,15.0,B01
201800041893,1.0,7,0,0.0,2.0,1.0,13.0,B01
201800041893,2.0,7,0,0.0,2.0,1.0,1.0,A01
201800041894,1.0,7,0,0.0,2.0,7.0,1.0,A01
201800041894,1.0,7,0,0.0,2.0,1.0,1.0,B01
201800041895,2.0,7,0,0.0,1.0,2.0,1.0,A01
201800041896,0.0,30,0,0.0,2.0,1.0,1.0,A01
201800041896,0.0,10,0,0.0,2.0,7.0,15.0,B01
201800041897,2.0,7,0,0.0,2.0,1.0,2.0,A01
201800041897,2.0,3,0,0.0,2.0,1.0,2.0,B01
201800041897,2.0,37,8,0.0,2.0,4.0,0.0,C01
201800041898,1.0,7,0,0.0,2.0,1.0,1.0,B01
201800041898,1.0,7,0,0.0,2.0,1.0,1.0,A01
201800041899,1.0,33,0,0.0,2.0,8.0,15.0,B01
201800041899,2.0,10,0,0.0,2.0,3.0,2.0,A01
201800041900,1.0,7,0,0.0,1.0,1.0,1.0,A01
201800041901,2.0,2,0,0.0,2.0,1.0,2.0,A01
201800041901,2.0,10,0,0.0,2.0,4.0,2.0,B01
201800041902,1.0,10,0,0.0,1.0,2.0,2.0,A01
201800041903,0.0,7,0,0.0,2.0,1.0,15.0,A01
201800041903,0.0,2,0,0.0,2.0,2.0,1.0,B01
201800041904,1.0,33,0,0.0,1.0,2.0,0.0,A01
201800041905,1.0,7,0,12.0,2.0,6.0,15.0,A01
201800041905,1.0,7,0,12.0,2.0,1.0,15.0,B01
201800041906,2.0,7,0,0.0,2.0,6.0,15.0,A01
201800041906,2.0,33,0,0.0,2.0,0.0,17.0,B01
201800041907,1.0,7,0,1.0,0.0,2.0,1.0,A01
201800041908,2.0,7,0,0.0,2.0,7.0,1.0,A01
201800041908,2.0,31,0,0.0,2.0,1.0,1.0,B01
201800041909,1.0,7,0,0.0,1.0,2.0,16.0,A01
201800041910,1.0,7,0,0.0,1.0,3.0,1.0,A01
201800041911,1.0,7,0,9.0,1.0,5.0,24.0,A01
201800041912,1.0,7,0,0.0,2.0,2.0,2.0,Z01
201800041912,1.0,33,0,0.0,2.0,7.0,2.0,B01
201800041913,1.0,7,0,0.0,2.0,1.0,2.0,A01
201800041913,1.0,7,0,0.0,2.0,4.0,1.0,B01
201800041914,2.0,7,0,0.0,2.0,8.0,1.0,B01
201800041914,1.0,1,0,0.0,2.0,1.0,6.0,A01
201800041915,1.0,7,0,0.0,2.0,4.0,2.0,B01
201800041915,1.0,7,0,0.0,2.0,4.0,2.0,Z01
201800041915,1.0,7,0,0.0,2.0,0.0,1.0,C01
201800041916,1.0,7,0,0.0,2.0,1.0,2.0,C01
201800041916,1.0,10,0,0.0,2.0,1.0,2.0,B01
201800041916,1.0,7,0,0.0,2.0,4.0,2.0,A01
201800041917,1.0,34,0,0.0,2.0,1.0,1.0,A01
201800041917,2.0,10,0,0.0,2.0,8.0,4.0,B01
201800041918,1.0,15,0,0.0,2.0,5.0,16.0,B01
201800041918,1.0,10,0,0.0,2.0,1.0,1.0,A01
201800041919,1.0,7,0,0.0,2.0,2.0,19.0,A01
201800041919,1.0,31,0,0.0,2.0,8.0,1.0,B01
201800041920,1.0,37,1,0.0,1.0,7.0,21.0,A01
201800041921,2.0,7,0,0.0,2.0,1.0,1.0,A01
201800041921,2.0,7,0,0.0,2.0,4.0,1.0,C01
201800041921,2.0,7,0,0.0,2.0,4.0,1.0,B01
201800041922,1.0,15,0,0.0,1.0,2.0,16.0,A01
201800041923,2.0,1,0,0.0,2.0,1.0,1.0,A01
201800041923,2.0,7,0,0.0,2.0,5.0,15.0,B01
201800041924,1.0,34,0,0.0,2.0,1.0,1.0,B01
201800041924,2.0,7,0,0.0,2.0,8.0,15.0,A01
201800041925,2.0,7,0,0.0,1.0,1.0,1.0,A01
201800041926,2.0,7,0,0.0,1.0,3.0,15.0,A01
201800041927,2.0,7,0,0.0,2.0,1.0,0.0,A01
201800041927,1.0,7,0,0.0,2.0,8.0,0.0,B01
201800041928,2.0,7,0,0.0,2.0,1.0,2.0,A01
201800041928,2.0,7,0,0.0,0.0,8.0,1.0,B01
201800041929,1.0,13,0,0.0,1.0,4.0,4.0,A01
201800041930,1.0,34,0,0.0,2.0,3.0,19.0,B01
201800041930,2.0,7,0,0.0,2.0,3.0,15.0,A01
201800041931,1.0,7,0,0.0,1.0,1.0,1.0,A01
201800041932,1.0,7,0,0.0,2.0,3.0,1.0,B01
201800041932,1.0,7,0,0.0,2.0,2.0,19.0,A01
201800041933,2.0,7,0,0.0,2.0,2.0,7.0,A01
201800041933,2.0,37,10,0.0,2.0,8.0,7.0,B01
201800041934,1.0,1,0,0.0,2.0,1.0,15.0,B01
201800041934,1.0,7,0,0.0,2.0,8.0,9.0,A01
201800041935,2.0,7,0,0.0,1.0,1.0,0.0,A01
201800041936,2.0,7,0,0.0,2.0,1.0,15.0,A01
201800041936,1.0,7,0,8.0,2.0,8.0,19.0,B01
201800041937,1.0,7,0,0.0,1.0,1.0,15.0,A01
201800041938,1.0,7,0,0.0,0.0,1.0,0.0,A01
201800041939,1.0,7,0,0.0,1.0,1.0,1.0,A01
201800041940,1.0,7,0,4.0,0.0,1.0,1.0,A01
201800041941,2.0,7,0,0.0,2.0,7.0,1.0,B01
201800041941,1.0,7,0,0.0,2.0,1.0,9.0,A01
201800041942,1.0,7,0,0.0,2.0,1.0,19.0,A01
201800041942,1.0,7,0,0.0,2.0,8.0,2.0,B01
201800041943,1.0,7,0,0.0,1.0,3.0,1.0,A01
201800041944,1.0,7,0,0.0,2.0,7.0,1.0,A01
201800041944,1.0,7,0,0.0,2.0,1.0,1.0,B01
201800041945,2.0,7,0,0.0,1.0,3.0,1.0,A01
201800041946,1.0,10,0,0.0,2.0,4.0,2.0,A01
201800041946,1.0,10,0,0.0,2.0,4.0,2.0,B01
201800041946,1.0,13,0,0.0,2.0,1.0,2.0,C01
201800041947,1.0,2,0,0.0,2.0,1.0,21.0,A01
201800041947,1.0,7,0,0.0,2.0,1.0,19.0,B01
201800041948,1.0,7,0,0.0,1.0,1.0,1.0,A01
201800041949,2.0,37,1,0.0,1.0,2.0,7.0,A01
201800041950,2.0,7,0,0.0,1.0,1.0,9.0,A01
201800041951,1.0,7,0,9.0,0.0,4.0,4.0,A01
201800041952,1.0,7,0,4.0,0.0,1.0,16.0,A01
201800041953,2.0,7,0,0.0,1.0,3.0,16.0,A01
201800041954,1.0,7,0,14.0,2.0,1.0,13.0,A01
201800041955,1.0,7,0,0.0,2.0,1.0,2.0,A01
201800041955,1.0,7,0,0.0,2.0,4.0,23.0,B01
201800041955,1.0,7,0,0.0,2.0,4.0,23.0,C01
201800041956,1.0,7,0,0.0,1.0,4.0,2.0,A01
201800041957,1.0,10,0,0.0,2.0,8.0,15.0,A01
201800041957,1.0,7,0,0.0,2.0,7.0,1.0,B01
201800041958,1.0,7,0,0.0,2.0,8.0,15.0,A01
201800041958,1.0,33,0,0.0,2.0,1.0,17.0,B01
201800041959,1.0,37,5,0.0,2.0,1.0,2.0,A01
201800041959,1.0,7,0,0.0,2.0,4.0,1.0,Z01
201800041960,1.0,7,0,0.0,2.0,1.0,9.0,A01
201800041960,1.0,31,0,0.0,2.0,7.0,16.0,B01
201800041961,1.0,7,0,0.0,2.0,0.0,20.0,A01
201800041961,1.0,33,0,0.0,2.0,4.0,21.0,B01
201800041961,1.0,33,0,0.0,2.0,1.0,21.0,C01
201800041962,1.0,33,0,0.0,2.0,1.0,13.0,A01
201800041962,1.0,7,0,0.0,2.0,3.0,12.0,B01
201800041963,1.0,33,0,0.0,2.0,1.0,1.0,A01
201800041963,1.0,7,0,0.0,2.0,6.0,16.0,B01
201800041964,1.0,7,0,0.0,2.0,7.0,16.0,A01
201800041964,1.0,33,0,0.0,2.0,8.0,2.0,B01
201800041965,1.0,7,0,0.0,2.0,2.0,9.0,A01
201800041965,1.0,7,0,0.0,2.0,1.0,1.0,B01
201800041966,2.0,7,0,0.0,1.0,7.0,17.0,A01
201800041967,1.0,7,0,0.0,1.0,1.0,17.0,A01
201800041968,1.0,37,10,0.0,1.0,1.0,19.0,A01
201800041969,1.0,7,0,0.0,2.0,4.0,4.0,A01
201800041969,1.0,7,0,0.0,2.0,1.0,23.0,B01
201800041970,2.0,7,0,0.0,1.0,4.0,4.0,A01