Num_Acc,senc,catv,occutc,obs,obsm,choc,manv,num_veh
201800041971,1.0,7,0,0.0,1.0,1.0,2.0,A01
201800041972,1.0,7,0,0.0,1.0,2.0,1.0,A01
201800041973,1.0,7,0,0.0,2.0,2.0,21.0,A01
201800041973,1.0,7,0,0.0,2.0,6.0,2.0,B01
201800041974,1.0,2,0,0.0,2.0,6.0,2.0,A01
201800041974,1.0,7,0,0.0,2.0,1.0,2.0,B01
201800041975,1.0,7,0,0.0,0.0,9.0,0.0,A01
201800041976,1.0,7,0,0.0,1.0,2.0,19.0,A01
201800041977,1.0,7,0,0.0,2.0,3.0,11.0,A01
201800041977,1.0,34,0,0.0,2.0,2.0,17.0,B01
201800041978,1.0,7,0,0.0,1.0,1.0,9.0,A01
201800041979,0.0,7,0,0.0,2.0,3.0,15.0,A01
201800041979,0.0,1,0,0.0,2.0,1.0,15.0,B01
201800041980,1.0,37,10,0.0,0.0,0.0,21.0,B01
201800041981,1.0,7,0,0.0,2.0,1.0,2.0,A01
201800041981,1.0,7,0,0.0,2.0,7.0,16.0,B01
201800041982,2.0,7,0,0.0,2.0,7.0,1.0,A01
201800041982,1.0,7,0,0.0,2.0,1.0,15.0,B01
201800041983,1.0,7,0,0.0,2.0,1.0,23.0,A01
201800041983,1.0,2,0,0.0,2.0,3.0,2.0,B01
201800041984,2.0,7,0,4.0,0.0,7.0,1.0,A01
201800041985,1.0,7,0,0.0,1.0,1.0,1.0,A01
201800041986,1.0,7,0,0.0,1.0,1.0,1.0,A01
201800041987,2.0,7,0,0.0,2.0,1.0,1.0,B01
201800041987,1.0,7,0,0.0,2.0,1.0,15.0,A01
201800041988,1.0,10,0,0.0,1.0,4.0,20.0,A01
201800041989,1.0,7,0,6.0,0.0,1.0,16.0,A01
201800041990,1.0,7,0,0.0,1.0,1.0,1.0,A01
201800041991,1.0,7,0,0.0,2.0,2.0,1.0,B01
201800041991,1.0,7,0,0.0,2.0,3.0,13.0,A01
201800041992,1.0,7,0,0.0,2.0,3.0,1.0,B01
201800041992,1.0,7,0,0.0,2.0,1.0,15.0,A01
201800041993,1.0,10,0,0.0,2.0,1.0,2.0,A01
201800041993,1.0,7,0,0.0,2.0,4.0,23.0,B01
201800041994,1.0,7,0,0.0,1.0,6.0,4.0,A01
201800041995,1.0,7,0,12.0,0.0,1.0,1.0,A01
201800041996,1.0,7,0,0.0,9.0,3.0,10.0,A01
201800041996,1.0,1,0,0.0,2.0,1.0,0.0,B01
201800041997,1.0,10,0,0.0,2.0,8.0,15.0,B01
201800041997,1.0,33,0,0.0,2.0,1.0,17.0,A01
201800041998,1.0,10,0,0.0,2.0,2.0,19.0,A01
201800041998,2.0,7,0,0.0,2.0,2.0,19.0,B01
201800041999,1.0,7,0,0.0,2.0,1.0,9.0,A01
201800041999,1.0,7,0,0.0,2.0,4.0,1.0,B01
201800042000,1.0,7,0,0.0,1.0,1.0,9.0,A01
201800042001,1.0,10,0,0.0,2.0,3.0,1.0,A01
201800042001,1.0,34,0,0.0,2.0,1.0,2.0,B01
201800042002,1.0,10,0,0.0,1.0,1.0,2.0,A01
201800042003,0.0,7,0,0.0,2.0,2.0,1.0,A01
201800042003,1.0,7,0,0.0,2.0,8.0,1.0,B01
201800042004,2.0,31,0,1.0,0.0,1.0,2.0,A01
201800042004,2.0,7,0,0.0,2.0,4.0,2.0,B01
201800042005,1.0,7,0,0.0,2.0,1.0,16.0,B01
201800042005,1.0,7,0,0.0,2.0,2.0,2.0,A01
201800042006,1.0,7,0,1.0,0.0,2.0,20.0,A01
201800042006,1.0,7,0,0.0,1.0,1.0,20.0,B01
201800042007,2.0,33,0,4.0,0.0,1.0,15.0,A01
201800042008,2.0,33,0,0.0,2.0,1.0,1.0,B01
201800042008,2.0,30,0,0.0,2.0,8.0,1.0,A01
201800042009,1.0,37,0,0.0,1.0,2.0,13.0,A01
201800042010,1.0,1,0,0.0,0.0,1.0,2.0,B01
201800042010,1.0,7,0,0.0,9.0,3.0,1.0,A01
201800042011,1.0,15,0,0.0,2.0,4.0,1.0,C01
201800042011,1.0,7,0,0.0,2.0,1.0,1.0,A01
201800042011,1.0,10,0,0.0,2.0,4.0,1.0,B01
201800042012,2.0,7,0,0.0,2.0,0.0,1.0,Z01
201800042012,1.0,7,0,0.0,2.0,8.0,1.0,A01
201800042013,2.0,7,0,0.0,2.0,1.0,2.0,A01
201800042013,2.0,32,0,0.0,2.0,4.0,23.0,B01
201800042014,1.0,7,0,0.0,2.0,5.0,23.0,B01
201800042014,1.0,7,0,9.0,2.0,1.0,1.0,A01
201800042015,1.0,7,0,0.0,2.0,6.0,9.0,B01
201800042015,1.0,7,0,0.0,2.0,3.0,17.0,A01
201800042016,1.0,7,0,0.0,2.0,1.0,2.0,A01
201800042016,1.0,7,0,0.0,2.0,4.0,0.0,B01
201800042017,1.0,33,0,16.0,0.0,2.0,0.0,A01
201800042018,1.0,30,0,0.0,0.0,7.0,0.0,A01
201800042019,1.0,10,0,0.0,2.0,4.0,0.0,B01
201800042019,1.0,7,0,0.0,2.0,1.0,2.0,A01
201800042020,2.0,15,0,0.0,1.0,1.0,0.0,Z01
201800042021,1.0,99,0,0.0,2.0,1.0,1.0,B01
201800042022,0.0,7,0,0.0,2.0,3.0,0.0,B01
201800042022,0.0,7,0,0.0,2.0,1.0,0.0,A01
201800042023,2.0,7,0,0.0,2.0,1.0,16.0,A01
201800042023,1.0,1,0,0.0,2.0,7.0,1.0,B01
201800042024,1.0,7,0,0.0,2.0,3.0,9.0,A01
201800042024,1.0,7,0,0.0,2.0,2.0,1.0,B01
201800042025,1.0,34,0,0.0,2.0,8.0,15.0,B01
201800042025,1.0,7,0,0.0,2.0,1.0,1.0,A01
201800042026,1.0,7,0,0.0,1.0,2.0,1.0,A01
201800042027,1.0,7,0,0.0,2.0,1.0,2.0,A01
201800042027,1.0,7,0,0.0,2.0,4.0,2.0,B01
201800042028,1.0,31,0,0.0,2.0,8.0,2.0,A01
201800042028,1.0,34,0,0.0,2.0,7.0,9.0,B01
201800042029,0.0,7,0,0.0,2.0,1.0,19.0,A01
201800042029,1.0,7,0,2.0,2.0,6.0,2.0,B01
201800042030,,99,0,0.0,1.0,1.0,1.0,A01
201800042031,2.0,7,0,0.0,0.0,2.0,0.0,B01
201800042031,0.0,31,0,0.0,2.0,1.0,0.0,A01
201800042032,1.0,10,0,0.0,2.0,3.0,1.0,B01
201800042032,0.0,7,0,0.0,2.0,2.0,15.0,A01
201800042033,2.0,7,0,0.0,1.0,1.0,2.0,A01
201800042034,1.0,1,0,0.0,2.0,7.0,16.0,Y01
201800042034,1.0,7,0,0.0,2.0,8.0,9.0,A01
201800042035,1.0,1,0,0.0,2.0,7.0,19.0,A01
201800042035,1.0,7,0,0.0,2.0,1.0,1.0,B01
201800042036,1.0,99,0,0.0,2.0,1.0,19.0,B01
201800042036,0.0,7,0,0.0,2.0,5.0,2.0,A01
201800042037,1.0,7,0,0.0,2.0,3.0,15.0,B01
201800042037,1.0,33,0,0.0,2.0,2.0,0.0,A01
201800042038,1.0,7,0,0.0,2.0,3.0,1.0,A01
201800042038,1.0,31,0,0.0,0.0,0.0,0.0,B01
201800042039,1.0,7,0,0.0,2.0,8.0,2.0,A01
201800042039,1.0,7,0,0.0,2.0,4.0,2.0,C01
201800042039,1.0,2,0,0.0,2.0,2.0,1.0,B01
201800042040,1.0,7,0,0.0,1.0,6.0,0.0,A01
201800042041,1.0,7,0,0.0,2.0,8.0,2.0,A01
201800042041,1.0,14,0,0.0,0.0,0.0,0.0,Z01
201800042042,1.0,7,0,0.0,1.0,2.0,0.0,Z01
201800042043,0.0,32,0,0.0,2.0,1.0,1.0,B01
201800042043,0.0,7,0,0.0,2.0,2.0,11.0,A01
201800042044,1.0,1,0,0.0,0.0,4.0,2.0,B01
201800042044,1.0,7,0,0.0,2.0,2.0,2.0,A01
201800042044,1.0,1,0,0.0,0.0,4.0,2.0,C01
201800042045,1.0,7,0,0.0,2.0,4.0,23.0,A01
201800042045,1.0,10,0,0.0,2.0,1.0,2.0,B01
201800042046,1.0,7,0,0.0,6.0,6.0,23.0,B01
201800042046,1.0,7,0,0.0,2.0,2.0,1.0,A01
201800042047,1.0,7,0,8.0,0.0,1.0,1.0,A01
201800042048,1.0,7,0,0.0,2.0,1.0,2.0,B01
201800042048,1.0,7,0,1.0,0.0,2.0,2.0,A01
201800042049,1.0,10,0,0.0,2.0,1.0,2.0,A01
201800042049,1.0,14,0,0.0,2.0,4.0,23.0,B01
201800042050,1.0,7,0,0.0,1.0,2.0,1.0,A01
201800042051,2.0,7,0,0.0,1.0,1.0,1.0,A01
201800042052,1.0,7,0,0.0,1.0,1.0,1.0,A01
201800042053,1.0,7,0,0.0,1.0,2.0,1.0,A01
201800042054,1.0,33,0,0.0,2.0,7.0,2.0,B01
201800042054,1.0,10,0,0.0,2.0,3.0,9.0,A01
201800042055,2.0,10,0,14.0,1.0,3.0,13.0,A01
201800042056,1.0,32,0,0.0,2.0,1.0,1.0,B01
201800042056,0.0,10,0,0.0,2.0,3.0,0.0,A01
201800042057,2.0,7,0,0.0,2.0,1.0,2.0,Z01
201800042057,2.0,1,0,0.0,2.0,4.0,2.0,A01
201800042058,2.0,32,0,0.0,2.0,8.0,0.0,B01
201800042058,0.0,37,1,0.0,2.0,2.0,0.0,A01
201800042059,2.0,7,0,0.0,2.0,5.0,10.0,A01
201800042059,1.0,7,0,0.0,2.0,3.0,0.0,C01
201800042060,1.0,30,0,0.0,0.0,8.0,0.0,A01
201800042061,2.0,7,0,0.0,2.0,1.0,0.0,A01
201800042061,1.0,7,0,0.0,2.0,0.0,0.0,B01
201800042062,2.0,7,0,0.0,0.0,9.0,14.0,A01
201800042063,0.0,7,0,0.0,2.0,6.0,16.0,B01
201800042063,0.0,7,0,0.0,2.0,1.0,1.0,A01
201800042064,1.0,7,0,1.0,0.0,2.0,14.0,A01
201800042065,1.0,7,0,0.0,1.0,2.0,19.0,A01
201800042066,1.0,7,0,0.0,1.0,2.0,0.0,A01
201800042067,2.0,30,0,0.0,2.0,1.0,1.0,A01
201800042067,2.0,10,0,0.0,2.0,3.0,16.0,B01
201800042068,0.0,7,0,0.0,1.0,3.0,13.0,A01
201800042069,1.0,30,0,0.0,1.0,1.0,16.0,A01
201800042070,1.0,30,0,0.0,2.0,1.0,0.0,B01
201800042070,2.0,10,0,0.0,2.0,2.0,15.0,A01
201800042071,2.0,7,0,1.0,0.0,1.0,5.0,A01
201800042072,1.0,7,0,8.0,0.0,1.0,0.0,A01
201800042073,2.0,14,0,0.0,1.0,4.0,4.0,A01
201800042074,1.0,7,0,0.0,2.0,3.0,1.0,A01
201800042074,2.0,1,0,0.0,2.0,1.0,1.0,B01
201800042075,2.0,7,0,6.0,2.0,3.0,1.0,A01
201800042075,1.0,14,0,1.0,2.0,1.0,1.0,B01
201800042076,1.0,7,0,0.0,2.0,4.0,2.0,A01
201800042076,1.0,7,0,0.0,2.0,4.0,2.0,B01
201800042076,1.0,7,0,0.0,2.0,1.0,2.0,C01
201800042077,1.0,7,0,14.0,1.0,3.0,15.0,A01
201800042078,2.0,7,0,0.0,1.0,1.0,19.0,A01
201800042079,1.0,10,0,0.0,2.0,1.0,2.0,A01
201800042079,1.0,7,0,0.0,2.0,4.0,2.0,B01
201800042079,1.0,7,0,0.0,2.0,4.0,2.0,C01
201800042080,1.0,31,0,0.0,2.0,1.0,13.0,A01
201800042080,1.0,10,0,0.0,9.0,8.0,15.0,B01
201800042081,1.0,7,0,14.0,0.0,1.0,2.0,A01
201800042081,1.0,37,2,0.0,2.0,4.0,23.0,B01
201800042082,0.0,7,0,0.0,2.0,5.0,2.0,A01
201800042082,0.0,1,0,0.0,2.0,1.0,2.0,B01
201800042083,1.0,31,0,9.0,2.0,1.0,21.0,A01
201800042083,1.0,20,0,0.0,2.0,2.0,13.0,B01
201800042084,1.0,7,0,0.0,2.0,2.0,19.0,A01
201800042084,1.0,7,0,0.0,2.0,5.0,12.0,B01
201800042085,1.0,13,0,0.0,2.0,2.0,17.0,A01
201800042085,1.0,7,0,0.0,0.0,6.0,2.0,B01
201800042086,1.0,33,0,0.0,1.0,1.0,3.0,A01
201800042087,2.0,10,0,0.0,1.0,3.0,1.0,A01
201800042088,1.0,31,0,0.0,1.0,1.0,1.0,A01
201800042089,0.0,7,0,0.0,2.0,1.0,1.0,A01
201800042089,0.0,7,0,0.0,2.0,8.0,1.0,B01
201800042090,1.0,31,0,0.0,2.0,0.0,0.0,A01
201800042090,1.0,99,0,0.0,2.0,0.0,0.0,R01
201800042091,1.0,31,0,0.0,2.0,7.0,17.0,A01
201800042091,1.0,7,0,0.0,2.0,1.0,11.0,B01
201800042092,0.0,1,0,0.0,2.0,1.0,1.0,A01
201800042092,0.0,7,0,0.0,9.0,3.0,1.0,B01
201800042093,1.0,34,0,0.0,9.0,2.0,2.0,B01
201800042093,1.0,34,0,0.0,2.0,6.0,15.0,A01
201800042094,1.0,7,0,0.0,1.0,7.0,2.0,A01
201800042095,1.0,7,0,0.0,1.0,2.0,1.0,Z01
201800042096,1.0,1,0,0.0,2.0,3.0,11.0,A01
201800042096,1.0,2,0,0.0,2.0,2.0,2.0,B01
201800042097,1.0,7,0,0.0,1.0,1.0,2.0,A01
201800042098,1.0,10,0,0.0,1.0,1.0,1.0,A01
201800042099,1.0,7,0,0.0,2.0,1.0,19.0,B01
201800042099,2.0,7,0,0.0,2.0,2.0,1.0,A01
201800042100,2.0,7,0,0.0,1.0,1.0,1.0,A01
201800042101,2.0,7,0,0.0,0.0,4.0,23.0,B01
201800042101,2.0,7,0,0.0,2.0,1.0,2.0,A01
201800042102,0.0,7,0,1.0,0.0,1.0,1.0,A01
201800042102,0.0,7,0,1.0,0.0,3.0,1.0,B01
201800042103,1.0,2,0,0.0,2.0,1.0,21.0,A01
201800042103,1.0,7,0,0.0,2.0,2.0,19.0,B01
201800042104,1.0,33,0,0.0,2.0,1.0,1.0,A01
201800042104,2.0,7,0,0.0,2.0,3.0,16.0,B01
201800042105,2.0,7,0,0.0,1.0,2.0,1.0,A01
201800042106,1.0,7,0,1.0,0.0,1.0,2.0,A01
201800042107,2.0,7,0,0.0,2.0,3.0,1.0,B01
201800042107,0.0,7,0,0.0,2.0,2.0,1.0,A01
201800042108,2.0,14,0,0.0,2.0,1.0,1.0,A01
201800042108,2.0,7,0,0.0,2.0,4.0,2.0,B01
201800042109,1.0,7,0,0.0,1.0,3.0,1.0,A01
201800042110,1.0,34,0,0.0,2.0,2.0,1.0,B01
201800042110,1.0,7,0,15.0,0.0,1.0,19.0,A01
201800042111,2.0,7,0,0.0,2.0,1.0,1.0,A01
201800042111,2.0,7,0,0.0,0.0,4.0,1.0,B01
201800042112,2.0,7,0,0.0,2.0,4.0,17.0,Z01
201800042112,2.0,1,0,0.0,2.0,1.0,1.0,A01
201800042113,0.0,7,0,0.0,0.0,1.0,0.0,A01
201800042113,2.0,7,0,0.0,0.0,0.0,0.0,B01
201800042114,2.0,7,0,0.0,2.0,1.0,1.0,A01
201800042114,1.0,7,0,0.0,2.0,8.0,15.0,B01
201800042115,2.0,7,0,0.0,2.0,3.0,13.0,A01
201800042115,2.0,33,0,0.0,2.0,5.0,2.0,B01
201800042116,2.0,7,0,0.0,2.0,1.0,1.0,A01
201800042116,2.0,7,0,0.0,2.0,1.0,1.0,B01
201800042116,2.0,7,0,0.0,2.0,4.0,1.0,C01
201800042117,2.0,33,0,0.0,2.0,8.0,12.0,B01
201800042117,2.0,7,0,0.0,2.0,8.0,12.0,Z01
201800042118,1.0,7,0,0.0,2.0,6.0,13.0,A01
201800042118,1.0,31,0,0.0,2.0,2.0,0.0,B01
201800042119,2.0,7,0,0.0,1.0,1.0,16.0,A01
201800042120,2.0,7,0,0.0,1.0,2.0,1.0,A01
201800042121,2.0,7,0,1.0,0.0,2.0,14.0,A01
201800042122,1.0,7,0,0.0,1.0,3.0,1.0,A01
201800042123,2.0,7,0,0.0,1.0,2.0,16.0,A01
201800042124,1.0,33,0,8.0,0.0,1.0,16.0,A01
201800042125,1.0,7,0,4.0,0.0,1.0,1.0,A01
201800042126,2.0,7,0,0.0,2.0,2.0,1.0,A01
201800042126,2.0,7,0,0.0,2.0,8.0,1.0,B01
201800042127,1.0,7,0,0.0,1.0,1.0,16.0,A01
201800042128,1.0,7,0,0.0,1.0,1.0,16.0,A01
201800042129,2.0,1,0,1.0,2.0,6.0,15.0,B01
201800042129,2.0,7,0,0.0,2.0,2.0,1.0,A01
201800042130,2.0,7,0,0.0,2.0,6.0,10.0,A01
201800042130,1.0,7,0,0.0,2.0,1.0,1.0,B01
201800042131,2.0,7,0,0.0,1.0,1.0,1.0,A01
201800042132,2.0,7,0,0.0,2.0,8.0,11.0,A01
201800042132,2.0,31,0,0.0,2.0,1.0,17.0,B01
201800042133,1.0,7,0,0.0,1.0,1.0,15.0,A01
201800042134,2.0,7,0,0.0,2.0,1.0,9.0,A01
201800042134,1.0,7,0,0.0,2.0,7.0,1.0,B01
201800042135,2.0,34,0,0.0,2.0,1.0,21.0,A01
201800042135,2.0,10,0,0.0,2.0,6.0,13.0,B01
201800042136,1.0,15,0,0.0,2.0,1.0,0.0,A01
201800042136,1.0,1,0,0.0,2.0,8.0,0.0,B01
201800042137,1.0,7,0,0.0,2.0,3.0,11.0,A01
201800042137,1.0,7,0,0.0,2.0,1.0,2.0,B01
201800042137,1.0,7,0,0.0,2.0,4.0,2.0,C01
201800042138,1.0,7,0,0.0,2.0,3.0,23.0,A01
201800042138,1.0,2,0,0.0,2.0,2.0,21.0,B01
201800042139,1.0,10,0,0.0,2.0,1.0,1.0,A01
201800042139,1.0,33,0,0.0,9.0,4.0,23.0,B01
201800042140,1.0,3,0,1.0,0.0,2.0,14.0,A01
201800042141,1.0,37,10,0.0,1.0,0.0,23.0,A01
201800042142,1.0,31,0,0.0,2.0,1.0,1.0,B01
201800042142,2.0,7,0,0.0,2.0,1.0,15.0,A01
201800042143,1.0,30,0,14.0,0.0,2.0,0.0,A01
201800042144,1.0,7,0,0.0,1.0,2.0,2.0,A01
201800042145,1.0,7,0,0.0,1.0,1.0,1.0,A01
201800042146,1.0,7,0,0.0,2.0,1.0,15.0,A01
201800042146,2.0,2,0,0.0,2.0,1.0,1.0,B01
201800042147,1.0,31,0,0.0,2.0,1.0,1.0,B01
201800042147,1.0,7,0,0.0,2.0,2.0,1.0,A01
201800042148,1.0,31,0,0.0,2.0,3.0,9.0,B01
201800042148,2.0,7,0,0.0,2.0,3.0,9.0,Z01
201800042149,1.0,7,0,0.0,1.0,3.0,1.0,A01
201800042150,1.0,7,0,0.0,2.0,2.0,19.0,A01
201800042150,2.0,34,0,0.0,2.0,5.0,1.0,B01
201800042151,2.0,7,0,0.0,2.0,1.0,9.0,A01
201800042151,2.0,7,0,0.0,2.0,5.0,1.0,B01
201800042152,1.0,31,0,0.0,2.0,1.0,1.0,A01
201800042152,2.0,7,0,1.0,0.0,3.0,17.0,B01
201800042153,2.0,7,0,0.0,1.0,1.0,1.0,A01
201800042154,1.0,7,0,0.0,2.0,8.0,10.0,A01
201800042154,1.0,31,0,0.0,2.0,1.0,17.0,B01
201800042155,1.0,7,0,0.0,1.0,1.0,1.0,A01
201800042156,1.0,7,0,0.0,1.0,7.0,1.0,A01
201800042157,1.0,31,0,0.0,0.0,0.0,15.0,A01
201800042158,1.0,7,0,8.0,0.0,1.0,16.0,A01
201800042159,1.0,7,0,0.0,1.0,1.0,1.0,A01
201800042160,1.0,37,1,0.0,1.0,6.0,16.0,A01
201800042161,1.0,7,0,0.0,1.0,2.0,21.0,A01
201800042162,1.0,7,0,0.0,2.0,3.0,11.0,A01
201800042162,1.0,7,0,0.0,0.0,2.0,1.0,B01
201800042162,1.0,7,0,0.0,2.0,4.0,1.0,C01
201800042163,1.0,7,0,0.0,2.0,3.0,1.0,A01
201800042163,2.0,7,0,0.0,2.0,8.0,9.0,B01
201800042164,1.0,7,0,0.0,2.0,5.0,19.0,A01
201800042164,2.0,33,0,0.0,2.0,1.0,1.0,B01
201800042165,2.0,37,2,0.0,2.0,1.0,21.0,A01
201800042165,1.0,10,0,1.0,9.0,3.0,24.0,B01
201800042166,1.0,7,0,0.0,1.0,1.0,2.0,A01
201800042167,2.0,7,0,0.0,1.0,8.0,14.0,Z01
201800042168,2.0,7,0,0.0,2.0,1.0,15.0,A01
201800042168,1.0,33,0,0.0,2.0,1.0,1.0,B01
201800042169,1.0,7,0,0.0,2.0,1.0,16.0,A01
201800042169,1.0,33,0,0.0,2.0,1.0,21.0,B01
201800042170,1.0,33,0,1.0,2.0,8.0,18.0,B01
201800042170,1.0,7,0,0.0,2.0,2.0,14.0,A01
201800042170,1.0,7,0,0.0,2.0,8.0,24.0,C01
201800042171,1.0,7,0,0.0,2.0,3.0,1.0,A01
201800042171,1.0,7,0,0.0,2.0,2.0,1.0,B01
201800042172,1.0,34,0,0.0,1.0,1.0,0.0,A01
201800042173,1.0,7,0,4.0,0.0,1.0,1.0,A01
201800042174,1.0,10,0,0.0,1.0,6.0,4.0,A01
201800042175,1.0,7,0,0.0,1.0,0.0,1.0,A01
201800042176,1.0,1,0,0.0,2.0,4.0,1.0,B01
201800042176,2.0,7,0,0.0,9.0,3.0,1.0,A01
201800042177,2.0,7,0,0.0,2.0,4.0,4.0,A01
201800042177,1.0,34,0,0.0,2.0,1.0,23.0,B01
201800042178,2.0,10,0,0.0,1.0,3.0,19.0,A01
201800042179,2.0,37,0,0.0,1.0,2.0,1.0,A01
201800042180,2.0,33,0,0.0,2.0,8.0,1.0,B01
201800042180,1.0,7,0,0.0,2.0,2.0,9.0,A01
201800042181,1.0,7,0,0.0,1.0,1.0,1.0,A01
201800042182,1.0,7,0,0.0,1.0,2.0,1.0,A01
201800042183,2.0,7,0,0.0,2.0,1.0,1.0,B01
201800042183,1.0,7,0,15.0,2.0,3.0,1.0,A01
201800042184,1.0,7,0,1.0,0.0,8.0,2.0,A01
201800042185,1.0,10,0,0.0,2.0,3.0,15.0,B01
201800042185,1.0,2,0,0.0,2.0,2.0,15.0,A01
201800042186,2.0,31,0,0.0,1.0,1.0,17.0,A01
201800042187,2.0,7,0,0.0,1.0,0.0,1.0,A01
201800042188,1.0,1,0,0.0,2.0,8.0,19.0,B01
201800042188,1.0,13,0,0.0,2.0,1.0,2.0,A01
201800042189,1.0,33,0,0.0,2.0,8.0,1.0,B01
201800042189,2.0,14,0,0.0,2.0,3.0,13.0,A01
201800042190,1.0,7,0,0.0,2.0,5.0,15.0,A01
201800042190,2.0,34,0,0.0,2.0,9.0,17.0,B01
201800042191,2.0,7,0,0.0,1.0,0.0,1.0,Z01
201800042192,1.0,33,0,0.0,2.0,1.0,2.0,A01
201800042192,1.0,7,0,0.0,2.0,4.0,2.0,B01
201800042193,2.0,37,4,0.0,1.0,2.0,1.0,A01
201800042194,1.0,2,0,1.0,0.0,1.0,2.0,A01
201800042195,2.0,7,0,0.0,1.0,3.0,15.0,A01
201800042196,2.0,7,0,0.0,1.0,7.0,1.0,A01
201800042197,2.0,31,0,0.0,2.0,8.0,3.0,B01
201800042197,2.0,10,0,0.0,2.0,5.0,1.0,Z01
201800042198,2.0,34,0,0.0,0.0,0.0,2.0,A01
201800042199,2.0,31,0,0.0,9.0,2.0,1.0,B01
201800042199,1.0,14,0,0.0,9.0,5.0,15.0,A01
201800042200,2.0,2,0,0.0,2.0,2.0,19.0,A01
201800042200,1.0,7,0,0.0,2.0,8.0,16.0,B01
201800042201,1.0,7,0,0.0,2.0,3.0,11.0,A01
201800042201,1.0,7,0,0.0,2.0,5.0,1.0,B01
201800042202,2.0,30,0,0.0,0.0,8.0,1.0,A01
201800042203,2.0,7,0,0.0,1.0,2.0,1.0,A01
201800042204,1.0,7,0,0.0,2.0,5.0,15.0,B01
201800042204,1.0,33,0,0.0,2.0,1.0,14.0,A01
201800042205,1.0,7,0,0.0,1.0,0.0,0.0,Z01
201800042206,2.0,2,0,0.0,0.0,0.0,1.0,A01
201800042207,2.0,33,0,0.0,2.0,7.0,1.0,B01
201800042207,1.0,31,0,0.0,2.0,6.0,1.0,A01
201800042208,1.0,33,0,12.0,0.0,7.0,17.0,A01
201800042209,1.0,7,0,0.0,1.0,2.0,16.0,A01
201800042210,1.0,2,0,0.0,1.0,6.0,0.0,A01
201800042211,1.0,2,0,0.0,0.0,0.0,1.0,A01
201800042212,2.0,7,0,0.0,2.0,3.0,1.0,B01
201800042212,2.0,7,0,0.0,2.0,2.0,1.0,A01
201800042213,1.0,32,0,0.0,2.0,6.0,1.0,A01
201800042213,1.0,15,0,0.0,2.0,2.0,12.0,B01
201800042214,1.0,32,0,0.0,2.0,1.0,1.0,B01
201800042214,1.0,7,0,0.0,2.0,3.0,1.0,A01
201800042215,1.0,7,0,0.0,1.0,1.0,15.0,A01
201800042216,2.0,13,0,0.0,0.0,3.0,1.0,B01
201800042216,2.0,13,0,0.0,2.0,2.0,9.0,A01
201800042217,1.0,7,0,8.0,0.0,1.0,13.0,A01
201800042218,2.0,7,0,0.0,2.0,2.0,1.0,B01
201800042218,2.0,7,0,0.0,2.0,1.0,9.0,A01
201800042219,1.0,33,0,0.0,2.0,4.0,23.0,B02
201800042219,1.0,7,0,0.0,2.0,1.0,9.0,Z02
201800042220,2.0,7,0,0.0,2.0,8.0,11.0,A01
201800042220,2.0,33,0,0.0,2.0,7.0,1.0,B01
201800042221,1.0,7,0,0.0,2.0,1.0,2.0,A01
201800042221,1.0,31,0,0.0,2.0,4.0,23.0,B01
201800042221,1.0,7,0,0.0,2.0,4.0,23.0,C01
201800042222,1.0,7,0,0.0,2.0,7.0,1.0,B01
201800042222,1.0,7,0,0.0,2.0,2.0,1.0,A01
201800042223,2.0,7,0,0.0,1.0,2.0,9.0,A01
201800042224,1.0,7,0,0.0,1.0,2.0,1.0,A01
201800042225,1.0,7,0,1.0,1.0,1.0,1.0,A01
201800042226,1.0,7,0,0.0,2.0,6.0,11.0,A01
201800042226,1.0,7,0,0.0,2.0,2.0,17.0,B01
201800042227,1.0,10,0,0.0,1.0,3.0,15.0,A01
201800042228,1.0,33,0,0.0,2.0,1.0,17.0,A01
201800042228,1.0,7,0,0.0,0.0,8.0,15.0,B01
201800042229,1.0,7,0,1.0,0.0,1.0,17.0,A01
201800042230,2.0,7,0,0.0,1.0,1.0,1.0,Z01
201800042231,1.0,7,0,12.0,1.0,1.0,1.0,A01
201800042232,2.0,7,0,0.0,2.0,3.0,15.0,A01
201800042232,1.0,34,0,0.0,2.0,3.0,1.0,B01
201800042233,2.0,7,0,10.0,0.0,1.0,1.0,A01
201800042234,1.0,7,0,0.0,2.0,1.0,21.0,A01
201800042234,1.0,7,0,0.0,2.0,6.0,2.0,B01
201800042235,1.0,7,0,0.0,1.0,2.0,21.0,Z01
201800042236,2.0,7,0,0.0,2.0,8.0,10.0,B01
201800042236,2.0,33,0,0.0,2.0,1.0,1.0,A01
201800042237,1.0,7,0,0.0,2.0,7.0,17.0,A01
201800042237,1.0,1,0,0.0,2.0,8.0,1.0,B01
201800042238,1.0,7,0,4.0,0.0,1.0,16.0,A01
201800042239,1.0,7,0,0.0,1.0,1.0,2.0,Z01
201800042240,2.0,7,0,8.0,0.0,1.0,17.0,A01
201800042241,1.0,7,0,9.0,0.0,3.0,20.0,A01
201800042242,1.0,10,0,0.0,2.0,3.0,16.0,A01
201800042242,1.0,7,0,6.0,2.0,2.0,1.0,B01
201800042243,1.0,7,0,0.0,2.0,2.0,9.0,A01
201800042243,1.0,33,0,0.0,2.0,8.0,19.0,B01
201800042244,1.0,7,0,0.0,2.0,6.0,18.0,A01
201800042244,1.0,7,0,0.0,2.0,2.0,2.0,B01