Num_Acc,senc,catv,occutc,obs,obsm,choc,manv,num_veh
201800042245,1.0,34,0,0.0,0.0,0.0,16.0,A01
201800042246,1.0,7,0,0.0,2.0,1.0,1.0,A01
201800042246,1.0,7,0,0.0,2.0,6.0,11.0,B01
201800042247,1.0,37,1,0.0,1.0,2.0,16.0,A01
201800042248,1.0,34,0,0.0,2.0,3.0,13.0,A01
201800042248,2.0,7,0,0.0,2.0,8.0,1.0,B01
201800042249,1.0,7,0,0.0,1.0,1.0,15.0,A01
201800042250,1.0,7,0,0.0,2.0,1.0,2.0,A01
201800042250,1.0,31,0,0.0,2.0,4.0,23.0,B01
201800042251,1.0,7,0,0.0,2.0,3.0,1.0,B01
201800042251,1.0,31,0,0.0,2.0,7.0,1.0,A01
201800042252,1.0,7,0,8.0,4.0,8.0,19.0,B01
201800042252,1.0,40,1,0.0,2.0,1.0,19.0,A01
201800042253,2.0,7,0,0.0,2.0,2.0,9.0,A01
201800042253,2.0,7,0,0.0,2.0,3.0,2.0,B01
201800042254,1.0,10,0,14.0,0.0,7.0,13.0,A01
201800042254,1.0,10,0,0.0,2.0,1.0,21.0,B01
201800042255,1.0,2,0,0.0,2.0,1.0,1.0,A01
201800042255,2.0,7,0,0.0,2.0,8.0,1.0,B01
201800042256,2.0,7,0,4.0,2.0,3.0,1.0,B01
201800042256,1.0,10,0,0.0,2.0,1.0,15.0,Z01
201800042257,1.0,33,0,1.0,0.0,2.0,21.0,A01
201800042257,1.0,10,0,0.0,2.0,6.0,23.0,B01
201800042258,1.0,33,0,0.0,2.0,3.0,3.0,A01
201800042258,1.0,7,0,0.0,2.0,2.0,1.0,B01
201800042259,1.0,30,0,0.0,2.0,1.0,1.0,B01
201800042259,1.0,7,0,0.0,2.0,2.0,16.0,A01
201800042260,2.0,13,0,0.0,2.0,8.0,17.0,A01
201800042260,1.0,7,0,8.0,2.0,3.0,2.0,B01
201800042261,2.0,7,0,9.0,0.0,7.0,19.0,A01
201800042262,1.0,7,0,0.0,2.0,1.0,2.0,A01
201800042262,1.0,7,0,0.0,2.0,4.0,2.0,B01
201800042262,1.0,7,0,0.0,2.0,0.0,12.0,C01
201800042263,2.0,7,0,0.0,2.0,1.0,9.0,A01
201800042263,1.0,7,0,0.0,2.0,8.0,2.0,B01
201800042264,1.0,10,0,0.0,2.0,2.0,10.0,A01
201800042264,1.0,1,0,0.0,2.0,2.0,1.0,B01
201800042265,1.0,7,0,0.0,2.0,8.0,15.0,A01
201800042265,1.0,33,0,0.0,2.0,7.0,17.0,B01
201800042266,1.0,31,0,0.0,2.0,1.0,15.0,A01
201800042266,1.0,7,0,0.0,2.0,3.0,1.0,B01
201800042267,1.0,1,0,0.0,2.0,2.0,1.0,B01
201800042267,1.0,7,0,0.0,2.0,3.0,15.0,A01
201800042268,1.0,7,0,1.0,0.0,6.0,11.0,A01
201800042268,1.0,34,0,0.0,2.0,7.0,21.0,B01
201800042269,2.0,10,0,9.0,0.0,2.0,21.0,A01
201800042269,1.0,7,0,0.0,2.0,0.0,2.0,B01
201800042270,1.0,7,0,0.0,1.0,2.0,1.0,A01
201800042271,1.0,31,0,0.0,2.0,7.0,21.0,B01
201800042271,1.0,7,0,0.0,2.0,8.0,13.0,A01
201800042272,2.0,33,0,0.0,2.0,1.0,21.0,A01
201800042272,2.0,33,0,0.0,2.0,4.0,2.0,B01
201800042273,1.0,7,0,0.0,2.0,2.0,1.0,A01
201800042273,1.0,31,0,0.0,2.0,1.0,1.0,B01
201800042274,1.0,7,0,0.0,1.0,1.0,1.0,A01
201800042275,1.0,7,0,1.0,0.0,1.0,0.0,A01
201800042276,2.0,7,0,0.0,2.0,4.0,23.0,B01
201800042276,1.0,7,0,0.0,2.0,1.0,2.0,A01
201800042277,1.0,7,0,0.0,2.0,1.0,2.0,A01
201800042277,1.0,33,0,0.0,2.0,7.0,15.0,B01
201800042278,1.0,7,0,0.0,1.0,0.0,1.0,A01
201800042279,1.0,1,0,0.0,1.0,1.0,1.0,A01
201800042280,1.0,7,0,0.0,2.0,1.0,2.0,A01
201800042280,1.0,7,0,0.0,0.0,4.0,2.0,B01
201800042280,1.0,7,0,0.0,2.0,1.0,2.0,C01
201800042281,1.0,31,0,0.0,2.0,1.0,13.0,A01
201800042281,2.0,37,0,0.0,2.0,1.0,1.0,B01
201800042282,1.0,7,0,4.0,0.0,7.0,0.0,A01
201800042283,1.0,7,0,0.0,2.0,3.0,1.0,B01
201800042283,1.0,7,0,0.0,2.0,1.0,15.0,A01
201800042284,1.0,1,0,0.0,0.0,0.0,19.0,A01
201800042285,2.0,7,0,0.0,2.0,3.0,1.0,A01
201800042285,1.0,33,0,0.0,2.0,7.0,15.0,B01
201800042286,1.0,37,0,0.0,2.0,1.0,2.0,A01
201800042286,2.0,7,0,0.0,2.0,4.0,2.0,B01
201800042287,1.0,7,0,0.0,1.0,1.0,9.0,A01
201800042288,1.0,7,0,0.0,1.0,3.0,1.0,A01
201800042289,1.0,30,0,0.0,2.0,1.0,17.0,A01
201800042289,1.0,7,0,0.0,2.0,3.0,9.0,B01
201800042290,1.0,1,0,0.0,2.0,7.0,1.0,B01
201800042290,1.0,7,0,0.0,9.0,8.0,11.0,A01
201800042291,1.0,7,0,0.0,2.0,2.0,15.0,A01
201800042291,1.0,7,0,0.0,2.0,3.0,19.0,B01
201800042292,1.0,7,0,0.0,1.0,1.0,1.0,A01
201800042293,1.0,7,0,0.0,2.0,1.0,1.0,B01
201800042293,2.0,7,0,0.0,2.0,3.0,10.0,A01
201800042294,1.0,7,0,0.0,2.0,3.0,18.0,B01
201800042294,1.0,13,0,0.0,2.0,2.0,16.0,A01
201800042295,1.0,32,0,0.0,2.0,2.0,1.0,A01
201800042295,1.0,7,0,0.0,2.0,3.0,1.0,B01
201800042296,1.0,7,0,0.0,1.0,7.0,19.0,A01
201800042297,1.0,7,0,2.0,0.0,3.0,13.0,A01
201800042298,1.0,33,0,0.0,2.0,5.0,19.0,B01
201800042298,1.0,7,0,0.0,2.0,5.0,9.0,A01
201800042299,0.0,99,0,0.0,2.0,0.0,0.0,R01
201800042299,2.0,7,0,0.0,2.0,3.0,19.0,A01
201800042300,1.0,7,0,0.0,2.0,3.0,9.0,A01
201800042300,1.0,7,0,0.0,2.0,2.0,15.0,B01
201800042301,1.0,2,0,0.0,2.0,7.0,0.0,A01
201800042301,1.0,37,3,0.0,2.0,3.0,0.0,B01
201800042302,1.0,7,0,0.0,2.0,4.0,1.0,A01
201800042302,1.0,7,0,0.0,2.0,4.0,1.0,B01
201800042303,1.0,7,0,6.0,2.0,7.0,1.0,A01
201800042303,1.0,7,0,0.0,2.0,1.0,1.0,B01
201800042304,2.0,31,0,0.0,2.0,1.0,0.0,B01
201800042304,1.0,7,0,0.0,2.0,5.0,0.0,A01
201800042305,2.0,7,0,0.0,1.0,1.0,1.0,A01
201800042306,1.0,7,0,0.0,2.0,1.0,1.0,A01
201800042306,1.0,7,0,0.0,2.0,5.0,10.0,B01
201800042307,1.0,10,0,0.0,2.0,2.0,1.0,A01
201800042307,1.0,20,0,0.0,2.0,3.0,1.0,B01
201800042308,1.0,15,0,0.0,1.0,8.0,19.0,A01
201800042309,1.0,7,0,0.0,2.0,1.0,1.0,A01
201800042309,1.0,7,0,0.0,2.0,8.0,1.0,B01
201800042310,1.0,7,0,0.0,1.0,1.0,2.0,A01
201800042311,1.0,7,0,0.0,1.0,2.0,16.0,A01
201800042312,1.0,7,0,0.0,1.0,1.0,1.0,A01
201800042313,1.0,7,0,0.0,2.0,3.0,15.0,B01
201800042313,1.0,31,0,0.0,2.0,1.0,1.0,A01
201800042314,1.0,7,0,0.0,2.0,0.0,15.0,A01
201800042314,1.0,30,0,0.0,2.0,8.0,16.0,B01
201800042315,1.0,37,4,0.0,1.0,2.0,8.0,A01
201800042316,1.0,7,0,0.0,0.0,2.0,21.0,A01
201800042316,1.0,31,0,0.0,2.0,3.0,18.0,B01
201800042317,2.0,15,0,15.0,0.0,4.0,23.0,B01
201800042317,2.0,7,0,0.0,2.0,1.0,2.0,A01
201800042318,1.0,7,0,0.0,2.0,1.0,2.0,A01
201800042318,1.0,7,0,0.0,2.0,4.0,2.0,B01
201800042318,1.0,7,0,0.0,9.0,4.0,2.0,C01
201800042319,1.0,34,0,0.0,2.0,2.0,17.0,B01
201800042319,2.0,7,0,0.0,2.0,8.0,23.0,C01
201800042319,1.0,7,0,0.0,2.0,6.0,13.0,A01
201800042320,1.0,38,0,0.0,2.0,4.0,9.0,D01
201800042320,1.0,7,0,0.0,2.0,4.0,9.0,B01
201800042320,1.0,7,0,0.0,2.0,4.0,9.0,C01
201800042320,1.0,15,0,0.0,2.0,1.0,9.0,A01
201800042321,1.0,2,0,0.0,2.0,8.0,18.0,B01
201800042321,1.0,7,0,0.0,2.0,2.0,16.0,A01
201800042322,2.0,7,0,0.0,2.0,4.0,2.0,B01
201800042322,2.0,7,0,0.0,2.0,1.0,2.0,A01
201800042323,1.0,7,0,0.0,2.0,1.0,0.0,B01
201800042323,2.0,7,0,14.0,0.0,5.0,15.0,A01
201800042324,1.0,7,0,0.0,1.0,3.0,1.0,A01
201800042325,1.0,33,0,0.0,2.0,1.0,21.0,B01
201800042325,1.0,7,0,0.0,2.0,1.0,9.0,A01
201800042326,1.0,7,0,0.0,2.0,3.0,1.0,B01
201800042326,2.0,7,0,0.0,2.0,1.0,15.0,A01
201800042327,1.0,33,0,0.0,2.0,6.0,1.0,B01
201800042327,1.0,7,0,0.0,2.0,3.0,9.0,A01
201800042328,2.0,7,0,0.0,2.0,1.0,1.0,A01
201800042328,1.0,7,0,0.0,2.0,1.0,5.0,B01
201800042329,1.0,7,0,0.0,2.0,5.0,17.0,B01
201800042329,1.0,7,0,0.0,2.0,2.0,9.0,A01
201800042330,1.0,32,0,0.0,2.0,3.0,2.0,B01
201800042330,1.0,10,0,0.0,2.0,2.0,19.0,A01
201800042331,2.0,34,0,0.0,1.0,1.0,21.0,A01
201800042332,1.0,7,0,0.0,0.0,4.0,2.0,B01
201800042332,1.0,7,0,0.0,0.0,1.0,2.0,A01
201800042332,1.0,7,0,0.0,0.0,0.0,0.0,C01
201800042333,1.0,7,0,0.0,1.0,3.0,1.0,A01
201800042334,1.0,7,0,0.0,9.0,1.0,15.0,A01
201800042334,1.0,1,0,0.0,0.0,1.0,19.0,B01
201800042335,0.0,7,0,0.0,2.0,1.0,9.0,A01
201800042335,0.0,7,0,0.0,2.0,2.0,1.0,B01
201800042336,2.0,7,0,0.0,2.0,4.0,23.0,B01
201800042336,2.0,7,0,0.0,2.0,1.0,2.0,A01
201800042336,2.0,7,0,0.0,0.0,4.0,23.0,C01
201800042337,1.0,7,0,0.0,2.0,1.0,1.0,A01
201800042337,1.0,7,0,0.0,2.0,4.0,1.0,B01
201800042338,1.0,33,0,0.0,2.0,1.0,9.0,A01
201800042338,1.0,17,0,0.0,2.0,4.0,9.0,B01
201800042339,1.0,7,0,3.0,0.0,0.0,21.0,A01
201800042340,1.0,7,0,8.0,0.0,1.0,9.0,A01
201800042341,0.0,30,0,0.0,2.0,7.0,2.0,A01
201800042341,0.0,37,1,0.0,2.0,1.0,2.0,B01
201800042342,0.0,7,0,0.0,2.0,3.0,1.0,A01
201800042343,2.0,10,0,0.0,2.0,8.0,15.0,B01
201800042343,2.0,32,0,8.0,2.0,7.0,0.0,A01
201800042344,2.0,34,0,0.0,2.0,1.0,2.0,A01
201800042344,2.0,7,0,0.0,6.0,4.0,0.0,B01
201800042345,0.0,30,0,15.0,0.0,1.0,2.0,A01
201800042346,1.0,33,0,0.0,2.0,8.0,15.0,B01
201800042346,1.0,7,0,0.0,2.0,7.0,15.0,A01
201800042347,1.0,10,0,0.0,2.0,7.0,15.0,B01
201800042347,1.0,7,0,14.0,2.0,3.0,1.0,A01
201800042348,1.0,13,0,0.0,2.0,3.0,16.0,B01
201800042348,1.0,13,0,0.0,2.0,0.0,16.0,A01
201800042349,0.0,7,0,0.0,1.0,2.0,1.0,A01
201800042350,2.0,10,0,0.0,1.0,3.0,1.0,A01
201800042351,2.0,10,0,0.0,2.0,2.0,19.0,A01
201800042351,2.0,99,0,0.0,2.0,1.0,2.0,B01
201800042352,1.0,2,0,0.0,2.0,1.0,2.0,B01
201800042352,2.0,10,0,0.0,2.0,2.0,15.0,A01
201800042353,2.0,10,0,0.0,2.0,2.0,2.0,A01
201800042353,2.0,10,0,0.0,2.0,4.0,23.0,B01
201800042354,0.0,7,0,1.0,0.0,2.0,1.0,A01
201800042355,1.0,7,0,0.0,1.0,2.0,1.0,A01
201800042356,2.0,7,0,0.0,2.0,4.0,2.0,B01
201800042356,2.0,30,0,0.0,2.0,1.0,2.0,A01
201800042357,1.0,33,0,0.0,2.0,2.0,1.0,B01
201800042357,1.0,7,0,0.0,2.0,3.0,11.0,A01
201800042358,1.0,7,0,0.0,1.0,8.0,1.0,A01
201800042359,2.0,1,0,0.0,2.0,2.0,19.0,B01
201800042359,0.0,7,0,0.0,2.0,3.0,21.0,A01
201800042360,1.0,33,0,14.0,0.0,0.0,13.0,A01
201800042360,1.0,7,0,14.0,0.0,1.0,0.0,B01
201800042361,1.0,7,0,0.0,2.0,3.0,1.0,B01
201800042361,1.0,33,0,0.0,2.0,2.0,16.0,A01
201800042362,1.0,7,0,0.0,2.0,1.0,2.0,A01
201800042362,1.0,7,0,0.0,2.0,4.0,23.0,B01
201800042363,0.0,7,0,0.0,1.0,2.0,15.0,A01
201800042364,1.0,37,10,0.0,1.0,0.0,8.0,A01
201800042365,2.0,10,0,0.0,2.0,1.0,15.0,A01
201800042365,1.0,2,0,0.0,2.0,1.0,1.0,B01
201800042366,2.0,7,0,0.0,2.0,2.0,1.0,A01
201800042366,0.0,7,0,0.0,2.0,2.0,15.0,B01
201800042367,1.0,7,0,0.0,0.0,1.0,2.0,B01
201800042367,1.0,7,0,0.0,2.0,1.0,9.0,A01
201800042368,1.0,10,0,0.0,1.0,1.0,15.0,A01
201800042369,1.0,7,0,1.0,0.0,1.0,2.0,A01
201800042369,1.0,7,0,1.0,0.0,4.0,23.0,B01
201800042370,1.0,31,0,12.0,0.0,3.0,0.0,A01
201800042371,0.0,17,0,0.0,2.0,1.0,19.0,A01
201800042371,0.0,2,0,0.0,2.0,8.0,21.0,B01
201800042372,2.0,33,0,0.0,2.0,1.0,1.0,B01
201800042372,2.0,7,0,0.0,2.0,3.0,15.0,A01
201800042373,2.0,7,0,0.0,2.0,3.0,9.0,A01
201800042373,2.0,37,30,0.0,2.0,7.0,1.0,B01
201800042374,1.0,1,0,0.0,2.0,4.0,1.0,B01
201800042374,1.0,7,0,0.0,2.0,0.0,0.0,A01
201800042375,2.0,7,0,0.0,1.0,1.0,1.0,A01
201800042376,1.0,7,0,14.0,1.0,3.0,0.0,Z01
201800042377,1.0,10,0,0.0,1.0,2.0,1.0,A01
201800042378,1.0,10,0,0.0,2.0,2.0,2.0,A01
201800042378,2.0,30,0,0.0,2.0,3.0,15.0,B01
201800042379,1.0,10,0,0.0,2.0,3.0,1.0,B01
201800042379,0.0,1,0,0.0,2.0,1.0,0.0,A01
201800042380,1.0,7,0,0.0,2.0,9.0,11.0,B01
201800042380,1.0,17,0,0.0,2.0,2.0,2.0,A01
201800042380,1.0,7,0,0.0,2.0,6.0,2.0,C01
201800042381,2.0,7,0,2.0,0.0,7.0,1.0,A01
201800042382,1.0,34,0,11.0,0.0,1.0,0.0,A01
201800042383,0.0,7,0,0.0,2.0,3.0,16.0,A01
201800042383,0.0,15,0,0.0,2.0,2.0,2.0,B01
201800042384,1.0,31,0,0.0,0.0,0.0,21.0,A01
201800042385,0.0,10,0,0.0,2.0,2.0,2.0,B01
201800042385,0.0,10,0,0.0,2.0,3.0,16.0,A01
201800042386,1.0,10,0,0.0,1.0,2.0,2.0,A01
201800042387,2.0,7,0,0.0,2.0,2.0,16.0,B01
201800042387,1.0,30,0,0.0,2.0,2.0,14.0,A01
201800042388,0.0,7,0,0.0,1.0,8.0,0.0,A01
201800042389,2.0,33,0,0.0,2.0,5.0,1.0,A01
201800042389,2.0,7,0,0.0,2.0,8.0,9.0,Z01
201800042390,0.0,7,0,1.0,0.0,2.0,1.0,A01
201800042391,0.0,34,0,14.0,2.0,2.0,0.0,A01
201800042391,0.0,7,0,0.0,0.0,0.0,0.0,B01
201800042392,2.0,7,0,4.0,0.0,1.0,1.0,A01
201800042393,1.0,7,0,8.0,0.0,1.0,1.0,A01
201800042394,1.0,7,0,0.0,2.0,1.0,1.0,A01
201800042394,1.0,7,0,0.0,2.0,4.0,1.0,B01
201800042395,2.0,34,0,0.0,0.0,7.0,1.0,A01
201800042396,0.0,7,0,8.0,0.0,2.0,14.0,A01
201800042397,1.0,13,0,0.0,1.0,4.0,4.0,A01
201800042398,0.0,7,0,0.0,1.0,2.0,1.0,A01
201800042399,1.0,7,0,0.0,0.0,3.0,15.0,A01
201800042399,1.0,1,0,0.0,2.0,6.0,2.0,B01
201800042400,1.0,7,0,0.0,2.0,2.0,1.0,A01
201800042400,1.0,7,0,0.0,2.0,3.0,9.0,B01
201800042401,1.0,10,0,0.0,2.0,2.0,1.0,A01
201800042401,1.0,10,0,0.0,2.0,1.0,1.0,B01
201800042402,1.0,7,0,1.0,1.0,2.0,17.0,A01
201800042403,1.0,7,0,0.0,1.0,3.0,1.0,A01
201800042404,1.0,33,0,0.0,2.0,1.0,12.0,A01
201800042404,1.0,37,1,0.0,2.0,6.0,2.0,B01
201800042405,1.0,14,0,0.0,1.0,1.0,1.0,A01
201800042406,0.0,7,0,0.0,1.0,1.0,9.0,A01
201800042407,2.0,7,0,0.0,1.0,1.0,1.0,A01
201800042408,1.0,7,0,0.0,1.0,1.0,15.0,A01
201800042409,0.0,7,0,0.0,2.0,0.0,16.0,A01
201800042409,0.0,34,0,0.0,2.0,1.0,1.0,B01
201800042410,1.0,7,0,0.0,2.0,3.0,2.0,Z01
201800042410,1.0,33,0,0.0,2.0,4.0,23.0,B01
201800042411,1.0,10,0,0.0,1.0,3.0,2.0,A01
201800042412,1.0,30,0,0.0,1.0,1.0,1.0,A01
201800042413,1.0,7,0,0.0,1.0,3.0,1.0,A01
201800042414,2.0,7,0,0.0,1.0,2.0,2.0,A01
201800042415,1.0,7,0,0.0,2.0,4.0,0.0,A01
201800042415,1.0,32,0,0.0,2.0,1.0,2.0,B01
201800042416,1.0,7,0,0.0,1.0,3.0,15.0,A01
201800042417,1.0,7,0,0.0,1.0,2.0,21.0,A01
201800042418,0.0,7,0,0.0,2.0,8.0,1.0,B01
201800042418,0.0,10,0,0.0,0.0,1.0,0.0,Z01
201800042419,1.0,7,0,0.0,0.0,9.0,21.0,A01
201800042420,0.0,33,0,0.0,0.0,0.0,21.0,A01
201800042421,2.0,10,0,0.0,2.0,1.0,2.0,B01
201800042421,2.0,10,0,0.0,2.0,4.0,2.0,D01
201800042421,2.0,10,0,0.0,2.0,1.0,2.0,A01
201800042421,2.0,10,0,0.0,2.0,4.0,2.0,C01
201800042422,2.0,34,0,8.0,0.0,1.0,2.0,A01
201800042423,1.0,7,0,0.0,2.0,8.0,1.0,B01
201800042423,1.0,7,0,0.0,2.0,2.0,1.0,A01
201800042424,1.0,7,0,4.0,0.0,3.0,1.0,A01
201800042425,0.0,20,0,0.0,1.0,2.0,16.0,A01
201800042426,1.0,7,0,0.0,2.0,1.0,1.0,B01
201800042426,2.0,7,0,1.0,2.0,2.0,1.0,A01
201800042427,0.0,34,0,1.0,0.0,1.0,1.0,A01
201800042427,0.0,37,3,0.0,2.0,5.0,1.0,B01
201800042428,1.0,7,0,0.0,1.0,1.0,0.0,Z01
201800042429,2.0,31,0,0.0,2.0,8.0,18.0,A01
201800042429,2.0,14,0,0.0,2.0,7.0,1.0,B01
201800042430,1.0,7,0,0.0,2.0,3.0,15.0,A01
201800042430,2.0,31,0,0.0,2.0,3.0,1.0,B01
201800042431,1.0,7,0,0.0,1.0,3.0,13.0,A01
201800042432,1.0,7,0,0.0,1.0,7.0,1.0,A01
201800042433,1.0,7,0,0.0,1.0,6.0,1.0,A01
201800042434,1.0,7,0,0.0,2.0,5.0,15.0,A01
201800042434,2.0,31,0,0.0,2.0,1.0,1.0,B01
201800042435,1.0,7,0,0.0,1.0,1.0,16.0,A01
201800042436,1.0,7,0,0.0,1.0,2.0,1.0,A01
201800042437,1.0,7,0,0.0,1.0,1.0,23.0,A01
201800042438,0.0,99,0,0.0,2.0,0.0,0.0,R01
201800042438,1.0,37,10,0.0,2.0,5.0,16.0,A01
201800042439,1.0,7,0,0.0,1.0,2.0,16.0,A01
201800042440,1.0,14,0,0.0,2.0,7.0,15.0,A01
201800042440,2.0,33,0,0.0,2.0,1.0,1.0,B01
201800042441,2.0,34,0,0.0,1.0,1.0,1.0,Z01
201800042442,1.0,7,0,0.0,1.0,2.0,9.0,A01
201800042443,2.0,34,0,0.0,2.0,1.0,13.0,A01
201800042443,1.0,7,0,0.0,2.0,1.0,15.0,B01
201800042444,2.0,7,0,0.0,1.0,7.0,1.0,A01
201800042445,2.0,31,0,0.0,1.0,1.0,7.0,A01
201800042446,1.0,7,0,0.0,1.0,3.0,16.0,A01
201800042447,2.0,7,0,0.0,2.0,3.0,16.0,A01
201800042447,1.0,33,0,0.0,2.0,1.0,1.0,B01
201800042448,1.0,7,0,0.0,1.0,3.0,9.0,A01
201800042448,1.0,7,0,0.0,2.0,6.0,2.0,B01
201800042449,2.0,7,0,0.0,1.0,1.0,1.0,A01
201800042450,1.0,7,0,0.0,2.0,7.0,1.0,B01
201800042450,2.0,7,0,0.0,2.0,1.0,1.0,A01
201800042451,1.0,31,0,0.0,1.0,1.0,21.0,Z01
201800042452,2.0,7,0,0.0,2.0,1.0,1.0,A01
201800042452,1.0,10,0,0.0,2.0,1.0,5.0,Z01
201800042453,1.0,34,0,0.0,1.0,2.0,0.0,Z01
201800042454,1.0,31,0,16.0,0.0,7.0,1.0,A01
201800042455,1.0,7,0,0.0,2.0,1.0,15.0,A01
201800042455,2.0,33,0,0.0,2.0,1.0,1.0,B01
201800042456,2.0,7,0,0.0,2.0,3.0,19.0,B01
201800042456,2.0,7,0,0.0,2.0,2.0,19.0,A01
201800042457,2.0,31,0,8.0,0.0,2.0,1.0,A01
201800042458,1.0,2,0,0.0,2.0,1.0,18.0,A01
201800042458,1.0,1,0,4.0,2.0,8.0,15.0,B01
201800042459,2.0,7,0,0.0,2.0,5.0,16.0,A01
201800042459,2.0,7,0,0.0,2.0,3.0,1.0,B01
201800042460,1.0,10,0,0.0,2.0,2.0,7.0,A01
201800042460,1.0,7,0,0.0,2.0,8.0,15.0,B01
201800042461,2.0,31,0,0.0,2.0,2.0,21.0,A01
201800042461,2.0,7,0,0.0,2.0,6.0,2.0,B01
201800042462,1.0,10,0,0.0,1.0,1.0,15.0,A01
201800042463,1.0,7,0,0.0,1.0,2.0,1.0,A01
201800042464,1.0,31,0,8.0,0.0,7.0,2.0,A01
201800042465,1.0,7,0,0.0,1.0,2.0,19.0,A01
201800042466,2.0,7,0,0.0,1.0,5.0,0.0,A01
201800042467,0.0,30,0,0.0,2.0,8.0,15.0,A01
201800042467,0.0,33,0,0.0,2.0,2.0,1.0,B01
201800042468,1.0,7,0,0.0,1.0,1.0,2.0,A01
201800042469,1.0,33,0,0.0,1.0,1.0,1.0,A01
201800042470,2.0,7,0,0.0,2.0,4.0,4.0,B01
201800042470,2.0,7,0,0.0,2.0,1.0,23.0,A01
201800042471,1.0,7,0,0.0,2.0,1.0,1.0,A01
201800042471,1.0,31,0,0.0,2.0,4.0,1.0,B01
201800042472,2.0,7,0,14.0,9.0,1.0,9.0,A01
201800042472,2.0,7,0,14.0,9.0,4.0,23.0,B01
201800042473,1.0,7,0,0.0,2.0,2.0,1.0,B01
201800042473,1.0,33,0,0.0,0.0,2.0,1.0,A01
201800042474,2.0,31,0,0.0,2.0,1.0,1.0,B01
201800042474,2.0,7,0,0.0,2.0,2.0,15.0,A01
201800042475,1.0,7,0,0.0,1.0,3.0,1.0,A01
201800042476,1.0,7,0,8.0,2.0,1.0,0.0,A01
201800042476,1.0,7,0,0.0,2.0,7.0,23.0,C01
201800042476,1.0,14,0,0.0,2.0,2.0,24.0,B01
201800042477,1.0,7,0,0.0,2.0,4.0,15.0,B01
201800042477,1.0,33,0,0.0,2.0,8.0,1.0,A01
201800042478,1.0,34,0,0.0,2.0,2.0,17.0,B01
201800042478,1.0,7,0,0.0,2.0,8.0,13.0,A01
201800042479,1.0,1,0,0.0,2.0,1.0,19.0,A01
201800042479,1.0,32,0,0.0,9.0,2.0,1.0,B01
201800042480,2.0,2,0,0.0,9.0,2.0,9.0,A01
201800042480,1.0,1,0,0.0,2.0,3.0,1.0,B01
201800042481,2.0,2,0,0.0,2.0,6.0,9.0,A01
201800042481,2.0,7,0,0.0,2.0,2.0,21.0,B01
201800042482,2.0,7,0,0.0,2.0,7.0,2.0,B01
201800042482,1.0,34,0,0.0,2.0,1.0,1.0,A01
201800042483,1.0,30,0,0.0,2.0,2.0,1.0,B01
201800042483,1.0,32,0,0.0,2.0,1.0,10.0,A01
201800042484,1.0,32,0,0.0,1.0,8.0,1.0,A01
201800042485,1.0,7,0,1.0,0.0,2.0,0.0,A01
201800042486,0.0,7,0,1.0,0.0,2.0,20.0,A01
201800042486,0.0,1,0,0.0,2.0,2.0,5.0,B01
201800042487,2.0,10,0,0.0,2.0,4.0,1.0,B01
201800042487,2.0,30,0,0.0,2.0,1.0,1.0,A01
201800042488,1.0,33,0,0.0,1.0,2.0,0.0,A01
201800042489,1.0,7,0,0.0,2.0,7.0,15.0,A01
201800042489,1.0,31,0,0.0,2.0,1.0,1.0,B01
201800042490,2.0,7,0,0.0,2.0,7.0,1.0,B01
201800042490,2.0,7,0,0.0,2.0,4.0,20.0,A01
201800042491,2.0,7,0,0.0,1.0,2.0,17.0,A01
201800042492,2.0,7,0,0.0,1.0,2.0,1.0,A01
201800042493,2.0,1,0,0.0,2.0,1.0,15.0,A01
201800042493,1.0,7,0,0.0,6.0,1.0,1.0,B01
201800042494,1.0,7,0,0.0,2.0,3.0,16.0,A01
201800042494,2.0,7,0,0.0,2.0,3.0,1.0,B01
201800042495,1.0,7,0,0.0,2.0,8.0,15.0,B01
201800042495,1.0,2,0,0.0,2.0,7.0,1.0,A01
201800042496,2.0,7,0,9.0,2.0,8.0,15.0,B01
201800042496,2.0,7,0,0.0,2.0,1.0,11.0,A01
201800042497,2.0,7,0,0.0,1.0,2.0,1.0,A01
201800042498,1.0,7,0,0.0,2.0,3.0,1.0,B01
201800042498,2.0,32,0,0.0,1.0,1.0,21.0,A01
201800042499,2.0,7,0,0.0,2.0,8.0,1.0,A01
201800042499,2.0,7,0,0.0,2.0,1.0,1.0,B01
201800042500,1.0,2,0,0.0,2.0,4.0,23.0,B01
201800042500,1.0,7,0,0.0,2.0,1.0,2.0,A01
201800042501,2.0,34,0,8.0,0.0,1.0,0.0,A01
201800042502,1.0,7,0,0.0,1.0,3.0,1.0,A01
201800042503,1.0,7,0,0.0,2.0,4.0,1.0,B01
201800042503,2.0,10,0,0.0,2.0,1.0,1.0,A01
201800042504,0.0,7,0,0.0,1.0,4.0,4.0,A01
201800042505,1.0,10,0,0.0,1.0,2.0,0.0,A01
201800042506,0.0,1,0,1.0,0.0,1.0,1.0,B01
201800042506,0.0,7,0,0.0,2.0,8.0,23.0,A01
201800042507,1.0,7,0,0.0,1.0,7.0,1.0,A01
201800042508,2.0,7,0,0.0,1.0,1.0,1.0,Z01
201800042509,1.0,7,0,0.0,1.0,2.0,21.0,A01
201800042510,0.0,10,0,0.0,2.0,8.0,15.0,A01