Num_Acc,senc,catv,occutc,obs,obsm,choc,manv,num_veh
201800042785,1.0,7,0,0.0,2.0,3.0,20.0,A01
201800042786,2.0,34,0,0.0,2.0,1.0,1.0,A01
201800042786,0.0,7,0,0.0,2.0,6.0,15.0,B01
201800042787,2.0,1,0,0.0,2.0,1.0,1.0,Y01
201800042787,2.0,7,0,0.0,0.0,0.0,0.0,A01
201800042788,1.0,32,0,0.0,2.0,0.0,0.0,A01
201800042788,0.0,7,0,0.0,2.0,0.0,0.0,B01
201800042789,1.0,30,0,0.0,1.0,2.0,21.0,A01
201800042790,2.0,31,0,0.0,2.0,1.0,1.0,B01
201800042790,1.0,7,0,0.0,2.0,3.0,15.0,A01
201800042791,0.0,7,0,0.0,2.0,1.0,2.0,A01
201800042791,0.0,7,0,0.0,0.0,4.0,2.0,B01
201800042792,1.0,7,0,0.0,1.0,6.0,20.0,A01
201800042793,2.0,7,0,0.0,2.0,6.0,15.0,B01
201800042793,2.0,2,0,0.0,2.0,1.0,3.0,A01
201800042794,1.0,7,0,0.0,2.0,1.0,1.0,A01
201800042794,2.0,7,0,0.0,2.0,5.0,23.0,B01
201800042795,2.0,32,0,0.0,0.0,0.0,21.0,A01
201800042796,1.0,7,0,0.0,2.0,6.0,1.0,B01
201800042796,0.0,10,0,8.0,2.0,2.0,1.0,A01
201800042797,2.0,7,0,0.0,2.0,7.0,1.0,A01
201800042797,1.0,1,0,0.0,0.0,8.0,1.0,B01
201800042798,2.0,7,0,0.0,2.0,1.0,15.0,A01
201800042798,1.0,7,0,0.0,2.0,3.0,15.0,B01
201800042799,1.0,7,0,0.0,1.0,1.0,1.0,Z01
201800042800,1.0,7,0,0.0,1.0,3.0,15.0,A01
201800042801,0.0,1,0,0.0,2.0,1.0,1.0,A01
201800042801,2.0,7,0,0.0,2.0,3.0,1.0,B01
201800042802,1.0,15,0,0.0,1.0,2.0,16.0,A01
201800042803,1.0,7,0,0.0,2.0,3.0,1.0,B01
201800042803,1.0,7,0,0.0,2.0,2.0,15.0,A01
201800042804,2.0,7,0,0.0,1.0,2.0,19.0,A01
201800042805,1.0,7,0,1.0,0.0,2.0,1.0,A01
201800042806,1.0,7,0,0.0,1.0,1.0,1.0,A01
201800042807,2.0,34,0,0.0,2.0,1.0,17.0,A01
201800042807,2.0,10,0,0.0,2.0,8.0,15.0,B01
201800042808,1.0,30,0,0.0,0.0,0.0,19.0,A01
201800042809,2.0,7,0,0.0,1.0,3.0,1.0,A01
201800042810,1.0,7,0,0.0,2.0,1.0,16.0,B01
201800042810,1.0,10,0,0.0,2.0,1.0,1.0,A01
201800042811,1.0,7,0,0.0,9.0,8.0,15.0,A01
201800042811,1.0,1,0,0.0,2.0,8.0,16.0,B01
201800042812,2.0,33,0,0.0,2.0,7.0,17.0,A01
201800042812,2.0,7,0,0.0,2.0,3.0,15.0,B01
201800042813,1.0,7,0,0.0,2.0,1.0,15.0,A01
201800042813,2.0,31,0,0.0,2.0,7.0,1.0,B01
201800042814,1.0,1,0,0.0,2.0,1.0,2.0,A01
201800042814,1.0,7,0,0.0,2.0,4.0,23.0,B01
201800042815,2.0,7,0,0.0,2.0,2.0,15.0,A01
201800042815,1.0,7,0,0.0,2.0,1.0,1.0,B01
201800042816,0.0,7,0,0.0,1.0,8.0,15.0,A01
201800042817,1.0,7,0,0.0,1.0,1.0,15.0,A01
201800042818,2.0,7,0,2.0,2.0,5.0,9.0,A01
201800042818,1.0,7,0,0.0,2.0,2.0,1.0,B01
201800042819,1.0,7,0,0.0,1.0,1.0,1.0,A01
201800042820,1.0,33,0,4.0,0.0,1.0,13.0,A01
201800042821,2.0,32,0,0.0,0.0,0.0,1.0,A01
201800042822,1.0,31,0,0.0,1.0,8.0,1.0,A01
201800042823,1.0,31,0,0.0,2.0,1.0,2.0,A01
201800042823,1.0,7,0,0.0,0.0,4.0,2.0,B01
201800042824,1.0,7,0,0.0,1.0,3.0,1.0,A01
201800042825,1.0,7,0,0.0,2.0,2.0,1.0,B01
201800042825,2.0,7,0,0.0,2.0,3.0,1.0,A01
201800042826,1.0,7,0,0.0,2.0,7.0,15.0,A01
201800042826,1.0,33,0,0.0,2.0,1.0,1.0,B01
201800042827,0.0,7,0,0.0,2.0,0.0,9.0,A01
201800042827,1.0,7,0,0.0,2.0,3.0,1.0,B01
201800042828,1.0,10,0,0.0,2.0,3.0,15.0,A01
201800042828,2.0,33,0,0.0,2.0,6.0,1.0,B01
201800042829,1.0,7,0,0.0,2.0,1.0,1.0,A01
201800042829,1.0,7,0,0.0,2.0,8.0,1.0,B01
201800042830,2.0,7,0,0.0,2.0,2.0,2.0,A01
201800042830,2.0,7,0,0.0,2.0,6.0,1.0,B01
201800042831,2.0,7,0,0.0,1.0,2.0,1.0,A01
201800042832,2.0,7,0,1.0,1.0,6.0,5.0,A01
201800042833,1.0,7,0,0.0,2.0,2.0,1.0,B01
201800042833,2.0,1,0,0.0,2.0,1.0,1.0,A01
201800042834,2.0,7,0,9.0,0.0,1.0,2.0,A01
201800042835,2.0,31,0,0.0,2.0,2.0,0.0,A01
201800042835,1.0,7,0,0.0,2.0,3.0,15.0,B01
201800042835,1.0,7,0,0.0,2.0,6.0,16.0,C01
201800042836,1.0,7,0,0.0,2.0,7.0,15.0,A01
201800042836,2.0,34,0,0.0,2.0,1.0,19.0,B01
201800042837,1.0,34,0,0.0,2.0,3.0,1.0,B01
201800042837,1.0,7,0,0.0,2.0,3.0,16.0,A01
201800042838,2.0,1,0,0.0,2.0,8.0,2.0,B01
201800042838,2.0,7,0,0.0,2.0,2.0,16.0,A01
201800042839,2.0,10,0,0.0,1.0,7.0,16.0,A01
201800042840,1.0,2,0,0.0,2.0,1.0,1.0,B01
201800042840,2.0,7,0,0.0,2.0,3.0,9.0,A01
201800042841,2.0,7,0,9.0,2.0,1.0,15.0,A01
201800042841,1.0,7,0,1.0,2.0,1.0,1.0,B01
201800042842,1.0,7,0,0.0,1.0,2.0,1.0,A01
201800042843,1.0,10,0,0.0,1.0,1.0,1.0,A01
201800042844,1.0,30,0,0.0,2.0,1.0,19.0,A01
201800042844,1.0,7,0,0.0,2.0,8.0,19.0,B01
201800042845,2.0,31,0,0.0,1.0,1.0,13.0,A01
201800042846,2.0,7,0,0.0,2.0,6.0,4.0,A01
201800042846,1.0,33,0,0.0,2.0,1.0,2.0,B01
201800042847,2.0,7,0,0.0,9.0,3.0,15.0,A01
201800042847,1.0,1,0,0.0,2.0,1.0,1.0,B01
201800042848,1.0,7,0,1.0,2.0,5.0,19.0,A01
201800042848,1.0,7,0,0.0,2.0,3.0,1.0,B01
201800042849,0.0,1,0,0.0,1.0,1.0,1.0,A01
201800042850,1.0,33,0,0.0,2.0,1.0,2.0,B01
201800042850,2.0,10,0,0.0,2.0,0.0,15.0,A01
201800042851,2.0,7,0,0.0,2.0,7.0,2.0,A01
201800042851,2.0,7,0,0.0,2.0,1.0,2.0,B01
201800042852,1.0,7,0,0.0,2.0,3.0,15.0,A01
201800042852,2.0,31,0,0.0,2.0,3.0,2.0,B01
201800042853,1.0,32,0,0.0,2.0,4.0,1.0,B01
201800042853,2.0,7,0,0.0,2.0,1.0,1.0,C01
201800042853,1.0,7,0,0.0,2.0,3.0,1.0,A01
201800042854,1.0,33,0,0.0,1.0,1.0,1.0,A01
201800042855,1.0,31,0,0.0,2.0,5.0,17.0,B01
201800042855,1.0,7,0,0.0,2.0,1.0,16.0,A01
201800042856,1.0,1,0,1.0,0.0,7.0,1.0,B01
201800042856,1.0,10,0,0.0,9.0,8.0,22.0,A01
201800042857,1.0,7,0,8.0,2.0,4.0,9.0,A01
201800042857,1.0,7,0,0.0,2.0,7.0,1.0,B01
201800042858,1.0,31,0,0.0,1.0,1.0,1.0,A01
201800042859,1.0,31,0,0.0,2.0,1.0,1.0,A01
201800042859,1.0,34,0,0.0,2.0,8.0,15.0,B01
201800042860,1.0,10,0,1.0,2.0,2.0,1.0,A01
201800042860,2.0,7,0,0.0,2.0,1.0,1.0,B01
201800042861,1.0,33,0,0.0,2.0,1.0,1.0,B01
201800042861,2.0,7,0,0.0,2.0,2.0,15.0,A01
201800042862,1.0,34,0,0.0,2.0,8.0,1.0,B01
201800042862,1.0,7,0,0.0,2.0,1.0,1.0,A01
201800042863,2.0,7,0,0.0,1.0,1.0,1.0,A01
201800042864,1.0,7,0,0.0,2.0,1.0,15.0,B01
201800042864,1.0,1,0,0.0,2.0,2.0,1.0,A01
201800042865,1.0,7,0,0.0,2.0,3.0,15.0,A01
201800042865,1.0,33,0,0.0,2.0,2.0,17.0,B01
201800042866,2.0,7,0,0.0,2.0,4.0,2.0,B01
201800042866,2.0,7,0,0.0,2.0,1.0,2.0,A01
201800042867,1.0,7,0,0.0,2.0,6.0,2.0,B01
201800042867,1.0,32,0,0.0,2.0,2.0,2.0,A01
201800042868,2.0,7,0,0.0,2.0,3.0,15.0,B01
201800042868,2.0,33,0,0.0,2.0,2.0,17.0,A01
201800042869,1.0,7,0,0.0,2.0,3.0,1.0,B01
201800042869,1.0,7,0,0.0,2.0,1.0,16.0,A01
201800042870,1.0,7,0,0.0,1.0,1.0,1.0,A01
201800042871,2.0,34,0,14.0,5.0,1.0,21.0,A01
201800042872,2.0,7,0,0.0,1.0,2.0,15.0,Z01
201800042873,1.0,7,0,0.0,1.0,2.0,2.0,A01
201800042874,2.0,7,0,0.0,9.0,3.0,15.0,B01
201800042874,1.0,1,0,0.0,2.0,3.0,5.0,A01
201800042875,1.0,7,0,0.0,9.0,2.0,1.0,B01
201800042875,1.0,2,0,0.0,2.0,3.0,9.0,A01
201800042876,2.0,7,0,0.0,2.0,3.0,15.0,A01
201800042876,2.0,1,0,0.0,2.0,1.0,1.0,B01
201800042877,1.0,7,0,0.0,2.0,1.0,19.0,A01
201800042877,1.0,7,0,0.0,2.0,2.0,1.0,B01
201800042878,1.0,7,0,0.0,1.0,2.0,1.0,A01
201800042879,2.0,30,0,0.0,2.0,2.0,19.0,B01
201800042879,1.0,7,0,0.0,2.0,1.0,19.0,A01
201800042880,1.0,7,0,0.0,1.0,3.0,15.0,A01
201800042881,2.0,7,0,0.0,2.0,4.0,23.0,B01
201800042881,2.0,7,0,0.0,2.0,4.0,23.0,A01
201800042882,1.0,7,0,0.0,2.0,3.0,23.0,B01
201800042882,1.0,7,0,1.0,0.0,2.0,14.0,A01
201800042883,1.0,7,0,0.0,1.0,0.0,15.0,A01
201800042884,2.0,7,0,0.0,1.0,3.0,2.0,A01
201800042885,2.0,2,0,0.0,2.0,3.0,1.0,B01
201800042885,1.0,7,0,0.0,2.0,1.0,15.0,A01
201800042886,1.0,7,0,0.0,2.0,2.0,1.0,B01
201800042886,1.0,7,0,8.0,2.0,5.0,1.0,A01
201800042887,1.0,7,0,0.0,2.0,3.0,20.0,A01
201800042887,2.0,30,0,0.0,2.0,3.0,1.0,B01
201800042888,1.0,7,0,1.0,0.0,3.0,13.0,A01
201800042889,1.0,34,0,0.0,2.0,4.0,23.0,B01
201800042889,1.0,10,0,0.0,9.0,1.0,2.0,Z01
201800042890,1.0,7,0,0.0,2.0,1.0,1.0,Z01
201800042890,0.0,99,0,0.0,2.0,0.0,0.0,R01
201800042891,2.0,7,0,8.0,0.0,1.0,16.0,A01
201800042892,2.0,7,0,0.0,9.0,4.0,19.0,Z01
201800042892,2.0,7,0,0.0,2.0,1.0,19.0,A01
201800042893,1.0,7,0,0.0,2.0,4.0,15.0,B01
201800042893,1.0,30,0,0.0,2.0,1.0,1.0,A01
201800042894,,37,12,0.0,1.0,2.0,1.0,A01
201800042895,0.0,34,0,0.0,2.0,4.0,23.0,B01
201800042895,0.0,15,0,0.0,2.0,3.0,0.0,A01
201800042896,1.0,31,0,0.0,2.0,1.0,21.0,B01
201800042896,1.0,7,0,0.0,2.0,3.0,0.0,A01
201800042897,2.0,33,0,0.0,2.0,6.0,2.0,B01
201800042897,2.0,7,0,0.0,2.0,7.0,16.0,A01
201800042898,2.0,10,0,0.0,6.0,4.0,4.0,A01
201800042898,0.0,2,0,0.0,2.0,1.0,0.0,B01
201800042899,1.0,7,0,9.0,0.0,1.0,1.0,A01
201800042900,1.0,7,0,0.0,2.0,0.0,0.0,Z01
201800042900,2.0,1,0,0.0,2.0,4.0,1.0,B01
201800042901,1.0,37,1,0.0,2.0,2.0,1.0,A01
201800042901,1.0,10,0,0.0,2.0,1.0,1.0,B01
201800042902,1.0,7,0,0.0,2.0,4.0,23.0,B01
201800042902,0.0,2,0,0.0,2.0,1.0,2.0,A01
201800042903,2.0,31,0,14.0,0.0,1.0,1.0,A01
201800042904,2.0,7,0,0.0,1.0,1.0,1.0,A01
201800042905,2.0,7,0,0.0,2.0,1.0,1.0,B01
201800042905,1.0,7,0,0.0,2.0,3.0,1.0,A01
201800042906,2.0,30,0,0.0,2.0,1.0,1.0,A01
201800042906,1.0,7,0,0.0,2.0,3.0,1.0,B01
201800042907,1.0,7,0,0.0,2.0,4.0,2.0,B01
201800042907,2.0,7,0,0.0,2.0,1.0,1.0,Z01
201800042908,1.0,7,0,0.0,1.0,3.0,1.0,A01
201800042909,2.0,7,0,0.0,2.0,4.0,2.0,B01
201800042909,2.0,7,0,0.0,2.0,1.0,2.0,A01
201800042910,0.0,7,0,0.0,1.0,8.0,1.0,A01
201800042911,2.0,30,0,0.0,2.0,1.0,1.0,B01
201800042911,2.0,7,0,0.0,2.0,6.0,18.0,A01
201800042912,1.0,7,0,0.0,2.0,1.0,1.0,B01
201800042912,1.0,7,0,0.0,2.0,1.0,1.0,A01
201800042913,1.0,7,0,2.0,0.0,2.0,15.0,A01
201800042914,1.0,7,0,0.0,2.0,4.0,1.0,B01
201800042914,1.0,7,0,0.0,2.0,1.0,1.0,A01
201800042915,2.0,7,0,0.0,1.0,1.0,16.0,A01
201800042916,0.0,7,0,0.0,2.0,1.0,19.0,A01
201800042916,0.0,7,0,8.0,0.0,3.0,1.0,B01
201800042917,2.0,14,0,0.0,2.0,1.0,1.0,A01
201800042917,0.0,10,0,0.0,2.0,3.0,1.0,B01
201800042918,1.0,30,0,0.0,2.0,1.0,1.0,A01
201800042918,2.0,7,0,0.0,2.0,1.0,1.0,B01
201800042919,1.0,1,0,0.0,2.0,8.0,14.0,B01
201800042919,1.0,7,0,0.0,2.0,1.0,1.0,A01
201800042920,1.0,30,0,0.0,0.0,7.0,16.0,A01
201800042921,2.0,7,0,0.0,1.0,1.0,2.0,A01
201800042922,2.0,31,0,0.0,2.0,0.0,17.0,A01
201800042923,2.0,33,0,1.0,2.0,2.0,17.0,A01
201800042923,2.0,10,0,0.0,2.0,3.0,15.0,B01
201800042924,1.0,10,0,0.0,2.0,5.0,17.0,A01
201800042924,1.0,2,0,0.0,2.0,1.0,1.0,B01
201800042925,2.0,32,0,0.0,1.0,3.0,1.0,A01
201800042926,0.0,7,0,4.0,0.0,3.0,16.0,A01
201800042927,1.0,17,0,0.0,2.0,3.0,1.0,A01
201800042927,1.0,7,0,0.0,2.0,3.0,15.0,B01
201800042928,1.0,10,0,0.0,2.0,1.0,1.0,B01
201800042928,1.0,10,0,0.0,2.0,2.0,1.0,A01
201800042929,1.0,2,0,0.0,2.0,0.0,0.0,A01
201800042929,1.0,7,0,0.0,2.0,7.0,1.0,B01
201800042930,2.0,33,0,0.0,1.0,1.0,1.0,A01
201800042931,1.0,7,0,0.0,2.0,2.0,15.0,A01
201800042931,2.0,2,0,0.0,2.0,1.0,2.0,B01
201800042932,2.0,7,0,0.0,2.0,2.0,15.0,A01
201800042932,1.0,32,0,0.0,2.0,1.0,1.0,B01
201800042933,1.0,30,0,0.0,2.0,1.0,1.0,A01
201800042933,2.0,30,0,0.0,2.0,1.0,1.0,B01
201800042934,2.0,7,0,0.0,1.0,1.0,16.0,A01
201800042935,1.0,7,0,0.0,1.0,1.0,1.0,A01
201800042936,1.0,1,0,0.0,2.0,8.0,15.0,B01
201800042936,1.0,7,0,0.0,2.0,1.0,2.0,A01
201800042937,2.0,7,0,0.0,2.0,4.0,0.0,A01
201800042938,2.0,10,0,0.0,2.0,1.0,15.0,A01
201800042938,2.0,10,0,0.0,2.0,2.0,1.0,B01
201800042939,0.0,30,0,0.0,0.0,0.0,1.0,A01
201800042940,1.0,7,0,0.0,2.0,1.0,1.0,A01
201800042940,1.0,33,0,0.0,2.0,8.0,1.0,B01
201800042941,0.0,7,0,0.0,1.0,1.0,0.0,A01
201800042942,2.0,7,0,0.0,2.0,2.0,17.0,A01
201800042942,2.0,1,0,0.0,2.0,8.0,1.0,B01
201800042943,0.0,7,0,0.0,1.0,4.0,4.0,A01
201800042944,1.0,7,0,0.0,2.0,1.0,1.0,A01
201800042944,1.0,7,0,8.0,2.0,8.0,1.0,B01
201800042945,1.0,99,0,0.0,2.0,3.0,1.0,A01
201800042945,2.0,7,0,8.0,2.0,3.0,15.0,B01
201800042946,1.0,32,0,0.0,2.0,1.0,1.0,A01
201800042946,2.0,7,0,0.0,2.0,3.0,1.0,B01
201800042947,1.0,7,0,0.0,2.0,1.0,1.0,A01
201800042947,0.0,7,0,0.0,2.0,3.0,15.0,B01
201800042948,1.0,7,0,0.0,1.0,3.0,0.0,Z01
201800042949,2.0,7,0,1.0,0.0,1.0,1.0,A01
201800042949,2.0,7,0,0.0,2.0,4.0,24.0,B01
201800042950,1.0,7,0,2.0,0.0,1.0,21.0,A01
201800042951,2.0,7,0,,,,,A01
201800042951,2.0,31,0,0.0,2.0,9.0,1.0,B01
201800042952,1.0,15,0,0.0,2.0,1.0,2.0,A01
201800042952,1.0,7,0,0.0,1.0,1.0,19.0,B01
201800042953,1.0,7,0,0.0,2.0,2.0,2.0,B01
201800042953,1.0,2,0,0.0,2.0,3.0,10.0,A01
201800042954,1.0,7,0,2.0,0.0,1.0,2.0,A01
201800042954,1.0,7,0,0.0,0.0,4.0,1.0,B01
201800042955,1.0,7,0,0.0,1.0,0.0,15.0,A01
201800042956,1.0,7,0,0.0,1.0,1.0,17.0,Z01
201800042957,1.0,7,0,0.0,2.0,1.0,2.0,A01
201800042957,1.0,7,0,0.0,2.0,4.0,2.0,B01
201800042957,1.0,7,0,0.0,2.0,4.0,2.0,C01
201800042958,2.0,7,0,0.0,1.0,2.0,1.0,A01
201800042959,1.0,1,0,0.0,2.0,7.0,1.0,B01
201800042959,1.0,7,0,0.0,2.0,1.0,9.0,A01
201800042960,1.0,7,0,9.0,0.0,1.0,21.0,A01
201800042961,1.0,7,0,0.0,2.0,1.0,9.0,A01
201800042961,1.0,31,0,0.0,2.0,1.0,17.0,B01
201800042962,1.0,7,0,1.0,1.0,8.0,17.0,A01
201800042963,1.0,30,0,12.0,0.0,2.0,1.0,A01
201800042964,2.0,7,0,0.0,2.0,1.0,2.0,Z01
201800042964,2.0,7,0,0.0,0.0,6.0,16.0,A01
201800042965,2.0,7,0,0.0,2.0,3.0,0.0,A01
201800042965,2.0,7,0,0.0,2.0,4.0,0.0,B01
201800042966,1.0,7,0,0.0,2.0,2.0,1.0,A01
201800042966,1.0,10,0,0.0,2.0,6.0,13.0,B01
201800042967,2.0,34,0,0.0,0.0,3.0,1.0,A01
201800042968,1.0,7,0,0.0,1.0,2.0,1.0,A01
201800042969,2.0,7,0,0.0,2.0,8.0,9.0,A01
201800042969,2.0,7,0,0.0,2.0,3.0,1.0,B01
201800042970,1.0,7,0,0.0,2.0,4.0,23.0,A01
201800042970,0.0,7,0,0.0,2.0,1.0,2.0,B01
201800042971,1.0,7,0,0.0,2.0,2.0,2.0,A01
201800042971,1.0,7,0,0.0,0.0,6.0,23.0,B01
201800042972,1.0,33,0,0.0,0.0,7.0,21.0,A01
201800042973,1.0,7,0,0.0,2.0,1.0,9.0,A01
201800042973,1.0,33,0,0.0,2.0,0.0,21.0,B01
201800042974,1.0,7,0,0.0,1.0,1.0,1.0,A01
201800042975,2.0,7,0,0.0,2.0,1.0,21.0,A01
201800042975,1.0,7,0,0.0,2.0,6.0,23.0,B01
201800042976,1.0,7,0,0.0,1.0,1.0,15.0,A01
201800042977,2.0,7,0,0.0,2.0,7.0,20.0,A01
201800042977,1.0,33,0,0.0,2.0,1.0,1.0,B01
201800042978,2.0,7,0,0.0,2.0,1.0,19.0,B01
201800042978,1.0,7,0,0.0,1.0,1.0,1.0,A01
201800042979,2.0,7,0,0.0,2.0,1.0,13.0,A01
201800042979,1.0,7,0,0.0,2.0,1.0,1.0,B01
201800042980,1.0,14,0,0.0,1.0,1.0,13.0,A01
201800042981,1.0,7,0,0.0,2.0,7.0,21.0,A01
201800042981,1.0,7,0,0.0,2.0,8.0,21.0,B01
201800042981,2.0,37,3,0.0,2.0,3.0,23.0,C01
201800042982,1.0,33,0,12.0,0.0,1.0,1.0,A01
201800042983,1.0,7,0,0.0,2.0,1.0,2.0,A01
201800042983,1.0,7,0,0.0,2.0,4.0,1.0,B01
201800042984,1.0,7,0,0.0,1.0,0.0,1.0,A01
201800042985,1.0,7,0,0.0,2.0,6.0,10.0,A01
201800042985,2.0,33,0,0.0,2.0,1.0,1.0,B01
201800042986,1.0,33,0,0.0,0.0,0.0,1.0,A01
201800042987,1.0,31,0,0.0,2.0,1.0,9.0,A01
201800042987,1.0,7,0,0.0,2.0,3.0,0.0,B01
201800042988,1.0,7,0,0.0,1.0,3.0,19.0,A01
201800042989,1.0,7,0,0.0,2.0,1.0,19.0,B01
201800042989,2.0,7,0,0.0,2.0,5.0,15.0,A01
201800042990,1.0,15,0,0.0,2.0,2.0,1.0,B01
201800042990,1.0,33,0,0.0,2.0,2.0,18.0,A01
201800042991,1.0,33,0,4.0,0.0,1.0,1.0,A01
201800042992,1.0,10,0,0.0,2.0,1.0,2.0,A01
201800042992,1.0,10,0,0.0,2.0,4.0,2.0,C01
201800042992,1.0,10,0,0.0,2.0,4.0,2.0,B01
201800042993,2.0,1,0,0.0,2.0,1.0,0.0,B01
201800042993,1.0,7,0,0.0,2.0,3.0,2.0,A01
201800042994,1.0,33,0,14.0,5.0,2.0,2.0,A01
201800042995,1.0,7,0,0.0,2.0,5.0,23.0,C01
201800042995,1.0,7,0,0.0,2.0,5.0,23.0,B01
201800042995,1.0,7,0,0.0,2.0,1.0,19.0,A01
201800042996,1.0,7,0,0.0,2.0,3.0,15.0,A01
201800042996,2.0,34,0,0.0,2.0,9.0,1.0,B01
201800042997,1.0,1,0,0.0,2.0,8.0,19.0,B01
201800042997,1.0,7,0,0.0,9.0,1.0,19.0,A01
201800042998,2.0,7,0,0.0,9.0,1.0,15.0,A01
201800042998,1.0,1,0,0.0,2.0,6.0,18.0,B01
201800042999,1.0,7,0,0.0,2.0,1.0,7.0,A01
201800042999,1.0,7,0,0.0,2.0,4.0,23.0,C01
201800042999,1.0,7,0,0.0,2.0,4.0,23.0,B01
201800043000,2.0,7,0,0.0,2.0,1.0,1.0,A01
201800043000,2.0,7,0,0.0,2.0,4.0,23.0,B01
201800043001,1.0,7,0,0.0,2.0,5.0,2.0,A01
201800043002,1.0,7,0,0.0,2.0,6.0,1.0,A01
201800043002,0.0,33,0,0.0,2.0,8.0,15.0,B01
201800043003,2.0,7,0,0.0,2.0,1.0,0.0,A01
201800043003,2.0,7,0,0.0,2.0,4.0,0.0,B01
201800043004,1.0,10,0,0.0,2.0,6.0,23.0,B01
201800043004,1.0,10,0,14.0,0.0,2.0,21.0,A01
201800043005,1.0,7,0,0.0,2.0,5.0,10.0,A01
201800043005,1.0,31,0,0.0,2.0,1.0,21.0,B01
201800043006,1.0,34,0,0.0,2.0,1.0,5.0,A01
201800043006,2.0,7,0,0.0,2.0,1.0,16.0,B01
201800043007,1.0,7,0,0.0,2.0,2.0,10.0,A01
201800043007,1.0,31,0,0.0,2.0,1.0,1.0,B01
201800043008,1.0,7,0,0.0,1.0,1.0,1.0,A01
201800043009,1.0,10,0,0.0,2.0,1.0,1.0,B01
201800043009,1.0,33,0,0.0,2.0,2.0,13.0,A01
201800043010,0.0,7,0,0.0,2.0,0.0,0.0,Z01
201800043010,0.0,99,0,0.0,2.0,0.0,0.0,R01
201800043011,2.0,1,0,0.0,2.0,1.0,19.0,A01
201800043011,1.0,7,0,0.0,2.0,3.0,9.0,B01
201800043012,1.0,7,0,1.0,1.0,1.0,7.0,A01
201800043013,1.0,7,0,1.0,2.0,1.0,11.0,A01
201800043013,2.0,33,0,0.0,2.0,1.0,21.0,B01
201800043014,2.0,7,0,0.0,1.0,3.0,0.0,A01
201800043015,2.0,7,0,0.0,1.0,1.0,0.0,A01
201800043016,2.0,7,0,0.0,2.0,2.0,0.0,A01
201800043016,1.0,33,0,0.0,2.0,3.0,0.0,B01
201800043017,1.0,7,0,0.0,2.0,3.0,11.0,A01
201800043017,2.0,33,0,0.0,2.0,1.0,0.0,B01
201800043018,1.0,7,0,0.0,0.0,1.0,0.0,A01
201800043019,1.0,7,0,0.0,1.0,5.0,4.0,A01
201800043020,2.0,30,0,0.0,2.0,3.0,1.0,B01
201800043021,1.0,7,0,0.0,2.0,8.0,10.0,A01
201800043021,2.0,33,0,0.0,2.0,1.0,17.0,B01
201800043022,1.0,34,0,0.0,2.0,7.0,11.0,B01
201800043023,2.0,10,0,0.0,1.0,1.0,19.0,Z01
201800043024,1.0,30,0,0.0,2.0,7.0,14.0,A01
201800043025,1.0,7,0,0.0,1.0,1.0,1.0,A01
201800043026,1.0,7,0,0.0,2.0,1.0,1.0,A01
201800043026,2.0,7,0,0.0,2.0,8.0,9.0,B01
201800043027,2.0,34,0,0.0,2.0,1.0,21.0,B01
201800043027,1.0,7,0,0.0,0.0,2.0,10.0,A01
201800043028,,7,0,0.0,2.0,1.0,1.0,A01
201800043028,,7,0,0.0,2.0,8.0,1.0,B01
201800043029,2.0,7,0,0.0,0.0,2.0,,A01
201800043029,2.0,7,0,0.0,2.0,6.0,1.0,B01
201800043030,2.0,7,0,15.0,0.0,1.0,16.0,A01
201800043031,,32,0,0.0,0.0,1.0,,A01
201800043032,2.0,7,0,0.0,2.0,1.0,0.0,A01
201800043033,2.0,7,0,0.0,1.0,0.0,1.0,A01
201800043034,1.0,33,0,0.0,2.0,1.0,2.0,B01
201800043035,0.0,33,0,0.0,2.0,6.0,15.0,B01
201800043035,0.0,7,0,0.0,2.0,1.0,1.0,A01
201800043036,1.0,2,0,0.0,2.0,1.0,21.0,A01
201800043036,1.0,7,0,0.0,2.0,4.0,1.0,B01
201800043037,1.0,7,0,0.0,2.0,2.0,1.0,B01
201800043037,1.0,7,0,0.0,2.0,3.0,9.0,A01
201800043038,1.0,33,0,0.0,2.0,0.0,15.0,B01
201800043038,2.0,7,0,0.0,2.0,1.0,0.0,A01
201800043039,1.0,7,0,0.0,2.0,1.0,19.0,A01
201800043039,2.0,34,0,0.0,2.0,8.0,15.0,B01
201800043040,1.0,7,0,0.0,2.0,2.0,1.0,Z01
201800043040,1.0,7,0,0.0,2.0,6.0,11.0,B01
201800043041,2.0,7,0,0.0,2.0,3.0,0.0,B01
201800043041,2.0,33,0,0.0,6.0,3.0,17.0,A01
201800043042,2.0,99,0,0.0,0.0,0.0,8.0,A01
201800043043,1.0,7,0,0.0,2.0,1.0,2.0,A01
201800043043,1.0,7,0,0.0,2.0,4.0,23.0,B01
201800043044,1.0,10,0,14.0,6.0,0.0,0.0,A01
201800043044,1.0,1,0,0.0,2.0,0.0,0.0,B01
201800043045,1.0,7,0,0.0,2.0,4.0,0.0,B01
201800043045,1.0,7,0,0.0,2.0,1.0,1.0,A01
201800043046,1.0,7,0,0.0,2.0,3.0,2.0,B01
201800043046,1.0,34,0,0.0,2.0,2.0,17.0,A01
201800043047,0.0,3,0,0.0,2.0,1.0,1.0,B01
201800043047,0.0,7,0,0.0,2.0,1.0,5.0,A01
201800043048,1.0,13,0,6.0,0.0,1.0,0.0,A01