Num_Acc,senc,catv,occutc,obs,obsm,choc,manv,num_veh
201800043315,2.0,33,0,0.0,2.0,5.0,17.0,B01
201800043315,2.0,7,0,0.0,2.0,8.0,15.0,A01
201800043316,1.0,34,0,15.0,2.0,8.0,17.0,A01
201800043316,2.0,7,0,0.0,2.0,8.0,23.0,B01
201800043317,0.0,7,0,0.0,1.0,7.0,1.0,A01
201800043318,1.0,7,0,,2.0,4.0,2.0,B01
201800043318,0.0,33,0,,2.0,1.0,1.0,A01
201800043319,1.0,33,0,0.0,2.0,1.0,17.0,A01
201800043319,1.0,7,0,0.0,2.0,6.0,15.0,B01
201800043320,1.0,7,0,0.0,1.0,3.0,1.0,A01
201800043321,0.0,7,0,0.0,1.0,2.0,1.0,A01
201800043322,0.0,2,0,0.0,1.0,1.0,1.0,A01
201800043323,0.0,7,0,0.0,2.0,8.0,15.0,B01
201800043323,0.0,33,0,0.0,2.0,1.0,17.0,A01
201800043324,2.0,33,0,1.0,0.0,1.0,1.0,B01
201800043324,2.0,10,0,0.0,2.0,4.0,23.0,A01
201800043325,1.0,7,0,,2.0,4.0,2.0,C01
201800043325,1.0,7,0,,2.0,1.0,1.0,A01
201800043325,1.0,33,0,,2.0,7.0,3.0,B01
201800043326,0.0,7,0,0.0,1.0,1.0,1.0,A01
201800043327,0.0,33,0,0.0,2.0,2.0,17.0,B01
201800043327,0.0,7,0,0.0,2.0,8.0,15.0,A01
201800043328,0.0,7,0,0.0,1.0,6.0,4.0,A01
201800043329,0.0,1,0,12.0,2.0,8.0,19.0,B01
201800043329,1.0,37,38,0.0,2.0,2.0,1.0,A01
201800043330,1.0,34,0,0.0,1.0,1.0,1.0,Z01
201800043331,1.0,15,0,0.0,1.0,2.0,1.0,A01
201800043332,1.0,30,0,0.0,1.0,1.0,1.0,A01
201800043333,1.0,30,0,0.0,2.0,1.0,17.0,A01
201800043333,1.0,7,0,0.0,2.0,2.0,1.0,C01
201800043333,2.0,10,0,0.0,2.0,1.0,1.0,B01
201800043334,1.0,7,0,0.0,2.0,2.0,15.0,A01
201800043334,2.0,33,0,0.0,2.0,8.0,21.0,B01
201800043335,0.0,32,0,0.0,2.0,1.0,1.0,B01
201800043335,0.0,7,0,0.0,2.0,3.0,10.0,A01
201800043336,2.0,7,0,0.0,1.0,3.0,1.0,A01
201800043337,0.0,34,0,0.0,2.0,8.0,18.0,B01
201800043337,0.0,7,0,0.0,2.0,7.0,16.0,A01
201800043338,1.0,7,0,0.0,1.0,1.0,1.0,Z01
201800043339,2.0,30,0,0.0,2.0,1.0,1.0,A01
201800043339,0.0,7,0,0.0,2.0,3.0,16.0,B01
201800043340,0.0,10,0,0.0,1.0,1.0,1.0,A01
201800043341,2.0,32,0,12.0,2.0,8.0,1.0,A01
201800043341,0.0,7,0,0.0,2.0,1.0,9.0,B01
201800043342,0.0,33,0,0.0,2.0,1.0,1.0,B01
201800043342,0.0,7,0,0.0,2.0,1.0,15.0,A01
201800043343,1.0,99,0,0.0,1.0,1.0,1.0,A01
201800043344,2.0,33,0,0.0,2.0,1.0,1.0,B01
201800043344,0.0,7,0,0.0,2.0,3.0,9.0,A01
201800043345,1.0,7,0,0.0,2.0,1.0,1.0,Z01
201800043345,1.0,7,0,0.0,2.0,4.0,2.0,A01
201800043346,0.0,7,0,2.0,2.0,1.0,11.0,B01
201800043346,0.0,7,0,0.0,2.0,1.0,1.0,A01
201800043347,2.0,1,0,0.0,2.0,1.0,19.0,B01
201800043347,2.0,10,0,0.0,2.0,5.0,1.0,A01
201800043348,0.0,7,0,0.0,1.0,7.0,15.0,A01
201800043349,2.0,10,0,0.0,2.0,3.0,10.0,A01
201800043349,2.0,33,0,0.0,2.0,8.0,1.0,B01
201800043350,2.0,30,0,0.0,2.0,1.0,17.0,A01
201800043350,1.0,7,0,0.0,2.0,1.0,15.0,B01
201800043351,0.0,33,0,0.0,1.0,3.0,21.0,A01
201800043352,1.0,7,0,0.0,2.0,2.0,9.0,B01
201800043352,1.0,33,0,0.0,2.0,1.0,1.0,A01
201800043353,1.0,7,0,0.0,1.0,2.0,17.0,A01
201800043354,1.0,7,0,,1.0,1.0,1.0,A01
201800043355,0.0,7,0,0.0,1.0,3.0,1.0,A01
201800043356,2.0,7,0,0.0,1.0,3.0,1.0,A01
201800043357,1.0,7,0,0.0,2.0,1.0,1.0,A01
201800043357,0.0,7,0,0.0,2.0,2.0,19.0,B01
201800043358,0.0,34,0,14.0,0.0,7.0,1.0,A01
201800043359,2.0,7,0,0.0,2.0,6.0,1.0,B01
201800043359,0.0,7,0,6.0,2.0,1.0,19.0,A01
201800043360,1.0,7,0,14.0,0.0,9.0,21.0,A01
201800043361,0.0,7,0,0.0,1.0,3.0,1.0,A01
201800043362,2.0,7,0,0.0,2.0,1.0,1.0,B01
201800043362,1.0,7,0,0.0,2.0,1.0,13.0,A01
201800043363,2.0,37,2,0.0,1.0,3.0,1.0,A01
201800043364,2.0,99,0,0.0,2.0,1.0,13.0,Z02
201800043364,1.0,7,0,0.0,2.0,8.0,10.0,A01
201800043365,1.0,15,0,0.0,2.0,6.0,2.0,B01
201800043365,1.0,7,0,0.0,2.0,1.0,1.0,A01
201800043366,1.0,7,0,0.0,1.0,1.0,1.0,A01
201800043367,0.0,30,0,0.0,2.0,1.0,1.0,A01
201800043367,0.0,7,0,0.0,2.0,2.0,1.0,B01
201800043368,0.0,33,0,13.0,0.0,1.0,1.0,A01
201800043369,2.0,33,0,0.0,2.0,7.0,14.0,A01
201800043370,1.0,7,0,0.0,2.0,1.0,1.0,A01
201800043370,0.0,7,0,0.0,2.0,8.0,15.0,B01
201800043371,0.0,7,0,0.0,1.0,2.0,21.0,A01
201800043372,0.0,33,0,0.0,2.0,3.0,1.0,B01
201800043372,0.0,7,0,0.0,2.0,2.0,13.0,A01
201800043373,2.0,1,0,0.0,2.0,8.0,19.0,Y01
201800043373,0.0,7,0,0.0,2.0,2.0,17.0,A01
201800043374,2.0,7,0,0.0,2.0,7.0,12.0,B01
201800043374,2.0,30,0,0.0,2.0,8.0,3.0,A01
201800043375,0.0,7,0,0.0,2.0,2.0,14.0,A01
201800043375,0.0,14,0,0.0,2.0,3.0,1.0,B01
201800043376,0.0,15,0,0.0,2.0,1.0,13.0,A01
201800043376,0.0,2,0,0.0,2.0,1.0,1.0,B01
201800043377,1.0,7,0,4.0,2.0,4.0,2.0,B01
201800043377,1.0,33,0,4.0,2.0,1.0,1.0,A01
201800043378,0.0,7,0,0.0,2.0,1.0,15.0,A01
201800043378,0.0,7,0,0.0,2.0,3.0,1.0,B01
201800043379,1.0,33,0,0.0,2.0,1.0,1.0,B01
201800043379,1.0,7,0,0.0,2.0,6.0,9.0,A01
201800043380,0.0,1,0,0.0,2.0,8.0,1.0,A01
201800043381,1.0,33,0,14.0,0.0,9.0,1.0,A01
201800043382,0.0,7,0,2.0,1.0,2.0,1.0,A01
201800043383,2.0,7,0,0.0,2.0,3.0,15.0,B01
201800043383,1.0,33,0,0.0,2.0,1.0,19.0,A01
201800043384,0.0,37,1,0.0,1.0,7.0,7.0,A01
201800043385,0.0,7,0,0.0,1.0,2.0,1.0,A01
201800043386,1.0,33,0,0.0,2.0,1.0,1.0,B01
201800043386,1.0,7,0,0.0,2.0,3.0,1.0,A01
201800043387,2.0,7,0,0.0,2.0,4.0,2.0,C01
201800043387,2.0,7,0,0.0,2.0,7.0,12.0,A01
201800043387,2.0,33,0,0.0,2.0,8.0,3.0,B01
201800043388,0.0,1,0,0.0,2.0,8.0,9.0,B01
201800043388,0.0,7,0,0.0,6.0,1.0,1.0,A01
201800043389,1.0,1,0,0.0,2.0,1.0,1.0,C01
201800043389,1.0,1,0,0.0,2.0,1.0,1.0,B01
201800043389,2.0,7,0,0.0,6.0,1.0,21.0,A01
201800043390,1.0,7,0,0.0,1.0,3.0,1.0,A01
201800043391,0.0,7,0,0.0,2.0,4.0,2.0,B01
201800043391,0.0,7,0,0.0,2.0,1.0,1.0,A01
201800043392,0.0,30,0,0.0,2.0,1.0,9.0,A01
201800043392,0.0,7,0,0.0,2.0,7.0,2.0,B01
201800043393,0.0,7,0,0.0,1.0,1.0,1.0,A01
201800043394,2.0,7,0,0.0,2.0,3.0,1.0,B01
201800043394,1.0,7,0,0.0,2.0,3.0,13.0,A01
201800043395,0.0,33,0,0.0,2.0,7.0,1.0,B01
201800043395,0.0,7,0,0.0,2.0,3.0,15.0,A01
201800043396,1.0,15,0,1.0,0.0,6.0,23.0,A01
201800043396,1.0,2,0,0.0,2.0,1.0,2.0,B01
201800043397,1.0,7,0,0.0,1.0,2.0,13.0,Z01
201800043398,2.0,7,0,0.0,1.0,3.0,7.0,A01
201800043399,0.0,7,0,0.0,1.0,1.0,1.0,A01
201800043400,1.0,34,0,0.0,2.0,1.0,1.0,B01
201800043400,2.0,7,0,0.0,2.0,3.0,15.0,A01
201800043401,1.0,13,0,0.0,2.0,3.0,17.0,B01
201800043401,1.0,31,0,0.0,2.0,2.0,23.0,A01
201800043402,0.0,7,0,0.0,2.0,6.0,1.0,B01
201800043402,0.0,7,0,0.0,2.0,1.0,21.0,A01
201800043403,1.0,33,0,0.0,1.0,8.0,1.0,A01
201800043404,0.0,1,0,1.0,2.0,1.0,1.0,B01
201800043404,0.0,7,0,12.0,2.0,5.0,4.0,A01
201800043405,0.0,7,0,0.0,2.0,3.0,1.0,A01
201800043405,0.0,7,0,0.0,2.0,3.0,1.0,B01
201800043406,2.0,10,0,0.0,2.0,1.0,1.0,B01
201800043406,2.0,7,0,0.0,1.0,4.0,23.0,A01
201800043407,2.0,7,0,0.0,2.0,1.0,1.0,A01
201800043407,2.0,7,0,0.0,2.0,4.0,23.0,B01
201800043408,1.0,1,0,12.0,2.0,1.0,1.0,B01
201800043408,1.0,7,0,0.0,2.0,7.0,9.0,A01
201800043409,2.0,7,0,1.0,1.0,2.0,17.0,A01
201800043410,1.0,7,0,0.0,2.0,3.0,9.0,A01
201800043410,1.0,99,0,0.0,2.0,0.0,0.0,R01
201800043411,0.0,31,0,0.0,2.0,4.0,1.0,A01
201800043411,0.0,7,0,0.0,2.0,0.0,1.0,Z01
201800043412,1.0,7,0,1.0,0.0,2.0,14.0,A01
201800043413,0.0,30,0,0.0,2.0,4.0,2.0,B01
201800043413,0.0,2,0,0.0,2.0,1.0,1.0,A01
201800043414,0.0,7,0,0.0,2.0,1.0,21.0,A01
201800043414,0.0,7,0,0.0,2.0,8.0,16.0,B01
201800043415,2.0,7,0,0.0,2.0,1.0,1.0,A01
201800043415,2.0,7,0,0.0,2.0,4.0,2.0,B01
201800043416,1.0,7,0,0.0,2.0,1.0,1.0,A01
201800043416,1.0,7,0,0.0,2.0,4.0,2.0,B01
201800043417,1.0,7,0,0.0,1.0,2.0,16.0,A01
201800043418,1.0,7,0,0.0,2.0,3.0,15.0,A01
201800043418,1.0,33,0,0.0,2.0,2.0,17.0,B01
201800043419,1.0,31,0,8.0,0.0,7.0,1.0,A01
201800043420,0.0,7,0,0.0,1.0,2.0,1.0,A01
201800043421,0.0,33,0,16.0,0.0,8.0,16.0,A01
201800043422,1.0,7,0,0.0,0.0,4.0,2.0,C01
201800043422,1.0,7,0,0.0,2.0,1.0,1.0,A01
201800043422,1.0,7,0,0.0,2.0,4.0,2.0,B01
201800043423,0.0,7,0,0.0,1.0,4.0,20.0,A01
201800043424,1.0,7,0,0.0,1.0,1.0,1.0,A01
201800043425,1.0,10,0,0.0,1.0,1.0,1.0,A01
201800043426,2.0,7,0,0.0,2.0,8.0,9.0,A01
201800043426,2.0,34,0,0.0,2.0,2.0,1.0,B01
201800043427,1.0,7,0,0.0,1.0,1.0,1.0,A01
201800043428,1.0,33,0,0.0,2.0,1.0,1.0,B01
201800043428,1.0,7,0,0.0,2.0,5.0,10.0,A01
201800043429,0.0,7,0,0.0,1.0,1.0,1.0,Z01
201800043430,2.0,7,0,0.0,2.0,3.0,15.0,A01
201800043430,2.0,33,0,0.0,2.0,2.0,17.0,B01
201800043431,0.0,30,0,0.0,1.0,3.0,21.0,A01
201800043432,1.0,33,0,0.0,2.0,7.0,18.0,B01
201800043432,1.0,10,0,0.0,2.0,3.0,1.0,A01
201800043433,1.0,7,0,8.0,1.0,2.0,14.0,A01
201800043434,2.0,33,0,0.0,2.0,2.0,1.0,B01
201800043434,2.0,7,0,0.0,2.0,3.0,11.0,A01
201800043435,0.0,7,0,0.0,1.0,1.0,15.0,A01
201800043436,0.0,7,0,0.0,1.0,4.0,4.0,A01
201800043437,2.0,10,0,0.0,2.0,2.0,14.0,A01
201800043437,2.0,1,0,0.0,2.0,4.0,1.0,B01
201800043438,2.0,7,0,0.0,1.0,7.0,13.0,A01
201800043439,2.0,3,0,0.0,0.0,6.0,15.0,A01
201800043439,2.0,33,0,0.0,2.0,1.0,2.0,B01
201800043440,0.0,13,0,0.0,1.0,7.0,4.0,A01
201800043441,2.0,7,0,1.0,0.0,1.0,13.0,A01
201800043442,1.0,33,0,0.0,2.0,6.0,17.0,B01
201800043442,1.0,10,0,0.0,2.0,8.0,15.0,A01
201800043443,1.0,2,0,0.0,2.0,8.0,1.0,B01
201800043443,1.0,3,0,0.0,2.0,3.0,15.0,A01
201800043444,2.0,10,0,0.0,2.0,3.0,1.0,B01
201800043444,1.0,1,0,0.0,2.0,2.0,15.0,A01
201800043445,0.0,33,0,0.0,2.0,3.0,1.0,B01
201800043445,0.0,7,0,0.0,2.0,1.0,15.0,A01
201800043446,0.0,32,0,11.0,0.0,1.0,13.0,A01
201800043447,2.0,30,0,0.0,2.0,1.0,1.0,B01
201800043447,2.0,7,0,0.0,2.0,4.0,2.0,A01
201800043448,,7,0,1.0,1.0,6.0,20.0,A01
201800043449,1.0,33,0,0.0,2.0,7.0,21.0,A01
201800043449,1.0,7,0,0.0,2.0,6.0,13.0,B01
201800043450,0.0,7,0,0.0,2.0,2.0,1.0,A01
201800043450,0.0,7,0,0.0,2.0,9.0,1.0,C01
201800043450,0.0,7,0,0.0,2.0,4.0,2.0,D01
201800043450,0.0,7,0,0.0,2.0,4.0,2.0,B01
201800043451,0.0,7,0,,1.0,1.0,1.0,A01
201800043452,0.0,7,0,0.0,2.0,2.0,16.0,A01
201800043452,0.0,31,0,11.0,2.0,7.0,1.0,B01
201800043453,2.0,10,0,0.0,2.0,8.0,1.0,B01
201800043453,1.0,7,0,8.0,2.0,3.0,6.0,A01
201800043454,1.0,2,0,0.0,2.0,1.0,3.0,A01
201800043454,1.0,7,0,0.0,2.0,5.0,23.0,B01
201800043455,0.0,7,0,0.0,1.0,3.0,1.0,A01
201800043456,0.0,34,0,16.0,0.0,8.0,1.0,A01
201800043457,0.0,7,0,0.0,2.0,3.0,22.0,A01
201800043457,0.0,1,0,0.0,2.0,1.0,1.0,B01
201800043458,1.0,99,0,0.0,2.0,7.0,16.0,B01
201800043458,1.0,10,0,0.0,2.0,7.0,9.0,A01
201800043459,2.0,33,0,0.0,2.0,8.0,3.0,A01
201800043459,2.0,7,0,0.0,2.0,2.0,1.0,B01
201800043460,1.0,34,0,0.0,2.0,2.0,13.0,B01
201800043460,0.0,10,0,0.0,2.0,2.0,15.0,A01
201800043461,0.0,10,0,0.0,1.0,2.0,1.0,A01
201800043462,2.0,7,0,0.0,1.0,3.0,1.0,A01
201800043463,0.0,7,0,0.0,2.0,1.0,1.0,A01
201800043463,0.0,33,0,0.0,2.0,4.0,23.0,B01
201800043464,2.0,7,0,0.0,1.0,7.0,15.0,A01
201800043465,2.0,7,0,0.0,2.0,3.0,15.0,B01
201800043465,0.0,30,0,0.0,2.0,1.0,1.0,A01
201800043466,2.0,33,0,0.0,1.0,1.0,1.0,A01
201800043467,1.0,7,0,0.0,2.0,2.0,1.0,A01
201800043467,1.0,10,0,0.0,2.0,1.0,1.0,B01
201800043468,0.0,7,0,0.0,2.0,3.0,1.0,B01
201800043468,0.0,7,0,0.0,2.0,1.0,15.0,A01
201800043469,2.0,7,0,0.0,1.0,1.0,15.0,A01
201800043470,0.0,7,0,14.0,0.0,1.0,13.0,A01
201800043471,0.0,7,0,15.0,2.0,9.0,16.0,A01
201800043472,1.0,7,0,0.0,1.0,2.0,1.0,A01
201800043473,2.0,7,0,0.0,1.0,1.0,1.0,A01
201800043474,1.0,99,0,0.0,2.0,8.0,13.0,A01
201800043474,1.0,7,0,0.0,2.0,2.0,17.0,B01
201800043475,2.0,7,0,0.0,2.0,3.0,1.0,A01
201800043475,0.0,1,0,0.0,2.0,7.0,19.0,B01
201800043476,1.0,20,0,0.0,1.0,2.0,21.0,A01
201800043477,1.0,1,0,0.0,1.0,1.0,17.0,A01
201800043478,0.0,7,0,0.0,2.0,7.0,22.0,A01
201800043478,0.0,1,0,0.0,2.0,1.0,18.0,B01
201800043479,2.0,1,0,8.0,2.0,1.0,1.0,A01
201800043479,2.0,7,0,0.0,2.0,5.0,16.0,B01
201800043480,1.0,7,0,0.0,2.0,4.0,23.0,A01
201800043480,1.0,7,0,0.0,2.0,1.0,1.0,B01
201800043481,0.0,7,0,0.0,1.0,2.0,1.0,A01
201800043482,1.0,7,0,0.0,2.0,8.0,2.0,B01
201800043482,1.0,32,0,0.0,2.0,7.0,9.0,A01
201800043483,2.0,7,0,0.0,2.0,3.0,13.0,B01
201800043483,1.0,7,0,1.0,2.0,3.0,1.0,A01
201800043484,1.0,7,0,9.0,0.0,2.0,14.0,A01
201800043485,1.0,7,0,0.0,2.0,4.0,20.0,A01
201800043485,1.0,2,0,0.0,2.0,1.0,1.0,B01
201800043486,1.0,7,0,0.0,2.0,7.0,1.0,A01
201800043486,0.0,7,0,0.0,2.0,1.0,1.0,B01
201800043487,0.0,7,0,0.0,1.0,1.0,1.0,A01
201800043488,1.0,7,0,6.0,0.0,1.0,1.0,A01
201800043489,1.0,7,0,0.0,2.0,3.0,9.0,A01
201800043489,2.0,7,0,0.0,2.0,1.0,1.0,B01
201800043490,0.0,7,0,0.0,1.0,2.0,1.0,A01
201800043491,2.0,33,0,0.0,1.0,2.0,1.0,A01
201800043492,1.0,7,0,0.0,1.0,3.0,9.0,A01
201800043493,1.0,7,0,0.0,1.0,1.0,1.0,A01
201800043494,0.0,99,0,0.0,1.0,0.0,0.0,Z01
201800043495,0.0,7,0,0.0,1.0,8.0,1.0,A01
201800043496,1.0,20,0,0.0,2.0,1.0,1.0,B01
201800043496,2.0,7,0,0.0,2.0,1.0,13.0,A01
201800043497,1.0,1,0,0.0,2.0,4.0,2.0,B01
201800043497,1.0,32,0,0.0,2.0,1.0,1.0,A01
201800043498,1.0,1,0,0.0,2.0,8.0,9.0,A01
201800043499,2.0,1,0,0.0,2.0,7.0,1.0,B01
201800043499,0.0,7,0,0.0,2.0,2.0,9.0,A01
201800043500,2.0,32,0,0.0,2.0,1.0,1.0,A01
201800043500,0.0,7,0,0.0,2.0,3.0,15.0,B01
201800043501,0.0,7,0,1.0,1.0,2.0,1.0,A01
201800043502,0.0,7,0,0.0,1.0,1.0,1.0,A01
201800043503,0.0,7,0,0.0,2.0,1.0,13.0,A01
201800043503,0.0,10,0,0.0,2.0,3.0,1.0,B01
201800043504,2.0,7,0,0.0,2.0,3.0,15.0,B01
201800043504,1.0,7,0,0.0,2.0,1.0,1.0,A01
201800043505,1.0,32,0,0.0,1.0,1.0,1.0,A01
201800043506,2.0,7,0,0.0,2.0,5.0,1.0,B01
201800043506,2.0,7,0,0.0,2.0,1.0,9.0,A01
201800043507,0.0,7,0,0.0,1.0,1.0,1.0,A01
201800043507,,7,0,0.0,2.0,1.0,1.0,B01
201800043508,0.0,7,0,0.0,1.0,1.0,9.0,A01
201800043509,2.0,7,0,12.0,0.0,1.0,13.0,A01
201800043510,0.0,7,0,0.0,2.0,1.0,1.0,A01
201800043510,0.0,1,0,0.0,2.0,2.0,19.0,B01
201800043511,1.0,7,0,0.0,1.0,1.0,1.0,A01
201800043512,1.0,7,0,0.0,1.0,2.0,1.0,A01
201800043513,0.0,7,0,0.0,1.0,1.0,1.0,A01
201800043514,1.0,7,0,0.0,6.0,2.0,1.0,A01
201800043514,1.0,7,0,0.0,2.0,4.0,2.0,B01
201800043515,0.0,30,0,0.0,2.0,1.0,1.0,A01
201800043515,0.0,7,0,0.0,2.0,6.0,15.0,B01
201800043516,0.0,7,0,0.0,2.0,7.0,15.0,B01
201800043516,0.0,7,0,0.0,2.0,1.0,1.0,A01
201800043517,1.0,7,0,0.0,9.0,6.0,2.0,A01
201800043517,1.0,10,0,0.0,2.0,3.0,1.0,B01
201800043518,0.0,7,0,0.0,1.0,1.0,1.0,Z01
201800043519,0.0,7,0,0.0,1.0,1.0,21.0,A01
201800043520,1.0,7,0,2.0,0.0,7.0,14.0,A01
201800043521,1.0,7,0,0.0,1.0,3.0,1.0,A01
201800043522,1.0,7,0,12.0,9.0,1.0,21.0,A01
201800043523,2.0,7,0,0.0,1.0,1.0,1.0,A01
201800043524,0.0,7,0,0.0,1.0,1.0,1.0,A01
201800043525,0.0,7,0,0.0,2.0,4.0,2.0,B01
201800043525,0.0,7,0,0.0,2.0,1.0,1.0,A01
201800043526,0.0,31,0,0.0,2.0,2.0,21.0,A01
201800043526,0.0,7,0,0.0,2.0,3.0,15.0,B01
201800043527,0.0,7,0,0.0,2.0,2.0,9.0,Z01
201800043527,0.0,7,0,3.0,2.0,3.0,19.0,A01
201800043528,1.0,7,0,0.0,2.0,1.0,1.0,B01
201800043528,2.0,7,0,0.0,2.0,7.0,15.0,A01
201800043529,1.0,7,0,0.0,2.0,4.0,1.0,B01
201800043529,1.0,7,0,0.0,2.0,2.0,17.0,A01
201800043529,1.0,7,0,0.0,2.0,1.0,2.0,C01
201800043530,0.0,7,0,0.0,2.0,3.0,15.0,B01
201800043530,0.0,7,0,0.0,2.0,2.0,15.0,A01
201800043531,2.0,7,0,0.0,2.0,4.0,2.0,A01
201800043532,0.0,7,0,0.0,1.0,2.0,1.0,A01
201800043533,0.0,7,0,0.0,1.0,1.0,16.0,A01
201800043534,0.0,7,0,0.0,1.0,7.0,1.0,A01
201800043535,0.0,34,0,1.0,0.0,1.0,14.0,B01
201800043535,0.0,37,2,0.0,2.0,4.0,23.0,A01
201800043536,1.0,32,0,0.0,1.0,1.0,17.0,A01
201800043537,2.0,13,0,0.0,2.0,6.0,9.0,A01
201800043537,2.0,7,0,0.0,2.0,7.0,1.0,B01
201800043538,2.0,7,0,0.0,2.0,1.0,1.0,A01
201800043538,2.0,7,0,1.0,2.0,8.0,16.0,B01
201800043539,1.0,7,0,0.0,2.0,1.0,1.0,A01
201800043539,1.0,7,0,0.0,0.0,4.0,11.0,B01
201800043540,0.0,7,0,0.0,1.0,2.0,1.0,A01
201800043541,0.0,31,0,0.0,1.0,1.0,1.0,A01
201800043542,1.0,7,0,0.0,2.0,1.0,1.0,A01
201800043542,1.0,7,0,0.0,2.0,4.0,2.0,B01
201800043543,1.0,33,0,0.0,2.0,1.0,17.0,A01
201800043543,2.0,7,0,0.0,2.0,2.0,11.0,B01
201800043544,,10,0,14.0,0.0,3.0,1.0,A01
201800043545,1.0,1,0,14.0,2.0,5.0,19.0,B01
201800043545,1.0,3,0,0.0,2.0,2.0,1.0,A01
201800043546,1.0,7,0,3.0,0.0,2.0,14.0,A01
201800043547,0.0,7,0,1.0,1.0,2.0,13.0,A01
201800043548,0.0,7,0,0.0,2.0,1.0,1.0,B01
201800043548,0.0,7,0,0.0,2.0,5.0,15.0,A01
201800043549,0.0,7,0,0.0,2.0,2.0,20.0,A01
201800043549,0.0,30,0,0.0,2.0,1.0,1.0,B01
201800043550,0.0,2,0,0.0,2.0,2.0,1.0,B01
201800043550,0.0,10,0,0.0,2.0,3.0,20.0,A01
201800043551,0.0,10,0,12.0,1.0,1.0,1.0,A01
201800043552,1.0,7,0,0.0,1.0,2.0,1.0,A01
201800043553,2.0,30,0,0.0,1.0,1.0,1.0,A01
201800043554,0.0,7,0,0.0,1.0,1.0,1.0,Z01
201800043555,1.0,7,0,1.0,0.0,2.0,14.0,A01
201800043556,2.0,7,0,0.0,2.0,1.0,15.0,A01
201800043556,1.0,33,0,0.0,2.0,8.0,1.0,B01
201800043557,0.0,7,0,0.0,1.0,3.0,1.0,A01
201800043558,0.0,10,0,0.0,1.0,5.0,20.0,A01
201800043559,0.0,7,0,0.0,1.0,3.0,1.0,A01
201800043560,0.0,7,0,14.0,0.0,1.0,1.0,A01
201800043561,2.0,7,0,0.0,1.0,8.0,13.0,A01
201800043562,0.0,10,0,0.0,1.0,6.0,20.0,A01
201800043563,0.0,7,0,0.0,2.0,1.0,1.0,A01
201800043563,0.0,7,0,0.0,5.0,9.0,1.0,B01
201800043564,2.0,7,0,0.0,2.0,1.0,1.0,B01
201800043564,2.0,14,0,0.0,2.0,6.0,15.0,A01
201800043565,0.0,7,0,0.0,1.0,2.0,1.0,A01
201800043566,0.0,7,0,0.0,2.0,4.0,2.0,C01
201800043566,0.0,7,0,0.0,2.0,1.0,1.0,A01
201800043566,0.0,7,0,0.0,2.0,4.0,2.0,B01
201800043567,1.0,7,0,0.0,2.0,5.0,15.0,A01
201800043567,0.0,33,0,0.0,2.0,1.0,1.0,B01
201800043568,1.0,10,0,0.0,2.0,1.0,1.0,B01
201800043568,1.0,7,0,0.0,1.0,1.0,1.0,A01
201800043569,2.0,34,0,0.0,1.0,3.0,1.0,A01
201800043570,1.0,30,0,0.0,2.0,1.0,19.0,A01
201800043570,1.0,7,0,0.0,2.0,2.0,1.0,B01
201800043571,1.0,7,0,0.0,2.0,6.0,2.0,B01
201800043571,1.0,7,0,0.0,2.0,1.0,1.0,A01
201800043572,1.0,7,0,0.0,2.0,4.0,23.0,B01
201800043572,1.0,7,0,0.0,2.0,1.0,1.0,A01
201800043573,0.0,10,0,0.0,1.0,1.0,1.0,A01
201800043574,0.0,30,0,0.0,2.0,1.0,1.0,A01
201800043574,0.0,10,0,0.0,2.0,6.0,15.0,B01
201800043575,0.0,30,0,0.0,1.0,3.0,1.0,A01
201800043576,2.0,7,0,0.0,1.0,1.0,15.0,A01
201800043577,1.0,7,0,0.0,2.0,2.0,19.0,A01
201800043577,1.0,7,0,0.0,2.0,2.0,24.0,C01
201800043577,1.0,33,0,0.0,2.0,1.0,1.0,B01
201800043578,0.0,7,0,0.0,2.0,5.0,21.0,B01
201800043578,0.0,7,0,0.0,2.0,2.0,6.0,A01
201800043579,1.0,7,0,0.0,2.0,1.0,1.0,A01
201800043579,1.0,10,0,0.0,2.0,3.0,16.0,B01
201800043580,1.0,7,0,0.0,1.0,1.0,1.0,A01
201800043581,1.0,7,0,1.0,1.0,1.0,1.0,A01
201800043582,1.0,7,0,0.0,2.0,3.0,13.0,A01
201800043582,2.0,10,0,0.0,2.0,3.0,1.0,C01
201800043582,2.0,7,0,0.0,2.0,3.0,1.0,B01
201800043583,2.0,7,0,0.0,2.0,5.0,1.0,A01
201800043583,2.0,37,15,0.0,2.0,3.0,9.0,B01
201800043584,0.0,32,0,0.0,2.0,2.0,17.0,A01
201800043584,0.0,7,0,0.0,2.0,3.0,20.0,B01
201800043585,1.0,37,2,0.0,1.0,2.0,1.0,A01
201800043586,1.0,10,0,0.0,2.0,4.0,23.0,C01
201800043586,1.0,10,0,0.0,2.0,7.0,12.0,B01
201800043586,1.0,10,0,0.0,2.0,1.0,1.0,A01
201800043587,1.0,7,0,0.0,1.0,1.0,1.0,A01
201800043588,0.0,32,0,0.0,2.0,2.0,1.0,A01
201800043588,0.0,10,0,0.0,2.0,3.0,21.0,Z01
201800043589,1.0,7,0,0.0,2.0,1.0,1.0,B01
201800043589,1.0,7,0,0.0,2.0,3.0,9.0,A01
201800043590,0.0,10,0,0.0,2.0,8.0,15.0,A01