Num_Acc,senc,catv,occutc,obs,obsm,choc,manv,num_veh
201800043590,0.0,34,0,0.0,1.0,7.0,17.0,Z01
201800043591,0.0,7,0,0.0,1.0,1.0,21.0,Z01
201800043592,,7,0,1.0,1.0,3.0,1.0,A01
201800043593,1.0,7,0,0.0,2.0,4.0,23.0,B01
201800043593,1.0,7,0,0.0,2.0,1.0,1.0,A01
201800043594,0.0,10,0,0.0,1.0,1.0,1.0,Z01
201800043595,1.0,10,0,0.0,2.0,8.0,1.0,B01
201800043595,0.0,10,0,0.0,2.0,3.0,1.0,A01
201800043596,1.0,7,0,0.0,2.0,3.0,13.0,A01
201800043596,2.0,37,3,0.0,2.0,3.0,1.0,B01
201800043597,0.0,32,0,0.0,2.0,1.0,18.0,A01
201800043597,0.0,7,0,0.0,2.0,5.0,1.0,B01
201800043598,0.0,7,0,0.0,1.0,1.0,16.0,A01
201800043599,1.0,7,0,0.0,2.0,4.0,2.0,B01
201800043599,1.0,7,0,0.0,2.0,1.0,1.0,A01
201800043599,1.0,7,0,0.0,2.0,4.0,2.0,C01
201800043599,1.0,7,0,0.0,2.0,4.0,2.0,D01
201800043600,1.0,10,0,0.0,2.0,7.0,1.0,B01
201800043600,1.0,10,0,0.0,2.0,1.0,1.0,A01
201800043601,0.0,7,0,1.0,0.0,4.0,2.0,E01
201800043601,1.0,7,0,0.0,2.0,1.0,13.0,A01
201800043601,0.0,7,0,0.0,2.0,3.0,1.0,B01
201800043601,0.0,7,0,1.0,0.0,1.0,2.0,D01
201800043601,0.0,7,0,0.0,2.0,1.0,1.0,C01
201800043602,2.0,20,0,0.0,2.0,1.0,9.0,B01
201800043602,1.0,20,0,0.0,2.0,1.0,1.0,A01
201800043603,0.0,10,0,0.0,2.0,8.0,13.0,C01
201800043603,0.0,10,0,0.0,2.0,8.0,20.0,B01
201800043603,0.0,10,0,0.0,2.0,1.0,1.0,A01
201800043604,0.0,7,0,0.0,2.0,3.0,1.0,B01
201800043604,0.0,7,0,0.0,2.0,3.0,10.0,A01
201800043605,0.0,7,0,0.0,1.0,3.0,1.0,A01
201800043606,0.0,7,0,0.0,1.0,2.0,1.0,Z01
201800043607,2.0,7,0,0.0,2.0,8.0,1.0,B01
201800043607,2.0,7,0,0.0,2.0,5.0,2.0,C01
201800043607,2.0,7,0,0.0,2.0,2.0,12.0,A01
201800043608,1.0,7,0,0.0,2.0,4.0,2.0,C01
201800043608,1.0,7,0,0.0,2.0,1.0,1.0,A01
201800043608,1.0,7,0,0.0,2.0,4.0,2.0,B01
201800043609,0.0,10,0,0.0,1.0,1.0,1.0,A01
201800043610,1.0,7,0,16.0,0.0,7.0,14.0,A01
201800043611,1.0,7,0,7.0,1.0,3.0,17.0,Z01
201800043612,1.0,7,0,0.0,1.0,1.0,1.0,A01
201800043613,0.0,7,0,0.0,2.0,1.0,20.0,B01
201800043613,0.0,7,0,0.0,2.0,2.0,1.0,A01
201800043614,0.0,7,0,0.0,1.0,3.0,1.0,A01
201800043615,0.0,7,0,0.0,1.0,1.0,15.0,A01
201800043616,0.0,7,0,0.0,2.0,2.0,20.0,A01
201800043616,0.0,2,0,0.0,2.0,1.0,3.0,B01
201800043617,0.0,7,0,0.0,1.0,1.0,20.0,A01
201800043618,2.0,7,0,0.0,2.0,1.0,1.0,B01
201800043618,1.0,7,0,0.0,2.0,2.0,15.0,A01
201800043619,1.0,7,0,0.0,2.0,3.0,15.0,A01
201800043619,2.0,33,0,0.0,2.0,1.0,1.0,B01
201800043620,2.0,31,0,0.0,2.0,2.0,14.0,A01
201800043620,1.0,7,0,0.0,1.0,3.0,1.0,B01
201800043621,1.0,7,0,0.0,2.0,3.0,15.0,A01
201800043621,1.0,2,0,0.0,2.0,1.0,17.0,B01
201800043622,1.0,34,0,0.0,1.0,3.0,1.0,A01
201800043623,1.0,32,0,0.0,1.0,0.0,1.0,A01
201800043624,1.0,31,0,0.0,2.0,8.0,1.0,B01
201800043624,1.0,7,0,0.0,2.0,2.0,9.0,A01
201800043625,1.0,7,0,0.0,0.0,0.0,9.0,A01
201800043625,1.0,30,0,0.0,0.0,0.0,2.0,B01
201800043626,1.0,7,0,0.0,2.0,3.0,15.0,A01
201800043626,1.0,32,0,0.0,2.0,1.0,3.0,B01
201800043627,1.0,7,0,0.0,2.0,6.0,24.0,A01
201800043627,1.0,3,0,1.0,0.0,2.0,14.0,B01
201800043628,2.0,7,0,0.0,2.0,3.0,15.0,A01
201800043628,2.0,33,0,0.0,2.0,7.0,1.0,B01
201800043629,1.0,2,0,0.0,0.0,7.0,16.0,A01
201800043630,1.0,2,0,0.0,2.0,1.0,3.0,A01
201800043630,2.0,7,0,0.0,2.0,3.0,15.0,B01
201800043631,2.0,2,0,0.0,2.0,1.0,1.0,B01
201800043631,2.0,7,0,0.0,2.0,3.0,15.0,A01
201800043632,2.0,7,0,0.0,2.0,0.0,0.0,A01
201800043632,2.0,7,0,0.0,2.0,2.0,15.0,B01
201800043633,1.0,7,0,0.0,1.0,0.0,0.0,Z01
201800043634,2.0,33,0,0.0,5.0,7.0,21.0,A01
201800043635,1.0,7,0,0.0,1.0,4.0,4.0,A01
201800043636,2.0,7,0,0.0,2.0,3.0,11.0,A01
201800043636,2.0,34,0,0.0,2.0,9.0,21.0,B01
201800043636,1.0,7,0,0.0,2.0,4.0,21.0,C01
201800043637,1.0,7,0,0.0,2.0,2.0,9.0,A01
201800043637,1.0,2,0,0.0,2.0,1.0,1.0,B01
201800043638,2.0,7,0,0.0,2.0,1.0,1.0,A01
201800043638,2.0,7,0,0.0,2.0,4.0,0.0,B01
201800043639,1.0,7,0,0.0,2.0,2.0,1.0,A01
201800043639,1.0,7,0,0.0,2.0,6.0,23.0,B01
201800043640,1.0,7,0,0.0,2.0,1.0,15.0,A01
201800043640,1.0,2,0,0.0,2.0,1.0,1.0,B01
201800043641,2.0,7,0,0.0,2.0,1.0,15.0,A01
201800043641,1.0,34,0,0.0,2.0,1.0,1.0,B01
201800043642,1.0,33,0,0.0,9.0,1.0,2.0,A01
201800043643,1.0,33,0,15.0,0.0,7.0,13.0,A01
201800043644,1.0,10,0,0.0,2.0,1.0,1.0,B01
201800043644,1.0,7,0,0.0,2.0,2.0,1.0,A01
201800043645,1.0,7,0,0.0,2.0,2.0,19.0,A01
201800043645,1.0,32,0,0.0,2.0,3.0,1.0,B01
201800043646,1.0,7,0,0.0,2.0,1.0,2.0,A01
201800043646,1.0,7,0,0.0,2.0,4.0,2.0,B01
201800043646,1.0,7,0,0.0,2.0,4.0,2.0,C01
201800043646,1.0,7,0,0.0,2.0,4.0,2.0,D01
201800043646,1.0,10,0,0.0,2.0,4.0,2.0,E01
201800043647,1.0,7,0,0.0,2.0,3.0,15.0,A01
201800043647,1.0,32,0,0.0,2.0,2.0,17.0,B01
201800043648,1.0,7,0,0.0,1.0,3.0,0.0,A01
201800043649,1.0,7,0,0.0,2.0,1.0,21.0,A01
201800043649,1.0,7,0,0.0,9.0,4.0,23.0,B01
201800043650,2.0,34,0,0.0,1.0,8.0,0.0,A01
201800043651,2.0,7,0,0.0,2.0,1.0,9.0,A01
201800043651,1.0,33,0,0.0,2.0,7.0,3.0,B01
201800043652,1.0,30,0,0.0,2.0,1.0,17.0,A01
201800043652,2.0,7,0,0.0,2.0,3.0,1.0,B01
201800043653,2.0,7,0,0.0,2.0,5.0,2.0,A01
201800043653,2.0,32,0,0.0,2.0,1.0,2.0,B01
201800043654,1.0,2,0,0.0,2.0,1.0,3.0,B01
201800043654,0.0,7,0,0.0,2.0,3.0,15.0,A01
201800043655,1.0,7,0,0.0,2.0,2.0,9.0,A01
201800043655,1.0,2,0,0.0,2.0,8.0,1.0,B01
201800043656,1.0,7,0,0.0,2.0,4.0,11.0,A01
201800043656,1.0,33,0,0.0,2.0,1.0,1.0,B01
201800043657,2.0,7,0,0.0,2.0,3.0,13.0,A01
201800043657,1.0,33,0,0.0,2.0,1.0,1.0,B01
201800043658,1.0,30,0,0.0,1.0,1.0,3.0,A01
201800043659,2.0,7,0,0.0,2.0,1.0,0.0,A01
201800043659,2.0,7,0,0.0,2.0,4.0,15.0,B01
201800043659,1.0,7,0,0.0,2.0,8.0,0.0,C01
201800043660,2.0,7,0,0.0,2.0,1.0,1.0,A01
201800043660,2.0,7,0,0.0,2.0,4.0,1.0,B01
201800043660,2.0,7,0,0.0,2.0,4.0,1.0,C01
201800043661,2.0,7,0,0.0,2.0,2.0,1.0,A01
201800043661,2.0,2,0,1.0,2.0,4.0,0.0,B01
201800043662,2.0,7,0,0.0,2.0,1.0,1.0,A01
201800043662,2.0,7,0,0.0,2.0,4.0,1.0,B01
201800043663,1.0,30,0,0.0,0.0,0.0,1.0,A01
201800043664,2.0,30,0,0.0,2.0,1.0,13.0,A01
201800043664,1.0,7,0,0.0,2.0,3.0,1.0,B01
201800043665,0.0,7,0,0.0,1.0,4.0,20.0,A01
201800043666,1.0,7,0,0.0,2.0,1.0,2.0,A01
201800043666,1.0,7,0,0.0,2.0,4.0,1.0,B01
201800043667,2.0,32,0,0.0,2.0,3.0,3.0,A01
201800043667,1.0,7,0,0.0,2.0,3.0,9.0,B01
201800043667,2.0,7,0,0.0,2.0,3.0,2.0,C01
201800043668,2.0,7,0,0.0,2.0,3.0,1.0,A01
201800043668,0.0,7,0,0.0,2.0,4.0,0.0,B01
201800043669,0.0,30,0,0.0,1.0,3.0,1.0,A01
201800043670,2.0,7,0,1.0,2.0,1.0,17.0,A01
201800043670,2.0,7,0,0.0,2.0,4.0,15.0,B01
201800043671,2.0,7,0,0.0,2.0,1.0,1.0,A01
201800043671,2.0,7,0,0.0,2.0,4.0,1.0,B01
201800043671,2.0,7,0,0.0,2.0,4.0,1.0,C01
201800043672,2.0,7,0,0.0,2.0,1.0,0.0,A01
201800043672,1.0,7,0,0.0,2.0,3.0,13.0,B01
201800043673,2.0,34,0,0.0,2.0,8.0,0.0,B01
201800043673,2.0,7,0,0.0,2.0,1.0,0.0,A01
201800043674,1.0,7,0,12.0,0.0,0.0,14.0,A01
201800043675,2.0,7,0,0.0,2.0,3.0,15.0,A01
201800043675,2.0,33,0,7.0,2.0,2.0,1.0,B01
201800043676,2.0,7,0,0.0,2.0,1.0,1.0,A01
201800043676,2.0,7,0,0.0,2.0,4.0,1.0,B01
201800043677,1.0,30,0,0.0,1.0,2.0,3.0,A01
201800043677,1.0,7,0,0.0,2.0,6.0,0.0,B01
201800043678,2.0,7,0,0.0,1.0,1.0,1.0,A01
201800043679,1.0,7,0,0.0,2.0,7.0,12.0,A01
201800043679,1.0,7,0,8.0,2.0,8.0,1.0,B01
201800043680,1.0,10,0,0.0,2.0,7.0,10.0,A01
201800043680,1.0,33,0,0.0,2.0,2.0,1.0,B01
201800043681,2.0,7,0,0.0,2.0,3.0,19.0,A01
201800043681,2.0,30,0,0.0,2.0,5.0,3.0,B01
201800043682,1.0,10,0,0.0,2.0,6.0,1.0,B01
201800043682,2.0,15,0,0.0,2.0,6.0,15.0,A01
201800043683,1.0,34,0,0.0,2.0,1.0,1.0,A01
201800043683,2.0,7,0,0.0,2.0,1.0,0.0,B01
201800043684,1.0,1,0,1.0,0.0,1.0,1.0,A01
201800043684,1.0,10,0,0.0,2.0,6.0,0.0,B01
201800043685,1.0,7,0,0.0,2.0,1.0,2.0,A01
201800043685,1.0,7,0,0.0,2.0,5.0,2.0,B01
201800043685,1.0,10,0,0.0,2.0,4.0,2.0,C01
201800043686,1.0,7,0,0.0,2.0,3.0,13.0,A01
201800043686,1.0,33,0,0.0,2.0,7.0,1.0,B01
201800043687,2.0,33,0,1.0,0.0,1.0,14.0,A01
201800043688,1.0,7,0,8.0,0.0,1.0,13.0,A01
201800043689,2.0,32,0,0.0,2.0,2.0,17.0,A01
201800043689,2.0,33,0,0.0,2.0,8.0,15.0,B01
201800043690,2.0,3,0,0.0,2.0,2.0,1.0,A01
201800043690,2.0,7,0,0.0,2.0,6.0,1.0,B01
201800043691,1.0,7,0,0.0,1.0,3.0,15.0,A01
201800043692,2.0,7,0,0.0,1.0,7.0,1.0,A01
201800043693,2.0,33,0,0.0,2.0,1.0,1.0,A01
201800043693,2.0,7,0,0.0,2.0,6.0,1.0,B01
201800043694,1.0,34,0,0.0,1.0,1.0,2.0,A01
201800043695,2.0,7,0,0.0,1.0,1.0,1.0,A01
201800043696,1.0,33,0,0.0,0.0,0.0,0.0,A01
201800043697,1.0,1,0,0.0,2.0,1.0,0.0,A01
201800043697,0.0,7,0,0.0,2.0,3.0,15.0,B01
201800043698,1.0,7,0,0.0,6.0,5.0,14.0,A01
201800043698,1.0,14,0,0.0,2.0,3.0,0.0,B01
201800043699,1.0,30,0,0.0,1.0,0.0,21.0,A01
201800043700,2.0,32,0,6.0,0.0,3.0,1.0,B01
201800043700,1.0,7,0,0.0,0.0,0.0,0.0,Z01
201800043701,2.0,7,0,0.0,2.0,1.0,0.0,A01
201800043701,2.0,7,0,0.0,2.0,4.0,0.0,B01
201800043702,1.0,32,0,0.0,6.0,9.0,0.0,A01
201800043703,2.0,7,0,0.0,2.0,1.0,9.0,A01
201800043703,2.0,32,0,0.0,2.0,7.0,3.0,B01
201800043704,0.0,7,0,0.0,2.0,1.0,17.0,A01
201800043704,0.0,7,0,0.0,2.0,3.0,15.0,B01
201800043705,1.0,31,0,0.0,2.0,1.0,0.0,A01
201800043705,1.0,7,0,0.0,2.0,4.0,0.0,B01
201800043706,2.0,7,0,0.0,2.0,3.0,15.0,A01
201800043706,1.0,33,0,0.0,2.0,8.0,1.0,B01
201800043707,2.0,30,0,0.0,2.0,2.0,17.0,A01
201800043707,2.0,7,0,0.0,2.0,3.0,15.0,B01
201800043708,2.0,7,0,6.0,0.0,1.0,1.0,A01
201800043709,2.0,7,0,3.0,2.0,1.0,5.0,A01
201800043709,2.0,14,0,13.0,2.0,1.0,1.0,B01
201800043709,2.0,7,0,0.0,2.0,4.0,1.0,C01
201800043709,2.0,7,0,0.0,2.0,2.0,1.0,D01
201800043710,0.0,33,0,0.0,2.0,2.0,3.0,A01
201800043710,0.0,7,0,0.0,2.0,3.0,15.0,B01
201800043711,2.0,7,0,0.0,1.0,1.0,15.0,A01
201800043712,1.0,30,0,16.0,0.0,8.0,0.0,A01
201800043713,2.0,7,0,0.0,2.0,3.0,15.0,A01
201800043713,2.0,31,0,0.0,2.0,7.0,17.0,B01
201800043714,2.0,7,0,0.0,2.0,7.0,15.0,A01
201800043714,1.0,7,0,0.0,2.0,2.0,9.0,B01
201800043715,0.0,7,0,0.0,1.0,2.0,15.0,A01
201800043716,2.0,30,0,0.0,2.0,1.0,3.0,A01
201800043716,2.0,7,0,0.0,2.0,3.0,9.0,B01
201800043717,2.0,7,0,0.0,1.0,3.0,19.0,A01
201800043718,1.0,7,0,0.0,1.0,2.0,1.0,A01
201800043719,1.0,7,0,10.0,2.0,8.0,15.0,A01
201800043719,1.0,33,0,0.0,2.0,0.0,3.0,B01
201800043720,2.0,32,0,0.0,2.0,2.0,1.0,B01
201800043720,2.0,7,0,0.0,2.0,3.0,9.0,A01
201800043721,1.0,7,0,0.0,2.0,1.0,2.0,A01
201800043721,1.0,7,0,0.0,2.0,4.0,23.0,B01
201800043722,1.0,7,0,0.0,2.0,2.0,0.0,B01
201800043722,1.0,7,0,0.0,2.0,1.0,0.0,A01
201800043723,1.0,33,0,0.0,5.0,9.0,0.0,A01
201800043724,1.0,7,0,0.0,2.0,6.0,11.0,A01
201800043724,1.0,33,0,0.0,2.0,1.0,15.0,B01
201800043725,0.0,2,0,0.0,2.0,7.0,0.0,A01
201800043725,0.0,7,0,0.0,2.0,8.0,0.0,B01
201800043726,2.0,7,0,8.0,2.0,1.0,1.0,A01
201800043726,2.0,7,0,0.0,2.0,4.0,1.0,B01
201800043726,2.0,30,0,0.0,2.0,1.0,0.0,C01
201800043727,1.0,7,0,0.0,2.0,1.0,1.0,A01
201800043727,2.0,7,0,0.0,2.0,1.0,1.0,B01
201800043728,1.0,30,0,0.0,2.0,1.0,1.0,A01
201800043728,2.0,7,0,0.0,2.0,3.0,15.0,B01
201800043729,2.0,10,0,0.0,2.0,1.0,0.0,A01
201800043729,2.0,7,0,0.0,2.0,7.0,21.0,B01
201800043730,2.0,7,0,0.0,2.0,2.0,11.0,A01
201800043730,2.0,7,0,0.0,2.0,6.0,0.0,B01
201800043731,1.0,10,0,0.0,2.0,2.0,16.0,A01
201800043731,1.0,30,0,0.0,2.0,8.0,1.0,B01
201800043732,1.0,7,0,0.0,2.0,3.0,13.0,A01
201800043732,2.0,7,0,0.0,2.0,3.0,1.0,B01
201800043733,2.0,7,0,0.0,2.0,1.0,13.0,A01
201800043733,1.0,31,0,0.0,2.0,1.0,21.0,B01
201800043734,2.0,7,0,0.0,2.0,3.0,15.0,A01
201800043734,2.0,2,0,0.0,2.0,2.0,17.0,B01
201800043735,1.0,7,0,0.0,2.0,2.0,15.0,A01
201800043735,1.0,33,0,0.0,2.0,0.0,11.0,B01
201800043736,0.0,7,0,0.0,2.0,8.0,15.0,A01
201800043736,0.0,32,0,0.0,2.0,2.0,17.0,B01
201800043737,2.0,7,0,0.0,2.0,3.0,9.0,A01
201800043737,0.0,34,0,0.0,2.0,0.0,0.0,B01
201800043738,2.0,33,0,0.0,2.0,1.0,1.0,B01
201800043738,1.0,7,0,0.0,2.0,3.0,19.0,A01
201800043739,1.0,34,0,0.0,2.0,3.0,17.0,A01
201800043739,1.0,7,0,6.0,2.0,3.0,1.0,B01
201800043740,2.0,30,0,0.0,2.0,1.0,21.0,A01
201800043740,1.0,7,0,0.0,2.0,1.0,0.0,B01
201800043741,1.0,7,0,0.0,1.0,1.0,1.0,A01
201800043742,1.0,32,0,0.0,2.0,1.0,15.0,B01
201800043742,2.0,7,0,0.0,2.0,1.0,1.0,A01
201800043743,2.0,7,0,1.0,0.0,5.0,4.0,A01
201800043743,2.0,7,0,0.0,2.0,8.0,24.0,B01
201800043744,1.0,32,0,0.0,2.0,1.0,15.0,A01
201800043744,2.0,2,0,0.0,2.0,1.0,1.0,B01
201800043745,2.0,30,0,0.0,1.0,0.0,1.0,Z01
201800043746,2.0,7,0,0.0,2.0,0.0,0.0,B01
201800043746,2.0,30,0,0.0,2.0,7.0,17.0,A01
201800043747,2.0,7,0,0.0,2.0,0.0,0.0,B01
201800043747,2.0,7,0,0.0,2.0,3.0,19.0,A01
201800043748,1.0,7,0,0.0,1.0,2.0,0.0,A01
201800043749,0.0,7,0,0.0,2.0,4.0,20.0,A01
201800043749,0.0,2,0,0.0,2.0,1.0,1.0,B01
201800043750,2.0,7,0,0.0,2.0,5.0,14.0,A01
201800043750,2.0,32,0,0.0,2.0,8.0,0.0,B01
201800043751,1.0,30,0,0.0,1.0,8.0,19.0,A01
201800043752,2.0,32,0,0.0,2.0,1.0,1.0,A01
201800043752,2.0,7,0,0.0,2.0,4.0,1.0,B01
201800043753,1.0,32,0,0.0,0.0,7.0,0.0,A01
201800043754,1.0,31,0,12.0,0.0,8.0,9.0,A01
201800043755,2.0,7,0,0.0,2.0,1.0,0.0,A01
201800043755,2.0,7,0,0.0,2.0,5.0,15.0,B01
201800043756,2.0,7,0,8.0,0.0,2.0,14.0,A01
201800043757,2.0,7,0,0.0,2.0,5.0,19.0,A01
201800043757,1.0,33,0,0.0,2.0,1.0,1.0,B01
201800043758,2.0,33,0,0.0,0.0,0.0,0.0,A01
201800043759,1.0,30,0,0.0,2.0,2.0,15.0,A01
201800043759,1.0,7,0,0.0,2.0,3.0,1.0,B01
201800043760,1.0,30,0,0.0,2.0,7.0,15.0,A01
201800043760,1.0,7,0,0.0,2.0,1.0,1.0,B01
201800043761,2.0,7,0,0.0,1.0,3.0,1.0,A01
201800043762,1.0,30,0,0.0,1.0,2.0,13.0,A01
201800043763,0.0,7,0,0.0,2.0,3.0,9.0,A01
201800043763,0.0,2,0,0.0,2.0,3.0,1.0,B01
201800043764,0.0,32,0,0.0,2.0,1.0,1.0,A01
201800043764,0.0,7,0,0.0,2.0,8.0,15.0,B01
201800043765,1.0,7,0,0.0,2.0,1.0,2.0,A01
201800043765,1.0,10,0,0.0,2.0,4.0,23.0,B01
201800043766,1.0,7,0,0.0,1.0,3.0,0.0,A01
201800043767,0.0,7,0,0.0,2.0,3.0,1.0,A01
201800043767,0.0,7,0,0.0,2.0,3.0,1.0,B01
201800043768,2.0,7,0,0.0,2.0,8.0,17.0,A01
201800043768,1.0,34,0,0.0,2.0,2.0,17.0,B01
201800043769,1.0,7,0,0.0,2.0,3.0,19.0,A01
201800043769,1.0,7,0,0.0,2.0,1.0,1.0,B01
201800043770,0.0,7,0,0.0,2.0,1.0,0.0,A01
201800043770,2.0,7,0,0.0,2.0,2.0,2.0,B01
201800043770,1.0,32,0,0.0,2.0,1.0,1.0,C01
201800043771,2.0,7,0,4.0,2.0,2.0,13.0,A01
201800043771,2.0,7,0,4.0,2.0,6.0,2.0,B01
201800043772,2.0,10,0,6.0,0.0,8.0,1.0,A01
201800043773,2.0,7,0,4.0,0.0,8.0,0.0,A01
201800043774,2.0,7,0,6.0,0.0,8.0,1.0,A01
201800043775,1.0,7,0,0.0,2.0,1.0,0.0,A01
201800043775,1.0,10,0,0.0,2.0,2.0,1.0,B01
201800043776,2.0,32,0,0.0,2.0,1.0,3.0,A01
201800043776,2.0,7,0,0.0,2.0,4.0,1.0,B01
201800043777,2.0,10,0,4.0,2.0,4.0,1.0,A01
201800043777,2.0,7,0,0.0,2.0,3.0,18.0,B01
201800043778,2.0,10,0,0.0,2.0,1.0,2.0,A01
201800043778,2.0,7,0,0.0,2.0,4.0,1.0,B01
201800043779,2.0,7,0,0.0,2.0,9.0,0.0,A01
201800043779,1.0,7,0,0.0,2.0,7.0,0.0,B01
201800043779,1.0,14,0,0.0,0.0,3.0,0.0,C01
201800043780,1.0,33,0,0.0,2.0,7.0,21.0,A01
201800043780,1.0,7,0,0.0,2.0,6.0,11.0,B01
201800043781,2.0,7,0,0.0,2.0,6.0,11.0,B01
201800043781,2.0,33,0,0.0,2.0,1.0,3.0,A01
201800043782,1.0,31,0,0.0,2.0,1.0,3.0,A01
201800043782,1.0,7,0,0.0,2.0,6.0,1.0,B01
201800043783,2.0,33,0,0.0,2.0,8.0,3.0,B01
201800043783,2.0,7,0,0.0,2.0,7.0,14.0,A01
201800043784,1.0,7,0,0.0,2.0,4.0,0.0,A01
201800043784,1.0,7,0,0.0,2.0,1.0,0.0,B01
201800043785,2.0,7,0,0.0,2.0,1.0,2.0,D01
201800043785,2.0,7,0,0.0,2.0,2.0,2.0,C01
201800043785,2.0,7,0,0.0,2.0,2.0,0.0,A01
201800043785,2.0,7,0,0.0,2.0,6.0,0.0,B01
201800043786,1.0,7,0,3.0,0.0,9.0,14.0,A01
201800043787,2.0,10,0,0.0,2.0,5.0,17.0,A01
201800043787,2.0,7,0,0.0,2.0,1.0,1.0,B01
201800043788,2.0,7,0,0.0,2.0,3.0,12.0,A01
201800043788,1.0,7,0,0.0,2.0,5.0,1.0,B01
201800043789,2.0,7,0,0.0,2.0,1.0,2.0,A01
201800043789,2.0,7,0,0.0,2.0,4.0,2.0,B01
201800043790,2.0,7,0,0.0,2.0,8.0,11.0,B01
201800043790,2.0,33,0,0.0,2.0,2.0,3.0,A01
201800043791,2.0,7,0,0.0,2.0,1.0,2.0,A01
201800043791,2.0,7,0,0.0,2.0,4.0,2.0,B01
201800043791,2.0,10,0,0.0,2.0,1.0,2.0,C01
201800043792,1.0,7,0,0.0,0.0,4.0,1.0,A01
201800043792,1.0,10,0,0.0,2.0,1.0,2.0,B01
201800043793,2.0,33,0,0.0,2.0,1.0,3.0,B01
201800043793,2.0,7,0,0.0,0.0,5.0,14.0,A01
201800043794,2.0,14,0,0.0,0.0,4.0,23.0,A01
201800043794,2.0,10,0,0.0,0.0,4.0,23.0,B01
201800043794,2.0,10,0,0.0,2.0,1.0,2.0,C01
201800043795,1.0,7,0,0.0,2.0,2.0,2.0,B01
201800043795,1.0,15,0,0.0,2.0,6.0,9.0,A01
201800043796,2.0,7,0,0.0,2.0,6.0,1.0,B01
201800043796,2.0,7,0,0.0,2.0,1.0,17.0,A01
201800043797,2.0,7,0,4.0,0.0,1.0,0.0,B01
201800043797,2.0,7,0,4.0,0.0,7.0,21.0,A01
201800043798,1.0,7,0,0.0,2.0,8.0,11.0,A01
201800043798,1.0,7,0,4.0,2.0,1.0,2.0,B01
201800043799,1.0,33,0,0.0,6.0,1.0,1.0,A01
201800043800,1.0,7,0,0.0,2.0,7.0,11.0,B01
201800043800,1.0,32,0,0.0,2.0,8.0,3.0,A01
201800043801,2.0,7,0,0.0,2.0,3.0,2.0,B01
201800043801,2.0,33,0,0.0,2.0,2.0,2.0,A01
201800043802,1.0,33,0,4.0,0.0,7.0,1.0,A01
201800043803,1.0,7,0,0.0,2.0,6.0,1.0,A01
201800043803,1.0,7,0,0.0,2.0,2.0,1.0,B01
201800043804,1.0,7,0,0.0,2.0,2.0,0.0,A01
201800043804,1.0,7,0,0.0,2.0,6.0,0.0,B01
201800043805,2.0,7,0,0.0,2.0,4.0,2.0,C01
201800043805,2.0,7,0,0.0,2.0,1.0,2.0,A01
201800043805,2.0,7,0,0.0,2.0,4.0,2.0,D01
201800043805,2.0,7,0,0.0,2.0,4.0,2.0,B01
201800043806,2.0,7,0,0.0,2.0,1.0,2.0,B01
201800043806,2.0,7,0,0.0,2.0,4.0,2.0,A01
201800043807,1.0,7,0,0.0,0.0,1.0,9.0,A01
201800043808,2.0,10,0,0.0,2.0,1.0,2.0,B01
201800043808,2.0,10,0,0.0,2.0,4.0,2.0,A01
201800043809,2.0,7,0,0.0,2.0,6.0,11.0,A01
201800043809,2.0,33,0,0.0,2.0,1.0,3.0,B01
201800043810,2.0,7,0,0.0,2.0,4.0,1.0,A01
201800043810,2.0,7,0,0.0,2.0,1.0,2.0,C01
201800043810,2.0,7,0,0.0,2.0,1.0,2.0,B01
201800043811,2.0,7,0,0.0,2.0,8.0,11.0,B01
201800043811,2.0,31,0,0.0,2.0,1.0,3.0,A01
201800043812,1.0,7,0,0.0,2.0,1.0,0.0,A01
201800043812,1.0,7,0,0.0,0.0,4.0,0.0,B01
201800043812,1.0,7,0,0.0,0.0,0.0,0.0,C01
201800043813,2.0,7,0,3.0,2.0,3.0,13.0,A01
201800043813,2.0,7,0,0.0,2.0,6.0,1.0,B01
201800043814,2.0,7,0,3.0,2.0,4.0,0.0,A01
201800043814,2.0,7,0,0.0,2.0,4.0,1.0,B01
201800043814,2.0,7,0,3.0,2.0,1.0,1.0,C01
201800043815,1.0,33,0,0.0,2.0,2.0,3.0,A01
201800043815,1.0,7,0,0.0,2.0,3.0,11.0,B01
201800043816,1.0,7,0,0.0,2.0,8.0,1.0,C01
201800043816,1.0,17,0,0.0,2.0,3.0,2.0,A01
201800043816,1.0,37,51,0.0,2.0,5.0,23.0,B01
201800043817,1.0,7,0,0.0,2.0,6.0,23.0,A01
201800043817,1.0,7,0,0.0,2.0,2.0,9.0,B01
201800043818,1.0,10,0,0.0,2.0,7.0,0.0,A01
201800043818,1.0,10,0,0.0,2.0,8.0,1.0,B01
201800043819,1.0,33,0,0.0,2.0,8.0,13.0,A01
201800043819,1.0,7,0,0.0,2.0,1.0,2.0,C01
201800043819,1.0,7,0,0.0,2.0,1.0,21.0,B01
201800043819,1.0,99,0,0.0,2.0,7.0,0.0,Z01
201800043820,2.0,7,0,1.0,1.0,1.0,2.0,A01
201800043820,2.0,7,0,4.0,0.0,1.0,19.0,B01
201800043821,2.0,7,0,0.0,6.0,3.0,11.0,A01
201800043821,2.0,33,0,0.0,2.0,2.0,1.0,B01
201800043822,2.0,7,0,0.0,2.0,1.0,2.0,B01
201800043822,2.0,7,0,0.0,2.0,4.0,21.0,A01