Num_Acc,senc,catv,occutc,obs,obsm,choc,manv,num_veh
201800043822,2.0,7,0,0.0,2.0,2.0,2.0,C01
201800043822,2.0,7,0,0.0,2.0,6.0,13.0,D01
201800043823,2.0,7,0,0.0,2.0,4.0,23.0,B01
201800043823,2.0,7,0,0.0,2.0,1.0,2.0,D01
201800043823,2.0,10,0,0.0,2.0,4.0,23.0,A01
201800043823,2.0,7,0,0.0,2.0,4.0,23.0,C01
201800043824,1.0,7,0,13.0,0.0,1.0,17.0,A01
201800043825,2.0,7,0,0.0,2.0,4.0,2.0,A01
201800043825,2.0,7,0,0.0,2.0,1.0,2.0,B01
201800043826,2.0,10,0,0.0,2.0,1.0,1.0,A01
201800043826,2.0,7,0,0.0,2.0,4.0,23.0,B01
201800043827,2.0,32,0,0.0,2.0,8.0,21.0,A01
201800043828,2.0,33,0,0.0,2.0,1.0,2.0,C01
201800043828,2.0,7,0,0.0,2.0,5.0,23.0,B01
201800043828,2.0,7,0,4.0,0.0,8.0,1.0,A01
201800043828,2.0,7,0,0.0,2.0,2.0,21.0,E01
201800043828,2.0,7,0,0.0,2.0,3.0,1.0,D01
201800043829,1.0,7,0,0.0,2.0,5.0,2.0,B01
201800043829,1.0,7,0,0.0,2.0,9.0,21.0,A01
201800043830,2.0,7,0,0.0,2.0,1.0,21.0,A01
201800043830,2.0,7,0,0.0,2.0,5.0,1.0,B01
201800043831,1.0,7,0,0.0,2.0,3.0,2.0,A01
201800043831,1.0,14,0,0.0,2.0,2.0,1.0,B01
201800043832,1.0,7,0,0.0,2.0,5.0,21.0,A01
201800043832,1.0,38,1,4.0,2.0,3.0,2.0,B01
201800043833,2.0,33,0,0.0,2.0,4.0,12.0,A01
201800043833,2.0,7,0,0.0,2.0,3.0,2.0,B01
201800043834,1.0,10,0,0.0,2.0,1.0,2.0,B01
201800043834,1.0,7,0,0.0,2.0,1.0,2.0,C01
201800043834,1.0,7,0,0.0,0.0,4.0,1.0,A01
201800043835,2.0,7,0,0.0,2.0,7.0,14.0,A01
201800043835,2.0,33,0,0.0,2.0,8.0,2.0,B01
201800043836,2.0,7,0,0.0,2.0,4.0,2.0,A01
201800043836,2.0,7,0,0.0,2.0,4.0,2.0,B01
201800043836,2.0,7,0,0.0,2.0,4.0,2.0,C01
201800043836,2.0,10,0,0.0,2.0,1.0,2.0,D01
201800043837,1.0,7,0,0.0,2.0,2.0,1.0,A01
201800043837,1.0,7,0,0.0,2.0,3.0,1.0,B01
201800043838,1.0,10,0,4.0,0.0,9.0,0.0,A01
201800043839,1.0,7,0,0.0,2.0,4.0,23.0,A01
201800043839,1.0,7,0,1.0,0.0,1.0,0.0,B01
201800043839,1.0,7,0,1.0,0.0,3.0,21.0,C01
201800043839,1.0,7,0,1.0,0.0,1.0,21.0,D01
201800043840,1.0,33,0,0.0,0.0,7.0,14.0,A01
201800043841,1.0,7,0,6.0,0.0,1.0,19.0,A01
201800043842,2.0,7,0,0.0,2.0,1.0,2.0,B01
201800043842,2.0,7,0,0.0,0.0,4.0,23.0,A01
201800043843,2.0,34,0,0.0,0.0,7.0,0.0,A01
201800043844,1.0,7,0,0.0,2.0,1.0,1.0,C01
201800043844,1.0,7,0,0.0,2.0,6.0,1.0,B01
201800043844,1.0,15,0,0.0,2.0,2.0,1.0,A01
201800043845,2.0,10,0,0.0,2.0,5.0,12.0,A01
201800043845,2.0,32,0,0.0,2.0,1.0,2.0,B01
201800043846,1.0,33,0,4.0,0.0,9.0,16.0,A01
201800043847,1.0,7,0,3.0,0.0,0.0,1.0,A01
201800043848,2.0,7,0,3.0,0.0,1.0,2.0,A01
201800043849,1.0,7,0,0.0,2.0,1.0,2.0,A01
201800043849,2.0,7,0,0.0,2.0,4.0,1.0,B01
201800043850,1.0,7,0,0.0,2.0,0.0,1.0,A01
201800043850,1.0,7,0,0.0,2.0,1.0,1.0,B01
201800043851,1.0,7,0,0.0,2.0,7.0,1.0,B01
201800043851,1.0,17,0,0.0,2.0,8.0,1.0,C01
201800043851,1.0,33,0,0.0,2.0,8.0,3.0,A01
201800043852,2.0,17,0,0.0,2.0,1.0,2.0,B01
201800043852,2.0,7,0,0.0,2.0,6.0,2.0,A01
201800043852,2.0,7,0,0.0,2.0,1.0,2.0,C01
201800043853,2.0,15,0,3.0,,2.0,2.0,A01
201800043854,2.0,7,0,0.0,2.0,7.0,12.0,A01
201800043854,2.0,34,0,0.0,2.0,3.0,3.0,B01
201800043855,1.0,10,0,14.0,0.0,1.0,2.0,A01
201800043855,1.0,7,0,0.0,0.0,4.0,23.0,C01
201800043855,1.0,7,0,14.0,0.0,4.0,23.0,B01
201800043856,2.0,31,0,0.0,2.0,7.0,0.0,B01
201800043856,2.0,7,0,0.0,2.0,3.0,12.0,A01
201800043857,1.0,7,0,3.0,2.0,2.0,1.0,C01
201800043857,1.0,7,0,0.0,2.0,2.0,0.0,A01
201800043857,1.0,7,0,4.0,2.0,3.0,1.0,D01
201800043857,1.0,7,0,0.0,2.0,8.0,1.0,B01
201800043858,1.0,7,0,0.0,1.0,2.0,1.0,A01
201800043859,1.0,7,0,4.0,0.0,1.0,12.0,A01
201800043860,2.0,7,0,0.0,2.0,2.0,14.0,A01
201800043860,2.0,7,0,3.0,2.0,8.0,1.0,B01
201800043861,2.0,33,0,0.0,2.0,7.0,3.0,B01
201800043861,2.0,7,0,0.0,2.0,3.0,11.0,A01
201800043862,2.0,33,0,0.0,2.0,9.0,3.0,B01
201800043862,2.0,7,0,0.0,2.0,8.0,11.0,A01
201800043863,1.0,7,0,0.0,2.0,5.0,1.0,A01
201800043863,1.0,31,0,0.0,2.0,1.0,1.0,B01
201800043863,1.0,7,0,0.0,2.0,8.0,12.0,C01
201800043864,1.0,7,0,0.0,2.0,1.0,2.0,C01
201800043864,1.0,7,0,0.0,2.0,4.0,2.0,A01
201800043864,1.0,7,0,0.0,2.0,4.0,2.0,B01
201800043865,2.0,34,0,0.0,2.0,2.0,17.0,A01
201800043865,2.0,7,0,0.0,2.0,6.0,13.0,B01
201800043866,2.0,15,0,0.0,2.0,1.0,0.0,B01
201800043866,2.0,7,0,0.0,2.0,1.0,2.0,C01
201800043866,2.0,7,0,0.0,2.0,4.0,2.0,A01
201800043867,1.0,7,0,0.0,2.0,1.0,2.0,A01
201800043867,1.0,10,0,0.0,2.0,4.0,2.0,B01
201800043868,2.0,33,0,0.0,2.0,3.0,3.0,B01
201800043868,2.0,7,0,0.0,2.0,5.0,11.0,A01
201800043869,2.0,7,0,0.0,2.0,4.0,2.0,C01
201800043869,2.0,7,0,0.0,2.0,1.0,2.0,D01
201800043869,2.0,10,0,0.0,2.0,4.0,2.0,A01
201800043869,2.0,7,0,0.0,2.0,4.0,2.0,B01
201800043870,2.0,10,0,0.0,2.0,1.0,0.0,C01
201800043870,2.0,7,0,0.0,2.0,4.0,0.0,B01
201800043870,2.0,7,0,0.0,2.0,6.0,0.0,A01
201800043871,1.0,7,0,4.0,0.0,1.0,21.0,A01
201800043872,1.0,7,0,0.0,2.0,4.0,23.0,B01
201800043872,1.0,33,0,0.0,2.0,1.0,2.0,A01
201800043873,2.0,33,0,0.0,2.0,1.0,3.0,B01
201800043873,2.0,7,0,0.0,2.0,4.0,1.0,C01
201800043873,2.0,10,0,0.0,2.0,2.0,14.0,A01
201800043874,2.0,33,0,4.0,0.0,7.0,3.0,A01
201800043875,2.0,10,0,0.0,2.0,7.0,1.0,D01
201800043875,2.0,17,0,0.0,2.0,2.0,2.0,A01
201800043875,2.0,7,0,0.0,2.0,6.0,1.0,B01
201800043875,2.0,33,0,0.0,2.0,1.0,1.0,C01
201800043876,2.0,7,0,0.0,2.0,4.0,2.0,A01
201800043876,2.0,7,0,0.0,2.0,1.0,2.0,B01
201800043877,2.0,33,0,0.0,2.0,1.0,2.0,B01
201800043877,2.0,7,0,0.0,2.0,4.0,2.0,A01
201800043878,1.0,7,0,1.0,0.0,1.0,1.0,A01
201800043878,1.0,7,0,0.0,2.0,6.0,24.0,B01
201800043879,2.0,7,0,0.0,2.0,1.0,1.0,C01
201800043879,2.0,10,0,0.0,0.0,4.0,1.0,B01
201800043879,2.0,7,0,0.0,2.0,1.0,2.0,A01
201800043880,1.0,31,0,0.0,0.0,7.0,1.0,A01
201800043881,2.0,33,0,0.0,2.0,1.0,2.0,B01
201800043881,2.0,7,0,0.0,2.0,7.0,12.0,A01
201800043882,1.0,17,0,0.0,2.0,3.0,1.0,A01
201800043882,1.0,7,0,0.0,2.0,1.0,1.0,B01
201800043882,1.0,7,0,0.0,2.0,4.0,0.0,C01
201800043882,1.0,7,0,0.0,2.0,4.0,1.0,D01
201800043883,1.0,7,0,0.0,2.0,1.0,1.0,E01
201800043883,1.0,7,0,0.0,2.0,4.0,1.0,D01
201800043883,1.0,7,0,0.0,2.0,4.0,1.0,C01
201800043883,1.0,7,0,0.0,2.0,5.0,1.0,B01
201800043883,1.0,7,0,0.0,2.0,5.0,12.0,A01
201800043884,2.0,7,0,0.0,2.0,2.0,12.0,A01
201800043884,2.0,33,0,0.0,2.0,8.0,1.0,B01
201800043885,2.0,33,0,0.0,2.0,1.0,3.0,A01
201800043885,2.0,7,0,0.0,2.0,4.0,14.0,B01
201800043886,1.0,7,0,0.0,2.0,4.0,1.0,B01
201800043886,1.0,33,0,0.0,2.0,1.0,2.0,A01
201800043887,1.0,7,0,0.0,2.0,8.0,11.0,A01
201800043887,2.0,17,0,0.0,2.0,7.0,1.0,B01
201800043888,2.0,7,0,0.0,2.0,1.0,2.0,C01
201800043888,2.0,15,0,0.0,0.0,0.0,2.0,A01
201800043888,2.0,7,0,0.0,2.0,4.0,2.0,B01
201800043889,2.0,17,0,0.0,2.0,4.0,1.0,A01
201800043889,2.0,7,0,0.0,2.0,1.0,2.0,B01
201800043890,1.0,31,0,0.0,2.0,9.0,3.0,A01
201800043890,1.0,7,0,0.0,2.0,6.0,1.0,B01
201800043891,2.0,7,0,0.0,0.0,3.0,13.0,A01
201800043892,2.0,7,0,0.0,2.0,4.0,1.0,B01
201800043892,2.0,7,0,3.0,2.0,1.0,1.0,A01
201800043893,2.0,15,0,3.0,6.0,9.0,1.0,A01
201800043894,1.0,7,0,0.0,2.0,6.0,11.0,A01
201800043894,1.0,34,0,0.0,2.0,1.0,3.0,B01
201800043895,2.0,7,0,0.0,2.0,1.0,11.0,A01
201800043895,2.0,7,0,0.0,2.0,4.0,1.0,B01
201800043896,1.0,7,0,0.0,2.0,3.0,9.0,A01
201800043896,1.0,34,0,0.0,2.0,2.0,3.0,B01
201800043897,2.0,7,0,0.0,2.0,1.0,2.0,C01
201800043897,2.0,7,0,0.0,0.0,4.0,23.0,A01
201800043897,2.0,7,0,0.0,2.0,4.0,23.0,B01
201800043898,2.0,7,0,0.0,2.0,1.0,2.0,B01
201800043898,2.0,7,0,0.0,2.0,4.0,1.0,A01
201800043899,1.0,14,0,0.0,2.0,6.0,1.0,C01
201800043899,1.0,31,0,0.0,2.0,2.0,17.0,A01
201800043899,1.0,7,0,0.0,2.0,5.0,1.0,B01
201800043900,1.0,10,0,0.0,2.0,8.0,13.0,A01
201800043900,1.0,31,0,0.0,2.0,1.0,14.0,B01
201800043901,2.0,7,0,1.0,2.0,0.0,24.0,A01
201800043901,2.0,7,0,1.0,2.0,1.0,21.0,B01
201800043902,2.0,7,0,0.0,2.0,1.0,0.0,A01
201800043902,2.0,7,0,0.0,2.0,4.0,0.0,B01
201800043902,2.0,7,0,0.0,2.0,4.0,0.0,C01
201800043903,1.0,33,0,3.0,0.0,0.0,0.0,A01
201800043904,2.0,7,0,0.0,2.0,8.0,1.0,A01
201800043905,2.0,7,0,0.0,2.0,1.0,2.0,C01
201800043905,2.0,7,0,0.0,2.0,4.0,1.0,A01
201800043905,2.0,7,0,0.0,2.0,1.0,2.0,B01
201800043906,2.0,33,0,0.0,2.0,0.0,0.0,A01
201800043907,1.0,10,0,0.0,2.0,1.0,2.0,A01
201800043907,1.0,7,0,0.0,2.0,4.0,2.0,C01
201800043907,1.0,7,0,0.0,2.0,4.0,2.0,B01
201800043908,1.0,7,0,0.0,2.0,6.0,12.0,A01
201800043908,1.0,34,0,0.0,2.0,2.0,3.0,B01
201800043909,2.0,33,0,0.0,2.0,3.0,2.0,A01
201800043909,2.0,7,0,0.0,2.0,2.0,2.0,B01
201800043910,2.0,33,0,0.0,2.0,1.0,3.0,A01
201800043910,2.0,7,0,0.0,2.0,5.0,14.0,B01
201800043911,2.0,10,0,0.0,2.0,4.0,1.0,A01
201800043911,2.0,7,0,0.0,2.0,1.0,2.0,B01
201800043912,2.0,7,0,0.0,2.0,8.0,1.0,B01
201800043912,2.0,7,0,0.0,2.0,6.0,1.0,C01
201800043912,2.0,33,0,0.0,2.0,1.0,2.0,A01
201800043913,2.0,7,0,0.0,2.0,6.0,23.0,B01
201800043913,2.0,14,0,0.0,2.0,4.0,23.0,D01
201800043913,2.0,10,0,0.0,2.0,4.0,23.0,C01
201800043913,2.0,7,0,0.0,2.0,1.0,0.0,A01
201800043914,1.0,7,0,0.0,0.0,4.0,1.0,A01
201800043914,1.0,7,0,0.0,2.0,1.0,2.0,B01
201800043915,2.0,7,0,0.0,2.0,4.0,1.0,A01
201800043915,2.0,33,0,0.0,2.0,1.0,11.0,B01
201800043916,1.0,34,0,0.0,2.0,1.0,3.0,A01
201800043916,1.0,7,0,0.0,2.0,3.0,11.0,B01
201800043917,2.0,7,0,0.0,2.0,4.0,2.0,B01
201800043917,2.0,7,0,0.0,2.0,4.0,2.0,C01
201800043917,2.0,7,0,0.0,2.0,1.0,2.0,A01
201800043918,2.0,14,0,0.0,2.0,1.0,1.0,A01
201800043918,2.0,7,0,0.0,2.0,4.0,1.0,B01
201800043918,2.0,15,0,0.0,2.0,4.0,2.0,C01
201800043919,2.0,31,0,0.0,2.0,2.0,1.0,A01
201800043920,2.0,7,0,0.0,0.0,1.0,17.0,A01
201800043921,1.0,7,0,0.0,2.0,2.0,12.0,A01
201800043921,1.0,7,0,0.0,2.0,6.0,1.0,B01
201800043922,2.0,33,0,0.0,2.0,9.0,3.0,A01
201800043922,2.0,33,0,0.0,2.0,4.0,3.0,C01
201800043922,2.0,33,0,0.0,2.0,4.0,3.0,B01
201800043923,2.0,33,0,0.0,2.0,2.0,0.0,A01
201800043923,2.0,10,0,0.0,2.0,4.0,1.0,B01
201800043924,2.0,7,0,0.0,2.0,4.0,1.0,A01
201800043924,2.0,10,0,0.0,2.0,4.0,1.0,B01
201800043924,2.0,7,0,0.0,2.0,1.0,1.0,C01
201800043925,2.0,33,0,0.0,2.0,7.0,1.0,B01
201800043925,2.0,7,0,0.0,2.0,8.0,11.0,A01
201800043926,1.0,33,0,0.0,2.0,3.0,2.0,B01
201800043926,2.0,7,0,0.0,2.0,5.0,2.0,A01
201800043927,2.0,33,0,0.0,2.0,1.0,1.0,B01
201800043927,2.0,7,0,0.0,0.0,3.0,11.0,A01
201800043928,1.0,7,0,0.0,2.0,4.0,2.0,C01
201800043928,1.0,10,0,0.0,2.0,1.0,2.0,A01
201800043928,1.0,7,0,0.0,2.0,0.0,1.0,D01
201800043928,1.0,10,0,0.0,2.0,6.0,2.0,B01
201800043929,1.0,7,0,0.0,2.0,4.0,2.0,B01
201800043929,1.0,31,0,0.0,2.0,2.0,2.0,A01
201800043930,1.0,10,0,0.0,2.0,6.0,1.0,A01
201800043930,1.0,17,0,0.0,2.0,2.0,12.0,B01
201800043931,2.0,7,0,0.0,2.0,4.0,0.0,B01
201800043931,2.0,7,0,0.0,2.0,1.0,12.0,A01
201800043932,2.0,31,0,0.0,0.0,0.0,0.0,B01
201800043932,2.0,7,0,0.0,2.0,1.0,0.0,A01
201800043933,2.0,7,0,0.0,2.0,5.0,11.0,B01
201800043933,2.0,33,0,0.0,2.0,1.0,3.0,A01
201800043934,1.0,7,0,0.0,2.0,2.0,1.0,B01
201800043934,1.0,15,0,0.0,2.0,3.0,11.0,A01
201800043935,2.0,7,0,0.0,2.0,2.0,0.0,A01
201800043935,2.0,15,0,0.0,2.0,6.0,0.0,B01
201800043935,1.0,7,0,0.0,2.0,1.0,1.0,C01
201800043936,1.0,7,0,0.0,2.0,1.0,2.0,A01
201800043936,1.0,7,0,0.0,2.0,4.0,23.0,C01
201800043936,1.0,10,0,0.0,2.0,4.0,2.0,B01
201800043937,2.0,7,0,0.0,2.0,1.0,2.0,A01
201800043937,2.0,7,0,0.0,2.0,4.0,1.0,B01
201800043938,1.0,7,0,0.0,2.0,6.0,1.0,A01
201800043938,1.0,32,0,0.0,2.0,1.0,3.0,B01
201800043939,1.0,14,0,0.0,2.0,2.0,12.0,A01
201800043939,1.0,7,0,0.0,2.0,8.0,1.0,B01
201800043940,2.0,7,0,0.0,2.0,1.0,2.0,A01
201800043940,2.0,7,0,0.0,2.0,4.0,2.0,B01
201800043940,2.0,7,0,0.0,2.0,4.0,2.0,D01
201800043940,2.0,7,0,0.0,2.0,4.0,2.0,C01
201800043941,2.0,7,0,3.0,0.0,1.0,13.0,A01
201800043942,1.0,15,0,0.0,2.0,0.0,1.0,A01
201800043942,1.0,14,0,0.0,2.0,0.0,0.0,B01
201800043943,1.0,33,0,3.0,2.0,3.0,2.0,A01
201800043944,1.0,33,0,0.0,0.0,1.0,1.0,A01
201800043945,1.0,7,0,4.0,0.0,1.0,12.0,A01
201800043946,1.0,7,0,3.0,2.0,8.0,1.0,A01
201800043946,1.0,10,0,0.0,2.0,7.0,12.0,B01
201800043947,2.0,33,0,0.0,2.0,1.0,3.0,B01
201800043947,2.0,33,0,0.0,2.0,4.0,11.0,A01
201800043948,1.0,10,0,0.0,2.0,2.0,6.0,A01
201800043948,1.0,33,0,4.0,2.0,1.0,1.0,B01
201800043949,1.0,33,0,0.0,0.0,0.0,0.0,A01
201800043950,2.0,7,0,0.0,2.0,8.0,1.0,B01
201800043950,2.0,15,0,0.0,2.0,7.0,12.0,A01
201800043951,2.0,7,0,0.0,2.0,1.0,2.0,B01
201800043951,2.0,7,0,0.0,2.0,4.0,2.0,A01
201800043952,2.0,7,0,13.0,0.0,9.0,0.0,A01
201800043953,2.0,10,0,3.0,0.0,1.0,12.0,A01
201800043954,2.0,33,0,0.0,2.0,0.0,0.0,B01
201800043954,2.0,7,0,0.0,2.0,0.0,1.0,A01
201800043954,2.0,7,0,0.0,2.0,0.0,0.0,C01
201800043955,1.0,7,0,0.0,2.0,4.0,2.0,C01
201800043955,1.0,7,0,0.0,2.0,1.0,2.0,A01
201800043955,1.0,7,0,0.0,2.0,4.0,2.0,B01
201800043955,1.0,7,0,0.0,2.0,5.0,1.0,D01
201800043956,2.0,33,0,0.0,2.0,3.0,3.0,A01
201800043956,2.0,7,0,0.0,2.0,5.0,14.0,B01
201800043956,2.0,17,0,0.0,2.0,8.0,1.0,C01
201800043957,2.0,33,0,0.0,2.0,1.0,3.0,A01
201800043957,2.0,10,0,0.0,2.0,5.0,12.0,B01
201800043958,2.0,10,0,0.0,2.0,1.0,0.0,A01
201800043958,2.0,10,0,0.0,2.0,4.0,0.0,B01
201800043959,1.0,10,0,4.0,0.0,9.0,9.0,A01
201800043960,2.0,7,0,0.0,2.0,4.0,2.0,B01
201800043960,2.0,7,0,0.0,2.0,1.0,2.0,A01
201800043961,1.0,7,0,0.0,2.0,6.0,14.0,A01
201800043961,1.0,7,0,0.0,2.0,2.0,14.0,B01
201800043962,2.0,33,0,0.0,0.0,8.0,1.0,A01
201800043963,1.0,7,0,0.0,2.0,1.0,1.0,A01
201800043963,1.0,7,0,0.0,2.0,4.0,1.0,B01
201800043963,1.0,7,0,0.0,2.0,4.0,1.0,C01
201800043964,2.0,7,0,0.0,2.0,5.0,12.0,A01
201800043964,2.0,33,0,0.0,2.0,1.0,1.0,B01
201800043965,1.0,7,0,0.0,2.0,1.0,1.0,B01
201800043965,1.0,7,0,0.0,2.0,4.0,1.0,A01
201800043966,1.0,10,0,0.0,2.0,7.0,2.0,B01
201800043966,1.0,14,0,0.0,2.0,6.0,13.0,A01
201800043966,1.0,33,0,0.0,2.0,2.0,3.0,C01
201800043967,2.0,7,0,0.0,2.0,7.0,12.0,A01
201800043967,2.0,33,0,0.0,2.0,8.0,1.0,B01
201800043968,2.0,31,0,0.0,2.0,1.0,3.0,A01
201800043968,2.0,7,0,0.0,2.0,6.0,11.0,B01
201800043969,1.0,13,0,0.0,2.0,1.0,1.0,A01
201800043969,1.0,7,0,0.0,2.0,4.0,1.0,B01
201800043970,1.0,33,0,0.0,2.0,0.0,2.0,A01
201800043970,1.0,7,0,0.0,2.0,4.0,2.0,B01
201800043970,1.0,7,0,0.0,2.0,8.0,1.0,C01
201800043971,2.0,17,0,3.0,0.0,3.0,6.0,A01
201800043972,1.0,7,0,0.0,2.0,6.0,1.0,A01
201800043973,2.0,7,0,0.0,2.0,4.0,23.0,D01
201800043973,2.0,7,0,0.0,2.0,4.0,23.0,C01
201800043973,2.0,10,0,0.0,2.0,4.0,23.0,B01
201800043973,2.0,7,0,0.0,2.0,1.0,1.0,A01
201800043974,2.0,7,0,3.0,0.0,6.0,0.0,A01
201800043975,1.0,7,0,0.0,2.0,8.0,0.0,A01
201800043975,1.0,7,0,0.0,2.0,7.0,1.0,B01
201800043976,2.0,7,0,3.0,2.0,6.0,1.0,A01
201800043976,2.0,7,0,13.0,2.0,2.0,2.0,B01
201800043977,1.0,10,0,0.0,2.0,3.0,2.0,B01
201800043977,1.0,10,0,0.0,2.0,4.0,2.0,C01
201800043977,1.0,10,0,0.0,2.0,1.0,2.0,E01
201800043977,1.0,10,0,0.0,2.0,4.0,2.0,D01
201800043977,2.0,10,0,0.0,2.0,2.0,12.0,A01
201800043978,1.0,33,0,0.0,0.0,7.0,21.0,A01
201800043979,1.0,7,0,4.0,0.0,1.0,0.0,A01
201800043980,1.0,7,0,0.0,2.0,4.0,1.0,A01
201800043980,1.0,7,0,0.0,2.0,1.0,1.0,B01
201800043981,1.0,7,0,0.0,2.0,1.0,2.0,A01
201800043982,2.0,7,0,0.0,2.0,4.0,1.0,A01
201800043982,2.0,33,0,0.0,2.0,1.0,3.0,B01
201800043983,1.0,7,0,4.0,0.0,2.0,1.0,A01
201800043984,2.0,7,0,0.0,2.0,3.0,0.0,B01
201800043984,2.0,15,0,0.0,2.0,3.0,0.0,A01
201800043985,2.0,7,0,0.0,2.0,5.0,12.0,A01
201800043985,2.0,34,0,0.0,2.0,8.0,1.0,B01
201800043986,2.0,7,0,0.0,2.0,8.0,18.0,A01
201800043986,2.0,7,0,0.0,2.0,7.0,1.0,B01
201800043987,2.0,7,0,0.0,2.0,8.0,12.0,B01
201800043987,2.0,33,0,0.0,2.0,7.0,3.0,A01
201800043988,1.0,33,0,0.0,2.0,1.0,1.0,B01
201800043988,1.0,7,0,0.0,2.0,4.0,1.0,A01
201800043989,2.0,33,0,0.0,2.0,1.0,3.0,B01
201800043989,2.0,7,0,0.0,2.0,2.0,12.0,A01
201800043990,2.0,34,0,0.0,2.0,1.0,3.0,B01
201800043990,2.0,33,0,0.0,2.0,4.0,3.0,A01
201800043991,1.0,17,0,0.0,2.0,6.0,23.0,A01
201800043991,1.0,7,0,0.0,2.0,6.0,21.0,B01
201800043991,1.0,17,0,0.0,2.0,2.0,0.0,C01
201800043992,2.0,7,0,0.0,2.0,4.0,0.0,C01
201800043992,2.0,7,0,0.0,2.0,4.0,0.0,B01
201800043992,2.0,14,0,0.0,2.0,1.0,0.0,A01
201800043993,1.0,7,0,0.0,2.0,5.0,0.0,C01
201800043993,1.0,34,0,0.0,2.0,3.0,0.0,B01
201800043993,1.0,10,0,0.0,2.0,7.0,14.0,A01
201800043994,1.0,7,0,0.0,2.0,3.0,1.0,A01
201800043994,1.0,33,0,0.0,2.0,3.0,1.0,C01
201800043994,1.0,14,0,0.0,2.0,2.0,12.0,B01
201800043995,1.0,33,0,0.0,2.0,1.0,0.0,A01
201800043995,1.0,7,0,0.0,2.0,4.0,23.0,B01
201800043996,2.0,7,0,0.0,2.0,4.0,1.0,C01
201800043996,2.0,7,0,0.0,2.0,4.0,1.0,B01
201800043996,2.0,7,0,0.0,2.0,1.0,1.0,A01
201800043997,1.0,33,0,0.0,2.0,3.0,2.0,B01
201800043997,1.0,10,0,0.0,2.0,7.0,12.0,A01
201800043998,1.0,7,0,0.0,2.0,7.0,23.0,A01
201800043998,1.0,7,0,1.0,0.0,3.0,0.0,B01
201800043999,1.0,7,0,0.0,2.0,1.0,2.0,A01
201800043999,1.0,7,0,0.0,2.0,1.0,2.0,B01
201800043999,1.0,7,0,0.0,2.0,4.0,2.0,C01
201800044000,2.0,34,0,0.0,2.0,7.0,1.0,A01
201800044000,2.0,7,0,0.0,2.0,6.0,11.0,B01
201800044001,2.0,7,0,0.0,2.0,4.0,1.0,A01
201800044001,2.0,33,0,0.0,2.0,1.0,3.0,B01
201800044002,1.0,10,0,4.0,0.0,6.0,1.0,A01
201800044003,2.0,7,0,0.0,2.0,4.0,1.0,D01
201800044003,2.0,7,0,0.0,2.0,4.0,1.0,B01
201800044003,2.0,15,0,0.0,2.0,1.0,1.0,A01
201800044003,2.0,7,0,0.0,2.0,4.0,1.0,C01
201800044004,1.0,7,0,0.0,2.0,4.0,1.0,A01
201800044004,1.0,7,0,0.0,2.0,1.0,2.0,B01
201800044005,1.0,33,0,0.0,2.0,0.0,21.0,A01
201800044006,2.0,10,0,0.0,2.0,1.0,2.0,A01
201800044006,2.0,7,0,0.0,2.0,4.0,2.0,B01
201800044007,2.0,33,0,0.0,2.0,1.0,3.0,B01
201800044007,2.0,33,0,0.0,2.0,4.0,3.0,A01
201800044008,2.0,7,0,0.0,2.0,4.0,23.0,A01
201800044008,2.0,7,0,0.0,2.0,1.0,2.0,B01
201800044008,2.0,7,0,0.0,2.0,6.0,23.0,C01
201800044009,2.0,7,0,0.0,2.0,7.0,1.0,C01
201800044009,2.0,17,0,0.0,2.0,1.0,1.0,B01
201800044009,2.0,7,0,0.0,2.0,4.0,1.0,A01
201800044010,2.0,10,0,0.0,2.0,8.0,9.0,A01
201800044010,2.0,7,0,0.0,2.0,1.0,1.0,B01
201800044011,1.0,7,0,0.0,2.0,1.0,1.0,A01
201800044011,1.0,10,0,0.0,2.0,4.0,1.0,B01
201800044011,1.0,7,0,0.0,2.0,4.0,1.0,C01
201800044012,1.0,17,0,3.0,0.0,2.0,14.0,A01
201800044013,2.0,7,0,0.0,2.0,4.0,1.0,A01
201800044013,2.0,7,0,0.0,2.0,4.0,1.0,B01
201800044013,2.0,7,0,0.0,2.0,4.0,1.0,C01
201800044013,2.0,7,0,0.0,2.0,1.0,1.0,D01
201800044014,2.0,7,0,0.0,2.0,3.0,11.0,A01
201800044014,2.0,33,0,0.0,2.0,7.0,3.0,B01
201800044015,2.0,7,0,0.0,2.0,1.0,2.0,A01
201800044015,2.0,7,0,0.0,2.0,4.0,2.0,B01
201800044016,1.0,33,0,14.0,0.0,1.0,1.0,A01
201800044017,2.0,7,0,3.0,2.0,3.0,13.0,A01
201800044018,2.0,10,0,4.0,0.0,3.0,0.0,A01
201800044019,2.0,15,0,0.0,2.0,4.0,2.0,A01
201800044019,2.0,15,0,0.0,2.0,4.0,2.0,B01
201800044019,2.0,15,0,0.0,2.0,1.0,2.0,C01
201800044020,2.0,7,0,0.0,2.0,8.0,11.0,A01
201800044020,2.0,31,0,0.0,2.0,1.0,3.0,B01
201800044021,2.0,34,0,0.0,2.0,8.0,1.0,B01
201800044021,2.0,7,0,0.0,2.0,7.0,12.0,A01
201800044022,1.0,10,0,0.0,2.0,4.0,2.0,A01
201800044022,1.0,33,0,0.0,2.0,1.0,2.0,B01
201800044023,2.0,7,0,0.0,2.0,1.0,1.0,A01