Num_Acc,senc,catv,occutc,obs,obsm,choc,manv,num_veh
201800044023,2.0,7,0,0.0,2.0,4.0,13.0,B01
201800044024,2.0,7,0,0.0,2.0,4.0,0.0,A01
201800044024,2.0,7,0,0.0,2.0,1.0,0.0,C01
201800044024,2.0,7,0,0.0,2.0,1.0,0.0,B01
201800044025,1.0,15,0,0.0,2.0,2.0,12.0,B01
201800044025,1.0,7,0,0.0,2.0,6.0,1.0,A01
201800044026,2.0,10,0,4.0,2.0,1.0,2.0,A01
201800044026,2.0,10,0,4.0,2.0,0.0,13.0,Z01
201800044027,2.0,17,0,0.0,2.0,4.0,1.0,A01
201800044027,2.0,7,0,0.0,2.0,4.0,2.0,B01
201800044027,2.0,17,0,0.0,2.0,1.0,2.0,C01
201800044028,2.0,7,0,13.0,0.0,0.0,1.0,A01
201800044029,1.0,31,0,0.0,2.0,4.0,14.0,B01
201800044029,1.0,31,0,0.0,2.0,1.0,1.0,A01
201800044029,1.0,7,0,0.0,2.0,5.0,23.0,C01
201800044030,1.0,33,0,0.0,0.0,8.0,21.0,A01
201800044031,1.0,31,0,0.0,0.0,8.0,0.0,A01
201800044032,2.0,7,0,0.0,2.0,4.0,1.0,A01
201800044032,2.0,7,0,0.0,2.0,1.0,1.0,B01
201800044033,2.0,33,0,0.0,2.0,7.0,2.0,B01
201800044033,2.0,7,0,0.0,2.0,8.0,13.0,A01
201800044034,2.0,7,0,4.0,0.0,1.0,1.0,A01
201800044035,2.0,7,0,3.0,2.0,1.0,13.0,A01
201800044036,2.0,10,0,0.0,2.0,4.0,1.0,B01
201800044036,2.0,7,0,0.0,2.0,1.0,1.0,A01
201800044037,2.0,7,0,0.0,2.0,4.0,1.0,E01
201800044037,2.0,7,0,0.0,2.0,4.0,1.0,B01
201800044037,2.0,7,0,0.0,2.0,4.0,1.0,D01
201800044037,2.0,7,0,0.0,2.0,1.0,1.0,A01
201800044037,2.0,7,0,0.0,2.0,4.0,1.0,C01
201800044038,1.0,33,0,0.0,2.0,0.0,0.0,B01
201800044038,1.0,7,0,0.0,2.0,7.0,12.0,A01
201800044039,2.0,31,0,0.0,6.0,1.0,2.0,A01
201800044039,2.0,7,0,0.0,6.0,8.0,14.0,B01
201800044039,2.0,7,0,0.0,6.0,2.0,2.0,C01
201800044040,2.0,7,0,0.0,2.0,9.0,1.0,A01
201800044040,2.0,15,0,0.0,2.0,7.0,12.0,B01
201800044041,2.0,7,0,0.0,6.0,0.0,1.0,T01
201800044041,2.0,33,0,0.0,2.0,1.0,1.0,B01
201800044041,2.0,7,0,0.0,2.0,7.0,12.0,A01
201800044042,2.0,7,0,0.0,2.0,3.0,11.0,B01
201800044042,2.0,36,0,0.0,2.0,2.0,1.0,A01
201800044043,2.0,33,0,0.0,2.0,4.0,1.0,B01
201800044043,2.0,10,0,0.0,2.0,1.0,12.0,A01
201800044044,1.0,33,0,0.0,2.0,8.0,2.0,A01
201800044044,1.0,7,0,0.0,2.0,7.0,12.0,B01
201800044045,2.0,7,0,0.0,2.0,8.0,0.0,A01
201800044045,2.0,7,0,0.0,2.0,1.0,0.0,B01
201800044046,2.0,33,0,0.0,2.0,5.0,3.0,B01
201800044046,2.0,7,0,0.0,2.0,8.0,11.0,A01
201800044047,1.0,7,0,0.0,2.0,2.0,0.0,B01
201800044047,1.0,7,0,0.0,2.0,4.0,0.0,A01
201800044048,1.0,7,0,0.0,0.0,9.0,16.0,A01
201800044049,2.0,7,0,4.0,0.0,1.0,1.0,A01
201800044049,2.0,7,0,3.0,0.0,2.0,21.0,B01
201800044050,1.0,15,0,0.0,2.0,2.0,11.0,A01
201800044050,1.0,7,0,0.0,2.0,4.0,23.0,B01
201800044050,1.0,7,0,0.0,2.0,4.0,23.0,C01
201800044050,1.0,7,0,0.0,2.0,4.0,23.0,D01
201800044051,1.0,17,0,0.0,2.0,1.0,1.0,A01
201800044051,1.0,10,0,0.0,2.0,4.0,1.0,B01
201800044051,1.0,17,0,0.0,2.0,4.0,1.0,C01
201800044052,1.0,7,0,0.0,2.0,6.0,2.0,B01
201800044052,1.0,14,0,0.0,2.0,1.0,0.0,A01
201800044053,1.0,15,0,0.0,2.0,8.0,11.0,A01
201800044053,1.0,7,0,4.0,2.0,3.0,21.0,B01
201800044053,1.0,7,0,4.0,2.0,1.0,21.0,C01
201800044054,1.0,7,0,0.0,2.0,5.0,1.0,B01
201800044054,1.0,7,0,0.0,2.0,1.0,1.0,A01
201800044055,1.0,7,0,0.0,2.0,1.0,2.0,A01
201800044055,1.0,7,0,0.0,2.0,4.0,2.0,C01
201800044055,1.0,7,0,0.0,2.0,4.0,2.0,B01
201800044056,2.0,34,0,0.0,2.0,1.0,3.0,E01
201800044056,2.0,7,0,0.0,2.0,2.0,1.0,D01
201800044056,2.0,7,0,0.0,2.0,4.0,1.0,A01
201800044056,2.0,7,0,0.0,2.0,8.0,21.0,B01
201800044056,2.0,33,0,0.0,2.0,1.0,3.0,F01
201800044056,2.0,14,0,0.0,2.0,1.0,1.0,C01
201800044057,2.0,33,0,0.0,2.0,7.0,0.0,B01
201800044057,2.0,7,0,0.0,2.0,7.0,17.0,A01
201800044058,2.0,33,0,0.0,2.0,1.0,3.0,A01
201800044058,2.0,7,0,0.0,2.0,7.0,12.0,B01
201800044058,2.0,7,0,0.0,2.0,6.0,1.0,C01
201800044059,1.0,7,0,0.0,2.0,2.0,12.0,A01
201800044059,1.0,34,0,0.0,2.0,8.0,3.0,B01
201800044059,1.0,10,0,0.0,2.0,6.0,1.0,C01
201800044060,1.0,7,0,0.0,2.0,4.0,2.0,D01
201800044060,1.0,7,0,0.0,2.0,1.0,2.0,A01
201800044060,1.0,7,0,0.0,2.0,4.0,2.0,C01
201800044060,1.0,7,0,0.0,2.0,4.0,2.0,B01
201800044061,1.0,7,0,2.0,0.0,1.0,0.0,A01
201800044062,1.0,7,0,0.0,2.0,2.0,1.0,B01
201800044062,1.0,31,0,0.0,2.0,8.0,3.0,A01
201800044063,2.0,33,0,0.0,2.0,1.0,3.0,B01
201800044063,2.0,10,0,0.0,2.0,0.0,2.0,A01
201800044064,1.0,10,0,0.0,2.0,1.0,2.0,A01
201800044064,1.0,14,0,0.0,2.0,4.0,2.0,B01
201800044065,2.0,33,0,0.0,0.0,9.0,1.0,A01
201800044066,1.0,7,0,0.0,2.0,6.0,11.0,B01
201800044066,1.0,31,0,0.0,2.0,0.0,3.0,A01
201800044067,1.0,7,0,0.0,2.0,4.0,2.0,A01
201800044067,1.0,7,0,0.0,2.0,1.0,2.0,B01
201800044068,1.0,7,0,0.0,2.0,1.0,2.0,B01
201800044068,1.0,7,0,0.0,2.0,4.0,2.0,A01
201800044069,2.0,10,0,0.0,2.0,2.0,2.0,A01
201800044069,2.0,7,0,0.0,2.0,4.0,2.0,B01
201800044070,1.0,17,0,0.0,2.0,3.0,1.0,A01
201800044070,1.0,7,0,0.0,2.0,5.0,12.0,B01
201800044071,1.0,33,0,0.0,2.0,2.0,1.0,A01
201800044072,2.0,7,0,0.0,2.0,0.0,3.0,A01
201800044072,2.0,7,0,0.0,2.0,0.0,21.0,B01
201800044072,2.0,7,0,0.0,2.0,7.0,21.0,C01
201800044072,2.0,33,0,0.0,2.0,1.0,21.0,D01
201800044073,1.0,7,0,4.0,2.0,3.0,21.0,A01
201800044073,1.0,7,0,0.0,2.0,5.0,0.0,B01
201800044074,1.0,7,0,4.0,2.0,4.0,21.0,A01
201800044074,1.0,7,0,0.0,2.0,1.0,0.0,B01
201800044075,1.0,7,0,0.0,2.0,4.0,2.0,B01
201800044075,1.0,10,0,0.0,2.0,4.0,2.0,D01
201800044075,1.0,10,0,0.0,2.0,1.0,2.0,A01
201800044075,1.0,7,0,0.0,2.0,4.0,2.0,C01
201800044076,1.0,7,0,3.0,0.0,1.0,13.0,A01
201800044077,2.0,7,0,0.0,2.0,1.0,2.0,A01
201800044077,2.0,7,0,0.0,2.0,4.0,2.0,B01
201800044077,2.0,7,0,0.0,2.0,4.0,2.0,C01
201800044078,1.0,10,0,0.0,2.0,6.0,1.0,A01
201800044078,1.0,32,0,0.0,2.0,1.0,3.0,B01
201800044079,2.0,33,0,0.0,2.0,2.0,1.0,B01
201800044079,2.0,7,0,0.0,2.0,4.0,0.0,A01
201800044080,2.0,7,0,0.0,2.0,4.0,2.0,A01
201800044080,2.0,10,0,0.0,2.0,4.0,2.0,E01
201800044080,2.0,7,0,0.0,2.0,4.0,2.0,B01
201800044080,2.0,17,0,0.0,2.0,1.0,2.0,F01
201800044080,2.0,7,0,0.0,2.0,4.0,2.0,C01
201800044080,2.0,7,0,0.0,2.0,4.0,2.0,D01
201800044081,2.0,7,0,0.0,2.0,4.0,23.0,A01
201800044081,2.0,7,0,0.0,2.0,4.0,23.0,B01
201800044081,2.0,7,0,0.0,2.0,1.0,2.0,C01
201800044082,1.0,10,0,0.0,2.0,5.0,1.0,B01
201800044082,1.0,7,0,0.0,2.0,6.0,1.0,A01
201800044082,1.0,31,0,0.0,2.0,1.0,3.0,C01
201800044083,1.0,14,0,0.0,2.0,4.0,1.0,A01
201800044083,1.0,7,0,3.0,2.0,1.0,12.0,B01
201800044084,1.0,7,0,0.0,2.0,2.0,11.0,A01
201800044084,1.0,7,0,0.0,2.0,6.0,0.0,B01
201800044085,2.0,32,0,0.0,2.0,1.0,2.0,A01
201800044085,1.0,17,0,0.0,2.0,4.0,2.0,B01
201800044086,2.0,7,0,0.0,2.0,3.0,0.0,B01
201800044086,2.0,7,0,0.0,2.0,5.0,0.0,C01
201800044086,2.0,33,0,0.0,2.0,7.0,3.0,A01
201800044087,1.0,7,0,3.0,2.0,6.0,1.0,A01
201800044087,1.0,7,0,0.0,2.0,2.0,14.0,B01
201800044088,1.0,10,0,0.0,2.0,1.0,1.0,A01
201800044088,1.0,7,0,0.0,2.0,4.0,1.0,B01
201800044089,2.0,7,0,0.0,2.0,4.0,1.0,B01
201800044089,1.0,10,0,0.0,2.0,1.0,1.0,A01
201800044090,2.0,33,0,0.0,2.0,1.0,0.0,A01
201800044090,2.0,7,0,0.0,2.0,6.0,1.0,B01
201800044091,1.0,7,0,4.0,2.0,8.0,1.0,B01
201800044091,1.0,17,0,0.0,2.0,7.0,12.0,A01
201800044092,2.0,10,0,0.0,2.0,4.0,1.0,F01
201800044092,2.0,10,0,0.0,2.0,1.0,1.0,A01
201800044092,2.0,7,0,0.0,2.0,4.0,1.0,C01
201800044092,2.0,7,0,0.0,2.0,4.0,1.0,B01
201800044092,2.0,7,0,0.0,2.0,4.0,1.0,D01
201800044092,2.0,7,0,0.0,2.0,4.0,1.0,E01
201800044093,1.0,33,0,0.0,0.0,0.0,1.0,A01
201800044094,1.0,7,0,0.0,2.0,1.0,21.0,A01
201800044094,1.0,7,0,0.0,2.0,8.0,1.0,B01
201800044094,1.0,7,0,0.0,2.0,6.0,11.0,C01
201800044095,1.0,33,0,0.0,0.0,9.0,3.0,A01
201800044096,2.0,7,0,4.0,0.0,1.0,13.0,A01
201800044096,2.0,7,0,0.0,1.0,1.0,1.0,B01
201800044097,2.0,15,0,0.0,2.0,4.0,23.0,A01
201800044097,2.0,15,0,0.0,2.0,4.0,23.0,B01
201800044097,2.0,15,0,0.0,2.0,4.0,23.0,C01
201800044097,2.0,15,0,0.0,2.0,4.0,23.0,D01
201800044097,2.0,15,0,0.0,2.0,1.0,1.0,E01
201800044098,2.0,7,0,0.0,2.0,2.0,12.0,A01
201800044098,2.0,33,0,0.0,2.0,8.0,3.0,B01
201800044099,2.0,7,0,0.0,2.0,4.0,2.0,A01
201800044099,2.0,7,0,0.0,2.0,4.0,2.0,B01
201800044100,1.0,7,0,0.0,2.0,4.0,2.0,A01
201800044100,1.0,7,0,0.0,2.0,1.0,2.0,B01
201800044101,2.0,7,0,0.0,2.0,4.0,2.0,C01
201800044101,1.0,7,0,0.0,2.0,1.0,1.0,A01
201800044101,1.0,7,0,0.0,2.0,4.0,1.0,B01
201800044101,1.0,7,0,0.0,2.0,0.0,0.0,D01
201800044102,2.0,7,0,0.0,2.0,1.0,2.0,A01
201800044102,2.0,7,0,0.0,2.0,4.0,2.0,B01
201800044102,2.0,14,0,0.0,2.0,4.0,23.0,C01
201800044103,2.0,31,0,0.0,2.0,4.0,0.0,A01
201800044103,2.0,7,0,0.0,2.0,1.0,2.0,B01
201800044104,1.0,33,0,4.0,0.0,3.0,13.0,A01
201800044105,2.0,33,0,0.0,2.0,1.0,1.0,A01
201800044105,2.0,7,0,0.0,2.0,4.0,13.0,Z01
201800044106,1.0,7,0,0.0,2.0,1.0,2.0,A01
201800044106,1.0,7,0,0.0,2.0,4.0,0.0,B01
201800044107,1.0,7,0,0.0,2.0,1.0,14.0,A01
201800044107,1.0,7,0,0.0,2.0,4.0,1.0,B01
201800044108,2.0,34,0,0.0,0.0,7.0,1.0,A01
201800044109,1.0,10,0,0.0,2.0,1.0,2.0,A01
201800044109,1.0,7,0,0.0,2.0,4.0,2.0,B01
201800044109,1.0,7,0,0.0,2.0,4.0,2.0,C01
201800044110,1.0,7,0,0.0,2.0,6.0,1.0,A01
201800044110,1.0,16,0,0.0,2.0,2.0,12.0,B01
201800044111,2.0,7,0,4.0,0.0,8.0,19.0,A01
201800044112,1.0,7,0,0.0,2.0,3.0,1.0,A01
201800044112,1.0,33,0,0.0,2.0,2.0,14.0,B01
201800044113,2.0,7,0,0.0,2.0,7.0,12.0,A01
201800044113,2.0,32,0,0.0,2.0,3.0,3.0,B01
201800044114,1.0,7,0,0.0,2.0,4.0,2.0,B01
201800044114,1.0,10,0,0.0,2.0,4.0,23.0,C01
201800044114,1.0,14,0,0.0,2.0,1.0,1.0,A01
201800044115,2.0,10,0,0.0,2.0,4.0,1.0,A01
201800044115,2.0,7,0,0.0,2.0,1.0,1.0,B01
201800044116,2.0,17,0,0.0,2.0,4.0,20.0,A01
201800044116,2.0,33,0,0.0,2.0,7.0,23.0,B01
201800044117,2.0,7,0,0.0,2.0,8.0,11.0,A01
201800044117,2.0,33,0,0.0,2.0,7.0,3.0,B01
201800044117,2.0,7,0,0.0,2.0,4.0,2.0,C01
201800044118,2.0,33,0,0.0,2.0,5.0,12.0,A01
201800044119,1.0,7,0,0.0,2.0,1.0,1.0,A01
201800044119,1.0,7,0,0.0,2.0,4.0,23.0,B01
201800044120,2.0,33,0,4.0,0.0,6.0,17.0,A01
201800044121,1.0,7,0,13.0,0.0,9.0,1.0,A01
201800044122,1.0,7,0,0.0,2.0,5.0,1.0,C01
201800044122,1.0,33,0,0.0,2.0,2.0,3.0,B01
201800044122,1.0,7,0,0.0,2.0,8.0,11.0,A01
201800044123,2.0,10,0,0.0,2.0,8.0,2.0,B01
201800044123,2.0,33,0,0.0,2.0,9.0,12.0,A01
201800044123,2.0,10,0,0.0,2.0,7.0,2.0,C01
201800044124,2.0,33,0,0.0,2.0,2.0,3.0,B01
201800044124,2.0,7,0,0.0,2.0,3.0,11.0,A01
201800044125,1.0,7,0,0.0,2.0,2.0,12.0,A01
201800044125,1.0,33,0,0.0,2.0,8.0,1.0,B01
201800044126,1.0,7,0,0.0,0.0,9.0,0.0,A01
201800044127,2.0,13,0,0.0,2.0,1.0,0.0,A01
201800044127,2.0,10,0,0.0,2.0,4.0,12.0,B01
201800044128,1.0,7,0,3.0,2.0,2.0,2.0,A01
201800044128,1.0,7,0,0.0,2.0,7.0,11.0,B01
201800044129,2.0,7,0,0.0,0.0,6.0,11.0,A01
201800044129,2.0,33,0,0.0,2.0,1.0,3.0,B01
201800044130,1.0,14,0,0.0,2.0,2.0,2.0,B01
201800044130,1.0,7,0,0.0,2.0,6.0,9.0,A01
201800044131,1.0,7,0,0.0,0.0,4.0,2.0,A01
201800044131,1.0,7,0,0.0,2.0,1.0,2.0,C01
201800044131,1.0,7,0,0.0,2.0,4.0,2.0,B01
201800044132,2.0,13,0,0.0,2.0,4.0,1.0,A01
201800044132,2.0,10,0,0.0,2.0,1.0,1.0,B01
201800044132,2.0,10,0,0.0,2.0,1.0,1.0,C01
201800044133,1.0,7,0,0.0,2.0,1.0,2.0,A01
201800044133,1.0,7,0,0.0,6.0,4.0,2.0,B01
201800044134,1.0,7,0,0.0,2.0,2.0,0.0,A01
201800044134,1.0,33,0,0.0,2.0,3.0,3.0,B01
201800044134,1.0,7,0,0.0,2.0,4.0,1.0,C01
201800044135,2.0,7,0,0.0,2.0,7.0,12.0,A01
201800044135,2.0,7,0,0.0,2.0,8.0,1.0,B01
201800044136,2.0,10,0,0.0,0.0,0.0,0.0,Z01
201800044136,2.0,33,0,0.0,2.0,7.0,2.0,A01
201800044137,2.0,7,0,0.0,2.0,8.0,1.0,A01
201800044137,2.0,31,0,0.0,2.0,7.0,3.0,B01
201800044138,1.0,7,0,0.0,2.0,4.0,1.0,B01
201800044138,1.0,7,0,0.0,2.0,4.0,1.0,C01
201800044138,1.0,7,0,0.0,2.0,4.0,1.0,E01
201800044138,1.0,7,0,4.0,2.0,1.0,1.0,A01
201800044138,1.0,37,1,0.0,2.0,8.0,1.0,D01
201800044139,2.0,10,0,0.0,2.0,2.0,2.0,B01
201800044139,2.0,33,0,0.0,2.0,8.0,3.0,A01
201800044139,2.0,7,0,0.0,2.0,4.0,2.0,C01
201800044140,1.0,14,0,0.0,2.0,1.0,1.0,A01
201800044140,1.0,7,0,0.0,2.0,4.0,2.0,B01
201800044141,2.0,10,0,1.0,0.0,2.0,14.0,A01
201800044141,2.0,10,0,1.0,0.0,0.0,0.0,B01
201800044142,1.0,7,0,0.0,2.0,8.0,11.0,A01
201800044143,2.0,33,0,0.0,2.0,2.0,1.0,B01
201800044143,2.0,7,0,0.0,2.0,6.0,11.0,A01
201800044144,2.0,32,0,0.0,2.0,6.0,12.0,A01
201800044144,2.0,7,0,0.0,2.0,1.0,3.0,B01
201800044145,1.0,7,0,4.0,0.0,7.0,15.0,A01
201800044146,1.0,7,0,0.0,2.0,4.0,1.0,B01
201800044146,1.0,7,0,0.0,2.0,1.0,1.0,A01
201800044147,2.0,7,0,0.0,2.0,1.0,2.0,A01
201800044147,2.0,7,0,0.0,2.0,4.0,2.0,B01
201800044147,2.0,7,0,0.0,2.0,4.0,2.0,C01
201800044147,2.0,7,0,0.0,2.0,4.0,2.0,D01
201800044148,1.0,7,0,0.0,2.0,7.0,2.0,D01
201800044148,1.0,17,0,0.0,2.0,8.0,1.0,C01
201800044148,1.0,7,0,0.0,2.0,7.0,2.0,B01
201800044148,1.0,33,0,0.0,2.0,8.0,3.0,A01
201800044149,2.0,7,0,0.0,0.0,4.0,0.0,B01
201800044149,2.0,7,0,0.0,2.0,1.0,0.0,A01
201800044149,2.0,7,0,0.0,2.0,1.0,0.0,C01
201800044150,2.0,99,0,0.0,2.0,7.0,14.0,Z01
201800044150,2.0,33,0,0.0,2.0,8.0,3.0,A01
201800044151,2.0,13,0,0.0,2.0,2.0,12.0,A01
201800044151,2.0,7,0,0.0,2.0,6.0,1.0,B01
201800044152,1.0,31,0,0.0,2.0,1.0,2.0,A01
201800044152,1.0,10,0,0.0,2.0,3.0,2.0,B01
201800044153,1.0,7,0,0.0,2.0,7.0,12.0,A01
201800044153,2.0,31,0,0.0,2.0,8.0,3.0,B01
201800044154,2.0,7,0,0.0,2.0,1.0,2.0,A01
201800044154,2.0,7,0,0.0,2.0,4.0,2.0,B01
201800044155,1.0,7,0,14.0,0.0,4.0,2.0,A01
201800044155,1.0,10,0,0.0,2.0,4.0,23.0,B01
201800044155,1.0,7,0,0.0,2.0,3.0,1.0,C01
201800044156,2.0,15,0,0.0,2.0,2.0,12.0,A01
201800044156,2.0,7,0,0.0,2.0,6.0,1.0,B01
201800044157,1.0,33,0,0.0,2.0,8.0,1.0,A01
201800044157,1.0,7,0,0.0,2.0,5.0,12.0,B01
201800044158,1.0,7,0,3.0,0.0,1.0,0.0,A01
201800044159,2.0,7,0,0.0,0.0,8.0,1.0,A01
201800044159,2.0,15,0,0.0,2.0,2.0,12.0,B01
201800044160,2.0,7,0,4.0,0.0,2.0,1.0,A01
201800044161,1.0,7,0,0.0,2.0,2.0,21.0,C01
201800044161,1.0,7,0,0.0,2.0,4.0,1.0,B01
201800044161,1.0,15,0,0.0,2.0,1.0,1.0,A01
201800044162,1.0,7,0,0.0,0.0,7.0,0.0,C01
201800044162,1.0,7,0,0.0,0.0,4.0,0.0,B01
201800044162,1.0,33,0,0.0,2.0,4.0,9.0,A01
201800044163,1.0,33,0,0.0,2.0,1.0,11.0,B01
201800044163,1.0,7,0,0.0,2.0,6.0,11.0,A01
201800044164,2.0,10,0,0.0,2.0,6.0,11.0,B01
201800044164,2.0,33,0,0.0,2.0,2.0,3.0,A01
201800044165,2.0,10,0,0.0,2.0,7.0,14.0,A01
201800044165,2.0,15,0,0.0,2.0,3.0,2.0,B01
201800044166,1.0,7,0,6.0,0.0,3.0,13.0,A01
201800044167,1.0,7,0,0.0,2.0,3.0,1.0,A01
201800044167,1.0,14,0,0.0,2.0,7.0,1.0,B01
201800044168,2.0,7,0,0.0,2.0,4.0,2.0,A01
201800044168,2.0,7,0,0.0,2.0,4.0,2.0,B01
201800044168,2.0,7,0,0.0,2.0,4.0,2.0,C01
201800044168,2.0,7,0,0.0,2.0,1.0,1.0,D01
201800044168,2.0,7,0,0.0,2.0,1.0,2.0,E01
201800044169,1.0,10,0,0.0,2.0,0.0,1.0,C01
201800044169,1.0,7,0,0.0,2.0,5.0,1.0,B01
201800044169,1.0,7,0,0.0,2.0,0.0,1.0,D01
201800044169,1.0,33,0,0.0,2.0,3.0,3.0,A01
201800044170,2.0,7,0,0.0,2.0,1.0,14.0,A01
201800044170,2.0,7,0,0.0,2.0,7.0,1.0,B01
201800044171,2.0,16,0,0.0,2.0,1.0,2.0,B01
201800044171,2.0,7,0,0.0,2.0,3.0,2.0,A01
201800044172,1.0,7,0,0.0,2.0,7.0,1.0,A01
201800044172,1.0,7,0,0.0,2.0,5.0,12.0,B01
201800044172,1.0,33,0,0.0,2.0,3.0,3.0,C01
201800044173,1.0,7,0,0.0,2.0,4.0,0.0,B01
201800044173,1.0,10,0,0.0,2.0,4.0,1.0,E01
201800044173,1.0,10,0,0.0,2.0,4.0,1.0,C01
201800044173,1.0,7,0,0.0,2.0,4.0,1.0,D01
201800044173,1.0,10,0,0.0,2.0,1.0,1.0,A01
201800044174,2.0,7,0,0.0,2.0,1.0,1.0,A01
201800044174,2.0,7,0,0.0,2.0,4.0,1.0,B01
201800044174,2.0,15,0,0.0,2.0,8.0,1.0,C01
201800044175,2.0,10,0,0.0,2.0,4.0,1.0,A01
201800044175,2.0,7,0,0.0,2.0,1.0,2.0,B01
201800044175,2.0,7,0,0.0,2.0,1.0,2.0,C01
201800044176,2.0,7,0,0.0,2.0,4.0,24.0,A01
201800044176,2.0,31,0,1.0,2.0,1.0,1.0,B01
201800044177,1.0,7,0,4.0,0.0,1.0,13.0,A01
201800044178,1.0,2,0,0.0,0.0,7.0,1.0,A01
201800044179,1.0,7,0,0.0,2.0,4.0,2.0,B01
201800044179,1.0,7,0,0.0,2.0,1.0,2.0,A01
201800044179,1.0,7,0,0.0,2.0,4.0,2.0,C01
201800044180,1.0,10,0,0.0,2.0,1.0,21.0,B01
201800044180,1.0,7,0,0.0,2.0,5.0,23.0,A01
201800044181,1.0,7,0,0.0,2.0,8.0,0.0,A01
201800044181,1.0,15,0,0.0,2.0,7.0,1.0,B01
201800044182,1.0,7,0,0.0,2.0,4.0,2.0,A01
201800044182,1.0,7,0,0.0,2.0,1.0,2.0,B01
201800044183,1.0,33,0,0.0,2.0,4.0,11.0,B01
201800044183,1.0,33,0,0.0,2.0,1.0,1.0,A01
201800044184,1.0,33,0,4.0,0.0,3.0,2.0,A01
201800044185,1.0,7,0,0.0,2.0,4.0,2.0,A01
201800044185,1.0,7,0,0.0,2.0,1.0,2.0,B01
201800044186,1.0,10,0,0.0,2.0,6.0,11.0,B01
201800044186,1.0,32,0,0.0,2.0,2.0,2.0,A01
201800044187,1.0,7,0,0.0,2.0,8.0,1.0,B01
201800044187,1.0,7,0,14.0,0.0,1.0,21.0,C01
201800044187,1.0,7,0,0.0,2.0,2.0,14.0,A01
201800044188,1.0,7,0,0.0,2.0,4.0,2.0,A01
201800044188,1.0,7,0,0.0,2.0,1.0,2.0,B01
201800044189,1.0,7,0,0.0,2.0,1.0,2.0,A01
201800044189,1.0,7,0,0.0,2.0,4.0,23.0,B01
201800044189,1.0,7,0,0.0,2.0,4.0,2.0,C01
201800044189,1.0,7,0,0.0,2.0,4.0,2.0,D01
201800044189,1.0,7,0,0.0,2.0,4.0,2.0,E01
201800044190,1.0,15,0,4.0,2.0,4.0,2.0,B01
201800044190,2.0,10,0,0.0,2.0,1.0,2.0,A01
201800044191,2.0,33,0,0.0,0.0,0.0,3.0,A01
201800044192,1.0,7,0,0.0,2.0,4.0,2.0,B01
201800044192,1.0,7,0,0.0,2.0,1.0,2.0,A01
201800044193,1.0,7,0,0.0,2.0,1.0,2.0,A01
201800044193,1.0,7,0,0.0,2.0,4.0,2.0,B01
201800044193,1.0,7,0,0.0,2.0,1.0,2.0,C01
201800044193,1.0,7,0,0.0,2.0,1.0,2.0,D01
201800044193,1.0,17,0,0.0,2.0,1.0,2.0,E01
201800044194,1.0,30,0,0.0,0.0,0.0,3.0,A01
201800044195,1.0,7,0,0.0,2.0,1.0,2.0,A01
201800044195,1.0,7,0,0.0,2.0,4.0,2.0,B01
201800044195,1.0,10,0,0.0,2.0,2.0,2.0,C01
201800044195,1.0,10,0,0.0,0.0,0.0,2.0,D01
201800044196,2.0,7,0,0.0,2.0,7.0,12.0,B01
201800044196,2.0,33,0,0.0,2.0,8.0,1.0,A01
201800044197,1.0,7,0,0.0,2.0,4.0,2.0,B01
201800044197,1.0,7,0,0.0,2.0,4.0,23.0,A01
201800044197,1.0,7,0,0.0,2.0,1.0,2.0,C01
201800044198,2.0,7,0,0.0,2.0,7.0,14.0,B01
201800044198,2.0,7,0,0.0,2.0,8.0,1.0,A01
201800044199,2.0,31,0,0.0,2.0,9.0,3.0,A01
201800044199,2.0,7,0,0.0,2.0,5.0,1.0,B01
201800044200,2.0,33,0,0.0,2.0,1.0,11.0,A01
201800044200,2.0,10,0,0.0,2.0,5.0,1.0,C01
201800044200,2.0,15,0,0.0,2.0,4.0,1.0,B01
201800044201,2.0,7,0,0.0,2.0,4.0,2.0,B01
201800044201,2.0,7,0,0.0,2.0,1.0,2.0,C01
201800044201,2.0,10,0,0.0,2.0,4.0,2.0,A01
201800044202,1.0,31,0,0.0,2.0,2.0,3.0,A01
201800044202,1.0,31,0,0.0,2.0,6.0,9.0,B01
201800044203,2.0,7,0,0.0,2.0,2.0,12.0,A01
201800044203,2.0,33,0,0.0,2.0,3.0,3.0,B01
201800044204,2.0,7,0,0.0,2.0,1.0,9.0,A01
201800044204,2.0,7,0,0.0,2.0,4.0,23.0,B01
201800044204,2.0,7,0,0.0,2.0,4.0,23.0,C01
201800044205,1.0,10,0,0.0,2.0,1.0,1.0,A01
201800044205,1.0,7,0,0.0,2.0,9.0,1.0,B01
201800044205,1.0,7,0,0.0,2.0,9.0,1.0,C01
201800044205,1.0,7,0,0.0,2.0,9.0,1.0,D01
201800044205,1.0,7,0,0.0,2.0,4.0,1.0,E01
201800044206,1.0,10,0,14.0,0.0,1.0,2.0,A01
201800044206,1.0,7,0,14.0,0.0,4.0,2.0,B01
201800044207,1.0,7,0,13.0,0.0,3.0,14.0,A01
201800044208,2.0,7,0,0.0,2.0,4.0,2.0,B01
201800044208,2.0,7,0,0.0,2.0,4.0,2.0,A01
201800044208,2.0,15,0,0.0,2.0,1.0,1.0,C01
201800044209,1.0,7,0,0.0,2.0,1.0,2.0,Z01
201800044209,1.0,33,0,0.0,2.0,4.0,2.0,A01