Num_Acc,senc,catv,occutc,obs,obsm,choc,manv,num_veh
201800044210,1.0,7,0,0.0,0.0,4.0,1.0,A01
201800044210,1.0,7,0,0.0,2.0,1.0,2.0,C01
201800044210,1.0,7,0,0.0,2.0,1.0,2.0,B01
201800044211,2.0,7,0,0.0,2.0,4.0,1.0,B01
201800044211,2.0,7,0,0.0,2.0,3.0,2.0,A01
201800044211,2.0,7,0,0.0,2.0,4.0,1.0,C01
201800044212,1.0,34,0,1.0,0.0,1.0,9.0,B01
201800044212,1.0,7,0,0.0,2.0,6.0,0.0,A01
201800044213,2.0,7,0,0.0,0.0,4.0,23.0,B01
201800044213,2.0,7,0,0.0,2.0,1.0,2.0,A01
201800044214,2.0,33,0,0.0,2.0,1.0,1.0,A01
201800044214,2.0,15,0,0.0,2.0,6.0,11.0,B01
201800044215,1.0,14,0,0.0,2.0,7.0,2.0,A01
201800044215,1.0,7,0,0.0,2.0,8.0,2.0,B01
201800044216,1.0,10,0,0.0,2.0,5.0,2.0,B01
201800044216,1.0,33,0,0.0,2.0,1.0,2.0,A01
201800044217,1.0,7,0,0.0,2.0,4.0,1.0,C01
201800044217,1.0,33,0,0.0,2.0,1.0,3.0,B01
201800044217,1.0,33,0,0.0,2.0,1.0,3.0,A01
201800044218,1.0,7,0,0.0,2.0,4.0,23.0,A01
201800044219,2.0,33,0,14.0,0.0,1.0,14.0,A01
201800044219,2.0,14,0,0.0,0.0,4.0,23.0,B01
201800044220,1.0,7,0,0.0,2.0,3.0,14.0,B01
201800044220,1.0,7,0,0.0,2.0,5.0,2.0,A01
201800044221,2.0,33,0,0.0,2.0,1.0,1.0,A01
201800044221,2.0,7,0,0.0,2.0,5.0,1.0,B01
201800044222,2.0,10,0,0.0,2.0,2.0,3.0,A01
201800044222,2.0,7,0,0.0,2.0,8.0,11.0,B01
201800044222,2.0,10,0,0.0,2.0,5.0,1.0,C01
201800044223,2.0,7,0,0.0,2.0,2.0,12.0,B01
201800044223,2.0,33,0,0.0,2.0,1.0,3.0,A01
201800044223,2.0,7,0,0.0,2.0,4.0,1.0,C01
201800044224,2.0,15,0,0.0,2.0,4.0,2.0,A01
201800044224,2.0,15,0,0.0,2.0,4.0,2.0,B01
201800044224,2.0,15,0,0.0,2.0,1.0,2.0,C01
201800044225,2.0,15,0,0.0,2.0,7.0,12.0,A01
201800044225,2.0,7,0,0.0,2.0,8.0,1.0,B01
201800044226,1.0,10,0,0.0,2.0,6.0,11.0,A01
201800044226,1.0,15,0,0.0,2.0,2.0,1.0,B01
201800044226,1.0,7,0,0.0,2.0,1.0,1.0,C01
201800044226,1.0,7,0,0.0,2.0,4.0,1.0,D01
201800044226,1.0,7,0,0.0,2.0,4.0,1.0,E01
201800044227,2.0,33,0,0.0,2.0,1.0,3.0,B01
201800044227,2.0,7,0,0.0,0.0,6.0,23.0,A01
201800044228,1.0,10,0,0.0,2.0,2.0,1.0,A01
201800044228,1.0,17,0,0.0,2.0,6.0,1.0,B01
201800044229,2.0,7,0,0.0,2.0,2.0,2.0,B01
201800044229,2.0,33,0,0.0,0.0,4.0,2.0,A01
201800044230,1.0,7,0,0.0,2.0,3.0,1.0,A01
201800044230,1.0,7,0,0.0,2.0,7.0,14.0,B01
201800044231,1.0,7,0,0.0,2.0,4.0,2.0,C01
201800044231,1.0,7,0,0.0,2.0,1.0,2.0,A01
201800044231,1.0,7,0,0.0,2.0,4.0,2.0,B01
201800044232,2.0,7,0,0.0,,4.0,2.0,A01
201800044232,2.0,7,0,0.0,2.0,1.0,2.0,B01
201800044233,1.0,7,0,0.0,2.0,6.0,1.0,A01
201800044233,1.0,7,0,0.0,2.0,2.0,21.0,B01
201800044233,1.0,7,0,4.0,0.0,1.0,21.0,C01
201800044234,2.0,33,0,0.0,0.0,7.0,3.0,A01
201800044235,2.0,7,0,4.0,0.0,3.0,2.0,A01
201800044236,2.0,7,0,0.0,2.0,4.0,1.0,B01
201800044236,2.0,7,0,0.0,2.0,1.0,1.0,C01
201800044236,2.0,7,0,0.0,2.0,1.0,1.0,A01
201800044237,2.0,7,0,0.0,0.0,6.0,0.0,B01
201800044237,2.0,7,0,0.0,2.0,2.0,9.0,A01
201800044238,1.0,17,0,0.0,2.0,1.0,12.0,A01
201800044238,1.0,7,0,0.0,2.0,4.0,1.0,B01
201800044239,2.0,7,0,0.0,2.0,4.0,23.0,A01
201800044239,2.0,7,0,14.0,2.0,4.0,0.0,B01
201800044239,2.0,7,0,14.0,0.0,1.0,0.0,C01
201800044240,1.0,7,0,2.0,0.0,1.0,9.0,A01
201800044241,2.0,33,0,0.0,2.0,8.0,3.0,B01
201800044241,2.0,7,0,0.0,2.0,7.0,12.0,A01
201800044242,2.0,17,0,0.0,1.0,1.0,2.0,A01
201800044243,1.0,7,0,0.0,2.0,2.0,12.0,A01
201800044243,1.0,33,0,0.0,2.0,8.0,1.0,B01
201800044244,1.0,7,0,0.0,2.0,6.0,0.0,A01
201800044244,1.0,33,0,0.0,2.0,1.0,0.0,B01
201800044245,2.0,33,0,0.0,2.0,2.0,3.0,A01
201800044245,2.0,10,0,0.0,2.0,3.0,23.0,B01
201800044245,2.0,10,0,0.0,2.0,6.0,1.0,C01
201800044246,2.0,7,0,0.0,2.0,4.0,2.0,B01
201800044246,2.0,7,0,0.0,2.0,1.0,2.0,A01
201800044247,2.0,15,0,0.0,2.0,4.0,1.0,A01
201800044247,2.0,13,0,0.0,2.0,1.0,2.0,B01
201800044248,2.0,7,0,0.0,2.0,4.0,1.0,A01
201800044248,2.0,10,0,0.0,2.0,4.0,1.0,B01
201800044248,2.0,10,0,0.0,2.0,1.0,1.0,C01
201800044249,1.0,31,0,0.0,2.0,1.0,2.0,B01
201800044249,1.0,7,0,0.0,2.0,2.0,12.0,A01
201800044250,2.0,10,0,0.0,2.0,5.0,0.0,B01
201800044250,2.0,31,0,0.0,2.0,1.0,0.0,A01
201800044251,2.0,31,0,0.0,2.0,3.0,3.0,A01
201800044252,2.0,10,0,0.0,2.0,2.0,12.0,B01
201800044252,2.0,7,0,4.0,2.0,3.0,0.0,A01
201800044253,2.0,33,0,3.0,0.0,8.0,17.0,A01
201800044254,1.0,7,0,3.0,0.0,7.0,14.0,A01
201800044255,2.0,7,0,0.0,2.0,4.0,1.0,C01
201800044255,2.0,7,0,0.0,2.0,9.0,1.0,A01
201800044255,2.0,7,0,0.0,2.0,1.0,11.0,B01
201800044256,2.0,7,0,0.0,2.0,8.0,0.0,B01
201800044256,2.0,33,0,0.0,2.0,1.0,9.0,A01
201800044257,2.0,33,0,0.0,2.0,8.0,3.0,A01
201800044257,2.0,7,0,0.0,2.0,2.0,12.0,B01
201800044258,2.0,15,0,0.0,2.0,2.0,12.0,A01
201800044258,2.0,7,0,0.0,2.0,8.0,1.0,B01
201800044259,1.0,7,0,0.0,2.0,6.0,1.0,A01
201800044259,1.0,7,0,0.0,2.0,5.0,1.0,B01
201800044259,1.0,33,0,0.0,2.0,9.0,3.0,C01
201800044260,1.0,10,0,0.0,2.0,4.0,2.0,B01
201800044260,1.0,10,0,0.0,2.0,1.0,2.0,A01
201800044261,1.0,7,0,0.0,2.0,5.0,23.0,B01
201800044261,1.0,7,0,0.0,2.0,3.0,1.0,A01
201800044262,2.0,7,0,0.0,2.0,1.0,1.0,C01
201800044262,2.0,10,0,0.0,2.0,4.0,1.0,A01
201800044262,2.0,7,0,0.0,2.0,1.0,1.0,B01
201800044263,2.0,33,0,0.0,2.0,8.0,2.0,A01
201800044264,1.0,7,0,0.0,2.0,1.0,2.0,B01
201800044264,1.0,10,0,0.0,0.0,4.0,23.0,A01
201800044265,1.0,7,0,6.0,0.0,2.0,0.0,A01
201800044266,1.0,7,0,0.0,2.0,6.0,2.0,B01
201800044266,2.0,7,0,0.0,2.0,2.0,14.0,A01
201800044266,1.0,7,0,0.0,2.0,4.0,2.0,C01
201800044267,2.0,7,0,0.0,2.0,6.0,1.0,A01
201800044267,2.0,14,0,0.0,2.0,2.0,12.0,B01
201800044268,2.0,7,0,14.0,0.0,1.0,1.0,A01
201800044268,2.0,7,0,0.0,2.0,4.0,23.0,B01
201800044268,2.0,7,0,0.0,2.0,7.0,1.0,C01
201800044269,2.0,7,0,0.0,2.0,4.0,1.0,A01
201800044269,2.0,7,0,0.0,2.0,1.0,2.0,B01
201800044270,1.0,7,0,6.0,0.0,2.0,21.0,A01
201800044271,1.0,7,0,3.0,0.0,2.0,21.0,A01
201800044272,2.0,33,0,0.0,2.0,0.0,3.0,A01
201800044272,2.0,7,0,0.0,2.0,4.0,1.0,B01
201800044273,1.0,7,0,3.0,0.0,2.0,1.0,A01
201800044274,2.0,7,0,0.0,2.0,7.0,1.0,D01
201800044274,2.0,7,0,0.0,2.0,3.0,1.0,A01
201800044274,2.0,7,0,0.0,2.0,5.0,1.0,C01
201800044274,2.0,7,0,0.0,2.0,9.0,3.0,B01
201800044275,1.0,7,0,0.0,2.0,2.0,12.0,A01
201800044275,1.0,33,0,0.0,2.0,8.0,3.0,B01
201800044276,1.0,7,0,0.0,2.0,0.0,0.0,A01
201800044276,1.0,7,0,0.0,2.0,0.0,0.0,B01
201800044276,1.0,7,0,0.0,2.0,0.0,0.0,C01
201800044277,2.0,10,0,0.0,2.0,1.0,2.0,A01
201800044277,2.0,7,0,0.0,2.0,4.0,23.0,B01
201800044278,1.0,7,0,0.0,2.0,4.0,2.0,B01
201800044278,1.0,7,0,0.0,2.0,1.0,2.0,A01
201800044278,1.0,7,0,0.0,2.0,4.0,2.0,C01
201800044279,2.0,7,0,0.0,2.0,1.0,2.0,A01
201800044280,2.0,7,0,0.0,2.0,4.0,1.0,C01
201800044280,2.0,7,0,0.0,2.0,1.0,1.0,A01
201800044280,2.0,7,0,0.0,2.0,4.0,1.0,B01
201800044281,1.0,31,0,0.0,2.0,8.0,1.0,A01
201800044282,2.0,33,0,0.0,2.0,7.0,3.0,B01
201800044282,2.0,7,0,0.0,2.0,4.0,0.0,A01
201800044283,2.0,7,0,0.0,2.0,1.0,1.0,A01
201800044283,2.0,7,0,0.0,2.0,4.0,23.0,B01
201800044284,2.0,7,0,0.0,2.0,4.0,11.0,A01
201800044284,2.0,33,0,0.0,2.0,1.0,1.0,B01
201800044285,2.0,7,0,0.0,2.0,1.0,2.0,C01
201800044285,2.0,7,0,0.0,2.0,4.0,2.0,B01
201800044285,2.0,7,0,0.0,2.0,4.0,2.0,A01
201800044286,1.0,7,0,0.0,2.0,2.0,12.0,B01
201800044286,1.0,7,0,0.0,2.0,6.0,1.0,A01
201800044287,2.0,33,0,0.0,2.0,7.0,3.0,A01
201800044287,2.0,7,0,0.0,2.0,3.0,11.0,B01
201800044288,2.0,31,0,0.0,0.0,0.0,2.0,A01
201800044289,2.0,7,0,0.0,2.0,2.0,12.0,A01
201800044289,2.0,33,0,0.0,2.0,8.0,3.0,B01
201800044290,1.0,33,0,0.0,2.0,1.0,3.0,A01
201800044290,1.0,7,0,0.0,2.0,7.0,1.0,B01
201800044291,2.0,7,0,0.0,2.0,1.0,1.0,A01
201800044291,2.0,7,0,0.0,2.0,4.0,1.0,D01
201800044291,2.0,7,0,0.0,2.0,4.0,1.0,C01
201800044291,2.0,7,0,0.0,2.0,4.0,1.0,B01
201800044292,2.0,10,0,0.0,2.0,7.0,11.0,A01
201800044292,2.0,33,0,0.0,2.0,0.0,3.0,B01
201800044293,2.0,10,0,0.0,2.0,3.0,11.0,A01
201800044293,2.0,33,0,0.0,2.0,1.0,2.0,B01
201800044294,2.0,13,0,0.0,2.0,4.0,2.0,A01
201800044294,2.0,10,0,0.0,2.0,1.0,2.0,B01
201800044294,2.0,15,0,3.0,0.0,1.0,21.0,C01
201800044295,2.0,7,0,0.0,2.0,5.0,0.0,A01
201800044295,2.0,31,0,0.0,2.0,1.0,0.0,B01
201800044296,1.0,7,0,0.0,2.0,5.0,12.0,A01
201800044296,1.0,32,0,0.0,2.0,1.0,3.0,B01
201800044297,1.0,7,0,0.0,2.0,1.0,9.0,A01
201800044297,1.0,33,0,0.0,2.0,1.0,2.0,B01
201800044297,1.0,7,0,0.0,2.0,8.0,21.0,C01
201800044298,2.0,7,0,0.0,2.0,4.0,12.0,A01
201800044298,2.0,33,0,0.0,2.0,1.0,3.0,B01
201800044299,1.0,33,0,0.0,2.0,3.0,3.0,A01
201800044299,1.0,7,0,0.0,2.0,7.0,12.0,B01
201800044300,1.0,33,0,0.0,2.0,2.0,3.0,A01
201800044300,1.0,7,0,0.0,2.0,3.0,12.0,B01
201800044301,2.0,7,0,0.0,2.0,1.0,1.0,C01
201800044301,2.0,7,0,0.0,2.0,1.0,1.0,A01
201800044301,2.0,7,0,0.0,2.0,1.0,1.0,D01
201800044301,2.0,7,0,0.0,2.0,1.0,1.0,B01
201800044302,1.0,7,0,6.0,0.0,1.0,1.0,A01
201800044303,1.0,7,0,4.0,0.0,1.0,1.0,A01
201800044304,1.0,7,0,0.0,2.0,5.0,1.0,A01
201800044304,1.0,33,0,0.0,2.0,1.0,3.0,B01
201800044305,1.0,7,0,0.0,2.0,4.0,2.0,A01
201800044305,1.0,7,0,0.0,2.0,1.0,2.0,B01
201800044306,2.0,33,0,0.0,2.0,1.0,3.0,A01
201800044306,2.0,10,0,0.0,2.0,5.0,12.0,Z01
201800044307,2.0,7,0,0.0,2.0,4.0,12.0,B01
201800044307,2.0,7,0,0.0,2.0,1.0,2.0,C01
201800044307,2.0,7,0,0.0,2.0,4.0,1.0,A01
201800044308,1.0,7,0,0.0,2.0,4.0,1.0,B01
201800044308,1.0,7,0,0.0,2.0,4.0,1.0,A01
201800044308,1.0,10,0,0.0,2.0,1.0,1.0,C01
201800044309,2.0,7,0,0.0,6.0,1.0,1.0,A01
201800044309,1.0,7,0,0.0,6.0,4.0,2.0,B01
201800044310,2.0,7,0,0.0,2.0,6.0,1.0,B01
201800044310,2.0,7,0,0.0,2.0,0.0,1.0,C01
201800044310,2.0,15,0,0.0,2.0,2.0,12.0,A01
201800044311,2.0,7,0,0.0,2.0,4.0,1.0,A01
201800044311,2.0,7,0,0.0,2.0,4.0,1.0,B01
201800044311,2.0,7,0,0.0,2.0,4.0,1.0,C01
201800044311,2.0,7,0,0.0,2.0,4.0,1.0,D01
201800044311,2.0,7,0,0.0,2.0,1.0,1.0,E01
201800044312,2.0,7,0,0.0,2.0,8.0,11.0,A01
201800044312,2.0,34,0,0.0,2.0,2.0,3.0,B01
201800044312,2.0,7,0,0.0,2.0,4.0,13.0,C01
201800044313,2.0,7,0,0.0,2.0,4.0,0.0,A01
201800044313,2.0,7,0,0.0,2.0,1.0,0.0,B01
201800044313,2.0,7,0,0.0,2.0,4.0,0.0,C01
201800044314,2.0,33,0,0.0,2.0,1.0,2.0,A01
201800044314,2.0,14,0,0.0,0.0,4.0,2.0,B01
201800044315,2.0,7,0,0.0,2.0,1.0,2.0,A01
201800044315,2.0,7,0,0.0,0.0,4.0,2.0,B01
201800044316,1.0,10,0,0.0,2.0,5.0,12.0,A01
201800044316,1.0,15,0,0.0,2.0,3.0,1.0,B01
201800044317,1.0,15,0,0.0,2.0,1.0,13.0,A01
201800044317,1.0,15,0,0.0,2.0,2.0,2.0,B01
201800044317,1.0,37,44,0.0,2.0,2.0,1.0,C01
201800044318,1.0,33,0,0.0,0.0,0.0,21.0,A01
201800044319,1.0,33,0,0.0,0.0,2.0,3.0,A01
201800044320,2.0,10,0,0.0,2.0,4.0,12.0,A01
201800044320,2.0,33,0,0.0,2.0,1.0,3.0,B01
201800044321,1.0,34,0,0.0,2.0,0.0,2.0,A01
201800044321,1.0,7,0,0.0,2.0,0.0,0.0,Z01
201800044322,1.0,32,0,0.0,2.0,1.0,12.0,B01
201800044322,1.0,7,0,0.0,2.0,4.0,1.0,A01
201800044323,1.0,7,0,0.0,2.0,4.0,2.0,B01
201800044323,1.0,7,0,0.0,2.0,2.0,2.0,A01
201800044323,1.0,7,0,0.0,2.0,1.0,2.0,C01
201800044324,1.0,7,0,0.0,2.0,6.0,1.0,A01
201800044324,1.0,31,0,0.0,2.0,1.0,1.0,B01
201800044325,2.0,33,0,3.0,0.0,8.0,1.0,A01
201800044326,1.0,7,0,4.0,0.0,2.0,1.0,A01
201800044327,1.0,7,0,4.0,0.0,1.0,21.0,A01
201800044328,1.0,10,0,0.0,2.0,1.0,2.0,A01
201800044328,1.0,7,0,0.0,2.0,4.0,2.0,B01
201800044329,1.0,7,0,0.0,2.0,1.0,21.0,A01
201800044329,1.0,7,0,0.0,2.0,4.0,1.0,B01
201800044329,1.0,7,0,0.0,2.0,4.0,1.0,C01
201800044330,1.0,7,0,0.0,2.0,8.0,12.0,A01
201800044330,1.0,33,0,0.0,2.0,1.0,3.0,B01
201800044331,2.0,33,0,0.0,2.0,1.0,1.0,A01
201800044331,2.0,7,0,0.0,2.0,4.0,1.0,B01
201800044332,2.0,10,0,0.0,0.0,6.0,11.0,A01
201800044332,2.0,33,0,0.0,2.0,1.0,3.0,B01
201800044333,2.0,7,0,0.0,2.0,8.0,11.0,A01
201800044333,2.0,33,0,0.0,2.0,1.0,1.0,B01
201800044334,1.0,7,0,0.0,2.0,4.0,0.0,B01
201800044334,1.0,7,0,0.0,2.0,1.0,0.0,A01
201800044335,1.0,7,0,0.0,2.0,5.0,12.0,A01
201800044335,1.0,33,0,0.0,2.0,1.0,3.0,B01
201800044336,1.0,7,0,4.0,0.0,3.0,13.0,A01
201800044337,1.0,7,0,0.0,2.0,1.0,2.0,A01
201800044337,1.0,7,0,0.0,2.0,4.0,2.0,B01
201800044337,1.0,7,0,0.0,2.0,4.0,2.0,C01
201800044337,1.0,7,0,0.0,2.0,4.0,2.0,D01
201800044337,1.0,7,0,0.0,2.0,4.0,2.0,E01
201800044338,1.0,33,0,0.0,2.0,1.0,17.0,B01
201800044338,1.0,7,0,0.0,2.0,6.0,11.0,A01
201800044339,2.0,7,0,0.0,2.0,1.0,2.0,B01
201800044339,2.0,33,0,0.0,2.0,4.0,2.0,C01
201800044339,2.0,7,0,0.0,2.0,4.0,1.0,A01
201800044340,2.0,33,0,0.0,2.0,1.0,3.0,A01
201800044340,2.0,7,0,0.0,2.0,1.0,0.0,C01
201800044340,2.0,10,0,0.0,2.0,5.0,14.0,B01
201800044341,2.0,7,0,4.0,0.0,1.0,12.0,A01
201800044342,2.0,7,0,0.0,2.0,4.0,2.0,C01
201800044342,2.0,7,0,0.0,2.0,4.0,2.0,B01
201800044342,2.0,7,0,0.0,2.0,1.0,2.0,D01
201800044342,2.0,7,0,0.0,2.0,4.0,1.0,A01
201800044343,1.0,7,0,3.0,2.0,4.0,2.0,B01
201800044343,1.0,15,0,0.0,2.0,1.0,2.0,A01
201800044344,1.0,7,0,4.0,2.0,5.0,1.0,A01
201800044344,1.0,7,0,0.0,2.0,2.0,3.0,B01
201800044344,1.0,7,0,0.0,2.0,6.0,1.0,C01
201800044345,1.0,7,0,4.0,0.0,1.0,0.0,A01
201800044346,1.0,7,0,0.0,2.0,1.0,1.0,D01
201800044346,1.0,17,0,0.0,2.0,2.0,1.0,B01
201800044346,1.0,7,0,0.0,2.0,3.0,11.0,A01
201800044346,1.0,7,0,0.0,2.0,4.0,23.0,C01
201800044347,1.0,7,0,0.0,0.0,3.0,9.0,A01
201800044348,2.0,7,0,0.0,2.0,1.0,1.0,A01
201800044348,2.0,7,0,0.0,2.0,4.0,1.0,B01
201800044348,2.0,7,0,0.0,2.0,4.0,1.0,C01
201800044349,1.0,31,0,3.0,2.0,8.0,3.0,A01
201800044349,1.0,7,0,0.0,2.0,5.0,12.0,B01
201800044350,2.0,7,0,4.0,0.0,3.0,1.0,A01
201800044351,1.0,10,0,13.0,0.0,2.0,2.0,A01
201800044352,2.0,7,0,0.0,2.0,2.0,0.0,A01
201800044352,2.0,7,0,0.0,2.0,6.0,14.0,B01
201800044353,1.0,10,0,0.0,2.0,1.0,2.0,B01
201800044353,1.0,7,0,0.0,2.0,4.0,2.0,A01
201800044354,1.0,10,0,4.0,0.0,3.0,13.0,A01
201800044355,2.0,33,0,0.0,2.0,1.0,3.0,A01
201800044355,2.0,7,0,0.0,2.0,4.0,1.0,B01
201800044356,1.0,7,0,0.0,2.0,7.0,0.0,A01
201800044356,1.0,33,0,0.0,2.0,8.0,3.0,B01
201800044357,2.0,10,0,0.0,2.0,0.0,12.0,B01
201800044357,2.0,33,0,0.0,2.0,3.0,3.0,C01
201800044357,2.0,7,0,0.0,2.0,2.0,1.0,A01
201800044358,1.0,33,0,0.0,2.0,1.0,2.0,B01
201800044358,1.0,7,0,0.0,2.0,5.0,1.0,A01
201800044359,2.0,7,0,0.0,2.0,5.0,11.0,B01
201800044359,2.0,33,0,0.0,2.0,1.0,3.0,A01
201800044360,1.0,33,0,0.0,0.0,7.0,3.0,A01
201800044360,1.0,7,0,0.0,0.0,0.0,12.0,B01
201800044361,1.0,33,0,0.0,2.0,1.0,1.0,B01
201800044361,1.0,7,0,0.0,2.0,5.0,11.0,A01
201800044362,2.0,32,0,0.0,0.0,8.0,2.0,A01
201800044363,2.0,33,0,14.0,0.0,1.0,1.0,A01
201800044364,1.0,7,0,0.0,2.0,1.0,9.0,A01
201800044364,1.0,7,0,0.0,2.0,4.0,2.0,B01
201800044365,2.0,34,0,0.0,2.0,3.0,3.0,A01
201800044365,2.0,7,0,0.0,2.0,2.0,1.0,B01
201800044365,2.0,7,0,0.0,2.0,4.0,1.0,C01
201800044366,2.0,7,0,4.0,0.0,1.0,0.0,A01
201800044367,1.0,7,0,3.0,0.0,1.0,16.0,A01
201800044368,2.0,7,0,3.0,2.0,6.0,11.0,A01
201800044368,2.0,7,0,0.0,2.0,2.0,2.0,B01
201800044368,2.0,7,0,0.0,2.0,8.0,2.0,C01
201800044369,2.0,33,0,0.0,0.0,8.0,21.0,A01
201800044370,1.0,7,0,4.0,0.0,1.0,1.0,A01
201800044371,1.0,10,0,6.0,0.0,3.0,11.0,A01
201800044372,2.0,10,0,0.0,2.0,3.0,1.0,A01
201800044372,2.0,14,0,4.0,2.0,8.0,1.0,B01
201800044373,2.0,7,0,6.0,2.0,1.0,1.0,A01
201800044373,2.0,7,0,0.0,2.0,4.0,1.0,B01
201800044374,1.0,7,0,0.0,2.0,3.0,13.0,A01
201800044374,1.0,7,0,4.0,2.0,5.0,2.0,C01
201800044374,1.0,7,0,0.0,2.0,7.0,2.0,B01
201800044375,2.0,7,0,3.0,0.0,1.0,14.0,A01
201800044376,1.0,7,0,0.0,2.0,8.0,11.0,A01
201800044376,1.0,15,0,0.0,2.0,2.0,1.0,B01
201800044376,1.0,17,0,0.0,2.0,1.0,1.0,C01
201800044377,2.0,33,0,0.0,2.0,1.0,3.0,B01
201800044377,2.0,7,0,0.0,0.0,5.0,14.0,A01
201800044378,1.0,10,0,0.0,0.0,4.0,11.0,A01
201800044378,1.0,32,0,0.0,2.0,1.0,1.0,B01
201800044379,2.0,17,0,0.0,2.0,4.0,1.0,A01
201800044379,2.0,17,0,0.0,2.0,1.0,2.0,B01
201800044380,2.0,31,0,1.0,0.0,0.0,9.0,B01
201800044380,2.0,10,0,0.0,2.0,0.0,24.0,A01
201800044381,1.0,10,0,0.0,2.0,1.0,0.0,Z01
201800044381,1.0,7,0,0.0,2.0,5.0,1.0,A01
201800044382,2.0,17,0,0.0,2.0,1.0,2.0,A01
201800044382,2.0,7,0,0.0,2.0,0.0,2.0,D01
201800044382,2.0,7,0,0.0,2.0,7.0,2.0,C01
201800044382,2.0,7,0,0.0,2.0,4.0,23.0,B01
201800044383,2.0,14,0,0.0,2.0,1.0,1.0,A01
201800044383,2.0,7,0,0.0,2.0,4.0,1.0,B01
201800044383,2.0,15,0,0.0,2.0,4.0,1.0,C01
201800044384,2.0,7,0,0.0,2.0,1.0,2.0,A01
201800044384,2.0,7,0,0.0,2.0,4.0,2.0,B01
201800044384,1.0,7,0,0.0,2.0,4.0,2.0,C01
201800044385,1.0,31,0,0.0,2.0,1.0,0.0,C01
201800044385,1.0,7,0,0.0,2.0,8.0,0.0,B01
201800044385,1.0,7,0,0.0,2.0,7.0,12.0,A01
201800044386,2.0,34,0,0.0,2.0,2.0,3.0,A01
201800044386,2.0,7,0,0.0,2.0,6.0,11.0,B01
201800044387,2.0,7,0,0.0,2.0,2.0,12.0,B01
201800044387,2.0,32,0,0.0,2.0,8.0,3.0,A01
201800044388,1.0,7,0,4.0,0.0,1.0,1.0,A01
201800044389,2.0,7,0,0.0,2.0,5.0,1.0,B01
201800044389,2.0,33,0,0.0,2.0,1.0,1.0,A01
201800044390,2.0,33,0,0.0,0.0,0.0,0.0,A01
201800044391,1.0,10,0,0.0,2.0,2.0,1.0,A01
201800044391,1.0,10,0,0.0,2.0,6.0,1.0,B01
201800044392,1.0,7,0,0.0,2.0,3.0,1.0,A01
201800044392,1.0,7,0,0.0,2.0,5.0,1.0,B01
201800044393,2.0,7,0,0.0,2.0,1.0,2.0,A01
201800044393,2.0,7,0,0.0,2.0,4.0,2.0,B01
201800044393,2.0,7,0,0.0,2.0,4.0,2.0,C01
201800044394,2.0,7,0,0.0,0.0,9.0,2.0,A01
201800044395,2.0,7,0,0.0,2.0,4.0,23.0,B01
201800044395,2.0,33,0,0.0,2.0,1.0,2.0,A01
201800044396,2.0,17,0,3.0,2.0,1.0,2.0,A01
201800044396,2.0,17,0,0.0,2.0,4.0,23.0,B01
201800044396,2.0,17,0,0.0,2.0,4.0,23.0,C01
201800044396,2.0,17,0,0.0,2.0,4.0,23.0,D01
201800044397,2.0,7,0,0.0,2.0,3.0,2.0,A01
201800044397,2.0,15,0,0.0,2.0,2.0,2.0,B01
201800044398,2.0,7,0,0.0,2.0,1.0,2.0,A01
201800044398,2.0,7,0,6.0,2.0,4.0,1.0,B01
201800044399,2.0,7,0,0.0,2.0,4.0,2.0,A01
201800044399,2.0,7,0,0.0,2.0,1.0,2.0,B01
201800044400,1.0,7,0,0.0,2.0,6.0,23.0,A01
201800044400,1.0,7,0,0.0,2.0,2.0,1.0,B01
201800044400,1.0,7,0,0.0,6.0,2.0,1.0,C01
201800044401,1.0,10,0,0.0,1.0,2.0,0.0,A01
201800044402,1.0,7,0,0.0,2.0,1.0,2.0,A01
201800044402,1.0,7,0,4.0,2.0,3.0,2.0,B01
201800044403,2.0,7,0,3.0,0.0,1.0,16.0,A01
201800044404,1.0,7,0,14.0,0.0,1.0,21.0,A01
201800044405,1.0,33,0,0.0,2.0,5.0,3.0,B01
201800044405,1.0,7,0,0.0,2.0,6.0,11.0,A01
201800044406,2.0,15,0,4.0,0.0,1.0,1.0,A01
201800044407,2.0,7,0,0.0,2.0,4.0,2.0,B01
201800044407,2.0,7,0,0.0,2.0,1.0,2.0,A01
201800044408,1.0,17,0,0.0,2.0,6.0,12.0,A01
201800044408,1.0,7,0,0.0,2.0,6.0,2.0,B01
201800044409,1.0,7,0,13.0,0.0,1.0,14.0,A01
201800044410,1.0,7,0,0.0,2.0,4.0,1.0,B01
201800044410,1.0,7,0,0.0,2.0,1.0,2.0,A01
201800044411,2.0,7,0,0.0,2.0,1.0,2.0,A01
201800044411,2.0,7,0,0.0,2.0,1.0,2.0,B01
201800044411,2.0,7,0,0.0,2.0,4.0,2.0,C01
201800044411,2.0,7,0,0.0,2.0,4.0,2.0,D01
201800044412,2.0,7,0,0.0,2.0,1.0,2.0,A01
201800044412,2.0,7,0,0.0,2.0,4.0,1.0,B01
201800044412,2.0,7,0,0.0,2.0,6.0,23.0,C01
201800044413,1.0,7,0,3.0,0.0,2.0,14.0,A01
201800044414,2.0,7,0,0.0,2.0,1.0,2.0,A01
201800044414,2.0,10,0,0.0,2.0,4.0,2.0,B01
201800044415,1.0,7,0,0.0,2.0,6.0,1.0,A01
201800044415,1.0,7,0,0.0,2.0,2.0,11.0,Z01