Num_Acc,senc,catv,occutc,obs,obsm,choc,manv,num_veh
201800044416,2.0,7,0,0.0,2.0,1.0,1.0,B01
201800044416,2.0,7,0,3.0,0.0,1.0,1.0,A01
201800044417,1.0,7,0,3.0,0.0,0.0,2.0,A01
201800044418,2.0,7,0,4.0,0.0,9.0,1.0,A01
201800044419,1.0,10,0,0.0,2.0,6.0,13.0,B01
201800044419,1.0,32,0,0.0,2.0,2.0,13.0,A01
201800044420,2.0,7,0,0.0,2.0,4.0,2.0,B01
201800044420,2.0,10,0,0.0,2.0,4.0,2.0,C01
201800044420,2.0,7,0,0.0,2.0,1.0,2.0,A01
201800044421,2.0,7,0,0.0,0.0,8.0,1.0,A01
201800044422,1.0,13,0,3.0,0.0,8.0,13.0,A01
201800044423,2.0,7,0,3.0,0.0,2.0,9.0,A01
201800044424,2.0,7,0,4.0,0.0,3.0,1.0,A01
201800044425,1.0,7,0,0.0,2.0,1.0,2.0,A01
201800044425,1.0,7,0,0.0,2.0,4.0,2.0,B01
201800044425,1.0,7,0,3.0,2.0,1.0,1.0,C01
201800044426,1.0,7,0,4.0,0.0,3.0,0.0,A01
201800044427,1.0,10,0,0.0,2.0,2.0,2.0,A01
201800044427,1.0,7,0,0.0,2.0,6.0,2.0,B01
201800044427,1.0,7,0,0.0,2.0,4.0,2.0,C01
201800044427,1.0,7,0,0.0,2.0,4.0,2.0,D01
201800044428,1.0,7,0,10.0,0.0,3.0,1.0,A01
201800044429,2.0,34,0,11.0,0.0,3.0,15.0,A01
201800044430,1.0,7,0,0.0,2.0,4.0,1.0,B01
201800044430,1.0,7,0,0.0,2.0,1.0,1.0,A01
201800044431,1.0,7,0,0.0,2.0,1.0,2.0,A01
201800044431,1.0,7,0,0.0,2.0,4.0,2.0,B01
201800044432,1.0,14,0,0.0,2.0,4.0,1.0,B01
201800044432,1.0,17,0,0.0,2.0,2.0,1.0,A01
201800044433,1.0,17,0,0.0,2.0,2.0,14.0,A01
201800044433,1.0,7,0,0.0,2.0,3.0,13.0,B01
201800044434,2.0,7,0,0.0,2.0,1.0,2.0,A01
201800044434,2.0,7,0,0.0,2.0,4.0,2.0,B01
201800044435,2.0,7,0,0.0,2.0,2.0,2.0,A01
201800044435,2.0,7,0,0.0,2.0,6.0,2.0,B01
201800044436,2.0,15,0,0.0,2.0,1.0,2.0,A01
201800044436,2.0,15,0,0.0,2.0,4.0,2.0,B01
201800044436,2.0,15,0,0.0,2.0,4.0,2.0,C01
201800044437,2.0,7,0,0.0,2.0,1.0,0.0,A01
201800044437,2.0,34,0,0.0,2.0,4.0,0.0,B01
201800044438,1.0,7,0,0.0,2.0,8.0,23.0,C01
201800044438,1.0,17,0,0.0,2.0,7.0,17.0,A01
201800044438,1.0,17,0,0.0,2.0,3.0,2.0,B01
201800044439,1.0,10,0,0.0,2.0,4.0,2.0,A01
201800044439,1.0,17,0,0.0,2.0,1.0,2.0,C01
201800044439,1.0,10,0,0.0,2.0,4.0,2.0,B01
201800044440,2.0,7,0,0.0,2.0,4.0,2.0,B01
201800044440,2.0,7,0,0.0,2.0,1.0,2.0,A01
201800044441,1.0,7,0,4.0,0.0,2.0,2.0,A01
201800044442,1.0,7,0,0.0,2.0,1.0,2.0,B01
201800044442,1.0,7,0,0.0,2.0,4.0,9.0,A01
201800044443,1.0,7,0,3.0,0.0,7.0,0.0,A01
201800044444,1.0,7,0,13.0,0.0,0.0,2.0,A01
201800044444,1.0,10,0,0.0,0.0,4.0,23.0,B01
201800044444,1.0,7,0,1.0,0.0,1.0,14.0,C01
201800044445,1.0,7,0,0.0,2.0,1.0,2.0,A01
201800044445,1.0,7,0,3.0,2.0,7.0,12.0,B01
201800044446,1.0,15,0,0.0,2.0,7.0,12.0,A01
201800044446,1.0,7,0,0.0,2.0,8.0,1.0,B01
201800044447,1.0,7,0,0.0,2.0,8.0,11.0,A01
201800044447,1.0,33,0,0.0,2.0,7.0,3.0,B01
201800044448,2.0,33,0,0.0,0.0,9.0,1.0,A01
201800044448,2.0,7,0,0.0,2.0,1.0,1.0,B01
201800044448,2.0,7,0,0.0,2.0,1.0,1.0,C01
201800044449,1.0,31,0,0.0,2.0,1.0,1.0,B01
201800044449,1.0,7,0,0.0,2.0,4.0,1.0,A01
201800044450,2.0,7,0,0.0,2.0,4.0,1.0,B01
201800044450,2.0,7,0,0.0,2.0,4.0,1.0,C01
201800044450,2.0,7,0,0.0,2.0,1.0,1.0,A01
201800044451,1.0,7,0,0.0,2.0,1.0,13.0,A01
201800044451,1.0,31,0,0.0,2.0,4.0,1.0,B01
201800044451,1.0,7,0,0.0,2.0,1.0,2.0,C01
201800044452,1.0,13,0,1.0,0.0,2.0,1.0,A01
201800044452,1.0,10,0,0.0,2.0,6.0,0.0,B01
201800044453,2.0,17,0,0.0,0.0,6.0,23.0,B01
201800044453,2.0,33,0,0.0,2.0,1.0,2.0,A01
201800044454,1.0,7,0,0.0,2.0,3.0,11.0,A01
201800044454,1.0,31,0,0.0,2.0,1.0,3.0,B01
201800044455,1.0,7,0,0.0,2.0,6.0,1.0,A01
201800044455,1.0,7,0,15.0,2.0,2.0,17.0,C01
201800044455,1.0,7,0,0.0,2.0,6.0,1.0,B01
201800044456,1.0,7,0,6.0,0.0,1.0,17.0,A01
201800044457,2.0,7,0,4.0,0.0,1.0,1.0,A01
201800044458,1.0,7,0,0.0,1.0,3.0,1.0,B01
201800044459,1.0,10,0,0.0,2.0,1.0,2.0,A01
201800044459,1.0,7,0,0.0,2.0,4.0,2.0,B01
201800044459,1.0,7,0,0.0,2.0,4.0,2.0,C01
201800044460,1.0,34,0,0.0,0.0,7.0,14.0,A01
201800044461,1.0,7,0,0.0,2.0,2.0,0.0,A01
201800044461,1.0,7,0,0.0,2.0,6.0,1.0,B01
201800044462,1.0,7,0,13.0,0.0,0.0,0.0,A01
201800044463,2.0,33,0,0.0,2.0,7.0,3.0,B01
201800044463,2.0,7,0,0.0,2.0,8.0,11.0,A01
201800044464,2.0,10,0,0.0,2.0,4.0,2.0,B01
201800044464,2.0,7,0,0.0,2.0,4.0,2.0,C01
201800044464,2.0,7,0,0.0,2.0,1.0,2.0,A01
201800044465,2.0,7,0,0.0,2.0,1.0,23.0,C01
201800044465,2.0,31,0,0.0,2.0,9.0,3.0,B01
201800044465,2.0,7,0,0.0,2.0,4.0,23.0,A01
201800044466,2.0,7,0,0.0,2.0,2.0,2.0,A01
201800044466,2.0,7,0,0.0,2.0,6.0,11.0,B01
201800044467,2.0,7,0,0.0,2.0,5.0,12.0,A01
201800044467,2.0,7,0,0.0,2.0,3.0,12.0,B01
201800044468,2.0,7,0,0.0,2.0,4.0,11.0,A01
201800044468,2.0,34,0,0.0,2.0,2.0,3.0,B01
201800044469,2.0,34,0,0.0,2.0,1.0,3.0,B01
201800044469,2.0,33,0,0.0,2.0,4.0,3.0,A01
201800044470,2.0,13,0,0.0,2.0,2.0,12.0,B01
201800044470,2.0,7,0,3.0,2.0,8.0,2.0,A01
201800044471,1.0,7,0,0.0,2.0,8.0,11.0,A01
201800044471,1.0,31,0,0.0,2.0,2.0,1.0,B01
201800044472,2.0,7,0,4.0,0.0,1.0,1.0,A01
201800044473,2.0,7,0,3.0,0.0,2.0,1.0,A01
201800044474,2.0,7,0,3.0,0.0,5.0,1.0,A01
201800044475,1.0,7,0,0.0,2.0,1.0,2.0,A01
201800044475,1.0,7,0,0.0,2.0,4.0,2.0,B01
201800044475,1.0,7,0,0.0,2.0,4.0,2.0,C01
201800044476,1.0,10,0,0.0,0.0,1.0,1.0,A01
201800044477,2.0,7,0,0.0,2.0,3.0,1.0,A01
201800044477,2.0,7,0,0.0,2.0,5.0,1.0,B01
201800044478,1.0,7,0,13.0,0.0,9.0,1.0,A01
201800044479,1.0,7,0,0.0,2.0,1.0,2.0,A01
201800044479,1.0,7,0,0.0,2.0,4.0,2.0,B01
201800044479,1.0,7,0,0.0,2.0,4.0,2.0,C01
201800044480,2.0,7,0,3.0,0.0,6.0,2.0,A01
201800044480,2.0,7,0,0.0,0.0,0.0,0.0,B01
201800044481,2.0,7,0,4.0,0.0,1.0,1.0,A01
201800044481,2.0,7,0,1.0,0.0,4.0,23.0,B01
201800044481,2.0,7,0,1.0,0.0,1.0,1.0,C01
201800044482,2.0,7,0,0.0,0.0,9.0,1.0,A01
201800044483,2.0,7,0,0.0,2.0,4.0,2.0,A01
201800044483,2.0,7,0,0.0,2.0,3.0,12.0,B01
201800044483,2.0,7,0,0.0,2.0,1.0,2.0,C01
201800044484,1.0,7,0,4.0,0.0,1.0,1.0,A01
201800044485,1.0,7,0,0.0,2.0,4.0,0.0,B01
201800044485,1.0,7,0,0.0,2.0,0.0,0.0,A01
201800044485,1.0,7,0,1.0,0.0,1.0,1.0,C01
201800044486,2.0,7,0,3.0,0.0,0.0,0.0,A01
201800044487,1.0,7,0,0.0,2.0,6.0,24.0,B01
201800044487,1.0,10,0,1.0,0.0,2.0,1.0,A01
201800044488,1.0,7,0,0.0,1.0,2.0,1.0,A01
201800044489,1.0,7,0,0.0,2.0,1.0,2.0,A01
201800044489,1.0,7,0,0.0,2.0,4.0,23.0,B01
201800044490,2.0,7,0,4.0,0.0,1.0,0.0,A01
201800044491,2.0,7,0,4.0,0.0,3.0,13.0,A01
201800044492,1.0,7,0,0.0,2.0,2.0,1.0,B01
201800044492,1.0,10,0,0.0,2.0,7.0,13.0,A01
201800044493,1.0,7,0,0.0,2.0,4.0,2.0,B01
201800044493,1.0,7,0,0.0,2.0,1.0,2.0,A01
201800044493,1.0,7,0,0.0,2.0,4.0,2.0,C01
201800044494,1.0,10,0,0.0,2.0,1.0,2.0,A01
201800044494,1.0,7,0,0.0,2.0,3.0,2.0,B01
201800044495,2.0,7,0,4.0,2.0,2.0,14.0,A01
201800044495,2.0,7,0,0.0,2.0,3.0,0.0,B01
201800044496,2.0,7,0,0.0,2.0,1.0,2.0,A01
201800044496,2.0,10,0,0.0,2.0,4.0,2.0,B01
201800044497,2.0,33,0,0.0,0.0,7.0,1.0,A01
201800044498,1.0,7,0,3.0,0.0,1.0,15.0,A01
201800044499,1.0,7,0,1.0,0.0,2.0,1.0,B01
201800044499,1.0,7,0,0.0,2.0,3.0,23.0,A01
201800044500,2.0,10,0,4.0,0.0,1.0,15.0,A01
201800044501,2.0,10,0,4.0,0.0,1.0,0.0,A01
201800044502,1.0,7,0,0.0,2.0,1.0,1.0,A01
201800044502,1.0,10,0,0.0,2.0,4.0,1.0,C01
201800044502,1.0,7,0,0.0,2.0,4.0,1.0,B01
201800044503,2.0,7,0,4.0,0.0,3.0,0.0,A01
201800044504,2.0,7,0,1.0,0.0,1.0,0.0,A01
201800044504,2.0,7,0,0.0,2.0,6.0,23.0,Z01
201800044505,1.0,7,0,0.0,2.0,4.0,2.0,B01
201800044505,1.0,7,0,0.0,2.0,1.0,2.0,A01
201800044506,2.0,7,0,0.0,2.0,1.0,2.0,A01
201800044506,2.0,7,0,0.0,2.0,4.0,23.0,B01
201800044506,2.0,7,0,0.0,2.0,4.0,23.0,C01
201800044507,1.0,7,0,0.0,2.0,4.0,0.0,A01
201800044507,1.0,7,0,0.0,2.0,1.0,12.0,C01
201800044507,1.0,7,0,0.0,2.0,4.0,0.0,B01
201800044508,2.0,7,0,4.0,2.0,1.0,11.0,A01
201800044509,1.0,7,0,4.0,2.0,8.0,23.0,B01
201800044509,1.0,7,0,0.0,2.0,7.0,1.0,A01
201800044510,2.0,7,0,4.0,0.0,1.0,14.0,A01
201800044511,1.0,7,0,4.0,0.0,1.0,1.0,A01
201800044512,1.0,33,0,0.0,2.0,7.0,1.0,B01
201800044512,1.0,10,0,0.0,2.0,8.0,11.0,A01
201800044513,1.0,7,0,0.0,2.0,6.0,13.0,A01
201800044513,1.0,31,0,0.0,2.0,2.0,1.0,B01
201800044514,2.0,7,0,0.0,2.0,2.0,12.0,A01
201800044514,2.0,7,0,0.0,2.0,6.0,2.0,B01
201800044515,2.0,15,0,4.0,0.0,3.0,1.0,A01
201800044515,2.0,15,0,0.0,2.0,1.0,21.0,C01
201800044515,2.0,15,0,0.0,2.0,4.0,1.0,B01
201800044516,2.0,7,0,4.0,0.0,1.0,16.0,A01
201800044517,1.0,7,0,0.0,2.0,2.0,12.0,A01
201800044517,1.0,17,0,0.0,2.0,6.0,1.0,B01
201800044518,2.0,31,0,0.0,2.0,7.0,3.0,A01
201800044518,2.0,10,0,0.0,2.0,8.0,11.0,B01
201800044519,2.0,7,0,0.0,2.0,6.0,1.0,B01
201800044519,2.0,7,0,0.0,2.0,1.0,12.0,A01
201800044520,1.0,7,0,0.0,2.0,1.0,1.0,B01
201800044520,1.0,7,0,4.0,2.0,4.0,23.0,A01
201800044521,1.0,15,0,0.0,2.0,4.0,12.0,B01
201800044521,1.0,33,0,0.0,2.0,1.0,3.0,A01
201800044522,1.0,7,0,0.0,2.0,1.0,1.0,A01
201800044522,1.0,10,0,0.0,2.0,4.0,2.0,D01
201800044522,1.0,7,0,0.0,2.0,4.0,2.0,C01
201800044522,1.0,7,0,0.0,2.0,4.0,2.0,B01
201800044523,2.0,33,0,0.0,2.0,1.0,0.0,A01
201800044523,2.0,7,0,0.0,2.0,5.0,18.0,B01
201800044524,1.0,7,0,0.0,2.0,4.0,2.0,B01
201800044524,1.0,7,0,0.0,2.0,1.0,2.0,A01
201800044525,2.0,7,0,0.0,2.0,8.0,11.0,B01
201800044525,2.0,7,0,4.0,2.0,7.0,1.0,A01
201800044526,2.0,7,0,0.0,2.0,4.0,2.0,C01
201800044526,2.0,10,0,0.0,2.0,1.0,2.0,A01
201800044526,2.0,7,0,0.0,2.0,4.0,2.0,B01
201800044527,1.0,7,0,0.0,2.0,4.0,2.0,Z01
201800044527,1.0,7,0,0.0,2.0,1.0,1.0,A01
201800044528,1.0,7,0,0.0,2.0,7.0,12.0,A01
201800044528,1.0,7,0,0.0,2.0,1.0,1.0,B01
201800044529,1.0,33,0,0.0,2.0,1.0,2.0,C01
201800044529,1.0,7,0,0.0,2.0,8.0,2.0,D01
201800044529,1.0,7,0,0.0,2.0,5.0,1.0,B01
201800044529,1.0,16,0,0.0,2.0,2.0,12.0,A01
201800044530,2.0,10,0,0.0,2.0,1.0,1.0,A01
201800044530,2.0,7,0,0.0,2.0,4.0,2.0,B01
201800044530,2.0,7,0,0.0,2.0,4.0,2.0,C01
201800044531,1.0,10,0,0.0,2.0,2.0,12.0,A01
201800044531,1.0,17,0,0.0,2.0,6.0,1.0,B01
201800044532,1.0,7,0,4.0,0.0,1.0,2.0,A01
201800044533,1.0,33,0,0.0,2.0,7.0,3.0,A01
201800044533,1.0,7,0,0.0,2.0,0.0,0.0,Z01
201800044534,2.0,10,0,0.0,2.0,4.0,23.0,A01
201800044534,1.0,7,0,0.0,2.0,1.0,0.0,C01
201800044534,2.0,10,0,0.0,2.0,4.0,23.0,B01
201800044535,2.0,34,0,0.0,2.0,1.0,3.0,A01
201800044535,2.0,7,0,0.0,2.0,7.0,2.0,B01
201800044535,2.0,7,0,0.0,2.0,5.0,2.0,C01
201800044536,2.0,32,0,0.0,2.0,8.0,3.0,A01
201800044536,2.0,7,0,0.0,2.0,7.0,12.0,B01
201800044537,2.0,10,0,0.0,2.0,1.0,2.0,A01
201800044537,2.0,7,0,0.0,2.0,4.0,2.0,B01
201800044538,1.0,7,0,4.0,0.0,2.0,21.0,A01
201800044539,1.0,7,0,0.0,2.0,1.0,2.0,A01
201800044539,1.0,7,0,0.0,2.0,4.0,2.0,B01
201800044540,2.0,33,0,0.0,0.0,0.0,21.0,A01
201800044541,1.0,7,0,0.0,2.0,1.0,1.0,A01
201800044541,1.0,7,0,0.0,2.0,4.0,2.0,B01
201800044542,2.0,7,0,4.0,0.0,1.0,1.0,A01
201800044543,1.0,7,0,0.0,2.0,6.0,13.0,B01
201800044543,1.0,10,0,0.0,2.0,2.0,1.0,A01
201800044544,2.0,34,0,16.0,0.0,1.0,1.0,A01
201800044545,1.0,14,0,0.0,2.0,1.0,1.0,A01
201800044545,1.0,17,0,0.0,2.0,6.0,2.0,B01
201800044546,1.0,7,0,0.0,2.0,1.0,2.0,A01
201800044546,1.0,7,0,0.0,2.0,4.0,2.0,B01
201800044546,1.0,7,0,0.0,2.0,4.0,2.0,C01
201800044547,2.0,33,0,0.0,2.0,1.0,3.0,C01
201800044547,2.0,10,0,0.0,2.0,5.0,1.0,B01
201800044547,2.0,10,0,0.0,2.0,8.0,1.0,A01
201800044548,2.0,34,0,0.0,2.0,1.0,1.0,C01
201800044548,2.0,7,0,0.0,2.0,1.0,1.0,A01
201800044548,2.0,7,0,0.0,2.0,2.0,1.0,B01
201800044549,2.0,7,0,0.0,2.0,1.0,1.0,C01
201800044549,2.0,7,0,0.0,2.0,6.0,1.0,B01
201800044549,2.0,7,0,0.0,2.0,2.0,14.0,A01
201800044549,2.0,7,0,0.0,2.0,1.0,2.0,D01
201800044550,2.0,33,0,0.0,0.0,1.0,2.0,A01
201800044551,1.0,7,0,0.0,2.0,2.0,2.0,B01
201800044551,1.0,7,0,4.0,2.0,1.0,0.0,A01
201800044552,1.0,32,0,0.0,0.0,7.0,0.0,A01
201800044553,1.0,7,0,0.0,2.0,6.0,2.0,B01
201800044553,1.0,31,0,0.0,2.0,7.0,2.0,A01
201800044554,2.0,7,0,0.0,2.0,3.0,1.0,B01
201800044554,2.0,10,0,0.0,2.0,2.0,17.0,A01
201800044555,2.0,7,0,0.0,2.0,4.0,2.0,B01
201800044555,2.0,10,0,0.0,2.0,1.0,1.0,A01
201800044556,1.0,34,0,4.0,0.0,9.0,1.0,A01
201800044557,1.0,10,0,0.0,2.0,4.0,2.0,B01
201800044557,1.0,7,0,0.0,2.0,1.0,1.0,A01
201800044558,2.0,7,0,0.0,2.0,4.0,2.0,C01
201800044558,2.0,10,0,0.0,2.0,1.0,2.0,A01
201800044558,2.0,33,0,0.0,2.0,9.0,2.0,B01
201800044559,1.0,7,0,0.0,2.0,1.0,2.0,B01
201800044559,1.0,7,0,0.0,2.0,1.0,2.0,C01
201800044559,1.0,7,0,0.0,2.0,6.0,2.0,A01
201800044560,2.0,7,0,0.0,2.0,1.0,2.0,A01
201800044560,2.0,7,0,0.0,2.0,4.0,23.0,B01
201800044560,2.0,10,0,0.0,2.0,1.0,2.0,C01
201800044561,2.0,10,0,4.0,0.0,0.0,0.0,A01
201800044562,1.0,7,0,0.0,2.0,4.0,2.0,C01
201800044562,1.0,7,0,0.0,2.0,1.0,2.0,D01
201800044562,1.0,10,0,0.0,2.0,5.0,12.0,A01
201800044562,1.0,7,0,0.0,2.0,4.0,2.0,B01
201800044563,1.0,33,0,0.0,2.0,3.0,3.0,B01
201800044563,1.0,7,0,0.0,2.0,5.0,12.0,A01
201800044564,1.0,7,0,0.0,2.0,9.0,23.0,A01
201800044564,1.0,7,0,0.0,2.0,1.0,2.0,B01
201800044565,1.0,7,0,13.0,2.0,1.0,18.0,A01
201800044565,1.0,7,0,0.0,2.0,5.0,1.0,B01
201800044566,2.0,7,0,0.0,2.0,8.0,1.0,A01
201800044566,2.0,15,0,0.0,2.0,2.0,12.0,B01
201800044567,2.0,34,0,0.0,2.0,1.0,3.0,B01
201800044567,2.0,7,0,0.0,2.0,5.0,12.0,A01
201800044568,2.0,33,0,0.0,0.0,8.0,1.0,A01
201800044569,1.0,7,0,0.0,2.0,7.0,1.0,A01
201800044569,1.0,99,0,0.0,2.0,0.0,0.0,Z01
201800044570,2.0,7,0,0.0,2.0,2.0,1.0,A01
201800044570,2.0,15,0,0.0,2.0,0.0,0.0,Z01
201800044571,2.0,7,0,4.0,0.0,1.0,15.0,A01
201800044572,2.0,7,0,4.0,0.0,1.0,1.0,A01
201800044573,2.0,7,0,4.0,0.0,8.0,0.0,A01
201800044574,2.0,7,0,4.0,0.0,1.0,1.0,A01
201800044575,1.0,33,0,16.0,0.0,7.0,1.0,A01
201800044576,1.0,7,0,4.0,0.0,7.0,14.0,A01
201800044577,1.0,10,0,0.0,2.0,5.0,2.0,A01
201800044577,1.0,7,0,0.0,2.0,3.0,0.0,B01
201800044578,2.0,7,0,0.0,2.0,6.0,11.0,A01
201800044578,2.0,33,0,0.0,2.0,2.0,3.0,B01
201800044579,1.0,7,0,0.0,2.0,1.0,2.0,A01
201800044579,1.0,14,0,0.0,2.0,4.0,2.0,B01
201800044580,1.0,7,0,0.0,2.0,1.0,2.0,A01
201800044580,1.0,7,0,0.0,2.0,4.0,2.0,B01
201800044580,1.0,7,0,0.0,2.0,4.0,0.0,C01
201800044581,2.0,31,0,0.0,2.0,7.0,3.0,A01
201800044581,2.0,34,0,0.0,2.0,1.0,3.0,C01
201800044581,2.0,7,0,0.0,2.0,6.0,1.0,D01
201800044581,2.0,7,0,0.0,2.0,3.0,13.0,B01
201800044582,2.0,7,0,4.0,0.0,2.0,21.0,A01
201800044583,2.0,31,0,0.0,2.0,1.0,3.0,A01
201800044583,2.0,7,0,0.0,2.0,4.0,1.0,B01
201800044584,2.0,7,0,0.0,2.0,5.0,1.0,B01
201800044584,2.0,33,0,0.0,2.0,1.0,3.0,A01
201800044584,2.0,7,0,0.0,2.0,6.0,11.0,C01
201800044585,1.0,7,0,0.0,2.0,6.0,2.0,C01
201800044585,1.0,7,0,0.0,2.0,5.0,2.0,A01
201800044585,1.0,34,0,0.0,2.0,1.0,13.0,B01
201800044586,1.0,7,0,4.0,0.0,3.0,13.0,A01
201800044587,1.0,7,0,4.0,0.0,3.0,0.0,A01
201800044588,1.0,7,0,0.0,2.0,3.0,2.0,A01
201800044588,1.0,33,0,0.0,2.0,2.0,3.0,B01
201800044589,2.0,7,0,4.0,0.0,3.0,21.0,A01
201800044590,1.0,7,0,0.0,2.0,1.0,2.0,B01
201800044590,1.0,7,0,0.0,2.0,4.0,2.0,A01
201800044591,1.0,7,0,0.0,2.0,1.0,2.0,A01
201800044591,1.0,10,0,0.0,2.0,4.0,2.0,B01
201800044592,1.0,7,0,0.0,2.0,3.0,1.0,A01
201800044592,1.0,7,0,0.0,2.0,2.0,9.0,B01
201800044593,2.0,7,0,0.0,2.0,1.0,1.0,A01
201800044593,2.0,7,0,0.0,2.0,4.0,2.0,C01
201800044593,2.0,7,0,0.0,2.0,4.0,2.0,B01
201800044594,2.0,7,0,0.0,2.0,4.0,2.0,A01
201800044594,2.0,7,0,0.0,2.0,4.0,2.0,B01
201800044594,2.0,7,0,0.0,2.0,4.0,2.0,D01
201800044594,2.0,7,0,0.0,2.0,1.0,1.0,E01
201800044594,2.0,10,0,0.0,2.0,4.0,2.0,C01
201800044595,2.0,7,0,4.0,0.0,6.0,2.0,A01
201800044596,2.0,7,0,3.0,0.0,1.0,0.0,A01
201800044597,2.0,7,0,4.0,0.0,1.0,1.0,A01
201800044598,1.0,7,0,4.0,0.0,1.0,1.0,A01
201800044599,2.0,7,0,4.0,0.0,3.0,1.0,A01
201800044600,2.0,7,0,0.0,2.0,4.0,2.0,B01
201800044600,2.0,7,0,0.0,2.0,1.0,2.0,A01
201800044601,2.0,7,0,0.0,2.0,3.0,1.0,B01
201800044601,2.0,7,0,4.0,2.0,2.0,1.0,C01
201800044601,2.0,17,0,0.0,2.0,2.0,12.0,A01
201800044602,1.0,7,0,4.0,0.0,8.0,16.0,A01
201800044603,1.0,7,0,4.0,0.0,1.0,0.0,A01
201800044604,2.0,7,0,0.0,2.0,1.0,2.0,A01
201800044604,2.0,7,0,4.0,2.0,4.0,2.0,B01
201800044605,2.0,7,0,9.0,0.0,8.0,1.0,A01
201800044606,1.0,10,0,0.0,2.0,4.0,2.0,C01
201800044606,1.0,7,0,0.0,2.0,1.0,1.0,A01
201800044606,1.0,7,0,0.0,2.0,4.0,2.0,B01
201800044607,2.0,7,0,0.0,2.0,4.0,2.0,C01
201800044607,2.0,7,0,0.0,2.0,4.0,2.0,B01
201800044607,2.0,10,0,0.0,2.0,1.0,2.0,A01
201800044607,2.0,7,0,0.0,2.0,4.0,2.0,D01
201800044607,2.0,10,0,0.0,2.0,4.0,2.0,E01
201800044608,2.0,7,0,0.0,2.0,4.0,0.0,C01
201800044608,2.0,7,0,0.0,2.0,1.0,2.0,A01
201800044608,2.0,7,0,0.0,2.0,4.0,2.0,B01
201800044609,2.0,7,0,0.0,2.0,4.0,2.0,A01
201800044609,2.0,17,0,0.0,2.0,1.0,2.0,B01
201800044610,2.0,17,0,4.0,0.0,1.0,1.0,A01
201800044611,1.0,34,0,0.0,2.0,2.0,1.0,A01
201800044611,1.0,7,0,0.0,2.0,3.0,11.0,B01
201800044612,2.0,7,0,0.0,2.0,2.0,1.0,A01
201800044612,2.0,17,0,0.0,2.0,8.0,1.0,B01
201800044613,1.0,10,0,0.0,2.0,7.0,1.0,B01
201800044613,1.0,7,0,0.0,2.0,1.0,1.0,A01
201800044613,1.0,7,0,0.0,2.0,6.0,2.0,C01
201800044614,2.0,7,0,0.0,2.0,1.0,1.0,A01
201800044614,2.0,7,0,0.0,2.0,4.0,2.0,B01
201800044615,2.0,7,0,0.0,2.0,4.0,2.0,A01
201800044615,2.0,7,0,0.0,2.0,1.0,1.0,B01
201800044616,2.0,7,0,16.0,0.0,1.0,12.0,A01
201800044617,2.0,7,0,16.0,0.0,1.0,21.0,A01
201800044618,1.0,7,0,0.0,2.0,4.0,1.0,A01
201800044618,1.0,7,0,0.0,2.0,1.0,12.0,B01
201800044618,1.0,7,0,0.0,2.0,7.0,1.0,C01
201800044619,2.0,10,0,4.0,0.0,2.0,14.0,A01
201800044620,1.0,7,0,0.0,2.0,8.0,1.0,B01
201800044620,1.0,31,0,0.0,2.0,2.0,12.0,A01
201800044621,1.0,7,0,0.0,2.0,3.0,1.0,B01
201800044621,1.0,7,0,4.0,2.0,1.0,1.0,Z01
201800044621,1.0,7,0,0.0,2.0,7.0,12.0,A01
201800044622,2.0,7,0,0.0,2.0,0.0,0.0,Z01
201800044622,2.0,33,0,0.0,2.0,7.0,1.0,A01
201800044623,1.0,16,0,0.0,2.0,3.0,1.0,A01
201800044623,1.0,10,0,0.0,2.0,5.0,4.0,B01
201800044624,1.0,14,0,0.0,2.0,7.0,21.0,A01
201800044624,1.0,7,0,0.0,2.0,6.0,1.0,B01
201800044625,1.0,7,0,0.0,2.0,5.0,2.0,B01
201800044625,1.0,7,0,0.0,2.0,3.0,11.0,A01
201800044626,1.0,10,0,0.0,2.0,4.0,2.0,B01
201800044626,1.0,7,0,0.0,2.0,1.0,1.0,A01
201800044626,1.0,7,0,0.0,2.0,3.0,23.0,C01
201800044627,2.0,7,0,0.0,2.0,1.0,11.0,A01
201800044627,2.0,7,0,0.0,2.0,4.0,1.0,B01
201800044628,2.0,7,0,0.0,2.0,1.0,1.0,B01
201800044628,2.0,17,0,0.0,2.0,3.0,11.0,A01
201800044629,1.0,7,0,0.0,2.0,1.0,2.0,A01
201800044629,1.0,7,0,0.0,2.0,4.0,2.0,B01
201800044630,1.0,33,0,0.0,2.0,1.0,1.0,B01
201800044630,1.0,10,0,0.0,2.0,6.0,11.0,A01
201800044631,1.0,7,0,0.0,2.0,6.0,2.0,B01
201800044631,1.0,10,0,0.0,2.0,2.0,1.0,A01
201800044632,2.0,7,0,0.0,2.0,2.0,12.0,A01
201800044632,2.0,33,0,0.0,2.0,3.0,3.0,B01
201800044633,1.0,10,0,0.0,2.0,4.0,1.0,A01
201800044633,1.0,99,0,0.0,2.0,1.0,1.0,Z01
201800044634,1.0,7,0,0.0,2.0,4.0,2.0,Z01
201800044634,1.0,7,0,0.0,2.0,1.0,2.0,B01
201800044634,1.0,10,0,0.0,2.0,4.0,2.0,A01
201800044635,2.0,7,0,4.0,0.0,1.0,21.0,A01
201800044636,1.0,7,0,0.0,2.0,6.0,2.0,A01
201800044636,1.0,7,0,4.0,2.0,2.0,1.0,B01