Num_Acc,senc,catv,occutc,obs,obsm,choc,manv,num_veh
201800045281,2.0,7,0,0.0,2.0,1.0,1.0,A01
201800045281,2.0,7,0,0.0,2.0,4.0,2.0,B01
201800045282,1.0,7,0,0.0,2.0,4.0,2.0,B01
201800045282,1.0,7,0,0.0,2.0,1.0,1.0,A01
201800045282,1.0,7,0,0.0,2.0,4.0,2.0,C01
201800045283,2.0,7,0,0.0,2.0,8.0,11.0,A01
201800045283,2.0,31,0,0.0,2.0,7.0,1.0,B01
201800045284,2.0,7,0,0.0,2.0,4.0,23.0,B01
201800045284,2.0,7,0,1.0,0.0,1.0,1.0,A01
201800045285,1.0,7,0,4.0,0.0,1.0,13.0,A01
201800045286,2.0,7,0,0.0,0.0,7.0,1.0,A01
201800045287,2.0,7,0,4.0,0.0,9.0,0.0,A01
201800045288,1.0,34,0,3.0,0.0,2.0,14.0,A01
201800045289,1.0,34,0,0.0,2.0,6.0,3.0,C01
201800045289,1.0,33,0,0.0,2.0,7.0,3.0,A01
201800045289,1.0,7,0,0.0,2.0,6.0,1.0,B01
201800045290,1.0,7,0,4.0,0.0,3.0,2.0,A01
201800045291,2.0,10,0,4.0,0.0,7.0,14.0,A01
201800045292,2.0,7,0,4.0,0.0,1.0,1.0,A01
201800045293,2.0,7,0,4.0,0.0,7.0,14.0,A01
201800045294,1.0,7,0,4.0,2.0,1.0,1.0,B01
201800045294,1.0,7,0,0.0,2.0,1.0,13.0,A01
201800045294,1.0,7,0,0.0,2.0,1.0,1.0,C01
201800045295,2.0,7,0,16.0,0.0,9.0,1.0,A01
201800045296,2.0,7,0,0.0,2.0,8.0,11.0,A01
201800045296,2.0,33,0,0.0,2.0,7.0,17.0,B01
201800045297,2.0,10,0,0.0,2.0,1.0,2.0,Z01
201800045297,2.0,7,0,0.0,2.0,4.0,2.0,A01
201800045298,1.0,7,0,0.0,2.0,4.0,2.0,A01
201800045298,1.0,7,0,0.0,2.0,1.0,1.0,B01
201800045299,1.0,33,0,13.0,0.0,1.0,12.0,A01
201800045300,1.0,7,0,0.0,2.0,4.0,2.0,B01
201800045300,1.0,17,0,0.0,2.0,1.0,2.0,A01
201800045301,2.0,15,0,0.0,2.0,3.0,1.0,B01
201800045301,2.0,7,0,0.0,2.0,9.0,12.0,A01
201800045302,1.0,7,0,0.0,2.0,4.0,2.0,B01
201800045302,1.0,10,0,0.0,2.0,1.0,1.0,A01
201800045303,2.0,7,0,0.0,2.0,1.0,2.0,A01
201800045303,2.0,7,0,0.0,2.0,4.0,2.0,B01
201800045303,2.0,10,0,0.0,2.0,4.0,2.0,C01
201800045304,2.0,7,0,0.0,2.0,7.0,12.0,A01
201800045304,2.0,32,0,0.0,2.0,8.0,3.0,B01
201800045305,1.0,34,0,0.0,2.0,7.0,3.0,A01
201800045305,1.0,7,0,0.0,2.0,8.0,11.0,B01
201800045306,2.0,30,0,0.0,0.0,0.0,0.0,A01
201800045307,2.0,7,0,0.0,2.0,8.0,11.0,B01
201800045307,2.0,32,0,0.0,2.0,8.0,3.0,A01
201800045308,2.0,7,0,0.0,2.0,6.0,11.0,A01
201800045308,2.0,33,0,0.0,2.0,1.0,3.0,B01
201800045309,2.0,33,0,3.0,0.0,1.0,2.0,A01
201800045310,1.0,32,0,0.0,2.0,1.0,3.0,A01
201800045310,1.0,7,0,0.0,2.0,4.0,1.0,B01
201800045311,2.0,33,0,0.0,2.0,1.0,3.0,A01
201800045311,2.0,7,0,0.0,2.0,6.0,11.0,B01
201800045312,1.0,7,0,0.0,2.0,1.0,2.0,A01
201800045312,1.0,7,0,0.0,2.0,4.0,2.0,B01
201800045312,1.0,7,0,0.0,2.0,4.0,2.0,C01
201800045313,2.0,7,0,0.0,2.0,1.0,2.0,C01
201800045313,2.0,7,0,0.0,2.0,1.0,1.0,A01
201800045313,2.0,7,0,0.0,2.0,4.0,2.0,D01
201800045313,2.0,7,0,0.0,2.0,1.0,2.0,B01
201800045314,2.0,17,0,4.0,2.0,1.0,21.0,A01
201800045314,2.0,99,0,0.0,2.0,0.0,0.0,Z01
201800045315,2.0,7,0,3.0,0.0,1.0,0.0,A01
201800045316,1.0,33,0,3.0,0.0,7.0,0.0,A01
201800045317,2.0,7,0,4.0,2.0,9.0,13.0,A01
201800045317,2.0,7,0,0.0,2.0,9.0,2.0,B01
201800045317,2.0,7,0,0.0,2.0,4.0,2.0,C01
201800045317,2.0,7,0,0.0,2.0,4.0,2.0,D01
201800045318,1.0,7,0,0.0,2.0,8.0,11.0,A01
201800045318,1.0,33,0,0.0,2.0,7.0,3.0,B01
201800045319,1.0,7,0,0.0,2.0,4.0,1.0,B01
201800045319,1.0,33,0,0.0,2.0,1.0,12.0,A01
201800045320,1.0,7,0,3.0,0.0,9.0,14.0,A01
201800045321,1.0,7,0,3.0,0.0,1.0,14.0,A01
201800045322,2.0,7,0,0.0,2.0,1.0,1.0,A01
201800045322,2.0,7,0,0.0,2.0,4.0,2.0,B01
201800045323,2.0,7,0,0.0,2.0,8.0,9.0,Z01
201800045323,2.0,7,0,0.0,2.0,2.0,1.0,B01
201800045324,1.0,7,0,4.0,0.0,8.0,21.0,A01
201800045325,2.0,10,0,0.0,1.0,2.0,21.0,A01
201800045326,1.0,7,0,11.0,0.0,2.0,14.0,A01
201800045327,1.0,7,0,0.0,2.0,4.0,2.0,A01
201800045327,1.0,7,0,0.0,2.0,1.0,2.0,B01
201800045328,2.0,7,0,0.0,2.0,4.0,2.0,B01
201800045328,2.0,33,0,0.0,2.0,1.0,3.0,C01
201800045328,2.0,7,0,14.0,2.0,1.0,1.0,A01
201800045329,2.0,7,0,0.0,2.0,4.0,2.0,B01
201800045329,2.0,10,0,0.0,2.0,1.0,1.0,A01
201800045330,1.0,10,0,1.0,0.0,3.0,21.0,A01
201800045331,1.0,33,0,0.0,0.0,0.0,3.0,A01
201800045332,1.0,34,0,0.0,2.0,1.0,2.0,A01
201800045332,1.0,10,0,0.0,2.0,4.0,2.0,B01
201800045333,2.0,14,0,0.0,2.0,2.0,12.0,A01
201800045333,2.0,7,0,0.0,2.0,3.0,1.0,B01
201800045334,2.0,7,0,0.0,2.0,4.0,2.0,B01
201800045334,2.0,7,0,0.0,2.0,4.0,2.0,C01
201800045334,2.0,16,0,0.0,2.0,1.0,1.0,A01
201800045335,2.0,7,0,0.0,2.0,7.0,12.0,A01
201800045335,2.0,7,0,0.0,2.0,4.0,2.0,C01
201800045335,2.0,32,0,0.0,2.0,3.0,3.0,B01
201800045336,2.0,7,0,0.0,2.0,4.0,2.0,B01
201800045336,2.0,7,0,0.0,2.0,1.0,2.0,A01
201800045337,1.0,7,0,3.0,0.0,2.0,1.0,A01
201800045338,1.0,31,0,0.0,2.0,1.0,3.0,A01
201800045338,1.0,10,0,0.0,2.0,5.0,2.0,B01
201800045338,1.0,17,0,0.0,2.0,8.0,2.0,C01
201800045339,2.0,33,0,0.0,2.0,3.0,3.0,A01
201800045339,2.0,10,0,0.0,2.0,7.0,12.0,B01
201800045339,2.0,7,0,0.0,2.0,6.0,1.0,C01
201800045340,1.0,33,0,0.0,2.0,3.0,1.0,B01
201800045340,1.0,7,0,0.0,2.0,2.0,12.0,A01
201800045341,1.0,2,0,0.0,0.0,1.0,1.0,A01
201800045342,1.0,7,0,0.0,2.0,1.0,2.0,B01
201800045342,1.0,7,0,0.0,2.0,4.0,2.0,A01
201800045343,2.0,7,0,0.0,2.0,5.0,12.0,A01
201800045343,2.0,34,0,0.0,2.0,8.0,3.0,B01
201800045344,2.0,33,0,0.0,2.0,8.0,3.0,B01
201800045344,2.0,7,0,0.0,2.0,7.0,12.0,A01
201800045345,2.0,7,0,4.0,0.0,1.0,9.0,A01
201800045346,1.0,33,0,0.0,2.0,1.0,2.0,B01
201800045346,1.0,7,0,0.0,2.0,5.0,1.0,A01
201800045347,2.0,33,0,0.0,2.0,8.0,3.0,A01
201800045347,2.0,7,0,0.0,2.0,7.0,12.0,Z01
201800045348,1.0,33,0,0.0,0.0,1.0,3.0,A01
201800045349,1.0,34,0,0.0,2.0,1.0,1.0,A01
201800045349,1.0,7,0,0.0,2.0,5.0,12.0,B01
201800045350,2.0,7,0,1.0,0.0,3.0,21.0,A01
201800045350,2.0,7,0,0.0,2.0,5.0,23.0,B01
201800045351,2.0,33,0,0.0,2.0,1.0,3.0,A01
201800045351,2.0,7,0,0.0,2.0,3.0,0.0,B01
201800045352,2.0,7,0,0.0,2.0,5.0,2.0,C01
201800045352,2.0,33,0,0.0,2.0,1.0,3.0,A01
201800045352,2.0,7,0,0.0,2.0,3.0,2.0,B01
201800045353,2.0,7,0,0.0,2.0,0.0,0.0,Z01
201800045353,2.0,33,0,0.0,2.0,0.0,3.0,A01
201800045354,1.0,10,0,0.0,2.0,1.0,1.0,A01
201800045354,1.0,7,0,0.0,2.0,4.0,2.0,B01
201800045355,2.0,33,0,0.0,2.0,7.0,3.0,A01
201800045355,2.0,7,0,0.0,2.0,8.0,1.0,B01
201800045356,2.0,7,0,0.0,2.0,5.0,1.0,D01
201800045356,2.0,33,0,0.0,2.0,1.0,3.0,B01
201800045356,2.0,7,0,0.0,2.0,5.0,12.0,A01
201800045356,2.0,10,0,0.0,2.0,3.0,1.0,C01
201800045357,2.0,10,0,1.0,1.0,2.0,21.0,D01
201800045357,2.0,7,0,0.0,2.0,4.0,1.0,A01
201800045357,2.0,7,0,1.0,0.0,3.0,21.0,C01
201800045358,2.0,7,0,3.0,0.0,2.0,14.0,A01
201800045359,1.0,7,0,6.0,0.0,1.0,21.0,A01
201800045360,1.0,7,0,0.0,2.0,6.0,23.0,A01
201800045360,1.0,7,0,1.0,0.0,2.0,1.0,B01
201800045361,2.0,33,0,0.0,0.0,7.0,21.0,A01
201800045362,1.0,7,0,0.0,2.0,4.0,23.0,B01
201800045362,1.0,34,0,1.0,0.0,1.0,2.0,A01
201800045363,1.0,7,0,0.0,2.0,4.0,2.0,B01
201800045363,1.0,7,0,0.0,2.0,1.0,1.0,A01
201800045363,1.0,7,0,0.0,2.0,4.0,2.0,C01
201800045364,1.0,33,0,0.0,2.0,1.0,1.0,A01
201800045364,1.0,7,0,0.0,2.0,4.0,11.0,B01
201800045365,2.0,33,0,0.0,2.0,7.0,2.0,B01
201800045365,2.0,7,0,0.0,2.0,6.0,11.0,A01
201800045366,1.0,16,0,0.0,2.0,2.0,12.0,A01
201800045366,1.0,7,0,0.0,2.0,6.0,1.0,B01
201800045367,1.0,7,0,4.0,0.0,2.0,0.0,A01
201800045368,2.0,7,0,0.0,2.0,1.0,2.0,Z01
201800045368,2.0,10,0,0.0,2.0,4.0,2.0,B01
201800045369,2.0,7,0,0.0,2.0,2.0,6.0,A01
201800045369,2.0,33,0,0.0,2.0,8.0,1.0,B01
201800045370,1.0,7,0,0.0,0.0,9.0,1.0,A01
201800045371,1.0,7,0,0.0,2.0,2.0,2.0,C01
201800045371,1.0,37,1,0.0,2.0,4.0,2.0,D01
201800045371,1.0,14,0,0.0,2.0,1.0,2.0,A01
201800045371,1.0,14,0,0.0,2.0,4.0,2.0,B01
201800045372,2.0,31,0,0.0,2.0,1.0,3.0,A01
201800045372,2.0,7,0,0.0,2.0,4.0,12.0,B01
201800045373,2.0,7,0,0.0,2.0,4.0,2.0,B01
201800045373,2.0,33,0,0.0,2.0,1.0,2.0,A01
201800045373,2.0,10,0,0.0,2.0,4.0,2.0,C01
201800045374,1.0,33,0,0.0,0.0,8.0,1.0,A01
201800045375,2.0,7,0,0.0,2.0,4.0,2.0,B01
201800045375,2.0,7,0,0.0,2.0,1.0,1.0,A01
201800045376,1.0,7,0,4.0,0.0,1.0,21.0,A01
201800045377,2.0,7,0,3.0,2.0,4.0,1.0,A01
201800045377,2.0,7,0,0.0,2.0,2.0,12.0,B01
201800045378,1.0,10,0,0.0,2.0,4.0,2.0,B01
201800045378,1.0,7,0,0.0,2.0,1.0,2.0,A01
201800045379,2.0,7,0,0.0,2.0,1.0,2.0,A01
201800045379,2.0,7,0,0.0,2.0,4.0,2.0,B01
201800045380,2.0,7,0,0.0,2.0,8.0,0.0,B01
201800045380,2.0,34,0,0.0,2.0,2.0,3.0,A01
201800045381,2.0,17,0,0.0,2.0,2.0,12.0,B01
201800045381,2.0,7,0,0.0,2.0,6.0,2.0,D01
201800045381,2.0,7,0,0.0,2.0,1.0,1.0,C01
201800045381,2.0,7,0,0.0,2.0,8.0,2.0,A01
201800045382,2.0,10,0,0.0,2.0,1.0,1.0,A01
201800045382,2.0,7,0,0.0,2.0,4.0,2.0,B01
201800045383,2.0,7,0,4.0,0.0,1.0,14.0,A01
201800045384,1.0,7,0,4.0,2.0,1.0,14.0,A01
201800045384,1.0,7,0,0.0,2.0,7.0,11.0,B01
201800045385,1.0,10,0,4.0,2.0,4.0,2.0,A01
201800045385,1.0,10,0,4.0,2.0,1.0,1.0,B01
201800045386,2.0,7,0,4.0,0.0,1.0,14.0,A01
201800045387,2.0,7,0,0.0,2.0,4.0,2.0,B01
201800045387,2.0,7,0,0.0,2.0,5.0,2.0,C01
201800045387,2.0,32,0,0.0,2.0,1.0,1.0,A01
201800045388,2.0,7,0,3.0,0.0,2.0,14.0,A01
201800045389,1.0,10,0,0.0,2.0,4.0,2.0,C01
201800045389,1.0,10,0,0.0,2.0,1.0,2.0,A01
201800045389,1.0,7,0,0.0,2.0,4.0,2.0,B01
201800045390,2.0,7,0,0.0,2.0,6.0,11.0,B01
201800045390,2.0,33,0,0.0,2.0,7.0,1.0,A01
201800045391,2.0,10,0,0.0,2.0,6.0,2.0,B01
201800045391,2.0,16,0,0.0,2.0,7.0,2.0,C01
201800045391,2.0,33,0,0.0,2.0,1.0,2.0,A01
201800045392,1.0,7,0,4.0,0.0,1.0,2.0,A01
201800045393,2.0,33,0,0.0,0.0,1.0,2.0,A01
201800045394,2.0,32,0,0.0,2.0,1.0,2.0,B01
201800045394,2.0,7,0,0.0,2.0,6.0,2.0,A01
201800045395,2.0,33,0,4.0,0.0,7.0,0.0,A01
201800045396,1.0,7,0,4.0,0.0,2.0,1.0,A01
201800045397,2.0,7,0,4.0,0.0,3.0,1.0,A01
201800045398,1.0,7,0,0.0,2.0,1.0,1.0,A01
201800045398,1.0,7,0,0.0,2.0,4.0,2.0,B01
201800045399,2.0,7,0,4.0,0.0,1.0,0.0,A01
201800045400,2.0,7,0,4.0,0.0,2.0,14.0,A01
201800045401,2.0,7,0,0.0,2.0,7.0,12.0,A01
201800045401,2.0,17,0,0.0,2.0,8.0,1.0,C01
201800045401,2.0,33,0,0.0,2.0,9.0,3.0,B01
201800045402,1.0,7,0,0.0,2.0,2.0,1.0,A01
201800045402,1.0,7,0,14.0,2.0,8.0,11.0,B01
201800045403,1.0,7,0,4.0,0.0,1.0,14.0,A01
201800045404,2.0,7,0,3.0,0.0,3.0,0.0,A01
201800045405,1.0,7,0,0.0,2.0,2.0,14.0,A01
201800045405,1.0,7,0,0.0,2.0,6.0,1.0,B01
201800045406,1.0,7,0,0.0,2.0,5.0,12.0,A01
201800045406,1.0,33,0,0.0,2.0,3.0,1.0,B01
201800045407,1.0,10,0,0.0,2.0,5.0,2.0,B01
201800045407,1.0,7,0,0.0,2.0,3.0,11.0,A01
201800045407,1.0,10,0,0.0,2.0,4.0,2.0,C01
201800045408,1.0,10,0,0.0,2.0,1.0,1.0,Z01
201800045408,1.0,10,0,0.0,2.0,4.0,2.0,A01
201800045409,1.0,7,0,0.0,2.0,4.0,2.0,B01
201800045409,1.0,99,0,0.0,2.0,3.0,2.0,A01
201800045410,1.0,7,0,0.0,2.0,5.0,23.0,C01
201800045410,1.0,7,0,0.0,2.0,4.0,23.0,B01
201800045410,1.0,7,0,0.0,2.0,1.0,2.0,Z01
201800045411,2.0,7,0,0.0,2.0,4.0,2.0,B01
201800045411,2.0,10,0,0.0,2.0,1.0,2.0,A01
201800045411,2.0,7,0,0.0,2.0,4.0,2.0,C01
201800045412,1.0,7,0,0.0,2.0,1.0,2.0,A01
201800045412,1.0,7,0,0.0,2.0,4.0,2.0,C01
201800045412,1.0,7,0,0.0,2.0,4.0,2.0,B01
201800045413,1.0,7,0,3.0,0.0,3.0,13.0,A01
201800045414,1.0,7,0,0.0,2.0,1.0,2.0,A01
201800045414,1.0,10,0,0.0,2.0,4.0,2.0,C01
201800045414,1.0,7,0,0.0,2.0,4.0,2.0,B01
201800045415,2.0,7,0,0.0,2.0,1.0,1.0,A01
201800045415,2.0,7,0,0.0,2.0,4.0,2.0,B01
201800045415,2.0,7,0,0.0,2.0,4.0,2.0,C01
201800045416,2.0,7,0,0.0,2.0,1.0,2.0,A01
201800045416,2.0,7,0,0.0,2.0,4.0,2.0,B01
201800045416,2.0,7,0,0.0,2.0,4.0,2.0,C01
201800045416,2.0,7,0,0.0,2.0,4.0,2.0,D01
201800045417,2.0,38,1,0.0,2.0,1.0,1.0,A01
201800045417,2.0,7,0,0.0,2.0,4.0,2.0,B01
201800045417,2.0,7,0,0.0,2.0,4.0,2.0,C01
201800045418,2.0,33,0,0.0,0.0,0.0,1.0,A01
201800045419,1.0,33,0,14.0,0.0,8.0,0.0,A01
201800045420,1.0,7,0,0.0,2.0,6.0,1.0,B01
201800045420,1.0,17,0,0.0,2.0,2.0,12.0,A01
201800045421,2.0,33,0,0.0,2.0,1.0,3.0,A01
201800045421,2.0,7,0,0.0,2.0,2.0,12.0,B01
201800045422,1.0,7,0,3.0,0.0,1.0,1.0,A01
201800045423,1.0,7,0,4.0,0.0,2.0,15.0,A01
201800045424,2.0,7,0,0.0,2.0,0.0,0.0,A01
201800045424,2.0,33,0,0.0,2.0,0.0,0.0,B01
201800045425,1.0,7,0,0.0,2.0,5.0,12.0,B01
201800045425,1.0,33,0,0.0,2.0,3.0,18.0,A01
201800045426,1.0,7,0,0.0,2.0,1.0,1.0,A01
201800045426,1.0,7,0,0.0,2.0,4.0,2.0,B01
201800045426,1.0,10,0,0.0,2.0,4.0,2.0,C01
201800045426,1.0,7,0,0.0,2.0,4.0,2.0,D01
201800045427,1.0,7,0,0.0,2.0,4.0,1.0,B01
201800045427,1.0,7,0,0.0,2.0,1.0,14.0,A01
201800045427,1.0,7,0,0.0,2.0,6.0,1.0,C01
201800045428,2.0,7,0,0.0,2.0,1.0,1.0,A01
201800045428,2.0,7,0,0.0,2.0,4.0,2.0,B01
201800045429,2.0,14,0,0.0,2.0,6.0,2.0,D01
201800045429,2.0,7,0,0.0,2.0,8.0,11.0,B01
201800045429,2.0,7,0,0.0,2.0,5.0,2.0,C01
201800045429,2.0,33,0,0.0,2.0,7.0,3.0,A01
201800045430,2.0,7,0,0.0,2.0,7.0,12.0,A01
201800045430,2.0,33,0,0.0,2.0,8.0,2.0,B01
201800045431,2.0,7,0,4.0,0.0,6.0,1.0,A01
201800045432,2.0,7,0,0.0,2.0,4.0,2.0,B01
201800045432,2.0,10,0,0.0,2.0,1.0,1.0,A01
201800045433,1.0,33,0,4.0,0.0,1.0,14.0,A01
201800045434,1.0,16,0,0.0,2.0,1.0,1.0,A01
201800045434,1.0,10,0,0.0,2.0,4.0,2.0,B01
201800045435,2.0,7,0,0.0,2.0,1.0,2.0,A01
201800045435,2.0,10,0,0.0,2.0,4.0,1.0,B01
201800045435,2.0,10,0,0.0,2.0,4.0,1.0,C01
201800045436,1.0,7,0,0.0,2.0,4.0,2.0,A01
201800045436,1.0,7,0,0.0,2.0,1.0,2.0,B01
201800045437,2.0,7,0,4.0,0.0,3.0,13.0,A01
201800045438,1.0,7,0,4.0,0.0,1.0,1.0,A01
201800045439,1.0,7,0,4.0,0.0,1.0,1.0,A01
201800045440,2.0,10,0,0.0,2.0,1.0,1.0,B01
201800045440,2.0,7,0,4.0,2.0,1.0,1.0,A01
201800045441,1.0,7,0,4.0,0.0,3.0,1.0,A01
201800045442,2.0,7,0,4.0,0.0,3.0,0.0,A01
201800045443,2.0,10,0,0.0,2.0,3.0,12.0,A01
201800045443,2.0,7,0,3.0,2.0,5.0,1.0,B01
201800045444,2.0,7,0,4.0,0.0,9.0,1.0,A01
201800045445,2.0,7,0,3.0,0.0,2.0,0.0,A01
201800045446,2.0,7,0,4.0,0.0,3.0,2.0,A01
201800045447,1.0,7,0,4.0,0.0,3.0,11.0,A01
201800045448,1.0,7,0,4.0,0.0,9.0,1.0,A01
201800045449,2.0,31,0,0.0,2.0,3.0,3.0,A01
201800045450,2.0,7,0,4.0,0.0,1.0,1.0,A01
201800045451,1.0,7,0,4.0,0.0,4.0,2.0,A01
201800045452,2.0,32,0,0.0,2.0,8.0,3.0,B01
201800045452,2.0,7,0,0.0,2.0,7.0,12.0,A01
201800045453,1.0,31,0,3.0,0.0,7.0,1.0,A01
201800045454,2.0,10,0,0.0,2.0,5.0,13.0,A01
201800045454,2.0,33,0,0.0,2.0,8.0,18.0,B01
201800045455,2.0,17,0,0.0,2.0,4.0,2.0,A01
201800045455,2.0,10,0,0.0,2.0,4.0,2.0,C01
201800045455,2.0,7,0,0.0,2.0,4.0,2.0,B01
201800045455,2.0,7,0,0.0,2.0,1.0,2.0,D01
201800045456,2.0,10,0,4.0,2.0,1.0,2.0,A01
201800045456,2.0,17,0,0.0,2.0,4.0,2.0,C01
201800045456,2.0,14,0,0.0,2.0,5.0,2.0,B01
201800045457,2.0,33,0,0.0,2.0,1.0,3.0,B01
201800045457,2.0,7,0,0.0,2.0,8.0,11.0,A01
201800045458,1.0,33,0,14.0,0.0,7.0,2.0,A01
201800045459,2.0,33,0,0.0,2.0,1.0,2.0,A01
201800045459,2.0,7,0,0.0,2.0,4.0,23.0,B01
201800045460,2.0,7,0,0.0,2.0,1.0,2.0,A01
201800045460,2.0,7,0,0.0,2.0,4.0,2.0,B01
201800045461,2.0,7,0,0.0,2.0,5.0,12.0,B01
201800045461,2.0,33,0,0.0,2.0,3.0,3.0,A01
201800045462,1.0,34,0,0.0,2.0,1.0,12.0,A01
201800045462,1.0,7,0,0.0,2.0,5.0,1.0,B01
201800045463,1.0,7,0,4.0,0.0,3.0,1.0,A01
201800045464,1.0,7,0,0.0,2.0,4.0,12.0,B01
201800045464,1.0,33,0,0.0,2.0,1.0,3.0,A01
201800045465,2.0,33,0,0.0,2.0,4.0,0.0,A01
201800045465,2.0,7,0,0.0,2.0,1.0,0.0,Z01
201800045466,2.0,7,0,4.0,0.0,9.0,1.0,A01
201800045467,1.0,7,0,0.0,2.0,4.0,2.0,B01
201800045467,1.0,7,0,0.0,2.0,4.0,21.0,A01
201800045468,1.0,7,0,4.0,0.0,1.0,1.0,A01
201800045469,2.0,7,0,1.0,0.0,1.0,1.0,B01
201800045469,2.0,7,0,0.0,2.0,8.0,23.0,A01
201800045470,1.0,7,0,0.0,2.0,4.0,2.0,B01
201800045470,1.0,7,0,0.0,2.0,1.0,2.0,A01
201800045471,1.0,7,0,3.0,0.0,1.0,1.0,A01
201800045472,1.0,33,0,0.0,2.0,1.0,1.0,D01
201800045472,1.0,7,0,0.0,2.0,1.0,1.0,A01
201800045472,1.0,7,0,0.0,2.0,4.0,2.0,C01
201800045472,1.0,7,0,0.0,2.0,4.0,2.0,B01
201800045473,1.0,7,0,0.0,2.0,4.0,2.0,B01
201800045473,1.0,10,0,0.0,2.0,1.0,1.0,A01
201800045474,1.0,7,0,0.0,2.0,7.0,12.0,A01
201800045474,1.0,33,0,0.0,2.0,8.0,3.0,B01
201800045475,2.0,7,0,0.0,2.0,4.0,0.0,B01
201800045475,2.0,7,0,0.0,2.0,1.0,0.0,A01
201800045476,1.0,7,0,0.0,2.0,5.0,2.0,A01
201800045476,1.0,10,0,0.0,2.0,0.0,0.0,Z01
201800045477,1.0,7,0,0.0,2.0,5.0,2.0,B01
201800045477,1.0,33,0,0.0,2.0,1.0,1.0,A01
201800045478,1.0,7,0,0.0,2.0,4.0,12.0,A01
201800045478,1.0,33,0,0.0,2.0,1.0,1.0,B01
201800045479,2.0,7,0,0.0,2.0,1.0,1.0,B01
201800045479,2.0,10,0,0.0,2.0,4.0,2.0,A01
201800045480,2.0,31,0,0.0,2.0,7.0,3.0,A01
201800045480,2.0,7,0,0.0,2.0,8.0,11.0,B01
201800045481,2.0,10,0,1.0,0.0,2.0,12.0,B01
201800045481,2.0,10,0,0.0,2.0,6.0,23.0,A01
201800045482,1.0,33,0,0.0,2.0,2.0,2.0,A01
201800045482,1.0,7,0,0.0,2.0,3.0,2.0,B01
201800045483,2.0,7,0,3.0,0.0,1.0,1.0,A01
201800045484,1.0,7,0,4.0,0.0,3.0,11.0,A01
201800045485,1.0,7,0,0.0,2.0,7.0,12.0,A01
201800045485,1.0,32,0,0.0,2.0,8.0,3.0,B01
201800045486,2.0,7,0,4.0,0.0,1.0,2.0,A01
201800045487,2.0,7,0,0.0,2.0,4.0,2.0,C01
201800045487,2.0,7,0,0.0,2.0,4.0,2.0,B01
201800045487,2.0,7,0,0.0,2.0,1.0,1.0,A01
201800045488,2.0,7,0,0.0,2.0,2.0,1.0,B01
201800045488,2.0,7,0,0.0,2.0,1.0,18.0,A01
201800045489,1.0,7,0,2.0,0.0,0.0,1.0,A01
201800045490,1.0,7,0,0.0,2.0,4.0,2.0,A01
201800045490,1.0,10,0,0.0,2.0,1.0,1.0,B01
201800045491,1.0,7,0,4.0,0.0,0.0,0.0,A01
201800045492,2.0,33,0,4.0,0.0,3.0,13.0,A01
201800045493,1.0,7,0,0.0,2.0,5.0,2.0,C01
201800045493,1.0,7,0,0.0,2.0,1.0,2.0,A01
201800045493,1.0,7,0,0.0,2.0,4.0,2.0,B01
201800045494,2.0,7,0,1.0,2.0,8.0,13.0,C01
201800045494,2.0,7,0,1.0,2.0,7.0,1.0,A01
201800045494,2.0,7,0,0.0,2.0,1.0,23.0,B01
201800045495,2.0,7,0,0.0,2.0,4.0,1.0,B01
201800045495,2.0,10,0,4.0,2.0,1.0,1.0,A01
201800045496,2.0,7,0,4.0,0.0,2.0,1.0,A01
201800045497,1.0,32,0,16.0,0.0,3.0,13.0,A01
201800045498,1.0,7,0,3.0,0.0,1.0,1.0,A01
201800045499,2.0,7,0,0.0,0.0,1.0,1.0,A01
201800045500,2.0,33,0,0.0,2.0,7.0,3.0,A01
201800045500,2.0,15,0,0.0,2.0,8.0,1.0,B01
201800045501,2.0,7,0,4.0,0.0,1.0,1.0,A01
201800045502,1.0,10,0,4.0,0.0,2.0,13.0,A01
201800045503,2.0,7,0,4.0,0.0,3.0,1.0,A01
201800045504,2.0,7,0,3.0,0.0,1.0,15.0,A01
201800045505,2.0,33,0,0.0,2.0,1.0,13.0,A01
201800045505,2.0,7,0,0.0,2.0,4.0,1.0,B01
201800045506,2.0,7,0,0.0,2.0,4.0,2.0,B01
201800045506,2.0,7,0,0.0,2.0,1.0,1.0,A01
201800045507,1.0,32,0,0.0,2.0,1.0,2.0,A01
201800045507,1.0,7,0,0.0,2.0,4.0,2.0,B01
201800045508,2.0,10,0,4.0,0.0,2.0,14.0,A01
201800045509,1.0,33,0,0.0,2.0,2.0,12.0,A01
201800045509,1.0,7,0,0.0,2.0,6.0,1.0,B01
201800045510,1.0,7,0,0.0,2.0,7.0,12.0,Z01
201800045510,1.0,33,0,0.0,2.0,8.0,3.0,A01
201800045510,1.0,7,0,0.0,2.0,6.0,1.0,B01
201800045511,1.0,15,0,0.0,2.0,1.0,1.0,A01
201800045511,1.0,17,0,0.0,2.0,4.0,2.0,B01
201800045512,2.0,7,0,0.0,2.0,3.0,1.0,B01
201800045512,2.0,14,0,0.0,2.0,2.0,14.0,A01
201800045513,2.0,7,0,0.0,2.0,4.0,2.0,B01
201800045513,2.0,34,0,0.0,2.0,1.0,2.0,A01
201800045514,1.0,10,0,0.0,2.0,4.0,1.0,B01
201800045514,1.0,7,0,0.0,2.0,1.0,1.0,A01
201800045515,1.0,7,0,0.0,2.0,1.0,14.0,A01