Num_Acc,senc,catv,occutc,obs,obsm,choc,manv,num_veh
201800045515,1.0,7,0,0.0,2.0,6.0,2.0,B01
201800045516,1.0,7,0,0.0,2.0,7.0,23.0,A01
201800045516,1.0,7,0,0.0,2.0,1.0,1.0,C01
201800045516,1.0,17,0,4.0,2.0,1.0,21.0,B01
201800045516,1.0,7,0,14.0,0.0,1.0,1.0,E01
201800045516,1.0,7,0,0.0,2.0,4.0,2.0,D01
201800045517,2.0,7,0,4.0,0.0,3.0,1.0,A01
201800045517,2.0,10,0,0.0,2.0,8.0,1.0,D01
201800045517,2.0,7,0,0.0,2.0,4.0,1.0,B01
201800045517,2.0,7,0,0.0,2.0,1.0,1.0,C01
201800045518,1.0,7,0,0.0,2.0,1.0,1.0,B01
201800045518,1.0,7,0,0.0,2.0,4.0,14.0,A01
201800045519,1.0,7,0,0.0,2.0,1.0,2.0,A01
201800045519,1.0,7,0,0.0,2.0,4.0,2.0,D01
201800045519,1.0,7,0,0.0,2.0,4.0,2.0,C01
201800045519,1.0,7,0,0.0,2.0,4.0,2.0,B01
201800045519,1.0,7,0,0.0,2.0,4.0,2.0,E01
201800045520,2.0,7,0,0.0,2.0,1.0,21.0,A01
201800045520,2.0,10,0,0.0,2.0,4.0,0.0,B01
201800045521,1.0,7,0,3.0,0.0,1.0,0.0,A01
201800045522,1.0,7,0,3.0,0.0,1.0,1.0,A01
201800045523,2.0,7,0,4.0,0.0,1.0,17.0,A01
201800045524,2.0,7,0,4.0,0.0,1.0,1.0,A01
201800045525,2.0,7,0,0.0,2.0,1.0,1.0,B01
201800045525,2.0,7,0,0.0,2.0,6.0,14.0,A01
201800045526,2.0,7,0,4.0,0.0,1.0,1.0,A01
201800045527,1.0,7,0,4.0,0.0,1.0,1.0,A01
201800045528,2.0,7,0,3.0,0.0,1.0,11.0,A01
201800045529,2.0,7,0,0.0,2.0,4.0,2.0,A01
201800045529,2.0,7,0,0.0,2.0,4.0,2.0,B01
201800045529,2.0,7,0,0.0,2.0,1.0,1.0,C01
201800045530,1.0,7,0,4.0,0.0,1.0,1.0,A01
201800045531,2.0,32,0,0.0,2.0,1.0,2.0,A01
201800045531,2.0,7,0,0.0,2.0,4.0,0.0,B01
201800045532,2.0,17,0,0.0,2.0,4.0,2.0,B01
201800045532,2.0,7,0,0.0,2.0,1.0,2.0,A01
201800045533,2.0,7,0,4.0,0.0,3.0,11.0,A01
201800045534,2.0,7,0,4.0,0.0,3.0,11.0,A01
201800045535,2.0,15,0,0.0,2.0,1.0,2.0,A01
201800045535,2.0,7,0,0.0,2.0,4.0,2.0,B01
201800045536,2.0,33,0,0.0,0.0,0.0,0.0,A01
201800045537,2.0,7,0,4.0,0.0,1.0,13.0,A01
201800045538,1.0,10,0,0.0,2.0,5.0,2.0,B01
201800045538,1.0,7,0,0.0,2.0,1.0,2.0,C01
201800045538,1.0,7,0,0.0,2.0,3.0,1.0,A01
201800045539,1.0,33,0,0.0,2.0,1.0,2.0,B01
201800045539,1.0,7,0,0.0,2.0,4.0,23.0,A01
201800045540,1.0,33,0,0.0,2.0,1.0,9.0,A01
201800045540,1.0,7,0,0.0,2.0,6.0,23.0,B01
201800045541,1.0,37,33,13.0,0.0,2.0,14.0,A01
201800045542,1.0,7,0,0.0,2.0,1.0,2.0,A01
201800045542,1.0,7,0,0.0,2.0,4.0,2.0,B01
201800045543,2.0,17,0,1.0,0.0,2.0,2.0,B01
201800045543,2.0,7,0,0.0,2.0,6.0,23.0,A01
201800045544,2.0,7,0,4.0,0.0,2.0,14.0,A01
201800045545,2.0,16,0,0.0,2.0,8.0,1.0,B01
201800045545,2.0,10,0,0.0,2.0,3.0,17.0,A01
201800045545,2.0,15,0,0.0,2.0,7.0,1.0,C01
201800045546,2.0,33,0,16.0,0.0,2.0,3.0,A01
201800045547,1.0,7,0,0.0,2.0,4.0,2.0,A01
201800045547,1.0,7,0,0.0,2.0,4.0,2.0,B01
201800045547,1.0,7,0,0.0,2.0,1.0,2.0,C01
201800045547,1.0,7,0,0.0,2.0,1.0,2.0,D01
201800045548,1.0,7,0,0.0,2.0,1.0,2.0,A01
201800045548,1.0,7,0,0.0,2.0,4.0,2.0,B01
201800045549,2.0,33,0,16.0,0.0,8.0,1.0,A01
201800045550,2.0,10,0,0.0,2.0,1.0,1.0,A01
201800045550,2.0,7,0,0.0,2.0,4.0,1.0,B01
201800045551,2.0,7,0,0.0,2.0,1.0,0.0,A01
201800045551,2.0,10,0,0.0,2.0,4.0,0.0,B01
201800045552,2.0,7,0,12.0,2.0,9.0,1.0,B01
201800045552,2.0,7,0,0.0,2.0,1.0,9.0,A01
201800045553,2.0,7,0,4.0,0.0,1.0,11.0,A01
201800045554,2.0,7,0,4.0,0.0,7.0,12.0,A01
201800045555,2.0,7,0,4.0,0.0,8.0,2.0,A01
201800045556,2.0,7,0,4.0,2.0,9.0,13.0,A01
201800045556,2.0,10,0,4.0,2.0,1.0,1.0,B01
201800045557,2.0,7,0,0.0,2.0,1.0,1.0,A01
201800045557,2.0,33,0,0.0,2.0,4.0,2.0,B01
201800045558,1.0,7,0,0.0,2.0,6.0,2.0,B01
201800045558,1.0,16,0,0.0,2.0,2.0,2.0,A01
201800045559,1.0,7,0,0.0,2.0,4.0,2.0,C01
201800045559,1.0,7,0,0.0,2.0,4.0,2.0,B01
201800045559,1.0,10,0,0.0,2.0,1.0,2.0,A01
201800045559,1.0,7,0,0.0,2.0,1.0,2.0,D01
201800045560,1.0,31,0,0.0,2.0,3.0,2.0,A01
201800045560,1.0,7,0,0.0,2.0,2.0,12.0,B01
201800045561,2.0,17,0,0.0,2.0,1.0,2.0,A01
201800045561,2.0,7,0,0.0,2.0,1.0,2.0,D01
201800045561,2.0,10,0,0.0,2.0,2.0,2.0,C01
201800045561,2.0,7,0,0.0,2.0,3.0,2.0,B01
201800045562,2.0,17,0,0.0,2.0,6.0,2.0,A01
201800045562,2.0,10,0,0.0,2.0,2.0,21.0,B01
201800045563,1.0,7,0,0.0,2.0,1.0,2.0,A01
201800045563,1.0,7,0,0.0,2.0,4.0,2.0,B01
201800045563,1.0,7,0,0.0,2.0,4.0,2.0,C01
201800045564,2.0,7,0,0.0,2.0,5.0,23.0,B01
201800045564,2.0,32,0,0.0,2.0,1.0,2.0,A01
201800045565,1.0,7,0,0.0,2.0,4.0,1.0,D01
201800045565,1.0,10,0,0.0,2.0,1.0,1.0,A01
201800045565,1.0,7,0,0.0,2.0,4.0,1.0,C01
201800045565,1.0,7,0,0.0,2.0,4.0,1.0,B01
201800045566,2.0,7,0,0.0,2.0,1.0,21.0,A01
201800045566,2.0,7,0,0.0,2.0,5.0,1.0,B01
201800045567,1.0,7,0,0.0,2.0,7.0,12.0,A01
201800045567,1.0,33,0,0.0,2.0,8.0,3.0,B01
201800045568,2.0,7,0,0.0,2.0,4.0,1.0,B01
201800045568,2.0,14,0,0.0,2.0,1.0,1.0,A01
201800045569,1.0,7,0,4.0,0.0,1.0,17.0,A01
201800045570,1.0,7,0,4.0,0.0,2.0,12.0,A01
201800045571,2.0,7,0,0.0,2.0,4.0,2.0,A01
201800045571,2.0,7,0,0.0,2.0,1.0,2.0,B01
201800045572,2.0,33,0,0.0,2.0,7.0,2.0,A01
201800045572,2.0,10,0,0.0,2.0,0.0,13.0,Z01
201800045573,2.0,10,0,0.0,2.0,4.0,2.0,C01
201800045573,2.0,7,0,0.0,2.0,1.0,2.0,A01
201800045573,2.0,7,0,0.0,2.0,4.0,2.0,B01
201800045574,1.0,7,0,4.0,0.0,3.0,11.0,A01
201800045575,1.0,7,0,0.0,2.0,4.0,23.0,B01
201800045575,1.0,10,0,0.0,2.0,1.0,1.0,A01
201800045576,2.0,7,0,4.0,0.0,3.0,13.0,A01
201800045577,2.0,7,0,4.0,0.0,3.0,9.0,A01
201800045578,2.0,7,0,4.0,0.0,1.0,1.0,A01
201800045579,1.0,7,0,0.0,2.0,6.0,1.0,A01
201800045579,1.0,7,0,0.0,2.0,8.0,1.0,B01
201800045580,1.0,33,0,0.0,2.0,1.0,2.0,A01
201800045580,1.0,33,0,0.0,2.0,4.0,2.0,B01
201800045581,2.0,10,0,0.0,2.0,8.0,11.0,A01
201800045581,2.0,34,0,0.0,2.0,2.0,1.0,B01
201800045582,1.0,31,0,0.0,0.0,0.0,0.0,A01
201800045583,2.0,7,0,3.0,0.0,7.0,14.0,A01
201800045584,1.0,7,0,0.0,2.0,8.0,1.0,A01
201800045584,1.0,10,0,0.0,2.0,1.0,1.0,C01
201800045584,1.0,10,0,0.0,2.0,4.0,2.0,B01
201800045585,1.0,7,0,16.0,0.0,9.0,21.0,A01
201800045586,2.0,34,0,15.0,0.0,3.0,21.0,A01
201800045587,2.0,7,0,0.0,2.0,2.0,12.0,A01
201800045587,2.0,33,0,0.0,2.0,3.0,1.0,B01
201800045588,1.0,7,0,0.0,2.0,3.0,2.0,B01
201800045588,1.0,7,0,0.0,2.0,5.0,2.0,A01
201800045589,1.0,7,0,0.0,2.0,4.0,2.0,B01
201800045589,1.0,7,0,0.0,2.0,1.0,1.0,A01
201800045590,1.0,7,0,0.0,2.0,1.0,2.0,C01
201800045590,1.0,3,0,0.0,2.0,4.0,2.0,B01
201800045590,1.0,10,0,0.0,2.0,1.0,1.0,A01
201800045591,2.0,7,0,4.0,0.0,9.0,0.0,A01
201800045592,1.0,10,0,4.0,2.0,3.0,2.0,B01
201800045592,1.0,10,0,0.0,2.0,1.0,12.0,A01
201800045592,1.0,10,0,0.0,6.0,1.0,2.0,C01
201800045593,2.0,7,0,0.0,2.0,8.0,2.0,B01
201800045593,2.0,33,0,0.0,2.0,1.0,2.0,A01
201800045594,2.0,7,0,4.0,0.0,2.0,0.0,A01
201800045595,2.0,7,0,0.0,2.0,4.0,2.0,B01
201800045595,2.0,7,0,0.0,2.0,1.0,2.0,A01
201800045596,2.0,7,0,0.0,2.0,2.0,12.0,A01
201800045596,2.0,7,0,0.0,2.0,6.0,1.0,B01
201800045597,2.0,7,0,4.0,0.0,3.0,13.0,A01
201800045598,1.0,7,0,0.0,2.0,1.0,2.0,A01
201800045598,1.0,7,0,0.0,2.0,4.0,2.0,B01
201800045599,1.0,7,0,4.0,0.0,3.0,13.0,A01
201800045600,2.0,7,0,4.0,0.0,2.0,1.0,A01
201800045601,1.0,17,0,4.0,0.0,1.0,21.0,A01
201800045602,2.0,7,0,4.0,0.0,3.0,0.0,A01
201800045603,2.0,7,0,4.0,0.0,1.0,14.0,A01
201800045604,2.0,7,0,4.0,2.0,1.0,14.0,A01
201800045605,2.0,7,0,3.0,0.0,1.0,2.0,A01
201800045606,2.0,7,0,0.0,2.0,1.0,2.0,A01
201800045606,2.0,7,0,0.0,2.0,4.0,2.0,B01
201800045607,1.0,7,0,3.0,2.0,1.0,2.0,A01
201800045608,2.0,7,0,0.0,2.0,6.0,2.0,B01
201800045608,2.0,10,0,0.0,2.0,1.0,2.0,A01
201800045609,1.0,7,0,0.0,2.0,4.0,2.0,B01
201800045609,1.0,7,0,0.0,2.0,1.0,1.0,A01
201800045610,1.0,7,0,0.0,2.0,4.0,2.0,A01
201800045610,1.0,7,0,0.0,2.0,1.0,2.0,B01
201800045611,2.0,7,0,0.0,2.0,2.0,12.0,B01
201800045611,2.0,33,0,0.0,2.0,3.0,3.0,A01
201800045612,2.0,7,0,0.0,2.0,8.0,23.0,A01
201800045612,2.0,7,0,0.0,2.0,5.0,23.0,B01
201800045612,2.0,34,0,0.0,2.0,1.0,3.0,C01
201800045613,2.0,33,0,0.0,2.0,1.0,2.0,A01
201800045613,2.0,7,0,0.0,2.0,5.0,2.0,B01
201800045614,1.0,33,0,0.0,2.0,1.0,1.0,A01
201800045614,1.0,7,0,0.0,2.0,4.0,11.0,B01
201800045615,2.0,7,0,4.0,0.0,1.0,9.0,A01
201800045616,1.0,7,0,4.0,0.0,2.0,14.0,A01
201800045617,1.0,7,0,0.0,2.0,5.0,12.0,Z01
201800045617,1.0,33,0,0.0,2.0,3.0,3.0,A01
201800045618,1.0,7,0,1.0,2.0,1.0,1.0,C01
201800045618,1.0,7,0,1.0,0.0,1.0,21.0,B01
201800045618,1.0,7,0,0.0,2.0,1.0,23.0,Z01
201800045619,1.0,7,0,4.0,0.0,1.0,1.0,A01
201800045620,2.0,7,0,0.0,2.0,4.0,2.0,C01
201800045620,2.0,7,0,0.0,2.0,1.0,2.0,A01
201800045620,2.0,10,0,0.0,2.0,4.0,2.0,B01
201800045621,2.0,7,0,4.0,0.0,1.0,0.0,A01
201800045622,1.0,7,0,4.0,2.0,1.0,1.0,A01
201800045623,2.0,7,0,4.0,0.0,2.0,7.0,A01
201800045624,2.0,7,0,3.0,0.0,1.0,1.0,A01
201800045625,1.0,7,0,0.0,2.0,1.0,1.0,A01
201800045625,1.0,7,0,0.0,2.0,4.0,1.0,B01
201800045626,2.0,10,0,0.0,2.0,4.0,1.0,B01
201800045626,2.0,7,0,0.0,2.0,4.0,1.0,C01
201800045626,2.0,10,0,0.0,2.0,1.0,1.0,A01
201800045626,2.0,10,0,0.0,2.0,4.0,1.0,E01
201800045626,2.0,7,0,0.0,2.0,4.0,1.0,D01
201800045627,2.0,31,0,0.0,0.0,7.0,12.0,A01
201800045628,1.0,7,0,0.0,0.0,7.0,12.0,A01
201800045628,1.0,33,0,0.0,2.0,8.0,3.0,B01
201800045628,1.0,7,0,0.0,2.0,6.0,2.0,C01
201800045628,1.0,7,0,0.0,2.0,7.0,1.0,D01
201800045629,1.0,33,0,0.0,0.0,7.0,14.0,A01
201800045630,2.0,32,0,0.0,0.0,8.0,21.0,A01
201800045631,2.0,7,0,0.0,2.0,3.0,11.0,A01
201800045631,2.0,7,0,0.0,2.0,2.0,1.0,B01
201800045632,1.0,10,0,0.0,2.0,1.0,2.0,A01
201800045633,2.0,7,0,0.0,2.0,1.0,2.0,A01
201800045633,2.0,7,0,0.0,2.0,4.0,2.0,B01
201800045633,2.0,7,0,0.0,2.0,4.0,2.0,C01
201800045634,1.0,7,0,0.0,2.0,8.0,0.0,C01
201800045634,1.0,7,0,0.0,2.0,6.0,0.0,B01
201800045634,1.0,7,0,0.0,2.0,1.0,0.0,A01
201800045635,1.0,7,0,3.0,0.0,1.0,1.0,A01
201800045636,2.0,7,0,0.0,0.0,0.0,11.0,A01
201800045636,2.0,33,0,0.0,2.0,0.0,21.0,B01
201800045637,1.0,14,0,0.0,2.0,2.0,16.0,A01
201800045637,1.0,7,0,0.0,2.0,6.0,1.0,B01
201800045638,2.0,7,0,0.0,2.0,4.0,1.0,C01
201800045638,1.0,7,0,0.0,2.0,1.0,1.0,A01
201800045638,1.0,7,0,0.0,2.0,4.0,1.0,B01
201800045639,2.0,7,0,0.0,2.0,2.0,12.0,A01
201800045639,2.0,7,0,0.0,2.0,6.0,1.0,C01
201800045639,2.0,33,0,0.0,2.0,3.0,3.0,B01
201800045640,2.0,34,0,0.0,2.0,9.0,3.0,A01
201800045640,2.0,14,0,0.0,6.0,0.0,1.0,B01
201800045640,2.0,7,0,0.0,6.0,5.0,1.0,C01
201800045641,0.0,32,0,0.0,0.0,7.0,2.0,A01
201800045642,2.0,14,0,0.0,2.0,2.0,14.0,A01
201800045642,2.0,7,0,0.0,2.0,3.0,2.0,B01
201800045643,1.0,7,0,3.0,2.0,2.0,14.0,A01
201800045643,1.0,7,0,3.0,2.0,1.0,1.0,B01
201800045644,2.0,7,0,0.0,2.0,4.0,1.0,C01
201800045644,2.0,33,0,0.0,2.0,3.0,3.0,A01
201800045644,2.0,7,0,0.0,2.0,2.0,12.0,B01
201800045645,2.0,7,0,3.0,2.0,1.0,2.0,A01
201800045645,2.0,7,0,3.0,2.0,4.0,2.0,B01
201800045646,2.0,7,0,0.0,2.0,7.0,0.0,A01
201800045646,2.0,7,0,0.0,2.0,8.0,1.0,B01
201800045647,2.0,10,0,0.0,2.0,1.0,0.0,B01
201800045648,2.0,10,0,0.0,2.0,5.0,14.0,A01
201800045648,2.0,31,0,0.0,2.0,3.0,0.0,B01
201800045649,2.0,10,0,4.0,0.0,1.0,21.0,A01
201800045650,2.0,14,0,0.0,2.0,4.0,1.0,B01
201800045650,2.0,14,0,0.0,2.0,1.0,1.0,A01
201800045651,1.0,7,0,0.0,0.0,0.0,2.0,C01
201800045651,1.0,14,0,0.0,0.0,0.0,14.0,A01
201800045651,1.0,7,0,0.0,0.0,0.0,2.0,B01
201800045652,2.0,7,0,0.0,2.0,1.0,0.0,A01
201800045652,2.0,7,0,4.0,2.0,4.0,0.0,B01
201800045653,1.0,7,0,4.0,0.0,1.0,0.0,A01
201800045654,1.0,7,0,0.0,2.0,4.0,2.0,B01
201800045654,1.0,7,0,0.0,2.0,1.0,2.0,A01
201800045655,1.0,33,0,0.0,0.0,0.0,21.0,A01
201800045656,1.0,10,0,4.0,0.0,2.0,14.0,A01
201800045657,2.0,10,0,4.0,0.0,3.0,0.0,A01
201800045658,1.0,7,0,0.0,0.0,6.0,1.0,A01
201800045659,2.0,10,0,0.0,2.0,1.0,1.0,A01
201800045659,1.0,10,0,0.0,2.0,4.0,1.0,B01
201800045660,2.0,7,0,4.0,0.0,2.0,1.0,A01
201800045661,1.0,10,0,4.0,0.0,1.0,0.0,A01
201800045662,1.0,7,0,4.0,0.0,1.0,1.0,A01
201800045663,2.0,7,0,0.0,2.0,2.0,3.0,A01
201800045663,1.0,33,0,0.0,2.0,4.0,2.0,B01
201800045664,0.0,33,0,0.0,2.0,2.0,0.0,B01
201800045664,2.0,7,0,0.0,2.0,3.0,9.0,A01
201800045665,1.0,7,0,3.0,0.0,4.0,9.0,A01
201800045666,2.0,7,0,0.0,2.0,1.0,2.0,A01
201800045666,2.0,7,0,0.0,2.0,5.0,2.0,B01
201800045667,2.0,7,0,0.0,2.0,5.0,12.0,A01
201800045667,1.0,33,0,0.0,2.0,3.0,0.0,B01
201800045668,2.0,7,0,4.0,0.0,1.0,1.0,A01
201800045669,2.0,7,0,0.0,2.0,6.0,18.0,A01
201800045669,2.0,15,0,0.0,2.0,2.0,1.0,B01
201800045670,2.0,15,0,0.0,2.0,4.0,2.0,B01
201800045670,2.0,15,0,0.0,2.0,1.0,2.0,A01
201800045670,2.0,7,0,0.0,2.0,4.0,2.0,C01
201800045670,2.0,15,0,0.0,2.0,4.0,2.0,D01
201800045671,2.0,7,0,0.0,2.0,1.0,2.0,A01
201800045671,2.0,7,0,0.0,2.0,4.0,2.0,B01
201800045672,1.0,7,0,0.0,2.0,1.0,0.0,A01
201800045672,1.0,7,0,0.0,2.0,9.0,0.0,B01
201800045672,1.0,7,0,0.0,2.0,4.0,0.0,C01
201800045673,2.0,10,0,0.0,2.0,5.0,12.0,A01
201800045673,2.0,33,0,0.0,2.0,3.0,3.0,B01
201800045674,2.0,7,0,4.0,0.0,1.0,13.0,A01
201800045675,1.0,33,0,0.0,2.0,3.0,1.0,A01
201800045675,1.0,10,0,0.0,2.0,5.0,14.0,B01
201800045676,1.0,33,0,0.0,2.0,1.0,3.0,A01
201800045676,1.0,7,0,0.0,2.0,6.0,1.0,B01
201800045677,2.0,17,0,0.0,2.0,2.0,17.0,A01
201800045677,2.0,7,0,0.0,2.0,6.0,1.0,B01
201800045678,1.0,7,0,0.0,2.0,4.0,14.0,B01
201800045678,1.0,10,0,0.0,2.0,1.0,2.0,A01
201800045679,2.0,7,0,4.0,0.0,3.0,1.0,A01
201800045680,2.0,7,0,3.0,0.0,1.0,0.0,A01
201800045681,1.0,10,0,0.0,5.0,1.0,0.0,A01
201800045682,2.0,7,0,0.0,2.0,1.0,1.0,B01
201800045682,2.0,7,0,0.0,2.0,8.0,5.0,Z01
201800045683,1.0,10,0,0.0,2.0,8.0,13.0,A01
201800045683,1.0,10,0,4.0,2.0,7.0,17.0,B01
201800045684,1.0,33,0,0.0,2.0,7.0,3.0,A01
201800045684,1.0,7,0,0.0,2.0,8.0,1.0,B01
201800045685,1.0,32,0,0.0,2.0,3.0,1.0,A01
201800045685,1.0,7,0,0.0,2.0,5.0,12.0,B01
201800045686,2.0,32,0,0.0,0.0,7.0,1.0,A01
201800045687,2.0,10,0,0.0,2.0,1.0,1.0,A01
201800045687,2.0,10,0,0.0,2.0,4.0,1.0,B01
201800045687,2.0,10,0,0.0,2.0,4.0,1.0,C01
201800045687,2.0,10,0,0.0,2.0,4.0,1.0,D01
201800045688,1.0,10,0,0.0,2.0,1.0,1.0,A01
201800045688,1.0,10,0,0.0,2.0,4.0,1.0,B01
201800045688,1.0,10,0,0.0,2.0,4.0,1.0,C01
201800045688,1.0,10,0,0.0,2.0,1.0,1.0,D01
201800045689,1.0,34,0,0.0,0.0,0.0,1.0,A01
201800045690,2.0,10,0,0.0,2.0,2.0,14.0,A01
201800045690,2.0,33,0,0.0,2.0,1.0,1.0,B01
201800045691,2.0,7,0,0.0,2.0,1.0,2.0,A01
201800045691,2.0,7,0,0.0,2.0,4.0,2.0,B01
201800045691,2.0,10,0,0.0,2.0,4.0,2.0,C01
201800045692,1.0,7,0,3.0,2.0,1.0,14.0,A01
201800045692,1.0,33,0,0.0,2.0,7.0,1.0,B01
201800045693,1.0,33,0,0.0,2.0,1.0,2.0,A01
201800045693,1.0,7,0,0.0,2.0,4.0,2.0,B01
201800045694,2.0,7,0,0.0,2.0,4.0,2.0,C01
201800045694,2.0,7,0,0.0,2.0,1.0,2.0,A01
201800045694,2.0,7,0,0.0,2.0,4.0,2.0,B01
201800045695,1.0,7,0,4.0,0.0,2.0,2.0,A01
201800045696,2.0,7,0,4.0,0.0,3.0,1.0,A01
201800045697,1.0,7,0,0.0,2.0,6.0,2.0,B01
201800045697,1.0,2,0,0.0,2.0,1.0,3.0,A01
201800045698,1.0,7,0,0.0,2.0,3.0,18.0,A01
201800045698,1.0,7,0,0.0,2.0,5.0,14.0,B01
201800045698,1.0,7,0,0.0,2.0,0.0,0.0,C01
201800045699,2.0,7,0,0.0,2.0,2.0,0.0,C01
201800045699,2.0,7,0,4.0,2.0,3.0,11.0,A01
201800045699,2.0,7,0,4.0,0.0,7.0,0.0,B01
201800045700,2.0,7,0,0.0,0.0,0.0,12.0,A01
201800045700,2.0,34,0,0.0,0.0,0.0,21.0,B01
201800045701,2.0,10,0,0.0,2.0,1.0,2.0,A01
201800045701,2.0,7,0,0.0,2.0,4.0,2.0,B01
201800045701,2.0,7,0,0.0,2.0,4.0,2.0,C01
201800045701,1.0,7,0,0.0,2.0,4.0,2.0,D01
201800045702,1.0,10,0,4.0,0.0,1.0,1.0,A01
201800045703,1.0,7,0,4.0,0.0,3.0,2.0,A01
201800045704,1.0,7,0,0.0,0.0,2.0,2.0,A01
201800045705,1.0,7,0,2.0,0.0,1.0,14.0,A01
201800045706,2.0,10,0,0.0,2.0,1.0,1.0,A01
201800045706,2.0,7,0,0.0,2.0,4.0,23.0,B01
201800045706,2.0,10,0,0.0,2.0,4.0,23.0,C01
201800045707,2.0,7,0,0.0,2.0,6.0,1.0,B01
201800045707,2.0,7,0,0.0,2.0,2.0,12.0,A01
201800045708,2.0,7,0,0.0,2.0,6.0,11.0,A01
201800045708,2.0,7,0,0.0,2.0,1.0,1.0,B01
201800045709,1.0,7,0,3.0,0.0,2.0,15.0,A01
201800045709,1.0,7,0,0.0,2.0,3.0,21.0,B01
201800045709,1.0,7,0,0.0,2.0,8.0,21.0,C01
201800045710,2.0,7,0,0.0,2.0,1.0,0.0,A01
201800045710,2.0,7,0,0.0,2.0,4.0,1.0,B01
201800045711,1.0,14,0,0.0,2.0,1.0,2.0,A01
201800045711,1.0,10,0,0.0,2.0,4.0,2.0,B01
201800045711,1.0,15,0,0.0,0.0,4.0,2.0,C01
201800045712,1.0,7,0,3.0,0.0,2.0,0.0,A01
201800045713,2.0,34,0,0.0,2.0,1.0,3.0,A01
201800045713,2.0,32,0,0.0,2.0,4.0,9.0,B01
201800045714,2.0,7,0,0.0,2.0,4.0,2.0,B01
201800045714,2.0,33,0,0.0,2.0,1.0,2.0,A01
201800045715,2.0,7,0,0.0,2.0,2.0,11.0,A01
201800045715,2.0,7,0,0.0,2.0,7.0,2.0,B01
201800045716,1.0,7,0,0.0,2.0,1.0,2.0,B01
201800045716,1.0,7,0,4.0,0.0,4.0,2.0,A01
201800045717,1.0,32,0,0.0,2.0,1.0,3.0,A01
201800045718,1.0,7,0,0.0,2.0,1.0,1.0,A01
201800045718,1.0,7,0,0.0,2.0,4.0,1.0,B01
201800045718,1.0,7,0,0.0,2.0,0.0,0.0,C01
201800045719,2.0,7,0,0.0,2.0,4.0,2.0,C01
201800045719,2.0,7,0,0.0,2.0,4.0,2.0,B01
201800045719,2.0,7,0,0.0,2.0,1.0,13.0,A01
201800045720,0.0,10,0,4.0,0.0,3.0,1.0,A01
201800045721,2.0,10,0,0.0,2.0,4.0,2.0,C01
201800045721,2.0,7,0,0.0,2.0,2.0,2.0,A01
201800045721,2.0,10,0,0.0,2.0,4.0,2.0,B01
201800045722,2.0,7,0,0.0,2.0,5.0,12.0,A01
201800045722,2.0,33,0,0.0,2.0,3.0,1.0,B01
201800045723,2.0,10,0,15.0,0.0,1.0,1.0,A01
201800045724,1.0,14,0,0.0,2.0,1.0,0.0,A01
201800045724,1.0,10,0,0.0,2.0,4.0,0.0,B01
201800045725,2.0,10,0,6.0,0.0,1.0,1.0,A01
201800045726,0.0,33,0,0.0,0.0,0.0,1.0,A01
201800045727,2.0,7,0,12.0,2.0,2.0,14.0,A01
201800045727,2.0,7,0,0.0,2.0,4.0,1.0,B01
201800045727,2.0,7,0,0.0,2.0,0.0,0.0,C01
201800045728,2.0,15,0,0.0,2.0,6.0,24.0,B01
201800045728,2.0,7,0,1.0,0.0,2.0,1.0,A01
201800045729,1.0,33,0,0.0,0.0,0.0,0.0,A01
201800045730,2.0,15,0,1.0,0.0,1.0,2.0,B01
201800045730,2.0,7,0,0.0,2.0,6.0,23.0,A01
201800045731,2.0,33,0,0.0,0.0,7.0,1.0,A01
201800045732,1.0,7,0,3.0,0.0,2.0,1.0,A01
201800045733,1.0,32,0,0.0,0.0,8.0,1.0,A01
201800045734,1.0,7,0,1.0,0.0,2.0,14.0,A01
201800045734,1.0,10,0,0.0,2.0,6.0,24.0,B01
201800045735,2.0,34,0,0.0,0.0,1.0,21.0,A01
201800045735,2.0,7,0,0.0,0.0,5.0,1.0,B01
201800045736,1.0,7,0,4.0,0.0,1.0,0.0,A01
201800045737,1.0,7,0,0.0,2.0,4.0,2.0,C01
201800045737,1.0,7,0,0.0,2.0,4.0,2.0,B01
201800045737,1.0,7,0,0.0,2.0,1.0,2.0,A01
201800045738,2.0,7,0,0.0,2.0,8.0,12.0,A01
201800045738,2.0,33,0,0.0,2.0,5.0,3.0,B01
201800045739,1.0,7,0,0.0,2.0,6.0,2.0,C01
201800045739,1.0,7,0,0.0,2.0,1.0,2.0,A01
201800045739,1.0,7,0,0.0,2.0,4.0,2.0,B01
201800045740,1.0,7,0,1.0,0.0,1.0,2.0,B01
201800045741,1.0,7,0,0.0,2.0,4.0,2.0,C01
201800045741,1.0,10,0,0.0,2.0,1.0,1.0,A01
201800045741,1.0,10,0,0.0,2.0,4.0,1.0,B01
201800045742,1.0,7,0,0.0,2.0,0.0,0.0,A01
201800045742,1.0,10,0,0.0,2.0,0.0,0.0,B01
201800045742,1.0,7,0,0.0,2.0,0.0,0.0,C01
201800045742,1.0,7,0,0.0,2.0,4.0,0.0,D01
201800045742,1.0,7,0,0.0,2.0,0.0,0.0,E01
201800045743,1.0,7,0,4.0,0.0,3.0,1.0,A01
201800045744,1.0,10,0,0.0,2.0,2.0,0.0,A01
201800045744,1.0,10,0,0.0,2.0,6.0,0.0,B01
201800045745,2.0,7,0,4.0,0.0,3.0,0.0,A01
201800045746,1.0,1,0,0.0,2.0,0.0,0.0,B01