Num_Acc,senc,catv,occutc,obs,obsm,choc,manv,num_veh
201800045746,1.0,99,0,0.0,2.0,0.0,0.0,Z01
201800045747,2.0,33,0,0.0,0.0,0.0,2.0,A01
201800045748,1.0,7,0,0.0,2.0,1.0,2.0,A01
201800045748,1.0,7,0,0.0,2.0,4.0,2.0,B01
201800045748,1.0,7,0,0.0,2.0,4.0,2.0,C01
201800045749,2.0,33,0,0.0,0.0,0.0,3.0,A01
201800045750,1.0,33,0,0.0,2.0,1.0,2.0,A01
201800045750,1.0,7,0,0.0,2.0,1.0,2.0,B01
201800045750,1.0,7,0,0.0,2.0,4.0,2.0,C01
201800045750,1.0,7,0,0.0,2.0,2.0,2.0,D01
201800045751,1.0,10,0,3.0,0.0,4.0,1.0,B01
201800045751,1.0,15,0,0.0,2.0,2.0,1.0,A01
201800045752,1.0,10,0,4.0,0.0,6.0,1.0,A01
201800045753,2.0,10,0,14.0,0.0,2.0,14.0,A01
201800045754,2.0,7,0,0.0,2.0,1.0,2.0,C01
201800045754,2.0,7,0,4.0,0.0,0.0,2.0,B01
201800045754,2.0,7,0,0.0,2.0,3.0,9.0,A01
201800045755,1.0,10,0,3.0,0.0,2.0,2.0,A01
201800045756,2.0,7,0,0.0,1.0,1.0,2.0,A01
201800045757,2.0,14,0,1.0,2.0,1.0,2.0,C01
201800045757,2.0,10,0,0.0,2.0,1.0,2.0,A01
201800045757,2.0,7,0,0.0,2.0,6.0,2.0,B01
201800045758,1.0,10,0,4.0,0.0,8.0,1.0,A01
201800045759,2.0,7,0,0.0,2.0,1.0,1.0,C01
201800045759,2.0,15,0,0.0,2.0,4.0,1.0,B01
201800045759,2.0,10,0,3.0,2.0,1.0,13.0,A01
201800045760,1.0,15,0,1.0,0.0,2.0,1.0,A01
201800045760,1.0,7,0,0.0,2.0,6.0,23.0,B01
201800045761,2.0,34,0,0.0,2.0,1.0,0.0,A01
201800045761,2.0,7,0,0.0,2.0,4.0,0.0,B01
201800045762,1.0,10,0,0.0,2.0,7.0,12.0,A01
201800045762,1.0,10,0,0.0,2.0,3.0,3.0,B01
201800045763,2.0,7,0,0.0,2.0,5.0,12.0,A01
201800045763,2.0,33,0,0.0,2.0,1.0,2.0,B01
201800045764,2.0,7,0,0.0,2.0,1.0,2.0,A01
201800045764,2.0,14,0,0.0,2.0,4.0,2.0,B01
201800045765,2.0,7,0,0.0,2.0,0.0,1.0,A01
201800045765,2.0,7,0,0.0,2.0,0.0,0.0,B01
201800045766,1.0,34,0,4.0,0.0,0.0,1.0,A01
201800045767,1.0,7,0,0.0,2.0,1.0,2.0,A01
201800045767,1.0,7,0,0.0,2.0,4.0,2.0,B01
201800045768,1.0,7,0,14.0,0.0,1.0,2.0,C01
201800045768,2.0,10,0,0.0,2.0,4.0,1.0,B01
201800045768,2.0,7,0,0.0,2.0,1.0,1.0,A01
201800045769,2.0,7,0,0.0,2.0,6.0,1.0,C01
201800045769,2.0,7,0,0.0,2.0,7.0,22.0,A01
201800045769,2.0,31,0,0.0,2.0,1.0,3.0,B01
201800045770,2.0,33,0,5.0,0.0,2.0,3.0,A01
201800045771,1.0,7,0,4.0,0.0,9.0,0.0,A01
201800045772,1.0,10,0,0.0,2.0,1.0,2.0,A01
201800045772,1.0,7,0,0.0,2.0,4.0,2.0,B01
201800045772,1.0,10,0,0.0,2.0,4.0,2.0,C01
201800045773,1.0,33,0,0.0,2.0,3.0,3.0,A01
201800045773,1.0,7,0,0.0,2.0,5.0,12.0,B01
201800045773,1.0,7,0,0.0,2.0,4.0,1.0,C01
201800045774,1.0,31,0,0.0,2.0,7.0,3.0,A01
201800045774,1.0,7,0,0.0,2.0,1.0,12.0,B01
201800045775,1.0,10,0,0.0,2.0,0.0,1.0,A01
201800045775,1.0,10,0,4.0,0.0,9.0,15.0,B01
201800045776,2.0,7,0,4.0,0.0,2.0,21.0,A01
201800045777,2.0,33,0,0.0,0.0,7.0,0.0,A01
201800045778,2.0,10,0,4.0,0.0,1.0,0.0,A01
201800045779,2.0,10,0,0.0,2.0,3.0,1.0,B01
201800045779,2.0,33,0,0.0,2.0,7.0,14.0,A01
201800045780,2.0,7,0,0.0,2.0,6.0,2.0,B01
201800045780,2.0,7,0,0.0,2.0,2.0,2.0,A01
201800045781,2.0,34,0,0.0,2.0,8.0,18.0,A01
201800045781,2.0,10,0,0.0,2.0,2.0,1.0,B01
201800045782,1.0,10,0,4.0,0.0,1.0,2.0,A01
201800045783,2.0,31,0,0.0,2.0,7.0,3.0,B01
201800045783,2.0,7,0,0.0,2.0,8.0,11.0,A01
201800045784,2.0,33,0,0.0,0.0,1.0,2.0,A01
201800045785,2.0,33,0,0.0,0.0,7.0,0.0,A01
201800045786,2.0,7,0,0.0,2.0,5.0,2.0,C01
201800045786,2.0,7,0,0.0,2.0,7.0,14.0,B01
201800045786,2.0,33,0,0.0,2.0,3.0,21.0,A01
201800045787,1.0,7,0,0.0,2.0,1.0,2.0,A01
201800045787,1.0,7,0,0.0,2.0,4.0,2.0,B01
201800045787,1.0,7,0,0.0,2.0,4.0,2.0,C01
201800045788,0.0,32,0,4.0,0.0,2.0,1.0,A01
201800045789,1.0,31,0,0.0,2.0,3.0,3.0,A01
201800045789,1.0,7,0,0.0,2.0,2.0,14.0,B01
201800045790,2.0,32,0,0.0,2.0,2.0,3.0,A01
201800045790,2.0,7,0,0.0,2.0,6.0,11.0,B01
201800045791,1.0,7,0,0.0,2.0,1.0,0.0,A01
201800045791,1.0,7,0,0.0,2.0,9.0,0.0,B01
201800045791,1.0,7,0,0.0,2.0,4.0,0.0,C01
201800045792,2.0,7,0,14.0,0.0,1.0,12.0,A01
201800045793,1.0,7,0,0.0,2.0,0.0,0.0,A01
201800045793,1.0,33,0,0.0,2.0,7.0,0.0,B01
201800045794,1.0,7,0,3.0,0.0,3.0,21.0,A01
201800045795,2.0,7,0,0.0,2.0,3.0,2.0,A01
201800045795,2.0,7,0,0.0,2.0,5.0,2.0,B01
201800045796,2.0,7,0,12.0,0.0,3.0,16.0,A01
201800045797,1.0,33,0,0.0,2.0,1.0,3.0,A01
201800045797,1.0,7,0,0.0,2.0,6.0,11.0,B01
201800045798,2.0,33,0,0.0,0.0,0.0,2.0,A01
201800045799,2.0,10,0,0.0,2.0,4.0,0.0,C01
201800045799,2.0,10,0,0.0,2.0,1.0,2.0,A01
201800045799,2.0,10,0,0.0,2.0,4.0,0.0,B01
201800045800,2.0,7,0,14.0,2.0,1.0,12.0,A01
201800045800,1.0,7,0,0.0,2.0,1.0,2.0,B01
201800045801,1.0,33,0,0.0,2.0,8.0,3.0,A01
201800045801,1.0,7,0,0.0,2.0,6.0,1.0,B01
201800045801,1.0,7,0,0.0,2.0,5.0,1.0,C01
201800045802,2.0,17,0,0.0,0.0,0.0,16.0,A01
201800045803,2.0,7,0,3.0,0.0,3.0,1.0,A01
201800045804,1.0,14,0,0.0,2.0,6.0,1.0,B01
201800045804,1.0,7,0,0.0,2.0,2.0,21.0,A01
201800045805,2.0,7,0,0.0,2.0,6.0,1.0,B01
201800045805,2.0,7,0,0.0,2.0,2.0,1.0,A01
201800045806,2.0,31,0,0.0,2.0,1.0,3.0,A01
201800045806,2.0,7,0,0.0,2.0,5.0,12.0,B01
201800045807,1.0,7,0,0.0,2.0,4.0,2.0,B01
201800045807,1.0,7,0,0.0,2.0,1.0,2.0,A01
201800045808,2.0,33,0,0.0,0.0,3.0,3.0,A01
201800045809,2.0,34,0,0.0,2.0,2.0,3.0,A01
201800045809,2.0,7,0,0.0,2.0,3.0,17.0,B01
201800045810,2.0,34,0,14.0,0.0,1.0,1.0,A01
201800045811,1.0,7,0,0.0,0.0,3.0,14.0,A01
201800045812,2.0,15,0,0.0,2.0,7.0,14.0,A01
201800045812,2.0,7,0,0.0,2.0,8.0,2.0,B01
201800045813,2.0,10,0,0.0,0.0,0.0,0.0,A01
201800045814,2.0,7,0,0.0,2.0,3.0,1.0,A01
201800045814,2.0,7,0,0.0,2.0,3.0,0.0,B01
201800045814,2.0,7,0,0.0,2.0,4.0,1.0,C01
201800045815,2.0,31,0,0.0,2.0,2.0,3.0,A01
201800045815,2.0,7,0,0.0,2.0,3.0,11.0,B01
201800045816,2.0,7,0,0.0,2.0,6.0,0.0,A01
201800045816,2.0,31,0,0.0,2.0,7.0,0.0,B01
201800045817,1.0,7,0,0.0,2.0,1.0,2.0,A01
201800045817,1.0,7,0,0.0,2.0,4.0,2.0,B01
201800045817,1.0,7,0,0.0,2.0,4.0,2.0,C01
201800045818,1.0,7,0,4.0,2.0,1.0,2.0,A01
201800045818,1.0,7,0,0.0,2.0,5.0,2.0,B01
201800045819,2.0,7,0,0.0,2.0,1.0,11.0,A01
201800045819,2.0,7,0,0.0,2.0,6.0,1.0,B01
201800045820,2.0,7,0,0.0,2.0,8.0,23.0,D01
201800045820,2.0,7,0,0.0,2.0,7.0,23.0,C01
201800045820,2.0,7,0,0.0,2.0,6.0,23.0,B01
201800045820,2.0,7,0,0.0,2.0,2.0,2.0,A01
201800045821,2.0,10,0,0.0,2.0,3.0,2.0,A01
201800045821,2.0,10,0,0.0,2.0,4.0,19.0,B01
201800045822,1.0,10,0,0.0,2.0,6.0,1.0,B01
201800045822,1.0,10,0,0.0,2.0,1.0,1.0,A01
201800045823,1.0,31,0,0.0,2.0,2.0,0.0,A01
201800045823,1.0,7,0,0.0,2.0,0.0,0.0,B01
201800045824,1.0,7,0,0.0,2.0,1.0,2.0,A01
201800045824,1.0,7,0,0.0,2.0,4.0,2.0,B01
201800045825,2.0,7,0,1.0,2.0,2.0,18.0,A01
201800045825,2.0,17,0,0.0,2.0,1.0,1.0,B01
201800045826,2.0,33,0,0.0,2.0,2.0,3.0,A01
201800045826,2.0,7,0,0.0,2.0,3.0,11.0,B01
201800045827,1.0,31,0,0.0,2.0,1.0,1.0,A01
201800045827,1.0,7,0,0.0,2.0,5.0,1.0,B01
201800045828,1.0,7,0,0.0,2.0,1.0,2.0,A01
201800045828,1.0,7,0,0.0,2.0,4.0,2.0,B01
201800045829,1.0,7,0,4.0,0.0,1.0,1.0,A01
201800045830,1.0,34,0,4.0,0.0,2.0,1.0,A01
201800045830,1.0,7,0,4.0,0.0,3.0,21.0,B01
201800045831,1.0,33,0,0.0,2.0,2.0,3.0,A01
201800045831,1.0,7,0,0.0,2.0,6.0,1.0,B01
201800045832,1.0,7,0,0.0,2.0,6.0,14.0,A01
201800045832,1.0,15,0,0.0,2.0,2.0,2.0,B01
201800045833,2.0,15,0,0.0,2.0,1.0,2.0,A01
201800045833,2.0,7,0,0.0,2.0,4.0,2.0,B01
201800045833,2.0,7,0,0.0,2.0,4.0,2.0,C01
201800045834,1.0,7,0,0.0,2.0,1.0,2.0,B01
201800045834,1.0,7,0,0.0,2.0,4.0,2.0,C01
201800045834,1.0,7,0,0.0,2.0,1.0,2.0,A01
201800045835,1.0,7,0,4.0,0.0,3.0,1.0,A01
201800045836,1.0,7,0,0.0,2.0,3.0,11.0,A01
201800045836,1.0,33,0,0.0,2.0,1.0,3.0,B01
201800045837,1.0,33,0,0.0,2.0,1.0,0.0,A01
201800045837,1.0,7,0,0.0,0.0,5.0,1.0,B01
201800045838,1.0,7,0,0.0,2.0,2.0,0.0,A01
201800045838,1.0,7,0,0.0,2.0,4.0,0.0,C01
201800045838,1.0,7,0,0.0,2.0,1.0,0.0,B01
201800045839,1.0,7,0,0.0,2.0,4.0,2.0,C01
201800045839,1.0,7,0,0.0,2.0,4.0,2.0,D01
201800045839,1.0,7,0,0.0,2.0,4.0,2.0,B01
201800045839,1.0,7,0,0.0,2.0,1.0,2.0,A01
201800045840,2.0,7,0,3.0,0.0,1.0,0.0,A01
201800045840,2.0,7,0,0.0,2.0,4.0,0.0,B01
201800045840,2.0,7,0,0.0,2.0,1.0,0.0,C01
201800045841,1.0,7,0,3.0,2.0,2.0,1.0,B01
201800045842,2.0,33,0,0.0,0.0,3.0,0.0,A01
201800045843,2.0,7,0,9.0,0.0,1.0,2.0,A01
201800045844,1.0,7,0,0.0,5.0,1.0,2.0,A01
201800045845,2.0,33,0,0.0,2.0,3.0,3.0,A01
201800045845,2.0,7,0,0.0,2.0,8.0,1.0,C01
201800045845,2.0,7,0,0.0,2.0,5.0,0.0,B01
201800045845,2.0,7,0,0.0,2.0,6.0,1.0,D01
201800045846,1.0,7,0,0.0,2.0,1.0,1.0,A01
201800045846,1.0,7,0,0.0,2.0,4.0,1.0,B01
201800045846,1.0,7,0,0.0,2.0,1.0,1.0,C01
201800045847,1.0,34,0,0.0,2.0,1.0,0.0,A01
201800045847,2.0,7,0,0.0,2.0,4.0,0.0,B01
201800045848,1.0,7,0,0.0,2.0,2.0,12.0,A01
201800045848,1.0,33,0,0.0,2.0,1.0,3.0,B01
201800045849,1.0,31,0,0.0,0.0,7.0,1.0,A01
201800045850,1.0,33,0,0.0,2.0,1.0,2.0,A01
201800045850,1.0,7,0,0.0,2.0,4.0,2.0,B01
201800045851,2.0,7,0,5.0,0.0,1.0,1.0,A01
201800045852,2.0,14,0,0.0,2.0,1.0,0.0,A01
201800045852,2.0,7,0,0.0,2.0,1.0,0.0,B01
201800045852,2.0,7,0,0.0,2.0,4.0,0.0,C01
201800045853,1.0,33,0,0.0,0.0,0.0,0.0,A01
201800045853,1.0,33,0,0.0,0.0,0.0,0.0,B01
201800045854,1.0,7,0,0.0,2.0,1.0,2.0,A01
201800045854,2.0,7,0,0.0,2.0,4.0,2.0,B01
201800045855,2.0,7,0,0.0,6.0,1.0,1.0,C01
201800045855,2.0,7,0,0.0,2.0,1.0,2.0,A01
201800045855,2.0,14,0,0.0,2.0,4.0,1.0,B01
201800045856,2.0,33,0,0.0,2.0,4.0,2.0,A01
201800045856,2.0,7,0,0.0,2.0,4.0,2.0,B01
201800045856,2.0,33,0,0.0,2.0,0.0,21.0,C01
201800045857,2.0,33,0,4.0,0.0,3.0,2.0,A01
201800045858,0.0,31,0,0.0,2.0,1.0,2.0,A01
201800045859,2.0,31,0,0.0,0.0,3.0,0.0,A01
201800045860,2.0,10,0,4.0,0.0,0.0,11.0,A01
201800045861,2.0,33,0,0.0,2.0,3.0,1.0,A01
201800045861,2.0,33,0,0.0,2.0,2.0,12.0,B01
201800045862,0.0,7,0,6.0,0.0,7.0,1.0,A01
201800045863,1.0,7,0,0.0,2.0,3.0,11.0,A01
201800045863,1.0,7,0,0.0,2.0,5.0,1.0,B01
201800045864,1.0,7,0,0.0,2.0,3.0,11.0,A01
201800045864,1.0,7,0,0.0,2.0,7.0,1.0,B01
201800045864,1.0,7,0,0.0,2.0,5.0,1.0,C01
201800045865,1.0,7,0,0.0,2.0,1.0,2.0,A01
201800045865,1.0,7,0,0.0,2.0,4.0,2.0,B01
201800045866,1.0,33,0,0.0,0.0,7.0,1.0,A01
201800045867,2.0,10,0,3.0,0.0,1.0,13.0,A01
201800045868,2.0,7,0,3.0,0.0,7.0,1.0,B01
201800045868,2.0,7,0,3.0,0.0,1.0,9.0,A01
201800045868,2.0,7,0,3.0,0.0,2.0,2.0,C01
201800045869,2.0,10,0,14.0,0.0,2.0,0.0,A01
201800045870,2.0,31,0,0.0,2.0,2.0,2.0,A01
201800045870,2.0,32,0,0.0,2.0,4.0,1.0,B01
201800045871,1.0,7,0,6.0,0.0,1.0,0.0,B01
201800045872,1.0,7,0,0.0,2.0,1.0,1.0,A01
201800045872,1.0,7,0,0.0,2.0,4.0,1.0,B01
201800045873,1.0,7,0,4.0,0.0,1.0,1.0,A01
201800045874,2.0,33,0,0.0,2.0,3.0,0.0,B01
201800045874,2.0,7,0,0.0,2.0,5.0,12.0,A01
201800045875,2.0,7,0,0.0,2.0,4.0,2.0,C01
201800045875,2.0,7,0,0.0,2.0,1.0,2.0,A01
201800045875,2.0,7,0,0.0,2.0,4.0,2.0,B01
201800045876,2.0,10,0,3.0,0.0,2.0,21.0,A01
201800045877,2.0,33,0,0.0,2.0,1.0,12.0,A01
201800045877,2.0,10,0,0.0,2.0,5.0,23.0,B01
201800045878,1.0,31,0,0.0,2.0,1.0,3.0,A01
201800045878,1.0,7,0,0.0,2.0,6.0,11.0,B01
201800045879,1.0,33,0,0.0,2.0,2.0,3.0,B01
201800045879,2.0,7,0,0.0,0.0,3.0,11.0,A01
201800045880,2.0,33,0,0.0,0.0,0.0,2.0,A01
201800045881,2.0,10,0,0.0,2.0,1.0,2.0,A01
201800045881,2.0,7,0,0.0,2.0,4.0,23.0,B01
201800045882,2.0,33,0,0.0,2.0,2.0,3.0,A01
201800045882,2.0,7,0,0.0,2.0,6.0,12.0,B01
201800045883,2.0,7,0,0.0,2.0,6.0,11.0,A01
201800045883,2.0,33,0,0.0,2.0,1.0,3.0,B01
201800045884,2.0,7,0,0.0,2.0,1.0,1.0,A01
201800045884,2.0,7,0,0.0,2.0,4.0,1.0,B01
201800045884,2.0,7,0,0.0,2.0,4.0,1.0,C01
201800045885,2.0,7,0,0.0,2.0,3.0,11.0,A01
201800045885,2.0,31,0,0.0,2.0,2.0,3.0,B01
201800045886,1.0,7,0,0.0,2.0,1.0,2.0,A01
201800045886,1.0,7,0,0.0,2.0,4.0,2.0,B01
201800045886,1.0,7,0,0.0,2.0,4.0,2.0,C01
201800045887,1.0,10,0,0.0,2.0,3.0,11.0,A01
201800045887,1.0,33,0,0.0,2.0,2.0,12.0,B01
201800045888,1.0,33,0,0.0,2.0,1.0,0.0,A01
201800045888,1.0,7,0,0.0,2.0,6.0,1.0,B01
201800045889,1.0,33,0,0.0,2.0,1.0,3.0,A01
201800045889,1.0,10,0,0.0,2.0,5.0,1.0,B01
201800045890,2.0,7,0,11.0,0.0,1.0,1.0,A01
201800045891,2.0,10,0,0.0,2.0,7.0,0.0,A01
201800045891,2.0,33,0,0.0,2.0,8.0,3.0,B01
201800045891,2.0,10,0,0.0,2.0,4.0,2.0,C01
201800045892,1.0,7,0,0.0,2.0,1.0,1.0,A01
201800045892,1.0,7,0,0.0,2.0,4.0,1.0,B01
201800045893,1.0,7,0,0.0,2.0,7.0,12.0,A01
201800045893,1.0,33,0,0.0,2.0,8.0,3.0,B01
201800045894,1.0,10,0,0.0,2.0,1.0,1.0,A01
201800045894,1.0,10,0,0.0,2.0,4.0,0.0,B01
201800045895,2.0,10,0,0.0,2.0,2.0,1.0,B01
201800045895,2.0,7,0,0.0,2.0,3.0,11.0,A01
201800045896,1.0,10,0,4.0,0.0,8.0,11.0,A01
201800045897,2.0,7,0,0.0,2.0,1.0,2.0,A01
201800045897,2.0,7,0,0.0,2.0,4.0,2.0,B01
201800045898,2.0,7,0,0.0,2.0,3.0,1.0,B01
201800045898,2.0,7,0,0.0,2.0,7.0,1.0,C01
201800045898,2.0,7,0,0.0,2.0,5.0,12.0,A01
201800045899,2.0,10,0,0.0,2.0,1.0,1.0,A01
201800045899,2.0,7,0,0.0,2.0,4.0,1.0,B01
201800045899,2.0,7,0,0.0,2.0,4.0,1.0,C01
201800045900,2.0,7,0,3.0,0.0,1.0,14.0,A01
201800045901,1.0,7,0,0.0,2.0,1.0,2.0,A01
201800045901,1.0,7,0,0.0,2.0,4.0,2.0,B01
201800045902,2.0,7,0,3.0,0.0,1.0,1.0,A01
201800045903,1.0,7,0,0.0,2.0,2.0,14.0,A01
201800045903,1.0,33,0,0.0,2.0,1.0,1.0,B01
201800045903,1.0,7,0,0.0,2.0,0.0,0.0,C01
201800045904,1.0,10,0,0.0,2.0,1.0,0.0,A01
201800045904,1.0,10,0,0.0,6.0,4.0,0.0,B01
201800045905,2.0,34,0,0.0,2.0,7.0,1.0,B01
201800045905,2.0,99,0,0.0,2.0,1.0,19.0,Z01
201800045906,1.0,7,0,3.0,2.0,3.0,14.0,A01
201800045906,1.0,10,0,0.0,2.0,2.0,1.0,B01
201800045907,2.0,32,0,0.0,2.0,7.0,3.0,B01
201800045907,2.0,7,0,0.0,2.0,3.0,11.0,A01
201800045908,1.0,7,0,0.0,2.0,1.0,2.0,A01
201800045908,1.0,7,0,0.0,2.0,4.0,2.0,B01
201800045908,1.0,7,0,0.0,2.0,4.0,2.0,C01
201800045908,1.0,7,0,0.0,2.0,4.0,2.0,D01
201800045909,2.0,7,0,0.0,2.0,6.0,11.0,A01
201800045909,2.0,33,0,0.0,2.0,2.0,3.0,B01
201800045909,2.0,7,0,0.0,2.0,8.0,1.0,C01
201800045910,1.0,33,0,0.0,2.0,5.0,12.0,A01
201800045910,1.0,33,0,0.0,2.0,3.0,3.0,B01
201800045910,1.0,7,0,0.0,2.0,7.0,1.0,C01
201800045911,1.0,7,0,0.0,6.0,1.0,1.0,A01
201800045912,1.0,7,0,0.0,2.0,2.0,1.0,A01
201800045913,2.0,7,0,4.0,0.0,8.0,13.0,A01
201800045914,2.0,33,0,0.0,2.0,3.0,3.0,A01
201800045914,2.0,10,0,0.0,2.0,5.0,14.0,B01
201800045915,2.0,7,0,0.0,2.0,1.0,2.0,A01
201800045915,2.0,33,0,0.0,2.0,4.0,2.0,B01
201800045916,1.0,10,0,0.0,2.0,2.0,0.0,A01
201800045916,1.0,10,0,4.0,2.0,6.0,0.0,B01
201800045917,2.0,33,0,0.0,2.0,3.0,3.0,A01
201800045917,2.0,7,0,0.0,2.0,2.0,12.0,B01
201800045918,2.0,7,0,0.0,2.0,8.0,9.0,A01
201800045918,2.0,31,0,0.0,2.0,2.0,1.0,B01
201800045919,2.0,33,0,0.0,2.0,1.0,2.0,A01
201800045919,2.0,7,0,0.0,2.0,4.0,2.0,B01
201800045920,1.0,15,0,0.0,2.0,2.0,12.0,A01
201800045920,1.0,7,0,0.0,2.0,6.0,1.0,B01
201800045921,1.0,34,0,0.0,2.0,2.0,3.0,A01
201800045921,1.0,7,0,0.0,2.0,6.0,11.0,B01
201800045922,2.0,31,0,0.0,2.0,3.0,3.0,A01
201800045922,2.0,7,0,0.0,2.0,7.0,1.0,B01
201800045923,1.0,7,0,0.0,2.0,2.0,11.0,B01
201800045923,1.0,7,0,0.0,2.0,5.0,12.0,A01
201800045924,1.0,33,0,12.0,0.0,8.0,17.0,A01
201800045924,1.0,7,0,0.0,0.0,0.0,1.0,T01
201800045925,1.0,7,0,0.0,2.0,4.0,2.0,B01
201800045925,1.0,7,0,0.0,2.0,1.0,2.0,A01
201800045926,1.0,10,0,0.0,2.0,2.0,14.0,A01
201800045926,1.0,10,0,0.0,2.0,8.0,1.0,B01
201800045927,1.0,7,0,0.0,2.0,6.0,11.0,A01
201800045927,1.0,7,0,0.0,2.0,2.0,1.0,B01
201800045927,1.0,33,0,0.0,2.0,1.0,1.0,C01
201800045928,2.0,7,0,13.0,0.0,9.0,1.0,A01
201800045929,1.0,7,0,0.0,2.0,1.0,2.0,C01
201800045929,1.0,7,0,0.0,2.0,1.0,2.0,B01
201800045929,1.0,7,0,0.0,2.0,4.0,0.0,A01
201800045930,2.0,10,0,0.0,2.0,3.0,2.0,A01
201800045930,2.0,10,0,0.0,2.0,5.0,1.0,B01
201800045931,1.0,7,0,4.0,0.0,3.0,2.0,A01
201800045932,2.0,33,0,0.0,0.0,0.0,1.0,A01
201800045933,2.0,7,0,6.0,6.0,8.0,17.0,B01
201800045933,1.0,14,0,4.0,0.0,3.0,19.0,A01
201800045934,1.0,7,0,4.0,0.0,1.0,16.0,A01
201800045935,2.0,7,0,0.0,2.0,1.0,1.0,A01
201800045935,2.0,7,0,0.0,2.0,4.0,1.0,B01
201800045936,0.0,7,0,0.0,0.0,1.0,2.0,A01
201800045937,2.0,15,0,0.0,2.0,0.0,0.0,Z01
201800045937,2.0,7,0,0.0,2.0,6.0,1.0,A01
201800045938,1.0,17,0,0.0,2.0,0.0,0.0,B01
201800045938,1.0,16,0,0.0,2.0,1.0,1.0,A01
201800045939,1.0,7,0,0.0,2.0,0.0,0.0,A01
201800045939,1.0,7,0,0.0,2.0,5.0,0.0,B01
201800045940,2.0,7,0,0.0,2.0,3.0,11.0,A01
201800045940,2.0,33,0,0.0,2.0,7.0,3.0,B01
201800045941,1.0,7,0,0.0,0.0,2.0,21.0,A01
201800045942,2.0,7,0,0.0,2.0,4.0,2.0,B01
201800045942,2.0,7,0,0.0,2.0,1.0,2.0,A01
201800045942,2.0,7,0,0.0,2.0,4.0,2.0,C01
201800045943,1.0,7,0,6.0,0.0,3.0,13.0,A01
201800045944,2.0,15,0,0.0,2.0,2.0,2.0,A01
201800045944,2.0,10,0,0.0,2.0,4.0,2.0,C01
201800045944,2.0,7,0,0.0,2.0,5.0,2.0,B01
201800045945,1.0,7,0,0.0,2.0,6.0,0.0,B01
201800045945,1.0,31,0,0.0,2.0,2.0,2.0,A01
201800045946,2.0,7,0,0.0,2.0,4.0,2.0,C01
201800045946,2.0,13,0,0.0,2.0,4.0,2.0,B01
201800045946,2.0,10,0,0.0,2.0,1.0,2.0,A01
201800045947,2.0,7,0,4.0,0.0,9.0,0.0,A01
201800045948,2.0,33,0,3.0,0.0,1.0,16.0,A01
201800045949,1.0,7,0,0.0,2.0,1.0,1.0,A01
201800045949,1.0,7,0,0.0,2.0,4.0,1.0,B01
201800045949,1.0,7,0,0.0,2.0,4.0,1.0,C01
201800045949,1.0,7,0,0.0,2.0,4.0,1.0,D01
201800045949,1.0,7,0,0.0,2.0,4.0,1.0,E01
201800045950,2.0,7,0,0.0,2.0,2.0,2.0,A01
201800045950,2.0,7,0,0.0,2.0,1.0,2.0,B01
201800045950,2.0,7,0,0.0,2.0,4.0,2.0,C01
201800045951,2.0,7,0,0.0,2.0,1.0,2.0,A01
201800045951,2.0,10,0,0.0,2.0,4.0,1.0,B01
201800045952,2.0,7,0,0.0,2.0,6.0,12.0,A01
201800045952,2.0,31,0,0.0,2.0,1.0,3.0,B01
201800045953,2.0,31,0,0.0,2.0,1.0,2.0,A01
201800045953,2.0,7,0,0.0,2.0,4.0,0.0,B01
201800045954,2.0,7,0,4.0,0.0,2.0,1.0,A01
201800045955,2.0,7,0,0.0,2.0,4.0,1.0,C01
201800045955,2.0,7,0,0.0,2.0,4.0,1.0,E01
201800045955,2.0,7,0,0.0,2.0,4.0,1.0,D01
201800045955,2.0,7,0,0.0,2.0,4.0,1.0,B01
201800045955,2.0,10,0,0.0,2.0,1.0,1.0,A01
201800045956,2.0,34,0,0.0,2.0,1.0,3.0,A01
201800045956,2.0,7,0,0.0,2.0,4.0,1.0,B01
201800045957,1.0,31,0,0.0,2.0,2.0,3.0,A01
201800045957,1.0,7,0,0.0,2.0,6.0,1.0,B01
201800045958,2.0,33,0,0.0,2.0,5.0,12.0,A01
201800045958,2.0,7,0,0.0,2.0,1.0,3.0,B01
201800045959,1.0,10,0,0.0,2.0,1.0,2.0,A01
201800045959,1.0,7,0,0.0,2.0,1.0,2.0,B01
201800045959,1.0,10,0,0.0,2.0,4.0,2.0,C01
201800045960,1.0,7,0,0.0,2.0,4.0,1.0,C01
201800045960,1.0,7,0,0.0,2.0,4.0,1.0,B01
201800045960,1.0,7,0,0.0,2.0,1.0,1.0,A01
201800045961,1.0,33,0,14.0,0.0,7.0,1.0,A01
201800045962,2.0,7,0,3.0,0.0,8.0,1.0,A01
201800045963,2.0,7,0,0.0,2.0,4.0,1.0,E01
201800045963,2.0,7,0,0.0,2.0,1.0,0.0,D01
201800045963,2.0,7,0,0.0,2.0,4.0,1.0,C01
201800045963,2.0,7,0,0.0,2.0,1.0,1.0,A01
201800045963,2.0,7,0,0.0,2.0,4.0,1.0,B01
201800045964,2.0,7,0,0.0,2.0,8.0,23.0,B01
201800045964,2.0,33,0,0.0,2.0,1.0,3.0,A01
201800045964,2.0,7,0,0.0,2.0,7.0,23.0,E01
201800045964,2.0,7,0,0.0,2.0,8.0,23.0,D01
201800045965,2.0,7,0,4.0,0.0,2.0,1.0,A01