Num_Acc,senc,catv,occutc,obs,obsm,choc,manv,num_veh
201800045966,2.0,7,0,0.0,2.0,5.0,14.0,A01
201800045966,2.0,34,0,0.0,2.0,2.0,3.0,B01
201800045967,2.0,7,0,0.0,2.0,1.0,0.0,A01
201800045967,1.0,7,0,0.0,2.0,4.0,0.0,B01
201800045968,2.0,17,0,1.0,0.0,0.0,0.0,Z01
201800045968,2.0,7,0,0.0,2.0,8.0,23.0,B01
201800045969,1.0,10,0,0.0,2.0,1.0,3.0,A01
201800045969,1.0,7,0,0.0,2.0,8.0,11.0,B01
201800045970,1.0,7,0,0.0,2.0,6.0,2.0,B01
201800045970,1.0,7,0,0.0,2.0,4.0,0.0,C01
201800045970,1.0,10,0,0.0,2.0,1.0,2.0,A01
201800045970,1.0,7,0,0.0,2.0,0.0,0.0,D01
201800045971,2.0,7,0,0.0,2.0,1.0,2.0,A01
201800045971,2.0,7,0,0.0,2.0,4.0,2.0,B01
201800045972,1.0,7,0,0.0,2.0,5.0,12.0,A01
201800045972,1.0,7,0,0.0,2.0,3.0,2.0,B01
201800045973,2.0,33,0,0.0,2.0,3.0,1.0,B01
201800045973,2.0,7,0,0.0,2.0,7.0,12.0,A01
201800045974,2.0,7,0,0.0,2.0,1.0,2.0,A01
201800045974,2.0,7,0,0.0,2.0,4.0,2.0,B01
201800045975,0.0,33,0,0.0,0.0,8.0,0.0,A01
201800045976,2.0,33,0,0.0,2.0,0.0,0.0,B01
201800045976,2.0,7,0,0.0,2.0,0.0,0.0,C01
201800045976,2.0,10,0,0.0,2.0,0.0,0.0,D01
201800045976,2.0,7,0,0.0,2.0,1.0,0.0,A01
201800045977,1.0,31,0,0.0,2.0,0.0,3.0,B01
201800045977,1.0,7,0,0.0,2.0,8.0,11.0,A01
201800045978,2.0,10,0,0.0,2.0,1.0,2.0,A01
201800045978,2.0,10,0,0.0,2.0,4.0,2.0,B01
201800045978,2.0,7,0,0.0,2.0,0.0,0.0,C01
201800045979,1.0,7,0,0.0,2.0,1.0,2.0,A01
201800045979,1.0,7,0,0.0,2.0,4.0,2.0,B01
201800045980,2.0,7,0,0.0,2.0,1.0,2.0,A01
201800045980,2.0,7,0,0.0,2.0,4.0,0.0,C01
201800045980,2.0,7,0,0.0,2.0,4.0,2.0,B01
201800045981,2.0,7,0,0.0,2.0,1.0,0.0,A01
201800045981,2.0,7,0,0.0,2.0,0.0,0.0,B01
201800045982,2.0,32,0,0.0,0.0,8.0,0.0,A01
201800045983,1.0,33,0,0.0,0.0,2.0,21.0,A01
201800045984,1.0,7,0,0.0,2.0,1.0,2.0,A01
201800045984,1.0,7,0,0.0,2.0,1.0,2.0,B01
201800045984,1.0,7,0,0.0,2.0,1.0,2.0,C01
201800045984,1.0,7,0,0.0,2.0,4.0,2.0,D01
201800045985,1.0,7,0,0.0,2.0,1.0,1.0,A01
201800045985,1.0,10,0,0.0,2.0,4.0,1.0,B01
201800045985,1.0,7,0,0.0,2.0,4.0,2.0,C01
201800045985,1.0,7,0,0.0,2.0,4.0,2.0,D01
201800045986,2.0,7,0,3.0,0.0,2.0,14.0,A01
201800045986,2.0,33,0,0.0,2.0,1.0,1.0,B01
201800045987,1.0,33,0,0.0,2.0,1.0,2.0,A01
201800045987,1.0,7,0,0.0,2.0,4.0,2.0,B01
201800045988,2.0,33,0,0.0,2.0,3.0,3.0,B01
201800045988,2.0,7,0,0.0,2.0,2.0,14.0,A01
201800045989,2.0,31,0,0.0,2.0,8.0,2.0,B01
201800045989,2.0,10,0,0.0,2.0,8.0,11.0,A01
201800045990,2.0,33,0,0.0,0.0,5.0,2.0,A01
201800045991,1.0,33,0,0.0,2.0,1.0,2.0,A01
201800045991,1.0,7,0,0.0,2.0,6.0,2.0,B01
201800045991,1.0,7,0,0.0,2.0,1.0,2.0,C01
201800045991,1.0,7,0,0.0,2.0,1.0,2.0,D01
201800045991,1.0,7,0,0.0,2.0,1.0,2.0,E01
201800045992,1.0,7,0,0.0,2.0,0.0,14.0,A01
201800045992,1.0,33,0,0.0,2.0,7.0,1.0,B01
201800045993,2.0,7,0,0.0,2.0,1.0,2.0,A01
201800045993,2.0,7,0,0.0,2.0,4.0,2.0,B01
201800045993,2.0,7,0,0.0,2.0,6.0,2.0,C01
201800045994,1.0,7,0,0.0,2.0,1.0,2.0,A01
201800045994,1.0,7,0,0.0,2.0,4.0,0.0,B01
201800045995,1.0,7,0,0.0,2.0,1.0,2.0,A01
201800045995,1.0,7,0,0.0,2.0,4.0,0.0,B01
201800045996,1.0,33,0,0.0,2.0,1.0,3.0,B01
201800045996,1.0,7,0,0.0,2.0,4.0,12.0,A01
201800045997,2.0,7,0,3.0,2.0,1.0,2.0,B01
201800045997,2.0,7,0,3.0,2.0,4.0,2.0,A01
201800045998,1.0,7,0,0.0,2.0,4.0,2.0,B01
201800045998,1.0,7,0,0.0,2.0,1.0,2.0,A01
201800045998,1.0,7,0,0.0,2.0,2.0,2.0,C01
201800045999,2.0,7,0,0.0,2.0,3.0,14.0,A01
201800045999,2.0,7,0,0.0,2.0,6.0,1.0,B01
201800046000,1.0,7,0,3.0,0.0,1.0,13.0,A01
201800046001,2.0,10,0,10.0,2.0,3.0,13.0,A01
201800046001,2.0,33,0,10.0,2.0,1.0,1.0,B01
201800046002,1.0,14,0,0.0,2.0,5.0,2.0,B01
201800046002,1.0,7,0,0.0,2.0,3.0,1.0,A01
201800046003,2.0,7,0,0.0,2.0,1.0,1.0,A01
201800046003,2.0,7,0,0.0,2.0,4.0,1.0,B01
201800046004,1.0,7,0,0.0,2.0,4.0,2.0,B01
201800046004,1.0,7,0,0.0,2.0,1.0,2.0,A01
201800046005,2.0,7,0,3.0,0.0,1.0,1.0,A01
201800046006,1.0,7,0,5.0,0.0,6.0,23.0,A01
201800046006,1.0,10,0,0.0,2.0,2.0,21.0,B01
201800046007,2.0,7,0,0.0,2.0,0.0,0.0,A01
201800046008,1.0,7,0,0.0,2.0,2.0,12.0,A01
201800046008,1.0,33,0,0.0,2.0,1.0,3.0,B01
201800046009,2.0,7,0,0.0,2.0,1.0,2.0,A01
201800046009,2.0,7,0,0.0,2.0,4.0,2.0,B01
201800046010,1.0,7,0,0.0,2.0,3.0,2.0,A01
201800046010,1.0,7,0,0.0,2.0,5.0,2.0,B01
201800046011,0.0,7,0,0.0,2.0,1.0,1.0,A01
201800046011,0.0,7,0,0.0,2.0,4.0,1.0,B01
201800046012,2.0,7,0,0.0,2.0,4.0,2.0,B01
201800046012,2.0,7,0,0.0,2.0,1.0,2.0,A01
201800046013,2.0,33,0,0.0,2.0,8.0,11.0,A01
201800046013,2.0,17,0,0.0,2.0,2.0,1.0,B01
201800046014,1.0,7,0,0.0,2.0,6.0,1.0,B01
201800046014,1.0,33,0,0.0,2.0,2.0,3.0,A01
201800046015,1.0,33,0,0.0,0.0,3.0,0.0,A01
201800046016,2.0,7,0,0.0,2.0,5.0,1.0,C01
201800046016,2.0,33,0,0.0,2.0,1.0,1.0,A01
201800046016,2.0,7,0,0.0,2.0,4.0,1.0,B01
201800046017,1.0,33,0,0.0,2.0,1.0,3.0,A01
201800046017,1.0,7,0,0.0,2.0,5.0,2.0,B01
201800046018,1.0,34,0,0.0,0.0,2.0,1.0,A01
201800046019,2.0,15,0,0.0,2.0,0.0,12.0,A01
201800046019,2.0,7,0,0.0,2.0,0.0,0.0,B01
201800046020,2.0,7,0,1.0,0.0,1.0,12.0,A01
201800046021,2.0,7,0,4.0,0.0,3.0,1.0,A01
201800046022,2.0,10,0,0.0,2.0,1.0,2.0,A01
201800046022,2.0,10,0,0.0,2.0,4.0,2.0,B01
201800046023,2.0,10,0,0.0,2.0,9.0,2.0,B01
201800046023,2.0,10,0,0.0,2.0,2.0,2.0,C01
201800046023,2.0,15,0,0.0,2.0,1.0,2.0,A01
201800046024,1.0,7,0,0.0,2.0,3.0,12.0,A01
201800046024,1.0,7,0,0.0,2.0,6.0,1.0,B01
201800046024,1.0,7,0,0.0,2.0,5.0,1.0,C01
201800046025,1.0,7,0,4.0,0.0,1.0,0.0,A01
201800046026,1.0,7,0,0.0,2.0,4.0,2.0,B01
201800046026,1.0,7,0,0.0,2.0,1.0,2.0,A01
201800046027,2.0,7,0,3.0,2.0,1.0,1.0,A01
201800046027,2.0,7,0,0.0,2.0,7.0,1.0,B01
201800046028,2.0,99,0,0.0,2.0,2.0,2.0,A01
201800046028,2.0,33,0,0.0,2.0,4.0,2.0,B01
201800046029,1.0,7,0,4.0,2.0,0.0,1.0,A01
201800046030,2.0,7,0,0.0,2.0,5.0,0.0,A01
201800046030,2.0,33,0,0.0,0.0,0.0,0.0,B01
201800046031,2.0,7,0,0.0,2.0,3.0,1.0,A01
201800046031,2.0,7,0,0.0,2.0,5.0,1.0,B01
201800046032,2.0,13,0,0.0,2.0,1.0,1.0,A01
201800046032,2.0,10,0,0.0,2.0,4.0,23.0,B01
201800046033,1.0,33,0,0.0,0.0,7.0,1.0,A01
201800046034,2.0,7,0,0.0,2.0,7.0,17.0,A01
201800046034,2.0,7,0,0.0,2.0,8.0,1.0,B01
201800046035,1.0,7,0,0.0,2.0,4.0,2.0,B01
201800046035,1.0,7,0,0.0,2.0,1.0,2.0,A01
201800046035,1.0,7,0,0.0,2.0,0.0,0.0,C01
201800046036,1.0,7,0,4.0,0.0,1.0,2.0,A01
201800046037,1.0,7,0,0.0,2.0,1.0,1.0,A01
201800046037,1.0,7,0,0.0,2.0,4.0,1.0,B01
201800046038,2.0,34,0,14.0,0.0,1.0,1.0,A01
201800046039,2.0,31,0,0.0,0.0,0.0,2.0,A01
201800046039,2.0,7,0,0.0,2.0,2.0,2.0,C01
201800046039,2.0,7,0,0.0,2.0,3.0,2.0,B01
201800046040,2.0,10,0,0.0,2.0,4.0,23.0,B01
201800046040,1.0,10,0,1.0,2.0,1.0,2.0,A01
201800046041,1.0,7,0,0.0,2.0,1.0,2.0,A01
201800046041,1.0,7,0,0.0,2.0,4.0,2.0,B01
201800046042,1.0,7,0,0.0,2.0,5.0,1.0,B01
201800046042,1.0,10,0,0.0,2.0,3.0,2.0,A01
201800046043,1.0,13,0,0.0,2.0,2.0,12.0,A01
201800046043,1.0,7,0,0.0,2.0,6.0,2.0,B01
201800046044,1.0,33,0,0.0,2.0,1.0,3.0,A01
201800046044,1.0,7,0,0.0,2.0,4.0,0.0,B01
201800046045,2.0,33,0,0.0,0.0,8.0,2.0,A01
201800046046,2.0,34,0,0.0,2.0,1.0,2.0,A01
201800046046,2.0,7,0,0.0,2.0,5.0,0.0,B01
201800046047,1.0,7,0,3.0,2.0,7.0,12.0,A01
201800046048,2.0,7,0,0.0,2.0,1.0,2.0,C01
201800046048,2.0,7,0,0.0,2.0,2.0,2.0,D01
201800046048,2.0,7,0,0.0,2.0,1.0,2.0,A01
201800046048,2.0,7,0,0.0,2.0,6.0,2.0,E01
201800046048,2.0,7,0,0.0,2.0,4.0,2.0,B01
201800046049,2.0,7,0,4.0,0.0,8.0,13.0,A01
201800046050,1.0,33,0,0.0,2.0,3.0,3.0,A01
201800046050,2.0,15,0,0.0,2.0,1.0,1.0,B01
201800046051,1.0,7,0,0.0,2.0,4.0,2.0,C01
201800046051,1.0,10,0,0.0,2.0,5.0,0.0,B01
201800046051,1.0,7,0,0.0,2.0,1.0,2.0,A01
201800046052,1.0,33,0,0.0,0.0,0.0,0.0,A01
201800046053,2.0,7,0,0.0,2.0,6.0,18.0,A01
201800046053,2.0,32,0,0.0,2.0,1.0,1.0,B01
201800046054,1.0,7,0,0.0,2.0,2.0,14.0,A01
201800046054,1.0,7,0,0.0,2.0,8.0,1.0,B01
201800046055,2.0,7,0,3.0,0.0,8.0,1.0,A01
201800046056,1.0,33,0,0.0,2.0,1.0,2.0,A01
201800046056,1.0,10,0,0.0,2.0,4.0,0.0,B01
201800046057,2.0,7,0,4.0,0.0,1.0,0.0,A01
201800046058,2.0,7,0,0.0,2.0,6.0,1.0,B01
201800046058,2.0,17,0,0.0,2.0,1.0,12.0,A01
201800046059,2.0,10,0,0.0,2.0,2.0,1.0,A01
201800046059,2.0,10,0,0.0,2.0,6.0,23.0,B01
201800046060,1.0,10,0,0.0,2.0,1.0,1.0,A01
201800046060,1.0,7,0,0.0,2.0,4.0,1.0,B01
201800046061,2.0,10,0,0.0,2.0,4.0,2.0,A01
201800046061,2.0,10,0,0.0,2.0,1.0,2.0,B01
201800046061,2.0,10,0,0.0,2.0,1.0,2.0,C01
201800046062,2.0,7,0,0.0,2.0,1.0,2.0,A01
201800046062,2.0,7,0,0.0,2.0,4.0,2.0,B01
201800046063,2.0,33,0,0.0,2.0,3.0,18.0,A01
201800046063,2.0,33,0,0.0,2.0,2.0,18.0,B01
201800046064,2.0,7,0,0.0,2.0,8.0,2.0,B01
201800046064,2.0,13,0,0.0,2.0,7.0,12.0,A01
201800046065,2.0,7,0,0.0,2.0,1.0,1.0,A01
201800046065,2.0,7,0,0.0,2.0,4.0,1.0,B01
201800046065,2.0,7,0,0.0,2.0,4.0,1.0,C01
201800046066,0.0,31,0,0.0,0.0,7.0,2.0,A01
201800046067,2.0,7,0,4.0,0.0,1.0,0.0,A01
201800046068,2.0,33,0,0.0,0.0,3.0,21.0,A01
201800046069,1.0,33,0,0.0,2.0,8.0,3.0,A01
201800046069,1.0,7,0,4.0,2.0,2.0,2.0,B01
201800046070,1.0,33,0,0.0,0.0,0.0,9.0,A01
201800046071,2.0,33,0,0.0,2.0,2.0,2.0,A01
201800046071,2.0,7,0,0.0,2.0,6.0,2.0,B01
201800046072,2.0,33,0,0.0,2.0,1.0,3.0,A01
201800046072,2.0,33,0,0.0,2.0,7.0,3.0,B01
201800046072,2.0,10,0,0.0,2.0,5.0,1.0,C01
201800046073,1.0,10,0,0.0,2.0,1.0,1.0,A01
201800046073,1.0,10,0,0.0,2.0,9.0,1.0,B01
201800046073,1.0,10,0,0.0,2.0,4.0,1.0,C01
201800046074,1.0,7,0,0.0,2.0,3.0,2.0,A01
201800046074,1.0,7,0,0.0,2.0,4.0,2.0,D01
201800046074,1.0,7,0,0.0,2.0,4.0,2.0,C01
201800046074,1.0,7,0,0.0,2.0,5.0,2.0,B01
201800046075,1.0,7,0,0.0,2.0,2.0,17.0,B01
201800046075,1.0,7,0,3.0,2.0,6.0,13.0,A01
201800046076,2.0,10,0,0.0,2.0,7.0,12.0,B01
201800046076,2.0,33,0,0.0,2.0,3.0,3.0,A01
201800046077,2.0,33,0,0.0,2.0,7.0,3.0,A01
201800046077,2.0,7,0,0.0,2.0,6.0,11.0,B01
201800046078,2.0,10,0,1.0,2.0,7.0,2.0,C01
201800046078,2.0,7,0,1.0,2.0,2.0,2.0,B01
201800046078,2.0,7,0,1.0,2.0,1.0,2.0,D01
201800046078,2.0,10,0,1.0,2.0,1.0,2.0,E01
201800046078,2.0,7,0,1.0,2.0,9.0,2.0,A01
201800046079,2.0,7,0,3.0,2.0,8.0,0.0,B01
201800046079,2.0,7,0,3.0,2.0,0.0,21.0,A01
201800046079,2.0,7,0,0.0,2.0,0.0,0.0,C01
201800046080,1.0,7,0,0.0,2.0,4.0,2.0,B01
201800046080,1.0,31,0,0.0,2.0,1.0,2.0,A01
201800046081,1.0,32,0,0.0,6.0,1.0,2.0,A01
201800046081,1.0,7,0,0.0,2.0,6.0,2.0,B01
201800046082,1.0,10,0,0.0,2.0,1.0,9.0,A01
201800046083,2.0,33,0,0.0,2.0,1.0,2.0,A01
201800046083,2.0,7,0,0.0,2.0,6.0,2.0,B01
201800046084,1.0,10,0,1.0,2.0,2.0,1.0,A01
201800046084,1.0,10,0,16.0,0.0,6.0,23.0,B01
201800046085,2.0,7,0,0.0,2.0,1.0,2.0,A01
201800046085,2.0,7,0,0.0,2.0,4.0,2.0,C01
201800046085,2.0,7,0,0.0,2.0,4.0,2.0,B01
201800046086,1.0,32,0,0.0,2.0,2.0,3.0,A01
201800046086,1.0,34,0,0.0,2.0,6.0,12.0,B01
201800046086,1.0,10,0,0.0,2.0,5.0,1.0,C01
201800046087,1.0,7,0,0.0,2.0,4.0,2.0,B01
201800046087,1.0,7,0,0.0,2.0,9.0,3.0,A01
201800046088,2.0,7,0,0.0,2.0,1.0,2.0,A01
201800046088,2.0,7,0,0.0,2.0,4.0,2.0,C01
201800046088,2.0,7,0,0.0,2.0,4.0,2.0,B01
201800046088,2.0,7,0,0.0,2.0,6.0,2.0,D01
201800046089,2.0,7,0,0.0,2.0,5.0,12.0,B01
201800046089,2.0,33,0,0.0,2.0,1.0,0.0,A01
201800046090,1.0,10,0,0.0,2.0,1.0,0.0,A01
201800046090,1.0,10,0,0.0,2.0,4.0,0.0,B01
201800046091,2.0,31,0,0.0,2.0,3.0,3.0,A01
201800046091,2.0,7,0,0.0,2.0,5.0,12.0,B01
201800046092,1.0,7,0,0.0,2.0,8.0,1.0,B01
201800046092,1.0,7,0,0.0,2.0,0.0,0.0,A01
201800046093,2.0,7,0,0.0,2.0,4.0,2.0,E01
201800046093,2.0,7,0,0.0,2.0,4.0,2.0,B01
201800046093,2.0,7,0,0.0,2.0,1.0,2.0,A01
201800046093,2.0,7,0,0.0,2.0,4.0,2.0,C01
201800046093,2.0,7,0,0.0,2.0,4.0,2.0,D01
201800046094,1.0,7,0,0.0,2.0,1.0,0.0,A01
201800046094,1.0,7,0,0.0,2.0,4.0,0.0,B01
201800046094,2.0,7,0,0.0,2.0,4.0,0.0,C01
201800046094,2.0,7,0,0.0,2.0,4.0,0.0,D01
201800046095,1.0,32,0,0.0,2.0,1.0,3.0,A01
201800046095,1.0,7,0,0.0,2.0,3.0,11.0,B01
201800046096,1.0,10,0,0.0,2.0,0.0,0.0,Z01
201800046096,1.0,10,0,0.0,2.0,1.0,2.0,A01
201800046096,1.0,10,0,0.0,2.0,0.0,0.0,Y01
201800046097,1.0,33,0,0.0,2.0,2.0,3.0,A01
201800046097,1.0,10,0,0.0,2.0,3.0,11.0,B01
201800046098,2.0,7,0,0.0,2.0,5.0,2.0,C01
201800046098,2.0,7,0,0.0,2.0,3.0,2.0,B01
201800046098,2.0,33,0,0.0,2.0,7.0,3.0,A01
201800046099,2.0,7,0,0.0,2.0,3.0,1.0,C01
201800046099,2.0,7,0,0.0,2.0,5.0,1.0,B01
201800046099,2.0,33,0,0.0,2.0,8.0,3.0,A01
201800046100,1.0,33,0,0.0,2.0,7.0,3.0,A01
201800046100,1.0,7,0,0.0,2.0,3.0,1.0,B01
201800046101,1.0,7,0,0.0,2.0,7.0,14.0,A01
201800046101,1.0,33,0,0.0,2.0,2.0,3.0,B01
201800046102,2.0,10,0,3.0,0.0,1.0,14.0,A01
201800046103,1.0,7,0,0.0,2.0,1.0,2.0,A01
201800046103,1.0,7,0,0.0,2.0,4.0,2.0,B01
201800046104,1.0,7,0,4.0,0.0,8.0,2.0,A01
201800046105,2.0,33,0,0.0,0.0,8.0,17.0,A01
201800046105,2.0,7,0,0.0,0.0,0.0,2.0,B01
201800046106,2.0,7,0,3.0,2.0,1.0,2.0,A01
201800046106,2.0,7,0,0.0,0.0,4.0,2.0,B01
201800046106,1.0,7,0,0.0,2.0,4.0,0.0,C01
201800046107,2.0,31,0,0.0,2.0,2.0,3.0,B01
201800046107,2.0,7,0,0.0,2.0,8.0,12.0,A01
201800046108,1.0,7,0,0.0,2.0,8.0,13.0,A01
201800046108,1.0,31,0,0.0,2.0,2.0,3.0,B01
201800046109,1.0,7,0,14.0,0.0,2.0,0.0,A01
201800046110,1.0,7,0,0.0,2.0,8.0,1.0,A01
201800046110,1.0,17,0,0.0,2.0,2.0,12.0,B01
201800046111,1.0,7,0,4.0,0.0,3.0,0.0,A01
201800046112,1.0,10,0,0.0,2.0,4.0,2.0,B01
201800046112,1.0,10,0,0.0,2.0,3.0,2.0,A01
201800046113,2.0,7,0,1.0,0.0,1.0,1.0,A01
201800046113,2.0,7,0,0.0,2.0,4.0,23.0,B01
201800046114,1.0,10,0,0.0,2.0,8.0,1.0,C01
201800046114,1.0,10,0,0.0,2.0,1.0,12.0,A01
201800046114,1.0,31,0,0.0,2.0,4.0,12.0,B01
201800046115,1.0,7,0,0.0,2.0,1.0,2.0,A01
201800046115,1.0,7,0,0.0,2.0,4.0,2.0,B01
201800046116,2.0,34,0,0.0,0.0,3.0,2.0,A01
201800046117,2.0,7,0,4.0,0.0,3.0,21.0,A01
201800046118,2.0,10,0,0.0,2.0,8.0,9.0,A01
201800046118,2.0,33,0,0.0,2.0,2.0,0.0,B01
201800046119,1.0,7,0,0.0,2.0,1.0,2.0,A01
201800046119,1.0,7,0,0.0,2.0,4.0,2.0,B01
201800046120,2.0,7,0,0.0,2.0,6.0,11.0,A01
201800046120,2.0,33,0,0.0,2.0,1.0,3.0,B01
201800046121,2.0,7,0,4.0,2.0,9.0,0.0,A01
201800046121,2.0,7,0,0.0,2.0,2.0,1.0,B01
201800046121,2.0,7,0,0.0,2.0,1.0,2.0,E01
201800046121,2.0,10,0,0.0,2.0,2.0,1.0,D01
201800046121,2.0,10,0,0.0,2.0,3.0,1.0,C01
201800046122,1.0,7,0,0.0,2.0,1.0,2.0,A01
201800046122,1.0,7,0,0.0,2.0,4.0,2.0,B01
201800046123,1.0,34,0,0.0,2.0,1.0,1.0,A01
201800046123,1.0,7,0,0.0,2.0,0.0,0.0,B01
201800046124,2.0,7,0,0.0,2.0,2.0,12.0,A01
201800046124,2.0,32,0,0.0,2.0,8.0,3.0,B01
201800046125,1.0,10,0,0.0,2.0,7.0,12.0,A01
201800046125,1.0,32,0,0.0,2.0,3.0,3.0,B01
201800046126,1.0,10,0,0.0,2.0,7.0,12.0,A01
201800046126,1.0,32,0,0.0,2.0,8.0,3.0,B01
201800046127,2.0,34,0,0.0,2.0,8.0,3.0,A01
201800046127,2.0,7,0,0.0,0.0,7.0,1.0,B01
201800046128,2.0,7,0,0.0,2.0,7.0,12.0,A01
201800046128,1.0,33,0,0.0,2.0,8.0,3.0,B01
201800046129,2.0,7,0,0.0,2.0,2.0,2.0,A01
201800046129,2.0,7,0,0.0,2.0,6.0,0.0,B01
201800046130,2.0,33,0,0.0,2.0,2.0,3.0,A01
201800046130,2.0,33,0,0.0,2.0,8.0,3.0,B01
201800046130,2.0,7,0,0.0,2.0,8.0,1.0,C01
201800046131,2.0,31,0,0.0,2.0,3.0,21.0,A01
201800046131,2.0,7,0,0.0,2.0,5.0,1.0,B01
201800046132,2.0,7,0,0.0,2.0,5.0,14.0,A01
201800046132,2.0,33,0,0.0,2.0,1.0,1.0,B01
201800046133,2.0,33,0,0.0,0.0,8.0,21.0,A01
201800046134,1.0,7,0,0.0,2.0,1.0,2.0,A01
201800046134,2.0,7,0,0.0,2.0,4.0,2.0,B01
201800046135,0.0,10,0,0.0,0.0,3.0,0.0,A01
201800046136,1.0,10,0,0.0,1.0,1.0,1.0,A01
201800046137,2.0,7,0,4.0,0.0,0.0,13.0,A01
201800046138,2.0,7,0,4.0,0.0,0.0,1.0,A01
201800046139,1.0,7,0,4.0,0.0,3.0,2.0,A01
201800046140,2.0,10,0,0.0,2.0,8.0,11.0,A01
201800046140,2.0,7,0,0.0,2.0,7.0,1.0,B01
201800046140,2.0,33,0,0.0,2.0,7.0,3.0,C01
201800046141,1.0,33,0,0.0,2.0,8.0,3.0,A01
201800046141,1.0,7,0,0.0,2.0,2.0,12.0,B01
201800046141,1.0,7,0,0.0,2.0,6.0,1.0,C01
201800046142,1.0,32,0,0.0,2.0,3.0,0.0,A01
201800046142,1.0,7,0,0.0,2.0,5.0,1.0,B01
201800046143,2.0,33,0,0.0,2.0,7.0,3.0,B01
201800046143,2.0,7,0,0.0,2.0,8.0,11.0,A01
201800046144,2.0,7,0,4.0,0.0,1.0,1.0,A01
201800046145,2.0,31,0,0.0,2.0,1.0,3.0,A01
201800046145,2.0,7,0,0.0,2.0,6.0,11.0,B01
201800046146,1.0,7,0,0.0,2.0,6.0,2.0,B01
201800046146,1.0,7,0,0.0,2.0,2.0,2.0,A01
201800046147,2.0,7,0,0.0,2.0,7.0,14.0,B01
201800046147,1.0,34,0,0.0,2.0,3.0,3.0,A01
201800046148,1.0,34,0,0.0,2.0,3.0,0.0,Z01
201800046148,1.0,7,0,0.0,2.0,2.0,0.0,B01
201800046149,2.0,7,0,0.0,2.0,6.0,12.0,B01
201800046149,2.0,33,0,0.0,2.0,3.0,3.0,A01
201800046150,2.0,31,0,0.0,2.0,1.0,0.0,A01
201800046150,2.0,7,0,0.0,2.0,3.0,1.0,B01
201800046151,1.0,32,0,0.0,2.0,1.0,0.0,B01
201800046151,1.0,7,0,0.0,2.0,8.0,0.0,Z01
201800046152,2.0,7,0,0.0,2.0,2.0,12.0,A01
201800046152,2.0,34,0,0.0,2.0,3.0,3.0,B01
201800046153,2.0,13,0,3.0,0.0,1.0,1.0,A01
201800046154,2.0,7,0,4.0,0.0,3.0,1.0,A01
201800046155,2.0,7,0,0.0,2.0,8.0,11.0,A01
201800046155,2.0,31,0,0.0,2.0,7.0,3.0,B01
201800046156,1.0,7,0,0.0,2.0,4.0,1.0,B01
201800046156,1.0,7,0,0.0,2.0,1.0,9.0,A01
201800046157,1.0,7,0,0.0,2.0,1.0,1.0,A01
201800046157,1.0,7,0,0.0,2.0,4.0,1.0,B01
201800046158,2.0,33,0,0.0,2.0,6.0,2.0,A01
201800046158,2.0,7,0,0.0,2.0,0.0,0.0,Z01
201800046159,2.0,7,0,0.0,2.0,2.0,12.0,A01
201800046159,2.0,33,0,0.0,2.0,3.0,3.0,B01
201800046160,2.0,7,0,0.0,2.0,2.0,11.0,A01
201800046160,2.0,10,0,0.0,2.0,6.0,11.0,B01
201800046161,2.0,17,0,0.0,2.0,2.0,12.0,A01
201800046161,2.0,7,0,0.0,2.0,6.0,2.0,B01
201800046162,1.0,7,0,0.0,2.0,7.0,11.0,A01
201800046162,1.0,34,0,0.0,2.0,2.0,3.0,B01
201800046163,2.0,7,0,0.0,2.0,5.0,12.0,A01
201800046163,2.0,32,0,0.0,2.0,1.0,1.0,B01
201800046164,2.0,14,0,0.0,2.0,3.0,0.0,B01
201800046164,2.0,7,0,0.0,2.0,2.0,3.0,A01
201800046165,2.0,10,0,0.0,2.0,3.0,11.0,B01
201800046165,2.0,31,0,0.0,2.0,2.0,3.0,A01
201800046166,2.0,33,0,0.0,2.0,4.0,11.0,B01
201800046166,2.0,33,0,0.0,2.0,1.0,3.0,A01
201800046166,2.0,7,0,0.0,2.0,3.0,1.0,C01
201800046166,2.0,7,0,0.0,2.0,5.0,1.0,D01
201800046167,1.0,15,0,0.0,0.0,0.0,0.0,A01
201800046167,1.0,33,0,0.0,0.0,0.0,0.0,B01
201800046168,1.0,7,0,0.0,2.0,8.0,13.0,A01
201800046168,1.0,33,0,0.0,2.0,7.0,17.0,B01
201800046169,1.0,32,0,0.0,2.0,2.0,3.0,A01
201800046169,1.0,7,0,0.0,2.0,6.0,0.0,B01
201800046170,2.0,33,0,0.0,2.0,8.0,3.0,B01
201800046170,2.0,10,0,0.0,2.0,2.0,12.0,A01
201800046171,1.0,31,0,0.0,2.0,1.0,3.0,B01
201800046171,1.0,7,0,0.0,2.0,6.0,11.0,A01
201800046172,2.0,10,0,0.0,2.0,4.0,1.0,B01
201800046172,2.0,10,0,0.0,2.0,1.0,1.0,A01
201800046173,1.0,34,0,0.0,2.0,1.0,12.0,A01
201800046173,1.0,7,0,0.0,2.0,4.0,1.0,B01
201800046174,1.0,10,0,0.0,2.0,3.0,1.0,B01
201800046174,1.0,10,0,0.0,2.0,0.0,0.0,T01
201800046174,1.0,10,0,0.0,2.0,4.0,1.0,A01
201800046175,2.0,33,0,0.0,2.0,3.0,1.0,B01
201800046175,2.0,7,0,0.0,2.0,2.0,14.0,Z01
201800046176,1.0,7,0,4.0,0.0,1.0,0.0,A01