Num_Acc,senc,catv,occutc,obs,obsm,choc,manv,num_veh
201800046177,1.0,7,0,4.0,0.0,8.0,1.0,A01
201800046178,2.0,10,0,0.0,2.0,6.0,2.0,B01
201800046178,2.0,7,0,0.0,2.0,1.0,2.0,A01
201800046179,1.0,7,0,0.0,2.0,2.0,14.0,A01
201800046179,1.0,7,0,0.0,2.0,8.0,1.0,B01
201800046180,2.0,37,1,0.0,2.0,3.0,2.0,A01
201800046180,2.0,34,0,0.0,2.0,5.0,2.0,B01
201800046180,2.0,10,0,0.0,2.0,5.0,0.0,C01
201800046181,2.0,17,0,1.0,0.0,2.0,1.0,A01
201800046181,2.0,14,0,15.0,0.0,6.0,24.0,B01
201800046182,1.0,10,0,3.0,0.0,2.0,0.0,A01
201800046183,2.0,32,0,0.0,2.0,1.0,2.0,A01
201800046183,2.0,7,0,0.0,2.0,6.0,2.0,B01
201800046184,2.0,14,0,3.0,0.0,3.0,16.0,A01
201800046185,1.0,7,0,0.0,0.0,7.0,1.0,A01
201800046186,2.0,7,0,0.0,2.0,1.0,2.0,A01
201800046186,2.0,7,0,0.0,2.0,4.0,23.0,B01
201800046187,1.0,10,0,0.0,2.0,1.0,2.0,A01
201800046187,1.0,10,0,0.0,2.0,4.0,1.0,B01
201800046188,2.0,7,0,15.0,0.0,1.0,0.0,A01
201800046189,1.0,7,0,0.0,2.0,1.0,2.0,A01
201800046189,1.0,7,0,0.0,2.0,4.0,0.0,B01
201800046190,2.0,10,0,0.0,0.0,3.0,1.0,A01
201800046191,1.0,10,0,3.0,0.0,2.0,11.0,A01
201800046192,1.0,10,0,0.0,2.0,3.0,13.0,A01
201800046192,1.0,7,0,0.0,2.0,5.0,2.0,B01
201800046192,1.0,7,0,0.0,2.0,4.0,1.0,C01
201800046193,1.0,10,0,4.0,0.0,1.0,1.0,A01
201800046194,2.0,7,0,3.0,0.0,2.0,14.0,A01
201800046195,1.0,32,0,4.0,0.0,7.0,9.0,A01
201800046196,2.0,7,0,4.0,0.0,1.0,1.0,A01
201800046197,2.0,7,0,0.0,2.0,1.0,2.0,A01
201800046197,2.0,7,0,0.0,2.0,4.0,2.0,B01
201800046198,2.0,7,0,3.0,2.0,1.0,0.0,A01
201800046198,2.0,7,0,0.0,2.0,1.0,1.0,B01
201800046199,2.0,7,0,4.0,0.0,5.0,9.0,A01
201800046200,1.0,10,0,0.0,2.0,1.0,1.0,Z01
201800046200,1.0,10,0,0.0,2.0,4.0,1.0,B01
201800046201,1.0,7,0,0.0,2.0,1.0,2.0,C01
201800046201,1.0,7,0,0.0,2.0,1.0,2.0,A01
201800046201,1.0,7,0,0.0,2.0,4.0,2.0,D01
201800046201,1.0,7,0,0.0,2.0,4.0,2.0,B01
201800046202,2.0,7,0,5.0,0.0,1.0,12.0,A01
201800046203,2.0,7,0,0.0,2.0,1.0,2.0,A01
201800046203,2.0,10,0,0.0,2.0,4.0,2.0,B01
201800046203,1.0,7,0,0.0,2.0,4.0,2.0,C01
201800046204,1.0,7,0,0.0,2.0,8.0,0.0,A01
201800046204,1.0,7,0,0.0,2.0,2.0,1.0,B01
201800046204,1.0,7,0,0.0,2.0,1.0,1.0,C01
201800046204,1.0,7,0,0.0,2.0,1.0,1.0,D01
201800046205,1.0,7,0,0.0,2.0,3.0,13.0,A01
201800046205,1.0,7,0,0.0,2.0,5.0,1.0,B01
201800046206,2.0,31,0,0.0,2.0,1.0,9.0,A01
201800046206,2.0,7,0,0.0,2.0,4.0,9.0,B01
201800046207,2.0,7,0,0.0,2.0,3.0,2.0,A01
201800046207,2.0,7,0,0.0,2.0,5.0,2.0,B01
201800046208,1.0,7,0,0.0,2.0,4.0,2.0,B01
201800046208,1.0,7,0,0.0,2.0,4.0,2.0,C01
201800046208,1.0,7,0,0.0,2.0,1.0,9.0,A01
201800046209,2.0,33,0,0.0,2.0,1.0,1.0,A01
201800046209,2.0,10,0,0.0,2.0,4.0,1.0,B01
201800046210,2.0,32,0,0.0,2.0,1.0,3.0,A01
201800046210,2.0,10,0,0.0,2.0,4.0,0.0,B01
201800046211,2.0,33,0,0.0,6.0,3.0,1.0,A01
201800046212,1.0,31,0,0.0,2.0,1.0,12.0,A01
201800046212,1.0,10,0,0.0,2.0,2.0,0.0,B01
201800046212,1.0,10,0,0.0,2.0,6.0,2.0,C01
201800046213,2.0,7,0,0.0,2.0,3.0,9.0,A01
201800046213,2.0,14,0,0.0,2.0,5.0,1.0,B01
201800046214,1.0,7,0,0.0,2.0,1.0,2.0,A01
201800046214,1.0,10,0,0.0,2.0,4.0,1.0,B01
201800046215,1.0,33,0,0.0,2.0,1.0,2.0,A01
201800046215,1.0,10,0,0.0,2.0,4.0,2.0,B01
201800046216,2.0,17,0,4.0,0.0,7.0,1.0,A01
201800046217,1.0,7,0,0.0,2.0,4.0,2.0,B01
201800046217,1.0,7,0,0.0,2.0,4.0,2.0,C01
201800046217,1.0,7,0,0.0,2.0,1.0,2.0,A01
201800046217,1.0,7,0,0.0,2.0,1.0,2.0,D01
201800046218,1.0,7,0,4.0,2.0,5.0,1.0,B01
201800046218,1.0,13,0,0.0,2.0,3.0,11.0,A01
201800046219,1.0,7,0,0.0,2.0,1.0,2.0,A01
201800046219,1.0,7,0,0.0,2.0,6.0,2.0,B01
201800046220,2.0,7,0,4.0,0.0,1.0,1.0,A01
201800046221,2.0,10,0,3.0,0.0,1.0,0.0,A01
201800046222,2.0,10,0,4.0,0.0,1.0,1.0,A01
201800046223,2.0,10,0,0.0,2.0,8.0,1.0,C01
201800046223,2.0,33,0,0.0,2.0,3.0,3.0,A01
201800046223,2.0,10,0,0.0,2.0,7.0,1.0,B01
201800046224,1.0,7,0,4.0,0.0,1.0,1.0,A01
201800046225,1.0,10,0,0.0,2.0,5.0,14.0,B01
201800046225,1.0,34,0,0.0,2.0,3.0,3.0,A01
201800046226,1.0,7,0,0.0,2.0,4.0,2.0,B01
201800046226,1.0,7,0,0.0,2.0,4.0,2.0,C01
201800046226,1.0,7,0,0.0,2.0,1.0,2.0,A01
201800046227,2.0,10,0,0.0,2.0,6.0,11.0,B01
201800046227,2.0,34,0,0.0,2.0,1.0,3.0,A01
201800046228,1.0,7,0,0.0,2.0,8.0,1.0,B01
201800046228,1.0,7,0,0.0,2.0,7.0,12.0,A01
201800046229,1.0,10,0,0.0,2.0,3.0,21.0,A01
201800046229,1.0,7,0,3.0,2.0,5.0,2.0,B01
201800046230,1.0,7,0,4.0,0.0,2.0,14.0,A01
201800046231,2.0,15,0,0.0,2.0,3.0,1.0,D01
201800046231,2.0,7,0,0.0,2.0,6.0,9.0,B01
201800046231,2.0,15,0,0.0,2.0,2.0,1.0,A01
201800046231,2.0,7,0,0.0,2.0,1.0,0.0,C01
201800046232,1.0,7,0,0.0,2.0,4.0,2.0,B01
201800046232,1.0,7,0,0.0,2.0,1.0,2.0,A01
201800046233,1.0,34,0,0.0,0.0,9.0,1.0,A01
201800046234,1.0,7,0,3.0,0.0,1.0,0.0,A01
201800046234,1.0,7,0,5.0,0.0,3.0,0.0,B01
201800046235,2.0,7,0,0.0,2.0,2.0,2.0,B01
201800046235,2.0,32,0,0.0,2.0,3.0,2.0,A01
201800046235,2.0,7,0,0.0,2.0,5.0,2.0,C01
201800046236,1.0,10,0,0.0,2.0,1.0,2.0,A01
201800046236,1.0,7,0,0.0,2.0,4.0,2.0,B01
201800046237,1.0,2,0,0.0,0.0,5.0,0.0,A01
201800046238,2.0,7,0,3.0,0.0,1.0,14.0,A01
201800046239,1.0,7,0,0.0,2.0,8.0,1.0,B01
201800046239,1.0,7,0,0.0,2.0,2.0,12.0,A01
201800046240,2.0,32,0,0.0,0.0,0.0,1.0,A01
201800046241,2.0,7,0,0.0,2.0,5.0,12.0,A01
201800046241,2.0,33,0,0.0,2.0,1.0,1.0,B01
201800046242,1.0,33,0,0.0,2.0,3.0,3.0,A01
201800046242,1.0,7,0,0.0,2.0,5.0,1.0,B01
201800046243,2.0,7,0,0.0,2.0,1.0,1.0,A01
201800046243,2.0,7,0,0.0,2.0,4.0,2.0,B01
201800046244,2.0,7,0,4.0,0.0,1.0,16.0,A01
201800046245,1.0,7,0,0.0,2.0,1.0,0.0,A01
201800046245,1.0,7,0,0.0,2.0,4.0,0.0,B01
201800046246,2.0,7,0,0.0,0.0,2.0,11.0,A01
201800046247,2.0,7,0,4.0,0.0,3.0,0.0,A01
201800046247,2.0,7,0,5.0,0.0,0.0,0.0,T01
201800046248,2.0,7,0,0.0,2.0,4.0,1.0,B01
201800046248,2.0,7,0,0.0,2.0,4.0,1.0,C01
201800046248,2.0,7,0,0.0,2.0,4.0,2.0,D01
201800046248,2.0,7,0,0.0,2.0,4.0,2.0,E01
201800046248,2.0,7,0,0.0,2.0,1.0,2.0,A01
201800046249,1.0,7,0,0.0,2.0,1.0,2.0,A01
201800046249,1.0,7,0,0.0,2.0,4.0,2.0,C01
201800046249,1.0,7,0,0.0,2.0,4.0,2.0,B01
201800046250,1.0,7,0,0.0,2.0,2.0,2.0,A01
201800046250,1.0,7,0,0.0,2.0,6.0,2.0,B01
201800046251,2.0,7,0,0.0,2.0,4.0,12.0,A01
201800046251,2.0,33,0,0.0,2.0,1.0,12.0,B01
201800046252,1.0,7,0,0.0,2.0,1.0,0.0,A01
201800046252,1.0,7,0,0.0,2.0,5.0,0.0,C01
201800046252,1.0,31,0,0.0,2.0,8.0,0.0,D01
201800046252,1.0,7,0,0.0,2.0,4.0,0.0,B01
201800046253,0.0,33,0,0.0,0.0,0.0,0.0,A01
201800046254,1.0,33,0,0.0,0.0,0.0,0.0,A01
201800046255,2.0,7,0,0.0,2.0,1.0,11.0,A01
201800046255,2.0,7,0,0.0,2.0,4.0,2.0,B01
201800046256,2.0,32,0,0.0,0.0,8.0,12.0,A01
201800046257,2.0,32,0,0.0,0.0,7.0,1.0,A01
201800046258,1.0,7,0,4.0,0.0,0.0,0.0,A01
201800046259,2.0,7,0,4.0,0.0,1.0,2.0,A01
201800046260,2.0,7,0,4.0,0.0,1.0,1.0,A01
201800046261,2.0,7,0,0.0,2.0,1.0,1.0,A01
201800046261,0.0,7,0,0.0,2.0,3.0,1.0,B01
201800046262,1.0,7,0,12.0,0.0,2.0,0.0,A01
201800046263,2.0,7,0,4.0,0.0,1.0,17.0,A01
201800046263,2.0,7,0,4.0,0.0,9.0,9.0,C01
201800046263,2.0,10,0,4.0,0.0,0.0,24.0,D01
201800046264,1.0,10,0,0.0,2.0,1.0,2.0,A01
201800046264,1.0,7,0,0.0,2.0,5.0,2.0,B01
201800046264,1.0,7,0,0.0,2.0,5.0,2.0,C01
201800046264,1.0,7,0,0.0,2.0,4.0,2.0,D01
201800046265,1.0,33,0,0.0,2.0,1.0,1.0,A01
201800046265,1.0,7,0,0.0,2.0,4.0,1.0,B01
201800046266,1.0,10,0,0.0,2.0,1.0,1.0,A01
201800046266,1.0,10,0,0.0,2.0,4.0,0.0,B01
201800046267,1.0,10,0,14.0,0.0,7.0,0.0,A01
201800046268,2.0,7,0,0.0,2.0,6.0,11.0,A01
201800046268,2.0,32,0,0.0,2.0,1.0,3.0,B01
201800046269,0.0,7,0,0.0,2.0,1.0,2.0,A01
201800046269,0.0,7,0,0.0,2.0,4.0,2.0,B01
201800046270,1.0,7,0,0.0,2.0,7.0,12.0,A01
201800046270,1.0,33,0,0.0,2.0,3.0,1.0,B01
201800046271,1.0,10,0,5.0,0.0,3.0,0.0,A01
201800046272,2.0,10,0,0.0,2.0,1.0,1.0,A01
201800046272,2.0,10,0,0.0,2.0,4.0,1.0,B01
201800046273,2.0,32,0,0.0,0.0,0.0,1.0,A01
201800046274,2.0,7,0,0.0,2.0,2.0,12.0,A01
201800046274,2.0,33,0,0.0,2.0,3.0,3.0,B01
201800046275,1.0,7,0,0.0,2.0,1.0,1.0,A01
201800046275,1.0,7,0,0.0,2.0,4.0,0.0,B01
201800046276,2.0,7,0,0.0,2.0,6.0,1.0,B01
201800046276,2.0,7,0,0.0,2.0,2.0,2.0,A01
201800046277,2.0,7,0,0.0,2.0,1.0,2.0,A01
201800046277,2.0,7,0,0.0,2.0,4.0,2.0,C01
201800046277,2.0,7,0,0.0,2.0,4.0,2.0,B01
201800046278,2.0,7,0,0.0,0.0,1.0,0.0,A01
201800046279,2.0,10,0,0.0,2.0,1.0,1.0,A01
201800046279,2.0,10,0,4.0,0.0,1.0,1.0,B01
201800046280,1.0,7,0,0.0,2.0,2.0,12.0,A01
201800046280,1.0,31,0,0.0,2.0,8.0,1.0,B01
201800046281,2.0,7,0,0.0,2.0,1.0,2.0,A01
201800046281,2.0,7,0,0.0,2.0,4.0,1.0,B01
201800046282,1.0,33,0,0.0,2.0,3.0,1.0,A01
201800046282,1.0,7,0,0.0,2.0,5.0,1.0,B01
201800046283,1.0,7,0,0.0,2.0,4.0,2.0,C01
201800046283,1.0,7,0,0.0,2.0,1.0,2.0,A01
201800046283,1.0,7,0,0.0,2.0,4.0,2.0,B01
201800046284,2.0,7,0,0.0,2.0,6.0,11.0,A01
201800046284,2.0,33,0,0.0,2.0,7.0,0.0,B01
201800046285,2.0,31,0,0.0,2.0,1.0,2.0,A01
201800046285,2.0,10,0,0.0,2.0,5.0,2.0,B01
201800046286,2.0,33,0,0.0,2.0,8.0,3.0,A01
201800046286,2.0,7,0,0.0,2.0,7.0,12.0,B01
201800046287,1.0,34,0,15.0,0.0,8.0,9.0,A01
201800046288,2.0,7,0,0.0,2.0,7.0,23.0,B01
201800046288,1.0,7,0,0.0,2.0,3.0,11.0,A01
201800046288,2.0,14,0,0.0,2.0,5.0,2.0,C01
201800046289,1.0,7,0,0.0,2.0,7.0,2.0,A01
201800046289,1.0,7,0,0.0,2.0,8.0,0.0,B01
201800046290,2.0,7,0,0.0,2.0,5.0,12.0,B01
201800046290,2.0,7,0,0.0,2.0,3.0,3.0,A01
201800046291,1.0,34,0,3.0,2.0,7.0,3.0,A01
201800046291,1.0,7,0,0.0,2.0,8.0,11.0,Z01
201800046292,1.0,7,0,4.0,0.0,1.0,0.0,A01
201800046293,2.0,7,0,0.0,2.0,0.0,12.0,A01
201800046293,2.0,31,0,0.0,2.0,4.0,1.0,B01
201800046294,2.0,7,0,0.0,0.0,1.0,1.0,A01
201800046295,1.0,10,0,4.0,0.0,1.0,1.0,A01
201800046296,2.0,7,0,4.0,0.0,1.0,13.0,A01
201800046297,2.0,7,0,0.0,2.0,7.0,1.0,C01
201800046297,2.0,7,0,0.0,2.0,3.0,13.0,A01
201800046297,2.0,7,0,0.0,2.0,4.0,2.0,B01
201800046298,2.0,10,0,3.0,0.0,1.0,0.0,A01
201800046299,2.0,7,0,0.0,2.0,1.0,2.0,A01
201800046299,2.0,10,0,0.0,2.0,4.0,1.0,D01
201800046299,2.0,7,0,0.0,2.0,4.0,2.0,B01
201800046299,1.0,7,0,0.0,2.0,4.0,1.0,E01
201800046299,2.0,7,0,0.0,2.0,4.0,2.0,C01
201800046300,2.0,7,0,4.0,0.0,8.0,1.0,A01
201800046301,2.0,7,0,4.0,2.0,7.0,1.0,B01
201800046301,2.0,7,0,0.0,2.0,0.0,1.0,C01
201800046301,2.0,7,0,0.0,2.0,8.0,13.0,A01
201800046302,1.0,7,0,0.0,2.0,6.0,18.0,A01
201800046302,1.0,13,0,0.0,2.0,3.0,12.0,B01
201800046303,1.0,33,0,0.0,2.0,7.0,3.0,A01
201800046303,1.0,7,0,0.0,2.0,8.0,1.0,B01
201800046304,2.0,7,0,0.0,2.0,4.0,2.0,C01
201800046304,2.0,7,0,0.0,2.0,1.0,2.0,A01
201800046304,2.0,7,0,0.0,2.0,4.0,2.0,B01
201800046305,1.0,34,0,0.0,0.0,8.0,21.0,A01
201800046306,2.0,33,0,0.0,2.0,7.0,3.0,A01
201800046306,2.0,15,0,0.0,6.0,8.0,1.0,B01
201800046307,1.0,10,0,0.0,2.0,6.0,0.0,A01
201800046307,1.0,7,0,0.0,2.0,1.0,1.0,B01
201800046308,1.0,10,0,0.0,2.0,1.0,2.0,A01
201800046308,1.0,7,0,0.0,2.0,4.0,2.0,C01
201800046308,1.0,7,0,0.0,2.0,4.0,2.0,B01
201800046309,2.0,10,0,0.0,2.0,2.0,21.0,C01
201800046309,2.0,7,0,1.0,0.0,2.0,21.0,A01
201800046309,2.0,10,0,0.0,2.0,6.0,23.0,B01
201800046310,2.0,7,0,4.0,0.0,1.0,1.0,A01
201800046311,2.0,7,0,0.0,2.0,8.0,11.0,A01
201800046311,2.0,7,0,0.0,2.0,2.0,1.0,B01
201800046312,0.0,10,0,0.0,2.0,1.0,1.0,B01
201800046312,1.0,10,0,0.0,2.0,8.0,5.0,A01
201800046313,1.0,15,0,4.0,0.0,2.0,14.0,A01
201800046314,1.0,7,0,0.0,6.0,6.0,9.0,A01
201800046314,1.0,31,0,0.0,2.0,7.0,1.0,B01
201800046315,1.0,10,0,0.0,2.0,1.0,2.0,A01
201800046315,1.0,10,0,0.0,2.0,4.0,2.0,B01
201800046316,1.0,7,0,0.0,2.0,6.0,9.0,B01
201800046316,1.0,7,0,0.0,2.0,3.0,1.0,C01
201800046316,1.0,7,0,0.0,2.0,3.0,1.0,A01
201800046317,1.0,7,0,0.0,2.0,7.0,12.0,A01
201800046317,1.0,31,0,0.0,2.0,3.0,1.0,B01
201800046318,2.0,10,0,0.0,2.0,1.0,2.0,A01
201800046318,2.0,7,0,0.0,2.0,4.0,2.0,B01
201800046319,2.0,10,0,0.0,2.0,1.0,2.0,A01
201800046319,2.0,10,0,0.0,2.0,4.0,2.0,B01
201800046319,2.0,10,0,0.0,2.0,4.0,2.0,C01
201800046320,1.0,7,0,0.0,2.0,2.0,14.0,A01
201800046320,1.0,7,0,0.0,2.0,8.0,1.0,B01
201800046321,1.0,7,0,0.0,0.0,0.0,1.0,A01
201800046322,1.0,33,0,0.0,2.0,4.0,2.0,A01
201800046322,1.0,10,0,0.0,2.0,4.0,2.0,B01
201800046323,2.0,10,0,1.0,0.0,0.0,1.0,B01
201800046323,2.0,10,0,4.0,0.0,0.0,0.0,Z01
201800046324,1.0,7,0,4.0,0.0,1.0,1.0,A01
201800046325,2.0,7,0,0.0,2.0,5.0,9.0,A01
201800046325,2.0,7,0,0.0,2.0,2.0,1.0,B01
201800046326,2.0,7,0,0.0,2.0,4.0,1.0,B01
201800046326,2.0,7,0,0.0,2.0,1.0,1.0,A01
201800046327,1.0,7,0,3.0,0.0,4.0,1.0,A01
201800046328,1.0,7,0,4.0,0.0,1.0,1.0,A01
201800046329,2.0,7,0,0.0,2.0,3.0,9.0,B01
201800046329,2.0,13,0,0.0,2.0,2.0,1.0,A01
201800046330,2.0,33,0,3.0,0.0,1.0,12.0,A01
201800046331,1.0,7,0,4.0,0.0,1.0,1.0,A01
201800046331,1.0,7,0,4.0,0.0,1.0,1.0,B01
201800046332,2.0,10,0,0.0,2.0,3.0,1.0,C01
201800046332,2.0,7,0,0.0,2.0,2.0,1.0,A01
201800046332,2.0,7,0,0.0,2.0,4.0,2.0,B01
201800046333,2.0,7,0,2.0,0.0,9.0,1.0,A01
201800046334,2.0,7,0,0.0,2.0,4.0,2.0,B01
201800046334,2.0,17,0,0.0,2.0,1.0,2.0,C01
201800046334,2.0,7,0,0.0,2.0,3.0,1.0,D01
201800046334,2.0,7,0,0.0,2.0,4.0,1.0,A01
201800046335,2.0,10,0,0.0,2.0,6.0,1.0,C01
201800046335,2.0,31,0,0.0,2.0,3.0,3.0,B01
201800046335,2.0,7,0,0.0,2.0,2.0,12.0,A01
201800046336,1.0,7,0,0.0,2.0,4.0,23.0,B01
201800046336,1.0,7,0,1.0,0.0,1.0,1.0,A01
201800046337,1.0,7,0,16.0,0.0,9.0,1.0,A01
201800046338,2.0,7,0,0.0,2.0,4.0,1.0,A01
201800046338,2.0,7,0,0.0,2.0,1.0,1.0,B01
201800046339,2.0,7,0,4.0,0.0,0.0,19.0,A01
201800046340,1.0,7,0,14.0,0.0,0.0,19.0,A01
201800046341,2.0,7,0,0.0,2.0,6.0,3.0,B01
201800046341,2.0,34,0,0.0,2.0,8.0,11.0,A01
201800046342,2.0,10,0,6.0,0.0,9.0,19.0,A01
201800046343,2.0,7,0,0.0,2.0,6.0,1.0,A01
201800046343,2.0,10,0,0.0,2.0,1.0,2.0,B01
201800046344,2.0,14,0,8.0,0.0,2.0,14.0,A01
201800046345,2.0,7,0,0.0,2.0,1.0,2.0,B01
201800046345,2.0,10,0,0.0,2.0,4.0,2.0,C01
201800046345,2.0,7,0,0.0,2.0,1.0,1.0,A01
201800046346,1.0,34,0,16.0,2.0,7.0,19.0,A01
201800046347,2.0,33,0,0.0,2.0,1.0,2.0,B01
201800046347,2.0,7,0,0.0,2.0,6.0,1.0,A01
201800046348,2.0,32,0,0.0,2.0,8.0,1.0,B01
201800046348,2.0,7,0,0.0,2.0,7.0,11.0,A01
201800046349,1.0,33,0,0.0,2.0,2.0,19.0,B01
201800046349,1.0,7,0,0.0,2.0,6.0,1.0,A01
201800046350,1.0,7,0,0.0,2.0,1.0,1.0,A01
201800046350,1.0,7,0,0.0,2.0,4.0,1.0,B01
201800046351,1.0,7,0,0.0,2.0,3.0,1.0,A01
201800046351,1.0,7,0,0.0,2.0,2.0,14.0,Z01
201800046352,2.0,10,0,0.0,2.0,1.0,1.0,A01
201800046352,2.0,33,0,0.0,2.0,8.0,1.0,B01
201800046353,2.0,10,0,0.0,2.0,8.0,19.0,A01
201800046354,1.0,7,0,0.0,2.0,1.0,1.0,A01
201800046354,1.0,14,0,0.0,2.0,6.0,1.0,C01
201800046354,1.0,7,0,0.0,2.0,4.0,14.0,B01
201800046355,2.0,34,0,0.0,2.0,2.0,12.0,A01
201800046355,1.0,7,0,0.0,2.0,3.0,1.0,B01
201800046356,2.0,7,0,16.0,0.0,8.0,19.0,A01
201800046357,2.0,7,0,0.0,2.0,1.0,2.0,Z01
201800046357,1.0,7,0,0.0,2.0,4.0,1.0,A01
201800046358,1.0,33,0,16.0,0.0,8.0,19.0,A01
201800046359,1.0,15,0,0.0,2.0,6.0,1.0,A01
201800046359,1.0,7,0,0.0,2.0,2.0,19.0,B01
201800046360,1.0,17,0,0.0,2.0,8.0,1.0,B01
201800046360,1.0,7,0,0.0,2.0,1.0,19.0,A01
201800046361,2.0,15,0,0.0,2.0,1.0,2.0,A01
201800046361,2.0,15,0,0.0,2.0,4.0,2.0,B01
201800046361,2.0,7,0,0.0,2.0,7.0,2.0,C01
201800046362,1.0,10,0,0.0,2.0,5.0,24.0,B01
201800046362,1.0,10,0,1.0,0.0,3.0,1.0,A01
201800046363,2.0,7,0,0.0,2.0,4.0,1.0,B01
201800046363,1.0,10,0,0.0,2.0,1.0,1.0,A01
201800046364,1.0,7,0,0.0,2.0,5.0,1.0,A01
201800046364,1.0,7,0,0.0,6.0,2.0,1.0,C01
201800046364,1.0,34,0,0.0,2.0,1.0,2.0,B01
201800046365,1.0,10,0,13.0,6.0,2.0,14.0,A01
201800046366,2.0,7,0,16.0,0.0,4.0,19.0,A01
201800046367,1.0,7,0,16.0,0.0,7.0,19.0,A01
201800046368,2.0,33,0,0.0,2.0,4.0,1.0,B01
201800046368,2.0,7,0,0.0,2.0,1.0,1.0,A01
201800046369,1.0,31,0,0.0,2.0,7.0,1.0,B01
201800046369,1.0,7,0,0.0,2.0,3.0,11.0,A01
201800046370,1.0,7,0,16.0,0.0,0.0,19.0,A01
201800046371,1.0,7,0,14.0,0.0,1.0,19.0,A01
201800046372,2.0,7,0,16.0,0.0,3.0,1.0,A01
201800046373,1.0,7,0,14.0,0.0,2.0,19.0,A01
201800046374,2.0,7,0,16.0,2.0,3.0,19.0,A01
201800046375,2.0,7,0,0.0,2.0,1.0,1.0,A01
201800046375,2.0,10,0,0.0,2.0,4.0,1.0,B01
201800046376,1.0,31,0,0.0,2.0,1.0,2.0,A01
201800046376,1.0,33,0,0.0,2.0,4.0,1.0,B01
201800046377,1.0,7,0,0.0,2.0,4.0,2.0,B01
201800046377,1.0,7,0,0.0,2.0,1.0,12.0,A01
201800046377,1.0,10,0,0.0,2.0,4.0,2.0,C01
201800046378,2.0,7,0,0.0,2.0,4.0,1.0,B01
201800046378,2.0,33,0,0.0,2.0,8.0,19.0,A01
201800046379,1.0,7,0,0.0,2.0,1.0,1.0,A01
201800046379,1.0,7,0,0.0,2.0,4.0,2.0,C01
201800046379,1.0,10,0,0.0,2.0,4.0,2.0,B01
201800046380,2.0,7,0,0.0,2.0,2.0,6.0,B01
201800046380,0.0,7,0,0.0,2.0,3.0,1.0,A01
201800046381,1.0,7,0,1.0,0.0,1.0,1.0,A01
201800046382,2.0,7,0,0.0,2.0,4.0,2.0,B01
201800046382,2.0,7,0,0.0,2.0,1.0,1.0,A01
201800046383,1.0,7,0,3.0,2.0,1.0,1.0,A01
201800046383,1.0,7,0,0.0,2.0,5.0,2.0,B01
201800046384,2.0,7,0,0.0,2.0,8.0,1.0,A01
201800046384,2.0,7,0,0.0,2.0,7.0,14.0,Z01
201800046385,2.0,31,0,0.0,2.0,8.0,3.0,A01
201800046385,2.0,7,0,0.0,2.0,7.0,12.0,B01
201800046386,2.0,10,0,0.0,2.0,1.0,1.0,A01
201800046386,2.0,10,0,0.0,2.0,4.0,2.0,C01
201800046386,2.0,10,0,0.0,2.0,4.0,2.0,B01
201800046387,1.0,7,0,0.0,2.0,4.0,2.0,D01
201800046387,1.0,10,0,0.0,2.0,4.0,2.0,C01
201800046387,1.0,7,0,0.0,2.0,4.0,2.0,B01
201800046387,1.0,7,0,0.0,2.0,4.0,2.0,E01
201800046387,1.0,7,0,0.0,2.0,1.0,2.0,A01
201800046388,1.0,10,0,0.0,2.0,4.0,2.0,B01
201800046388,1.0,7,0,0.0,2.0,1.0,2.0,A01
201800046389,2.0,7,0,0.0,2.0,4.0,1.0,B01
201800046389,2.0,10,0,0.0,2.0,1.0,1.0,A01
201800046390,2.0,7,0,16.0,0.0,0.0,1.0,A01
201800046391,2.0,7,0,0.0,2.0,8.0,11.0,A01
201800046391,2.0,33,0,0.0,2.0,7.0,3.0,B01
201800046392,2.0,7,0,0.0,2.0,7.0,12.0,B01
201800046392,2.0,33,0,0.0,2.0,8.0,1.0,A01
201800046393,1.0,13,0,0.0,2.0,1.0,1.0,A01
201800046393,1.0,7,0,0.0,2.0,4.0,2.0,B01
201800046394,2.0,7,0,0.0,2.0,4.0,2.0,C01
201800046394,2.0,7,0,0.0,2.0,1.0,2.0,A01
201800046394,2.0,10,0,0.0,2.0,4.0,2.0,B01
201800046394,2.0,7,0,0.0,2.0,4.0,2.0,D01
201800046394,2.0,7,0,0.0,2.0,4.0,2.0,G01
201800046394,2.0,7,0,0.0,2.0,4.0,2.0,E01
201800046394,2.0,7,0,0.0,2.0,4.0,2.0,F01
201800046395,1.0,7,0,4.0,0.0,1.0,1.0,A01
201800046396,1.0,10,0,3.0,0.0,8.0,1.0,A01
201800046397,2.0,7,0,3.0,0.0,7.0,1.0,A01
201800046398,1.0,7,0,0.0,2.0,1.0,1.0,A01
201800046398,1.0,13,0,0.0,2.0,8.0,17.0,C01
201800046398,1.0,7,0,0.0,2.0,5.0,2.0,B01
201800046399,2.0,7,0,0.0,2.0,5.0,2.0,B01
201800046399,2.0,7,0,0.0,2.0,3.0,12.0,A01
201800046400,2.0,7,0,0.0,2.0,4.0,2.0,B01
201800046400,2.0,7,0,0.0,2.0,4.0,1.0,A01
201800046400,2.0,7,0,0.0,2.0,4.0,2.0,C01
201800046400,2.0,7,0,0.0,2.0,1.0,2.0,D01
201800046401,2.0,7,0,0.0,2.0,4.0,2.0,C01
201800046401,2.0,7,0,0.0,2.0,4.0,2.0,B01
201800046401,2.0,7,0,0.0,2.0,1.0,1.0,A01
201800046402,1.0,7,0,4.0,0.0,1.0,1.0,A01