Num_Acc,senc,catv,occutc,obs,obsm,choc,manv,num_veh
201800046403,1.0,7,0,0.0,2.0,4.0,2.0,C01
201800046403,1.0,10,0,0.0,2.0,1.0,1.0,A01
201800046403,1.0,17,0,0.0,2.0,4.0,2.0,B01
201800046404,1.0,7,0,14.0,0.0,1.0,19.0,A01
201800046405,1.0,7,0,0.0,2.0,8.0,1.0,B01
201800046405,1.0,7,0,0.0,2.0,7.0,19.0,A01
201800046406,2.0,7,0,0.0,2.0,4.0,1.0,C01
201800046406,2.0,7,0,0.0,2.0,4.0,24.0,B01
201800046406,2.0,7,0,0.0,2.0,1.0,9.0,A01
201800046407,1.0,14,0,1.0,1.0,4.0,23.0,B01
201800046407,1.0,17,0,1.0,0.0,2.0,2.0,A01
201800046408,2.0,31,0,0.0,2.0,8.0,3.0,B01
201800046408,2.0,7,0,0.0,2.0,5.0,12.0,A01
201800046409,2.0,7,0,16.0,0.0,1.0,19.0,A01
201800046410,1.0,7,0,0.0,2.0,1.0,1.0,B01
201800046410,1.0,15,0,0.0,2.0,2.0,12.0,A01
201800046411,2.0,7,0,0.0,2.0,3.0,11.0,A01
201800046411,2.0,34,0,0.0,2.0,7.0,3.0,B01
201800046412,1.0,33,0,0.0,2.0,1.0,1.0,A01
201800046412,1.0,7,0,0.0,0.0,4.0,1.0,B01
201800046413,1.0,10,0,16.0,0.0,1.0,19.0,A01
201800046414,2.0,15,0,0.0,0.0,1.0,0.0,A01
201800046415,1.0,7,0,14.0,0.0,2.0,19.0,A01
201800046416,1.0,14,0,3.0,0.0,1.0,19.0,A01
201800046417,2.0,7,0,0.0,2.0,8.0,1.0,D01
201800046417,2.0,7,0,0.0,2.0,1.0,9.0,A01
201800046417,2.0,7,0,0.0,2.0,6.0,2.0,B01
201800046417,2.0,7,0,0.0,2.0,1.0,1.0,C01
201800046418,2.0,7,0,0.0,2.0,7.0,21.0,A01
201800046418,2.0,7,0,0.0,2.0,8.0,1.0,B01
201800046419,2.0,7,0,0.0,2.0,1.0,1.0,A01
201800046419,2.0,7,0,0.0,2.0,4.0,2.0,B01
201800046420,1.0,7,0,0.0,2.0,4.0,2.0,C01
201800046420,1.0,7,0,0.0,2.0,1.0,2.0,B01
201800046420,1.0,7,0,0.0,2.0,1.0,1.0,A01
201800046421,1.0,7,0,0.0,2.0,4.0,2.0,Z01
201800046421,1.0,7,0,0.0,2.0,1.0,2.0,A01
201800046422,2.0,10,0,0.0,2.0,1.0,1.0,A01
201800046422,2.0,7,0,0.0,2.0,4.0,1.0,B01
201800046423,2.0,7,0,0.0,2.0,3.0,21.0,B01
201800046423,2.0,7,0,0.0,2.0,1.0,21.0,A01
201800046424,2.0,7,0,0.0,2.0,4.0,2.0,B01
201800046424,2.0,7,0,0.0,2.0,1.0,2.0,A01
201800046425,2.0,7,0,0.0,2.0,1.0,1.0,A01
201800046425,2.0,7,0,0.0,2.0,4.0,2.0,B01
201800046426,1.0,7,0,0.0,2.0,1.0,1.0,A01
201800046426,1.0,7,0,0.0,2.0,4.0,2.0,C01
201800046426,1.0,7,0,0.0,2.0,4.0,2.0,E01
201800046426,1.0,10,0,0.0,2.0,1.0,2.0,D01
201800046426,1.0,7,0,0.0,2.0,1.0,2.0,B01
201800046427,1.0,7,0,0.0,2.0,1.0,1.0,A01
201800046427,1.0,7,0,0.0,2.0,4.0,2.0,B01
201800046427,1.0,7,0,0.0,2.0,4.0,2.0,C01
201800046428,1.0,7,0,0.0,2.0,1.0,1.0,A01
201800046428,1.0,7,0,0.0,2.0,4.0,2.0,B01
201800046429,2.0,7,0,0.0,2.0,1.0,2.0,C01
201800046429,2.0,7,0,0.0,2.0,1.0,2.0,B01
201800046429,2.0,7,0,0.0,2.0,4.0,1.0,A01
201800046430,1.0,7,0,0.0,2.0,4.0,1.0,B01
201800046430,1.0,7,0,0.0,2.0,1.0,1.0,A01
201800046431,2.0,7,0,0.0,2.0,4.0,2.0,B01
201800046431,2.0,7,0,0.0,2.0,4.0,2.0,C01
201800046431,2.0,7,0,0.0,2.0,1.0,1.0,A01
201800046432,1.0,7,0,0.0,2.0,1.0,1.0,A01
201800046432,1.0,7,0,0.0,2.0,4.0,2.0,B01
201800046433,2.0,7,0,0.0,2.0,4.0,2.0,B01
201800046433,2.0,7,0,0.0,2.0,1.0,1.0,A01
201800046434,1.0,33,0,0.0,2.0,6.0,3.0,A01
201800046434,1.0,15,0,0.0,2.0,7.0,14.0,Z01
201800046434,1.0,7,0,0.0,2.0,8.0,1.0,B01
201800046435,1.0,7,0,0.0,2.0,2.0,17.0,Z01
201800046435,1.0,7,0,0.0,2.0,6.0,1.0,A01
201800046435,1.0,7,0,0.0,2.0,2.0,1.0,B01
201800046436,1.0,13,0,0.0,2.0,4.0,2.0,B01
201800046436,1.0,13,0,0.0,2.0,1.0,2.0,D01
201800046436,1.0,10,0,0.0,2.0,4.0,2.0,C01
201800046436,1.0,7,0,0.0,2.0,4.0,2.0,A01
201800046437,1.0,7,0,16.0,0.0,8.0,1.0,A01
201800046438,1.0,7,0,0.0,2.0,8.0,13.0,B01
201800046438,1.0,7,0,0.0,2.0,7.0,1.0,A01
201800046439,2.0,7,0,0.0,2.0,4.0,1.0,B01
201800046439,2.0,7,0,0.0,2.0,1.0,1.0,A01
201800046440,1.0,7,0,14.0,0.0,1.0,19.0,A01
201800046441,1.0,7,0,0.0,2.0,1.0,5.0,A01
201800046441,1.0,7,0,0.0,2.0,1.0,1.0,B01
201800046442,0.0,7,0,0.0,2.0,1.0,1.0,B01
201800046442,1.0,7,0,0.0,2.0,1.0,19.0,A01
201800046443,1.0,7,0,14.0,0.0,1.0,19.0,A01
201800046444,1.0,7,0,14.0,0.0,1.0,19.0,A01
201800046445,2.0,33,0,16.0,0.0,3.0,1.0,A01
201800046446,2.0,7,0,0.0,2.0,4.0,2.0,B01
201800046446,2.0,7,0,0.0,2.0,1.0,1.0,A01
201800046446,2.0,10,0,0.0,2.0,4.0,2.0,C01
201800046447,1.0,7,0,0.0,6.0,1.0,1.0,B01
201800046447,1.0,33,0,0.0,2.0,8.0,3.0,A01
201800046448,1.0,33,0,0.0,0.0,7.0,1.0,A01
201800046449,2.0,33,0,0.0,2.0,7.0,3.0,A01
201800046449,2.0,15,0,0.0,2.0,8.0,1.0,B01
201800046450,2.0,33,0,0.0,2.0,8.0,1.0,A01
201800046450,2.0,7,0,0.0,0.0,7.0,11.0,B01
201800046451,1.0,10,0,0.0,2.0,4.0,2.0,B01
201800046451,1.0,7,0,0.0,2.0,1.0,1.0,A01
201800046452,1.0,31,0,16.0,0.0,7.0,1.0,A01
201800046453,2.0,14,0,0.0,2.0,4.0,2.0,B01
201800046453,2.0,7,0,0.0,2.0,1.0,1.0,A01
201800046454,2.0,7,0,0.0,2.0,5.0,12.0,A01
201800046454,2.0,33,0,0.0,2.0,8.0,3.0,B01
201800046455,2.0,7,0,0.0,2.0,5.0,1.0,C01
201800046455,2.0,7,0,0.0,2.0,1.0,9.0,A01
201800046455,2.0,15,0,0.0,2.0,1.0,1.0,B01
201800046456,2.0,7,0,0.0,2.0,4.0,2.0,B01
201800046456,2.0,7,0,0.0,2.0,1.0,2.0,A01
201800046457,2.0,7,0,3.0,0.0,7.0,19.0,A01
201800046458,1.0,7,0,0.0,2.0,1.0,1.0,A01
201800046458,1.0,7,0,0.0,2.0,4.0,1.0,B01
201800046459,2.0,7,0,0.0,2.0,2.0,1.0,B01
201800046459,2.0,7,0,0.0,2.0,8.0,13.0,A01
201800046460,1.0,33,0,16.0,0.0,7.0,19.0,A01
201800046461,1.0,34,0,16.0,0.0,7.0,1.0,A01
201800046462,2.0,33,0,0.0,2.0,1.0,3.0,A01
201800046462,2.0,7,0,0.0,2.0,4.0,3.0,B01
201800046462,2.0,7,0,0.0,2.0,4.0,1.0,C01
201800046463,2.0,7,0,0.0,2.0,5.0,9.0,A01
201800046463,2.0,10,0,0.0,2.0,8.0,2.0,B01
201800046464,1.0,7,0,0.0,2.0,4.0,2.0,C01
201800046464,1.0,10,0,0.0,2.0,1.0,2.0,A01
201800046464,1.0,7,0,0.0,2.0,4.0,2.0,B01
201800046464,1.0,7,0,0.0,2.0,4.0,2.0,D01
201800046465,2.0,7,0,0.0,2.0,1.0,2.0,A01
201800046465,2.0,7,0,0.0,2.0,4.0,2.0,B01
201800046466,1.0,7,0,0.0,2.0,3.0,1.0,A01
201800046466,1.0,17,0,0.0,2.0,4.0,2.0,B01
201800046467,2.0,33,0,0.0,2.0,1.0,2.0,B01
201800046467,2.0,7,0,0.0,2.0,4.0,1.0,A01
201800046468,2.0,7,0,0.0,2.0,5.0,0.0,E01
201800046468,2.0,33,0,0.0,2.0,1.0,13.0,A01
201800046468,2.0,7,0,0.0,2.0,2.0,1.0,C01
201800046468,2.0,7,0,0.0,2.0,4.0,1.0,D01
201800046468,2.0,33,0,0.0,2.0,1.0,13.0,B01
201800046469,2.0,33,0,0.0,2.0,8.0,3.0,A01
201800046469,2.0,7,0,0.0,2.0,7.0,12.0,Z01
201800046470,1.0,15,0,0.0,2.0,1.0,2.0,A01
201800046470,1.0,7,0,0.0,2.0,4.0,2.0,B01
201800046471,1.0,7,0,16.0,0.0,7.0,0.0,A01
201800046472,1.0,7,0,0.0,2.0,4.0,2.0,B01
201800046472,1.0,7,0,0.0,2.0,4.0,2.0,D01
201800046472,1.0,7,0,0.0,2.0,4.0,2.0,C01
201800046472,1.0,13,0,0.0,2.0,1.0,2.0,A01
201800046473,1.0,7,0,14.0,2.0,7.0,12.0,A01
201800046473,1.0,7,0,0.0,2.0,8.0,1.0,B01
201800046474,1.0,31,0,0.0,2.0,8.0,3.0,B01
201800046474,1.0,7,0,0.0,2.0,8.0,13.0,A01
201800046475,2.0,7,0,0.0,2.0,4.0,2.0,C01
201800046475,2.0,7,0,0.0,2.0,1.0,2.0,A01
201800046475,2.0,10,0,0.0,2.0,4.0,2.0,B01
201800046476,1.0,7,0,0.0,2.0,4.0,14.0,B01
201800046476,1.0,33,0,0.0,2.0,1.0,3.0,A01
201800046477,1.0,10,0,0.0,2.0,1.0,1.0,A01
201800046477,1.0,7,0,0.0,2.0,4.0,2.0,B01
201800046477,1.0,10,0,0.0,2.0,4.0,2.0,C01
201800046478,2.0,7,0,0.0,2.0,7.0,12.0,A01
201800046478,2.0,31,0,0.0,2.0,9.0,1.0,B01
201800046479,2.0,33,0,0.0,2.0,1.0,3.0,A01
201800046479,2.0,7,0,0.0,2.0,4.0,11.0,B01
201800046480,1.0,13,0,0.0,2.0,2.0,12.0,A01
201800046480,1.0,7,0,0.0,2.0,8.0,1.0,B01
201800046481,2.0,33,0,0.0,2.0,1.0,1.0,B01
201800046481,2.0,33,0,0.0,2.0,4.0,1.0,A01
201800046482,2.0,7,0,0.0,2.0,2.0,12.0,A01
201800046482,2.0,31,0,0.0,2.0,8.0,3.0,B01
201800046482,2.0,7,0,0.0,2.0,6.0,1.0,C01
201800046483,2.0,7,0,3.0,2.0,5.0,18.0,B01
201800046483,2.0,10,0,0.0,2.0,3.0,18.0,A01
201800046484,1.0,10,0,0.0,2.0,4.0,2.0,B01
201800046484,1.0,7,0,0.0,2.0,1.0,2.0,A01
201800046484,1.0,10,0,0.0,2.0,4.0,2.0,C01
201800046485,1.0,7,0,0.0,2.0,2.0,12.0,A01
201800046485,1.0,7,0,0.0,2.0,6.0,1.0,B01
201800046486,2.0,7,0,0.0,2.0,2.0,14.0,A01
201800046486,2.0,33,0,0.0,2.0,8.0,3.0,B01
201800046487,1.0,7,0,0.0,2.0,4.0,1.0,A01
201800046487,1.0,10,0,0.0,2.0,1.0,2.0,B01
201800046488,2.0,7,0,16.0,0.0,9.0,1.0,A01
201800046489,1.0,7,0,0.0,2.0,6.0,11.0,B01
201800046489,1.0,32,0,0.0,2.0,1.0,3.0,A01
201800046490,1.0,7,0,0.0,2.0,2.0,1.0,A01
201800046490,1.0,7,0,0.0,2.0,3.0,13.0,B01
201800046491,2.0,33,0,0.0,2.0,8.0,1.0,B01
201800046491,2.0,7,0,0.0,2.0,7.0,9.0,A01
201800046492,2.0,7,0,0.0,2.0,4.0,12.0,A01
201800046492,2.0,33,0,0.0,2.0,1.0,3.0,B01
201800046493,1.0,31,0,16.0,0.0,8.0,19.0,A01
201800046494,1.0,99,0,0.0,2.0,0.0,0.0,A01
201800046494,1.0,7,0,0.0,2.0,8.0,1.0,B01
201800046495,1.0,7,0,0.0,2.0,4.0,2.0,C01
201800046495,1.0,10,0,0.0,2.0,1.0,1.0,A01
201800046495,1.0,7,0,0.0,2.0,4.0,2.0,B01
201800046495,1.0,10,0,0.0,2.0,4.0,2.0,E01
201800046495,1.0,7,0,0.0,2.0,4.0,2.0,D01
201800046496,2.0,7,0,0.0,2.0,1.0,1.0,A01
201800046496,2.0,7,0,0.0,2.0,4.0,2.0,B01
201800046497,2.0,10,0,0.0,2.0,5.0,12.0,A01
201800046497,2.0,33,0,0.0,2.0,3.0,3.0,B01
201800046498,1.0,7,0,0.0,2.0,8.0,11.0,A01
201800046498,1.0,33,0,0.0,2.0,7.0,3.0,B01
201800046499,1.0,7,0,0.0,2.0,3.0,1.0,B01
201800046499,1.0,10,0,0.0,2.0,2.0,12.0,A01
201800046499,1.0,33,0,0.0,2.0,3.0,3.0,C01
201800046500,2.0,7,0,0.0,2.0,6.0,11.0,A01
201800046500,2.0,32,0,0.0,2.0,2.0,3.0,B01
201800046501,1.0,31,0,0.0,2.0,4.0,0.0,B01
201800046501,1.0,10,0,0.0,2.0,3.0,0.0,A01
201800046502,1.0,10,0,0.0,2.0,1.0,2.0,A01
201800046502,1.0,7,0,0.0,2.0,4.0,2.0,B01
201800046502,1.0,7,0,0.0,2.0,4.0,2.0,C01
201800046502,1.0,7,0,0.0,2.0,4.0,2.0,D01
201800046503,1.0,7,0,0.0,2.0,1.0,1.0,A01
201800046503,1.0,7,0,0.0,2.0,4.0,2.0,C01
201800046503,1.0,7,0,0.0,2.0,1.0,2.0,B01
201800046504,2.0,33,0,0.0,2.0,4.0,2.0,B01
201800046504,2.0,10,0,0.0,2.0,1.0,9.0,A01
201800046505,1.0,7,0,0.0,2.0,4.0,2.0,B01
201800046505,1.0,10,0,0.0,2.0,1.0,1.0,A01
201800046506,2.0,33,0,0.0,2.0,8.0,1.0,B01
201800046506,2.0,7,0,0.0,2.0,7.0,12.0,A01
201800046506,1.0,15,0,0.0,0.0,8.0,1.0,C01
201800046507,2.0,15,0,0.0,2.0,2.0,12.0,B01
201800046507,2.0,7,0,0.0,2.0,8.0,1.0,A01
201800046508,1.0,7,0,6.0,0.0,1.0,1.0,A01
201800046509,2.0,33,0,0.0,0.0,0.0,0.0,A01
201800046510,1.0,7,0,0.0,2.0,1.0,0.0,B01
201800046510,1.0,7,0,0.0,2.0,8.0,1.0,A01
201800046510,1.0,7,0,0.0,2.0,7.0,1.0,C01
201800046511,1.0,7,0,0.0,2.0,4.0,2.0,B01
201800046511,1.0,7,0,0.0,2.0,4.0,2.0,C01
201800046511,1.0,10,0,0.0,2.0,1.0,2.0,A01
201800046512,2.0,33,0,16.0,0.0,0.0,9.0,A01
201800046513,2.0,7,0,0.0,2.0,1.0,1.0,B01
201800046513,2.0,7,0,0.0,2.0,8.0,1.0,C01
201800046513,2.0,7,0,0.0,2.0,1.0,12.0,A01
201800046513,2.0,10,0,0.0,2.0,6.0,1.0,D01
201800046514,1.0,7,0,0.0,2.0,8.0,1.0,B01
201800046514,1.0,17,0,0.0,2.0,7.0,12.0,A01
201800046515,2.0,7,0,0.0,2.0,1.0,1.0,A01
201800046515,2.0,7,0,0.0,2.0,4.0,2.0,B01
201800046515,2.0,99,0,0.0,2.0,4.0,2.0,C01
201800046516,2.0,7,0,0.0,2.0,3.0,1.0,A01
201800046516,2.0,7,0,0.0,2.0,5.0,1.0,C01
201800046516,2.0,7,0,0.0,2.0,5.0,11.0,B01
201800046517,2.0,7,0,0.0,2.0,4.0,2.0,C01
201800046517,2.0,7,0,0.0,2.0,1.0,1.0,A01
201800046517,2.0,7,0,0.0,2.0,4.0,2.0,B01
201800046518,2.0,7,0,0.0,2.0,4.0,2.0,B01
201800046518,2.0,7,0,0.0,2.0,1.0,1.0,A01
201800046519,2.0,33,0,0.0,2.0,7.0,3.0,B01
201800046519,2.0,7,0,0.0,2.0,8.0,15.0,A01
201800046520,2.0,33,0,16.0,0.0,1.0,1.0,A01
201800046521,1.0,10,0,0.0,2.0,4.0,11.0,A01
201800046521,1.0,33,0,0.0,2.0,1.0,1.0,B01
201800046522,2.0,7,0,0.0,2.0,1.0,2.0,A01
201800046522,0.0,7,0,0.0,2.0,4.0,2.0,B01
201800046522,2.0,7,0,0.0,2.0,4.0,2.0,C01
201800046523,2.0,7,0,0.0,2.0,7.0,12.0,A01
201800046523,2.0,31,0,0.0,2.0,8.0,3.0,B01
201800046524,2.0,7,0,0.0,2.0,1.0,1.0,A01
201800046524,2.0,7,0,0.0,2.0,4.0,2.0,B01
201800046525,2.0,7,0,0.0,2.0,1.0,13.0,A01
201800046525,1.0,7,0,0.0,2.0,1.0,1.0,B01
201800046526,2.0,7,0,4.0,0.0,3.0,1.0,A01
201800046527,2.0,17,0,0.0,2.0,1.0,2.0,A01
201800046527,2.0,7,0,0.0,2.0,4.0,2.0,B01
201800046527,2.0,7,0,0.0,2.0,4.0,2.0,C01
201800046527,2.0,7,0,0.0,2.0,4.0,2.0,D01
201800046528,1.0,10,0,0.0,2.0,4.0,2.0,B01
201800046528,1.0,7,0,0.0,2.0,1.0,2.0,A01
201800046528,1.0,7,0,0.0,2.0,4.0,2.0,C01
201800046529,2.0,7,0,0.0,2.0,6.0,1.0,B01
201800046529,2.0,7,0,0.0,2.0,2.0,1.0,A01
201800046530,0.0,7,0,0.0,2.0,2.0,9.0,A01
201800046530,0.0,1,0,0.0,2.0,8.0,19.0,B01
201800046531,1.0,13,0,0.0,2.0,1.0,2.0,A01
201800046531,1.0,7,0,0.0,2.0,4.0,2.0,B01
201800046532,2.0,33,0,0.0,2.0,1.0,1.0,A01
201800046532,2.0,7,0,0.0,2.0,4.0,1.0,B01
201800046533,2.0,7,0,0.0,2.0,4.0,2.0,A01
201800046533,2.0,33,0,0.0,2.0,1.0,2.0,B01
201800046533,2.0,7,0,0.0,2.0,4.0,2.0,D01
201800046533,2.0,7,0,0.0,2.0,4.0,2.0,C01
201800046534,1.0,7,0,14.0,0.0,1.0,0.0,A01
201800046535,2.0,7,0,0.0,2.0,1.0,1.0,A01
201800046535,2.0,7,0,0.0,2.0,4.0,2.0,B01
201800046536,1.0,7,0,0.0,2.0,4.0,2.0,A01
201800046536,1.0,7,0,0.0,2.0,4.0,2.0,B01
201800046536,1.0,7,0,0.0,2.0,1.0,2.0,C01
201800046537,2.0,7,0,0.0,2.0,1.0,1.0,A01
201800046537,2.0,7,0,0.0,2.0,4.0,1.0,B01
201800046538,2.0,7,0,16.0,0.0,1.0,1.0,A01
201800046539,2.0,31,0,16.0,0.0,8.0,21.0,A01
201800046540,1.0,7,0,0.0,2.0,2.0,1.0,B01
201800046540,1.0,14,0,0.0,2.0,8.0,13.0,A01
201800046541,1.0,13,0,1.0,,1.0,1.0,A01
201800046542,2.0,7,0,0.0,2.0,1.0,2.0,C01
201800046542,2.0,7,0,0.0,2.0,4.0,1.0,A01
201800046542,2.0,7,0,0.0,2.0,4.0,2.0,B01
201800046543,2.0,31,0,0.0,2.0,3.0,3.0,A01
201800046543,2.0,10,0,0.0,2.0,6.0,12.0,B01
201800046544,2.0,7,0,0.0,2.0,3.0,13.0,B01
201800046544,2.0,33,0,0.0,2.0,1.0,3.0,A01
201800046544,2.0,10,0,0.0,2.0,5.0,1.0,C01
201800046545,1.0,7,0,0.0,2.0,1.0,1.0,A01
201800046545,1.0,7,0,0.0,2.0,4.0,2.0,B01
201800046545,1.0,7,0,0.0,2.0,4.0,2.0,C01
201800046545,1.0,7,0,0.0,2.0,4.0,2.0,D01
201800046546,2.0,7,0,0.0,2.0,1.0,2.0,A01
201800046546,2.0,7,0,0.0,2.0,4.0,2.0,B01
201800046547,1.0,7,0,4.0,0.0,0.0,0.0,A01
201800046548,1.0,7,0,0.0,2.0,2.0,1.0,A01
201800046548,1.0,7,0,0.0,2.0,5.0,1.0,B01
201800046549,1.0,7,0,1.0,2.0,4.0,2.0,B01
201800046549,1.0,7,0,2.0,2.0,1.0,1.0,A01
201800046550,2.0,7,0,0.0,2.0,1.0,1.0,A01
201800046550,2.0,7,0,0.0,2.0,4.0,2.0,B01
201800046551,2.0,7,0,0.0,2.0,4.0,1.0,A01
201800046551,2.0,15,0,0.0,2.0,1.0,2.0,C01
201800046551,2.0,7,0,0.0,2.0,4.0,2.0,B01
201800046552,2.0,7,0,0.0,0.0,7.0,1.0,A01
201800046553,2.0,7,0,0.0,2.0,1.0,2.0,A01
201800046553,2.0,7,0,0.0,2.0,4.0,2.0,B01
201800046553,2.0,10,0,0.0,2.0,4.0,2.0,C01
201800046554,1.0,7,0,4.0,0.0,2.0,14.0,A01
201800046555,1.0,7,0,3.0,0.0,1.0,1.0,A01
201800046556,2.0,7,0,0.0,2.0,6.0,2.0,B01
201800046556,2.0,33,0,0.0,2.0,7.0,1.0,C01
201800046556,2.0,7,0,0.0,2.0,1.0,1.0,A01
201800046557,0.0,33,0,0.0,2.0,1.0,1.0,B01
201800046557,0.0,7,0,0.0,2.0,4.0,23.0,A01
201800046558,1.0,7,0,0.0,2.0,1.0,2.0,B01
201800046558,1.0,7,0,0.0,2.0,1.0,1.0,A01
201800046559,2.0,7,0,0.0,2.0,1.0,1.0,A01
201800046559,2.0,7,0,0.0,2.0,4.0,1.0,B01
201800046560,1.0,7,0,0.0,2.0,8.0,1.0,B01
201800046560,2.0,10,0,0.0,2.0,1.0,16.0,A01
201800046561,1.0,7,0,0.0,2.0,2.0,12.0,A01
201800046561,1.0,31,0,0.0,2.0,1.0,3.0,B01
201800046562,2.0,17,0,0.0,2.0,1.0,1.0,A01
201800046562,2.0,7,0,0.0,2.0,8.0,9.0,B01
201800046563,2.0,33,0,0.0,2.0,8.0,1.0,A01
201800046564,1.0,7,0,0.0,2.0,4.0,1.0,A01
201800046564,1.0,31,0,0.0,2.0,0.0,3.0,B01
201800046565,1.0,17,0,0.0,2.0,7.0,12.0,A01
201800046565,1.0,33,0,0.0,2.0,3.0,1.0,B01
201800046566,1.0,33,0,0.0,6.0,1.0,1.0,A01
201800046567,2.0,33,0,0.0,0.0,7.0,21.0,A01
201800046568,2.0,33,0,0.0,2.0,2.0,3.0,A01
201800046568,2.0,17,0,0.0,2.0,8.0,1.0,B01
201800046568,2.0,7,0,0.0,2.0,2.0,1.0,C01
201800046569,2.0,7,0,0.0,2.0,4.0,1.0,B01
201800046569,2.0,10,0,0.0,2.0,1.0,1.0,A01
201800046570,1.0,33,0,0.0,2.0,6.0,3.0,B01
201800046570,1.0,7,0,0.0,2.0,6.0,11.0,A01
201800046571,1.0,33,0,0.0,0.0,7.0,14.0,A01
201800046572,1.0,7,0,0.0,2.0,1.0,17.0,A01
201800046572,1.0,7,0,0.0,2.0,4.0,1.0,B01
201800046573,2.0,7,0,0.0,2.0,1.0,1.0,A01
201800046573,2.0,7,0,0.0,2.0,4.0,1.0,B01
201800046574,1.0,7,0,0.0,2.0,9.0,9.0,B01
201800046574,1.0,17,0,0.0,2.0,2.0,1.0,A01
201800046575,1.0,33,0,16.0,0.0,0.0,0.0,A01
201800046576,1.0,7,0,0.0,2.0,4.0,23.0,B01
201800046576,1.0,7,0,0.0,2.0,1.0,1.0,A01
201800046577,2.0,7,0,0.0,2.0,5.0,1.0,B01
201800046577,2.0,33,0,0.0,2.0,1.0,3.0,A01
201800046578,2.0,10,0,0.0,2.0,1.0,1.0,B01
201800046578,2.0,1,0,0.0,2.0,7.0,19.0,A01
201800046579,2.0,32,0,0.0,0.0,0.0,14.0,A01
201800046580,1.0,32,0,0.0,2.0,1.0,3.0,A01
201800046580,1.0,7,0,0.0,2.0,2.0,1.0,B01
201800046581,2.0,7,0,16.0,0.0,9.0,1.0,A01
201800046582,2.0,32,0,0.0,2.0,1.0,17.0,A01
201800046582,2.0,10,0,0.0,2.0,6.0,1.0,B01
201800046582,2.0,7,0,0.0,2.0,5.0,1.0,C01
201800046583,1.0,7,0,0.0,2.0,4.0,1.0,B01
201800046583,1.0,7,0,0.0,2.0,1.0,1.0,A01
201800046584,2.0,7,0,0.0,2.0,2.0,12.0,A01
201800046584,2.0,33,0,0.0,2.0,8.0,3.0,B01
201800046585,2.0,7,0,13.0,0.0,1.0,1.0,A01
201800046586,2.0,17,0,0.0,2.0,1.0,1.0,C01
201800046586,2.0,7,0,0.0,2.0,4.0,23.0,A01
201800046586,2.0,7,0,0.0,2.0,1.0,1.0,B01
201800046587,2.0,10,0,0.0,2.0,1.0,1.0,A01
201800046587,2.0,10,0,0.0,2.0,4.0,2.0,B01
201800046587,2.0,7,0,0.0,2.0,4.0,2.0,C01
201800046588,2.0,7,0,0.0,2.0,4.0,1.0,B01
201800046588,2.0,33,0,0.0,2.0,1.0,1.0,A01
201800046588,2.0,7,0,0.0,6.0,4.0,1.0,C01
201800046589,2.0,33,0,0.0,2.0,1.0,1.0,B01
201800046589,2.0,7,0,0.0,2.0,1.0,1.0,A01
201800046590,2.0,15,0,0.0,2.0,7.0,12.0,B01
201800046590,2.0,7,0,0.0,2.0,6.0,1.0,A01
201800046591,2.0,10,0,0.0,2.0,1.0,2.0,A01
201800046591,2.0,7,0,0.0,2.0,4.0,2.0,D01
201800046591,2.0,7,0,0.0,2.0,4.0,2.0,C01
201800046591,2.0,7,0,0.0,2.0,4.0,2.0,E01
201800046591,2.0,7,0,0.0,2.0,4.0,2.0,B01
201800046592,1.0,7,0,0.0,2.0,2.0,12.0,A01
201800046592,1.0,7,0,0.0,2.0,6.0,1.0,B01
201800046593,2.0,7,0,0.0,2.0,7.0,12.0,B01
201800046593,2.0,33,0,0.0,2.0,1.0,3.0,A01
201800046594,1.0,31,0,0.0,2.0,0.0,3.0,A01
201800046594,1.0,7,0,0.0,2.0,2.0,2.0,Z01
201800046595,1.0,7,0,3.0,0.0,8.0,0.0,A01
201800046596,1.0,33,0,0.0,2.0,1.0,3.0,A01
201800046596,1.0,7,0,0.0,2.0,4.0,12.0,B01
201800046597,1.0,7,0,0.0,2.0,4.0,2.0,B01
201800046597,1.0,7,0,0.0,2.0,4.0,2.0,C01
201800046597,1.0,7,0,0.0,2.0,1.0,2.0,A01
201800046598,2.0,7,0,0.0,2.0,6.0,11.0,A01
201800046598,2.0,33,0,0.0,2.0,1.0,3.0,B01
201800046599,2.0,7,0,0.0,2.0,4.0,1.0,A01
201800046599,2.0,17,0,0.0,2.0,1.0,1.0,B01
201800046600,2.0,33,0,0.0,0.0,7.0,1.0,A01
201800046601,1.0,34,0,0.0,2.0,1.0,3.0,B01
201800046601,1.0,7,0,0.0,2.0,2.0,12.0,A01
201800046602,2.0,10,0,0.0,2.0,1.0,1.0,Z01
201800046602,2.0,33,0,0.0,2.0,4.0,1.0,A01
201800046603,1.0,7,0,0.0,2.0,7.0,12.0,A01
201800046603,1.0,7,0,0.0,2.0,8.0,11.0,B01
201800046604,2.0,33,0,4.0,0.0,2.0,1.0,A01
201800046605,1.0,33,0,3.0,0.0,0.0,0.0,A01
201800046606,2.0,31,0,0.0,2.0,1.0,3.0,B01
201800046606,2.0,7,0,0.0,2.0,2.0,12.0,A01
201800046607,2.0,7,0,0.0,2.0,1.0,13.0,A01
201800046607,1.0,33,0,0.0,2.0,1.0,1.0,B01
201800046608,1.0,7,0,0.0,2.0,1.0,1.0,A01
201800046608,1.0,7,0,0.0,2.0,4.0,1.0,B01
201800046609,1.0,7,0,0.0,2.0,3.0,1.0,A01
201800046609,1.0,7,0,0.0,2.0,1.0,1.0,B01