Num_Acc,senc,catv,occutc,obs,obsm,choc,manv,num_veh
201800046610,1.0,7,0,0.0,2.0,1.0,13.0,A01
201800046610,1.0,7,0,0.0,2.0,5.0,1.0,B01
201800046611,2.0,7,0,0.0,2.0,2.0,12.0,A01
201800046611,2.0,33,0,0.0,2.0,8.0,1.0,B01
201800046612,2.0,33,0,0.0,2.0,7.0,1.0,B01
201800046612,2.0,7,0,0.0,2.0,8.0,17.0,A01
201800046613,2.0,7,0,0.0,2.0,6.0,11.0,A01
201800046613,2.0,33,0,0.0,2.0,1.0,3.0,B01
201800046614,2.0,7,0,0.0,2.0,6.0,11.0,B01
201800046614,2.0,33,0,0.0,2.0,1.0,3.0,A01
201800046615,2.0,34,0,0.0,2.0,7.0,17.0,A01
201800046615,2.0,10,0,0.0,2.0,3.0,11.0,B01
201800046615,2.0,7,0,0.0,2.0,4.0,1.0,C01
201800046616,2.0,33,0,0.0,2.0,8.0,3.0,B01
201800046616,2.0,7,0,0.0,2.0,7.0,12.0,A01
201800046617,1.0,7,0,5.0,0.0,1.0,1.0,A01
201800046618,2.0,7,0,0.0,2.0,1.0,1.0,A01
201800046618,2.0,7,0,0.0,2.0,4.0,2.0,D01
201800046618,2.0,10,0,0.0,2.0,4.0,2.0,B01
201800046618,2.0,10,0,0.0,2.0,4.0,2.0,C01
201800046619,2.0,7,0,0.0,6.0,8.0,13.0,A01
201800046619,2.0,7,0,4.0,2.0,9.0,1.0,B01
201800046620,1.0,10,0,0.0,2.0,1.0,1.0,A01
201800046620,1.0,7,0,0.0,2.0,4.0,2.0,B01
201800046621,2.0,7,0,6.0,0.0,1.0,11.0,A01
201800046622,2.0,7,0,0.0,2.0,1.0,2.0,C01
201800046622,2.0,15,0,0.0,2.0,2.0,1.0,B01
201800046622,2.0,7,0,0.0,2.0,4.0,2.0,D01
201800046622,2.0,10,0,0.0,2.0,6.0,11.0,A01
201800046623,1.0,10,0,0.0,2.0,4.0,2.0,B01
201800046623,1.0,10,0,0.0,2.0,4.0,2.0,C01
201800046623,1.0,10,0,0.0,2.0,1.0,1.0,A01
201800046624,2.0,7,0,0.0,2.0,4.0,2.0,B01
201800046624,2.0,7,0,0.0,2.0,1.0,2.0,A01
201800046625,1.0,7,0,0.0,2.0,6.0,11.0,A01
201800046625,1.0,7,0,0.0,2.0,3.0,1.0,B01
201800046626,2.0,10,0,0.0,2.0,4.0,2.0,C01
201800046626,2.0,7,0,0.0,2.0,4.0,2.0,D01
201800046626,2.0,7,0,0.0,2.0,4.0,2.0,B01
201800046626,2.0,7,0,0.0,2.0,1.0,2.0,A01
201800046627,2.0,7,0,0.0,2.0,5.0,12.0,B01
201800046627,2.0,33,0,0.0,2.0,1.0,3.0,A01
201800046628,2.0,7,0,0.0,2.0,1.0,1.0,A01
201800046628,2.0,7,0,0.0,2.0,4.0,1.0,B01
201800046629,0.0,7,0,6.0,0.0,1.0,1.0,A01
201800046630,1.0,7,0,0.0,2.0,4.0,1.0,A01
201800046630,1.0,14,0,0.0,2.0,1.0,2.0,B01
201800046631,2.0,33,0,0.0,0.0,3.0,11.0,A01
201800046632,2.0,7,0,0.0,2.0,4.0,2.0,B01
201800046632,2.0,33,0,0.0,2.0,1.0,1.0,A01
201800046633,2.0,10,0,0.0,2.0,5.0,12.0,A01
201800046633,2.0,34,0,0.0,2.0,6.0,3.0,B01
201800046634,1.0,33,0,16.0,0.0,7.0,0.0,A01
201800046635,1.0,7,0,0.0,2.0,4.0,1.0,B01
201800046635,1.0,33,0,0.0,2.0,1.0,1.0,A01
201800046636,1.0,33,0,0.0,2.0,1.0,3.0,C01
201800046636,1.0,7,0,0.0,2.0,3.0,1.0,B01
201800046636,1.0,7,0,0.0,2.0,6.0,1.0,A01
201800046637,1.0,7,0,0.0,2.0,1.0,2.0,A01
201800046637,1.0,7,0,0.0,2.0,4.0,2.0,B01
201800046637,1.0,15,0,0.0,2.0,6.0,2.0,C01
201800046638,2.0,7,0,0.0,2.0,9.0,0.0,A01
201800046639,1.0,7,0,0.0,2.0,4.0,1.0,A01
201800046639,1.0,10,0,0.0,2.0,1.0,1.0,C01
201800046639,1.0,7,0,4.0,2.0,4.0,1.0,B01
201800046640,1.0,7,0,0.0,2.0,4.0,1.0,B01
201800046640,1.0,10,0,0.0,2.0,1.0,1.0,A01
201800046641,1.0,10,0,0.0,2.0,1.0,2.0,A01
201800046641,1.0,7,0,0.0,2.0,4.0,2.0,C01
201800046641,1.0,7,0,0.0,2.0,4.0,2.0,B01
201800046642,1.0,7,0,0.0,2.0,4.0,2.0,B01
201800046642,1.0,7,0,0.0,2.0,1.0,1.0,A01
201800046642,1.0,7,0,0.0,2.0,4.0,2.0,C01
201800046643,2.0,32,0,0.0,2.0,6.0,1.0,A01
201800046643,2.0,7,0,0.0,2.0,2.0,2.0,Z01
201800046644,1.0,7,0,0.0,0.0,9.0,0.0,A01
201800046645,1.0,7,0,14.0,0.0,1.0,1.0,C01
201800046645,1.0,7,0,14.0,0.0,1.0,1.0,B01
201800046645,1.0,20,0,14.0,2.0,4.0,4.0,A01
201800046645,1.0,10,0,14.0,0.0,1.0,2.0,D01
201800046645,1.0,14,0,0.0,2.0,1.0,1.0,E01
201800046646,2.0,33,0,0.0,2.0,1.0,3.0,B01
201800046646,2.0,7,0,0.0,2.0,5.0,14.0,A01
201800046646,2.0,14,0,0.0,2.0,6.0,13.0,C01
201800046647,2.0,38,1,0.0,2.0,2.0,1.0,A01
201800046647,2.0,7,0,0.0,2.0,4.0,2.0,C01
201800046647,2.0,7,0,0.0,2.0,4.0,2.0,D01
201800046647,2.0,10,0,0.0,2.0,4.0,2.0,B01
201800046648,2.0,31,0,0.0,2.0,7.0,11.0,B01
201800046648,2.0,10,0,0.0,2.0,6.0,1.0,A01
201800046649,2.0,31,0,0.0,2.0,7.0,1.0,A01
201800046649,2.0,10,0,0.0,2.0,8.0,11.0,B01
201800046650,2.0,31,0,0.0,2.0,8.0,1.0,B01
201800046650,2.0,7,0,0.0,2.0,6.0,11.0,A01
201800046651,1.0,7,0,14.0,0.0,3.0,1.0,A01
201800046652,2.0,10,0,0.0,2.0,1.0,1.0,A01
201800046652,2.0,10,0,0.0,2.0,4.0,2.0,B01
201800046652,2.0,7,0,0.0,2.0,4.0,2.0,C01
201800046652,2.0,7,0,0.0,2.0,1.0,2.0,D01
201800046653,1.0,33,0,0.0,2.0,7.0,3.0,A01
201800046653,1.0,7,0,0.0,2.0,8.0,13.0,C01
201800046653,1.0,7,0,0.0,2.0,6.0,1.0,B01
201800046654,2.0,7,0,0.0,2.0,4.0,1.0,A01
201800046654,2.0,7,0,0.0,2.0,1.0,2.0,C01
201800046654,2.0,7,0,0.0,2.0,4.0,2.0,B01
201800046655,2.0,7,0,0.0,2.0,5.0,12.0,Z01
201800046655,2.0,33,0,0.0,2.0,1.0,3.0,A01
201800046656,1.0,10,0,0.0,2.0,2.0,2.0,A01
201800046656,1.0,7,0,0.0,2.0,4.0,2.0,B01
201800046656,1.0,7,0,0.0,2.0,4.0,2.0,C01
201800046657,2.0,7,0,0.0,2.0,3.0,1.0,B01
201800046657,2.0,16,0,0.0,2.0,2.0,1.0,A01
201800046658,1.0,7,0,0.0,2.0,4.0,2.0,C01
201800046658,1.0,7,0,0.0,2.0,1.0,2.0,B01
201800046658,1.0,10,0,0.0,2.0,3.0,1.0,A01
201800046659,1.0,7,0,3.0,0.0,0.0,0.0,A01
201800046660,2.0,7,0,0.0,2.0,5.0,12.0,A01
201800046660,1.0,7,0,0.0,2.0,1.0,3.0,B01
201800046661,2.0,31,0,0.0,2.0,7.0,12.0,B01
201800046661,2.0,7,0,0.0,2.0,3.0,11.0,A01
201800046662,2.0,7,0,0.0,2.0,4.0,2.0,B01
201800046662,2.0,7,0,0.0,2.0,4.0,2.0,C01
201800046662,2.0,7,0,0.0,2.0,1.0,1.0,A01
201800046662,2.0,7,0,0.0,2.0,4.0,2.0,D01
201800046663,1.0,33,0,0.0,2.0,1.0,3.0,B01
201800046663,1.0,7,0,0.0,2.0,6.0,11.0,A01
201800046664,1.0,7,0,0.0,2.0,6.0,1.0,C01
201800046664,1.0,7,0,0.0,2.0,2.0,12.0,A01
201800046664,1.0,7,0,0.0,2.0,8.0,11.0,B01
201800046665,1.0,7,0,0.0,2.0,6.0,11.0,B01
201800046665,1.0,33,0,0.0,2.0,1.0,1.0,A01
201800046666,1.0,34,0,0.0,2.0,1.0,3.0,B01
201800046666,1.0,10,0,0.0,2.0,6.0,12.0,A01
201800046667,1.0,7,0,0.0,2.0,8.0,1.0,A01
201800046667,1.0,14,0,0.0,2.0,1.0,12.0,B01
201800046668,2.0,7,0,0.0,2.0,4.0,1.0,B01
201800046668,2.0,10,0,0.0,2.0,1.0,1.0,A01
201800046669,2.0,7,0,0.0,2.0,1.0,14.0,A01
201800046669,2.0,7,0,0.0,2.0,1.0,1.0,B01
201800046670,1.0,33,0,0.0,0.0,0.0,3.0,A01
201800046671,2.0,33,0,0.0,2.0,2.0,3.0,B01
201800046671,2.0,7,0,0.0,2.0,6.0,11.0,A01
201800046672,1.0,7,0,0.0,2.0,1.0,2.0,A01
201800046672,1.0,7,0,0.0,2.0,4.0,2.0,B01
201800046672,1.0,7,0,0.0,2.0,4.0,2.0,C01
201800046673,2.0,34,0,0.0,2.0,8.0,3.0,B01
201800046673,2.0,7,0,0.0,2.0,2.0,12.0,A01
201800046674,2.0,34,0,0.0,0.0,8.0,3.0,B01
201800046675,2.0,7,0,0.0,2.0,6.0,12.0,A01
201800046675,2.0,31,0,0.0,2.0,1.0,3.0,B01
201800046675,2.0,7,0,0.0,2.0,5.0,1.0,C01
201800046676,1.0,15,0,0.0,2.0,3.0,1.0,A01
201800046676,1.0,7,0,0.0,2.0,4.0,2.0,C01
201800046676,1.0,7,0,0.0,2.0,5.0,2.0,B01
201800046677,2.0,7,0,0.0,2.0,7.0,12.0,A01
201800046677,2.0,34,0,0.0,2.0,8.0,3.0,B01
201800046678,2.0,7,0,0.0,2.0,4.0,2.0,B01
201800046678,2.0,7,0,0.0,2.0,1.0,1.0,A01
201800046679,2.0,7,0,0.0,5.0,1.0,1.0,A01
201800046680,2.0,33,0,0.0,2.0,3.0,3.0,B01
201800046680,2.0,7,0,0.0,2.0,5.0,12.0,A01
201800046681,1.0,7,0,0.0,2.0,4.0,2.0,C01
201800046681,1.0,7,0,0.0,2.0,1.0,1.0,A01
201800046681,1.0,7,0,0.0,2.0,4.0,2.0,B01
201800046682,2.0,7,0,0.0,2.0,1.0,1.0,A01
201800046682,2.0,7,0,0.0,2.0,4.0,2.0,C01
201800046682,2.0,10,0,0.0,2.0,4.0,2.0,B01
201800046683,1.0,7,0,0.0,2.0,4.0,2.0,B01
201800046683,1.0,7,0,0.0,2.0,4.0,2.0,C01
201800046683,1.0,7,0,0.0,2.0,1.0,2.0,A01
201800046684,1.0,7,0,0.0,2.0,4.0,1.0,B01
201800046684,1.0,7,0,0.0,2.0,1.0,1.0,A01
201800046685,1.0,7,0,0.0,2.0,1.0,12.0,A01
201800046685,1.0,34,0,0.0,2.0,8.0,3.0,B01
201800046686,2.0,7,0,0.0,2.0,4.0,2.0,B01
201800046686,2.0,7,0,0.0,2.0,1.0,1.0,A01
201800046687,2.0,33,0,0.0,2.0,9.0,17.0,C01
201800046687,2.0,7,0,0.0,2.0,4.0,1.0,B01
201800046687,2.0,10,0,0.0,2.0,8.0,13.0,A01
201800046688,2.0,7,0,0.0,2.0,6.0,1.0,C01
201800046688,2.0,33,0,0.0,2.0,1.0,3.0,A01
201800046688,2.0,7,0,0.0,2.0,8.0,11.0,B01
201800046689,1.0,7,0,0.0,2.0,4.0,2.0,D01
201800046689,1.0,7,0,0.0,2.0,4.0,2.0,E01
201800046689,1.0,7,0,0.0,2.0,4.0,2.0,B01
201800046689,1.0,7,0,0.0,2.0,4.0,2.0,C01
201800046689,1.0,14,0,0.0,2.0,1.0,1.0,A01
201800046690,1.0,7,0,0.0,2.0,2.0,9.0,A01
201800046690,1.0,7,0,0.0,2.0,2.0,9.0,B01
201800046691,1.0,33,0,0.0,2.0,8.0,3.0,A01
201800046691,1.0,7,0,0.0,2.0,7.0,12.0,B01
201800046692,2.0,33,0,0.0,2.0,3.0,3.0,B01
201800046692,2.0,7,0,0.0,2.0,2.0,12.0,A01
201800046693,1.0,7,0,0.0,2.0,1.0,1.0,A01
201800046693,1.0,7,0,0.0,2.0,4.0,2.0,B01
201800046694,1.0,7,0,0.0,2.0,1.0,2.0,A01
201800046694,1.0,7,0,0.0,2.0,4.0,2.0,C01
201800046694,1.0,7,0,0.0,2.0,4.0,2.0,B01
201800046695,2.0,33,0,1.0,2.0,1.0,1.0,A01
201800046695,2.0,7,0,0.0,2.0,4.0,1.0,B01
201800046696,2.0,33,0,0.0,0.0,9.0,21.0,A01
201800046697,2.0,33,0,0.0,2.0,6.0,3.0,B01
201800046697,2.0,7,0,0.0,2.0,7.0,12.0,A01
201800046698,2.0,33,0,0.0,2.0,7.0,3.0,B01
201800046698,2.0,7,0,0.0,2.0,4.0,1.0,C01
201800046698,2.0,7,0,0.0,2.0,8.0,11.0,A01
201800046699,2.0,15,0,0.0,2.0,4.0,2.0,B01
201800046699,2.0,14,0,0.0,2.0,1.0,1.0,A01
201800046700,2.0,10,0,0.0,2.0,8.0,1.0,A01
201800046700,2.0,33,0,0.0,2.0,1.0,1.0,B01
201800046701,1.0,7,0,0.0,2.0,4.0,2.0,B01
201800046701,1.0,15,0,0.0,2.0,1.0,1.0,A01
201800046701,1.0,7,0,0.0,2.0,4.0,2.0,C01
201800046702,1.0,10,0,0.0,2.0,4.0,1.0,B01
201800046702,1.0,7,0,0.0,2.0,1.0,1.0,A01
201800046703,1.0,7,0,0.0,2.0,4.0,1.0,B01
201800046703,1.0,33,0,0.0,2.0,1.0,1.0,A01
201800046704,2.0,7,0,0.0,2.0,1.0,1.0,A01
201800046704,2.0,7,0,0.0,2.0,4.0,2.0,B01
201800046704,2.0,7,0,0.0,2.0,4.0,2.0,C01
201800046705,1.0,34,0,0.0,2.0,1.0,1.0,A01
201800046705,1.0,10,0,0.0,2.0,4.0,2.0,B01
201800046706,2.0,7,0,0.0,2.0,5.0,1.0,C01
201800046706,2.0,7,0,0.0,2.0,8.0,11.0,A01
201800046706,2.0,33,0,0.0,2.0,1.0,3.0,B01
201800046706,2.0,34,0,0.0,2.0,4.0,1.0,D01
201800046707,2.0,7,0,0.0,2.0,7.0,13.0,A01
201800046707,2.0,7,0,0.0,2.0,1.0,1.0,B01
201800046708,1.0,10,0,0.0,2.0,1.0,2.0,Z01
201800046708,1.0,7,0,0.0,2.0,4.0,2.0,C01
201800046708,1.0,7,0,0.0,2.0,4.0,1.0,A01
201800046708,1.0,7,0,0.0,2.0,4.0,2.0,B01
201800046709,1.0,7,0,0.0,2.0,4.0,9.0,A01
201800046709,1.0,31,0,0.0,2.0,1.0,1.0,B01
201800046710,1.0,7,0,0.0,2.0,2.0,1.0,B01
201800046710,1.0,7,0,0.0,2.0,2.0,5.0,A01
201800046711,2.0,33,0,0.0,2.0,1.0,3.0,B01
201800046711,2.0,7,0,0.0,2.0,4.0,14.0,A01
201800046712,1.0,7,0,0.0,2.0,4.0,2.0,B01
201800046712,1.0,7,0,0.0,2.0,4.0,2.0,C01
201800046712,1.0,7,0,0.0,2.0,1.0,2.0,A01
201800046713,1.0,33,0,0.0,2.0,6.0,1.0,B01
201800046713,1.0,7,0,0.0,2.0,2.0,14.0,A01
201800046714,2.0,7,0,0.0,2.0,4.0,1.0,B01
201800046714,2.0,7,0,0.0,2.0,1.0,1.0,A01
201800046715,1.0,7,0,0.0,2.0,1.0,2.0,B01
201800046715,1.0,7,0,0.0,2.0,1.0,2.0,C01
201800046715,1.0,7,0,0.0,2.0,1.0,1.0,A01
201800046715,1.0,7,0,0.0,2.0,1.0,2.0,D01
201800046715,1.0,7,0,0.0,2.0,4.0,2.0,E01
201800046716,2.0,7,0,0.0,2.0,4.0,2.0,C01
201800046716,2.0,7,0,0.0,2.0,4.0,2.0,B01
201800046716,2.0,10,0,0.0,2.0,1.0,1.0,A01
201800046717,2.0,7,0,0.0,2.0,4.0,2.0,B01
201800046717,2.0,7,0,0.0,2.0,1.0,1.0,A01
201800046718,1.0,31,0,0.0,2.0,7.0,3.0,B01
201800046718,1.0,7,0,0.0,2.0,8.0,13.0,A01
201800046719,2.0,7,0,0.0,2.0,1.0,1.0,A01
201800046719,2.0,7,0,0.0,2.0,4.0,2.0,B01
201800046720,2.0,20,0,4.0,0.0,9.0,1.0,A01
201800046721,2.0,7,0,0.0,2.0,6.0,1.0,B01
201800046721,2.0,7,0,0.0,2.0,5.0,2.0,C01
201800046721,2.0,33,0,0.0,2.0,1.0,3.0,A01
201800046722,1.0,7,0,0.0,2.0,6.0,1.0,C01
201800046722,1.0,7,0,0.0,2.0,7.0,12.0,A01
201800046722,1.0,33,0,0.0,2.0,8.0,1.0,B01
201800046723,1.0,15,0,0.0,2.0,1.0,1.0,A01
201800046723,1.0,7,0,0.0,2.0,4.0,2.0,B01
201800046724,1.0,7,0,0.0,2.0,9.0,1.0,B01
201800046724,1.0,15,0,0.0,2.0,8.0,1.0,A01
201800046725,1.0,10,0,0.0,2.0,4.0,1.0,C01
201800046725,1.0,10,0,0.0,2.0,1.0,1.0,A01
201800046725,1.0,10,0,0.0,2.0,6.0,15.0,B01
201800046726,2.0,7,0,0.0,2.0,4.0,12.0,B01
201800046726,2.0,34,0,0.0,2.0,1.0,3.0,A01
201800046727,1.0,10,0,0.0,2.0,5.0,12.0,A01
201800046727,1.0,31,0,0.0,2.0,3.0,3.0,B01
201800046728,0.0,7,0,0.0,2.0,2.0,1.0,A01
201800046728,0.0,7,0,0.0,2.0,1.0,1.0,B01
201800046729,1.0,7,0,0.0,2.0,1.0,1.0,A01
201800046729,1.0,31,0,0.0,2.0,4.0,2.0,B01
201800046730,2.0,7,0,0.0,2.0,4.0,2.0,B01
201800046730,2.0,7,0,0.0,2.0,4.0,2.0,C01
201800046730,2.0,7,0,0.0,2.0,4.0,2.0,D01
201800046730,2.0,10,0,0.0,2.0,1.0,2.0,A01
201800046731,1.0,14,0,0.0,2.0,2.0,12.0,Z01
201800046731,1.0,7,0,0.0,2.0,8.0,1.0,B01
201800046731,1.0,7,0,0.0,2.0,1.0,1.0,C01
201800046732,2.0,7,0,1.0,0.0,1.0,1.0,A01
201800046733,2.0,10,0,0.0,2.0,4.0,1.0,B01
201800046733,2.0,34,0,0.0,2.0,1.0,13.0,A01
201800046734,1.0,7,0,0.0,2.0,8.0,13.0,A01
201800046734,1.0,31,0,0.0,2.0,7.0,1.0,B01
201800046735,2.0,32,0,0.0,2.0,0.0,1.0,A01
201800046736,2.0,7,0,0.0,2.0,1.0,1.0,A01
201800046736,2.0,7,0,0.0,2.0,4.0,2.0,B01
201800046736,2.0,7,0,0.0,2.0,4.0,2.0,C01
201800046737,2.0,7,0,0.0,2.0,1.0,1.0,B01
201800046737,2.0,7,0,0.0,2.0,3.0,1.0,A01
201800046738,1.0,10,0,0.0,2.0,4.0,2.0,B01
201800046738,1.0,7,0,0.0,2.0,1.0,1.0,A01
201800046739,2.0,33,0,0.0,2.0,7.0,1.0,B01
201800046739,2.0,7,0,0.0,2.0,3.0,11.0,A01
201800046740,2.0,7,0,0.0,2.0,4.0,2.0,C01
201800046740,2.0,10,0,0.0,2.0,1.0,2.0,A01
201800046740,2.0,10,0,0.0,2.0,4.0,2.0,B01
201800046740,2.0,7,0,0.0,2.0,4.0,2.0,D01
201800046741,1.0,7,0,0.0,2.0,8.0,11.0,B01
201800046741,1.0,32,0,0.0,2.0,7.0,3.0,A01
201800046742,1.0,7,0,16.0,0.0,9.0,0.0,A01
201800046743,2.0,10,0,0.0,2.0,1.0,2.0,C01
201800046743,2.0,7,0,0.0,2.0,4.0,23.0,A01
201800046743,0.0,7,0,0.0,2.0,1.0,2.0,B01
201800046744,0.0,7,0,0.0,0.0,0.0,0.0,Z01
201800046744,1.0,33,0,0.0,2.0,7.0,12.0,A01
201800046745,2.0,10,0,0.0,2.0,1.0,2.0,A01
201800046745,2.0,7,0,0.0,2.0,4.0,2.0,C01
201800046745,2.0,7,0,0.0,2.0,4.0,2.0,B01
201800046746,1.0,7,0,0.0,2.0,4.0,2.0,B01
201800046746,1.0,7,0,0.0,2.0,1.0,1.0,A01
201800046747,1.0,7,0,0.0,2.0,1.0,1.0,B01
201800046747,1.0,7,0,0.0,2.0,1.0,1.0,A01
201800046748,1.0,7,0,0.0,2.0,1.0,1.0,A01
201800046748,1.0,7,0,0.0,2.0,4.0,2.0,B01
201800046749,2.0,7,0,0.0,2.0,4.0,2.0,C01
201800046749,2.0,7,0,0.0,2.0,1.0,2.0,A01
201800046749,2.0,7,0,0.0,2.0,4.0,2.0,B01
201800046749,2.0,7,0,0.0,2.0,4.0,2.0,D01
201800046750,2.0,7,0,3.0,0.0,1.0,1.0,A01
201800046751,2.0,7,0,0.0,2.0,4.0,2.0,C01
201800046751,2.0,7,0,0.0,2.0,8.0,11.0,A01
201800046751,2.0,7,0,0.0,2.0,1.0,2.0,B01
201800046752,2.0,7,0,0.0,2.0,4.0,1.0,E01
201800046752,2.0,7,0,0.0,2.0,8.0,1.0,C01
201800046752,2.0,7,0,0.0,2.0,6.0,1.0,D01
201800046752,2.0,10,0,0.0,2.0,3.0,11.0,A01
201800046752,2.0,7,0,0.0,2.0,2.0,1.0,B01
201800046753,1.0,7,0,0.0,2.0,3.0,1.0,B01
201800046753,1.0,7,0,0.0,2.0,8.0,13.0,A01
201800046754,2.0,7,0,0.0,2.0,3.0,14.0,Z01
201800046754,2.0,31,0,0.0,2.0,7.0,1.0,A01
201800046755,1.0,33,0,0.0,2.0,9.0,0.0,A01
201800046756,1.0,7,0,6.0,0.0,3.0,0.0,A01
201800046757,2.0,33,0,0.0,2.0,5.0,0.0,A01
201800046758,2.0,7,0,0.0,2.0,3.0,11.0,A01
201800046758,2.0,31,0,0.0,2.0,2.0,3.0,B01
201800046759,1.0,33,0,0.0,0.0,1.0,12.0,A01
201800046760,2.0,33,0,0.0,2.0,8.0,1.0,B01
201800046760,2.0,7,0,0.0,2.0,7.0,12.0,A01
201800046761,2.0,10,0,0.0,2.0,1.0,1.0,A01
201800046761,2.0,7,0,0.0,2.0,4.0,2.0,C01
201800046761,2.0,7,0,0.0,2.0,4.0,2.0,B01
201800046762,2.0,7,0,0.0,2.0,1.0,1.0,B01
201800046762,2.0,10,0,4.0,2.0,1.0,19.0,A01
201800046763,1.0,7,0,0.0,2.0,1.0,1.0,B01
201800046763,1.0,7,0,0.0,2.0,4.0,0.0,A01
201800046764,2.0,31,0,0.0,0.0,7.0,1.0,A01
201800046765,2.0,33,0,0.0,2.0,1.0,3.0,A01
201800046765,2.0,7,0,0.0,2.0,7.0,1.0,B01
201800046766,2.0,7,0,0.0,2.0,7.0,12.0,A01
201800046766,2.0,7,0,0.0,2.0,8.0,3.0,B01
201800046766,2.0,7,0,0.0,2.0,3.0,1.0,C01
201800046767,1.0,13,0,0.0,2.0,4.0,2.0,C01
201800046767,1.0,10,0,0.0,2.0,4.0,2.0,E01
201800046767,1.0,15,0,0.0,2.0,1.0,1.0,A01
201800046767,1.0,7,0,0.0,2.0,4.0,2.0,D01
201800046767,1.0,7,0,0.0,2.0,4.0,2.0,B01
201800046768,2.0,31,0,16.0,0.0,7.0,0.0,A01
201800046769,2.0,32,0,0.0,2.0,2.0,17.0,A01
201800046769,2.0,7,0,0.0,2.0,1.0,3.0,C01
201800046769,2.0,7,0,0.0,2.0,6.0,1.0,D01
201800046769,2.0,7,0,0.0,2.0,5.0,1.0,B01
201800046770,2.0,7,0,4.0,0.0,1.0,1.0,A01
201800046771,2.0,7,0,0.0,2.0,6.0,11.0,A01
201800046771,2.0,7,0,0.0,2.0,3.0,1.0,B01
201800046771,2.0,14,0,0.0,2.0,2.0,1.0,D01
201800046771,2.0,7,0,0.0,2.0,5.0,1.0,C01
201800046772,2.0,7,0,0.0,2.0,8.0,11.0,A01
201800046772,2.0,33,0,0.0,2.0,7.0,1.0,B01
201800046773,2.0,7,0,0.0,2.0,7.0,12.0,A01
201800046773,2.0,33,0,0.0,2.0,8.0,3.0,B01
201800046774,1.0,7,0,0.0,2.0,6.0,13.0,A01
201800046774,1.0,15,0,0.0,2.0,2.0,1.0,B01
201800046775,2.0,7,0,0.0,2.0,4.0,2.0,C01
201800046775,2.0,7,0,0.0,2.0,4.0,2.0,B01
201800046775,2.0,7,0,0.0,2.0,1.0,1.0,A01
201800046776,2.0,31,0,0.0,2.0,8.0,3.0,B01
201800046776,2.0,7,0,0.0,2.0,7.0,12.0,A01
201800046777,1.0,31,0,0.0,0.0,1.0,1.0,A01
201800046778,1.0,7,0,4.0,0.0,9.0,1.0,A01
201800046779,1.0,7,0,0.0,2.0,4.0,23.0,B01
201800046779,1.0,7,0,0.0,2.0,1.0,1.0,A01
201800046779,1.0,7,0,0.0,2.0,4.0,2.0,C01
201800046780,2.0,99,0,0.0,2.0,1.0,1.0,B01
201800046780,2.0,15,0,0.0,2.0,4.0,1.0,A01
201800046781,1.0,33,0,0.0,2.0,1.0,1.0,A01
201800046781,1.0,7,0,0.0,2.0,4.0,1.0,B01
201800046782,1.0,7,0,14.0,0.0,8.0,13.0,A01
201800046783,2.0,7,0,0.0,2.0,4.0,1.0,C01
201800046783,2.0,7,0,0.0,2.0,3.0,11.0,A01
201800046783,2.0,34,0,0.0,2.0,1.0,3.0,B01
201800046784,2.0,7,0,0.0,2.0,4.0,1.0,B01
201800046784,2.0,31,0,0.0,2.0,1.0,1.0,A01
201800046785,1.0,7,0,3.0,0.0,1.0,1.0,A01
201800046786,1.0,33,0,0.0,2.0,1.0,2.0,A01
201800046787,1.0,33,0,0.0,2.0,1.0,1.0,A01
201800046788,1.0,7,0,0.0,2.0,6.0,1.0,B01
201800046788,1.0,7,0,0.0,2.0,2.0,12.0,A01
201800046789,1.0,33,0,0.0,2.0,1.0,3.0,A01
201800046789,1.0,7,0,0.0,2.0,5.0,1.0,B01
201800046790,2.0,7,0,0.0,2.0,5.0,12.0,A01
201800046790,2.0,31,0,0.0,2.0,1.0,3.0,B01
201800046791,1.0,34,0,0.0,2.0,1.0,1.0,A01
201800046791,1.0,10,0,0.0,2.0,6.0,1.0,B01
201800046792,2.0,7,0,0.0,0.0,1.0,13.0,A01
201800046793,1.0,7,0,0.0,2.0,4.0,4.0,B01
201800046793,1.0,10,0,0.0,2.0,1.0,1.0,A01
201800046794,2.0,7,0,1.0,2.0,1.0,1.0,Z01
201800046794,2.0,7,0,0.0,2.0,4.0,23.0,A01
201800046795,2.0,34,0,0.0,2.0,8.0,1.0,B01
201800046795,2.0,7,0,0.0,2.0,5.0,12.0,A01
201800046796,2.0,7,0,0.0,2.0,4.0,12.0,B01
201800046796,2.0,17,0,0.0,2.0,1.0,1.0,A01
201800046797,2.0,7,0,16.0,0.0,1.0,1.0,A01
201800046798,2.0,15,0,1.0,0.0,5.0,14.0,A01
201800046798,2.0,15,0,0.0,2.0,6.0,23.0,B01
201800046799,2.0,33,0,0.0,2.0,3.0,3.0,A01
201800046799,2.0,7,0,0.0,2.0,5.0,1.0,B01
201800046800,0.0,7,0,16.0,0.0,8.0,1.0,A01
201800046801,1.0,34,0,1.0,0.0,1.0,1.0,B01
201800046801,1.0,7,0,0.0,2.0,4.0,24.0,A01
201800046802,2.0,7,0,0.0,2.0,6.0,1.0,B01
201800046802,2.0,7,0,0.0,2.0,3.0,12.0,A01
201800046803,2.0,33,0,0.0,2.0,1.0,1.0,A01
201800046803,2.0,7,0,0.0,2.0,0.0,11.0,B01
201800046804,1.0,7,0,0.0,2.0,1.0,1.0,A01