Num_Acc,senc,catv,occutc,obs,obsm,choc,manv,num_veh
201800047004,2.0,7,0,0.0,2.0,4.0,1.0,A01
201800047005,1.0,7,0,0.0,2.0,4.0,2.0,C01
201800047005,1.0,7,0,0.0,2.0,4.0,2.0,B01
201800047005,1.0,7,0,0.0,2.0,4.0,2.0,D01
201800047005,1.0,7,0,0.0,2.0,1.0,2.0,A01
201800047006,2.0,15,0,0.0,2.0,1.0,1.0,A01
201800047006,2.0,7,0,0.0,2.0,4.0,2.0,B01
201800047007,1.0,31,0,16.0,0.0,8.0,0.0,A01
201800047008,2.0,7,0,3.0,0.0,1.0,0.0,A01
201800047009,1.0,7,0,4.0,0.0,1.0,0.0,A01
201800047010,1.0,7,0,4.0,0.0,1.0,0.0,A01
201800047011,2.0,7,0,3.0,0.0,3.0,1.0,A01
201800047012,1.0,7,0,0.0,2.0,2.0,9.0,A01
201800047012,1.0,7,0,0.0,2.0,2.0,1.0,B01
201800047013,2.0,7,0,0.0,2.0,4.0,2.0,B01
201800047013,2.0,7,0,0.0,2.0,1.0,1.0,A01
201800047013,2.0,10,0,0.0,2.0,4.0,2.0,C01
201800047014,1.0,33,0,0.0,2.0,3.0,3.0,B01
201800047014,1.0,7,0,0.0,2.0,5.0,1.0,A01
201800047015,2.0,7,0,0.0,2.0,4.0,1.0,A01
201800047015,2.0,99,0,0.0,2.0,1.0,2.0,Z01
201800047015,2.0,7,0,0.0,2.0,4.0,2.0,B01
201800047016,2.0,7,0,0.0,2.0,4.0,1.0,B01
201800047016,2.0,10,0,0.0,2.0,1.0,1.0,A01
201800047017,1.0,7,0,0.0,2.0,4.0,1.0,A01
201800047017,1.0,7,0,0.0,2.0,1.0,2.0,B01
201800047018,1.0,7,0,0.0,2.0,7.0,12.0,A01
201800047018,1.0,33,0,0.0,2.0,2.0,3.0,B01
201800047018,1.0,7,0,0.0,2.0,4.0,1.0,C01
201800047019,1.0,15,0,0.0,2.0,4.0,2.0,C01
201800047019,1.0,15,0,0.0,2.0,1.0,2.0,A01
201800047019,1.0,15,0,0.0,2.0,4.0,2.0,B01
201800047020,2.0,7,0,0.0,2.0,6.0,2.0,B01
201800047020,2.0,33,0,0.0,2.0,1.0,1.0,A01
201800047021,2.0,7,0,0.0,2.0,2.0,12.0,A01
201800047021,2.0,33,0,0.0,2.0,6.0,1.0,B01
201800047022,1.0,7,0,0.0,2.0,4.0,1.0,A01
201800047022,1.0,7,0,0.0,2.0,1.0,1.0,B01
201800047023,1.0,7,0,0.0,2.0,6.0,12.0,A01
201800047023,1.0,33,0,0.0,2.0,2.0,3.0,B01
201800047024,2.0,7,0,0.0,2.0,4.0,2.0,B01
201800047024,2.0,7,0,0.0,2.0,1.0,1.0,A01
201800047025,1.0,7,0,4.0,0.0,3.0,1.0,A01
201800047026,1.0,7,0,4.0,0.0,1.0,1.0,A01
201800047027,1.0,10,0,2.0,2.0,4.0,1.0,A01
201800047028,1.0,7,0,0.0,2.0,4.0,1.0,A01
201800047028,1.0,7,0,0.0,2.0,1.0,1.0,B01
201800047029,1.0,7,0,0.0,2.0,1.0,1.0,A01
201800047029,1.0,7,0,0.0,2.0,4.0,1.0,B01
201800047030,1.0,7,0,3.0,0.0,1.0,1.0,A01
201800047031,1.0,7,0,0.0,2.0,1.0,1.0,A01
201800047031,1.0,7,0,0.0,2.0,4.0,1.0,B01
201800047032,2.0,7,0,16.0,2.0,0.0,0.0,A01
201800047033,1.0,7,0,16.0,0.0,0.0,0.0,A01
201800047034,1.0,7,0,4.0,0.0,1.0,1.0,A01
201800047035,1.0,7,0,16.0,0.0,1.0,1.0,A01
201800047036,1.0,7,0,16.0,0.0,0.0,0.0,A01
201800047037,2.0,7,0,4.0,0.0,3.0,1.0,A01
201800047038,2.0,20,0,3.0,0.0,1.0,1.0,A01
201800047039,2.0,33,0,0.0,2.0,8.0,3.0,B01
201800047039,2.0,7,0,0.0,2.0,7.0,12.0,A01
201800047040,2.0,7,0,4.0,0.0,1.0,1.0,A01
201800047041,1.0,7,0,0.0,2.0,4.0,12.0,A01
201800047041,1.0,33,0,0.0,2.0,1.0,3.0,B01
201800047042,2.0,7,0,0.0,2.0,7.0,12.0,A01
201800047042,2.0,33,0,0.0,2.0,8.0,3.0,B01
201800047043,1.0,7,0,0.0,2.0,4.0,1.0,A01
201800047043,1.0,7,0,0.0,2.0,1.0,1.0,D01
201800047043,1.0,7,0,0.0,2.0,1.0,1.0,C01
201800047043,1.0,10,0,0.0,2.0,4.0,1.0,B01
201800047044,1.0,10,0,0.0,2.0,2.0,12.0,A01
201800047044,1.0,7,0,0.0,2.0,6.0,1.0,C01
201800047044,1.0,33,0,0.0,2.0,1.0,3.0,B01
201800047045,1.0,15,0,0.0,2.0,1.0,1.0,A01
201800047045,1.0,7,0,0.0,2.0,4.0,1.0,B01
201800047046,1.0,7,0,0.0,2.0,7.0,12.0,A01
201800047046,1.0,2,0,0.0,2.0,6.0,3.0,B01
201800047047,1.0,7,0,0.0,2.0,4.0,2.0,B01
201800047047,1.0,7,0,0.0,2.0,4.0,2.0,C01
201800047047,1.0,7,0,0.0,2.0,1.0,2.0,A01
201800047047,1.0,7,0,0.0,2.0,4.0,2.0,D01
201800047048,2.0,7,0,0.0,2.0,6.0,11.0,A01
201800047048,2.0,33,0,0.0,2.0,1.0,3.0,B01
201800047049,2.0,33,0,16.0,0.0,2.0,1.0,A01
201800047050,1.0,33,0,16.0,0.0,8.0,21.0,A01
201800047051,2.0,7,0,0.0,2.0,4.0,1.0,B01
201800047051,2.0,15,0,0.0,2.0,2.0,14.0,A01
201800047052,2.0,7,0,0.0,2.0,1.0,1.0,A01
201800047052,2.0,7,0,0.0,2.0,4.0,2.0,B01
201800047053,2.0,7,0,0.0,2.0,8.0,14.0,A01
201800047053,2.0,7,0,0.0,2.0,8.0,1.0,B01
201800047054,1.0,33,0,0.0,0.0,7.0,0.0,A01
201800047055,2.0,7,0,3.0,0.0,3.0,1.0,A01
201800047056,1.0,7,0,3.0,0.0,1.0,1.0,A01
201800047057,2.0,7,0,0.0,2.0,1.0,1.0,A01
201800047057,2.0,7,0,0.0,2.0,4.0,2.0,B01
201800047058,1.0,7,0,0.0,2.0,1.0,21.0,A01
201800047058,1.0,7,0,0.0,2.0,1.0,2.0,C01
201800047058,1.0,15,0,0.0,2.0,6.0,24.0,B01
201800047059,1.0,7,0,0.0,2.0,2.0,2.0,Z01
201800047059,1.0,7,0,0.0,2.0,6.0,2.0,A01
201800047060,2.0,7,0,0.0,2.0,4.0,1.0,B01
201800047060,2.0,10,0,0.0,2.0,1.0,1.0,A01
201800047061,1.0,7,0,0.0,2.0,4.0,2.0,C01
201800047061,1.0,7,0,0.0,2.0,1.0,1.0,A01
201800047061,1.0,7,0,0.0,2.0,4.0,2.0,B01
201800047062,1.0,15,0,0.0,2.0,2.0,9.0,B01
201800047062,1.0,14,0,0.0,2.0,1.0,1.0,A01
201800047062,1.0,7,0,0.0,2.0,2.0,1.0,C01
201800047062,1.0,33,0,0.0,2.0,4.0,1.0,D01
201800047063,1.0,7,0,0.0,2.0,4.0,2.0,C01
201800047063,1.0,10,0,0.0,2.0,1.0,1.0,A01
201800047063,1.0,7,0,0.0,2.0,4.0,2.0,B01
201800047064,2.0,10,0,3.0,0.0,8.0,1.0,A01
201800047065,2.0,7,0,0.0,2.0,5.0,2.0,B01
201800047065,2.0,7,0,0.0,2.0,3.0,9.0,A01
201800047066,1.0,33,0,0.0,2.0,2.0,1.0,B01
201800047066,1.0,10,0,0.0,2.0,3.0,11.0,A01
201800047067,2.0,7,0,3.0,0.0,1.0,1.0,A01
201800047068,1.0,34,0,0.0,0.0,8.0,16.0,A01
201800047069,1.0,7,0,13.0,0.0,1.0,21.0,A01
201800047070,2.0,7,0,4.0,0.0,2.0,1.0,A01
201800047071,2.0,7,0,4.0,0.0,8.0,0.0,A01
201800047072,1.0,7,0,3.0,0.0,1.0,0.0,A01
201800047073,2.0,31,0,0.0,2.0,2.0,14.0,A01
201800047073,2.0,10,0,0.0,2.0,8.0,1.0,B01
201800047074,1.0,10,0,0.0,2.0,4.0,2.0,C01
201800047074,1.0,7,0,0.0,2.0,4.0,2.0,B01
201800047074,1.0,10,0,0.0,2.0,1.0,1.0,A01
201800047075,2.0,7,0,0.0,2.0,4.0,1.0,B01
201800047075,2.0,14,0,0.0,2.0,1.0,1.0,A01
201800047076,2.0,31,0,0.0,2.0,7.0,3.0,B01
201800047076,2.0,7,0,0.0,2.0,3.0,11.0,A01
201800047077,2.0,7,0,0.0,2.0,4.0,12.0,A01
201800047077,2.0,10,0,0.0,6.0,1.0,1.0,C01
201800047077,2.0,34,0,0.0,2.0,1.0,3.0,B01
201800047078,2.0,7,0,0.0,2.0,8.0,11.0,A01
201800047078,2.0,31,0,0.0,2.0,1.0,3.0,B01
201800047079,2.0,7,0,13.0,0.0,7.0,1.0,A01
201800047080,2.0,15,0,0.0,2.0,2.0,1.0,B01
201800047080,2.0,99,0,0.0,2.0,8.0,1.0,A01
201800047081,2.0,7,0,0.0,2.0,4.0,2.0,C01
201800047081,2.0,7,0,0.0,2.0,4.0,2.0,B01
201800047081,2.0,7,0,0.0,2.0,1.0,1.0,A01
201800047082,2.0,7,0,0.0,2.0,3.0,11.0,A01
201800047082,2.0,31,0,0.0,2.0,2.0,3.0,B01
201800047083,2.0,7,0,0.0,2.0,1.0,2.0,A01
201800047083,2.0,7,0,0.0,2.0,4.0,2.0,B01
201800047084,2.0,7,0,4.0,2.0,4.0,0.0,B01
201800047084,2.0,7,0,4.0,2.0,1.0,2.0,A01
201800047085,2.0,33,0,0.0,2.0,1.0,3.0,A01
201800047085,2.0,7,0,0.0,2.0,4.0,2.0,B01
201800047086,2.0,7,0,0.0,2.0,8.0,9.0,A01
201800047086,0.0,15,0,0.0,2.0,1.0,1.0,Z01
201800047087,1.0,7,0,0.0,2.0,4.0,2.0,C01
201800047087,1.0,7,0,0.0,2.0,4.0,21.0,B01
201800047087,1.0,7,0,0.0,2.0,1.0,1.0,A01
201800047088,1.0,7,0,0.0,2.0,3.0,1.0,A01
201800047088,1.0,7,0,0.0,2.0,5.0,1.0,B01
201800047088,1.0,33,0,0.0,2.0,3.0,3.0,C01
201800047089,2.0,7,0,0.0,2.0,2.0,12.0,B01
201800047089,2.0,32,0,0.0,2.0,3.0,3.0,A01
201800047090,2.0,7,0,0.0,2.0,8.0,11.0,B01
201800047090,2.0,33,0,0.0,2.0,7.0,1.0,A01
201800047091,1.0,33,0,0.0,2.0,1.0,3.0,A01
201800047091,1.0,7,0,0.0,2.0,6.0,11.0,B01
201800047092,1.0,7,0,0.0,2.0,4.0,2.0,C01
201800047092,1.0,7,0,0.0,2.0,1.0,1.0,A01
201800047093,1.0,7,0,4.0,0.0,1.0,1.0,A01
201800047094,1.0,7,0,0.0,2.0,1.0,1.0,A01
201800047094,1.0,7,0,0.0,2.0,4.0,1.0,B01
201800047095,1.0,7,0,3.0,0.0,1.0,21.0,A01
201800047096,2.0,7,0,3.0,0.0,2.0,0.0,A01
201800047097,1.0,33,0,16.0,0.0,7.0,1.0,A01
201800047098,2.0,7,0,0.0,2.0,1.0,1.0,B01
201800047098,1.0,7,0,0.0,2.0,1.0,13.0,A01
201800047099,2.0,34,0,16.0,0.0,1.0,21.0,A01
201800047100,1.0,7,0,0.0,2.0,4.0,2.0,C01
201800047100,1.0,7,0,0.0,2.0,1.0,1.0,A01
201800047100,1.0,7,0,0.0,2.0,4.0,2.0,B01
201800047101,2.0,7,0,0.0,2.0,6.0,1.0,B01
201800047101,2.0,14,0,0.0,2.0,2.0,12.0,A01
201800047102,1.0,10,0,4.0,0.0,3.0,9.0,A01
201800047103,2.0,7,0,0.0,2.0,4.0,1.0,B01
201800047103,2.0,7,0,0.0,2.0,2.0,1.0,A01
201800047104,1.0,7,0,0.0,2.0,5.0,12.0,B01
201800047104,1.0,7,0,0.0,2.0,4.0,1.0,C01
201800047104,1.0,33,0,0.0,2.0,3.0,3.0,A01
201800047105,1.0,7,0,0.0,2.0,6.0,11.0,A01
201800047105,1.0,33,0,0.0,2.0,1.0,3.0,B01
201800047106,1.0,7,0,4.0,2.0,4.0,2.0,B01
201800047106,1.0,10,0,0.0,2.0,1.0,1.0,A01
201800047107,2.0,7,0,0.0,2.0,1.0,1.0,A01
201800047107,2.0,7,0,0.0,2.0,4.0,2.0,C01
201800047107,2.0,7,0,0.0,2.0,4.0,2.0,B01
201800047108,2.0,7,0,0.0,2.0,1.0,1.0,A01
201800047108,2.0,7,0,0.0,2.0,4.0,1.0,B01
201800047109,2.0,33,0,0.0,0.0,9.0,0.0,A01
201800047110,1.0,7,0,4.0,0.0,1.0,14.0,A01
201800047111,1.0,33,0,0.0,2.0,1.0,13.0,A01
201800047111,1.0,7,0,0.0,2.0,4.0,1.0,B01
201800047112,1.0,7,0,0.0,2.0,1.0,1.0,A01
201800047112,1.0,7,0,0.0,2.0,4.0,2.0,B01
201800047113,1.0,31,0,0.0,2.0,1.0,3.0,B01
201800047113,1.0,7,0,0.0,2.0,5.0,12.0,A01
201800047114,2.0,15,0,0.0,2.0,2.0,12.0,A01
201800047114,2.0,7,0,0.0,2.0,6.0,9.0,B01
201800047115,1.0,33,0,0.0,0.0,7.0,16.0,A01
201800047116,2.0,7,0,0.0,2.0,4.0,1.0,B01
201800047116,2.0,10,0,0.0,2.0,3.0,1.0,A01
201800047116,2.0,7,0,0.0,0.0,4.0,1.0,C01
201800047117,2.0,7,0,0.0,2.0,4.0,2.0,B01
201800047117,2.0,7,0,0.0,2.0,1.0,1.0,A01
201800047118,2.0,33,0,0.0,2.0,8.0,3.0,B01
201800047118,2.0,10,0,0.0,2.0,7.0,12.0,A01
201800047118,2.0,7,0,0.0,2.0,6.0,1.0,C01
201800047119,2.0,7,0,3.0,0.0,1.0,14.0,A01
201800047119,2.0,7,0,0.0,2.0,7.0,1.0,B01
201800047120,2.0,10,0,4.0,0.0,2.0,1.0,A01
201800047121,1.0,7,0,0.0,2.0,3.0,1.0,A01
201800047121,1.0,7,0,0.0,2.0,5.0,23.0,B01
201800047121,1.0,7,0,0.0,2.0,2.0,1.0,C01
201800047122,2.0,7,0,0.0,2.0,5.0,12.0,A01
201800047122,0.0,33,0,0.0,2.0,3.0,3.0,B01
201800047123,2.0,7,0,0.0,2.0,4.0,2.0,E01
201800047123,2.0,7,0,0.0,2.0,6.0,2.0,B01
201800047123,2.0,10,0,0.0,2.0,1.0,1.0,A01
201800047123,2.0,7,0,0.0,2.0,4.0,2.0,D01
201800047123,2.0,7,0,0.0,2.0,4.0,2.0,C01
201800047124,2.0,10,0,0.0,2.0,1.0,2.0,A01
201800047124,2.0,7,0,0.0,2.0,4.0,1.0,B01
201800047125,1.0,10,0,0.0,2.0,4.0,4.0,A01
201800047125,1.0,10,0,0.0,2.0,1.0,1.0,B01
201800047125,1.0,10,0,0.0,2.0,1.0,1.0,C01
201800047126,2.0,33,0,0.0,0.0,7.0,13.0,A01
201800047127,2.0,33,0,0.0,2.0,8.0,3.0,B01
201800047127,2.0,7,0,0.0,2.0,7.0,12.0,A01
201800047128,2.0,7,0,0.0,2.0,1.0,13.0,C01
201800047128,2.0,7,0,0.0,2.0,5.0,9.0,A01
201800047128,2.0,15,0,0.0,2.0,3.0,12.0,B01
201800047129,2.0,33,0,0.0,2.0,3.0,3.0,A01
201800047129,2.0,15,0,0.0,2.0,7.0,1.0,B01
201800047130,1.0,31,0,0.0,2.0,8.0,3.0,B01
201800047130,1.0,7,0,0.0,2.0,7.0,12.0,A01
201800047131,2.0,7,0,4.0,2.0,8.0,1.0,B01
201800047131,2.0,15,0,0.0,2.0,2.0,14.0,A01
201800047131,2.0,33,0,0.0,2.0,1.0,2.0,C01
201800047132,2.0,10,0,0.0,2.0,7.0,12.0,A01
201800047132,2.0,33,0,0.0,2.0,8.0,1.0,C01
201800047132,2.0,33,0,0.0,2.0,8.0,3.0,B01
201800047133,1.0,7,0,0.0,2.0,1.0,1.0,A01
201800047133,1.0,7,0,0.0,2.0,4.0,2.0,B01
201800047134,2.0,17,0,0.0,2.0,4.0,1.0,B01
201800047134,2.0,7,0,0.0,2.0,1.0,13.0,A01
201800047135,2.0,15,0,0.0,2.0,1.0,9.0,A01
201800047135,2.0,7,0,0.0,2.0,4.0,1.0,B01
201800047135,2.0,7,0,0.0,2.0,4.0,2.0,C01
201800047136,2.0,7,0,0.0,2.0,4.0,2.0,C01
201800047136,2.0,7,0,0.0,2.0,4.0,2.0,B01
201800047136,2.0,7,0,0.0,2.0,5.0,1.0,E01
201800047136,2.0,10,0,0.0,2.0,1.0,2.0,A01
201800047136,2.0,7,0,0.0,2.0,4.0,1.0,D01
201800047137,1.0,10,0,0.0,2.0,7.0,12.0,A01
201800047137,1.0,33,0,0.0,2.0,8.0,1.0,B01
201800047138,2.0,7,0,0.0,2.0,3.0,11.0,A01
201800047138,2.0,33,0,0.0,2.0,2.0,3.0,B01
201800047139,2.0,10,0,0.0,2.0,1.0,1.0,A01
201800047140,1.0,7,0,0.0,2.0,4.0,1.0,B01
201800047140,1.0,7,0,0.0,2.0,1.0,1.0,A01
201800047141,1.0,7,0,0.0,2.0,6.0,11.0,A01
201800047141,1.0,33,0,0.0,2.0,2.0,3.0,C01
201800047141,1.0,14,0,0.0,2.0,1.0,1.0,B01
201800047142,2.0,34,0,0.0,0.0,7.0,1.0,A01
201800047143,2.0,10,0,0.0,2.0,5.0,14.0,Z01
201800047143,2.0,10,0,0.0,2.0,2.0,1.0,A01
201800047144,1.0,7,0,0.0,2.0,6.0,1.0,B01
201800047144,1.0,10,0,0.0,2.0,3.0,14.0,A01
201800047145,2.0,7,0,13.0,0.0,8.0,12.0,A01
201800047146,1.0,17,0,4.0,0.0,3.0,1.0,A01
201800047147,2.0,33,0,0.0,0.0,7.0,1.0,A01
201800047148,2.0,7,0,16.0,0.0,0.0,1.0,A01
201800047149,2.0,7,0,3.0,0.0,1.0,13.0,A01
201800047150,1.0,7,0,0.0,2.0,1.0,1.0,A01
201800047150,1.0,7,0,0.0,2.0,4.0,2.0,B01
201800047151,2.0,7,0,0.0,2.0,1.0,2.0,C01
201800047151,2.0,7,0,0.0,2.0,6.0,1.0,B01
201800047151,2.0,17,0,0.0,2.0,2.0,12.0,A01
201800047152,2.0,7,0,0.0,2.0,1.0,1.0,A01
201800047152,2.0,7,0,0.0,2.0,4.0,2.0,C01
201800047152,2.0,7,0,0.0,2.0,4.0,2.0,B01
201800047152,2.0,7,0,0.0,2.0,4.0,2.0,D01
201800047153,1.0,7,0,0.0,2.0,4.0,1.0,A01
201800047153,1.0,99,0,0.0,2.0,1.0,1.0,Z01
201800047154,2.0,7,0,0.0,2.0,4.0,2.0,B01
201800047154,2.0,13,0,0.0,2.0,1.0,1.0,A01
201800047155,2.0,7,0,0.0,2.0,4.0,2.0,B01
201800047155,2.0,7,0,0.0,2.0,1.0,1.0,A01
201800047156,1.0,10,0,0.0,2.0,4.0,2.0,B01
201800047156,1.0,10,0,0.0,2.0,1.0,1.0,A01
201800047157,1.0,7,0,4.0,0.0,8.0,0.0,A01
201800047158,2.0,7,0,0.0,2.0,1.0,1.0,A01
201800047158,2.0,7,0,0.0,2.0,4.0,1.0,B01
201800047159,1.0,7,0,0.0,2.0,7.0,15.0,B01
201800047159,2.0,7,0,0.0,2.0,3.0,9.0,A01
201800047160,1.0,10,0,0.0,2.0,3.0,13.0,A01
201800047160,2.0,10,0,0.0,2.0,3.0,2.0,B01
201800047160,2.0,10,0,0.0,2.0,3.0,2.0,C01
201800047161,1.0,7,0,6.0,9.0,1.0,14.0,A01
201800047162,1.0,7,0,0.0,2.0,1.0,2.0,A01
201800047162,1.0,10,0,0.0,2.0,4.0,2.0,B01
201800047162,1.0,10,0,0.0,2.0,4.0,2.0,C01
201800047163,1.0,7,0,0.0,0.0,0.0,2.0,A01
201800047163,1.0,33,0,0.0,9.0,1.0,2.0,B01
201800047164,1.0,10,0,0.0,1.0,4.0,4.0,A01
201800047165,1.0,7,0,0.0,2.0,1.0,15.0,B01
201800047165,1.0,30,0,0.0,2.0,1.0,1.0,A01
201800047166,2.0,7,0,0.0,2.0,2.0,21.0,A01
201800047166,1.0,7,0,0.0,2.0,1.0,1.0,B01
201800047167,2.0,31,0,11.0,0.0,0.0,1.0,A01
201800047168,1.0,7,0,0.0,1.0,8.0,15.0,A01
201800047169,1.0,7,0,0.0,2.0,3.0,2.0,A01
201800047169,1.0,7,0,0.0,2.0,2.0,20.0,B01
201800047170,1.0,33,0,0.0,1.0,1.0,21.0,A01
201800047171,1.0,30,0,0.0,2.0,1.0,2.0,A01
201800047171,1.0,7,0,0.0,2.0,4.0,2.0,B01
201800047172,2.0,31,0,0.0,2.0,1.0,2.0,A01
201800047172,2.0,7,0,0.0,2.0,4.0,1.0,B01
201800047172,2.0,7,0,0.0,9.0,4.0,2.0,C01
201800047173,1.0,10,0,0.0,2.0,3.0,13.0,A01
201800047173,2.0,7,0,0.0,2.0,8.0,0.0,B01
201800047174,2.0,10,0,0.0,2.0,3.0,2.0,A01
201800047174,2.0,33,0,0.0,2.0,4.0,2.0,B01
201800047175,1.0,7,0,0.0,2.0,7.0,15.0,A01
201800047175,2.0,33,0,0.0,2.0,1.0,1.0,B01
201800047176,1.0,7,0,0.0,1.0,3.0,1.0,A01
201800047177,1.0,7,0,0.0,1.0,2.0,2.0,A01
201800047178,1.0,7,0,0.0,2.0,6.0,2.0,A01
201800047178,1.0,7,0,0.0,2.0,6.0,2.0,B01
201800047179,1.0,7,0,0.0,1.0,1.0,1.0,A01
201800047180,1.0,10,0,0.0,2.0,2.0,1.0,A01
201800047180,1.0,7,0,0.0,2.0,5.0,1.0,B01
201800047180,1.0,7,0,0.0,0.0,0.0,15.0,C01
201800047181,1.0,7,0,0.0,2.0,1.0,2.0,A01
201800047181,1.0,7,0,0.0,2.0,4.0,2.0,B01
201800047182,1.0,7,0,0.0,2.0,1.0,2.0,A01
201800047182,1.0,7,0,0.0,2.0,4.0,23.0,B01
201800047183,2.0,33,0,0.0,2.0,1.0,2.0,A01
201800047183,2.0,7,0,0.0,9.0,6.0,2.0,B01
201800047184,0.0,13,0,0.0,1.0,4.0,4.0,A01
201800047185,1.0,7,0,0.0,2.0,1.0,1.0,B01
201800047185,1.0,7,0,0.0,2.0,7.0,19.0,A01
201800047186,1.0,31,0,0.0,1.0,0.0,2.0,A01
201800047186,1.0,7,0,0.0,1.0,1.0,2.0,Z01
201800047187,1.0,7,0,0.0,1.0,3.0,1.0,A01
201800047188,1.0,34,0,0.0,2.0,1.0,1.0,B01
201800047188,2.0,10,0,0.0,2.0,2.0,19.0,A01
201800047189,2.0,10,0,8.0,0.0,0.0,15.0,A01
201800047190,0.0,7,0,0.0,2.0,1.0,1.0,A01
201800047190,1.0,7,0,0.0,2.0,8.0,15.0,B01
201800047191,2.0,7,0,0.0,2.0,3.0,2.0,A01
201800047191,2.0,7,0,0.0,2.0,5.0,2.0,B01
201800047192,2.0,30,0,0.0,0.0,0.0,15.0,A01
201800047193,0.0,7,0,0.0,2.0,3.0,9.0,A01
201800047193,0.0,30,0,0.0,2.0,5.0,2.0,B01
201800047194,1.0,10,0,0.0,2.0,8.0,1.0,B01
201800047194,2.0,10,0,0.0,0.0,0.0,0.0,Z01
201800047195,0.0,7,0,0.0,1.0,8.0,17.0,A01
201800047196,2.0,7,0,3.0,2.0,7.0,1.0,A01
201800047196,2.0,7,0,6.0,2.0,8.0,1.0,B01
201800047197,0.0,10,0,0.0,1.0,1.0,15.0,A01
201800047198,1.0,7,0,0.0,2.0,6.0,1.0,A01
201800047198,1.0,7,0,0.0,2.0,0.0,0.0,Z01
201800047199,1.0,7,0,0.0,2.0,1.0,2.0,A01
201800047199,1.0,7,0,0.0,2.0,4.0,2.0,B01
201800047200,2.0,33,0,0.0,2.0,1.0,3.0,A01
201800047200,1.0,10,0,0.0,2.0,6.0,11.0,B01
201800047201,1.0,33,0,0.0,1.0,1.0,2.0,A01
201800047202,2.0,33,0,0.0,2.0,1.0,1.0,B01
201800047202,2.0,7,0,0.0,2.0,4.0,1.0,A01
201800047203,0.0,30,0,0.0,0.0,0.0,0.0,A01
201800047204,1.0,31,0,0.0,0.0,0.0,0.0,A01
201800047205,1.0,7,0,0.0,2.0,1.0,1.0,A01
201800047205,1.0,34,0,0.0,2.0,6.0,1.0,B01
201800047205,1.0,7,0,0.0,6.0,5.0,1.0,C01
201800047206,2.0,7,0,0.0,2.0,1.0,1.0,A01
201800047206,2.0,7,0,0.0,0.0,4.0,1.0,B01
201800047207,1.0,10,0,0.0,1.0,4.0,4.0,A01
201800047208,1.0,7,0,1.0,2.0,1.0,1.0,A01
201800047208,2.0,2,0,0.0,2.0,1.0,1.0,B01
201800047209,0.0,33,0,0.0,2.0,1.0,3.0,A01
201800047209,0.0,7,0,0.0,2.0,8.0,23.0,B01
201800047210,2.0,7,0,0.0,2.0,3.0,1.0,A01
201800047210,1.0,7,0,0.0,2.0,0.0,0.0,Z01
201800047211,1.0,32,0,0.0,0.0,3.0,0.0,A01
201800047212,2.0,7,0,0.0,2.0,3.0,13.0,A01
201800047212,2.0,7,0,0.0,2.0,5.0,2.0,B01
201800047212,2.0,33,0,0.0,2.0,7.0,2.0,C01
201800047212,1.0,7,0,0.0,0.0,0.0,0.0,D01
201800047212,2.0,7,0,0.0,0.0,0.0,9.0,E01
201800047213,1.0,32,0,0.0,0.0,0.0,9.0,A01
201800047214,1.0,7,0,0.0,2.0,1.0,0.0,A01
201800047214,1.0,7,0,0.0,2.0,4.0,0.0,B01
201800047215,1.0,7,0,0.0,2.0,1.0,2.0,A01
201800047215,1.0,7,0,0.0,2.0,4.0,2.0,B01
201800047215,1.0,7,0,0.0,2.0,4.0,2.0,C01
201800047216,1.0,7,0,0.0,1.0,3.0,1.0,A01
201800047217,2.0,7,0,13.0,2.0,1.0,13.0,A01
201800047217,2.0,7,0,0.0,2.0,4.0,2.0,B01
201800047218,2.0,10,0,0.0,2.0,7.0,19.0,A01
201800047218,2.0,7,0,0.0,2.0,3.0,1.0,B01
201800047219,1.0,30,0,0.0,2.0,1.0,2.0,A01
201800047219,1.0,7,0,0.0,2.0,4.0,2.0,B01
201800047220,2.0,33,0,0.0,2.0,3.0,1.0,A01
201800047220,2.0,10,0,0.0,2.0,2.0,1.0,B01
201800047221,1.0,7,0,0.0,2.0,1.0,2.0,A01
201800047221,1.0,7,0,0.0,2.0,4.0,2.0,B01
201800047222,1.0,7,0,0.0,1.0,2.0,1.0,A01
201800047223,2.0,7,0,0.0,2.0,3.0,2.0,A01
201800047223,2.0,7,0,0.0,2.0,6.0,2.0,B01
201800047224,1.0,7,0,0.0,2.0,1.0,9.0,A01
201800047224,1.0,7,0,0.0,2.0,4.0,2.0,B01
201800047225,0.0,7,0,1.0,2.0,1.0,13.0,A01
201800047225,1.0,7,0,0.0,2.0,1.0,1.0,B01
201800047226,2.0,7,0,1.0,0.0,1.0,2.0,A01
201800047227,1.0,7,0,4.0,2.0,7.0,14.0,A01
201800047227,1.0,7,0,0.0,2.0,8.0,1.0,B01
201800047228,1.0,33,0,0.0,2.0,1.0,2.0,A01
201800047228,1.0,7,0,0.0,2.0,4.0,1.0,B01
201800047229,2.0,7,0,0.0,2.0,2.0,15.0,A01
201800047229,1.0,2,0,0.0,2.0,1.0,1.0,B01
201800047230,1.0,2,0,0.0,2.0,1.0,3.0,A01
201800047230,1.0,7,0,0.0,2.0,6.0,2.0,B01
201800047230,2.0,10,0,0.0,2.0,3.0,0.0,C01
201800047231,1.0,7,0,0.0,2.0,2.0,16.0,A01
201800047231,1.0,33,0,0.0,2.0,8.0,1.0,B01
201800047232,1.0,7,0,0.0,2.0,2.0,2.0,A01
201800047232,1.0,33,0,0.0,2.0,1.0,1.0,B01