Num_Acc,senc,catv,occutc,obs,obsm,choc,manv,num_veh
201800048496,0.0,1,0,0.0,2.0,0.0,0.0,B01
201800048496,1.0,7,0,0.0,2.0,3.0,1.0,A01
201800048497,2.0,33,0,0.0,2.0,1.0,1.0,A01
201800048497,1.0,7,0,0.0,2.0,3.0,15.0,B01
201800048498,1.0,2,0,0.0,2.0,1.0,1.0,A01
201800048498,1.0,7,0,0.0,2.0,1.0,1.0,C01
201800048498,2.0,7,0,0.0,2.0,2.0,23.0,B01
201800048499,2.0,7,0,0.0,2.0,1.0,0.0,B01
201800048499,2.0,13,0,0.0,2.0,7.0,0.0,A01
201800048500,1.0,7,0,0.0,2.0,2.0,19.0,B01
201800048500,1.0,10,0,0.0,2.0,3.0,19.0,A01
201800048501,2.0,7,0,0.0,1.0,1.0,1.0,A01
201800048502,2.0,30,0,0.0,2.0,1.0,2.0,A01
201800048502,2.0,7,0,0.0,2.0,6.0,2.0,B01
201800048503,2.0,7,0,0.0,2.0,3.0,15.0,A01
201800048503,2.0,33,0,0.0,2.0,1.0,2.0,B01
201800048504,1.0,30,0,0.0,2.0,2.0,1.0,B01
201800048504,1.0,7,0,0.0,2.0,3.0,9.0,A01
201800048505,1.0,7,0,0.0,2.0,1.0,0.0,A01
201800048505,1.0,7,0,0.0,2.0,4.0,23.0,B01
201800048506,0.0,34,0,0.0,1.0,1.0,1.0,A01
201800048507,0.0,7,0,12.0,0.0,2.0,1.0,A01
201800048508,2.0,7,0,0.0,2.0,1.0,15.0,A01
201800048508,1.0,7,0,0.0,2.0,1.0,1.0,B01
201800048509,1.0,7,0,0.0,1.0,1.0,13.0,A01
201800048510,2.0,1,0,0.0,1.0,1.0,1.0,A01
201800048511,1.0,7,0,0.0,2.0,2.0,1.0,A01
201800048511,2.0,3,0,8.0,2.0,1.0,1.0,B01
201800048512,1.0,7,0,0.0,2.0,7.0,1.0,B01
201800048512,2.0,7,0,0.0,2.0,1.0,0.0,A01
201800048513,0.0,7,0,0.0,1.0,0.0,0.0,A01
201800048514,2.0,33,0,0.0,1.0,3.0,8.0,A01
201800048515,2.0,30,0,11.0,2.0,0.0,1.0,B01
201800048515,2.0,3,0,0.0,2.0,0.0,0.0,A01
201800048516,2.0,1,0,14.0,0.0,0.0,1.0,A01
201800048517,1.0,7,0,0.0,1.0,4.0,4.0,A01
201800048518,1.0,1,0,0.0,2.0,1.0,19.0,B01
201800048518,0.0,7,0,0.0,2.0,3.0,16.0,A01
201800048519,1.0,1,0,0.0,1.0,1.0,1.0,A01
201800048520,0.0,7,0,0.0,2.0,8.0,15.0,A01
201800048520,0.0,33,0,0.0,2.0,1.0,2.0,B01
201800048520,0.0,7,0,0.0,2.0,0.0,15.0,Z01
201800048521,1.0,7,0,0.0,2.0,3.0,20.0,A01
201800048521,2.0,2,0,0.0,2.0,3.0,13.0,B01
201800048522,1.0,7,0,0.0,2.0,8.0,2.0,B01
201800048522,2.0,7,0,0.0,2.0,1.0,5.0,A01
201800048523,2.0,33,0,0.0,2.0,1.0,0.0,B01
201800048523,1.0,7,0,0.0,2.0,3.0,9.0,A01
201800048524,1.0,7,0,0.0,0.0,3.0,1.0,A01
201800048524,1.0,7,0,0.0,2.0,2.0,1.0,B01
201800048525,1.0,7,0,0.0,1.0,3.0,15.0,A01
201800048526,2.0,33,0,0.0,2.0,1.0,1.0,B01
201800048526,2.0,7,0,0.0,2.0,5.0,1.0,A01
201800048527,1.0,3,0,0.0,2.0,2.0,16.0,A01
201800048527,1.0,30,0,0.0,2.0,8.0,18.0,B01
201800048528,0.0,7,0,0.0,1.0,1.0,15.0,A01
201800048529,2.0,7,0,0.0,1.0,3.0,15.0,A01
201800048530,0.0,1,0,0.0,4.0,8.0,0.0,B01
201800048530,2.0,40,50,0.0,2.0,2.0,0.0,A01
201800048531,2.0,30,0,0.0,2.0,1.0,1.0,B01
201800048531,1.0,30,0,0.0,2.0,1.0,13.0,A01
201800048532,1.0,1,0,0.0,2.0,5.0,1.0,B01
201800048532,2.0,7,0,0.0,2.0,1.0,13.0,A01
201800048533,1.0,34,0,0.0,2.0,2.0,1.0,A01
201800048533,2.0,7,0,0.0,2.0,2.0,15.0,B01
201800048534,2.0,7,0,0.0,2.0,2.0,5.0,A01
201800048534,1.0,32,0,0.0,2.0,3.0,16.0,B01
201800048535,1.0,7,0,0.0,2.0,7.0,15.0,A01
201800048535,2.0,33,0,0.0,2.0,1.0,1.0,B01
201800048536,1.0,34,0,0.0,2.0,1.0,15.0,A01
201800048536,1.0,7,0,0.0,2.0,6.0,15.0,B01
201800048537,2.0,30,0,0.0,0.0,7.0,1.0,A01
201800048538,2.0,7,0,9.0,0.0,0.0,1.0,A01
201800048538,2.0,7,0,0.0,2.0,1.0,1.0,B01
201800048539,2.0,7,0,0.0,2.0,1.0,1.0,A01
201800048539,1.0,1,0,0.0,2.0,1.0,19.0,B01
201800048540,1.0,7,0,0.0,2.0,1.0,1.0,A01
201800048540,1.0,1,0,0.0,2.0,8.0,0.0,B01
201800048541,0.0,7,0,0.0,2.0,3.0,2.0,A01
201800048541,0.0,7,0,0.0,2.0,4.0,2.0,B01
201800048542,2.0,1,0,0.0,2.0,1.0,2.0,A01
201800048542,2.0,7,0,14.0,0.0,4.0,23.0,B01
201800048543,2.0,7,0,0.0,2.0,4.0,1.0,B01
201800048543,2.0,7,0,0.0,2.0,1.0,1.0,A01
201800048544,0.0,40,1,0.0,2.0,1.0,1.0,B01
201800048544,0.0,7,0,0.0,4.0,8.0,0.0,A01
201800048545,2.0,1,0,0.0,1.0,1.0,19.0,A01
201800048546,1.0,7,0,0.0,2.0,0.0,0.0,B01
201800048546,1.0,1,0,0.0,2.0,0.0,0.0,A01
201800048547,2.0,7,0,1.0,1.0,2.0,14.0,A01
201800048548,1.0,7,0,0.0,2.0,1.0,1.0,A01
201800048548,1.0,7,0,0.0,2.0,3.0,1.0,B01
201800048549,0.0,7,0,0.0,2.0,1.0,1.0,A01
201800048549,0.0,1,0,0.0,2.0,8.0,1.0,B01
201800048550,1.0,10,0,0.0,2.0,2.0,8.0,A01
201800048550,1.0,7,0,0.0,2.0,8.0,1.0,B01
201800048551,2.0,7,0,0.0,2.0,2.0,10.0,A01
201800048551,1.0,32,0,0.0,2.0,1.0,1.0,B01
201800048552,1.0,7,0,0.0,1.0,3.0,1.0,A01
201800048553,2.0,7,0,0.0,1.0,1.0,15.0,A01
201800048554,1.0,7,0,0.0,2.0,7.0,1.0,A01
201800048554,1.0,7,0,0.0,2.0,1.0,1.0,B01
201800048555,1.0,17,0,0.0,2.0,2.0,15.0,A01
201800048555,2.0,34,0,0.0,2.0,2.0,1.0,B01
201800048556,2.0,7,0,0.0,2.0,0.0,13.0,A01
201800048556,2.0,32,0,0.0,2.0,3.0,14.0,B01
201800048557,1.0,99,0,0.0,2.0,3.0,22.0,A01
201800048557,1.0,1,0,1.0,0.0,2.0,1.0,B01
201800048558,2.0,7,0,0.0,1.0,2.0,17.0,A01
201800048559,0.0,38,1,0.0,2.0,7.0,24.0,B01
201800048559,0.0,1,0,0.0,2.0,1.0,0.0,A01
201800048560,1.0,7,0,0.0,2.0,5.0,1.0,B01
201800048560,1.0,1,0,0.0,2.0,1.0,19.0,A01
201800048561,1.0,7,0,0.0,2.0,1.0,1.0,A01
201800048561,1.0,7,0,0.0,2.0,4.0,0.0,B01
201800048561,1.0,7,0,0.0,0.0,0.0,0.0,C01
201800048562,1.0,7,0,0.0,1.0,1.0,1.0,A01
201800048563,2.0,7,0,0.0,2.0,1.0,5.0,A01
201800048563,1.0,7,0,0.0,2.0,1.0,0.0,B01
201800048564,2.0,7,0,0.0,2.0,1.0,15.0,A01
201800048564,1.0,2,0,0.0,2.0,8.0,1.0,B01
201800048565,0.0,10,0,0.0,2.0,3.0,9.0,A01
201800048565,2.0,10,0,0.0,2.0,2.0,1.0,B01
201800048566,1.0,7,0,12.0,0.0,3.0,8.0,A01
201800048567,1.0,7,0,0.0,2.0,1.0,1.0,B01
201800048567,2.0,7,0,0.0,2.0,6.0,1.0,A01
201800048568,1.0,7,0,0.0,2.0,3.0,1.0,A01
201800048568,1.0,1,0,0.0,2.0,1.0,1.0,B01
201800048569,1.0,2,0,0.0,2.0,1.0,17.0,A01
201800048569,1.0,33,0,0.0,2.0,8.0,15.0,B01
201800048570,1.0,7,0,0.0,2.0,1.0,0.0,B01
201800048570,1.0,7,0,0.0,2.0,4.0,9.0,A01
201800048571,2.0,33,0,0.0,2.0,3.0,7.0,A01
201800048571,2.0,7,0,0.0,2.0,7.0,16.0,B01
201800048572,2.0,32,0,0.0,2.0,1.0,1.0,A01
201800048572,2.0,10,0,0.0,2.0,2.0,1.0,B01
201800048573,2.0,7,0,0.0,1.0,3.0,8.0,A01
201800048574,1.0,10,0,0.0,2.0,1.0,1.0,A01
201800048574,1.0,7,0,0.0,2.0,7.0,1.0,B01
201800048575,2.0,32,0,11.0,0.0,8.0,0.0,A01
201800048576,1.0,32,0,0.0,2.0,1.0,1.0,B01
201800048577,0.0,31,0,12.0,0.0,1.0,15.0,A01
201800048578,1.0,33,0,0.0,1.0,1.0,21.0,A01
201800048579,2.0,1,0,0.0,2.0,1.0,1.0,B01
201800048579,1.0,7,0,0.0,2.0,1.0,15.0,A01
201800048580,2.0,31,0,0.0,2.0,1.0,0.0,A01
201800048580,2.0,33,0,0.0,2.0,1.0,0.0,B01
201800048580,0.0,7,0,0.0,2.0,3.0,1.0,C01
201800048581,0.0,7,0,0.0,4.0,3.0,11.0,A01
201800048581,1.0,40,15,0.0,2.0,1.0,0.0,B01
201800048581,2.0,40,24,0.0,2.0,1.0,0.0,C01
201800048582,2.0,7,0,0.0,4.0,8.0,15.0,B01
201800048582,1.0,40,1,0.0,2.0,0.0,0.0,A01
201800048583,0.0,7,0,0.0,1.0,7.0,0.0,A01
201800048584,2.0,7,0,0.0,2.0,2.0,1.0,B01
201800048584,1.0,30,0,0.0,2.0,7.0,1.0,A01
201800048585,0.0,7,0,0.0,1.0,4.0,20.0,A01
201800048586,1.0,7,0,0.0,1.0,1.0,15.0,A01
201800048587,0.0,14,0,0.0,2.0,2.0,15.0,A01
201800048587,0.0,34,0,0.0,2.0,8.0,10.0,B01
201800048588,2.0,7,0,0.0,1.0,3.0,1.0,A01
201800048589,1.0,31,0,0.0,2.0,1.0,17.0,A01
201800048589,2.0,7,0,0.0,2.0,1.0,15.0,B01
201800048590,2.0,7,0,0.0,2.0,7.0,1.0,A01
201800048590,2.0,33,0,0.0,2.0,8.0,1.0,B01
201800048591,1.0,7,0,0.0,2.0,1.0,1.0,B01
201800048591,1.0,7,0,0.0,2.0,7.0,1.0,A01
201800048592,2.0,1,0,0.0,2.0,7.0,19.0,B01
201800048592,1.0,30,0,0.0,2.0,1.0,0.0,A01
201800048593,2.0,7,0,0.0,1.0,1.0,17.0,A01
201800048594,2.0,7,0,0.0,1.0,2.0,1.0,A01
201800048595,0.0,7,0,0.0,1.0,6.0,1.0,B01
201800048596,0.0,10,0,0.0,1.0,1.0,19.0,A01
201800048597,1.0,10,0,0.0,2.0,3.0,9.0,A01
201800048597,1.0,7,0,0.0,2.0,0.0,0.0,B01
201800048598,0.0,7,0,14.0,0.0,1.0,0.0,A01
201800048599,2.0,33,0,0.0,1.0,1.0,0.0,A01
201800048600,2.0,7,0,6.0,2.0,1.0,1.0,A01
201800048600,2.0,7,0,0.0,2.0,1.0,15.0,B01
201800048601,0.0,33,0,0.0,2.0,3.0,1.0,B01
201800048601,0.0,7,0,0.0,2.0,1.0,15.0,A01
201800048602,1.0,1,0,0.0,2.0,7.0,1.0,B01
201800048602,2.0,7,0,0.0,2.0,3.0,1.0,A01
201800048603,2.0,7,0,0.0,2.0,1.0,2.0,A01
201800048603,2.0,7,0,0.0,2.0,0.0,0.0,B01
201800048604,0.0,99,0,0.0,2.0,8.0,0.0,B01
201800048604,0.0,20,0,0.0,6.0,7.0,16.0,A01
201800048605,2.0,40,71,0.0,1.0,2.0,1.0,A01
201800048606,2.0,33,0,0.0,2.0,1.0,2.0,B01
201800048606,2.0,7,0,0.0,2.0,3.0,19.0,A01
201800048607,1.0,7,0,0.0,2.0,7.0,15.0,A01
201800048607,1.0,33,0,0.0,2.0,7.0,1.0,B01
201800048608,1.0,7,0,0.0,1.0,1.0,0.0,A01
201800048609,0.0,1,0,0.0,2.0,4.0,0.0,B01
201800048609,0.0,7,0,0.0,2.0,1.0,0.0,A01
201800048610,1.0,7,0,0.0,2.0,3.0,1.0,A01
201800048610,1.0,32,0,0.0,2.0,9.0,1.0,B01
201800048610,1.0,7,0,0.0,2.0,7.0,1.0,C01
201800048611,1.0,7,0,0.0,1.0,3.0,8.0,A01
201800048612,2.0,14,0,0.0,1.0,7.0,1.0,A01
201800048613,1.0,7,0,0.0,2.0,7.0,0.0,B01
201800048613,1.0,33,0,0.0,2.0,8.0,18.0,A01
201800048614,2.0,7,0,0.0,2.0,2.0,1.0,B01
201800048614,1.0,10,0,0.0,2.0,1.0,19.0,A01
201800048615,0.0,10,0,0.0,6.0,2.0,19.0,A01
201800048615,0.0,1,0,0.0,2.0,7.0,0.0,B01
201800048616,1.0,99,0,0.0,2.0,2.0,8.0,A01
201800048616,1.0,7,0,0.0,0.0,3.0,0.0,B01
201800048617,0.0,7,0,0.0,2.0,1.0,1.0,A01
201800048617,0.0,7,0,0.0,2.0,8.0,1.0,B01
201800048618,1.0,7,0,0.0,6.0,1.0,15.0,A01
201800048618,2.0,1,0,0.0,2.0,8.0,1.0,B01
201800048619,1.0,7,0,0.0,1.0,1.0,1.0,A01
201800048620,1.0,7,0,0.0,1.0,1.0,1.0,A01
201800048621,2.0,7,0,1.0,1.0,3.0,15.0,A01
201800048622,0.0,10,0,0.0,2.0,6.0,24.0,A01
201800048622,1.0,33,0,1.0,0.0,2.0,1.0,B01
201800048623,2.0,7,0,0.0,1.0,1.0,1.0,A01
201800048624,2.0,33,0,0.0,2.0,4.0,1.0,B01
201800048624,2.0,7,0,0.0,2.0,1.0,1.0,A01
201800048625,2.0,7,0,0.0,2.0,6.0,15.0,B01
201800048625,1.0,7,0,0.0,2.0,3.0,1.0,A01
201800048626,0.0,7,0,1.0,0.0,2.0,16.0,A01
201800048627,2.0,30,0,0.0,0.0,0.0,0.0,A01
201800048628,1.0,7,0,0.0,1.0,1.0,1.0,A01
201800048629,2.0,34,0,0.0,0.0,1.0,12.0,A01
201800048630,2.0,99,0,0.0,2.0,1.0,15.0,A01
201800048630,1.0,33,0,0.0,2.0,8.0,1.0,B01
201800048631,1.0,7,0,0.0,2.0,1.0,15.0,A01
201800048631,0.0,10,0,0.0,2.0,3.0,23.0,C01
201800048631,2.0,7,0,0.0,2.0,8.0,1.0,B01
201800048632,1.0,7,0,0.0,2.0,1.0,15.0,A01
201800048632,1.0,7,0,0.0,2.0,8.0,1.0,B01
201800048633,2.0,10,0,0.0,1.0,1.0,15.0,A01
201800048634,1.0,7,0,0.0,1.0,1.0,0.0,A01
201800048635,2.0,7,0,0.0,2.0,7.0,15.0,A01
201800048635,1.0,1,0,0.0,2.0,1.0,1.0,B01
201800048636,2.0,10,0,0.0,1.0,2.0,1.0,A01
201800048637,2.0,1,0,0.0,2.0,1.0,15.0,B01
201800048637,2.0,7,0,0.0,6.0,5.0,1.0,A01
201800048638,1.0,7,0,0.0,2.0,3.0,1.0,B01
201800048638,2.0,7,0,0.0,2.0,1.0,15.0,A01
201800048639,1.0,7,0,0.0,2.0,6.0,1.0,A01
201800048639,1.0,99,0,0.0,2.0,1.0,1.0,B01
201800048640,2.0,37,2,0.0,2.0,4.0,1.0,B01
201800048640,2.0,7,0,0.0,2.0,1.0,2.0,A01
201800048641,1.0,7,0,0.0,2.0,3.0,1.0,B01
201800048641,2.0,7,0,0.0,2.0,2.0,15.0,A01
201800048642,0.0,7,0,0.0,2.0,0.0,0.0,B01
201800048642,0.0,7,0,14.0,2.0,1.0,0.0,A01
201800048643,1.0,7,0,0.0,2.0,7.0,16.0,A01
201800048643,1.0,31,0,0.0,2.0,8.0,16.0,B01
201800048644,0.0,7,0,3.0,2.0,8.0,1.0,B01
201800048644,0.0,7,0,0.0,2.0,2.0,1.0,A01
201800048645,0.0,10,0,0.0,0.0,1.0,19.0,A01
201800048646,1.0,30,0,0.0,2.0,7.0,19.0,A01
201800048646,1.0,7,0,0.0,2.0,1.0,1.0,B01
201800048647,1.0,7,0,0.0,1.0,1.0,1.0,A01
201800048648,1.0,7,0,14.0,1.0,1.0,1.0,A01
201800048649,2.0,7,0,0.0,2.0,1.0,1.0,B01
201800048649,2.0,7,0,0.0,2.0,2.0,1.0,A01
201800048650,1.0,7,0,0.0,1.0,1.0,1.0,A01
201800048651,0.0,7,0,0.0,2.0,1.0,0.0,A01
201800048652,1.0,7,0,0.0,1.0,1.0,0.0,A01
201800048653,1.0,30,0,0.0,0.0,0.0,0.0,A01
201800048654,0.0,7,0,0.0,2.0,0.0,2.0,A01
201800048654,0.0,7,0,0.0,2.0,0.0,0.0,B01
201800048655,1.0,7,0,0.0,2.0,6.0,1.0,A01
201800048655,1.0,7,0,0.0,2.0,1.0,1.0,B01
201800048656,1.0,7,0,14.0,0.0,1.0,1.0,A01
201800048656,1.0,7,0,0.0,0.0,4.0,23.0,B01
201800048657,0.0,7,0,0.0,2.0,0.0,0.0,B01
201800048657,0.0,7,0,0.0,2.0,7.0,15.0,A01
201800048658,1.0,7,0,0.0,2.0,1.0,15.0,B01
201800048658,1.0,16,0,0.0,2.0,8.0,9.0,A01
201800048659,0.0,7,0,0.0,1.0,0.0,15.0,A01
201800048660,0.0,1,0,0.0,2.0,1.0,1.0,B01
201800048660,0.0,32,0,0.0,2.0,1.0,5.0,Z01
201800048661,2.0,7,0,0.0,2.0,1.0,2.0,B01
201800048661,1.0,7,0,0.0,2.0,7.0,15.0,A01
201800048662,2.0,10,0,0.0,2.0,3.0,11.0,A01
201800048662,2.0,10,0,0.0,2.0,2.0,1.0,B01
201800048662,2.0,10,0,0.0,2.0,4.0,1.0,C01
201800048663,0.0,7,0,0.0,2.0,1.0,5.0,B01
201800048663,0.0,15,0,0.0,2.0,2.0,2.0,A01
201800048664,1.0,37,4,0.0,2.0,3.0,1.0,A01
201800048664,2.0,1,0,0.0,2.0,7.0,19.0,B01
201800048665,0.0,7,0,0.0,2.0,6.0,0.0,A01
201800048665,0.0,7,0,0.0,2.0,1.0,0.0,B01
201800048666,0.0,7,0,0.0,2.0,1.0,1.0,A01
201800048666,0.0,7,0,0.0,2.0,4.0,2.0,B01
201800048666,0.0,7,0,0.0,2.0,4.0,2.0,C01
201800048667,1.0,7,0,0.0,0.0,0.0,0.0,B01
201800048667,1.0,7,0,0.0,2.0,1.0,0.0,A01
201800048668,1.0,7,0,0.0,2.0,1.0,2.0,A01
201800048668,1.0,7,0,0.0,2.0,4.0,2.0,B01
201800048669,1.0,7,0,0.0,2.0,2.0,15.0,B01
201800048669,2.0,34,0,0.0,2.0,1.0,8.0,A01
201800048670,1.0,37,10,0.0,1.0,2.0,1.0,A01
201800048671,0.0,7,0,0.0,2.0,0.0,0.0,B01
201800048671,0.0,7,0,0.0,2.0,1.0,2.0,A01
201800048672,1.0,7,0,0.0,0.0,7.0,23.0,A01
201800048672,1.0,1,0,14.0,0.0,0.0,1.0,B01
201800048673,0.0,7,0,0.0,1.0,1.0,1.0,A01
201800048674,2.0,7,0,0.0,2.0,7.0,15.0,B01
201800048674,1.0,7,0,0.0,2.0,1.0,0.0,A01
201800048675,1.0,10,0,0.0,2.0,1.0,19.0,A01
201800048675,2.0,7,0,0.0,2.0,1.0,23.0,C01
201800048675,2.0,7,0,0.0,0.0,0.0,0.0,D01
201800048675,1.0,7,0,0.0,2.0,3.0,1.0,B01
201800048676,1.0,33,0,0.0,2.0,1.0,1.0,B01
201800048676,1.0,7,0,0.0,2.0,8.0,19.0,A01
201800048677,2.0,10,0,0.0,2.0,4.0,2.0,A01
201800048677,1.0,32,0,0.0,2.0,1.0,2.0,B01
201800048677,0.0,7,0,0.0,2.0,1.0,1.0,C01
201800048678,1.0,10,0,1.0,0.0,2.0,14.0,A01
201800048679,2.0,7,0,0.0,1.0,1.0,16.0,A01
201800048680,2.0,7,0,0.0,2.0,3.0,24.0,A01
201800048680,2.0,1,0,0.0,2.0,1.0,2.0,B01
201800048681,1.0,7,0,0.0,2.0,0.0,0.0,A01
201800048681,2.0,32,0,0.0,2.0,3.0,1.0,B01
201800048682,0.0,7,0,0.0,2.0,4.0,1.0,B01
201800048682,0.0,7,0,0.0,2.0,1.0,2.0,A01
201800048683,2.0,7,0,0.0,1.0,1.0,1.0,A01
201800048684,1.0,7,0,0.0,0.0,0.0,6.0,A01
201800048684,1.0,2,0,0.0,2.0,0.0,1.0,B01
201800048685,0.0,10,0,15.0,0.0,1.0,15.0,A01
201800048686,1.0,7,0,0.0,2.0,1.0,15.0,A01
201800048686,2.0,7,0,0.0,2.0,8.0,1.0,B01
201800048687,0.0,7,0,0.0,2.0,3.0,15.0,A01
201800048687,0.0,99,0,0.0,2.0,0.0,0.0,B01
201800048688,0.0,99,0,0.0,2.0,1.0,1.0,B01
201800048688,0.0,7,0,0.0,2.0,3.0,15.0,A01
201800048689,1.0,7,0,0.0,4.0,8.0,15.0,B01
201800048689,0.0,40,1,0.0,2.0,0.0,0.0,A01
201800048690,2.0,7,0,0.0,2.0,7.0,2.0,B01
201800048690,2.0,7,0,0.0,2.0,1.0,2.0,A01
201800048691,1.0,7,0,0.0,2.0,4.0,1.0,B01
201800048691,1.0,7,0,0.0,2.0,1.0,0.0,A01
201800048692,1.0,7,0,0.0,2.0,1.0,1.0,A01
201800048692,1.0,7,0,0.0,2.0,6.0,14.0,B01
201800048693,0.0,7,0,0.0,1.0,2.0,15.0,A01
201800048694,2.0,7,0,0.0,1.0,1.0,1.0,B01
201800048695,1.0,7,0,0.0,2.0,2.0,12.0,A01
201800048695,1.0,32,0,0.0,2.0,8.0,1.0,B01
201800048696,2.0,7,0,0.0,2.0,2.0,19.0,A01
201800048696,1.0,7,0,0.0,2.0,3.0,1.0,B01
201800048697,1.0,7,0,0.0,2.0,6.0,1.0,B01
201800048697,1.0,32,0,0.0,2.0,2.0,1.0,A01
201800048698,1.0,7,0,0.0,2.0,1.0,1.0,A01
201800048698,1.0,7,0,0.0,2.0,2.0,15.0,B01
201800048699,1.0,10,0,0.0,1.0,0.0,15.0,A01
201800048700,1.0,7,0,0.0,2.0,1.0,1.0,A01
201800048700,2.0,1,0,0.0,2.0,1.0,15.0,B01
201800048701,2.0,7,0,0.0,1.0,6.0,20.0,A01
201800048702,2.0,31,0,0.0,2.0,1.0,1.0,B01
201800048702,0.0,7,0,0.0,2.0,8.0,1.0,A01
201800048703,1.0,7,0,11.0,0.0,1.0,1.0,A01
201800048704,0.0,10,0,1.0,0.0,3.0,0.0,A01
201800048704,2.0,10,0,0.0,2.0,5.0,24.0,C01
201800048705,1.0,7,0,0.0,1.0,3.0,1.0,A01
201800048706,2.0,7,0,0.0,0.0,0.0,0.0,B01
201800048706,1.0,7,0,0.0,0.0,1.0,1.0,A01
201800048707,0.0,32,0,1.0,0.0,2.0,1.0,A01
201800048708,1.0,7,0,0.0,2.0,1.0,1.0,B01
201800048708,2.0,7,0,0.0,2.0,2.0,15.0,A01
201800048709,1.0,7,0,0.0,1.0,1.0,1.0,A01
201800048710,2.0,7,0,0.0,2.0,1.0,1.0,A01
201800048710,2.0,7,0,0.0,2.0,4.0,1.0,B01
201800048711,0.0,32,0,0.0,2.0,7.0,11.0,B01
201800048711,0.0,7,0,0.0,2.0,3.0,11.0,A01
201800048712,0.0,40,50,0.0,1.0,2.0,0.0,A01
201800048713,2.0,7,0,0.0,2.0,2.0,9.0,A01
201800048713,2.0,33,0,0.0,2.0,3.0,3.0,B01
201800048714,1.0,7,0,0.0,2.0,7.0,15.0,A01
201800048714,1.0,1,0,0.0,2.0,8.0,19.0,B01
201800048715,0.0,7,0,0.0,2.0,1.0,1.0,B01
201800048715,0.0,7,0,0.0,2.0,5.0,15.0,A01
201800048716,1.0,37,15,0.0,2.0,2.0,1.0,A01
201800048716,1.0,1,0,0.0,2.0,1.0,19.0,B01
201800048717,2.0,7,0,0.0,2.0,1.0,1.0,A01
201800048717,2.0,1,0,0.0,2.0,8.0,9.0,B01
201800048718,1.0,7,0,0.0,2.0,6.0,15.0,A01
201800048718,1.0,33,0,0.0,2.0,1.0,1.0,B01
201800048719,1.0,2,0,0.0,2.0,1.0,1.0,B01
201800048719,1.0,7,0,0.0,2.0,1.0,15.0,A01
201800048720,1.0,1,0,0.0,1.0,1.0,1.0,A01
201800048721,1.0,7,0,0.0,2.0,1.0,1.0,C01
201800048721,2.0,7,0,0.0,2.0,7.0,1.0,A01
201800048721,1.0,37,1,0.0,2.0,1.0,23.0,B01
201800048722,2.0,7,0,0.0,2.0,1.0,1.0,A01
201800048722,2.0,7,0,0.0,,8.0,1.0,B01
201800048723,0.0,1,0,0.0,2.0,4.0,13.0,A01
201800048723,0.0,34,0,0.0,6.0,1.0,0.0,B01
201800048724,0.0,1,0,0.0,0.0,0.0,0.0,A01
201800048725,0.0,3,0,9.0,0.0,1.0,0.0,A01
201800048726,0.0,7,0,0.0,6.0,2.0,16.0,A01
201800048726,0.0,1,0,0.0,2.0,1.0,1.0,B01
201800048727,1.0,40,15,0.0,1.0,7.0,20.0,A01
201800048728,1.0,30,0,0.0,2.0,8.0,1.0,A01
201800048728,1.0,7,0,0.0,2.0,7.0,16.0,B01
201800048729,1.0,7,0,0.0,2.0,1.0,15.0,A01
201800048729,2.0,7,0,0.0,2.0,1.0,1.0,B01
201800048730,0.0,32,0,0.0,2.0,1.0,1.0,A01
201800048730,0.0,7,0,0.0,0.0,0.0,23.0,B01
201800048731,0.0,2,0,12.0,0.0,1.0,2.0,A01
201800048731,0.0,7,0,0.0,0.0,0.0,15.0,B01
201800048732,1.0,30,0,0.0,0.0,0.0,0.0,A01
201800048733,1.0,99,0,0.0,0.0,0.0,0.0,A01
201800048734,2.0,7,0,8.0,0.0,9.0,1.0,A01
201800048735,2.0,7,0,0.0,2.0,1.0,17.0,A01
201800048735,2.0,99,0,0.0,2.0,8.0,15.0,B01
201800048736,2.0,7,0,0.0,2.0,0.0,22.0,A01
201800048736,2.0,1,0,1.0,0.0,1.0,1.0,B01
201800048737,1.0,7,0,0.0,2.0,2.0,13.0,A01
201800048737,2.0,7,0,0.0,2.0,3.0,1.0,B01
201800048738,2.0,30,0,0.0,2.0,1.0,21.0,A01
201800048738,2.0,7,0,0.0,2.0,4.0,2.0,B01
201800048739,1.0,99,0,0.0,1.0,1.0,1.0,A01
201800048740,0.0,7,0,0.0,1.0,2.0,15.0,A01
201800048741,2.0,7,0,0.0,2.0,1.0,1.0,A01
201800048741,1.0,7,0,0.0,2.0,7.0,1.0,B01
201800048742,1.0,10,0,0.0,6.0,8.0,16.0,A01
201800048742,1.0,99,0,0.0,2.0,1.0,1.0,Y01
201800048743,2.0,14,0,0.0,2.0,2.0,16.0,A01
201800048743,2.0,1,0,0.0,2.0,0.0,1.0,B01
201800048744,1.0,7,0,0.0,1.0,2.0,0.0,A01
201800048745,1.0,10,0,0.0,1.0,7.0,16.0,A01
201800048746,2.0,10,0,0.0,1.0,0.0,1.0,A01
201800048747,0.0,7,0,0.0,1.0,1.0,1.0,A01
201800048748,2.0,1,0,0.0,1.0,1.0,0.0,A01
201800048749,1.0,7,0,0.0,2.0,5.0,1.0,A01
201800048749,1.0,31,0,0.0,2.0,1.0,1.0,B01
201800048750,2.0,7,0,0.0,2.0,5.0,20.0,A01
201800048750,2.0,1,0,0.0,2.0,1.0,1.0,B01