Num_Acc,senc,catv,occutc,obs,obsm,choc,manv,num_veh
201800048751,0.0,7,0,0.0,2.0,6.0,10.0,A01
201800048751,0.0,33,0,0.0,2.0,1.0,17.0,B01
201800048752,2.0,7,0,0.0,1.0,1.0,1.0,A01
201800048753,2.0,7,0,0.0,2.0,1.0,1.0,B01
201800048753,2.0,7,0,0.0,2.0,3.0,1.0,A01
201800048754,1.0,7,0,0.0,2.0,1.0,1.0,A01
201800048754,1.0,33,0,0.0,2.0,8.0,1.0,B01
201800048755,2.0,7,0,0.0,2.0,6.0,1.0,A01
201800048755,2.0,7,0,0.0,2.0,2.0,1.0,B01
201800048756,2.0,10,0,0.0,1.0,2.0,16.0,A01
201800048757,1.0,10,0,0.0,1.0,1.0,0.0,A01
201800048758,1.0,7,0,0.0,2.0,3.0,1.0,A01
201800048758,2.0,7,0,0.0,2.0,6.0,1.0,B01
201800048759,0.0,33,0,0.0,2.0,3.0,11.0,A01
201800048759,0.0,7,0,0.0,2.0,1.0,1.0,B01
201800048760,0.0,32,0,0.0,0.0,7.0,19.0,A01
201800048761,1.0,2,0,0.0,2.0,1.0,1.0,B01
201800048761,2.0,7,0,0.0,2.0,2.0,1.0,A01
201800048762,0.0,99,0,0.0,0.0,0.0,1.0,A01
201800048763,0.0,7,0,0.0,2.0,2.0,9.0,A01
201800048763,0.0,2,0,0.0,2.0,1.0,1.0,B01
201800048764,1.0,7,0,0.0,2.0,1.0,2.0,A01
201800048764,2.0,7,0,0.0,2.0,3.0,2.0,B01
201800048765,1.0,10,0,0.0,2.0,0.0,0.0,A01
201800048765,1.0,7,0,0.0,2.0,4.0,1.0,B01
201800048765,1.0,7,0,0.0,2.0,4.0,1.0,C01
201800048766,1.0,7,0,0.0,4.0,3.0,15.0,A01
201800048766,1.0,40,10,0.0,2.0,2.0,1.0,B01
201800048767,0.0,7,0,0.0,2.0,1.0,2.0,A01
201800048767,0.0,7,0,0.0,2.0,4.0,1.0,B01
201800048768,2.0,7,0,0.0,1.0,1.0,1.0,A01
201800048769,2.0,7,0,0.0,1.0,1.0,1.0,A01
201800048770,1.0,1,0,0.0,2.0,1.0,19.0,A01
201800048770,1.0,7,0,0.0,6.0,8.0,1.0,B01
201800048771,2.0,7,0,0.0,2.0,1.0,2.0,A01
201800048771,2.0,7,0,0.0,2.0,4.0,1.0,B01
201800048771,2.0,7,0,0.0,2.0,4.0,1.0,C01
201800048772,2.0,7,0,0.0,2.0,1.0,1.0,A01
201800048772,2.0,1,0,0.0,2.0,7.0,19.0,B01
201800048773,1.0,7,0,0.0,2.0,4.0,20.0,A01
201800048773,1.0,1,0,0.0,2.0,1.0,0.0,B01
201800048774,0.0,7,0,0.0,2.0,1.0,1.0,A01
201800048774,0.0,99,0,0.0,2.0,1.0,15.0,B01
201800048775,0.0,7,0,0.0,6.0,1.0,16.0,A01
201800048775,0.0,1,0,0.0,2.0,1.0,19.0,B01
201800048776,2.0,7,0,0.0,2.0,2.0,1.0,B01
201800048776,1.0,7,0,0.0,2.0,1.0,19.0,A01
201800048777,0.0,99,0,0.0,2.0,0.0,0.0,B01
201800048777,0.0,7,0,0.0,2.0,3.0,15.0,A01
201800048778,1.0,7,0,0.0,2.0,6.0,11.0,A01
201800048778,1.0,7,0,0.0,2.0,0.0,0.0,B01
201800048779,0.0,7,0,0.0,2.0,1.0,2.0,A01
201800048779,0.0,7,0,0.0,2.0,4.0,2.0,B01
201800048780,2.0,7,0,0.0,2.0,3.0,1.0,B01
201800048780,1.0,7,0,0.0,2.0,1.0,15.0,A01
201800048781,2.0,30,0,0.0,2.0,1.0,1.0,A01
201800048781,2.0,7,0,0.0,2.0,4.0,1.0,B01
201800048782,2.0,7,0,0.0,2.0,8.0,15.0,A01
201800048782,2.0,33,0,0.0,2.0,1.0,2.0,B01
201800048783,2.0,30,0,0.0,2.0,1.0,21.0,A01
201800048783,2.0,7,0,0.0,2.0,5.0,0.0,B01
201800048784,2.0,2,0,0.0,2.0,8.0,1.0,A01
201800048784,1.0,7,0,0.0,2.0,1.0,1.0,B01
201800048785,0.0,7,0,1.0,0.0,2.0,14.0,A01
201800048786,1.0,30,0,0.0,2.0,1.0,16.0,A01
201800048786,1.0,10,0,0.0,2.0,1.0,1.0,B01
201800048787,0.0,14,0,0.0,1.0,0.0,0.0,A01
201800048788,1.0,7,0,0.0,1.0,1.0,1.0,A01
201800048789,0.0,7,0,0.0,2.0,3.0,13.0,A01
201800048789,0.0,30,0,0.0,2.0,2.0,0.0,B01
201800048790,2.0,7,0,0.0,0.0,8.0,1.0,A01
201800048791,1.0,7,0,0.0,2.0,5.0,23.0,B01
201800048791,1.0,7,0,0.0,2.0,4.0,23.0,C01
201800048791,1.0,7,0,0.0,2.0,1.0,2.0,A01
201800048792,1.0,7,0,0.0,2.0,4.0,0.0,C01
201800048792,1.0,34,0,0.0,2.0,1.0,1.0,B01
201800048792,1.0,7,0,0.0,2.0,1.0,2.0,A01
201800048793,1.0,33,0,7.0,0.0,1.0,2.0,A01
201800048794,2.0,7,0,0.0,2.0,5.0,11.0,A01
201800048794,2.0,33,0,0.0,2.0,1.0,3.0,B01
201800048795,1.0,7,0,0.0,2.0,4.0,23.0,C01
201800048795,1.0,7,0,0.0,2.0,4.0,2.0,B01
201800048795,1.0,7,0,0.0,2.0,1.0,2.0,A01
201800048796,1.0,33,0,0.0,2.0,8.0,3.0,B01
201800048796,1.0,7,0,0.0,2.0,2.0,12.0,A01
201800048797,1.0,7,0,4.0,0.0,2.0,21.0,A01
201800048798,2.0,10,0,0.0,2.0,5.0,12.0,A01
201800048798,2.0,7,0,0.0,2.0,5.0,1.0,C01
201800048798,2.0,33,0,0.0,2.0,8.0,3.0,B01
201800048799,1.0,7,0,0.0,2.0,1.0,2.0,A01
201800048799,1.0,7,0,0.0,2.0,4.0,23.0,B01
201800048799,1.0,17,0,0.0,2.0,4.0,23.0,C01
201800048800,2.0,10,0,3.0,0.0,1.0,13.0,A01
201800048801,1.0,7,0,0.0,2.0,4.0,23.0,D01
201800048801,1.0,7,0,0.0,6.0,1.0,23.0,B01
201800048801,1.0,10,0,0.0,2.0,1.0,2.0,A01
201800048801,1.0,7,0,0.0,2.0,4.0,23.0,C01
201800048801,1.0,7,0,0.0,2.0,4.0,23.0,E01
201800048802,2.0,7,0,3.0,0.0,1.0,1.0,A01
201800048803,1.0,7,0,4.0,0.0,3.0,13.0,A01
201800048804,1.0,7,0,4.0,0.0,3.0,13.0,A01
201800048805,1.0,7,0,0.0,2.0,4.0,9.0,A01
201800048805,1.0,17,0,0.0,2.0,1.0,2.0,B01
201800048806,2.0,33,0,0.0,2.0,7.0,3.0,B01
201800048806,2.0,10,0,0.0,2.0,8.0,11.0,A01
201800048807,1.0,7,0,14.0,0.0,1.0,12.0,A01
201800048808,1.0,7,0,0.0,2.0,7.0,12.0,A01
201800048808,1.0,33,0,0.0,2.0,8.0,3.0,B01
201800048809,2.0,10,0,0.0,2.0,2.0,14.0,A01
201800048809,2.0,7,0,0.0,2.0,8.0,1.0,B01
201800048810,2.0,17,0,0.0,2.0,4.0,23.0,B01
201800048810,2.0,10,0,0.0,2.0,1.0,2.0,A01
201800048811,2.0,7,0,0.0,2.0,2.0,1.0,B01
201800048811,2.0,7,0,0.0,2.0,6.0,11.0,A01
201800048812,2.0,15,0,0.0,2.0,2.0,12.0,A01
201800048812,2.0,10,0,0.0,2.0,2.0,1.0,C01
201800048812,2.0,7,0,0.0,2.0,6.0,1.0,B01
201800048813,1.0,7,0,0.0,2.0,3.0,2.0,A01
201800048813,1.0,7,0,0.0,2.0,4.0,23.0,D01
201800048813,1.0,7,0,0.0,2.0,1.0,2.0,B01
201800048813,1.0,7,0,0.0,2.0,4.0,2.0,C01
201800048814,1.0,7,0,0.0,2.0,2.0,12.0,A01
201800048814,1.0,33,0,0.0,2.0,8.0,1.0,B01
201800048815,1.0,17,0,0.0,2.0,0.0,12.0,A01
201800048815,1.0,7,0,0.0,2.0,3.0,1.0,B01
201800048816,2.0,32,0,3.0,2.0,7.0,3.0,B01
201800048816,2.0,7,0,0.0,2.0,3.0,9.0,C01
201800048816,2.0,7,0,0.0,2.0,8.0,11.0,A01
201800048817,1.0,7,0,4.0,0.0,1.0,13.0,A01
201800048818,2.0,7,0,0.0,2.0,2.0,2.0,A01
201800048818,2.0,30,0,0.0,2.0,4.0,2.0,B01
201800048819,1.0,33,0,0.0,0.0,0.0,17.0,A01
201800048820,1.0,17,0,0.0,2.0,6.0,1.0,C01
201800048820,1.0,33,0,0.0,2.0,8.0,3.0,B01
201800048820,1.0,10,0,0.0,2.0,5.0,12.0,A01
201800048821,1.0,7,0,0.0,2.0,8.0,11.0,A01
201800048821,1.0,33,0,0.0,2.0,7.0,3.0,B01
201800048822,2.0,7,0,0.0,2.0,4.0,2.0,B01
201800048822,2.0,7,0,0.0,2.0,1.0,2.0,A01
201800048823,1.0,17,0,0.0,2.0,1.0,2.0,A01
201800048823,1.0,7,0,0.0,2.0,4.0,2.0,B01
201800048824,1.0,10,0,0.0,2.0,1.0,1.0,C01
201800048824,1.0,7,0,0.0,2.0,4.0,2.0,B01
201800048824,1.0,15,0,0.0,2.0,1.0,2.0,A01
201800048825,1.0,7,0,0.0,2.0,4.0,2.0,B01
201800048825,1.0,10,0,0.0,2.0,1.0,2.0,A01
201800048826,2.0,7,0,0.0,2.0,5.0,23.0,B01
201800048826,2.0,10,0,0.0,2.0,1.0,2.0,A01
201800048827,2.0,7,0,0.0,2.0,4.0,2.0,B01
201800048827,2.0,10,0,0.0,2.0,1.0,2.0,A01
201800048827,2.0,7,0,0.0,2.0,4.0,2.0,C01
201800048828,2.0,7,0,0.0,2.0,4.0,2.0,B01
201800048828,2.0,7,0,0.0,2.0,1.0,2.0,A01
201800048829,2.0,7,0,0.0,2.0,7.0,14.0,A01
201800048829,2.0,7,0,0.0,2.0,3.0,1.0,B01
201800048830,1.0,7,0,0.0,2.0,1.0,2.0,A01
201800048830,1.0,7,0,0.0,2.0,4.0,2.0,B01
201800048831,2.0,33,0,0.0,2.0,8.0,1.0,B01
201800048831,2.0,7,0,0.0,2.0,2.0,12.0,A01
201800048832,1.0,17,0,0.0,2.0,4.0,1.0,C01
201800048832,1.0,16,0,0.0,2.0,1.0,2.0,A01
201800048832,1.0,10,0,0.0,2.0,4.0,2.0,B01
201800048833,1.0,7,0,4.0,0.0,1.0,13.0,A01
201800048834,2.0,7,0,0.0,2.0,1.0,2.0,A01
201800048834,2.0,10,0,0.0,2.0,6.0,23.0,B01
201800048834,2.0,7,0,0.0,2.0,4.0,23.0,C01
201800048835,1.0,7,0,3.0,2.0,4.0,2.0,B01
201800048835,1.0,7,0,0.0,2.0,1.0,2.0,A01
201800048836,2.0,17,0,0.0,2.0,1.0,2.0,A01
201800048836,2.0,10,0,0.0,2.0,4.0,1.0,B01
201800048837,1.0,7,0,0.0,2.0,5.0,1.0,B01
201800048837,1.0,7,0,0.0,2.0,3.0,12.0,A01
201800048838,1.0,7,0,0.0,2.0,4.0,23.0,B01
201800048838,1.0,7,0,0.0,2.0,4.0,23.0,C01
201800048838,1.0,14,0,0.0,2.0,1.0,2.0,A01
201800048839,1.0,7,0,3.0,2.0,7.0,17.0,A01
201800048839,1.0,7,0,0.0,2.0,1.0,1.0,B01
201800048840,2.0,31,0,0.0,0.0,8.0,3.0,A01
201800048841,2.0,7,0,0.0,2.0,4.0,11.0,B01
201800048841,2.0,33,0,0.0,2.0,1.0,1.0,A01
201800048842,2.0,7,0,4.0,2.0,2.0,9.0,A01
201800048842,2.0,17,0,0.0,2.0,7.0,0.0,B01
201800048843,1.0,31,0,0.0,2.0,7.0,3.0,A01
201800048843,1.0,7,0,0.0,2.0,5.0,11.0,B01
201800048844,1.0,33,0,0.0,2.0,3.0,3.0,A01
201800048844,1.0,7,0,0.0,2.0,4.0,1.0,B01
201800048845,2.0,7,0,0.0,2.0,4.0,2.0,B01
201800048845,2.0,7,0,0.0,2.0,1.0,2.0,A01
201800048846,1.0,7,0,0.0,2.0,4.0,2.0,B01
201800048846,1.0,7,0,0.0,2.0,4.0,2.0,C01
201800048846,1.0,10,0,0.0,2.0,1.0,2.0,A01
201800048847,1.0,7,0,0.0,2.0,4.0,2.0,C01
201800048847,1.0,7,0,0.0,2.0,4.0,2.0,B01
201800048847,1.0,7,0,0.0,2.0,4.0,2.0,D01
201800048847,1.0,7,0,0.0,2.0,1.0,2.0,A01
201800048848,1.0,33,0,0.0,2.0,7.0,3.0,B01
201800048848,1.0,7,0,0.0,2.0,6.0,21.0,A01
201800048849,1.0,7,0,0.0,2.0,1.0,2.0,A01
201800048849,1.0,7,0,0.0,2.0,4.0,23.0,B01
201800048849,1.0,7,0,0.0,2.0,4.0,23.0,C01
201800048850,1.0,7,0,4.0,0.0,3.0,13.0,A01
201800048851,1.0,17,0,0.0,2.0,2.0,12.0,A01
201800048851,1.0,7,0,0.0,2.0,8.0,1.0,B01
201800048851,1.0,7,0,4.0,2.0,1.0,1.0,C01
201800048852,2.0,7,0,0.0,2.0,1.0,2.0,Z01
201800048852,2.0,7,0,3.0,2.0,4.0,2.0,A01
201800048853,1.0,10,0,0.0,2.0,4.0,2.0,B01
201800048853,1.0,10,0,0.0,2.0,1.0,2.0,A01
201800048854,1.0,7,0,4.0,2.0,6.0,9.0,B01
201800048854,1.0,15,0,0.0,2.0,2.0,12.0,A01
201800048855,1.0,33,0,0.0,2.0,2.0,3.0,B01
201800048855,1.0,7,0,0.0,2.0,6.0,11.0,A01
201800048856,2.0,7,0,0.0,2.0,1.0,2.0,A01
201800048856,2.0,7,0,0.0,2.0,4.0,1.0,B01
201800048857,2.0,7,0,0.0,2.0,6.0,11.0,A01
201800048857,2.0,7,0,4.0,2.0,2.0,1.0,B01
201800048858,1.0,7,0,0.0,2.0,7.0,12.0,B01
201800048858,1.0,33,0,0.0,2.0,1.0,3.0,A01
201800048859,2.0,7,0,7.0,0.0,1.0,14.0,A01
201800048860,1.0,7,0,3.0,2.0,1.0,9.0,A01
201800048860,1.0,10,0,3.0,2.0,7.0,1.0,B01
201800048861,1.0,7,0,0.0,2.0,4.0,1.0,B01
201800048861,1.0,17,0,0.0,2.0,1.0,2.0,A01
201800048862,2.0,34,0,0.0,2.0,2.0,3.0,B01
201800048862,2.0,10,0,0.0,2.0,8.0,11.0,A01
201800048863,1.0,7,0,0.0,2.0,4.0,2.0,C01
201800048863,1.0,7,0,0.0,2.0,4.0,23.0,B01
201800048863,1.0,7,0,0.0,2.0,1.0,1.0,A01
201800048864,2.0,7,0,3.0,2.0,2.0,1.0,B01
201800048864,2.0,7,0,0.0,2.0,6.0,11.0,Z01
201800048865,2.0,7,0,0.0,2.0,4.0,23.0,B01
201800048865,2.0,10,0,0.0,2.0,1.0,2.0,A01
201800048866,2.0,7,0,0.0,2.0,5.0,1.0,C01
201800048866,2.0,7,0,0.0,2.0,3.0,11.0,A01
201800048866,2.0,33,0,0.0,2.0,7.0,3.0,B01
201800048867,2.0,7,0,0.0,2.0,1.0,2.0,A01
201800048867,2.0,7,0,0.0,2.0,4.0,2.0,B01
201800048868,2.0,7,0,3.0,2.0,1.0,21.0,B01
201800048868,2.0,7,0,3.0,2.0,1.0,9.0,A01
201800048869,1.0,7,0,3.0,0.0,1.0,1.0,A01
201800048870,2.0,7,0,0.0,2.0,4.0,2.0,B01
201800048870,2.0,7,0,0.0,2.0,1.0,2.0,A01
201800048871,2.0,7,0,0.0,2.0,8.0,1.0,B01
201800048871,2.0,17,0,0.0,2.0,2.0,12.0,A01
201800048872,2.0,10,0,0.0,2.0,3.0,23.0,B01
201800048872,2.0,15,0,0.0,2.0,8.0,1.0,A01
201800048873,1.0,7,0,0.0,2.0,4.0,2.0,B01
201800048873,1.0,7,0,0.0,2.0,1.0,2.0,A01
201800048874,2.0,7,0,0.0,2.0,4.0,2.0,C01
201800048874,2.0,7,0,0.0,2.0,4.0,2.0,B01
201800048874,2.0,7,0,0.0,2.0,1.0,2.0,A01
201800048875,2.0,7,0,0.0,2.0,4.0,23.0,C01
201800048875,2.0,7,0,0.0,2.0,1.0,2.0,A01
201800048875,2.0,7,0,0.0,2.0,4.0,23.0,B01
201800048876,1.0,7,0,0.0,2.0,1.0,2.0,A01
201800048876,1.0,7,0,3.0,2.0,4.0,2.0,B01
201800048877,1.0,7,0,0.0,2.0,1.0,2.0,A01
201800048877,1.0,14,0,0.0,2.0,4.0,1.0,B01
201800048878,1.0,33,0,0.0,2.0,7.0,3.0,B01
201800048878,1.0,7,0,0.0,2.0,6.0,11.0,A01
201800048879,1.0,14,0,0.0,2.0,3.0,2.0,A01
201800048879,1.0,17,0,7.0,2.0,5.0,2.0,B01
201800048880,1.0,33,0,3.0,2.0,1.0,3.0,B01
201800048880,1.0,7,0,0.0,2.0,3.0,11.0,A01
201800048881,1.0,7,0,15.0,0.0,2.0,14.0,A01
201800048882,2.0,7,0,0.0,2.0,4.0,23.0,C01
201800048882,2.0,10,0,0.0,2.0,1.0,2.0,A01
201800048882,2.0,7,0,0.0,2.0,4.0,23.0,B01
201800048883,2.0,7,0,0.0,2.0,1.0,2.0,A01
201800048883,2.0,7,0,0.0,2.0,4.0,1.0,B01
201800048884,2.0,7,0,0.0,2.0,1.0,2.0,A01
201800048884,2.0,10,0,0.0,2.0,4.0,23.0,B01
201800048884,2.0,7,0,0.0,2.0,4.0,23.0,C01
201800048884,2.0,7,0,0.0,2.0,4.0,23.0,D01
201800048885,1.0,33,0,0.0,2.0,2.0,21.0,D01
201800048885,1.0,17,0,0.0,2.0,3.0,1.0,B01
201800048885,1.0,7,0,4.0,2.0,5.0,12.0,A01
201800048885,1.0,7,0,0.0,2.0,6.0,23.0,C01
201800048886,2.0,10,0,4.0,0.0,9.0,14.0,A01
201800048887,2.0,7,0,4.0,2.0,1.0,1.0,C01
201800048887,2.0,15,0,0.0,2.0,0.0,13.0,Z01
201800048887,2.0,7,0,4.0,2.0,7.0,1.0,B01
201800048888,1.0,7,0,3.0,0.0,1.0,13.0,A01
201800048889,1.0,7,0,4.0,2.0,6.0,1.0,B01
201800048889,1.0,7,0,0.0,2.0,2.0,14.0,A01
201800048890,1.0,7,0,3.0,2.0,6.0,1.0,B01
201800048890,1.0,17,0,0.0,2.0,2.0,12.0,A01
201800048891,1.0,7,0,0.0,2.0,4.0,23.0,C01
201800048891,1.0,7,0,0.0,2.0,1.0,2.0,A01
201800048891,1.0,7,0,0.0,2.0,4.0,23.0,D01
201800048891,1.0,7,0,0.0,2.0,4.0,23.0,B01
201800048891,1.0,7,0,0.0,2.0,4.0,23.0,E01
201800048892,2.0,7,0,0.0,2.0,6.0,2.0,B01
201800048892,2.0,17,0,0.0,2.0,3.0,12.0,A01
201800048893,2.0,33,0,0.0,2.0,3.0,1.0,B01
201800048893,2.0,7,0,0.0,2.0,5.0,12.0,A01
201800048894,2.0,7,0,0.0,2.0,4.0,2.0,C01
201800048894,2.0,7,0,3.0,2.0,4.0,23.0,B01
201800048894,2.0,7,0,3.0,2.0,3.0,2.0,A01
201800048895,1.0,10,0,0.0,2.0,4.0,1.0,B01
201800048895,1.0,17,0,0.0,2.0,2.0,2.0,A01
201800048896,2.0,7,0,4.0,0.0,1.0,13.0,A01
201800048897,2.0,32,0,0.0,2.0,4.0,2.0,B01
201800048897,2.0,7,0,0.0,2.0,2.0,2.0,A01
201800048898,2.0,17,0,0.0,2.0,2.0,1.0,B01
201800048898,2.0,7,0,0.0,2.0,8.0,9.0,A01
201800048899,1.0,17,0,0.0,2.0,4.0,2.0,B01
201800048899,1.0,17,0,0.0,2.0,1.0,2.0,A01
201800048900,2.0,7,0,0.0,2.0,4.0,23.0,C01
201800048900,2.0,7,0,0.0,2.0,1.0,2.0,A01
201800048900,2.0,7,0,0.0,2.0,4.0,23.0,B01
201800048901,2.0,7,0,0.0,2.0,1.0,13.0,A01
201800048901,2.0,7,0,0.0,2.0,4.0,1.0,B01
201800048902,2.0,10,0,0.0,2.0,3.0,2.0,A01
201800048902,2.0,7,0,0.0,2.0,4.0,2.0,D01
201800048902,2.0,7,0,0.0,2.0,4.0,2.0,B01
201800048902,2.0,7,0,0.0,2.0,4.0,2.0,C01
201800048903,2.0,7,0,0.0,2.0,3.0,11.0,A01
201800048903,2.0,33,0,0.0,2.0,7.0,3.0,B01
201800048904,1.0,7,0,0.0,2.0,5.0,1.0,B01
201800048904,1.0,33,0,0.0,2.0,3.0,3.0,A01
201800048905,1.0,10,0,0.0,2.0,1.0,2.0,A01
201800048905,1.0,17,0,0.0,2.0,4.0,1.0,B01
201800048906,2.0,7,0,0.0,2.0,1.0,1.0,C01
201800048906,2.0,7,0,4.0,2.0,0.0,21.0,B01
201800048906,2.0,7,0,0.0,2.0,0.0,9.0,A01
201800048907,1.0,7,0,3.0,2.0,1.0,13.0,A01
201800048907,1.0,7,0,0.0,2.0,2.0,1.0,B01
201800048908,1.0,7,0,0.0,2.0,1.0,2.0,A01
201800048908,1.0,7,0,0.0,2.0,4.0,2.0,B01
201800048909,2.0,33,0,0.0,0.0,7.0,3.0,A01
201800048910,1.0,10,0,0.0,2.0,0.0,0.0,D01
201800048910,1.0,17,0,0.0,2.0,7.0,14.0,C01
201800048910,1.0,7,0,0.0,2.0,0.0,0.0,A01
201800048910,1.0,7,0,0.0,2.0,6.0,2.0,B01
201800048911,2.0,17,0,13.0,0.0,0.0,14.0,A01
201800048912,2.0,14,0,0.0,2.0,2.0,1.0,B01
201800048912,2.0,7,0,0.0,2.0,6.0,9.0,A01
201800048913,1.0,10,0,0.0,2.0,1.0,1.0,A01
201800048913,1.0,7,0,0.0,2.0,6.0,23.0,C01
201800048913,1.0,7,0,4.0,2.0,4.0,23.0,B01
201800048914,1.0,7,0,0.0,2.0,4.0,23.0,D01
201800048914,1.0,7,0,0.0,2.0,4.0,23.0,B01
201800048914,1.0,10,0,0.0,2.0,1.0,2.0,A01
201800048914,1.0,7,0,0.0,2.0,4.0,23.0,E01
201800048914,1.0,7,0,0.0,2.0,4.0,23.0,C01
201800048915,1.0,33,0,4.0,2.0,1.0,1.0,B01
201800048915,1.0,7,0,0.0,2.0,8.0,1.0,C01
201800048915,1.0,7,0,0.0,2.0,6.0,11.0,A01
201800048915,1.0,7,0,0.0,2.0,4.0,1.0,D01
201800048916,1.0,17,0,0.0,2.0,2.0,12.0,A01
201800048916,1.0,7,0,5.0,2.0,6.0,1.0,B01
201800048917,1.0,7,0,0.0,2.0,1.0,14.0,A01
201800048917,1.0,7,0,0.0,2.0,4.0,1.0,B01
201800048918,2.0,7,0,3.0,0.0,3.0,13.0,A01
201800048919,1.0,7,0,0.0,2.0,6.0,23.0,B01
201800048919,1.0,33,0,0.0,2.0,1.0,21.0,A01
201800048920,1.0,7,0,0.0,2.0,1.0,2.0,A01
201800048920,1.0,7,0,0.0,2.0,4.0,1.0,B01
201800048921,1.0,32,0,4.0,2.0,2.0,1.0,B01
201800048921,1.0,7,0,0.0,2.0,6.0,11.0,A01
201800048922,1.0,7,0,3.0,0.0,1.0,13.0,A01
201800048923,2.0,7,0,0.0,2.0,5.0,23.0,C01
201800048923,2.0,7,0,0.0,2.0,1.0,2.0,A01
201800048923,2.0,7,0,0.0,2.0,4.0,23.0,B01
201800048924,2.0,10,0,0.0,2.0,6.0,1.0,C01
201800048924,2.0,7,0,0.0,2.0,7.0,12.0,A01
201800048924,2.0,33,0,0.0,2.0,8.0,3.0,B01
201800048925,1.0,7,0,0.0,2.0,4.0,1.0,B01
201800048925,1.0,33,0,0.0,2.0,1.0,2.0,A01
201800048926,1.0,7,0,0.0,2.0,1.0,1.0,C01
201800048926,1.0,7,0,0.0,2.0,6.0,1.0,B01
201800048926,1.0,7,0,0.0,2.0,1.0,12.0,A01
201800048927,1.0,7,0,0.0,2.0,4.0,2.0,B01
201800048927,1.0,7,0,0.0,2.0,1.0,2.0,A01
201800048928,1.0,7,0,0.0,2.0,4.0,12.0,B01
201800048928,1.0,33,0,0.0,2.0,1.0,1.0,A01
201800048929,2.0,7,0,0.0,2.0,4.0,23.0,B01
201800048929,2.0,7,0,0.0,2.0,4.0,23.0,C01
201800048929,2.0,7,0,0.0,2.0,4.0,23.0,D01
201800048929,2.0,7,0,0.0,2.0,1.0,2.0,A01
201800048930,1.0,17,0,0.0,2.0,2.0,12.0,A01
201800048930,1.0,7,0,0.0,2.0,6.0,1.0,B01
201800048931,1.0,7,0,0.0,2.0,7.0,12.0,A01
201800048931,1.0,32,0,0.0,2.0,1.0,3.0,B01
201800048932,2.0,10,0,0.0,2.0,1.0,2.0,A01
201800048932,2.0,10,0,0.0,2.0,4.0,23.0,B01
201800048932,2.0,7,0,0.0,2.0,4.0,23.0,C01
201800048932,2.0,7,0,0.0,2.0,4.0,23.0,D01
201800048933,2.0,33,0,0.0,2.0,1.0,3.0,A01
201800048933,2.0,7,0,0.0,2.0,0.0,1.0,B01
201800048934,1.0,7,0,0.0,2.0,1.0,2.0,A01
201800048934,1.0,7,0,0.0,2.0,4.0,2.0,C01
201800048934,1.0,7,0,0.0,2.0,4.0,2.0,B01
201800048935,1.0,14,0,0.0,2.0,2.0,1.0,A01
201800048935,1.0,7,0,0.0,0.0,1.0,9.0,B01
201800048936,1.0,7,0,4.0,0.0,1.0,19.0,A01
201800048937,1.0,34,0,0.0,0.0,8.0,0.0,A01
201800048938,2.0,33,0,0.0,2.0,3.0,1.0,B01
201800048938,2.0,7,0,0.0,2.0,5.0,1.0,C01
201800048938,2.0,7,0,0.0,2.0,8.0,11.0,A01
201800048939,1.0,7,0,5.0,0.0,1.0,14.0,A01
201800048940,2.0,17,0,0.0,2.0,1.0,1.0,C01
201800048940,2.0,7,0,0.0,2.0,6.0,1.0,B01
201800048940,2.0,10,0,3.0,2.0,2.0,14.0,A01
201800048940,2.0,7,0,0.0,2.0,4.0,1.0,D01
201800048941,2.0,10,0,14.0,0.0,1.0,14.0,A01
201800048942,1.0,7,0,0.0,2.0,1.0,2.0,A01
201800048942,1.0,7,0,0.0,2.0,4.0,2.0,C01
201800048942,1.0,7,0,0.0,2.0,4.0,2.0,B01
201800048943,2.0,7,0,0.0,2.0,1.0,2.0,A01
201800048943,2.0,7,0,0.0,2.0,4.0,1.0,B01
201800048944,2.0,7,0,0.0,2.0,4.0,1.0,B01
201800048944,2.0,7,0,0.0,2.0,1.0,2.0,A01
201800048945,1.0,7,0,0.0,2.0,4.0,2.0,B01
201800048945,1.0,7,0,0.0,2.0,1.0,1.0,A01
201800048946,2.0,7,0,0.0,2.0,6.0,1.0,B01
201800048946,2.0,33,0,0.0,2.0,1.0,3.0,A01
201800048947,1.0,14,0,0.0,2.0,0.0,1.0,B01
201800048947,1.0,17,0,0.0,2.0,1.0,11.0,A01
201800048947,1.0,17,0,0.0,2.0,1.0,1.0,C01
201800048948,2.0,7,0,0.0,2.0,6.0,11.0,A01
201800048948,2.0,7,0,4.0,2.0,2.0,1.0,B01
201800048949,2.0,7,0,0.0,2.0,4.0,1.0,B01
201800048949,2.0,7,0,0.0,2.0,1.0,2.0,A01
201800048950,1.0,33,0,0.0,2.0,8.0,1.0,B01
201800048950,1.0,7,0,0.0,2.0,2.0,12.0,A01
201800048950,1.0,10,0,0.0,2.0,6.0,1.0,C01
201800048951,2.0,7,0,0.0,2.0,1.0,2.0,A01
201800048951,2.0,7,0,0.0,2.0,4.0,1.0,B01
201800048952,1.0,7,0,0.0,2.0,4.0,1.0,B01
201800048952,1.0,7,0,0.0,2.0,1.0,2.0,A01
201800048952,1.0,7,0,0.0,2.0,1.0,2.0,C01
201800048953,2.0,7,0,0.0,2.0,1.0,2.0,A01
201800048953,2.0,17,0,0.0,2.0,4.0,0.0,B01
201800048954,1.0,7,0,0.0,2.0,1.0,2.0,A01