Num_Acc,senc,catv,occutc,obs,obsm,choc,manv,num_veh
201800049153,2.0,17,0,0.0,2.0,3.0,2.0,B01
201800049154,2.0,7,0,0.0,2.0,4.0,2.0,A01
201800049154,2.0,7,0,0.0,2.0,4.0,2.0,B01
201800049154,2.0,7,0,0.0,2.0,4.0,2.0,C01
201800049154,2.0,7,0,0.0,2.0,1.0,2.0,D01
201800049155,2.0,7,0,3.0,0.0,0.0,13.0,A01
201800049156,2.0,33,0,0.0,2.0,1.0,2.0,A01
201800049156,2.0,7,0,0.0,2.0,4.0,2.0,B01
201800049157,2.0,33,0,0.0,2.0,1.0,3.0,B01
201800049157,2.0,7,0,0.0,2.0,6.0,12.0,A01
201800049158,1.0,7,0,1.0,2.0,2.0,1.0,B01
201800049158,1.0,7,0,3.0,2.0,6.0,23.0,A01
201800049159,2.0,7,0,0.0,2.0,1.0,2.0,B01
201800049159,2.0,7,0,0.0,2.0,5.0,23.0,A01
201800049160,2.0,7,0,0.0,2.0,4.0,23.0,B01
201800049160,2.0,7,0,0.0,2.0,1.0,2.0,C01
201800049160,2.0,7,0,0.0,2.0,4.0,23.0,A01
201800049161,1.0,7,0,0.0,2.0,4.0,1.0,A01
201800049161,1.0,33,0,0.0,2.0,1.0,2.0,B01
201800049162,0.0,7,0,12.0,0.0,3.0,16.0,A01
201800049163,1.0,7,0,0.0,2.0,2.0,21.0,A01
201800049163,1.0,7,0,0.0,2.0,6.0,0.0,B01
201800049164,1.0,7,0,0.0,2.0,8.0,1.0,A01
201800049164,1.0,15,0,0.0,2.0,2.0,12.0,B01
201800049165,2.0,15,0,16.0,0.0,0.0,11.0,C01
201800049165,2.0,7,0,0.0,2.0,4.0,2.0,A01
201800049165,2.0,31,0,0.0,2.0,1.0,2.0,B01
201800049166,1.0,17,0,0.0,2.0,4.0,23.0,A01
201800049166,1.0,7,0,0.0,2.0,4.0,23.0,B01
201800049166,1.0,10,0,0.0,2.0,1.0,2.0,C01
201800049167,2.0,7,0,0.0,2.0,4.0,2.0,A01
201800049167,2.0,7,0,0.0,2.0,1.0,0.0,B01
201800049167,2.0,10,0,0.0,2.0,1.0,2.0,C01
201800049168,2.0,7,0,3.0,2.0,1.0,1.0,A01
201800049168,2.0,7,0,14.0,0.0,1.0,1.0,C01
201800049168,2.0,14,0,14.0,0.0,3.0,1.0,B01
201800049169,1.0,10,0,0.0,2.0,1.0,15.0,B01
201800049169,1.0,7,0,0.0,2.0,3.0,1.0,A01
201800049170,2.0,7,0,0.0,2.0,8.0,1.0,A01
201800049170,2.0,15,0,0.0,2.0,2.0,12.0,B01
201800049171,2.0,7,0,3.0,2.0,6.0,1.0,A01
201800049171,2.0,17,0,0.0,2.0,2.0,0.0,B01
201800049172,1.0,7,0,2.0,0.0,1.0,0.0,A01
201800049173,0.0,7,0,0.0,2.0,1.0,1.0,C01
201800049173,0.0,7,0,0.0,2.0,4.0,2.0,B01
201800049173,0.0,7,0,0.0,2.0,1.0,13.0,A01
201800049174,1.0,14,0,0.0,2.0,5.0,2.0,B01
201800049174,1.0,17,0,0.0,2.0,1.0,2.0,C01
201800049174,1.0,15,0,0.0,2.0,4.0,2.0,A01
201800049175,0.0,7,0,6.0,0.0,3.0,1.0,A01
201800049176,1.0,7,0,0.0,2.0,1.0,2.0,C01
201800049176,1.0,7,0,0.0,2.0,4.0,2.0,B01
201800049176,1.0,7,0,0.0,2.0,4.0,2.0,A01
201800049177,1.0,7,0,0.0,2.0,4.0,1.0,A01
201800049177,1.0,7,0,0.0,2.0,1.0,1.0,C01
201800049177,1.0,7,0,0.0,2.0,4.0,2.0,B01
201800049178,1.0,7,0,4.0,2.0,2.0,1.0,A01
201800049178,1.0,7,0,0.0,2.0,8.0,11.0,Z01
201800049179,2.0,7,0,0.0,2.0,1.0,2.0,B01
201800049179,2.0,7,0,0.0,2.0,4.0,1.0,A01
201800049180,2.0,7,0,0.0,2.0,4.0,2.0,A01
201800049180,2.0,7,0,0.0,2.0,1.0,2.0,B01
201800049181,2.0,7,0,0.0,2.0,4.0,0.0,A01
201800049181,2.0,7,0,0.0,2.0,6.0,2.0,B01
201800049181,2.0,10,0,0.0,2.0,2.0,2.0,C01
201800049182,1.0,7,0,3.0,0.0,3.0,1.0,A01
201800049183,1.0,14,0,0.0,2.0,3.0,23.0,A01
201800049183,1.0,7,0,0.0,2.0,1.0,12.0,C01
201800049183,1.0,7,0,0.0,2.0,3.0,23.0,B01
201800049184,2.0,7,0,0.0,2.0,1.0,2.0,B01
201800049184,2.0,7,0,0.0,2.0,4.0,2.0,A01
201800049185,1.0,7,0,0.0,2.0,6.0,1.0,A01
201800049185,1.0,7,0,0.0,2.0,7.0,1.0,C01
201800049185,1.0,15,0,0.0,2.0,2.0,12.0,B01
201800049186,1.0,7,0,0.0,2.0,4.0,23.0,B01
201800049186,1.0,17,0,0.0,2.0,1.0,2.0,C01
201800049186,1.0,7,0,0.0,2.0,4.0,23.0,A01
201800049187,1.0,7,0,0.0,2.0,5.0,1.0,A01
201800049187,1.0,7,0,0.0,2.0,3.0,23.0,D01
201800049187,1.0,37,2,0.0,2.0,3.0,13.0,B01
201800049187,1.0,7,0,0.0,2.0,4.0,23.0,C01
201800049188,0.0,7,0,0.0,2.0,1.0,5.0,A01
201800049188,0.0,7,0,1.0,2.0,1.0,1.0,B01
201800049188,0.0,7,0,0.0,2.0,1.0,1.0,C01
201800049189,1.0,7,0,0.0,2.0,2.0,17.0,A01
201800049189,1.0,7,0,0.0,2.0,6.0,1.0,B01
201800049190,1.0,7,0,0.0,2.0,1.0,2.0,B01
201800049190,1.0,7,0,0.0,2.0,1.0,2.0,E01
201800049190,1.0,7,0,0.0,2.0,1.0,2.0,A01
201800049190,1.0,7,0,0.0,2.0,4.0,2.0,C01
201800049190,1.0,7,0,0.0,2.0,1.0,2.0,D01
201800049191,1.0,33,0,3.0,0.0,0.0,1.0,A01
201800049192,2.0,7,0,4.0,0.0,1.0,13.0,A01
201800049193,2.0,7,0,3.0,0.0,1.0,17.0,A01
201800049194,1.0,17,0,0.0,2.0,7.0,1.0,C01
201800049194,1.0,15,0,0.0,2.0,1.0,2.0,A01
201800049194,1.0,15,0,0.0,2.0,6.0,1.0,D01
201800049194,1.0,7,0,0.0,2.0,4.0,1.0,B01
201800049195,2.0,10,0,0.0,2.0,1.0,2.0,A01
201800049195,2.0,7,0,0.0,2.0,1.0,1.0,C01
201800049195,2.0,10,0,0.0,2.0,4.0,2.0,B01
201800049196,2.0,10,0,0.0,2.0,4.0,23.0,C01
201800049196,2.0,7,0,0.0,2.0,1.0,2.0,A01
201800049196,2.0,7,0,0.0,2.0,4.0,23.0,B01
201800049197,2.0,7,0,0.0,2.0,4.0,2.0,D01
201800049197,2.0,7,0,0.0,2.0,1.0,2.0,A01
201800049197,2.0,7,0,0.0,2.0,4.0,2.0,B01
201800049197,2.0,7,0,0.0,2.0,4.0,2.0,C01
201800049198,2.0,7,0,0.0,2.0,8.0,1.0,C01
201800049198,2.0,7,0,0.0,2.0,7.0,14.0,A01
201800049198,2.0,7,0,0.0,2.0,8.0,1.0,B01
201800049199,2.0,7,0,0.0,2.0,4.0,2.0,B01
201800049199,2.0,7,0,0.0,2.0,1.0,12.0,A01
201800049200,1.0,33,0,1.0,0.0,1.0,14.0,B01
201800049200,1.0,7,0,0.0,2.0,6.0,23.0,A01
201800049201,1.0,7,0,0.0,2.0,5.0,2.0,D01
201800049201,1.0,7,0,0.0,2.0,4.0,2.0,B01
201800049201,1.0,7,0,0.0,2.0,1.0,0.0,A01
201800049201,1.0,7,0,0.0,2.0,4.0,2.0,C01
201800049202,1.0,33,0,3.0,0.0,1.0,21.0,A01
201800049203,2.0,10,0,0.0,2.0,4.0,1.0,B01
201800049203,2.0,14,0,0.0,2.0,1.0,2.0,A01
201800049204,2.0,7,0,0.0,2.0,1.0,0.0,B01
201800049204,2.0,10,0,0.0,2.0,3.0,13.0,A01
201800049205,1.0,7,0,0.0,2.0,1.0,1.0,B01
201800049205,1.0,7,0,3.0,0.0,4.0,1.0,C01
201800049205,1.0,17,0,0.0,2.0,1.0,2.0,A01
201800049206,2.0,17,0,0.0,2.0,1.0,19.0,A01
201800049206,1.0,15,0,0.0,2.0,8.0,1.0,B01
201800049207,1.0,10,0,0.0,2.0,4.0,2.0,B01
201800049207,1.0,10,0,0.0,2.0,1.0,2.0,A01
201800049208,2.0,7,0,0.0,0.0,9.0,0.0,A01
201800049209,2.0,10,0,0.0,2.0,1.0,0.0,A01
201800049209,2.0,7,0,0.0,2.0,4.0,1.0,B01
201800049210,1.0,7,0,3.0,0.0,6.0,1.0,B01
201800049210,1.0,7,0,3.0,2.0,2.0,21.0,A01
201800049211,1.0,10,0,0.0,2.0,1.0,2.0,A01
201800049211,1.0,10,0,16.0,0.0,0.0,23.0,E01
201800049211,1.0,17,0,0.0,2.0,7.0,2.0,C01
201800049211,1.0,7,0,0.0,2.0,4.0,1.0,B01
201800049211,1.0,10,0,0.0,2.0,7.0,1.0,D01
201800049212,1.0,17,0,0.0,2.0,2.0,12.0,A01
201800049212,1.0,7,0,0.0,0.0,0.0,0.0,B01
201800049212,1.0,7,0,0.0,2.0,0.0,0.0,C01
201800049213,1.0,7,0,0.0,2.0,1.0,1.0,A01
201800049213,1.0,7,0,0.0,2.0,4.0,23.0,B01
201800049214,2.0,2,0,0.0,2.0,4.0,0.0,A01
201800049214,2.0,7,0,0.0,2.0,2.0,2.0,B01
201800049215,1.0,10,0,0.0,2.0,4.0,23.0,C01
201800049215,1.0,15,0,14.0,2.0,2.0,21.0,A01
201800049215,1.0,7,0,0.0,2.0,3.0,23.0,D01
201800049215,1.0,15,0,0.0,2.0,4.0,23.0,B01
201800049216,1.0,7,0,0.0,2.0,1.0,0.0,A01
201800049216,1.0,7,0,0.0,2.0,4.0,23.0,B01
201800049217,2.0,7,0,2.0,0.0,8.0,14.0,A01
201800049218,2.0,7,0,0.0,1.0,2.0,9.0,A01
201800049219,2.0,7,0,8.0,2.0,2.0,12.0,A01
201800049219,2.0,10,0,13.0,2.0,6.0,2.0,B01
201800049220,1.0,10,0,0.0,2.0,8.0,2.0,A01
201800049220,1.0,10,0,0.0,2.0,8.0,2.0,B01
201800049220,1.0,10,0,0.0,2.0,6.0,2.0,C01
201800049220,1.0,10,0,0.0,2.0,6.0,2.0,D01
201800049221,1.0,7,0,4.0,0.0,1.0,2.0,A01
201800049222,1.0,7,0,13.0,2.0,7.0,17.0,A01
201800049222,1.0,15,0,0.0,2.0,3.0,2.0,B01
201800049223,2.0,15,0,3.0,2.0,1.0,0.0,A01
201800049223,2.0,15,0,0.0,2.0,5.0,1.0,B01
201800049224,1.0,7,0,4.0,0.0,3.0,13.0,A01
201800049225,1.0,10,0,3.0,2.0,5.0,17.0,B01
201800049225,1.0,15,0,0.0,2.0,6.0,1.0,A01
201800049226,1.0,10,0,0.0,2.0,1.0,2.0,A01
201800049226,2.0,7,0,0.0,2.0,6.0,2.0,B01
201800049227,1.0,7,0,3.0,2.0,1.0,21.0,A01
201800049227,1.0,7,0,3.0,2.0,1.0,0.0,B01
201800049228,2.0,7,0,3.0,2.0,6.0,23.0,B01
201800049228,2.0,15,0,0.0,2.0,2.0,14.0,A01
201800049229,2.0,33,0,0.0,2.0,1.0,2.0,A01
201800049229,2.0,10,0,0.0,2.0,4.0,2.0,B01
201800049230,2.0,33,0,0.0,2.0,1.0,21.0,A01
201800049230,2.0,17,0,0.0,2.0,8.0,1.0,C01
201800049230,2.0,7,0,0.0,2.0,5.0,2.0,B01
201800049231,1.0,7,0,3.0,2.0,2.0,17.0,A01
201800049231,1.0,7,0,0.0,2.0,6.0,1.0,B01
201800049232,1.0,7,0,3.0,2.0,1.0,11.0,A01
201800049232,1.0,7,0,0.0,2.0,4.0,17.0,B01
201800049233,1.0,10,0,4.0,0.0,2.0,14.0,A01
201800049234,2.0,2,0,3.0,0.0,0.0,13.0,A01
201800049235,2.0,7,0,1.0,1.0,2.0,14.0,A01
201800049236,2.0,33,0,0.0,0.0,0.0,0.0,A01
201800049237,1.0,10,0,0.0,2.0,1.0,2.0,A01
201800049237,1.0,7,0,0.0,2.0,4.0,2.0,B01
201800049237,1.0,7,0,0.0,2.0,4.0,2.0,C01
201800049237,1.0,7,0,0.0,2.0,4.0,2.0,D01
201800049238,2.0,7,0,16.0,2.0,1.0,14.0,A01
201800049238,2.0,7,0,1.0,0.0,4.0,23.0,B01
201800049239,2.0,10,0,0.0,2.0,3.0,2.0,A01
201800049239,2.0,10,0,0.0,2.0,5.0,2.0,B01
201800049239,2.0,10,0,0.0,2.0,6.0,2.0,C01
201800049240,1.0,7,0,4.0,0.0,1.0,13.0,A01
201800049241,1.0,14,0,0.0,2.0,1.0,12.0,A01
201800049241,1.0,7,0,0.0,2.0,7.0,1.0,B01
201800049241,1.0,10,0,0.0,2.0,7.0,1.0,C01
201800049242,2.0,7,0,15.0,0.0,1.0,14.0,A01
201800049243,1.0,7,0,0.0,2.0,1.0,2.0,A01
201800049243,1.0,10,0,0.0,2.0,4.0,23.0,B01
201800049243,1.0,7,0,0.0,2.0,4.0,23.0,C01
201800049244,1.0,33,0,4.0,0.0,7.0,21.0,A01
201800049244,1.0,7,0,,,,,B02
201800049245,1.0,14,0,0.0,2.0,2.0,12.0,A01
201800049245,1.0,10,0,3.0,2.0,3.0,1.0,B01
201800049246,1.0,10,0,0.0,2.0,1.0,2.0,A01
201800049246,1.0,10,0,0.0,2.0,4.0,2.0,B01
201800049246,1.0,7,0,0.0,2.0,4.0,2.0,C01
201800049246,1.0,10,0,0.0,2.0,4.0,2.0,D01
201800049247,2.0,7,0,0.0,2.0,1.0,2.0,A01
201800049247,2.0,7,0,0.0,2.0,4.0,2.0,B01
201800049247,2.0,7,0,0.0,2.0,4.0,2.0,C01
201800049248,2.0,7,0,0.0,2.0,8.0,9.0,A01
201800049248,2.0,17,0,0.0,2.0,2.0,1.0,B01
201800049249,1.0,33,0,1.0,0.0,1.0,3.0,A01
201800049249,1.0,7,0,0.0,2.0,6.0,23.0,B01
201800049249,1.0,7,0,0.0,2.0,5.0,23.0,C01
201800049250,1.0,15,0,13.0,2.0,7.0,14.0,A01
201800049250,1.0,7,0,14.0,0.0,1.0,2.0,B01
201800049251,1.0,7,0,0.0,2.0,1.0,11.0,A01
201800049251,1.0,7,0,0.0,2.0,4.0,2.0,B01
201800049252,1.0,7,0,0.0,2.0,1.0,2.0,A01
201800049252,1.0,10,0,3.0,2.0,9.0,2.0,B01
201800049253,1.0,7,0,0.0,2.0,1.0,2.0,A01
201800049253,1.0,7,0,0.0,2.0,4.0,23.0,B01
201800049254,2.0,7,0,0.0,2.0,1.0,2.0,A01
201800049254,2.0,7,0,0.0,2.0,4.0,2.0,B01
201800049255,2.0,7,0,0.0,2.0,1.0,2.0,A01
201800049255,2.0,7,0,0.0,2.0,4.0,2.0,B01
201800049256,1.0,7,0,3.0,0.0,3.0,13.0,A01
201800049257,2.0,7,0,3.0,0.0,1.0,14.0,A01
201800049258,0.0,7,0,0.0,1.0,2.0,9.0,A01
201800049259,2.0,7,0,4.0,0.0,4.0,1.0,B01
201800049259,2.0,7,0,0.0,2.0,1.0,1.0,A01
201800049260,2.0,7,0,0.0,2.0,8.0,23.0,A01
201800049260,2.0,14,0,1.0,0.0,7.0,14.0,Z01
201800049261,1.0,99,0,0.0,2.0,6.0,24.0,B01
201800049261,1.0,7,0,1.0,0.0,2.0,12.0,A01
201800049262,1.0,7,0,0.0,2.0,1.0,2.0,B01
201800049262,1.0,10,0,0.0,2.0,4.0,2.0,A01
201800049263,2.0,7,0,7.0,0.0,2.0,2.0,A01
201800049264,2.0,7,0,3.0,0.0,3.0,12.0,A01
201800049265,1.0,7,0,0.0,2.0,3.0,1.0,B01
201800049265,1.0,7,0,0.0,2.0,5.0,14.0,A01
201800049266,2.0,10,0,4.0,0.0,1.0,14.0,A01
201800049267,1.0,15,0,0.0,2.0,3.0,14.0,A01
201800049267,1.0,10,0,0.0,2.0,6.0,1.0,B01
201800049268,2.0,7,0,0.0,2.0,4.0,1.0,A01
201800049268,2.0,7,0,0.0,2.0,1.0,11.0,B01
201800049269,2.0,7,0,0.0,2.0,1.0,2.0,A01
201800049269,1.0,7,0,0.0,2.0,4.0,2.0,B01
201800049270,2.0,33,0,0.0,0.0,0.0,1.0,A01
201800049271,1.0,7,0,0.0,2.0,0.0,0.0,B01
201800049271,1.0,20,0,0.0,2.0,8.0,13.0,A01
201800049272,1.0,10,0,0.0,2.0,4.0,1.0,A01
201800049272,1.0,7,0,0.0,0.0,0.0,0.0,C01
201800049272,1.0,7,0,0.0,2.0,4.0,1.0,B01
201800049272,1.0,7,0,0.0,2.0,1.0,1.0,D01
201800049273,2.0,7,0,0.0,2.0,4.0,2.0,B01
201800049273,2.0,7,0,0.0,2.0,1.0,0.0,A01
201800049274,2.0,14,0,0.0,2.0,5.0,2.0,B01
201800049274,2.0,10,0,0.0,2.0,0.0,11.0,A01
201800049275,2.0,7,0,0.0,2.0,6.0,1.0,B01
201800049275,2.0,7,0,0.0,2.0,2.0,17.0,A01
201800049276,2.0,14,0,0.0,2.0,1.0,1.0,A01
201800049276,2.0,7,0,0.0,2.0,4.0,1.0,B01
201800049277,1.0,34,0,3.0,0.0,8.0,13.0,A01
201800049278,1.0,10,0,0.0,2.0,1.0,0.0,A01
201800049278,1.0,7,0,0.0,2.0,4.0,0.0,B01
201800049279,2.0,10,0,0.0,2.0,1.0,23.0,B01
201800049279,2.0,10,0,4.0,0.0,3.0,13.0,A01
201800049280,2.0,99,0,0.0,0.0,4.0,1.0,Z01
201800049280,2.0,34,0,0.0,2.0,1.0,18.0,A01
201800049281,1.0,99,0,0.0,2.0,0.0,0.0,Z01
201800049281,1.0,7,0,0.0,2.0,8.0,1.0,B01
201800049282,1.0,32,0,0.0,0.0,8.0,1.0,A01
201800049283,2.0,10,0,4.0,2.0,6.0,18.0,A01
201800049283,2.0,10,0,0.0,2.0,3.0,2.0,B02
201800049284,1.0,7,0,0.0,2.0,2.0,12.0,A01
201800049284,1.0,7,0,0.0,2.0,8.0,1.0,B01
201800049285,1.0,20,0,6.0,0.0,3.0,13.0,A01
201800049286,1.0,7,0,0.0,2.0,1.0,1.0,A01
201800049286,1.0,7,0,0.0,2.0,4.0,2.0,B01
201800049286,1.0,7,0,0.0,2.0,4.0,2.0,C01
201800049287,2.0,7,0,0.0,2.0,1.0,2.0,A01
201800049287,2.0,7,0,0.0,2.0,4.0,2.0,B01
201800049288,1.0,7,0,0.0,2.0,2.0,14.0,A01
201800049288,1.0,7,0,0.0,2.0,6.0,1.0,B01
201800049289,2.0,7,0,7.0,0.0,1.0,1.0,A01
201800049290,2.0,7,0,0.0,2.0,4.0,2.0,B01
201800049290,2.0,7,0,0.0,2.0,1.0,9.0,A01
201800049291,1.0,7,0,0.0,2.0,2.0,2.0,A01
201800049291,1.0,7,0,0.0,2.0,3.0,13.0,B01
201800049292,1.0,33,0,0.0,2.0,6.0,1.0,B01
201800049292,1.0,10,0,0.0,2.0,6.0,13.0,Z01
201800049293,1.0,7,0,1.0,0.0,8.0,13.0,A01
201800049293,1.0,7,0,0.0,2.0,2.0,1.0,B01
201800049294,1.0,7,0,0.0,2.0,1.0,2.0,A01
201800049294,1.0,7,0,0.0,2.0,1.0,2.0,B01
201800049294,1.0,7,0,0.0,2.0,4.0,2.0,C01
201800049295,1.0,15,0,0.0,2.0,7.0,0.0,A01
201800049295,1.0,17,0,0.0,2.0,8.0,1.0,B01
201800049296,2.0,7,0,0.0,2.0,1.0,1.0,Z01
201800049296,2.0,7,0,0.0,2.0,4.0,1.0,B01
201800049296,2.0,7,0,0.0,2.0,4.0,1.0,A01
201800049297,2.0,7,0,0.0,2.0,1.0,14.0,A01
201800049297,2.0,7,0,0.0,0.0,0.0,0.0,B01
201800049298,2.0,10,0,0.0,2.0,3.0,11.0,A01
201800049298,2.0,10,0,0.0,2.0,9.0,2.0,B01
201800049299,1.0,7,0,4.0,0.0,2.0,14.0,A01
201800049300,2.0,7,0,0.0,2.0,3.0,2.0,A01
201800049300,2.0,7,0,0.0,2.0,5.0,2.0,B01
201800049300,2.0,7,0,0.0,2.0,4.0,2.0,C01
201800049300,2.0,7,0,0.0,0.0,0.0,0.0,D01
201800049301,2.0,15,0,0.0,2.0,5.0,2.0,B01
201800049301,2.0,15,0,0.0,2.0,1.0,21.0,A01
201800049302,2.0,7,0,0.0,2.0,1.0,2.0,A01
201800049302,2.0,7,0,0.0,2.0,4.0,2.0,C01
201800049302,2.0,7,0,0.0,2.0,4.0,2.0,B01
201800049303,2.0,17,0,0.0,2.0,2.0,12.0,A01
201800049303,2.0,7,0,0.0,2.0,8.0,1.0,B01
201800049303,2.0,7,0,0.0,2.0,1.0,12.0,C01
201800049304,1.0,7,0,15.0,2.0,1.0,2.0,A01
201800049304,1.0,7,0,0.0,2.0,7.0,2.0,B01
201800049304,1.0,7,0,0.0,2.0,5.0,2.0,C01
201800049305,1.0,7,0,4.0,0.0,3.0,13.0,A01
201800049306,1.0,15,0,0.0,2.0,1.0,0.0,A01
201800049306,1.0,7,0,0.0,0.0,4.0,1.0,B01
201800049306,1.0,7,0,14.0,0.0,1.0,0.0,T01
201800049307,2.0,17,0,4.0,0.0,8.0,1.0,A01
201800049308,1.0,7,0,4.0,0.0,3.0,16.0,A01
201800049309,1.0,7,0,7.0,0.0,3.0,13.0,A01
201800049310,1.0,7,0,0.0,0.0,4.0,1.0,B01
201800049310,1.0,7,0,0.0,2.0,1.0,2.0,A01
201800049311,2.0,7,0,0.0,2.0,5.0,2.0,A01
201800049311,2.0,7,0,0.0,2.0,3.0,14.0,B01
201800049312,1.0,7,0,4.0,0.0,3.0,16.0,A01
201800049313,2.0,7,0,0.0,2.0,4.0,2.0,C01
201800049313,2.0,7,0,0.0,2.0,4.0,2.0,D01
201800049313,2.0,7,0,0.0,2.0,4.0,2.0,B01
201800049313,2.0,10,0,0.0,2.0,1.0,2.0,A01
201800049314,2.0,7,0,0.0,2.0,1.0,2.0,A01
201800049314,2.0,7,0,0.0,2.0,4.0,23.0,C01
201800049314,2.0,10,0,0.0,2.0,4.0,2.0,B01
201800049315,1.0,7,0,0.0,2.0,4.0,2.0,B01
201800049315,1.0,7,0,0.0,2.0,1.0,2.0,A01
201800049316,2.0,14,0,0.0,2.0,1.0,2.0,C01
201800049316,2.0,17,0,0.0,0.0,4.0,2.0,B01
201800049316,2.0,7,0,0.0,2.0,1.0,2.0,A01
201800049317,2.0,17,0,4.0,0.0,1.0,19.0,A01
201800049318,2.0,33,0,0.0,2.0,1.0,9.0,A01
201800049318,2.0,10,0,0.0,2.0,5.0,1.0,B01
201800049319,2.0,10,0,0.0,2.0,1.0,2.0,A01
201800049319,2.0,10,0,0.0,2.0,4.0,2.0,C01
201800049319,2.0,7,0,0.0,2.0,4.0,2.0,D01
201800049319,2.0,7,0,0.0,2.0,4.0,2.0,B01
201800049320,2.0,10,0,0.0,2.0,1.0,2.0,A01
201800049320,2.0,7,0,0.0,2.0,4.0,2.0,B01
201800049321,1.0,7,0,0.0,0.0,0.0,1.0,A01
201800049322,1.0,7,0,2.0,0.0,9.0,17.0,A01
201800049323,1.0,7,0,0.0,2.0,3.0,13.0,A01
201800049323,1.0,14,0,0.0,2.0,4.0,1.0,B01
201800049324,2.0,10,0,0.0,2.0,1.0,1.0,C01
201800049324,2.0,10,0,0.0,2.0,1.0,1.0,B01
201800049324,2.0,10,0,0.0,2.0,4.0,18.0,Z01
201800049325,1.0,7,0,0.0,2.0,1.0,2.0,A01
201800049325,1.0,10,0,0.0,2.0,4.0,2.0,B01
201800049326,2.0,7,0,0.0,0.0,9.0,0.0,A01
201800049327,2.0,10,0,0.0,2.0,6.0,0.0,A01
201800049327,2.0,15,0,0.0,2.0,2.0,0.0,B01
201800049328,1.0,15,0,0.0,2.0,3.0,14.0,A01
201800049328,1.0,15,0,0.0,2.0,1.0,13.0,B01
201800049329,2.0,7,0,0.0,2.0,4.0,1.0,A01
201800049329,2.0,7,0,0.0,2.0,5.0,17.0,B01
201800049330,1.0,7,0,0.0,2.0,1.0,2.0,A01
201800049330,1.0,7,0,0.0,2.0,4.0,23.0,B01
201800049330,1.0,7,0,0.0,2.0,4.0,23.0,C01
201800049331,2.0,7,0,0.0,2.0,3.0,1.0,A01
201800049331,2.0,7,0,0.0,2.0,4.0,1.0,B01
201800049332,2.0,34,0,0.0,2.0,1.0,3.0,A01
201800049332,2.0,7,0,0.0,2.0,5.0,2.0,B01
201800049333,2.0,10,0,0.0,2.0,1.0,14.0,A01
201800049333,2.0,17,0,0.0,2.0,6.0,1.0,B01
201800049334,2.0,10,0,0.0,2.0,2.0,12.0,A01
201800049334,2.0,7,0,14.0,2.0,5.0,1.0,B01
201800049334,2.0,17,0,0.0,2.0,5.0,23.0,C01
201800049335,1.0,7,0,2.0,2.0,6.0,12.0,A01
201800049335,1.0,7,0,0.0,2.0,6.0,1.0,B01
201800049336,1.0,7,0,0.0,2.0,2.0,0.0,A01
201800049336,1.0,7,0,0.0,2.0,6.0,0.0,B01
201800049337,2.0,33,0,0.0,2.0,4.0,2.0,A01
201800049337,2.0,7,0,0.0,2.0,4.0,23.0,B01
201800049337,2.0,7,0,0.0,0.0,4.0,23.0,C01
201800049338,1.0,7,0,0.0,2.0,3.0,13.0,A01
201800049338,1.0,7,0,0.0,2.0,2.0,1.0,B01
201800049339,1.0,33,0,0.0,2.0,1.0,2.0,A01
201800049339,1.0,7,0,0.0,2.0,4.0,2.0,B01
201800049339,1.0,7,0,0.0,2.0,7.0,2.0,C01
201800049340,1.0,7,0,4.0,2.0,3.0,13.0,A01
201800049340,1.0,7,0,0.0,2.0,7.0,1.0,B01
201800049341,1.0,7,0,0.0,2.0,4.0,23.0,B01
201800049341,1.0,7,0,0.0,2.0,1.0,2.0,A01
201800049342,1.0,14,0,0.0,0.0,6.0,1.0,A01
201800049342,1.0,7,0,0.0,0.0,5.0,1.0,C01
201800049342,1.0,33,0,0.0,2.0,1.0,3.0,B01
201800049343,2.0,10,0,0.0,2.0,1.0,21.0,A01
201800049343,2.0,10,0,0.0,2.0,5.0,2.0,B01
201800049344,2.0,7,0,0.0,2.0,2.0,12.0,A01
201800049344,2.0,34,0,0.0,2.0,6.0,0.0,B01
201800049345,2.0,7,0,0.0,2.0,6.0,1.0,B01
201800049345,2.0,7,0,0.0,2.0,2.0,14.0,Z01
201800049346,2.0,17,0,0.0,2.0,6.0,13.0,A01
201800049346,2.0,7,0,0.0,2.0,7.0,17.0,B01
201800049347,1.0,7,0,4.0,0.0,1.0,1.0,A01
201800049348,1.0,7,0,0.0,2.0,3.0,12.0,A01
201800049348,1.0,7,0,0.0,2.0,1.0,0.0,B01
201800049348,1.0,7,0,0.0,2.0,4.0,21.0,C01
201800049348,1.0,7,0,0.0,2.0,6.0,0.0,D01
201800049348,1.0,7,0,0.0,2.0,4.0,2.0,E01
201800049348,1.0,7,0,0.0,2.0,4.0,2.0,F01
201800049349,1.0,7,0,0.0,2.0,6.0,2.0,B01
201800049349,1.0,10,0,0.0,2.0,1.0,0.0,A01
201800049350,1.0,7,0,0.0,2.0,6.0,14.0,A01
201800049350,1.0,7,0,0.0,2.0,0.0,0.0,B01
201800049350,1.0,7,0,0.0,2.0,0.0,0.0,C01
201800049351,2.0,7,0,4.0,0.0,3.0,17.0,A01
201800049352,1.0,7,0,3.0,0.0,3.0,1.0,A01
201800049353,2.0,14,0,0.0,2.0,3.0,1.0,A01
201800049353,2.0,7,0,0.0,2.0,5.0,23.0,B01
201800049353,2.0,7,0,0.0,2.0,0.0,23.0,C01