Num_Acc,senc,catv,occutc,obs,obsm,choc,manv,num_veh
201800049354,1.0,7,0,0.0,2.0,1.0,2.0,Z01
201800049354,1.0,7,0,4.0,2.0,4.0,23.0,A01
201800049355,1.0,15,0,0.0,2.0,2.0,12.0,A01
201800049355,1.0,7,0,0.0,2.0,6.0,1.0,B01
201800049356,2.0,7,0,4.0,2.0,3.0,18.0,A01
201800049356,2.0,7,0,0.0,2.0,5.0,1.0,B01
201800049357,1.0,7,0,0.0,2.0,4.0,2.0,A01
201800049357,1.0,7,0,0.0,2.0,4.0,2.0,B01
201800049357,1.0,7,0,0.0,2.0,4.0,2.0,C01
201800049357,1.0,7,0,0.0,2.0,1.0,2.0,Z01
201800049358,1.0,7,0,0.0,2.0,1.0,12.0,A01
201800049358,1.0,7,0,0.0,2.0,4.0,1.0,B01
201800049358,1.0,10,0,0.0,2.0,4.0,2.0,C01
201800049359,1.0,7,0,4.0,0.0,1.0,0.0,A01
201800049360,1.0,7,0,0.0,2.0,1.0,2.0,A01
201800049360,1.0,7,0,0.0,2.0,5.0,2.0,B01
201800049361,2.0,7,0,0.0,2.0,1.0,2.0,B01
201800049361,2.0,7,0,0.0,2.0,1.0,2.0,A01
201800049361,2.0,7,0,0.0,2.0,1.0,2.0,F01
201800049361,2.0,7,0,0.0,2.0,6.0,2.0,E01
201800049361,2.0,7,0,0.0,2.0,1.0,2.0,G01
201800049361,2.0,7,0,0.0,2.0,4.0,2.0,I01
201800049361,2.0,7,0,0.0,2.0,1.0,2.0,D01
201800049361,2.0,7,0,0.0,2.0,4.0,2.0,H01
201800049361,2.0,7,0,0.0,2.0,1.0,2.0,C01
201800049362,2.0,7,0,0.0,2.0,1.0,2.0,A01
201800049362,2.0,7,0,0.0,2.0,4.0,2.0,B01
201800049362,2.0,7,0,0.0,2.0,4.0,2.0,C01
201800049363,1.0,7,0,3.0,0.0,3.0,0.0,A01
201800049363,1.0,7,0,4.0,0.0,3.0,1.0,B01
201800049364,2.0,7,0,0.0,2.0,1.0,2.0,A01
201800049364,2.0,7,0,0.0,2.0,4.0,2.0,B01
201800049365,1.0,31,0,4.0,0.0,0.0,0.0,A01
201800049365,1.0,7,0,0.0,2.0,3.0,2.0,C01
201800049365,1.0,7,0,0.0,2.0,1.0,2.0,B01
201800049366,2.0,33,0,0.0,2.0,8.0,2.0,A01
201800049366,2.0,7,0,0.0,2.0,2.0,2.0,B01
201800049367,1.0,7,0,0.0,1.0,0.0,9.0,A01
201800049368,1.0,33,0,4.0,0.0,1.0,2.0,A01
201800049369,1.0,7,0,0.0,2.0,2.0,14.0,A01
201800049369,1.0,7,0,3.0,2.0,6.0,1.0,B01
201800049370,2.0,7,0,0.0,2.0,1.0,2.0,A01
201800049370,2.0,7,0,0.0,2.0,4.0,23.0,B01
201800049370,2.0,10,0,0.0,0.0,4.0,23.0,C01
201800049371,1.0,33,0,0.0,2.0,1.0,3.0,B01
201800049371,1.0,7,0,0.0,2.0,1.0,2.0,C01
201800049371,1.0,7,0,0.0,2.0,3.0,2.0,D01
201800049371,1.0,7,0,0.0,0.0,0.0,0.0,Z01
201800049372,1.0,10,0,0.0,2.0,2.0,17.0,A01
201800049372,1.0,17,0,0.0,2.0,6.0,1.0,B01
201800049373,1.0,7,0,0.0,2.0,1.0,2.0,A01
201800049373,1.0,7,0,0.0,2.0,4.0,2.0,B01
201800049373,1.0,7,0,0.0,2.0,4.0,2.0,C01
201800049374,2.0,7,0,0.0,2.0,1.0,2.0,A01
201800049374,2.0,7,0,0.0,2.0,4.0,23.0,B01
201800049374,2.0,7,0,0.0,2.0,4.0,23.0,C01
201800049375,1.0,7,0,4.0,0.0,3.0,2.0,A01
201800049376,2.0,7,0,0.0,2.0,4.0,23.0,C01
201800049376,2.0,33,0,0.0,2.0,3.0,2.0,A01
201800049376,2.0,10,0,0.0,2.0,5.0,2.0,B01
201800049377,2.0,7,0,4.0,0.0,3.0,1.0,A01
201800049378,1.0,7,0,0.0,2.0,1.0,2.0,A01
201800049378,1.0,7,0,0.0,2.0,4.0,0.0,B01
201800049379,2.0,7,0,0.0,2.0,4.0,1.0,D01
201800049379,2.0,7,0,0.0,2.0,3.0,1.0,A01
201800049379,2.0,7,0,0.0,2.0,4.0,1.0,C01
201800049379,2.0,7,0,0.0,2.0,5.0,1.0,B01
201800049380,2.0,7,0,3.0,2.0,3.0,21.0,B01
201800049380,2.0,7,0,0.0,2.0,2.0,1.0,C01
201800049380,2.0,7,0,0.0,0.0,0.0,11.0,Z01
201800049381,2.0,7,0,0.0,2.0,1.0,0.0,A01
201800049381,2.0,7,0,3.0,0.0,4.0,1.0,B01
201800049382,2.0,7,0,4.0,2.0,1.0,2.0,A01
201800049382,2.0,7,0,0.0,2.0,4.0,2.0,B01
201800049383,1.0,10,0,4.0,0.0,2.0,1.0,B01
201800049383,1.0,7,0,0.0,2.0,0.0,0.0,Z01
201800049384,2.0,7,0,4.0,0.0,1.0,14.0,A01
201800049385,2.0,17,0,0.0,2.0,1.0,2.0,A01
201800049385,2.0,7,0,0.0,2.0,4.0,23.0,C01
201800049385,2.0,7,0,0.0,2.0,4.0,23.0,B01
201800049386,2.0,33,0,0.0,2.0,1.0,1.0,B01
201800049386,2.0,7,0,3.0,0.0,7.0,21.0,C01
201800049386,1.0,10,0,0.0,2.0,1.0,13.0,A01
201800049387,1.0,7,0,0.0,2.0,1.0,1.0,A01
201800049387,1.0,15,0,0.0,2.0,4.0,1.0,B01
201800049388,1.0,7,0,0.0,2.0,1.0,21.0,A01
201800049388,1.0,33,0,0.0,0.0,4.0,1.0,C01
201800049388,1.0,7,0,4.0,0.0,4.0,2.0,B01
201800049389,2.0,10,0,0.0,2.0,8.0,15.0,B01
201800049389,2.0,10,0,0.0,2.0,2.0,0.0,A01
201800049390,1.0,34,0,3.0,0.0,1.0,13.0,A01
201800049391,2.0,7,0,0.0,2.0,1.0,0.0,Z01
201800049391,2.0,7,0,0.0,2.0,4.0,0.0,B01
201800049392,2.0,17,0,0.0,2.0,1.0,2.0,A01
201800049392,2.0,7,0,0.0,2.0,4.0,2.0,B01
201800049393,1.0,7,0,0.0,2.0,4.0,2.0,C01
201800049393,1.0,7,0,0.0,2.0,4.0,2.0,B01
201800049393,1.0,7,0,0.0,2.0,1.0,2.0,A01
201800049394,2.0,7,0,4.0,0.0,3.0,13.0,A01
201800049395,2.0,10,0,0.0,1.0,1.0,0.0,A01
201800049396,1.0,7,0,13.0,0.0,9.0,1.0,A01
201800049397,1.0,33,0,0.0,2.0,5.0,3.0,A01
201800049397,1.0,7,0,0.0,2.0,3.0,1.0,B01
201800049398,2.0,7,0,0.0,2.0,4.0,2.0,C01
201800049398,2.0,7,0,0.0,2.0,1.0,2.0,A01
201800049398,2.0,7,0,0.0,2.0,4.0,2.0,B01
201800049399,2.0,7,0,0.0,2.0,6.0,23.0,C01
201800049399,2.0,7,0,0.0,2.0,4.0,23.0,B01
201800049399,2.0,7,0,0.0,2.0,1.0,2.0,A01
201800049400,2.0,10,0,15.0,0.0,4.0,2.0,B01
201800049400,2.0,10,0,0.0,2.0,2.0,2.0,A01
201800049401,1.0,7,0,13.0,0.0,2.0,14.0,A01
201800049402,2.0,31,0,0.0,2.0,2.0,2.0,A01
201800049402,2.0,7,0,0.0,2.0,5.0,23.0,B01
201800049403,1.0,33,0,0.0,0.0,0.0,3.0,A01
201800049404,2.0,7,0,13.0,0.0,1.0,14.0,A01
201800049405,1.0,7,0,0.0,2.0,8.0,11.0,A01
201800049405,1.0,33,0,0.0,2.0,7.0,1.0,B01
201800049405,1.0,7,0,0.0,2.0,4.0,0.0,C01
201800049406,1.0,7,0,0.0,2.0,1.0,2.0,A01
201800049406,1.0,7,0,0.0,2.0,4.0,2.0,B01
201800049407,2.0,7,0,0.0,2.0,4.0,11.0,B01
201800049407,2.0,15,0,0.0,2.0,4.0,2.0,C01
201800049407,2.0,10,0,0.0,2.0,1.0,2.0,A01
201800049408,1.0,7,0,0.0,2.0,4.0,0.0,C01
201800049408,1.0,7,0,0.0,2.0,1.0,0.0,A01
201800049408,1.0,7,0,0.0,2.0,2.0,0.0,B01
201800049409,1.0,17,0,0.0,2.0,2.0,12.0,A01
201800049409,1.0,7,0,0.0,2.0,0.0,11.0,B01
201800049410,1.0,99,0,0.0,0.0,0.0,15.0,A01
201800049411,1.0,7,0,0.0,2.0,8.0,13.0,A01
201800049411,1.0,7,0,0.0,2.0,8.0,1.0,B01
201800049412,1.0,7,0,0.0,2.0,3.0,9.0,Z01
201800049412,1.0,7,0,0.0,2.0,5.0,1.0,B01
201800049413,2.0,17,0,0.0,2.0,3.0,21.0,A01
201800049413,2.0,17,0,0.0,2.0,6.0,2.0,C01
201800049413,2.0,7,0,0.0,2.0,4.0,1.0,B01
201800049414,2.0,17,0,0.0,2.0,6.0,1.0,B01
201800049414,2.0,7,0,0.0,2.0,2.0,12.0,A01
201800049415,1.0,7,0,4.0,2.0,1.0,2.0,A01
201800049415,1.0,7,0,0.0,2.0,4.0,2.0,B01
201800049416,1.0,7,0,0.0,2.0,1.0,2.0,A01
201800049416,1.0,7,0,0.0,2.0,6.0,0.0,B01
201800049417,1.0,7,0,0.0,2.0,1.0,17.0,A01
201800049417,1.0,7,0,0.0,2.0,6.0,2.0,B01
201800049418,2.0,7,0,4.0,0.0,2.0,1.0,A01
201800049419,2.0,7,0,0.0,2.0,2.0,2.0,A01
201800049419,2.0,7,0,0.0,2.0,4.0,2.0,B01
201800049419,2.0,7,0,0.0,2.0,4.0,2.0,C01
201800049420,2.0,33,0,0.0,2.0,1.0,0.0,A01
201800049420,2.0,7,0,0.0,0.0,4.0,1.0,B01
201800049421,1.0,10,0,4.0,2.0,7.0,1.0,B01
201800049421,1.0,10,0,4.0,2.0,3.0,1.0,A01
201800049421,1.0,17,0,0.0,2.0,2.0,12.0,Z01
201800049422,2.0,7,0,0.0,2.0,4.0,2.0,D01
201800049422,2.0,10,0,0.0,2.0,4.0,2.0,B01
201800049422,2.0,15,0,0.0,2.0,1.0,2.0,A01
201800049422,2.0,7,0,0.0,2.0,4.0,2.0,C01
201800049423,1.0,33,0,0.0,2.0,1.0,1.0,A01
201800049423,1.0,7,0,0.0,2.0,4.0,1.0,B01
201800049424,1.0,7,0,4.0,0.0,9.0,13.0,A01
201800049425,1.0,10,0,0.0,2.0,1.0,5.0,A01
201800049425,2.0,7,0,0.0,2.0,3.0,17.0,B01
201800049425,2.0,7,0,0.0,6.0,6.0,1.0,C01
201800049426,2.0,7,0,0.0,2.0,4.0,2.0,B01
201800049426,2.0,7,0,0.0,2.0,2.0,2.0,A01
201800049427,2.0,10,0,4.0,0.0,1.0,19.0,A01
201800049428,1.0,7,0,0.0,2.0,4.0,1.0,A01
201800049428,1.0,10,0,0.0,2.0,0.0,0.0,Z01
201800049429,2.0,32,0,1.0,0.0,1.0,1.0,A01
201800049429,2.0,10,0,0.0,2.0,5.0,1.0,B01
201800049430,2.0,17,0,0.0,2.0,8.0,1.0,C01
201800049430,2.0,7,0,0.0,2.0,3.0,1.0,B01
201800049430,2.0,17,0,0.0,2.0,2.0,12.0,A01
201800049431,1.0,10,0,4.0,2.0,2.0,12.0,A01
201800049431,1.0,10,0,4.0,0.0,1.0,1.0,B01
201800049432,1.0,7,0,,,,,A01
201800049433,2.0,10,0,0.0,0.0,9.0,0.0,A01
201800049434,1.0,10,0,0.0,2.0,1.0,2.0,A01
201800049434,1.0,10,0,0.0,0.0,0.0,0.0,B01
201800049435,2.0,33,0,0.0,2.0,8.0,9.0,A01
201800049435,2.0,7,0,0.0,2.0,7.0,1.0,B01
201800049436,1.0,33,0,0.0,2.0,2.0,7.0,A01
201800049436,1.0,7,0,0.0,2.0,6.0,7.0,B01
201800049437,1.0,7,0,0.0,2.0,2.0,2.0,A01
201800049437,1.0,7,0,0.0,2.0,6.0,2.0,B01
201800049438,2.0,15,0,0.0,2.0,2.0,1.0,A01
201800049438,2.0,7,0,0.0,2.0,3.0,1.0,B01
201800049438,2.0,7,0,0.0,2.0,7.0,1.0,C01
201800049439,1.0,7,0,0.0,2.0,2.0,17.0,A01
201800049439,1.0,7,0,0.0,2.0,6.0,11.0,B01
201800049439,1.0,7,0,0.0,2.0,4.0,1.0,C01
201800049440,2.0,10,0,0.0,2.0,1.0,1.0,A01
201800049440,2.0,7,0,0.0,2.0,6.0,1.0,B01
201800049440,2.0,7,0,0.0,2.0,5.0,1.0,C01
201800049440,2.0,7,0,0.0,2.0,4.0,2.0,D01
201800049440,2.0,7,0,0.0,2.0,0.0,1.0,E01
201800049441,1.0,15,0,0.0,2.0,2.0,0.0,A01
201800049441,1.0,7,0,0.0,2.0,4.0,1.0,B01
201800049442,1.0,7,0,0.0,2.0,1.0,2.0,A01
201800049442,1.0,7,0,0.0,2.0,4.0,2.0,B01
201800049442,1.0,7,0,0.0,2.0,4.0,2.0,C01
201800049442,1.0,7,0,0.0,2.0,4.0,2.0,D01
201800049443,1.0,7,0,0.0,2.0,1.0,2.0,A01
201800049443,1.0,7,0,0.0,2.0,4.0,2.0,B01
201800049443,1.0,7,0,0.0,2.0,4.0,2.0,C01
201800049444,2.0,7,0,0.0,2.0,1.0,1.0,A01
201800049444,1.0,7,0,0.0,2.0,4.0,1.0,B01
201800049444,2.0,7,0,0.0,2.0,4.0,1.0,C01
201800049445,1.0,7,0,0.0,2.0,1.0,1.0,A01
201800049445,1.0,7,0,4.0,0.0,4.0,0.0,B01
201800049446,2.0,7,0,0.0,0.0,9.0,0.0,A01
201800049447,1.0,33,0,0.0,0.0,8.0,3.0,A01
201800049448,2.0,7,0,0.0,2.0,1.0,2.0,A01
201800049448,2.0,10,0,0.0,2.0,2.0,23.0,B01
201800049449,1.0,7,0,4.0,2.0,2.0,2.0,A01
201800049449,1.0,7,0,4.0,0.0,4.0,0.0,B01
201800049450,1.0,10,0,0.0,2.0,1.0,2.0,A01
201800049450,1.0,10,0,0.0,2.0,4.0,2.0,B01
201800049451,1.0,7,0,0.0,2.0,1.0,2.0,A01
201800049451,1.0,7,0,0.0,2.0,4.0,1.0,B01
201800049451,1.0,37,1,0.0,0.0,8.0,1.0,C01
201800049452,1.0,33,0,0.0,2.0,1.0,13.0,A01
201800049452,1.0,7,0,0.0,0.0,6.0,1.0,B01
201800049453,1.0,7,0,7.0,2.0,1.0,1.0,A01
201800049453,1.0,7,0,0.0,0.0,4.0,23.0,B01
201800049454,1.0,7,0,0.0,2.0,8.0,11.0,A01
201800049454,1.0,33,0,0.0,2.0,7.0,3.0,B01
201800049454,1.0,7,0,0.0,2.0,5.0,1.0,C01
201800049455,1.0,7,0,4.0,0.0,7.0,14.0,A01
201800049456,1.0,7,0,0.0,0.0,6.0,23.0,A01
201800049456,1.0,7,0,1.0,0.0,2.0,2.0,Z01
201800049457,1.0,7,0,0.0,2.0,4.0,2.0,E01
201800049457,1.0,10,0,0.0,2.0,4.0,2.0,B01
201800049457,1.0,7,0,0.0,2.0,4.0,2.0,C01
201800049457,1.0,7,0,0.0,2.0,4.0,2.0,D01
201800049457,1.0,7,0,0.0,2.0,1.0,2.0,A01
201800049458,2.0,7,0,4.0,0.0,3.0,17.0,A01
201800049459,1.0,7,0,0.0,2.0,1.0,2.0,A01
201800049459,1.0,17,0,0.0,2.0,4.0,2.0,B01
201800049460,2.0,33,0,0.0,2.0,2.0,19.0,A01
201800049460,2.0,33,0,0.0,2.0,3.0,1.0,B01
201800049461,2.0,17,0,0.0,2.0,4.0,2.0,B01
201800049461,2.0,10,0,0.0,2.0,1.0,0.0,A01
201800049462,2.0,7,0,0.0,2.0,1.0,2.0,A01
201800049462,2.0,7,0,0.0,2.0,4.0,2.0,B01
201800049462,1.0,10,0,0.0,2.0,4.0,2.0,C01
201800049463,1.0,7,0,0.0,2.0,1.0,1.0,A01
201800049463,1.0,7,0,0.0,2.0,4.0,1.0,B01
201800049464,1.0,7,0,0.0,2.0,6.0,1.0,A01
201800049464,1.0,7,0,0.0,2.0,2.0,14.0,Z01
201800049465,2.0,7,0,0.0,2.0,6.0,0.0,A01
201800049465,2.0,99,0,0.0,2.0,3.0,1.0,B01
201800049465,2.0,7,0,0.0,2.0,8.0,1.0,C01
201800049466,2.0,15,0,0.0,2.0,2.0,13.0,A01
201800049466,2.0,7,0,3.0,0.0,1.0,14.0,B01
201800049467,2.0,33,0,0.0,0.0,7.0,2.0,A01
201800049467,2.0,15,0,0.0,0.0,6.0,3.0,B01
201800049468,1.0,15,0,0.0,1.0,2.0,2.0,A01
201800049469,1.0,33,0,3.0,0.0,1.0,18.0,A01
201800049470,1.0,99,0,0.0,2.0,1.0,2.0,A01
201800049470,1.0,7,0,0.0,2.0,4.0,2.0,B01
201800049470,1.0,7,0,0.0,2.0,4.0,2.0,C01
201800049471,1.0,15,0,0.0,2.0,2.0,12.0,A01
201800049471,1.0,7,0,4.0,2.0,6.0,1.0,B01
201800049472,2.0,7,0,0.0,6.0,1.0,0.0,A01
201800049473,2.0,7,0,0.0,2.0,3.0,13.0,A01
201800049473,2.0,33,0,4.0,2.0,7.0,17.0,B01
201800049474,2.0,10,0,0.0,2.0,1.0,21.0,A01
201800049474,2.0,10,0,0.0,2.0,4.0,2.0,C01
201800049474,2.0,7,0,0.0,2.0,4.0,2.0,B01
201800049475,2.0,7,0,0.0,2.0,8.0,11.0,A01
201800049475,2.0,7,0,0.0,2.0,4.0,1.0,C01
201800049475,2.0,33,0,0.0,2.0,7.0,3.0,B01
201800049476,1.0,15,0,0.0,2.0,2.0,12.0,A01
201800049476,1.0,7,0,0.0,2.0,8.0,1.0,B01
201800049477,1.0,99,0,0.0,2.0,4.0,1.0,C01
201800049477,1.0,7,0,0.0,2.0,4.0,1.0,B01
201800049477,1.0,7,0,0.0,2.0,1.0,0.0,A01
201800049478,2.0,7,0,0.0,2.0,1.0,2.0,A01
201800049478,2.0,7,0,0.0,2.0,4.0,2.0,B01
201800049479,1.0,7,0,0.0,2.0,4.0,2.0,C01
201800049479,1.0,7,0,0.0,2.0,4.0,2.0,B01
201800049479,1.0,7,0,0.0,2.0,1.0,2.0,A01
201800049480,2.0,7,0,0.0,2.0,1.0,0.0,A01
201800049480,2.0,7,0,0.0,2.0,4.0,1.0,B01
201800049481,1.0,10,0,0.0,2.0,1.0,2.0,A01
201800049481,1.0,7,0,0.0,2.0,4.0,2.0,B01
201800049482,1.0,7,0,0.0,2.0,6.0,1.0,C01
201800049482,1.0,7,0,0.0,2.0,5.0,17.0,B01
201800049482,1.0,7,0,0.0,2.0,1.0,3.0,Z01
201800049483,2.0,10,0,0.0,2.0,1.0,2.0,A01
201800049483,2.0,7,0,0.0,2.0,4.0,2.0,C01
201800049483,2.0,7,0,0.0,2.0,4.0,2.0,B01
201800049483,2.0,7,0,0.0,2.0,4.0,2.0,D01
201800049484,1.0,7,0,4.0,0.0,3.0,13.0,A01
201800049485,2.0,7,0,0.0,2.0,1.0,2.0,A01
201800049485,2.0,7,0,0.0,2.0,6.0,2.0,B01
201800049486,1.0,17,0,0.0,2.0,2.0,12.0,A01
201800049486,1.0,7,0,0.0,2.0,3.0,1.0,B01
201800049487,1.0,7,0,4.0,0.0,3.0,15.0,A01
201800049488,2.0,7,0,0.0,2.0,4.0,2.0,C01
201800049488,2.0,7,0,0.0,2.0,4.0,2.0,B01
201800049488,2.0,7,0,0.0,2.0,1.0,2.0,A01
201800049488,2.0,7,0,0.0,2.0,4.0,2.0,D01
201800049489,1.0,7,0,0.0,2.0,3.0,12.0,A01
201800049489,1.0,7,0,0.0,2.0,5.0,1.0,B01
201800049490,1.0,10,0,0.0,2.0,6.0,1.0,B01
201800049490,1.0,10,0,0.0,2.0,1.0,17.0,A01
201800049491,1.0,7,0,0.0,2.0,4.0,4.0,A01
201800049491,1.0,7,0,0.0,2.0,1.0,2.0,B01
201800049492,2.0,17,0,0.0,2.0,2.0,1.0,A01
201800049492,2.0,7,0,0.0,2.0,8.0,0.0,B01
201800049493,2.0,99,0,0.0,2.0,1.0,2.0,Z01
201800049493,2.0,7,0,0.0,2.0,5.0,1.0,A01
201800049494,2.0,31,0,0.0,2.0,8.0,1.0,B01
201800049494,2.0,14,0,0.0,2.0,2.0,1.0,A01
201800049495,1.0,7,0,4.0,2.0,5.0,18.0,A01
201800049495,1.0,7,0,0.0,2.0,0.0,18.0,Z01
201800049496,2.0,7,0,0.0,2.0,4.0,2.0,E01
201800049496,2.0,7,0,0.0,2.0,1.0,2.0,A01
201800049496,2.0,7,0,0.0,2.0,4.0,2.0,B01
201800049496,2.0,7,0,0.0,2.0,4.0,2.0,D01
201800049496,2.0,7,0,0.0,2.0,4.0,2.0,C01
201800049497,2.0,7,0,0.0,2.0,1.0,2.0,A01
201800049497,2.0,7,0,0.0,2.0,4.0,2.0,B01
201800049498,2.0,7,0,0.0,2.0,1.0,2.0,Z01
201800049498,2.0,10,0,0.0,2.0,4.0,2.0,B01
201800049499,1.0,7,0,0.0,2.0,4.0,23.0,B01
201800049499,1.0,7,0,0.0,2.0,4.0,23.0,C01
201800049499,1.0,10,0,0.0,2.0,1.0,2.0,A01
201800049500,2.0,7,0,0.0,2.0,1.0,2.0,A01
201800049500,2.0,10,0,0.0,2.0,4.0,2.0,B01
201800049500,2.0,7,0,0.0,2.0,4.0,2.0,C01
201800049501,2.0,7,0,0.0,6.0,1.0,1.0,A01
201800049501,2.0,1,0,0.0,2.0,4.0,1.0,B01
201800049502,1.0,7,0,0.0,2.0,4.0,23.0,B01
201800049502,1.0,7,0,1.0,0.0,1.0,2.0,A01
201800049503,1.0,10,0,0.0,2.0,7.0,12.0,A01
201800049503,1.0,33,0,0.0,2.0,9.0,1.0,B01
201800049504,2.0,7,0,0.0,2.0,1.0,2.0,A01
201800049504,2.0,7,0,0.0,2.0,4.0,23.0,B01
201800049505,1.0,7,0,0.0,2.0,1.0,2.0,A01
201800049505,1.0,7,0,0.0,2.0,4.0,2.0,B01
201800049506,2.0,17,0,0.0,2.0,2.0,12.0,A01
201800049506,2.0,7,0,0.0,2.0,8.0,1.0,B01
201800049507,2.0,15,0,0.0,2.0,2.0,14.0,A01
201800049507,2.0,7,0,0.0,2.0,8.0,1.0,B01
201800049508,2.0,15,0,0.0,2.0,5.0,12.0,A01
201800049508,2.0,7,0,0.0,2.0,3.0,1.0,B01
201800049509,2.0,7,0,0.0,2.0,6.0,9.0,A01
201800049509,2.0,7,0,0.0,2.0,1.0,1.0,C01
201800049509,2.0,15,0,0.0,2.0,2.0,1.0,B01
201800049510,1.0,33,0,0.0,2.0,3.0,21.0,A01
201800049510,1.0,7,0,0.0,2.0,5.0,2.0,B01
201800049511,1.0,7,0,0.0,2.0,1.0,2.0,A01
201800049511,2.0,7,0,0.0,0.0,4.0,2.0,B01
201800049512,2.0,7,0,11.0,0.0,1.0,0.0,A01
201800049513,1.0,7,0,0.0,2.0,8.0,2.0,A01
201800049513,1.0,7,0,0.0,2.0,4.0,2.0,B01
201800049514,2.0,17,0,0.0,2.0,2.0,12.0,A01
201800049514,2.0,7,0,0.0,2.0,6.0,1.0,B01
201800049515,2.0,7,0,0.0,2.0,1.0,2.0,A01
201800049515,2.0,7,0,0.0,2.0,4.0,2.0,B01
201800049515,2.0,7,0,0.0,2.0,4.0,2.0,C01
201800049516,1.0,10,0,4.0,0.0,1.0,13.0,A01
201800049517,2.0,10,0,3.0,0.0,1.0,1.0,A01
201800049518,2.0,33,0,12.0,0.0,8.0,1.0,A01
201800049519,1.0,7,0,0.0,2.0,6.0,11.0,A01
201800049519,1.0,7,0,0.0,2.0,5.0,23.0,B01
201800049520,0.0,7,0,0.0,1.0,3.0,0.0,A01
201800049521,2.0,7,0,0.0,2.0,2.0,14.0,A01
201800049521,2.0,7,0,0.0,2.0,6.0,1.0,B01
201800049521,2.0,10,0,0.0,2.0,6.0,1.0,C01
201800049522,1.0,7,0,3.0,2.0,8.0,1.0,A01
201800049522,1.0,7,0,0.0,2.0,2.0,1.0,B01
201800049523,2.0,10,0,0.0,1.0,2.0,1.0,A01
201800049524,1.0,7,0,0.0,2.0,4.0,1.0,B01
201800049524,1.0,7,0,0.0,2.0,1.0,2.0,A01
201800049525,1.0,7,0,4.0,0.0,1.0,13.0,A01
201800049526,2.0,7,0,0.0,2.0,4.0,23.0,B01
201800049526,2.0,10,0,0.0,2.0,1.0,2.0,A01
201800049526,2.0,7,0,0.0,2.0,1.0,2.0,C01
201800049527,1.0,14,0,0.0,2.0,2.0,12.0,A01
201800049527,1.0,7,0,0.0,2.0,6.0,1.0,B01
201800049528,2.0,7,0,0.0,2.0,3.0,1.0,A01
201800049528,2.0,7,0,0.0,2.0,1.0,2.0,B01
201800049529,2.0,7,0,0.0,2.0,3.0,1.0,A01
201800049530,2.0,33,0,0.0,2.0,1.0,21.0,A01
201800049530,2.0,10,0,0.0,2.0,6.0,1.0,B01
201800049531,1.0,17,0,0.0,2.0,4.0,1.0,B01
201800049531,1.0,7,0,0.0,2.0,1.0,2.0,A01
201800049532,1.0,7,0,4.0,2.0,4.0,1.0,B01
201800049532,1.0,7,0,0.0,2.0,2.0,14.0,A01
201800049533,1.0,7,0,3.0,0.0,9.0,21.0,A01
201800049534,1.0,7,0,0.0,2.0,1.0,2.0,A01
201800049534,1.0,7,0,0.0,2.0,4.0,23.0,B01
201800049534,1.0,7,0,0.0,2.0,4.0,23.0,C01
201800049534,1.0,7,0,0.0,2.0,4.0,23.0,D01
201800049535,1.0,7,0,0.0,2.0,2.0,1.0,C01
201800049535,1.0,7,0,0.0,2.0,6.0,11.0,A01
201800049535,1.0,33,0,0.0,2.0,1.0,1.0,B01
201800049536,2.0,7,0,0.0,2.0,1.0,2.0,A01
201800049536,2.0,7,0,0.0,2.0,4.0,23.0,B01
201800049536,2.0,7,0,0.0,2.0,4.0,23.0,C01
201800049537,1.0,99,0,0.0,2.0,7.0,9.0,A01
201800049537,1.0,33,0,0.0,2.0,8.0,1.0,B01
201800049538,1.0,99,0,0.0,2.0,4.0,23.0,D01
201800049538,1.0,7,0,0.0,2.0,1.0,2.0,A01
201800049538,1.0,7,0,0.0,2.0,4.0,23.0,B01
201800049538,1.0,7,0,0.0,2.0,4.0,23.0,C01
201800049539,2.0,7,0,0.0,2.0,5.0,12.0,B01
201800049539,2.0,34,0,0.0,2.0,1.0,3.0,A01
201800049540,2.0,7,0,4.0,0.0,3.0,13.0,A01
201800049541,2.0,7,0,0.0,2.0,6.0,1.0,B01
201800049541,2.0,7,0,0.0,2.0,1.0,11.0,A01
201800049542,2.0,7,0,3.0,0.0,3.0,21.0,A01
201800049543,2.0,7,0,0.0,2.0,4.0,1.0,B01
201800049543,2.0,7,0,0.0,2.0,4.0,1.0,C01
201800049543,2.0,7,0,0.0,2.0,1.0,2.0,A01
201800049544,2.0,10,0,0.0,2.0,3.0,18.0,A01
201800049544,2.0,7,0,3.0,2.0,5.0,1.0,B01
201800049545,2.0,7,0,4.0,0.0,2.0,14.0,A01
201800049546,2.0,10,0,4.0,0.0,2.0,14.0,A01
201800049547,1.0,7,0,0.0,2.0,6.0,1.0,B01
201800049547,1.0,7,0,0.0,2.0,2.0,12.0,A01
201800049548,2.0,10,0,0.0,2.0,8.0,19.0,A01
201800049548,2.0,33,0,0.0,2.0,1.0,1.0,B01
201800049549,2.0,7,0,0.0,2.0,6.0,1.0,B01
201800049549,2.0,14,0,0.0,2.0,7.0,12.0,A01
201800049550,1.0,7,0,0.0,2.0,1.0,1.0,A01
201800049550,1.0,7,0,0.0,2.0,4.0,1.0,B01
201800049550,1.0,7,0,0.0,2.0,4.0,1.0,C01
201800049551,2.0,7,0,3.0,2.0,9.0,13.0,A01
201800049551,2.0,7,0,0.0,2.0,3.0,1.0,B01
201800049552,2.0,7,0,0.0,2.0,2.0,12.0,A01
201800049552,2.0,7,0,0.0,2.0,6.0,1.0,B01