Num_Acc,senc,catv,occutc,obs,obsm,choc,manv,num_veh
201800049553,2.0,7,0,16.0,0.0,9.0,14.0,A01
201800049554,1.0,7,0,0.0,2.0,1.0,1.0,B01
201800049554,1.0,7,0,12.0,2.0,6.0,1.0,A01
201800049555,2.0,7,0,0.0,2.0,4.0,23.0,E01
201800049555,2.0,7,0,0.0,2.0,4.0,23.0,C01
201800049555,2.0,7,0,0.0,2.0,4.0,23.0,B01
201800049555,2.0,7,0,0.0,2.0,4.0,23.0,D01
201800049555,2.0,7,0,0.0,2.0,1.0,2.0,A01
201800049555,2.0,10,0,0.0,2.0,4.0,23.0,F01
201800049556,2.0,7,0,3.0,0.0,2.0,14.0,A01
201800049557,2.0,10,0,0.0,2.0,6.0,23.0,D01
201800049557,2.0,10,0,0.0,2.0,1.0,2.0,A01
201800049557,2.0,7,0,0.0,2.0,4.0,23.0,C01
201800049557,2.0,7,0,0.0,2.0,4.0,23.0,B01
201800049558,2.0,7,0,0.0,2.0,1.0,2.0,A01
201800049558,2.0,7,0,0.0,2.0,4.0,1.0,B01
201800049558,2.0,7,0,0.0,2.0,4.0,1.0,C01
201800049559,1.0,10,0,0.0,2.0,1.0,2.0,A01
201800049559,1.0,10,0,0.0,2.0,4.0,23.0,B01
201800049560,1.0,33,0,0.0,0.0,3.0,13.0,A01
201800049561,2.0,33,0,0.0,2.0,1.0,2.0,A01
201800049561,2.0,10,0,0.0,2.0,6.0,1.0,B01
201800049562,2.0,7,0,0.0,2.0,1.0,2.0,A01
201800049562,2.0,7,0,0.0,2.0,4.0,23.0,B01
201800049563,2.0,7,0,0.0,2.0,6.0,1.0,B01
201800049563,2.0,33,0,0.0,2.0,1.0,12.0,A01
201800049564,2.0,7,0,0.0,2.0,2.0,14.0,A01
201800049564,2.0,7,0,0.0,2.0,8.0,9.0,B01
201800049565,2.0,7,0,3.0,0.0,8.0,13.0,A01
201800049566,2.0,7,0,0.0,2.0,1.0,2.0,A01
201800049566,2.0,7,0,0.0,2.0,4.0,1.0,B01
201800049566,2.0,10,0,0.0,2.0,2.0,2.0,C01
201800049567,1.0,7,0,0.0,2.0,4.0,1.0,B01
201800049567,1.0,7,0,0.0,2.0,1.0,2.0,A01
201800049568,1.0,7,0,0.0,2.0,4.0,1.0,B01
201800049568,1.0,7,0,0.0,2.0,1.0,2.0,A01
201800049569,2.0,7,0,0.0,2.0,4.0,23.0,C01
201800049569,2.0,7,0,0.0,2.0,4.0,23.0,E01
201800049569,2.0,7,0,0.0,2.0,4.0,23.0,D01
201800049569,2.0,10,0,0.0,2.0,4.0,23.0,B01
201800049569,2.0,17,0,0.0,2.0,1.0,2.0,A01
201800049570,1.0,33,0,14.0,0.0,1.0,21.0,A01
201800049571,2.0,17,0,0.0,2.0,1.0,2.0,A01
201800049571,2.0,7,0,0.0,2.0,4.0,1.0,B01
201800049572,1.0,14,0,0.0,2.0,8.0,21.0,A01
201800049572,1.0,17,0,0.0,2.0,4.0,1.0,D01
201800049572,1.0,7,0,0.0,2.0,7.0,1.0,B01
201800049572,1.0,7,0,0.0,2.0,4.0,1.0,C01
201800049573,1.0,33,0,0.0,0.0,7.0,1.0,A01
201800049574,2.0,7,0,4.0,2.0,2.0,14.0,A01
201800049574,2.0,7,0,0.0,2.0,6.0,23.0,B01
201800049574,2.0,7,0,0.0,2.0,8.0,0.0,C01
201800049575,1.0,99,0,0.0,1.0,0.0,0.0,Z01
201800049576,2.0,33,0,0.0,2.0,2.0,1.0,B01
201800049576,2.0,10,0,0.0,2.0,6.0,11.0,A01
201800049577,2.0,7,0,0.0,0.0,9.0,1.0,A01
201800049578,1.0,7,0,0.0,2.0,7.0,12.0,A01
201800049578,1.0,32,0,0.0,2.0,8.0,1.0,B01
201800049579,2.0,7,0,0.0,2.0,4.0,23.0,B01
201800049579,2.0,7,0,0.0,2.0,1.0,2.0,A01
201800049579,2.0,7,0,0.0,2.0,4.0,23.0,C01
201800049580,2.0,33,0,0.0,0.0,0.0,0.0,A01
201800049581,2.0,7,0,0.0,2.0,3.0,18.0,A01
201800049581,2.0,10,0,0.0,2.0,5.0,1.0,B01
201800049582,2.0,7,0,13.0,0.0,1.0,14.0,A01
201800049583,2.0,7,0,4.0,0.0,9.0,13.0,A01
201800049584,2.0,7,0,0.0,2.0,6.0,1.0,B01
201800049584,2.0,7,0,0.0,2.0,2.0,11.0,A01
201800049585,2.0,7,0,0.0,2.0,4.0,1.0,B01
201800049585,2.0,10,0,0.0,2.0,1.0,2.0,A01
201800049585,2.0,7,0,0.0,2.0,4.0,1.0,C01
201800049586,2.0,7,0,0.0,2.0,1.0,2.0,E01
201800049586,2.0,10,0,0.0,2.0,4.0,2.0,B01
201800049586,2.0,10,0,0.0,2.0,1.0,2.0,D01
201800049586,2.0,10,0,0.0,2.0,1.0,2.0,A01
201800049586,2.0,7,0,0.0,2.0,4.0,2.0,C01
201800049587,1.0,33,0,4.0,0.0,2.0,14.0,A01
201800049588,2.0,7,0,0.0,2.0,1.0,2.0,A01
201800049588,2.0,7,0,0.0,2.0,4.0,2.0,E01
201800049588,2.0,7,0,0.0,2.0,4.0,2.0,C01
201800049588,2.0,7,0,0.0,2.0,4.0,2.0,F01
201800049588,2.0,7,0,0.0,2.0,4.0,2.0,D01
201800049588,2.0,10,0,0.0,2.0,1.0,2.0,B01
201800049589,2.0,10,0,0.0,2.0,1.0,2.0,A01
201800049589,2.0,7,0,3.0,2.0,4.0,1.0,B01
201800049589,2.0,7,0,0.0,2.0,1.0,21.0,C01
201800049590,2.0,7,0,0.0,2.0,4.0,23.0,C01
201800049590,2.0,10,0,0.0,2.0,4.0,23.0,B01
201800049590,2.0,10,0,0.0,2.0,4.0,23.0,D01
201800049590,2.0,10,0,0.0,2.0,1.0,2.0,A01
201800049591,2.0,2,0,0.0,0.0,7.0,14.0,A01
201800049592,1.0,32,0,0.0,2.0,1.0,2.0,A01
201800049592,1.0,10,0,0.0,2.0,6.0,1.0,B01
201800049593,2.0,32,0,14.0,0.0,1.0,14.0,A01
201800049594,2.0,32,0,0.0,0.0,7.0,1.0,A01
201800049595,1.0,34,0,4.0,0.0,3.0,21.0,A01
201800049596,1.0,7,0,4.0,0.0,2.0,21.0,A01
201800049597,1.0,7,0,0.0,2.0,1.0,1.0,C01
201800049597,1.0,7,0,0.0,2.0,1.0,2.0,D01
201800049597,1.0,7,0,0.0,2.0,1.0,2.0,A01
201800049597,1.0,7,0,0.0,2.0,4.0,1.0,B01
201800049598,2.0,7,0,0.0,2.0,1.0,2.0,A01
201800049598,2.0,7,0,0.0,2.0,4.0,1.0,B01
201800049599,1.0,7,0,0.0,2.0,1.0,2.0,A01
201800049599,1.0,7,0,0.0,0.0,4.0,2.0,C01
201800049599,1.0,7,0,0.0,2.0,4.0,2.0,B01
201800049600,2.0,31,0,0.0,2.0,1.0,3.0,A01
201800049600,2.0,7,0,0.0,2.0,4.0,1.0,B01
201800049601,2.0,7,0,0.0,2.0,1.0,2.0,A01
201800049601,2.0,7,0,0.0,2.0,4.0,1.0,B01
201800049601,2.0,7,0,0.0,2.0,4.0,11.0,C01
201800049602,1.0,7,0,4.0,0.0,3.0,13.0,A01
201800049603,2.0,7,0,0.0,2.0,2.0,16.0,A01
201800049603,2.0,7,0,0.0,2.0,8.0,1.0,B01
201800049604,2.0,7,0,4.0,0.0,3.0,13.0,A01
201800049605,2.0,33,0,0.0,2.0,7.0,3.0,B01
201800049605,2.0,7,0,0.0,2.0,8.0,11.0,A01
201800049606,2.0,7,0,0.0,2.0,4.0,23.0,A01
201800049607,1.0,33,0,14.0,0.0,1.0,14.0,A01
201800049608,1.0,7,0,0.0,2.0,5.0,12.0,B01
201800049608,1.0,34,0,0.0,2.0,1.0,1.0,A01
201800049609,2.0,10,0,0.0,2.0,1.0,2.0,A01
201800049609,2.0,7,0,0.0,0.0,4.0,23.0,B01
201800049610,1.0,7,0,4.0,0.0,8.0,14.0,A01
201800049611,2.0,7,0,0.0,2.0,5.0,12.0,A01
201800049611,2.0,33,0,0.0,2.0,1.0,3.0,B01
201800049612,1.0,32,0,4.0,0.0,1.0,14.0,A01
201800049613,2.0,7,0,0.0,2.0,1.0,2.0,A01
201800049613,2.0,7,0,0.0,2.0,4.0,1.0,B01
201800049613,2.0,7,0,0.0,2.0,4.0,1.0,C01
201800049614,2.0,7,0,0.0,2.0,7.0,12.0,A01
201800049614,2.0,32,0,0.0,2.0,8.0,3.0,B01
201800049615,1.0,7,0,0.0,2.0,7.0,12.0,A01
201800049615,1.0,2,0,0.0,2.0,8.0,1.0,B01
201800049616,1.0,7,0,0.0,2.0,1.0,2.0,A01
201800049616,1.0,7,0,0.0,2.0,4.0,23.0,B01
201800049616,1.0,7,0,0.0,2.0,4.0,23.0,C01
201800049617,2.0,7,0,0.0,2.0,8.0,9.0,A01
201800049617,2.0,33,0,0.0,2.0,5.0,1.0,B01
201800049618,2.0,10,0,0.0,2.0,3.0,11.0,A01
201800049618,2.0,7,0,0.0,2.0,7.0,1.0,B01
201800049619,1.0,7,0,,,,,A01
201800049620,2.0,7,0,0.0,2.0,4.0,1.0,B01
201800049620,2.0,7,0,0.0,2.0,1.0,2.0,A01
201800049621,1.0,7,0,0.0,2.0,4.0,1.0,B01
201800049621,1.0,7,0,0.0,2.0,1.0,2.0,A01
201800049622,2.0,7,0,3.0,0.0,2.0,1.0,A01
201800049623,1.0,31,0,0.0,2.0,4.0,2.0,A01
201800049623,1.0,7,0,0.0,2.0,1.0,2.0,B01
201800049624,1.0,7,0,14.0,2.0,2.0,12.0,A01
201800049624,1.0,7,0,0.0,2.0,6.0,2.0,B01
201800049625,2.0,7,0,0.0,0.0,5.0,1.0,A01
201800049625,2.0,99,0,0.0,2.0,3.0,11.0,Z01
201800049626,2.0,31,0,14.0,0.0,1.0,1.0,A01
201800049627,1.0,7,0,0.0,2.0,4.0,2.0,A01
201800049627,1.0,10,0,0.0,2.0,1.0,1.0,B01
201800049628,0.0,7,0,0.0,2.0,6.0,2.0,B01
201800049628,0.0,33,0,0.0,2.0,1.0,3.0,A01
201800049628,0.0,7,0,0.0,2.0,2.0,2.0,C01
201800049629,1.0,7,0,0.0,2.0,6.0,0.0,B01
201800049629,2.0,7,0,0.0,2.0,1.0,2.0,A01
201800049629,2.0,7,0,0.0,2.0,6.0,0.0,C01
201800049630,2.0,7,0,4.0,0.0,3.0,0.0,A01
201800049631,2.0,7,0,0.0,2.0,1.0,1.0,A01
201800049631,1.0,7,0,0.0,2.0,4.0,9.0,B01
201800049632,1.0,14,0,14.0,0.0,2.0,1.0,B01
201800049632,1.0,14,0,1.0,0.0,6.0,0.0,A01
201800049633,1.0,7,0,4.0,0.0,4.0,17.0,A01
201800049634,1.0,7,0,0.0,2.0,4.0,2.0,B01
201800049634,1.0,7,0,0.0,2.0,1.0,2.0,C01
201800049634,1.0,7,0,1.0,2.0,4.0,2.0,A01
201800049635,1.0,10,0,0.0,2.0,4.0,2.0,A01
201800049635,1.0,10,0,0.0,2.0,1.0,2.0,B01
201800049636,2.0,7,0,1.0,0.0,1.0,2.0,B01
201800049636,0.0,7,0,0.0,0.0,5.0,2.0,A01
201800049637,2.0,7,0,0.0,2.0,4.0,2.0,B01
201800049637,2.0,7,0,0.0,2.0,4.0,2.0,A01
201800049637,2.0,7,0,0.0,2.0,1.0,2.0,C01
201800049638,1.0,7,0,0.0,2.0,4.0,2.0,C01
201800049638,1.0,7,0,0.0,2.0,1.0,0.0,A01
201800049638,1.0,7,0,0.0,2.0,0.0,0.0,B01
201800049639,2.0,10,0,0.0,2.0,2.0,2.0,A01
201800049639,2.0,7,0,0.0,2.0,5.0,11.0,B01
201800049640,1.0,10,0,0.0,0.0,6.0,2.0,A01
201800049640,1.0,10,0,0.0,0.0,0.0,0.0,Z01
201800049641,2.0,7,0,0.0,2.0,4.0,1.0,B01
201800049641,2.0,7,0,0.0,2.0,1.0,1.0,A01
201800049642,1.0,33,0,3.0,0.0,9.0,14.0,A01
201800049643,1.0,7,0,0.0,2.0,6.0,0.0,A01
201800049643,1.0,7,0,0.0,2.0,1.0,0.0,B01
201800049644,1.0,33,0,0.0,2.0,3.0,2.0,B01
201800049644,1.0,10,0,0.0,6.0,5.0,12.0,A01
201800049644,1.0,10,0,0.0,2.0,1.0,2.0,C01
201800049645,2.0,7,0,0.0,2.0,9.0,0.0,A01
201800049645,2.0,7,0,0.0,2.0,1.0,0.0,B01
201800049645,2.0,7,0,0.0,2.0,1.0,0.0,C01
201800049645,2.0,33,0,0.0,2.0,8.0,2.0,D01
201800049645,2.0,7,0,0.0,6.0,0.0,0.0,E01
201800049646,1.0,17,0,4.0,2.0,7.0,14.0,A01
201800049646,1.0,10,0,4.0,2.0,8.0,2.0,B01
201800049647,1.0,7,0,0.0,2.0,6.0,1.0,B01
201800049647,1.0,7,0,0.0,2.0,2.0,13.0,A01
201800049648,2.0,7,0,14.0,0.0,2.0,1.0,C01
201800049648,2.0,7,0,14.0,0.0,7.0,1.0,B01
201800049648,2.0,7,0,4.0,0.0,1.0,1.0,A01
201800049649,2.0,7,0,0.0,2.0,4.0,1.0,B01
201800049649,2.0,7,0,0.0,2.0,4.0,1.0,A01
201800049649,0.0,7,0,0.0,2.0,1.0,1.0,D01
201800049649,0.0,7,0,0.0,2.0,4.0,1.0,C01
201800049650,1.0,7,0,14.0,0.0,1.0,0.0,A01
201800049651,2.0,10,0,0.0,2.0,2.0,21.0,A01
201800049652,2.0,7,0,0.0,2.0,4.0,2.0,F01
201800049652,2.0,7,0,0.0,2.0,4.0,2.0,C01
201800049652,2.0,7,0,0.0,2.0,1.0,2.0,G01
201800049652,2.0,7,0,0.0,2.0,4.0,2.0,B01
201800049652,2.0,7,0,0.0,2.0,4.0,2.0,E01
201800049652,2.0,7,0,0.0,2.0,4.0,2.0,A01
201800049652,2.0,7,0,0.0,2.0,4.0,2.0,D01
201800049653,1.0,7,0,7.0,2.0,1.0,2.0,B01
201800049653,1.0,7,0,0.0,0.0,4.0,2.0,A01
201800049654,1.0,7,0,0.0,2.0,4.0,2.0,C01
201800049654,1.0,10,0,3.0,2.0,9.0,0.0,B01
201800049654,1.0,7,0,0.0,2.0,4.0,2.0,A01
201800049655,1.0,7,0,0.0,2.0,4.0,1.0,B01
201800049655,1.0,7,0,0.0,2.0,4.0,1.0,C01
201800049655,1.0,7,0,0.0,2.0,1.0,1.0,A01
201800049656,1.0,7,0,0.0,2.0,3.0,2.0,A01
201800049656,1.0,7,0,0.0,2.0,5.0,2.0,B01
201800049657,1.0,7,0,15.0,0.0,2.0,1.0,A01
201800049658,1.0,7,0,3.0,0.0,1.0,0.0,A01
201800049659,1.0,7,0,0.0,2.0,1.0,2.0,A01
201800049659,1.0,7,0,0.0,2.0,4.0,23.0,D01
201800049659,1.0,10,0,0.0,2.0,4.0,23.0,B01
201800049659,1.0,7,0,0.0,2.0,4.0,23.0,C01
201800049660,2.0,7,0,1.0,0.0,4.0,1.0,B01
201800049660,2.0,7,0,0.0,0.0,0.0,0.0,C01
201800049660,2.0,7,0,0.0,0.0,4.0,1.0,A01
201800049661,1.0,10,0,3.0,2.0,4.0,2.0,A01
201800049661,1.0,10,0,3.0,2.0,1.0,2.0,B01
201800049662,2.0,7,0,3.0,0.0,1.0,1.0,A01
201800049663,1.0,7,0,1.0,0.0,1.0,2.0,A01
201800049663,1.0,10,0,0.0,2.0,4.0,23.0,B01
201800049664,2.0,7,0,4.0,0.0,3.0,13.0,A01
201800049665,2.0,7,0,3.0,0.0,8.0,13.0,A01
201800049666,2.0,7,0,0.0,2.0,5.0,1.0,B01
201800049666,2.0,7,0,0.0,2.0,1.0,1.0,C01
201800049666,2.0,7,0,0.0,2.0,4.0,1.0,A01
201800049667,1.0,7,0,,,,,A01
201800049668,1.0,7,0,0.0,0.0,8.0,12.0,A01
201800049668,1.0,7,0,0.0,2.0,7.0,17.0,B01
201800049669,2.0,7,0,0.0,0.0,3.0,13.0,A01
201800049670,1.0,7,0,0.0,2.0,5.0,12.0,A01
201800049670,1.0,31,0,0.0,2.0,3.0,3.0,B01
201800049671,2.0,14,0,0.0,2.0,2.0,1.0,A01
201800049671,2.0,7,0,0.0,2.0,6.0,1.0,B01
201800049672,2.0,7,0,4.0,0.0,2.0,1.0,A01
201800049673,2.0,32,0,0.0,2.0,4.0,0.0,A01
201800049673,2.0,10,0,0.0,2.0,1.0,0.0,B01
201800049673,2.0,10,0,0.0,2.0,1.0,0.0,C01
201800049674,1.0,7,0,0.0,2.0,1.0,1.0,B01
201800049674,1.0,7,0,0.0,2.0,1.0,0.0,A01
201800049675,1.0,14,0,0.0,2.0,2.0,2.0,B01
201800049675,1.0,7,0,0.0,2.0,3.0,2.0,A01
201800049676,2.0,7,0,0.0,0.0,9.0,0.0,A01
201800049677,2.0,7,0,0.0,2.0,7.0,12.0,A01
201800049677,2.0,34,0,0.0,2.0,1.0,1.0,B01
201800049678,1.0,7,0,0.0,2.0,8.0,0.0,C01
201800049678,1.0,13,0,0.0,2.0,2.0,1.0,B01
201800049678,1.0,17,0,0.0,2.0,5.0,1.0,A01
201800049679,2.0,7,0,0.0,2.0,7.0,2.0,B01
201800049679,2.0,34,0,3.0,2.0,8.0,1.0,A01
201800049680,1.0,7,0,0.0,2.0,1.0,2.0,A01
201800049680,1.0,33,0,0.0,1.0,0.0,2.0,C01
201800049680,1.0,7,0,0.0,2.0,6.0,2.0,B01
201800049681,1.0,7,0,0.0,2.0,4.0,1.0,D01
201800049681,1.0,7,0,0.0,2.0,4.0,1.0,C01
201800049681,1.0,7,0,0.0,2.0,1.0,1.0,A01
201800049681,1.0,7,0,0.0,2.0,4.0,1.0,E01
201800049681,1.0,7,0,0.0,2.0,4.0,1.0,B01
201800049682,1.0,7,0,0.0,2.0,7.0,14.0,B01
201800049682,1.0,33,0,0.0,2.0,8.0,2.0,A01
201800049683,2.0,7,0,0.0,0.0,9.0,2.0,A01
201800049684,2.0,7,0,7.0,0.0,0.0,1.0,A01
201800049685,2.0,10,0,0.0,2.0,1.0,2.0,C01
201800049685,2.0,10,0,0.0,2.0,1.0,2.0,A01
201800049685,2.0,7,0,0.0,2.0,1.0,1.0,B01
201800049685,2.0,7,0,0.0,2.0,1.0,2.0,D01
201800049686,2.0,7,0,0.0,2.0,2.0,17.0,B01
201800049686,2.0,7,0,0.0,2.0,8.0,11.0,A01
201800049687,1.0,7,0,3.0,0.0,3.0,1.0,A01
201800049688,1.0,7,0,3.0,0.0,0.0,14.0,A01
201800049689,1.0,7,0,0.0,2.0,4.0,1.0,B01
201800049689,1.0,7,0,0.0,2.0,1.0,2.0,A01
201800049690,1.0,7,0,0.0,2.0,3.0,2.0,A01
201800049691,1.0,7,0,1.0,0.0,4.0,1.0,D01
201800049691,1.0,10,0,1.0,0.0,1.0,2.0,A01
201800049691,0.0,7,0,0.0,0.0,4.0,2.0,E01
201800049691,1.0,7,0,1.0,0.0,4.0,2.0,B01
201800049691,1.0,7,0,1.0,0.0,4.0,1.0,C01
201800049692,2.0,7,0,0.0,2.0,4.0,2.0,A01
201800049692,2.0,7,0,0.0,2.0,1.0,2.0,B01
201800049693,2.0,7,0,4.0,0.0,2.0,14.0,A01
201800049694,2.0,10,0,0.0,2.0,5.0,2.0,B01
201800049694,2.0,7,0,0.0,2.0,1.0,2.0,C01
201800049694,2.0,7,0,0.0,2.0,4.0,2.0,A01
201800049695,1.0,10,0,4.0,0.0,3.0,0.0,A01
201800049696,2.0,10,0,0.0,2.0,1.0,1.0,B01
201800049696,2.0,7,0,0.0,2.0,4.0,2.0,A01
201800049697,1.0,7,0,0.0,0.0,3.0,0.0,A01
201800049698,2.0,32,0,0.0,2.0,1.0,2.0,B01
201800049698,2.0,7,0,0.0,2.0,7.0,12.0,A01
201800049698,2.0,7,0,0.0,2.0,3.0,2.0,C01
201800049699,1.0,7,0,0.0,2.0,3.0,0.0,A01
201800049699,1.0,7,0,0.0,2.0,0.0,12.0,B01
201800049700,2.0,7,0,0.0,2.0,4.0,23.0,C01
201800049700,2.0,7,0,0.0,2.0,4.0,23.0,B01
201800049700,2.0,7,0,0.0,2.0,1.0,2.0,A01
201800049701,2.0,7,0,13.0,0.0,9.0,0.0,A01
201800049702,1.0,7,0,3.0,2.0,1.0,2.0,A01
201800049702,1.0,7,0,0.0,2.0,1.0,13.0,C01
201800049702,1.0,7,0,0.0,2.0,8.0,23.0,B01
201800049703,1.0,7,0,0.0,2.0,0.0,0.0,B01
201800049703,1.0,7,0,0.0,2.0,0.0,23.0,A01
201800049703,1.0,10,0,1.0,0.0,0.0,0.0,Z01
201800049704,2.0,7,0,0.0,2.0,4.0,23.0,C01
201800049704,2.0,7,0,0.0,2.0,1.0,2.0,A01
201800049704,2.0,7,0,0.0,2.0,4.0,23.0,D01
201800049704,2.0,7,0,0.0,2.0,4.0,23.0,B01
201800049705,1.0,33,0,0.0,2.0,7.0,17.0,A01
201800049705,1.0,10,0,0.0,6.0,3.0,11.0,B01
201800049706,1.0,7,0,3.0,0.0,1.0,1.0,A01
201800049707,1.0,33,0,3.0,0.0,0.0,13.0,B01
201800049707,1.0,17,0,0.0,2.0,7.0,1.0,A01
201800049708,1.0,7,0,4.0,0.0,3.0,1.0,A01
201800049709,2.0,7,0,6.0,0.0,1.0,17.0,A01
201800049710,1.0,7,0,3.0,0.0,3.0,13.0,A01
201800049711,1.0,7,0,4.0,0.0,2.0,9.0,A01
201800049712,2.0,7,0,5.0,0.0,2.0,0.0,A01
201800049713,1.0,7,0,0.0,2.0,1.0,14.0,B01
201800049713,1.0,7,0,3.0,2.0,4.0,1.0,A01
201800049714,2.0,7,0,0.0,6.0,3.0,2.0,A01
201800049715,1.0,7,0,0.0,1.0,7.0,1.0,B01
201800049716,1.0,7,0,0.0,0.0,4.0,23.0,A01
201800049716,1.0,7,0,1.0,0.0,1.0,1.0,B01
201800049717,2.0,7,0,0.0,2.0,1.0,14.0,B01
201800049717,2.0,7,0,0.0,2.0,6.0,1.0,A01
201800049718,1.0,7,0,3.0,0.0,3.0,16.0,A01
201800049719,2.0,7,0,0.0,2.0,4.0,1.0,A01
201800049719,2.0,7,0,0.0,2.0,1.0,2.0,B01
201800049720,2.0,7,0,4.0,0.0,3.0,13.0,A01
201800049721,1.0,7,0,0.0,2.0,4.0,2.0,A01
201800049721,1.0,7,0,0.0,2.0,1.0,2.0,B01
201800049722,1.0,7,0,4.0,2.0,7.0,1.0,B01
201800049722,1.0,7,0,0.0,2.0,8.0,1.0,A01
201800049723,1.0,32,0,0.0,0.0,7.0,21.0,A01
201800049724,1.0,7,0,0.0,2.0,7.0,1.0,B01
201800049724,1.0,7,0,0.0,2.0,8.0,1.0,A01
201800049725,2.0,7,0,4.0,0.0,3.0,1.0,A01
201800049726,1.0,7,0,0.0,2.0,1.0,2.0,B01
201800049726,1.0,7,0,0.0,2.0,4.0,1.0,A01
201800049727,1.0,7,0,0.0,2.0,3.0,2.0,A01
201800049727,1.0,7,0,0.0,2.0,0.0,0.0,B01
201800049728,2.0,7,0,13.0,2.0,1.0,2.0,B01
201800049728,2.0,7,0,3.0,0.0,4.0,2.0,A01
201800049729,2.0,7,0,0.0,2.0,1.0,2.0,B01
201800049729,2.0,10,0,0.0,2.0,4.0,2.0,A01
201800049730,2.0,7,0,0.0,2.0,1.0,2.0,B01
201800049730,2.0,7,0,4.0,0.0,4.0,2.0,A01
201800049731,2.0,10,0,0.0,2.0,4.0,2.0,B01
201800049731,1.0,7,0,0.0,2.0,4.0,2.0,C01
201800049731,2.0,7,0,0.0,2.0,1.0,2.0,A01
201800049732,2.0,7,0,0.0,2.0,1.0,1.0,A01
201800049732,2.0,33,0,0.0,2.0,4.0,2.0,B01
201800049733,1.0,10,0,0.0,2.0,4.0,1.0,B01
201800049733,1.0,7,0,0.0,2.0,1.0,1.0,A01
201800049734,2.0,7,0,0.0,2.0,5.0,2.0,B01
201800049734,2.0,7,0,0.0,2.0,1.0,2.0,A01
201800049735,1.0,32,0,0.0,2.0,4.0,1.0,B01
201800049735,1.0,10,0,0.0,2.0,1.0,1.0,A01
201800049736,1.0,33,0,0.0,2.0,1.0,3.0,B01
201800049736,1.0,10,0,0.0,2.0,5.0,2.0,A01
201800049737,2.0,10,0,0.0,2.0,4.0,2.0,A01
201800049737,2.0,7,0,0.0,2.0,1.0,2.0,C01
201800049737,2.0,7,0,0.0,2.0,9.0,2.0,B01
201800049738,1.0,7,0,4.0,2.0,1.0,2.0,C01
201800049738,1.0,10,0,4.0,2.0,4.0,2.0,A01
201800049738,1.0,7,0,4.0,2.0,9.0,2.0,B01
201800049739,2.0,7,0,0.0,2.0,4.0,1.0,B01
201800049739,2.0,7,0,0.0,2.0,0.0,0.0,D01
201800049739,2.0,7,0,0.0,2.0,4.0,1.0,A01
201800049739,2.0,7,0,0.0,2.0,4.0,2.0,C01
201800049740,1.0,7,0,3.0,2.0,3.0,11.0,A01
201800049740,1.0,7,0,0.0,2.0,6.0,1.0,C01
201800049740,1.0,7,0,0.0,2.0,1.0,1.0,D01
201800049740,1.0,7,0,0.0,2.0,2.0,1.0,B01
201800049741,2.0,14,0,0.0,2.0,1.0,0.0,Z01
201800049741,2.0,7,0,0.0,0.0,6.0,1.0,A01
201800049742,2.0,7,0,0.0,2.0,8.0,1.0,B01
201800049742,2.0,7,0,0.0,2.0,7.0,14.0,A01
201800049743,2.0,7,0,4.0,0.0,2.0,1.0,A01
201800049744,1.0,7,0,0.0,2.0,2.0,0.0,B01
201800049744,1.0,7,0,0.0,2.0,6.0,23.0,A01
201800049745,1.0,7,0,4.0,0.0,1.0,0.0,A01
201800049745,1.0,7,0,0.0,2.0,1.0,0.0,B01
201800049746,2.0,7,0,0.0,0.0,4.0,1.0,D01
201800049746,2.0,7,0,0.0,2.0,1.0,1.0,A01
201800049746,2.0,7,0,0.0,2.0,1.0,1.0,C01
201800049746,2.0,7,0,0.0,2.0,1.0,1.0,B01
201800049747,1.0,7,0,0.0,2.0,4.0,1.0,A01
201800049747,1.0,7,0,0.0,2.0,1.0,2.0,B01
201800049748,2.0,7,0,4.0,0.0,1.0,1.0,A01
201800049749,2.0,7,0,0.0,2.0,4.0,2.0,A01
201800049749,2.0,7,0,0.0,2.0,1.0,2.0,C01
201800049749,2.0,7,0,0.0,2.0,4.0,2.0,B01
201800049750,1.0,7,0,0.0,2.0,4.0,1.0,A01
201800049750,1.0,7,0,0.0,2.0,1.0,1.0,C01
201800049750,1.0,7,0,0.0,2.0,4.0,1.0,B01
201800049751,1.0,7,0,0.0,2.0,4.0,1.0,C01
201800049751,1.0,7,0,0.0,2.0,4.0,1.0,A01
201800049751,1.0,10,0,0.0,2.0,0.0,1.0,B01
201800049751,1.0,7,0,0.0,2.0,1.0,1.0,D01
201800049752,2.0,7,0,0.0,2.0,2.0,0.0,B01
201800049752,2.0,7,0,0.0,2.0,3.0,11.0,A01
201800049753,1.0,7,0,0.0,0.0,8.0,11.0,A01
201800049753,1.0,34,0,0.0,2.0,8.0,3.0,B01
201800049754,2.0,33,0,4.0,0.0,0.0,0.0,A01
201800049755,1.0,17,0,5.0,0.0,2.0,12.0,A01
201800049755,1.0,17,0,0.0,0.0,0.0,0.0,B01
201800049756,2.0,7,0,0.0,2.0,4.0,2.0,A01
201800049756,2.0,7,0,0.0,2.0,1.0,2.0,B01
201800049757,2.0,7,0,0.0,2.0,3.0,9.0,A01
201800049757,2.0,7,0,0.0,2.0,5.0,2.0,B01
201800049758,1.0,7,0,0.0,2.0,2.0,0.0,A01
201800049758,1.0,7,0,0.0,2.0,3.0,1.0,B01
201800049759,1.0,7,0,0.0,2.0,7.0,1.0,B01
201800049759,1.0,7,0,3.0,2.0,8.0,13.0,A01
201800049760,1.0,7,0,0.0,2.0,2.0,17.0,A01
201800049760,1.0,7,0,0.0,2.0,6.0,1.0,C01