Num_Acc,senc,catv,occutc,obs,obsm,choc,manv,num_veh
201800049760,1.0,7,0,0.0,2.0,4.0,13.0,B01
201800049761,1.0,7,0,0.0,2.0,4.0,1.0,A01
201800049761,1.0,7,0,0.0,2.0,1.0,9.0,B01
201800049762,1.0,7,0,3.0,0.0,6.0,1.0,B01
201800049762,1.0,7,0,0.0,2.0,7.0,17.0,C01
201800049762,1.0,7,0,0.0,2.0,2.0,11.0,A01
201800049763,2.0,32,0,3.0,2.0,3.0,14.0,A01
201800049763,2.0,15,0,0.0,2.0,8.0,2.0,B01
201800049764,1.0,7,0,0.0,2.0,6.0,23.0,A01
201800049764,1.0,7,0,0.0,2.0,2.0,12.0,B01
201800049765,1.0,7,0,0.0,2.0,4.0,1.0,A01
201800049765,1.0,7,0,0.0,2.0,1.0,2.0,C01
201800049765,1.0,7,0,0.0,2.0,4.0,0.0,B01
201800049766,2.0,7,0,0.0,2.0,4.0,2.0,A01
201800049766,2.0,7,0,0.0,2.0,0.0,2.0,Z01
201800049767,,33,0,,,,,A01
201800049768,2.0,7,0,4.0,2.0,3.0,13.0,A01
201800049768,2.0,7,0,0.0,2.0,3.0,1.0,B01
201800049769,1.0,7,0,0.0,2.0,4.0,2.0,B01
201800049769,1.0,7,0,0.0,2.0,1.0,2.0,C01
201800049769,1.0,7,0,0.0,2.0,4.0,9.0,A01
201800049770,2.0,10,0,0.0,2.0,7.0,0.0,A01
201800049770,2.0,33,0,3.0,2.0,8.0,0.0,B01
201800049771,2.0,10,0,0.0,2.0,1.0,2.0,C01
201800049771,2.0,7,0,0.0,2.0,4.0,2.0,A01
201800049771,2.0,10,0,0.0,2.0,4.0,2.0,B01
201800049772,2.0,10,0,0.0,1.0,3.0,1.0,A01
201800049773,2.0,7,0,0.0,0.0,9.0,2.0,A01
201800049774,1.0,7,0,3.0,0.0,1.0,0.0,A01
201800049775,2.0,7,0,0.0,2.0,1.0,13.0,B01
201800049775,1.0,7,0,0.0,2.0,6.0,9.0,A01
201800049775,2.0,7,0,0.0,0.0,0.0,0.0,C01
201800049776,2.0,7,0,0.0,2.0,8.0,0.0,B01
201800049776,2.0,15,0,0.0,2.0,5.0,17.0,A01
201800049777,2.0,7,0,9.0,0.0,7.0,1.0,A01
201800049778,2.0,7,0,0.0,2.0,4.0,2.0,A01
201800049778,2.0,7,0,0.0,2.0,1.0,2.0,C01
201800049778,2.0,7,0,0.0,2.0,4.0,2.0,B01
201800049779,1.0,7,0,0.0,2.0,1.0,2.0,A01
201800049779,1.0,7,0,0.0,2.0,4.0,2.0,B01
201800049780,2.0,10,0,0.0,2.0,1.0,2.0,C01
201800049780,2.0,7,0,0.0,2.0,4.0,1.0,B01
201800049780,2.0,7,0,0.0,2.0,4.0,2.0,A01
201800049781,1.0,33,0,0.0,0.0,0.0,1.0,A01
201800049782,1.0,7,0,2.0,0.0,1.0,14.0,A01
201800049783,1.0,34,0,0.0,2.0,2.0,2.0,B01
201800049783,1.0,7,0,0.0,2.0,6.0,2.0,A01
201800049784,0.0,7,0,0.0,2.0,1.0,1.0,A01
201800049784,0.0,7,0,0.0,2.0,1.0,5.0,B01
201800049785,2.0,7,0,3.0,0.0,2.0,2.0,A01
201800049786,2.0,7,0,6.0,0.0,1.0,14.0,A01
201800049787,1.0,7,0,0.0,0.0,8.0,1.0,B01
201800049787,1.0,7,0,0.0,0.0,1.0,2.0,C01
201800049787,1.0,7,0,4.0,2.0,1.0,14.0,A01
201800049788,2.0,7,0,4.0,0.0,1.0,1.0,A01
201800049789,1.0,7,0,0.0,0.0,4.0,1.0,B01
201800049789,1.0,17,0,0.0,2.0,2.0,16.0,A01
201800049790,2.0,7,0,0.0,2.0,4.0,2.0,A01
201800049790,2.0,7,0,0.0,2.0,1.0,2.0,B01
201800049791,1.0,7,0,0.0,2.0,1.0,2.0,B01
201800049791,1.0,7,0,0.0,2.0,4.0,2.0,A01
201800049792,2.0,7,0,0.0,2.0,1.0,2.0,C01
201800049792,2.0,7,0,0.0,2.0,4.0,2.0,B01
201800049792,2.0,7,0,0.0,2.0,4.0,2.0,A01
201800049793,2.0,33,0,0.0,2.0,8.0,1.0,B01
201800049793,2.0,7,0,0.0,2.0,2.0,12.0,A01
201800049794,1.0,7,0,4.0,0.0,1.0,1.0,A01
201800049795,1.0,33,0,0.0,0.0,8.0,21.0,A01
201800049796,1.0,10,0,0.0,2.0,4.0,1.0,B01
201800049796,1.0,14,0,0.0,2.0,1.0,2.0,A01
201800049796,1.0,7,0,0.0,2.0,4.0,1.0,D01
201800049796,1.0,7,0,0.0,2.0,4.0,1.0,C01
201800049797,2.0,31,0,0.0,2.0,3.0,21.0,A01
201800049797,2.0,7,0,0.0,2.0,5.0,1.0,B01
201800049798,2.0,7,0,0.0,2.0,4.0,23.0,B01
201800049798,2.0,7,0,0.0,2.0,4.0,23.0,D01
201800049798,2.0,7,0,0.0,2.0,1.0,2.0,A01
201800049798,2.0,7,0,0.0,2.0,4.0,23.0,C01
201800049799,,10,0,,,,,A01
201800049799,,7,0,,,,,B01
201800049799,,10,0,,,,,C01
201800049799,,7,0,,,,,D01
201800049800,1.0,10,0,0.0,0.0,0.0,1.0,B01
201800049800,1.0,33,0,0.0,6.0,1.0,0.0,A01
201800049801,1.0,7,0,0.0,2.0,1.0,2.0,B01
201800049801,1.0,10,0,0.0,2.0,4.0,2.0,A01
201800049802,1.0,7,0,0.0,2.0,1.0,1.0,B01
201800049802,1.0,7,0,0.0,2.0,4.0,2.0,A01
201800049803,1.0,31,0,0.0,6.0,1.0,1.0,A01
201800049803,1.0,14,0,0.0,0.0,0.0,1.0,B01
201800049804,1.0,7,0,4.0,0.0,2.0,14.0,A01
201800049805,2.0,7,0,3.0,0.0,3.0,1.0,A01
201800049806,2.0,7,0,0.0,2.0,4.0,2.0,B01
201800049806,2.0,7,0,0.0,2.0,4.0,2.0,A01
201800049806,2.0,7,0,0.0,2.0,1.0,2.0,C01
201800049807,1.0,7,0,0.0,2.0,7.0,2.0,A01
201800049807,1.0,7,0,0.0,2.0,8.0,2.0,B01
201800049807,1.0,7,0,0.0,2.0,1.0,11.0,C01
201800049808,1.0,7,0,0.0,2.0,1.0,1.0,B01
201800049808,1.0,7,0,0.0,2.0,3.0,1.0,C01
201800049808,1.0,7,0,0.0,2.0,4.0,1.0,A01
201800049809,1.0,15,0,0.0,2.0,2.0,14.0,B01
201800049809,1.0,7,0,0.0,2.0,8.0,2.0,A01
201800049810,1.0,7,0,13.0,2.0,6.0,2.0,B01
201800049810,1.0,7,0,13.0,2.0,4.0,0.0,C01
201800049810,1.0,7,0,13.0,0.0,3.0,0.0,D01
201800049810,1.0,7,0,13.0,2.0,3.0,12.0,A01
201800049811,2.0,15,0,0.0,2.0,1.0,11.0,A01
201800049811,2.0,7,0,0.0,2.0,4.0,11.0,B01
201800049812,2.0,10,0,0.0,2.0,4.0,1.0,A01
201800049812,2.0,10,0,0.0,2.0,1.0,1.0,B01
201800049813,2.0,7,0,0.0,2.0,1.0,9.0,D01
201800049813,2.0,7,0,0.0,2.0,8.0,2.0,E01
201800049813,2.0,7,0,0.0,2.0,4.0,2.0,B01
201800049813,2.0,7,0,0.0,2.0,4.0,2.0,A01
201800049813,2.0,7,0,0.0,2.0,1.0,2.0,C01
201800049814,2.0,7,0,0.0,2.0,4.0,23.0,A01
201800049814,2.0,31,0,1.0,0.0,4.0,23.0,B01
201800049814,2.0,7,0,1.0,0.0,1.0,2.0,C01
201800049815,2.0,7,0,0.0,2.0,1.0,2.0,A01
201800049815,2.0,7,0,0.0,2.0,4.0,1.0,B01
201800049816,1.0,7,0,3.0,0.0,1.0,14.0,A01
201800049817,1.0,7,0,0.0,2.0,3.0,21.0,A01
201800049818,1.0,10,0,0.0,2.0,1.0,1.0,B01
201800049818,1.0,10,0,0.0,2.0,4.0,1.0,A01
201800049819,1.0,7,0,0.0,2.0,1.0,2.0,B01
201800049819,1.0,7,0,0.0,2.0,4.0,23.0,A01
201800049820,1.0,14,0,0.0,2.0,2.0,9.0,Z01
201800049820,1.0,7,0,0.0,2.0,8.0,9.0,A01
201800049821,1.0,7,0,4.0,0.0,3.0,1.0,A01
201800049822,2.0,7,0,0.0,2.0,4.0,2.0,A01
201800049822,2.0,7,0,0.0,2.0,1.0,2.0,B01
201800049823,1.0,7,0,0.0,2.0,1.0,0.0,B01
201800049823,1.0,7,0,0.0,2.0,4.0,0.0,A01
201800049824,2.0,7,0,4.0,0.0,2.0,14.0,A01
201800049825,2.0,7,0,4.0,0.0,2.0,14.0,A01
201800049826,2.0,7,0,0.0,1.0,1.0,1.0,A01
201800049827,2.0,7,0,0.0,2.0,6.0,1.0,B01
201800049827,2.0,7,0,0.0,2.0,1.0,17.0,A01
201800049828,2.0,30,0,12.0,0.0,9.0,0.0,A01
201800049829,1.0,10,0,0.0,2.0,3.0,10.0,A01
201800049829,1.0,7,0,0.0,2.0,2.0,1.0,B01
201800049830,2.0,33,0,0.0,2.0,1.0,2.0,A01
201800049830,2.0,7,0,0.0,2.0,0.0,12.0,Z01
201800049831,1.0,7,0,0.0,2.0,2.0,1.0,A01
201800049831,1.0,10,0,0.0,2.0,2.0,2.0,B01
201800049831,1.0,7,0,0.0,2.0,6.0,2.0,C01
201800049831,1.0,7,0,0.0,2.0,4.0,1.0,D01
201800049832,1.0,7,0,0.0,2.0,6.0,2.0,C01
201800049832,1.0,7,0,0.0,2.0,4.0,23.0,A01
201800049832,1.0,7,0,0.0,2.0,1.0,2.0,B01
201800049833,2.0,33,0,0.0,2.0,7.0,1.0,C01
201800049833,2.0,7,0,0.0,2.0,3.0,12.0,A01
201800049833,2.0,10,0,0.0,2.0,5.0,1.0,B01
201800049834,2.0,7,0,0.0,2.0,6.0,1.0,B01
201800049834,2.0,7,0,0.0,2.0,5.0,2.0,C01
201800049834,2.0,7,0,0.0,2.0,1.0,0.0,A01
201800049835,2.0,7,0,0.0,2.0,1.0,1.0,E01
201800049835,2.0,15,0,0.0,2.0,0.0,0.0,A01
201800049835,2.0,7,0,0.0,2.0,1.0,1.0,B01
201800049835,2.0,7,0,0.0,2.0,9.0,1.0,C01
201800049835,2.0,7,0,0.0,2.0,9.0,1.0,D01
201800049836,1.0,7,0,0.0,2.0,4.0,1.0,A01
201800049836,1.0,7,0,0.0,2.0,1.0,1.0,B01
201800049837,2.0,10,0,0.0,2.0,4.0,1.0,B01
201800049837,2.0,7,0,0.0,2.0,1.0,1.0,A01
201800049838,2.0,7,0,0.0,2.0,4.0,0.0,A01
201800049838,2.0,7,0,0.0,2.0,1.0,2.0,Z01
201800049839,2.0,7,0,0.0,2.0,4.0,1.0,A01
201800049839,2.0,33,0,0.0,2.0,1.0,17.0,B01
201800049840,1.0,10,0,0.0,2.0,1.0,2.0,B01
201800049840,1.0,7,0,0.0,2.0,4.0,2.0,A01
201800049841,1.0,7,0,0.0,2.0,2.0,2.0,B01
201800049841,1.0,7,0,0.0,2.0,6.0,14.0,A01
201800049842,1.0,7,0,0.0,2.0,4.0,1.0,B01
201800049842,1.0,7,0,0.0,2.0,4.0,1.0,A01
201800049842,1.0,7,0,0.0,2.0,1.0,1.0,C01
201800049843,1.0,7,0,0.0,2.0,1.0,2.0,B01
201800049843,1.0,7,0,0.0,2.0,4.0,2.0,A01
201800049844,1.0,33,0,0.0,2.0,1.0,3.0,B01
201800049844,1.0,7,0,0.0,2.0,5.0,23.0,A01
201800049845,1.0,7,0,0.0,2.0,4.0,1.0,A01
201800049845,1.0,7,0,0.0,2.0,1.0,1.0,B01
201800049846,2.0,7,0,0.0,2.0,4.0,2.0,A01
201800049846,2.0,7,0,0.0,2.0,4.0,2.0,B01
201800049846,2.0,7,0,0.0,2.0,1.0,2.0,D01
201800049846,2.0,7,0,0.0,2.0,4.0,2.0,C01
201800049847,1.0,7,0,4.0,2.0,8.0,1.0,B01
201800049847,1.0,7,0,0.0,2.0,3.0,1.0,A01
201800049848,2.0,7,0,0.0,2.0,1.0,2.0,B01
201800049848,2.0,7,0,0.0,2.0,4.0,2.0,A01
201800049849,1.0,7,0,0.0,2.0,1.0,1.0,B01
201800049849,1.0,7,0,0.0,0.0,4.0,23.0,A01
201800049850,2.0,7,0,0.0,2.0,4.0,2.0,A01
201800049850,2.0,10,0,0.0,2.0,4.0,2.0,B01
201800049850,2.0,7,0,0.0,2.0,1.0,2.0,C01
201800049851,1.0,7,0,0.0,2.0,4.0,1.0,A01
201800049851,1.0,7,0,0.0,2.0,3.0,11.0,B01
201800049852,1.0,33,0,0.0,0.0,0.0,0.0,B01
201800049852,1.0,7,0,0.0,2.0,6.0,11.0,A01
201800049853,1.0,7,0,0.0,2.0,1.0,2.0,B01
201800049853,1.0,7,0,0.0,2.0,4.0,2.0,A01
201800049854,1.0,7,0,0.0,2.0,1.0,0.0,B01
201800049854,1.0,7,0,0.0,2.0,4.0,0.0,A01
201800049855,2.0,7,0,13.0,0.0,1.0,1.0,A01
201800049856,2.0,10,0,0.0,2.0,1.0,2.0,C01
201800049856,2.0,7,0,0.0,0.0,4.0,1.0,A01
201800049856,2.0,7,0,0.0,2.0,4.0,2.0,B01
201800049857,1.0,31,0,4.0,0.0,3.0,21.0,A01
201800049858,1.0,7,0,0.0,2.0,4.0,2.0,A01
201800049858,1.0,7,0,0.0,2.0,2.0,2.0,B01
201800049859,2.0,7,0,0.0,2.0,1.0,2.0,B01
201800049859,2.0,7,0,0.0,2.0,4.0,2.0,A01
201800049860,1.0,7,0,3.0,0.0,1.0,9.0,A01
201800049861,2.0,7,0,0.0,2.0,2.0,2.0,B01
201800049861,2.0,31,0,0.0,2.0,8.0,2.0,A01
201800049862,2.0,7,0,0.0,2.0,5.0,2.0,Z01
201800049862,2.0,33,0,0.0,2.0,3.0,2.0,A01
201800049863,1.0,33,0,0.0,2.0,7.0,14.0,A01
201800049863,1.0,7,0,0.0,2.0,8.0,13.0,B01
201800049864,1.0,7,0,4.0,0.0,4.0,0.0,A01
201800049865,1.0,7,0,0.0,2.0,4.0,0.0,A01
201800049865,1.0,7,0,0.0,2.0,1.0,2.0,C01
201800049865,1.0,7,0,0.0,2.0,4.0,23.0,B01
201800049866,2.0,7,0,0.0,2.0,7.0,11.0,A01
201800049866,2.0,14,0,0.0,2.0,3.0,13.0,B01
201800049867,1.0,7,0,0.0,2.0,1.0,2.0,B01
201800049867,1.0,7,0,0.0,2.0,4.0,1.0,A01
201800049868,1.0,7,0,0.0,2.0,1.0,14.0,A01
201800049868,1.0,7,0,14.0,0.0,0.0,1.0,C01
201800049868,1.0,7,0,0.0,2.0,4.0,1.0,B01
201800049869,1.0,7,0,13.0,0.0,2.0,1.0,A01
201800049870,1.0,7,0,0.0,2.0,1.0,2.0,B01
201800049870,1.0,7,0,4.0,0.0,3.0,2.0,A01
201800049871,2.0,33,0,0.0,2.0,3.0,2.0,B01
201800049871,2.0,7,0,0.0,2.0,4.0,2.0,A01
201800049872,2.0,33,0,0.0,2.0,1.0,2.0,D01
201800049872,2.0,10,0,0.0,2.0,1.0,2.0,C01
201800049872,2.0,7,0,0.0,2.0,1.0,2.0,B01
201800049872,2.0,7,0,0.0,2.0,4.0,2.0,A01
201800049873,2.0,31,0,0.0,2.0,3.0,3.0,A01
201800049873,2.0,10,0,0.0,2.0,7.0,12.0,B01
201800049874,2.0,7,0,0.0,2.0,7.0,1.0,A01
201800049874,2.0,7,0,0.0,2.0,8.0,13.0,C01
201800049874,2.0,31,0,0.0,2.0,7.0,3.0,B01
201800049875,2.0,10,0,4.0,0.0,1.0,13.0,A01
201800049876,2.0,7,0,0.0,2.0,1.0,2.0,B01
201800049876,2.0,7,0,0.0,2.0,4.0,1.0,A01
201800049877,1.0,7,0,0.0,2.0,4.0,1.0,A01
201800049877,1.0,7,0,0.0,2.0,1.0,1.0,B01
201800049878,0.0,7,0,3.0,0.0,3.0,1.0,A01
201800049879,2.0,7,0,4.0,0.0,2.0,17.0,A01
201800049880,2.0,7,0,4.0,0.0,0.0,2.0,A01
201800049881,2.0,10,0,0.0,2.0,4.0,2.0,B01
201800049881,2.0,7,0,0.0,2.0,1.0,2.0,C01
201800049881,2.0,7,0,0.0,2.0,4.0,2.0,A01
201800049882,2.0,31,0,0.0,0.0,3.0,2.0,A01
201800049882,2.0,7,0,0.0,0.0,5.0,2.0,B01
201800049883,2.0,7,0,0.0,2.0,1.0,2.0,B01
201800049883,2.0,7,0,0.0,2.0,4.0,2.0,A01
201800049884,2.0,7,0,0.0,2.0,3.0,2.0,A01
201800049884,2.0,7,0,0.0,2.0,5.0,2.0,B01
201800049885,1.0,7,0,0.0,2.0,1.0,2.0,C01
201800049885,1.0,7,0,0.0,2.0,1.0,2.0,B01
201800049885,1.0,7,0,0.0,2.0,4.0,2.0,A01
201800049886,2.0,34,0,0.0,2.0,1.0,2.0,B01
201800049886,2.0,7,0,0.0,2.0,4.0,1.0,A01
201800049887,2.0,7,0,0.0,2.0,4.0,23.0,A01
201800049887,2.0,7,0,0.0,2.0,4.0,2.0,B01
201800049887,2.0,7,0,0.0,2.0,1.0,0.0,C01
201800049888,1.0,34,0,0.0,2.0,7.0,12.0,B01
201800049888,1.0,7,0,0.0,2.0,8.0,1.0,A01
201800049889,2.0,7,0,0.0,2.0,2.0,21.0,B01
201800049889,0.0,10,0,0.0,2.0,0.0,23.0,A01
201800049890,1.0,32,0,0.0,2.0,7.0,17.0,B01
201800049890,1.0,15,0,0.0,2.0,6.0,2.0,A01
201800049891,2.0,7,0,0.0,2.0,4.0,2.0,B01
201800049891,2.0,7,0,0.0,2.0,1.0,2.0,C01
201800049891,2.0,7,0,0.0,2.0,4.0,2.0,A01
201800049892,1.0,7,0,0.0,2.0,3.0,21.0,C01
201800049892,1.0,7,0,0.0,2.0,3.0,17.0,A01
201800049892,1.0,7,0,4.0,2.0,2.0,1.0,B01
201800049893,1.0,7,0,0.0,2.0,1.0,14.0,B01
201800049893,1.0,7,0,0.0,2.0,4.0,2.0,A01
201800049894,1.0,13,0,0.0,2.0,4.0,1.0,B01
201800049894,1.0,7,0,0.0,2.0,1.0,17.0,A01
201800049895,1.0,7,0,3.0,2.0,2.0,14.0,B01
201800049895,1.0,7,0,0.0,2.0,8.0,1.0,A01
201800049896,1.0,7,0,0.0,2.0,1.0,2.0,B01
201800049896,1.0,7,0,0.0,0.0,4.0,2.0,A01
201800049897,1.0,7,0,0.0,2.0,4.0,2.0,A01
201800049897,1.0,7,0,0.0,2.0,1.0,2.0,B01
201800049898,1.0,7,0,0.0,2.0,5.0,12.0,B01
201800049898,1.0,31,0,0.0,2.0,1.0,0.0,A01
201800049899,1.0,7,0,0.0,2.0,1.0,2.0,B01
201800049899,1.0,7,0,0.0,2.0,4.0,2.0,A01
201800049900,2.0,7,0,0.0,2.0,1.0,2.0,A01
201800049900,2.0,7,0,0.0,2.0,1.0,2.0,B01
201800049901,1.0,32,0,0.0,0.0,7.0,1.0,A01
201800049902,2.0,31,0,0.0,2.0,6.0,11.0,B01
201800049902,2.0,7,0,0.0,2.0,2.0,1.0,A01
201800049903,1.0,7,0,,,,,B01
201800049903,1.0,7,0,4.0,2.0,4.0,2.0,A01
201800049904,2.0,7,0,12.0,0.0,1.0,13.0,A01
201800049905,1.0,7,0,13.0,0.0,9.0,14.0,A01
201800049906,2.0,7,0,0.0,2.0,4.0,2.0,B01
201800049906,2.0,7,0,0.0,2.0,4.0,2.0,A01
201800049906,2.0,7,0,0.0,2.0,1.0,2.0,C01
201800049907,2.0,7,0,3.0,2.0,4.0,2.0,A01
201800049907,2.0,7,0,3.0,2.0,9.0,2.0,B01
201800049908,2.0,10,0,0.0,2.0,1.0,14.0,B01
201800049908,2.0,10,0,0.0,2.0,4.0,2.0,A01
201800049909,1.0,7,0,1.0,0.0,1.0,2.0,B01
201800049909,1.0,33,0,0.0,6.0,4.0,0.0,A01
201800049910,1.0,7,0,0.0,2.0,5.0,0.0,A01
201800049910,1.0,10,0,0.0,0.0,7.0,9.0,B01
201800049911,2.0,7,0,0.0,2.0,4.0,2.0,B01
201800049911,2.0,7,0,0.0,2.0,1.0,2.0,C01
201800049911,2.0,7,0,0.0,2.0,4.0,1.0,A01
201800049912,1.0,7,0,0.0,2.0,4.0,2.0,B01
201800049912,1.0,31,0,0.0,2.0,1.0,0.0,A01
201800049913,1.0,7,0,0.0,2.0,4.0,2.0,D01
201800049913,1.0,7,0,0.0,2.0,4.0,2.0,C01
201800049913,1.0,7,0,0.0,2.0,4.0,2.0,B01
201800049913,1.0,7,0,0.0,2.0,1.0,2.0,A01
201800049914,1.0,7,0,0.0,2.0,1.0,9.0,A01
201800049914,1.0,7,0,0.0,2.0,4.0,9.0,B01
201800049915,2.0,33,0,0.0,2.0,1.0,2.0,B01
201800049915,2.0,7,0,0.0,2.0,6.0,2.0,A01
201800049916,1.0,7,0,0.0,2.0,4.0,2.0,A01
201800049916,1.0,33,0,0.0,2.0,1.0,2.0,B01
201800049917,2.0,10,0,3.0,0.0,2.0,14.0,A01
201800049918,1.0,7,0,0.0,0.0,4.0,2.0,A01
201800049918,1.0,7,0,0.0,2.0,4.0,2.0,C01
201800049918,1.0,7,0,0.0,2.0,4.0,2.0,B01
201800049918,1.0,7,0,0.0,2.0,1.0,2.0,D01
201800049919,2.0,7,0,0.0,2.0,8.0,18.0,B01
201800049919,2.0,7,0,3.0,2.0,7.0,2.0,A01
201800049920,2.0,7,0,0.0,2.0,4.0,2.0,B01
201800049920,2.0,7,0,0.0,2.0,4.0,1.0,A01
201800049920,2.0,7,0,0.0,2.0,1.0,2.0,C01
201800049921,1.0,33,0,0.0,0.0,0.0,1.0,B01
201800049921,1.0,7,0,0.0,0.0,0.0,9.0,A01
201800049922,2.0,7,0,0.0,2.0,2.0,1.0,A01
201800049923,0.0,7,0,0.0,0.0,9.0,1.0,A01
201800049924,1.0,33,0,3.0,0.0,3.0,16.0,A01
201800049925,2.0,7,0,13.0,0.0,1.0,2.0,A01
201800049926,2.0,7,0,0.0,2.0,6.0,2.0,A01
201800049926,1.0,7,0,0.0,2.0,2.0,2.0,Z01
201800049927,2.0,7,0,0.0,2.0,1.0,2.0,B01
201800049927,2.0,7,0,0.0,6.0,5.0,1.0,A01
201800049928,2.0,7,0,0.0,2.0,3.0,1.0,A01
201800049928,2.0,14,0,0.0,2.0,5.0,12.0,B01
201800049929,2.0,33,0,0.0,2.0,1.0,2.0,B01
201800049929,2.0,7,0,0.0,2.0,4.0,1.0,A01
201800049930,1.0,7,0,4.0,0.0,3.0,1.0,A01
201800049930,1.0,7,0,0.0,2.0,1.0,2.0,Z01
201800049931,1.0,7,0,0.0,2.0,2.0,2.0,C01
201800049931,1.0,7,0,0.0,2.0,3.0,18.0,B01
201800049931,1.0,15,0,0.0,2.0,2.0,12.0,A01
201800049932,2.0,10,0,0.0,2.0,4.0,1.0,A01
201800049932,2.0,10,0,0.0,2.0,1.0,2.0,B01
201800049933,2.0,7,0,3.0,0.0,1.0,1.0,A01
201800049934,1.0,7,0,0.0,2.0,1.0,2.0,B01
201800049934,1.0,7,0,0.0,2.0,4.0,0.0,A01
201800049935,1.0,10,0,0.0,2.0,4.0,23.0,A01
201800049935,1.0,7,0,1.0,0.0,1.0,2.0,B01
201800049936,1.0,7,0,0.0,2.0,1.0,1.0,A01
201800049936,1.0,14,0,0.0,2.0,6.0,1.0,B01
201800049937,1.0,10,0,0.0,2.0,1.0,2.0,A01
201800049937,1.0,7,0,0.0,0.0,4.0,1.0,B01
201800049938,2.0,7,0,0.0,2.0,6.0,2.0,B01
201800049938,2.0,7,0,0.0,2.0,2.0,2.0,C01
201800049938,2.0,7,0,0.0,2.0,4.0,2.0,A01
201800049939,2.0,7,0,0.0,2.0,8.0,2.0,A01
201800049939,2.0,14,0,0.0,2.0,2.0,12.0,B01
201800049940,1.0,7,0,4.0,0.0,4.0,0.0,A01
201800049941,2.0,7,0,0.0,2.0,4.0,1.0,B01
201800049941,2.0,7,0,0.0,2.0,4.0,1.0,A01
201800049941,2.0,10,0,0.0,2.0,1.0,1.0,C01
201800049942,,7,0,,,,,A01
201800049942,,7,0,,,,,B01
201800049942,,7,0,,,,,C01
201800049943,2.0,7,0,4.0,2.0,7.0,1.0,B01
201800049943,2.0,7,0,4.0,2.0,8.0,13.0,A01
201800049944,2.0,33,0,0.0,2.0,1.0,3.0,B01
201800049944,2.0,7,0,0.0,2.0,5.0,1.0,A01
201800049945,1.0,34,0,0.0,6.0,1.0,2.0,A01
201800049946,2.0,7,0,3.0,2.0,1.0,2.0,B01
201800049946,2.0,10,0,0.0,2.0,4.0,1.0,A01
201800049947,1.0,7,0,0.0,2.0,2.0,1.0,A01
201800049947,1.0,10,0,0.0,2.0,3.0,18.0,Z01
201800049948,1.0,7,0,0.0,2.0,7.0,12.0,B01
201800049948,1.0,34,0,0.0,2.0,1.0,3.0,A01
201800049949,1.0,7,0,4.0,0.0,1.0,2.0,A01
201800049950,1.0,7,0,0.0,2.0,4.0,2.0,A01
201800049950,1.0,7,0,0.0,2.0,1.0,2.0,B01
201800049951,1.0,7,0,4.0,2.0,6.0,1.0,A01
201800049951,1.0,7,0,0.0,2.0,5.0,14.0,B01
201800049952,1.0,7,0,0.0,2.0,4.0,1.0,A01
201800049952,1.0,7,0,0.0,2.0,1.0,1.0,B01
201800049953,2.0,7,0,3.0,2.0,6.0,2.0,A01
201800049953,2.0,7,0,3.0,2.0,1.0,2.0,B01
201800049954,2.0,15,0,0.0,2.0,4.0,2.0,A01
201800049954,0.0,7,0,0.0,2.0,1.0,2.0,B01
201800049955,1.0,7,0,0.0,2.0,8.0,1.0,B01
201800049955,1.0,14,0,0.0,2.0,1.0,12.0,A01
201800049956,2.0,7,0,3.0,0.0,1.0,14.0,A01
201800049957,1.0,7,0,4.0,0.0,2.0,14.0,A01
201800049958,2.0,7,0,0.0,2.0,0.0,0.0,B01
201800049958,2.0,7,0,0.0,2.0,4.0,1.0,A01
201800049959,1.0,7,0,3.0,2.0,0.0,0.0,A01
201800049959,1.0,7,0,0.0,2.0,6.0,2.0,B01
201800049960,1.0,34,0,4.0,0.0,1.0,21.0,B01
201800049960,1.0,7,0,0.0,0.0,0.0,1.0,A01
201800049961,1.0,7,0,3.0,0.0,2.0,13.0,A01
201800049962,2.0,13,0,0.0,2.0,8.0,2.0,A01
201800049962,2.0,33,0,0.0,2.0,7.0,2.0,B01
201800049963,2.0,7,0,0.0,2.0,1.0,2.0,B01
201800049963,2.0,7,0,0.0,2.0,4.0,2.0,A01
201800049964,2.0,7,0,3.0,2.0,9.0,9.0,A01
201800049964,2.0,15,0,3.0,2.0,1.0,2.0,B01
201800049964,2.0,15,0,3.0,2.0,1.0,2.0,C01
201800049965,2.0,7,0,0.0,2.0,5.0,2.0,A01
201800049965,2.0,7,0,0.0,2.0,8.0,14.0,Z01
201800049966,1.0,34,0,0.0,2.0,8.0,21.0,B01
201800049966,1.0,7,0,0.0,2.0,5.0,2.0,A01
201800049967,2.0,7,0,0.0,2.0,4.0,2.0,A01
201800049967,2.0,7,0,0.0,2.0,1.0,2.0,B01
201800049968,2.0,7,0,2.0,0.0,1.0,15.0,A01
201800049969,2.0,7,0,0.0,2.0,6.0,11.0,A01
201800049969,2.0,33,0,0.0,2.0,1.0,1.0,B01
201800049970,2.0,7,0,0.0,0.0,0.0,0.0,Z01
201800049970,2.0,7,0,3.0,0.0,2.0,13.0,A01
201800049971,1.0,7,0,0.0,2.0,5.0,1.0,B01
201800049971,1.0,33,0,0.0,2.0,1.0,3.0,A01
201800049972,2.0,7,0,3.0,0.0,1.0,13.0,A01
201800049973,1.0,7,0,0.0,2.0,2.0,21.0,B01
201800049973,1.0,10,0,0.0,2.0,6.0,0.0,A01
201800049974,1.0,7,0,0.0,2.0,3.0,23.0,A01