Num_Acc,senc,catv,occutc,obs,obsm,choc,manv,num_veh
201800049974,1.0,13,0,0.0,2.0,1.0,2.0,B01
201800049975,1.0,33,0,0.0,0.0,7.0,2.0,A01
201800049976,1.0,7,0,0.0,2.0,4.0,23.0,D01
201800049976,1.0,7,0,0.0,2.0,4.0,23.0,C01
201800049976,1.0,7,0,0.0,2.0,4.0,23.0,B01
201800049976,1.0,7,0,0.0,2.0,1.0,2.0,A01
201800049977,1.0,7,0,0.0,2.0,0.0,1.0,C01
201800049977,1.0,7,0,0.0,2.0,1.0,12.0,D01
201800049977,1.0,7,0,0.0,2.0,0.0,1.0,B01
201800049977,1.0,7,0,0.0,2.0,1.0,1.0,A01
201800049978,1.0,7,0,14.0,0.0,0.0,0.0,C01
201800049978,1.0,7,0,14.0,0.0,2.0,21.0,E01
201800049978,1.0,7,0,3.0,0.0,1.0,14.0,A01
201800049978,1.0,7,0,14.0,0.0,3.0,1.0,B01
201800049978,1.0,7,0,14.0,0.0,0.0,0.0,D01
201800049979,1.0,7,0,3.0,0.0,5.0,14.0,A01
201800049980,2.0,7,0,0.0,2.0,1.0,2.0,B01
201800049980,2.0,7,0,0.0,0.0,4.0,2.0,A01
201800049981,2.0,7,0,0.0,2.0,2.0,2.0,B01
201800049981,2.0,7,0,0.0,2.0,4.0,2.0,A01
201800049982,1.0,14,0,0.0,2.0,2.0,12.0,B01
201800049982,1.0,7,0,0.0,2.0,6.0,1.0,A01
201800049983,2.0,7,0,0.0,2.0,1.0,2.0,B01
201800049983,2.0,7,0,0.0,2.0,4.0,2.0,A01
201800049984,1.0,7,0,0.0,2.0,2.0,12.0,B01
201800049984,1.0,33,0,0.0,2.0,0.0,3.0,A01
201800049985,1.0,7,0,0.0,0.0,5.0,2.0,A01
201800049985,1.0,33,0,0.0,2.0,1.0,2.0,B01
201800049986,1.0,7,0,4.0,0.0,1.0,2.0,B01
201800049986,1.0,7,0,0.0,0.0,4.0,2.0,A01
201800049987,1.0,10,0,0.0,2.0,2.0,14.0,A01
201800049987,1.0,7,0,0.0,2.0,6.0,1.0,B01
201800049988,2.0,7,0,6.0,0.0,9.0,3.0,A01
201800049988,2.0,7,0,0.0,2.0,9.0,1.0,B01
201800049989,2.0,7,0,0.0,2.0,2.0,2.0,B01
201800049989,2.0,7,0,0.0,2.0,4.0,2.0,A01
201800049990,2.0,7,0,0.0,2.0,4.0,2.0,A01
201800049990,2.0,7,0,0.0,2.0,1.0,2.0,B01
201800049991,1.0,7,0,0.0,2.0,4.0,2.0,A01
201800049991,1.0,7,0,0.0,0.0,0.0,0.0,Z01
201800049992,2.0,7,0,0.0,2.0,4.0,2.0,A01
201800049992,2.0,14,0,0.0,2.0,1.0,2.0,D01
201800049992,2.0,7,0,0.0,2.0,4.0,2.0,B01
201800049992,2.0,7,0,0.0,2.0,4.0,2.0,C01
201800049993,2.0,13,0,0.0,2.0,4.0,2.0,A01
201800049993,2.0,33,0,0.0,2.0,1.0,2.0,B01
201800049994,1.0,7,0,3.0,0.0,1.0,14.0,A01
201800049995,1.0,7,0,6.0,0.0,8.0,13.0,A01
201800049996,0.0,7,0,0.0,2.0,1.0,2.0,B01
201800049996,0.0,7,0,0.0,2.0,4.0,23.0,A01
201800049997,1.0,10,0,0.0,2.0,1.0,2.0,A01
201800049997,1.0,37,10,0.0,2.0,4.0,2.0,D01
201800049997,1.0,7,0,0.0,2.0,9.0,23.0,B01
201800049997,1.0,7,0,0.0,2.0,9.0,23.0,C01
201800049998,2.0,7,0,0.0,2.0,4.0,2.0,A01
201800049998,2.0,10,0,0.0,2.0,1.0,2.0,C01
201800049998,2.0,7,0,0.0,2.0,4.0,2.0,B01
201800049999,1.0,10,0,3.0,0.0,1.0,12.0,A01
201800050000,2.0,7,0,0.0,2.0,4.0,1.0,D01
201800050000,2.0,7,0,0.0,2.0,1.0,1.0,A01
201800050000,2.0,7,0,0.0,2.0,4.0,1.0,C01
201800050000,2.0,7,0,0.0,2.0,1.0,1.0,B01
201800050001,1.0,7,0,0.0,2.0,4.0,1.0,A01
201800050001,1.0,7,0,0.0,2.0,1.0,1.0,C01
201800050001,1.0,7,0,0.0,2.0,4.0,1.0,B01
201800050002,2.0,34,0,3.0,0.0,8.0,16.0,A01
201800050003,2.0,7,0,0.0,2.0,1.0,2.0,B01
201800050003,2.0,10,0,0.0,2.0,4.0,2.0,A01
201800050004,2.0,7,0,0.0,2.0,5.0,1.0,A01
201800050004,2.0,32,0,0.0,2.0,7.0,12.0,C01
201800050004,2.0,34,0,0.0,2.0,6.0,1.0,B01
201800050005,2.0,7,0,2.0,0.0,1.0,13.0,A01
201800050006,1.0,7,0,0.0,0.0,0.0,0.0,B01
201800050006,1.0,7,0,0.0,2.0,2.0,14.0,A01
201800050007,2.0,7,0,0.0,2.0,4.0,12.0,A01
201800050007,2.0,7,0,0.0,2.0,1.0,12.0,B01
201800050008,2.0,33,0,0.0,2.0,9.0,0.0,C01
201800050008,2.0,34,0,0.0,2.0,0.0,0.0,A01
201800050008,2.0,7,0,0.0,2.0,1.0,2.0,B01
201800050009,1.0,31,0,5.0,0.0,8.0,13.0,A01
201800050010,2.0,7,0,0.0,0.0,6.0,2.0,A01
201800050010,2.0,7,0,0.0,0.0,0.0,0.0,Z01
201800050011,1.0,33,0,4.0,0.0,1.0,16.0,A01
201800050012,1.0,7,0,0.0,2.0,6.0,1.0,A01
201800050012,1.0,7,0,0.0,2.0,2.0,12.0,Z01
201800050013,1.0,7,0,0.0,2.0,4.0,1.0,A01
201800050013,1.0,7,0,0.0,0.0,0.0,0.0,B01
201800050013,1.0,7,0,0.0,2.0,1.0,0.0,C01
201800050014,1.0,7,0,0.0,2.0,5.0,2.0,B01
201800050014,1.0,7,0,0.0,2.0,5.0,2.0,A01
201800050015,1.0,7,0,0.0,2.0,4.0,2.0,A01
201800050015,1.0,7,0,0.0,2.0,1.0,2.0,B01
201800050016,2.0,7,0,3.0,2.0,9.0,2.0,B01
201800050016,2.0,7,0,3.0,2.0,1.0,2.0,C01
201800050016,2.0,7,0,3.0,2.0,4.0,2.0,A01
201800050017,2.0,33,0,0.0,0.0,8.0,2.0,A01
201800050018,1.0,7,0,3.0,0.0,6.0,1.0,A01
201800050018,,14,0,,,,,B01
201800050019,1.0,7,0,0.0,2.0,1.0,2.0,D01
201800050019,1.0,7,0,0.0,2.0,4.0,2.0,C01
201800050019,1.0,7,0,0.0,2.0,4.0,2.0,B01
201800050019,1.0,7,0,0.0,2.0,4.0,2.0,A01
201800050020,2.0,33,0,0.0,0.0,8.0,11.0,A01
201800050021,1.0,32,0,0.0,2.0,3.0,3.0,B01
201800050021,1.0,7,0,0.0,2.0,2.0,12.0,A01
201800050022,2.0,7,0,0.0,2.0,6.0,1.0,C01
201800050022,1.0,15,0,0.0,2.0,0.0,2.0,A01
201800050022,2.0,33,0,0.0,2.0,2.0,3.0,B01
201800050023,1.0,10,0,3.0,0.0,1.0,1.0,A01
201800050024,1.0,34,0,0.0,2.0,2.0,2.0,A01
201800050024,1.0,7,0,0.0,2.0,3.0,1.0,B01
201800050025,1.0,32,0,0.0,2.0,7.0,16.0,A01
201800050025,0.0,10,0,0.0,2.0,1.0,1.0,B01
201800050026,1.0,7,0,0.0,2.0,4.0,1.0,A01
201800050026,1.0,7,0,0.0,2.0,1.0,1.0,B01
201800050026,1.0,7,0,0.0,2.0,1.0,1.0,C01
201800050027,2.0,7,0,0.0,2.0,4.0,2.0,A01
201800050027,2.0,7,0,0.0,2.0,1.0,2.0,B01
201800050028,1.0,34,0,7.0,0.0,0.0,0.0,A01
201800050029,2.0,7,0,0.0,2.0,4.0,1.0,A01
201800050029,1.0,7,0,4.0,2.0,8.0,13.0,B01
201800050030,1.0,7,0,5.0,0.0,1.0,1.0,A01
201800050031,1.0,10,0,0.0,2.0,1.0,2.0,A01
201800050031,1.0,13,0,0.0,2.0,8.0,10.0,B01
201800050032,1.0,7,0,0.0,2.0,1.0,1.0,A01
201800050032,1.0,7,0,4.0,2.0,4.0,1.0,B01
201800050032,1.0,7,0,0.0,2.0,1.0,2.0,C01
201800050033,1.0,7,0,0.0,2.0,1.0,11.0,A01
201800050033,1.0,7,0,0.0,2.0,1.0,1.0,B01
201800050034,1.0,7,0,0.0,2.0,1.0,2.0,B01
201800050034,1.0,7,0,0.0,2.0,4.0,2.0,A01
201800050035,2.0,7,0,0.0,2.0,9.0,12.0,B01
201800050035,2.0,15,0,0.0,2.0,7.0,1.0,A01
201800050036,1.0,7,0,0.0,2.0,4.0,2.0,D01
201800050036,1.0,10,0,0.0,2.0,1.0,2.0,C01
201800050036,1.0,7,0,0.0,2.0,4.0,2.0,A01
201800050036,1.0,7,0,0.0,2.0,4.0,2.0,B01
201800050037,2.0,7,0,0.0,2.0,1.0,2.0,C01
201800050037,2.0,7,0,0.0,2.0,4.0,2.0,B01
201800050037,2.0,7,0,0.0,0.0,4.0,1.0,A01
201800050038,2.0,7,0,0.0,0.0,6.0,1.0,A01
201800050038,2.0,7,0,0.0,2.0,2.0,21.0,B01
201800050039,2.0,7,0,0.0,2.0,5.0,9.0,B01
201800050039,2.0,33,0,0.0,2.0,3.0,12.0,A01
201800050040,2.0,7,0,0.0,2.0,2.0,12.0,C01
201800050040,2.0,7,0,0.0,2.0,4.0,2.0,A01
201800050040,2.0,7,0,0.0,2.0,1.0,2.0,B01
201800050041,1.0,7,0,0.0,2.0,6.0,1.0,A01
201800050041,1.0,34,0,0.0,2.0,1.0,11.0,B01
201800050042,1.0,7,0,6.0,0.0,3.0,13.0,A01
201800050043,2.0,7,0,0.0,2.0,4.0,2.0,A01
201800050043,2.0,7,0,0.0,2.0,1.0,2.0,B01
201800050044,2.0,7,0,15.0,0.0,7.0,15.0,A01
201800050045,2.0,7,0,0.0,2.0,1.0,2.0,B01
201800050045,2.0,7,0,0.0,2.0,4.0,2.0,A01
201800050046,1.0,7,0,3.0,0.0,1.0,14.0,A01
201800050047,2.0,7,0,3.0,2.0,8.0,13.0,B01
201800050047,2.0,7,0,3.0,2.0,7.0,2.0,A01
201800050048,2.0,7,0,0.0,0.0,1.0,2.0,A01
201800050049,1.0,7,0,0.0,2.0,4.0,2.0,A01
201800050049,1.0,15,0,0.0,2.0,1.0,2.0,B01
201800050050,1.0,7,0,4.0,2.0,8.0,2.0,A01
201800050050,1.0,33,0,4.0,2.0,7.0,3.0,B01
201800050051,2.0,7,0,0.0,2.0,1.0,2.0,A01
201800050051,2.0,7,0,0.0,2.0,4.0,2.0,B01
201800050052,1.0,7,0,4.0,0.0,4.0,14.0,A01
201800050052,1.0,7,0,4.0,0.0,9.0,14.0,B01
201800050053,2.0,7,0,0.0,2.0,6.0,11.0,A01
201800050053,2.0,33,0,0.0,2.0,1.0,3.0,B01
201800050054,2.0,10,0,0.0,2.0,0.0,2.0,E01
201800050054,1.0,10,0,0.0,2.0,1.0,2.0,C01
201800050054,1.0,10,0,0.0,2.0,1.0,2.0,B01
201800050054,2.0,7,0,0.0,2.0,4.0,2.0,D01
201800050054,2.0,7,0,0.0,2.0,1.0,2.0,F01
201800050054,1.0,7,0,0.0,2.0,4.0,2.0,A01
201800050055,2.0,7,0,0.0,2.0,1.0,1.0,C01
201800050055,2.0,7,0,0.0,2.0,4.0,1.0,B01
201800050055,2.0,7,0,0.0,2.0,4.0,1.0,A01
201800050056,1.0,7,0,0.0,2.0,1.0,2.0,A01
201800050056,1.0,7,0,0.0,2.0,4.0,2.0,C01
201800050056,1.0,7,0,0.0,2.0,4.0,2.0,B01
201800050056,1.0,7,0,0.0,2.0,4.0,2.0,D01
201800050057,1.0,7,0,0.0,2.0,1.0,2.0,B01
201800050057,1.0,7,0,0.0,2.0,6.0,2.0,A01
201800050058,2.0,7,0,0.0,2.0,1.0,2.0,B01
201800050058,2.0,7,0,0.0,2.0,4.0,1.0,A01
201800050059,2.0,7,0,0.0,2.0,1.0,1.0,A01
201800050059,2.0,7,0,0.0,2.0,4.0,11.0,B01
201800050059,2.0,7,0,0.0,2.0,4.0,2.0,C01
201800050059,2.0,7,0,0.0,2.0,4.0,1.0,D01
201800050060,1.0,7,0,14.0,0.0,1.0,1.0,A01
201800050061,2.0,7,0,4.0,2.0,4.0,2.0,A01
201800050061,2.0,10,0,4.0,2.0,1.0,2.0,C01
201800050061,2.0,7,0,4.0,2.0,4.0,2.0,B01
201800050062,2.0,7,0,0.0,0.0,1.0,14.0,A01
201800050063,2.0,7,0,3.0,0.0,1.0,14.0,A01
201800050064,2.0,7,0,0.0,2.0,4.0,2.0,A01
201800050064,2.0,7,0,0.0,2.0,4.0,2.0,B01
201800050064,2.0,7,0,0.0,2.0,4.0,2.0,C01
201800050064,2.0,7,0,0.0,2.0,1.0,2.0,D01
201800050065,2.0,7,0,3.0,0.0,2.0,1.0,A01
201800050066,2.0,10,0,0.0,2.0,1.0,2.0,C01
201800050066,2.0,7,0,0.0,2.0,4.0,2.0,A01
201800050066,2.0,7,0,0.0,2.0,4.0,2.0,B01
201800050067,2.0,14,0,0.0,2.0,7.0,1.0,A01
201800050067,2.0,15,0,0.0,0.0,8.0,1.0,B01
201800050068,2.0,7,0,0.0,2.0,4.0,1.0,A01
201800050068,2.0,7,0,0.0,2.0,1.0,1.0,B01
201800050069,2.0,34,0,0.0,0.0,1.0,1.0,A01
201800050070,2.0,7,0,0.0,2.0,1.0,2.0,B01
201800050070,2.0,7,0,0.0,2.0,4.0,2.0,A01
201800050071,2.0,33,0,14.0,0.0,1.0,1.0,A01
201800050072,,7,0,,,,,B01
201800050072,1.0,34,0,0.0,2.0,1.0,1.0,A01
201800050073,2.0,7,0,0.0,2.0,4.0,2.0,A01
201800050073,2.0,7,0,0.0,2.0,1.0,2.0,B01
201800050074,2.0,7,0,0.0,2.0,4.0,1.0,A01
201800050075,2.0,7,0,0.0,2.0,1.0,2.0,C01
201800050075,2.0,7,0,0.0,2.0,1.0,2.0,B01
201800050075,2.0,7,0,0.0,0.0,4.0,2.0,A01
201800050076,1.0,7,0,0.0,2.0,1.0,0.0,B01
201800050076,1.0,7,0,0.0,2.0,4.0,0.0,A01
201800050077,1.0,7,0,0.0,2.0,8.0,2.0,B01
201800050077,1.0,14,0,0.0,2.0,2.0,12.0,A01
201800050078,2.0,7,0,0.0,2.0,4.0,1.0,A01
201800050078,2.0,7,0,0.0,2.0,1.0,1.0,B01
201800050079,1.0,7,0,0.0,2.0,2.0,14.0,A01
201800050079,1.0,33,0,0.0,2.0,8.0,1.0,B01
201800050080,2.0,7,0,4.0,0.0,8.0,2.0,A01
201800050081,2.0,7,0,7.0,0.0,9.0,0.0,A01
201800050082,1.0,7,0,0.0,2.0,1.0,2.0,A01
201800050082,1.0,7,0,0.0,2.0,4.0,2.0,B01
201800050083,2.0,7,0,3.0,0.0,2.0,1.0,A01
201800050084,1.0,7,0,0.0,2.0,1.0,2.0,B01
201800050084,1.0,7,0,0.0,0.0,4.0,2.0,A01
201800050085,1.0,33,0,0.0,0.0,7.0,1.0,A01
201800050086,1.0,7,0,0.0,2.0,1.0,2.0,B01
201800050086,1.0,7,0,0.0,2.0,4.0,1.0,A01
201800050087,2.0,33,0,0.0,2.0,8.0,1.0,B01
201800050087,2.0,7,0,0.0,2.0,3.0,2.0,C01
201800050087,2.0,7,0,0.0,2.0,7.0,12.0,A01
201800050088,1.0,7,0,0.0,2.0,1.0,2.0,B01
201800050088,1.0,7,0,0.0,2.0,4.0,1.0,A01
201800050089,1.0,7,0,6.0,0.0,7.0,14.0,A01
201800050090,1.0,99,0,0.0,2.0,1.0,0.0,Z01
201800050090,1.0,7,0,0.0,2.0,4.0,1.0,A01
201800050091,1.0,7,0,4.0,0.0,1.0,1.0,A01
201800050092,2.0,7,0,4.0,0.0,7.0,0.0,A01
201800050093,1.0,14,0,0.0,2.0,7.0,1.0,A01
201800050093,1.0,7,0,0.0,2.0,6.0,9.0,B01
201800050094,1.0,7,0,0.0,2.0,4.0,23.0,B01
201800050094,1.0,15,0,0.0,2.0,1.0,2.0,C01
201800050094,1.0,7,0,0.0,2.0,4.0,23.0,A01
201800050095,2.0,7,0,0.0,2.0,4.0,2.0,B01
201800050095,2.0,7,0,0.0,2.0,1.0,2.0,A01
201800050095,2.0,7,0,0.0,2.0,4.0,2.0,C01
201800050096,1.0,34,0,0.0,2.0,1.0,12.0,B01
201800050096,1.0,7,0,0.0,2.0,8.0,1.0,A01
201800050097,1.0,7,0,0.0,1.0,7.0,1.0,A01
201800050098,1.0,7,0,0.0,0.0,4.0,11.0,A01
201800050098,1.0,7,0,0.0,2.0,1.0,2.0,C01
201800050098,1.0,7,0,0.0,2.0,1.0,0.0,B01
201800050098,1.0,7,0,0.0,2.0,1.0,2.0,E01
201800050098,1.0,7,0,0.0,2.0,1.0,2.0,D01
201800050099,2.0,7,0,4.0,0.0,1.0,1.0,A01
201800050100,2.0,7,0,0.0,2.0,3.0,2.0,B01
201800050100,2.0,7,0,0.0,2.0,2.0,1.0,C01
201800050100,2.0,7,0,0.0,2.0,6.0,1.0,D01
201800050100,2.0,7,0,0.0,2.0,4.0,23.0,A01
201800050101,2.0,7,0,1.0,0.0,4.0,2.0,B01
201800050101,2.0,7,0,1.0,0.0,1.0,2.0,Z01
201800050101,2.0,7,0,0.0,2.0,4.0,2.0,A01
201800050102,1.0,7,0,14.0,0.0,1.0,1.0,D01
201800050102,2.0,7,0,0.0,2.0,3.0,5.0,B01
201800050102,1.0,7,0,14.0,6.0,7.0,1.0,C01
201800050102,2.0,7,0,0.0,2.0,3.0,1.0,A01
201800050103,2.0,7,0,0.0,2.0,8.0,1.0,B01
201800050103,2.0,7,0,0.0,2.0,2.0,0.0,A01
201800050104,2.0,7,0,3.0,0.0,3.0,13.0,A01
201800050105,0.0,7,0,0.0,2.0,3.0,1.0,A01
201800050105,0.0,7,0,0.0,2.0,1.0,1.0,B01
201800050106,2.0,7,0,0.0,2.0,2.0,12.0,B01
201800050106,2.0,7,0,0.0,2.0,3.0,11.0,A01
201800050107,2.0,7,0,0.0,2.0,4.0,2.0,A01
201800050107,2.0,7,0,0.0,2.0,1.0,2.0,B01
201800050108,1.0,7,0,0.0,2.0,1.0,2.0,B01
201800050108,2.0,7,0,0.0,2.0,4.0,1.0,A01
201800050109,2.0,7,0,3.0,2.0,1.0,2.0,B01
201800050109,2.0,15,0,3.0,2.0,4.0,2.0,A01
201800050110,2.0,7,0,0.0,2.0,1.0,2.0,B01
201800050110,2.0,7,0,0.0,2.0,4.0,1.0,A01
201800050111,2.0,7,0,0.0,2.0,8.0,23.0,B01
201800050111,2.0,7,0,0.0,2.0,2.0,23.0,C01
201800050111,2.0,7,0,0.0,2.0,2.0,5.0,A01
201800050111,2.0,7,0,0.0,2.0,4.0,0.0,D01
201800050112,2.0,7,0,0.0,2.0,5.0,12.0,B01
201800050112,2.0,7,0,0.0,2.0,3.0,1.0,A01
201800050113,2.0,15,0,0.0,2.0,7.0,12.0,A01
201800050113,2.0,7,0,0.0,2.0,9.0,1.0,B01
201800050114,2.0,34,0,0.0,2.0,1.0,0.0,B01
201800050114,2.0,7,0,0.0,2.0,8.0,1.0,A01
201800050115,1.0,7,0,0.0,2.0,4.0,1.0,B01
201800050115,1.0,10,0,0.0,2.0,1.0,1.0,A01
201800050116,,99,0,,,,,A01
201800050117,,31,0,,,,,A01
201800050118,1.0,33,0,0.0,0.0,0.0,0.0,A01
201800050119,2.0,7,0,0.0,2.0,1.0,2.0,C01
201800050119,2.0,7,0,0.0,2.0,4.0,2.0,A01
201800050119,2.0,7,0,0.0,2.0,4.0,2.0,B01
201800050120,1.0,7,0,0.0,2.0,4.0,1.0,A01
201800050121,2.0,10,0,0.0,2.0,4.0,1.0,D01
201800050121,2.0,10,0,0.0,2.0,4.0,1.0,A01
201800050121,2.0,7,0,0.0,2.0,4.0,1.0,B01
201800050121,2.0,7,0,0.0,2.0,4.0,1.0,C01
201800050121,2.0,10,0,0.0,2.0,1.0,1.0,E01
201800050122,1.0,33,0,0.0,0.0,4.0,1.0,A01
201800050123,1.0,7,0,0.0,2.0,1.0,2.0,Z01
201800050123,1.0,33,0,0.0,2.0,4.0,2.0,A01
201800050124,2.0,10,0,0.0,2.0,3.0,2.0,A01
201800050124,2.0,7,0,0.0,2.0,5.0,2.0,B01
201800050125,2.0,7,0,0.0,0.0,0.0,2.0,A01
201800050125,2.0,7,0,0.0,2.0,1.0,21.0,B01
201800050126,2.0,7,0,4.0,0.0,3.0,1.0,A01
201800050127,2.0,7,0,4.0,0.0,3.0,0.0,A01
201800050128,2.0,7,0,3.0,2.0,1.0,2.0,C01
201800050128,2.0,7,0,3.0,2.0,4.0,2.0,B01
201800050128,2.0,7,0,3.0,2.0,4.0,2.0,A01
201800050129,2.0,7,0,0.0,2.0,5.0,1.0,A01
201800050129,2.0,7,0,0.0,2.0,3.0,13.0,B01
201800050130,2.0,7,0,0.0,2.0,7.0,1.0,A01
201800050130,2.0,7,0,0.0,2.0,1.0,0.0,B01
201800050131,2.0,7,0,0.0,2.0,4.0,2.0,A01
201800050131,2.0,7,0,0.0,2.0,1.0,2.0,C01
201800050131,2.0,7,0,0.0,2.0,1.0,2.0,B01
201800050132,1.0,7,0,1.0,0.0,4.0,2.0,D01
201800050132,1.0,7,0,0.0,2.0,4.0,23.0,A01
201800050132,1.0,7,0,1.0,0.0,4.0,2.0,B01
201800050132,1.0,10,0,1.0,0.0,1.0,2.0,E01
201800050132,1.0,7,0,1.0,0.0,4.0,2.0,C01
201800050133,1.0,7,0,0.0,2.0,5.0,1.0,A01
201800050133,1.0,33,0,0.0,2.0,1.0,2.0,B01
201800050134,2.0,7,0,0.0,0.0,0.0,17.0,A01
201800050134,2.0,31,0,0.0,0.0,7.0,14.0,B01
201800050135,1.0,7,0,4.0,0.0,1.0,1.0,A01
201800050136,2.0,7,0,6.0,0.0,9.0,15.0,A01
201800050137,2.0,7,0,3.0,2.0,1.0,2.0,B01
201800050137,2.0,7,0,3.0,2.0,4.0,2.0,A01
201800050138,2.0,7,0,0.0,2.0,4.0,23.0,A01
201800050138,2.0,34,0,0.0,2.0,1.0,1.0,B01
201800050139,2.0,10,0,4.0,0.0,8.0,1.0,A01
201800050140,2.0,34,0,0.0,2.0,3.0,13.0,B01
201800050140,2.0,7,0,0.0,2.0,7.0,1.0,A01
201800050141,2.0,7,0,0.0,2.0,6.0,0.0,A01
201800050141,2.0,7,0,0.0,2.0,2.0,12.0,B01
201800050142,2.0,7,0,0.0,2.0,1.0,1.0,A01
201800050143,1.0,33,0,0.0,2.0,2.0,1.0,B01
201800050143,1.0,7,0,0.0,2.0,6.0,11.0,A01
201800050144,2.0,7,0,4.0,0.0,5.0,13.0,A01
201800050145,1.0,7,0,0.0,2.0,1.0,1.0,B01
201800050145,1.0,7,0,0.0,2.0,4.0,1.0,A01
201800050146,2.0,15,0,0.0,2.0,2.0,12.0,B01
201800050146,2.0,7,0,0.0,2.0,8.0,1.0,A01
201800050147,2.0,7,0,3.0,0.0,1.0,1.0,A01
201800050148,2.0,33,0,0.0,0.0,0.0,0.0,A01
201800050149,2.0,7,0,0.0,2.0,4.0,1.0,A01
201800050149,2.0,10,0,0.0,2.0,1.0,1.0,B01
201800050150,2.0,7,0,0.0,2.0,9.0,2.0,B01
201800050150,2.0,7,0,0.0,2.0,4.0,2.0,C01
201800050150,2.0,7,0,0.0,2.0,1.0,2.0,E01
201800050150,2.0,7,0,0.0,2.0,9.0,2.0,D01
201800050150,2.0,7,0,0.0,2.0,4.0,2.0,A01
201800050151,1.0,7,0,0.0,2.0,8.0,18.0,B01
201800050151,1.0,7,0,0.0,2.0,4.0,0.0,C01
201800050151,1.0,15,0,0.0,2.0,7.0,12.0,A01
201800050152,1.0,7,0,0.0,2.0,3.0,1.0,B01
201800050152,1.0,7,0,0.0,2.0,2.0,12.0,A01
201800050153,1.0,7,0,0.0,2.0,4.0,23.0,A01
201800050153,1.0,7,0,0.0,2.0,1.0,1.0,B01
201800050154,2.0,33,0,5.0,0.0,1.0,0.0,A01
201800050155,2.0,7,0,0.0,2.0,6.0,9.0,B01
201800050155,2.0,7,0,0.0,2.0,7.0,2.0,A01
201800050156,1.0,7,0,0.0,2.0,1.0,2.0,A01
201800050156,1.0,7,0,0.0,2.0,4.0,2.0,B01
201800050157,1.0,13,0,1.0,0.0,1.0,2.0,B01
201800050157,1.0,10,0,0.0,0.0,4.0,0.0,A01
201800050158,1.0,33,0,0.0,2.0,4.0,0.0,A01
201800050158,1.0,33,0,0.0,2.0,2.0,0.0,B01
201800050159,2.0,7,0,0.0,2.0,6.0,24.0,A01
201800050159,2.0,7,0,0.0,2.0,7.0,1.0,C01
201800050159,2.0,33,0,1.0,0.0,1.0,14.0,B01
201800050160,1.0,7,0,0.0,2.0,6.0,1.0,A01
201800050160,1.0,33,0,0.0,2.0,2.0,0.0,B01
201800050161,1.0,7,0,0.0,2.0,6.0,2.0,B01
201800050161,1.0,15,0,0.0,2.0,2.0,12.0,A01
201800050162,2.0,7,0,0.0,2.0,0.0,0.0,B01
201800050162,2.0,7,0,0.0,2.0,4.0,1.0,A01
201800050163,2.0,7,0,4.0,2.0,4.0,2.0,C01
201800050163,2.0,7,0,4.0,2.0,4.0,2.0,B01
201800050163,2.0,7,0,4.0,2.0,1.0,2.0,D01
201800050163,2.0,10,0,4.0,2.0,4.0,2.0,A01
201800050164,2.0,7,0,0.0,2.0,4.0,0.0,D01
201800050164,2.0,7,0,0.0,2.0,4.0,2.0,B01
201800050164,2.0,7,0,0.0,2.0,4.0,2.0,C01
201800050164,2.0,10,0,0.0,2.0,4.0,2.0,A01
201800050164,2.0,10,0,0.0,2.0,1.0,2.0,F01
201800050164,2.0,10,0,0.0,2.0,1.0,2.0,E01
201800050165,2.0,14,0,0.0,2.0,1.0,9.0,B01
201800050165,2.0,7,0,0.0,2.0,6.0,9.0,A01
201800050166,2.0,17,0,0.0,2.0,6.0,2.0,A01
201800050166,2.0,7,0,0.0,2.0,2.0,2.0,B01
201800050167,2.0,7,0,0.0,2.0,1.0,2.0,A01
201800050167,2.0,7,0,0.0,2.0,4.0,2.0,B01
201800050168,1.0,7,0,0.0,2.0,1.0,2.0,C01
201800050168,1.0,32,0,0.0,2.0,4.0,2.0,A01
201800050168,1.0,7,0,0.0,2.0,1.0,2.0,B01
201800050169,1.0,7,0,0.0,2.0,4.0,1.0,A01
201800050169,1.0,7,0,0.0,2.0,1.0,2.0,B01
201800050169,1.0,32,0,0.0,2.0,2.0,2.0,C01
201800050170,1.0,33,0,0.0,0.0,8.0,1.0,A01
201800050171,1.0,13,0,0.0,2.0,4.0,1.0,A01
201800050171,1.0,7,0,0.0,2.0,1.0,1.0,C01
201800050171,1.0,15,0,0.0,2.0,1.0,1.0,B01
201800050172,1.0,7,0,0.0,2.0,1.0,2.0,B01
201800050172,1.0,7,0,0.0,2.0,4.0,2.0,C01
201800050172,1.0,7,0,0.0,2.0,1.0,0.0,A01
201800050173,1.0,7,0,0.0,2.0,1.0,2.0,A01
201800050173,1.0,7,0,0.0,2.0,4.0,0.0,B01
201800050174,0.0,7,0,0.0,2.0,8.0,16.0,A01
201800050174,0.0,31,0,0.0,2.0,7.0,16.0,B01
201800050175,1.0,7,0,0.0,2.0,0.0,0.0,A01
201800050175,1.0,32,0,0.0,2.0,0.0,0.0,B01
201800050176,1.0,7,0,4.0,0.0,1.0,1.0,A01
201800050177,1.0,32,0,0.0,0.0,8.0,0.0,A01
201800050178,1.0,7,0,0.0,2.0,9.0,2.0,C01
201800050178,1.0,7,0,3.0,2.0,9.0,2.0,A01
201800050178,1.0,7,0,0.0,2.0,9.0,2.0,B01
201800050179,1.0,7,0,6.0,0.0,2.0,14.0,A01
201800050180,1.0,7,0,0.0,2.0,4.0,9.0,A01
201800050180,1.0,99,0,0.0,2.0,1.0,9.0,Z01