Num_Acc,senc,catv,occutc,obs,obsm,choc,manv,num_veh
201800050434,2.0,10,0,0.0,2.0,5.0,16.0,B01
201800050435,1.0,7,0,0.0,1.0,1.0,1.0,A01
201800050436,2.0,1,0,0.0,2.0,2.0,1.0,A01
201800050436,1.0,7,0,0.0,2.0,1.0,7.0,B01
201800050437,2.0,7,0,0.0,1.0,1.0,15.0,A01
201800050438,2.0,31,0,0.0,2.0,3.0,1.0,B01
201800050438,2.0,10,0,0.0,2.0,7.0,1.0,A01
201800050439,2.0,1,0,0.0,2.0,4.0,17.0,B01
201800050439,2.0,7,0,0.0,2.0,1.0,15.0,A01
201800050440,2.0,7,0,0.0,2.0,7.0,22.0,A01
201800050440,2.0,1,0,0.0,2.0,3.0,18.0,B01
201800050441,2.0,10,0,0.0,2.0,1.0,1.0,A01
201800050441,2.0,33,0,0.0,2.0,4.0,1.0,B01
201800050442,1.0,1,0,0.0,0.0,0.0,1.0,A01
201800050443,1.0,32,0,0.0,2.0,6.0,1.0,A01
201800050443,1.0,7,0,0.0,2.0,1.0,1.0,Z01
201800050444,2.0,32,0,0.0,2.0,8.0,14.0,A01
201800050444,2.0,10,0,0.0,2.0,2.0,14.0,B01
201800050445,2.0,34,0,0.0,1.0,1.0,1.0,A01
201800050446,2.0,32,0,0.0,2.0,7.0,1.0,B01
201800050446,2.0,7,0,0.0,2.0,3.0,9.0,A01
201800050447,1.0,32,0,0.0,2.0,1.0,1.0,B01
201800050447,2.0,30,0,0.0,2.0,1.0,5.0,A01
201800050448,1.0,7,0,0.0,2.0,3.0,10.0,A01
201800050448,1.0,30,0,0.0,2.0,1.0,17.0,B01
201800050449,2.0,2,0,0.0,2.0,3.0,2.0,A01
201800050449,2.0,7,0,0.0,2.0,5.0,16.0,B01
201800050450,1.0,33,0,0.0,2.0,8.0,7.0,A01
201800050450,1.0,10,0,0.0,2.0,7.0,12.0,B01
201800050451,2.0,1,0,0.0,2.0,8.0,18.0,B01
201800050451,2.0,10,0,0.0,2.0,7.0,22.0,A01
201800050452,2.0,32,0,0.0,2.0,8.0,15.0,A01
201800050452,2.0,1,0,0.0,2.0,8.0,1.0,B01
201800050453,0.0,1,0,0.0,2.0,8.0,19.0,A01
201800050453,2.0,7,0,0.0,2.0,2.0,15.0,B01
201800050454,2.0,7,0,0.0,2.0,6.0,15.0,A01
201800050454,2.0,1,0,0.0,2.0,1.0,1.0,B01
201800050455,2.0,7,0,7.0,0.0,1.0,16.0,A01
201800050456,2.0,31,0,0.0,1.0,1.0,17.0,A01
201800050457,1.0,7,0,0.0,2.0,1.0,5.0,A01
201800050457,2.0,31,0,0.0,2.0,1.0,1.0,B01
201800050458,2.0,7,0,0.0,1.0,3.0,15.0,A01
201800050459,1.0,2,0,0.0,2.0,0.0,1.0,B01
201800050459,1.0,1,0,0.0,2.0,0.0,1.0,A01
201800050460,2.0,7,0,0.0,2.0,8.0,15.0,A01
201800050460,2.0,32,0,0.0,2.0,7.0,1.0,B01
201800050461,1.0,30,0,0.0,1.0,1.0,1.0,Z01
201800050462,2.0,7,0,0.0,2.0,1.0,1.0,B01
201800050462,1.0,7,0,0.0,2.0,2.0,13.0,A01
201800050463,1.0,7,0,0.0,1.0,3.0,15.0,A01
201800050464,2.0,33,0,11.0,0.0,1.0,1.0,A01
201800050465,1.0,7,0,0.0,2.0,5.0,22.0,B01
201800050465,1.0,31,0,0.0,2.0,1.0,18.0,A01
201800050466,2.0,1,0,0.0,2.0,8.0,1.0,B01
201800050466,2.0,1,0,0.0,2.0,7.0,16.0,A01
201800050467,1.0,7,0,0.0,1.0,2.0,1.0,A01
201800050468,2.0,7,0,0.0,2.0,4.0,24.0,B01
201800050468,2.0,1,0,0.0,2.0,3.0,2.0,A01
201800050469,1.0,30,0,0.0,2.0,1.0,2.0,B01
201800050469,2.0,7,0,0.0,2.0,3.0,8.0,A01
201800050470,1.0,34,0,0.0,0.0,8.0,1.0,A01
201800050471,1.0,7,0,0.0,1.0,2.0,1.0,Z01
201800050472,1.0,1,0,0.0,2.0,8.0,19.0,A01
201800050472,2.0,7,0,0.0,2.0,1.0,1.0,B01
201800050473,1.0,1,0,0.0,2.0,1.0,1.0,B01
201800050473,1.0,7,0,0.0,2.0,3.0,22.0,A01
201800050474,2.0,7,0,0.0,2.0,2.0,1.0,A01
201800050474,2.0,10,0,0.0,2.0,3.0,1.0,B01
201800050475,1.0,34,0,0.0,2.0,2.0,1.0,B01
201800050475,1.0,7,0,0.0,2.0,3.0,13.0,A01
201800050476,2.0,32,0,0.0,2.0,2.0,1.0,B01
201800050476,2.0,7,0,0.0,2.0,8.0,11.0,A01
201800050477,1.0,30,0,0.0,2.0,3.0,1.0,B01
201800050477,1.0,7,0,0.0,2.0,5.0,14.0,A01
201800050478,2.0,1,0,0.0,2.0,4.0,1.0,B01
201800050478,2.0,7,0,0.0,2.0,1.0,13.0,Z01
201800050479,2.0,34,0,0.0,2.0,1.0,17.0,B01
201800050479,2.0,7,0,0.0,2.0,8.0,15.0,A01
201800050480,1.0,2,0,0.0,2.0,1.0,1.0,C01
201800050480,1.0,31,0,0.0,2.0,1.0,1.0,B01
201800050480,2.0,32,0,11.0,2.0,1.0,13.0,A01
201800050481,2.0,1,0,0.0,2.0,8.0,1.0,B01
201800050481,2.0,33,0,0.0,2.0,2.0,1.0,A01
201800050482,2.0,7,0,0.0,1.0,2.0,7.0,Z01
201800050483,2.0,37,8,0.0,2.0,3.0,1.0,B01
201800050483,2.0,7,0,0.0,2.0,5.0,16.0,A01
201800050484,2.0,1,0,0.0,2.0,8.0,1.0,Z01
201800050484,2.0,33,0,0.0,2.0,7.0,1.0,B01
201800050485,1.0,7,0,0.0,2.0,3.0,19.0,A01
201800050485,2.0,33,0,0.0,2.0,8.0,15.0,B01
201800050486,1.0,32,0,0.0,2.0,3.0,1.0,A01
201800050486,1.0,7,0,0.0,2.0,0.0,1.0,Z01
201800050487,1.0,10,0,1.0,1.0,0.0,5.0,A01
201800050488,1.0,33,0,0.0,1.0,1.0,21.0,A01
201800050489,1.0,7,0,0.0,2.0,3.0,11.0,A01
201800050489,1.0,32,0,0.0,2.0,2.0,1.0,B01
201800050490,2.0,7,0,0.0,2.0,3.0,22.0,A01
201800050490,2.0,1,0,0.0,2.0,0.0,1.0,B01
201800050491,1.0,7,0,0.0,2.0,7.0,1.0,B01
201800050491,1.0,31,0,0.0,2.0,8.0,1.0,A01
201800050492,2.0,32,0,0.0,2.0,7.0,1.0,B01
201800050492,2.0,7,0,0.0,2.0,8.0,11.0,A01
201800050493,1.0,30,0,0.0,2.0,2.0,16.0,Z01
201800050493,1.0,30,0,0.0,2.0,6.0,1.0,A01
201800050494,0.0,1,0,0.0,2.0,8.0,1.0,A01
201800050494,0.0,1,0,0.0,2.0,5.0,13.0,B01
201800050495,2.0,7,0,0.0,1.0,3.0,1.0,A01
201800050496,1.0,32,0,0.0,0.0,8.0,16.0,A01
201800050497,2.0,7,0,0.0,2.0,3.0,23.0,C01
201800050497,1.0,7,0,0.0,2.0,1.0,10.0,A01
201800050497,2.0,32,0,0.0,2.0,1.0,1.0,B01
201800050498,1.0,34,0,0.0,1.0,0.0,1.0,A01
201800050499,2.0,1,0,0.0,2.0,2.0,13.0,B01
201800050499,2.0,7,0,0.0,2.0,1.0,1.0,A01
201800050500,2.0,7,0,0.0,2.0,2.0,1.0,A01
201800050500,2.0,7,0,0.0,2.0,3.0,1.0,B01
201800050501,1.0,30,0,0.0,0.0,7.0,1.0,A01
201800050502,1.0,7,0,0.0,2.0,2.0,16.0,B01
201800050502,1.0,1,0,0.0,2.0,3.0,18.0,A01
201800050503,2.0,7,0,14.0,0.0,2.0,14.0,A01
201800050504,2.0,7,0,0.0,1.0,1.0,15.0,A01
201800050505,2.0,7,0,0.0,2.0,2.0,12.0,Z01
201800050505,2.0,33,0,0.0,2.0,8.0,1.0,B01
201800050506,0.0,32,0,0.0,2.0,2.0,1.0,A01
201800050506,0.0,1,0,0.0,2.0,0.0,1.0,B01
201800050507,1.0,31,0,0.0,1.0,7.0,1.0,Z01
201800050508,1.0,34,0,11.0,0.0,1.0,12.0,A01
201800050509,1.0,1,0,0.0,2.0,1.0,1.0,B01
201800050509,1.0,10,0,0.0,2.0,2.0,22.0,A01
201800050510,1.0,7,0,0.0,2.0,7.0,14.0,Z01
201800050510,1.0,2,0,0.0,2.0,8.0,1.0,B01
201800050511,1.0,99,0,0.0,1.0,1.0,1.0,A01
201800050512,1.0,7,0,0.0,2.0,3.0,2.0,A01
201800050512,1.0,32,0,0.0,2.0,4.0,2.0,B01
201800050513,2.0,7,0,1.0,0.0,3.0,13.0,A01
201800050514,1.0,10,0,0.0,1.0,7.0,4.0,A01
201800050515,1.0,10,0,0.0,2.0,1.0,1.0,A01
201800050515,1.0,7,0,0.0,2.0,4.0,23.0,B01
201800050516,2.0,7,0,0.0,1.0,4.0,4.0,A01
201800050517,2.0,31,0,0.0,2.0,6.0,2.0,A01
201800050517,2.0,7,0,0.0,2.0,6.0,23.0,B01
201800050518,1.0,32,0,0.0,2.0,1.0,1.0,B01
201800050518,1.0,10,0,0.0,2.0,2.0,15.0,A01
201800050519,2.0,10,0,0.0,2.0,1.0,1.0,A01
201800050519,2.0,7,0,0.0,2.0,4.0,1.0,B01
201800050520,1.0,30,0,0.0,2.0,3.0,1.0,A01
201800050520,1.0,10,0,0.0,2.0,5.0,23.0,B01
201800050521,1.0,7,0,0.0,2.0,7.0,12.0,B01
201800050521,1.0,33,0,1.0,2.0,8.0,7.0,A01
201800050522,2.0,10,0,0.0,1.0,4.0,4.0,A01
201800050523,2.0,10,0,0.0,2.0,1.0,1.0,A01
201800050523,1.0,7,0,15.0,2.0,6.0,1.0,B01
201800050524,1.0,32,0,11.0,0.0,1.0,13.0,A01
201800050525,1.0,1,0,0.0,2.0,7.0,1.0,B01
201800050525,1.0,33,0,0.0,2.0,8.0,1.0,A01
201800050526,1.0,7,0,0.0,1.0,2.0,16.0,A01
201800050527,1.0,32,0,0.0,0.0,0.0,1.0,A01
201800050528,1.0,31,0,0.0,2.0,8.0,1.0,B01
201800050528,1.0,7,0,0.0,2.0,2.0,1.0,A01
201800050529,1.0,7,0,0.0,2.0,1.0,1.0,B01
201800050529,1.0,2,0,0.0,2.0,7.0,1.0,A01
201800050530,2.0,2,0,0.0,2.0,8.0,1.0,B01
201800050530,2.0,7,0,0.0,2.0,2.0,1.0,A01
201800050531,1.0,37,0,0.0,2.0,1.0,7.0,C01
201800050531,2.0,7,0,0.0,2.0,1.0,13.0,A01
201800050531,2.0,7,0,0.0,2.0,6.0,1.0,B01
201800050532,2.0,1,0,0.0,1.0,1.0,1.0,A01
201800050533,2.0,7,0,0.0,1.0,4.0,5.0,A01
201800050534,1.0,10,0,0.0,1.0,4.0,4.0,A01
201800050535,2.0,1,0,0.0,1.0,1.0,1.0,A01
201800050536,1.0,30,0,0.0,1.0,1.0,1.0,A01
201800050537,1.0,7,0,0.0,2.0,1.0,1.0,A01
201800050537,1.0,7,0,0.0,2.0,8.0,1.0,B01
201800050538,1.0,7,0,0.0,1.0,3.0,15.0,A01
201800050539,2.0,7,0,1.0,2.0,2.0,14.0,A01
201800050539,0.0,7,0,0.0,2.0,6.0,24.0,B01
201800050540,2.0,2,0,15.0,2.0,3.0,17.0,A01
201800050540,2.0,7,0,0.0,2.0,8.0,1.0,B01
201800050541,2.0,2,0,0.0,2.0,1.0,17.0,A01
201800050541,2.0,10,0,0.0,2.0,3.0,15.0,B01
201800050542,1.0,7,0,0.0,1.0,2.0,1.0,A01
201800050543,1.0,30,0,14.0,0.0,1.0,12.0,A01
201800050544,2.0,10,0,0.0,2.0,8.0,13.0,A01
201800050544,2.0,32,0,0.0,2.0,7.0,17.0,B01
201800050545,1.0,30,0,0.0,1.0,1.0,5.0,A01
201800050546,1.0,33,0,0.0,1.0,3.0,1.0,A01
201800050547,2.0,10,0,0.0,2.0,3.0,11.0,A01
201800050547,2.0,33,0,0.0,2.0,1.0,1.0,B01
201800050548,2.0,10,0,0.0,2.0,5.0,1.0,B01
201800050548,1.0,34,0,0.0,2.0,4.0,1.0,A01
201800050548,2.0,10,0,0.0,2.0,3.0,1.0,C01
201800050549,2.0,7,0,0.0,1.0,1.0,1.0,A01
201800050550,1.0,33,0,0.0,1.0,1.0,1.0,A01
201800050551,1.0,7,0,0.0,2.0,1.0,1.0,A01
201800050551,1.0,32,0,0.0,2.0,1.0,23.0,B01
201800050552,1.0,10,0,0.0,1.0,7.0,1.0,Z01
201800050553,1.0,7,0,0.0,1.0,1.0,1.0,A01
201800050554,1.0,13,0,0.0,2.0,7.0,1.0,B01
201800050554,1.0,34,0,0.0,2.0,8.0,15.0,A01
201800050555,1.0,7,0,0.0,2.0,5.0,14.0,A01
201800050555,1.0,33,0,0.0,2.0,8.0,1.0,B01
201800050556,1.0,10,0,0.0,1.0,4.0,4.0,A01
201800050557,2.0,7,0,0.0,2.0,1.0,2.0,A01
201800050557,2.0,7,0,0.0,2.0,4.0,23.0,C01
201800050557,2.0,7,0,0.0,2.0,4.0,23.0,B01
201800050558,2.0,7,0,0.0,2.0,6.0,23.0,B01
201800050558,2.0,1,0,1.0,2.0,1.0,7.0,A01
201800050559,1.0,7,0,0.0,2.0,3.0,10.0,A01
201800050559,1.0,33,0,0.0,2.0,8.0,1.0,B01
201800050560,2.0,2,0,0.0,0.0,0.0,1.0,A01
201800050561,0.0,1,0,0.0,1.0,7.0,1.0,A01
201800050562,1.0,32,0,11.0,2.0,7.0,15.0,A01
201800050562,1.0,7,0,0.0,2.0,6.0,15.0,B01
201800050563,1.0,7,0,0.0,1.0,3.0,7.0,A01
201800050564,1.0,10,0,0.0,2.0,2.0,16.0,B01
201800050564,1.0,2,0,0.0,2.0,8.0,23.0,A01
201800050565,1.0,33,0,0.0,2.0,3.0,23.0,B01
201800050565,1.0,2,0,0.0,2.0,7.0,1.0,A01
201800050566,1.0,33,0,0.0,2.0,7.0,23.0,B01
201800050566,1.0,7,0,0.0,2.0,3.0,11.0,A01
201800050567,0.0,7,0,0.0,2.0,3.0,15.0,A01
201800050567,0.0,33,0,0.0,2.0,1.0,1.0,B01
201800050568,2.0,34,0,1.0,0.0,1.0,14.0,A01
201800050569,1.0,1,0,0.0,2.0,4.0,2.0,A01
201800050569,1.0,34,0,0.0,2.0,1.0,1.0,Z01
201800050570,1.0,7,0,0.0,2.0,3.0,13.0,A01
201800050570,1.0,34,0,0.0,2.0,2.0,17.0,B01
201800050571,1.0,1,0,1.0,1.0,1.0,15.0,A01
201800050572,1.0,7,0,0.0,1.0,0.0,1.0,A01
201800050573,2.0,33,0,0.0,0.0,8.0,21.0,A01
201800050574,1.0,2,0,0.0,2.0,3.0,1.0,B01
201800050574,1.0,31,0,0.0,2.0,2.0,1.0,A01
201800050575,1.0,7,0,0.0,2.0,2.0,22.0,B01
201800050575,1.0,33,0,1.0,2.0,1.0,18.0,A01
201800050576,2.0,30,0,0.0,1.0,1.0,1.0,A01
201800050577,1.0,7,0,0.0,2.0,3.0,5.0,A01
201800050577,2.0,1,0,0.0,2.0,1.0,1.0,B01
201800050578,1.0,14,0,0.0,1.0,3.0,16.0,A01
201800050579,2.0,7,0,0.0,2.0,8.0,15.0,A01
201800050579,2.0,34,0,0.0,2.0,2.0,21.0,B01
201800050580,1.0,3,0,0.0,2.0,6.0,13.0,B01
201800050580,1.0,31,0,0.0,2.0,2.0,17.0,A01
201800050581,1.0,7,0,8.0,0.0,3.0,13.0,A01
201800050582,2.0,7,0,0.0,2.0,7.0,1.0,B01
201800050582,2.0,33,0,0.0,2.0,8.0,13.0,A01
201800050583,2.0,34,0,0.0,2.0,2.0,15.0,B01
201800050583,1.0,30,0,0.0,2.0,3.0,8.0,A01
201800050584,1.0,7,0,0.0,1.0,2.0,1.0,A01
201800050585,1.0,7,0,1.0,0.0,8.0,14.0,A01
201800050586,1.0,7,0,0.0,1.0,4.0,4.0,A01
201800050587,1.0,30,0,0.0,1.0,1.0,1.0,A01
201800050588,1.0,31,0,0.0,2.0,1.0,1.0,B01
201800050588,1.0,7,0,0.0,2.0,8.0,1.0,A01
201800050589,1.0,38,1,0.0,1.0,6.0,1.0,Z01
201800050590,1.0,7,0,0.0,2.0,8.0,15.0,A01
201800050590,1.0,32,0,0.0,2.0,1.0,1.0,B01
201800050591,1.0,7,0,0.0,1.0,4.0,4.0,A01
201800050592,1.0,31,0,1.0,2.0,2.0,1.0,A01
201800050592,1.0,32,0,0.0,2.0,2.0,16.0,Z01
201800050593,1.0,7,0,0.0,1.0,2.0,1.0,A01
201800050594,1.0,32,0,0.0,2.0,5.0,1.0,B01
201800050594,1.0,7,0,0.0,2.0,3.0,15.0,A01
201800050595,1.0,7,0,0.0,2.0,3.0,1.0,B01
201800050595,1.0,30,0,0.0,2.0,1.0,1.0,A01
201800050596,1.0,10,0,0.0,1.0,4.0,4.0,A01
201800050597,2.0,33,0,0.0,2.0,3.0,1.0,B01
201800050597,1.0,32,0,0.0,2.0,7.0,15.0,A01
201800050598,1.0,33,0,0.0,1.0,2.0,1.0,A01
201800050599,2.0,32,0,0.0,1.0,2.0,1.0,A01
201800050600,2.0,7,0,0.0,2.0,3.0,15.0,A01
201800050600,2.0,34,0,0.0,2.0,1.0,1.0,B01
201800050601,1.0,30,0,0.0,2.0,3.0,11.0,A01
201800050601,1.0,7,0,0.0,2.0,5.0,1.0,B01
201800050602,1.0,7,0,0.0,2.0,7.0,1.0,A01
201800050602,1.0,31,0,0.0,2.0,8.0,15.0,B01
201800050603,2.0,31,0,0.0,2.0,2.0,5.0,B01
201800050603,1.0,7,0,0.0,2.0,3.0,15.0,A01
201800050604,1.0,99,0,0.0,1.0,8.0,7.0,A01
201800050605,2.0,7,0,0.0,1.0,2.0,1.0,A01
201800050606,1.0,31,0,1.0,0.0,2.0,14.0,A01
201800050607,1.0,2,0,0.0,2.0,1.0,2.0,A01
201800050607,1.0,7,0,0.0,2.0,4.0,23.0,B01
201800050608,1.0,7,0,0.0,2.0,7.0,22.0,A01
201800050608,1.0,1,0,0.0,2.0,3.0,18.0,B01
201800050609,2.0,1,0,0.0,2.0,7.0,7.0,B01
201800050609,1.0,30,0,0.0,2.0,1.0,17.0,A01
201800050610,0.0,7,0,0.0,2.0,2.0,23.0,C01
201800050610,0.0,33,0,0.0,2.0,3.0,1.0,B01
201800050610,2.0,2,0,0.0,2.0,2.0,1.0,A01
201800050611,1.0,31,0,0.0,1.0,1.0,2.0,A01
201800050611,1.0,7,0,0.0,2.0,6.0,23.0,B01
201800050612,2.0,1,0,0.0,1.0,8.0,1.0,A01
201800050613,2.0,99,0,0.0,1.0,1.0,1.0,A01
201800050614,1.0,34,0,0.0,2.0,0.0,15.0,B01
201800050614,1.0,33,0,0.0,2.0,0.0,17.0,A01
201800050615,2.0,1,0,0.0,1.0,8.0,1.0,Z01
201800050616,2.0,30,0,0.0,0.0,0.0,7.0,A01
201800050617,1.0,7,0,0.0,2.0,6.0,23.0,B01
201800050617,1.0,30,0,0.0,2.0,1.0,2.0,A01
201800050618,0.0,7,0,0.0,2.0,4.0,23.0,B01
201800050618,0.0,33,0,0.0,2.0,1.0,2.0,A01
201800050619,2.0,1,0,0.0,1.0,7.0,1.0,A01
201800050620,2.0,7,0,0.0,2.0,4.0,23.0,B01
201800050620,2.0,30,0,0.0,2.0,1.0,2.0,A01
201800050621,1.0,32,0,0.0,0.0,0.0,1.0,A01
201800050622,1.0,7,0,0.0,1.0,3.0,1.0,A01
201800050623,2.0,7,0,0.0,1.0,1.0,16.0,A01
201800050624,1.0,1,0,0.0,2.0,5.0,17.0,B01
201800050624,1.0,1,0,0.0,2.0,1.0,15.0,A01
201800050625,1.0,10,0,0.0,2.0,5.0,23.0,B01
201800050625,1.0,30,0,0.0,2.0,1.0,2.0,A01
201800050626,2.0,7,0,0.0,2.0,6.0,15.0,B01
201800050626,2.0,32,0,0.0,2.0,2.0,17.0,A01
201800050627,2.0,7,0,0.0,2.0,6.0,23.0,B01
201800050627,1.0,32,0,14.0,2.0,1.0,2.0,A01
201800050628,1.0,7,0,0.0,2.0,6.0,16.0,B01
201800050628,1.0,7,0,0.0,2.0,2.0,2.0,A01
201800050629,1.0,7,0,0.0,2.0,7.0,16.0,B01
201800050629,1.0,34,0,0.0,2.0,1.0,18.0,A01
201800050630,2.0,7,0,0.0,2.0,2.0,1.0,B01
201800050630,2.0,10,0,0.0,1.0,1.0,13.0,A01
201800050631,1.0,10,0,0.0,1.0,2.0,15.0,A01
201800050632,1.0,7,0,0.0,2.0,2.0,14.0,A01
201800050632,1.0,1,0,0.0,2.0,8.0,18.0,B01
201800050633,2.0,7,0,0.0,2.0,4.0,23.0,B01
201800050633,2.0,33,0,0.0,2.0,1.0,2.0,A01
201800050634,2.0,1,0,0.0,1.0,1.0,1.0,A01
201800050635,1.0,14,0,0.0,2.0,2.0,1.0,B01
201800050635,1.0,7,0,0.0,2.0,3.0,13.0,A01
201800050636,1.0,7,0,0.0,2.0,2.0,16.0,B01
201800050636,1.0,30,0,0.0,2.0,6.0,18.0,A01
201800050637,0.0,99,0,0.0,2.0,3.0,23.0,A01
201800050637,0.0,99,0,0.0,2.0,1.0,2.0,B01
201800050638,2.0,31,0,14.0,0.0,0.0,13.0,A01
201800050639,1.0,10,0,0.0,2.0,1.0,1.0,B01
201800050639,1.0,10,0,0.0,2.0,1.0,1.0,A01
201800050640,1.0,32,0,11.0,0.0,1.0,17.0,A01
201800050641,1.0,99,0,0.0,0.0,0.0,1.0,A01
201800050642,1.0,7,0,0.0,2.0,3.0,23.0,B01
201800050642,1.0,7,0,0.0,2.0,6.0,2.0,A01
201800050643,1.0,7,0,11.0,0.0,2.0,16.0,A01
201800050644,2.0,2,0,0.0,5.0,0.0,1.0,A01
201800050645,2.0,7,0,0.0,1.0,2.0,1.0,A01
201800050646,2.0,33,0,0.0,1.0,2.0,17.0,A01
201800050646,2.0,10,0,0.0,2.0,3.0,23.0,B01
201800050647,1.0,7,0,0.0,2.0,3.0,7.0,B01
201800050647,1.0,32,0,0.0,2.0,1.0,16.0,A01
201800050648,2.0,7,0,7.0,0.0,2.0,14.0,A01
201800050649,1.0,7,0,0.0,2.0,2.0,15.0,A01
201800050649,1.0,2,0,0.0,2.0,1.0,1.0,B01
201800050650,2.0,10,0,0.0,2.0,1.0,1.0,A01
201800050650,2.0,7,0,0.0,2.0,4.0,23.0,B01
201800050650,2.0,33,0,0.0,2.0,1.0,1.0,C01
201800050651,1.0,7,0,0.0,1.0,7.0,1.0,A01
201800050652,1.0,33,0,0.0,1.0,1.0,1.0,A01
201800050653,2.0,7,0,0.0,2.0,3.0,15.0,A01
201800050653,2.0,32,0,0.0,2.0,1.0,23.0,B01
201800050654,1.0,2,0,0.0,2.0,2.0,1.0,A01
201800050654,1.0,7,0,0.0,2.0,8.0,13.0,B01
201800050655,0.0,1,0,0.0,1.0,4.0,1.0,A01
201800050656,1.0,32,0,0.0,2.0,3.0,1.0,A01
201800050656,1.0,7,0,0.0,2.0,5.0,21.0,B01
201800050657,1.0,7,0,0.0,1.0,1.0,1.0,A01
201800050658,2.0,7,0,0.0,2.0,3.0,5.0,A01
201800050658,1.0,31,0,0.0,2.0,1.0,1.0,B01
201800050659,2.0,31,0,0.0,0.0,3.0,1.0,A01
201800050660,0.0,99,0,0.0,2.0,0.0,0.0,R01
201800050660,2.0,7,0,0.0,2.0,1.0,1.0,A01
201800050661,1.0,1,0,0.0,2.0,1.0,2.0,A01
201800050661,1.0,7,0,0.0,2.0,6.0,2.0,B01
201800050662,1.0,33,0,0.0,2.0,8.0,18.0,B01
201800050662,1.0,33,0,0.0,2.0,7.0,14.0,A01
201800050663,1.0,7,0,0.0,2.0,1.0,1.0,A01
201800050663,2.0,33,0,0.0,2.0,8.0,1.0,B01
201800050664,1.0,10,0,7.0,0.0,2.0,13.0,A01
201800050665,1.0,2,0,0.0,1.0,1.0,1.0,A01
201800050666,2.0,1,0,0.0,1.0,1.0,7.0,A01
201800050667,1.0,32,0,0.0,2.0,3.0,5.0,A01
201800050667,2.0,10,0,0.0,2.0,3.0,15.0,B01
201800050668,2.0,33,0,0.0,2.0,2.0,2.0,B01
201800050668,2.0,10,0,0.0,2.0,6.0,23.0,A01
201800050669,2.0,7,0,0.0,2.0,3.0,16.0,A01
201800050669,2.0,7,0,0.0,2.0,3.0,7.0,B01
201800050670,1.0,7,0,0.0,2.0,4.0,23.0,B01
201800050670,1.0,10,0,0.0,2.0,1.0,2.0,A01
201800050671,2.0,7,0,0.0,2.0,2.0,15.0,A01
201800050671,1.0,33,0,0.0,2.0,3.0,1.0,B01
201800050672,2.0,33,0,8.0,0.0,1.0,1.0,A01
201800050673,1.0,31,0,0.0,1.0,2.0,1.0,A01
201800050674,1.0,30,0,0.0,0.0,0.0,16.0,A01
201800050675,1.0,1,0,0.0,1.0,1.0,1.0,Z01
201800050676,1.0,33,0,0.0,2.0,3.0,16.0,A01
201800050676,1.0,7,0,0.0,2.0,3.0,1.0,B01
201800050677,2.0,10,0,0.0,1.0,3.0,1.0,A01
201800050678,0.0,37,0,0.0,1.0,2.0,16.0,A01
201800050679,2.0,34,0,0.0,1.0,1.0,1.0,A01
201800050680,1.0,7,0,0.0,1.0,3.0,1.0,A01
201800050681,1.0,10,0,0.0,2.0,4.0,2.0,A01
201800050681,1.0,7,0,0.0,2.0,1.0,2.0,B01
201800050682,1.0,7,0,0.0,2.0,4.0,23.0,B01
201800050682,1.0,7,0,0.0,2.0,1.0,1.0,A01
201800050683,1.0,7,0,0.0,2.0,4.0,23.0,B01
201800050683,1.0,7,0,0.0,2.0,4.0,23.0,C01
201800050683,1.0,7,0,0.0,2.0,1.0,1.0,A01
201800050684,2.0,1,0,0.0,1.0,1.0,5.0,A01
201800050685,2.0,7,0,0.0,2.0,4.0,1.0,C01
201800050685,2.0,7,0,0.0,2.0,1.0,1.0,B01
201800050685,2.0,10,0,0.0,2.0,1.0,1.0,A01
201800050686,1.0,2,0,0.0,2.0,1.0,17.0,A01
201800050686,1.0,33,0,0.0,2.0,1.0,15.0,B01
201800050687,2.0,7,0,0.0,2.0,5.0,16.0,A01
201800050687,2.0,37,0,0.0,2.0,3.0,7.0,B01
201800050688,1.0,2,0,12.0,0.0,7.0,14.0,A01
201800050689,1.0,30,0,0.0,2.0,1.0,13.0,A01
201800050689,2.0,10,0,0.0,2.0,2.0,1.0,B01
201800050690,1.0,33,0,0.0,2.0,1.0,16.0,A01
201800050690,1.0,33,0,0.0,2.0,1.0,18.0,B01
201800050691,1.0,34,0,0.0,2.0,2.0,17.0,B01
201800050691,1.0,7,0,0.0,2.0,3.0,15.0,A01
201800050692,1.0,31,0,0.0,2.0,1.0,1.0,A01
201800050692,1.0,7,0,0.0,2.0,3.0,1.0,B01
201800050693,1.0,2,0,0.0,1.0,1.0,1.0,A01
201800050694,1.0,32,0,0.0,2.0,1.0,1.0,A01
201800050694,2.0,7,0,0.0,2.0,2.0,15.0,B01
201800050695,1.0,7,0,0.0,2.0,1.0,7.0,B01
201800050695,1.0,1,0,0.0,2.0,4.0,19.0,A01
201800050696,1.0,10,0,0.0,2.0,8.0,10.0,A01
201800050696,1.0,30,0,0.0,2.0,2.0,17.0,B01
201800050697,1.0,1,0,0.0,1.0,1.0,7.0,A01
201800050698,1.0,32,0,0.0,1.0,1.0,1.0,A01
201800050699,2.0,33,0,0.0,2.0,1.0,1.0,B01
201800050699,2.0,7,0,0.0,2.0,3.0,10.0,A01