Num_Acc,senc,catv,occutc,obs,obsm,choc,manv,num_veh
201800050700,2.0,2,0,0.0,2.0,1.0,7.0,A01
201800050700,2.0,2,0,0.0,2.0,0.0,16.0,B01
201800050701,1.0,1,0,0.0,2.0,3.0,19.0,B01
201800050701,1.0,37,0,0.0,2.0,2.0,1.0,A01
201800050702,1.0,1,0,0.0,2.0,8.0,1.0,A01
201800050702,1.0,7,0,0.0,2.0,5.0,16.0,Z01
201800050703,2.0,31,0,0.0,2.0,7.0,17.0,B01
201800050703,2.0,7,0,0.0,2.0,8.0,15.0,A01
201800050704,1.0,10,0,0.0,1.0,4.0,4.0,A01
201800050705,1.0,30,0,0.0,1.0,1.0,1.0,Z01
201800050706,1.0,1,0,0.0,2.0,1.0,1.0,B01
201800050706,1.0,7,0,0.0,2.0,4.0,4.0,A01
201800050707,1.0,34,0,0.0,2.0,1.0,18.0,B01
201800050707,1.0,10,0,0.0,2.0,2.0,22.0,A01
201800050708,2.0,1,0,0.0,1.0,1.0,7.0,A01
201800050709,1.0,10,0,0.0,2.0,8.0,15.0,B01
201800050709,2.0,34,0,0.0,2.0,1.0,1.0,A01
201800050710,2.0,7,0,8.0,0.0,1.0,21.0,A01
201800050711,2.0,7,0,0.0,2.0,7.0,1.0,A01
201800050711,1.0,7,0,0.0,2.0,1.0,1.0,B01
201800050712,1.0,7,0,0.0,2.0,6.0,23.0,A01
201800050712,1.0,7,0,0.0,2.0,0.0,1.0,Z01
201800050713,1.0,1,0,0.0,2.0,1.0,13.0,A01
201800050713,1.0,37,20,0.0,2.0,6.0,23.0,B01
201800050714,1.0,34,0,0.0,2.0,1.0,1.0,A01
201800050714,1.0,2,0,0.0,2.0,4.0,15.0,B01
201800050715,1.0,31,0,0.0,2.0,1.0,17.0,A01
201800050715,1.0,7,0,0.0,2.0,8.0,15.0,B01
201800050716,2.0,2,0,1.0,0.0,5.0,14.0,A01
201800050717,1.0,7,0,0.0,2.0,2.0,24.0,A01
201800050717,1.0,1,0,1.0,0.0,3.0,1.0,B01
201800050718,2.0,30,0,0.0,2.0,1.0,2.0,A01
201800050718,2.0,7,0,0.0,2.0,4.0,23.0,B01
201800050719,1.0,10,0,0.0,2.0,7.0,14.0,A01
201800050719,1.0,1,0,0.0,2.0,1.0,1.0,B01
201800050720,1.0,34,0,0.0,2.0,4.0,2.0,A01
201800050720,1.0,7,0,0.0,2.0,4.0,2.0,B01
201800050720,1.0,7,0,0.0,2.0,4.0,2.0,C01
201800050721,2.0,7,0,0.0,2.0,8.0,1.0,A01
201800050721,2.0,7,0,0.0,2.0,4.0,23.0,C01
201800050721,1.0,7,0,0.0,2.0,1.0,1.0,B01
201800050722,0.0,1,0,0.0,2.0,8.0,6.0,A01
201800050722,0.0,30,0,0.0,2.0,1.0,5.0,Z01
201800050723,2.0,10,0,0.0,2.0,3.0,15.0,A01
201800050723,2.0,30,0,0.0,2.0,1.0,17.0,B01
201800050724,2.0,33,0,0.0,2.0,2.0,21.0,A01
201800050724,2.0,33,0,0.0,2.0,6.0,23.0,B01
201800050725,2.0,34,0,0.0,2.0,2.0,3.0,A01
201800050725,2.0,7,0,0.0,2.0,3.0,10.0,B01
201800050726,1.0,99,0,0.0,2.0,2.0,1.0,A01
201800050726,0.0,7,0,0.0,2.0,3.0,9.0,B01
201800050727,1.0,33,0,0.0,2.0,6.0,1.0,B01
201800050727,2.0,7,0,0.0,2.0,2.0,1.0,A01
201800050728,2.0,1,0,0.0,2.0,1.0,15.0,A01
201800050728,1.0,7,0,0.0,2.0,2.0,1.0,B01
201800050729,2.0,7,0,0.0,2.0,2.0,14.0,A01
201800050729,2.0,30,0,0.0,2.0,3.0,1.0,B01
201800050730,1.0,32,0,0.0,2.0,7.0,17.0,A01
201800050730,1.0,7,0,0.0,2.0,3.0,15.0,B01
201800050731,2.0,1,0,0.0,2.0,1.0,1.0,A01
201800050731,0.0,7,0,0.0,2.0,7.0,9.0,B01
201800050732,1.0,7,0,0.0,2.0,3.0,1.0,A01
201800050732,2.0,33,0,0.0,2.0,4.0,15.0,B01
201800050733,0.0,10,0,0.0,2.0,3.0,2.0,A01
201800050733,0.0,7,0,0.0,2.0,5.0,23.0,B01
201800050734,2.0,33,0,0.0,1.0,1.0,8.0,A01
201800050734,1.0,33,0,0.0,2.0,0.0,24.0,B01
201800050735,2.0,10,0,0.0,1.0,1.0,1.0,A01
201800050736,1.0,33,0,0.0,1.0,1.0,1.0,A01
201800050737,2.0,7,0,0.0,2.0,0.0,16.0,A01
201800050737,2.0,1,0,0.0,2.0,0.0,7.0,B01
201800050738,2.0,1,0,0.0,1.0,1.0,5.0,A01
201800050739,2.0,30,0,0.0,1.0,1.0,1.0,A01
201800050739,2.0,7,0,0.0,2.0,6.0,1.0,B01
201800050740,1.0,34,0,0.0,1.0,3.0,1.0,A01
201800050741,2.0,7,0,0.0,1.0,1.0,15.0,A01
201800050742,2.0,7,0,0.0,1.0,3.0,1.0,A01
201800050743,1.0,30,0,0.0,2.0,1.0,2.0,A01
201800050743,1.0,7,0,0.0,2.0,4.0,23.0,B01
201800050744,1.0,7,0,0.0,2.0,3.0,9.0,A01
201800050744,1.0,31,0,0.0,2.0,2.0,1.0,B01
201800050745,1.0,34,0,0.0,2.0,1.0,17.0,A01
201800050745,0.0,7,0,0.0,2.0,3.0,9.0,B01
201800050746,1.0,7,0,0.0,2.0,3.0,15.0,A01
201800050746,1.0,30,0,0.0,2.0,1.0,1.0,B01
201800050747,1.0,1,0,0.0,1.0,1.0,7.0,A01
201800050748,1.0,33,0,0.0,1.0,2.0,1.0,A01
201800050749,1.0,7,0,0.0,2.0,3.0,1.0,B01
201800050749,1.0,99,0,0.0,2.0,1.0,1.0,A01
201800050750,1.0,32,0,0.0,6.0,2.0,14.0,A01
201800050750,2.0,1,0,0.0,2.0,8.0,2.0,B01
201800050751,1.0,1,0,0.0,2.0,8.0,17.0,A01
201800050751,1.0,13,0,0.0,2.0,0.0,1.0,Z01
201800050752,2.0,7,0,11.0,0.0,2.0,1.0,A01
201800050753,2.0,30,0,0.0,1.0,1.0,1.0,A01
201800050754,1.0,10,0,0.0,1.0,3.0,16.0,Z01
201800050755,2.0,2,0,14.0,0.0,1.0,1.0,A01
201800050756,2.0,7,0,0.0,2.0,4.0,23.0,A01
201800050756,2.0,1,0,0.0,2.0,1.0,1.0,B01
201800050757,2.0,34,0,0.0,1.0,1.0,1.0,A01
201800050758,2.0,1,0,0.0,2.0,1.0,1.0,B01
201800050758,1.0,7,0,0.0,2.0,1.0,15.0,A01
201800050759,1.0,7,0,0.0,1.0,3.0,1.0,A01
201800050760,1.0,7,0,0.0,2.0,3.0,15.0,A01
201800050760,1.0,31,0,0.0,2.0,7.0,17.0,B01
201800050761,1.0,7,0,0.0,2.0,3.0,1.0,A01
201800050761,1.0,32,0,0.0,2.0,2.0,11.0,B01
201800050762,1.0,10,0,0.0,2.0,3.0,1.0,B01
201800050762,2.0,7,0,0.0,2.0,2.0,1.0,A01
201800050763,1.0,7,0,0.0,2.0,2.0,2.0,Z01
201800050763,1.0,33,0,0.0,2.0,6.0,2.0,A01
201800050764,2.0,33,0,0.0,2.0,1.0,1.0,A01
201800050764,0.0,7,0,0.0,2.0,3.0,1.0,B01
201800050765,1.0,7,0,0.0,1.0,3.0,1.0,A01
201800050766,1.0,2,0,0.0,1.0,1.0,1.0,A01
201800050767,2.0,7,0,0.0,2.0,7.0,22.0,A01
201800050767,2.0,33,0,0.0,2.0,3.0,1.0,B01
201800050768,1.0,1,0,0.0,1.0,1.0,1.0,A01
201800050769,1.0,32,0,0.0,1.0,1.0,1.0,Z01
201800050770,1.0,33,0,0.0,0.0,0.0,10.0,A01
201800050771,1.0,33,0,0.0,2.0,1.0,1.0,A01
201800050771,1.0,7,0,0.0,2.0,4.0,1.0,B01
201800050772,2.0,37,0,0.0,2.0,2.0,7.0,A01
201800050772,2.0,1,0,0.0,2.0,4.0,7.0,B01
201800050773,2.0,7,0,0.0,1.0,2.0,1.0,A01
201800050774,2.0,1,0,0.0,2.0,1.0,11.0,A01
201800050774,2.0,34,0,0.0,2.0,6.0,1.0,B01
201800050775,1.0,7,0,0.0,2.0,8.0,22.0,A01
201800050775,1.0,1,0,0.0,2.0,7.0,1.0,B01
201800050776,2.0,7,0,0.0,2.0,3.0,22.0,A01
201800050776,2.0,1,0,0.0,2.0,9.0,1.0,B01
201800050777,2.0,2,0,0.0,2.0,2.0,16.0,A01
201800050777,2.0,7,0,0.0,2.0,3.0,7.0,B01
201800050778,1.0,7,0,1.0,2.0,8.0,22.0,A01
201800050778,2.0,1,0,1.0,2.0,8.0,1.0,B01
201800050779,2.0,7,0,0.0,2.0,3.0,1.0,B01
201800050779,2.0,30,0,0.0,2.0,3.0,14.0,A01
201800050780,2.0,7,0,0.0,2.0,3.0,15.0,A01
201800050780,2.0,32,0,0.0,2.0,6.0,17.0,B01
201800050781,2.0,1,0,0.0,2.0,1.0,5.0,A01
201800050781,1.0,7,0,0.0,2.0,1.0,15.0,B01
201800050782,2.0,10,0,0.0,1.0,4.0,4.0,A01
201800050783,1.0,7,0,0.0,1.0,2.0,1.0,A01
201800050784,2.0,7,0,0.0,2.0,4.0,23.0,B01
201800050784,2.0,7,0,0.0,2.0,1.0,1.0,A01
201800050785,2.0,2,0,0.0,2.0,7.0,16.0,A01
201800050785,2.0,32,0,0.0,2.0,6.0,1.0,B01
201800050786,1.0,10,0,0.0,2.0,3.0,10.0,A01
201800050786,1.0,34,0,0.0,2.0,7.0,17.0,B01
201800050787,1.0,7,0,0.0,2.0,4.0,2.0,B01
201800050787,1.0,10,0,0.0,2.0,2.0,2.0,A01
201800050788,2.0,2,0,0.0,1.0,2.0,1.0,A01
201800050789,1.0,7,0,0.0,2.0,8.0,11.0,A01
201800050789,1.0,32,0,0.0,2.0,7.0,17.0,B01
201800050790,2.0,33,0,1.0,0.0,2.0,1.0,A01
201800050791,1.0,30,0,0.0,2.0,3.0,1.0,A01
201800050791,2.0,7,0,0.0,2.0,3.0,15.0,B01
201800050792,2.0,37,10,0.0,1.0,2.0,7.0,A01
201800050793,1.0,30,0,0.0,2.0,7.0,15.0,A01
201800050793,2.0,30,0,0.0,2.0,2.0,1.0,B01
201800050794,1.0,1,0,0.0,2.0,1.0,1.0,A01
201800050794,1.0,10,0,0.0,2.0,6.0,23.0,B01
201800050795,2.0,1,0,0.0,2.0,1.0,13.0,A01
201800050795,2.0,7,0,0.0,2.0,4.0,23.0,B01
201800050796,1.0,10,0,0.0,2.0,4.0,4.0,A01
201800050796,1.0,2,0,0.0,2.0,1.0,23.0,B01
201800050797,1.0,7,0,0.0,1.0,1.0,16.0,A01
201800050798,1.0,33,0,0.0,1.0,1.0,1.0,A01
201800050799,1.0,7,0,0.0,1.0,4.0,4.0,A01
201800050800,0.0,31,0,0.0,1.0,1.0,17.0,A01
201800050801,1.0,1,0,0.0,2.0,1.0,1.0,B01
201800050801,1.0,10,0,0.0,2.0,8.0,22.0,A01
201800050802,2.0,7,0,0.0,2.0,1.0,15.0,A01
201800050802,1.0,1,0,0.0,2.0,8.0,1.0,B01
201800050803,2.0,14,0,0.0,2.0,2.0,1.0,B01
201800050803,0.0,30,0,0.0,2.0,3.0,5.0,A01
201800050804,1.0,7,0,0.0,2.0,3.0,16.0,B01
201800050804,1.0,1,0,0.0,2.0,1.0,1.0,A01
201800050805,1.0,7,0,0.0,1.0,4.0,4.0,Z01
201800050806,0.0,32,0,0.0,0.0,1.0,21.0,A01
201800050807,1.0,7,0,0.0,1.0,1.0,1.0,A01
201800050808,1.0,7,0,0.0,2.0,1.0,2.0,A01
201800050808,1.0,33,0,0.0,2.0,4.0,23.0,B01
201800050809,2.0,7,0,0.0,2.0,3.0,16.0,A01
201800050809,2.0,10,0,0.0,2.0,2.0,16.0,B01
201800050810,2.0,30,0,0.0,1.0,1.0,1.0,A01
201800050811,2.0,30,0,0.0,2.0,1.0,1.0,A01
201800050811,2.0,1,0,0.0,2.0,6.0,15.0,B01
201800050812,2.0,30,0,0.0,2.0,3.0,17.0,A01
201800050812,2.0,7,0,0.0,2.0,8.0,15.0,B01
201800050813,2.0,30,0,0.0,2.0,1.0,5.0,Z01
201800050813,1.0,32,0,1.0,2.0,8.0,1.0,A01
201800050814,1.0,33,0,0.0,1.0,1.0,1.0,A01
201800050815,1.0,10,0,0.0,2.0,2.0,5.0,A01
201800050815,2.0,7,0,0.0,2.0,3.0,1.0,B01
201800050816,2.0,32,0,0.0,1.0,1.0,1.0,A01
201800050817,2.0,30,0,0.0,2.0,6.0,2.0,A01
201800050817,2.0,10,0,0.0,2.0,6.0,23.0,B01
201800050818,1.0,37,1,0.0,2.0,5.0,17.0,A01
201800050818,1.0,32,0,1.0,2.0,8.0,1.0,B01
201800050819,2.0,1,0,0.0,1.0,1.0,1.0,A01
201800050820,2.0,31,0,0.0,2.0,1.0,1.0,B01
201800050820,1.0,10,0,0.0,2.0,7.0,10.0,A01
201800050821,1.0,1,0,0.0,2.0,1.0,15.0,A01
201800050821,2.0,30,0,0.0,2.0,3.0,1.0,B01
201800050822,1.0,33,0,0.0,2.0,4.0,1.0,Z01
201800050822,1.0,32,0,0.0,2.0,4.0,13.0,A01
201800050823,1.0,7,0,0.0,1.0,0.0,1.0,Z01
201800050824,2.0,7,0,11.0,0.0,2.0,15.0,A01
201800050825,2.0,30,0,0.0,2.0,1.0,1.0,A01
201800050825,1.0,7,0,0.0,2.0,3.0,1.0,B01
201800050826,2.0,7,0,0.0,1.0,2.0,1.0,A01
201800050827,1.0,10,0,0.0,2.0,0.0,15.0,A01
201800050827,1.0,2,0,0.0,2.0,0.0,21.0,B01
201800050828,1.0,2,0,0.0,2.0,3.0,18.0,A01
201800050828,1.0,7,0,0.0,2.0,5.0,1.0,B01
201800050829,1.0,7,0,0.0,1.0,1.0,1.0,A01
201800050830,2.0,7,0,0.0,2.0,3.0,1.0,A01
201800050830,1.0,1,0,0.0,2.0,7.0,19.0,B01
201800050831,1.0,7,0,0.0,2.0,1.0,1.0,A01
201800050831,1.0,7,0,0.0,2.0,9.0,23.0,B01
201800050831,1.0,7,0,0.0,2.0,4.0,23.0,C01
201800050832,0.0,7,0,8.0,2.0,8.0,7.0,B01
201800050832,0.0,7,0,0.0,2.0,7.0,16.0,A01
201800050833,1.0,30,0,0.0,2.0,1.0,1.0,B01
201800050833,1.0,7,0,0.0,2.0,2.0,15.0,A01
201800050834,1.0,32,0,0.0,2.0,1.0,23.0,C01
201800050834,1.0,10,0,0.0,2.0,4.0,1.0,D01
201800050834,1.0,10,0,0.0,2.0,1.0,1.0,A01
201800050834,1.0,10,0,0.0,2.0,4.0,1.0,B01
201800050835,1.0,34,0,0.0,2.0,2.0,17.0,B01
201800050835,1.0,7,0,0.0,2.0,3.0,13.0,A01
201800050836,1.0,33,0,0.0,2.0,3.0,1.0,B01
201800050836,1.0,7,0,0.0,2.0,7.0,16.0,A01
201800050837,0.0,7,0,0.0,2.0,1.0,1.0,A01
201800050837,0.0,7,0,0.0,2.0,7.0,1.0,B01
201800050838,2.0,33,0,0.0,2.0,3.0,1.0,A01
201800050838,2.0,7,0,0.0,2.0,3.0,15.0,B01
201800050839,1.0,2,0,0.0,2.0,1.0,17.0,A01
201800050839,1.0,7,0,0.0,2.0,1.0,2.0,B01
201800050840,1.0,33,0,12.0,0.0,7.0,1.0,A01
201800050841,1.0,7,0,0.0,2.0,3.0,2.0,Z01
201800050841,1.0,32,0,0.0,2.0,4.0,23.0,A01
201800050841,1.0,7,0,0.0,2.0,6.0,23.0,B01
201800050842,1.0,7,0,0.0,1.0,3.0,15.0,A01
201800050843,2.0,37,0,0.0,2.0,2.0,7.0,A01
201800050843,2.0,7,0,0.0,2.0,5.0,16.0,B01
201800050844,1.0,7,0,0.0,1.0,1.0,1.0,A01
201800050845,1.0,1,0,0.0,2.0,5.0,19.0,B01
201800050845,1.0,7,0,0.0,2.0,2.0,1.0,A01
201800050846,2.0,33,0,0.0,1.0,1.0,1.0,A01
201800050847,2.0,10,0,0.0,2.0,3.0,11.0,A01
201800050847,2.0,7,0,0.0,2.0,2.0,1.0,B01
201800050848,1.0,33,0,0.0,2.0,3.0,17.0,B01
201800050848,1.0,7,0,0.0,2.0,5.0,13.0,A01
201800050849,1.0,7,0,0.0,2.0,1.0,2.0,A01
201800050849,1.0,2,0,0.0,2.0,4.0,23.0,B01
201800050850,2.0,3,0,0.0,0.0,3.0,15.0,A01
201800050851,2.0,7,0,0.0,2.0,2.0,16.0,B01
201800050851,2.0,1,0,0.0,2.0,3.0,7.0,A01
201800050852,1.0,33,0,0.0,2.0,3.0,1.0,A01
201800050852,1.0,7,0,0.0,2.0,3.0,15.0,B01
201800050853,2.0,2,0,0.0,2.0,4.0,15.0,B01
201800050853,2.0,31,0,0.0,2.0,1.0,1.0,A01
201800050854,1.0,38,0,0.0,2.0,3.0,2.0,B01
201800050854,1.0,7,0,0.0,2.0,4.0,15.0,A01
201800050855,1.0,2,0,0.0,2.0,1.0,2.0,A01
201800050855,1.0,10,0,0.0,2.0,4.0,2.0,B01
201800050856,1.0,33,0,0.0,1.0,1.0,1.0,A01
201800050857,2.0,37,0,0.0,2.0,6.0,23.0,B01
201800050857,2.0,3,0,0.0,2.0,2.0,14.0,A01
201800050858,2.0,7,0,0.0,2.0,5.0,16.0,A01
201800050858,2.0,30,0,0.0,2.0,3.0,1.0,B01
201800050859,0.0,31,0,0.0,2.0,1.0,1.0,B01
201800050859,0.0,7,0,0.0,2.0,7.0,1.0,A01
201800050860,2.0,34,0,0.0,1.0,1.0,18.0,A01
201800050861,2.0,1,0,0.0,2.0,1.0,1.0,B01
201800050861,1.0,1,0,0.0,2.0,1.0,13.0,A01
201800050862,1.0,10,0,0.0,1.0,8.0,15.0,A01
201800050863,1.0,7,0,0.0,2.0,1.0,1.0,A01
201800050863,2.0,7,0,0.0,2.0,6.0,1.0,B01
201800050864,1.0,2,0,0.0,2.0,2.0,1.0,B01
201800050864,1.0,7,0,0.0,2.0,8.0,16.0,A01
201800050865,1.0,2,0,0.0,2.0,1.0,7.0,B01
201800050865,1.0,7,0,0.0,2.0,2.0,16.0,A01
201800050866,0.0,14,0,0.0,2.0,6.0,23.0,A01
201800050866,1.0,7,0,0.0,2.0,2.0,1.0,Z01
201800050867,1.0,33,0,0.0,2.0,8.0,15.0,A01
201800050867,2.0,2,0,0.0,2.0,1.0,1.0,B01
201800050868,2.0,1,0,0.0,2.0,8.0,19.0,B01
201800050868,2.0,7,0,0.0,2.0,2.0,1.0,A01
201800050869,2.0,32,0,14.0,0.0,1.0,1.0,A01
201800050870,1.0,32,0,0.0,2.0,3.0,3.0,B01
201800050870,1.0,7,0,0.0,2.0,2.0,1.0,A01
201800050871,2.0,34,0,0.0,2.0,3.0,15.0,A01
201800050871,1.0,2,0,0.0,2.0,1.0,1.0,B01
201800050872,2.0,7,0,0.0,2.0,8.0,10.0,A01
201800050872,2.0,32,0,0.0,2.0,1.0,1.0,B01
201800050873,1.0,32,0,14.0,0.0,1.0,15.0,A01
201800050874,1.0,32,0,0.0,1.0,1.0,1.0,A01
201800050875,1.0,33,0,0.0,2.0,8.0,1.0,B01
201800050875,2.0,7,0,0.0,2.0,2.0,1.0,A01
201800050876,1.0,33,0,0.0,0.0,0.0,21.0,A01
201800050877,1.0,1,0,0.0,2.0,4.0,1.0,B01
201800050877,1.0,7,0,0.0,2.0,4.0,15.0,A01
201800050878,0.0,7,0,0.0,1.0,1.0,15.0,A01
201800050879,2.0,32,0,0.0,2.0,8.0,1.0,A01
201800050879,2.0,10,0,0.0,2.0,2.0,16.0,Z01
201800050880,1.0,7,0,0.0,2.0,3.0,13.0,A01
201800050880,1.0,7,0,0.0,2.0,2.0,1.0,B01
201800050881,1.0,7,0,0.0,1.0,3.0,15.0,A01
201800050882,2.0,31,0,0.0,2.0,2.0,1.0,B01
201800050882,1.0,2,0,0.0,2.0,1.0,1.0,A01
201800050883,2.0,7,0,0.0,1.0,3.0,15.0,A01
201800050884,2.0,7,0,0.0,2.0,0.0,23.0,B01
201800050884,2.0,7,0,0.0,2.0,1.0,1.0,A01
201800050885,1.0,7,0,0.0,2.0,3.0,1.0,A01
201800050885,1.0,1,0,0.0,2.0,7.0,19.0,B01
201800050886,2.0,7,0,0.0,2.0,8.0,11.0,A01
201800050886,2.0,2,0,0.0,2.0,2.0,1.0,B01
201800050887,1.0,7,0,0.0,2.0,8.0,1.0,B01
201800050887,1.0,7,0,0.0,2.0,1.0,1.0,A01
201800050888,1.0,7,0,0.0,1.0,1.0,1.0,B01
201800050889,1.0,7,0,0.0,2.0,3.0,15.0,B01
201800050889,2.0,31,0,0.0,2.0,9.0,5.0,A01
201800050890,2.0,7,0,0.0,1.0,5.0,1.0,A01
201800050891,1.0,32,0,0.0,2.0,1.0,5.0,A01
201800050891,2.0,10,0,0.0,2.0,8.0,1.0,B01
201800050892,1.0,1,0,0.0,2.0,2.0,1.0,B01
201800050892,1.0,14,0,0.0,2.0,3.0,22.0,A01
201800050893,1.0,10,0,0.0,2.0,5.0,18.0,A01
201800050893,1.0,1,0,0.0,2.0,3.0,1.0,B01
201800050894,1.0,1,0,0.0,2.0,6.0,15.0,B01
201800050894,1.0,32,0,0.0,2.0,6.0,17.0,A01
201800050895,1.0,2,0,0.0,2.0,7.0,16.0,A01
201800050895,1.0,7,0,0.0,2.0,1.0,1.0,B01
201800050896,1.0,7,0,0.0,2.0,8.0,13.0,B01
201800050896,1.0,32,0,0.0,2.0,7.0,17.0,A01
201800050897,1.0,2,0,0.0,2.0,1.0,1.0,A01
201800050897,1.0,33,0,0.0,2.0,8.0,1.0,B01
201800050898,1.0,10,0,0.0,1.0,3.0,1.0,A01
201800050899,1.0,10,0,0.0,0.0,1.0,13.0,A01
201800050900,1.0,7,0,4.0,2.0,3.0,1.0,B01
201800050900,1.0,7,0,0.0,2.0,1.0,7.0,A01
201800050901,1.0,7,0,0.0,2.0,3.0,15.0,A01
201800050901,2.0,1,0,0.0,2.0,1.0,1.0,B01
201800050902,2.0,7,0,0.0,1.0,1.0,15.0,A01
201800050903,2.0,7,0,0.0,2.0,3.0,10.0,A01
201800050903,2.0,2,0,0.0,2.0,1.0,1.0,B01
201800050904,1.0,32,0,11.0,0.0,1.0,14.0,A01
201800050905,1.0,7,0,0.0,2.0,5.0,23.0,B01
201800050905,1.0,7,0,0.0,2.0,3.0,2.0,A01
201800050906,2.0,7,0,0.0,2.0,6.0,1.0,B01
201800050906,2.0,32,0,0.0,2.0,7.0,14.0,A01
201800050907,1.0,7,0,0.0,2.0,1.0,1.0,A01
201800050907,1.0,33,0,0.0,2.0,8.0,1.0,B01
201800050908,1.0,30,0,0.0,1.0,1.0,1.0,Z01
201800050909,1.0,33,0,0.0,1.0,1.0,1.0,A01
201800050910,1.0,32,0,0.0,2.0,3.0,1.0,B01
201800050910,1.0,13,0,0.0,2.0,2.0,19.0,A01
201800050911,1.0,32,0,0.0,2.0,2.0,17.0,B01
201800050911,1.0,37,40,0.0,2.0,8.0,15.0,A01
201800050912,1.0,7,0,0.0,1.0,1.0,16.0,A01
201800050913,0.0,30,0,12.0,0.0,7.0,1.0,A01
201800050914,2.0,7,0,0.0,2.0,2.0,15.0,A01
201800050914,2.0,30,0,0.0,2.0,1.0,1.0,B01
201800050915,1.0,7,0,0.0,2.0,3.0,7.0,B01
201800050915,2.0,2,0,0.0,2.0,3.0,15.0,A01
201800050916,0.0,7,0,0.0,2.0,5.0,16.0,A01
201800050916,0.0,1,0,0.0,2.0,5.0,1.0,B01
201800050917,1.0,31,0,0.0,2.0,1.0,2.0,A01
201800050917,1.0,31,0,0.0,2.0,4.0,23.0,B01
201800050918,2.0,7,0,0.0,2.0,2.0,15.0,A01
201800050918,2.0,32,0,0.0,2.0,6.0,1.0,B01
201800050919,1.0,7,0,0.0,2.0,3.0,22.0,B01
201800050919,1.0,30,0,0.0,2.0,2.0,18.0,A01
201800050920,1.0,32,0,8.0,0.0,8.0,1.0,A01
201800050921,1.0,32,0,0.0,2.0,1.0,1.0,B01
201800050921,2.0,7,0,0.0,2.0,2.0,15.0,A01
201800050922,0.0,32,0,0.0,2.0,8.0,1.0,A01
201800050922,0.0,7,0,0.0,2.0,0.0,8.0,Z01
201800050923,1.0,1,0,0.0,2.0,4.0,1.0,B01
201800050923,1.0,10,0,0.0,2.0,1.0,1.0,A01
201800050924,1.0,30,0,0.0,0.0,0.0,1.0,A01
201800050925,2.0,7,0,0.0,2.0,8.0,15.0,A01
201800050925,1.0,1,0,0.0,2.0,8.0,1.0,B01
201800050926,1.0,32,0,0.0,2.0,2.0,1.0,A01
201800050926,2.0,7,0,0.0,2.0,8.0,15.0,B01
201800050927,1.0,33,0,0.0,1.0,1.0,1.0,Z01
201800050928,2.0,7,0,0.0,2.0,2.0,2.0,A01
201800050928,2.0,32,0,0.0,2.0,4.0,2.0,B01
201800050929,2.0,7,0,7.0,0.0,1.0,10.0,A01
201800050930,1.0,7,0,0.0,2.0,3.0,11.0,A01
201800050930,1.0,30,0,0.0,2.0,0.0,1.0,B01
201800050931,1.0,32,0,0.0,2.0,1.0,1.0,B01
201800050931,1.0,1,0,0.0,2.0,8.0,7.0,A01
201800050932,1.0,33,0,0.0,1.0,1.0,1.0,A01
201800050933,1.0,33,0,0.0,2.0,6.0,3.0,B01
201800050933,1.0,7,0,0.0,2.0,2.0,1.0,A01
201800050934,1.0,30,0,0.0,2.0,4.0,23.0,B01
201800050934,1.0,7,0,0.0,2.0,3.0,2.0,A01
201800050935,2.0,7,0,0.0,2.0,4.0,23.0,B01
201800050935,2.0,7,0,0.0,2.0,1.0,2.0,A01
201800050936,2.0,1,0,0.0,2.0,6.0,1.0,A01
201800050936,2.0,34,0,0.0,2.0,3.0,13.0,B01
201800050937,1.0,7,0,14.0,0.0,9.0,16.0,A01
201800050937,1.0,32,0,0.0,2.0,1.0,1.0,B01
201800050938,1.0,7,0,1.0,2.0,3.0,13.0,A01
201800050938,2.0,7,0,0.0,2.0,1.0,1.0,B01
201800050939,1.0,1,0,0.0,2.0,8.0,1.0,B01
201800050939,1.0,10,0,0.0,2.0,1.0,16.0,A01
201800050940,1.0,7,0,0.0,2.0,2.0,17.0,A01
201800050940,1.0,1,0,0.0,2.0,3.0,1.0,B01
201800050941,1.0,32,0,0.0,2.0,7.0,1.0,B01
201800050941,1.0,7,0,0.0,2.0,3.0,9.0,A01
201800050942,1.0,32,0,0.0,2.0,7.0,1.0,A01
201800050942,1.0,7,0,0.0,2.0,5.0,22.0,B01
201800050943,2.0,7,0,0.0,2.0,8.0,1.0,A01
201800050943,2.0,32,0,0.0,2.0,1.0,15.0,B01
201800050944,2.0,32,0,0.0,2.0,6.0,15.0,B01
201800050944,2.0,7,0,0.0,2.0,1.0,15.0,A01
201800050945,0.0,7,0,0.0,2.0,4.0,23.0,B01
201800050945,0.0,7,0,0.0,2.0,4.0,23.0,C01
201800050945,0.0,7,0,0.0,2.0,1.0,2.0,A01
201800050946,2.0,34,0,0.0,2.0,4.0,2.0,B01
201800050946,2.0,10,0,0.0,2.0,4.0,2.0,A01
201800050946,2.0,7,0,0.0,2.0,1.0,2.0,Z01
201800050947,0.0,99,0,0.0,2.0,1.0,19.0,B01
201800050947,1.0,10,0,0.0,2.0,7.0,15.0,A01
201800050948,2.0,7,0,0.0,2.0,3.0,2.0,C01
201800050948,2.0,7,0,0.0,2.0,3.0,2.0,B01
201800050948,1.0,7,0,0.0,2.0,3.0,13.0,A01
201800050949,1.0,10,0,0.0,1.0,8.0,15.0,A01
201800050950,1.0,33,0,0.0,5.0,1.0,21.0,A01