Num_Acc,senc,catv,occutc,obs,obsm,choc,manv,num_veh
201800050951,1.0,99,0,0.0,2.0,1.0,5.0,A01
201800050951,1.0,7,0,0.0,2.0,3.0,1.0,B01
201800050952,2.0,31,0,0.0,2.0,1.0,1.0,A01
201800050952,2.0,7,0,0.0,2.0,8.0,15.0,B01
201800050953,1.0,37,20,0.0,2.0,2.0,1.0,A01
201800050953,1.0,1,0,0.0,2.0,6.0,13.0,B01
201800050954,1.0,30,0,0.0,1.0,1.0,17.0,A01
201800050955,0.0,31,0,0.0,1.0,2.0,17.0,A01
201800050956,1.0,37,1,0.0,2.0,1.0,7.0,B01
201800050956,1.0,7,0,0.0,2.0,5.0,16.0,A01
201800050957,2.0,34,0,8.0,0.0,1.0,1.0,A01
201800050958,1.0,1,0,0.0,2.0,2.0,2.0,A01
201800050958,2.0,7,0,0.0,2.0,2.0,23.0,B01
201800050959,2.0,7,0,0.0,1.0,4.0,4.0,A01
201800050960,1.0,32,0,0.0,2.0,1.0,1.0,B01
201800050960,1.0,7,0,0.0,2.0,3.0,22.0,A01
201800050960,1.0,7,0,0.0,2.0,2.0,23.0,C01
201800050961,2.0,10,0,0.0,1.0,3.0,1.0,A01
201800050962,2.0,32,0,0.0,0.0,7.0,1.0,A01
201800050963,1.0,7,0,0.0,1.0,2.0,1.0,A01
201800050964,1.0,33,0,1.0,2.0,3.0,1.0,A01
201800050964,1.0,7,0,1.0,2.0,3.0,16.0,B01
201800050965,2.0,7,0,0.0,1.0,2.0,1.0,A01
201800050966,2.0,30,0,0.0,2.0,8.0,7.0,A01
201800050966,2.0,7,0,0.0,2.0,2.0,16.0,B01
201800050967,1.0,2,0,0.0,2.0,1.0,1.0,B01
201800050967,1.0,7,0,0.0,2.0,2.0,16.0,A01
201800050968,1.0,33,0,11.0,1.0,9.0,1.0,B01
201800050968,1.0,7,0,0.0,2.0,3.0,15.0,A01
201800050969,1.0,7,0,0.0,1.0,2.0,15.0,A01
201800050970,1.0,7,0,0.0,1.0,3.0,1.0,A01
201800050971,0.0,7,0,0.0,2.0,1.0,1.0,B01
201800050971,1.0,1,0,0.0,2.0,3.0,13.0,A01
201800050972,2.0,33,0,0.0,2.0,1.0,1.0,B01
201800050972,1.0,7,0,0.0,2.0,2.0,10.0,A01
201800050973,1.0,7,0,0.0,2.0,8.0,15.0,B01
201800050973,1.0,34,0,0.0,2.0,1.0,17.0,A01
201800050974,2.0,2,0,0.0,2.0,2.0,1.0,A01
201800050974,2.0,7,0,0.0,2.0,1.0,15.0,B01
201800050975,1.0,33,0,0.0,2.0,3.0,1.0,B01
201800050975,1.0,7,0,0.0,2.0,2.0,16.0,A01
201800050976,1.0,7,0,0.0,1.0,1.0,15.0,A01
201800050977,1.0,33,0,0.0,2.0,7.0,1.0,B01
201800050977,2.0,7,0,0.0,2.0,3.0,15.0,A01
201800050978,1.0,7,0,0.0,2.0,8.0,1.0,A01
201800050978,1.0,7,0,0.0,2.0,1.0,1.0,B01
201800050979,1.0,34,0,0.0,2.0,7.0,17.0,A01
201800050979,1.0,7,0,0.0,2.0,3.0,15.0,B01
201800050980,2.0,7,0,0.0,2.0,7.0,15.0,A01
201800050980,2.0,30,0,0.0,2.0,7.0,17.0,B01
201800050981,1.0,7,0,0.0,1.0,3.0,1.0,A01
201800050982,1.0,7,0,0.0,2.0,6.0,1.0,A01
201800050982,1.0,37,0,0.0,2.0,2.0,16.0,C01
201800050982,1.0,7,0,0.0,2.0,2.0,16.0,B01
201800050983,1.0,30,0,0.0,0.0,0.0,1.0,A01
201800050984,2.0,31,0,0.0,2.0,7.0,1.0,B01
201800050984,2.0,10,0,0.0,9.0,8.0,15.0,A01
201800050985,1.0,10,0,0.0,2.0,2.0,16.0,A01
201800050985,1.0,31,0,0.0,2.0,7.0,1.0,B01
201800050986,1.0,33,0,0.0,1.0,1.0,1.0,Z01
201800050987,2.0,7,0,0.0,1.0,0.0,1.0,A01
201800050988,1.0,30,0,0.0,0.0,8.0,1.0,A01
201800050989,2.0,7,0,0.0,2.0,7.0,16.0,A01
201800050989,2.0,32,0,0.0,2.0,8.0,18.0,B01
201800050990,1.0,34,0,0.0,1.0,2.0,1.0,A01
201800050991,1.0,7,0,0.0,1.0,1.0,1.0,Z01
201800050992,2.0,7,0,0.0,2.0,2.0,10.0,A01
201800050992,1.0,34,0,0.0,2.0,1.0,1.0,B01
201800050993,1.0,7,0,14.0,0.0,1.0,1.0,A01
201800050994,2.0,32,0,0.0,2.0,1.0,1.0,A01
201800050994,1.0,7,0,0.0,2.0,3.0,1.0,B01
201800050995,1.0,7,0,0.0,2.0,7.0,15.0,B01
201800050995,2.0,31,0,0.0,2.0,1.0,1.0,A01
201800050996,1.0,7,0,0.0,1.0,3.0,15.0,A01
201800050997,2.0,7,0,0.0,2.0,2.0,10.0,A01
201800050997,1.0,2,0,0.0,2.0,1.0,1.0,B01
201800050998,2.0,7,0,0.0,2.0,7.0,1.0,B01
201800050998,2.0,30,0,0.0,2.0,1.0,1.0,A01
201800050999,1.0,33,0,0.0,0.0,7.0,21.0,A01
201800051000,2.0,2,0,0.0,2.0,2.0,1.0,A01
201800051000,0.0,7,0,0.0,2.0,1.0,1.0,B01
201800051001,2.0,32,0,0.0,2.0,4.0,1.0,B01
201800051001,2.0,32,0,0.0,2.0,1.0,1.0,A01
201800051002,2.0,33,0,0.0,2.0,1.0,7.0,B01
201800051002,1.0,7,0,0.0,2.0,2.0,15.0,A01
201800051003,2.0,7,0,0.0,2.0,6.0,1.0,A01
201800051003,2.0,7,0,0.0,2.0,0.0,14.0,Z01
201800051004,2.0,2,0,0.0,2.0,1.0,1.0,A01
201800051004,2.0,7,0,0.0,2.0,1.0,9.0,Z01
201800051005,1.0,7,0,0.0,1.0,2.0,1.0,A01
201800051006,2.0,7,0,0.0,2.0,2.0,1.0,A01
201800051006,2.0,7,0,0.0,2.0,6.0,23.0,B01
201800051007,2.0,7,0,0.0,2.0,5.0,4.0,A01
201800051007,1.0,31,0,0.0,2.0,7.0,1.0,B01
201800051008,1.0,7,0,0.0,1.0,3.0,15.0,A01
201800051009,2.0,33,0,0.0,2.0,3.0,1.0,B01
201800051009,1.0,7,0,0.0,2.0,1.0,10.0,A01
201800051010,2.0,37,0,0.0,1.0,1.0,7.0,A01
201800051011,2.0,7,0,0.0,2.0,5.0,16.0,B01
201800051011,2.0,34,0,0.0,2.0,1.0,12.0,A01
201800051012,2.0,10,0,0.0,2.0,2.0,12.0,A01
201800051012,1.0,2,0,0.0,2.0,8.0,18.0,B01
201800051013,1.0,7,0,0.0,2.0,3.0,13.0,A01
201800051013,1.0,31,0,0.0,2.0,2.0,1.0,B01
201800051014,1.0,34,0,0.0,2.0,7.0,1.0,A01
201800051014,1.0,7,0,0.0,2.0,3.0,1.0,B01
201800051015,2.0,7,0,0.0,2.0,3.0,13.0,A01
201800051015,2.0,31,0,0.0,2.0,9.0,17.0,B01
201800051016,1.0,7,0,0.0,2.0,1.0,15.0,A01
201800051016,2.0,33,0,0.0,2.0,1.0,1.0,B01
201800051017,1.0,7,0,0.0,2.0,5.0,22.0,A01
201800051017,1.0,1,0,0.0,2.0,1.0,18.0,B01
201800051018,1.0,7,0,0.0,2.0,1.0,2.0,A01
201800051018,1.0,7,0,0.0,2.0,6.0,23.0,B01
201800051019,1.0,7,0,0.0,1.0,1.0,15.0,A01
201800051020,2.0,7,0,0.0,2.0,3.0,10.0,A01
201800051020,2.0,34,0,0.0,2.0,2.0,5.0,B01
201800051021,1.0,7,0,0.0,2.0,5.0,23.0,C01
201800051021,1.0,34,0,0.0,2.0,4.0,23.0,B01
201800051021,0.0,10,0,0.0,2.0,4.0,1.0,A01
201800051022,2.0,7,0,0.0,2.0,2.0,1.0,A01
201800051022,1.0,2,0,0.0,2.0,1.0,1.0,B01
201800051023,1.0,7,0,0.0,2.0,7.0,16.0,A01
201800051023,1.0,32,0,0.0,2.0,8.0,18.0,B01
201800051024,1.0,7,0,0.0,2.0,7.0,1.0,B01
201800051024,1.0,33,0,0.0,2.0,3.0,1.0,A01
201800051025,2.0,7,0,0.0,2.0,3.0,2.0,A01
201800051025,2.0,33,0,0.0,2.0,4.0,2.0,B01
201800051026,1.0,7,0,1.0,0.0,8.0,13.0,A01
201800051027,2.0,10,0,0.0,1.0,7.0,1.0,A01
201800051028,2.0,7,0,0.0,2.0,4.0,23.0,C01
201800051028,2.0,7,0,0.0,2.0,1.0,2.0,A01
201800051028,2.0,7,0,0.0,2.0,4.0,23.0,B01
201800051029,2.0,7,0,0.0,2.0,4.0,23.0,B01
201800051029,2.0,33,0,0.0,2.0,4.0,2.0,A01
201800051030,1.0,10,0,0.0,2.0,1.0,1.0,A01
201800051030,2.0,7,0,0.0,2.0,8.0,1.0,B01
201800051031,1.0,7,0,0.0,2.0,2.0,1.0,A01
201800051031,1.0,32,0,0.0,2.0,3.0,1.0,B01
201800051032,1.0,7,0,0.0,1.0,1.0,15.0,A01
201800051033,1.0,7,0,0.0,2.0,3.0,9.0,A01
201800051033,1.0,2,0,0.0,2.0,1.0,21.0,B01
201800051034,2.0,10,0,0.0,2.0,2.0,1.0,A01
201800051034,2.0,34,0,0.0,2.0,6.0,15.0,B01
201800051035,2.0,7,0,0.0,2.0,1.0,1.0,A01
201800051035,2.0,32,0,0.0,2.0,4.0,23.0,B01
201800051036,2.0,7,0,0.0,2.0,6.0,15.0,B01
201800051036,1.0,33,0,0.0,2.0,1.0,1.0,A01
201800051037,2.0,31,0,0.0,2.0,0.0,1.0,B01
201800051037,1.0,7,0,0.0,2.0,0.0,9.0,A01
201800051038,1.0,33,0,0.0,2.0,4.0,23.0,B01
201800051038,1.0,7,0,0.0,2.0,3.0,1.0,A01
201800051039,2.0,7,0,0.0,1.0,1.0,1.0,A01
201800051040,2.0,7,0,1.0,2.0,9.0,1.0,A01
201800051040,2.0,7,0,0.0,2.0,1.0,1.0,B01
201800051041,2.0,7,0,0.0,2.0,7.0,1.0,A01
201800051041,2.0,10,0,0.0,2.0,6.0,1.0,C01
201800051041,1.0,7,0,0.0,2.0,2.0,1.0,B01
201800051042,1.0,7,0,0.0,0.0,5.0,22.0,A01
201800051042,1.0,2,0,1.0,0.0,3.0,18.0,B01
201800051043,2.0,33,0,0.0,2.0,4.0,23.0,B01
201800051043,2.0,7,0,0.0,2.0,3.0,7.0,A01
201800051044,1.0,10,0,0.0,2.0,2.0,22.0,A01
201800051044,1.0,31,0,14.0,2.0,3.0,18.0,B01
201800051045,2.0,34,0,0.0,2.0,1.0,1.0,B01
201800051045,2.0,7,0,0.0,2.0,3.0,13.0,A01
201800051046,1.0,31,0,0.0,1.0,2.0,1.0,A01
201800051047,1.0,7,0,0.0,2.0,1.0,1.0,A01
201800051047,1.0,7,0,0.0,2.0,9.0,1.0,B01
201800051047,1.0,7,0,0.0,2.0,4.0,23.0,C01
201800051048,2.0,7,0,0.0,1.0,1.0,1.0,A01
201800051049,1.0,30,0,0.0,2.0,7.0,17.0,B01
201800051049,1.0,7,0,0.0,2.0,8.0,13.0,A01
201800051050,2.0,10,0,0.0,1.0,2.0,1.0,A01
201800051051,2.0,7,0,0.0,1.0,6.0,15.0,A01
201800051052,1.0,7,0,0.0,1.0,1.0,1.0,A01
201800051052,1.0,7,0,0.0,2.0,2.0,22.0,B01
201800051053,2.0,33,0,0.0,2.0,8.0,17.0,B01
201800051053,1.0,7,0,0.0,2.0,8.0,10.0,A01
201800051054,1.0,10,0,0.0,2.0,3.0,13.0,A01
201800051054,1.0,32,0,0.0,2.0,7.0,1.0,B01
201800051055,1.0,30,0,0.0,2.0,1.0,1.0,B01
201800051055,1.0,7,0,0.0,2.0,2.0,1.0,A01
201800051056,2.0,1,0,0.0,2.0,1.0,1.0,A01
201800051056,2.0,7,0,0.0,2.0,4.0,23.0,B01
201800051057,1.0,7,0,0.0,2.0,8.0,1.0,B01
201800051057,2.0,31,0,0.0,2.0,1.0,1.0,A01
201800051058,1.0,33,0,0.0,1.0,3.0,1.0,A01
201800051059,1.0,13,0,0.0,2.0,3.0,10.0,A01
201800051059,1.0,7,0,0.0,2.0,7.0,15.0,B01
201800051060,1.0,33,0,0.0,2.0,2.0,1.0,B01
201800051060,2.0,32,0,0.0,2.0,1.0,1.0,A01
201800051061,1.0,2,0,0.0,1.0,1.0,7.0,Z01
201800051062,1.0,7,0,0.0,2.0,4.0,23.0,B01
201800051062,1.0,7,0,0.0,2.0,1.0,19.0,A01
201800051063,1.0,7,0,0.0,2.0,6.0,23.0,B01
201800051063,1.0,1,0,1.0,2.0,1.0,1.0,A01
201800051064,2.0,7,0,0.0,2.0,5.0,23.0,B01
201800051064,2.0,32,0,0.0,2.0,1.0,19.0,A01
201800051065,2.0,7,0,0.0,2.0,8.0,15.0,B01
201800051065,2.0,33,0,0.0,2.0,2.0,17.0,A01
201800051066,1.0,7,0,0.0,2.0,2.0,1.0,A01
201800051066,1.0,33,0,0.0,2.0,4.0,23.0,B01
201800051067,0.0,34,0,0.0,2.0,8.0,9.0,B01
201800051067,0.0,7,0,0.0,2.0,2.0,15.0,A01
201800051068,1.0,32,0,0.0,2.0,1.0,1.0,A01
201800051068,1.0,33,0,0.0,2.0,4.0,23.0,B01
201800051069,2.0,2,0,0.0,2.0,7.0,15.0,A01
201800051069,1.0,1,0,0.0,2.0,8.0,1.0,B01
201800051070,1.0,7,0,0.0,2.0,2.0,1.0,A01
201800051070,1.0,10,0,0.0,2.0,1.0,1.0,B01
201800051071,1.0,7,0,0.0,2.0,1.0,1.0,A01
201800051071,1.0,7,0,0.0,2.0,4.0,23.0,B01
201800051072,1.0,10,0,0.0,0.0,3.0,15.0,A01
201800051073,1.0,7,0,0.0,2.0,7.0,20.0,B01
201800051073,1.0,1,0,0.0,2.0,1.0,18.0,A01
201800051074,1.0,30,0,0.0,2.0,8.0,13.0,A01
201800051074,1.0,7,0,0.0,2.0,2.0,1.0,B01
201800051075,2.0,34,0,0.0,0.0,0.0,1.0,A01
201800051076,2.0,2,0,0.0,2.0,1.0,17.0,B01
201800051076,1.0,7,0,0.0,2.0,0.0,17.0,A01
201800051077,1.0,7,0,0.0,2.0,2.0,1.0,A01
201800051077,1.0,7,0,0.0,2.0,3.0,1.0,C01
201800051077,1.0,33,0,0.0,2.0,8.0,1.0,B01
201800051078,2.0,33,0,0.0,2.0,8.0,1.0,B01
201800051078,2.0,7,0,0.0,2.0,2.0,16.0,A01
201800051079,1.0,33,0,0.0,2.0,2.0,1.0,B01
201800051079,1.0,7,0,0.0,2.0,3.0,15.0,A01
201800051080,1.0,7,0,0.0,1.0,7.0,1.0,A01
201800051081,1.0,7,0,0.0,2.0,5.0,1.0,A01
201800051081,2.0,7,0,0.0,2.0,2.0,1.0,Z01
201800051082,1.0,1,0,0.0,2.0,2.0,12.0,A01
201800051082,1.0,7,0,0.0,2.0,3.0,1.0,B01
201800051083,2.0,33,0,0.0,2.0,2.0,1.0,A01
201800051083,1.0,7,0,0.0,2.0,0.0,1.0,Z01
201800051084,2.0,7,0,0.0,2.0,5.0,1.0,A01
201800051084,1.0,7,0,0.0,2.0,2.0,1.0,B01
201800051085,1.0,7,0,0.0,1.0,2.0,1.0,A01
201800051086,2.0,7,0,0.0,2.0,3.0,9.0,B01
201800051086,1.0,30,0,0.0,2.0,7.0,1.0,A01
201800051087,1.0,1,0,0.0,2.0,4.0,1.0,B01
201800051087,1.0,38,0,0.0,2.0,7.0,12.0,A01
201800051088,1.0,7,0,0.0,1.0,3.0,1.0,A01
201800051089,1.0,34,0,0.0,2.0,8.0,1.0,B01
201800051089,1.0,7,0,0.0,2.0,7.0,1.0,A01
201800051090,1.0,7,0,0.0,2.0,1.0,1.0,A01
201800051090,1.0,7,0,0.0,2.0,0.0,1.0,Z01
201800051091,1.0,31,0,0.0,2.0,7.0,18.0,B01
201800051091,1.0,7,0,0.0,2.0,3.0,15.0,A01
201800051092,1.0,7,0,0.0,2.0,2.0,16.0,A01
201800051092,1.0,33,0,0.0,2.0,8.0,1.0,B01
201800051093,1.0,1,0,0.0,2.0,8.0,1.0,B01
201800051093,1.0,33,0,0.0,2.0,7.0,14.0,A01
201800051094,1.0,33,0,0.0,2.0,1.0,1.0,A01
201800051094,1.0,7,0,0.0,2.0,8.0,1.0,B01
201800051095,1.0,7,0,3.0,2.0,5.0,12.0,A01
201800051095,1.0,32,0,3.0,2.0,1.0,1.0,B01
201800051096,1.0,7,0,0.0,2.0,8.0,22.0,A01
201800051096,1.0,1,0,0.0,2.0,1.0,1.0,B01
201800051097,2.0,2,0,6.0,0.0,1.0,1.0,A01
201800051098,1.0,7,0,0.0,2.0,3.0,15.0,A01
201800051098,1.0,33,0,0.0,2.0,7.0,17.0,B01
201800051099,1.0,7,0,0.0,2.0,2.0,16.0,A01
201800051099,1.0,30,0,0.0,2.0,8.0,1.0,B01
201800051100,1.0,7,0,0.0,2.0,5.0,15.0,B01
201800051100,1.0,7,0,0.0,2.0,3.0,2.0,A01
201800051101,0.0,7,0,0.0,2.0,1.0,16.0,B01
201800051101,0.0,7,0,0.0,2.0,7.0,1.0,A01
201800051102,1.0,33,0,0.0,2.0,2.0,17.0,B01
201800051102,1.0,7,0,0.0,2.0,3.0,15.0,A01
201800051103,1.0,7,0,0.0,2.0,3.0,15.0,A01
201800051103,1.0,33,0,0.0,2.0,7.0,1.0,B01
201800051104,1.0,34,0,0.0,1.0,1.0,1.0,Z01
201800051105,2.0,37,0,0.0,1.0,2.0,1.0,A01
201800051106,1.0,7,0,0.0,1.0,6.0,21.0,A01
201800051107,1.0,32,0,0.0,1.0,1.0,1.0,A01
201800051108,2.0,7,0,0.0,1.0,3.0,1.0,A01
201800051109,1.0,7,0,0.0,2.0,2.0,10.0,A01
201800051109,2.0,33,0,0.0,2.0,1.0,1.0,B01
201800051110,2.0,7,0,0.0,1.0,1.0,1.0,A01
201800051111,1.0,7,0,0.0,2.0,1.0,1.0,A01
201800051111,1.0,33,0,0.0,2.0,8.0,9.0,B01
201800051112,2.0,7,0,0.0,1.0,2.0,1.0,A01
201800051113,1.0,7,0,0.0,2.0,1.0,2.0,A01
201800051113,1.0,33,0,0.0,2.0,4.0,23.0,B01
201800051114,0.0,32,0,0.0,2.0,1.0,1.0,A01
201800051114,0.0,7,0,0.0,2.0,6.0,12.0,Z01
201800051115,1.0,2,0,14.0,2.0,1.0,1.0,A01
201800051115,1.0,7,0,0.0,2.0,4.0,1.0,B01
201800051116,2.0,7,0,0.0,1.0,1.0,15.0,A01
201800051117,1.0,7,0,0.0,2.0,2.0,9.0,A01
201800051117,1.0,31,0,0.0,2.0,8.0,1.0,B01
201800051118,1.0,2,0,0.0,2.0,2.0,1.0,A01
201800051118,1.0,7,0,0.0,2.0,3.0,1.0,B01
201800051119,1.0,2,0,8.0,0.0,1.0,13.0,A01
201800051120,2.0,7,0,0.0,2.0,1.0,1.0,A01
201800051120,2.0,7,0,0.0,2.0,5.0,23.0,B01
201800051121,2.0,7,0,0.0,2.0,1.0,1.0,B01
201800051121,2.0,34,0,0.0,2.0,7.0,1.0,A01
201800051122,1.0,38,0,0.0,1.0,5.0,1.0,A01
201800051123,1.0,7,0,0.0,1.0,2.0,1.0,A01
201800051124,1.0,32,0,0.0,1.0,1.0,16.0,A01
201800051125,1.0,34,0,0.0,2.0,2.0,1.0,C01
201800051125,1.0,7,0,0.0,2.0,1.0,1.0,B01
201800051125,1.0,7,0,0.0,2.0,1.0,1.0,A01
201800051125,1.0,32,0,0.0,2.0,7.0,1.0,D01
201800051126,1.0,31,0,0.0,2.0,1.0,1.0,A01
201800051126,1.0,7,0,0.0,2.0,2.0,15.0,B01
201800051127,2.0,7,0,0.0,2.0,4.0,1.0,C01
201800051127,2.0,7,0,0.0,2.0,1.0,1.0,A01
201800051127,2.0,7,0,0.0,2.0,4.0,1.0,B01
201800051128,1.0,7,0,0.0,2.0,1.0,2.0,A01
201800051128,1.0,7,0,0.0,2.0,4.0,23.0,B01
201800051129,2.0,7,0,0.0,2.0,2.0,15.0,A01
201800051129,1.0,2,0,0.0,2.0,3.0,1.0,B01
201800051130,1.0,7,0,0.0,2.0,7.0,1.0,Z01
201800051130,1.0,30,0,0.0,2.0,3.0,1.0,A01
201800051131,2.0,2,0,0.0,1.0,1.0,1.0,A01
201800051132,2.0,7,0,0.0,2.0,2.0,16.0,A01
201800051132,2.0,1,0,0.0,2.0,8.0,1.0,B01
201800051133,2.0,10,0,0.0,1.0,1.0,15.0,A01
201800051134,2.0,14,0,1.0,2.0,6.0,1.0,B01
201800051134,2.0,7,0,0.0,2.0,7.0,22.0,A01
201800051135,2.0,1,0,0.0,2.0,1.0,1.0,A01
201800051135,2.0,10,0,0.0,2.0,4.0,23.0,B01
201800051136,1.0,10,0,0.0,1.0,4.0,4.0,A01
201800051137,1.0,7,0,0.0,1.0,0.0,1.0,Z01
201800051138,2.0,7,0,0.0,2.0,1.0,1.0,A01
201800051138,2.0,10,0,0.0,2.0,4.0,1.0,B01
201800051139,2.0,34,0,0.0,2.0,7.0,1.0,B01
201800051139,1.0,7,0,0.0,2.0,3.0,15.0,A01
201800051140,2.0,34,0,0.0,2.0,1.0,1.0,A01
201800051140,2.0,7,0,0.0,2.0,4.0,23.0,B01
201800051141,2.0,34,0,0.0,2.0,1.0,2.0,A01
201800051141,2.0,1,0,0.0,2.0,4.0,2.0,B01
201800051142,1.0,7,0,0.0,2.0,4.0,1.0,B01
201800051142,1.0,32,0,0.0,2.0,1.0,1.0,A01
201800051143,1.0,7,0,0.0,2.0,3.0,15.0,B01
201800051143,1.0,33,0,0.0,2.0,2.0,17.0,A01
201800051144,1.0,34,0,0.0,2.0,1.0,1.0,A01
201800051144,1.0,7,0,0.0,2.0,4.0,23.0,B01
201800051145,1.0,7,0,0.0,2.0,3.0,15.0,A01
201800051145,1.0,32,0,0.0,2.0,5.0,17.0,B01
201800051146,1.0,33,0,0.0,1.0,1.0,10.0,A01
201800051147,2.0,7,0,0.0,1.0,1.0,8.0,A01
201800051148,1.0,34,0,0.0,2.0,1.0,1.0,A01
201800051148,1.0,7,0,0.0,2.0,4.0,23.0,B01
201800051149,1.0,32,0,0.0,2.0,7.0,1.0,B01
201800051149,2.0,10,0,0.0,2.0,1.0,15.0,A01
201800051150,1.0,2,0,0.0,1.0,1.0,1.0,A01
201800051151,2.0,1,0,0.0,2.0,6.0,7.0,B01
201800051151,2.0,7,0,0.0,2.0,2.0,7.0,A01
201800051152,2.0,30,0,0.0,2.0,3.0,1.0,B01
201800051152,2.0,30,0,0.0,2.0,1.0,16.0,A01
201800051153,1.0,7,0,0.0,2.0,1.0,2.0,A01
201800051153,1.0,7,0,0.0,2.0,4.0,23.0,B01
201800051154,1.0,7,0,0.0,2.0,2.0,15.0,A01
201800051154,1.0,33,0,0.0,2.0,3.0,1.0,B01
201800051155,1.0,33,0,0.0,2.0,1.0,1.0,A01
201800051155,1.0,7,0,0.0,2.0,8.0,1.0,B01
201800051156,2.0,7,0,0.0,2.0,1.0,15.0,A01
201800051156,1.0,7,0,0.0,2.0,3.0,1.0,B01
201800051157,2.0,7,0,0.0,1.0,6.0,4.0,Z01
201800051158,2.0,34,0,0.0,2.0,8.0,1.0,B01
201800051158,2.0,14,0,0.0,2.0,5.0,2.0,A01
201800051159,1.0,37,2,0.0,0.0,0.0,7.0,A01
201800051160,2.0,33,0,0.0,2.0,4.0,23.0,B01
201800051160,2.0,10,0,0.0,2.0,1.0,2.0,A01
201800051161,1.0,7,0,0.0,2.0,5.0,2.0,A01
201800051161,1.0,14,0,0.0,2.0,5.0,21.0,B01
201800051162,0.0,7,0,0.0,2.0,2.0,15.0,A01
201800051162,0.0,10,0,0.0,2.0,1.0,1.0,B01
201800051163,1.0,7,0,0.0,2.0,3.0,1.0,A01
201800051163,1.0,32,0,0.0,2.0,1.0,1.0,B01
201800051164,1.0,34,0,0.0,2.0,4.0,1.0,A01
201800051164,1.0,7,0,0.0,2.0,4.0,1.0,B01
201800051165,2.0,7,0,0.0,1.0,1.0,1.0,Z01
201800051166,2.0,7,0,0.0,2.0,3.0,15.0,A01
201800051166,1.0,32,0,0.0,2.0,3.0,1.0,B01
201800051167,2.0,2,0,0.0,2.0,7.0,15.0,B01
201800051167,2.0,7,0,0.0,2.0,8.0,15.0,A01
201800051168,0.0,30,0,0.0,2.0,1.0,1.0,B01
201800051168,0.0,7,0,0.0,2.0,3.0,1.0,A01
201800051169,1.0,7,0,1.0,0.0,1.0,13.0,A01
201800051170,0.0,99,0,0.0,2.0,1.0,19.0,A01
201800051170,2.0,7,0,0.0,2.0,3.0,7.0,B01
201800051171,1.0,7,0,0.0,2.0,8.0,15.0,A01
201800051171,1.0,30,0,0.0,2.0,7.0,17.0,B01
201800051172,1.0,7,0,0.0,2.0,1.0,16.0,B01
201800051172,1.0,7,0,0.0,2.0,6.0,11.0,A01
201800051173,1.0,10,0,0.0,1.0,1.0,15.0,A01
201800051174,1.0,30,0,0.0,2.0,1.0,17.0,A01
201800051174,2.0,30,0,0.0,2.0,3.0,1.0,B01
201800051175,0.0,30,0,0.0,2.0,3.0,1.0,B01
201800051175,0.0,10,0,0.0,2.0,3.0,16.0,A01
201800051176,0.0,7,0,0.0,2.0,2.0,1.0,A01
201800051176,0.0,1,0,0.0,2.0,8.0,1.0,B01
201800051177,0.0,7,0,0.0,1.0,1.0,16.0,A01
201800051178,0.0,7,0,0.0,2.0,6.0,1.0,Z01
201800051178,1.0,30,0,0.0,2.0,3.0,15.0,A01
201800051179,1.0,33,0,0.0,2.0,2.0,21.0,B01
201800051179,1.0,7,0,0.0,2.0,4.0,10.0,Z01
201800051180,1.0,7,0,0.0,2.0,8.0,22.0,A01
201800051180,1.0,2,0,0.0,2.0,7.0,17.0,B01
201800051181,1.0,7,0,0.0,2.0,8.0,15.0,B01
201800051181,1.0,33,0,0.0,2.0,7.0,5.0,A01
201800051182,2.0,7,0,0.0,1.0,1.0,16.0,A01
201800051183,0.0,34,0,0.0,2.0,3.0,14.0,A01
201800051183,0.0,33,0,0.0,2.0,3.0,1.0,B01
201800051184,1.0,30,0,0.0,2.0,1.0,17.0,A01
201800051184,1.0,7,0,0.0,2.0,6.0,15.0,B01
201800051185,2.0,7,0,0.0,2.0,3.0,10.0,A01
201800051185,2.0,33,0,1.0,2.0,7.0,1.0,B01
201800051186,2.0,7,0,0.0,2.0,7.0,16.0,B01
201800051186,2.0,32,0,0.0,2.0,1.0,18.0,A01
201800051187,2.0,1,0,0.0,2.0,1.0,1.0,B01
201800051187,1.0,31,0,0.0,2.0,7.0,15.0,A01
201800051188,2.0,7,0,0.0,2.0,6.0,2.0,B01
201800051188,2.0,30,0,0.0,2.0,1.0,2.0,A01
201800051189,0.0,32,0,0.0,2.0,1.0,1.0,A01
201800051189,0.0,7,0,0.0,2.0,6.0,16.0,B01
201800051190,2.0,31,0,0.0,1.0,8.0,17.0,A01
201800051191,1.0,30,0,0.0,2.0,1.0,1.0,A01
201800051191,1.0,7,0,0.0,2.0,5.0,1.0,B01
201800051192,0.0,30,0,0.0,2.0,5.0,14.0,A01
201800051192,0.0,7,0,0.0,2.0,1.0,9.0,B01
201800051193,2.0,7,0,0.0,2.0,8.0,15.0,A01
201800051193,2.0,2,0,0.0,2.0,7.0,1.0,B01
201800051194,1.0,7,0,0.0,2.0,7.0,22.0,B01
201800051194,1.0,32,0,0.0,2.0,7.0,18.0,A01
201800051195,1.0,7,0,0.0,2.0,2.0,16.0,B01
201800051195,1.0,32,0,0.0,2.0,8.0,18.0,A01
201800051196,0.0,34,0,0.0,2.0,1.0,1.0,B01