Num_Acc,senc,catv,occutc,obs,obsm,choc,manv,num_veh
201800051196,0.0,1,0,0.0,2.0,1.0,5.0,A01
201800051197,0.0,7,0,0.0,1.0,2.0,1.0,A01
201800051198,0.0,7,0,0.0,2.0,0.0,2.0,Z01
201800051198,1.0,7,0,0.0,2.0,1.0,2.0,A01
201800051198,1.0,7,0,0.0,2.0,4.0,2.0,B01
201800051199,2.0,33,0,0.0,2.0,6.0,23.0,B01
201800051199,2.0,7,0,0.0,2.0,2.0,2.0,A01
201800051200,1.0,33,0,0.0,2.0,1.0,17.0,A01
201800051200,1.0,7,0,0.0,2.0,3.0,10.0,B01
201800051201,2.0,7,0,0.0,2.0,4.0,23.0,B01
201800051201,2.0,33,0,0.0,2.0,1.0,1.0,A01
201800051202,1.0,34,0,0.0,2.0,2.0,1.0,B01
201800051202,1.0,7,0,0.0,2.0,6.0,13.0,A01
201800051203,1.0,7,0,0.0,1.0,2.0,10.0,A01
201800051204,0.0,30,0,0.0,2.0,8.0,5.0,A01
201800051204,0.0,32,0,0.0,2.0,1.0,15.0,B01
201800051205,1.0,7,0,0.0,2.0,6.0,23.0,B01
201800051205,1.0,7,0,0.0,2.0,2.0,1.0,A01
201800051205,1.0,7,0,0.0,2.0,2.0,1.0,C01
201800051205,1.0,7,0,0.0,2.0,4.0,23.0,D01
201800051206,2.0,7,0,0.0,2.0,5.0,16.0,B01
201800051206,2.0,33,0,0.0,2.0,7.0,18.0,A01
201800051207,1.0,7,0,0.0,2.0,3.0,15.0,B01
201800051207,1.0,33,0,6.0,1.0,3.0,17.0,A01
201800051208,2.0,32,0,0.0,2.0,2.0,2.0,A01
201800051208,1.0,10,0,0.0,0.0,0.0,0.0,Z01
201800051209,1.0,7,0,0.0,1.0,3.0,10.0,A01
201800051210,1.0,30,0,0.0,2.0,3.0,2.0,A01
201800051210,1.0,32,0,0.0,2.0,8.0,2.0,B01
201800051210,1.0,32,0,0.0,2.0,2.0,17.0,Z01
201800051211,0.0,33,0,0.0,2.0,1.0,1.0,B01
201800051211,1.0,10,0,1.0,2.0,3.0,15.0,A01
201800051212,1.0,7,0,0.0,0.0,2.0,16.0,B01
201800051212,1.0,30,0,0.0,0.0,3.0,16.0,A01
201800051213,0.0,32,0,0.0,1.0,1.0,1.0,A01
201800051214,1.0,32,0,0.0,2.0,1.0,2.0,B01
201800051214,2.0,7,0,0.0,2.0,8.0,10.0,A01
201800051215,1.0,7,0,0.0,2.0,3.0,10.0,A01
201800051215,1.0,32,0,0.0,2.0,1.0,17.0,B01
201800051216,2.0,31,0,0.0,2.0,1.0,1.0,B01
201800051216,1.0,7,0,0.0,2.0,7.0,10.0,A01
201800051217,0.0,10,0,0.0,1.0,2.0,15.0,A01
201800051218,1.0,10,0,0.0,2.0,8.0,22.0,A01
201800051218,2.0,1,0,2.0,0.0,2.0,1.0,B01
201800051219,1.0,7,0,0.0,2.0,7.0,1.0,B01
201800051219,1.0,30,0,0.0,2.0,8.0,1.0,A01
201800051220,1.0,7,0,0.0,2.0,7.0,1.0,B01
201800051220,2.0,31,0,0.0,2.0,1.0,15.0,A01
201800051221,1.0,7,0,0.0,1.0,1.0,1.0,A01
201800051222,1.0,33,0,0.0,2.0,8.0,16.0,B01
201800051222,1.0,10,0,0.0,2.0,2.0,12.0,A01
201800051223,1.0,7,0,0.0,2.0,8.0,15.0,A01
201800051223,1.0,31,0,0.0,2.0,2.0,17.0,B01
201800051224,1.0,10,0,0.0,2.0,1.0,10.0,A01
201800051224,2.0,2,0,0.0,2.0,8.0,1.0,B01
201800051225,1.0,7,0,0.0,1.0,0.0,1.0,Z01
201800051226,1.0,33,0,0.0,1.0,1.0,1.0,A01
201800051227,1.0,33,0,0.0,2.0,2.0,1.0,A01
201800051227,1.0,10,0,0.0,2.0,2.0,15.0,B01
201800051228,1.0,33,0,0.0,1.0,2.0,1.0,A01
201800051229,1.0,10,0,0.0,2.0,2.0,16.0,B01
201800051229,1.0,32,0,0.0,2.0,3.0,16.0,A01
201800051230,2.0,7,0,0.0,2.0,2.0,15.0,A01
201800051230,2.0,34,0,0.0,2.0,8.0,1.0,B01
201800051231,1.0,7,0,1.0,0.0,1.0,14.0,A01
201800051232,1.0,32,0,0.0,0.0,7.0,1.0,A01
201800051233,2.0,7,0,0.0,2.0,1.0,1.0,A01
201800051233,2.0,1,0,0.0,2.0,4.0,23.0,B01
201800051234,1.0,99,0,0.0,2.0,0.0,19.0,B01
201800051234,1.0,7,0,0.0,2.0,1.0,16.0,A01
201800051235,1.0,7,0,0.0,2.0,0.0,16.0,Z01
201800051235,1.0,33,0,0.0,2.0,6.0,1.0,A01
201800051236,1.0,1,0,0.0,1.0,1.0,1.0,A01
201800051237,2.0,33,0,0.0,2.0,7.0,1.0,B01
201800051237,2.0,7,0,0.0,2.0,2.0,9.0,A01
201800051238,2.0,30,0,0.0,1.0,1.0,1.0,A01
201800051239,1.0,7,0,0.0,1.0,1.0,1.0,Z01
201800051240,2.0,32,0,0.0,1.0,1.0,1.0,A01
201800051241,1.0,7,0,0.0,2.0,3.0,1.0,A01
201800051241,1.0,13,0,0.0,2.0,7.0,1.0,B01
201800051242,2.0,7,0,0.0,2.0,5.0,1.0,B01
201800051242,2.0,30,0,0.0,2.0,3.0,13.0,A01
201800051243,1.0,30,0,0.0,2.0,2.0,17.0,A01
201800051243,1.0,7,0,0.0,2.0,3.0,1.0,B01
201800051244,0.0,7,0,0.0,2.0,6.0,15.0,A01
201800051244,0.0,2,0,0.0,2.0,1.0,9.0,B01
201800051245,1.0,7,0,0.0,1.0,3.0,15.0,A01
201800051246,2.0,32,0,0.0,2.0,2.0,1.0,B01
201800051246,0.0,7,0,0.0,2.0,3.0,9.0,A01
201800051247,2.0,34,0,0.0,2.0,7.0,15.0,B01
201800051247,2.0,37,1,0.0,2.0,8.0,15.0,A01
201800051248,0.0,10,0,0.0,2.0,5.0,1.0,A01
201800051248,2.0,7,0,0.0,2.0,1.0,16.0,B01
201800051249,1.0,30,0,0.0,1.0,5.0,5.0,A01
201800051250,1.0,10,0,0.0,2.0,5.0,15.0,A01
201800051250,1.0,32,0,0.0,2.0,1.0,1.0,B01
201800051251,1.0,7,0,0.0,1.0,1.0,1.0,A01
201800051252,1.0,7,0,0.0,2.0,1.0,1.0,B01
201800051252,1.0,33,0,0.0,2.0,7.0,1.0,A01
201800051253,1.0,33,0,0.0,2.0,8.0,18.0,A01
201800051253,1.0,7,0,0.0,2.0,7.0,14.0,B01
201800051254,2.0,30,0,0.0,1.0,1.0,1.0,Z01
201800051255,2.0,30,0,0.0,1.0,1.0,1.0,A01
201800051256,2.0,32,0,0.0,2.0,1.0,1.0,B01
201800051256,0.0,7,0,0.0,2.0,8.0,15.0,A01
201800051257,0.0,7,0,0.0,2.0,6.0,1.0,A01
201800051257,1.0,30,0,0.0,2.0,8.0,1.0,B01
201800051258,1.0,34,0,0.0,2.0,1.0,1.0,A01
201800051258,1.0,32,0,0.0,2.0,3.0,1.0,B01
201800051259,1.0,33,0,0.0,2.0,3.0,18.0,B01
201800051259,1.0,17,0,0.0,2.0,2.0,1.0,A01
201800051260,1.0,33,0,0.0,2.0,4.0,23.0,B01
201800051260,1.0,7,0,0.0,2.0,1.0,2.0,A01
201800051261,1.0,7,0,0.0,1.0,1.0,1.0,A01
201800051262,2.0,7,0,8.0,0.0,1.0,13.0,A01
201800051263,2.0,7,0,0.0,2.0,3.0,15.0,A01
201800051263,2.0,33,0,0.0,2.0,1.0,1.0,B01
201800051264,0.0,7,0,0.0,2.0,3.0,1.0,B01
201800051264,0.0,7,0,0.0,2.0,1.0,1.0,A01
201800051265,1.0,33,0,0.0,0.0,1.0,1.0,A01
201800051266,2.0,7,0,0.0,2.0,3.0,15.0,A01
201800051266,1.0,32,0,0.0,2.0,6.0,1.0,B01
201800051267,1.0,31,0,0.0,2.0,1.0,1.0,B01
201800051267,1.0,7,0,0.0,2.0,8.0,15.0,A01
201800051268,1.0,32,0,0.0,2.0,1.0,1.0,B01
201800051268,1.0,7,0,0.0,2.0,6.0,10.0,A01
201800051269,2.0,37,1,0.0,1.0,2.0,7.0,A01
201800051270,2.0,32,0,0.0,2.0,4.0,2.0,A01
201800051270,2.0,7,0,0.0,2.0,1.0,2.0,Z01
201800051271,1.0,32,0,0.0,0.0,7.0,21.0,A01
201800051272,2.0,31,0,0.0,2.0,1.0,2.0,A01
201800051272,2.0,7,0,0.0,2.0,4.0,2.0,B01
201800051273,1.0,7,0,0.0,2.0,4.0,2.0,B01
201800051273,1.0,7,0,0.0,2.0,1.0,2.0,A01
201800051274,1.0,1,0,0.0,0.0,0.0,7.0,A01
201800051275,1.0,7,0,0.0,2.0,2.0,1.0,A01
201800051275,2.0,32,0,0.0,2.0,8.0,1.0,B01
201800051276,1.0,7,0,0.0,2.0,3.0,13.0,A01
201800051276,1.0,10,0,0.0,2.0,5.0,1.0,C01
201800051276,1.0,32,0,0.0,2.0,5.0,1.0,B01
201800051277,2.0,33,0,0.0,2.0,3.0,1.0,B01
201800051277,2.0,7,0,0.0,2.0,2.0,16.0,A01
201800051278,1.0,38,5,0.0,2.0,1.0,2.0,A01
201800051278,1.0,10,0,0.0,2.0,4.0,2.0,B01
201800051279,0.0,34,0,0.0,2.0,8.0,15.0,A01
201800051279,0.0,34,0,0.0,2.0,7.0,1.0,B01
201800051280,1.0,7,0,0.0,2.0,1.0,2.0,A01
201800051280,1.0,31,0,0.0,2.0,4.0,23.0,B01
201800051281,1.0,7,0,6.0,0.0,1.0,9.0,A01
201800051282,1.0,7,0,0.0,2.0,3.0,15.0,B01
201800051282,1.0,34,0,0.0,2.0,2.0,1.0,A01
201800051283,1.0,32,0,0.0,2.0,1.0,1.0,A01
201800051283,1.0,7,0,0.0,2.0,8.0,1.0,B01
201800051284,1.0,7,0,0.0,2.0,6.0,22.0,A01
201800051284,1.0,33,0,0.0,2.0,8.0,5.0,B01
201800051285,2.0,33,0,0.0,2.0,3.0,16.0,B01
201800051285,1.0,7,0,0.0,2.0,7.0,1.0,A01
201800051286,1.0,2,0,0.0,2.0,1.0,18.0,A01
201800051286,1.0,7,0,0.0,2.0,7.0,16.0,B01
201800051287,1.0,7,0,0.0,2.0,7.0,16.0,A01
201800051287,1.0,32,0,0.0,2.0,3.0,1.0,B01
201800051288,0.0,7,0,0.0,2.0,2.0,14.0,Z01
201800051288,0.0,32,0,0.0,2.0,3.0,23.0,A01
201800051289,0.0,10,0,0.0,2.0,3.0,15.0,A01
201800051289,2.0,2,0,0.0,2.0,1.0,7.0,B01
201800051290,2.0,32,0,0.0,2.0,1.0,17.0,A01
201800051290,2.0,10,0,0.0,2.0,6.0,15.0,B01
201800051291,1.0,32,0,0.0,0.0,7.0,16.0,A01
201800051292,1.0,10,0,0.0,2.0,2.0,16.0,A01
201800051292,1.0,1,0,0.0,2.0,8.0,7.0,B01
201800051293,2.0,7,0,0.0,2.0,2.0,16.0,B01
201800051293,2.0,2,0,0.0,2.0,1.0,18.0,A01
201800051294,1.0,31,0,0.0,2.0,4.0,23.0,B01
201800051294,1.0,7,0,0.0,2.0,1.0,2.0,A01
201800051295,1.0,7,0,0.0,1.0,3.0,1.0,A01
201800051296,1.0,7,0,0.0,2.0,1.0,1.0,B01
201800051296,1.0,7,0,15.0,2.0,1.0,1.0,A01
201800051297,0.0,33,0,0.0,2.0,7.0,1.0,B01
201800051297,2.0,7,0,0.0,2.0,3.0,1.0,A01
201800051298,1.0,7,0,0.0,2.0,2.0,10.0,A01
201800051298,2.0,34,0,0.0,2.0,1.0,1.0,B01
201800051299,2.0,30,0,0.0,2.0,0.0,7.0,B01
201800051299,2.0,7,0,0.0,2.0,0.0,16.0,A01
201800051300,1.0,7,0,0.0,1.0,2.0,1.0,A01
201800051301,2.0,7,0,0.0,1.0,6.0,4.0,A01
201800051302,1.0,37,0,0.0,1.0,2.0,7.0,A01
201800051303,2.0,33,0,0.0,2.0,1.0,5.0,A01
201800051303,2.0,10,0,0.0,2.0,3.0,15.0,B01
201800051304,1.0,34,0,0.0,1.0,1.0,7.0,A01
201800051305,1.0,7,0,0.0,2.0,5.0,1.0,B01
201800051305,2.0,33,0,0.0,2.0,1.0,1.0,A01
201800051306,2.0,2,0,0.0,1.0,1.0,1.0,A01
201800051307,1.0,7,0,0.0,1.0,3.0,1.0,A01
201800051308,2.0,7,0,0.0,1.0,2.0,7.0,A01
201800051309,1.0,10,0,0.0,1.0,3.0,13.0,Z01
201800051310,1.0,34,0,0.0,2.0,4.0,1.0,B01
201800051310,1.0,7,0,0.0,2.0,0.0,23.0,A01
201800051311,1.0,1,0,12.0,1.0,3.0,15.0,A01
201800051312,1.0,10,0,0.0,2.0,4.0,9.0,A01
201800051312,1.0,32,0,0.0,2.0,1.0,1.0,B01
201800051313,2.0,7,0,0.0,2.0,6.0,1.0,A01
201800051313,2.0,7,0,0.0,2.0,1.0,1.0,B01
201800051313,2.0,7,0,0.0,2.0,1.0,1.0,Z01
201800051314,1.0,37,0,0.0,1.0,2.0,7.0,A01
201800051315,2.0,7,0,0.0,1.0,3.0,15.0,A01
201800051316,2.0,7,0,0.0,2.0,3.0,15.0,B01
201800051316,1.0,7,0,0.0,2.0,2.0,7.0,A01
201800051317,2.0,31,0,0.0,2.0,1.0,18.0,A01
201800051317,2.0,7,0,0.0,2.0,7.0,16.0,B01
201800051318,1.0,7,0,0.0,1.0,7.0,1.0,A01
201800051319,2.0,32,0,0.0,2.0,1.0,2.0,A01
201800051319,1.0,7,0,0.0,2.0,4.0,23.0,B01
201800051320,2.0,7,0,0.0,2.0,1.0,2.0,A01
201800051320,2.0,7,0,0.0,2.0,4.0,23.0,B01
201800051321,1.0,2,0,0.0,2.0,4.0,23.0,B01
201800051321,1.0,10,0,0.0,2.0,4.0,2.0,A01
201800051322,1.0,7,0,0.0,2.0,5.0,23.0,A01
201800051322,1.0,7,0,0.0,2.0,1.0,2.0,Z01
201800051323,2.0,10,0,0.0,1.0,8.0,16.0,A01
201800051324,2.0,32,0,8.0,0.0,7.0,14.0,A01
201800051325,2.0,7,0,14.0,0.0,1.0,13.0,A01
201800051326,2.0,31,0,0.0,1.0,1.0,1.0,A01
201800051327,1.0,7,0,0.0,2.0,8.0,22.0,A01
201800051327,1.0,1,0,0.0,2.0,1.0,1.0,B01
201800051328,1.0,30,0,0.0,2.0,1.0,1.0,B01
201800051328,2.0,7,0,0.0,2.0,7.0,1.0,A01
201800051329,2.0,7,0,0.0,1.0,2.0,1.0,A01
201800051330,1.0,1,0,0.0,2.0,4.0,2.0,A01
201800051330,1.0,7,0,1.0,2.0,1.0,2.0,Z01
201800051331,1.0,2,0,14.0,0.0,1.0,1.0,A01
201800051332,2.0,33,0,0.0,1.0,8.0,3.0,A01
201800051332,2.0,7,0,0.0,2.0,7.0,23.0,B01
201800051333,2.0,1,0,0.0,1.0,1.0,1.0,A01
201800051334,1.0,7,0,0.0,2.0,5.0,1.0,A01
201800051334,1.0,33,0,0.0,2.0,3.0,1.0,B01
201800051335,1.0,7,0,0.0,1.0,1.0,1.0,A01
201800051336,2.0,33,0,0.0,2.0,1.0,1.0,B01
201800051336,1.0,7,0,0.0,2.0,2.0,15.0,A01
201800051337,1.0,7,0,0.0,2.0,3.0,1.0,A01
201800051337,1.0,2,0,0.0,2.0,2.0,17.0,B01
201800051338,1.0,7,0,0.0,1.0,2.0,1.0,A01
201800051339,1.0,7,0,0.0,1.0,2.0,1.0,A01
201800051340,1.0,7,0,0.0,2.0,7.0,1.0,A01
201800051340,2.0,32,0,0.0,2.0,7.0,1.0,B01
201800051340,2.0,7,0,0.0,2.0,1.0,1.0,C01
201800051341,1.0,31,0,0.0,0.0,0.0,1.0,A01
201800051342,1.0,7,0,0.0,2.0,6.0,23.0,B01
201800051342,1.0,7,0,0.0,2.0,3.0,1.0,A01
201800051343,1.0,7,0,14.0,2.0,3.0,15.0,A01
201800051343,1.0,34,0,0.0,2.0,1.0,1.0,B01
201800051343,1.0,32,0,0.0,2.0,5.0,1.0,C01
201800051344,1.0,7,0,0.0,1.0,6.0,20.0,A01
201800051345,2.0,32,0,9.0,1.0,8.0,1.0,A01
201800051346,1.0,32,0,0.0,0.0,0.0,1.0,A01
201800051347,1.0,33,0,0.0,2.0,2.0,16.0,B01
201800051347,1.0,7,0,0.0,2.0,3.0,1.0,A01
201800051348,2.0,2,0,0.0,2.0,1.0,17.0,A01
201800051348,2.0,7,0,0.0,2.0,6.0,16.0,B01
201800051349,2.0,32,0,0.0,2.0,4.0,7.0,A01
201800051349,2.0,7,0,0.0,2.0,1.0,7.0,B01
201800051349,2.0,7,0,0.0,2.0,1.0,7.0,Z01
201800051350,1.0,32,0,0.0,2.0,1.0,17.0,B01
201800051350,1.0,7,0,0.0,2.0,8.0,22.0,A01
201800051351,2.0,34,0,0.0,2.0,0.0,18.0,A01
201800051351,2.0,10,0,0.0,2.0,7.0,23.0,B01
201800051352,1.0,7,0,0.0,2.0,2.0,1.0,A01
201800051352,1.0,32,0,0.0,2.0,1.0,1.0,B01
201800051353,2.0,7,0,0.0,1.0,6.0,4.0,Z01
201800051354,1.0,30,0,0.0,1.0,1.0,1.0,A01
201800051355,1.0,1,0,0.0,2.0,4.0,1.0,A01
201800051355,1.0,2,0,0.0,2.0,1.0,1.0,Z01
201800051356,2.0,10,0,0.0,1.0,3.0,15.0,A01
201800051357,1.0,7,0,0.0,1.0,1.0,16.0,A01
201800051358,1.0,7,0,0.0,1.0,0.0,1.0,Z01
201800051359,2.0,2,0,0.0,2.0,1.0,17.0,A01
201800051359,2.0,7,0,0.0,2.0,3.0,15.0,B01
201800051360,1.0,2,0,0.0,2.0,1.0,2.0,A01
201800051360,1.0,7,0,0.0,2.0,4.0,23.0,B01
201800051361,2.0,7,0,0.0,2.0,3.0,9.0,A01
201800051361,2.0,31,0,1.0,2.0,1.0,1.0,B01
201800051362,1.0,7,0,0.0,1.0,2.0,1.0,A01
201800051363,2.0,1,0,0.0,1.0,1.0,1.0,A01
201800051364,2.0,7,0,0.0,2.0,3.0,15.0,A01
201800051364,1.0,30,0,0.0,2.0,8.0,1.0,B01
201800051365,1.0,2,0,0.0,1.0,1.0,1.0,A01
201800051366,2.0,10,0,1.0,2.0,2.0,12.0,A01
201800051366,2.0,1,0,12.0,2.0,3.0,7.0,B01
201800051367,2.0,7,0,0.0,2.0,1.0,1.0,B01
201800051367,1.0,7,0,0.0,2.0,7.0,1.0,A01
201800051368,2.0,7,0,0.0,2.0,5.0,23.0,B01
201800051368,2.0,7,0,0.0,2.0,3.0,1.0,A01
201800051369,1.0,7,0,14.0,0.0,1.0,15.0,A01
201800051370,1.0,7,0,0.0,1.0,1.0,7.0,Z01
201800051371,1.0,10,0,0.0,1.0,6.0,20.0,A01
201800051372,1.0,30,0,0.0,1.0,1.0,1.0,Z01
201800051373,2.0,1,0,0.0,1.0,1.0,5.0,A01
201800051374,2.0,7,0,0.0,2.0,6.0,12.0,B01
201800051374,2.0,2,0,0.0,2.0,1.0,7.0,A01
201800051375,0.0,10,0,0.0,2.0,6.0,23.0,C01
201800051375,1.0,7,0,0.0,2.0,3.0,1.0,A01
201800051375,1.0,7,0,0.0,2.0,2.0,1.0,B01
201800051376,2.0,7,0,0.0,1.0,1.0,9.0,A01
201800051377,1.0,7,0,0.0,2.0,3.0,1.0,A01
201800051377,1.0,34,0,0.0,2.0,5.0,17.0,B01
201800051378,2.0,7,0,0.0,1.0,3.0,1.0,A01
201800051379,1.0,7,0,0.0,2.0,2.0,19.0,B01
201800051379,2.0,30,0,0.0,2.0,1.0,19.0,A01
201800051380,1.0,7,0,0.0,2.0,3.0,9.0,A01
201800051380,1.0,1,0,0.0,2.0,1.0,2.0,B01
201800051381,1.0,34,0,0.0,2.0,4.0,23.0,B01
201800051381,1.0,7,0,0.0,2.0,2.0,2.0,A01
201800051382,2.0,7,0,0.0,2.0,3.0,1.0,B01
201800051382,1.0,7,0,0.0,2.0,2.0,1.0,A01
201800051383,1.0,2,0,0.0,1.0,3.0,5.0,A01
201800051384,1.0,7,0,0.0,1.0,2.0,7.0,A01
201800051385,1.0,2,0,0.0,1.0,1.0,1.0,A01
201800051386,2.0,10,0,0.0,2.0,4.0,4.0,A01
201800051386,1.0,32,0,0.0,2.0,1.0,23.0,B01
201800051387,1.0,7,0,0.0,2.0,4.0,23.0,D01
201800051387,1.0,7,0,0.0,2.0,2.0,2.0,A01
201800051387,1.0,32,0,0.0,2.0,5.0,23.0,C01
201800051387,1.0,7,0,0.0,2.0,6.0,2.0,B01
201800051387,1.0,10,0,0.0,2.0,0.0,23.0,E01
201800051388,1.0,7,0,0.0,2.0,4.0,23.0,B01
201800051388,1.0,31,0,0.0,2.0,1.0,2.0,A01
201800051389,2.0,32,0,0.0,1.0,0.0,8.0,Z01
201800051390,2.0,7,0,0.0,1.0,3.0,1.0,A01
201800051391,2.0,1,0,0.0,1.0,1.0,5.0,Z01
201800051392,0.0,1,0,0.0,1.0,1.0,1.0,Z01
201800051393,1.0,7,0,0.0,1.0,4.0,4.0,A01
201800051394,1.0,7,0,0.0,1.0,1.0,1.0,A01
201800051395,2.0,32,0,0.0,2.0,1.0,17.0,A01
201800051395,2.0,7,0,0.0,2.0,3.0,15.0,B01
201800051396,1.0,7,0,0.0,2.0,1.0,1.0,Z01
201800051396,0.0,1,0,0.0,2.0,5.0,19.0,B01
201800051397,2.0,30,0,0.0,2.0,2.0,1.0,B01
201800051397,2.0,34,0,0.0,2.0,6.0,15.0,Z01
201800051398,1.0,7,0,0.0,1.0,3.0,15.0,A01
201800051399,1.0,7,0,0.0,1.0,3.0,1.0,A01
201800051400,1.0,1,0,1.0,2.0,8.0,15.0,A01
201800051400,1.0,33,0,1.0,2.0,1.0,1.0,B01
201800051401,1.0,2,0,0.0,2.0,4.0,2.0,A01
201800051401,1.0,7,0,0.0,2.0,1.0,2.0,Z01
201800051402,2.0,30,0,0.0,2.0,1.0,17.0,B01
201800051402,2.0,7,0,0.0,2.0,6.0,22.0,A01
201800051403,1.0,33,0,0.0,2.0,2.0,1.0,B01
201800051403,1.0,7,0,0.0,2.0,3.0,15.0,A01
201800051404,1.0,32,0,0.0,2.0,2.0,17.0,B01
201800051404,1.0,7,0,0.0,2.0,3.0,10.0,A01
201800051405,2.0,7,0,0.0,1.0,3.0,15.0,A01
201800051406,2.0,34,0,1.0,2.0,8.0,1.0,B01
201800051406,2.0,10,0,0.0,2.0,5.0,12.0,A01
201800051407,2.0,10,0,0.0,2.0,1.0,2.0,A01
201800051407,2.0,7,0,0.0,2.0,4.0,2.0,B01
201800051408,0.0,7,0,0.0,2.0,2.0,1.0,A01
201800051408,0.0,1,0,0.0,2.0,8.0,1.0,B01
201800051409,1.0,7,0,0.0,1.0,4.0,4.0,A01
201800051410,2.0,7,0,0.0,2.0,1.0,15.0,A01
201800051410,1.0,34,0,0.0,2.0,8.0,1.0,B01
201800051411,2.0,32,0,0.0,2.0,2.0,18.0,B01
201800051411,2.0,10,0,0.0,2.0,2.0,16.0,A01
201800051412,2.0,10,0,0.0,1.0,1.0,15.0,A01
201800051413,2.0,30,0,0.0,1.0,2.0,18.0,A01
201800051414,2.0,31,0,0.0,2.0,1.0,17.0,B01
201800051414,2.0,7,0,0.0,2.0,3.0,13.0,A01
201800051415,2.0,1,0,0.0,2.0,0.0,1.0,A01
201800051415,2.0,1,0,0.0,2.0,0.0,1.0,Z01
201800051416,1.0,7,0,0.0,2.0,2.0,16.0,A01
201800051416,1.0,30,0,0.0,2.0,8.0,1.0,B01
201800051417,2.0,7,0,0.0,2.0,5.0,8.0,Z01
201800051417,2.0,32,0,0.0,2.0,1.0,21.0,A01
201800051418,1.0,10,0,0.0,1.0,4.0,4.0,A01
201800051419,1.0,33,0,0.0,2.0,8.0,1.0,A01
201800051419,1.0,10,0,0.0,2.0,2.0,16.0,B01
201800051420,1.0,34,0,0.0,0.0,0.0,1.0,A01
201800051421,2.0,7,0,0.0,2.0,6.0,15.0,A01
201800051421,2.0,7,0,0.0,2.0,1.0,7.0,Z01
201800051422,1.0,1,0,0.0,2.0,9.0,17.0,B01
201800051422,1.0,37,1,0.0,2.0,6.0,23.0,A01
201800051422,1.0,10,0,0.0,2.0,2.0,14.0,Z01
201800051423,1.0,7,0,0.0,2.0,7.0,1.0,A01
201800051423,2.0,31,0,0.0,2.0,1.0,1.0,B01
201800051424,1.0,10,0,0.0,1.0,1.0,10.0,A01
201800051425,1.0,10,0,0.0,2.0,1.0,13.0,A01
201800051425,1.0,34,0,0.0,2.0,5.0,23.0,B01
201800051426,1.0,7,0,0.0,2.0,8.0,15.0,A01
201800051426,2.0,32,0,0.0,2.0,8.0,7.0,B01
201800051427,1.0,33,0,0.0,1.0,3.0,1.0,A01
201800051428,1.0,7,0,0.0,1.0,3.0,1.0,A01
201800051429,2.0,10,0,0.0,1.0,1.0,15.0,A01
201800051430,2.0,7,0,0.0,2.0,2.0,15.0,A01
201800051430,1.0,10,0,0.0,2.0,3.0,7.0,B01
201800051431,2.0,1,0,0.0,2.0,4.0,1.0,A01
201800051431,2.0,30,0,0.0,2.0,1.0,13.0,Z01
201800051432,2.0,7,0,11.0,0.0,1.0,14.0,A01
201800051433,1.0,7,0,0.0,2.0,3.0,1.0,B01
201800051433,2.0,2,0,0.0,2.0,7.0,1.0,A01
201800051434,1.0,2,0,0.0,0.0,8.0,21.0,A01
201800051435,1.0,7,0,0.0,2.0,2.0,16.0,Z01
201800051435,1.0,2,0,0.0,2.0,6.0,1.0,A01
201800051436,2.0,2,0,0.0,0.0,7.0,1.0,A01
201800051437,2.0,36,0,8.0,0.0,1.0,13.0,A01
201800051438,1.0,33,0,0.0,0.0,7.0,1.0,A01
201800051439,1.0,7,0,0.0,1.0,2.0,1.0,A01
201800051440,2.0,7,0,1.0,2.0,7.0,14.0,A01
201800051440,2.0,7,0,1.0,2.0,8.0,1.0,B01
201800051441,1.0,34,0,0.0,1.0,1.0,1.0,Z01
201800051441,0.0,99,0,0.0,2.0,0.0,0.0,R01
201800051442,2.0,7,0,0.0,1.0,3.0,7.0,A01
201800051443,2.0,7,0,0.0,1.0,2.0,1.0,A01
201800051444,1.0,1,0,0.0,1.0,0.0,1.0,A01
201800051445,1.0,30,0,0.0,1.0,1.0,1.0,A01
201800051446,1.0,7,0,0.0,1.0,4.0,4.0,A01
201800051447,2.0,7,0,0.0,2.0,2.0,16.0,A01
201800051447,2.0,1,0,0.0,2.0,1.0,1.0,B01
201800051448,1.0,2,0,0.0,2.0,1.0,16.0,A01
201800051448,1.0,10,0,0.0,2.0,7.0,1.0,B01
201800051449,1.0,2,0,0.0,0.0,0.0,21.0,A01
201800051450,1.0,33,0,0.0,1.0,1.0,1.0,A01
201800051451,2.0,7,0,0.0,1.0,1.0,1.0,A01
201800051452,2.0,2,0,0.0,1.0,3.0,1.0,A01
201800051453,1.0,7,0,0.0,2.0,7.0,12.0,A01
201800051453,1.0,32,0,0.0,2.0,8.0,1.0,B01
201800051454,1.0,2,0,0.0,2.0,1.0,2.0,A01
201800051454,1.0,7,0,0.0,2.0,6.0,23.0,B01
201800051455,2.0,7,0,0.0,1.0,2.0,1.0,A01
201800051456,2.0,7,0,0.0,2.0,4.0,23.0,C01
201800051456,2.0,7,0,0.0,2.0,4.0,23.0,B01
201800051456,2.0,7,0,0.0,2.0,4.0,23.0,D01
201800051456,2.0,7,0,0.0,2.0,1.0,2.0,A01
201800051457,1.0,99,0,0.0,1.0,0.0,1.0,Z01
201800051458,2.0,7,0,0.0,2.0,5.0,2.0,A01
201800051458,1.0,7,0,0.0,2.0,5.0,23.0,B01
201800051459,2.0,7,0,11.0,0.0,2.0,14.0,A01