Num_Acc,senc,catv,occutc,obs,obsm,choc,manv,num_veh
201800051721,2.0,33,0,0.0,2.0,4.0,15.0,B01
201800051722,1.0,7,0,0.0,2.0,2.0,14.0,A01
201800051722,1.0,1,0,0.0,2.0,2.0,1.0,B01
201800051723,2.0,7,0,0.0,2.0,3.0,1.0,A01
201800051723,2.0,32,0,0.0,2.0,1.0,17.0,B01
201800051724,2.0,2,0,0.0,1.0,5.0,1.0,A01
201800051725,1.0,31,0,0.0,2.0,3.0,1.0,B01
201800051725,2.0,7,0,0.0,2.0,2.0,15.0,A01
201800051726,2.0,2,0,1.0,0.0,1.0,15.0,A01
201800051727,2.0,7,0,0.0,2.0,3.0,15.0,B01
201800051727,2.0,33,0,0.0,2.0,1.0,17.0,A01
201800051728,1.0,13,0,0.0,2.0,1.0,15.0,A01
201800051728,2.0,1,0,0.0,2.0,3.0,1.0,B01
201800051729,2.0,1,0,0.0,2.0,1.0,1.0,B01
201800051729,1.0,32,0,0.0,2.0,3.0,9.0,A01
201800051730,1.0,14,0,0.0,2.0,4.0,23.0,A01
201800051730,1.0,1,0,0.0,2.0,4.0,2.0,B01
201800051731,2.0,7,0,0.0,1.0,1.0,17.0,A01
201800051732,2.0,34,0,0.0,2.0,1.0,1.0,A01
201800051732,2.0,1,0,0.0,2.0,4.0,11.0,B01
201800051733,2.0,2,0,0.0,0.0,7.0,1.0,A01
201800051734,2.0,7,0,0.0,1.0,1.0,10.0,A01
201800051735,2.0,31,0,0.0,1.0,1.0,7.0,A01
201800051736,1.0,2,0,11.0,0.0,1.0,17.0,A01
201800051737,2.0,1,0,0.0,2.0,1.0,1.0,B01
201800051737,2.0,10,0,0.0,2.0,3.0,22.0,A01
201800051738,2.0,2,0,0.0,2.0,3.0,17.0,A01
201800051738,2.0,10,0,0.0,2.0,3.0,15.0,B01
201800051739,2.0,7,0,0.0,2.0,7.0,15.0,Z01
201800051739,2.0,33,0,0.0,2.0,7.0,1.0,A01
201800051740,1.0,1,0,1.0,2.0,1.0,1.0,B01
201800051740,1.0,7,0,0.0,2.0,8.0,1.0,A01
201800051741,1.0,7,0,0.0,2.0,7.0,9.0,A01
201800051741,1.0,33,0,0.0,2.0,1.0,1.0,B01
201800051742,1.0,1,0,0.0,2.0,3.0,5.0,A01
201800051742,2.0,7,0,0.0,2.0,3.0,15.0,B01
201800051743,2.0,2,0,0.0,1.0,2.0,18.0,A01
201800051744,2.0,14,0,0.0,2.0,5.0,16.0,A01
201800051744,2.0,32,0,0.0,2.0,3.0,16.0,B01
201800051745,1.0,32,0,0.0,1.0,3.0,1.0,A01
201800051746,2.0,10,0,0.0,2.0,4.0,23.0,B01
201800051746,2.0,2,0,0.0,2.0,1.0,2.0,A01
201800051747,2.0,31,0,0.0,0.0,0.0,11.0,A01
201800051748,1.0,7,0,0.0,1.0,2.0,1.0,A01
201800051749,1.0,30,0,0.0,1.0,1.0,1.0,Z01
201800051750,2.0,30,0,0.0,2.0,8.0,18.0,B01
201800051750,2.0,7,0,0.0,2.0,2.0,22.0,A01
201800051751,1.0,7,0,0.0,1.0,2.0,1.0,A01
201800051752,1.0,2,0,0.0,1.0,1.0,1.0,A01
201800051753,2.0,7,0,1.0,2.0,2.0,2.0,B01
201800051753,2.0,7,0,0.0,2.0,3.0,9.0,A01
201800051754,1.0,31,0,0.0,0.0,0.0,1.0,A01
201800051755,1.0,2,0,0.0,2.0,0.0,1.0,A01
201800051755,1.0,2,0,0.0,2.0,0.0,1.0,B01
201800051756,1.0,1,0,0.0,2.0,8.0,1.0,B01
201800051756,1.0,10,0,0.0,2.0,7.0,16.0,A01
201800051757,2.0,32,0,0.0,1.0,1.0,1.0,A01
201800051758,2.0,7,0,0.0,2.0,2.0,15.0,A01
201800051758,2.0,1,0,0.0,2.0,2.0,17.0,B01
201800051759,1.0,99,0,0.0,2.0,0.0,0.0,B01
201800051759,1.0,7,0,0.0,2.0,8.0,22.0,A01
201800051760,0.0,7,0,0.0,2.0,3.0,1.0,A01
201800051760,0.0,7,0,0.0,2.0,1.0,1.0,B01
201800051761,1.0,7,0,0.0,1.0,2.0,1.0,A01
201800051762,1.0,7,0,0.0,2.0,1.0,1.0,A01
201800051762,1.0,7,0,0.0,2.0,4.0,1.0,B01
201800051763,1.0,2,0,0.0,2.0,9.0,1.0,B01
201800051763,2.0,7,0,0.0,2.0,2.0,1.0,A01
201800051764,2.0,32,0,0.0,2.0,8.0,1.0,A01
201800051764,1.0,1,0,0.0,2.0,7.0,15.0,B01
201800051765,1.0,34,0,11.0,0.0,2.0,18.0,A01
201800051766,1.0,10,0,0.0,2.0,2.0,15.0,A01
201800051766,1.0,1,0,0.0,2.0,1.0,16.0,B01
201800051767,1.0,99,0,0.0,2.0,1.0,5.0,A01
201800051767,2.0,33,0,0.0,2.0,1.0,1.0,B01
201800051768,2.0,7,0,0.0,2.0,2.0,23.0,A01
201800051768,1.0,2,0,0.0,2.0,6.0,1.0,B01
201800051769,2.0,1,0,0.0,2.0,3.0,1.0,B01
201800051769,2.0,32,0,0.0,2.0,5.0,1.0,A01
201800051770,2.0,1,0,0.0,2.0,8.0,16.0,B01
201800051770,1.0,7,0,0.0,2.0,7.0,15.0,A01
201800051771,2.0,32,0,0.0,1.0,1.0,1.0,A01
201800051772,1.0,7,0,0.0,1.0,5.0,4.0,A01
201800051773,2.0,1,0,0.0,1.0,2.0,1.0,A01
201800051774,2.0,1,0,0.0,2.0,1.0,1.0,B01
201800051774,2.0,7,0,0.0,2.0,4.0,15.0,A01
201800051775,2.0,7,0,0.0,2.0,3.0,15.0,A01
201800051775,1.0,2,0,0.0,2.0,1.0,17.0,B01
201800051776,2.0,30,0,0.0,2.0,1.0,1.0,A01
201800051776,2.0,7,0,0.0,2.0,4.0,1.0,B01
201800051777,1.0,7,0,0.0,1.0,2.0,1.0,A01
201800051778,1.0,7,0,0.0,1.0,3.0,15.0,A01
201800051779,2.0,10,0,1.0,2.0,7.0,22.0,A01
201800051779,2.0,1,0,1.0,2.0,0.0,1.0,B01
201800051780,1.0,1,0,0.0,2.0,1.0,5.0,B01
201800051780,1.0,30,0,0.0,2.0,1.0,17.0,A01
201800051781,1.0,1,0,0.0,0.0,0.0,21.0,A01
201800051782,1.0,34,0,15.0,0.0,0.0,21.0,A01
201800051783,2.0,7,0,0.0,2.0,6.0,10.0,A01
201800051783,2.0,31,0,0.0,2.0,1.0,1.0,B01
201800051784,2.0,34,0,0.0,2.0,7.0,1.0,B01
201800051784,2.0,7,0,0.0,2.0,3.0,15.0,A01
201800051785,2.0,30,0,0.0,2.0,2.0,14.0,B01
201800051785,2.0,10,0,0.0,2.0,8.0,1.0,A01
201800051786,2.0,1,0,0.0,1.0,1.0,5.0,A01
201800051787,1.0,7,0,0.0,2.0,8.0,15.0,A01
201800051787,1.0,30,0,0.0,2.0,7.0,17.0,B01
201800051788,1.0,1,0,1.0,2.0,7.0,1.0,B01
201800051788,1.0,7,0,0.0,2.0,3.0,14.0,A01
201800051789,1.0,7,0,0.0,2.0,5.0,1.0,B01
201800051789,1.0,32,0,0.0,2.0,1.0,19.0,A01
201800051790,0.0,30,0,0.0,0.0,3.0,1.0,A01
201800051790,0.0,7,0,0.0,0.0,3.0,1.0,B01
201800051791,1.0,33,0,0.0,2.0,1.0,1.0,B01
201800051791,2.0,7,0,0.0,2.0,2.0,15.0,A01
201800051792,2.0,7,0,0.0,2.0,2.0,15.0,Z01
201800051792,1.0,30,0,0.0,2.0,1.0,1.0,B01
201800051793,1.0,30,0,11.0,0.0,0.0,16.0,A01
201800051794,1.0,10,0,1.0,0.0,1.0,15.0,A01
201800051795,1.0,1,0,0.0,0.0,0.0,21.0,A01
201800051796,1.0,99,0,0.0,2.0,0.0,19.0,B01
201800051796,1.0,99,0,0.0,2.0,6.0,15.0,A01
201800051797,2.0,7,0,0.0,2.0,4.0,23.0,B01
201800051797,2.0,34,0,0.0,2.0,1.0,1.0,A01
201800051798,1.0,33,0,0.0,2.0,3.0,1.0,A01
201800051798,1.0,32,0,0.0,2.0,8.0,1.0,B01
201800051798,1.0,13,0,0.0,2.0,0.0,10.0,C01
201800051799,1.0,7,0,0.0,2.0,5.0,4.0,A01
201800051799,1.0,1,0,0.0,2.0,1.0,1.0,B01
201800051800,1.0,7,0,0.0,1.0,4.0,4.0,A01
201800051801,2.0,7,0,0.0,2.0,5.0,23.0,C01
201800051801,2.0,7,0,0.0,2.0,1.0,1.0,A01
201800051801,2.0,7,0,0.0,2.0,4.0,23.0,B01
201800051802,1.0,7,0,0.0,2.0,8.0,13.0,A01
201800051802,1.0,32,0,0.0,2.0,7.0,1.0,B01
201800051803,1.0,32,0,0.0,2.0,8.0,1.0,B01
201800051803,2.0,7,0,0.0,2.0,1.0,5.0,A01
201800051804,2.0,10,0,8.0,2.0,7.0,1.0,A01
201800051804,2.0,10,0,0.0,2.0,3.0,1.0,B01
201800051805,1.0,7,0,0.0,2.0,7.0,16.0,A01
201800051805,1.0,30,0,0.0,2.0,8.0,1.0,B01
201800051806,1.0,10,0,0.0,1.0,6.0,20.0,A01
201800051807,1.0,7,0,0.0,1.0,7.0,1.0,Z01
201800051808,2.0,32,0,0.0,1.0,1.0,3.0,A01
201800051809,1.0,7,0,0.0,1.0,1.0,1.0,A01
201800051810,2.0,7,0,0.0,2.0,8.0,23.0,A01
201800051810,2.0,1,0,1.0,2.0,6.0,17.0,B01
201800051811,1.0,7,0,0.0,2.0,8.0,11.0,A01
201800051811,1.0,34,0,0.0,2.0,7.0,1.0,B01
201800051812,2.0,2,0,0.0,2.0,1.0,1.0,B01
201800051812,2.0,7,0,0.0,2.0,7.0,16.0,A01
201800051813,2.0,30,0,0.0,2.0,1.0,1.0,A01
201800051813,1.0,30,0,0.0,2.0,1.0,13.0,Z01
201800051814,2.0,33,0,0.0,2.0,0.0,1.0,A01
201800051814,2.0,32,0,0.0,2.0,4.0,23.0,B01
201800051815,1.0,10,0,0.0,2.0,3.0,22.0,A01
201800051815,1.0,1,0,0.0,2.0,1.0,1.0,B01
201800051816,2.0,7,0,0.0,2.0,2.0,1.0,C01
201800051816,1.0,7,0,0.0,2.0,8.0,1.0,B01
201800051816,1.0,7,0,9.0,2.0,1.0,13.0,A01
201800051817,2.0,2,0,0.0,2.0,1.0,5.0,Z01
201800051817,1.0,30,0,0.0,2.0,8.0,15.0,A01
201800051818,1.0,10,0,0.0,1.0,1.0,1.0,A01
201800051819,1.0,1,0,0.0,2.0,4.0,2.0,A01
201800051819,1.0,7,0,0.0,2.0,0.0,2.0,Z01
201800051820,1.0,7,0,0.0,2.0,8.0,10.0,A01
201800051820,1.0,32,0,0.0,2.0,1.0,1.0,B01
201800051821,1.0,10,0,0.0,2.0,3.0,1.0,A01
201800051821,2.0,32,0,0.0,2.0,1.0,15.0,B01
201800051822,1.0,1,0,0.0,2.0,8.0,1.0,B01
201800051822,1.0,7,0,0.0,2.0,3.0,1.0,A01
201800051823,2.0,1,0,1.0,1.0,1.0,17.0,A01
201800051824,2.0,32,0,0.0,1.0,0.0,21.0,A01
201800051825,1.0,7,0,0.0,1.0,1.0,16.0,A01
201800051826,1.0,7,0,0.0,2.0,2.0,15.0,A01
201800051826,2.0,31,0,0.0,2.0,2.0,1.0,B01
201800051827,1.0,7,0,0.0,1.0,1.0,1.0,A01
201800051828,1.0,2,0,0.0,2.0,0.0,1.0,A01
201800051828,1.0,10,0,0.0,2.0,0.0,9.0,Z01
201800051829,1.0,33,0,0.0,0.0,8.0,1.0,A01
201800051830,2.0,32,0,0.0,2.0,7.0,17.0,B01
201800051830,2.0,7,0,0.0,2.0,3.0,15.0,A01
201800051831,1.0,7,0,0.0,1.0,2.0,1.0,A01
201800051832,1.0,32,0,0.0,1.0,8.0,1.0,A01
201800051833,1.0,30,0,0.0,2.0,1.0,16.0,A01
201800051833,2.0,7,0,0.0,2.0,2.0,1.0,Z01
201800051834,2.0,7,0,0.0,1.0,1.0,1.0,A01
201800051835,2.0,1,0,12.0,2.0,1.0,18.0,B01
201800051835,2.0,37,1,0.0,2.0,5.0,16.0,A01
201800051836,2.0,7,0,0.0,2.0,0.0,13.0,B01
201800051836,1.0,34,0,0.0,2.0,7.0,5.0,A01
201800051837,2.0,7,0,0.0,2.0,1.0,16.0,A01
201800051837,2.0,1,0,0.0,2.0,2.0,16.0,B01
201800051838,2.0,33,0,0.0,2.0,1.0,1.0,B01
201800051838,2.0,7,0,0.0,2.0,3.0,10.0,A01
201800051839,1.0,7,0,0.0,2.0,8.0,22.0,Z01
201800051839,1.0,1,0,0.0,2.0,1.0,1.0,A01
201800051840,1.0,2,0,0.0,2.0,7.0,1.0,B01
201800051840,1.0,7,0,0.0,2.0,8.0,9.0,A01
201800051841,1.0,10,0,0.0,2.0,8.0,22.0,A01
201800051841,1.0,1,0,0.0,2.0,7.0,1.0,B01
201800051842,1.0,7,0,0.0,2.0,3.0,1.0,B01
201800051842,1.0,7,0,0.0,2.0,8.0,1.0,A01
201800051843,1.0,31,0,0.0,2.0,3.0,18.0,A01
201800051843,1.0,10,0,0.0,2.0,7.0,1.0,B01
201800051844,2.0,33,0,0.0,2.0,1.0,1.0,A01
201800051844,1.0,34,0,0.0,2.0,1.0,5.0,Z01
201800051845,1.0,10,0,0.0,1.0,2.0,1.0,A01
201800051846,1.0,7,0,0.0,2.0,3.0,10.0,Z01
201800051846,1.0,30,0,0.0,2.0,2.0,1.0,A01
201800051847,2.0,1,0,0.0,1.0,1.0,21.0,A01
201800051848,1.0,1,0,0.0,2.0,6.0,1.0,B01
201800051848,1.0,2,0,0.0,2.0,2.0,16.0,A01
201800051849,1.0,30,0,0.0,1.0,1.0,1.0,Z01
201800051850,2.0,37,20,0.0,1.0,5.0,1.0,A01
201800051851,2.0,32,0,0.0,2.0,1.0,17.0,A01
201800051851,2.0,7,0,0.0,2.0,8.0,15.0,B01
201800051852,2.0,30,0,0.0,2.0,0.0,1.0,Z01
201800051852,0.0,1,0,0.0,2.0,5.0,19.0,A01
201800051853,2.0,7,0,7.0,1.0,1.0,1.0,A01
201800051854,2.0,30,0,0.0,0.0,0.0,1.0,A01
201800051855,2.0,1,0,0.0,1.0,1.0,13.0,A01
201800051856,0.0,32,0,0.0,1.0,3.0,1.0,A01
201800051857,2.0,30,0,0.0,1.0,1.0,1.0,A01
201800051858,1.0,30,0,0.0,2.0,1.0,18.0,C01
201800051858,1.0,7,0,0.0,2.0,3.0,22.0,A01
201800051858,1.0,10,0,0.0,2.0,7.0,23.0,B01
201800051859,1.0,30,0,0.0,1.0,1.0,1.0,A01
201800051860,1.0,7,0,0.0,2.0,6.0,22.0,A01
201800051860,1.0,34,0,0.0,2.0,2.0,17.0,B01
201800051861,2.0,10,0,0.0,2.0,5.0,15.0,A01
201800051861,1.0,33,0,0.0,2.0,1.0,1.0,B01
201800051862,1.0,37,10,0.0,2.0,3.0,17.0,A01
201800051862,1.0,10,0,0.0,2.0,3.0,1.0,B01
201800051863,2.0,30,0,0.0,1.0,3.0,1.0,A01
201800051864,2.0,30,0,0.0,2.0,0.0,16.0,A01
201800051865,1.0,33,0,0.0,1.0,1.0,17.0,A01
201800051866,2.0,32,0,1.0,2.0,2.0,14.0,B01
201800051866,1.0,7,0,0.0,2.0,0.0,14.0,A01
201800051867,2.0,7,0,0.0,2.0,3.0,15.0,A01
201800051867,1.0,33,0,0.0,2.0,2.0,17.0,B01
201800051868,2.0,33,0,0.0,1.0,1.0,1.0,A01
201800051869,2.0,7,0,0.0,2.0,0.0,23.0,B01
201800051869,2.0,33,0,0.0,2.0,1.0,2.0,A01
201800051870,2.0,31,0,0.0,2.0,7.0,1.0,A01
201800051870,2.0,7,0,0.0,2.0,1.0,9.0,Z01
201800051871,1.0,7,0,1.0,2.0,3.0,9.0,B01
201800051871,1.0,7,0,0.0,2.0,2.0,1.0,A01
201800051872,1.0,7,0,0.0,1.0,1.0,1.0,A01
201800051873,1.0,14,0,0.0,2.0,6.0,13.0,Z01
201800051873,1.0,34,0,0.0,2.0,2.0,1.0,B01
201800051874,2.0,30,0,0.0,1.0,3.0,1.0,A01
201800051875,2.0,34,0,0.0,2.0,4.0,23.0,B01
201800051875,2.0,7,0,0.0,2.0,1.0,2.0,A01
201800051876,1.0,1,0,0.0,2.0,1.0,1.0,A01
201800051876,1.0,7,0,0.0,2.0,0.0,0.0,Z01
201800051877,1.0,10,0,0.0,2.0,1.0,2.0,A01
201800051877,1.0,7,0,0.0,2.0,4.0,23.0,C01
201800051877,1.0,7,0,0.0,2.0,4.0,2.0,B01
201800051878,2.0,30,0,0.0,2.0,3.0,1.0,B01
201800051878,2.0,7,0,0.0,2.0,2.0,16.0,A01
201800051879,1.0,7,0,0.0,2.0,1.0,1.0,A01
201800051879,2.0,7,0,0.0,2.0,1.0,1.0,B01
201800051880,0.0,33,0,0.0,1.0,1.0,1.0,A01
201800051881,1.0,10,0,0.0,2.0,7.0,15.0,B01
201800051881,1.0,32,0,0.0,2.0,2.0,17.0,A01
201800051882,2.0,7,0,0.0,2.0,0.0,10.0,Z01
201800051882,2.0,30,0,0.0,2.0,1.0,1.0,A01
201800051883,2.0,32,0,0.0,1.0,1.0,1.0,A01
201800051884,1.0,7,0,0.0,2.0,3.0,1.0,B01
201800051884,1.0,34,0,14.0,2.0,1.0,13.0,A01
201800051885,2.0,2,0,0.0,2.0,4.0,23.0,B01
201800051885,2.0,7,0,0.0,2.0,1.0,2.0,A01
201800051886,2.0,30,0,0.0,2.0,1.0,1.0,A01
201800051886,2.0,7,0,0.0,2.0,7.0,16.0,Z01
201800051887,1.0,1,0,1.0,2.0,5.0,1.0,A01
201800051887,2.0,32,0,0.0,2.0,1.0,1.0,B01
201800051888,2.0,32,0,0.0,0.0,1.0,21.0,A01
201800051889,2.0,30,0,0.0,1.0,1.0,1.0,A01
201800051890,2.0,32,0,0.0,2.0,1.0,3.0,A01
201800051890,2.0,1,0,0.0,2.0,7.0,12.0,B01
201800051891,1.0,33,0,1.0,2.0,1.0,1.0,A01
201800051891,2.0,1,0,0.0,2.0,6.0,19.0,B01
201800051892,1.0,7,0,0.0,1.0,3.0,1.0,A01
201800051893,1.0,30,0,0.0,0.0,7.0,21.0,A01
201800051894,2.0,32,0,0.0,1.0,1.0,1.0,A01
201800051895,1.0,7,0,0.0,2.0,1.0,1.0,A01
201800051895,1.0,7,0,0.0,2.0,7.0,1.0,B01
201800051896,1.0,30,0,0.0,2.0,1.0,1.0,A01
201800051896,2.0,7,0,0.0,2.0,5.0,15.0,B01
201800051897,1.0,7,0,0.0,2.0,5.0,16.0,A01
201800051897,1.0,30,0,0.0,2.0,8.0,7.0,B01
201800051898,1.0,7,0,0.0,2.0,1.0,1.0,A01
201800051898,1.0,1,0,0.0,2.0,8.0,19.0,B01
201800051899,1.0,7,0,0.0,1.0,3.0,15.0,A01
201800051900,2.0,10,0,0.0,1.0,7.0,1.0,A01
201800051901,2.0,7,0,0.0,2.0,2.0,1.0,B01
201800051901,2.0,7,0,7.0,2.0,9.0,13.0,A01
201800051902,2.0,7,0,0.0,2.0,2.0,17.0,A01
201800051902,2.0,7,0,0.0,2.0,8.0,13.0,B01
201800051903,1.0,33,0,0.0,1.0,7.0,17.0,A01
201800051904,1.0,7,0,0.0,2.0,5.0,15.0,A01
201800051904,2.0,33,0,0.0,2.0,1.0,1.0,B01
201800051905,1.0,7,0,0.0,2.0,2.0,16.0,A01
201800051905,1.0,1,0,0.0,2.0,4.0,7.0,B01
201800051906,2.0,7,0,0.0,2.0,4.0,2.0,B01
201800051906,2.0,7,0,0.0,2.0,1.0,23.0,A01
201800051907,1.0,10,0,0.0,2.0,6.0,1.0,B01
201800051907,1.0,7,0,0.0,2.0,1.0,1.0,A01
201800051908,1.0,2,0,0.0,2.0,1.0,1.0,B01
201800051908,2.0,7,0,0.0,2.0,2.0,1.0,A01
201800051909,2.0,33,0,0.0,2.0,7.0,1.0,B01
201800051909,2.0,10,0,0.0,2.0,2.0,15.0,A01
201800051910,1.0,7,0,0.0,1.0,1.0,1.0,A01
201800051911,1.0,7,0,0.0,1.0,2.0,16.0,A01
201800051912,2.0,2,0,0.0,0.0,0.0,1.0,A01
201800051913,2.0,32,0,0.0,0.0,0.0,1.0,A01
201800051914,1.0,7,0,0.0,2.0,2.0,14.0,A01
201800051914,1.0,2,0,0.0,2.0,8.0,1.0,B01
201800051915,1.0,7,0,0.0,2.0,4.0,1.0,B01
201800051915,1.0,7,0,0.0,2.0,1.0,1.0,A01
201800051916,1.0,34,0,0.0,1.0,1.0,1.0,A01
201800051917,1.0,32,0,0.0,2.0,1.0,15.0,A01
201800051917,1.0,30,0,0.0,2.0,1.0,1.0,B01
201800051918,1.0,33,0,0.0,1.0,1.0,16.0,A01
201800051919,2.0,10,0,0.0,1.0,3.0,15.0,A01
201800051920,1.0,7,0,0.0,1.0,1.0,23.0,B01
201800051920,1.0,14,0,0.0,2.0,1.0,16.0,A01
201800051921,1.0,7,0,0.0,2.0,4.0,1.0,A01
201800051921,1.0,10,0,0.0,2.0,1.0,1.0,Z01
201800051922,1.0,7,0,0.0,2.0,1.0,5.0,A01
201800051922,2.0,7,0,0.0,2.0,1.0,1.0,B01
201800051923,2.0,32,0,0.0,2.0,1.0,1.0,A01
201800051923,2.0,7,0,0.0,2.0,6.0,1.0,B01
201800051924,2.0,7,0,0.0,2.0,1.0,10.0,Z01
201800051924,1.0,32,0,0.0,2.0,3.0,1.0,A01
201800051925,2.0,7,0,0.0,2.0,1.0,15.0,A01
201800051925,1.0,32,0,0.0,2.0,3.0,1.0,B01
201800051926,2.0,7,0,0.0,2.0,2.0,15.0,A01
201800051926,1.0,1,0,0.0,2.0,8.0,16.0,B01
201800051927,2.0,34,0,14.0,2.0,3.0,17.0,A01
201800051927,2.0,7,0,0.0,2.0,3.0,23.0,B01
201800051928,2.0,10,0,0.0,1.0,1.0,1.0,A01
201800051929,1.0,7,0,0.0,2.0,1.0,13.0,A01
201800051929,1.0,32,0,0.0,2.0,2.0,1.0,B01
201800051930,1.0,33,0,0.0,2.0,2.0,16.0,B01
201800051930,1.0,7,0,0.0,2.0,8.0,7.0,A01
201800051931,2.0,7,0,0.0,1.0,3.0,15.0,Z01
201800051932,1.0,32,0,0.0,2.0,2.0,17.0,A01
201800051932,1.0,7,0,0.0,2.0,8.0,13.0,B01
201800051933,2.0,34,0,0.0,2.0,1.0,1.0,B01
201800051933,2.0,7,0,0.0,2.0,7.0,12.0,A01
201800051934,1.0,30,0,0.0,1.0,3.0,1.0,A01
201800051935,2.0,32,0,0.0,1.0,4.0,1.0,A01
201800051936,1.0,33,0,14.0,0.0,7.0,1.0,A01
201800051937,2.0,31,0,14.0,0.0,0.0,1.0,A01
201800051938,2.0,31,0,0.0,0.0,8.0,1.0,A01
201800051939,2.0,31,0,0.0,2.0,3.0,1.0,B01
201800051939,1.0,7,0,0.0,2.0,2.0,1.0,A01
201800051940,2.0,7,0,0.0,1.0,2.0,1.0,A01
201800051941,1.0,7,0,0.0,2.0,3.0,9.0,A01
201800051941,1.0,33,0,0.0,2.0,7.0,1.0,B01
201800051942,1.0,34,0,0.0,1.0,2.0,1.0,A01
201800051943,1.0,3,0,1.0,0.0,2.0,14.0,A01
201800051944,1.0,7,0,14.0,0.0,1.0,1.0,A01
201800051944,1.0,7,0,0.0,2.0,4.0,23.0,B01
201800051945,1.0,31,0,0.0,2.0,5.0,1.0,B01
201800051945,1.0,7,0,0.0,2.0,3.0,10.0,A01
201800051946,2.0,7,0,0.0,1.0,2.0,1.0,A01
201800051947,1.0,7,0,0.0,2.0,1.0,2.0,A01
201800051947,2.0,1,0,0.0,2.0,4.0,2.0,B01
201800051948,1.0,7,0,0.0,2.0,4.0,1.0,B01
201800051948,1.0,32,0,0.0,2.0,1.0,1.0,A01
201800051949,1.0,10,0,0.0,1.0,1.0,15.0,A01
201800051950,1.0,31,0,0.0,2.0,8.0,16.0,B01
201800051950,1.0,33,0,0.0,2.0,0.0,1.0,A01
201800051951,2.0,10,0,0.0,2.0,3.0,15.0,A01
201800051951,2.0,33,0,0.0,2.0,2.0,17.0,B01
201800051952,2.0,10,0,0.0,2.0,6.0,21.0,B01
201800051952,1.0,7,0,0.0,2.0,8.0,13.0,A01
201800051953,1.0,31,0,0.0,2.0,2.0,1.0,B01
201800051953,1.0,7,0,0.0,2.0,6.0,10.0,A01
201800051954,1.0,1,0,8.0,1.0,1.0,1.0,A01
201800051955,1.0,7,0,0.0,1.0,1.0,1.0,A01
201800051956,2.0,10,0,0.0,1.0,1.0,1.0,A01
201800051957,1.0,7,0,0.0,1.0,1.0,1.0,A01
201800051958,1.0,7,0,0.0,1.0,3.0,1.0,A01
201800051959,1.0,1,0,0.0,2.0,5.0,2.0,A01
201800051959,1.0,7,0,0.0,2.0,5.0,2.0,B01
201800051960,1.0,33,0,0.0,2.0,1.0,1.0,B01
201800051960,1.0,7,0,0.0,2.0,3.0,10.0,A01
201800051961,2.0,31,0,0.0,2.0,2.0,17.0,B01
201800051961,1.0,7,0,0.0,2.0,3.0,15.0,A01
201800051962,1.0,31,0,0.0,0.0,7.0,1.0,A01
201800051963,1.0,30,0,0.0,2.0,1.0,1.0,A01
201800051963,1.0,7,0,0.0,2.0,6.0,10.0,B01
201800051964,1.0,37,0,0.0,1.0,2.0,16.0,A01
201800051965,1.0,2,0,0.0,2.0,1.0,18.0,A01
201800051965,1.0,10,0,0.0,2.0,2.0,16.0,B01
201800051966,1.0,7,0,0.0,2.0,2.0,16.0,B01
201800051966,2.0,32,0,0.0,2.0,3.0,7.0,A01
201800051967,1.0,33,0,0.0,2.0,1.0,1.0,A01
201800051967,1.0,7,0,0.0,2.0,4.0,1.0,B01
201800051968,2.0,7,0,0.0,2.0,7.0,16.0,A01
201800051968,2.0,1,0,0.0,2.0,2.0,7.0,B01
201800051969,2.0,7,0,0.0,2.0,1.0,1.0,B01
201800051969,1.0,7,0,0.0,2.0,1.0,13.0,A01
201800051970,1.0,10,0,9.0,0.0,1.0,14.0,A01
201800051971,1.0,7,0,0.0,2.0,3.0,15.0,A01
201800051971,1.0,32,0,0.0,2.0,2.0,17.0,B01
201800051972,2.0,7,0,1.0,0.0,1.0,14.0,A01
201800051973,1.0,33,0,0.0,1.0,1.0,1.0,A01
201800051974,2.0,1,0,0.0,2.0,1.0,1.0,B01
201800051974,1.0,2,0,0.0,2.0,1.0,15.0,A01
201800051975,0.0,99,0,0.0,2.0,0.0,0.0,R01
201800051975,2.0,7,0,0.0,2.0,1.0,1.0,A01
201800051976,1.0,7,0,0.0,1.0,3.0,1.0,A01
201800051977,2.0,2,0,0.0,2.0,8.0,1.0,B01
201800051977,2.0,7,0,0.0,2.0,6.0,4.0,A01
201800051978,2.0,7,0,0.0,1.0,2.0,15.0,A01
201800051979,1.0,2,0,0.0,2.0,2.0,15.0,A01
201800051979,2.0,31,0,0.0,2.0,1.0,1.0,B01
201800051980,1.0,7,0,0.0,2.0,3.0,13.0,A01
201800051980,1.0,31,0,0.0,2.0,2.0,23.0,B01
201800051981,1.0,7,0,0.0,1.0,2.0,1.0,A01
201800051982,1.0,10,0,0.0,1.0,2.0,1.0,A01
201800051983,1.0,7,0,0.0,2.0,5.0,23.0,B01
201800051983,1.0,7,0,0.0,2.0,3.0,1.0,A01
201800051984,1.0,33,0,0.0,2.0,8.0,11.0,A01
201800051984,1.0,33,0,0.0,2.0,0.0,1.0,B01
201800051985,1.0,7,0,0.0,2.0,4.0,23.0,A01
201800051985,1.0,7,0,0.0,2.0,1.0,2.0,Z01
201800051986,1.0,10,0,0.0,2.0,1.0,2.0,A01