Num_Acc,senc,catv,occutc,obs,obsm,choc,manv,num_veh
201800052233,2.0,7,0,0.0,2.0,3.0,13.0,A01
201800052233,1.0,30,0,0.0,2.0,1.0,17.0,B01
201800052234,1.0,7,0,0.0,2.0,6.0,23.0,B01
201800052234,1.0,33,0,0.0,2.0,3.0,1.0,A01
201800052235,2.0,1,0,0.0,0.0,7.0,16.0,A01
201800052236,2.0,7,0,0.0,1.0,2.0,1.0,A01
201800052237,1.0,2,0,14.0,2.0,0.0,1.0,A01
201800052237,1.0,7,0,0.0,2.0,0.0,13.0,Z01
201800052238,1.0,7,0,0.0,2.0,3.0,1.0,B01
201800052238,2.0,32,0,0.0,2.0,7.0,15.0,A01
201800052239,2.0,10,0,0.0,2.0,2.0,16.0,A01
201800052239,2.0,7,0,0.0,2.0,3.0,7.0,B01
201800052240,2.0,31,0,0.0,2.0,8.0,18.0,A01
201800052240,2.0,7,0,0.0,2.0,2.0,14.0,B01
201800052241,2.0,32,0,0.0,1.0,0.0,1.0,Z01
201800052242,2.0,33,0,0.0,0.0,4.0,1.0,A01
201800052243,2.0,32,0,0.0,0.0,2.0,1.0,A01
201800052244,2.0,30,0,0.0,0.0,0.0,21.0,A01
201800052245,1.0,7,0,0.0,2.0,1.0,1.0,B01
201800052245,1.0,1,0,0.0,2.0,6.0,13.0,A01
201800052246,1.0,30,0,0.0,2.0,2.0,1.0,A01
201800052246,1.0,7,0,0.0,2.0,1.0,1.0,B01
201800052247,2.0,34,0,0.0,1.0,7.0,17.0,A01
201800052248,2.0,7,0,0.0,1.0,1.0,16.0,A01
201800052249,2.0,33,0,0.0,2.0,7.0,1.0,A01
201800052249,2.0,33,0,0.0,2.0,8.0,13.0,Z01
201800052250,2.0,1,0,0.0,2.0,7.0,19.0,B01
201800052250,1.0,32,0,0.0,2.0,1.0,1.0,A01
201800052251,2.0,32,0,0.0,1.0,1.0,1.0,A01
201800052252,0.0,7,0,0.0,2.0,5.0,4.0,A01
201800052252,1.0,32,0,0.0,2.0,2.0,1.0,B01
201800052253,2.0,7,0,0.0,1.0,1.0,15.0,A01
201800052254,1.0,1,0,1.0,0.0,2.0,14.0,A01
201800052255,1.0,33,0,0.0,2.0,6.0,2.0,B01
201800052255,1.0,7,0,0.0,2.0,0.0,2.0,A01
201800052256,2.0,1,0,0.0,2.0,1.0,19.0,B01
201800052256,2.0,32,0,0.0,2.0,1.0,1.0,A01
201800052257,1.0,34,0,0.0,1.0,2.0,1.0,A01
201800052258,2.0,32,0,0.0,2.0,1.0,21.0,B01
201800052258,2.0,7,0,0.0,2.0,3.0,10.0,A01
201800052259,1.0,7,0,0.0,2.0,8.0,10.0,A01
201800052259,1.0,33,0,0.0,2.0,1.0,1.0,B01
201800052260,1.0,13,0,0.0,2.0,7.0,1.0,B01
201800052260,1.0,1,0,0.0,2.0,8.0,18.0,A01
201800052261,2.0,7,0,1.0,0.0,1.0,14.0,A01
201800052262,1.0,7,0,0.0,1.0,1.0,16.0,A01
201800052263,1.0,7,0,0.0,2.0,4.0,23.0,B01
201800052263,1.0,34,0,0.0,2.0,1.0,2.0,A01
201800052264,1.0,7,0,0.0,1.0,4.0,20.0,A01
201800052265,2.0,7,0,0.0,1.0,3.0,15.0,A01
201800052266,2.0,33,0,14.0,0.0,3.0,13.0,A01
201800052267,1.0,30,0,0.0,1.0,1.0,1.0,A01
201800052268,1.0,30,0,0.0,2.0,1.0,1.0,B01
201800052268,1.0,7,0,0.0,2.0,8.0,10.0,A01
201800052269,0.0,7,0,0.0,2.0,3.0,1.0,A01
201800052269,0.0,1,0,0.0,2.0,7.0,17.0,B01
201800052270,2.0,34,0,0.0,2.0,1.0,1.0,B01
201800052270,1.0,34,0,0.0,2.0,1.0,13.0,A01
201800052271,2.0,31,0,14.0,0.0,7.0,14.0,A01
201800052272,1.0,33,0,0.0,2.0,1.0,21.0,A01
201800052272,1.0,7,0,0.0,2.0,4.0,23.0,B01
201800052273,1.0,33,0,0.0,0.0,7.0,1.0,A01
201800052274,1.0,30,0,0.0,2.0,1.0,16.0,Z01
201800052274,1.0,1,0,0.0,2.0,8.0,19.0,A01
201800052275,1.0,7,0,0.0,2.0,2.0,14.0,Z01
201800052275,1.0,2,0,0.0,2.0,6.0,1.0,A01
201800052276,0.0,7,0,0.0,2.0,0.0,11.0,A01
201800052276,0.0,33,0,0.0,2.0,7.0,1.0,B01
201800052277,0.0,99,0,0.0,1.0,1.0,1.0,A01
201800052278,1.0,99,0,0.0,2.0,1.0,1.0,B01
201800052278,1.0,7,0,8.0,2.0,3.0,15.0,A01
201800052279,2.0,32,0,14.0,0.0,7.0,1.0,A01
201800052280,0.0,7,0,1.0,2.0,9.0,4.0,A01
201800052280,0.0,7,0,0.0,2.0,7.0,24.0,D01
201800052280,0.0,7,0,0.0,2.0,3.0,24.0,B01
201800052281,1.0,7,0,0.0,1.0,3.0,1.0,A01
201800052282,1.0,99,0,0.0,2.0,1.0,19.0,B01
201800052282,1.0,13,0,0.0,2.0,1.0,16.0,A01
201800052283,2.0,7,0,0.0,2.0,6.0,23.0,B01
201800052283,2.0,3,0,0.0,2.0,1.0,2.0,A01
201800052284,1.0,10,0,0.0,2.0,1.0,10.0,A01
201800052284,2.0,33,0,0.0,2.0,1.0,1.0,B01
201800052285,1.0,7,0,0.0,2.0,2.0,10.0,A01
201800052285,2.0,33,0,0.0,2.0,1.0,1.0,B01
201800052286,0.0,7,0,11.0,0.0,1.0,1.0,A01
201800052287,1.0,34,0,0.0,2.0,4.0,23.0,B01
201800052287,1.0,7,0,0.0,2.0,1.0,2.0,A01
201800052288,1.0,33,0,0.0,2.0,1.0,17.0,B01
201800052288,1.0,7,0,0.0,2.0,1.0,10.0,A01
201800052289,1.0,31,0,0.0,2.0,2.0,17.0,B01
201800052289,1.0,7,0,0.0,2.0,8.0,15.0,A01
201800052290,1.0,99,0,0.0,1.0,1.0,1.0,A01
201800052291,1.0,7,0,0.0,1.0,5.0,1.0,A01
201800052292,1.0,34,0,11.0,0.0,1.0,13.0,A01
201800052293,1.0,30,0,0.0,2.0,3.0,1.0,A01
201800052293,1.0,7,0,0.0,2.0,6.0,16.0,B01
201800052294,2.0,7,0,0.0,1.0,1.0,16.0,A01
201800052295,2.0,1,0,0.0,2.0,1.0,1.0,B01
201800052295,1.0,7,0,0.0,2.0,3.0,15.0,A01
201800052296,1.0,7,0,0.0,1.0,5.0,1.0,A01
201800052297,1.0,30,0,14.0,0.0,8.0,13.0,A01
201800052298,0.0,7,0,0.0,2.0,2.0,23.0,B01
201800052298,1.0,30,0,0.0,2.0,1.0,1.0,A01
201800052299,1.0,7,0,0.0,2.0,4.0,23.0,C01
201800052299,1.0,7,0,0.0,2.0,6.0,23.0,B01
201800052299,1.0,7,0,0.0,2.0,1.0,2.0,A01
201800052300,2.0,33,0,0.0,2.0,1.0,1.0,B01
201800052300,1.0,7,0,0.0,2.0,1.0,15.0,A01
201800052301,1.0,10,0,0.0,2.0,1.0,2.0,Z01
201800052301,1.0,7,0,0.0,2.0,4.0,23.0,A01
201800052302,1.0,7,0,0.0,2.0,1.0,2.0,A01
201800052302,1.0,33,0,1.0,2.0,4.0,2.0,B01
201800052303,1.0,30,0,0.0,2.0,1.0,1.0,A01
201800052303,1.0,7,0,0.0,2.0,3.0,9.0,B01
201800052304,1.0,30,0,0.0,1.0,7.0,21.0,A01
201800052305,2.0,10,0,0.0,2.0,6.0,10.0,B01
201800052305,1.0,32,0,0.0,2.0,1.0,1.0,A01
201800052306,2.0,37,0,0.0,1.0,2.0,1.0,A01
201800052307,1.0,33,0,15.0,1.0,2.0,1.0,B01
201800052307,1.0,7,0,0.0,2.0,2.0,16.0,A01
201800052308,1.0,7,0,1.0,2.0,7.0,23.0,B01
201800052308,1.0,7,0,0.0,2.0,1.0,2.0,A01
201800052309,2.0,31,0,0.0,1.0,2.0,1.0,A01
201800052310,2.0,30,0,0.0,1.0,7.0,18.0,Z01
201800052310,2.0,7,0,0.0,2.0,5.0,23.0,A01
201800052311,1.0,30,0,8.0,0.0,3.0,1.0,A01
201800052312,2.0,7,0,0.0,1.0,4.0,20.0,A01
201800052313,2.0,7,0,0.0,2.0,2.0,15.0,A01
201800052313,1.0,30,0,0.0,2.0,1.0,1.0,B01
201800052314,2.0,7,0,0.0,2.0,0.0,16.0,A01
201800052314,2.0,33,0,0.0,2.0,0.0,1.0,B01
201800052315,1.0,10,0,0.0,2.0,4.0,4.0,A01
201800052315,1.0,1,0,0.0,2.0,1.0,1.0,B01
201800052316,1.0,34,0,0.0,1.0,1.0,21.0,A01
201800052317,1.0,32,0,0.0,9.0,0.0,1.0,A01
201800052318,1.0,7,0,0.0,1.0,1.0,1.0,A01
201800052319,2.0,7,0,1.0,0.0,2.0,14.0,A01
201800052320,2.0,1,0,0.0,1.0,8.0,1.0,A01
201800052321,2.0,1,0,0.0,2.0,6.0,15.0,A01
201800052321,2.0,34,0,0.0,2.0,1.0,1.0,Z01
201800052322,1.0,34,0,0.0,1.0,1.0,21.0,A01
201800052322,1.0,7,0,0.0,2.0,7.0,23.0,B01
201800052323,1.0,7,0,7.0,0.0,3.0,15.0,A01
201800052324,1.0,33,0,0.0,1.0,2.0,1.0,A01
201800052325,1.0,33,0,0.0,2.0,1.0,1.0,B01
201800052325,2.0,7,0,0.0,2.0,5.0,9.0,A01
201800052326,1.0,7,0,0.0,2.0,7.0,22.0,A01
201800052326,1.0,1,0,0.0,2.0,1.0,1.0,B01
201800052327,1.0,7,0,0.0,1.0,2.0,1.0,A01
201800052328,1.0,7,0,0.0,1.0,1.0,1.0,A01
201800052329,1.0,7,0,0.0,1.0,1.0,1.0,A01
201800052330,2.0,31,0,0.0,2.0,1.0,1.0,A01
201800052330,1.0,7,0,0.0,2.0,2.0,15.0,B01
201800052331,1.0,31,0,0.0,2.0,2.0,1.0,A01
201800052331,1.0,7,0,0.0,2.0,3.0,16.0,B01
201800052332,2.0,7,0,0.0,1.0,3.0,1.0,A01
201800052333,2.0,10,0,0.0,2.0,2.0,1.0,B01
201800052333,2.0,7,0,1.0,2.0,1.0,13.0,A01
201800052334,1.0,10,0,0.0,1.0,7.0,1.0,A01
201800052335,1.0,7,0,0.0,2.0,2.0,1.0,B01
201800052335,1.0,2,0,0.0,2.0,7.0,13.0,A01
201800052336,2.0,7,0,0.0,0.0,3.0,12.0,Z01
201800052336,2.0,7,0,11.0,0.0,3.0,21.0,A01
201800052337,1.0,34,0,0.0,1.0,2.0,1.0,A01
201800052338,2.0,7,0,0.0,2.0,1.0,15.0,A01
201800052338,1.0,2,0,0.0,2.0,8.0,18.0,B01
201800052339,1.0,7,0,0.0,2.0,0.0,11.0,Z01
201800052339,1.0,31,0,0.0,2.0,0.0,3.0,A01
201800052340,2.0,33,0,0.0,2.0,8.0,16.0,B01
201800052340,2.0,7,0,0.0,2.0,7.0,16.0,A01
201800052341,1.0,7,0,0.0,2.0,2.0,16.0,A01
201800052341,2.0,1,0,0.0,2.0,1.0,1.0,B01
201800052342,2.0,7,0,0.0,2.0,4.0,23.0,A01
201800052342,2.0,7,0,0.0,2.0,1.0,1.0,Z01
201800052343,1.0,10,0,0.0,2.0,5.0,16.0,A01
201800052343,1.0,1,0,0.0,2.0,8.0,1.0,B01
201800052344,1.0,2,0,0.0,0.0,7.0,15.0,A01
201800052345,2.0,33,0,0.0,0.0,8.0,10.0,A01
201800052346,1.0,7,0,7.0,0.0,3.0,13.0,A01
201800052347,2.0,33,0,0.0,2.0,1.0,1.0,B01
201800052347,1.0,7,0,0.0,2.0,2.0,10.0,A01
201800052348,1.0,7,0,0.0,2.0,2.0,15.0,A01
201800052348,2.0,32,0,0.0,2.0,8.0,1.0,B01
201800052349,2.0,7,0,0.0,2.0,2.0,2.0,A01
201800052349,2.0,7,0,0.0,2.0,4.0,23.0,B01
201800052349,2.0,34,0,0.0,2.0,4.0,23.0,C01
201800052350,2.0,31,0,0.0,2.0,2.0,1.0,B01
201800052350,2.0,7,0,0.0,2.0,8.0,16.0,A01
201800052351,2.0,1,0,0.0,1.0,1.0,1.0,A01
201800052352,2.0,7,0,0.0,2.0,0.0,10.0,A01
201800052352,2.0,31,0,0.0,2.0,8.0,1.0,B01
201800052353,2.0,31,0,0.0,2.0,1.0,1.0,B01
201800052353,1.0,10,0,0.0,2.0,3.0,1.0,A01
201800052354,2.0,31,0,0.0,1.0,1.0,1.0,A01
201800052355,1.0,7,0,0.0,2.0,2.0,1.0,Z01
201800052355,1.0,1,0,0.0,2.0,4.0,1.0,A01
201800052356,2.0,33,0,0.0,2.0,2.0,1.0,B01
201800052356,1.0,10,0,0.0,2.0,2.0,10.0,A01
201800052357,1.0,1,0,0.0,1.0,4.0,1.0,A01
201800052358,2.0,7,0,0.0,1.0,1.0,1.0,A01
201800052359,1.0,13,0,0.0,2.0,4.0,15.0,A01
201800052359,1.0,31,0,0.0,2.0,4.0,1.0,B01
201800052360,2.0,30,0,0.0,2.0,1.0,1.0,A01
201800052360,1.0,7,0,0.0,2.0,1.0,15.0,B01
201800052361,1.0,7,0,11.0,0.0,8.0,13.0,Z01
201800052362,1.0,7,0,0.0,1.0,2.0,16.0,A01
201800052363,2.0,33,0,0.0,2.0,1.0,17.0,B01
201800052363,2.0,7,0,0.0,2.0,3.0,9.0,A01
201800052364,2.0,7,0,0.0,1.0,3.0,15.0,A01
201800052365,1.0,34,0,0.0,2.0,3.0,7.0,A01
201800052365,1.0,7,0,0.0,2.0,2.0,10.0,B01
201800052366,1.0,7,0,0.0,2.0,1.0,10.0,A01
201800052366,1.0,31,0,0.0,2.0,1.0,17.0,B01
201800052367,2.0,7,0,0.0,2.0,3.0,10.0,A01
201800052367,2.0,33,0,0.0,2.0,1.0,1.0,B01
201800052368,2.0,7,0,0.0,2.0,2.0,23.0,B01
201800052368,2.0,1,0,0.0,2.0,3.0,1.0,A01
201800052369,2.0,7,0,0.0,2.0,1.0,1.0,A01
201800052369,2.0,7,0,0.0,2.0,6.0,23.0,B01
201800052370,1.0,7,0,1.0,0.0,2.0,14.0,A01
201800052371,1.0,10,0,0.0,2.0,6.0,10.0,A01
201800052371,1.0,2,0,0.0,2.0,1.0,1.0,B01
201800052372,2.0,7,0,0.0,2.0,2.0,16.0,A01
201800052372,2.0,1,0,0.0,2.0,1.0,1.0,B01
201800052373,1.0,33,0,0.0,2.0,7.0,1.0,B01
201800052373,1.0,7,0,0.0,2.0,3.0,9.0,A01
201800052374,1.0,1,0,0.0,1.0,1.0,17.0,A01
201800052375,2.0,7,0,0.0,2.0,8.0,0.0,B01
201800052375,1.0,30,0,0.0,2.0,2.0,15.0,A01
201800052376,1.0,1,0,0.0,2.0,3.0,13.0,A01
201800052376,1.0,31,0,0.0,2.0,2.0,1.0,B01
201800052377,2.0,7,0,0.0,1.0,3.0,15.0,A01
201800052378,1.0,2,0,0.0,2.0,2.0,17.0,A01
201800052378,2.0,7,0,0.0,2.0,3.0,10.0,Z01
201800052379,2.0,2,0,0.0,0.0,0.0,16.0,A01
201800052380,1.0,32,0,0.0,1.0,3.0,1.0,A01
201800052381,2.0,99,0,0.0,0.0,1.0,21.0,A01
201800052382,2.0,33,0,0.0,0.0,8.0,15.0,A01
201800052383,2.0,37,0,0.0,2.0,1.0,1.0,B01
201800052383,2.0,7,0,0.0,2.0,8.0,10.0,A01
201800052384,1.0,7,0,9.0,1.0,1.0,13.0,A01
201800052385,1.0,31,0,0.0,2.0,1.0,2.0,A01
201800052385,1.0,7,0,0.0,2.0,5.0,2.0,B01
201800052386,1.0,7,0,0.0,2.0,1.0,2.0,A01
201800052386,1.0,7,0,0.0,2.0,4.0,15.0,B01
201800052387,2.0,34,0,0.0,2.0,1.0,1.0,B01
201800052387,2.0,30,0,0.0,2.0,3.0,9.0,A01
201800052388,1.0,7,0,0.0,1.0,1.0,1.0,A01
201800052389,1.0,32,0,0.0,2.0,8.0,3.0,B01
201800052389,1.0,7,0,0.0,2.0,6.0,1.0,A01
201800052390,1.0,2,0,0.0,0.0,1.0,14.0,A01
201800052391,1.0,99,0,0.0,2.0,8.0,1.0,B01
201800052391,1.0,30,0,0.0,2.0,1.0,9.0,A01
201800052392,2.0,32,0,0.0,2.0,1.0,2.0,B01
201800052392,1.0,7,0,0.0,2.0,1.0,15.0,A01
201800052393,1.0,7,0,0.0,2.0,8.0,15.0,A01
201800052393,1.0,10,0,0.0,2.0,2.0,7.0,B01
201800052394,2.0,34,0,0.0,1.0,1.0,1.0,A01
201800052395,1.0,33,0,0.0,2.0,4.0,16.0,A01
201800052395,1.0,7,0,0.0,2.0,1.0,16.0,Z01
201800052396,1.0,7,0,0.0,1.0,3.0,1.0,A01
201800052397,2.0,7,0,0.0,1.0,1.0,1.0,A01
201800052398,2.0,31,0,0.0,2.0,8.0,18.0,A01
201800052398,2.0,7,0,0.0,2.0,7.0,16.0,B01
201800052399,1.0,7,0,0.0,2.0,1.0,1.0,B01
201800052399,2.0,7,0,0.0,2.0,3.0,15.0,A01
201800052400,2.0,34,0,1.0,0.0,1.0,13.0,A01
201800052401,2.0,7,0,0.0,2.0,7.0,13.0,A01
201800052401,2.0,1,0,0.0,2.0,8.0,1.0,B01
201800052402,2.0,1,0,0.0,2.0,7.0,19.0,C01
201800052402,1.0,7,0,0.0,2.0,1.0,1.0,A01
201800052402,1.0,7,0,0.0,2.0,4.0,23.0,B01
201800052403,2.0,1,0,0.0,1.0,3.0,1.0,A01
201800052404,2.0,33,0,0.0,2.0,3.0,1.0,B01
201800052404,1.0,7,0,0.0,2.0,1.0,15.0,A01
201800052405,2.0,10,0,0.0,2.0,2.0,15.0,B01
201800052405,1.0,32,0,0.0,2.0,3.0,1.0,A01
201800052406,1.0,2,0,0.0,0.0,4.0,1.0,A01
201800052407,1.0,31,0,11.0,0.0,1.0,12.0,A01
201800052408,1.0,2,0,0.0,0.0,0.0,1.0,A01
201800052409,1.0,7,0,0.0,1.0,3.0,19.0,A01
201800052410,1.0,10,0,0.0,2.0,1.0,1.0,A01
201800052410,1.0,7,0,0.0,2.0,4.0,23.0,B01
201800052411,2.0,1,0,0.0,0.0,0.0,21.0,A01
201800052412,1.0,1,0,0.0,2.0,0.0,1.0,A01
201800052412,1.0,1,0,0.0,2.0,5.0,1.0,B01
201800052413,1.0,33,0,1.0,2.0,0.0,13.0,A01
201800052413,1.0,7,0,0.0,2.0,6.0,23.0,B01
201800052414,1.0,7,0,0.0,1.0,2.0,1.0,A01
201800052415,1.0,7,0,1.0,2.0,1.0,1.0,A01
201800052415,0.0,7,0,0.0,2.0,2.0,1.0,B01
201800052416,1.0,7,0,0.0,2.0,2.0,15.0,A01
201800052416,2.0,33,0,0.0,2.0,1.0,1.0,B01
201800052417,2.0,2,0,0.0,0.0,8.0,21.0,A01
201800052418,1.0,7,0,0.0,1.0,8.0,1.0,A01
201800052419,1.0,10,0,8.0,0.0,1.0,14.0,A01
201800052420,1.0,2,0,0.0,1.0,1.0,1.0,A01
201800052421,2.0,7,0,8.0,0.0,8.0,13.0,A01
201800052422,1.0,7,0,1.0,0.0,1.0,13.0,A01
201800052423,2.0,10,0,0.0,1.0,2.0,1.0,A01
201800052424,1.0,7,0,1.0,0.0,3.0,13.0,A01
201800052425,2.0,32,0,0.0,2.0,1.0,1.0,Z01
201800052425,0.0,1,0,0.0,2.0,3.0,19.0,A01
201800052426,1.0,7,0,0.0,2.0,2.0,15.0,A01
201800052426,2.0,2,0,0.0,2.0,1.0,1.0,B01
201800052427,2.0,30,0,0.0,1.0,0.0,5.0,Z01
201800052428,1.0,7,0,12.0,0.0,2.0,1.0,A01
201800052429,2.0,31,0,5.0,0.0,1.0,21.0,A01
201800052430,2.0,31,0,0.0,2.0,0.0,1.0,A01
201800052430,1.0,7,0,0.0,2.0,0.0,15.0,B01
201800052431,1.0,34,0,0.0,2.0,1.0,1.0,B01
201800052431,2.0,7,0,0.0,2.0,2.0,1.0,A01
201800052432,2.0,7,0,0.0,2.0,7.0,15.0,A01
201800052432,1.0,33,0,0.0,2.0,1.0,1.0,B01
201800052433,2.0,34,0,0.0,2.0,1.0,1.0,B01
201800052433,1.0,7,0,0.0,2.0,2.0,15.0,A01
201800052434,1.0,7,0,0.0,2.0,1.0,2.0,A01
201800052434,1.0,7,0,0.0,2.0,4.0,23.0,B01
201800052435,2.0,7,0,0.0,2.0,4.0,23.0,B01
201800052435,2.0,7,0,0.0,2.0,2.0,1.0,A01
201800052436,1.0,7,0,0.0,2.0,7.0,16.0,B01
201800052436,1.0,30,0,0.0,2.0,1.0,18.0,A01
201800052437,1.0,2,0,0.0,0.0,0.0,18.0,A01
201800052438,1.0,2,0,0.0,1.0,1.0,1.0,A01
201800052439,1.0,1,0,0.0,1.0,8.0,1.0,A01
201800052440,1.0,7,0,0.0,2.0,3.0,7.0,A01
201800052440,1.0,14,0,0.0,2.0,2.0,16.0,B01
201800052441,0.0,34,0,0.0,1.0,0.0,1.0,Z01
201800052442,2.0,31,0,0.0,2.0,2.0,1.0,B01
201800052442,2.0,7,0,0.0,2.0,3.0,9.0,A01
201800052443,1.0,7,0,0.0,2.0,4.0,23.0,C01
201800052443,1.0,7,0,0.0,2.0,5.0,23.0,B01
201800052443,1.0,7,0,0.0,2.0,1.0,1.0,A01
201800052444,1.0,7,0,0.0,2.0,5.0,15.0,A01
201800052444,2.0,33,0,0.0,2.0,1.0,1.0,B01
201800052445,1.0,33,0,0.0,2.0,3.0,1.0,B01
201800052445,2.0,14,0,0.0,2.0,6.0,23.0,A01
201800052446,2.0,7,0,0.0,1.0,1.0,1.0,A01
201800052447,2.0,33,0,0.0,0.0,8.0,21.0,A01
201800052448,1.0,2,0,0.0,1.0,1.0,17.0,A01
201800052449,2.0,32,0,0.0,2.0,5.0,17.0,B01
201800052449,2.0,7,0,0.0,2.0,3.0,11.0,A01
201800052450,2.0,7,0,0.0,1.0,2.0,1.0,A01
201800052451,2.0,1,0,0.0,2.0,1.0,5.0,A01
201800052451,2.0,7,0,0.0,2.0,8.0,15.0,B01
201800052452,1.0,2,0,0.0,2.0,7.0,17.0,B01
201800052452,1.0,7,0,0.0,2.0,8.0,15.0,A01
201800052453,1.0,7,0,1.0,0.0,1.0,1.0,A01
201800052454,1.0,33,0,0.0,2.0,2.0,15.0,A01
201800052454,2.0,33,0,0.0,2.0,1.0,1.0,B01
201800052455,2.0,33,0,0.0,0.0,7.0,1.0,A01
201800052456,2.0,7,0,0.0,2.0,5.0,15.0,A01
201800052456,1.0,2,0,0.0,2.0,1.0,7.0,B01
201800052457,2.0,31,0,0.0,2.0,1.0,1.0,B01
201800052457,2.0,7,0,0.0,2.0,6.0,15.0,A01
201800052458,1.0,1,0,0.0,1.0,7.0,2.0,A01
201800052459,1.0,7,0,0.0,2.0,2.0,10.0,A01
201800052459,2.0,7,0,0.0,2.0,3.0,1.0,B01
201800052460,2.0,7,0,0.0,2.0,2.0,15.0,A01
201800052460,1.0,30,0,0.0,2.0,1.0,1.0,B01
201800052461,1.0,1,0,0.0,1.0,1.0,17.0,A01
201800052462,2.0,7,0,0.0,2.0,2.0,16.0,A01
201800052462,2.0,33,0,0.0,2.0,8.0,18.0,B01
201800052463,1.0,1,0,0.0,1.0,1.0,1.0,A01
201800052464,2.0,7,0,0.0,2.0,3.0,15.0,A01
201800052464,2.0,30,0,0.0,2.0,1.0,1.0,B01
201800052465,1.0,1,0,0.0,0.0,1.0,21.0,A01
201800052466,1.0,7,0,0.0,1.0,1.0,1.0,Z01
201800052467,2.0,2,0,0.0,2.0,1.0,1.0,A01
201800052467,1.0,10,0,0.0,2.0,6.0,9.0,B01
201800052468,1.0,7,0,0.0,2.0,5.0,1.0,A01
201800052468,1.0,33,0,0.0,2.0,1.0,9.0,B01
201800052469,1.0,32,0,12.0,2.0,8.0,1.0,A01
201800052469,1.0,10,0,0.0,2.0,0.0,14.0,Z01
201800052470,2.0,1,0,0.0,2.0,8.0,19.0,A01
201800052470,2.0,33,0,0.0,2.0,1.0,16.0,B01
201800052471,2.0,7,0,0.0,1.0,1.0,1.0,A01
201800052472,2.0,33,0,0.0,2.0,7.0,1.0,B01
201800052472,2.0,7,0,0.0,2.0,6.0,11.0,A01
201800052473,1.0,7,0,0.0,1.0,1.0,1.0,A01
201800052474,1.0,7,0,11.0,0.0,1.0,1.0,A01
201800052475,1.0,31,0,0.0,0.0,8.0,1.0,A01
201800052476,2.0,2,0,0.0,2.0,1.0,1.0,A01
201800052476,2.0,7,0,0.0,2.0,4.0,20.0,B01
201800052477,2.0,10,0,0.0,2.0,4.0,23.0,C01
201800052477,2.0,7,0,0.0,2.0,4.0,23.0,B01
201800052477,2.0,10,0,0.0,2.0,1.0,2.0,A01
201800052478,1.0,7,0,0.0,2.0,2.0,1.0,Z01
201800052478,2.0,99,0,0.0,2.0,5.0,1.0,B01
201800052479,1.0,7,0,0.0,2.0,6.0,15.0,B01
201800052479,1.0,33,0,0.0,2.0,2.0,17.0,A01
201800052480,1.0,7,0,0.0,1.0,3.0,15.0,A01
201800052481,2.0,1,0,0.0,2.0,1.0,1.0,B01
201800052481,1.0,10,0,0.0,2.0,3.0,1.0,A01
201800052482,1.0,7,0,0.0,2.0,3.0,9.0,A01
201800052482,1.0,32,0,0.0,2.0,1.0,1.0,B01
201800052483,1.0,34,0,0.0,2.0,7.0,18.0,A01
201800052483,1.0,7,0,0.0,2.0,7.0,22.0,B01
201800052484,0.0,10,0,0.0,2.0,1.0,2.0,A01
201800052484,0.0,7,0,0.0,2.0,4.0,23.0,B01
201800052485,1.0,32,0,0.0,2.0,7.0,18.0,A01
201800052485,2.0,10,0,0.0,2.0,0.0,1.0,B01
201800052486,0.0,7,0,0.0,2.0,6.0,12.0,A01
201800052486,0.0,17,0,0.0,2.0,1.0,2.0,B01
201800052487,1.0,7,0,0.0,2.0,5.0,21.0,B02
201800052487,1.0,10,0,0.0,2.0,1.0,1.0,A01
201800052488,0.0,31,0,0.0,2.0,3.0,7.0,A01
201800052488,0.0,7,0,0.0,2.0,2.0,16.0,B01
201800052489,1.0,2,0,0.0,2.0,2.0,17.0,B01
201800052489,1.0,1,0,0.0,2.0,8.0,13.0,A01
201800052490,2.0,33,0,0.0,2.0,8.0,1.0,B01
201800052490,1.0,7,0,0.0,2.0,1.0,15.0,A01
201800052491,2.0,30,0,0.0,2.0,1.0,1.0,B01
201800052491,1.0,7,0,0.0,2.0,3.0,15.0,A01
201800052492,0.0,7,0,0.0,2.0,5.0,1.0,Z01
201800052492,2.0,1,0,0.0,2.0,1.0,1.0,A01
201800052493,0.0,7,0,0.0,1.0,5.0,4.0,A01
201800052494,1.0,30,0,0.0,2.0,1.0,1.0,A01
201800052494,1.0,7,0,0.0,2.0,2.0,13.0,B01
201800052495,2.0,2,0,0.0,2.0,3.0,1.0,B01
201800052495,1.0,7,0,0.0,2.0,2.0,11.0,A01
201800052496,1.0,30,0,1.0,0.0,2.0,14.0,A01
201800052497,1.0,10,0,8.0,0.0,3.0,15.0,A01
201800052498,2.0,7,0,0.0,2.0,4.0,2.0,B01
201800052498,2.0,7,0,0.0,2.0,1.0,2.0,A01
201800052499,1.0,32,0,15.0,0.0,1.0,13.0,A01
201800052500,2.0,14,0,0.0,2.0,7.0,16.0,A01
201800052500,2.0,32,0,0.0,2.0,8.0,16.0,B01
201800052501,1.0,7,0,1.0,0.0,2.0,14.0,A01
201800052502,2.0,1,0,0.0,1.0,7.0,1.0,A01
201800052503,1.0,7,0,0.0,2.0,2.0,1.0,B01
201800052503,2.0,7,0,0.0,2.0,3.0,1.0,A01
201800052504,0.0,32,0,0.0,2.0,1.0,1.0,A01