Num_Acc,senc,catv,occutc,obs,obsm,choc,manv,num_veh
201800052504,1.0,99,0,0.0,2.0,7.0,3.0,B01
201800052505,1.0,2,0,14.0,0.0,1.0,1.0,A01
201800052505,1.0,10,0,0.0,2.0,6.0,23.0,B01
201800052506,1.0,30,0,0.0,2.0,1.0,1.0,Z01
201800052506,1.0,30,0,0.0,2.0,8.0,15.0,A01
201800052507,1.0,32,0,14.0,0.0,0.0,17.0,A01
201800052508,2.0,1,0,9.0,0.0,1.0,1.0,A01
201800052509,2.0,33,0,9.0,0.0,1.0,21.0,A01
201800052510,1.0,32,0,0.0,0.0,7.0,1.0,A01
201800052511,2.0,37,15,0.0,1.0,7.0,1.0,A01
201800052512,1.0,34,0,0.0,2.0,2.0,17.0,A01
201800052512,1.0,7,0,0.0,2.0,8.0,15.0,B01
201800052513,2.0,7,0,0.0,2.0,1.0,1.0,B01
201800052513,1.0,7,0,0.0,2.0,8.0,5.0,A01
201800052514,2.0,7,0,0.0,2.0,5.0,14.0,Z01
201800052514,2.0,2,0,0.0,2.0,3.0,18.0,A01
201800052515,2.0,7,0,0.0,2.0,7.0,14.0,B01
201800052515,2.0,32,0,0.0,2.0,6.0,18.0,A01
201800052516,2.0,7,0,0.0,2.0,2.0,22.0,A01
201800052516,2.0,1,0,0.0,2.0,1.0,1.0,B01
201800052517,0.0,31,0,14.0,0.0,8.0,21.0,A01
201800052518,1.0,30,0,0.0,2.0,2.0,1.0,B01
201800052518,1.0,10,0,0.0,2.0,3.0,9.0,A01
201800052519,1.0,15,0,0.0,2.0,6.0,13.0,A01
201800052519,1.0,2,0,0.0,2.0,5.0,17.0,B01
201800052520,1.0,15,0,0.0,1.0,4.0,4.0,A01
201800052521,1.0,10,0,0.0,2.0,7.0,1.0,B01
201800052521,1.0,31,0,0.0,2.0,3.0,13.0,A01
201800052522,1.0,15,0,0.0,2.0,2.0,12.0,B01
201800052522,1.0,7,0,0.0,2.0,8.0,12.0,A01
201800052522,1.0,17,0,0.0,2.0,2.0,1.0,C01
201800052523,1.0,7,0,0.0,2.0,5.0,15.0,A01
201800052523,2.0,31,0,0.0,2.0,3.0,1.0,B01
201800052524,1.0,7,0,0.0,2.0,7.0,15.0,A01
201800052524,2.0,32,0,0.0,2.0,1.0,1.0,B01
201800052525,1.0,7,0,0.0,2.0,0.0,16.0,Z01
201800052525,2.0,30,0,0.0,2.0,7.0,1.0,A01
201800052526,1.0,1,0,0.0,2.0,1.0,2.0,B01
201800052526,2.0,10,0,0.0,2.0,4.0,4.0,A01
201800052527,1.0,30,0,0.0,0.0,8.0,15.0,A01
201800052528,2.0,7,0,0.0,2.0,7.0,16.0,A01
201800052528,2.0,7,0,0.0,2.0,3.0,1.0,B01
201800052529,1.0,30,0,0.0,2.0,2.0,15.0,A01
201800052529,2.0,30,0,0.0,2.0,3.0,1.0,B01
201800052530,1.0,30,0,0.0,2.0,1.0,1.0,B01
201800052530,1.0,7,0,0.0,2.0,6.0,15.0,A01
201800052531,2.0,34,0,14.0,0.0,2.0,18.0,A01
201800052532,2.0,30,0,0.0,2.0,3.0,1.0,B01
201800052532,1.0,7,0,0.0,2.0,2.0,1.0,A01
201800052533,1.0,32,0,0.0,2.0,8.0,1.0,B01
201800052533,1.0,10,0,0.0,2.0,2.0,14.0,A01
201800052534,1.0,7,0,0.0,1.0,7.0,7.0,A01
201800052535,1.0,2,0,0.0,2.0,8.0,13.0,A01
201800052535,1.0,33,0,0.0,2.0,8.0,1.0,B01
201800052536,1.0,7,0,0.0,2.0,0.0,15.0,Z01
201800052536,1.0,2,0,0.0,2.0,0.0,1.0,A01
201800052537,2.0,34,0,0.0,2.0,1.0,2.0,A01
201800052537,2.0,7,0,0.0,2.0,5.0,23.0,B01
201800052538,2.0,7,0,15.0,0.0,3.0,11.0,A01
201800052539,2.0,7,0,0.0,2.0,3.0,10.0,B01
201800052539,2.0,33,0,0.0,2.0,1.0,17.0,A01
201800052540,1.0,7,0,0.0,2.0,7.0,1.0,B01
201800052540,2.0,30,0,0.0,2.0,1.0,16.0,A01
201800052541,1.0,7,0,0.0,1.0,8.0,16.0,A01
201800052542,2.0,7,0,0.0,1.0,3.0,15.0,Z01
201800052543,2.0,32,0,12.0,0.0,1.0,13.0,A01
201800052544,2.0,7,0,0.0,2.0,6.0,15.0,A01
201800052544,2.0,30,0,0.0,2.0,7.0,1.0,B01
201800052545,1.0,7,0,0.0,2.0,4.0,2.0,Z01
201800052545,1.0,7,0,0.0,2.0,1.0,2.0,A01
201800052546,2.0,1,0,0.0,1.0,1.0,1.0,A01
201800052547,2.0,7,0,0.0,2.0,2.0,16.0,A01
201800052547,2.0,1,0,0.0,2.0,4.0,1.0,B01
201800052548,1.0,1,0,0.0,1.0,7.0,5.0,A01
201800052549,1.0,1,0,0.0,2.0,5.0,2.0,B01
201800052549,1.0,10,0,0.0,2.0,2.0,2.0,A01
201800052550,2.0,7,0,0.0,2.0,8.0,15.0,A01
201800052550,2.0,30,0,0.0,2.0,1.0,17.0,B01
201800052551,2.0,7,0,0.0,2.0,7.0,12.0,A01
201800052551,2.0,1,0,0.0,2.0,3.0,1.0,B01
201800052552,1.0,2,0,0.0,2.0,1.0,1.0,B01
201800052552,1.0,10,0,0.0,2.0,5.0,1.0,A01
201800052553,0.0,34,0,0.0,1.0,1.0,1.0,A01
201800052554,2.0,1,0,0.0,2.0,3.0,13.0,B01
201800052554,2.0,37,1,0.0,2.0,5.0,17.0,A01
201800052555,2.0,10,0,0.0,2.0,4.0,4.0,A01
201800052555,2.0,32,0,0.0,2.0,2.0,1.0,B01
201800052556,2.0,7,0,0.0,1.0,8.0,15.0,A01
201800052557,2.0,10,0,0.0,1.0,1.0,15.0,A01
201800052558,2.0,7,0,0.0,2.0,7.0,16.0,A01
201800052558,2.0,2,0,0.0,2.0,3.0,1.0,B01
201800052559,2.0,7,0,0.0,1.0,1.0,7.0,A01
201800052560,0.0,1,0,0.0,2.0,7.0,19.0,A01
201800052560,1.0,30,0,0.0,2.0,7.0,1.0,B01
201800052561,2.0,7,0,0.0,1.0,3.0,1.0,A01
201800052562,0.0,7,0,0.0,2.0,5.0,1.0,B01
201800052562,0.0,30,0,0.0,2.0,8.0,13.0,A01
201800052563,2.0,7,0,0.0,2.0,1.0,15.0,A01
201800052563,2.0,34,0,0.0,2.0,6.0,1.0,B01
201800052564,2.0,30,0,1.0,0.0,1.0,1.0,Z01
201800052564,2.0,7,0,0.0,2.0,2.0,22.0,A01
201800052565,2.0,7,0,0.0,2.0,3.0,15.0,A01
201800052565,1.0,30,0,0.0,2.0,8.0,1.0,B01
201800052566,1.0,10,0,0.0,2.0,8.0,9.0,B01
201800052566,1.0,32,0,0.0,2.0,1.0,17.0,A01
201800052567,1.0,7,0,0.0,2.0,8.0,10.0,A01
201800052567,1.0,34,0,0.0,2.0,1.0,1.0,B01
201800052568,1.0,32,0,0.0,2.0,3.0,1.0,A01
201800052568,2.0,1,0,0.0,2.0,7.0,1.0,B01
201800052569,2.0,30,0,0.0,0.0,2.0,16.0,A01
201800052570,2.0,7,0,0.0,2.0,8.0,15.0,A01
201800052570,2.0,33,0,0.0,2.0,1.0,5.0,B01
201800052571,1.0,7,0,0.0,1.0,1.0,1.0,A01
201800052572,1.0,10,0,0.0,1.0,1.0,17.0,A01
201800052573,1.0,10,0,0.0,2.0,4.0,23.0,B01
201800052573,1.0,33,0,0.0,2.0,1.0,2.0,A01
201800052574,2.0,7,0,0.0,1.0,3.0,1.0,A01
201800052575,2.0,34,0,0.0,2.0,2.0,2.0,B01
201800052575,2.0,7,0,0.0,2.0,6.0,15.0,A01
201800052576,2.0,30,0,0.0,1.0,3.0,1.0,A01
201800052577,1.0,30,0,0.0,2.0,2.0,1.0,A01
201800052577,1.0,7,0,0.0,2.0,2.0,15.0,B01
201800052578,1.0,1,0,0.0,2.0,1.0,7.0,A01
201800052578,1.0,10,0,0.0,2.0,6.0,7.0,B01
201800052579,2.0,34,0,0.0,2.0,8.0,1.0,B01
201800052579,1.0,7,0,0.0,2.0,1.0,9.0,A01
201800052580,1.0,7,0,0.0,1.0,1.0,15.0,A01
201800052581,1.0,7,0,0.0,1.0,4.0,4.0,A01
201800052582,1.0,7,0,0.0,1.0,2.0,1.0,A01
201800052583,2.0,7,0,0.0,2.0,6.0,2.0,B01
201800052583,2.0,32,0,0.0,2.0,1.0,2.0,A01
201800052584,0.0,37,30,0.0,2.0,1.0,7.0,B01
201800052584,0.0,7,0,0.0,2.0,5.0,16.0,A01
201800052585,2.0,32,0,0.0,1.0,1.0,17.0,A01
201800052586,2.0,7,0,0.0,2.0,1.0,15.0,A01
201800052586,1.0,30,0,0.0,2.0,1.0,1.0,B01
201800052587,1.0,7,0,7.0,1.0,5.0,20.0,A01
201800052588,2.0,7,0,0.0,2.0,7.0,16.0,A01
201800052588,1.0,99,0,0.0,2.0,7.0,19.0,B01
201800052589,0.0,32,0,0.0,0.0,0.0,21.0,A01
201800052590,0.0,7,0,0.0,2.0,2.0,16.0,A01
201800052590,0.0,1,0,0.0,2.0,8.0,1.0,B01
201800052591,1.0,7,0,0.0,1.0,2.0,1.0,A01
201800052592,1.0,10,0,0.0,1.0,2.0,15.0,A01
201800052593,1.0,32,0,0.0,0.0,2.0,1.0,A01
201800052594,1.0,33,0,0.0,1.0,1.0,17.0,A01
201800052595,2.0,33,0,0.0,1.0,7.0,1.0,A01
201800052596,0.0,33,0,0.0,2.0,7.0,23.0,A01
201800052596,0.0,14,0,0.0,2.0,0.0,1.0,Z01
201800052597,0.0,1,0,0.0,2.0,1.0,1.0,A01
201800052597,0.0,7,0,0.0,2.0,3.0,21.0,B01
201800052598,1.0,7,0,0.0,2.0,2.0,9.0,A01
201800052598,1.0,33,0,0.0,2.0,3.0,1.0,B01
201800052599,0.0,7,0,1.0,2.0,6.0,23.0,B01
201800052599,0.0,7,0,1.0,2.0,2.0,2.0,A01
201800052600,2.0,30,0,0.0,2.0,3.0,9.0,A01
201800052600,2.0,7,0,0.0,2.0,2.0,1.0,B01
201800052601,2.0,30,0,12.0,0.0,1.0,13.0,A01
201800052602,2.0,32,0,0.0,0.0,3.0,1.0,A01
201800052603,1.0,7,0,0.0,2.0,7.0,14.0,A01
201800052603,1.0,32,0,0.0,2.0,3.0,1.0,B01
201800052604,1.0,1,0,0.0,2.0,0.0,15.0,B01
201800052604,1.0,30,0,8.0,0.0,1.0,17.0,A01
201800052605,1.0,10,0,0.0,2.0,2.0,2.0,A01
201800052605,1.0,1,0,0.0,2.0,4.0,2.0,B01
201800052606,2.0,10,0,0.0,2.0,7.0,14.0,A01
201800052606,2.0,2,0,0.0,2.0,8.0,1.0,B01
201800052607,1.0,10,0,0.0,2.0,3.0,15.0,A01
201800052607,2.0,32,0,0.0,2.0,0.0,1.0,B01
201800052608,2.0,31,0,0.0,2.0,1.0,1.0,B01
201800052608,2.0,7,0,0.0,2.0,2.0,10.0,A01
201800052609,1.0,7,0,11.0,0.0,3.0,13.0,A01
201800052610,1.0,7,0,0.0,2.0,2.0,15.0,A01
201800052610,2.0,1,0,0.0,2.0,1.0,1.0,B01
201800052611,0.0,40,1,0.0,1.0,3.0,1.0,A01
201800052612,1.0,7,0,0.0,1.0,3.0,1.0,A01
201800052613,1.0,7,0,0.0,2.0,2.0,2.0,A01
201800052613,1.0,7,0,0.0,2.0,6.0,2.0,B01
201800052614,2.0,7,0,0.0,2.0,1.0,7.0,B01
201800052614,2.0,32,0,0.0,2.0,4.0,16.0,A01
201800052615,1.0,1,0,0.0,2.0,0.0,1.0,B01
201800052615,1.0,10,0,0.0,2.0,3.0,1.0,A01
201800052616,0.0,7,0,0.0,2.0,3.0,1.0,B01
201800052616,1.0,1,0,0.0,2.0,1.0,1.0,A01
201800052617,2.0,7,0,0.0,2.0,8.0,22.0,A01
201800052617,2.0,1,0,1.0,2.0,1.0,1.0,B01
201800052618,1.0,14,0,0.0,2.0,3.0,15.0,A01
201800052618,2.0,1,0,0.0,2.0,3.0,1.0,B01
201800052619,2.0,33,0,1.0,2.0,2.0,17.0,B01
201800052619,2.0,7,0,0.0,2.0,3.0,15.0,A01
201800052620,2.0,1,0,0.0,1.0,1.0,1.0,A01
201800052621,2.0,1,0,0.0,1.0,1.0,1.0,A01
201800052622,2.0,33,0,0.0,2.0,4.0,17.0,A01
201800052622,2.0,7,0,0.0,2.0,1.0,13.0,Z01
201800052623,1.0,30,0,0.0,2.0,1.0,5.0,A01
201800052623,1.0,7,0,0.0,2.0,2.0,1.0,B01
201800052624,2.0,33,0,0.0,0.0,8.0,7.0,A01
201800052625,2.0,33,0,0.0,2.0,1.0,1.0,B01
201800052625,1.0,7,0,0.0,2.0,2.0,15.0,A01
201800052626,1.0,37,1,0.0,1.0,1.0,7.0,A01
201800052627,2.0,7,0,0.0,2.0,4.0,23.0,B01
201800052627,2.0,7,0,0.0,2.0,1.0,2.0,A01
201800052627,2.0,7,0,0.0,2.0,4.0,23.0,D01
201800052627,2.0,7,0,0.0,2.0,4.0,23.0,C01
201800052628,0.0,7,0,0.0,1.0,2.0,16.0,A01
201800052629,1.0,34,0,0.0,2.0,1.0,5.0,A01
201800052629,2.0,7,0,0.0,2.0,3.0,23.0,C01
201800052629,2.0,33,0,0.0,2.0,1.0,1.0,B01
201800052630,2.0,1,0,0.0,2.0,8.0,1.0,B01
201800052630,2.0,13,0,0.0,2.0,2.0,16.0,A01
201800052631,1.0,7,0,0.0,2.0,1.0,15.0,A01
201800052631,2.0,34,0,0.0,2.0,3.0,1.0,B01
201800052632,2.0,32,0,0.0,2.0,3.0,1.0,B01
201800052632,1.0,10,0,0.0,2.0,3.0,15.0,A01
201800052633,1.0,30,0,0.0,0.0,7.0,1.0,A01
201800052634,1.0,7,0,0.0,1.0,1.0,1.0,A01
201800052635,1.0,7,0,0.0,2.0,3.0,1.0,B01
201800052635,1.0,30,0,0.0,2.0,7.0,1.0,A01
201800052636,2.0,7,0,0.0,2.0,7.0,15.0,B01
201800052636,1.0,7,0,0.0,2.0,1.0,1.0,A01
201800052637,1.0,7,0,0.0,1.0,2.0,15.0,A01
201800052638,1.0,7,0,0.0,2.0,4.0,10.0,Z01
201800052638,1.0,33,0,0.0,2.0,1.0,1.0,A01
201800052639,2.0,33,0,14.0,0.0,3.0,13.0,A01
201800052640,2.0,10,0,0.0,2.0,1.0,1.0,A01
201800052640,1.0,10,0,0.0,2.0,3.0,1.0,B01
201800052641,2.0,7,0,0.0,1.0,3.0,16.0,A01
201800052642,1.0,7,0,0.0,2.0,3.0,13.0,A01
201800052642,1.0,34,0,4.0,2.0,7.0,1.0,B01
201800052643,1.0,2,0,1.0,0.0,1.0,14.0,A01
201800052644,1.0,7,0,0.0,2.0,1.0,2.0,A01
201800052644,1.0,7,0,0.0,2.0,4.0,23.0,B01
201800052645,1.0,7,0,0.0,1.0,4.0,4.0,A01
201800052646,1.0,34,0,0.0,1.0,1.0,1.0,A01
201800052647,1.0,7,0,0.0,2.0,3.0,1.0,A01
201800052647,2.0,2,0,0.0,2.0,1.0,1.0,B01
201800052648,2.0,10,0,0.0,2.0,5.0,16.0,A01
201800052648,2.0,1,0,0.0,2.0,1.0,1.0,B01
201800052649,2.0,33,0,0.0,1.0,1.0,1.0,A01
201800052650,1.0,2,0,0.0,0.0,2.0,1.0,A01
201800052651,1.0,7,0,15.0,0.0,1.0,16.0,A01
201800052652,1.0,33,0,0.0,1.0,8.0,1.0,A01
201800052653,1.0,7,0,0.0,2.0,2.0,16.0,B01
201800052653,1.0,32,0,8.0,2.0,2.0,16.0,A01
201800052654,2.0,1,0,0.0,1.0,1.0,1.0,A01
201800052655,2.0,7,0,0.0,1.0,1.0,15.0,A01
201800052656,1.0,7,0,0.0,2.0,1.0,1.0,B01
201800052656,1.0,7,0,0.0,2.0,7.0,1.0,A01
201800052657,2.0,7,0,0.0,2.0,3.0,1.0,A01
201800052657,2.0,32,0,0.0,2.0,4.0,1.0,B01
201800052658,2.0,7,0,0.0,2.0,3.0,9.0,A01
201800052658,2.0,33,0,0.0,2.0,2.0,1.0,B01
201800052659,2.0,7,0,11.0,2.0,0.0,1.0,A01
201800052659,2.0,32,0,0.0,2.0,2.0,1.0,B01
201800052660,1.0,32,0,0.0,2.0,2.0,17.0,A01
201800052660,1.0,7,0,0.0,2.0,3.0,15.0,B01
201800052661,2.0,7,0,0.0,2.0,4.0,1.0,A01
201800052661,1.0,7,0,0.0,2.0,4.0,23.0,B01
201800052662,2.0,1,0,0.0,2.0,1.0,5.0,A01
201800052662,1.0,32,0,0.0,2.0,6.0,1.0,B01
201800052663,2.0,7,0,6.0,0.0,1.0,1.0,A01
201800052664,1.0,30,0,0.0,2.0,3.0,1.0,B01
201800052664,2.0,7,0,0.0,2.0,0.0,15.0,A01
201800052665,1.0,7,0,7.0,0.0,1.0,14.0,A01
201800052666,1.0,7,0,0.0,2.0,6.0,1.0,B01
201800052666,1.0,10,0,0.0,2.0,1.0,1.0,A01
201800052667,1.0,33,0,0.0,1.0,1.0,1.0,A01
201800052668,2.0,1,0,0.0,2.0,1.0,1.0,B01
201800052668,2.0,34,0,0.0,2.0,2.0,1.0,A01
201800052669,2.0,10,0,0.0,2.0,1.0,2.0,A01
201800052669,2.0,7,0,0.0,2.0,4.0,23.0,B01
201800052670,2.0,10,0,0.0,1.0,2.0,15.0,A01
201800052671,2.0,31,0,0.0,2.0,1.0,1.0,B01
201800052671,1.0,7,0,0.0,2.0,3.0,15.0,A01
201800052672,2.0,34,0,12.0,0.0,1.0,1.0,A01
201800052673,2.0,31,0,0.0,1.0,2.0,16.0,A01
201800052674,2.0,30,0,0.0,2.0,1.0,18.0,A01
201800052674,1.0,7,0,0.0,2.0,2.0,15.0,B01
201800052675,1.0,10,0,0.0,1.0,3.0,15.0,A01
201800052676,1.0,36,0,0.0,1.0,3.0,1.0,A01
201800052677,1.0,2,0,0.0,0.0,0.0,21.0,A01
201800052678,2.0,7,0,0.0,2.0,1.0,2.0,A01
201800052678,2.0,7,0,0.0,2.0,4.0,23.0,B01
201800052679,2.0,2,0,0.0,2.0,1.0,2.0,B01
201800052679,2.0,10,0,0.0,2.0,6.0,4.0,A01
201800052680,1.0,7,0,0.0,2.0,1.0,15.0,B01
201800052680,2.0,31,0,0.0,2.0,8.0,7.0,A01
201800052681,2.0,7,0,0.0,2.0,5.0,15.0,A01
201800052681,1.0,33,0,0.0,2.0,1.0,1.0,B01
201800052682,2.0,10,0,0.0,2.0,1.0,2.0,A01
201800052682,2.0,34,0,0.0,2.0,4.0,23.0,B01
201800052683,2.0,7,0,0.0,2.0,3.0,10.0,A01
201800052683,2.0,32,0,0.0,2.0,1.0,5.0,B01
201800052684,1.0,7,0,0.0,1.0,0.0,16.0,A01
201800052685,1.0,7,0,0.0,2.0,1.0,9.0,A01
201800052685,1.0,1,0,0.0,2.0,7.0,1.0,B01
201800052686,1.0,7,0,0.0,1.0,0.0,1.0,A01
201800052687,1.0,32,0,0.0,2.0,3.0,1.0,B01
201800052687,2.0,34,0,0.0,2.0,1.0,15.0,A01
201800052688,1.0,2,0,0.0,2.0,2.0,17.0,B01
201800052688,1.0,7,0,0.0,2.0,3.0,15.0,A01
201800052689,2.0,32,0,0.0,1.0,1.0,1.0,Z01
201800052690,1.0,30,0,0.0,1.0,1.0,1.0,A01
201800052691,2.0,34,0,0.0,1.0,2.0,17.0,A01
201800052691,1.0,34,0,0.0,2.0,3.0,1.0,B01
201800052692,1.0,1,0,0.0,2.0,1.0,5.0,A01
201800052692,1.0,1,0,0.0,2.0,1.0,1.0,B01
201800052693,1.0,7,0,0.0,1.0,0.0,1.0,Z01
201800052694,1.0,31,0,0.0,1.0,1.0,17.0,A01
201800052695,2.0,7,0,0.0,2.0,5.0,4.0,A01
201800052695,1.0,34,0,0.0,2.0,1.0,1.0,B01
201800052696,1.0,7,0,0.0,2.0,4.0,23.0,B01
201800052696,1.0,2,0,1.0,2.0,1.0,14.0,A01
201800052697,1.0,7,0,0.0,2.0,1.0,1.0,A01
201800052697,1.0,7,0,0.0,2.0,4.0,23.0,B01
201800052698,1.0,32,0,0.0,2.0,1.0,1.0,A01
201800052698,1.0,7,0,0.0,2.0,5.0,1.0,B01
201800052699,1.0,7,0,0.0,2.0,0.0,2.0,Z01
201800052699,1.0,33,0,0.0,2.0,2.0,2.0,A01
201800052700,1.0,10,0,0.0,2.0,4.0,23.0,B01
201800052700,1.0,2,0,0.0,2.0,1.0,2.0,A01
201800052701,1.0,7,0,0.0,2.0,2.0,12.0,A01
201800052701,1.0,10,0,0.0,2.0,8.0,1.0,B01
201800052702,2.0,10,0,0.0,1.0,5.0,4.0,A01
201800052703,1.0,7,0,0.0,1.0,3.0,1.0,A01
201800052704,1.0,34,0,0.0,2.0,3.0,21.0,A01
201800052704,2.0,7,0,0.0,2.0,6.0,1.0,C01
201800052704,1.0,7,0,0.0,2.0,3.0,1.0,B01
201800052705,1.0,1,0,0.0,1.0,7.0,1.0,A01
201800052706,1.0,7,0,0.0,2.0,2.0,16.0,B01
201800052706,2.0,33,0,0.0,2.0,1.0,13.0,A01
201800052707,1.0,33,0,9.0,0.0,1.0,14.0,A01
201800052708,1.0,32,0,0.0,1.0,1.0,1.0,A01
201800052709,2.0,15,0,0.0,2.0,7.0,17.0,A01
201800052709,2.0,1,0,0.0,2.0,0.0,1.0,B01
201800052710,1.0,34,0,0.0,1.0,1.0,1.0,A01
201800052711,1.0,31,0,0.0,2.0,4.0,1.0,B01
201800052711,1.0,7,0,0.0,2.0,0.0,1.0,Z01
201800052712,1.0,30,0,0.0,1.0,1.0,1.0,Z01
201800052713,1.0,38,0,0.0,1.0,7.0,7.0,A01
201800052714,1.0,34,0,0.0,0.0,0.0,1.0,A01
201800052715,1.0,7,0,0.0,2.0,6.0,2.0,B01
201800052715,1.0,7,0,0.0,2.0,5.0,2.0,C01
201800052715,1.0,7,0,0.0,2.0,1.0,13.0,A01
201800052716,1.0,1,0,11.0,0.0,1.0,13.0,A01
201800052717,1.0,31,0,0.0,0.0,0.0,1.0,A01
201800052718,1.0,7,0,0.0,1.0,7.0,1.0,A01
201800052719,1.0,7,0,0.0,2.0,1.0,1.0,A01
201800052719,1.0,7,0,0.0,2.0,4.0,23.0,B01
201800052720,1.0,2,0,0.0,1.0,1.0,1.0,A01
201800052721,1.0,7,0,0.0,1.0,1.0,1.0,A01
201800052722,2.0,7,0,0.0,1.0,5.0,4.0,A01
201800052723,1.0,10,0,0.0,2.0,1.0,1.0,A01
201800052723,1.0,7,0,0.0,2.0,4.0,1.0,B01
201800052724,1.0,7,0,0.0,2.0,1.0,15.0,A01
201800052724,2.0,2,0,0.0,2.0,8.0,7.0,B01
201800052725,1.0,31,0,0.0,2.0,8.0,9.0,B01
201800052725,1.0,7,0,0.0,2.0,7.0,16.0,A01
201800052726,1.0,2,0,0.0,2.0,8.0,9.0,A01
201800052726,1.0,33,0,0.0,2.0,1.0,1.0,B01
201800052727,1.0,7,0,0.0,2.0,8.0,13.0,A01
201800052727,1.0,33,0,0.0,2.0,7.0,1.0,B01
201800052728,2.0,7,0,0.0,1.0,4.0,4.0,A01
201800052729,1.0,7,0,0.0,2.0,5.0,15.0,A01
201800052729,2.0,31,0,0.0,2.0,2.0,1.0,B01
201800052730,1.0,34,0,0.0,1.0,2.0,17.0,A01
201800052731,1.0,33,0,0.0,0.0,0.0,21.0,A01
201800052732,0.0,34,0,0.0,2.0,7.0,1.0,A01
201800052732,1.0,7,0,0.0,2.0,3.0,1.0,B01
201800052733,2.0,10,0,0.0,2.0,2.0,15.0,A01
201800052733,2.0,33,0,0.0,2.0,1.0,1.0,B01
201800052734,2.0,37,0,0.0,1.0,0.0,7.0,A01
201800052735,1.0,34,0,0.0,2.0,1.0,3.0,A01
201800052735,1.0,7,0,0.0,2.0,5.0,1.0,C01
201800052735,1.0,34,0,0.0,2.0,3.0,3.0,B01
201800052736,1.0,10,0,0.0,2.0,2.0,12.0,A01
201800052736,1.0,33,0,0.0,2.0,3.0,1.0,B01
201800052737,1.0,2,0,0.0,2.0,1.0,1.0,B01
201800052737,1.0,7,0,0.0,2.0,1.0,1.0,A01
201800052738,2.0,2,0,0.0,2.0,3.0,1.0,B01
201800052738,1.0,32,0,0.0,2.0,1.0,15.0,A01
201800052739,1.0,7,0,0.0,2.0,6.0,9.0,A01
201800052739,1.0,31,0,0.0,2.0,1.0,1.0,B01
201800052740,1.0,2,0,0.0,2.0,1.0,1.0,B01
201800052740,2.0,10,0,0.0,2.0,7.0,1.0,A01
201800052741,1.0,33,0,0.0,2.0,2.0,1.0,B01
201800052741,1.0,7,0,0.0,2.0,3.0,9.0,A01
201800052742,2.0,32,0,0.0,0.0,0.0,1.0,A01
201800052743,2.0,7,0,0.0,1.0,3.0,15.0,A01
201800052744,1.0,7,0,0.0,2.0,2.0,17.0,A01
201800052744,1.0,1,0,0.0,2.0,8.0,15.0,B01
201800052745,2.0,7,0,0.0,2.0,1.0,15.0,A01
201800052745,2.0,7,0,0.0,2.0,4.0,15.0,B01
201800052746,1.0,7,0,0.0,1.0,3.0,20.0,A01
201800052747,1.0,1,0,0.0,2.0,2.0,1.0,A01
201800052747,1.0,7,0,0.0,2.0,3.0,1.0,B01
201800052748,1.0,7,0,0.0,2.0,2.0,15.0,A01
201800052748,2.0,32,0,0.0,2.0,1.0,1.0,B01
201800052749,1.0,7,0,0.0,2.0,1.0,1.0,A01
201800052749,1.0,10,0,0.0,2.0,6.0,23.0,B01
201800052750,1.0,7,0,0.0,2.0,3.0,15.0,B01
201800052750,2.0,7,0,0.0,2.0,1.0,1.0,A01
201800052751,2.0,30,0,0.0,2.0,7.0,17.0,A01
201800052751,2.0,7,0,0.0,2.0,3.0,15.0,B01
201800052752,1.0,32,0,0.0,2.0,1.0,1.0,A01
201800052752,1.0,7,0,0.0,2.0,6.0,1.0,B01
201800052753,1.0,7,0,0.0,2.0,1.0,2.0,A01
201800052753,1.0,7,0,0.0,2.0,4.0,23.0,B01
201800052754,1.0,33,0,0.0,0.0,0.0,1.0,A01
201800052755,1.0,31,0,0.0,1.0,1.0,15.0,A01
201800052756,2.0,7,0,0.0,2.0,7.0,1.0,A01
201800052756,1.0,10,0,0.0,2.0,1.0,1.0,B01
201800052757,2.0,7,0,0.0,1.0,8.0,1.0,A01
201800052758,2.0,7,0,0.0,2.0,8.0,22.0,A01
201800052758,2.0,1,0,0.0,2.0,2.0,1.0,B01
201800052759,1.0,32,0,0.0,2.0,4.0,23.0,B01
201800052759,1.0,7,0,0.0,2.0,1.0,1.0,A01
201800052760,1.0,10,0,0.0,2.0,2.0,1.0,A01
201800052760,1.0,34,0,0.0,2.0,4.0,1.0,B01
201800052761,1.0,7,0,0.0,2.0,5.0,1.0,B01
201800052761,1.0,1,0,0.0,2.0,8.0,18.0,A01
201800052762,1.0,31,0,0.0,1.0,3.0,16.0,A01
201800052763,2.0,37,0,0.0,1.0,2.0,7.0,A01
201800052764,2.0,1,0,0.0,2.0,1.0,1.0,A01
201800052764,2.0,7,0,0.0,2.0,3.0,9.0,B01
201800052765,1.0,7,0,0.0,1.0,2.0,1.0,A01
201800052766,2.0,33,0,12.0,2.0,1.0,1.0,A01
201800052766,2.0,7,0,0.0,2.0,0.0,9.0,B01
201800052767,1.0,7,0,0.0,2.0,7.0,15.0,A01
201800052767,2.0,1,0,0.0,2.0,1.0,1.0,B01
201800052768,1.0,7,0,0.0,2.0,2.0,13.0,A01
201800052768,1.0,2,0,0.0,2.0,6.0,17.0,B01
201800052769,1.0,33,0,0.0,1.0,1.0,1.0,A01