Num_Acc,senc,catv,occutc,obs,obsm,choc,manv,num_veh
201800053033,1.0,33,0,0.0,1.0,2.0,15.0,A01
201800053034,1.0,7,0,0.0,2.0,7.0,15.0,B01
201800053034,2.0,2,0,0.0,2.0,5.0,1.0,A01
201800053035,1.0,2,0,0.0,1.0,1.0,7.0,A01
201800053036,1.0,7,0,0.0,1.0,6.0,20.0,A01
201800053037,1.0,32,0,0.0,0.0,8.0,7.0,A01
201800053038,1.0,7,0,0.0,2.0,2.0,9.0,A01
201800053038,1.0,30,0,0.0,2.0,1.0,1.0,B01
201800053039,1.0,1,0,0.0,1.0,2.0,1.0,A01
201800053040,1.0,7,0,0.0,2.0,3.0,13.0,A01
201800053040,1.0,32,0,0.0,2.0,5.0,3.0,B01
201800053041,1.0,7,0,0.0,2.0,1.0,1.0,B01
201800053041,1.0,7,0,0.0,2.0,2.0,15.0,A01
201800053042,1.0,10,0,0.0,2.0,0.0,15.0,Z01
201800053042,2.0,33,0,0.0,2.0,8.0,9.0,A01
201800053043,1.0,32,0,0.0,1.0,1.0,1.0,A01
201800053044,1.0,7,0,0.0,1.0,0.0,1.0,Z01
201800053045,1.0,1,0,0.0,2.0,8.0,1.0,A01
201800053045,1.0,30,0,0.0,2.0,0.0,14.0,Z01
201800053046,1.0,34,0,12.0,0.0,8.0,16.0,A01
201800053047,1.0,2,0,0.0,0.0,7.0,1.0,A01
201800053048,1.0,7,0,0.0,2.0,3.0,15.0,A01
201800053048,2.0,33,0,0.0,2.0,8.0,1.0,B01
201800053049,1.0,30,0,0.0,2.0,1.0,1.0,B01
201800053049,1.0,7,0,0.0,2.0,2.0,1.0,A01
201800053050,2.0,33,0,0.0,2.0,3.0,17.0,B01
201800053050,2.0,7,0,0.0,2.0,2.0,13.0,A01
201800053051,2.0,1,0,0.0,1.0,7.0,17.0,A01
201800053052,2.0,7,0,0.0,1.0,2.0,1.0,A01
201800053053,2.0,7,0,0.0,2.0,2.0,1.0,B01
201800053053,2.0,2,0,0.0,2.0,1.0,1.0,A01
201800053054,1.0,7,0,0.0,1.0,1.0,16.0,Z01
201800053055,1.0,2,0,0.0,2.0,7.0,1.0,A01
201800053055,1.0,7,0,0.0,2.0,7.0,1.0,B01
201800053056,0.0,10,0,0.0,1.0,2.0,1.0,A01
201800053057,1.0,10,0,0.0,2.0,3.0,10.0,A01
201800053057,2.0,33,0,0.0,2.0,1.0,1.0,B01
201800053058,1.0,7,0,0.0,1.0,2.0,1.0,A01
201800053059,1.0,7,0,0.0,2.0,1.0,1.0,A01
201800053059,1.0,1,0,0.0,2.0,8.0,19.0,B01
201800053060,1.0,7,0,0.0,1.0,1.0,16.0,A01
201800053061,2.0,33,0,0.0,0.0,0.0,1.0,A01
201800053062,2.0,1,0,0.0,1.0,2.0,1.0,A01
201800053063,1.0,7,0,0.0,2.0,3.0,23.0,B01
201800053063,0.0,10,0,0.0,2.0,8.0,15.0,A01
201800053064,1.0,10,0,0.0,1.0,1.0,16.0,A01
201800053065,1.0,2,0,0.0,0.0,0.0,1.0,A01
201800053066,2.0,1,0,0.0,2.0,3.0,1.0,A01
201800053066,2.0,7,0,0.0,2.0,1.0,1.0,B01
201800053067,1.0,2,0,0.0,2.0,7.0,3.0,A01
201800053067,1.0,7,0,0.0,2.0,8.0,1.0,B01
201800053068,1.0,7,0,1.0,0.0,3.0,13.0,A01
201800053069,2.0,7,0,0.0,1.0,3.0,1.0,A01
201800053070,2.0,7,0,0.0,1.0,3.0,1.0,A01
201800053071,1.0,33,0,0.0,2.0,1.0,1.0,B01
201800053071,2.0,7,0,0.0,2.0,7.0,10.0,A01
201800053072,2.0,31,0,0.0,0.0,1.0,21.0,A01
201800053073,1.0,33,0,0.0,2.0,7.0,1.0,A01
201800053073,2.0,32,0,0.0,2.0,1.0,15.0,B01
201800053074,2.0,32,0,0.0,2.0,8.0,9.0,B01
201800053074,2.0,7,0,0.0,2.0,5.0,20.0,A01
201800053075,1.0,2,0,0.0,2.0,8.0,1.0,B01
201800053075,2.0,32,0,0.0,2.0,1.0,1.0,A01
201800053076,1.0,7,0,0.0,2.0,2.0,1.0,A01
201800053076,1.0,1,0,0.0,2.0,5.0,1.0,B01
201800053077,1.0,1,0,0.0,2.0,8.0,1.0,A01
201800053077,1.0,30,0,0.0,2.0,7.0,1.0,Z01
201800053078,2.0,1,0,0.0,0.0,0.0,1.0,A01
201800053079,0.0,7,0,0.0,2.0,2.0,1.0,A01
201800053079,0.0,30,0,0.0,2.0,1.0,1.0,B01
201800053080,1.0,7,0,0.0,1.0,3.0,1.0,A01
201800053081,2.0,1,0,0.0,2.0,3.0,1.0,B01
201800053081,2.0,10,0,0.0,2.0,2.0,16.0,A01
201800053082,2.0,34,0,0.0,0.0,8.0,21.0,A01
201800053083,2.0,10,0,0.0,2.0,6.0,1.0,B01
201800053083,1.0,30,0,0.0,2.0,1.0,1.0,A01
201800053084,1.0,7,0,0.0,2.0,6.0,23.0,B01
201800053084,1.0,7,0,0.0,2.0,2.0,2.0,A01
201800053085,2.0,31,0,0.0,1.0,2.0,1.0,A01
201800053086,1.0,7,0,0.0,2.0,1.0,15.0,A01
201800053086,2.0,33,0,0.0,2.0,2.0,1.0,B01
201800053087,1.0,31,0,12.0,0.0,6.0,16.0,A01
201800053088,0.0,32,0,0.0,0.0,8.0,1.0,A01
201800053089,1.0,7,0,1.0,0.0,3.0,13.0,A01
201800053090,2.0,7,0,0.0,2.0,2.0,10.0,A01
201800053090,1.0,7,0,0.0,2.0,8.0,1.0,B01
201800053091,1.0,7,0,0.0,2.0,4.0,23.0,B01
201800053091,1.0,10,0,0.0,2.0,2.0,2.0,A01
201800053092,1.0,7,0,0.0,2.0,3.0,23.0,B01
201800053092,1.0,7,0,0.0,2.0,2.0,2.0,A01
201800053093,1.0,30,0,1.0,0.0,1.0,6.0,A01
201800053094,1.0,7,0,0.0,2.0,3.0,1.0,B01
201800053094,1.0,1,0,0.0,2.0,1.0,1.0,A01
201800053095,1.0,7,0,0.0,1.0,1.0,15.0,A01
201800053096,1.0,7,0,0.0,1.0,2.0,1.0,A01
201800053097,1.0,7,0,1.0,0.0,1.0,14.0,A01
201800053098,1.0,1,0,0.0,2.0,1.0,1.0,B01
201800053098,1.0,7,0,0.0,2.0,3.0,22.0,A01
201800053099,2.0,31,0,0.0,0.0,2.0,1.0,A01
201800053100,2.0,7,0,0.0,1.0,1.0,15.0,A01
201800053101,2.0,7,0,1.0,1.0,3.0,1.0,A01
201800053102,1.0,7,0,0.0,2.0,1.0,1.0,A01
201800053102,1.0,37,9,0.0,2.0,6.0,1.0,B01
201800053103,1.0,7,0,0.0,1.0,1.0,15.0,A01
201800053104,0.0,7,0,0.0,2.0,3.0,24.0,B01
201800053104,0.0,30,0,0.0,2.0,1.0,9.0,A01
201800053105,2.0,32,0,0.0,1.0,1.0,1.0,A01
201800053106,2.0,30,0,0.0,2.0,2.0,9.0,B01
201800053106,2.0,1,0,0.0,2.0,1.0,1.0,A01
201800053107,1.0,7,0,0.0,2.0,4.0,2.0,B01
201800053107,1.0,7,0,0.0,2.0,1.0,2.0,A01
201800053108,1.0,32,0,0.0,2.0,2.0,1.0,A01
201800053108,1.0,7,0,0.0,1.0,2.0,1.0,B01
201800053109,1.0,37,1,0.0,1.0,3.0,1.0,Z01
201800053110,1.0,1,0,0.0,1.0,1.0,1.0,A01
201800053111,1.0,99,0,0.0,2.0,8.0,13.0,B01
201800053111,1.0,10,0,0.0,2.0,7.0,1.0,A01
201800053112,1.0,7,0,0.0,2.0,5.0,1.0,A01
201800053112,1.0,1,0,0.0,2.0,1.0,1.0,B01
201800053113,2.0,7,0,0.0,2.0,6.0,11.0,A01
201800053113,2.0,34,0,0.0,2.0,1.0,1.0,B01
201800053114,0.0,14,0,0.0,2.0,2.0,16.0,B01
201800053114,0.0,1,0,0.0,2.0,8.0,5.0,A01
201800053115,1.0,7,0,0.0,2.0,1.0,2.0,A01
201800053115,1.0,7,0,0.0,2.0,4.0,23.0,B01
201800053116,2.0,1,0,0.0,2.0,6.0,1.0,A01
201800053116,2.0,10,0,0.0,2.0,6.0,23.0,B01
201800053117,1.0,32,0,0.0,0.0,0.0,21.0,A01
201800053118,1.0,7,0,0.0,2.0,1.0,15.0,A01
201800053118,2.0,31,0,0.0,2.0,1.0,1.0,B01
201800053119,2.0,30,0,0.0,2.0,0.0,16.0,Z01
201800053119,2.0,1,0,0.0,2.0,0.0,1.0,A01
201800053120,2.0,30,0,0.0,2.0,7.0,1.0,B01
201800053120,1.0,34,0,0.0,2.0,1.0,1.0,A01
201800053121,2.0,7,0,0.0,1.0,2.0,1.0,A01
201800053122,2.0,7,0,0.0,2.0,1.0,1.0,B01
201800053122,1.0,30,0,0.0,2.0,7.0,1.0,A01
201800053123,2.0,30,0,0.0,2.0,1.0,2.0,B01
201800053123,2.0,7,0,0.0,2.0,5.0,17.0,Z01
201800053123,2.0,30,0,0.0,2.0,1.0,2.0,A01
201800053124,2.0,30,0,0.0,2.0,0.0,13.0,A01
201800053124,1.0,7,0,0.0,2.0,3.0,1.0,B01
201800053125,2.0,7,0,0.0,1.0,2.0,1.0,A01
201800053126,1.0,30,0,0.0,2.0,7.0,1.0,B01
201800053126,1.0,10,0,0.0,2.0,3.0,10.0,A01
201800053127,0.0,30,0,0.0,1.0,0.0,1.0,Z01
201800053128,2.0,7,0,0.0,1.0,2.0,1.0,A01
201800053129,0.0,32,0,0.0,1.0,1.0,23.0,B01
201800053129,0.0,7,0,0.0,2.0,3.0,15.0,A01
201800053130,1.0,7,0,0.0,1.0,2.0,1.0,A01
201800053131,1.0,30,0,0.0,2.0,1.0,1.0,B01
201800053131,1.0,32,0,0.0,2.0,2.0,10.0,A01
201800053132,2.0,33,0,0.0,2.0,1.0,13.0,A01
201800053132,2.0,10,0,0.0,2.0,5.0,24.0,B01
201800053133,1.0,7,0,1.0,0.0,1.0,13.0,A01
201800053134,2.0,30,0,0.0,2.0,6.0,11.0,A01
201800053134,2.0,7,0,0.0,2.0,2.0,16.0,Z01
201800053135,1.0,31,0,0.0,2.0,8.0,18.0,B01
201800053135,1.0,7,0,0.0,2.0,2.0,16.0,A01
201800053136,1.0,1,0,0.0,2.0,8.0,1.0,B01
201800053136,1.0,34,0,0.0,2.0,2.0,1.0,A01
201800053137,1.0,32,0,0.0,1.0,1.0,1.0,A01
201800053138,1.0,7,0,0.0,2.0,2.0,9.0,B01
201800053138,2.0,1,0,0.0,2.0,1.0,5.0,A01
201800053139,1.0,1,0,0.0,2.0,1.0,1.0,Z01
201800053139,1.0,30,0,0.0,2.0,1.0,1.0,A01
201800053140,1.0,7,0,0.0,2.0,3.0,15.0,B01
201800053140,1.0,33,0,0.0,2.0,5.0,1.0,A01
201800053141,0.0,1,0,0.0,2.0,8.0,19.0,B01
201800053141,0.0,10,0,0.0,2.0,1.0,1.0,A01
201800053142,2.0,32,0,0.0,2.0,6.0,23.0,B01
201800053142,2.0,10,0,0.0,2.0,2.0,2.0,A01
201800053143,1.0,7,0,0.0,1.0,2.0,1.0,A01
201800053144,2.0,1,0,0.0,0.0,0.0,7.0,A01
201800053145,1.0,30,0,0.0,2.0,1.0,1.0,B01
201800053145,1.0,7,0,0.0,2.0,6.0,15.0,A01
201800053146,1.0,1,0,0.0,2.0,8.0,1.0,B01
201800053146,1.0,1,0,0.0,2.0,7.0,14.0,A01
201800053147,2.0,32,0,0.0,1.0,1.0,19.0,A01
201800053148,1.0,30,0,0.0,2.0,1.0,15.0,Z01
201800053148,1.0,30,0,0.0,2.0,8.0,1.0,A01
201800053149,2.0,33,0,0.0,1.0,1.0,1.0,A01
201800053150,1.0,30,0,1.0,0.0,1.0,18.0,A01
201800053150,1.0,10,0,0.0,2.0,4.0,0.0,B01
201800053151,1.0,37,1,0.0,1.0,7.0,1.0,A01
201800053152,1.0,7,0,0.0,2.0,8.0,9.0,A01
201800053152,2.0,30,0,0.0,2.0,1.0,1.0,B01
201800053153,1.0,14,0,0.0,1.0,8.0,1.0,A01
201800053154,2.0,30,0,0.0,2.0,1.0,1.0,A01
201800053154,2.0,7,0,0.0,2.0,6.0,16.0,B01
201800053155,0.0,7,0,0.0,1.0,1.0,1.0,A01
201800053156,2.0,1,0,0.0,2.0,1.0,1.0,B01
201800053156,2.0,7,0,0.0,2.0,2.0,16.0,A01
201800053157,2.0,1,0,1.0,2.0,1.0,1.0,B01
201800053157,2.0,10,0,0.0,2.0,8.0,22.0,A01
201800053158,1.0,7,0,1.0,2.0,3.0,15.0,A01
201800053158,1.0,33,0,0.0,2.0,1.0,17.0,B01
201800053159,2.0,30,0,0.0,1.0,1.0,1.0,A01
201800053160,1.0,32,0,0.0,2.0,1.0,17.0,A01
201800053160,1.0,7,0,0.0,2.0,3.0,15.0,B01
201800053161,1.0,30,0,0.0,2.0,0.0,1.0,B01
201800053161,2.0,7,0,0.0,2.0,2.0,15.0,A01
201800053162,1.0,3,0,11.0,0.0,1.0,1.0,A01
201800053163,2.0,10,0,0.0,2.0,2.0,5.0,A01
201800053163,1.0,32,0,0.0,2.0,1.0,1.0,B01
201800053164,2.0,32,0,0.0,2.0,1.0,15.0,A01
201800053164,1.0,34,0,1.0,2.0,3.0,1.0,B01
201800053165,1.0,33,0,11.0,0.0,1.0,1.0,A01
201800053166,1.0,7,0,0.0,2.0,3.0,15.0,B01
201800053166,2.0,30,0,0.0,2.0,2.0,1.0,A01
201800053167,1.0,30,0,6.0,0.0,2.0,14.0,A01
201800053168,1.0,30,0,0.0,2.0,3.0,7.0,A01
201800053168,1.0,7,0,0.0,2.0,2.0,16.0,B01
201800053169,2.0,7,0,0.0,2.0,2.0,15.0,A01
201800053169,2.0,32,0,0.0,2.0,4.0,1.0,B01
201800053170,2.0,2,0,0.0,2.0,8.0,1.0,B01
201800053170,2.0,10,0,0.0,2.0,2.0,16.0,A01
201800053171,2.0,7,0,0.0,1.0,1.0,1.0,A01
201800053172,1.0,30,0,0.0,2.0,1.0,1.0,B01
201800053172,1.0,7,0,0.0,2.0,2.0,15.0,A01
201800053173,1.0,30,0,0.0,0.0,0.0,1.0,A01
201800053174,1.0,7,0,0.0,2.0,3.0,13.0,A01
201800053174,1.0,34,0,0.0,2.0,5.0,17.0,B01
201800053175,0.0,33,0,0.0,2.0,6.0,1.0,B01
201800053175,0.0,10,0,0.0,2.0,2.0,12.0,A01
201800053176,1.0,7,0,0.0,2.0,1.0,1.0,A01
201800053176,1.0,10,0,0.0,2.0,8.0,1.0,B01
201800053177,1.0,10,0,0.0,1.0,4.0,4.0,A01
201800053178,1.0,7,0,0.0,1.0,1.0,15.0,A01
201800053179,2.0,7,0,0.0,2.0,7.0,14.0,B01
201800053179,2.0,33,0,0.0,2.0,8.0,1.0,A01
201800053180,1.0,1,0,0.0,1.0,7.0,1.0,A01
201800053181,2.0,10,0,0.0,2.0,3.0,1.0,A01
201800053181,1.0,33,0,0.0,2.0,6.0,1.0,B01
201800053181,2.0,1,0,0.0,2.0,1.0,1.0,C01
201800053182,2.0,7,0,0.0,1.0,4.0,4.0,A01
201800053183,2.0,34,0,0.0,2.0,1.0,1.0,B01
201800053183,1.0,7,0,0.0,2.0,7.0,1.0,A01
201800053184,1.0,7,0,0.0,2.0,6.0,23.0,A01
201800053184,1.0,7,0,0.0,2.0,1.0,2.0,Z01
201800053185,2.0,32,0,0.0,0.0,7.0,1.0,A01
201800053186,1.0,7,0,0.0,1.0,0.0,1.0,Z01
201800053187,1.0,10,0,0.0,2.0,5.0,9.0,B01
201800053187,1.0,33,0,12.0,2.0,1.0,21.0,A01
201800053188,2.0,1,0,0.0,2.0,1.0,1.0,A01
201800053188,1.0,99,0,0.0,2.0,7.0,19.0,B01
201800053189,1.0,30,0,0.0,2.0,1.0,17.0,A01
201800053189,1.0,34,0,0.0,2.0,3.0,15.0,B01
201800053190,1.0,30,0,0.0,1.0,3.0,17.0,A01
201800053191,2.0,7,0,0.0,2.0,8.0,23.0,B01
201800053191,2.0,7,0,12.0,2.0,1.0,1.0,A01
201800053192,1.0,1,0,0.0,2.0,0.0,15.0,B01
201800053192,1.0,7,0,0.0,2.0,0.0,17.0,A01
201800053193,1.0,7,0,0.0,2.0,2.0,15.0,A01
201800053193,2.0,31,0,0.0,2.0,8.0,1.0,B01
201800053194,2.0,7,0,0.0,1.0,6.0,20.0,A01
201800053195,1.0,33,0,0.0,2.0,7.0,1.0,A01
201800053195,0.0,7,0,0.0,2.0,1.0,1.0,B01
201800053196,2.0,15,0,0.0,2.0,8.0,10.0,A01
201800053196,2.0,30,0,0.0,2.0,1.0,1.0,B01
201800053197,2.0,32,0,0.0,0.0,0.0,1.0,A01
201800053198,1.0,7,0,0.0,2.0,2.0,1.0,B01
201800053198,1.0,7,0,12.0,2.0,9.0,14.0,A01
201800053199,1.0,7,0,0.0,2.0,5.0,12.0,A01
201800053199,1.0,32,0,15.0,2.0,1.0,2.0,B01
201800053200,2.0,7,0,0.0,2.0,3.0,2.0,B01
201800053200,2.0,1,0,0.0,2.0,1.0,2.0,A01
201800053201,2.0,7,0,0.0,1.0,3.0,16.0,A01
201800053202,1.0,34,0,0.0,2.0,1.0,1.0,B01
201800053202,1.0,7,0,0.0,2.0,2.0,1.0,A01
201800053203,1.0,10,0,1.0,0.0,7.0,14.0,A01
201800053204,1.0,33,0,0.0,1.0,1.0,1.0,A01
201800053205,2.0,33,0,0.0,1.0,1.0,1.0,Z01
201800053206,1.0,7,0,0.0,2.0,1.0,2.0,B01
201800053206,1.0,7,0,0.0,1.0,4.0,23.0,A01
201800053207,2.0,7,0,0.0,2.0,1.0,15.0,A01
201800053207,1.0,32,0,0.0,2.0,1.0,1.0,B01
201800053208,2.0,31,0,0.0,2.0,1.0,1.0,B01
201800053208,1.0,7,0,0.0,2.0,1.0,15.0,A01
201800053209,2.0,10,0,0.0,1.0,1.0,15.0,Z01
201800053210,2.0,1,0,14.0,0.0,1.0,7.0,A01
201800053211,2.0,10,0,0.0,2.0,1.0,1.0,B01
201800053211,1.0,31,0,0.0,2.0,1.0,15.0,A01
201800053212,1.0,1,0,0.0,1.0,0.0,1.0,A01
201800053213,1.0,7,0,0.0,2.0,4.0,2.0,A01
201800053213,1.0,33,0,0.0,2.0,4.0,23.0,B01
201800053214,2.0,30,0,0.0,1.0,1.0,1.0,Z01
201800053215,1.0,30,0,12.0,0.0,1.0,15.0,A01
201800053216,2.0,10,0,0.0,1.0,2.0,1.0,A01
201800053217,2.0,7,0,0.0,2.0,3.0,24.0,C01
201800053217,1.0,34,0,0.0,2.0,2.0,17.0,B01
201800053217,1.0,13,0,0.0,2.0,8.0,13.0,A01
201800053218,2.0,7,0,6.0,2.0,3.0,1.0,A01
201800053218,2.0,10,0,0.0,2.0,7.0,16.0,B01
201800053219,2.0,2,0,0.0,2.0,3.0,1.0,B01
201800053219,1.0,10,0,0.0,2.0,2.0,15.0,A01
201800053220,1.0,30,0,0.0,2.0,1.0,9.0,A01
201800053220,1.0,1,0,0.0,2.0,1.0,1.0,B01
201800053221,2.0,7,0,0.0,2.0,6.0,23.0,Z01
201800053221,2.0,30,0,0.0,2.0,1.0,2.0,A01
201800053222,1.0,7,0,0.0,2.0,1.0,2.0,A01
201800053222,1.0,7,0,0.0,2.0,4.0,2.0,B01
201800053223,2.0,2,0,0.0,2.0,0.0,0.0,B01
201800053223,2.0,7,0,0.0,2.0,3.0,15.0,A01
201800053224,1.0,31,0,0.0,0.0,1.0,1.0,A01
201800053225,1.0,7,0,0.0,2.0,2.0,1.0,A01
201800053225,1.0,99,0,0.0,2.0,8.0,9.0,B01
201800053226,1.0,7,0,0.0,2.0,1.0,2.0,A01
201800053226,1.0,7,0,0.0,2.0,5.0,23.0,B01
201800053227,2.0,34,0,14.0,0.0,1.0,13.0,A01
201800053228,2.0,7,0,0.0,1.0,1.0,1.0,A01
201800053229,1.0,7,0,0.0,2.0,2.0,14.0,B01
201800053229,1.0,1,0,0.0,2.0,3.0,1.0,A01
201800053230,1.0,33,0,0.0,2.0,3.0,1.0,B01
201800053230,2.0,7,0,0.0,2.0,3.0,15.0,A01
201800053231,2.0,30,0,0.0,2.0,4.0,23.0,A01
201800053231,2.0,10,0,0.0,2.0,2.0,1.0,Z01
201800053232,0.0,7,0,11.0,9.0,3.0,13.0,A01
201800053233,1.0,7,0,14.0,0.0,2.0,16.0,A01
201800053234,1.0,10,0,0.0,2.0,1.0,4.0,A01
201800053234,1.0,1,0,0.0,2.0,6.0,15.0,B01
201800053235,0.0,7,0,0.0,2.0,1.0,2.0,Z01
201800053235,0.0,1,0,0.0,2.0,4.0,2.0,A01
201800053236,1.0,31,0,0.0,2.0,2.0,17.0,A01
201800053236,1.0,7,0,0.0,2.0,3.0,10.0,B01
201800053237,2.0,7,0,0.0,2.0,2.0,1.0,A01
201800053237,2.0,33,0,0.0,2.0,8.0,1.0,B01
201800053238,1.0,7,0,0.0,2.0,3.0,1.0,B01
201800053238,1.0,31,0,0.0,2.0,7.0,1.0,A01
201800053239,2.0,13,0,0.0,1.0,2.0,14.0,A01
201800053240,1.0,34,0,0.0,2.0,1.0,1.0,B01
201800053240,1.0,7,0,0.0,2.0,5.0,15.0,A01
201800053241,1.0,33,0,0.0,2.0,7.0,1.0,B01
201800053241,1.0,7,0,0.0,2.0,1.0,10.0,Z01
201800053242,2.0,7,0,0.0,1.0,5.0,4.0,A01
201800053243,1.0,7,0,0.0,1.0,1.0,16.0,A01
201800053244,2.0,7,0,0.0,2.0,3.0,1.0,B01
201800053244,1.0,7,0,0.0,2.0,1.0,1.0,A01
201800053245,1.0,2,0,0.0,2.0,6.0,10.0,A01
201800053245,1.0,33,0,0.0,2.0,2.0,1.0,B01
201800053246,1.0,7,0,0.0,2.0,3.0,15.0,A01
201800053246,1.0,34,0,0.0,2.0,6.0,1.0,B01
201800053247,2.0,7,0,0.0,1.0,0.0,15.0,A01
201800053248,2.0,7,0,0.0,2.0,2.0,1.0,A01
201800053248,1.0,1,0,0.0,2.0,1.0,9.0,B01
201800053249,1.0,7,0,0.0,1.0,2.0,16.0,A01
201800053250,1.0,32,0,1.0,0.0,1.0,14.0,A01
201800053251,2.0,33,0,0.0,1.0,1.0,18.0,A01
201800053252,2.0,30,0,0.0,0.0,0.0,21.0,A01
201800053253,1.0,33,0,0.0,2.0,1.0,10.0,A01
201800053253,2.0,34,0,0.0,2.0,3.0,1.0,B01
201800053254,1.0,2,0,0.0,2.0,7.0,17.0,B01
201800053254,1.0,7,0,0.0,2.0,3.0,1.0,A01
201800053255,1.0,32,0,0.0,2.0,5.0,15.0,A01
201800053255,1.0,31,0,0.0,2.0,1.0,1.0,B01
201800053256,0.0,7,0,0.0,2.0,3.0,9.0,A01
201800053256,0.0,1,0,0.0,2.0,1.0,1.0,B01
201800053257,2.0,34,0,0.0,0.0,8.0,21.0,A01
201800053258,2.0,7,0,0.0,1.0,3.0,1.0,A01
201800053259,2.0,7,0,0.0,2.0,1.0,10.0,Z01
201800053259,2.0,34,0,1.0,2.0,1.0,1.0,A01
201800053260,1.0,32,0,0.0,2.0,2.0,17.0,B01
201800053260,1.0,7,0,0.0,2.0,3.0,15.0,A01
201800053261,2.0,7,0,0.0,2.0,2.0,1.0,Z01
201800053261,2.0,7,0,1.0,2.0,1.0,1.0,A01
201800053262,2.0,33,0,0.0,2.0,8.0,1.0,B01
201800053262,2.0,7,0,0.0,2.0,2.0,10.0,A01
201800053263,1.0,30,0,0.0,2.0,2.0,1.0,A01
201800053263,1.0,7,0,0.0,2.0,8.0,9.0,B01
201800053264,1.0,34,0,0.0,2.0,1.0,1.0,B01
201800053264,1.0,1,0,0.0,2.0,8.0,19.0,A01
201800053265,2.0,7,0,0.0,2.0,2.0,1.0,A01
201800053265,2.0,34,0,0.0,2.0,6.0,13.0,B01
201800053266,2.0,33,0,0.0,2.0,7.0,1.0,B01
201800053266,2.0,10,0,0.0,2.0,8.0,15.0,A01
201800053267,1.0,7,0,0.0,2.0,3.0,9.0,A01
201800053267,1.0,7,0,0.0,2.0,2.0,1.0,B01
201800053268,1.0,7,0,0.0,2.0,7.0,15.0,A01
201800053268,1.0,30,0,0.0,2.0,1.0,1.0,B01
201800053269,2.0,7,0,0.0,2.0,2.0,10.0,B01
201800053269,1.0,33,0,0.0,2.0,1.0,1.0,A01
201800053270,1.0,7,0,0.0,1.0,8.0,1.0,A01
201800053271,2.0,33,0,0.0,2.0,1.0,1.0,A01
201800053271,2.0,7,0,0.0,2.0,5.0,16.0,B01
201800053272,2.0,7,0,0.0,2.0,5.0,1.0,C01
201800053272,2.0,7,0,0.0,2.0,2.0,1.0,A01
201800053272,2.0,7,0,0.0,2.0,6.0,9.0,B01
201800053273,2.0,34,0,0.0,2.0,1.0,1.0,B01
201800053273,2.0,7,0,0.0,2.0,5.0,15.0,A01
201800053274,1.0,7,0,0.0,1.0,1.0,1.0,A01
201800053275,1.0,7,0,0.0,1.0,8.0,1.0,A01
201800053276,1.0,37,0,0.0,2.0,8.0,13.0,Z01
201800053276,1.0,32,0,0.0,2.0,7.0,1.0,A01
201800053277,1.0,34,0,0.0,1.0,1.0,1.0,A01
201800053278,1.0,7,0,0.0,2.0,1.0,2.0,Z01
201800053278,1.0,10,0,0.0,2.0,4.0,23.0,B01
201800053278,1.0,7,0,0.0,2.0,4.0,23.0,A01
201800053279,1.0,7,0,0.0,2.0,2.0,14.0,A01
201800053279,1.0,7,0,0.0,2.0,6.0,23.0,B01
201800053280,2.0,7,0,1.0,0.0,2.0,13.0,A01
201800053281,1.0,7,0,0.0,2.0,1.0,15.0,A01
201800053281,2.0,7,0,0.0,2.0,1.0,1.0,B01
201800053282,2.0,31,0,0.0,2.0,1.0,2.0,A01
201800053282,2.0,7,0,0.0,2.0,4.0,2.0,B01
201800053283,2.0,33,0,0.0,2.0,1.0,1.0,B01
201800053283,2.0,7,0,0.0,2.0,3.0,9.0,A01
201800053284,2.0,31,0,0.0,2.0,4.0,1.0,B01
201800053284,2.0,7,0,0.0,2.0,2.0,1.0,A01
201800053285,2.0,10,0,0.0,1.0,7.0,1.0,A01
201800053286,1.0,33,0,0.0,1.0,1.0,1.0,A01
201800053287,1.0,33,0,0.0,2.0,1.0,1.0,A01
201800053287,2.0,7,0,0.0,2.0,5.0,15.0,B01
201800053288,2.0,7,0,0.0,1.0,1.0,1.0,A01
201800053289,1.0,7,0,0.0,2.0,5.0,15.0,B01
201800053289,1.0,31,0,0.0,2.0,1.0,1.0,A01
201800053290,1.0,7,0,0.0,2.0,5.0,23.0,B01
201800053290,1.0,7,0,9.0,2.0,3.0,2.0,A01
201800053291,2.0,33,0,0.0,2.0,2.0,17.0,A01
201800053291,2.0,7,0,0.0,2.0,3.0,15.0,B01
201800053292,2.0,7,0,0.0,2.0,4.0,2.0,A01
201800053292,2.0,7,0,0.0,2.0,1.0,2.0,Z01
201800053293,1.0,7,0,7.0,0.0,1.0,14.0,A01
201800053294,2.0,2,0,0.0,2.0,6.0,15.0,A01
201800053294,2.0,7,0,0.0,2.0,1.0,1.0,Z01
201800053295,1.0,10,0,0.0,1.0,4.0,4.0,A01
201800053296,2.0,7,0,0.0,2.0,3.0,10.0,A01
201800053296,2.0,33,0,0.0,2.0,2.0,1.0,B01
201800053297,1.0,33,0,0.0,2.0,1.0,1.0,A01
201800053297,1.0,7,0,0.0,2.0,8.0,1.0,B01
201800053298,2.0,31,0,0.0,0.0,7.0,1.0,A01
201800053299,1.0,7,0,0.0,2.0,8.0,16.0,A01
201800053299,1.0,1,0,0.0,2.0,8.0,1.0,B01
201800053300,1.0,1,0,0.0,2.0,7.0,19.0,B01