Num_Acc,senc,catv,occutc,obs,obsm,choc,manv,num_veh
201800053300,1.0,34,0,0.0,2.0,8.0,1.0,A01
201800053301,2.0,7,0,0.0,2.0,3.0,15.0,A01
201800053301,1.0,34,0,0.0,2.0,1.0,1.0,B01
201800053302,1.0,7,0,11.0,0.0,3.0,13.0,A01
201800053303,1.0,37,0,0.0,2.0,2.0,1.0,B01
201800053303,1.0,7,0,0.0,2.0,7.0,14.0,A01
201800053304,1.0,7,0,0.0,2.0,5.0,2.0,B01
201800053304,1.0,7,0,0.0,2.0,3.0,2.0,A01
201800053305,2.0,31,0,0.0,2.0,8.0,7.0,A01
201800053305,2.0,7,0,0.0,2.0,7.0,16.0,B01
201800053306,2.0,7,0,0.0,1.0,1.0,1.0,A01
201800053307,2.0,7,0,0.0,2.0,8.0,1.0,B01
201800053307,2.0,30,0,0.0,2.0,1.0,1.0,A01
201800053308,1.0,7,0,0.0,2.0,4.0,23.0,B01
201800053308,1.0,2,0,0.0,2.0,1.0,1.0,A01
201800053309,1.0,10,0,0.0,1.0,2.0,9.0,Z01
201800053310,2.0,10,0,0.0,2.0,1.0,1.0,A01
201800053310,2.0,7,0,0.0,2.0,4.0,23.0,B01
201800053311,2.0,7,0,2.0,0.0,3.0,13.0,A01
201800053312,1.0,7,0,0.0,2.0,6.0,23.0,B01
201800053312,1.0,31,0,0.0,2.0,1.0,2.0,A01
201800053313,1.0,7,0,1.0,0.0,2.0,14.0,A01
201800053314,0.0,1,0,0.0,2.0,1.0,1.0,B01
201800053314,2.0,7,0,0.0,2.0,2.0,16.0,A01
201800053315,1.0,10,0,0.0,2.0,1.0,15.0,A01
201800053315,2.0,2,0,0.0,2.0,7.0,1.0,B01
201800053316,2.0,31,0,0.0,1.0,2.0,1.0,A01
201800053317,2.0,7,0,8.0,2.0,6.0,23.0,B01
201800053317,0.0,7,0,8.0,2.0,2.0,2.0,A01
201800053318,1.0,32,0,0.0,5.0,1.0,1.0,A01
201800053319,2.0,7,0,0.0,2.0,8.0,4.0,A01
201800053319,2.0,2,0,0.0,2.0,1.0,1.0,B01
201800053320,1.0,7,0,0.0,1.0,3.0,15.0,A01
201800053321,2.0,1,0,0.0,1.0,1.0,1.0,A01
201800053322,1.0,7,0,0.0,2.0,1.0,9.0,A01
201800053322,1.0,33,0,0.0,2.0,7.0,1.0,B01
201800053323,2.0,33,0,0.0,2.0,8.0,1.0,A01
201800053323,2.0,7,0,0.0,2.0,1.0,17.0,Z01
201800053324,1.0,33,0,0.0,2.0,7.0,17.0,A01
201800053324,1.0,7,0,0.0,2.0,6.0,15.0,B01
201800053325,2.0,7,0,0.0,2.0,3.0,15.0,B01
201800053325,2.0,31,0,0.0,2.0,2.0,17.0,A01
201800053326,2.0,7,0,0.0,2.0,8.0,13.0,B01
201800053326,2.0,32,0,0.0,2.0,1.0,17.0,A01
201800053327,2.0,32,0,0.0,2.0,1.0,1.0,A01
201800053327,1.0,7,0,0.0,2.0,2.0,15.0,B01
201800053328,2.0,33,0,0.0,1.0,1.0,17.0,A01
201800053329,2.0,34,0,0.0,2.0,3.0,1.0,B01
201800053329,2.0,7,0,0.0,2.0,7.0,16.0,A01
201800053330,2.0,31,0,0.0,2.0,1.0,1.0,B01
201800053330,2.0,7,0,0.0,2.0,3.0,9.0,A01
201800053331,2.0,7,0,0.0,2.0,4.0,1.0,C01
201800053331,2.0,7,0,0.0,2.0,8.0,11.0,A01
201800053331,2.0,33,0,0.0,2.0,7.0,3.0,B01
201800053332,2.0,2,0,0.0,1.0,1.0,1.0,A01
201800053333,2.0,7,0,9.0,2.0,4.0,1.0,C01
201800053333,2.0,7,0,9.0,2.0,4.0,13.0,A01
201800053333,2.0,7,0,0.0,2.0,2.0,1.0,B01
201800053334,2.0,1,0,0.0,2.0,4.0,2.0,A01
201800053334,2.0,1,0,0.0,2.0,1.0,2.0,B01
201800053335,2.0,31,0,1.0,2.0,8.0,18.0,A01
201800053335,2.0,15,0,0.0,2.0,2.0,1.0,B01
201800053336,1.0,31,0,0.0,2.0,1.0,18.0,A01
201800053336,1.0,7,0,0.0,2.0,2.0,16.0,B01
201800053337,2.0,1,0,0.0,1.0,1.0,1.0,A01
201800053338,2.0,2,0,0.0,2.0,8.0,18.0,A01
201800053338,2.0,7,0,0.0,2.0,5.0,16.0,B01
201800053339,2.0,7,0,0.0,1.0,2.0,1.0,A01
201800053340,1.0,10,0,0.0,1.0,5.0,4.0,A01
201800053341,1.0,33,0,0.0,2.0,1.0,1.0,B01
201800053341,1.0,7,0,0.0,2.0,3.0,10.0,A01
201800053342,1.0,2,0,1.0,2.0,1.0,2.0,A01
201800053342,1.0,7,0,0.0,2.0,2.0,2.0,B01
201800053343,2.0,2,0,0.0,2.0,4.0,1.0,B01
201800053343,2.0,7,0,0.0,2.0,3.0,10.0,A01
201800053344,1.0,7,0,0.0,2.0,7.0,12.0,B01
201800053344,1.0,34,0,0.0,2.0,8.0,3.0,A01
201800053345,2.0,7,0,0.0,2.0,3.0,9.0,A01
201800053345,2.0,2,0,0.0,2.0,7.0,17.0,B01
201800053346,1.0,7,0,0.0,2.0,4.0,23.0,B01
201800053346,1.0,7,0,0.0,2.0,1.0,2.0,A01
201800053347,1.0,7,0,0.0,2.0,4.0,23.0,B01
201800053347,1.0,7,0,0.0,2.0,1.0,1.0,A01
201800053348,0.0,2,0,0.0,2.0,1.0,1.0,A01
201800053348,0.0,7,0,0.0,2.0,2.0,15.0,B01
201800053349,2.0,33,0,0.0,2.0,1.0,9.0,A01
201800053349,2.0,7,0,0.0,2.0,5.0,23.0,B01
201800053350,2.0,34,0,0.0,2.0,7.0,9.0,A01
201800053350,2.0,7,0,0.0,2.0,1.0,1.0,B01
201800053351,1.0,10,0,0.0,2.0,4.0,23.0,B01
201800053351,1.0,33,0,0.0,2.0,2.0,2.0,A01
201800053352,2.0,34,0,14.0,0.0,1.0,14.0,A01
201800053353,0.0,7,0,0.0,2.0,7.0,1.0,B01
201800053353,1.0,2,0,0.0,2.0,1.0,1.0,A01
201800053354,1.0,7,0,0.0,2.0,7.0,1.0,A01
201800053354,2.0,2,0,0.0,2.0,1.0,1.0,B01
201800053355,1.0,1,0,0.0,2.0,1.0,1.0,B01
201800053355,1.0,7,0,0.0,2.0,7.0,9.0,A01
201800053356,1.0,7,0,0.0,2.0,8.0,11.0,A01
201800053356,1.0,34,0,0.0,2.0,7.0,1.0,B01
201800053357,2.0,7,0,0.0,2.0,1.0,1.0,A01
201800053357,2.0,7,0,0.0,2.0,4.0,23.0,B01
201800053358,1.0,7,0,0.0,2.0,5.0,1.0,A01
201800053358,1.0,32,0,0.0,2.0,1.0,9.0,B01
201800053359,1.0,99,0,0.0,2.0,0.0,1.0,B01
201800053359,2.0,7,0,0.0,2.0,7.0,17.0,A01
201800053360,2.0,7,0,0.0,2.0,3.0,11.0,A01
201800053360,2.0,33,0,0.0,2.0,7.0,1.0,B01
201800053361,1.0,33,0,0.0,2.0,1.0,1.0,A01
201800053361,1.0,7,0,0.0,2.0,4.0,23.0,B01
201800053362,2.0,7,0,0.0,2.0,4.0,23.0,B01
201800053362,2.0,7,0,0.0,2.0,1.0,1.0,A01
201800053363,2.0,7,0,0.0,1.0,1.0,16.0,Z01
201800053364,1.0,10,0,0.0,1.0,2.0,16.0,Z01
201800053365,1.0,34,0,0.0,2.0,0.0,14.0,Z01
201800053365,1.0,2,0,0.0,2.0,8.0,1.0,A01
201800053366,2.0,7,0,0.0,2.0,4.0,23.0,C01
201800053366,2.0,7,0,0.0,2.0,4.0,23.0,D01
201800053366,2.0,10,0,0.0,2.0,1.0,2.0,A01
201800053366,2.0,7,0,0.0,2.0,4.0,23.0,B01
201800053367,2.0,31,0,0.0,2.0,2.0,17.0,A01
201800053367,2.0,7,0,0.0,2.0,8.0,15.0,B01
201800053368,0.0,33,0,0.0,0.0,1.0,16.0,A01
201800053369,1.0,7,0,0.0,2.0,5.0,12.0,B01
201800053369,1.0,33,0,0.0,2.0,3.0,18.0,A01
201800053370,2.0,31,0,0.0,2.0,7.0,1.0,A01
201800053370,2.0,7,0,0.0,2.0,8.0,22.0,Z01
201800053371,1.0,33,0,0.0,0.0,8.0,1.0,A01
201800053372,2.0,38,0,0.0,2.0,2.0,7.0,A01
201800053372,2.0,1,0,0.0,2.0,8.0,19.0,B01
201800053373,1.0,7,0,0.0,2.0,5.0,15.0,A01
201800053373,1.0,33,0,0.0,2.0,1.0,1.0,B01
201800053374,1.0,7,0,0.0,2.0,1.0,1.0,B01
201800053374,0.0,31,0,0.0,2.0,1.0,1.0,A01
201800053375,2.0,32,0,0.0,1.0,2.0,1.0,A01
201800053376,2.0,7,0,7.0,2.0,3.0,1.0,A01
201800053376,2.0,7,0,0.0,2.0,4.0,1.0,B01
201800053377,2.0,34,0,0.0,2.0,7.0,1.0,B01
201800053377,2.0,7,0,0.0,2.0,8.0,22.0,A01
201800053378,1.0,7,0,1.0,0.0,1.0,5.0,A01
201800053379,2.0,7,0,0.0,2.0,2.0,1.0,B01
201800053379,2.0,7,0,0.0,2.0,8.0,10.0,A01
201800053380,1.0,2,0,0.0,2.0,2.0,16.0,A01
201800053380,1.0,7,0,0.0,2.0,8.0,1.0,B01
201800053381,2.0,32,0,0.0,2.0,4.0,1.0,B01
201800053381,2.0,7,0,0.0,2.0,3.0,14.0,A01
201800053382,1.0,7,0,0.0,1.0,2.0,15.0,A01
201800053383,2.0,1,0,0.0,2.0,1.0,5.0,A01
201800053383,2.0,1,0,0.0,2.0,1.0,1.0,B01
201800053384,2.0,13,0,0.0,2.0,6.0,23.0,Z01
201800053384,2.0,1,0,0.0,2.0,1.0,1.0,B01
201800053385,1.0,32,0,0.0,2.0,1.0,1.0,B01
201800053385,2.0,7,0,0.0,2.0,3.0,13.0,A01
201800053386,2.0,10,0,0.0,2.0,2.0,16.0,B01
201800053386,2.0,33,0,0.0,2.0,2.0,18.0,A01
201800053387,1.0,33,0,0.0,2.0,1.0,1.0,B01
201800053387,1.0,7,0,0.0,2.0,2.0,16.0,A01
201800053388,1.0,7,0,0.0,2.0,1.0,15.0,A01
201800053388,1.0,34,0,0.0,2.0,3.0,1.0,B01
201800053389,1.0,7,0,0.0,1.0,1.0,1.0,A01
201800053390,0.0,7,0,0.0,2.0,7.0,13.0,B01
201800053390,1.0,10,0,8.0,2.0,1.0,1.0,A01
201800053391,2.0,2,0,6.0,0.0,2.0,14.0,A01
201800053392,1.0,7,0,0.0,2.0,4.0,23.0,A01
201800053392,1.0,7,0,0.0,2.0,1.0,1.0,Z01
201800053392,2.0,7,0,0.0,2.0,3.0,1.0,B01
201800053393,1.0,7,0,0.0,2.0,6.0,1.0,C01
201800053393,1.0,2,0,0.0,2.0,3.0,1.0,B01
201800053393,2.0,10,0,0.0,2.0,3.0,13.0,A01
201800053394,2.0,7,0,0.0,1.0,3.0,15.0,A01
201800053395,1.0,1,0,0.0,2.0,1.0,18.0,B01
201800053395,1.0,7,0,0.0,2.0,7.0,22.0,A01
201800053396,1.0,31,0,0.0,1.0,1.0,1.0,A01
201800053397,2.0,7,0,0.0,2.0,3.0,13.0,A01
201800053397,2.0,33,0,0.0,2.0,2.0,17.0,B01
201800053398,1.0,7,0,0.0,2.0,8.0,10.0,A01
201800053398,1.0,7,0,0.0,2.0,1.0,1.0,B01
201800053399,1.0,34,0,12.0,0.0,1.0,14.0,A01
201800053400,1.0,7,0,0.0,2.0,5.0,1.0,A01
201800053400,1.0,7,0,0.0,2.0,1.0,15.0,B01
201800053401,1.0,99,0,0.0,2.0,7.0,19.0,B01
201800053401,1.0,7,0,0.0,2.0,7.0,1.0,A01
201800053402,2.0,7,0,0.0,2.0,1.0,1.0,B01
201800053402,1.0,7,0,0.0,2.0,5.0,1.0,A01
201800053403,1.0,7,0,0.0,2.0,3.0,1.0,B01
201800053403,1.0,1,0,0.0,2.0,2.0,15.0,A01
201800053404,1.0,7,0,0.0,1.0,1.0,1.0,A01
201800053405,1.0,7,0,0.0,2.0,1.0,2.0,A01
201800053405,1.0,7,0,0.0,2.0,6.0,23.0,B01
201800053406,1.0,7,0,0.0,2.0,2.0,1.0,A01
201800053406,1.0,2,0,0.0,2.0,6.0,9.0,B01
201800053407,1.0,7,0,0.0,2.0,6.0,10.0,A01
201800053407,1.0,34,0,0.0,2.0,1.0,1.0,B01
201800053408,1.0,7,0,0.0,2.0,7.0,15.0,A01
201800053408,2.0,31,0,0.0,2.0,1.0,1.0,B01
201800053409,1.0,31,0,0.0,2.0,1.0,2.0,A01
201800053409,1.0,7,0,0.0,2.0,4.0,23.0,B01
201800053410,1.0,7,0,0.0,2.0,4.0,23.0,C01
201800053410,1.0,7,0,0.0,2.0,4.0,23.0,B01
201800053410,1.0,7,0,0.0,2.0,1.0,2.0,A01
201800053411,1.0,31,0,0.0,2.0,3.0,18.0,B01
201800053411,1.0,10,0,0.0,2.0,2.0,16.0,A01
201800053412,2.0,7,0,0.0,2.0,2.0,1.0,A01
201800053412,2.0,7,0,0.0,2.0,6.0,1.0,B01
201800053413,2.0,37,0,0.0,0.0,0.0,21.0,A01
201800053414,1.0,7,0,1.0,1.0,4.0,4.0,A01
201800053415,1.0,7,0,0.0,1.0,6.0,4.0,A01
201800053416,1.0,34,0,0.0,0.0,0.0,5.0,A01
201800053417,1.0,3,0,0.0,2.0,1.0,1.0,A01
201800053417,1.0,10,0,0.0,2.0,4.0,1.0,B01
201800053418,2.0,7,0,0.0,2.0,4.0,1.0,B01
201800053418,2.0,32,0,0.0,2.0,1.0,1.0,A01
201800053419,1.0,31,0,0.0,2.0,1.0,3.0,A01
201800053419,1.0,7,0,0.0,2.0,3.0,12.0,B01
201800053420,1.0,7,0,9.0,0.0,5.0,1.0,A01
201800053421,1.0,7,0,0.0,2.0,5.0,15.0,A01
201800053421,2.0,2,0,0.0,2.0,1.0,1.0,B01
201800053422,1.0,7,0,0.0,2.0,7.0,16.0,A01
201800053422,1.0,2,0,0.0,2.0,8.0,16.0,B01
201800053423,2.0,10,0,0.0,2.0,8.0,11.0,A01
201800053423,2.0,31,0,0.0,2.0,7.0,1.0,B01
201800053424,2.0,2,0,0.0,2.0,2.0,1.0,B01
201800053424,2.0,7,0,0.0,2.0,3.0,9.0,A01
201800053425,2.0,34,0,11.0,2.0,3.0,17.0,A01
201800053425,2.0,7,0,0.0,2.0,3.0,1.0,B01
201800053426,1.0,32,0,0.0,2.0,3.0,1.0,A01
201800053426,1.0,10,0,0.0,2.0,2.0,12.0,B01
201800053427,1.0,7,0,0.0,2.0,3.0,15.0,A01
201800053427,1.0,32,0,0.0,2.0,7.0,17.0,B01
201800053428,2.0,2,0,0.0,2.0,8.0,1.0,A01
201800053428,2.0,7,0,0.0,2.0,3.0,15.0,Z01
201800053429,2.0,7,0,0.0,2.0,6.0,24.0,A01
201800053429,2.0,1,0,0.0,2.0,1.0,1.0,B01
201800053430,1.0,1,0,1.0,0.0,6.0,1.0,A01
201800053431,2.0,7,0,0.0,2.0,8.0,15.0,A01
201800053431,2.0,33,0,0.0,2.0,7.0,1.0,B01
201800053432,1.0,32,0,0.0,2.0,2.0,17.0,A01
201800053432,1.0,7,0,0.0,2.0,8.0,13.0,B01
201800053433,2.0,2,0,0.0,0.0,8.0,16.0,A01
201800053434,1.0,1,0,0.0,2.0,1.0,1.0,B01
201800053434,1.0,7,0,0.0,2.0,3.0,16.0,A01
201800053435,2.0,7,0,0.0,2.0,1.0,15.0,A01
201800053435,2.0,1,0,0.0,2.0,8.0,1.0,B01
201800053436,2.0,7,0,0.0,2.0,5.0,1.0,A01
201800053436,2.0,34,0,0.0,2.0,1.0,1.0,B01
201800053437,1.0,34,0,0.0,2.0,6.0,17.0,A01
201800053437,2.0,7,0,0.0,2.0,5.0,9.0,B01
201800053438,2.0,32,0,12.0,0.0,1.0,14.0,A01
201800053439,2.0,2,0,14.0,0.0,2.0,12.0,A01
201800053440,2.0,7,0,0.0,2.0,7.0,15.0,A01
201800053440,2.0,33,0,0.0,2.0,1.0,1.0,B01
201800053441,2.0,32,0,0.0,2.0,7.0,1.0,B01
201800053441,2.0,7,0,0.0,2.0,3.0,1.0,Z01
201800053442,2.0,7,0,9.0,0.0,2.0,14.0,A01
201800053443,2.0,7,0,1.0,0.0,3.0,15.0,A01
201800053444,2.0,7,0,0.0,2.0,3.0,1.0,A01
201800053444,2.0,7,0,0.0,2.0,5.0,1.0,B01
201800053445,2.0,1,0,1.0,2.0,4.0,1.0,B01
201800053445,2.0,10,0,1.0,2.0,4.0,23.0,A01
201800053446,2.0,32,0,0.0,2.0,3.0,15.0,A01
201800053446,2.0,1,0,0.0,2.0,5.0,1.0,B01
201800053447,2.0,7,0,0.0,1.0,1.0,1.0,A01
201800053448,2.0,2,0,0.0,2.0,4.0,23.0,A01
201800053448,2.0,30,0,0.0,2.0,1.0,2.0,Z01
201800053449,2.0,32,0,0.0,1.0,1.0,1.0,A01
201800053450,2.0,7,0,0.0,1.0,1.0,1.0,Z01
201800053451,2.0,31,0,0.0,2.0,5.0,9.0,B01
201800053451,2.0,7,0,0.0,2.0,2.0,14.0,A01
201800053452,2.0,2,0,0.0,6.0,1.0,1.0,A01
201800053452,2.0,1,0,0.0,2.0,8.0,15.0,B01
201800053453,1.0,30,0,0.0,2.0,8.0,15.0,B01
201800053453,2.0,33,0,0.0,2.0,1.0,1.0,A01
201800053454,0.0,34,0,0.0,2.0,3.0,1.0,B01
201800053454,0.0,7,0,0.0,2.0,2.0,14.0,A01
201800053455,1.0,1,0,0.0,0.0,0.0,1.0,A01
201800053456,2.0,7,0,0.0,1.0,1.0,1.0,A01
201800053457,1.0,7,0,1.0,0.0,2.0,14.0,A01
201800053458,1.0,7,0,0.0,1.0,2.0,1.0,A01
201800053459,1.0,32,0,0.0,2.0,7.0,1.0,B01
201800053459,1.0,2,0,0.0,2.0,8.0,18.0,A01
201800053460,1.0,10,0,0.0,1.0,3.0,1.0,A01
201800053461,1.0,10,0,0.0,2.0,3.0,22.0,A01
201800053461,1.0,1,0,0.0,2.0,1.0,1.0,B01
201800053462,1.0,34,0,0.0,2.0,1.0,1.0,B01
201800053462,1.0,7,0,0.0,2.0,2.0,16.0,A01
201800053463,2.0,1,0,0.0,2.0,8.0,5.0,A01
201800053463,2.0,7,0,0.0,2.0,1.0,1.0,B01
201800053464,1.0,7,0,0.0,2.0,6.0,23.0,B01
201800053464,1.0,2,0,0.0,2.0,1.0,1.0,A01
201800053465,1.0,1,0,0.0,2.0,4.0,1.0,C01
201800053465,1.0,1,0,0.0,2.0,4.0,1.0,D01
201800053465,1.0,1,0,0.0,2.0,7.0,1.0,B01
201800053465,1.0,1,0,0.0,2.0,7.0,18.0,A01
201800053466,1.0,7,0,0.0,2.0,5.0,21.0,B01
201800053466,1.0,7,0,0.0,2.0,1.0,1.0,A01
201800053467,0.0,7,0,0.0,6.0,5.0,16.0,A01
201800053467,1.0,1,0,0.0,2.0,6.0,1.0,B01
201800053468,2.0,7,0,0.0,2.0,4.0,23.0,A01
201800053468,2.0,2,0,0.0,2.0,1.0,2.0,B01
201800053469,0.0,32,0,0.0,1.0,1.0,1.0,A01
201800053470,0.0,7,0,0.0,2.0,3.0,2.0,C01
201800053470,2.0,7,0,0.0,2.0,8.0,2.0,B01
201800053470,1.0,7,0,0.0,2.0,1.0,13.0,A01
201800053471,0.0,33,0,0.0,2.0,4.0,1.0,A01
201800053471,0.0,7,0,0.0,2.0,1.0,1.0,Z01
201800053472,1.0,10,0,0.0,2.0,4.0,21.0,Z01
201800053472,1.0,32,0,0.0,2.0,1.0,21.0,B01
201800053473,1.0,1,0,1.0,0.0,1.0,0.0,A01
201800053473,1.0,15,0,0.0,2.0,4.0,24.0,B01
201800053474,2.0,7,0,14.0,0.0,2.0,14.0,A01
201800053475,0.0,10,0,0.0,2.0,3.0,15.0,A01
201800053475,1.0,33,0,0.0,2.0,2.0,1.0,B01
201800053476,1.0,32,0,0.0,2.0,1.0,2.0,A01
201800053476,1.0,7,0,0.0,2.0,6.0,2.0,B01
201800053477,1.0,34,0,0.0,2.0,1.0,1.0,B01
201800053477,1.0,7,0,0.0,2.0,6.0,10.0,A01
201800053478,1.0,7,0,0.0,1.0,1.0,15.0,A01
201800053479,2.0,33,0,0.0,0.0,8.0,1.0,A01
201800053480,1.0,32,0,1.0,0.0,1.0,1.0,A01
201800053481,1.0,7,0,0.0,2.0,8.0,13.0,Z01
201800053481,1.0,7,0,0.0,1.0,7.0,21.0,A01
201800053482,2.0,10,0,0.0,2.0,5.0,23.0,A01
201800053482,2.0,32,0,0.0,2.0,1.0,2.0,B01
201800053483,1.0,1,0,0.0,2.0,4.0,13.0,B01
201800053483,1.0,1,0,0.0,2.0,1.0,2.0,A01
201800053484,1.0,7,0,0.0,2.0,6.0,23.0,Z01
201800053484,2.0,30,0,1.0,0.0,2.0,1.0,A01
201800053485,1.0,32,0,0.0,2.0,1.0,1.0,A01
201800053485,2.0,7,0,0.0,2.0,8.0,1.0,B01
201800053486,1.0,7,0,0.0,2.0,6.0,23.0,B01
201800053486,1.0,7,0,0.0,2.0,2.0,2.0,A01
201800053487,1.0,30,0,1.0,0.0,1.0,17.0,A01
201800053488,1.0,7,0,0.0,2.0,2.0,12.0,A01
201800053488,1.0,33,0,0.0,2.0,6.0,1.0,B01
201800053489,2.0,1,0,0.0,2.0,1.0,7.0,B01
201800053489,2.0,1,0,0.0,2.0,4.0,7.0,A01
201800053490,2.0,7,0,0.0,2.0,4.0,23.0,B01
201800053490,2.0,7,0,0.0,2.0,1.0,1.0,A01
201800053491,1.0,32,0,0.0,2.0,3.0,1.0,B01
201800053491,1.0,7,0,0.0,2.0,5.0,16.0,A01
201800053492,2.0,7,0,0.0,2.0,2.0,9.0,B01
201800053492,2.0,32,0,0.0,2.0,2.0,5.0,A01
201800053493,2.0,1,0,0.0,2.0,1.0,1.0,B01
201800053493,2.0,7,0,0.0,2.0,8.0,22.0,A01
201800053494,2.0,33,0,0.0,2.0,7.0,23.0,B01
201800053494,2.0,7,0,0.0,2.0,3.0,13.0,A01
201800053495,0.0,33,0,3.0,0.0,1.0,16.0,A01
201800053496,2.0,7,0,0.0,1.0,1.0,2.0,A01
201800053497,1.0,7,0,0.0,2.0,2.0,16.0,B01
201800053497,1.0,2,0,0.0,2.0,3.0,7.0,A01
201800053498,1.0,32,0,0.0,2.0,1.0,1.0,B01
201800053498,1.0,7,0,0.0,2.0,3.0,9.0,A01
201800053499,2.0,32,0,0.0,2.0,3.0,18.0,B01
201800053499,2.0,7,0,0.0,2.0,2.0,16.0,A01
201800053500,1.0,10,0,0.0,1.0,2.0,1.0,A01
201800053501,1.0,7,0,0.0,1.0,5.0,9.0,A01
201800053502,1.0,7,0,0.0,2.0,6.0,2.0,B01
201800053502,1.0,33,0,0.0,2.0,1.0,2.0,A01
201800053503,1.0,7,0,0.0,2.0,1.0,2.0,A01
201800053503,1.0,7,0,0.0,2.0,4.0,23.0,B01
201800053503,1.0,7,0,0.0,2.0,1.0,2.0,Z01
201800053504,1.0,10,0,0.0,2.0,4.0,2.0,B01
201800053504,1.0,10,0,0.0,2.0,1.0,2.0,A01
201800053505,1.0,7,0,0.0,2.0,2.0,10.0,A01
201800053505,1.0,2,0,0.0,2.0,1.0,1.0,B01
201800053506,1.0,7,0,0.0,1.0,5.0,4.0,A01
201800053507,2.0,33,0,0.0,2.0,3.0,18.0,A01
201800053507,2.0,7,0,0.0,2.0,2.0,12.0,B01
201800053508,1.0,7,0,0.0,2.0,3.0,13.0,B01
201800053508,1.0,33,0,0.0,2.0,5.0,1.0,A01
201800053509,1.0,7,0,0.0,1.0,1.0,1.0,A01
201800053510,1.0,1,0,0.0,2.0,7.0,1.0,A01
201800053510,1.0,7,0,0.0,2.0,1.0,1.0,B01
201800053511,2.0,7,0,0.0,1.0,2.0,2.0,A01
201800053512,1.0,7,0,0.0,2.0,5.0,2.0,B01
201800053512,1.0,30,0,0.0,2.0,1.0,2.0,A01
201800053513,0.0,32,0,0.0,1.0,3.0,1.0,A01
201800053514,1.0,10,0,0.0,2.0,3.0,1.0,B01
201800053514,2.0,7,0,0.0,2.0,2.0,15.0,A01
201800053515,2.0,7,0,1.0,0.0,1.0,13.0,A01
201800053516,0.0,7,0,0.0,2.0,2.0,16.0,Z01
201800053516,0.0,30,0,0.0,2.0,8.0,16.0,A01
201800053517,1.0,7,0,0.0,1.0,2.0,16.0,A01
201800053518,2.0,33,0,8.0,0.0,8.0,13.0,A01
201800053519,1.0,10,0,0.0,2.0,4.0,23.0,B01
201800053519,1.0,7,0,0.0,2.0,1.0,2.0,A01
201800053520,2.0,7,0,0.0,2.0,7.0,12.0,B01
201800053520,2.0,7,0,0.0,2.0,3.0,1.0,A01
201800053521,1.0,1,0,0.0,2.0,0.0,1.0,A01
201800053521,1.0,7,0,0.0,2.0,0.0,22.0,Z01
201800053522,1.0,2,0,0.0,1.0,2.0,1.0,A01
201800053523,2.0,1,0,1.0,0.0,1.0,1.0,B01
201800053523,2.0,7,0,0.0,2.0,8.0,22.0,A01
201800053524,1.0,32,0,0.0,2.0,2.0,16.0,A01
201800053524,1.0,7,0,0.0,2.0,1.0,1.0,B01
201800053525,1.0,30,0,0.0,2.0,3.0,15.0,A01
201800053525,2.0,33,0,0.0,2.0,8.0,1.0,B01
201800053526,1.0,7,0,0.0,2.0,3.0,22.0,A01
201800053526,1.0,32,0,0.0,2.0,2.0,1.0,B01
201800053527,1.0,31,0,0.0,2.0,3.0,1.0,B01
201800053527,1.0,7,0,0.0,2.0,2.0,1.0,A01
201800053528,1.0,33,0,0.0,2.0,3.0,1.0,B01
201800053528,1.0,7,0,0.0,2.0,7.0,1.0,A01
201800053529,1.0,7,0,0.0,1.0,1.0,1.0,A01
201800053530,0.0,7,0,0.0,2.0,5.0,15.0,A01
201800053530,0.0,32,0,0.0,2.0,1.0,1.0,B01
201800053531,1.0,7,0,15.0,0.0,1.0,13.0,A01
201800053532,1.0,1,0,0.0,0.0,0.0,15.0,A01
201800053533,1.0,7,0,0.0,1.0,4.0,4.0,A01
201800053534,1.0,7,0,0.0,2.0,3.0,13.0,A01
201800053534,1.0,33,0,0.0,2.0,2.0,15.0,B01
201800053535,2.0,30,0,0.0,1.0,3.0,1.0,A01
201800053536,0.0,7,0,0.0,2.0,3.0,1.0,A01
201800053536,0.0,32,0,0.0,2.0,2.0,16.0,B01
201800053537,1.0,1,0,0.0,2.0,2.0,1.0,B01
201800053537,1.0,15,0,0.0,2.0,6.0,17.0,Z01
201800053538,1.0,7,0,14.0,0.0,3.0,13.0,A01
201800053539,2.0,31,0,0.0,2.0,8.0,1.0,B01
201800053539,2.0,10,0,0.0,2.0,2.0,16.0,A01
201800053540,2.0,7,0,0.0,2.0,1.0,1.0,B01
201800053540,1.0,30,0,0.0,2.0,1.0,13.0,A01
201800053541,1.0,7,0,0.0,2.0,1.0,2.0,A01
201800053541,1.0,7,0,0.0,2.0,4.0,23.0,B01
201800053542,2.0,7,0,0.0,2.0,5.0,11.0,A01
201800053542,2.0,33,0,0.0,2.0,5.0,1.0,B01
201800053543,1.0,33,0,0.0,2.0,3.0,1.0,B01
201800053543,1.0,7,0,0.0,2.0,3.0,1.0,A01
201800053544,1.0,32,0,0.0,1.0,1.0,7.0,A01
201800053545,1.0,32,0,0.0,2.0,1.0,17.0,A01
201800053545,1.0,7,0,0.0,2.0,5.0,17.0,B01
201800053546,1.0,7,0,0.0,2.0,1.0,2.0,Z01
201800053546,1.0,7,0,0.0,2.0,1.0,2.0,A01
201800053546,1.0,31,0,0.0,2.0,4.0,2.0,B01
201800053547,2.0,7,0,0.0,2.0,3.0,22.0,A01