Num_Acc,senc,catv,occutc,obs,obsm,choc,manv,num_veh
201800054082,2.0,14,0,0.0,1.0,8.0,1.0,A01
201800054083,1.0,32,0,0.0,2.0,1.0,1.0,A01
201800054083,2.0,7,0,0.0,2.0,1.0,15.0,B01
201800054084,2.0,32,0,0.0,2.0,1.0,15.0,A01
201800054084,2.0,7,0,0.0,2.0,8.0,1.0,B01
201800054085,1.0,7,0,0.0,2.0,5.0,23.0,B01
201800054085,1.0,7,0,0.0,2.0,2.0,1.0,A01
201800054086,2.0,37,0,0.0,0.0,0.0,1.0,A01
201800054087,1.0,2,0,0.0,1.0,0.0,1.0,Z01
201800054088,1.0,7,0,0.0,1.0,2.0,1.0,A01
201800054089,1.0,7,0,0.0,1.0,2.0,1.0,A01
201800054090,2.0,33,0,0.0,2.0,1.0,1.0,B01
201800054090,2.0,10,0,0.0,2.0,2.0,9.0,A01
201800054091,0.0,33,0,0.0,1.0,3.0,1.0,Z01
201800054092,2.0,37,0,0.0,1.0,2.0,7.0,A01
201800054093,2.0,7,0,0.0,2.0,5.0,1.0,B01
201800054093,2.0,7,0,0.0,2.0,3.0,16.0,A01
201800054094,1.0,7,0,0.0,2.0,0.0,1.0,Z01
201800054094,1.0,32,0,0.0,2.0,8.0,23.0,B01
201800054095,1.0,32,0,0.0,2.0,8.0,23.0,B01
201800054095,1.0,14,0,0.0,2.0,2.0,14.0,A01
201800054096,2.0,34,0,0.0,1.0,1.0,17.0,Z01
201800054097,1.0,14,0,0.0,1.0,3.0,1.0,A01
201800054098,1.0,1,0,0.0,2.0,1.0,1.0,B01
201800054098,1.0,7,0,0.0,2.0,4.0,4.0,A01
201800054099,2.0,10,0,0.0,2.0,2.0,10.0,A01
201800054099,2.0,2,0,0.0,2.0,1.0,17.0,B01
201800054100,1.0,7,0,0.0,1.0,1.0,15.0,A01
201800054101,2.0,7,0,0.0,2.0,7.0,14.0,A01
201800054101,2.0,1,0,0.0,2.0,8.0,1.0,B01
201800054102,2.0,31,0,0.0,2.0,2.0,17.0,B01
201800054102,2.0,7,0,0.0,2.0,3.0,13.0,A01
201800054103,2.0,7,0,0.0,2.0,0.0,1.0,Z01
201800054103,2.0,7,0,0.0,2.0,3.0,1.0,A01
201800054104,2.0,10,0,0.0,1.0,2.0,1.0,A01
201800054105,2.0,7,0,0.0,1.0,1.0,1.0,Z01
201800054106,2.0,32,0,0.0,2.0,7.0,1.0,A01
201800054106,2.0,7,0,0.0,2.0,8.0,13.0,Z01
201800054107,1.0,10,0,0.0,2.0,3.0,22.0,A01
201800054107,1.0,2,0,0.0,2.0,2.0,3.0,B01
201800054108,2.0,10,0,0.0,9.0,2.0,7.0,A01
201800054108,2.0,99,0,0.0,2.0,4.0,18.0,B01
201800054109,2.0,7,0,0.0,2.0,6.0,23.0,A01
201800054109,2.0,7,0,0.0,2.0,0.0,1.0,B01
201800054110,1.0,7,0,0.0,2.0,0.0,1.0,Z01
201800054110,1.0,32,0,0.0,2.0,6.0,1.0,A01
201800054111,1.0,33,0,0.0,2.0,1.0,21.0,B01
201800054111,1.0,7,0,0.0,2.0,6.0,1.0,A01
201800054112,2.0,7,0,0.0,2.0,1.0,1.0,B01
201800054112,2.0,7,0,0.0,2.0,4.0,1.0,C01
201800054112,2.0,7,0,0.0,2.0,1.0,1.0,A01
201800054112,1.0,7,0,0.0,2.0,4.0,1.0,D01
201800054113,1.0,2,0,0.0,2.0,1.0,15.0,A01
201800054113,1.0,2,0,0.0,2.0,8.0,1.0,B01
201800054114,1.0,30,0,0.0,1.0,1.0,1.0,Z01
201800054115,1.0,7,0,0.0,2.0,6.0,16.0,A01
201800054115,1.0,2,0,0.0,2.0,2.0,1.0,B01
201800054116,1.0,7,0,0.0,1.0,1.0,16.0,A01
201800054117,1.0,7,0,0.0,1.0,8.0,1.0,Z01
201800054118,1.0,7,0,0.0,2.0,1.0,1.0,A01
201800054118,2.0,31,0,0.0,2.0,8.0,1.0,B01
201800054119,1.0,10,0,0.0,1.0,8.0,1.0,A01
201800054120,2.0,7,0,0.0,2.0,1.0,1.0,Z01
201800054120,2.0,7,0,0.0,2.0,4.0,23.0,A01
201800054120,2.0,1,0,0.0,2.0,4.0,19.0,B01
201800054121,1.0,7,0,14.0,1.0,3.0,7.0,A01
201800054122,2.0,37,0,0.0,1.0,2.0,7.0,A01
201800054123,1.0,7,0,0.0,1.0,2.0,16.0,A01
201800054124,1.0,14,0,0.0,2.0,1.0,2.0,A01
201800054124,1.0,7,0,0.0,2.0,4.0,2.0,B01
201800054125,2.0,30,0,0.0,2.0,3.0,3.0,A01
201800054125,2.0,7,0,0.0,2.0,5.0,1.0,B01
201800054126,1.0,30,0,0.0,1.0,1.0,15.0,A01
201800054127,2.0,30,0,0.0,2.0,7.0,1.0,A01
201800054127,2.0,7,0,0.0,2.0,3.0,16.0,B01
201800054128,2.0,10,0,0.0,2.0,6.0,9.0,A01
201800054128,2.0,1,0,0.0,2.0,1.0,1.0,B01
201800054129,1.0,7,0,6.0,0.0,1.0,1.0,A01
201800054130,1.0,7,0,0.0,2.0,3.0,1.0,Z01
201800054130,2.0,30,0,0.0,2.0,1.0,1.0,A01
201800054131,2.0,1,0,0.0,2.0,7.0,1.0,B01
201800054131,1.0,7,0,0.0,2.0,3.0,1.0,A01
201800054132,1.0,32,0,4.0,0.0,2.0,14.0,A01
201800054133,2.0,2,0,0.0,2.0,3.0,18.0,A01
201800054133,2.0,7,0,0.0,2.0,2.0,16.0,B01
201800054134,1.0,7,0,0.0,1.0,2.0,1.0,A01
201800054135,1.0,30,0,0.0,2.0,3.0,18.0,A01
201800054135,1.0,10,0,0.0,2.0,2.0,16.0,B01
201800054136,1.0,31,0,0.0,0.0,7.0,1.0,A01
201800054137,2.0,7,0,0.0,2.0,8.0,22.0,A01
201800054137,2.0,1,0,0.0,2.0,2.0,1.0,B01
201800054137,2.0,2,0,0.0,2.0,7.0,21.0,C01
201800054138,1.0,7,0,0.0,1.0,1.0,1.0,A01
201800054139,1.0,10,0,0.0,2.0,2.0,9.0,A01
201800054139,1.0,2,0,0.0,2.0,1.0,1.0,B01
201800054140,0.0,2,0,0.0,0.0,7.0,1.0,A01
201800054141,1.0,33,0,0.0,1.0,2.0,1.0,A01
201800054142,1.0,1,0,0.0,0.0,2.0,21.0,A01
201800054143,2.0,34,0,0.0,2.0,3.0,1.0,B01
201800054143,1.0,7,0,0.0,2.0,1.0,15.0,A01
201800054144,2.0,2,0,0.0,2.0,1.0,1.0,C01
201800054144,1.0,32,0,0.0,2.0,3.0,1.0,B01
201800054144,1.0,7,0,0.0,2.0,5.0,1.0,A01
201800054145,1.0,34,0,0.0,2.0,1.0,17.0,A01
201800054145,1.0,1,0,0.0,2.0,8.0,15.0,B01
201800054146,1.0,32,0,0.0,2.0,3.0,18.0,A01
201800054146,1.0,7,0,0.0,2.0,2.0,16.0,B01
201800054147,2.0,2,0,0.0,2.0,7.0,15.0,A01
201800054147,1.0,7,0,0.0,2.0,3.0,1.0,B01
201800054148,2.0,2,0,0.0,2.0,1.0,13.0,A01
201800054148,1.0,10,0,0.0,2.0,1.0,1.0,B01
201800054149,1.0,7,0,0.0,1.0,4.0,20.0,A01
201800054150,2.0,34,0,4.0,0.0,7.0,1.0,A01
201800054151,1.0,7,0,0.0,2.0,2.0,16.0,A01
201800054151,1.0,1,0,0.0,2.0,1.0,1.0,B01
201800054152,2.0,7,0,0.0,2.0,3.0,13.0,A01
201800054152,2.0,2,0,14.0,2.0,1.0,17.0,B01
201800054153,1.0,33,0,0.0,1.0,1.0,1.0,A01
201800054154,1.0,1,0,0.0,2.0,1.0,1.0,B01
201800054154,1.0,14,0,0.0,2.0,5.0,16.0,A01
201800054155,1.0,1,0,0.0,1.0,2.0,1.0,A01
201800054156,1.0,1,0,1.0,2.0,0.0,1.0,B01
201800054156,1.0,7,0,0.0,2.0,3.0,22.0,A01
201800054157,1.0,33,0,0.0,2.0,2.0,13.0,Z01
201800054157,1.0,7,0,0.0,2.0,5.0,1.0,A01
201800054157,1.0,34,0,1.0,2.0,2.0,3.0,B01
201800054158,1.0,7,0,0.0,2.0,2.0,15.0,A01
201800054158,1.0,1,0,0.0,2.0,0.0,7.0,B01
201800054159,1.0,2,0,0.0,1.0,1.0,1.0,A01
201800054160,1.0,7,0,0.0,2.0,1.0,1.0,A01
201800054160,1.0,1,0,0.0,2.0,8.0,16.0,B01
201800054161,1.0,1,0,0.0,2.0,8.0,1.0,B01
201800054161,1.0,7,0,0.0,2.0,1.0,1.0,Z01
201800054162,1.0,2,0,0.0,2.0,0.0,1.0,B01
201800054162,1.0,7,0,0.0,2.0,0.0,11.0,Z01
201800054163,2.0,7,0,0.0,2.0,3.0,22.0,A01
201800054163,2.0,1,0,0.0,2.0,1.0,1.0,B01
201800054164,0.0,7,0,0.0,1.0,2.0,1.0,A01
201800054165,2.0,7,0,0.0,1.0,1.0,1.0,A01
201800054166,2.0,2,0,0.0,1.0,1.0,1.0,A01
201800054167,1.0,2,0,0.0,2.0,0.0,1.0,A01
201800054167,1.0,10,0,0.0,2.0,3.0,23.0,C01
201800054167,2.0,10,0,0.0,2.0,2.0,23.0,B01
201800054168,1.0,34,0,0.0,2.0,4.0,23.0,B01
201800054168,1.0,10,0,0.0,2.0,3.0,2.0,A01
201800054169,1.0,7,0,0.0,2.0,6.0,23.0,B01
201800054169,1.0,7,0,0.0,2.0,2.0,23.0,A01
201800054169,1.0,7,0,0.0,2.0,4.0,1.0,C01
201800054170,0.0,7,0,0.0,2.0,7.0,15.0,B01
201800054170,1.0,7,0,0.0,2.0,3.0,1.0,A01
201800054171,1.0,7,0,0.0,1.0,2.0,1.0,A01
201800054172,1.0,7,0,0.0,1.0,1.0,16.0,A01
201800054173,0.0,10,0,0.0,2.0,3.0,1.0,B01
201800054173,0.0,7,0,0.0,2.0,6.0,1.0,A01
201800054174,2.0,7,0,0.0,2.0,6.0,10.0,A01
201800054174,2.0,33,0,0.0,2.0,2.0,1.0,B01
201800054175,0.0,7,0,0.0,2.0,1.0,2.0,A01
201800054175,0.0,7,0,0.0,2.0,4.0,2.0,B01
201800054176,1.0,1,0,0.0,2.0,1.0,19.0,A01
201800054176,1.0,7,0,0.0,2.0,0.0,0.0,Z01
201800054177,2.0,33,0,0.0,2.0,7.0,17.0,A01
201800054177,2.0,30,0,0.0,2.0,8.0,13.0,B01
201800054178,1.0,7,0,0.0,2.0,3.0,1.0,B01
201800054178,2.0,2,0,1.0,2.0,1.0,8.0,A01
201800054179,0.0,1,0,0.0,2.0,1.0,19.0,B01
201800054179,0.0,7,0,0.0,2.0,3.0,1.0,A01
201800054180,1.0,10,0,0.0,2.0,2.0,16.0,B01
201800054180,1.0,2,0,0.0,2.0,1.0,1.0,A01
201800054181,1.0,31,0,0.0,2.0,1.0,1.0,A01
201800054181,2.0,34,0,0.0,2.0,3.0,15.0,B01
201800054182,1.0,10,0,0.0,1.0,3.0,16.0,A01
201800054183,1.0,10,0,0.0,1.0,1.0,1.0,A01
201800054184,1.0,7,0,0.0,2.0,2.0,16.0,A01
201800054184,1.0,33,0,0.0,2.0,1.0,7.0,B01
201800054185,1.0,7,0,0.0,1.0,6.0,1.0,A01
201800054186,1.0,1,0,0.0,1.0,1.0,1.0,A01
201800054187,2.0,7,0,0.0,2.0,3.0,15.0,A01
201800054187,2.0,1,0,0.0,2.0,2.0,1.0,B01
201800054188,1.0,7,0,0.0,2.0,1.0,2.0,A01
201800054188,1.0,7,0,0.0,2.0,4.0,2.0,B01
201800054189,1.0,7,0,0.0,2.0,3.0,15.0,B01
201800054189,2.0,30,0,0.0,2.0,2.0,7.0,A01
201800054190,1.0,7,0,0.0,1.0,1.0,1.0,B01
201800054191,1.0,10,0,0.0,1.0,4.0,4.0,A01
201800054192,1.0,31,0,0.0,2.0,1.0,1.0,B01
201800054192,1.0,7,0,0.0,2.0,3.0,16.0,A01
201800054193,1.0,7,0,0.0,1.0,1.0,15.0,A01
201800054194,1.0,7,0,0.0,1.0,2.0,1.0,A01
201800054195,1.0,38,1,0.0,2.0,1.0,11.0,A01
201800054195,1.0,33,0,0.0,2.0,4.0,18.0,B01
201800054196,2.0,10,0,0.0,1.0,1.0,16.0,A01
201800054197,0.0,32,0,0.0,1.0,1.0,1.0,A01
201800054198,0.0,7,0,0.0,2.0,0.0,2.0,Z01
201800054198,0.0,30,0,0.0,2.0,4.0,23.0,A01
201800054199,1.0,1,0,0.0,1.0,1.0,1.0,A01
201800054200,1.0,32,0,9.0,0.0,1.0,20.0,A01
201800054201,2.0,30,0,0.0,1.0,1.0,1.0,Z01
201800054202,1.0,10,0,0.0,2.0,8.0,1.0,B01
201800054202,2.0,33,0,0.0,2.0,0.0,17.0,A01
201800054203,1.0,7,0,0.0,2.0,3.0,15.0,A01
201800054203,1.0,33,0,0.0,2.0,1.0,1.0,B01
201800054204,2.0,2,0,0.0,2.0,0.0,9.0,Z01
201800054204,1.0,1,0,0.0,2.0,3.0,5.0,B01
201800054205,1.0,1,0,0.0,2.0,4.0,1.0,B01
201800054205,1.0,7,0,0.0,2.0,3.0,1.0,A01
201800054206,1.0,7,0,0.0,1.0,2.0,16.0,A01
201800054207,1.0,7,0,0.0,1.0,3.0,1.0,Z01
201800054208,2.0,7,0,0.0,2.0,6.0,11.0,A01
201800054208,2.0,31,0,0.0,2.0,0.0,1.0,B01
201800054209,1.0,7,0,0.0,1.0,4.0,4.0,A01
201800054210,1.0,7,0,0.0,2.0,8.0,1.0,B01
201800054210,1.0,10,0,0.0,2.0,1.0,15.0,A01
201800054211,1.0,1,0,0.0,1.0,1.0,19.0,A01
201800054212,1.0,30,0,0.0,0.0,8.0,1.0,A01
201800054213,2.0,30,0,0.0,2.0,1.0,1.0,A01
201800054213,2.0,7,0,0.0,2.0,8.0,1.0,B01
201800054214,1.0,30,0,0.0,2.0,2.0,1.0,B01
201800054214,1.0,33,0,0.0,2.0,2.0,1.0,A01
201800054215,2.0,33,0,0.0,1.0,3.0,17.0,A01
201800054216,2.0,31,0,0.0,1.0,1.0,1.0,A01
201800054217,2.0,30,0,0.0,1.0,1.0,1.0,A01
201800054218,2.0,7,0,14.0,0.0,2.0,14.0,A01
201800054219,2.0,7,0,0.0,1.0,2.0,1.0,A01
201800054220,2.0,7,0,0.0,2.0,4.0,10.0,C01
201800054220,2.0,7,0,0.0,2.0,1.0,15.0,A01
201800054220,2.0,7,0,0.0,2.0,3.0,15.0,B01
201800054221,1.0,7,0,0.0,1.0,8.0,1.0,A01
201800054222,2.0,31,0,0.0,2.0,8.0,1.0,A01
201800054222,1.0,7,0,0.0,2.0,6.0,13.0,Z01
201800054223,1.0,7,0,0.0,1.0,1.0,1.0,Z01
201800054224,1.0,2,0,0.0,2.0,8.0,1.0,A01
201800054224,2.0,30,0,0.0,2.0,1.0,1.0,Z01
201800054225,2.0,1,0,0.0,1.0,1.0,7.0,A01
201800054226,1.0,7,0,0.0,1.0,2.0,1.0,A01
201800054227,1.0,10,0,0.0,1.0,6.0,4.0,A01
201800054228,2.0,1,0,0.0,2.0,1.0,1.0,B01
201800054228,1.0,7,0,0.0,2.0,3.0,15.0,A01
201800054229,1.0,30,0,0.0,1.0,8.0,1.0,Z01
201800054230,1.0,31,0,0.0,2.0,3.0,7.0,B01
201800054230,1.0,10,0,0.0,2.0,2.0,16.0,A01
201800054231,2.0,7,0,0.0,2.0,1.0,2.0,B01
201800054231,1.0,7,0,0.0,2.0,1.0,5.0,A01
201800054231,2.0,13,0,0.0,2.0,1.0,2.0,C01
201800054232,2.0,7,0,0.0,1.0,2.0,21.0,A01
201800054233,2.0,7,0,0.0,2.0,1.0,1.0,B01
201800054233,2.0,10,0,0.0,2.0,7.0,1.0,A01
201800054234,1.0,7,0,0.0,2.0,5.0,15.0,A01
201800054234,2.0,31,0,0.0,2.0,1.0,1.0,B01
201800054235,2.0,7,0,0.0,2.0,2.0,2.0,A01
201800054235,2.0,99,0,0.0,2.0,4.0,2.0,B01
201800054236,1.0,2,0,0.0,2.0,5.0,17.0,B01
201800054236,1.0,7,0,0.0,2.0,3.0,1.0,A01
201800054237,1.0,7,0,0.0,1.0,3.0,1.0,A01
201800054238,1.0,30,0,0.0,1.0,1.0,1.0,A01
201800054239,0.0,33,0,0.0,1.0,1.0,1.0,A01
201800054240,1.0,7,0,0.0,2.0,1.0,17.0,A01
201800054240,2.0,32,0,0.0,2.0,1.0,1.0,B01
201800054241,1.0,7,0,0.0,1.0,8.0,1.0,A01
201800054242,2.0,7,0,0.0,2.0,8.0,1.0,B01
201800054242,2.0,33,0,0.0,2.0,1.0,1.0,A01
201800054243,2.0,7,0,0.0,1.0,1.0,18.0,A01
201800054244,1.0,30,0,0.0,2.0,1.0,18.0,B01
201800054244,1.0,7,0,0.0,2.0,2.0,16.0,A01
201800054245,1.0,7,0,0.0,2.0,8.0,23.0,B01
201800054245,1.0,32,0,0.0,2.0,2.0,2.0,A01
201800054246,2.0,10,0,0.0,2.0,1.0,10.0,Z01
201800054246,1.0,32,0,0.0,2.0,1.0,1.0,A01
201800054247,1.0,7,0,0.0,2.0,7.0,1.0,A01
201800054247,1.0,7,0,0.0,2.0,1.0,1.0,B01
201800054248,1.0,7,0,0.0,1.0,7.0,7.0,A01
201800054249,1.0,33,0,0.0,2.0,8.0,17.0,A01
201800054249,1.0,7,0,0.0,2.0,0.0,15.0,B01
201800054250,2.0,7,0,0.0,2.0,2.0,16.0,Z01
201800054250,2.0,2,0,0.0,2.0,3.0,18.0,A01
201800054251,1.0,7,0,0.0,1.0,3.0,1.0,A01
201800054252,0.0,1,0,0.0,2.0,2.0,19.0,B01
201800054252,1.0,10,0,0.0,2.0,1.0,1.0,A01
201800054253,2.0,32,0,0.0,2.0,1.0,5.0,B01
201800054253,1.0,10,0,0.0,2.0,1.0,1.0,A01
201800054254,1.0,10,0,0.0,2.0,4.0,2.0,B01
201800054254,1.0,7,0,0.0,2.0,1.0,2.0,A01
201800054255,2.0,33,0,0.0,1.0,2.0,1.0,A01
201800054256,1.0,7,0,0.0,1.0,2.0,1.0,A01
201800054257,1.0,7,0,0.0,1.0,4.0,20.0,A01
201800054258,1.0,40,1,0.0,2.0,2.0,1.0,B01
201800054258,2.0,99,0,0.0,4.0,7.0,1.0,A01
201800054259,1.0,7,0,0.0,2.0,0.0,15.0,Z01
201800054259,2.0,30,0,0.0,2.0,1.0,1.0,B01
201800054260,2.0,31,0,0.0,2.0,8.0,7.0,B01
201800054260,1.0,7,0,0.0,2.0,1.0,15.0,A01
201800054261,1.0,99,0,0.0,2.0,1.0,7.0,B01
201800054261,1.0,16,0,0.0,2.0,3.0,22.0,A01
201800054262,2.0,7,0,0.0,2.0,1.0,2.0,A01
201800054262,2.0,10,0,0.0,2.0,4.0,23.0,B01
201800054263,1.0,30,0,0.0,2.0,1.0,1.0,B01
201800054263,1.0,7,0,0.0,2.0,7.0,15.0,A01
201800054264,2.0,7,0,0.0,1.0,2.0,1.0,Z01
201800054265,1.0,1,0,0.0,2.0,1.0,1.0,B01
201800054265,1.0,7,0,0.0,2.0,7.0,16.0,A01
201800054266,2.0,32,0,0.0,1.0,1.0,1.0,A01
201800054267,1.0,7,0,0.0,2.0,7.0,1.0,B01
201800054267,2.0,7,0,0.0,2.0,1.0,1.0,A01
201800054268,1.0,7,0,0.0,1.0,1.0,16.0,A01
201800054269,1.0,7,0,0.0,1.0,1.0,1.0,A01
201800054270,2.0,2,0,0.0,2.0,1.0,18.0,B01
201800054270,2.0,7,0,0.0,2.0,2.0,16.0,A01
201800054271,2.0,7,0,0.0,2.0,6.0,15.0,B01
201800054271,1.0,30,0,0.0,2.0,1.0,1.0,A01
201800054272,0.0,7,0,0.0,1.0,1.0,9.0,A01
201800054273,1.0,37,1,0.0,1.0,2.0,1.0,A01
201800054274,1.0,1,0,0.0,2.0,2.0,1.0,B01
201800054274,1.0,38,1,0.0,2.0,3.0,9.0,A01
201800054275,2.0,30,0,0.0,2.0,1.0,1.0,B01
201800054275,1.0,7,0,0.0,2.0,5.0,15.0,A01
201800054276,2.0,30,0,0.0,2.0,7.0,1.0,A01
201800054276,2.0,7,0,0.0,2.0,0.0,14.0,Z01
201800054277,0.0,32,0,14.0,2.0,0.0,18.0,B01
201800054277,0.0,30,0,0.0,2.0,3.0,1.0,A01
201800054277,0.0,7,0,0.0,2.0,3.0,13.0,C01
201800054278,1.0,31,0,0.0,1.0,1.0,18.0,A01
201800054279,2.0,99,0,0.0,2.0,1.0,1.0,A01
201800054279,2.0,7,0,0.0,2.0,1.0,15.0,B01
201800054280,1.0,33,0,0.0,1.0,1.0,1.0,A01
201800054281,1.0,33,0,0.0,2.0,1.0,1.0,B01
201800054281,1.0,7,0,0.0,2.0,3.0,10.0,A01
201800054282,2.0,34,0,0.0,2.0,3.0,15.0,A01
201800054282,2.0,7,0,0.0,2.0,1.0,1.0,B01
201800054283,0.0,7,0,0.0,1.0,1.0,1.0,Z01
201800054284,1.0,7,0,0.0,2.0,3.0,9.0,A01
201800054284,1.0,2,0,0.0,2.0,2.0,1.0,B01
201800054285,1.0,7,0,0.0,2.0,2.0,1.0,B01
201800054285,1.0,33,0,0.0,2.0,3.0,13.0,A01
201800054286,2.0,1,0,0.0,1.0,1.0,1.0,A01
201800054287,2.0,30,0,0.0,2.0,2.0,1.0,A01
201800054287,2.0,1,0,0.0,2.0,6.0,19.0,B01
201800054288,2.0,10,0,0.0,1.0,6.0,4.0,A01
201800054289,1.0,10,0,0.0,1.0,6.0,4.0,A01
201800054290,1.0,7,0,0.0,2.0,1.0,2.0,A01
201800054290,1.0,7,0,0.0,2.0,1.0,23.0,B01
201800054290,1.0,10,0,0.0,2.0,4.0,23.0,C01
201800054291,1.0,7,0,0.0,1.0,1.0,1.0,Z01
201800054292,1.0,37,1,0.0,1.0,7.0,1.0,A01
201800054293,2.0,30,0,0.0,2.0,8.0,1.0,Z01
201800054293,2.0,32,0,0.0,2.0,1.0,1.0,A01
201800054294,2.0,1,0,0.0,2.0,1.0,1.0,B01
201800054294,2.0,7,0,0.0,2.0,3.0,15.0,A01
201800054295,1.0,7,0,0.0,2.0,2.0,16.0,A01
201800054295,1.0,32,0,0.0,2.0,3.0,7.0,B01
201800054296,1.0,7,0,0.0,2.0,8.0,10.0,A01
201800054296,1.0,2,0,0.0,2.0,2.0,1.0,B01
201800054297,2.0,7,0,0.0,2.0,2.0,1.0,A01
201800054297,2.0,34,0,0.0,2.0,1.0,1.0,B01
201800054298,2.0,10,0,0.0,2.0,1.0,15.0,A01
201800054298,1.0,34,0,0.0,2.0,1.0,1.0,B01
201800054299,2.0,32,0,0.0,1.0,3.0,1.0,A01
201800054300,2.0,10,0,0.0,2.0,1.0,1.0,B01
201800054300,2.0,32,0,0.0,2.0,2.0,1.0,A01
201800054301,1.0,30,0,0.0,2.0,2.0,1.0,A01
201800054301,1.0,7,0,0.0,2.0,0.0,15.0,Z01
201800054302,2.0,30,0,0.0,2.0,4.0,23.0,A01
201800054302,2.0,7,0,0.0,2.0,1.0,2.0,Z01
201800054303,2.0,7,0,0.0,2.0,7.0,16.0,A01
201800054303,2.0,33,0,0.0,2.0,8.0,18.0,B01
201800054304,2.0,30,0,0.0,1.0,6.0,1.0,A01
201800054305,2.0,7,0,0.0,1.0,7.0,7.0,A01
201800054306,2.0,32,0,0.0,2.0,1.0,2.0,A01
201800054306,2.0,3,0,0.0,2.0,5.0,23.0,B01
201800054307,2.0,7,0,0.0,1.0,3.0,1.0,A01
201800054308,1.0,1,0,0.0,1.0,8.0,1.0,A01
201800054309,2.0,2,0,0.0,1.0,2.0,1.0,A01
201800054310,1.0,7,0,0.0,1.0,1.0,16.0,A01
201800054311,2.0,7,0,0.0,2.0,6.0,23.0,A01
201800054311,2.0,7,0,0.0,2.0,2.0,2.0,Z01
201800054312,1.0,7,0,0.0,1.0,3.0,1.0,A01
201800054313,1.0,7,0,0.0,2.0,3.0,15.0,B01
201800054313,2.0,7,0,0.0,2.0,3.0,1.0,A01
201800054314,1.0,7,0,0.0,1.0,1.0,1.0,A01
201800054315,1.0,7,0,11.0,0.0,3.0,13.0,A01
201800054316,1.0,1,0,0.0,2.0,1.0,1.0,B01
201800054316,1.0,10,0,0.0,2.0,2.0,16.0,A01
201800054317,1.0,7,0,0.0,1.0,4.0,20.0,A01
201800054318,1.0,1,0,0.0,2.0,7.0,1.0,A01
201800054318,1.0,7,0,0.0,2.0,3.0,15.0,B01
201800054319,2.0,7,0,0.0,1.0,2.0,1.0,A01
201800054320,1.0,34,0,0.0,1.0,1.0,1.0,A01
201800054321,1.0,33,0,0.0,1.0,1.0,1.0,A01
201800054322,2.0,1,0,0.0,2.0,7.0,1.0,B01
201800054322,2.0,7,0,0.0,2.0,3.0,11.0,A01
201800054323,1.0,7,0,0.0,1.0,3.0,1.0,A01
201800054324,1.0,30,0,0.0,2.0,1.0,5.0,Z01
201800054324,2.0,1,0,0.0,2.0,1.0,1.0,A01
201800054325,2.0,7,0,0.0,1.0,2.0,15.0,A01
201800054326,1.0,34,0,0.0,1.0,0.0,1.0,A01
201800054327,1.0,34,0,0.0,0.0,0.0,1.0,A01
201800054328,2.0,32,0,0.0,0.0,8.0,15.0,A01
201800054329,2.0,7,0,0.0,1.0,3.0,16.0,A01
201800054330,1.0,7,0,0.0,1.0,2.0,15.0,A01
201800054331,1.0,7,0,0.0,2.0,3.0,9.0,A01
201800054331,1.0,32,0,0.0,2.0,1.0,1.0,B01
201800054332,1.0,1,0,0.0,1.0,1.0,1.0,A01
201800054333,2.0,31,0,0.0,2.0,3.0,17.0,A01
201800054333,2.0,7,0,0.0,2.0,3.0,10.0,Z01
201800054334,2.0,1,0,0.0,2.0,1.0,1.0,B01
201800054334,2.0,7,0,0.0,2.0,3.0,22.0,A01
201800054335,2.0,30,0,0.0,2.0,7.0,17.0,A01
201800054335,2.0,7,0,0.0,2.0,3.0,15.0,B01
201800054336,1.0,7,0,0.0,2.0,2.0,1.0,B01
201800054336,1.0,7,0,0.0,2.0,3.0,9.0,A01
201800054337,2.0,2,0,0.0,1.0,0.0,1.0,A01
201800054338,2.0,7,0,0.0,1.0,3.0,4.0,A01
201800054339,2.0,1,0,0.0,1.0,1.0,1.0,A01
201800054340,1.0,1,0,0.0,1.0,1.0,1.0,A01
201800054341,1.0,15,0,0.0,2.0,7.0,1.0,B01
201800054341,1.0,7,0,7.0,2.0,9.0,18.0,A01
201800054342,2.0,7,0,0.0,2.0,1.0,2.0,A01
201800054342,2.0,7,0,0.0,2.0,4.0,23.0,C01
201800054342,2.0,7,0,0.0,2.0,4.0,23.0,B01
201800054343,1.0,30,0,0.0,1.0,1.0,1.0,Z01
201800054344,2.0,30,0,0.0,1.0,1.0,1.0,A01
201800054345,2.0,31,0,0.0,2.0,7.0,1.0,B01
201800054345,2.0,7,0,0.0,2.0,8.0,13.0,A01
201800054346,1.0,10,0,0.0,1.0,8.0,1.0,A01
201800054347,2.0,7,0,0.0,1.0,7.0,1.0,A01
201800054348,0.0,2,0,8.0,0.0,3.0,13.0,A01
201800054349,1.0,30,0,0.0,1.0,1.0,5.0,A01
201800054350,1.0,7,0,0.0,1.0,2.0,15.0,A01
201800054351,1.0,33,0,0.0,2.0,1.0,1.0,B01
201800054351,2.0,7,0,0.0,2.0,3.0,15.0,A01
201800054352,1.0,7,0,0.0,1.0,3.0,1.0,A01
201800054353,1.0,7,0,0.0,9.0,8.0,15.0,Z01
201800054353,2.0,1,0,0.0,2.0,7.0,1.0,A01
201800054354,2.0,30,0,0.0,1.0,1.0,1.0,A01
201800054355,1.0,7,0,0.0,2.0,2.0,15.0,A01
201800054355,2.0,34,0,0.0,2.0,1.0,1.0,B01
201800054356,1.0,10,0,0.0,2.0,3.0,10.0,A01