Num_Acc,senc,catv,occutc,obs,obsm,choc,manv,num_veh
201800054607,0.0,7,0,0.0,2.0,4.0,2.0,A01
201800054607,0.0,10,0,0.0,2.0,1.0,2.0,Z01
201800054608,1.0,7,0,0.0,1.0,1.0,1.0,A01
201800054609,1.0,7,0,0.0,1.0,3.0,1.0,A01
201800054610,1.0,34,0,1.0,2.0,7.0,17.0,A01
201800054610,1.0,10,0,0.0,2.0,8.0,15.0,B01
201800054611,1.0,30,0,0.0,0.0,0.0,1.0,A01
201800054612,2.0,30,0,0.0,2.0,8.0,10.0,Z01
201800054612,2.0,30,0,0.0,2.0,1.0,5.0,A01
201800054613,0.0,1,0,0.0,2.0,1.0,1.0,B01
201800054613,0.0,7,0,0.0,2.0,3.0,1.0,A01
201800054614,2.0,7,0,0.0,1.0,1.0,1.0,A01
201800054615,0.0,7,0,0.0,1.0,1.0,1.0,Z01
201800054616,0.0,7,0,0.0,2.0,1.0,14.0,A01
201800054616,0.0,15,0,0.0,2.0,0.0,24.0,B01
201800054617,1.0,7,0,0.0,1.0,3.0,1.0,A01
201800054618,1.0,7,0,0.0,2.0,1.0,15.0,A01
201800054618,2.0,2,0,0.0,2.0,0.0,1.0,B01
201800054619,1.0,7,0,0.0,1.0,3.0,1.0,A01
201800054620,1.0,32,0,1.0,1.0,2.0,17.0,A01
201800054621,0.0,33,0,0.0,2.0,2.0,1.0,B01
201800054621,0.0,7,0,0.0,2.0,6.0,11.0,A01
201800054622,2.0,33,0,0.0,2.0,1.0,1.0,B01
201800054622,1.0,7,0,0.0,2.0,3.0,10.0,A01
201800054623,0.0,7,0,0.0,1.0,2.0,14.0,A01
201800054624,2.0,7,0,0.0,1.0,5.0,4.0,A01
201800054625,2.0,10,0,0.0,1.0,3.0,1.0,Z01
201800054626,1.0,7,0,0.0,1.0,7.0,16.0,A01
201800054627,2.0,1,0,0.0,2.0,8.0,23.0,A01
201800054627,2.0,7,0,0.0,2.0,2.0,14.0,B01
201800054628,1.0,7,0,0.0,2.0,1.0,2.0,A01
201800054628,1.0,7,0,0.0,2.0,4.0,2.0,B01
201800054629,1.0,99,0,0.0,1.0,2.0,1.0,A01
201800054630,2.0,32,0,0.0,2.0,6.0,2.0,A01
201800054630,2.0,7,0,14.0,2.0,6.0,23.0,B01
201800054631,1.0,7,0,1.0,0.0,1.0,14.0,A01
201800054632,1.0,7,0,0.0,2.0,4.0,23.0,B01
201800054632,1.0,31,0,0.0,2.0,1.0,2.0,A01
201800054633,2.0,1,0,0.0,1.0,1.0,1.0,A01
201800054634,2.0,1,0,0.0,2.0,1.0,16.0,B01
201800054634,1.0,32,0,0.0,2.0,4.0,15.0,A01
201800054635,2.0,7,0,0.0,1.0,3.0,15.0,A01
201800054636,2.0,7,0,0.0,2.0,3.0,22.0,A01
201800054636,2.0,1,0,0.0,2.0,1.0,1.0,B01
201800054637,1.0,30,0,0.0,2.0,3.0,1.0,B01
201800054637,2.0,7,0,0.0,2.0,2.0,1.0,A01
201800054638,1.0,7,0,14.0,0.0,9.0,13.0,A01
201800054639,2.0,7,0,0.0,2.0,0.0,15.0,A01
201800054639,2.0,1,0,0.0,2.0,0.0,1.0,B01
201800054640,2.0,1,0,8.0,2.0,8.0,1.0,A01
201800054640,1.0,30,0,0.0,2.0,8.0,5.0,Z01
201800054641,2.0,7,0,0.0,2.0,8.0,1.0,A01
201800054641,2.0,30,0,1.0,2.0,8.0,13.0,Z01
201800054642,2.0,30,0,0.0,5.0,0.0,1.0,A01
201800054643,1.0,7,0,0.0,1.0,3.0,15.0,A01
201800054644,2.0,7,0,0.0,2.0,3.0,15.0,A01
201800054644,1.0,32,0,0.0,2.0,3.0,1.0,B01
201800054645,1.0,34,0,0.0,1.0,1.0,18.0,A01
201800054646,1.0,32,0,0.0,0.0,0.0,1.0,A01
201800054647,1.0,10,0,0.0,1.0,2.0,1.0,A01
201800054648,1.0,7,0,0.0,2.0,4.0,23.0,C01
201800054648,1.0,10,0,0.0,2.0,1.0,1.0,A01
201800054648,1.0,7,0,0.0,2.0,4.0,23.0,B01
201800054649,1.0,34,0,0.0,2.0,1.0,1.0,A01
201800054649,2.0,7,0,0.0,2.0,5.0,1.0,B01
201800054650,2.0,7,0,0.0,2.0,2.0,15.0,Z01
201800054650,1.0,30,0,0.0,2.0,5.0,1.0,A01
201800054651,1.0,7,0,15.0,0.0,1.0,13.0,A01
201800054652,2.0,1,0,0.0,2.0,1.0,1.0,B01
201800054652,1.0,7,0,0.0,2.0,2.0,15.0,A01
201800054653,1.0,14,0,0.0,2.0,6.0,1.0,B01
201800054653,2.0,7,0,0.0,2.0,3.0,5.0,A01
201800054653,1.0,14,0,0.0,2.0,1.0,1.0,C01
201800054654,2.0,7,0,0.0,2.0,4.0,23.0,B01
201800054654,2.0,7,0,1.0,2.0,2.0,1.0,A01
201800054655,1.0,7,0,0.0,1.0,0.0,1.0,Z01
201800054656,1.0,32,0,0.0,1.0,1.0,1.0,Z01
201800054657,2.0,30,0,14.0,0.0,7.0,1.0,A01
201800054658,1.0,33,0,0.0,2.0,8.0,7.0,B01
201800054658,1.0,7,0,0.0,2.0,2.0,16.0,A01
201800054659,2.0,7,0,0.0,1.0,1.0,1.0,Z01
201800054660,0.0,34,0,0.0,2.0,0.0,5.0,A01
201800054660,0.0,7,0,1.0,2.0,3.0,1.0,Z01
201800054661,1.0,1,0,0.0,2.0,8.0,10.0,A01
201800054661,1.0,33,0,0.0,2.0,1.0,1.0,B01
201800054662,1.0,7,0,0.0,2.0,1.0,1.0,A01
201800054662,1.0,7,0,0.0,2.0,4.0,23.0,B01
201800054663,1.0,7,0,0.0,1.0,1.0,1.0,A01
201800054664,2.0,7,0,0.0,2.0,6.0,23.0,B01
201800054664,2.0,7,0,0.0,2.0,1.0,1.0,A01
201800054665,2.0,32,0,0.0,2.0,8.0,20.0,A01
201800054666,1.0,2,0,0.0,2.0,8.0,1.0,B01
201800054666,1.0,7,0,0.0,2.0,7.0,15.0,A01
201800054667,2.0,34,0,0.0,2.0,3.0,1.0,A01
201800054667,2.0,7,0,0.0,2.0,7.0,16.0,B01
201800054668,1.0,2,0,0.0,2.0,1.0,1.0,B01
201800054668,1.0,7,0,0.0,2.0,7.0,1.0,A01
201800054669,1.0,32,0,0.0,2.0,1.0,1.0,A01
201800054669,1.0,2,0,0.0,2.0,4.0,1.0,B01
201800054670,1.0,30,0,0.0,1.0,1.0,1.0,Z01
201800054671,1.0,2,0,1.0,0.0,8.0,13.0,A01
201800054672,1.0,2,0,0.0,2.0,1.0,17.0,B01
201800054672,1.0,7,0,0.0,2.0,7.0,10.0,A01
201800054673,1.0,34,0,0.0,2.0,1.0,2.0,A01
201800054673,1.0,7,0,0.0,2.0,4.0,23.0,B01
201800054674,2.0,33,0,0.0,2.0,2.0,17.0,B01
201800054674,2.0,10,0,0.0,2.0,3.0,9.0,A01
201800054675,1.0,10,0,0.0,2.0,2.0,2.0,A01
201800054675,1.0,33,0,0.0,2.0,4.0,2.0,B01
201800054676,2.0,1,0,0.0,2.0,3.0,1.0,B01
201800054676,1.0,7,0,0.0,2.0,2.0,15.0,A01
201800054677,2.0,1,0,0.0,2.0,2.0,1.0,A01
201800054677,2.0,10,0,0.0,2.0,3.0,9.0,Z01
201800054678,1.0,7,0,1.0,0.0,2.0,13.0,A01
201800054679,1.0,7,0,0.0,2.0,1.0,1.0,A01
201800054679,1.0,2,0,0.0,2.0,7.0,1.0,B01
201800054680,2.0,7,0,0.0,1.0,1.0,1.0,A01
201800054681,2.0,2,0,0.0,2.0,7.0,1.0,B01
201800054681,1.0,7,0,0.0,2.0,1.0,9.0,A01
201800054682,1.0,7,0,0.0,1.0,4.0,4.0,Z01
201800054683,1.0,33,0,7.0,0.0,1.0,1.0,A01
201800054684,1.0,34,0,0.0,0.0,0.0,17.0,A01
201800054685,2.0,31,0,0.0,0.0,7.0,1.0,A01
201800054686,1.0,2,0,0.0,1.0,1.0,1.0,A01
201800054687,1.0,10,0,0.0,1.0,4.0,4.0,A01
201800054688,1.0,7,0,0.0,1.0,1.0,16.0,A01
201800054689,2.0,2,0,0.0,2.0,1.0,1.0,A01
201800054689,2.0,10,0,0.0,2.0,6.0,9.0,Z01
201800054690,2.0,7,0,1.0,0.0,3.0,14.0,A01
201800054691,1.0,13,0,0.0,2.0,2.0,15.0,A01
201800054691,2.0,1,0,0.0,2.0,8.0,1.0,B01
201800054692,1.0,2,0,14.0,2.0,1.0,1.0,A01
201800054692,1.0,7,0,0.0,2.0,4.0,23.0,B01
201800054693,2.0,1,0,1.0,1.0,1.0,1.0,A01
201800054694,2.0,99,0,0.0,2.0,8.0,19.0,A01
201800054694,2.0,30,0,0.0,2.0,8.0,1.0,Z01
201800054695,1.0,7,0,0.0,1.0,2.0,16.0,A01
201800054696,1.0,37,0,0.0,2.0,1.0,1.0,A01
201800054696,1.0,7,0,0.0,2.0,4.0,1.0,B01
201800054697,1.0,32,0,12.0,0.0,1.0,1.0,A01
201800054698,1.0,1,0,0.0,2.0,6.0,23.0,B01
201800054698,1.0,10,0,1.0,2.0,3.0,1.0,A01
201800054699,1.0,33,0,0.0,2.0,3.0,12.0,A01
201800054699,1.0,7,0,0.0,2.0,2.0,3.0,B01
201800054700,2.0,7,0,0.0,2.0,2.0,16.0,B01
201800054700,2.0,33,0,0.0,2.0,6.0,18.0,A01
201800054701,1.0,34,0,0.0,0.0,0.0,21.0,A01
201800054702,2.0,7,0,0.0,2.0,4.0,23.0,C01
201800054702,2.0,7,0,0.0,2.0,1.0,11.0,A01
201800054702,2.0,7,0,0.0,2.0,6.0,23.0,B01
201800054703,1.0,7,0,0.0,1.0,2.0,1.0,A01
201800054704,2.0,34,0,12.0,2.0,8.0,1.0,A01
201800054704,2.0,7,0,0.0,2.0,7.0,22.0,Z01
201800054705,1.0,1,0,0.0,2.0,8.0,1.0,A01
201800054705,2.0,31,0,0.0,2.0,1.0,1.0,B01
201800054706,2.0,7,0,0.0,2.0,2.0,2.0,A01
201800054706,2.0,31,0,0.0,2.0,4.0,23.0,B01
201800054707,1.0,7,0,0.0,2.0,3.0,1.0,B01
201800054707,2.0,7,0,0.0,2.0,3.0,1.0,C01
201800054707,2.0,32,0,0.0,2.0,1.0,13.0,A01
201800054708,1.0,30,0,0.0,2.0,0.0,1.0,B01
201800054708,1.0,31,0,14.0,2.0,3.0,1.0,A01
201800054709,1.0,31,0,0.0,2.0,1.0,17.0,C01
201800054709,1.0,10,0,0.0,2.0,3.0,15.0,A01
201800054709,1.0,33,0,0.0,2.0,1.0,17.0,B01
201800054710,1.0,7,0,0.0,2.0,2.0,15.0,A01
201800054710,1.0,7,0,0.0,2.0,1.0,1.0,B01
201800054711,1.0,7,0,0.0,1.0,1.0,1.0,A01
201800054712,2.0,33,0,0.0,1.0,1.0,1.0,A01
201800054713,2.0,1,0,0.0,2.0,1.0,19.0,B01
201800054713,1.0,7,0,0.0,2.0,7.0,15.0,A01
201800054714,1.0,7,0,0.0,2.0,3.0,15.0,A01
201800054714,1.0,2,0,0.0,2.0,2.0,17.0,B01
201800054715,1.0,10,0,0.0,1.0,2.0,1.0,A01
201800054716,2.0,33,0,0.0,2.0,2.0,1.0,A01
201800054716,1.0,7,0,0.0,2.0,2.0,1.0,B01
201800054717,1.0,7,0,0.0,2.0,6.0,9.0,B01
201800054717,1.0,7,0,1.0,2.0,9.0,17.0,A01
201800054718,2.0,7,0,0.0,2.0,6.0,1.0,B01
201800054718,2.0,32,0,0.0,2.0,1.0,1.0,A01
201800054719,1.0,31,0,0.0,0.0,0.0,13.0,A01
201800054720,2.0,7,0,0.0,2.0,2.0,15.0,A01
201800054720,1.0,2,0,0.0,2.0,7.0,1.0,B01
201800054721,2.0,30,0,0.0,2.0,1.0,17.0,A01
201800054721,2.0,1,0,0.0,2.0,8.0,13.0,B01
201800054722,1.0,33,0,0.0,2.0,8.0,9.0,A01
201800054722,1.0,1,0,0.0,2.0,1.0,1.0,B01
201800054723,2.0,7,0,0.0,2.0,8.0,13.0,A01
201800054723,2.0,31,0,0.0,2.0,7.0,17.0,B01
201800054724,2.0,7,0,0.0,1.0,2.0,1.0,A01
201800054725,1.0,33,0,0.0,2.0,2.0,1.0,A01
201800054725,1.0,1,0,0.0,2.0,2.0,9.0,B01
201800054726,1.0,30,0,0.0,2.0,0.0,18.0,A01
201800054726,1.0,7,0,0.0,2.0,0.0,16.0,Z01
201800054727,2.0,31,0,0.0,1.0,1.0,1.0,Z01
201800054728,1.0,13,0,0.0,2.0,2.0,14.0,A01
201800054728,1.0,7,0,0.0,2.0,8.0,1.0,B01
201800054729,1.0,33,0,0.0,1.0,2.0,1.0,A01
201800054730,2.0,33,0,0.0,1.0,1.0,5.0,Z01
201800054731,1.0,7,0,0.0,2.0,0.0,1.0,B01
201800054731,1.0,7,0,0.0,2.0,0.0,1.0,A01
201800054731,1.0,32,0,0.0,1.0,0.0,17.0,Z01
201800054732,2.0,7,0,0.0,2.0,6.0,15.0,B01
201800054732,2.0,31,0,0.0,2.0,1.0,17.0,A01
201800054733,1.0,7,0,0.0,2.0,2.0,16.0,A01
201800054733,1.0,2,0,0.0,2.0,1.0,18.0,B01
201800054734,1.0,10,0,0.0,1.0,3.0,1.0,A01
201800054735,2.0,7,0,0.0,2.0,6.0,23.0,B01
201800054735,2.0,33,0,0.0,1.0,2.0,17.0,A01
201800054736,1.0,7,0,0.0,2.0,7.0,23.0,C01
201800054736,1.0,34,0,0.0,2.0,1.0,3.0,B01
201800054736,1.0,1,0,0.0,2.0,8.0,19.0,A01
201800054737,1.0,10,0,0.0,2.0,1.0,16.0,B01
201800054737,1.0,2,0,0.0,2.0,1.0,16.0,A01
201800054738,2.0,1,0,0.0,2.0,1.0,1.0,A01
201800054738,1.0,7,0,0.0,2.0,3.0,15.0,B01
201800054739,1.0,1,0,0.0,0.0,8.0,1.0,A01
201800054740,1.0,10,0,0.0,1.0,2.0,16.0,Z01
201800054741,2.0,1,0,0.0,1.0,1.0,1.0,A01
201800054742,1.0,34,0,0.0,2.0,2.0,17.0,B01
201800054742,1.0,7,0,0.0,2.0,8.0,10.0,A01
201800054743,1.0,14,0,1.0,1.0,6.0,1.0,A01
201800054744,2.0,32,0,0.0,2.0,3.0,11.0,B01
201800054744,2.0,7,0,0.0,2.0,5.0,1.0,A01
201800054745,1.0,7,0,0.0,2.0,3.0,2.0,C01
201800054745,2.0,7,0,0.0,2.0,2.0,11.0,A01
201800054745,1.0,7,0,0.0,2.0,2.0,15.0,B01
201800054746,1.0,31,0,0.0,2.0,1.0,18.0,B01
201800054746,1.0,7,0,0.0,2.0,2.0,16.0,A01
201800054747,1.0,7,0,0.0,2.0,7.0,1.0,B01
201800054747,1.0,30,0,0.0,2.0,1.0,1.0,A01
201800054748,1.0,30,0,0.0,2.0,3.0,18.0,A01
201800054748,1.0,7,0,0.0,2.0,2.0,22.0,B01
201800054749,1.0,7,0,0.0,1.0,3.0,1.0,A01
201800054750,1.0,7,0,0.0,2.0,2.0,15.0,B01
201800054750,2.0,31,0,0.0,2.0,1.0,1.0,A01
201800054751,0.0,7,0,0.0,2.0,3.0,24.0,B01
201800054751,2.0,7,0,0.0,2.0,2.0,14.0,A01
201800054752,2.0,7,0,15.0,0.0,1.0,21.0,A01
201800054753,2.0,7,0,0.0,1.0,1.0,16.0,A01
201800054754,1.0,37,0,0.0,1.0,5.0,16.0,A01
201800054755,2.0,31,0,0.0,2.0,4.0,23.0,B01
201800054755,2.0,7,0,0.0,2.0,1.0,1.0,A01
201800054756,2.0,7,0,0.0,2.0,3.0,1.0,A01
201800054756,2.0,7,0,0.0,2.0,5.0,23.0,B01
201800054757,2.0,7,0,0.0,2.0,2.0,1.0,A01
201800054757,1.0,33,0,0.0,2.0,1.0,9.0,B01
201800054758,1.0,1,0,0.0,2.0,3.0,1.0,A01
201800054758,2.0,7,0,0.0,2.0,2.0,16.0,Z01
201800054759,1.0,7,0,0.0,2.0,2.0,16.0,B01
201800054759,2.0,7,0,0.0,2.0,2.0,5.0,A01
201800054760,1.0,10,0,0.0,2.0,1.0,1.0,A01
201800054760,1.0,7,0,0.0,2.0,8.0,9.0,B01
201800054761,1.0,1,0,0.0,2.0,2.0,19.0,B01
201800054761,1.0,7,0,0.0,2.0,0.0,18.0,A01
201800054762,1.0,31,0,0.0,1.0,2.0,19.0,A01
201800054763,1.0,7,0,14.0,2.0,1.0,23.0,B01
201800054763,1.0,10,0,0.0,2.0,1.0,23.0,C01
201800054763,1.0,10,0,0.0,2.0,1.0,1.0,A01
201800054764,1.0,1,0,0.0,2.0,4.0,16.0,A01
201800054764,1.0,7,0,0.0,2.0,1.0,1.0,B01
201800054765,1.0,7,0,0.0,2.0,8.0,15.0,A01
201800054765,2.0,30,0,0.0,2.0,2.0,1.0,B01
201800054766,2.0,7,0,0.0,1.0,1.0,1.0,Z01
201800054767,0.0,34,0,0.0,2.0,1.0,1.0,B01
201800054767,1.0,7,0,0.0,2.0,5.0,15.0,A01
201800054768,1.0,2,0,0.0,2.0,7.0,1.0,A01
201800054768,1.0,10,0,0.0,2.0,3.0,13.0,Z01
201800054769,1.0,10,0,0.0,2.0,3.0,1.0,A01
201800054769,2.0,7,0,0.0,2.0,2.0,1.0,B01
201800054770,2.0,7,0,0.0,2.0,3.0,15.0,A01
201800054770,2.0,2,0,0.0,2.0,7.0,17.0,B01
201800054771,1.0,30,0,0.0,0.0,8.0,1.0,A01
201800054772,2.0,7,0,0.0,2.0,3.0,15.0,A01
201800054772,2.0,32,0,0.0,2.0,2.0,1.0,B01
201800054773,2.0,7,0,0.0,2.0,2.0,1.0,A01
201800054773,1.0,30,0,0.0,2.0,8.0,1.0,B01
201800054774,2.0,7,0,0.0,2.0,8.0,2.0,C01
201800054774,1.0,32,0,0.0,2.0,3.0,13.0,B01
201800054774,1.0,34,0,0.0,2.0,8.0,17.0,A01
201800054775,1.0,7,0,0.0,1.0,3.0,1.0,A01
201800054776,2.0,1,0,0.0,2.0,1.0,8.0,A01
201800054776,1.0,7,0,0.0,2.0,2.0,1.0,B01
201800054777,1.0,32,0,0.0,1.0,2.0,1.0,A01
201800054778,0.0,7,0,0.0,1.0,7.0,1.0,A01
201800054779,2.0,7,0,0.0,2.0,2.0,19.0,B01
201800054779,1.0,30,0,0.0,2.0,3.0,1.0,A01
201800054780,1.0,7,0,0.0,2.0,1.0,15.0,B01
201800054780,1.0,31,0,0.0,2.0,8.0,1.0,A01
201800054781,1.0,34,0,0.0,2.0,1.0,18.0,A01
201800054781,2.0,10,0,0.0,2.0,2.0,15.0,B01
201800054782,1.0,33,0,0.0,2.0,2.0,2.0,B01
201800054782,1.0,10,0,0.0,2.0,6.0,15.0,A01
201800054783,1.0,7,0,0.0,2.0,3.0,15.0,A01
201800054783,2.0,32,0,0.0,2.0,1.0,1.0,B01
201800054784,0.0,7,0,0.0,2.0,4.0,1.0,Z01
201800054784,0.0,33,0,0.0,2.0,4.0,23.0,A01
201800054785,2.0,1,0,0.0,2.0,2.0,1.0,B01
201800054785,2.0,7,0,0.0,2.0,3.0,13.0,A01
201800054786,2.0,1,0,0.0,1.0,1.0,1.0,A01
201800054787,1.0,7,0,0.0,1.0,1.0,17.0,Z01
201800054788,1.0,30,0,0.0,1.0,1.0,17.0,A01
201800054789,1.0,99,0,0.0,0.0,0.0,1.0,A01
201800054790,2.0,7,0,0.0,1.0,7.0,1.0,A01
201800054791,2.0,7,0,0.0,2.0,6.0,20.0,B01
201800054791,2.0,7,0,0.0,2.0,2.0,2.0,A01
201800054792,2.0,7,0,0.0,2.0,3.0,1.0,B01
201800054792,1.0,30,0,0.0,2.0,1.0,9.0,A01
201800054793,1.0,30,0,0.0,1.0,3.0,1.0,A01
201800054794,0.0,7,0,0.0,1.0,2.0,16.0,A01
201800054795,0.0,7,0,0.0,2.0,4.0,23.0,A01
201800054795,0.0,7,0,0.0,2.0,1.0,1.0,B01
201800054796,1.0,7,0,0.0,2.0,5.0,1.0,B01
201800054796,2.0,7,0,0.0,2.0,2.0,5.0,A01
201800054797,1.0,10,0,0.0,1.0,2.0,15.0,A01
201800054798,1.0,7,0,0.0,2.0,3.0,16.0,A01
201800054798,2.0,1,0,0.0,2.0,1.0,1.0,B01
201800054799,2.0,30,0,0.0,2.0,0.0,21.0,A01
201800054800,1.0,33,0,0.0,0.0,7.0,16.0,A01
201800054801,1.0,32,0,0.0,2.0,1.0,1.0,B01
201800054801,1.0,7,0,0.0,2.0,3.0,10.0,A01
201800054802,1.0,7,0,0.0,1.0,1.0,16.0,A01
201800054803,1.0,1,0,0.0,2.0,3.0,16.0,A01
201800054803,1.0,31,0,0.0,2.0,1.0,1.0,B01
201800054804,1.0,7,0,0.0,1.0,1.0,1.0,A01
201800054805,2.0,7,0,1.0,0.0,2.0,13.0,A01
201800054806,1.0,7,0,0.0,2.0,6.0,1.0,A01
201800054806,2.0,1,0,0.0,2.0,1.0,1.0,B01
201800054807,2.0,30,0,0.0,2.0,3.0,13.0,A01
201800054807,2.0,7,0,0.0,2.0,3.0,23.0,C01
201800054807,2.0,30,0,0.0,2.0,2.0,3.0,B01
201800054808,1.0,31,0,0.0,2.0,1.0,1.0,A01
201800054808,1.0,7,0,0.0,2.0,2.0,9.0,B01
201800054809,1.0,7,0,0.0,2.0,1.0,2.0,A01
201800054809,1.0,34,0,0.0,2.0,4.0,2.0,B01
201800054810,2.0,1,0,0.0,2.0,2.0,1.0,A01
201800054810,2.0,7,0,0.0,2.0,3.0,22.0,Z01
201800054811,1.0,7,0,0.0,1.0,3.0,1.0,A01
201800054812,2.0,7,0,0.0,2.0,5.0,16.0,A01
201800054812,2.0,31,0,0.0,2.0,3.0,18.0,B01
201800054813,2.0,7,0,0.0,2.0,3.0,10.0,A01
201800054813,2.0,1,0,0.0,2.0,1.0,1.0,B01
201800054814,0.0,7,0,0.0,2.0,2.0,1.0,A01
201800054814,0.0,32,0,0.0,2.0,6.0,1.0,B01
201800054815,1.0,32,0,0.0,2.0,2.0,17.0,B01
201800054815,1.0,7,0,0.0,2.0,2.0,10.0,A01
201800054816,2.0,10,0,0.0,2.0,1.0,9.0,A01
201800054816,2.0,30,0,0.0,2.0,2.0,17.0,B01
201800054817,1.0,32,0,0.0,2.0,1.0,3.0,A01
201800054817,2.0,7,0,0.0,2.0,5.0,15.0,B01
201800054818,2.0,33,0,0.0,1.0,7.0,1.0,A01
201800054819,1.0,32,0,0.0,2.0,3.0,18.0,A01
201800054819,1.0,7,0,0.0,2.0,5.0,16.0,B01
201800054820,1.0,37,3,0.0,0.0,0.0,21.0,A01
201800054821,0.0,33,0,8.0,0.0,3.0,13.0,A01
201800054822,2.0,7,0,0.0,2.0,6.0,1.0,A01
201800054822,2.0,99,0,8.0,2.0,1.0,1.0,B01
201800054823,2.0,30,0,0.0,1.0,7.0,17.0,A01
201800054824,1.0,99,0,0.0,1.0,1.0,1.0,A01
201800054825,1.0,32,0,0.0,0.0,8.0,1.0,A01
201800054826,1.0,7,0,0.0,2.0,3.0,16.0,B01
201800054826,1.0,32,0,0.0,2.0,2.0,1.0,A01
201800054827,2.0,7,0,0.0,2.0,1.0,13.0,A01
201800054827,1.0,37,1,0.0,2.0,1.0,1.0,B01
201800054828,2.0,7,0,0.0,2.0,8.0,15.0,B01
201800054828,2.0,33,0,0.0,2.0,2.0,17.0,A01
201800054829,2.0,30,0,0.0,2.0,4.0,2.0,B01
201800054829,2.0,7,0,0.0,2.0,1.0,23.0,A01
201800054830,1.0,7,0,0.0,2.0,3.0,13.0,Z01
201800054830,2.0,7,0,0.0,2.0,6.0,1.0,A01
201800054831,2.0,34,0,0.0,1.0,2.0,1.0,A01
201800054832,1.0,1,0,0.0,2.0,7.0,1.0,B01
201800054832,1.0,7,0,0.0,2.0,1.0,15.0,A01
201800054833,1.0,7,0,0.0,2.0,7.0,12.0,A01
201800054833,1.0,32,0,0.0,2.0,8.0,3.0,B01
201800054834,1.0,14,0,0.0,2.0,7.0,1.0,B01
201800054834,1.0,32,0,11.0,2.0,8.0,16.0,A01
201800054835,1.0,32,0,0.0,2.0,1.0,1.0,B01
201800054835,2.0,7,0,0.0,2.0,1.0,15.0,A01
201800054836,1.0,32,0,0.0,0.0,8.0,1.0,A01
201800054837,2.0,10,0,0.0,1.0,3.0,15.0,A01
201800054838,1.0,7,0,11.0,0.0,1.0,13.0,Z01
201800054839,2.0,7,0,0.0,1.0,3.0,1.0,A01
201800054840,2.0,7,0,0.0,2.0,0.0,14.0,B01
201800054840,2.0,32,0,0.0,2.0,0.0,1.0,A01
201800054841,0.0,32,0,0.0,0.0,7.0,21.0,A01
201800054842,2.0,10,0,0.0,1.0,1.0,1.0,A01
201800054843,2.0,7,0,0.0,1.0,2.0,16.0,A01
201800054844,2.0,7,0,0.0,2.0,2.0,17.0,Z01
201800054844,2.0,1,0,0.0,2.0,3.0,1.0,A01
201800054845,2.0,30,0,0.0,1.0,1.0,17.0,A01
201800054846,2.0,1,0,0.0,2.0,1.0,17.0,B01
201800054846,2.0,10,0,0.0,2.0,3.0,15.0,A01
201800054847,2.0,31,0,0.0,0.0,6.0,1.0,A01
201800054848,2.0,7,0,0.0,2.0,3.0,15.0,A01
201800054848,2.0,34,0,0.0,2.0,2.0,17.0,B01
201800054849,1.0,7,0,0.0,1.0,3.0,15.0,A01
201800054850,2.0,1,0,0.0,1.0,1.0,1.0,A01
201800054851,2.0,7,0,0.0,2.0,1.0,1.0,D01
201800054851,2.0,7,0,0.0,2.0,4.0,23.0,A01
201800054851,2.0,7,0,0.0,2.0,9.0,23.0,C01
201800054851,2.0,7,0,0.0,2.0,9.0,23.0,B01
201800054852,1.0,7,0,0.0,1.0,2.0,1.0,A01
201800054853,1.0,7,0,0.0,1.0,7.0,10.0,A01
201800054854,2.0,32,0,0.0,2.0,1.0,1.0,A01
201800054854,2.0,7,0,0.0,2.0,3.0,15.0,B01
201800054855,1.0,7,0,0.0,2.0,6.0,23.0,B01
201800054855,1.0,30,0,0.0,2.0,1.0,2.0,A01
201800054856,1.0,7,0,0.0,2.0,3.0,17.0,B01
201800054856,1.0,30,0,0.0,2.0,1.0,17.0,A01
201800054857,0.0,7,0,0.0,1.0,2.0,1.0,A01
201800054858,2.0,7,0,0.0,0.0,0.0,23.0,B01
201800054858,2.0,30,0,0.0,0.0,0.0,2.0,A01
201800054859,2.0,30,0,0.0,2.0,1.0,1.0,B01
201800054859,2.0,32,0,0.0,2.0,8.0,10.0,A01
201800054860,1.0,10,0,0.0,1.0,1.0,1.0,A01
201800054861,1.0,33,0,0.0,1.0,1.0,17.0,A01
201800054862,1.0,34,0,0.0,2.0,2.0,17.0,B01
201800054862,1.0,7,0,0.0,2.0,6.0,1.0,A01
201800054863,1.0,7,0,0.0,1.0,2.0,1.0,A01
201800054864,1.0,7,0,0.0,1.0,5.0,20.0,A01
201800054865,0.0,30,0,0.0,1.0,3.0,1.0,A01
201800054866,2.0,7,0,0.0,1.0,1.0,1.0,A01
201800054867,1.0,7,0,0.0,1.0,6.0,4.0,A01
201800054868,1.0,30,0,0.0,0.0,0.0,1.0,A01
201800054869,1.0,30,0,0.0,1.0,1.0,17.0,A01
201800054870,1.0,30,0,0.0,2.0,1.0,1.0,A01
201800054870,2.0,10,0,0.0,2.0,3.0,1.0,B01
201800054871,1.0,7,0,0.0,2.0,8.0,1.0,B01
201800054871,1.0,33,0,0.0,2.0,1.0,1.0,A01
201800054872,1.0,7,0,14.0,2.0,3.0,23.0,B01
201800054872,2.0,1,0,0.0,2.0,3.0,13.0,A01
201800054873,2.0,7,0,11.0,0.0,1.0,1.0,A01