Num_Acc,senc,catv,occutc,obs,obsm,choc,manv,num_veh
201800054874,2.0,30,0,0.0,2.0,1.0,2.0,A01
201800054874,2.0,7,0,0.0,2.0,6.0,23.0,B01
201800054875,2.0,1,0,0.0,2.0,1.0,1.0,B01
201800054875,1.0,7,0,0.0,2.0,1.0,15.0,A01
201800054876,1.0,7,0,0.0,2.0,3.0,1.0,A01
201800054876,1.0,10,0,0.0,2.0,1.0,1.0,B01
201800054877,2.0,31,0,0.0,2.0,3.0,1.0,B01
201800054877,1.0,7,0,0.0,2.0,1.0,15.0,A01
201800054878,2.0,30,0,0.0,1.0,0.0,8.0,Z01
201800054879,0.0,30,0,0.0,2.0,1.0,8.0,Z01
201800054879,0.0,1,0,0.0,2.0,1.0,7.0,B01
201800054880,2.0,99,0,0.0,2.0,1.0,1.0,B01
201800054880,2.0,7,0,0.0,2.0,8.0,22.0,A01
201800054881,1.0,7,0,0.0,2.0,3.0,1.0,B01
201800054881,0.0,1,0,0.0,2.0,1.0,9.0,A01
201800054882,2.0,7,0,0.0,1.0,2.0,0.0,A01
201800054883,2.0,1,0,0.0,2.0,8.0,17.0,B01
201800054883,1.0,37,13,0.0,2.0,3.0,17.0,A01
201800054884,2.0,32,0,0.0,2.0,7.0,14.0,B01
201800054884,2.0,7,0,0.0,2.0,3.0,13.0,A01
201800054885,1.0,1,0,0.0,2.0,1.0,1.0,B01
201800054885,2.0,7,0,0.0,2.0,5.0,22.0,A01
201800054886,2.0,33,0,0.0,2.0,4.0,2.0,C01
201800054886,2.0,7,0,0.0,2.0,4.0,2.0,B01
201800054886,2.0,7,0,0.0,2.0,1.0,2.0,A01
201800054887,1.0,7,0,0.0,1.0,0.0,1.0,Z01
201800054888,2.0,7,0,0.0,2.0,3.0,9.0,A01
201800054888,2.0,34,0,0.0,2.0,1.0,1.0,B01
201800054889,2.0,7,0,0.0,1.0,3.0,1.0,A01
201800054890,2.0,7,0,0.0,2.0,6.0,1.0,A01
201800054890,1.0,7,0,0.0,2.0,1.0,1.0,B01
201800054891,2.0,7,0,0.0,2.0,2.0,2.0,A01
201800054891,1.0,10,0,0.0,2.0,3.0,2.0,B01
201800054891,2.0,33,0,0.0,2.0,1.0,2.0,C01
201800054892,2.0,1,0,0.0,2.0,1.0,1.0,B01
201800054892,2.0,7,0,0.0,2.0,8.0,22.0,A01
201800054893,1.0,7,0,0.0,2.0,1.0,15.0,A01
201800054893,1.0,30,0,0.0,2.0,1.0,1.0,B01
201800054894,1.0,7,0,0.0,1.0,3.0,1.0,A01
201800054895,2.0,7,0,0.0,2.0,2.0,1.0,A01
201800054895,1.0,33,0,0.0,2.0,8.0,15.0,B01
201800054896,1.0,7,0,0.0,1.0,1.0,1.0,A01
201800054897,0.0,99,0,0.0,2.0,0.0,0.0,R01
201800054897,1.0,7,0,0.0,2.0,2.0,1.0,A01
201800054898,1.0,7,0,0.0,2.0,5.0,10.0,A01
201800054898,2.0,31,0,0.0,2.0,1.0,1.0,B01
201800054899,1.0,7,0,0.0,2.0,1.0,1.0,A01
201800054899,1.0,7,0,0.0,2.0,4.0,23.0,B01
201800054900,1.0,7,0,0.0,2.0,1.0,15.0,A01
201800054900,2.0,2,0,0.0,2.0,1.0,1.0,B01
201800054901,1.0,7,0,0.0,1.0,3.0,1.0,A01
201800054902,0.0,7,0,0.0,2.0,3.0,15.0,A01
201800054902,1.0,33,0,0.0,2.0,1.0,1.0,B01
201800054903,1.0,7,0,0.0,2.0,8.0,1.0,A01
201800054903,1.0,31,0,1.0,2.0,1.0,1.0,B01
201800054904,1.0,14,0,0.0,1.0,4.0,4.0,A01
201800054905,2.0,10,0,0.0,1.0,2.0,1.0,A01
201800054906,1.0,34,0,0.0,1.0,2.0,1.0,A01
201800054907,1.0,1,0,0.0,0.0,8.0,1.0,A01
201800054908,1.0,13,0,0.0,2.0,8.0,10.0,A01
201800054908,1.0,34,0,0.0,2.0,1.0,1.0,B01
201800054909,1.0,37,0,0.0,1.0,2.0,1.0,A01
201800054910,2.0,33,0,0.0,2.0,1.0,1.0,A01
201800054910,2.0,7,0,0.0,2.0,4.0,23.0,C01
201800054910,2.0,10,0,0.0,2.0,3.0,23.0,D01
201800054910,2.0,7,0,0.0,2.0,5.0,23.0,B01
201800054911,1.0,7,0,0.0,1.0,1.0,1.0,A01
201800054912,2.0,33,0,0.0,0.0,0.0,1.0,A01
201800054913,1.0,34,0,0.0,2.0,1.0,1.0,B01
201800054913,1.0,7,0,0.0,2.0,3.0,15.0,A01
201800054913,1.0,1,0,0.0,2.0,8.0,1.0,C01
201800054914,1.0,33,0,0.0,2.0,1.0,18.0,A01
201800054914,1.0,7,0,0.0,2.0,2.0,1.0,B01
201800054915,2.0,7,0,0.0,1.0,1.0,1.0,A01
201800054916,1.0,34,0,0.0,1.0,1.0,16.0,A01
201800054917,1.0,7,0,0.0,2.0,3.0,1.0,A01
201800054917,1.0,33,0,0.0,2.0,7.0,1.0,B01
201800054918,2.0,7,0,0.0,2.0,3.0,10.0,A01
201800054918,2.0,34,0,0.0,2.0,2.0,1.0,B01
201800054919,2.0,2,0,11.0,0.0,1.0,1.0,A01
201800054920,1.0,7,0,0.0,1.0,3.0,1.0,A01
201800054921,0.0,99,0,0.0,2.0,0.0,0.0,R01
201800054921,1.0,7,0,0.0,2.0,2.0,7.0,A01
201800054922,2.0,34,0,0.0,1.0,1.0,1.0,A01
201800054923,2.0,7,0,0.0,2.0,1.0,1.0,B01
201800054923,1.0,7,0,0.0,2.0,7.0,1.0,A01
201800054924,1.0,7,0,0.0,2.0,2.0,1.0,B01
201800054924,1.0,7,0,0.0,2.0,7.0,1.0,A01
201800054925,2.0,2,0,0.0,2.0,4.0,23.0,B01
201800054925,2.0,10,0,0.0,2.0,2.0,1.0,A01
201800054926,1.0,10,0,0.0,2.0,2.0,16.0,A01
201800054926,1.0,34,0,0.0,2.0,6.0,7.0,B01
201800054927,1.0,10,0,0.0,1.0,2.0,1.0,A01
201800054928,1.0,10,0,8.0,2.0,1.0,1.0,A01
201800054928,1.0,7,0,0.0,2.0,9.0,1.0,B01
201800054929,1.0,7,0,0.0,1.0,1.0,16.0,A01
201800054930,1.0,17,0,0.0,1.0,0.0,1.0,A01
201800054931,1.0,33,0,0.0,2.0,1.0,1.0,B01
201800054931,1.0,10,0,0.0,2.0,3.0,1.0,A01
201800054932,2.0,33,0,0.0,2.0,8.0,1.0,B01
201800054932,2.0,7,0,0.0,2.0,7.0,16.0,A01
201800054933,1.0,7,0,0.0,2.0,8.0,10.0,A01
201800054933,1.0,31,0,0.0,2.0,1.0,1.0,B01
201800054934,1.0,31,0,0.0,2.0,1.0,1.0,B01
201800054934,1.0,10,0,0.0,2.0,8.0,10.0,A01
201800054935,1.0,33,0,0.0,1.0,1.0,1.0,A01
201800054936,2.0,33,0,0.0,2.0,1.0,1.0,B01
201800054936,1.0,2,0,1.0,2.0,1.0,15.0,A01
201800054937,2.0,7,0,0.0,2.0,1.0,2.0,A01
201800054937,2.0,7,0,0.0,2.0,4.0,2.0,C01
201800054937,2.0,7,0,0.0,2.0,4.0,2.0,B01
201800054938,2.0,30,0,0.0,2.0,1.0,1.0,B01
201800054938,1.0,37,0,0.0,2.0,2.0,15.0,A01
201800054939,1.0,7,0,0.0,1.0,3.0,15.0,A01
201800054940,1.0,34,0,0.0,2.0,3.0,1.0,B01
201800054940,1.0,7,0,0.0,2.0,2.0,15.0,A01
201800054941,1.0,7,0,0.0,2.0,8.0,13.0,A01
201800054941,1.0,14,0,0.0,2.0,2.0,1.0,B01
201800054942,1.0,10,0,1.0,0.0,2.0,14.0,A01
201800054943,2.0,10,0,0.0,1.0,7.0,1.0,A01
201800054944,1.0,21,0,0.0,2.0,6.0,1.0,B01
201800054944,1.0,7,0,0.0,2.0,2.0,13.0,A01
201800054945,2.0,7,0,0.0,2.0,1.0,1.0,B01
201800054945,1.0,7,0,0.0,2.0,2.0,15.0,A01
201800054946,1.0,7,0,0.0,1.0,1.0,1.0,A01
201800054947,1.0,37,0,0.0,1.0,2.0,7.0,A01
201800054948,2.0,37,0,0.0,1.0,2.0,7.0,A01
201800054949,1.0,7,0,11.0,0.0,1.0,1.0,A01
201800054950,1.0,33,0,0.0,2.0,1.0,2.0,B01
201800054950,1.0,7,0,0.0,2.0,3.0,2.0,C01
201800054950,1.0,7,0,0.0,2.0,6.0,12.0,A01
201800054951,2.0,7,0,0.0,1.0,1.0,1.0,A01
201800054952,1.0,33,0,0.0,2.0,1.0,13.0,A01
201800054952,2.0,7,0,0.0,2.0,3.0,1.0,B01
201800054953,2.0,37,0,0.0,1.0,2.0,1.0,A01
201800054954,2.0,7,0,0.0,2.0,7.0,0.0,Z01
201800054954,2.0,15,0,0.0,2.0,8.0,11.0,B01
201800054954,2.0,33,0,0.0,2.0,8.0,3.0,A01
201800054955,1.0,2,0,11.0,0.0,3.0,13.0,A01
201800054956,2.0,33,0,0.0,1.0,1.0,1.0,A01
201800054957,0.0,1,0,0.0,2.0,2.0,1.0,B01
201800054957,0.0,7,0,0.0,2.0,2.0,11.0,A01
201800054958,1.0,7,0,0.0,2.0,3.0,15.0,A01
201800054958,1.0,31,0,0.0,2.0,2.0,17.0,B01
201800054959,1.0,10,0,0.0,1.0,6.0,4.0,A01
201800054960,1.0,32,0,11.0,0.0,1.0,1.0,A01
201800054961,2.0,2,0,0.0,1.0,1.0,1.0,A01
201800054962,2.0,33,0,0.0,2.0,1.0,1.0,B01
201800054962,1.0,7,0,0.0,2.0,5.0,15.0,A01
201800054963,2.0,7,0,0.0,1.0,2.0,1.0,A01
201800054964,2.0,10,0,0.0,1.0,2.0,8.0,A01
201800054965,2.0,31,0,14.0,2.0,3.0,14.0,A01
201800054965,1.0,7,0,0.0,2.0,8.0,23.0,B01
201800054966,1.0,33,0,9.0,0.0,1.0,1.0,A01
201800054967,1.0,33,0,12.0,0.0,1.0,15.0,A01
201800054968,2.0,2,0,0.0,1.0,1.0,1.0,Z01
201800054969,2.0,7,0,0.0,2.0,2.0,1.0,A01
201800054969,2.0,7,0,0.0,2.0,3.0,1.0,B01
201800054970,1.0,33,0,4.0,0.0,8.0,13.0,A01
201800054971,1.0,33,0,0.0,2.0,7.0,1.0,A01
201800054971,2.0,10,0,0.0,2.0,3.0,1.0,B01
201800054972,2.0,1,0,0.0,1.0,1.0,1.0,A01
201800054973,2.0,34,0,1.0,0.0,8.0,13.0,A01
201800054974,2.0,32,0,11.0,0.0,8.0,1.0,A01
201800054975,1.0,2,0,0.0,0.0,1.0,13.0,A01
201800054976,2.0,37,0,0.0,1.0,2.0,1.0,A01
201800054977,1.0,33,0,0.0,2.0,7.0,3.0,B01
201800054977,1.0,33,0,0.0,2.0,8.0,13.0,A01
201800054977,1.0,7,0,0.0,2.0,2.0,1.0,C01
201800054978,1.0,31,0,0.0,2.0,1.0,13.0,A01
201800054978,1.0,7,0,0.0,2.0,5.0,1.0,B01
201800054979,1.0,7,0,0.0,2.0,2.0,1.0,B01
201800054979,1.0,31,0,0.0,2.0,9.0,18.0,A01
201800054980,1.0,20,0,0.0,2.0,1.0,23.0,B01
201800054980,1.0,7,0,1.0,0.0,1.0,13.0,A01
201800054981,2.0,1,0,0.0,2.0,1.0,5.0,B01
201800054981,1.0,10,0,0.0,2.0,3.0,15.0,A01
201800054982,0.0,14,0,0.0,2.0,2.0,16.0,A01
201800054982,0.0,1,0,0.0,2.0,3.0,19.0,B01
201800054983,2.0,1,0,0.0,2.0,5.0,1.0,B01
201800054983,1.0,7,0,0.0,2.0,1.0,10.0,A01
201800054984,2.0,33,0,0.0,1.0,1.0,1.0,A01
201800054984,2.0,7,0,0.0,2.0,6.0,1.0,C01
201800054984,1.0,7,0,0.0,2.0,3.0,1.0,B01
201800054985,1.0,7,0,0.0,2.0,2.0,16.0,A01
201800054985,1.0,33,0,0.0,2.0,8.0,1.0,B01
201800054986,1.0,33,0,0.0,0.0,7.0,16.0,A01
201800054987,2.0,1,0,0.0,2.0,1.0,15.0,B01
201800054987,1.0,7,0,0.0,2.0,1.0,1.0,A01
201800054988,2.0,33,0,0.0,2.0,7.0,3.0,A01
201800054988,2.0,7,0,0.0,2.0,5.0,1.0,B01
201800054989,2.0,7,0,0.0,9.0,3.0,2.0,C01
201800054989,2.0,7,0,0.0,2.0,5.0,2.0,A01
201800054989,2.0,31,0,0.0,2.0,1.0,3.0,B01
201800054990,2.0,15,0,0.0,1.0,7.0,16.0,A01
201800054991,1.0,7,0,0.0,2.0,0.0,15.0,Z01
201800054991,2.0,33,0,0.0,2.0,2.0,1.0,A01
201800054992,2.0,33,0,0.0,2.0,1.0,1.0,A01
201800054992,2.0,7,0,0.0,2.0,2.0,12.0,B01
201800054993,1.0,2,0,0.0,0.0,6.0,3.0,A01
201800054994,1.0,33,0,0.0,2.0,7.0,15.0,A01
201800054994,2.0,7,0,0.0,2.0,8.0,1.0,B01
201800054995,1.0,10,0,6.0,0.0,1.0,1.0,A01
201800054996,1.0,31,0,0.0,0.0,7.0,7.0,A01
201800054997,1.0,10,0,15.0,0.0,2.0,14.0,A01
201800054998,2.0,7,0,0.0,2.0,8.0,13.0,A01
201800054998,2.0,17,0,0.0,2.0,8.0,1.0,B01
201800054999,1.0,2,0,1.0,0.0,1.0,14.0,A01
201800055000,0.0,7,0,1.0,2.0,2.0,1.0,B01
201800055000,2.0,7,0,1.0,1.0,1.0,1.0,A01
201800055001,1.0,32,0,0.0,2.0,1.0,21.0,B01
201800055001,1.0,7,0,0.0,2.0,6.0,1.0,A01
201800055002,2.0,7,0,0.0,1.0,5.0,15.0,A01
201800055003,1.0,33,0,4.0,0.0,1.0,13.0,A01
201800055004,1.0,31,0,0.0,1.0,1.0,1.0,A01
201800055005,1.0,2,0,12.0,0.0,9.0,14.0,A01
201800055006,1.0,7,0,0.0,2.0,6.0,1.0,B01
201800055006,1.0,32,0,0.0,2.0,1.0,1.0,A01
201800055007,1.0,7,0,0.0,2.0,1.0,1.0,B01
201800055007,1.0,7,0,9.0,2.0,7.0,1.0,A01
201800055008,1.0,7,0,0.0,1.0,3.0,16.0,A01
201800055009,2.0,7,0,0.0,1.0,2.0,1.0,A01
201800055009,2.0,7,0,0.0,2.0,8.0,1.0,Z01
201800055010,1.0,33,0,0.0,2.0,0.0,13.0,A01
201800055010,1.0,7,0,0.0,2.0,1.0,1.0,B01
201800055011,2.0,7,0,0.0,1.0,1.0,1.0,A01
201800055012,1.0,7,0,0.0,1.0,2.0,1.0,A01
201800055013,1.0,34,0,0.0,1.0,1.0,1.0,A01
201800055014,2.0,31,0,0.0,1.0,1.0,21.0,A01
201800055014,2.0,31,0,0.0,2.0,4.0,1.0,B01
201800055015,1.0,7,0,0.0,2.0,1.0,2.0,A01
201800055015,1.0,7,0,0.0,2.0,6.0,23.0,B01
201800055015,1.0,7,0,0.0,2.0,4.0,23.0,C01
201800055016,1.0,31,0,0.0,1.0,1.0,1.0,A01
201800055017,1.0,1,0,0.0,2.0,1.0,1.0,A01
201800055017,0.0,99,0,0.0,2.0,0.0,0.0,R01
201800055018,1.0,10,0,0.0,2.0,8.0,11.0,A01
201800055018,1.0,32,0,0.0,2.0,1.0,3.0,B01
201800055019,2.0,30,0,1.0,0.0,1.0,13.0,A01
201800055020,2.0,33,0,0.0,2.0,2.0,1.0,A01
201800055020,2.0,7,0,0.0,2.0,3.0,13.0,B01
201800055021,2.0,10,0,0.0,1.0,2.0,1.0,A01
201800055022,1.0,7,0,0.0,2.0,2.0,1.0,A01
201800055022,2.0,7,0,0.0,2.0,3.0,1.0,B01
201800055023,1.0,7,0,0.0,1.0,1.0,17.0,A01
201800055024,1.0,1,0,9.0,0.0,1.0,1.0,A01
201800055025,2.0,33,0,0.0,1.0,1.0,1.0,A01
201800055026,1.0,14,0,0.0,1.0,7.0,16.0,A01
201800055027,1.0,10,0,0.0,2.0,2.0,1.0,C01
201800055027,1.0,33,0,0.0,2.0,5.0,13.0,B01
201800055027,1.0,33,0,0.0,2.0,3.0,1.0,A01
201800055027,1.0,7,0,0.0,2.0,8.0,1.0,E01
201800055027,1.0,33,0,0.0,2.0,1.0,1.0,D01
201800055028,0.0,10,0,0.0,1.0,6.0,4.0,A01
201800055029,2.0,33,0,0.0,1.0,1.0,1.0,A01
201800055030,1.0,1,0,0.0,0.0,8.0,1.0,A01
201800055031,1.0,7,0,3.0,2.0,1.0,13.0,A01
201800055031,2.0,7,0,0.0,2.0,7.0,1.0,B01
201800055032,1.0,10,0,0.0,1.0,3.0,15.0,A01
201800055033,2.0,7,0,9.0,2.0,2.0,1.0,A01
201800055033,2.0,32,0,0.0,2.0,5.0,1.0,B01
201800055034,0.0,7,0,0.0,2.0,6.0,1.0,B01
201800055034,0.0,7,0,0.0,2.0,1.0,1.0,C01
201800055034,1.0,2,0,0.0,2.0,1.0,5.0,A01
201800055035,1.0,2,0,0.0,2.0,3.0,1.0,D01
201800055035,1.0,38,0,0.0,2.0,1.0,1.0,B01
201800055035,1.0,2,0,0.0,2.0,2.0,1.0,C01
201800055035,2.0,7,0,6.0,2.0,1.0,13.0,A01
201800055036,1.0,7,0,0.0,2.0,2.0,15.0,A01
201800055036,2.0,2,0,0.0,2.0,1.0,1.0,B01
201800055037,1.0,7,0,0.0,2.0,1.0,1.0,B01
201800055037,2.0,31,0,1.0,2.0,1.0,5.0,A01
201800055038,2.0,7,0,3.0,0.0,1.0,14.0,A01
201800055039,1.0,14,0,0.0,2.0,7.0,16.0,A01
201800055039,1.0,1,0,0.0,2.0,1.0,1.0,B01
201800055040,1.0,34,0,0.0,2.0,8.0,11.0,A01
201800055040,1.0,7,0,0.0,2.0,7.0,1.0,B01
201800055041,2.0,7,0,0.0,1.0,1.0,16.0,A01
201800055042,1.0,31,0,1.0,0.0,1.0,1.0,A01
201800055043,1.0,7,0,0.0,2.0,7.0,15.0,A01
201800055043,1.0,31,0,0.0,2.0,1.0,1.0,B01
201800055044,1.0,34,0,0.0,2.0,2.0,1.0,A01
201800055044,2.0,7,0,0.0,2.0,3.0,1.0,B01
201800055045,1.0,20,0,0.0,2.0,6.0,23.0,A01
201800055045,1.0,1,0,1.0,2.0,1.0,1.0,B01
201800055046,1.0,7,0,0.0,1.0,2.0,1.0,A01
201800055047,2.0,34,0,0.0,2.0,1.0,1.0,A01
201800055047,2.0,1,0,0.0,2.0,6.0,16.0,B01
201800055048,1.0,7,0,0.0,1.0,2.0,21.0,A01
201800055049,2.0,32,0,0.0,0.0,0.0,21.0,A01
201800055050,1.0,34,0,11.0,0.0,1.0,13.0,A01
201800055051,1.0,7,0,0.0,1.0,3.0,1.0,A01
201800055052,1.0,7,0,7.0,2.0,3.0,14.0,A01
201800055052,1.0,32,0,0.0,2.0,6.0,1.0,B01
201800055053,1.0,2,0,0.0,2.0,2.0,17.0,B01
201800055053,1.0,7,0,0.0,2.0,3.0,15.0,A01
201800055054,1.0,33,0,12.0,0.0,1.0,13.0,A01
201800055055,0.0,7,0,0.0,1.0,3.0,15.0,A01
201800055056,1.0,33,0,0.0,1.0,1.0,1.0,A01
201800055057,1.0,33,0,0.0,2.0,2.0,17.0,A01
201800055057,1.0,10,0,0.0,2.0,8.0,1.0,B01
201800055058,1.0,2,0,0.0,2.0,7.0,1.0,B01
201800055058,1.0,33,0,0.0,2.0,1.0,1.0,A01
201800055059,1.0,10,0,0.0,2.0,7.0,11.0,A01
201800055059,1.0,33,0,0.0,2.0,8.0,3.0,B01
201800055060,1.0,2,0,14.0,2.0,1.0,1.0,A01
201800055060,1.0,7,0,0.0,2.0,4.0,1.0,B01
201800055061,1.0,7,0,0.0,1.0,3.0,1.0,A01
201800055062,1.0,7,0,0.0,2.0,3.0,12.0,A01
201800055062,1.0,34,0,0.0,2.0,2.0,1.0,B01
201800055063,1.0,31,0,12.0,0.0,0.0,14.0,A01
201800055064,1.0,7,0,0.0,1.0,1.0,1.0,A01
201800055065,1.0,32,0,14.0,0.0,1.0,12.0,A01
201800055066,1.0,7,0,0.0,2.0,8.0,11.0,A01
201800055066,1.0,31,0,0.0,2.0,7.0,1.0,B01
201800055067,2.0,7,0,0.0,2.0,4.0,2.0,A01
201800055067,2.0,7,0,0.0,2.0,1.0,2.0,C01
201800055067,2.0,7,0,0.0,2.0,4.0,2.0,B01
201800055068,1.0,10,0,0.0,2.0,3.0,10.0,A01
201800055068,1.0,33,0,0.0,2.0,1.0,1.0,B01
201800055069,1.0,7,0,0.0,2.0,5.0,1.0,C01
201800055069,1.0,7,0,0.0,2.0,6.0,23.0,A01
201800055069,1.0,7,0,0.0,2.0,4.0,23.0,B01
201800055069,1.0,7,0,14.0,2.0,1.0,1.0,Z01
201800055070,1.0,7,0,0.0,1.0,0.0,1.0,Z01
201800055071,1.0,2,0,0.0,1.0,3.0,1.0,A01
201800055072,1.0,33,0,0.0,2.0,1.0,1.0,A01
201800055072,1.0,2,0,0.0,2.0,4.0,23.0,B01
201800055072,1.0,7,0,0.0,2.0,3.0,23.0,C01
201800055073,1.0,14,0,0.0,2.0,1.0,1.0,A01
201800055073,1.0,31,0,0.0,2.0,5.0,1.0,B01
201800055074,0.0,10,0,2.0,0.0,1.0,13.0,A01
201800055075,1.0,7,0,0.0,2.0,4.0,2.0,B01
201800055075,1.0,33,0,0.0,2.0,1.0,9.0,A01
201800055076,2.0,7,0,0.0,2.0,2.0,1.0,Z01
201800055076,1.0,2,0,0.0,2.0,3.0,1.0,A01
201800055077,1.0,7,0,0.0,2.0,7.0,2.0,C01
201800055077,1.0,31,0,0.0,2.0,1.0,5.0,A01
201800055077,1.0,2,0,0.0,2.0,1.0,2.0,B01
201800055078,0.0,33,0,0.0,2.0,1.0,1.0,B01
201800055078,0.0,7,0,0.0,2.0,7.0,1.0,A01
201800055079,2.0,17,0,0.0,2.0,2.0,16.0,A01
201800055079,0.0,1,0,0.0,2.0,4.0,18.0,B01
201800055080,1.0,7,0,0.0,0.0,0.0,1.0,A01
201800055080,1.0,33,0,0.0,0.0,0.0,7.0,B01
201800055081,1.0,7,0,0.0,2.0,2.0,16.0,A01
201800055081,1.0,32,0,0.0,2.0,1.0,1.0,B01
201800055082,1.0,7,0,0.0,2.0,7.0,1.0,A01
201800055082,1.0,7,0,0.0,2.0,1.0,1.0,B01
201800055083,1.0,33,0,0.0,1.0,1.0,1.0,A01
201800055084,2.0,7,0,0.0,1.0,2.0,1.0,A01
201800055085,2.0,7,0,0.0,2.0,2.0,10.0,A01
201800055085,2.0,2,0,0.0,2.0,1.0,1.0,B01
201800055086,1.0,7,0,4.0,2.0,3.0,1.0,A01
201800055086,1.0,33,0,0.0,2.0,4.0,23.0,B01
201800055086,1.0,7,0,0.0,2.0,5.0,23.0,C01
201800055087,1.0,33,0,1.0,2.0,2.0,17.0,B01
201800055087,1.0,7,0,0.0,2.0,6.0,13.0,A01
201800055088,1.0,2,0,0.0,2.0,9.0,1.0,B01
201800055088,1.0,7,0,0.0,2.0,3.0,10.0,A01
201800055089,0.0,10,0,0.0,2.0,8.0,15.0,B01
201800055089,0.0,7,0,0.0,2.0,1.0,8.0,A01
201800055090,1.0,31,0,0.0,2.0,5.0,19.0,B01
201800055090,2.0,7,0,0.0,2.0,1.0,1.0,A01
201800055091,2.0,7,0,1.0,2.0,3.0,15.0,A01
201800055091,2.0,10,0,0.0,1.0,2.0,1.0,B01
201800055092,1.0,33,0,4.0,0.0,1.0,3.0,A01
201800055093,1.0,7,0,0.0,2.0,2.0,1.0,A01
201800055093,2.0,7,0,0.0,2.0,3.0,1.0,B01
201800055094,1.0,2,0,0.0,2.0,7.0,15.0,B01
201800055094,1.0,10,0,0.0,2.0,3.0,11.0,A01
201800055095,1.0,10,0,11.0,1.0,1.0,5.0,A01
201800055096,2.0,33,0,0.0,1.0,3.0,7.0,A01
201800055097,1.0,7,0,4.0,0.0,2.0,14.0,A01
201800055098,0.0,7,0,0.0,2.0,2.0,1.0,B01
201800055098,0.0,32,0,0.0,2.0,1.0,1.0,A01
201800055099,1.0,30,0,1.0,0.0,1.0,14.0,A01
201800055100,2.0,31,0,6.0,2.0,1.0,1.0,B01
201800055100,1.0,34,0,14.0,2.0,1.0,1.0,A01
201800055101,0.0,7,0,0.0,2.0,1.0,1.0,A01
201800055101,1.0,1,0,0.0,2.0,7.0,19.0,B01
201800055102,2.0,7,0,4.0,2.0,5.0,1.0,B01
201800055102,2.0,7,0,0.0,2.0,1.0,13.0,A01
201800055103,2.0,32,0,0.0,2.0,1.0,1.0,B01
201800055103,2.0,7,0,0.0,2.0,3.0,10.0,A01
201800055104,0.0,2,0,0.0,1.0,1.0,5.0,Z01
201800055105,2.0,34,0,0.0,2.0,1.0,1.0,B01
201800055105,1.0,7,0,0.0,2.0,2.0,15.0,A01
201800055106,1.0,7,0,0.0,1.0,3.0,1.0,A01
201800055107,2.0,31,0,0.0,0.0,1.0,21.0,A01
201800055108,1.0,10,0,0.0,1.0,1.0,1.0,A01
201800055109,1.0,10,0,0.0,2.0,5.0,1.0,B01
201800055109,1.0,7,0,0.0,2.0,3.0,1.0,C01
201800055109,1.0,31,0,0.0,2.0,4.0,3.0,A01
201800055110,2.0,33,0,0.0,0.0,0.0,3.0,A01
201800055110,2.0,7,0,0.0,0.0,0.0,14.0,B01
201800055111,1.0,7,0,2.0,0.0,1.0,14.0,A01
201800055112,1.0,33,0,0.0,2.0,5.0,1.0,B01
201800055112,1.0,7,0,1.0,2.0,2.0,1.0,A01
201800055113,2.0,33,0,0.0,2.0,1.0,13.0,B01
201800055113,1.0,7,0,0.0,2.0,1.0,15.0,A01
201800055114,0.0,7,0,0.0,1.0,1.0,1.0,Z01
201800055115,2.0,7,0,0.0,1.0,4.0,4.0,A01
201800055116,2.0,99,0,0.0,2.0,7.0,1.0,B01
201800055116,1.0,7,0,0.0,2.0,3.0,1.0,A01
201800055117,1.0,30,0,0.0,1.0,7.0,1.0,A01
201800055118,2.0,30,0,12.0,0.0,1.0,1.0,A01
201800055119,1.0,34,0,4.0,0.0,0.0,13.0,A01
201800055120,1.0,32,0,12.0,0.0,1.0,1.0,A01
201800055121,1.0,7,0,0.0,2.0,3.0,1.0,A01
201800055121,1.0,33,0,8.0,2.0,8.0,1.0,B01
201800055122,1.0,32,0,0.0,2.0,3.0,1.0,A01
201800055122,1.0,7,0,0.0,2.0,3.0,1.0,B01
201800055123,1.0,31,0,1.0,0.0,3.0,1.0,A01
201800055124,1.0,99,0,0.0,2.0,8.0,2.0,Z01
201800055124,1.0,32,0,0.0,2.0,2.0,1.0,A01
201800055125,1.0,7,0,0.0,2.0,2.0,1.0,Z01
201800055125,1.0,1,0,0.0,2.0,4.0,16.0,A01
201800055126,2.0,7,0,0.0,2.0,3.0,7.0,A01
201800055126,2.0,34,0,0.0,2.0,5.0,12.0,B01
201800055127,1.0,7,0,0.0,2.0,1.0,1.0,A01
201800055127,2.0,1,0,0.0,2.0,3.0,1.0,B01
201800055128,1.0,14,0,1.0,0.0,2.0,14.0,A01
201800055129,1.0,32,0,9.0,0.0,1.0,13.0,A01
201800055130,2.0,10,0,0.0,2.0,5.0,23.0,C01
201800055130,2.0,7,0,0.0,0.0,0.0,2.0,A01
201800055130,2.0,7,0,0.0,2.0,7.0,23.0,B01
201800055130,2.0,32,0,0.0,2.0,9.0,2.0,Z01
201800055130,2.0,10,0,0.0,2.0,5.0,23.0,D01
201800055130,2.0,10,0,0.0,2.0,6.0,23.0,E01
201800055131,2.0,10,0,0.0,2.0,8.0,4.0,A01
201800055131,2.0,30,0,0.0,2.0,1.0,1.0,B01
201800055132,1.0,33,0,0.0,2.0,4.0,3.0,B01
201800055132,1.0,33,0,0.0,2.0,1.0,3.0,A01