Num_Acc,senc,catv,occutc,obs,obsm,choc,manv,num_veh
201800055133,2.0,7,0,0.0,2.0,3.0,1.0,B01
201800055133,0.0,30,0,0.0,2.0,1.0,1.0,A01
201800055134,1.0,13,0,0.0,2.0,2.0,16.0,A01
201800055134,0.0,1,0,0.0,2.0,3.0,1.0,B01
201800055135,1.0,1,0,0.0,2.0,4.0,23.0,B01
201800055135,1.0,17,0,0.0,2.0,2.0,2.0,A01
201800055136,1.0,33,0,0.0,2.0,1.0,3.0,B01
201800055136,1.0,10,0,0.0,2.0,5.0,23.0,A01
201800055137,0.0,33,0,0.0,0.0,2.0,1.0,A01
201800055138,1.0,10,0,0.0,1.0,2.0,16.0,A01
201800055139,2.0,1,0,0.0,2.0,1.0,1.0,B01
201800055139,2.0,7,0,0.0,2.0,6.0,9.0,A01
201800055140,1.0,31,0,0.0,2.0,8.0,1.0,E01
201800055140,1.0,7,0,4.0,2.0,6.0,1.0,B01
201800055140,1.0,10,0,0.0,2.0,4.0,23.0,C01
201800055140,1.0,7,0,0.0,2.0,1.0,1.0,D01
201800055140,1.0,17,0,0.0,2.0,2.0,13.0,A01
201800055141,1.0,7,0,0.0,1.0,3.0,15.0,A01
201800055141,2.0,33,0,0.0,2.0,8.0,1.0,B01
201800055142,1.0,30,0,0.0,2.0,8.0,1.0,A01
201800055142,1.0,34,0,0.0,2.0,7.0,1.0,B01
201800055143,1.0,7,0,0.0,2.0,0.0,2.0,E01
201800055143,1.0,7,0,0.0,2.0,6.0,21.0,A01
201800055143,1.0,7,0,0.0,2.0,4.0,2.0,C01
201800055143,1.0,10,0,0.0,2.0,3.0,2.0,F01
201800055143,1.0,7,0,0.0,2.0,4.0,2.0,D01
201800055143,1.0,7,0,0.0,2.0,2.0,2.0,B01
201800055144,0.0,7,0,0.0,2.0,6.0,1.0,B01
201800055144,0.0,34,0,0.0,2.0,2.0,14.0,A01
201800055145,0.0,30,0,8.0,0.0,2.0,14.0,A01
201800055146,2.0,30,0,0.0,1.0,1.0,1.0,A01
201800055147,0.0,32,0,0.0,2.0,1.0,2.0,B01
201800055147,0.0,7,0,0.0,2.0,4.0,23.0,A01
201800055148,1.0,14,0,0.0,1.0,5.0,4.0,A01
201800055149,2.0,7,0,0.0,2.0,5.0,1.0,A01
201800055149,2.0,34,0,0.0,2.0,1.0,13.0,B01
201800055150,2.0,7,0,0.0,2.0,5.0,1.0,B01
201800055150,1.0,33,0,14.0,2.0,1.0,13.0,A01
201800055151,0.0,33,0,0.0,2.0,1.0,1.0,A01
201800055151,0.0,7,0,0.0,2.0,6.0,9.0,B01
201800055152,1.0,32,0,0.0,2.0,7.0,1.0,A01
201800055152,1.0,37,1,0.0,2.0,3.0,9.0,B01
201800055153,1.0,34,0,0.0,1.0,2.0,1.0,A01
201800055154,2.0,20,0,0.0,1.0,2.0,1.0,A01
201800055155,2.0,32,0,0.0,1.0,1.0,3.0,A01
201800055156,1.0,30,0,0.0,1.0,1.0,5.0,Z01
201800055157,1.0,32,0,0.0,2.0,4.0,2.0,B01
201800055157,1.0,7,0,0.0,2.0,2.0,2.0,A01
201800055158,2.0,1,0,0.0,1.0,1.0,17.0,A01
201800055159,1.0,7,0,0.0,1.0,6.0,4.0,A01
201800055160,1.0,7,0,0.0,1.0,2.0,1.0,A01
201800055161,1.0,7,0,0.0,1.0,2.0,1.0,Z01
201800055162,1.0,7,0,14.0,2.0,2.0,2.0,A01
201800055162,1.0,10,0,0.0,2.0,6.0,23.0,B01
201800055163,1.0,7,0,0.0,2.0,1.0,2.0,A01
201800055163,1.0,30,0,0.0,2.0,4.0,2.0,B01
201800055164,1.0,7,0,0.0,2.0,5.0,22.0,A01
201800055164,1.0,32,0,0.0,2.0,1.0,18.0,B01
201800055165,1.0,7,0,1.0,1.0,1.0,14.0,A01
201800055165,1.0,7,0,0.0,2.0,3.0,1.0,B01
201800055166,1.0,7,0,0.0,2.0,6.0,2.0,B01
201800055166,1.0,32,0,0.0,2.0,1.0,2.0,A01
201800055167,2.0,10,0,0.0,1.0,6.0,4.0,A01
201800055168,1.0,7,0,0.0,2.0,6.0,1.0,B01
201800055168,1.0,7,0,4.0,2.0,2.0,14.0,A01
201800055169,2.0,7,0,9.0,0.0,1.0,13.0,A01
201800055170,1.0,34,0,1.0,0.0,1.0,14.0,A01
201800055171,2.0,10,0,0.0,1.0,2.0,1.0,A01
201800055172,2.0,7,0,0.0,2.0,7.0,15.0,A01
201800055172,1.0,33,0,0.0,2.0,0.0,7.0,B01
201800055173,1.0,10,0,0.0,1.0,3.0,1.0,A01
201800055174,1.0,7,0,1.0,1.0,2.0,20.0,A01
201800055175,1.0,7,0,0.0,2.0,8.0,1.0,B01
201800055175,2.0,7,0,0.0,2.0,1.0,15.0,A01
201800055176,1.0,30,0,0.0,1.0,1.0,1.0,Z01
201800055177,2.0,7,0,0.0,2.0,5.0,1.0,B01
201800055177,2.0,33,0,0.0,2.0,3.0,9.0,A01
201800055178,1.0,34,0,0.0,2.0,2.0,2.0,B01
201800055178,1.0,7,0,0.0,2.0,4.0,2.0,A01
201800055179,1.0,34,0,8.0,1.0,2.0,7.0,A01
201800055180,2.0,33,0,1.0,0.0,7.0,1.0,A01
201800055181,2.0,7,0,0.0,2.0,2.0,10.0,A01
201800055181,1.0,33,0,0.0,2.0,1.0,1.0,B01
201800055182,1.0,33,0,0.0,2.0,8.0,1.0,B01
201800055182,1.0,7,0,0.0,2.0,3.0,10.0,A01
201800055183,2.0,33,0,0.0,1.0,1.0,1.0,A01
201800055184,1.0,33,0,0.0,1.0,8.0,5.0,A01
201800055185,0.0,7,0,1.0,1.0,1.0,1.0,Z01
201800055185,1.0,7,0,0.0,2.0,8.0,24.0,B01
201800055186,1.0,7,0,1.0,2.0,1.0,5.0,A01
201800055186,1.0,7,0,0.0,2.0,3.0,15.0,B01
201800055187,1.0,7,0,9.0,0.0,3.0,13.0,A01
201800055188,1.0,7,0,0.0,2.0,1.0,2.0,A01
201800055188,1.0,7,0,0.0,2.0,4.0,23.0,B01
201800055188,1.0,7,0,0.0,2.0,4.0,23.0,C01
201800055189,1.0,33,0,0.0,2.0,2.0,5.0,B01
201800055189,1.0,7,0,0.0,2.0,3.0,15.0,A01
201800055190,2.0,7,0,0.0,1.0,2.0,1.0,A01
201800055191,1.0,2,0,0.0,2.0,1.0,2.0,A01
201800055191,1.0,10,0,0.0,2.0,6.0,23.0,B01
201800055192,0.0,7,0,0.0,2.0,3.0,10.0,A01
201800055192,2.0,33,0,0.0,2.0,1.0,1.0,B01
201800055193,2.0,7,0,0.0,1.0,2.0,1.0,A01
201800055194,2.0,33,0,6.0,2.0,1.0,17.0,B01
201800055194,2.0,7,0,0.0,2.0,0.0,15.0,A01
201800055195,1.0,7,0,0.0,1.0,1.0,1.0,A01
201800055196,1.0,7,0,0.0,2.0,3.0,1.0,A01
201800055196,0.0,7,0,0.0,2.0,2.0,1.0,B01
201800055197,1.0,7,0,0.0,2.0,6.0,22.0,A01
201800055197,1.0,1,0,1.0,2.0,1.0,17.0,B01
201800055198,1.0,10,0,0.0,1.0,3.0,1.0,A01
201800055199,1.0,10,0,0.0,1.0,5.0,4.0,A01
201800055200,0.0,1,0,0.0,2.0,8.0,1.0,A01
201800055200,1.0,7,0,0.0,2.0,3.0,1.0,B01
201800055201,1.0,37,5,0.0,2.0,8.0,1.0,A01
201800055201,1.0,99,0,0.0,2.0,3.0,19.0,B01
201800055202,2.0,7,0,0.0,2.0,5.0,23.0,A01
201800055202,2.0,1,0,1.0,2.0,1.0,7.0,B01
201800055203,1.0,34,0,14.0,0.0,1.0,13.0,A01
201800055204,1.0,7,0,0.0,1.0,1.0,1.0,Z01
201800055205,1.0,7,0,0.0,2.0,7.0,1.0,B01
201800055205,1.0,7,0,0.0,2.0,7.0,1.0,A01
201800055206,1.0,31,0,12.0,0.0,1.0,14.0,A01
201800055207,1.0,7,0,0.0,2.0,3.0,15.0,B01
201800055207,1.0,33,0,15.0,2.0,1.0,5.0,A01
201800055208,1.0,10,0,0.0,2.0,7.0,13.0,A01
201800055208,1.0,1,0,0.0,2.0,8.0,1.0,B01
201800055209,2.0,7,0,4.0,0.0,8.0,13.0,A01
201800055210,1.0,1,0,0.0,1.0,1.0,1.0,A01
201800055211,1.0,33,0,0.0,2.0,1.0,3.0,A01
201800055211,1.0,7,0,0.0,2.0,0.0,11.0,Z01
201800055211,1.0,7,0,0.0,2.0,4.0,1.0,B01
201800055212,0.0,7,0,0.0,2.0,1.0,15.0,A01
201800055212,2.0,7,0,0.0,2.0,7.0,1.0,B01
201800055213,2.0,7,0,0.0,1.0,8.0,23.0,A01
201800055214,1.0,7,0,8.0,0.0,1.0,7.0,A01
201800055215,1.0,33,0,14.0,0.0,1.0,16.0,A01
201800055216,1.0,30,0,0.0,2.0,1.0,1.0,B01
201800055216,1.0,17,0,0.0,2.0,7.0,10.0,A01
201800055217,1.0,7,0,8.0,0.0,1.0,13.0,A01
201800055218,1.0,31,0,0.0,0.0,7.0,1.0,A01
201800055219,1.0,7,0,0.0,2.0,2.0,12.0,A01
201800055219,1.0,34,0,0.0,2.0,8.0,3.0,B01
201800055220,1.0,7,0,0.0,2.0,4.0,2.0,C01
201800055220,1.0,7,0,0.0,2.0,1.0,2.0,A01
201800055220,1.0,7,0,0.0,2.0,4.0,2.0,B01
201800055221,2.0,31,0,0.0,0.0,0.0,1.0,A01
201800055222,2.0,7,0,0.0,2.0,4.0,2.0,B01
201800055222,2.0,7,0,0.0,2.0,1.0,2.0,A01
201800055223,1.0,7,0,4.0,2.0,5.0,1.0,A01
201800055223,1.0,7,0,0.0,2.0,0.0,1.0,Z01
201800055224,2.0,33,0,0.0,2.0,8.0,3.0,A01
201800055224,2.0,7,0,0.0,2.0,7.0,12.0,Z01
201800055225,1.0,7,0,0.0,2.0,1.0,2.0,A01
201800055225,1.0,7,0,4.0,2.0,4.0,2.0,B01
201800055226,1.0,34,0,0.0,2.0,4.0,23.0,B01
201800055226,1.0,7,0,0.0,2.0,1.0,2.0,A01
201800055226,1.0,7,0,0.0,2.0,4.0,23.0,C01
201800055227,1.0,33,0,0.0,2.0,1.0,3.0,A01
201800055227,1.0,7,0,0.0,2.0,6.0,1.0,B01
201800055228,2.0,31,0,0.0,0.0,7.0,1.0,A01
201800055229,1.0,7,0,0.0,2.0,6.0,13.0,Z01
201800055229,1.0,7,0,0.0,2.0,6.0,1.0,A01
201800055230,1.0,7,0,4.0,0.0,2.0,14.0,A01
201800055231,1.0,7,0,0.0,2.0,2.0,1.0,A01
201800055231,1.0,34,0,0.0,2.0,4.0,1.0,B01
201800055232,1.0,7,0,0.0,2.0,3.0,11.0,A01
201800055232,1.0,31,0,0.0,2.0,7.0,1.0,B01
201800055233,2.0,7,0,0.0,2.0,1.0,1.0,A01
201800055233,2.0,7,0,0.0,2.0,4.0,1.0,B01
201800055234,2.0,10,0,0.0,2.0,4.0,1.0,B01
201800055234,2.0,7,0,0.0,2.0,1.0,1.0,A01
201800055234,2.0,7,0,0.0,2.0,0.0,11.0,C01
201800055235,1.0,7,0,0.0,2.0,2.0,1.0,A01
201800055235,1.0,14,0,0.0,2.0,1.0,1.0,C01
201800055235,1.0,7,0,0.0,2.0,6.0,1.0,B01
201800055236,1.0,7,0,0.0,0.0,9.0,1.0,A01
201800055237,2.0,34,0,0.0,2.0,1.0,3.0,A01
201800055237,2.0,33,0,0.0,2.0,4.0,3.0,B01
201800055238,1.0,31,0,0.0,2.0,1.0,3.0,B01
201800055238,1.0,7,0,0.0,2.0,7.0,12.0,A01
201800055239,1.0,7,0,0.0,2.0,4.0,1.0,C01
201800055239,1.0,7,0,0.0,2.0,4.0,1.0,D01
201800055239,1.0,7,0,0.0,2.0,4.0,1.0,B01
201800055239,1.0,7,0,0.0,2.0,1.0,1.0,A01
201800055240,1.0,7,0,0.0,2.0,5.0,12.0,Z01
201800055240,1.0,31,0,0.0,2.0,3.0,3.0,A01
201800055241,1.0,31,0,0.0,2.0,1.0,1.0,A01
201800055241,1.0,10,0,0.0,2.0,5.0,1.0,B01
201800055242,2.0,7,0,0.0,2.0,5.0,1.0,C01
201800055242,2.0,10,0,0.0,2.0,7.0,12.0,B01
201800055242,2.0,32,0,0.0,2.0,3.0,3.0,A01
201800055242,1.0,7,0,0.0,2.0,6.0,1.0,D01
201800055243,2.0,31,0,0.0,2.0,1.0,1.0,A01
201800055243,2.0,7,0,0.0,2.0,4.0,23.0,B01
201800055244,1.0,33,0,0.0,2.0,3.0,11.0,A01
201800055244,1.0,7,0,0.0,2.0,7.0,1.0,B01
201800055245,2.0,10,0,0.0,2.0,4.0,1.0,C01
201800055245,2.0,10,0,0.0,2.0,1.0,14.0,A01
201800055245,2.0,10,0,0.0,2.0,4.0,1.0,D01
201800055245,2.0,33,0,0.0,2.0,1.0,3.0,B01
201800055246,2.0,10,0,0.0,2.0,7.0,12.0,A01
201800055246,2.0,7,0,0.0,2.0,8.0,1.0,C01
201800055246,2.0,10,0,0.0,2.0,6.0,1.0,D01
201800055246,2.0,32,0,0.0,2.0,3.0,3.0,B01
201800055247,2.0,7,0,0.0,2.0,1.0,1.0,A01
201800055247,2.0,31,0,0.0,2.0,4.0,1.0,B01
201800055247,2.0,7,0,0.0,2.0,4.0,1.0,C01
201800055248,2.0,7,0,0.0,2.0,2.0,1.0,B01
201800055248,2.0,7,0,4.0,2.0,2.0,1.0,C01
201800055248,2.0,33,0,0.0,2.0,2.0,3.0,A01
201800055249,2.0,7,0,0.0,2.0,4.0,1.0,D01
201800055249,2.0,7,0,0.0,2.0,1.0,1.0,A01
201800055249,2.0,7,0,0.0,2.0,4.0,1.0,B01
201800055249,2.0,7,0,0.0,2.0,4.0,1.0,C01
201800055250,2.0,10,0,0.0,2.0,6.0,11.0,A01
201800055250,2.0,34,0,0.0,2.0,1.0,1.0,B01
201800055251,1.0,31,0,0.0,2.0,1.0,1.0,A01
201800055251,1.0,7,0,0.0,2.0,6.0,12.0,B01
201800055252,2.0,7,0,0.0,2.0,5.0,1.0,B01
201800055252,2.0,31,0,0.0,2.0,8.0,13.0,A01
201800055253,1.0,31,0,0.0,2.0,8.0,1.0,B01
201800055253,1.0,7,0,0.0,2.0,7.0,12.0,A01
201800055254,1.0,7,0,0.0,2.0,1.0,1.0,A01
201800055254,1.0,7,0,0.0,2.0,4.0,1.0,B01
201800055255,1.0,7,0,0.0,2.0,2.0,12.0,A01
201800055255,1.0,32,0,0.0,2.0,3.0,1.0,B01
201800055256,2.0,7,0,0.0,2.0,1.0,1.0,A01
201800055256,2.0,7,0,0.0,2.0,4.0,1.0,B01
201800055257,1.0,7,0,0.0,2.0,6.0,1.0,B01
201800055257,1.0,7,0,0.0,2.0,2.0,1.0,A01
201800055258,1.0,7,0,0.0,2.0,9.0,1.0,A01
201800055258,1.0,10,0,0.0,2.0,1.0,1.0,C01
201800055258,1.0,7,0,0.0,2.0,4.0,1.0,B01
201800055259,2.0,32,0,0.0,0.0,8.0,1.0,A01
201800055260,1.0,7,0,0.0,2.0,4.0,1.0,B01
201800055260,1.0,10,0,0.0,2.0,1.0,1.0,A01
201800055261,1.0,31,0,0.0,0.0,7.0,1.0,A01
201800055262,1.0,33,0,0.0,0.0,8.0,1.0,A01
201800055263,2.0,33,0,0.0,0.0,7.0,2.0,A01
201800055264,1.0,7,0,0.0,2.0,5.0,12.0,A01
201800055264,1.0,32,0,0.0,2.0,8.0,3.0,B01
201800055265,2.0,7,0,0.0,2.0,1.0,1.0,B01
201800055265,2.0,10,0,0.0,2.0,1.0,1.0,Z01
201800055265,2.0,10,0,0.0,2.0,4.0,1.0,A01
201800055266,1.0,7,0,0.0,2.0,3.0,1.0,C01
201800055266,1.0,31,0,0.0,2.0,3.0,3.0,A01
201800055266,1.0,7,0,0.0,2.0,5.0,1.0,B01
201800055267,1.0,31,0,0.0,0.0,8.0,3.0,A01
201800055268,1.0,7,0,0.0,2.0,5.0,1.0,B01
201800055268,1.0,33,0,0.0,2.0,1.0,3.0,A01
201800055269,1.0,7,0,0.0,2.0,4.0,1.0,C01
201800055269,1.0,7,0,0.0,2.0,1.0,1.0,A01
201800055269,1.0,7,0,0.0,2.0,4.0,1.0,B01
201800055270,1.0,7,0,0.0,2.0,6.0,1.0,A01
201800055270,1.0,14,0,0.0,2.0,2.0,12.0,Z01
201800055271,1.0,7,0,4.0,0.0,1.0,14.0,A01
201800055272,1.0,33,0,0.0,0.0,8.0,1.0,A01
201800055273,2.0,10,0,0.0,2.0,1.0,1.0,A01
201800055273,2.0,7,0,0.0,2.0,4.0,23.0,B01
201800055274,1.0,10,0,0.0,2.0,2.0,14.0,A01
201800055274,1.0,33,0,0.0,2.0,8.0,1.0,B01
201800055275,2.0,33,0,4.0,0.0,8.0,13.0,A01
201800055276,2.0,7,0,4.0,2.0,6.0,1.0,B01
201800055276,2.0,14,0,0.0,2.0,2.0,12.0,A01
201800055276,2.0,7,0,0.0,2.0,2.0,1.0,C01
201800055277,2.0,15,0,0.0,2.0,1.0,2.0,A01
201800055277,2.0,7,0,0.0,2.0,4.0,23.0,B01
201800055277,2.0,7,0,0.0,2.0,4.0,23.0,D01
201800055277,2.0,7,0,0.0,2.0,4.0,23.0,C01
201800055278,1.0,7,0,0.0,2.0,5.0,2.0,B01
201800055278,1.0,33,0,0.0,2.0,1.0,2.0,A01
201800055279,1.0,7,0,0.0,2.0,1.0,2.0,A01
201800055279,1.0,10,0,0.0,2.0,4.0,2.0,B01
201800055279,1.0,7,0,0.0,2.0,4.0,2.0,C01
201800055280,1.0,10,0,0.0,2.0,5.0,1.0,C01
201800055280,1.0,10,0,0.0,2.0,5.0,1.0,D01
201800055280,1.0,7,0,4.0,2.0,3.0,13.0,A01
201800055280,1.0,7,0,0.0,2.0,5.0,1.0,B01
201800055281,1.0,33,0,0.0,0.0,7.0,1.0,A01
201800055282,2.0,7,0,0.0,2.0,7.0,12.0,A01
201800055282,2.0,33,0,0.0,2.0,8.0,3.0,B01
201800055283,2.0,7,0,0.0,2.0,1.0,17.0,Z01
201800055283,2.0,7,0,0.0,2.0,6.0,1.0,A01
201800055284,2.0,10,0,0.0,2.0,5.0,23.0,A01
201800055284,2.0,7,0,0.0,2.0,3.0,2.0,Z01
201800055285,1.0,7,0,4.0,0.0,1.0,13.0,A01
201800055286,1.0,31,0,0.0,2.0,1.0,2.0,A01
201800055286,1.0,7,0,0.0,2.0,6.0,2.0,B01
201800055287,1.0,10,0,0.0,9.0,1.0,23.0,B01
201800055287,1.0,2,0,0.0,2.0,1.0,5.0,A01
201800055288,2.0,7,0,0.0,2.0,4.0,2.0,C01
201800055288,2.0,7,0,0.0,2.0,2.0,2.0,A01
201800055288,2.0,7,0,0.0,2.0,6.0,2.0,B01
201800055289,2.0,10,0,0.0,2.0,5.0,2.0,A01
201800055289,2.0,34,0,0.0,2.0,1.0,2.0,B01
201800055290,1.0,34,0,0.0,2.0,1.0,2.0,A01
201800055290,1.0,7,0,0.0,2.0,5.0,2.0,B01
201800055291,1.0,33,0,0.0,2.0,1.0,2.0,A01
201800055291,1.0,7,0,0.0,2.0,4.0,2.0,B01
201800055292,1.0,7,0,0.0,2.0,6.0,12.0,A01
201800055292,1.0,34,0,0.0,2.0,3.0,3.0,C01
201800055292,1.0,34,0,0.0,2.0,3.0,3.0,B01
201800055293,1.0,7,0,0.0,2.0,2.0,2.0,A01
201800055293,1.0,7,0,0.0,0.0,6.0,23.0,B01
201800055294,1.0,7,0,0.0,2.0,3.0,1.0,B01
201800055294,1.0,13,0,0.0,2.0,2.0,12.0,A01
201800055295,2.0,14,0,0.0,2.0,2.0,1.0,C01
201800055295,2.0,13,0,0.0,2.0,6.0,1.0,B01
201800055295,2.0,34,0,0.0,2.0,1.0,9.0,A01
201800055296,1.0,7,0,0.0,2.0,5.0,1.0,B01
201800055296,1.0,33,0,0.0,2.0,1.0,3.0,A01
201800055297,1.0,7,0,0.0,2.0,6.0,11.0,B01
201800055297,1.0,33,0,4.0,2.0,1.0,3.0,A01
201800055298,1.0,10,0,0.0,2.0,1.0,1.0,A01
201800055298,1.0,7,0,0.0,2.0,4.0,23.0,B01
201800055299,2.0,33,0,0.0,2.0,7.0,1.0,A01
201800055299,2.0,7,0,0.0,2.0,6.0,23.0,B01
201800055300,2.0,33,0,0.0,2.0,3.0,1.0,B01
201800055300,2.0,7,0,0.0,2.0,5.0,12.0,A01
201800055301,2.0,7,0,0.0,2.0,1.0,2.0,A01
201800055301,2.0,7,0,0.0,2.0,4.0,2.0,B01
201800055301,2.0,7,0,0.0,2.0,4.0,2.0,C01
201800055302,1.0,7,0,0.0,2.0,6.0,11.0,B01
201800055302,1.0,10,0,0.0,2.0,2.0,1.0,A01
201800055303,2.0,7,0,0.0,2.0,1.0,2.0,A01
201800055303,2.0,7,0,0.0,2.0,4.0,2.0,B01
201800055304,1.0,7,0,0.0,2.0,1.0,2.0,A01
201800055304,1.0,7,0,0.0,2.0,4.0,23.0,B01
201800055305,1.0,10,0,0.0,2.0,1.0,2.0,A01
201800055305,1.0,32,0,0.0,2.0,1.0,2.0,C01
201800055305,1.0,10,0,0.0,2.0,4.0,2.0,B01
201800055306,2.0,7,0,0.0,2.0,6.0,11.0,A01
201800055306,2.0,34,0,0.0,2.0,2.0,3.0,B01
201800055307,2.0,7,0,0.0,2.0,5.0,1.0,B01
201800055307,1.0,31,0,0.0,2.0,3.0,3.0,A01
201800055308,1.0,10,0,0.0,2.0,4.0,1.0,C01
201800055308,1.0,7,0,0.0,2.0,4.0,1.0,B01
201800055308,1.0,10,0,0.0,2.0,1.0,1.0,D01
201800055308,1.0,32,0,0.0,2.0,1.0,1.0,A01
201800055309,1.0,33,0,0.0,0.0,7.0,3.0,A01
201800055310,2.0,7,0,0.0,2.0,3.0,11.0,A01
201800055310,2.0,31,0,0.0,2.0,2.0,3.0,B01
201800055311,1.0,33,0,0.0,2.0,8.0,3.0,A01
201800055311,1.0,7,0,0.0,2.0,8.0,12.0,Z01
201800055312,1.0,7,0,0.0,2.0,4.0,1.0,E01
201800055312,1.0,10,0,0.0,2.0,4.0,1.0,F01
201800055312,1.0,7,0,0.0,2.0,4.0,1.0,B01
201800055312,1.0,7,0,0.0,2.0,1.0,1.0,A01
201800055312,1.0,7,0,0.0,2.0,4.0,1.0,D01
201800055312,1.0,7,0,0.0,2.0,4.0,1.0,C01
201800055313,2.0,7,0,3.0,0.0,8.0,14.0,A01
201800055314,1.0,33,0,0.0,2.0,1.0,2.0,A01
201800055314,1.0,10,0,0.0,2.0,5.0,2.0,B01
201800055315,1.0,33,0,0.0,0.0,1.0,3.0,A01
201800055316,1.0,10,0,0.0,2.0,8.0,11.0,Z01
201800055316,1.0,31,0,0.0,2.0,7.0,1.0,A01
201800055317,2.0,33,0,0.0,2.0,8.0,1.0,A01
201800055317,2.0,7,0,0.0,2.0,0.0,12.0,Z01
201800055318,1.0,7,0,0.0,2.0,4.0,2.0,B01
201800055318,1.0,31,0,0.0,2.0,1.0,9.0,A01
201800055319,2.0,7,0,0.0,2.0,5.0,2.0,B01
201800055319,2.0,7,0,0.0,2.0,1.0,2.0,A01
201800055320,1.0,7,0,0.0,2.0,4.0,2.0,B01
201800055320,1.0,31,0,0.0,2.0,1.0,2.0,A01
201800055321,2.0,7,0,0.0,2.0,1.0,1.0,B01
201800055321,2.0,7,0,4.0,0.0,5.0,12.0,A01
201800055322,1.0,10,0,0.0,2.0,3.0,9.0,A01
201800055322,1.0,7,0,0.0,2.0,6.0,1.0,C01
201800055322,1.0,7,0,0.0,2.0,6.0,1.0,B01
201800055323,1.0,34,0,0.0,0.0,7.0,3.0,A01
201800055324,1.0,7,0,0.0,2.0,8.0,11.0,B01
201800055324,1.0,10,0,0.0,2.0,4.0,1.0,C01
201800055324,1.0,32,0,0.0,2.0,8.0,3.0,A01
201800055325,1.0,7,0,0.0,2.0,6.0,2.0,B01
201800055325,1.0,7,0,0.0,2.0,6.0,2.0,A01
201800055326,1.0,31,0,4.0,0.0,2.0,13.0,A01
201800055327,2.0,33,0,0.0,2.0,1.0,13.0,A01
201800055327,2.0,7,0,0.0,2.0,4.0,23.0,B01
201800055328,1.0,32,0,0.0,2.0,1.0,2.0,A01
201800055328,1.0,10,0,0.0,2.0,6.0,2.0,B01
201800055329,2.0,7,0,4.0,2.0,7.0,14.0,A01
201800055329,2.0,14,0,0.0,2.0,7.0,11.0,B01
201800055330,1.0,7,0,0.0,2.0,1.0,2.0,A01
201800055330,1.0,10,0,0.0,2.0,4.0,2.0,C01
201800055330,1.0,7,0,0.0,2.0,4.0,2.0,B01
201800055331,1.0,7,0,0.0,2.0,2.0,12.0,A01
201800055331,1.0,34,0,0.0,2.0,8.0,3.0,B01
201800055332,1.0,7,0,0.0,2.0,6.0,1.0,B01
201800055332,1.0,34,0,0.0,2.0,2.0,3.0,C01
201800055332,1.0,2,0,0.0,2.0,1.0,14.0,A01
201800055332,1.0,7,0,0.0,2.0,7.0,1.0,D01
201800055333,1.0,10,0,0.0,2.0,7.0,17.0,A01
201800055333,1.0,32,0,0.0,2.0,8.0,1.0,B01
201800055334,1.0,14,0,0.0,2.0,2.0,12.0,A01
201800055334,1.0,7,0,0.0,2.0,8.0,1.0,B01
201800055334,1.0,10,0,0.0,2.0,1.0,1.0,C01
201800055335,2.0,33,0,0.0,2.0,3.0,1.0,A01
201800055335,2.0,7,0,0.0,2.0,5.0,1.0,B01
201800055336,2.0,32,0,0.0,2.0,1.0,3.0,A01
201800055336,2.0,7,0,0.0,2.0,5.0,1.0,C01
201800055336,2.0,33,0,0.0,2.0,4.0,3.0,B01
201800055337,1.0,7,0,0.0,2.0,3.0,11.0,A01
201800055337,1.0,31,0,0.0,2.0,2.0,3.0,B01
201800055338,2.0,33,0,0.0,2.0,1.0,3.0,B01
201800055338,2.0,7,0,0.0,2.0,5.0,11.0,A01
201800055339,2.0,33,0,0.0,2.0,1.0,3.0,A01
201800055339,2.0,31,0,0.0,2.0,6.0,3.0,B01
201800055340,2.0,31,0,0.0,2.0,1.0,1.0,A01
201800055340,2.0,7,0,0.0,2.0,6.0,1.0,B01
201800055341,2.0,31,0,0.0,2.0,3.0,3.0,C01
201800055341,2.0,33,0,0.0,2.0,3.0,3.0,A01
201800055341,2.0,7,0,0.0,2.0,5.0,1.0,B01
201800055342,1.0,10,0,0.0,2.0,7.0,22.0,A01
201800055342,1.0,33,0,0.0,2.0,3.0,3.0,B01
201800055342,1.0,10,0,0.0,2.0,8.0,23.0,C01
201800055343,2.0,7,0,0.0,2.0,4.0,1.0,B01
201800055343,2.0,31,0,0.0,2.0,1.0,1.0,A01
201800055344,1.0,34,0,0.0,2.0,3.0,1.0,A01
201800055344,1.0,7,0,0.0,2.0,5.0,1.0,B01
201800055345,2.0,7,0,0.0,2.0,4.0,12.0,A01
201800055345,2.0,31,0,0.0,2.0,2.0,3.0,B01
201800055346,2.0,15,0,0.0,2.0,2.0,12.0,A01
201800055346,2.0,7,0,0.0,2.0,8.0,1.0,C01
201800055346,2.0,7,0,4.0,2.0,6.0,1.0,B01
201800055347,1.0,7,0,0.0,2.0,5.0,12.0,B01
201800055347,1.0,33,0,0.0,2.0,8.0,3.0,A01
201800055348,1.0,7,0,0.0,2.0,4.0,1.0,B01
201800055348,1.0,7,0,0.0,2.0,2.0,1.0,A01
201800055349,2.0,7,0,0.0,2.0,4.0,23.0,C01
201800055349,2.0,7,0,0.0,2.0,4.0,1.0,B01
201800055349,2.0,7,0,0.0,2.0,1.0,1.0,A01
201800055350,1.0,7,0,0.0,2.0,6.0,11.0,A01
201800055350,1.0,33,0,0.0,2.0,2.0,3.0,B01