Num_Acc,senc,catv,occutc,obs,obsm,choc,manv,num_veh
201800055351,1.0,7,0,0.0,2.0,0.0,12.0,Z01
201800055351,1.0,33,0,0.0,2.0,8.0,3.0,A01
201800055352,2.0,7,0,0.0,2.0,6.0,2.0,B01
201800055352,1.0,7,0,0.0,2.0,2.0,2.0,A01
201800055353,1.0,31,0,0.0,2.0,3.0,3.0,A01
201800055353,1.0,7,0,0.0,2.0,3.0,1.0,C01
201800055353,1.0,7,0,0.0,2.0,2.0,12.0,B01
201800055354,1.0,7,0,0.0,2.0,7.0,12.0,A01
201800055354,1.0,33,0,0.0,2.0,1.0,1.0,B01
201800055354,1.0,7,0,0.0,2.0,4.0,1.0,C01
201800055355,1.0,33,0,0.0,2.0,2.0,3.0,A01
201800055355,1.0,7,0,0.0,2.0,5.0,12.0,B01
201800055356,2.0,7,0,0.0,2.0,7.0,3.0,B01
201800055356,2.0,31,0,0.0,2.0,1.0,23.0,A01
201800055357,1.0,34,0,0.0,2.0,8.0,3.0,B01
201800055357,1.0,7,0,0.0,2.0,2.0,12.0,A01
201800055358,2.0,33,0,0.0,0.0,8.0,1.0,A01
201800055359,1.0,31,0,0.0,2.0,7.0,1.0,A01
201800055359,1.0,7,0,0.0,2.0,8.0,11.0,Z01
201800055360,2.0,7,0,0.0,2.0,8.0,11.0,B01
201800055360,2.0,7,0,0.0,2.0,8.0,1.0,C01
201800055360,2.0,34,0,4.0,2.0,2.0,17.0,A01
201800055361,1.0,7,0,0.0,2.0,7.0,12.0,B01
201800055361,1.0,31,0,0.0,2.0,8.0,3.0,A01
201800055362,2.0,7,0,0.0,2.0,3.0,1.0,C01
201800055362,2.0,7,0,0.0,2.0,2.0,12.0,A01
201800055362,2.0,33,0,0.0,2.0,3.0,3.0,B01
201800055363,2.0,7,0,0.0,2.0,2.0,2.0,A01
201800055363,2.0,7,0,0.0,2.0,6.0,2.0,B01
201800055364,1.0,7,0,0.0,2.0,1.0,2.0,A01
201800055364,1.0,7,0,0.0,2.0,9.0,2.0,B01
201800055364,1.0,7,0,0.0,2.0,4.0,2.0,C01
201800055365,2.0,10,0,0.0,2.0,4.0,2.0,C01
201800055365,2.0,7,0,0.0,2.0,4.0,2.0,B01
201800055365,2.0,7,0,0.0,2.0,1.0,2.0,A01
201800055366,1.0,7,0,0.0,2.0,1.0,1.0,A01
201800055366,1.0,7,0,0.0,2.0,4.0,1.0,B01
201800055367,2.0,32,0,0.0,2.0,5.0,1.0,A01
201800055367,2.0,7,0,0.0,2.0,6.0,11.0,B01
201800055368,1.0,33,0,0.0,2.0,1.0,3.0,A01
201800055368,1.0,7,0,0.0,2.0,0.0,12.0,B01
201800055369,1.0,32,0,0.0,0.0,8.0,3.0,A01
201800055370,2.0,32,0,0.0,2.0,3.0,3.0,B01
201800055370,2.0,7,0,0.0,2.0,2.0,12.0,A01
201800055371,2.0,33,0,0.0,0.0,7.0,1.0,A01
201800055372,2.0,7,0,0.0,2.0,7.0,1.0,C01
201800055372,2.0,34,0,0.0,2.0,7.0,3.0,A01
201800055372,2.0,10,0,0.0,2.0,3.0,23.0,B01
201800055373,1.0,7,0,0.0,2.0,1.0,1.0,A01
201800055373,1.0,7,0,0.0,2.0,4.0,1.0,B01
201800055374,1.0,7,0,0.0,2.0,5.0,13.0,B01
201800055374,1.0,31,0,0.0,2.0,3.0,21.0,A01
201800055375,1.0,2,0,0.0,2.0,1.0,3.0,A01
201800055375,1.0,7,0,0.0,2.0,4.0,11.0,B01
201800055376,1.0,10,0,0.0,2.0,2.0,12.0,B01
201800055376,1.0,33,0,0.0,2.0,8.0,3.0,A01
201800055377,2.0,7,0,0.0,2.0,8.0,13.0,B01
201800055377,2.0,7,0,0.0,2.0,7.0,1.0,A01
201800055378,1.0,7,0,0.0,2.0,5.0,12.0,Z01
201800055378,1.0,31,0,0.0,2.0,3.0,1.0,A01
201800055379,2.0,10,0,0.0,2.0,5.0,1.0,B01
201800055379,2.0,33,0,0.0,2.0,1.0,1.0,A01
201800055380,1.0,10,0,0.0,2.0,6.0,1.0,C01
201800055380,1.0,7,0,0.0,2.0,6.0,11.0,A01
201800055380,1.0,33,0,0.0,2.0,2.0,1.0,B01
201800055381,1.0,33,0,0.0,0.0,1.0,3.0,A01
201800055382,1.0,7,0,1.0,2.0,5.0,23.0,B01
201800055382,1.0,33,0,1.0,2.0,5.0,1.0,A01
201800055383,2.0,31,0,0.0,2.0,2.0,3.0,C01
201800055383,2.0,7,0,0.0,2.0,6.0,11.0,A01
201800055383,2.0,31,0,0.0,2.0,5.0,1.0,B01
201800055384,1.0,34,0,3.0,0.0,1.0,1.0,A01
201800055385,1.0,7,0,0.0,2.0,6.0,1.0,A01
201800055385,1.0,7,0,0.0,2.0,2.0,11.0,Z01
201800055386,1.0,7,0,0.0,2.0,4.0,23.0,B01
201800055386,1.0,7,0,0.0,2.0,1.0,1.0,A01
201800055387,2.0,33,0,0.0,0.0,2.0,1.0,A01
201800055388,1.0,33,0,0.0,2.0,9.0,3.0,A01
201800055388,1.0,7,0,0.0,2.0,3.0,11.0,B01
201800055388,1.0,7,0,0.0,2.0,5.0,1.0,C01
201800055389,1.0,32,0,0.0,2.0,1.0,1.0,A01
201800055389,1.0,7,0,0.0,2.0,4.0,1.0,B01
201800055390,1.0,7,0,0.0,2.0,5.0,12.0,A01
201800055390,1.0,33,0,0.0,2.0,3.0,3.0,B01
201800055391,2.0,33,0,0.0,2.0,8.0,3.0,A01
201800055391,2.0,7,0,0.0,2.0,5.0,1.0,B01
201800055391,2.0,10,0,0.0,2.0,8.0,1.0,C01
201800055392,1.0,33,0,0.0,2.0,3.0,3.0,A01
201800055392,1.0,7,0,0.0,2.0,5.0,1.0,B01
201800055393,1.0,33,0,0.0,0.0,8.0,1.0,A01
201800055394,1.0,33,0,0.0,2.0,1.0,3.0,B01
201800055394,1.0,7,0,0.0,2.0,5.0,11.0,A01
201800055395,1.0,7,0,0.0,2.0,4.0,2.0,B01
201800055395,1.0,2,0,0.0,2.0,1.0,2.0,A01
201800055396,1.0,31,0,0.0,2.0,1.0,2.0,A01
201800055396,1.0,7,0,0.0,2.0,6.0,2.0,B01
201800055397,2.0,30,0,0.0,2.0,2.0,3.0,A01
201800055397,2.0,7,0,0.0,2.0,6.0,11.0,B01
201800055398,1.0,7,0,0.0,2.0,4.0,2.0,A01
201800055398,1.0,7,0,0.0,2.0,1.0,2.0,Z01
201800055399,2.0,33,0,0.0,2.0,4.0,2.0,B01
201800055399,2.0,7,0,0.0,2.0,1.0,2.0,A01
201800055400,1.0,14,0,0.0,2.0,2.0,1.0,C01
201800055400,1.0,7,0,0.0,2.0,5.0,2.0,B01
201800055400,1.0,17,0,0.0,2.0,3.0,2.0,A01
201800055401,2.0,7,0,0.0,2.0,4.0,23.0,A01
201800055401,2.0,7,0,0.0,2.0,1.0,2.0,Z01
201800055401,2.0,7,0,0.0,2.0,4.0,23.0,B01
201800055402,1.0,31,0,0.0,0.0,3.0,18.0,A01
201800055403,1.0,33,0,0.0,2.0,1.0,3.0,A01
201800055403,1.0,33,0,0.0,2.0,5.0,1.0,B01
201800055403,1.0,32,0,0.0,2.0,1.0,3.0,C01
201800055404,1.0,33,0,0.0,2.0,2.0,3.0,A01
201800055404,1.0,10,0,0.0,2.0,6.0,1.0,B01
201800055405,2.0,7,0,0.0,2.0,6.0,1.0,B01
201800055405,2.0,7,0,0.0,2.0,2.0,1.0,A01
201800055406,1.0,34,0,0.0,2.0,2.0,1.0,B01
201800055406,1.0,7,0,0.0,2.0,3.0,11.0,A01
201800055407,2.0,31,0,0.0,2.0,3.0,3.0,A01
201800055407,2.0,7,0,0.0,2.0,2.0,1.0,B01
201800055408,1.0,7,0,0.0,2.0,2.0,12.0,A01
201800055408,1.0,33,0,0.0,2.0,8.0,3.0,B01
201800055409,2.0,7,0,0.0,2.0,4.0,1.0,B01
201800055409,2.0,7,0,0.0,2.0,1.0,1.0,A01
201800055410,2.0,7,0,0.0,2.0,1.0,12.0,A01
201800055410,2.0,7,0,0.0,2.0,4.0,1.0,B01
201800055411,2.0,31,0,0.0,2.0,1.0,2.0,A01
201800055411,2.0,7,0,0.0,2.0,4.0,23.0,B01
201800055412,1.0,10,0,0.0,2.0,7.0,1.0,B01
201800055412,1.0,32,0,0.0,2.0,3.0,3.0,A01
201800055413,1.0,7,0,0.0,2.0,8.0,1.0,Z01
201800055413,1.0,33,0,0.0,2.0,8.0,21.0,A01
201800055414,2.0,7,0,0.0,2.0,8.0,9.0,A01
201800055414,2.0,14,0,0.0,2.0,7.0,1.0,Z01
201800055415,2.0,10,0,0.0,2.0,3.0,13.0,A01
201800055415,2.0,7,0,4.0,2.0,5.0,1.0,B01
201800055416,1.0,7,0,0.0,2.0,3.0,12.0,A01
201800055416,1.0,7,0,0.0,2.0,5.0,1.0,B01
201800055417,1.0,33,0,0.0,2.0,8.0,3.0,A01
201800055417,1.0,7,0,0.0,2.0,5.0,1.0,B01
201800055418,2.0,15,0,0.0,2.0,2.0,12.0,A01
201800055418,2.0,7,0,0.0,2.0,8.0,1.0,B01
201800055419,2.0,31,0,0.0,2.0,7.0,3.0,B01
201800055419,2.0,10,0,0.0,2.0,3.0,11.0,A01
201800055420,2.0,31,0,0.0,2.0,8.0,1.0,B01
201800055420,2.0,7,0,0.0,2.0,7.0,12.0,A01
201800055421,2.0,34,0,0.0,2.0,6.0,11.0,A01
201800055421,2.0,33,0,0.0,2.0,1.0,3.0,B01
201800055422,1.0,31,0,0.0,2.0,2.0,3.0,A01
201800055422,1.0,7,0,0.0,2.0,3.0,11.0,B01
201800055423,1.0,7,0,0.0,2.0,1.0,1.0,A01
201800055423,1.0,7,0,0.0,2.0,4.0,23.0,B01
201800055424,2.0,33,0,0.0,0.0,8.0,2.0,A01
201800055425,1.0,33,0,0.0,2.0,3.0,1.0,B01
201800055425,1.0,7,0,0.0,2.0,2.0,12.0,A01
201800055426,2.0,7,0,0.0,2.0,1.0,23.0,A01
201800055426,2.0,7,0,1.0,2.0,9.0,1.0,B01
201800055426,2.0,7,0,0.0,2.0,4.0,23.0,C01
201800055427,2.0,13,0,0.0,2.0,2.0,12.0,A01
201800055427,2.0,7,0,0.0,2.0,6.0,1.0,B01
201800055428,2.0,34,0,0.0,2.0,7.0,1.0,B01
201800055428,2.0,7,0,0.0,2.0,8.0,11.0,A01
201800055429,1.0,7,0,0.0,2.0,7.0,11.0,A01
201800055429,1.0,33,0,0.0,2.0,8.0,3.0,B01
201800055430,2.0,7,0,0.0,2.0,4.0,1.0,B01
201800055430,2.0,7,0,0.0,2.0,1.0,1.0,A01
201800055431,1.0,7,0,0.0,2.0,9.0,1.0,C01
201800055431,1.0,7,0,0.0,2.0,4.0,1.0,B01
201800055431,1.0,7,0,0.0,2.0,4.0,1.0,D01
201800055431,1.0,10,0,0.0,2.0,1.0,1.0,A01
201800055432,2.0,7,0,0.0,2.0,8.0,11.0,A01
201800055432,2.0,32,0,0.0,2.0,7.0,3.0,B01
201800055433,1.0,34,0,4.0,0.0,8.0,1.0,A01
201800055434,1.0,7,0,0.0,2.0,8.0,1.0,C01
201800055434,1.0,31,0,0.0,1.0,3.0,3.0,A01
201800055435,1.0,7,0,0.0,2.0,4.0,23.0,C01
201800055435,1.0,7,0,0.0,2.0,1.0,1.0,A01
201800055435,1.0,7,0,0.0,2.0,4.0,23.0,B01
201800055436,2.0,7,0,0.0,2.0,4.0,23.0,D01
201800055436,2.0,10,0,0.0,2.0,4.0,23.0,C01
201800055436,2.0,10,0,0.0,2.0,1.0,1.0,A01
201800055436,2.0,7,0,0.0,2.0,4.0,23.0,B01
201800055437,2.0,7,0,0.0,2.0,6.0,13.0,Z01
201800055437,2.0,7,0,0.0,2.0,2.0,1.0,A01
201800055438,1.0,33,0,0.0,2.0,1.0,1.0,A01
201800055438,1.0,7,0,0.0,2.0,4.0,1.0,B01
201800055439,1.0,31,0,0.0,0.0,8.0,1.0,A01
201800055440,1.0,32,0,0.0,2.0,8.0,3.0,B01
201800055440,1.0,7,0,0.0,2.0,0.0,22.0,A01
201800055441,1.0,7,0,0.0,2.0,4.0,2.0,B01
201800055441,1.0,7,0,0.0,2.0,1.0,2.0,D01
201800055441,1.0,7,0,0.0,2.0,1.0,2.0,A01
201800055441,1.0,7,0,0.0,2.0,4.0,2.0,C01
201800055442,2.0,7,0,0.0,2.0,8.0,11.0,A01
201800055442,2.0,31,0,0.0,2.0,7.0,3.0,B01
201800055443,1.0,7,0,0.0,2.0,3.0,9.0,C01
201800055443,1.0,7,0,0.0,2.0,1.0,2.0,A01
201800055443,1.0,7,0,0.0,2.0,4.0,2.0,B01
201800055444,2.0,7,0,0.0,2.0,1.0,2.0,A01
201800055444,2.0,7,0,0.0,2.0,4.0,2.0,B01
201800055444,2.0,7,0,0.0,2.0,4.0,9.0,C01
201800055445,1.0,33,0,0.0,2.0,8.0,1.0,B01
201800055445,1.0,7,0,0.0,2.0,7.0,11.0,A01
201800055446,1.0,10,0,4.0,0.0,3.0,13.0,A01
201800055447,2.0,7,0,0.0,2.0,7.0,1.0,C01
201800055447,2.0,7,0,0.0,2.0,6.0,1.0,B01
201800055447,2.0,13,0,0.0,2.0,2.0,12.0,A01
201800055448,2.0,7,0,0.0,2.0,4.0,23.0,B01
201800055448,2.0,7,0,0.0,2.0,1.0,2.0,A01
201800055449,2.0,7,0,0.0,2.0,1.0,2.0,C01
201800055449,2.0,7,0,0.0,2.0,4.0,2.0,B01
201800055449,2.0,7,0,0.0,2.0,1.0,2.0,A01
201800055450,1.0,33,0,14.0,0.0,7.0,12.0,A01
201800055451,1.0,7,0,0.0,2.0,1.0,1.0,A01
201800055451,1.0,7,0,0.0,2.0,4.0,23.0,B01
201800055452,1.0,10,0,0.0,2.0,8.0,1.0,C01
201800055452,1.0,33,0,0.0,2.0,1.0,11.0,A01
201800055452,1.0,10,0,0.0,2.0,6.0,11.0,B01
201800055453,1.0,32,0,0.0,2.0,8.0,3.0,B01
201800055453,1.0,7,0,0.0,2.0,7.0,12.0,A01
201800055454,1.0,33,0,12.0,0.0,7.0,21.0,A01
201800055455,1.0,7,0,0.0,2.0,7.0,23.0,D01
201800055455,1.0,7,0,0.0,2.0,8.0,22.0,B01
201800055455,2.0,7,0,0.0,2.0,1.0,2.0,A01
201800055455,1.0,31,0,0.0,2.0,1.0,3.0,C01
201800055456,2.0,10,0,4.0,2.0,3.0,13.0,A01
201800055456,2.0,7,0,0.0,2.0,1.0,1.0,B01
201800055456,2.0,7,0,0.0,2.0,1.0,1.0,C01
201800055457,2.0,7,0,0.0,2.0,0.0,1.0,Z01
201800055457,2.0,7,0,0.0,2.0,4.0,1.0,D01
201800055457,2.0,10,0,0.0,2.0,4.0,1.0,A01
201800055457,2.0,7,0,0.0,2.0,4.0,1.0,B01
201800055457,2.0,7,0,0.0,2.0,4.0,1.0,C01
201800055458,1.0,33,0,0.0,2.0,1.0,1.0,A01
201800055458,1.0,7,0,0.0,2.0,6.0,23.0,B01
201800055459,2.0,33,0,0.0,2.0,1.0,11.0,A01
201800055459,1.0,7,0,0.0,2.0,0.0,0.0,B01
201800055460,1.0,33,0,14.0,0.0,7.0,1.0,A01
201800055461,1.0,31,0,0.0,2.0,1.0,1.0,A01
201800055461,1.0,7,0,0.0,2.0,8.0,11.0,B01
201800055462,2.0,7,0,0.0,2.0,5.0,1.0,C01
201800055462,2.0,33,0,0.0,2.0,2.0,12.0,A01
201800055462,2.0,10,0,0.0,2.0,6.0,1.0,B01
201800055463,2.0,34,0,0.0,2.0,1.0,3.0,A01
201800055463,2.0,7,0,0.0,2.0,4.0,1.0,C01
201800055463,2.0,33,0,0.0,2.0,8.0,1.0,B01
201800055464,1.0,33,0,0.0,0.0,8.0,3.0,A01
201800055465,1.0,7,0,0.0,2.0,4.0,23.0,B01
201800055465,1.0,33,0,0.0,2.0,1.0,2.0,A01
201800055466,2.0,14,0,0.0,2.0,1.0,1.0,B01
201800055466,2.0,7,0,0.0,2.0,7.0,1.0,D01
201800055466,2.0,7,0,0.0,2.0,5.0,11.0,A01
201800055466,2.0,33,0,0.0,2.0,1.0,3.0,C01
201800055467,2.0,7,0,0.0,2.0,7.0,2.0,B01
201800055467,2.0,31,0,0.0,2.0,1.0,2.0,A01
201800055468,2.0,10,0,0.0,2.0,1.0,2.0,A01
201800055468,2.0,7,0,0.0,2.0,4.0,2.0,B01
201800055469,2.0,7,0,0.0,2.0,6.0,1.0,C01
201800055469,2.0,33,0,0.0,2.0,5.0,3.0,B01
201800055469,2.0,7,0,0.0,2.0,3.0,12.0,A01
201800055470,2.0,31,0,0.0,0.0,8.0,12.0,A01
201800055471,2.0,7,0,0.0,2.0,1.0,1.0,A01
201800055471,2.0,7,0,0.0,2.0,4.0,1.0,B01
201800055472,1.0,31,0,0.0,2.0,0.0,3.0,B01
201800055472,2.0,34,0,0.0,2.0,1.0,3.0,A01
201800055473,2.0,33,0,0.0,2.0,3.0,11.0,A01
201800055473,2.0,32,0,0.0,2.0,1.0,3.0,B01
201800055474,2.0,33,0,0.0,2.0,1.0,12.0,A01
201800055474,2.0,34,0,0.0,2.0,5.0,3.0,B01
201800055475,1.0,7,0,4.0,0.0,3.0,13.0,A01
201800055476,2.0,33,0,0.0,2.0,7.0,1.0,B01
201800055476,2.0,7,0,0.0,2.0,6.0,11.0,A01
201800055477,0.0,30,0,0.0,2.0,5.0,5.0,A01
201800055477,0.0,33,0,0.0,2.0,3.0,15.0,B01
201800055478,1.0,7,0,0.0,2.0,6.0,11.0,A01
201800055478,1.0,33,0,0.0,2.0,1.0,3.0,B01
201800055479,1.0,33,0,0.0,2.0,7.0,3.0,A01
201800055479,1.0,7,0,0.0,2.0,4.0,1.0,B01
201800055479,1.0,34,0,0.0,2.0,3.0,18.0,Z01
201800055480,1.0,7,0,0.0,2.0,8.0,11.0,A01
201800055480,1.0,33,0,0.0,2.0,7.0,3.0,B01
201800055481,1.0,7,0,0.0,2.0,3.0,22.0,A01
201800055481,1.0,33,0,0.0,2.0,7.0,3.0,B01
201800055482,2.0,7,0,0.0,2.0,7.0,12.0,A01
201800055482,2.0,33,0,0.0,2.0,8.0,3.0,B01
201800055483,1.0,10,0,0.0,2.0,1.0,2.0,A01
201800055483,1.0,10,0,0.0,2.0,4.0,2.0,B01
201800055484,1.0,31,0,0.0,0.0,0.0,3.0,A01
201800055485,2.0,10,0,0.0,2.0,5.0,2.0,B01
201800055485,1.0,33,0,0.0,2.0,3.0,2.0,A01
201800055486,1.0,10,0,0.0,2.0,6.0,11.0,Z01
201800055486,1.0,33,0,0.0,2.0,2.0,1.0,A01
201800055487,1.0,7,0,0.0,2.0,1.0,1.0,Z01
201800055487,1.0,33,0,0.0,2.0,1.0,1.0,A01
201800055487,1.0,7,0,0.0,2.0,4.0,1.0,B01
201800055488,1.0,33,0,0.0,2.0,1.0,3.0,A01
201800055488,1.0,7,0,0.0,2.0,5.0,1.0,B01
201800055489,1.0,10,0,0.0,2.0,1.0,2.0,A01
201800055489,1.0,7,0,0.0,2.0,4.0,2.0,C01
201800055489,1.0,7,0,0.0,2.0,4.0,2.0,B01
201800055490,1.0,34,0,0.0,2.0,3.0,3.0,B01
201800055490,1.0,7,0,0.0,2.0,5.0,12.0,A01
201800055491,1.0,7,0,0.0,2.0,4.0,2.0,B01
201800055491,1.0,7,0,0.0,2.0,1.0,2.0,A01
201800055492,1.0,34,0,0.0,2.0,1.0,3.0,B01
201800055492,1.0,34,0,0.0,2.0,4.0,12.0,A01
201800055492,1.0,7,0,0.0,2.0,8.0,2.0,C01
201800055492,1.0,7,0,0.0,2.0,6.0,2.0,D01
201800055493,1.0,10,0,0.0,2.0,4.0,23.0,C01
201800055493,1.0,7,0,0.0,2.0,1.0,1.0,A01
201800055493,1.0,10,0,0.0,2.0,4.0,23.0,B01
201800055494,1.0,7,0,0.0,2.0,4.0,1.0,B01
201800055494,1.0,31,0,0.0,2.0,1.0,1.0,A01
201800055495,1.0,17,0,0.0,2.0,2.0,1.0,A01
201800055495,1.0,7,0,0.0,2.0,6.0,9.0,B01
201800055496,2.0,10,0,0.0,2.0,5.0,1.0,B01
201800055496,2.0,33,0,0.0,2.0,1.0,1.0,A01
201800055497,2.0,7,0,0.0,2.0,4.0,23.0,C01
201800055497,2.0,7,0,0.0,2.0,4.0,23.0,B01
201800055497,2.0,7,0,0.0,2.0,1.0,1.0,A01
201800055498,1.0,7,0,0.0,2.0,4.0,1.0,B01
201800055498,1.0,34,0,0.0,2.0,3.0,1.0,C01
201800055498,1.0,34,0,0.0,2.0,1.0,1.0,A01
201800055499,2.0,7,0,0.0,2.0,1.0,1.0,A01
201800055499,2.0,7,0,0.0,2.0,4.0,1.0,C01
201800055499,2.0,7,0,0.0,2.0,4.0,1.0,B01
201800055500,2.0,7,0,0.0,2.0,7.0,1.0,C01
201800055500,2.0,7,0,0.0,2.0,6.0,1.0,B01
201800055500,2.0,32,0,0.0,2.0,2.0,3.0,A01
201800055501,2.0,10,0,0.0,2.0,2.0,1.0,C01
201800055501,2.0,14,0,0.0,2.0,2.0,11.0,A01
201800055501,2.0,7,0,0.0,2.0,6.0,1.0,B01
201800055502,2.0,33,0,0.0,0.0,7.0,1.0,A01
201800055503,1.0,7,0,0.0,2.0,7.0,12.0,A01
201800055503,1.0,31,0,0.0,2.0,8.0,13.0,B01
201800055504,2.0,31,0,0.0,2.0,8.0,2.0,A01
201800055504,2.0,30,0,0.0,2.0,8.0,17.0,Z01
201800055505,2.0,10,0,0.0,2.0,1.0,2.0,A01
201800055505,2.0,7,0,0.0,2.0,4.0,2.0,B01
201800055505,2.0,7,0,0.0,2.0,4.0,2.0,C01
201800055506,1.0,34,0,0.0,2.0,5.0,3.0,B01
201800055506,1.0,33,0,0.0,2.0,1.0,3.0,A01
201800055507,2.0,31,0,0.0,2.0,1.0,12.0,A01
201800055507,2.0,7,0,0.0,2.0,4.0,1.0,B01
201800055508,1.0,7,0,0.0,2.0,5.0,12.0,B01
201800055508,1.0,31,0,0.0,2.0,3.0,3.0,A01
201800055509,1.0,7,0,0.0,2.0,1.0,2.0,A01
201800055509,1.0,7,0,0.0,2.0,4.0,2.0,B01
201800055510,1.0,2,0,4.0,0.0,2.0,14.0,A01
201800055511,1.0,7,0,0.0,2.0,5.0,1.0,B01
201800055511,1.0,7,0,0.0,2.0,3.0,14.0,A01
201800055512,1.0,13,0,0.0,2.0,1.0,2.0,A01
201800055512,1.0,10,0,0.0,2.0,9.0,2.0,C01
201800055512,1.0,10,0,0.0,2.0,9.0,2.0,B01
201800055512,1.0,7,0,0.0,2.0,4.0,2.0,D01
201800055513,1.0,33,0,0.0,2.0,5.0,17.0,Z01
201800055513,1.0,34,0,0.0,2.0,3.0,3.0,A01
201800055514,1.0,7,0,0.0,2.0,1.0,2.0,A01
201800055514,1.0,7,0,0.0,2.0,5.0,2.0,B01
201800055515,1.0,34,0,0.0,2.0,1.0,2.0,A01
201800055515,1.0,2,0,0.0,2.0,4.0,2.0,B01
201800055516,2.0,7,0,0.0,2.0,4.0,1.0,C01
201800055516,2.0,10,0,0.0,2.0,4.0,1.0,B01
201800055516,2.0,10,0,0.0,2.0,1.0,2.0,D01
201800055516,2.0,10,0,0.0,2.0,1.0,13.0,A01
201800055517,1.0,7,0,0.0,2.0,7.0,12.0,A01
201800055517,1.0,31,0,0.0,2.0,7.0,3.0,B01
201800055518,2.0,33,0,0.0,2.0,8.0,3.0,B01
201800055518,2.0,7,0,0.0,2.0,2.0,12.0,A01
201800055519,2.0,32,0,0.0,2.0,1.0,3.0,A01
201800055519,2.0,7,0,0.0,2.0,8.0,1.0,C01
201800055519,2.0,7,0,0.0,2.0,4.0,1.0,B01
201800055520,2.0,7,0,0.0,2.0,4.0,23.0,C01
201800055520,2.0,7,0,0.0,2.0,1.0,1.0,A01
201800055520,2.0,7,0,0.0,2.0,4.0,23.0,B01
201800055521,1.0,7,0,0.0,2.0,2.0,12.0,A01
201800055521,1.0,31,0,0.0,2.0,3.0,1.0,B01
201800055522,1.0,32,0,0.0,2.0,7.0,3.0,B01
201800055522,1.0,10,0,0.0,2.0,3.0,21.0,A01
201800055523,2.0,7,0,0.0,2.0,6.0,2.0,C01
201800055523,2.0,31,0,0.0,2.0,1.0,3.0,A01
201800055523,2.0,10,0,0.0,2.0,6.0,2.0,B01
201800055524,2.0,32,0,0.0,2.0,8.0,13.0,A01
201800055524,2.0,10,0,0.0,2.0,7.0,1.0,B01
201800055525,2.0,7,0,0.0,2.0,4.0,23.0,C01
201800055525,2.0,7,0,0.0,2.0,2.0,2.0,A01
201800055525,2.0,7,0,0.0,2.0,7.0,1.0,D01
201800055525,2.0,7,0,0.0,2.0,6.0,23.0,B01
201800055526,2.0,33,0,0.0,2.0,4.0,3.0,B01
201800055526,2.0,32,0,0.0,2.0,1.0,3.0,A01
201800055527,2.0,10,0,0.0,2.0,8.0,2.0,C01
201800055527,2.0,7,0,0.0,2.0,6.0,2.0,B01
201800055527,2.0,33,0,0.0,2.0,1.0,3.0,A01
201800055528,1.0,10,0,0.0,2.0,6.0,23.0,B01
201800055528,1.0,33,0,0.0,2.0,2.0,2.0,A01
201800055529,1.0,33,0,0.0,2.0,8.0,21.0,C01
201800055529,1.0,17,0,0.0,2.0,0.0,2.0,A01
201800055529,1.0,7,0,0.0,2.0,2.0,1.0,D01
201800055529,1.0,7,0,0.0,2.0,0.0,21.0,B01
201800055530,2.0,7,0,0.0,2.0,4.0,2.0,B01
201800055530,2.0,7,0,0.0,2.0,4.0,2.0,C01
201800055530,2.0,7,0,0.0,2.0,1.0,2.0,A01
201800055531,1.0,33,0,0.0,2.0,7.0,3.0,B01
201800055531,1.0,10,0,0.0,2.0,8.0,11.0,A01
201800055532,2.0,7,0,0.0,2.0,6.0,1.0,A01
201800055532,2.0,7,0,0.0,2.0,2.0,14.0,Z01
201800055533,1.0,7,0,0.0,2.0,2.0,12.0,A01
201800055533,1.0,32,0,0.0,2.0,8.0,1.0,B01
201800055534,1.0,32,0,0.0,2.0,3.0,12.0,A01
201800055534,1.0,7,0,0.0,2.0,7.0,1.0,B01
201800055535,1.0,7,0,0.0,2.0,2.0,12.0,A01
201800055535,1.0,7,0,0.0,2.0,4.0,1.0,C01
201800055535,1.0,34,0,0.0,2.0,3.0,3.0,B01
201800055536,1.0,33,0,0.0,0.0,8.0,2.0,A01
201800055537,1.0,7,0,0.0,2.0,2.0,12.0,A01
201800055537,1.0,7,0,0.0,2.0,6.0,2.0,B01
201800055538,2.0,34,0,0.0,1.0,1.0,1.0,A01
201800055539,0.0,7,0,3.0,0.0,1.0,1.0,A01
201800055540,2.0,7,0,0.0,2.0,5.0,23.0,B01
201800055540,2.0,10,0,0.0,2.0,3.0,1.0,A01
201800055541,1.0,34,0,0.0,2.0,1.0,3.0,B01
201800055541,1.0,7,0,0.0,2.0,2.0,12.0,A01
201800055542,1.0,7,0,0.0,2.0,5.0,12.0,B01
201800055542,1.0,33,0,0.0,2.0,1.0,3.0,A01
201800055543,2.0,10,0,0.0,0.0,0.0,1.0,B01
201800055543,2.0,31,0,0.0,0.0,8.0,3.0,A01
201800055544,2.0,7,0,0.0,2.0,4.0,2.0,B01
201800055544,2.0,7,0,0.0,2.0,4.0,2.0,C01
201800055544,2.0,7,0,0.0,2.0,1.0,2.0,A01
201800055545,1.0,33,0,0.0,2.0,3.0,3.0,A01
201800055545,1.0,7,0,0.0,2.0,2.0,1.0,B01
201800055546,1.0,33,0,0.0,2.0,1.0,3.0,B01
201800055546,1.0,33,0,0.0,2.0,4.0,11.0,A01
201800055547,1.0,7,0,0.0,2.0,8.0,11.0,Z01
201800055547,1.0,31,0,0.0,2.0,7.0,3.0,A01