Num_Acc,senc,catv,occutc,obs,obsm,choc,manv,num_veh
201800055748,2.0,15,0,0.0,2.0,2.0,12.0,A01
201800055749,1.0,10,0,0.0,2.0,7.0,22.0,A01
201800055749,1.0,33,0,0.0,2.0,1.0,3.0,B01
201800055750,2.0,10,0,14.0,0.0,2.0,14.0,A01
201800055751,1.0,7,0,0.0,2.0,5.0,2.0,B01
201800055751,1.0,32,0,0.0,2.0,3.0,2.0,A01
201800055752,1.0,7,0,0.0,2.0,6.0,2.0,B01
201800055752,1.0,31,0,0.0,2.0,1.0,2.0,A01
201800055753,1.0,10,0,0.0,2.0,1.0,1.0,B01
201800055753,1.0,10,0,0.0,2.0,0.0,1.0,A01
201800055753,1.0,34,0,0.0,2.0,4.0,16.0,C01
201800055754,1.0,7,0,0.0,2.0,0.0,11.0,A01
201800055754,1.0,31,0,0.0,2.0,8.0,3.0,B01
201800055755,2.0,32,0,0.0,2.0,8.0,3.0,B01
201800055755,2.0,7,0,0.0,2.0,2.0,12.0,A01
201800055756,1.0,7,0,0.0,2.0,5.0,1.0,C01
201800055756,1.0,7,0,0.0,2.0,3.0,11.0,A01
201800055756,1.0,33,0,0.0,2.0,7.0,3.0,B01
201800055757,1.0,33,0,0.0,0.0,7.0,3.0,A01
201800055758,2.0,7,0,0.0,2.0,3.0,12.0,A01
201800055758,2.0,34,0,0.0,2.0,7.0,1.0,B01
201800055759,2.0,7,0,0.0,2.0,1.0,2.0,A01
201800055759,2.0,7,0,0.0,2.0,4.0,2.0,B01
201800055759,2.0,7,0,0.0,2.0,4.0,2.0,C01
201800055759,2.0,7,0,0.0,2.0,4.0,2.0,D01
201800055760,1.0,7,0,0.0,2.0,4.0,2.0,B01
201800055760,1.0,7,0,0.0,2.0,1.0,2.0,A01
201800055761,1.0,34,0,0.0,0.0,8.0,1.0,A01
201800055762,1.0,32,0,0.0,2.0,7.0,1.0,A01
201800055763,2.0,7,0,0.0,2.0,4.0,2.0,B01
201800055763,2.0,7,0,0.0,2.0,1.0,2.0,A01
201800055763,2.0,7,0,0.0,2.0,1.0,2.0,C01
201800055764,1.0,7,0,0.0,2.0,2.0,2.0,A01
201800055764,1.0,7,0,0.0,2.0,6.0,2.0,B01
201800055765,1.0,2,0,0.0,2.0,3.0,11.0,A01
201800055765,1.0,7,0,0.0,2.0,7.0,1.0,B01
201800055766,2.0,7,0,0.0,2.0,4.0,23.0,B01
201800055766,2.0,33,0,0.0,2.0,1.0,2.0,A01
201800055767,0.0,7,0,0.0,2.0,3.0,1.0,B01
201800055767,0.0,7,0,0.0,2.0,3.0,1.0,A01
201800055768,1.0,7,0,0.0,2.0,2.0,13.0,A01
201800055768,2.0,7,0,0.0,2.0,3.0,19.0,B01
201800055769,0.0,7,0,13.0,0.0,1.0,15.0,A01
201800055770,0.0,7,0,14.0,0.0,3.0,1.0,A01
201800055771,0.0,2,0,1.0,0.0,1.0,1.0,A01
201800055772,1.0,2,0,0.0,2.0,1.0,2.0,A01
201800055772,2.0,7,0,0.0,2.0,2.0,19.0,B01
201800055773,2.0,34,0,0.0,2.0,1.0,1.0,A01
201800055773,2.0,7,0,0.0,2.0,3.0,15.0,B01
201800055774,0.0,7,0,0.0,2.0,3.0,1.0,A01
201800055774,0.0,1,0,0.0,2.0,0.0,15.0,B01
201800055775,1.0,2,0,0.0,2.0,1.0,1.0,B01
201800055775,2.0,7,0,0.0,2.0,2.0,15.0,A01
201800055776,1.0,7,0,0.0,1.0,3.0,1.0,A01
201800055777,0.0,10,0,0.0,1.0,2.0,1.0,A01
201800055778,1.0,33,0,0.0,2.0,1.0,1.0,B01
201800055778,2.0,7,0,0.0,2.0,7.0,15.0,A01
201800055779,2.0,33,0,14.0,0.0,1.0,0.0,A01
201800055780,2.0,7,0,0.0,2.0,8.0,1.0,A01
201800055780,1.0,34,0,0.0,2.0,8.0,1.0,B01
201800055781,0.0,7,0,0.0,9.0,5.0,2.0,A01
201800055781,0.0,1,0,0.0,2.0,8.0,14.0,B01
201800055782,1.0,7,0,0.0,2.0,1.0,1.0,A01
201800055782,2.0,7,0,0.0,2.0,1.0,1.0,B01
201800055783,1.0,7,0,0.0,1.0,2.0,1.0,A01
201800055784,0.0,7,0,0.0,2.0,3.0,1.0,B01
201800055784,0.0,33,0,0.0,2.0,1.0,13.0,A01
201800055785,2.0,33,0,0.0,2.0,1.0,1.0,A01
201800055785,1.0,7,0,0.0,2.0,6.0,9.0,B01
201800055786,1.0,16,0,0.0,2.0,3.0,1.0,B01
201800055786,2.0,33,0,0.0,2.0,1.0,13.0,A01
201800055787,2.0,7,0,15.0,0.0,1.0,1.0,A01
201800055788,0.0,7,0,0.0,2.0,5.0,15.0,A01
201800055788,0.0,2,0,0.0,2.0,1.0,1.0,B01
201800055789,2.0,7,0,0.0,2.0,5.0,15.0,A01
201800055789,2.0,34,0,8.0,2.0,1.0,1.0,B01
201800055790,2.0,7,0,0.0,2.0,1.0,1.0,B01
201800055790,1.0,7,0,0.0,2.0,1.0,13.0,A01
201800055791,1.0,7,0,0.0,2.0,3.0,14.0,B01
201800055791,2.0,7,0,0.0,2.0,1.0,17.0,A01
201800055792,0.0,7,0,2.0,0.0,1.0,0.0,A01
201800055793,2.0,33,0,3.0,0.0,8.0,1.0,A01
201800055794,0.0,32,0,0.0,2.0,1.0,13.0,A01
201800055794,0.0,7,0,0.0,2.0,1.0,1.0,B01
201800055795,1.0,7,0,0.0,2.0,7.0,1.0,A01
201800055795,0.0,32,0,0.0,2.0,1.0,9.0,B01
201800055796,2.0,34,0,0.0,2.0,9.0,17.0,B01
201800055796,1.0,10,0,0.0,2.0,3.0,18.0,A01
201800055797,2.0,7,0,6.0,0.0,8.0,1.0,A01
201800055798,0.0,7,0,0.0,1.0,7.0,1.0,A01
201800055799,0.0,2,0,2.0,0.0,0.0,1.0,A01
201800055800,0.0,7,0,12.0,1.0,1.0,2.0,A01
201800055801,1.0,10,0,0.0,2.0,7.0,15.0,A01
201800055801,1.0,2,0,0.0,2.0,3.0,1.0,B01
201800055802,2.0,7,0,0.0,2.0,3.0,1.0,B01
201800055802,1.0,7,0,0.0,2.0,3.0,1.0,A01
201800055803,0.0,34,0,8.0,1.0,0.0,5.0,A01
201800055804,0.0,33,0,0.0,2.0,2.0,13.0,A01
201800055804,2.0,7,0,0.0,2.0,1.0,1.0,B01
201800055805,2.0,33,0,10.0,0.0,0.0,0.0,A01
201800055806,2.0,7,0,13.0,0.0,7.0,14.0,A01
201800055807,2.0,7,0,13.0,0.0,1.0,1.0,A01
201800055808,1.0,7,0,0.0,1.0,2.0,1.0,A01
201800055809,1.0,1,0,3.0,0.0,2.0,14.0,A01
201800055810,0.0,10,0,0.0,0.0,8.0,0.0,A01
201800055811,2.0,34,0,0.0,2.0,2.0,17.0,A01
201800055811,2.0,7,0,0.0,2.0,3.0,15.0,B01
201800055812,1.0,7,0,12.0,9.0,3.0,13.0,A01
201800055813,0.0,7,0,15.0,2.0,7.0,15.0,A01
201800055813,0.0,7,0,0.0,2.0,1.0,1.0,B01
201800055814,1.0,7,0,0.0,2.0,2.0,13.0,A01
201800055814,2.0,7,0,0.0,2.0,1.0,1.0,B01
201800055815,1.0,7,0,0.0,2.0,2.0,13.0,A01
201800055815,2.0,7,0,0.0,2.0,1.0,1.0,B01
201800055816,2.0,7,0,0.0,2.0,7.0,5.0,A01
201800055816,1.0,7,0,0.0,2.0,1.0,1.0,B01
201800055817,2.0,1,0,0.0,0.0,4.0,1.0,B01
201800055817,2.0,7,0,0.0,9.0,2.0,14.0,A01
201800055818,1.0,7,0,0.0,1.0,1.0,1.0,A01
201800055819,2.0,7,0,0.0,2.0,3.0,0.0,A01
201800055819,1.0,1,0,0.0,2.0,8.0,0.0,B01
201800055820,2.0,7,0,0.0,0.0,5.0,15.0,A01
201800055820,1.0,33,0,0.0,2.0,1.0,1.0,B01
201800055821,1.0,7,0,0.0,2.0,7.0,13.0,A01
201800055821,2.0,7,0,0.0,2.0,1.0,1.0,B01
201800055822,2.0,7,0,0.0,2.0,1.0,17.0,A01
201800055822,1.0,10,0,0.0,2.0,3.0,0.0,B01
201800055822,2.0,7,0,0.0,2.0,1.0,1.0,C01
201800055823,2.0,10,0,0.0,0.0,6.0,15.0,A01
201800055823,2.0,10,0,0.0,0.0,3.0,1.0,B01
201800055824,0.0,7,0,0.0,1.0,0.0,0.0,A01
201800055825,1.0,7,0,0.0,1.0,2.0,0.0,A01
201800055826,0.0,7,0,0.0,1.0,2.0,2.0,A01
201800055827,1.0,7,0,0.0,2.0,3.0,1.0,B01
201800055827,2.0,10,0,0.0,2.0,3.0,13.0,A01
201800055828,2.0,7,0,0.0,2.0,3.0,1.0,A01
201800055828,1.0,14,0,0.0,2.0,3.0,1.0,B01
201800055829,0.0,10,0,0.0,1.0,3.0,16.0,A01
201800055830,1.0,33,0,0.0,2.0,1.0,5.0,A01
201800055830,0.0,7,0,0.0,2.0,3.0,1.0,B01
201800055831,2.0,14,0,0.0,2.0,3.0,1.0,B01
201800055831,1.0,7,0,0.0,2.0,3.0,1.0,C01
201800055831,1.0,7,0,0.0,2.0,3.0,13.0,A01
201800055832,0.0,7,0,0.0,9.0,2.0,1.0,B01
201800055832,0.0,1,0,0.0,2.0,3.0,15.0,A01
201800055833,2.0,7,0,0.0,2.0,2.0,13.0,A01
201800055833,1.0,10,0,0.0,2.0,3.0,1.0,B01
201800055834,1.0,7,0,13.0,0.0,3.0,2.0,A01
201800055835,0.0,34,0,4.0,0.0,3.0,13.0,A01
201800055836,0.0,34,0,14.0,0.0,0.0,1.0,A01
201800055837,0.0,2,0,0.0,0.0,0.0,1.0,A01
201800055838,1.0,21,0,0.0,2.0,3.0,1.0,A01
201800055838,1.0,10,0,0.0,2.0,3.0,1.0,B01
201800055839,2.0,32,0,6.0,0.0,3.0,16.0,A01
201800055840,0.0,2,0,0.0,0.0,7.0,1.0,A01
201800055841,0.0,2,0,0.0,0.0,7.0,1.0,A01
201800055842,1.0,30,0,12.0,0.0,7.0,2.0,A01
201800055843,1.0,10,0,0.0,2.0,5.0,15.0,A01
201800055843,2.0,34,0,0.0,2.0,1.0,1.0,B01
201800055844,0.0,7,0,1.0,1.0,2.0,20.0,A01
201800055845,0.0,33,0,12.0,0.0,1.0,1.0,A01
201800055846,0.0,7,0,0.0,0.0,3.0,9.0,A01
201800055846,0.0,30,0,0.0,2.0,2.0,1.0,B01
201800055847,0.0,7,0,15.0,0.0,2.0,1.0,A01
201800055848,2.0,33,0,0.0,2.0,1.0,17.0,A01
201800055848,2.0,7,0,0.0,2.0,6.0,15.0,B01
201800055849,2.0,7,0,0.0,2.0,9.0,0.0,A01
201800055849,1.0,7,0,0.0,2.0,1.0,1.0,C01
201800055849,2.0,7,0,0.0,2.0,9.0,1.0,B01
201800055850,1.0,7,0,0.0,2.0,2.0,15.0,A01
201800055850,2.0,2,0,0.0,2.0,1.0,17.0,B01
201800055851,1.0,7,0,0.0,0.0,6.0,9.0,A01
201800055851,1.0,2,0,0.0,2.0,1.0,1.0,B01
201800055852,0.0,33,0,0.0,2.0,1.0,1.0,B01
201800055852,0.0,7,0,0.0,0.0,7.0,19.0,A01
201800055853,0.0,10,0,0.0,2.0,1.0,0.0,B01
201800055853,0.0,7,0,8.0,2.0,8.0,1.0,A01
201800055854,2.0,7,0,0.0,1.0,1.0,2.0,A01
201800055855,1.0,33,0,1.0,2.0,3.0,0.0,A01
201800055855,1.0,7,0,0.0,2.0,2.0,12.0,B01
201800055856,0.0,10,0,0.0,1.0,2.0,1.0,A01
201800055857,0.0,7,0,0.0,0.0,3.0,5.0,B01
201800055857,0.0,7,0,0.0,2.0,2.0,5.0,A01
201800055858,0.0,7,0,0.0,1.0,4.0,0.0,A01
201800055858,0.0,7,0,0.0,2.0,1.0,2.0,B01
201800055859,0.0,7,0,0.0,1.0,3.0,1.0,A01
201800055860,0.0,33,0,0.0,0.0,0.0,1.0,A01
201800055861,0.0,32,0,0.0,2.0,1.0,13.0,B01
201800055861,0.0,7,0,0.0,2.0,1.0,1.0,A01
201800055862,0.0,30,0,0.0,2.0,1.0,1.0,B01
201800055862,1.0,7,0,0.0,2.0,3.0,13.0,A01
201800055863,0.0,7,0,2.0,0.0,1.0,1.0,A01
201800055864,2.0,32,0,0.0,0.0,7.0,1.0,A01
201800055865,1.0,7,0,0.0,0.0,2.0,15.0,A01
201800055865,2.0,7,0,0.0,0.0,2.0,1.0,B01
201800055866,1.0,7,0,0.0,2.0,3.0,0.0,B01
201800055866,2.0,7,0,0.0,2.0,1.0,0.0,A01
201800055867,0.0,7,0,0.0,2.0,1.0,13.0,A01
201800055867,0.0,17,0,0.0,2.0,1.0,1.0,B01
201800055868,1.0,7,0,0.0,2.0,7.0,1.0,A01
201800055868,2.0,33,0,0.0,2.0,1.0,17.0,B01
201800055869,0.0,7,0,0.0,1.0,1.0,1.0,A01
201800055870,1.0,33,0,0.0,2.0,1.0,2.0,A01
201800055870,2.0,7,0,0.0,9.0,1.0,5.0,C01
201800055870,1.0,7,0,0.0,0.0,4.0,2.0,B01
201800055871,0.0,7,0,0.0,2.0,3.0,1.0,A01
201800055871,0.0,7,0,0.0,2.0,3.0,1.0,B01
201800055872,2.0,7,0,0.0,2.0,1.0,13.0,A01
201800055872,1.0,7,0,0.0,2.0,1.0,1.0,B01
201800055873,2.0,32,0,0.0,0.0,7.0,1.0,A01
201800055874,1.0,32,0,0.0,0.0,0.0,14.0,A01
201800055875,1.0,2,0,1.0,0.0,1.0,0.0,A01
201800055875,1.0,7,0,0.0,2.0,6.0,24.0,B01
201800055876,1.0,7,0,0.0,0.0,0.0,1.0,A01
201800055877,1.0,33,0,15.0,0.0,1.0,14.0,A01
201800055878,1.0,7,0,0.0,2.0,3.0,1.0,A01
201800055878,2.0,2,0,0.0,2.0,1.0,17.0,C01
201800055878,2.0,33,0,0.0,2.0,1.0,17.0,B01
201800055879,2.0,2,0,0.0,0.0,0.0,1.0,A01
201800055880,0.0,3,0,0.0,2.0,2.0,10.0,A01
201800055880,0.0,7,0,0.0,2.0,1.0,1.0,B01
201800055881,0.0,7,0,0.0,2.0,1.0,13.0,A01
201800055881,0.0,32,0,0.0,2.0,1.0,14.0,B01
201800055882,0.0,2,0,0.0,0.0,0.0,1.0,A01
201800055883,2.0,7,0,0.0,2.0,1.0,13.0,A01
201800055883,1.0,7,0,0.0,2.0,3.0,21.0,B01
201800055883,1.0,10,0,0.0,2.0,1.0,1.0,C01
201800055884,1.0,34,0,2.0,0.0,9.0,1.0,A01
201800055885,0.0,2,0,0.0,2.0,8.0,1.0,A01
201800055885,0.0,20,0,0.0,2.0,6.0,1.0,B01
201800055886,1.0,2,0,15.0,0.0,0.0,0.0,A01
201800055887,2.0,2,0,14.0,0.0,1.0,0.0,A01
201800055888,1.0,2,0,1.0,0.0,7.0,0.0,A01
201800055889,0.0,7,0,0.0,2.0,3.0,1.0,A01
201800055889,0.0,2,0,0.0,2.0,1.0,1.0,B01
201800055890,1.0,7,0,0.0,1.0,1.0,19.0,A01
201800055891,0.0,7,0,0.0,2.0,3.0,15.0,A01
201800055891,0.0,7,0,0.0,2.0,2.0,1.0,B01
201800055892,0.0,7,0,0.0,1.0,1.0,1.0,A01
201800055893,1.0,7,0,0.0,2.0,1.0,5.0,B01
201800055893,2.0,7,0,0.0,2.0,1.0,1.0,A01
201800055894,0.0,2,0,0.0,2.0,4.0,23.0,B01
201800055894,0.0,7,0,0.0,2.0,1.0,2.0,A01
201800055895,0.0,2,0,0.0,2.0,6.0,0.0,A01
201800055896,0.0,7,0,0.0,2.0,1.0,1.0,C01
201800055896,0.0,7,0,0.0,2.0,8.0,0.0,B01
201800055896,0.0,7,0,0.0,2.0,3.0,17.0,A01
201800055897,0.0,2,0,0.0,2.0,1.0,9.0,A01
201800055897,0.0,7,0,0.0,2.0,3.0,1.0,B01
201800055898,2.0,7,0,8.0,0.0,6.0,0.0,A01
201800055899,0.0,34,0,0.0,2.0,1.0,17.0,A01
201800055899,0.0,7,0,0.0,2.0,1.0,1.0,B01
201800055900,1.0,34,0,0.0,2.0,1.0,1.0,A01
201800055900,2.0,7,0,0.0,2.0,3.0,1.0,B01
201800055901,2.0,7,0,0.0,2.0,1.0,13.0,A01
201800055901,1.0,7,0,0.0,2.0,1.0,21.0,B01
201800055902,2.0,7,0,0.0,2.0,7.0,1.0,A01
201800055902,1.0,10,0,0.0,2.0,1.0,1.0,B01
201800055903,2.0,1,0,0.0,2.0,8.0,19.0,A01
201800055903,2.0,7,0,0.0,2.0,1.0,1.0,B01
201800055904,1.0,7,0,0.0,0.0,1.0,13.0,A01
201800055904,2.0,7,0,0.0,2.0,1.0,21.0,B01
201800055905,0.0,7,0,0.0,1.0,2.0,1.0,A01
201800055906,0.0,33,0,1.0,2.0,1.0,17.0,A01
201800055906,0.0,7,0,0.0,0.0,6.0,23.0,B01
201800055907,0.0,33,0,0.0,0.0,2.0,1.0,A01
201800055908,0.0,14,0,6.0,0.0,0.0,1.0,A01
201800055909,0.0,7,0,0.0,2.0,2.0,1.0,A01
201800055909,2.0,2,0,0.0,2.0,1.0,2.0,B01
201800055910,2.0,30,0,13.0,2.0,2.0,17.0,B01
201800055910,2.0,7,0,0.0,0.0,3.0,15.0,A01
201800055911,0.0,7,0,0.0,1.0,4.0,4.0,A01
201800055912,1.0,7,0,0.0,1.0,7.0,1.0,A01
201800055913,2.0,7,0,0.0,1.0,2.0,1.0,A01
201800055914,1.0,7,0,0.0,2.0,3.0,1.0,B01
201800055914,2.0,7,0,0.0,2.0,1.0,1.0,A01
201800055915,1.0,7,0,0.0,2.0,3.0,1.0,A01
201800055915,1.0,7,0,0.0,2.0,1.0,1.0,B01
201800055916,2.0,7,0,13.0,0.0,3.0,0.0,A01
201800055917,2.0,7,0,0.0,2.0,1.0,1.0,A01
201800055917,1.0,7,0,0.0,2.0,2.0,19.0,B01
201800055918,0.0,7,0,0.0,2.0,8.0,1.0,A01
201800055918,0.0,2,0,0.0,2.0,3.0,13.0,B01
201800055919,1.0,7,0,0.0,2.0,1.0,15.0,A01
201800055919,2.0,2,0,0.0,2.0,1.0,1.0,B01
201800055920,2.0,33,0,0.0,2.0,3.0,1.0,A01
201800055920,1.0,7,0,0.0,2.0,1.0,1.0,B01
201800055921,1.0,33,0,0.0,2.0,3.0,1.0,A01
201800055921,2.0,7,0,0.0,0.0,3.0,15.0,B01
201800055922,2.0,7,0,6.0,0.0,2.0,1.0,A01
201800055923,0.0,7,0,0.0,2.0,3.0,13.0,A01
201800055923,0.0,7,0,0.0,2.0,3.0,1.0,B01
201800055924,0.0,3,0,0.0,2.0,3.0,16.0,A01
201800055924,0.0,21,0,0.0,2.0,3.0,1.0,B01
201800055925,0.0,7,0,0.0,2.0,7.0,1.0,B01
201800055925,0.0,7,0,0.0,2.0,3.0,19.0,A01
201800055926,1.0,31,0,0.0,2.0,1.0,15.0,B01
201800055926,1.0,31,0,0.0,2.0,1.0,15.0,C01
201800055926,2.0,7,0,0.0,2.0,2.0,15.0,A01
201800055927,0.0,7,0,0.0,1.0,2.0,1.0,A01
201800055928,1.0,7,0,0.0,2.0,2.0,15.0,A01
201800055928,2.0,33,0,0.0,2.0,1.0,1.0,B01
201800055929,0.0,7,0,0.0,2.0,2.0,13.0,A01
201800055929,0.0,7,0,0.0,0.0,3.0,1.0,B01
201800055930,1.0,7,0,0.0,2.0,1.0,5.0,A01
201800055930,1.0,1,0,0.0,2.0,8.0,1.0,B01
201800055930,1.0,1,0,0.0,2.0,8.0,1.0,C01
201800055931,0.0,1,0,0.0,2.0,4.0,1.0,B01
201800055931,0.0,7,0,0.0,9.0,1.0,17.0,A01
201800055932,2.0,10,0,0.0,2.0,3.0,15.0,A01
201800055932,1.0,10,0,0.0,2.0,3.0,21.0,B01
201800055932,1.0,10,0,0.0,2.0,3.0,1.0,C01
201800055933,0.0,7,0,0.0,9.0,2.0,13.0,A01
201800055933,0.0,1,0,0.0,2.0,3.0,0.0,B01
201800055934,0.0,7,0,0.0,9.0,2.0,0.0,B01
201800055934,2.0,1,0,0.0,2.0,1.0,0.0,A01
201800055935,0.0,7,0,0.0,1.0,2.0,1.0,A01
201800055936,0.0,7,0,0.0,1.0,7.0,0.0,A01
201800055937,0.0,7,0,6.0,0.0,1.0,1.0,A01
201800055938,1.0,2,0,2.0,0.0,1.0,1.0,A01
201800055939,0.0,7,0,0.0,1.0,2.0,1.0,A01
201800055940,0.0,37,1,0.0,0.0,6.0,23.0,B01
201800055940,0.0,7,0,0.0,2.0,1.0,1.0,A01
201800055941,2.0,7,0,0.0,9.0,2.0,1.0,A01
201800055941,1.0,1,0,0.0,2.0,1.0,13.0,B01
201800055942,1.0,7,0,0.0,2.0,1.0,15.0,A01
201800055942,2.0,33,0,1.0,2.0,1.0,1.0,B01
201800055943,0.0,7,0,0.0,0.0,0.0,5.0,C01
201800055943,0.0,10,0,0.0,2.0,1.0,21.0,A01
201800055943,0.0,7,0,0.0,2.0,1.0,1.0,B01
201800055944,0.0,32,0,0.0,2.0,1.0,17.0,A01
201800055944,0.0,7,0,0.0,0.0,3.0,15.0,B01
201800055945,0.0,7,0,0.0,1.0,2.0,1.0,A01
201800055946,0.0,34,0,0.0,2.0,1.0,17.0,B01
201800055946,0.0,7,0,0.0,2.0,3.0,10.0,A01
201800055947,0.0,33,0,0.0,2.0,1.0,13.0,B01
201800055947,0.0,7,0,0.0,2.0,3.0,1.0,A01
201800055948,0.0,2,0,0.0,2.0,1.0,1.0,A01
201800055948,0.0,7,0,0.0,0.0,3.0,15.0,B01
201800055949,0.0,7,0,0.0,2.0,1.0,1.0,B01
201800055949,0.0,7,0,0.0,2.0,8.0,15.0,A01
201800055950,0.0,7,0,0.0,2.0,3.0,5.0,A01
201800055950,0.0,2,0,0.0,0.0,3.0,1.0,B01
201800055951,0.0,7,0,0.0,1.0,1.0,0.0,A01
201800055952,0.0,7,0,0.0,2.0,3.0,13.0,B01
201800055952,0.0,7,0,0.0,2.0,3.0,1.0,A01
201800055953,0.0,7,0,0.0,2.0,1.0,13.0,A01
201800055953,0.0,7,0,0.0,2.0,3.0,1.0,B01
201800055954,2.0,7,0,0.0,1.0,2.0,1.0,A01
201800055955,0.0,7,0,0.0,2.0,3.0,1.0,A01
201800055955,0.0,7,0,0.0,2.0,3.0,17.0,B01
201800055956,2.0,7,0,0.0,2.0,3.0,15.0,A01
201800055956,2.0,2,0,0.0,2.0,1.0,17.0,B01
201800055957,0.0,7,0,0.0,2.0,8.0,10.0,A01
201800055957,0.0,7,0,0.0,2.0,1.0,1.0,B01
201800055958,0.0,7,0,0.0,2.0,3.0,1.0,A01
201800055958,0.0,7,0,0.0,2.0,1.0,13.0,B01
201800055959,1.0,2,0,0.0,2.0,2.0,1.0,B01
201800055959,2.0,7,0,0.0,2.0,7.0,15.0,A01
201800055960,1.0,31,0,0.0,2.0,1.0,13.0,A01
201800055960,2.0,7,0,0.0,2.0,2.0,21.0,B01
201800055961,2.0,7,0,2.0,0.0,8.0,1.0,A01
201800055962,2.0,2,0,0.0,2.0,1.0,2.0,A01
201800055962,2.0,7,0,0.0,2.0,8.0,11.0,B01
201800055963,1.0,7,0,0.0,0.0,4.0,1.0,B01
201800055963,1.0,7,0,0.0,2.0,3.0,1.0,A01
201800055964,1.0,2,0,0.0,2.0,1.0,17.0,A01
201800055964,2.0,7,0,0.0,2.0,3.0,15.0,B01
201800055965,0.0,7,0,0.0,2.0,3.0,1.0,A01
201800055965,0.0,7,0,0.0,2.0,6.0,1.0,B01
201800055966,2.0,2,0,0.0,2.0,1.0,0.0,A01
201800055966,2.0,7,0,0.0,2.0,3.0,9.0,B01
201800055967,0.0,7,0,0.0,2.0,7.0,1.0,A01
201800055967,0.0,7,0,0.0,2.0,3.0,9.0,B01
201800055968,1.0,7,0,0.0,2.0,6.0,15.0,A01
201800055968,1.0,33,0,0.0,2.0,1.0,1.0,B01
201800055969,2.0,7,0,0.0,2.0,1.0,15.0,A01
201800055969,1.0,32,0,0.0,2.0,1.0,1.0,B01
201800055970,2.0,7,0,6.0,0.0,1.0,14.0,A01
201800055971,1.0,33,0,0.0,2.0,1.0,0.0,A01
201800055971,2.0,7,0,0.0,2.0,3.0,0.0,B01
201800055972,2.0,2,0,0.0,2.0,4.0,2.0,B01
201800055972,2.0,7,0,0.0,9.0,0.0,2.0,A01
201800055973,1.0,33,0,0.0,0.0,1.0,1.0,B01
201800055973,0.0,32,0,0.0,2.0,8.0,9.0,A01
201800055974,1.0,7,0,0.0,2.0,4.0,1.0,A01
201800055974,1.0,7,0,0.0,2.0,1.0,23.0,B01
201800055974,2.0,7,0,0.0,2.0,3.0,0.0,C01
201800055975,1.0,33,0,16.0,0.0,0.0,1.0,A01
201800055976,2.0,7,0,11.0,0.0,1.0,1.0,A01
201800055977,1.0,7,0,0.0,0.0,8.0,1.0,B01
201800055977,0.0,2,0,0.0,2.0,7.0,15.0,A01
201800055978,2.0,7,0,0.0,1.0,2.0,1.0,A01
201800055979,1.0,7,0,0.0,2.0,3.0,13.0,A01
201800055979,2.0,7,0,0.0,2.0,3.0,1.0,B01
201800055980,2.0,7,0,13.0,0.0,5.0,16.0,A01
201800055981,2.0,2,0,0.0,2.0,8.0,1.0,B01
201800055981,1.0,7,0,0.0,2.0,1.0,15.0,A01
201800055982,1.0,2,0,0.0,0.0,0.0,0.0,A01
201800055983,2.0,7,0,0.0,2.0,3.0,13.0,A01
201800055983,1.0,7,0,0.0,2.0,3.0,1.0,B01
201800055983,1.0,7,0,0.0,2.0,8.0,1.0,C01
201800055984,2.0,7,0,1.0,0.0,6.0,0.0,B01
201800055984,2.0,7,0,1.0,0.0,2.0,14.0,A01
201800055985,1.0,30,0,0.0,2.0,3.0,9.0,C01
201800055985,1.0,7,0,0.0,0.0,0.0,1.0,A01
201800055986,1.0,10,0,0.0,0.0,6.0,10.0,A01
201800055986,1.0,2,0,0.0,2.0,1.0,1.0,B01
201800055987,0.0,7,0,0.0,1.0,1.0,0.0,A01
201800055988,0.0,7,0,0.0,1.0,3.0,1.0,A01
201800055989,1.0,10,0,0.0,0.0,6.0,24.0,A01
201800055989,1.0,7,0,0.0,2.0,1.0,0.0,C01
201800055989,1.0,2,0,1.0,0.0,1.0,14.0,B01
201800055990,2.0,7,0,0.0,2.0,1.0,1.0,A01
201800055990,1.0,2,0,0.0,2.0,1.0,17.0,B01
201800055991,1.0,33,0,0.0,0.0,0.0,1.0,A01
201800055992,0.0,7,0,0.0,1.0,2.0,1.0,A01
201800055993,2.0,7,0,13.0,0.0,7.0,1.0,A01
201800055994,0.0,10,0,0.0,1.0,4.0,0.0,A01
201800055995,2.0,7,0,0.0,0.0,0.0,1.0,A01
201800055996,1.0,7,0,0.0,2.0,1.0,19.0,A01
201800055996,2.0,7,0,0.0,2.0,1.0,1.0,B01
201800055996,2.0,7,0,0.0,2.0,3.0,1.0,C01
201800055997,1.0,7,0,0.0,2.0,1.0,1.0,B01
201800055997,0.0,10,0,0.0,9.0,1.0,23.0,C01
201800055997,0.0,2,0,0.0,2.0,1.0,0.0,D01
201800055998,0.0,7,0,2.0,0.0,1.0,1.0,A01
201800055999,1.0,7,0,0.0,2.0,8.0,13.0,A01
201800055999,1.0,33,0,0.0,2.0,1.0,17.0,B01
201800056000,0.0,7,0,0.0,2.0,2.0,1.0,A01
201800056000,0.0,1,0,0.0,2.0,9.0,1.0,C01
201800056001,1.0,10,0,0.0,2.0,2.0,1.0,A01
201800056001,2.0,1,0,0.0,2.0,4.0,0.0,B01
201800056002,0.0,2,0,1.0,0.0,2.0,14.0,A01
201800056003,0.0,33,0,0.0,2.0,2.0,17.0,B01
201800056003,0.0,7,0,0.0,2.0,3.0,15.0,A01