Num_Acc,senc,catv,occutc,obs,obsm,choc,manv,num_veh
201800056259,1.0,7,0,0.0,2.0,1.0,1.0,A01
201800056260,1.0,7,0,0.0,0.0,6.0,1.0,A01
201800056260,0.0,7,0,0.0,2.0,1.0,9.0,B01
201800056261,1.0,31,0,0.0,0.0,0.0,1.0,A01
201800056262,0.0,2,0,0.0,2.0,1.0,1.0,B01
201800056262,0.0,7,0,0.0,2.0,3.0,15.0,A01
201800056263,1.0,7,0,0.0,2.0,2.0,15.0,A01
201800056263,2.0,2,0,0.0,2.0,1.0,1.0,B01
201800056264,1.0,7,0,0.0,2.0,3.0,15.0,A01
201800056264,1.0,2,0,0.0,2.0,6.0,1.0,B01
201800056265,1.0,1,0,0.0,2.0,8.0,19.0,A01
201800056265,0.0,7,0,0.0,2.0,3.0,,B01
201800056266,1.0,7,0,0.0,2.0,3.0,15.0,A01
201800056266,1.0,2,0,0.0,2.0,3.0,1.0,B01
201800056267,0.0,1,0,13.0,0.0,0.0,0.0,A01
201800056268,1.0,7,0,0.0,2.0,3.0,15.0,A01
201800056268,2.0,2,0,0.0,2.0,1.0,1.0,B01
201800056269,2.0,2,0,0.0,2.0,1.0,1.0,B01
201800056269,1.0,7,0,0.0,0.0,5.0,15.0,A01
201800056270,0.0,1,0,0.0,2.0,0.0,13.0,B01
201800056270,0.0,7,0,0.0,2.0,0.0,17.0,A01
201800056271,1.0,30,0,0.0,2.0,8.0,10.0,B01
201800056271,1.0,33,0,0.0,2.0,1.0,2.0,A01
201800056272,1.0,7,0,0.0,2.0,1.0,2.0,C01
201800056272,1.0,7,0,0.0,0.0,4.0,2.0,A01
201800056272,1.0,7,0,0.0,2.0,4.0,2.0,B01
201800056273,2.0,7,0,0.0,2.0,1.0,5.0,A01
201800056273,1.0,2,0,0.0,2.0,8.0,1.0,B01
201800056274,0.0,2,0,0.0,2.0,6.0,2.0,A01
201800056274,0.0,7,0,0.0,1.0,2.0,2.0,B01
201800056275,2.0,7,0,0.0,2.0,8.0,15.0,A01
201800056275,2.0,31,0,0.0,2.0,1.0,1.0,B01
201800056276,2.0,10,0,0.0,2.0,8.0,15.0,A01
201800056276,1.0,34,0,0.0,2.0,2.0,1.0,B01
201800056277,2.0,2,0,0.0,2.0,2.0,15.0,B01
201800056277,1.0,7,0,0.0,2.0,1.0,1.0,A01
201800056278,1.0,33,0,0.0,2.0,1.0,2.0,A01
201800056278,1.0,10,0,0.0,0.0,6.0,2.0,B01
201800056279,1.0,33,0,0.0,2.0,2.0,17.0,A01
201800056279,1.0,7,0,0.0,2.0,6.0,15.0,B01
201800056280,1.0,7,0,0.0,2.0,3.0,1.0,A01
201800056280,2.0,2,0,0.0,2.0,1.0,5.0,B01
201800056281,0.0,2,0,13.0,0.0,0.0,1.0,A01
201800056282,0.0,38,61,0.0,2.0,4.0,2.0,B01
201800056282,0.0,38,61,0.0,2.0,1.0,2.0,A01
201800056283,0.0,7,0,1.0,0.0,8.0,0.0,A01
201800056284,0.0,10,0,0.0,1.0,2.0,1.0,A01
201800056285,2.0,2,0,0.0,1.0,1.0,1.0,A01
201800056286,0.0,7,0,0.0,2.0,1.0,1.0,B01
201800056286,0.0,7,0,0.0,1.0,1.0,16.0,C01
201800056286,0.0,10,0,0.0,2.0,8.0,1.0,A01
201800056287,1.0,31,0,4.0,2.0,7.0,2.0,A01
201800056287,1.0,7,0,0.0,2.0,2.0,17.0,B01
201800056288,2.0,33,0,0.0,2.0,7.0,17.0,B01
201800056288,2.0,7,0,0.0,2.0,8.0,10.0,A01
201800056289,0.0,7,0,0.0,1.0,2.0,2.0,A01
201800056290,1.0,2,0,0.0,2.0,1.0,1.0,B01
201800056290,1.0,7,0,0.0,0.0,8.0,10.0,A01
201800056291,0.0,7,0,0.0,2.0,1.0,5.0,B01
201800056291,0.0,2,0,0.0,2.0,1.0,5.0,A01
201800056292,1.0,7,0,0.0,2.0,1.0,1.0,A01
201800056292,2.0,7,0,0.0,2.0,1.0,5.0,B01
201800056293,0.0,1,0,0.0,2.0,1.0,19.0,B01
201800056293,0.0,10,0,0.0,9.0,2.0,1.0,A01
201800056294,1.0,10,0,0.0,2.0,7.0,1.0,A01
201800056294,1.0,31,0,0.0,2.0,8.0,11.0,B01
201800056295,0.0,7,0,6.0,0.0,1.0,1.0,A01
201800056296,1.0,2,0,0.0,2.0,7.0,15.0,B01
201800056296,1.0,17,0,0.0,2.0,8.0,21.0,A01
201800056297,1.0,10,0,13.0,0.0,3.0,1.0,A01
201800056298,1.0,7,0,0.0,1.0,1.0,1.0,A01
201800056299,0.0,2,0,0.0,0.0,0.0,1.0,A01
201800056299,0.0,7,0,0.0,2.0,5.0,16.0,B01
201800056300,1.0,7,0,0.0,2.0,6.0,1.0,C01
201800056300,1.0,2,0,0.0,2.0,1.0,17.0,A01
201800056300,1.0,2,0,0.0,2.0,2.0,1.0,B01
201800056301,0.0,7,0,16.0,0.0,9.0,14.0,A01
201800056302,1.0,33,0,0.0,0.0,3.0,0.0,A01
201800056303,0.0,2,0,0.0,2.0,1.0,1.0,B01
201800056303,0.0,7,0,0.0,2.0,8.0,1.0,A01
201800056304,2.0,7,0,0.0,2.0,1.0,5.0,B01
201800056304,1.0,10,0,0.0,2.0,1.0,0.0,A01
201800056305,1.0,7,0,0.0,2.0,3.0,15.0,B01
201800056305,1.0,2,0,0.0,2.0,1.0,17.0,A01
201800056306,2.0,33,0,0.0,2.0,8.0,1.0,A01
201800056306,1.0,7,0,0.0,2.0,3.0,17.0,B01
201800056307,2.0,7,0,0.0,2.0,1.0,0.0,B01
201800056307,1.0,7,0,0.0,2.0,1.0,13.0,A01
201800056308,1.0,99,0,0.0,2.0,7.0,1.0,B01
201800056308,2.0,7,0,0.0,2.0,1.0,1.0,A01
201800056309,1.0,31,0,0.0,2.0,1.0,1.0,A01
201800056309,1.0,13,0,0.0,2.0,2.0,1.0,B01
201800056310,1.0,30,0,0.0,2.0,8.0,1.0,B01
201800056310,2.0,7,0,0.0,2.0,1.0,15.0,A01
201800056311,0.0,7,0,0.0,2.0,8.0,15.0,B01
201800056311,0.0,34,0,0.0,2.0,1.0,13.0,A01
201800056312,0.0,2,0,0.0,0.0,1.0,1.0,B01
201800056312,0.0,7,0,0.0,2.0,5.0,1.0,A01
201800056313,1.0,7,0,0.0,2.0,3.0,13.0,A01
201800056313,1.0,2,0,0.0,2.0,1.0,17.0,B01
201800056314,1.0,7,0,0.0,2.0,2.0,2.0,A01
201800056314,1.0,2,0,0.0,2.0,4.0,2.0,B01
201800056315,1.0,7,0,0.0,2.0,3.0,15.0,A01
201800056315,1.0,34,0,0.0,2.0,1.0,17.0,B01
201800056316,0.0,2,0,14.0,0.0,1.0,1.0,A01
201800056317,2.0,10,0,0.0,9.0,2.0,1.0,A01
201800056317,2.0,1,0,0.0,2.0,4.0,1.0,B01
201800056318,0.0,7,0,0.0,1.0,2.0,4.0,A01
201800056319,0.0,2,0,0.0,2.0,1.0,1.0,A01
201800056319,0.0,7,0,0.0,0.0,6.0,20.0,B01
201800056320,0.0,1,0,6.0,0.0,1.0,0.0,A01
201800056321,1.0,7,0,0.0,2.0,2.0,17.0,A01
201800056321,1.0,7,0,0.0,0.0,3.0,10.0,B01
201800056322,1.0,7,0,0.0,9.0,1.0,15.0,B01
201800056322,2.0,1,0,0.0,2.0,7.0,1.0,A01
201800056323,1.0,2,0,0.0,0.0,0.0,0.0,A01
201800056324,0.0,10,0,0.0,2.0,3.0,1.0,B01
201800056324,0.0,2,0,0.0,2.0,1.0,1.0,A01
201800056325,0.0,99,0,0.0,1.0,0.0,0.0,A01
201800056326,2.0,7,0,0.0,2.0,7.0,10.0,A01
201800056326,2.0,33,0,0.0,2.0,1.0,1.0,B01
201800056327,2.0,7,0,0.0,1.0,2.0,1.0,A01
201800056328,1.0,2,0,0.0,2.0,8.0,1.0,B01
201800056328,1.0,15,0,0.0,2.0,7.0,17.0,A01
201800056329,0.0,2,0,0.0,2.0,1.0,1.0,A01
201800056329,0.0,2,0,0.0,0.0,4.0,1.0,B01
201800056330,2.0,7,0,0.0,0.0,8.0,23.0,A01
201800056330,2.0,2,0,1.0,0.0,1.0,1.0,B01
201800056331,1.0,31,0,0.0,2.0,2.0,9.0,A01
201800056331,1.0,7,0,0.0,2.0,3.0,9.0,B01
201800056332,1.0,7,0,0.0,1.0,3.0,1.0,A01
201800056333,1.0,7,0,6.0,0.0,7.0,1.0,A01
201800056334,1.0,7,0,1.0,1.0,1.0,1.0,A01
201800056335,2.0,7,0,0.0,2.0,6.0,17.0,A01
201800056335,2.0,10,0,3.0,2.0,4.0,1.0,B01
201800056336,1.0,10,0,0.0,2.0,1.0,13.0,A01
201800056336,2.0,37,5,0.0,2.0,1.0,1.0,B01
201800056337,1.0,14,0,0.0,2.0,1.0,1.0,B01
201800056337,1.0,7,0,0.0,2.0,3.0,19.0,A01
201800056338,0.0,34,0,0.0,2.0,2.0,17.0,A01
201800056338,0.0,37,15,0.0,2.0,8.0,15.0,B01
201800056339,2.0,38,15,0.0,2.0,1.0,1.0,B01
201800056339,1.0,7,0,0.0,2.0,1.0,13.0,A01
201800056340,1.0,37,2,0.0,1.0,3.0,19.0,A01
201800056341,1.0,7,0,0.0,1.0,3.0,13.0,A01
201800056342,0.0,7,0,0.0,2.0,3.0,9.0,A01
201800056342,1.0,2,0,0.0,2.0,1.0,1.0,B01
201800056343,1.0,7,0,13.0,0.0,1.0,13.0,A01
201800056344,1.0,37,2,0.0,1.0,8.0,9.0,A01
201800056345,0.0,2,0,0.0,2.0,1.0,17.0,A01
201800056345,0.0,7,0,0.0,2.0,6.0,15.0,B01
201800056346,1.0,7,0,0.0,2.0,2.0,15.0,A01
201800056346,2.0,33,0,0.0,2.0,1.0,1.0,B01
201800056347,1.0,33,0,0.0,0.0,8.0,1.0,A01
201800056348,2.0,7,0,0.0,1.0,7.0,1.0,A01
201800056349,1.0,7,0,0.0,2.0,8.0,19.0,A01
201800056349,2.0,32,0,0.0,2.0,1.0,1.0,B01
201800056350,1.0,7,0,12.0,0.0,3.0,13.0,A01
201800056351,2.0,2,0,12.0,1.0,1.0,13.0,A01
201800056352,1.0,7,0,0.0,0.0,4.0,23.0,A01
201800056352,1.0,1,0,1.0,0.0,1.0,1.0,B01
201800056353,1.0,14,0,0.0,9.0,7.0,16.0,A01
201800056353,1.0,1,0,0.0,2.0,8.0,16.0,B01
201800056354,1.0,33,0,14.0,0.0,7.0,1.0,A01
201800056355,0.0,1,0,0.0,0.0,0.0,1.0,A01
201800056356,2.0,7,0,4.0,0.0,3.0,1.0,A01
201800056357,2.0,10,0,1.0,1.0,1.0,14.0,A01
201800056358,2.0,2,0,1.0,0.0,1.0,13.0,A01
201800056359,2.0,7,0,3.0,2.0,3.0,5.0,A01
201800056359,1.0,37,10,3.0,2.0,3.0,1.0,B01
201800056360,1.0,37,1,0.0,1.0,7.0,1.0,A01
201800056361,1.0,7,0,0.0,2.0,5.0,15.0,A01
201800056361,2.0,33,0,0.0,2.0,1.0,1.0,B01
201800056362,2.0,10,0,0.0,2.0,2.0,1.0,A01
201800056362,1.0,15,0,0.0,2.0,2.0,1.0,B01
201800056363,2.0,34,0,0.0,0.0,1.0,1.0,A01
201800056364,2.0,1,0,0.0,2.0,1.0,10.0,B01
201800056364,2.0,7,0,0.0,9.0,2.0,17.0,A01
201800056365,0.0,32,0,15.0,0.0,0.0,0.0,A01
201800056366,0.0,7,0,0.0,9.0,3.0,0.0,B01
201800056366,0.0,2,0,0.0,2.0,1.0,1.0,A01
201800056367,1.0,33,0,0.0,2.0,2.0,13.0,A01
201800056367,2.0,7,0,0.0,2.0,1.0,1.0,B01
201800056368,2.0,7,0,0.0,1.0,3.0,15.0,A01
201800056369,1.0,7,0,0.0,2.0,2.0,1.0,C01
201800056369,2.0,1,0,0.0,2.0,1.0,5.0,A01
201800056369,1.0,7,0,0.0,2.0,2.0,1.0,B01
201800056370,0.0,7,0,0.0,1.0,1.0,15.0,A01
201800056371,0.0,2,0,0.0,0.0,6.0,19.0,A01
201800056371,0.0,10,0,0.0,2.0,1.0,1.0,B01
201800056372,0.0,1,0,0.0,2.0,7.0,17.0,A01
201800056372,0.0,10,0,0.0,2.0,3.0,15.0,B01
201800056373,1.0,2,0,13.0,0.0,1.0,1.0,A01
201800056374,1.0,2,0,0.0,0.0,0.0,1.0,A01
201800056375,1.0,7,0,0.0,1.0,3.0,1.0,A01
201800056376,1.0,2,0,0.0,0.0,0.0,16.0,A01
201800056377,1.0,7,0,4.0,0.0,4.0,1.0,B01
201800056377,1.0,7,0,4.0,2.0,1.0,1.0,A01
201800056378,0.0,7,0,0.0,1.0,1.0,20.0,A01
201800056379,0.0,2,0,0.0,5.0,3.0,1.0,A01
201800056380,1.0,7,0,0.0,1.0,3.0,19.0,A01
201800056381,2.0,7,0,0.0,1.0,3.0,11.0,A01
201800056382,0.0,7,0,0.0,1.0,2.0,14.0,A01
201800056383,1.0,7,0,0.0,9.0,2.0,2.0,B01
201800056383,2.0,1,0,0.0,2.0,1.0,8.0,A01
201800056384,1.0,7,0,0.0,2.0,2.0,1.0,B01
201800056384,0.0,2,0,0.0,2.0,1.0,19.0,A01
201800056385,0.0,7,0,0.0,1.0,1.0,1.0,A01
201800056386,0.0,31,0,6.0,0.0,1.0,15.0,A01
201800056387,1.0,7,0,0.0,9.0,8.0,13.0,A01
201800056387,0.0,1,0,0.0,2.0,3.0,1.0,B01
201800056388,1.0,7,0,0.0,2.0,3.0,13.0,A01
201800056388,2.0,2,0,0.0,2.0,1.0,13.0,B01
201800056389,2.0,2,0,0.0,2.0,1.0,1.0,B01
201800056389,1.0,7,0,0.0,2.0,5.0,15.0,A01
201800056390,1.0,7,0,0.0,1.0,1.0,15.0,A01
201800056391,0.0,7,0,0.0,1.0,3.0,15.0,A01
201800056392,2.0,33,0,0.0,2.0,0.0,2.0,A01
201800056392,2.0,1,0,0.0,0.0,0.0,0.0,B01
201800056393,1.0,31,0,0.0,2.0,1.0,1.0,A01
201800056393,2.0,7,0,0.0,2.0,1.0,15.0,B01
201800056394,1.0,32,0,0.0,2.0,7.0,1.0,B01
201800056394,2.0,10,0,0.0,2.0,1.0,15.0,A01
201800056395,1.0,7,0,0.0,1.0,1.0,1.0,A01
201800056396,1.0,7,0,0.0,2.0,3.0,13.0,A01
201800056396,2.0,7,0,0.0,2.0,1.0,1.0,B01
201800056397,0.0,7,0,16.0,0.0,9.0,13.0,A01
201800056398,1.0,7,0,0.0,2.0,7.0,13.0,B01
201800056398,2.0,7,0,0.0,0.0,1.0,0.0,A01
201800056399,2.0,7,0,0.0,2.0,1.0,13.0,A01
201800056399,1.0,7,0,0.0,2.0,1.0,1.0,B01
201800056400,0.0,7,0,0.0,1.0,4.0,4.0,A01
201800056401,1.0,7,0,0.0,1.0,1.0,1.0,A01
201800056402,2.0,7,0,0.0,2.0,1.0,15.0,A01
201800056402,1.0,2,0,0.0,2.0,8.0,1.0,B01
201800056403,2.0,7,0,0.0,2.0,3.0,9.0,A01
201800056403,2.0,33,0,0.0,2.0,9.0,1.0,B01
201800056404,2.0,7,0,4.0,2.0,1.0,1.0,A01
201800056404,1.0,7,0,0.0,2.0,8.0,1.0,B01
201800056405,1.0,7,0,0.0,1.0,2.0,1.0,A01
201800056406,1.0,7,0,0.0,2.0,2.0,1.0,A01
201800056406,2.0,7,0,0.0,2.0,1.0,1.0,B01
201800056407,1.0,33,0,0.0,2.0,2.0,17.0,A01
201800056407,2.0,7,0,0.0,2.0,3.0,15.0,B01
201800056408,0.0,7,0,0.0,0.0,0.0,4.0,A01
201800056409,1.0,33,0,4.0,0.0,1.0,15.0,A01
201800056410,1.0,7,0,0.0,2.0,1.0,19.0,A01
201800056410,2.0,30,0,0.0,2.0,1.0,1.0,B01
201800056411,1.0,7,0,8.0,0.0,3.0,19.0,A01
201800056412,1.0,33,0,2.0,0.0,1.0,1.0,A01
201800056413,1.0,33,0,0.0,2.0,2.0,21.0,A01
201800056413,1.0,7,0,0.0,0.0,6.0,23.0,B01
201800056414,2.0,10,0,0.0,2.0,8.0,1.0,B01
201800056414,1.0,33,0,0.0,2.0,8.0,13.0,A01
201800056415,1.0,33,0,0.0,2.0,1.0,18.0,A01
201800056415,1.0,7,0,0.0,2.0,2.0,0.0,B01
201800056416,2.0,7,0,0.0,2.0,3.0,15.0,A01
201800056416,2.0,30,0,0.0,2.0,3.0,1.0,B01
201800056417,2.0,7,0,13.0,0.0,9.0,1.0,A01
201800056418,1.0,7,0,0.0,2.0,3.0,17.0,A01
201800056418,2.0,7,0,0.0,2.0,7.0,1.0,C01
201800056418,2.0,3,0,0.0,2.0,3.0,1.0,B01
201800056419,2.0,7,0,0.0,1.0,2.0,1.0,A01
201800056420,0.0,33,0,6.0,0.0,0.0,1.0,A01
201800056421,1.0,7,0,0.0,2.0,3.0,1.0,A01
201800056421,2.0,7,0,0.0,2.0,2.0,1.0,B01
201800056422,1.0,7,0,0.0,2.0,1.0,13.0,A01
201800056422,2.0,7,0,3.0,2.0,1.0,1.0,B01
201800056423,1.0,7,0,0.0,0.0,1.0,1.0,A01
201800056424,2.0,31,0,0.0,2.0,1.0,5.0,A01
201800056424,2.0,37,1,0.0,2.0,1.0,1.0,B01
201800056425,1.0,33,0,0.0,0.0,7.0,9.0,A01
201800056426,1.0,32,0,5.0,0.0,1.0,1.0,A01
201800056427,1.0,7,0,0.0,2.0,1.0,5.0,A01
201800056427,2.0,7,0,0.0,2.0,1.0,2.0,B01
201800056428,2.0,7,0,0.0,2.0,3.0,19.0,A01
201800056428,1.0,7,0,0.0,2.0,3.0,1.0,B01
201800056429,1.0,7,0,4.0,0.0,3.0,1.0,A01
201800056430,1.0,7,0,0.0,2.0,1.0,6.0,A01
201800056430,2.0,2,0,0.0,2.0,3.0,1.0,B01
201800056431,1.0,7,0,0.0,1.0,2.0,1.0,A01
201800056432,0.0,7,0,0.0,1.0,3.0,1.0,A01
201800056433,1.0,7,0,0.0,2.0,1.0,1.0,A01
201800056433,2.0,32,0,0.0,2.0,1.0,0.0,B01
201800056434,0.0,31,0,1.0,0.0,1.0,19.0,A01
201800056435,1.0,7,0,0.0,2.0,3.0,13.0,A01
201800056435,1.0,7,0,0.0,2.0,8.0,1.0,B01
201800056436,0.0,33,0,8.0,0.0,1.0,1.0,A01
201800056437,1.0,7,0,0.0,0.0,0.0,17.0,A01
201800056438,1.0,10,0,0.0,2.0,0.0,16.0,A01
201800056438,2.0,1,0,0.0,2.0,8.0,0.0,B01
201800056439,1.0,7,0,0.0,2.0,3.0,1.0,B01
201800056439,2.0,2,0,0.0,2.0,1.0,14.0,A01
201800056440,1.0,33,0,3.0,0.0,8.0,1.0,A01
201800056441,1.0,7,0,0.0,2.0,1.0,11.0,A01
201800056441,1.0,7,0,0.0,2.0,1.0,1.0,B01
201800056442,1.0,7,0,0.0,2.0,1.0,1.0,B01
201800056442,2.0,7,0,0.0,2.0,1.0,0.0,A01
201800056443,1.0,7,0,0.0,2.0,1.0,1.0,A01
201800056443,2.0,7,0,0.0,2.0,1.0,5.0,B01
201800056444,1.0,7,0,0.0,0.0,0.0,1.0,A01
201800056445,1.0,7,0,0.0,2.0,7.0,15.0,A01
201800056445,2.0,7,0,0.0,2.0,1.0,1.0,B01
201800056446,2.0,33,0,3.0,0.0,3.0,16.0,A01
201800056447,1.0,7,0,0.0,2.0,1.0,17.0,A01
201800056447,2.0,7,0,0.0,2.0,1.0,1.0,B01
201800056448,2.0,7,0,0.0,1.0,3.0,1.0,A01
201800056449,0.0,32,0,0.0,2.0,1.0,13.0,A01
201800056449,0.0,10,0,0.0,2.0,3.0,13.0,B01
201800056450,2.0,7,0,0.0,2.0,3.0,1.0,A01
201800056450,1.0,32,0,0.0,2.0,1.0,1.0,B01
201800056451,2.0,1,0,0.0,0.0,4.0,1.0,A01
201800056451,2.0,7,0,0.0,9.0,2.0,1.0,B01
201800056452,1.0,31,0,0.0,2.0,6.0,17.0,A01
201800056452,2.0,7,0,0.0,9.0,7.0,21.0,B01
201800056453,2.0,33,0,0.0,2.0,8.0,1.0,B01
201800056453,1.0,7,0,0.0,2.0,3.0,0.0,A01
201800056454,1.0,7,0,0.0,2.0,8.0,15.0,B01
201800056454,2.0,33,0,0.0,2.0,3.0,21.0,A01
201800056455,2.0,7,0,0.0,2.0,3.0,1.0,B01
201800056455,1.0,7,0,0.0,2.0,3.0,13.0,A01
201800056456,1.0,7,0,0.0,9.0,2.0,1.0,A01
201800056456,2.0,1,0,0.0,2.0,1.0,15.0,B01
201800056457,1.0,7,0,0.0,0.0,6.0,16.0,B01
201800056457,1.0,33,0,0.0,2.0,5.0,21.0,A01
201800056458,2.0,7,0,0.0,0.0,5.0,15.0,A01
201800056458,2.0,33,0,0.0,2.0,1.0,17.0,B01
201800056459,1.0,7,0,0.0,2.0,1.0,9.0,A01
201800056459,1.0,31,0,0.0,2.0,8.0,1.0,B01
201800056460,1.0,10,0,0.0,1.0,3.0,0.0,A01
201800056461,2.0,7,0,6.0,0.0,1.0,14.0,A01
201800056462,1.0,7,0,0.0,2.0,6.0,1.0,C01
201800056462,1.0,32,0,0.0,2.0,1.0,17.0,A01
201800056462,2.0,7,0,0.0,2.0,3.0,1.0,B01
201800056463,1.0,7,0,0.0,2.0,3.0,11.0,A01
201800056463,1.0,33,0,0.0,2.0,1.0,3.0,B01
201800056464,2.0,7,0,0.0,2.0,1.0,13.0,A01
201800056464,1.0,38,57,0.0,2.0,3.0,1.0,B01
201800056465,1.0,7,0,0.0,0.0,7.0,15.0,A01
201800056465,2.0,33,0,0.0,0.0,1.0,17.0,B01
201800056466,1.0,7,0,0.0,2.0,3.0,13.0,B01
201800056466,2.0,7,0,0.0,2.0,3.0,1.0,A01
201800056467,2.0,7,0,2.0,0.0,1.0,1.0,A01
201800056468,1.0,7,0,0.0,1.0,1.0,1.0,A01
201800056469,1.0,7,0,0.0,2.0,3.0,5.0,A01
201800056469,2.0,7,0,0.0,2.0,3.0,0.0,B01
201800056470,1.0,7,0,0.0,1.0,2.0,1.0,A01
201800056471,1.0,10,0,0.0,1.0,2.0,1.0,A01
201800056472,1.0,7,0,0.0,2.0,2.0,15.0,A01
201800056472,2.0,33,0,0.0,2.0,1.0,1.0,B01
201800056473,2.0,7,0,2.0,0.0,1.0,1.0,A01
201800056474,1.0,33,0,0.0,2.0,1.0,13.0,A01
201800056474,2.0,7,0,0.0,0.0,3.0,21.0,B01
201800056475,0.0,33,0,0.0,1.0,1.0,16.0,A01
201800056476,2.0,33,0,0.0,0.0,0.0,1.0,A01
201800056477,1.0,7,0,2.0,0.0,1.0,21.0,A01
201800056477,2.0,7,0,0.0,2.0,6.0,1.0,B01
201800056478,1.0,99,0,0.0,0.0,0.0,1.0,A01
201800056479,1.0,7,0,12.0,0.0,0.0,1.0,A01
201800056480,1.0,7,0,0.0,2.0,2.0,0.0,A01
201800056480,2.0,7,0,0.0,2.0,3.0,0.0,B01
201800056481,2.0,7,0,0.0,2.0,3.0,1.0,A01
201800056481,1.0,34,0,0.0,2.0,1.0,17.0,B01
201800056482,2.0,7,0,13.0,0.0,7.0,1.0,A01
201800056483,2.0,33,0,0.0,2.0,1.0,18.0,A01
201800056483,2.0,7,0,0.0,9.0,5.0,1.0,B01
201800056484,1.0,7,0,0.0,2.0,1.0,0.0,B01
201800056484,2.0,7,0,0.0,2.0,3.0,0.0,A01
201800056485,1.0,7,0,0.0,1.0,1.0,16.0,A01
201800056486,1.0,14,0,12.0,0.0,1.0,21.0,A01
201800056487,1.0,2,0,0.0,2.0,1.0,1.0,A01
201800056487,2.0,7,0,0.0,2.0,3.0,1.0,B01
201800056488,1.0,7,0,0.0,2.0,2.0,17.0,A01
201800056488,2.0,33,0,0.0,2.0,1.0,1.0,B01
201800056489,1.0,7,0,13.0,1.0,1.0,1.0,A01
201800056490,0.0,7,0,0.0,9.0,3.0,1.0,A01
201800056490,0.0,1,0,0.0,2.0,1.0,1.0,B01
201800056491,1.0,10,0,6.0,2.0,3.0,5.0,A01
201800056491,2.0,7,0,0.0,2.0,3.0,1.0,B01
201800056491,1.0,7,0,14.0,0.0,1.0,21.0,C01
201800056492,1.0,7,0,4.0,2.0,8.0,1.0,B01
201800056492,1.0,7,0,4.0,2.0,0.0,14.0,A01
201800056493,0.0,10,0,0.0,2.0,1.0,15.0,A01
201800056493,0.0,33,0,0.0,2.0,1.0,1.0,B01
201800056494,0.0,7,0,0.0,1.0,1.0,1.0,A01
201800056495,0.0,33,0,0.0,0.0,1.0,1.0,A01
201800056496,1.0,7,0,0.0,2.0,1.0,2.0,B01
201800056496,1.0,7,0,0.0,1.0,1.0,23.0,A01
201800056497,2.0,2,0,0.0,2.0,1.0,1.0,A01
201800056497,0.0,7,0,0.0,2.0,2.0,15.0,B01
201800056498,2.0,10,0,0.0,2.0,1.0,1.0,B01
201800056498,1.0,7,0,0.0,2.0,1.0,17.0,A01
201800056499,2.0,7,0,0.0,2.0,1.0,23.0,B01
201800056499,1.0,7,0,0.0,2.0,1.0,13.0,A01
201800056500,2.0,33,0,0.0,2.0,1.0,2.0,B01
201800056500,2.0,33,0,0.0,0.0,4.0,0.0,A01
201800056501,1.0,7,0,0.0,2.0,3.0,1.0,A01
201800056501,2.0,7,0,0.0,0.0,3.0,1.0,B01
201800056502,2.0,2,0,0.0,2.0,1.0,0.0,A01
201800056502,1.0,7,0,0.0,2.0,1.0,1.0,B01
201800056503,1.0,7,0,0.0,2.0,1.0,17.0,A01
201800056503,2.0,7,0,0.0,2.0,1.0,1.0,B01
201800056504,0.0,33,0,8.0,0.0,1.0,1.0,A01
201800056505,2.0,2,0,1.0,0.0,1.0,2.0,A01
201800056505,2.0,7,0,0.0,0.0,6.0,23.0,B01
201800056506,1.0,30,0,13.0,0.0,1.0,1.0,A01
201800056507,2.0,7,0,0.0,2.0,3.0,1.0,B01
201800056507,1.0,7,0,0.0,2.0,3.0,17.0,A01
201800056508,1.0,2,0,0.0,1.0,1.0,1.0,A01
201800056509,0.0,2,0,0.0,2.0,2.0,2.0,B01
201800056509,0.0,7,0,0.0,2.0,3.0,9.0,A01
201800056510,0.0,7,0,0.0,1.0,1.0,0.0,A01
201800056511,1.0,7,0,0.0,0.0,2.0,1.0,A01
201800056511,1.0,1,0,0.0,0.0,0.0,23.0,B01
201800056512,2.0,1,0,0.0,2.0,1.0,1.0,B01
201800056512,1.0,7,0,0.0,2.0,3.0,5.0,A01
201800056513,1.0,7,0,0.0,1.0,2.0,1.0,A01
201800056514,2.0,2,0,0.0,2.0,1.0,5.0,A01
201800056514,1.0,7,0,0.0,2.0,3.0,1.0,B01
201800056514,1.0,7,0,0.0,2.0,8.0,1.0,C01
201800056515,0.0,7,0,6.0,0.0,1.0,1.0,A01
201800056516,0.0,7,0,0.0,1.0,4.0,4.0,A01
201800056517,1.0,2,0,0.0,0.0,9.0,0.0,A01
201800056518,0.0,7,0,0.0,1.0,2.0,16.0,A01
201800056519,0.0,7,0,0.0,2.0,3.0,15.0,A01
201800056519,0.0,2,0,0.0,2.0,3.0,1.0,B01
201800056520,2.0,7,0,0.0,9.0,2.0,1.0,A01
201800056520,0.0,1,0,0.0,2.0,1.0,15.0,B01
201800056521,0.0,2,0,0.0,1.0,1.0,1.0,A01
201800056522,2.0,7,0,0.0,2.0,1.0,15.0,A01
201800056522,1.0,34,0,0.0,2.0,7.0,1.0,B01
201800056523,2.0,33,0,0.0,2.0,1.0,21.0,B01
201800056523,1.0,7,0,0.0,2.0,2.0,15.0,A01
201800056524,2.0,1,0,13.0,0.0,1.0,1.0,A01
201800056525,0.0,7,0,0.0,2.0,8.0,1.0,A01