Num_Acc,senc,catv,occutc,obs,obsm,choc,manv,num_veh
201800056997,0.0,14,0,0.0,2.0,1.0,1.0,B01
201800056998,0.0,31,0,0.0,2.0,2.0,13.0,A01
201800056998,0.0,7,0,0.0,2.0,3.0,11.0,B01
201800056999,0.0,10,0,0.0,6.0,2.0,1.0,A01
201800056999,0.0,2,0,0.0,2.0,1.0,1.0,B01
201800057000,1.0,99,0,0.0,1.0,3.0,1.0,A01
201800057001,1.0,10,0,0.0,2.0,3.0,16.0,B01
201800057001,1.0,10,0,0.0,2.0,0.0,16.0,A01
201800057002,1.0,7,0,0.0,2.0,1.0,2.0,A01
201800057002,1.0,7,0,0.0,0.0,4.0,2.0,C01
201800057002,1.0,7,0,0.0,2.0,4.0,0.0,B01
201800057003,0.0,30,0,0.0,2.0,4.0,1.0,A01
201800057003,0.0,30,0,0.0,2.0,1.0,0.0,Z01
201800057004,0.0,30,0,0.0,2.0,1.0,1.0,B01
201800057004,0.0,30,0,0.0,2.0,3.0,1.0,A01
201800057005,0.0,30,0,0.0,2.0,1.0,15.0,A01
201800057005,0.0,7,0,0.0,2.0,7.0,17.0,B01
201800057006,1.0,7,0,0.0,2.0,9.0,2.0,Z01
201800057006,1.0,7,0,0.0,2.0,1.0,2.0,A01
201800057006,1.0,7,0,0.0,2.0,4.0,2.0,B01
201800057007,1.0,7,0,0.0,2.0,3.0,13.0,A01
201800057007,1.0,7,0,0.0,2.0,3.0,1.0,B01
201800057008,1.0,2,0,0.0,2.0,8.0,16.0,B01
201800057008,1.0,7,0,0.0,2.0,2.0,16.0,A01
201800057009,1.0,7,0,0.0,2.0,1.0,0.0,B01
201800057009,1.0,7,0,0.0,2.0,1.0,5.0,A01
201800057010,0.0,1,0,0.0,2.0,1.0,19.0,A01
201800057010,0.0,33,0,0.0,2.0,1.0,1.0,B01
201800057011,0.0,7,0,0.0,2.0,8.0,1.0,B01
201800057011,0.0,2,0,0.0,2.0,1.0,21.0,A01
201800057011,0.0,2,0,0.0,2.0,1.0,8.0,C01
201800057012,1.0,7,0,0.0,2.0,1.0,1.0,A01
201800057012,1.0,7,0,0.0,2.0,4.0,1.0,B01
201800057012,1.0,7,0,0.0,2.0,4.0,1.0,C01
201800057013,0.0,10,0,0.0,2.0,6.0,1.0,B01
201800057013,0.0,30,0,0.0,2.0,6.0,21.0,A01
201800057014,1.0,7,0,0.0,0.0,0.0,0.0,B01
201800057014,1.0,34,0,0.0,0.0,0.0,0.0,A01
201800057014,1.0,7,0,0.0,0.0,0.0,0.0,C01
201800057015,0.0,7,0,0.0,2.0,3.0,1.0,A01
201800057015,0.0,2,0,0.0,2.0,1.0,0.0,B01
201800057016,0.0,32,0,0.0,2.0,1.0,1.0,B01
201800057016,0.0,7,0,0.0,2.0,1.0,15.0,A01
201800057017,0.0,7,0,0.0,2.0,3.0,1.0,B01
201800057017,0.0,7,0,0.0,2.0,1.0,1.0,A01
201800057018,0.0,10,0,0.0,1.0,1.0,1.0,A01
201800057019,1.0,7,0,0.0,0.0,0.0,0.0,A01
201800057020,0.0,2,0,0.0,2.0,1.0,17.0,A01
201800057020,0.0,7,0,0.0,6.0,3.0,15.0,B01
201800057021,0.0,10,0,0.0,1.0,3.0,16.0,A01
201800057021,0.0,10,0,0.0,0.0,0.0,23.0,B01
201800057022,0.0,10,0,0.0,6.0,7.0,19.0,B01
201800057022,0.0,2,0,0.0,2.0,1.0,1.0,A01
201800057023,1.0,2,0,0.0,0.0,1.0,1.0,B01
201800057023,1.0,7,0,0.0,0.0,2.0,19.0,A01
201800057024,0.0,10,0,0.0,2.0,0.0,0.0,Z01
201800057024,0.0,2,0,0.0,2.0,8.0,1.0,A01
201800057025,1.0,1,0,0.0,2.0,0.0,19.0,B01
201800057025,1.0,33,0,0.0,6.0,1.0,17.0,A01
201800057026,1.0,32,0,0.0,2.0,1.0,3.0,A01
201800057026,1.0,7,0,0.0,6.0,8.0,15.0,B01
201800057027,0.0,32,0,0.0,2.0,8.0,1.0,A01
201800057027,0.0,7,0,0.0,2.0,8.0,1.0,B01
201800057028,1.0,30,0,0.0,2.0,0.0,3.0,A01
201800057028,0.0,10,0,0.0,2.0,3.0,15.0,B01
201800057029,0.0,2,0,0.0,2.0,9.0,0.0,B01
201800057029,0.0,33,0,0.0,2.0,1.0,1.0,A01
201800057030,1.0,14,0,0.0,0.0,6.0,23.0,B01
201800057030,1.0,7,0,1.0,2.0,1.0,0.0,A01
201800057031,1.0,7,0,0.0,2.0,3.0,11.0,B01
201800057031,1.0,32,0,0.0,2.0,1.0,1.0,A01
201800057032,1.0,10,0,0.0,6.0,3.0,15.0,A01
201800057032,1.0,2,0,0.0,2.0,1.0,2.0,B01
201800057033,1.0,7,0,0.0,2.0,8.0,15.0,B01
201800057033,1.0,30,0,0.0,2.0,1.0,17.0,A01
201800057034,1.0,32,0,0.0,2.0,1.0,1.0,B01
201800057034,2.0,7,0,0.0,6.0,3.0,13.0,A01
201800057035,2.0,7,0,0.0,0.0,3.0,1.0,B01
201800057035,1.0,7,0,0.0,2.0,3.0,13.0,A01
201800057036,0.0,30,0,0.0,2.0,1.0,17.0,A01
201800057036,0.0,7,0,0.0,2.0,3.0,15.0,B01
201800057037,1.0,7,0,0.0,0.0,3.0,1.0,B01
201800057037,1.0,30,0,0.0,2.0,3.0,19.0,A01
201800057038,2.0,2,0,0.0,0.0,0.0,0.0,B01
201800057038,1.0,7,0,0.0,2.0,7.0,16.0,A01
201800057039,2.0,2,0,0.0,1.0,1.0,1.0,A01
201800057040,1.0,7,0,0.0,6.0,7.0,2.0,A01
201800057040,1.0,1,0,0.0,2.0,8.0,1.0,B01
201800057041,0.0,7,0,0.0,2.0,8.0,1.0,B01
201800057041,2.0,7,0,0.0,2.0,2.0,15.0,A01
201800057042,1.0,7,0,0.0,6.0,3.0,0.0,A01
201800057042,2.0,1,0,0.0,0.0,0.0,0.0,B01
201800057043,2.0,2,0,0.0,2.0,1.0,17.0,B01
201800057043,1.0,13,0,0.0,6.0,3.0,15.0,A01
201800057044,0.0,10,0,0.0,1.0,2.0,1.0,A01
201800057045,1.0,1,0,0.0,2.0,4.0,1.0,B01
201800057045,1.0,7,0,,,,,A01
201800057046,1.0,7,0,0.0,1.0,8.0,1.0,A01
201800057047,1.0,7,0,0.0,6.0,7.0,16.0,A01
201800057047,1.0,2,0,0.0,2.0,8.0,1.0,B01
201800057048,1.0,7,0,0.0,2.0,1.0,16.0,A01
201800057048,1.0,2,0,0.0,0.0,0.0,0.0,B01
201800057049,1.0,30,0,0.0,2.0,8.0,1.0,A01
201800057049,1.0,7,0,0.0,2.0,7.0,16.0,B01
201800057050,1.0,7,0,0.0,2.0,1.0,1.0,A01
201800057050,1.0,7,0,0.0,0.0,4.0,15.0,B01
201800057051,0.0,7,0,0.0,1.0,7.0,16.0,Z01
201800057052,1.0,7,0,0.0,2.0,3.0,15.0,A01
201800057052,1.0,2,0,0.0,2.0,8.0,1.0,B01
201800057053,0.0,7,0,0.0,1.0,2.0,1.0,A01
201800057054,2.0,7,0,0.0,2.0,1.0,1.0,A01
201800057054,2.0,7,0,0.0,2.0,7.0,1.0,B01
201800057055,1.0,7,0,0.0,2.0,2.0,15.0,A01
201800057055,1.0,2,0,0.0,2.0,1.0,1.0,B01
201800057056,2.0,7,0,0.0,2.0,1.0,15.0,A01
201800057056,2.0,30,0,0.0,2.0,3.0,1.0,B01
201800057057,1.0,2,0,0.0,2.0,1.0,1.0,B01
201800057057,0.0,7,0,0.0,2.0,1.0,15.0,A01
201800057058,0.0,7,0,0.0,2.0,7.0,2.0,B01
201800057058,0.0,32,0,0.0,2.0,8.0,2.0,A01
201800057058,0.0,7,0,12.0,0.0,0.0,0.0,C01
201800057059,0.0,30,0,0.0,2.0,0.0,15.0,A01
201800057059,0.0,30,0,0.0,2.0,1.0,1.0,B01
201800057060,1.0,2,0,0.0,2.0,1.0,17.0,A01
201800057060,1.0,7,0,0.0,2.0,6.0,15.0,B01
201800057061,2.0,33,0,0.0,2.0,1.0,1.0,B01
201800057061,1.0,7,0,0.0,0.0,7.0,15.0,A01
201800057062,1.0,7,0,0.0,2.0,1.0,1.0,A01
201800057062,1.0,2,0,0.0,2.0,8.0,19.0,B01
201800057063,1.0,7,0,0.0,2.0,1.0,15.0,A01
201800057063,1.0,2,0,0.0,2.0,1.0,1.0,B01
201800057064,0.0,1,0,0.0,2.0,8.0,15.0,B01
201800057064,0.0,7,0,0.0,2.0,3.0,1.0,A01
201800057065,1.0,10,0,0.0,2.0,4.0,2.0,C01
201800057065,1.0,10,0,0.0,2.0,4.0,2.0,B01
201800057065,1.0,10,0,0.0,2.0,1.0,2.0,A01
201800057066,1.0,2,0,0.0,2.0,1.0,1.0,B01
201800057066,0.0,7,0,0.0,6.0,1.0,16.0,A01
201800057067,1.0,2,0,0.0,2.0,1.0,1.0,B01
201800057067,1.0,7,0,0.0,2.0,3.0,15.0,A01
201800057068,2.0,7,0,0.0,1.0,1.0,1.0,A01
201800057069,1.0,7,0,0.0,1.0,1.0,16.0,A01
201800057070,1.0,7,0,0.0,2.0,1.0,15.0,A01
201800057070,1.0,30,0,0.0,2.0,1.0,17.0,B01
201800057071,1.0,30,0,0.0,2.0,7.0,16.0,A01
201800057072,0.0,7,0,6.0,0.0,8.0,1.0,A01
201800057073,1.0,7,0,0.0,2.0,7.0,16.0,B01
201800057073,1.0,2,0,0.0,2.0,3.0,1.0,A01
201800057074,1.0,7,0,0.0,0.0,0.0,0.0,B01
201800057074,1.0,30,0,0.0,0.0,0.0,0.0,A01
201800057074,0.0,7,0,0.0,0.0,0.0,0.0,C01
201800057075,1.0,30,0,0.0,0.0,0.0,0.0,A01
201800057076,2.0,7,0,0.0,2.0,2.0,16.0,B01
201800057076,2.0,30,0,0.0,2.0,1.0,16.0,A01
201800057077,0.0,37,30,0.0,1.0,7.0,1.0,A01
201800057078,1.0,33,0,0.0,0.0,0.0,17.0,A01
201800057079,0.0,30,0,0.0,1.0,1.0,1.0,A01
201800057080,2.0,32,0,0.0,2.0,1.0,1.0,B01
201800057080,0.0,10,0,0.0,2.0,5.0,19.0,A01
201800057081,0.0,7,0,0.0,0.0,0.0,16.0,A01
201800057082,0.0,30,0,0.0,2.0,1.0,1.0,A01
201800057082,0.0,2,0,0.0,2.0,4.0,14.0,B01
201800057083,0.0,7,0,0.0,2.0,3.0,9.0,A01
201800057083,0.0,2,0,0.0,2.0,1.0,1.0,B01
201800057084,1.0,7,0,0.0,0.0,1.0,1.0,A01
201800057084,1.0,2,0,0.0,2.0,1.0,1.0,B01
201800057085,1.0,7,0,6.0,0.0,9.0,13.0,A01
201800057086,0.0,30,0,0.0,2.0,1.0,19.0,A01
201800057086,0.0,7,0,0.0,2.0,3.0,15.0,B01
201800057087,1.0,33,0,0.0,0.0,1.0,16.0,A01
201800057087,2.0,7,0,0.0,0.0,8.0,15.0,B01
201800057088,0.0,30,0,0.0,0.0,0.0,0.0,A01
201800057089,0.0,10,0,0.0,2.0,2.0,1.0,A01
201800057089,0.0,1,0,0.0,2.0,3.0,1.0,B01
201800057090,1.0,7,0,0.0,2.0,3.0,15.0,A01
201800057090,0.0,7,0,0.0,2.0,8.0,1.0,B01
201800057091,1.0,7,0,0.0,2.0,3.0,1.0,B01
201800057091,1.0,7,0,0.0,2.0,9.0,19.0,A01
201800057091,1.0,7,0,0.0,2.0,3.0,23.0,C01
201800057092,1.0,7,0,0.0,2.0,8.0,0.0,B01
201800057092,2.0,7,0,0.0,2.0,1.0,0.0,A01
201800057092,2.0,7,0,0.0,2.0,6.0,0.0,C01
201800057093,0.0,2,0,0.0,1.0,0.0,1.0,A01
201800057094,1.0,10,0,0.0,2.0,7.0,15.0,A01
201800057094,1.0,2,0,0.0,2.0,8.0,1.0,B01
201800057095,2.0,30,0,12.0,0.0,1.0,2.0,A01
201800057096,1.0,7,0,0.0,2.0,1.0,1.0,B01
201800057096,1.0,7,0,0.0,2.0,8.0,19.0,A01
201800057097,1.0,1,0,0.0,2.0,1.0,15.0,A01
201800057097,1.0,7,0,0.0,2.0,2.0,1.0,B01
201800057098,2.0,7,0,0.0,6.0,8.0,15.0,B01
201800057098,1.0,2,0,0.0,2.0,8.0,1.0,A01
201800057099,1.0,32,0,0.0,2.0,7.0,1.0,B01
201800057099,1.0,7,0,0.0,2.0,2.0,15.0,A01
201800057100,0.0,10,0,0.0,2.0,8.0,1.0,B01
201800057100,0.0,10,0,0.0,2.0,1.0,1.0,A01
201800057101,1.0,7,0,0.0,2.0,2.0,16.0,A01
201800057101,1.0,2,0,0.0,2.0,1.0,18.0,B01
201800057102,1.0,7,0,0.0,2.0,2.0,19.0,A01
201800057102,1.0,32,0,0.0,2.0,8.0,1.0,B01
201800057103,0.0,30,0,0.0,2.0,1.0,14.0,A01
201800057103,0.0,7,0,0.0,2.0,3.0,0.0,B01
201800057104,0.0,7,0,0.0,2.0,3.0,15.0,A01
201800057104,0.0,2,0,0.0,2.0,8.0,0.0,B01
201800057105,1.0,7,0,8.0,0.0,2.0,1.0,A01
201800057106,1.0,30,0,0.0,2.0,1.0,0.0,A01
201800057106,1.0,7,0,0.0,6.0,4.0,23.0,B01
201800057107,1.0,7,0,0.0,2.0,1.0,2.0,A01
201800057107,1.0,7,0,0.0,2.0,4.0,2.0,B01
201800057108,0.0,1,0,0.0,2.0,4.0,1.0,B01
201800057108,0.0,7,0,0.0,2.0,3.0,1.0,A01
201800057109,2.0,7,0,0.0,1.0,1.0,1.0,A01
201800057110,1.0,7,0,8.0,2.0,7.0,1.0,A01
201800057110,1.0,7,0,0.0,2.0,1.0,1.0,B01
201800057111,0.0,2,0,0.0,2.0,1.0,1.0,B01
201800057111,0.0,7,0,0.0,2.0,8.0,9.0,A01
201800057112,0.0,7,0,0.0,1.0,3.0,1.0,A01
201800057113,1.0,2,0,1.0,0.0,1.0,1.0,A01
201800057113,1.0,7,0,0.0,2.0,6.0,24.0,B01
201800057114,0.0,7,0,0.0,2.0,0.0,0.0,B01
201800057114,0.0,7,0,0.0,2.0,0.0,0.0,A01
201800057115,1.0,7,0,0.0,2.0,6.0,15.0,A01
201800057115,1.0,33,0,0.0,2.0,1.0,1.0,B01
201800057116,0.0,7,0,0.0,2.0,3.0,0.0,B01
201800057116,0.0,1,0,0.0,2.0,1.0,1.0,A01
201800057117,1.0,7,0,0.0,2.0,6.0,1.0,B01
201800057117,1.0,7,0,0.0,2.0,1.0,0.0,A01
201800057118,1.0,10,0,0.0,1.0,1.0,1.0,A01
201800057119,1.0,7,0,0.0,2.0,3.0,0.0,B01
201800057119,0.0,1,0,0.0,2.0,6.0,19.0,A01
201800057120,1.0,2,0,0.0,2.0,7.0,17.0,B01
201800057120,0.0,7,0,0.0,2.0,2.0,19.0,A01
201800057121,0.0,7,0,0.0,2.0,2.0,17.0,A01
201800057121,0.0,1,0,0.0,2.0,0.0,1.0,B01
201800057122,0.0,30,0,0.0,2.0,1.0,5.0,A01
201800057122,0.0,34,0,0.0,2.0,1.0,1.0,B01
201800057123,1.0,7,0,0.0,2.0,3.0,15.0,B01
201800057123,1.0,2,0,0.0,2.0,1.0,17.0,A01
201800057124,1.0,2,0,0.0,2.0,1.0,1.0,B01
201800057124,1.0,7,0,0.0,2.0,2.0,15.0,A01
201800057125,1.0,7,0,0.0,2.0,3.0,19.0,A01
201800057125,0.0,2,0,0.0,2.0,2.0,1.0,B01
201800057126,0.0,7,0,0.0,2.0,3.0,15.0,A01
201800057126,1.0,2,0,0.0,2.0,1.0,1.0,B01
201800057127,0.0,7,0,0.0,2.0,1.0,13.0,B01
201800057127,0.0,30,0,0.0,2.0,1.0,1.0,A01
201800057128,0.0,2,0,0.0,2.0,1.0,17.0,B01
201800057128,0.0,7,0,0.0,2.0,3.0,1.0,A01
201800057129,1.0,7,0,0.0,2.0,5.0,16.0,A01
201800057129,1.0,37,10,0.0,2.0,3.0,1.0,B01
201800057130,0.0,1,0,0.0,6.0,8.0,2.0,B01
201800057130,0.0,7,0,0.0,2.0,2.0,2.0,A01
201800057131,1.0,10,0,0.0,2.0,3.0,15.0,A01
201800057131,1.0,2,0,0.0,2.0,1.0,1.0,B01
201800057132,1.0,2,0,0.0,2.0,8.0,1.0,B01
201800057132,1.0,7,0,0.0,2.0,1.0,15.0,A01
201800057133,1.0,7,0,0.0,6.0,1.0,17.0,A01
201800057133,2.0,2,0,0.0,2.0,8.0,1.0,B01
201800057134,1.0,30,0,0.0,1.0,1.0,1.0,A01
201800057135,1.0,7,0,0.0,2.0,8.0,15.0,A01
201800057135,1.0,33,0,0.0,0.0,0.0,0.0,B01
201800057136,1.0,7,0,16.0,2.0,1.0,2.0,A01
201800057136,1.0,7,0,16.0,2.0,4.0,2.0,B01
201800057137,0.0,7,0,0.0,2.0,8.0,22.0,A01
201800057137,0.0,2,0,0.0,2.0,1.0,1.0,B01
201800057138,1.0,7,0,0.0,1.0,2.0,1.0,A01
201800057139,0.0,7,0,0.0,2.0,1.0,13.0,A01
201800057139,0.0,30,0,0.0,2.0,1.0,16.0,B01
201800057140,1.0,7,0,0.0,6.0,8.0,17.0,A01
201800057140,0.0,2,0,0.0,2.0,1.0,2.0,B01
201800057141,0.0,2,0,0.0,2.0,1.0,2.0,A01
201800057141,0.0,10,0,0.0,2.0,5.0,1.0,B01
201800057142,0.0,10,0,0.0,1.0,2.0,15.0,A01
201800057143,1.0,7,0,0.0,1.0,3.0,1.0,A01
201800057144,0.0,2,0,0.0,0.0,0.0,1.0,A01
201800057145,2.0,2,0,0.0,2.0,8.0,1.0,B01
201800057145,2.0,7,0,0.0,2.0,2.0,1.0,A01
201800057146,1.0,37,9,0.0,2.0,7.0,1.0,B01
201800057146,0.0,7,0,0.0,2.0,7.0,1.0,A01
201800057147,1.0,7,0,0.0,2.0,3.0,15.0,B01
201800057147,1.0,2,0,0.0,2.0,0.0,0.0,A01
201800057148,1.0,30,0,12.0,0.0,7.0,1.0,A01
201800057149,0.0,30,0,0.0,1.0,8.0,19.0,A01
201800057150,1.0,7,0,0.0,2.0,1.0,1.0,A01
201800057150,1.0,7,0,0.0,0.0,6.0,1.0,B01
201800057151,1.0,2,0,3.0,0.0,0.0,1.0,A01
201800057152,0.0,30,0,0.0,2.0,1.0,1.0,A01
201800057152,0.0,1,0,0.0,0.0,8.0,19.0,B01
201800057153,1.0,7,0,0.0,2.0,1.0,16.0,A01
201800057153,1.0,7,0,0.0,2.0,3.0,19.0,B01
201800057154,2.0,1,0,0.0,2.0,1.0,13.0,B01
201800057154,1.0,7,0,0.0,2.0,3.0,21.0,M01
201800057155,1.0,7,0,0.0,0.0,0.0,14.0,A01
201800057156,1.0,99,0,0.0,1.0,1.0,0.0,A01
201800057157,2.0,33,0,0.0,0.0,2.0,21.0,A01
201800057158,1.0,7,0,0.0,9.0,2.0,19.0,A01
201800057158,1.0,33,0,0.0,2.0,3.0,2.0,B01
201800057159,1.0,7,0,0.0,2.0,5.0,19.0,A01
201800057159,2.0,7,0,0.0,2.0,2.0,1.0,B01
201800057160,1.0,7,0,1.0,0.0,1.0,20.0,A01
201800057160,1.0,7,0,0.0,2.0,4.0,24.0,B01
201800057161,1.0,7,0,0.0,1.0,2.0,2.0,A01
201800057162,1.0,2,0,0.0,0.0,0.0,0.0,A01
201800057163,1.0,2,0,0.0,0.0,0.0,0.0,A01
201800057164,1.0,2,0,0.0,2.0,1.0,12.0,A01
201800057164,1.0,7,0,0.0,2.0,7.0,15.0,B01
201800057165,1.0,7,0,0.0,2.0,5.0,19.0,B01
201800057165,1.0,7,0,0.0,2.0,1.0,19.0,A01
201800057166,1.0,7,0,0.0,2.0,1.0,13.0,A01
201800057166,2.0,7,0,0.0,2.0,1.0,1.0,B01
201800057167,1.0,7,0,0.0,2.0,5.0,2.0,A01
201800057167,2.0,7,0,0.0,2.0,1.0,9.0,B01
201800057168,1.0,7,0,0.0,9.0,3.0,9.0,A01
201800057168,1.0,1,0,0.0,2.0,1.0,1.0,B01
201800057169,2.0,7,0,0.0,2.0,3.0,10.0,A01
201800057169,2.0,33,0,0.0,2.0,2.0,21.0,B01
201800057170,1.0,7,0,8.0,0.0,1.0,19.0,R01
201800057171,1.0,30,0,8.0,0.0,0.0,0.0,A01
201800057172,0.0,99,0,0.0,2.0,0.0,0.0,R01
201800057172,1.0,7,0,0.0,2.0,2.0,1.0,A01
201800057173,1.0,33,0,0.0,2.0,3.0,21.0,A01
201800057173,1.0,7,0,0.0,2.0,8.0,11.0,B01
201800057173,1.0,7,0,0.0,2.0,7.0,1.0,C01
201800057174,1.0,7,0,0.0,2.0,1.0,2.0,A01
201800057174,1.0,7,0,0.0,2.0,4.0,1.0,B01
201800057175,1.0,30,0,1.0,0.0,7.0,1.0,A01
201800057175,0.0,7,0,1.0,0.0,3.0,22.0,B01
201800057176,1.0,7,0,0.0,2.0,1.0,1.0,B01
201800057176,1.0,7,0,0.0,2.0,7.0,16.0,A01
201800057177,0.0,33,0,0.0,2.0,3.0,18.0,A01
201800057177,0.0,10,0,0.0,2.0,2.0,16.0,B01
201800057178,0.0,7,0,0.0,1.0,1.0,0.0,A01
201800057179,2.0,7,0,0.0,1.0,1.0,21.0,A01
201800057180,1.0,7,0,0.0,2.0,1.0,1.0,A01
201800057180,1.0,7,0,0.0,2.0,4.0,2.0,B01
201800057180,1.0,7,0,0.0,2.0,4.0,2.0,C01
201800057181,1.0,2,0,0.0,1.0,1.0,1.0,A01
201800057182,1.0,7,0,0.0,1.0,3.0,15.0,A01
201800057183,0.0,1,0,0.0,2.0,1.0,21.0,B01
201800057183,0.0,7,0,0.0,2.0,7.0,0.0,A01
201800057184,1.0,7,0,6.0,1.0,1.0,1.0,A01
201800057185,1.0,7,0,0.0,2.0,6.0,9.0,A01
201800057185,1.0,33,0,14.0,2.0,1.0,9.0,B01
201800057186,0.0,30,0,14.0,0.0,1.0,1.0,A01
201800057187,2.0,7,0,0.0,2.0,3.0,1.0,B01
201800057187,1.0,7,0,0.0,2.0,2.0,19.0,A01
201800057188,1.0,7,0,0.0,2.0,2.0,1.0,A01
201800057188,2.0,7,0,0.0,2.0,6.0,23.0,B01
201800057189,1.0,33,0,0.0,2.0,1.0,17.0,A01
201800057189,2.0,7,0,0.0,2.0,3.0,15.0,B01
201800057190,0.0,1,0,0.0,2.0,4.0,16.0,A01
201800057190,2.0,7,0,0.0,6.0,0.0,0.0,B01
201800057191,1.0,33,0,14.0,0.0,0.0,0.0,A01
201800057192,2.0,7,0,0.0,2.0,0.0,0.0,A01
201800057192,2.0,7,0,0.0,2.0,6.0,2.0,B01
201800057192,2.0,7,0,0.0,2.0,8.0,2.0,C01
201800057193,0.0,7,0,0.0,1.0,3.0,16.0,A01
201800057194,0.0,7,0,0.0,2.0,1.0,19.0,A01
201800057194,0.0,7,0,0.0,2.0,2.0,19.0,B01
201800057195,0.0,7,0,0.0,2.0,4.0,0.0,A01
201800057195,0.0,7,0,0.0,2.0,4.0,0.0,B01
201800057195,0.0,7,0,0.0,2.0,1.0,0.0,C01
201800057196,0.0,1,0,0.0,2.0,1.0,19.0,A01
201800057196,1.0,15,0,0.0,6.0,5.0,0.0,B01
201800057197,1.0,7,0,0.0,2.0,3.0,12.0,A01
201800057197,2.0,7,0,0.0,2.0,0.0,0.0,B01
201800057198,1.0,10,0,0.0,2.0,2.0,14.0,A01
201800057198,1.0,33,0,3.0,2.0,8.0,3.0,B01
201800057199,0.0,7,0,0.0,1.0,3.0,1.0,A01
201800057200,1.0,7,0,0.0,2.0,2.0,14.0,A01
201800057200,2.0,7,0,0.0,2.0,6.0,1.0,B01
201800057201,2.0,7,0,0.0,2.0,6.0,0.0,A01
201800057201,1.0,32,0,0.0,2.0,0.0,0.0,B01
201800057202,1.0,1,0,0.0,2.0,1.0,1.0,B01
201800057202,1.0,7,0,0.0,6.0,3.0,15.0,A01
201800057203,1.0,7,0,14.0,2.0,3.0,12.0,A01
201800057203,2.0,31,0,14.0,2.0,3.0,3.0,B01
201800057204,1.0,7,0,0.0,0.0,8.0,15.0,A01
201800057204,1.0,33,0,0.0,2.0,1.0,17.0,B01
201800057205,0.0,1,0,14.0,2.0,3.0,9.0,A01
201800057205,1.0,7,0,0.0,2.0,1.0,1.0,B01
201800057206,1.0,10,0,0.0,6.0,3.0,22.0,A01
201800057206,1.0,1,0,1.0,0.0,1.0,2.0,B01
201800057207,1.0,32,0,0.0,0.0,1.0,1.0,A01
201800057208,1.0,10,0,0.0,2.0,3.0,15.0,A01
201800057208,2.0,2,0,0.0,2.0,1.0,1.0,B01
201800057209,1.0,10,0,0.0,2.0,4.0,2.0,A01
201800057209,1.0,33,0,0.0,2.0,8.0,2.0,B01
201800057210,0.0,10,0,0.0,2.0,8.0,15.0,A01
201800057210,1.0,31,0,0.0,2.0,1.0,1.0,B01
201800057211,0.0,1,0,0.0,1.0,1.0,13.0,A01
201800057212,1.0,7,0,0.0,2.0,3.0,13.0,A01
201800057212,2.0,7,0,0.0,2.0,3.0,1.0,B01
201800057213,1.0,32,0,1.0,0.0,5.0,13.0,A01
201800057214,2.0,7,0,0.0,1.0,2.0,0.0,A01
201800057215,0.0,7,0,0.0,2.0,8.0,11.0,A01
201800057215,0.0,33,0,0.0,2.0,0.0,17.0,B01
201800057216,1.0,10,0,0.0,2.0,7.0,14.0,A01
201800057216,1.0,10,0,0.0,2.0,8.0,1.0,B01
201800057216,1.0,10,0,0.0,6.0,7.0,0.0,C01
201800057217,1.0,7,0,0.0,2.0,1.0,2.0,A01
201800057217,1.0,7,0,0.0,2.0,4.0,2.0,B01
201800057218,0.0,7,0,14.0,2.0,2.0,1.0,B01
201800057218,1.0,7,0,14.0,2.0,2.0,15.0,A01
201800057219,2.0,1,0,0.0,2.0,4.0,1.0,B01
201800057219,1.0,7,0,0.0,2.0,1.0,1.0,A01
201800057220,1.0,31,0,0.0,2.0,2.0,3.0,A01
201800057220,1.0,7,0,0.0,2.0,8.0,1.0,B01
201800057221,1.0,7,0,0.0,2.0,4.0,2.0,A01
201800057221,1.0,7,0,0.0,2.0,1.0,2.0,B01
201800057222,2.0,7,0,0.0,2.0,2.0,1.0,A01
201800057222,2.0,10,0,0.0,2.0,1.0,1.0,B01
201800057223,2.0,2,0,0.0,2.0,4.0,1.0,A01
201800057224,0.0,7,0,0.0,2.0,1.0,1.0,A01
201800057224,0.0,10,0,0.0,2.0,4.0,23.0,B01
201800057225,1.0,7,0,0.0,2.0,1.0,9.0,A01
201800057225,0.0,1,0,0.0,2.0,2.0,1.0,B01
201800057226,0.0,7,0,0.0,6.0,5.0,16.0,A01
201800057226,0.0,1,0,0.0,2.0,1.0,15.0,B01
201800057227,0.0,7,0,0.0,1.0,2.0,0.0,A01
201800057228,0.0,30,0,0.0,0.0,1.0,1.0,A01
201800057229,1.0,33,0,14.0,0.0,1.0,21.0,A01
201800057229,1.0,31,0,14.0,2.0,4.0,23.0,B01
201800057230,0.0,7,0,0.0,2.0,2.0,17.0,A01
201800057230,0.0,1,0,0.0,2.0,8.0,2.0,B01
201800057231,0.0,7,0,8.0,0.0,3.0,13.0,A01
201800057232,0.0,10,0,0.0,2.0,3.0,15.0,A01
201800057232,0.0,33,0,0.0,2.0,1.0,15.0,B01
201800057233,0.0,33,0,0.0,2.0,1.0,17.0,A01
201800057233,0.0,1,0,0.0,2.0,4.0,2.0,B01
201800057234,1.0,7,0,0.0,2.0,1.0,0.0,A01
201800057234,1.0,7,0,0.0,2.0,6.0,2.0,B01
201800057234,1.0,13,0,0.0,2.0,4.0,1.0,C01
201800057234,1.0,7,0,3.0,2.0,6.0,0.0,D01
201800057235,1.0,7,0,0.0,2.0,1.0,19.0,A01