Num_Acc,senc,catv,occutc,obs,obsm,choc,manv,num_veh
201800057235,0.0,7,0,0.0,2.0,6.0,0.0,B01
201800057236,1.0,7,0,0.0,2.0,3.0,13.0,A01
201800057236,1.0,33,0,0.0,2.0,0.0,19.0,B01
201800057237,2.0,7,0,3.0,0.0,1.0,9.0,A01
201800057238,0.0,13,0,0.0,2.0,3.0,21.0,A01
201800057238,0.0,7,0,0.0,2.0,7.0,15.0,B01
201800057239,1.0,7,0,5.0,0.0,8.0,1.0,A01
201800057240,1.0,33,0,1.0,2.0,1.0,1.0,A01
201800057240,0.0,7,0,0.0,2.0,4.0,24.0,C01
201800057240,1.0,7,0,0.0,2.0,6.0,1.0,B01
201800057241,1.0,33,0,0.0,2.0,1.0,2.0,A01
201800057241,0.0,32,0,0.0,2.0,6.0,19.0,B01
201800057242,2.0,7,0,0.0,2.0,3.0,13.0,A01
201800057242,1.0,10,0,0.0,2.0,3.0,1.0,B01
201800057243,1.0,31,0,0.0,2.0,1.0,1.0,A01
201800057243,2.0,7,0,0.0,2.0,3.0,1.0,B01
201800057244,1.0,7,0,0.0,2.0,2.0,13.0,A01
201800057244,1.0,1,0,0.0,2.0,4.0,2.0,B01
201800057245,1.0,1,0,0.0,0.0,5.0,0.0,A01
201800057245,1.0,10,0,1.0,0.0,5.0,0.0,B01
201800057246,2.0,7,0,0.0,1.0,2.0,1.0,A01
201800057247,2.0,30,0,5.0,0.0,3.0,13.0,A01
201800057248,1.0,10,0,0.0,2.0,2.0,15.0,A01
201800057248,1.0,2,0,0.0,2.0,3.0,1.0,B01
201800057249,2.0,30,0,0.0,1.0,1.0,0.0,A01
201800057250,0.0,2,0,0.0,0.0,0.0,0.0,B01
201800057250,0.0,10,0,0.0,2.0,8.0,15.0,A01
201800057251,1.0,10,0,0.0,2.0,1.0,1.0,B01
201800057251,2.0,7,0,13.0,2.0,7.0,13.0,G01
201800057252,1.0,7,0,0.0,1.0,7.0,1.0,A01
201800057253,1.0,1,0,0.0,2.0,7.0,13.0,A01
201800057253,2.0,7,0,0.0,2.0,2.0,1.0,B01
201800057254,1.0,7,0,0.0,0.0,9.0,2.0,A01
201800057255,2.0,7,0,0.0,2.0,3.0,13.0,A01
201800057255,1.0,7,0,0.0,2.0,6.0,1.0,B01
201800057256,0.0,1,0,0.0,2.0,4.0,2.0,A01
201800057256,0.0,7,0,0.0,2.0,4.0,2.0,B01
201800057257,1.0,7,0,0.0,2.0,1.0,13.0,A01
201800057257,1.0,7,0,0.0,2.0,1.0,0.0,B01
201800057258,1.0,7,0,0.0,2.0,3.0,15.0,A01
201800057258,2.0,2,0,0.0,2.0,1.0,1.0,B01
201800057259,2.0,7,0,0.0,1.0,2.0,1.0,A01
201800057260,2.0,30,0,0.0,2.0,1.0,17.0,A01
201800057260,1.0,7,0,0.0,2.0,1.0,1.0,B01
201800057261,1.0,34,0,12.0,0.0,0.0,21.0,A01
201800057262,2.0,7,0,0.0,1.0,8.0,1.0,A01
201800057263,2.0,32,0,0.0,2.0,1.0,18.0,A01
201800057263,2.0,7,0,0.0,2.0,2.0,16.0,B01
201800057264,2.0,7,0,0.0,2.0,8.0,15.0,A01
201800057264,1.0,1,0,0.0,2.0,1.0,1.0,B01
201800057265,0.0,7,0,0.0,2.0,2.0,19.0,A01
201800057265,0.0,2,0,0.0,0.0,0.0,0.0,B01
201800057266,1.0,7,0,0.0,2.0,2.0,15.0,A01
201800057266,2.0,30,0,0.0,2.0,1.0,1.0,B01
201800057267,1.0,33,0,0.0,0.0,2.0,1.0,A01
201800057268,1.0,7,0,0.0,2.0,1.0,0.0,A01
201800057268,1.0,1,0,0.0,2.0,0.0,0.0,B01
201800057269,1.0,3,0,0.0,2.0,6.0,17.0,B01
201800057269,1.0,99,0,0.0,2.0,2.0,17.0,A01
201800057270,1.0,33,0,0.0,2.0,1.0,17.0,A01
201800057270,1.0,7,0,16.0,0.0,3.0,20.0,B01
201800057271,2.0,7,0,0.0,2.0,4.0,0.0,A01
201800057271,2.0,7,0,0.0,2.0,1.0,2.0,B01
201800057271,1.0,7,0,0.0,2.0,1.0,2.0,C01
201800057272,1.0,10,0,0.0,2.0,1.0,15.0,A01
201800057272,1.0,2,0,0.0,2.0,0.0,0.0,B01
201800057273,2.0,7,0,0.0,2.0,1.0,1.0,B01
201800057273,1.0,7,0,0.0,2.0,1.0,15.0,A01
201800057274,1.0,34,0,0.0,1.0,1.0,17.0,A01
201800057275,2.0,7,0,6.0,0.0,1.0,13.0,A01
201800057276,1.0,7,0,0.0,2.0,8.0,15.0,A01
201800057276,0.0,99,0,0.0,2.0,1.0,0.0,B01
201800057277,2.0,10,0,0.0,2.0,1.0,1.0,B01
201800057277,2.0,7,0,0.0,2.0,4.0,0.0,A01
201800057278,1.0,7,0,0.0,2.0,1.0,15.0,B01
201800057278,1.0,30,0,0.0,2.0,1.0,17.0,A01
201800057279,0.0,7,0,0.0,0.0,2.0,0.0,A01
201800057280,2.0,7,0,0.0,2.0,3.0,13.0,A01
201800057280,1.0,7,0,0.0,2.0,3.0,1.0,B01
201800057281,1.0,7,0,0.0,1.0,1.0,15.0,A01
201800057282,2.0,7,0,13.0,0.0,3.0,16.0,A01
201800057283,1.0,7,0,0.0,1.0,2.0,0.0,A01
201800057284,1.0,2,0,0.0,2.0,7.0,19.0,A01
201800057284,2.0,7,0,0.0,2.0,1.0,19.0,B01
201800057285,1.0,7,0,0.0,2.0,1.0,1.0,A01
201800057285,2.0,33,0,4.0,0.0,8.0,13.0,B01
201800057286,2.0,7,0,0.0,1.0,1.0,15.0,A01
201800057287,1.0,7,0,0.0,1.0,1.0,15.0,A01
201800057288,1.0,7,0,0.0,2.0,0.0,4.0,C01
201800057288,1.0,37,0,0.0,2.0,3.0,1.0,A01
201800057288,2.0,1,0,0.0,2.0,1.0,1.0,B01
201800057289,2.0,7,0,0.0,1.0,1.0,1.0,A01
201800057290,1.0,33,0,0.0,2.0,1.0,1.0,A01
201800057290,1.0,7,0,0.0,2.0,2.0,9.0,B01
201800057290,1.0,7,0,1.0,2.0,6.0,24.0,C01
201800057291,1.0,7,0,0.0,1.0,2.0,15.0,A01
201800057292,1.0,7,0,0.0,1.0,2.0,15.0,A01
201800057293,1.0,7,0,14.0,1.0,1.0,24.0,A01
201800057294,1.0,7,0,0.0,2.0,7.0,14.0,A01
201800057294,1.0,33,0,0.0,2.0,8.0,1.0,B01
201800057295,1.0,10,0,0.0,2.0,1.0,19.0,A01
201800057295,1.0,7,0,9.0,2.0,8.0,19.0,B01
201800057296,1.0,7,0,0.0,2.0,7.0,2.0,A01
201800057296,2.0,7,0,0.0,2.0,3.0,2.0,B01
201800057297,1.0,7,0,0.0,2.0,2.0,0.0,A01
201800057297,2.0,7,0,0.0,2.0,1.0,21.0,B01
201800057298,1.0,33,0,0.0,2.0,1.0,21.0,B01
201800057299,1.0,7,0,0.0,2.0,1.0,5.0,B01
201800057299,1.0,7,0,0.0,2.0,1.0,1.0,A01
201800057300,1.0,7,0,0.0,1.0,2.0,15.0,A01
201800057301,1.0,2,0,0.0,2.0,1.0,19.0,B01
201800057301,1.0,7,0,0.0,2.0,8.0,19.0,A01
201800057302,0.0,30,0,0.0,1.0,1.0,0.0,A01
201800057303,2.0,7,0,0.0,2.0,3.0,19.0,B01
201800057303,1.0,7,0,0.0,2.0,3.0,19.0,A01
201800057304,1.0,7,0,0.0,1.0,1.0,21.0,A01
201800057305,1.0,7,0,0.0,2.0,4.0,23.0,A01
201800057305,1.0,7,0,0.0,2.0,4.0,23.0,B01
201800057305,1.0,7,0,0.0,2.0,4.0,23.0,C01
201800057305,1.0,7,0,0.0,2.0,4.0,23.0,D01
201800057306,0.0,7,0,0.0,1.0,3.0,1.0,A01
201800057307,1.0,7,0,0.0,1.0,1.0,0.0,A01
201800057308,1.0,7,0,0.0,2.0,6.0,15.0,A01
201800057308,1.0,2,0,0.0,2.0,2.0,17.0,B01
201800057309,2.0,7,0,4.0,0.0,2.0,14.0,A01
201800057310,2.0,7,0,0.0,2.0,3.0,15.0,A01
201800057310,1.0,1,0,0.0,2.0,3.0,1.0,B01
201800057311,2.0,10,0,0.0,2.0,3.0,13.0,A01
201800057311,1.0,14,0,0.0,2.0,3.0,1.0,B01
201800057312,1.0,99,0,0.0,2.0,3.0,1.0,A01
201800057312,2.0,99,0,0.0,2.0,1.0,8.0,B01
201800057313,1.0,7,0,2.0,2.0,1.0,0.0,A01
201800057313,1.0,10,0,9.0,2.0,1.0,0.0,B01
201800057314,2.0,7,0,16.0,2.0,1.0,19.0,A01
201800057314,1.0,34,0,0.0,2.0,7.0,3.0,B01
201800057315,1.0,30,0,0.0,2.0,1.0,0.0,A01
201800057315,2.0,10,0,0.0,2.0,3.0,5.0,B01
201800057316,1.0,30,0,0.0,2.0,1.0,17.0,A01
201800057316,1.0,7,0,0.0,2.0,3.0,15.0,B01
201800057317,0.0,7,0,0.0,2.0,0.0,1.0,B01
201800057317,0.0,33,0,0.0,2.0,8.0,1.0,A01
201800057318,1.0,7,0,0.0,6.0,4.0,2.0,A01
201800057318,1.0,7,0,0.0,2.0,1.0,2.0,B01
201800057319,1.0,7,0,0.0,0.0,2.0,13.0,A01
201800057320,1.0,7,0,4.0,0.0,1.0,13.0,A01
201800057321,0.0,10,0,0.0,1.0,4.0,0.0,A01
201800057322,2.0,37,81,0.0,1.0,5.0,10.0,A01
201800057323,0.0,1,0,0.0,2.0,1.0,7.0,B01
201800057323,0.0,7,0,0.0,2.0,3.0,15.0,Z01
201800057324,0.0,7,0,9.0,1.0,6.0,0.0,A01
201800057325,2.0,7,0,0.0,1.0,3.0,0.0,A01
201800057326,2.0,7,0,0.0,6.0,5.0,20.0,A01
201800057326,2.0,1,0,0.0,2.0,3.0,0.0,B01
201800057327,1.0,30,0,0.0,1.0,8.0,0.0,A01
201800057328,1.0,7,0,0.0,0.0,8.0,14.0,A01
201800057329,1.0,7,0,0.0,2.0,6.0,0.0,A01
201800057329,1.0,30,0,0.0,2.0,1.0,0.0,B01
201800057330,0.0,7,0,0.0,1.0,1.0,15.0,A01
201800057331,1.0,7,0,0.0,2.0,1.0,1.0,A01
201800057331,1.0,7,0,0.0,2.0,4.0,1.0,B01
201800057332,2.0,33,0,0.0,2.0,1.0,0.0,A01
201800057332,1.0,37,15,0.0,2.0,8.0,15.0,B01
201800057333,1.0,7,0,0.0,1.0,7.0,1.0,A01
201800057334,1.0,15,0,0.0,2.0,2.0,12.0,A01
201800057334,1.0,7,0,4.0,2.0,8.0,1.0,B01
201800057335,0.0,7,0,0.0,2.0,1.0,2.0,A01
201800057335,1.0,1,0,0.0,2.0,4.0,2.0,B01
201800057336,2.0,7,0,0.0,2.0,3.0,21.0,A01
201800057336,0.0,33,0,0.0,2.0,6.0,15.0,B01
201800057337,0.0,37,1,0.0,1.0,1.0,1.0,A01
201800057338,0.0,30,0,0.0,1.0,1.0,8.0,A01
201800057339,2.0,7,0,0.0,1.0,1.0,0.0,A01
201800057340,1.0,7,0,0.0,1.0,2.0,1.0,A01
201800057341,2.0,33,0,0.0,2.0,7.0,16.0,A01
201800057341,2.0,7,0,0.0,2.0,3.0,1.0,B01
201800057342,0.0,33,0,0.0,0.0,0.0,16.0,A01
201800057343,1.0,7,0,0.0,0.0,0.0,0.0,C01
201800057343,1.0,7,0,2.0,2.0,6.0,1.0,B01
201800057343,1.0,15,0,0.0,2.0,2.0,14.0,A01
201800057344,1.0,7,0,0.0,0.0,0.0,0.0,A01
201800057344,2.0,32,0,0.0,2.0,0.0,0.0,B01
201800057345,0.0,7,0,0.0,2.0,0.0,15.0,A01
201800057345,2.0,2,0,0.0,2.0,7.0,0.0,B01
201800057346,0.0,7,0,0.0,2.0,2.0,19.0,A01
201800057346,0.0,33,0,0.0,2.0,1.0,19.0,B01
201800057347,0.0,30,0,12.0,0.0,1.0,15.0,A01
201800057348,1.0,15,0,0.0,1.0,2.0,1.0,A01
201800057349,1.0,7,0,13.0,2.0,3.0,0.0,A01
201800057349,2.0,7,0,0.0,0.0,7.0,13.0,B01
201800057350,1.0,7,0,0.0,2.0,5.0,0.0,A01
201800057350,0.0,7,0,0.0,2.0,3.0,15.0,B01
201800057351,1.0,33,0,0.0,2.0,1.0,11.0,A01
201800057351,0.0,7,0,0.0,2.0,6.0,2.0,B01
201800057352,2.0,7,0,0.0,2.0,3.0,1.0,A01
201800057352,1.0,30,0,0.0,2.0,1.0,5.0,B01
201800057353,1.0,34,0,0.0,2.0,1.0,17.0,A01
201800057353,1.0,7,0,0.0,2.0,7.0,15.0,B01
201800057354,1.0,7,0,0.0,1.0,1.0,0.0,Z01
201800057355,2.0,7,0,0.0,2.0,1.0,1.0,A01
201800057355,1.0,7,0,0.0,2.0,1.0,15.0,B01
201800057355,1.0,7,0,0.0,2.0,1.0,23.0,C01
201800057356,2.0,10,0,0.0,2.0,7.0,15.0,A01
201800057356,1.0,7,0,0.0,2.0,2.0,1.0,B01
201800057357,1.0,7,0,0.0,2.0,6.0,16.0,A01
201800057357,0.0,33,0,0.0,2.0,7.0,1.0,B01
201800057358,1.0,37,1,0.0,1.0,2.0,15.0,A01
201800057359,1.0,7,0,0.0,1.0,3.0,2.0,A01
201800057360,1.0,7,0,0.0,1.0,3.0,9.0,A01
201800057361,2.0,32,0,0.0,1.0,6.0,1.0,A01
201800057362,0.0,37,1,0.0,2.0,3.0,23.0,A01
201800057362,0.0,31,0,0.0,2.0,1.0,14.0,B01
201800057363,1.0,7,0,0.0,1.0,3.0,15.0,A01
201800057364,1.0,7,0,0.0,2.0,3.0,15.0,A01
201800057364,1.0,33,0,0.0,2.0,5.0,17.0,B01
201800057365,1.0,7,0,0.0,2.0,3.0,1.0,B01
201800057365,1.0,1,0,0.0,2.0,1.0,8.0,A01
201800057366,2.0,7,0,0.0,0.0,9.0,0.0,A01
201800057367,0.0,7,0,0.0,1.0,2.0,16.0,A01
201800057368,0.0,7,0,0.0,1.0,2.0,15.0,A01
201800057369,1.0,7,0,1.0,1.0,3.0,23.0,A01
201800057370,0.0,31,0,0.0,2.0,1.0,0.0,B01
201800057370,2.0,7,0,0.0,2.0,2.0,15.0,A01
201800057371,1.0,37,53,0.0,1.0,2.0,16.0,A01
201800057372,0.0,7,0,0.0,1.0,0.0,20.0,A01
201800057373,1.0,7,0,0.0,1.0,6.0,0.0,A01
201800057374,1.0,30,0,0.0,2.0,2.0,5.0,A01
201800057374,1.0,7,0,0.0,2.0,1.0,1.0,B01
201800057375,0.0,7,0,0.0,2.0,1.0,2.0,A01
201800057375,0.0,7,0,0.0,6.0,4.0,2.0,B01
201800057376,1.0,10,0,0.0,1.0,2.0,1.0,A01
201800057377,1.0,33,0,0.0,2.0,1.0,1.0,B01
201800057377,2.0,30,0,0.0,2.0,7.0,15.0,A01
201800057378,1.0,7,0,0.0,2.0,5.0,15.0,A01
201800057378,2.0,31,0,0.0,2.0,1.0,1.0,B01
201800057379,0.0,30,0,0.0,2.0,6.0,0.0,A01
201800057379,0.0,7,0,0.0,2.0,6.0,23.0,B01
201800057379,1.0,7,0,0.0,2.0,7.0,23.0,C01
201800057380,1.0,33,0,0.0,2.0,1.0,0.0,A01
201800057380,0.0,7,0,0.0,2.0,7.0,0.0,B01
201800057381,1.0,33,0,0.0,1.0,1.0,21.0,A01
201800057382,2.0,7,0,0.0,2.0,1.0,1.0,B01
201800057382,1.0,7,0,0.0,2.0,7.0,1.0,A01
201800057383,2.0,2,0,0.0,2.0,1.0,13.0,B01
201800057383,1.0,7,0,0.0,2.0,3.0,13.0,A01
201800057384,2.0,7,0,0.0,1.0,3.0,0.0,A01
201800057385,1.0,7,0,0.0,2.0,3.0,1.0,B01
201800057385,1.0,7,0,0.0,2.0,2.0,9.0,A01
201800057386,0.0,7,0,0.0,2.0,5.0,19.0,A01
201800057386,0.0,31,0,0.0,0.0,0.0,0.0,B01
201800057387,1.0,7,0,0.0,2.0,3.0,16.0,A01
201800057387,2.0,32,0,0.0,2.0,1.0,1.0,B01
201800057388,2.0,31,0,0.0,0.0,0.0,0.0,B01
201800057388,2.0,7,0,12.0,0.0,3.0,15.0,A01
201800057389,1.0,33,0,0.0,2.0,1.0,1.0,A01
201800057389,2.0,1,0,0.0,2.0,6.0,5.0,B01
201800057390,1.0,30,0,0.0,2.0,1.0,2.0,A01
201800057390,2.0,7,0,0.0,2.0,4.0,2.0,B01
201800057391,2.0,7,0,0.0,1.0,1.0,0.0,A01
201800057392,0.0,7,0,15.0,0.0,2.0,14.0,A01
201800057393,1.0,7,0,0.0,0.0,1.0,11.0,A01
201800057394,2.0,7,0,0.0,0.0,1.0,0.0,A01
201800057395,1.0,7,0,12.0,1.0,7.0,1.0,A01
201800057396,1.0,99,0,4.0,0.0,0.0,14.0,A01
201800057397,2.0,7,0,0.0,2.0,1.0,2.0,A01
201800057397,2.0,7,0,0.0,2.0,4.0,2.0,B01
201800057398,1.0,7,0,0.0,2.0,8.0,15.0,A01
201800057398,1.0,31,0,0.0,2.0,2.0,17.0,B01
201800057399,1.0,7,0,0.0,6.0,2.0,15.0,A01
201800057399,1.0,99,0,0.0,2.0,1.0,16.0,B01
201800057400,1.0,7,0,0.0,2.0,1.0,13.0,A01
201800057400,2.0,7,0,0.0,2.0,3.0,13.0,B01
201800057401,1.0,7,0,0.0,2.0,1.0,2.0,B01
201800057401,1.0,7,0,0.0,2.0,4.0,2.0,C01
201800057401,1.0,7,0,0.0,2.0,1.0,2.0,D01
201800057401,1.0,7,0,0.0,2.0,1.0,2.0,E01
201800057401,1.0,7,0,0.0,2.0,1.0,2.0,K01
201800057402,2.0,31,0,5.0,2.0,6.0,17.0,A01
201800057403,1.0,7,0,0.0,9.0,1.0,15.0,B01
201800057403,1.0,1,0,0.0,2.0,1.0,5.0,A01
201800057404,2.0,7,0,0.0,2.0,7.0,15.0,B01
201800057404,1.0,33,0,0.0,2.0,1.0,21.0,A01
201800057405,1.0,31,0,0.0,0.0,0.0,1.0,A01
201800057406,1.0,7,0,3.0,0.0,3.0,1.0,A01
201800057407,1.0,7,0,0.0,1.0,1.0,9.0,A01
201800057408,2.0,7,0,0.0,0.0,1.0,14.0,A01
201800057409,2.0,31,0,0.0,0.0,7.0,21.0,A01
201800057410,1.0,7,0,0.0,2.0,1.0,11.0,A01
201800057410,2.0,10,0,0.0,2.0,1.0,21.0,B01
201800057411,1.0,7,0,0.0,2.0,4.0,2.0,B01
201800057411,1.0,7,0,0.0,2.0,1.0,9.0,A01
201800057412,1.0,33,0,0.0,2.0,1.0,5.0,A01
201800057412,2.0,7,0,0.0,2.0,1.0,13.0,B01
201800057413,1.0,7,0,0.0,0.0,5.0,1.0,A01
201800057413,2.0,7,0,0.0,2.0,3.0,1.0,F01
201800057414,1.0,34,0,0.0,0.0,2.0,21.0,A01
201800057415,2.0,7,0,0.0,2.0,7.0,15.0,A01
201800057415,1.0,1,0,0.0,2.0,1.0,1.0,B01
201800057416,2.0,7,0,4.0,0.0,6.0,23.0,A01
201800057416,2.0,31,0,1.0,0.0,1.0,21.0,B01
201800057417,2.0,37,10,0.0,1.0,7.0,1.0,A01
201800057418,2.0,7,0,0.0,1.0,1.0,1.0,A01
201800057419,2.0,7,0,1.0,0.0,2.0,1.0,A01
201800057420,1.0,7,0,0.0,2.0,0.0,2.0,A01
201800057420,1.0,1,0,0.0,2.0,3.0,2.0,B01
201800057421,2.0,2,0,0.0,2.0,1.0,5.0,A01
201800057421,2.0,10,0,0.0,2.0,3.0,1.0,B01
201800057422,1.0,31,0,0.0,2.0,8.0,18.0,B01
201800057422,1.0,7,0,0.0,9.0,7.0,14.0,A01
201800057423,2.0,7,0,0.0,1.0,1.0,1.0,A01
201800057424,1.0,7,0,14.0,0.0,2.0,1.0,A01
201800057425,1.0,7,0,0.0,1.0,4.0,20.0,A01
201800057426,1.0,7,0,0.0,2.0,1.0,21.0,A01
201800057426,1.0,33,0,0.0,2.0,3.0,15.0,B01
201800057427,1.0,7,0,0.0,1.0,3.0,2.0,A01
201800057428,1.0,33,0,8.0,0.0,8.0,14.0,A01
201800057429,2.0,7,0,0.0,9.0,4.0,23.0,C01
201800057429,2.0,7,0,0.0,9.0,4.0,23.0,D01
201800057429,2.0,7,0,0.0,9.0,4.0,23.0,B01
201800057429,2.0,7,0,0.0,2.0,2.0,2.0,A01
201800057430,2.0,7,0,0.0,1.0,8.0,19.0,A01
201800057431,2.0,34,0,6.0,0.0,7.0,15.0,A01
201800057432,2.0,7,0,0.0,2.0,3.0,17.0,A01
201800057432,1.0,30,0,0.0,2.0,3.0,1.0,B01
201800057433,1.0,7,0,0.0,2.0,3.0,9.0,B01
201800057433,1.0,31,0,0.0,2.0,7.0,9.0,A01
201800057434,2.0,7,0,0.0,1.0,1.0,19.0,B01
201800057434,2.0,7,0,0.0,1.0,3.0,19.0,A01
201800057435,1.0,7,0,0.0,2.0,6.0,15.0,A01
201800057435,1.0,7,0,0.0,2.0,1.0,1.0,B01
201800057436,1.0,31,0,12.0,0.0,1.0,1.0,A01
201800057437,2.0,37,1,1.0,0.0,7.0,20.0,A01
201800057437,2.0,7,0,0.0,2.0,8.0,24.0,B01
201800057438,1.0,37,0,0.0,2.0,1.0,1.0,A01
201800057438,2.0,33,0,0.0,2.0,1.0,13.0,B01
201800057439,1.0,37,0,0.0,2.0,3.0,15.0,B01
201800057439,2.0,7,0,0.0,2.0,1.0,13.0,A01
201800057440,2.0,7,0,0.0,0.0,1.0,9.0,A01
201800057441,1.0,10,0,4.0,0.0,8.0,0.0,A01
201800057442,2.0,7,0,0.0,2.0,4.0,1.0,A01
201800057442,2.0,33,0,0.0,2.0,1.0,2.0,B01
201800057443,1.0,7,0,0.0,2.0,5.0,23.0,A01
201800057443,1.0,31,0,0.0,2.0,1.0,11.0,B01
201800057444,1.0,7,0,0.0,2.0,3.0,13.0,A01
201800057444,1.0,7,0,0.0,2.0,2.0,0.0,B01
201800057445,1.0,7,0,0.0,2.0,2.0,1.0,A01
201800057445,1.0,7,0,0.0,2.0,6.0,1.0,B01
201800057446,0.0,31,0,0.0,2.0,2.0,13.0,B01
201800057446,0.0,7,0,0.0,2.0,3.0,19.0,A01
201800057447,1.0,33,0,5.0,0.0,1.0,16.0,A01
201800057448,1.0,33,0,1.0,2.0,4.0,0.0,A01
201800057449,2.0,33,0,0.0,2.0,1.0,17.0,A01
201800057449,2.0,10,0,0.0,2.0,6.0,2.0,B01
201800057449,1.0,7,0,0.0,2.0,8.0,0.0,C01
201800057450,1.0,33,0,0.0,0.0,0.0,0.0,A01
201800057451,2.0,7,0,0.0,2.0,1.0,13.0,A01
201800057451,1.0,7,0,0.0,2.0,1.0,0.0,B01
201800057452,1.0,30,0,0.0,0.0,0.0,2.0,A01
201800057453,2.0,7,0,7.0,2.0,1.0,1.0,A01
201800057453,2.0,7,0,0.0,2.0,4.0,1.0,B01
201800057454,1.0,7,0,0.0,6.0,3.0,13.0,A01
201800057454,2.0,1,0,0.0,2.0,1.0,21.0,B01
201800057455,1.0,7,0,0.0,2.0,1.0,13.0,A01
201800057455,2.0,7,0,0.0,2.0,3.0,1.0,B01
201800057456,1.0,10,0,0.0,0.0,4.0,2.0,A01
201800057456,1.0,30,0,0.0,2.0,1.0,2.0,B01
201800057457,1.0,7,0,0.0,2.0,1.0,1.0,A01
201800057457,1.0,7,0,0.0,2.0,4.0,1.0,B01
201800057458,1.0,7,0,0.0,2.0,4.0,1.0,A01
201800057458,0.0,7,0,0.0,2.0,1.0,2.0,B01
201800057459,1.0,7,0,6.0,0.0,3.0,16.0,A01
201800057460,1.0,31,0,0.0,2.0,3.0,13.0,A01
201800057460,1.0,7,0,0.0,6.0,3.0,1.0,B01
201800057461,2.0,7,0,0.0,2.0,2.0,1.0,B01
201800057461,2.0,7,0,0.0,2.0,3.0,15.0,A01
201800057462,2.0,7,0,0.0,2.0,1.0,1.0,A01
201800057462,2.0,7,0,0.0,2.0,4.0,2.0,B01
201800057462,2.0,7,0,0.0,2.0,8.0,1.0,C01
201800057462,1.0,7,0,0.0,2.0,0.0,1.0,D01
201800057463,2.0,7,0,0.0,0.0,0.0,0.0,A01
201800057463,1.0,7,0,0.0,0.0,0.0,0.0,B01
201800057464,2.0,7,0,0.0,2.0,3.0,13.0,A01
201800057464,2.0,33,0,0.0,2.0,7.0,17.0,B01
201800057465,1.0,7,0,0.0,1.0,1.0,1.0,A01
201800057466,1.0,34,0,0.0,0.0,3.0,2.0,A01
201800057466,1.0,7,0,0.0,0.0,3.0,15.0,B01
201800057467,1.0,7,0,0.0,2.0,1.0,1.0,A01
201800057467,1.0,7,0,0.0,2.0,4.0,1.0,B01
201800057468,2.0,7,0,0.0,2.0,1.0,2.0,A01
201800057468,2.0,7,0,0.0,2.0,4.0,2.0,B01
201800057468,2.0,7,0,0.0,2.0,4.0,2.0,C01
201800057469,1.0,10,0,0.0,1.0,8.0,15.0,A01
201800057470,1.0,2,0,0.0,2.0,1.0,1.0,B01
201800057470,1.0,7,0,0.0,2.0,3.0,15.0,A01
201800057471,1.0,30,0,0.0,0.0,0.0,0.0,A01
201800057472,1.0,7,0,0.0,1.0,3.0,0.0,A01
201800057473,1.0,7,0,0.0,2.0,1.0,12.0,A01
201800057473,1.0,1,0,0.0,2.0,4.0,1.0,B01
201800057474,1.0,10,0,0.0,2.0,2.0,15.0,A01
201800057474,1.0,30,0,0.0,2.0,1.0,1.0,B01
201800057475,1.0,10,0,0.0,2.0,1.0,15.0,A01
201800057475,1.0,33,0,0.0,2.0,1.0,1.0,B01
201800057476,2.0,7,0,6.0,0.0,1.0,15.0,A01
201800057477,1.0,7,0,0.0,2.0,9.0,21.0,A01
201800057477,1.0,7,0,0.0,2.0,4.0,21.0,B01
201800057477,1.0,13,0,0.0,2.0,2.0,21.0,C01
201800057478,1.0,7,0,0.0,6.0,6.0,5.0,A01
201800057478,2.0,33,0,0.0,2.0,7.0,5.0,B01
201800057479,2.0,33,0,0.0,0.0,7.0,0.0,A01
201800057480,2.0,7,0,1.0,2.0,9.0,2.0,A01
201800057480,2.0,7,0,1.0,0.0,4.0,0.0,B01
201800057480,2.0,7,0,1.0,0.0,1.0,0.0,C01
201800057481,1.0,7,0,,,,,A01
201800057481,1.0,7,0,14.0,0.0,4.0,23.0,B01
201800057482,1.0,31,0,0.0,2.0,1.0,15.0,A01
201800057482,1.0,7,0,0.0,2.0,2.0,1.0,B01
201800057483,2.0,7,0,0.0,1.0,3.0,1.0,A01
201800057484,2.0,7,0,0.0,2.0,3.0,15.0,A01
201800057484,1.0,7,0,0.0,2.0,3.0,1.0,B01
201800057485,2.0,7,0,0.0,1.0,1.0,0.0,A01
201800057486,1.0,7,0,1.0,0.0,1.0,1.0,A01
201800057486,1.0,7,0,0.0,2.0,2.0,24.0,B01
201800057487,1.0,7,0,0.0,1.0,6.0,19.0,A01
201800057488,1.0,15,0,0.0,2.0,1.0,2.0,A01
201800057488,1.0,7,0,0.0,2.0,4.0,2.0,B01
201800057488,1.0,7,0,0.0,2.0,4.0,1.0,C01
201800057489,0.0,7,0,0.0,1.0,1.0,15.0,A01
201800057490,2.0,7,0,6.0,0.0,2.0,17.0,A01
201800057491,1.0,30,0,0.0,0.0,0.0,0.0,A01
201800057492,1.0,7,0,0.0,2.0,2.0,16.0,A01
201800057492,2.0,1,0,0.0,2.0,1.0,13.0,B01
201800057493,2.0,32,0,0.0,0.0,3.0,0.0,A01
201800057494,1.0,31,0,12.0,0.0,2.0,16.0,A01
201800057495,0.0,7,0,0.0,2.0,1.0,19.0,A01
201800057495,0.0,1,0,0.0,2.0,1.0,11.0,B01
201800057496,1.0,7,0,0.0,2.0,3.0,0.0,A01