Num_Acc,senc,catv,occutc,obs,obsm,choc,manv,num_veh
201800057496,2.0,2,0,0.0,2.0,7.0,15.0,B01
201800057497,1.0,20,0,0.0,2.0,1.0,0.0,A01
201800057497,1.0,7,0,0.0,2.0,1.0,1.0,B01
201800057497,1.0,7,0,0.0,2.0,4.0,24.0,C01
201800057498,1.0,7,0,0.0,2.0,2.0,1.0,A01
201800057498,1.0,31,0,0.0,2.0,1.0,1.0,B01
201800057499,1.0,7,0,0.0,2.0,0.0,0.0,A01
201800057499,1.0,7,0,0.0,2.0,4.0,2.0,B01
201800057499,1.0,7,0,14.0,2.0,1.0,2.0,C01
201800057499,1.0,7,0,0.0,2.0,0.0,0.0,D01
201800057500,1.0,7,0,0.0,2.0,4.0,2.0,A01
201800057500,1.0,7,0,0.0,2.0,4.0,2.0,B01
201800057500,1.0,7,0,0.0,2.0,4.0,2.0,C01
201800057500,1.0,7,0,0.0,2.0,4.0,2.0,D01
201800057501,1.0,7,0,0.0,2.0,2.0,19.0,A01
201800057501,1.0,7,0,0.0,2.0,1.0,1.0,B01
201800057502,1.0,7,0,0.0,2.0,6.0,2.0,A01
201800057502,2.0,7,0,0.0,2.0,1.0,2.0,B01
201800057503,2.0,33,0,0.0,2.0,1.0,1.0,A01
201800057503,2.0,7,0,0.0,2.0,6.0,1.0,B01
201800057504,1.0,10,0,15.0,0.0,1.0,0.0,A01
201800057505,1.0,10,0,0.0,2.0,4.0,23.0,B01
201800057505,1.0,7,0,0.0,2.0,1.0,23.0,C01
201800057505,1.0,7,0,0.0,2.0,1.0,23.0,D01
201800057506,1.0,7,0,15.0,0.0,9.0,14.0,A01
201800057507,2.0,7,0,0.0,2.0,4.0,23.0,A01
201800057507,0.0,7,0,0.0,2.0,4.0,1.0,B01
201800057508,1.0,1,0,0.0,6.0,1.0,2.0,B01
201800057508,1.0,30,0,0.0,1.0,1.0,1.0,A01
201800057509,2.0,33,0,0.0,2.0,0.0,13.0,A01
201800057509,2.0,7,0,0.0,2.0,6.0,15.0,B01
201800057510,1.0,7,0,0.0,1.0,1.0,0.0,A01
201800057511,1.0,7,0,0.0,2.0,8.0,15.0,A01
201800057511,1.0,31,0,0.0,2.0,1.0,1.0,B01
201800057512,2.0,33,0,0.0,2.0,2.0,17.0,A01
201800057512,2.0,7,0,0.0,2.0,3.0,15.0,B01
201800057513,1.0,7,0,0.0,2.0,3.0,1.0,A01
201800057513,2.0,2,0,0.0,2.0,1.0,13.0,B01
201800057514,1.0,7,0,0.0,2.0,1.0,1.0,D01
201800057514,1.0,7,0,4.0,2.0,8.0,1.0,B01
201800057514,1.0,7,0,0.0,2.0,3.0,13.0,A01
201800057514,2.0,32,0,0.0,2.0,1.0,1.0,C01
201800057515,1.0,7,0,0.0,2.0,1.0,17.0,A01
201800057515,1.0,7,0,0.0,2.0,4.0,1.0,B01
201800057515,2.0,7,0,0.0,2.0,4.0,1.0,C01
201800057516,2.0,7,0,0.0,0.0,0.0,0.0,A01
201800057516,2.0,35,0,0.0,2.0,6.0,1.0,B01
201800057517,2.0,7,0,0.0,2.0,3.0,9.0,A01
201800057517,1.0,7,0,0.0,2.0,2.0,9.0,B01
201800057518,2.0,33,0,0.0,2.0,1.0,0.0,A01
201800057518,2.0,10,0,0.0,2.0,0.0,0.0,B01
201800057519,1.0,7,0,0.0,2.0,1.0,2.0,A01
201800057519,1.0,7,0,0.0,2.0,4.0,2.0,B01
201800057520,1.0,7,0,0.0,1.0,2.0,16.0,A01
201800057521,0.0,7,0,0.0,6.0,3.0,15.0,A01
201800057521,1.0,1,0,9.0,2.0,1.0,2.0,B01
201800057522,2.0,7,0,0.0,2.0,1.0,2.0,A01
201800057522,2.0,7,0,0.0,2.0,4.0,16.0,B01
201800057523,2.0,1,0,0.0,0.0,6.0,13.0,A01
201800057523,2.0,7,0,0.0,6.0,2.0,9.0,B01
201800057524,1.0,7,0,2.0,0.0,9.0,17.0,A01
201800057525,1.0,30,0,0.0,2.0,1.0,2.0,A01
201800057525,1.0,7,0,0.0,0.0,4.0,1.0,B01
201800057525,2.0,7,0,0.0,2.0,1.0,5.0,C01
201800057526,0.0,30,0,0.0,0.0,8.0,15.0,A01
201800057527,1.0,7,0,0.0,2.0,2.0,1.0,B01
201800057527,1.0,7,0,0.0,2.0,1.0,16.0,A01
201800057528,1.0,7,0,0.0,2.0,1.0,9.0,A01
201800057528,1.0,7,0,0.0,2.0,1.0,1.0,B01
201800057529,1.0,7,0,0.0,0.0,3.0,2.0,A01
201800057529,1.0,7,0,0.0,2.0,3.0,15.0,B01
201800057530,1.0,7,0,13.0,0.0,9.0,0.0,A01
201800057531,1.0,30,0,0.0,2.0,0.0,0.0,A01
201800057531,2.0,7,0,0.0,2.0,0.0,15.0,B01
201800057532,2.0,31,0,0.0,2.0,1.0,1.0,A01
201800057532,2.0,7,0,0.0,0.0,6.0,1.0,B01
201800057533,0.0,33,0,0.0,1.0,1.0,0.0,Z01
201800057534,2.0,10,0,4.0,0.0,3.0,13.0,A01
201800057535,2.0,7,0,3.0,1.0,2.0,0.0,A01
201800057536,1.0,7,0,0.0,2.0,1.0,17.0,A01
201800057536,2.0,21,0,0.0,2.0,3.0,15.0,B01
201800057537,1.0,7,0,0.0,1.0,3.0,2.0,A01
201800057538,1.0,33,0,14.0,0.0,0.0,19.0,A01
201800057539,1.0,7,0,0.0,1.0,1.0,0.0,A01
201800057540,2.0,38,27,1.0,0.0,7.0,0.0,A01
201800057540,0.0,13,0,1.0,0.0,6.0,24.0,B01
201800057540,0.0,7,0,1.0,0.0,4.0,24.0,C01
201800057540,0.0,13,0,1.0,2.0,0.0,0.0,D01
201800057541,1.0,7,0,4.0,0.0,1.0,14.0,A01
201800057542,1.0,31,0,6.0,0.0,1.0,1.0,A01
201800057543,2.0,7,0,0.0,2.0,8.0,11.0,A01
201800057543,2.0,33,0,0.0,2.0,7.0,0.0,B01
201800057544,1.0,7,0,0.0,2.0,2.0,21.0,A01
201800057544,1.0,1,0,0.0,2.0,1.0,0.0,B01
201800057545,1.0,7,0,9.0,2.0,9.0,1.0,A01
201800057546,1.0,33,0,14.0,0.0,1.0,17.0,A01
201800057547,1.0,7,0,0.0,2.0,1.0,17.0,A01
201800057547,1.0,1,0,0.0,2.0,4.0,1.0,B01
201800057548,0.0,10,0,0.0,1.0,3.0,9.0,A01
201800057549,1.0,30,0,0.0,0.0,0.0,0.0,A01
201800057550,2.0,7,0,0.0,1.0,8.0,1.0,A01
201800057551,1.0,7,0,0.0,2.0,2.0,17.0,A01
201800057551,1.0,31,0,0.0,2.0,2.0,1.0,B01
201800057552,0.0,2,0,8.0,0.0,1.0,0.0,A01
201800057553,1.0,7,0,0.0,6.0,7.0,15.0,A01
201800057553,2.0,1,0,0.0,2.0,1.0,1.0,B01
201800057554,1.0,10,0,0.0,1.0,3.0,1.0,A01
201800057555,0.0,30,0,0.0,2.0,1.0,1.0,A01
201800057555,0.0,7,0,0.0,2.0,7.0,0.0,B01
201800057556,2.0,30,0,0.0,2.0,3.0,13.0,A01
201800057556,1.0,10,0,0.0,2.0,6.0,1.0,B01
201800057557,1.0,7,0,0.0,2.0,1.0,15.0,B01
201800057557,1.0,37,1,0.0,2.0,1.0,1.0,A01
201800057558,2.0,30,0,0.0,2.0,1.0,1.0,A01
201800057558,1.0,7,0,0.0,2.0,7.0,15.0,B01
201800057559,2.0,7,0,0.0,2.0,1.0,19.0,A01
201800057559,1.0,7,0,0.0,6.0,3.0,1.0,B01
201800057560,1.0,7,0,0.0,1.0,1.0,1.0,A01
201800057561,2.0,1,0,0.0,2.0,1.0,0.0,A01
201800057561,2.0,7,0,0.0,2.0,4.0,16.0,B01
201800057562,2.0,10,0,0.0,2.0,1.0,15.0,B01
201800057562,2.0,31,0,0.0,2.0,1.0,5.0,A01
201800057563,1.0,99,0,0.0,1.0,0.0,0.0,A01
201800057564,2.0,35,0,14.0,1.0,7.0,17.0,A01
201800057565,2.0,7,0,0.0,1.0,1.0,1.0,A01
201800057566,2.0,34,0,0.0,1.0,8.0,19.0,A01
201800057567,2.0,7,0,0.0,2.0,1.0,5.0,A01
201800057567,2.0,31,0,0.0,2.0,1.0,13.0,B01
201800057568,1.0,99,0,0.0,2.0,0.0,0.0,R01
201800057568,1.0,31,0,0.0,2.0,2.0,5.0,A01
201800057568,2.0,31,0,0.0,2.0,1.0,0.0,B01
201800057569,2.0,31,0,0.0,1.0,1.0,0.0,A01
201800057570,2.0,33,0,1.0,2.0,7.0,2.0,A01
201800057571,2.0,7,0,14.0,1.0,2.0,21.0,A01
201800057572,1.0,31,0,14.0,0.0,1.0,0.0,A01
201800057573,1.0,7,0,1.0,2.0,4.0,2.0,A01
201800057573,1.0,7,0,1.0,2.0,4.0,2.0,C01
201800057573,1.0,7,0,1.0,2.0,4.0,2.0,M01
201800057574,2.0,7,0,0.0,1.0,1.0,21.0,A01
201800057575,1.0,7,0,0.0,2.0,4.0,2.0,B01
201800057575,1.0,34,0,0.0,2.0,1.0,2.0,A01
201800057576,2.0,30,0,14.0,2.0,4.0,2.0,A01
201800057576,1.0,7,0,0.0,2.0,3.0,2.0,B01
201800057577,1.0,10,0,0.0,2.0,5.0,21.0,A01
201800057577,1.0,30,0,0.0,2.0,8.0,2.0,M01
201800057578,1.0,31,0,0.0,2.0,1.0,0.0,A01
201800057578,1.0,34,0,0.0,2.0,1.0,0.0,B01
201800057579,1.0,7,0,0.0,1.0,7.0,0.0,A01
201800057580,1.0,7,0,0.0,2.0,1.0,5.0,A01
201800057580,2.0,7,0,0.0,2.0,0.0,0.0,B01
201800057581,1.0,7,0,0.0,2.0,1.0,5.0,A01
201800057581,1.0,30,0,0.0,2.0,0.0,0.0,B01
201800057582,1.0,7,0,4.0,2.0,7.0,2.0,A01
201800057582,1.0,1,0,5.0,2.0,3.0,9.0,B01
201800057583,2.0,7,0,0.0,1.0,1.0,0.0,A01
201800057584,1.0,2,0,0.0,1.0,6.0,2.0,A01
201800057585,1.0,32,0,0.0,2.0,8.0,0.0,A01
201800057585,1.0,7,0,0.0,2.0,8.0,0.0,B01
201800057586,2.0,30,0,0.0,2.0,1.0,1.0,A01
201800057586,1.0,33,0,0.0,2.0,1.0,1.0,B01
201800057587,1.0,7,0,0.0,9.0,7.0,17.0,A01
201800057587,1.0,1,0,0.0,2.0,8.0,0.0,B01
201800057588,1.0,7,0,0.0,0.0,0.0,0.0,A01
201800057589,2.0,7,0,14.0,2.0,4.0,2.0,C01
201800057589,2.0,7,0,14.0,2.0,4.0,2.0,B01
201800057589,2.0,30,0,14.0,2.0,4.0,2.0,A01
201800057590,1.0,7,0,14.0,1.0,0.0,21.0,A01
201800057591,2.0,2,0,14.0,2.0,6.0,8.0,B01
201800057591,2.0,7,0,14.0,2.0,3.0,10.0,A01
201800057592,1.0,7,0,0.0,2.0,4.0,0.0,A01
201800057592,2.0,30,0,0.0,2.0,6.0,4.0,B01
201800057593,2.0,7,0,15.0,6.0,2.0,9.0,A01
201800057593,1.0,1,0,15.0,2.0,3.0,9.0,B01
201800057594,1.0,2,0,0.0,0.0,0.0,0.0,A01
201800057595,2.0,33,0,0.0,1.0,1.0,0.0,A01
201800057596,2.0,7,0,0.0,1.0,1.0,0.0,A01
201800057597,2.0,30,0,0.0,1.0,3.0,17.0,A01
201800057598,1.0,7,0,0.0,1.0,3.0,21.0,A01
201800057599,2.0,30,0,0.0,1.0,7.0,18.0,A01
201800057600,2.0,7,0,0.0,6.0,4.0,2.0,A01
201800057600,2.0,30,0,0.0,2.0,1.0,2.0,B01
201800057601,2.0,7,0,0.0,6.0,8.0,2.0,A01
201800057601,2.0,32,0,0.0,6.0,1.0,2.0,B01
201800057602,1.0,7,0,0.0,2.0,3.0,5.0,A01
201800057602,2.0,30,0,0.0,0.0,0.0,0.0,B01
201800057603,1.0,7,0,0.0,1.0,7.0,0.0,A01
201800057604,1.0,30,0,14.0,1.0,7.0,19.0,A01
201800057605,1.0,7,0,14.0,1.0,0.0,21.0,A01
201800057606,1.0,30,0,0.0,2.0,1.0,5.0,A01
201800057607,2.0,30,0,0.0,1.0,1.0,0.0,A01
201800057608,2.0,32,0,0.0,1.0,0.0,0.0,A01
201800057609,1.0,32,0,0.0,2.0,0.0,0.0,A01
201800057609,0.0,7,0,0.0,0.0,0.0,0.0,B01
201800057610,2.0,30,0,0.0,1.0,8.0,19.0,A01
201800057611,2.0,1,0,0.0,1.0,1.0,0.0,A01
201800057612,1.0,7,0,0.0,1.0,1.0,0.0,A01
201800057613,2.0,30,0,0.0,1.0,8.0,19.0,A01
201800057614,1.0,7,0,14.0,1.0,3.0,1.0,A01
201800057615,1.0,7,0,14.0,2.0,4.0,23.0,A01
201800057615,1.0,30,0,14.0,2.0,4.0,0.0,B01
201800057616,1.0,7,0,0.0,1.0,1.0,19.0,A01
201800057617,1.0,30,0,0.0,1.0,8.0,0.0,A01
201800057618,1.0,7,0,15.0,0.0,1.0,0.0,A01
201800057619,1.0,34,0,0.0,0.0,0.0,0.0,A01
201800057620,1.0,7,0,0.0,2.0,3.0,15.0,A01
201800057620,2.0,30,0,0.0,2.0,1.0,1.0,B01
201800057621,1.0,7,0,0.0,1.0,0.0,0.0,A01
201800057622,1.0,32,0,1.0,2.0,1.0,0.0,A01
201800057622,1.0,32,0,1.0,0.0,1.0,1.0,B01
201800057623,1.0,2,0,0.0,2.0,1.0,17.0,A01
201800057624,1.0,7,0,0.0,1.0,1.0,19.0,A01
201800057625,1.0,32,0,0.0,1.0,1.0,1.0,A01
201800057626,1.0,7,0,0.0,2.0,8.0,15.0,A01
201800057626,1.0,33,0,0.0,2.0,1.0,1.0,B01
201800057627,2.0,7,0,0.0,2.0,7.0,0.0,A01
201800057627,1.0,32,0,0.0,2.0,8.0,0.0,B01
201800057628,2.0,30,0,0.0,2.0,3.0,1.0,B01
201800057628,1.0,7,0,0.0,2.0,2.0,15.0,A01
201800057629,2.0,30,0,0.0,1.0,0.0,0.0,A01
201800057630,2.0,30,0,0.0,2.0,7.0,0.0,A01
201800057630,2.0,1,0,0.0,2.0,0.0,0.0,B01
201800057631,1.0,32,0,0.0,2.0,0.0,0.0,A01
201800057632,1.0,30,0,0.0,6.0,0.0,0.0,A01
201800057633,1.0,10,0,0.0,2.0,0.0,0.0,A01
201800057634,1.0,13,0,0.0,2.0,8.0,15.0,B01
201800057634,1.0,30,0,0.0,2.0,7.0,17.0,A01
201800057635,1.0,10,0,0.0,1.0,1.0,19.0,A01
201800057636,1.0,13,0,0.0,1.0,2.0,1.0,A01
201800057637,2.0,30,0,0.0,1.0,8.0,19.0,C01
201800057638,2.0,7,0,0.0,6.0,4.0,1.0,A01
201800057638,2.0,2,0,1.0,2.0,1.0,2.0,B01
201800057638,2.0,2,0,1.0,2.0,1.0,2.0,C01
201800057639,2.0,7,0,1.0,0.0,8.0,15.0,A01
201800057639,2.0,2,0,0.0,2.0,1.0,1.0,B01
201800057640,0.0,7,0,0.0,1.0,1.0,1.0,A01
201800057641,0.0,30,0,0.0,1.0,7.0,0.0,A01
201800057642,1.0,30,0,0.0,1.0,1.0,1.0,A01
201800057643,1.0,30,0,0.0,0.0,1.0,1.0,A01
201800057644,2.0,2,0,0.0,2.0,1.0,2.0,A01
201800057645,2.0,7,0,0.0,1.0,3.0,1.0,A01
201800057646,2.0,7,0,0.0,1.0,0.0,1.0,A01
201800057647,2.0,2,0,0.0,2.0,8.0,9.0,B01
201800057647,2.0,7,0,0.0,2.0,8.0,9.0,A01
201800057648,1.0,30,0,5.0,2.0,1.0,0.0,A01
201800057648,2.0,2,0,5.0,2.0,1.0,9.0,B01
201800057649,1.0,2,0,0.0,2.0,3.0,1.0,B01
201800057649,2.0,7,0,0.0,2.0,3.0,1.0,A01
201800057650,2.0,7,0,15.0,1.0,7.0,9.0,A01
201800057651,1.0,2,0,1.0,2.0,1.0,2.0,B01
201800057651,1.0,7,0,1.0,2.0,8.0,13.0,A01
201800057652,1.0,30,0,0.0,1.0,7.0,19.0,A01
201800057653,1.0,7,0,14.0,2.0,1.0,9.0,B01
201800057653,2.0,2,0,14.0,2.0,7.0,9.0,A01
201800057654,1.0,34,0,0.0,1.0,1.0,1.0,A01
201800057655,1.0,30,0,5.0,6.0,0.0,17.0,A01
201800057656,2.0,7,0,0.0,2.0,0.0,0.0,B01
201800057657,1.0,30,0,0.0,1.0,4.0,1.0,A01
201800057658,2.0,33,0,0.0,6.0,1.0,2.0,B01
201800057658,2.0,7,0,0.0,6.0,4.0,2.0,A01
201800057659,2.0,7,0,0.0,2.0,3.0,2.0,A01
201800057659,2.0,2,0,0.0,2.0,1.0,2.0,B01
201800057660,1.0,7,0,0.0,6.0,3.0,15.0,A01
201800057660,1.0,34,0,0.0,2.0,8.0,1.0,B01
201800057661,1.0,30,0,0.0,0.0,1.0,1.0,A01
201800057662,1.0,30,0,0.0,1.0,1.0,1.0,A01
201800057663,2.0,33,0,0.0,0.0,9.0,1.0,A01
201800057664,2.0,7,0,0.0,2.0,3.0,11.0,A01
201800057664,1.0,2,0,0.0,2.0,7.0,2.0,B01
201800057665,2.0,7,0,0.0,2.0,7.0,2.0,A01
201800057665,2.0,2,0,0.0,2.0,8.0,2.0,B01
201800057666,1.0,30,0,5.0,6.0,7.0,9.0,A01
201800057667,2.0,7,0,0.0,2.0,8.0,10.0,A01
201800057667,1.0,2,0,0.0,2.0,1.0,1.0,B01
201800057668,1.0,7,0,0.0,1.0,6.0,1.0,A01
201800057669,1.0,7,0,14.0,1.0,1.0,21.0,A01
201800057670,2.0,7,0,0.0,2.0,8.0,2.0,A01
201800057670,2.0,2,0,0.0,2.0,7.0,2.0,B01
201800057671,2.0,99,0,0.0,1.0,1.0,1.0,A01
201800057672,1.0,34,0,0.0,1.0,7.0,1.0,A01
201800057673,1.0,30,0,0.0,0.0,1.0,1.0,A01
201800057674,1.0,7,0,0.0,2.0,8.0,9.0,A01
201800057674,1.0,2,0,0.0,2.0,5.0,2.0,B01
201800057675,1.0,33,0,0.0,1.0,8.0,0.0,A01
201800057676,0.0,1,0,0.0,1.0,1.0,0.0,A01
201800057677,1.0,30,0,0.0,2.0,0.0,0.0,A01
201800057678,1.0,32,0,0.0,0.0,7.0,14.0,A01
201800057679,1.0,10,0,0.0,1.0,0.0,0.0,A01
201800057680,2.0,7,0,0.0,6.0,1.0,5.0,A01
201800057680,1.0,33,0,0.0,6.0,1.0,5.0,B01
201800057681,2.0,30,0,0.0,2.0,0.0,0.0,A01
201800057682,1.0,33,0,0.0,2.0,0.0,0.0,A01
201800057683,2.0,30,0,0.0,2.0,1.0,1.0,A01
201800057684,1.0,7,0,0.0,2.0,1.0,5.0,A01
201800057684,2.0,7,0,0.0,2.0,1.0,1.0,C01
201800057684,2.0,7,0,0.0,2.0,1.0,1.0,B01
201800057685,1.0,2,0,0.0,0.0,0.0,1.0,A01
201800057686,2.0,7,0,0.0,2.0,1.0,10.0,A01
201800057686,2.0,2,0,0.0,2.0,1.0,3.0,B01
201800057687,1.0,7,0,0.0,2.0,4.0,1.0,A01
201800057687,2.0,2,0,0.0,2.0,4.0,2.0,B01
201800057688,2.0,7,0,0.0,0.0,1.0,1.0,A01
201800057689,2.0,34,0,0.0,2.0,4.0,2.0,A01
201800057689,2.0,31,0,0.0,2.0,4.0,2.0,B01
201800057690,2.0,7,0,0.0,2.0,1.0,2.0,A01
201800057690,2.0,2,0,0.0,2.0,4.0,2.0,B01
201800057691,1.0,30,0,0.0,1.0,1.0,0.0,A01
201800057692,1.0,2,0,0.0,2.0,1.0,2.0,B01
201800057692,1.0,7,0,0.0,2.0,5.0,2.0,A01
201800057693,1.0,33,0,0.0,2.0,8.0,10.0,A01
201800057693,2.0,7,0,0.0,2.0,8.0,2.0,B01
201800057694,2.0,2,0,0.0,0.0,0.0,1.0,A01
201800057695,1.0,2,0,3.0,0.0,8.0,1.0,A01
201800057696,1.0,33,0,0.0,1.0,0.0,0.0,A01
201800057697,1.0,30,0,0.0,1.0,0.0,0.0,A01
201800057698,1.0,38,1,0.0,2.0,4.0,0.0,A01
201800057698,1.0,30,0,0.0,2.0,1.0,0.0,B01
201800057699,1.0,7,0,0.0,1.0,7.0,0.0,A01
201800057700,2.0,7,0,14.0,2.0,4.0,0.0,A01
201800057700,2.0,2,0,5.0,2.0,1.0,9.0,B01
201800057701,1.0,99,0,0.0,1.0,1.0,3.0,A01
201800057702,1.0,30,0,5.0,1.0,3.0,21.0,A01
201800057703,2.0,7,0,0.0,2.0,1.0,0.0,B01
201800057703,1.0,2,0,0.0,2.0,1.0,3.0,A01
201800057704,2.0,34,0,0.0,1.0,0.0,0.0,A01
201800057705,1.0,33,0,0.0,1.0,0.0,0.0,A01
201800057706,1.0,7,0,14.0,1.0,3.0,9.0,A01
201800057706,2.0,7,0,14.0,2.0,3.0,9.0,B01
201800057707,1.0,30,0,0.0,2.0,0.0,0.0,A01
201800057708,1.0,2,0,0.0,2.0,1.0,2.0,B01
201800057708,1.0,7,0,0.0,2.0,4.0,0.0,A01
201800057709,1.0,30,0,0.0,2.0,0.0,0.0,A01
201800057710,2.0,7,0,15.0,1.0,0.0,20.0,A01
201800057711,2.0,34,0,0.0,2.0,1.0,0.0,A01
201800057711,2.0,30,0,0.0,2.0,1.0,0.0,B01
201800057712,2.0,7,0,0.0,1.0,2.0,1.0,A01
201800057713,2.0,7,0,0.0,2.0,7.0,1.0,A01
201800057713,2.0,31,0,0.0,2.0,1.0,18.0,B01
201800057714,2.0,30,0,0.0,2.0,4.0,0.0,B01
201800057714,2.0,7,0,0.0,2.0,4.0,0.0,A01
201800057715,1.0,30,0,2.0,6.0,1.0,10.0,A01
201800057716,1.0,33,0,0.0,1.0,7.0,0.0,A01
201800057717,2.0,7,0,14.0,2.0,3.0,20.0,A01
201800057717,2.0,2,0,14.0,2.0,2.0,17.0,B01
201800057718,1.0,32,0,0.0,6.0,0.0,0.0,A01
201800057718,1.0,1,0,0.0,2.0,0.0,0.0,B01
201800057719,1.0,7,0,0.0,2.0,4.0,1.0,A01
201800057719,2.0,30,0,0.0,2.0,1.0,2.0,B01
201800057720,1.0,7,0,0.0,2.0,6.0,2.0,A01
201800057720,1.0,2,0,0.0,6.0,1.0,2.0,B01
201800057721,2.0,30,0,0.0,0.0,2.0,1.0,A01
201800057722,1.0,30,0,0.0,1.0,1.0,1.0,A01
201800057723,2.0,30,0,0.0,2.0,0.0,0.0,A01
201800057724,1.0,7,0,0.0,1.0,0.0,0.0,A01
201800057725,0.0,10,0,0.0,1.0,0.0,1.0,A01
201800057726,1.0,7,0,14.0,1.0,3.0,19.0,A01
201800057727,1.0,10,0,0.0,1.0,0.0,0.0,A01
201800057728,2.0,30,0,0.0,2.0,0.0,0.0,A01
201800057729,1.0,7,0,0.0,2.0,0.0,0.0,B01
201800057729,1.0,30,0,0.0,2.0,0.0,0.0,A01
201800057730,2.0,30,0,0.0,0.0,0.0,15.0,A01
201800057731,1.0,7,0,0.0,2.0,1.0,0.0,B01
201800057731,2.0,7,0,0.0,2.0,1.0,1.0,A01
201800057732,2.0,7,0,0.0,2.0,6.0,17.0,A01
201800057732,1.0,30,0,0.0,2.0,2.0,16.0,B01
201800057733,2.0,7,0,0.0,2.0,8.0,1.0,A01
201800057733,2.0,7,0,0.0,2.0,3.0,1.0,B01
201800057734,2.0,32,0,0.0,2.0,1.0,1.0,A01
201800057735,2.0,7,0,0.0,1.0,8.0,1.0,A01
201800057736,2.0,30,0,0.0,1.0,0.0,19.0,A01
201800057737,2.0,32,0,0.0,2.0,2.0,9.0,A01
201800057737,2.0,2,0,0.0,2.0,1.0,9.0,B01
201800057738,2.0,34,0,0.0,1.0,2.0,1.0,A01
201800057739,2.0,7,0,0.0,2.0,4.0,2.0,B01
201800057739,2.0,30,0,0.0,2.0,1.0,2.0,A01
201800057740,2.0,32,0,0.0,2.0,8.0,5.0,A01
201800057741,2.0,30,0,0.0,0.0,0.0,1.0,A01
201800057742,1.0,7,0,0.0,1.0,1.0,14.0,A01
201800057743,2.0,7,0,0.0,2.0,8.0,0.0,A01
201800057743,2.0,2,0,0.0,2.0,2.0,5.0,B01
201800057744,2.0,34,0,0.0,2.0,0.0,0.0,A01
201800057745,1.0,33,0,0.0,1.0,1.0,1.0,A01
201800057746,2.0,7,0,0.0,2.0,7.0,4.0,A01
201800057746,2.0,7,0,0.0,2.0,1.0,1.0,B01
201800057747,2.0,7,0,0.0,1.0,1.0,0.0,A01
201800057748,2.0,30,0,0.0,2.0,1.0,2.0,B01
201800057748,2.0,7,0,0.0,2.0,4.0,2.0,A01
201800057749,2.0,7,0,0.0,2.0,4.0,2.0,A01
201800057749,2.0,2,0,0.0,2.0,1.0,2.0,B01
201800057750,2.0,7,0,0.0,0.0,1.0,1.0,A01
201800057751,2.0,30,0,0.0,0.0,1.0,0.0,A01
201800057752,1.0,30,0,0.0,0.0,1.0,1.0,A01
201800057753,1.0,33,0,0.0,0.0,1.0,1.0,A01
201800057754,2.0,31,0,0.0,1.0,8.0,19.0,A01
201800057755,2.0,7,0,0.0,2.0,8.0,15.0,B01
201800057755,2.0,30,0,0.0,2.0,1.0,1.0,A01
201800057756,2.0,32,0,0.0,2.0,1.0,17.0,A01
201800057756,1.0,7,0,0.0,2.0,3.0,15.0,B01
201800057757,1.0,34,0,0.0,0.0,1.0,1.0,A01
201800057758,1.0,30,0,0.0,2.0,1.0,1.0,B01
201800057758,2.0,7,0,0.0,2.0,3.0,15.0,A01
201800057759,1.0,32,0,0.0,0.0,1.0,1.0,A01
201800057760,2.0,32,0,0.0,2.0,2.0,0.0,A01
201800057761,1.0,34,0,0.0,0.0,1.0,1.0,A01
201800057762,2.0,30,0,0.0,0.0,1.0,1.0,A01
201800057763,2.0,30,0,0.0,2.0,1.0,1.0,A01
201800057764,1.0,30,0,0.0,2.0,8.0,1.0,B01
201800057764,1.0,13,0,0.0,2.0,5.0,18.0,A01
201800057765,2.0,33,0,0.0,2.0,1.0,0.0,A01
201800057765,1.0,38,17,0.0,2.0,3.0,0.0,B01
201800057766,1.0,30,0,0.0,0.0,1.0,1.0,A01
201800057767,2.0,30,0,0.0,0.0,1.0,1.0,A01
201800057768,2.0,34,0,0.0,0.0,1.0,1.0,A01
201800057769,1.0,32,0,11.0,0.0,1.0,0.0,A01
201800057770,1.0,7,0,14.0,1.0,4.0,0.0,A01
201800057771,1.0,7,0,0.0,2.0,1.0,0.0,A01
201800057771,2.0,7,0,0.0,2.0,1.0,0.0,B01
201800057772,1.0,7,0,0.0,1.0,1.0,1.0,A01
201800057773,2.0,7,0,0.0,1.0,4.0,4.0,A01
201800057774,1.0,32,0,11.0,0.0,1.0,1.0,A01
201800057775,1.0,7,0,0.0,1.0,0.0,0.0,A01
201800057776,1.0,30,0,0.0,2.0,0.0,0.0,C01
201800057776,1.0,7,0,0.0,2.0,0.0,0.0,A01
201800057776,1.0,30,0,0.0,2.0,0.0,0.0,B01
201800057777,2.0,1,0,0.0,1.0,1.0,15.0,A01
201800057778,1.0,7,0,0.0,2.0,3.0,9.0,B01
201800057778,2.0,7,0,0.0,2.0,3.0,1.0,A01
201800057779,1.0,30,0,0.0,1.0,7.0,19.0,A01
201800057780,1.0,30,0,0.0,2.0,4.0,23.0,A01
201800057780,1.0,7,0,0.0,2.0,1.0,2.0,B01
201800057781,1.0,7,0,0.0,1.0,7.0,19.0,A01
201800057782,1.0,7,0,0.0,2.0,1.0,0.0,A01
201800057782,2.0,31,0,0.0,2.0,1.0,0.0,B01
201800057783,2.0,10,0,0.0,2.0,1.0,0.0,B01
201800057783,1.0,10,0,0.0,2.0,0.0,0.0,A01